id	book	rule	current_es	reread_1_8
5570	01	R2	existe; es.	
5691	01	R2	Véanse [[dadāti]], [[deti]].	
11000	02	R2	experimentó.	
13948	02	R2	que tiene poca fuerza (dicho de una persona).	
14628	02	R2	ha abandonado.	
17478	03	R2	conoceríais penetrando, habiendo llegado / habiendo obtenido. véase *abhisambhavati* (e).	
26773	03	R2	lágrima; el *āpodhātu* que fluye y cae de los ojos.	still valid (§91): PCED Meaning, unchanged
35038	4b	R2	hizo cruzar; sacó. Véase [[udatāri]].	
35047	4b	R2	surgió; se manifestó. Véase [[udapādi]].	
35071	4b	R2	ha sacado; ha hecho permanecer.	
35072	4b	R2	(a) ha sacado y eliminado. (b) ha arrastrado.	
35241	4b	R2	hace salir; ha proferido, exclamado y pronunciado. Véase [[udāneti]].	
35298	4b	R2	ha aducido; ha pronunciado; ha hablado. Véase [[udāharati]].	
35308	4b	R2	ha mirado. Véase [[udikkhati]] (1-a).	
35309	4b	R2	aguardará / se contendrá. Véase [[udikkhati]] (2).	
35486	4b	R2	hace recitar / recitar para enseñar / enseñar / aprender. Véase [[uddisāpeti]].	
35487	4b	R2	harían dedicar / harían compartir los méritos. Véase [[uddisāpeti]].	
35488	4b	R2	harán recitar / recitar para enseñar / enseñar, aprender. Véase [[uddisāpeti]].	
35489	4b	R2	(a) recita / recita para enseñar / expone. (b) instruye / señala / indica.	
35508	4b	R2	recitará / recitará para enseñar. Véase [[uddisati]].	
35512	4b	R2	recitarían / recitarían para enseñar / expondrían; ¡que reciten! Véase [[uddisati]].	
35513	4b	R2	recitarán / recitarán para enseñar. Véase [[uddisati]].	
35816	4b	R2	saca. Véase [[uddharati]] (a).	
35955	4b	R2	hace elevarse; hace subir; hace poner derecho. Véase [[unnameti]].	
36007	4b	R2	llegó a ser algo que se ha de usar y disfrutar. Véase [[upakappati]] (a).	
36025	4b	R2	¿en tiempos sucesivamente posteriores / disponen / proveen (ustedes)?; ¿ofrecen (ustedes)? Véase [[upakappeti]] (a).	
36026	4b	R2	acercándome, haré arreglar y disponer; acercándome, haré completar. Véase [[upakappeti]] (b).	
36144	4b	R2	hace esfuerzo. Véase [[upakkamati]].	
36156	4b	R2	harían esfuerzo. Véase [[upakkamati]].	
36216	4b	R2	claman. Véase [[upakkosati]] (c).	
36241	4b	R2	¿se acercan y llegan cerca? Véase [[upagacchati]].	
36249	4b	R2	llega cerca. Véase [[upagacchati]].	
36252	4b	R2	se acercó y llegó cerca. Véase [[upagacchati]].	
36261	4b	R2	se acercó / llegó cerca / supuso / se aferró. Véase [[upagacchati]].	
36488	4b	R2	cubre por completo. Véase [[upacchādeti]].	
36497	4b	R2	se cortaría. Véase [[upacchijjati]].	
36597	4b	R2	estuve cerca; me acerqué. Véase [[upaṭṭhahati]] (a).	
36599	4b	R2	atendió y sirvió. Véase [[upaṭṭhahati]] (b).	
36605	4b	R2	atenderán y servirán (ustedes). Véase [[upaṭṭhahati]] (b).	
36692	4b	R2	hagan surgir; hagan permanecer; establezcan (ustedes). Véase [[upaṭṭha(ṭṭhā)peti]] (a).	
36706	4b	R2	(a) se manifestó. Véase [[upaṭṭhāti]] (a). (b) atendió y sirvió; frecuentó y sirvió con respeto. Véase [[upaṭṭhāti]] (b).	
36853	4b	R2	atendió y sirvió; véase *upatiṭṭhati* (c).	
36945	4b	R2	hacen (ustedes) surgir. Véase [[upadahati]] (2).	
36952	4b	R2	harán (ustedes) surgir. Véase [[upadahati]] (2).	
37033	4b	R2	(a) ¿mantenéis? Véase [[upadhāreti]] (a). (b) ¿investigáis y reflexionáis?; ¿indagáis?; ¿estudiáis? Véase [[upadhāreti]] (b).	
37039	4b	R2	dignaos investigar / observar / proteger, por favor. Véase [[upadhāreti]] (b).	
37044	4b	R2	(a) escucha / retén en la memoria, por favor. Véase [[upadhāreti]] (a). (b) indaga / estudia, por favor. Véase [[upadhāreti]] (b).	
37119	4b	R2	guardó rencor.	
37136	4b	R2	ofrece; da. Véase [[upanayati]] (b).	
37183	4b	R2	sal, por favor. Véase [[upanikkhamati]].	
37245	4b	R2	acercándote / apoyándote, dormirás / te tenderás cerca. Véase [[upanipajjati]].	
37278	4b	R2	juntando / llevando, ata. Véase [[upanibandhati]].	
37292	4b	R2	volvió. Véase [[upanivatthati]] (2).	
37421	4b	R2	lleva / lleva cerca / transporta. Véase [[upaneti]].	
37430	4b	R2	surgió. Véase [[upapajjati]].	
37431	4b	R2	llegó / llegó cerca / se dirigió; surgió. Véase [[upapajjati]].	
37442	4b	R2	llega cerca; se dirige; surge; tomó *paṭisandhi*. Véase [[upapajjati]].	
37453	4b	R2	llegaría; iría; surgiría; tomaría *paṭisandhi*. Véase [[upapajjati]].	
37456	4b	R2	llegaríais; iríais; surgiríais; tomaríais *paṭisandhi*; véase *upapajjati*.	
37535	4b	R2	fui; me acerqué; véase *upaplavati*.	
37679	4b	R2	llega; se acerca. Véase [[upayāti]].	
37680	4b	R2	se acercó / llegó. Véase [[upayāti]].	
37922	4b	R2	(a) rodeó y bloqueó. Véase [[uparundhati]] (a). (b) cortó. Véase [[uparundhati]] (e).	
37923	4b	R2	obstruyó e impidió; contuvo. Véase [[uparundhati]] (d).	
37997	4b	R2	tomó nota. Véase [[upalakkheti]].	
38024	4b	R2	obtienen. Conocen. Véase [[upalabhati]].	
38025	4b	R2	obtuvo; conoció. Véase [[upalabhati]].	
38039	4b	R2	engatusan / seducen / tientan; véase *upalāpeti*.	
38043	4b	R2	engatusarían / seducirían. Véase [[upalāpeti]].	
38046	4b	R2	engatusarán / seducirán. Véase [[upalāpeti]].	
38059	4b	R2	unta / embadurna. Véase [[upalippati]].	
38073	4b	R2	se trasladó al otro lado. Véase [[upallavati]].	
38087	4b	R2	censuró / reprobó / acusó. Véase [[upavadati]] (1).	
38094	4b	R2	insultará / censurará / acusará. Véase [[upavadati]] (1).	
38104	4b	R2	¿practican / guardan / observan? / ¿de veras lo hacen? / ¿lo hacen, pues? Véase [[upavasati]] (1).	
38110	4b	R2	practican / guardan / observan. Véase [[upavasati]] (1).	
38111	4b	R2	practica / guarda / observa. Véase [[upavasati]] (1).	
38112	4b	R2	practicó / guardó / observó. (Donde aparece con vocal larga, *upāvāsiṁ*, la vocal es larga por razón métrica). Véase [[upavasati]] (1).	
38118	4b	R2	ha practicado / guardado / observado alguna vez. Véase [[upavasati]] (1).	
38186	4b	R2	invitaría / invitaría respetuosamente / convendría invitar. Véase [[upavhayati]].	
38204	4b	R2	llevan hacia lo cercano / acercándose / de frente; véase *upasaṁharati*.	
38209	4b	R2	llevan hacia lo cercano / acercándose / de frente. Véase [[upasaṁharati]].	
38210	4b	R2	lleva hacia lo cercano / acercándose / de frente. Véase [[upasaṁharati]].	
38217	4b	R2	llevarán hacia lo cercano / acercándose / de frente. Véase [[upasaṁharati]].	
38223	4b	R2	llevó hacia lo cercano / acercándose. Véase [[upasaṁharati]].	
38256	4b	R2	se acercó / llegó cerca / fue / vino / llegó. Véase [[upasaṅkamati]].	
38277	4b	R2	se acercarían / irían / vendrían. Véase [[upasaṅkamati]].	
38436	4b	R2	confieren la ordenación plena. Véase [[upasampādeti]].	
38441	4b	R2	conferirán la ordenación plena. Véase [[upasampādeti]].	
38461	4b	R2	olfatea. Véase [[upasiṅghati]].	
38573	4b	R2	llevarán. Véase [[upaharati]] (a).	
38584	4b	R2	llegó junto a / se acercó / vino / entró. Véase [[upāgacchati]].	
38589	4b	R2	llegó junto a / se acercó / vino / entró. Véase [[upāgacchati]].	
38791	4b	R2	tomó; se aferró. Véase [[upādiyati]] (a).	
38793	4b	R2	tomará; se aferrará. Véase [[upādiyati]] (a).	
38794	4b	R2	tomará; se aferrará. Véase [[upādiyati]] (a).	still valid (§91): PCED Meaning, unchanged
38795	4b	R2	¿podrían aferrarse? Véase [[upādiyati]] (a).	still valid (§91): PCED Meaning, unchanged
38796	4b	R2	tomaría / se aferraría / tomaría con firmeza / tomaría intensamente; véase *upādiyati* (a).	still valid (§91): PCED Meaning, unchanged
38906	4b	R2	se sentó. Véase [[upāvisati]] (a).	
38909	4b	R2	se sentó. Véase [[upāvisati]] (a).	
39118	4b	R2	llega / llega cerca / acércate / arriba / arrímate / aproxímate / frecuenta. Véase [[upeti]] (1).	
39911	4b	R2	produce. Véase [[uppādeti]].	
39913	4b	R2	producirían. Véase [[uppādeti]].	
39914	4b	R2	produciría. Véase [[uppādeti]].	
39922	4b	R2	producirán. Véase [[uppādeti]].	
39923	4b	R2	producirá. Véase [[uppādeti]].	
39975	4b	R2	¿se acercan?; ¿se deslizan dentro?	
40014	4b	R2	atan / sujetan arriba (al cuello); se ahorcan. Véase [[ubbandhati]].	
40770	4b	R2	miraríais alzando / levantando la vista. Véase [[ulloketi]].	
40869	4b	R2	siente celos y rencor; siente envidia. Véase [[usūyati]].	
40948	4b	R2	ha hecho erguir; ha plantado erguido. Ha levantado.	
40974	4b	R2	es capaz; se esfuerza con empeño y tenacidad. Véase [[ussahati]].	
40976	4b	R2	ha sido capaz; se ha esforzado con empeño y tenacidad. Véase [[ussahati]].	
40980	4b	R2	será capaz / seré capaz; se esforzará / me esforzaré con empeño y tenacidad; se esforzará / me esforzaré con empeño y tenacidad. Véase [[ussahati]].	
41019	4b	R2	hace erguir / planta / hace plantar / pone derecho / erige. Véase [[ussāpeti]].	
41020	4b	R2	haría erguir / plantaría / haría plantar / pondría derecho / erigiría. Véase [[ussāpeti]].	
41021	4b	R2	ha hecho erguir / ha plantado / ha hecho plantar / ha puesto derecho / ha erigido. Véase [[ussapeti]].	
41153	4b	R2	ha hecho esforzarse / ha hecho surgir / ha hecho crecer. Véase [[ussukkāpeti]].	
43505	05	R2	es cortado.	
44133	05	R2	hará temblar. Véase [[kampeti]].	
45546	05	R2	la aldea llamada *kalla*.	
45590	05	R2	aran el campo. Véase [[kasati]] (1).	
45616	05	R2	ararán el campo. Véase [[kasati]].	
46341	05	R2	desea. Véase [[kāmayati]].	
46342	05	R2	desea. Véase [[kāmayati]].	
46722	05	R2	desea. Véase [[kāmeti]].	
47679	05	R2	hace hacer. Véase [[kāreti]].	
47686	05	R2	hará hacer. Véase [[kāreti]].	
47711	05	R2	hace hacer.	
47785	05	R2	hacen hacer. Véase [[kāreti]].	
47786	05	R2	hacen hacer. Véase [[kāreti]].	
47787	05	R2	hace hacer. Véase [[kāreti]].	
47791	05	R2	harían hacer. Véase [[kāreti]].	
47792	05	R2	harían hacer. Véase [[kāreti]].	
47793	05	R2	haría hacer. Véase [[kāreti]].	
47801	05	R2	hará hacer. Véase [[kāreti]].	
48161	05	R2	harán. Véase [[karoti]].	
48771	05	R2	declara. Véase [[kitteti]].	
48772	05	R2	declaró. Véase [[kitteti]].	
48777	05	R2	declarará. Véase [[kitteti]].	
48833	05	R2	declaran; alaban. Véase [[kitteti]].	
49139	05	R2	se cansan. Véase [[kilamati]].	
49157	05	R2	se cansan. Véase [[kilamati]].	
49158	05	R2	se cansa. Véase [[kilamati]].	
49173	05	R2	se cansarán. Véase [[kilamati]].	
49175	05	R2	se cansará. Véase [[kilamati]].	
49176	05	R2	se cansarán. Véase [[kilamati]].	
49177	05	R2	se cansará. Véase [[kilamati]].	
49183	05	R2	se cansarían. Véase [[kilamati]].	
49188	05	R2	fatigarán. Véase [[kilameti]].	
49998	06	R2	(1) juegan. (2) ¡jueguen! Véase [[kīl̤ati]].	
50065	06	R2	hará jugar. Véase [[kīl̤eti]].	
50070	06	R2	jugarán. Véase [[kīl̤ati]].	
50072	06	R2	juega. Véase [[kīl̤ati]].	
50101	06	R2	jugarán. Véase [[kīl̤ati]].	
50103	06	R2	jugará. Véase [[kīl̤ati]].	
50104	06	R2	jugarán; véase *kīl̤ati*.	
50105	06	R2	jugará. Véase [[kīl̤ati]].	
50110	06	R2	jugará. Véase [[kīl̤ati]].	
50111	06	R2	jugarían. Véase [[kīl̤ati]].	
50356	06	R2	se enfurecen; se enoja. Véase [[kujjhati]].	
50357	06	R2	se enfureció; se enojó. Véase [[kujjhati]].	
50819	06	R2	se encolerizará; se enojará. Véase [[kuppati]] (1).	
50823	06	R2	se encolerizará; se enojará. Véase [[kuppati]] (1).	
50836	06	R2	haría. Véase [[kubbati]].	
52259	06	R2	desean / estiman / se apegan. Véase [[kelāyati]].	
52267	06	R2	desearían / estimarían / se apegarían. Véase [[kelāyati]].	
52844	06	R2	hará perecer; destruirá. Véase [[kopeti]].	
52846	06	R2	harían perecer; destruirían. Véase [[kopeti]].	
53192	06	R2	haría; debería hacer.	
53260	06	R2	es mordido / comido. Véase [[khajjati]] (2).	
53306	06	R2	van cojeando. Véase [[khañjati]].	
53392	06	R2	haría cavar. Véase [[khaṇāpeti]].	
53395	06	R2	harán cavar. Véase [[khaṇāpeti]].	
53396	06	R2	hará cavar. Véase [[khaṇāpeti]].	
53397	06	R2	cava. Véase [[khaṇati]].	
53437	06	R2	cavarán. Véase [[khaṇati]].	
53439	06	R2	cavarán. Véase [[khaṇati]].	
53979	06	R2	ten paciencia. Véase [[khamati]] (2).	
54002	06	R2	hace que (otro) tenga paciencia. Véase [[khamāpeti]].	
54003	06	R2	desea hacer que (otro) tenga paciencia. Véase [[khamāpeti]].	
54005	06	R2	harían que (otro) tuviera paciencia. Véase [[khamāpeti]].	
54012	06	R2	hará que (otro) tenga paciencia. Véase [[khamāpeti]].	
54013	06	R2	hará que (otro) tenga paciencia. Véase [[khamāpeti]].	
54014	06	R2	hará que (otro) tenga paciencia. Véase [[khamāpeti]].	
54015	06	R2	haz que (otro) tenga paciencia. Véase [[khamāpeti]].	
54016	06	R2	tienen paciencia. Véase [[khamati]] (2).	
54017	06	R2	tiene paciencia. Véase [[khamati]] (2).	
54018	06	R2	ten paciencia. Véase [[khamati]] (2).	
54025	06	R2	tendrá paciencia. Véase [[khamati]] (2).	
54026	06	R2	tendrían paciencia. Véase [[khamati]] (2).	
54030	06	R2	ten paciencia. Véase [[khamati]] (2).	
54037	06	R2	abandonó y apartó. Véase [[khambhati]].	
54314	06	R2	harán masticar / comer. Véase [[khādāpeti]].	
54315	06	R2	hará masticar / comer. Véase [[khādāpeti]].	
54317	06	R2	mastican / comen. Véase [[khādati]].	
54318	06	R2	mastica / come. Véase [[khādati]].	
54356	06	R2	es cortado. Véase [[khādiyate]].	
54358	06	R2	masticará / comerá. Véase [[khādati]].	
54360	06	R2	masticarán / comerán. Véase [[khādati]].	
54362	06	R2	masticará / comerá. Véase [[khādati]].	
54363	06	R2	masticarán / comerán. Véase [[khādati]].	
54364	06	R2	masticará / comerá. Véase [[khādati]].	
54368	06	R2	masticarían / comerían. Véase [[khādati]].	
54369	06	R2	masticarían / comerían. Véase [[khādati]].	
54370	06	R2	masticaría / comería. Véase [[khādati]].	
54527	06	R2	hará estornudar. Véase [[khipāpesi]].	
54529	06	R2	lanzan. Véase [[khipati]].	
54547	06	R2	lanzarán. Véase [[khipati]].	
54548	06	R2	(1) lanzará. (a) hará. Véase [[khipati]] (2). (2) desechará. Véase [[khipati]].	
54554	06	R2	lanzará. Véase [[khipati]].	
54556	06	R2	lanzaría. Véase [[khipati]].	
54596	06	R2	censurarán (a espaldas). Véase [[khiyati]].	
54710	06	R2	se acabó; se agotó. Véase [[khīyati]].	
54734	06	R2	se acabarían; se agotarían. Véase [[khīyati]].	
54854	06	R2	insultan. Véase [[khuṁseti]].	
54856	06	R2	insultarán. Véase [[khuṁseti]].	
54857	06	R2	insultará. Véase [[khuṁseti]].	
55298	06	R2	agotó. Véase [[khepeti]].	
55393	06	R2	hará temblar y agitarse. Véase [[khobheti]].	
55394	06	R2	hará temblar. Véase [[khobheti]].	
55500	06	R2	van. Véase [[gacchati]].	
55516	06	R2	van. Véase [[gacchati]].	
55518	06	R2	(1) va. (2) frecuenta / se acerca a. (3) conoce. Véase [[gacchati]].	
55522	06	R2	fue. Véase [[gacchati]].	
55527	06	R2	irán. Véase [[gacchati]].	
55529	06	R2	irá. Véase [[gacchati]].	
55531	06	R2	irá. Véase [[gacchati]].	
55537	06	R2	irían. Véase [[gacchati]].	
55538	06	R2	irían. Véase [[gacchati]].	
55539	06	R2	iría. Véase [[gacchati]].	
55569	06	R2	braman. Véase [[gajjati]] (1).	
55717	06	R2	contará. Véase [[gaṇeti]].	
55758	06	R2	hacen contar.	
55793	06	R2	cuentan. Véase [[gaṇeti]].	
55882	06	R2	toman. Véase [[gaṇhati]] (1).	
55915	06	R2	hacen tomar. Véase [[gaṇhāpeti]] (1).	
55919	06	R2	harán tomar. Véase [[gaṇhāpeti]] (1).	
55920	06	R2	hace tomar. Véase [[gaṇhāpeti]] (1).	
55922	06	R2	harían tomar. Véase [[gaṇhāpeti]] (1).	
55928	06	R2	hará tomar. Véase [[gaṇhāpeti]] (1).	
55930	06	R2	tomarán. Véase [[gaṇhati]] (1).	
55932	06	R2	toma. Véase [[gaṇhati]] (1).	
55933	06	R2	toma. Véase [[gaṇhati]] (1).	
55936	06	R2	tomó. Véase [[gaṇhati]] (1).	
55950	06	R2	tomarán. Véase [[gaṇhati]] (1).	
55951	06	R2	tomarán. Véase [[gaṇhati]] (1).	
55952	06	R2	tomará. Véase [[gaṇhati]] (1).	
55960	06	R2	tomarían. Véase [[gaṇhati]] (1).	
55961	06	R2	tomarían. Véase [[gaṇhati]] (1).	
55962	06	R2	tomaría. Véase [[gaṇhati]] (1).	
56188	06	R2	ensartan. Véase [[ganthati]] (2).	
56256	06	R2	ensartarían. Véase [[ganthati]] (2).	
56809	06	R2	ve. Véase [[gacchati]].	
56832	06	R2	han ido. Véase [[gacchati]].	
56843	06	R2	irá. Véase [[gacchati]].	
56849	06	R2	irán. Véase [[gacchati]].	
56850	06	R2	habrían ido. Véase [[gacchati]].	
56856	06	R2	irán. Véase [[gacchati]].	
56857	06	R2	irá. Véase [[gacchati]].	
56883	06	R2	iría. Véase [[gacchati]].	
56884	06	R2	van. Véase [[gacchati]].	
56885	06	R2	ve. Véase [[gacchati]].	
56886	06	R2	va. Véase [[gacchati]].	
56888	06	R2	hace llegar; hará llegar. Véase [[gameti]] (2).	
56889	06	R2	hará llegar. Véase [[gameti]] (2).	
56901	06	R2	hará llegar. Véase [[gameti]] (2).	
56902	06	R2	haz llegar. Véase [[gameti]] (2).	
57012	06	R2	serían tomados. Véase [[gayhati]] (2).	
57026	06	R2	censuran y reprueban. Véase [[garahati]] (1).	
57051	06	R2	censuran. Véase [[garahati]] (1).	
57052	06	R2	censura. Véase [[garahati]] (1).	
57088	06	R2	censuraría. Véase [[garahati]] (1).	
57342	06	R2	buscan. Véase [[gavesati]].	
57353	06	R2	buscan / indagan. Véase [[gavesati]].	
57354	06	R2	busca / indaga. Véase [[gavesati]].	
57356	06	R2	buscó / indagó. Véase [[gavesati]].	
57364	06	R2	buscará. Véase [[gavesati]].	
57367	06	R2	buscará. Véase [[gavesati]].	
57368	06	R2	buscarán. Véase [[gavesati]].	
57369	06	R2	buscará. Véase [[gavesati]].	
57375	06	R2	buscará. Véase [[gavesati]].	
57531	06	R2	tomó. Véase [[gahati]].	
57771	06	R2	asirá y retendrá. Véase [[gahati]].	
57773	06	R2	tomarán. Véase [[gahati]].	
57775	06	R2	tomará. Véase [[gahati]].	
57776	06	R2	tomarán.	
57777	06	R2	tomará. Véase [[gahati]].	
58118	06	R2	canta. Véase [[gāyati]].	
58130	06	R2	cantará. Véase [[gāyati]].	
58132	06	R2	cantará. Véase [[gāyati]].	
58134	06	R2	cantarían. Véase [[gāyati]].	
58135	06	R2	cantaría. Véase [[gāyati]].	
58221	06	R2	harán tomar. Véase [[gāheti]].	
58245	06	R2	hará tomar. Véase [[gāheti]].	
58252	06	R2	hará tomar. Véase [[gāheti]].	
58270	06	R2	hacen tomar. Véase [[gāheti]].	
58277	06	R2	hará tomar. Véase [[gāheti]].	
58505	06	R2	traga / retén en la boca. Véase [[gilati]].	
58519	06	R2	tragará. Véase [[gilati]].	
59027	06	R2	oculta. Véase [[guyhati]] (1).	
59692	06	R2	protegió; resguardó. Véase [[gopeti]].	
59696	06	R2	protegerá; resguardará. Véase [[gopeti]].	
59765	06	R2	protegerá; resguardará. Véase [[gopeti]].	
59770	06	R2	protegerá; resguardará. Véase [[gopeti]].	
59978	06	R2	¡esforzaos! Véase [[ghaṭati]].	
60008	06	R2	¡esforzaos! Véase [[ghaṭayati]].	
60013	06	R2	unirán. Véase [[ghaṭayati]].	
60067	06	R2	os esforzaríais. Véase [[ghaṭeti]].	
60069	06	R2	se esforzarán. Véase [[ghaṭeti]].	
60070	06	R2	(1) unirá. (2) se esforzará. Véase [[ghaṭeti]].	
60102	06	R2	golpeará. Véase [[ghaṭṭayati]].	
60135	06	R2	incitarán / se afanarán / se esforzarán. Véase [[ghaṭṭeti]].	
60136	06	R2	incitará / se afanará / se esforzará. Véase [[ghaṭṭeti]].	
60476	06	R2	matarán. Véase [[ghāteti]] (1).	
60477	06	R2	matará; matará. Véase [[ghāteti]] (1).	
60489	06	R2	hacen matar. Véase [[ghātāpeti]].	
60490	06	R2	hace matar. Véase [[ghātāpeti]].	
60497	06	R2	hará matar. Véase [[ghātāpeti]].	
60528	06	R2	matarán. Véase [[ghāteti]] (1).	
60529	06	R2	matará. Véase [[ghāteti]] (1).	
60532	06	R2	matarían. Véase [[ghāteti]] (1).	
60536	06	R2	matará. Véase [[ghāteti]] (1).	
60539	06	R2	matará. Véase [[ghāteti]] (1).	
60540	06	R2	matarán. Véase [[ghāteti]] (1).	
60541	06	R2	matará. Véase [[ghāteti]] (1).	
60588	06	R2	huele. Véase [[ghāyati]].	
60663	06	R2	¡hagan proclamar! Véase [[ghosāpeti]].	
60664	06	R2	hará proclamar. Véase [[ghosāpeti]].	
60682	06	R2	proclamará. Véase [[ghoseti]].	
61358	07	R2	paseará por el sendero; caminará yendo y viniendo. Véase [[caṅkamati]].	
61391	07	R2	renuncian; sueltan. Véase [[cajati]] (a).	
61392	07	R2	renuncia. (a) suelta. Véase [[cajati]] (a). (b) se aparta / se separa / rompe con. Véase [[cajati]] (e).	
61405	07	R2	renunciará. (a) soltará. Véase [[cajati]] (a). (b) renunciará / abandonará. Véase [[cajati]] (c).	
63145	07	R2	(1) deambulan / van y vienen / frecuentan. (2) suelen deambular / ir y venir / frecuentar. (3) practicad. Véase [[carati]] (1, 2).	
63163	07	R2	(1) deambulan / van y vienen / frecuentan. (2) (a) practican. (b) desean practicar. (3) han de morar. Véase [[carati]] (1, 2, 3).	
63165	07	R2	(1) deambula / va y viene / frecuenta. (2) practica. (3) vive. (4) hace; realiza. Véase [[carati]].	
63166	07	R2	(1) deambula / ve y ven / frecuenta. (2) practica; cumple plenamente. (3) haz. Véase [[carati]].	
63258	07	R2	morará. Véase [[carati]] (3).	
63262	07	R2	(1) deambulará / irá y vendrá / frecuentará. (2) practicará. (3) morará. Véase [[carati]].	
63263	07	R2	(1) deambularán / irán y vendrán / frecuentarán. (2) practicarán. Véase [[carati]] (1, 2).	
63264	07	R2	(1) deambulará / irá y vendrá / frecuentará. (2) practicará. (3) llevará consigo; escuchará. Véase [[carati]].	
63278	07	R2	(1) deberían deambular / ir y venir. (2) deberían practicar. Véase [[carati]] (1, 2).	
63279	07	R2	(1) que deambule / vaya y venga / frecuente; ojalá deambule / vaya y venga / frecuente. (2) practica. Véase [[carati]] (1, 2).	
63360	07	R2	habrá de desprenderse / fenecer / morir. Véase [[vacati]] (a).	
63362	07	R2	habrán de desprenderse / fenecer / morir. Véase [[cavati]] (a).	
63363	07	R2	habrá de desprenderse / fenecer / morir. Véase [[cavati]] (a).	
63564	07	R2	deambula / va y viene / frecuenta / se desenvuelve. Véase [[cārayati]] (1).	
63567	07	R2	deambuló / fue y vino / frecuentó / se desenvolvió. Véase [[cāreti]] (1).	
63642	07	R2	haz deambular / ir y venir / frecuentar; haz tomar el objeto (de la mente). Véase [[cāreti]] (2, 3).	
63676	07	R2	movió; hizo temblar; agitó. Véase [[cāleti]] (a).	
63679	07	R2	moverá; hará temblar; agitará. Véase [[cāleti]] (a).	
63701	07	R2	(a) desplaza; hace caer; baja. (b) desplaza; hace disminuir; hace menguar. Véase [[cāveti]] (b, e).	
63708	07	R2	desplazarán; moverán de sitio; trasladarán. Véase [[cāveti]] (a).	
64740	07	R2	harían apilar. Véase [[cināpeti]].	
64772	07	R2	piensa / se inquieta / se angustia. Véase [[cintayati]] (b).	
64773	07	R2	pensó / reflexionó / conjeturó / consideró. Véase [[cintayati]] (a).	
64846	07	R2	(1) idean / reflexionan / cavilan / consideran. Véase [[cinteti]] (a). (2) (a) ¡idead / reflexionad / cavilad / considerad! Véase [[cinteti]] (a). (b) ¡idead / desead / anhelad! Véase [[cinteti]] (d).	
64850	07	R2	(a) idea / reflexiona / cavila / considera. Véase [[cinteti]] (a). (b) idea / se preocupa / se inquieta. Véase [[cinteti]] (b).	
64854	07	R2	idearían / reflexionarían / cavilarían / considerarían. Véase [[cinteti]] (a).	
64856	07	R2	idearía / reflexionaría / cavilaría / consideraría. Véase [[cinteti]] (a).	
64857	07	R2	(a) ideó / reflexionó / caviló / consideró. Véase [[cinteti]] (a). (b) ideó / se preocupó / se inquietó. Véase [[cinteti]] (b).	
64862	07	R2	ideará / reflexionará / cavilará / considerará. Véase [[cinteti]] (a).	
65091	07	R2	se demorará; se demorará. Véase [[cirāyati]] (1).	
65930	07	R2	hacen saber; intercambian / compran. Véase [[cetāpeti]] (a).	
65931	07	R2	hace saber; intercambia / compra. Véase [[cetāpeti]] (a).	
65939	07	R2	haz saber; intercambia / compra. Véase [[cetāpeti]] (a).	
66018	07	R2	estimulan / se empeñan / se esfuerzan. Véase [[ceteti]] (1).	
66027	07	R2	estimulará / se empeñará / se esforzará. Véase [[ceteti]] (1).	
66228	07	R2	hará oprimir; hará culpar. Véase [[codāpeti]] (3).	
66236	07	R2	reprenderá / preguntará / culpará / examinará. Véase [[codeti]] (1).	
66250	07	R2	(1) reprende / culpa / acusa / habla / pregunta / examina. (2) pide. Véanse [[codeti]] (1, 2).	
66251	07	R2	hará uncir; hará esforzarse. Véase [[codeti]] (6).	
66253	07	R2	pediría. Véase [[codeti]] (2).	
66258	07	R2	reprenderá / culpará / acusará / hablará / preguntará / examinará. Véase [[codeti]] (1).	
66261	07	R2	reprenderá / culpará / acusará / hablará / preguntará / examinará. Véase [[codeti]] (1).	
66262	07	R2	reprenderán / culparán / acusarán / hablarán / preguntarán / examinarán. Véase [[codeti]] (1).	
66263	07	R2	reprenderá / culpará / acusará / hablará / preguntará / examinará. Véase [[codeti]] (1).	
66264	07	R2	reprende / culpa / acusa / habla / pregunta / examina (imperativo). Véase [[codeti]] (1).	
66413	07	R2	robará. Véase [[coreti]].	
66552	07	R2	desecha (imperativo). Véase [[chaḍḍeti]].	
66622	07	R2	harán desechar. Véase [[chaḍḍāpeti]] (1).	
66623	07	R2	hará desechar. Véase [[chaḍḍāpeti]] (1).	
66624	07	R2	haz desechar (imperativo). Véase [[chaḍḍāpeti]] (1).	
66686	07	R2	¿desechan? Véase [[chaḍḍeti]] (4).	
66690	07	R2	desechan. Véase [[chaḍḍeti]] (4).	
66692	07	R2	desecharían. Véase [[chaḍḍeti]] (4).	
66693	07	R2	desecharían. Véase [[chaḍḍeti]] (4).	
66699	07	R2	desecharán. Véase [[chaḍḍeti]] (4).	
66700	07	R2	desechará. Véase [[chaḍḍeti]] (4).	
66703	07	R2	desecha. Véase [[chaḍḍeti]] (4).	
67440	07	R2	hará techar. Véase [[chādāpeti]].	
67453	07	R2	sería cubierto / tapado / techado. Véase [[chādiyati]] (2).	
67465	07	R2	cubre / tapa / oculta. Véase [[chādeti]] (1).	
67474	07	R2	cubrirán / taparán / techarán. Véase [[chādeti]] (1).	
67475	07	R2	cubrirá / tapará / ocultará. Véase [[chādeti]] (1).	
67545	07	R2	se cortó; cayó. Se cortó y cayó. Véase [[chijjati]] (1).	
67606	08	R2	(a) cortan a golpes; corten a golpes; cortan en trozos; corten en trozos; cortan en rebanadas; corten en rebanadas. (b) abandonan cortando; abandonen cortando; abandonan destruyendo; abandonen destruyendo; abandonan haciendo desaparecer; abandonen haciendo desaparecer. (c) decidan. Véase [[chindati]].	
67623	08	R2	cortará a golpes; cortará en trozos; cortará en rebanadas; hará que quede cortado. Véase [[chindati]] (b).	
67631	08	R2	hace cortar a golpes; hace cortar en trozos; hace cortar en rebanadas. Véase [[chindāpeti]].	
67634	08	R2	hará cortar a golpes; hará cortar en trozos; hará cortar en rebanadas. Véase [[chindāpeti]].	
67635	08	R2	(a) haz cortar a golpes; haz cortar en trozos; haz cortar en rebanadas. (b) haz cortar golpeando. Véase [[chindāpeti]].	
67636	08	R2	cortan a golpes; cortan en trozos; cortan en rebanadas. Véase [[chindati]].	
67637	08	R2	(a) corta a golpes; corta en trozos; corta en rebanadas. (b) abandona cortando; abandona haciendo desaparecer; abandona destruyendo. Véase [[chindati]].	
67638	08	R2	(a) corta a golpes; corta en trozos; corta en rebanadas. (b) corta; abandona; quita; echa abajo. (c) haz como que cortas. (d) abandona cortando; abandona haciendo desaparecer; abandona destruyendo. (e) arranca de un tirón; libérate forcejeando. Véase [[chindati]].	
67655	08	R2	cortarán a golpes; cortarán en trozos; cortarán en rebanadas. Véase [[chindati]].	
67657	08	R2	(a) cortarán a golpes; cortarán en trozos; cortarán en rebanadas. (b) decidirán. Véase [[chindati]].	
67658	08	R2	(a) cortará. (b) cortará a golpes; cortará en trozos; cortará en rebanadas. (c) segará; cortará; abandonará haciendo desaparecer; abandonará destruyendo. (e) arrancará de un tirón; se liberará forcejeando. (f) cortará a mordiscos. (g) cortará golpeando. (h) talará. Véase [[chindati]].	
67663	08	R2	cortarían a golpes; cortarían en trozos; cortarían en rebanadas. Véase [[chindati]].	
67840	08	R2	tocará / rozará. Véase [[chupati]].	
67877	08	R2	corta. Véase [[chejjati]].	
67921	08	R2	cortará. Véase [[chedayati]] (1).	
67935	08	R2	hagan cortar. Véase [[chedāpeti]].	
67936	08	R2	hace cortar. Véase [[chedāpeti]].	
67938	08	R2	harían cortar. Véase [[chedāpeti]].	
67943	08	R2	harán cortar. Véase [[chedāpeti]].	
67945	08	R2	hará cortar. Véase [[chedāpeti]].	
67946	08	R2	hará cortar. Véase [[chedāpeti]].	
67947	08	R2	haz cortar. Véase [[chedāpeti]].	
67961	08	R2	haz cortar; corta. Véase [[chedeti]] (1).	
67978	08	R2	fue; llegó.	
67984	08	R2	(1) mantengan / críen / atiendan. (2) limpien / reparen / arreglen. Véase [[jaggati]] (1).	
68003	08	R2	está despierto; está alerta. Véase [[jaggati]] (2).	
68004	08	R2	(1) cuida. (2) limpia / repara / arregla. Véase [[jaggati]] (1).	
68017	08	R2	mantendrán / criarán / atenderán. Véase [[jaggati]] (1).	
68018	08	R2	mantendrá / criará / atenderá. Véase [[jaggati]] (1).	
68021	08	R2	cuidaría. Véase [[jaggati]] (1).	
68139	08	R2	conocería. Véase [[jānāti]].	
68360	08	R2	producen. Véase [[janayati]] (a).	
68380	08	R2	produciría. Véase [[janayati]] (a).	
68381	08	R2	podrían producir. Véase [[janayati]] (a).	
68504	08	R2	producen. Véase [[janeti]].	
68507	08	R2	produce. Véase [[janeti]].	
68509	08	R2	producirían. Véase [[janeti]].	
68510	08	R2	producirán. Véase [[janeti]].	
68518	08	R2	producirá. Véase [[janeti]].	
68543	08	R2	recitan / leen / repasan en voz alta. Véase [[japati]].	
68737	08	R2	vencerá; triunfará; saldrá victorioso. Véase [[jayati]].	
68755	08	R2	haría envejecer / perecer; destruiría. Véase [[jarayati]].	
69005	08	R2	brilla / resplandece. Véase [[jalati]].	
69065	08	R2	haz que arda. Véase [[jalati]].	
69173	08	R2	irán rápidamente; correrán. Véase [[javati]] (3).	
69180	08	R2	dejan; abandonan / desechan / sueltan / se apartan. Véase [[jahati]] (a).	
69193	08	R2	hará dejar; hará abandonar / desechar / soltar. Véase [[jahāpeti]].	
69194	08	R2	dejan; abandonan / desechan / sueltan. Véase [[jahati]] (a).	
69196	08	R2	dejará; abandonará / desechará / soltará. Véase [[jahati]] (a).	
69197	08	R2	deja; abandona / desecha / suelta. Véase [[jahati]] (a).	
69200	08	R2	dejó; (a) abandonó / desechó / soltó. (b) cortó sin dejar residuo. Véase [[jahati]].	
69201	08	R2	dejó; (a) abandonó / desechó / soltó. (b) cortó sin dejar residuo. Véase [[jahati]].	
69220	08	R2	dejará; abandonará / desechará / soltará. Véase [[jahati]] (a).	
69221	08	R2	dejará; abandonará / desechará / soltará. Véase [[jahati]] (a).	
69230	08	R2	deje; abandone / deseche / suelte. Véase [[jahati]] (a).	
69231	08	R2	dejen; abandonen / desechen / suelten. Véase [[jahati]] (a).	
69250	08	R2	manténganse vigilantes. Véase [[jāgarati]] (1).	
69259	08	R2	mantente vigilante. Véase [[jāgarati]] (1).	
69960	08	R2	¡hagan conocer!; ¡hagan entender! Véase [[jānāpeti]].	
69963	08	R2	hacen conocer; hacen entender. Véase [[jānāpeti]].	
69964	08	R2	hace conocer; hace entender. Véase [[jānāpeti]].	
69967	08	R2	harían conocer; harían entender. Véase [[jānāpeti]].	
69968	08	R2	haría conocer; haría entender. Véase [[jānāpeti]].	
69971	08	R2	ha hecho conocer; ha hecho entender. Véase [[jānāpeti]].	
69973	08	R2	harán conocer; harán entender. Véase [[jānāpeti]].	
69974	08	R2	hará conocer; hará entender. Véase [[jānāpeti]].	
69976	08	R2	conocen. Véase [[jānāti]].	
69977	08	R2	(a) conoce. (b) ve; percibe. (c) recuerda. Véase [[jānāti]].	
69978	08	R2	(a) conoce. (b) experimenta. (c) recuerda. Véase [[jānāti]].	
69983	08	R2	conoció. Véase [[jānāti]].	
70013	08	R2	conocerían. Véase [[jānāti]].	
70015	08	R2	conocerá. Véase [[jānāti]].	
70018	08	R2	conocerán. Véase [[jānāti]].	
70019	08	R2	conocerán. Véase [[jānāti]].	
70021	08	R2	conocerá. Véase [[jānāti]].	
70028	08	R2	conocerían. Véase [[jānāti]].	
70029	08	R2	conocerían. Véase [[jānāti]].	
70030	08	R2	conocería. Véase [[jānāti]].	
70048	08	R2	harían perder; harían perecer. Véase [[jāpeti]] (1).	
70058	08	R2	surgen. Véase [[jāyati]] (1).	
70088	08	R2	surge. Véase [[jāyati]] (1).	
70098	08	R2	surgiría. (a) tomaría *paṭisandhi*. (b) nacería; sería alumbrado. (c) brotaría; crecería. Véase [[jāyati]] (1).	
70182	08	R2	¡hagan arder!; ¡enciendan / quemen! Véase [[jālāpeti]].	
70216	08	R2	hace arder; enciende / quema. Véase [[jāleti]].	
70218	08	R2	haría arder; encendería / quemaría. Véase [[jāleti]].	
70232	08	R2	busca. Véase [[jigīsati]] (1).	
70236	08	R2	censuran / aborrecen / detestan. Véase [[jigucchati]].	
70265	08	R2	censura / aborrece / detesta. Véase [[jigucchati]].	
70269	08	R2	censuró / aborreció / detestó. Véase [[jigucchati]].	
70283	08	R2	censurarían / aborrecerían / detestarían. Véase [[jigucchati]].	
70504	08	R2	vencen; conquistan; triunfan. Véase [[jināti]] (1).	
70505	08	R2	vence; conquista; triunfa. Véase [[jināti]] (1).	
70516	08	R2	vencerá; conquistará; triunfará. Véase [[jināti]] (1).	
70517	08	R2	vencerán; conquistarán; triunfarán. Véase [[jināti]] (1).	
70518	08	R2	vencerá; conquistará; triunfará. Véase [[jināti]] (1).	
70525	08	R2	vencerían; conquistarían; triunfarían. Véase [[jināti]] (1).	
70564	08	R2	menguan / se pierden. Véase [[jiyyati]] (2).	
70565	08	R2	se deterioraría / se arruinaría / envejecería / entraría en años. Véase [[jiyyati]] (1).	
70633	08	R2	vencerán / ganarán. Véase [[jeti]].	
70655	08	R2	menguan / se pierden. Véase [[jīyati]] (1).	
70661	08	R2	perderá. Véase [[jīyati]] (1).	
70662	08	R2	(1) se deterioraría / se arruinaría / envejecería / entraría en años. (2) menguaría / se perdería. Véase [[jīyati]] (1).	
70702	08	R2	haría deteriorarse / perecer. Véase [[jīrayati]].	
70746	08	R2	(1) viven largo tiempo. Véase [[jīvati]] (2). (2) se ganan la vida. Véase [[jīvati]] (4).	
70747	08	R2	¡ganaos la vida! Véase [[jīvati]] (4).	
70827	08	R2	(1) viven. (2) viven largo tiempo. Véase [[jīvati]]. (3) se ganan la vida. Véase [[jīvati]] (4).	
70828	08	R2	(1) vive. (2) vive largo tiempo. Véase [[jīvati]]. (3) se gana la vida. Véase [[jīvati]] (4).	
70829	08	R2	desea vivir largo tiempo. Véase [[jīvati]] (2).	
70831	08	R2	vivió. Véase [[jīvati]] (1).	
71079	08	R2	se ganarán la vida. Véase [[jīvati]] (4).	
71081	08	R2	se ganará la vida. Véase [[jīvati]] (4).	
71082	08	R2	(1) vivirán. (2) se ganarán la vida. Véase [[jīvati]].	
71083	08	R2	(1) vivirá. (2) vivirá largo tiempo. (3) se ganará la vida. Véase [[jīvati]].	
71091	08	R2	vivirían. Véase [[jīvati]] (1).	
71092	08	R2	se ganarían la vida. Véase [[jīvati]] (4).	
71124	08	R2	honró / atendió. Véase [[juhati]].	
71128	08	R2	honrará / atenderá. Véase [[juhati]].	
71373	08	R2	vencerá / ganará; triunfará. Véase [[jeti]].	
71477	08	R2	haría brillar; iluminaría. Véase [[joteti]] (2).	
71864	08	R2	(1) eliminó; abandonó. Véase [[jhāpayati]] (1). (2) prendió fuego / quemó / cremó. Véase [[jhāpayati]] (2).	
71868	08	R2	eliminarán; abandonarán. Véase [[jhāpayati]] (1).	
71889	08	R2	prenden fuego / queman; véase *jhāpeti* (2).	
71892	08	R2	prenden fuego / queman. Véase [[jhāpeti]] (2).	
71893	08	R2	prende fuego / quema. Véase [[jhāpeti]] (2).	
71896	08	R2	prendería fuego / quemaría. Véase [[jhāpeti]] (2).	
71902	08	R2	prenderán fuego / quemarán. Véase [[jhāpeti]] (2).	
71903	08	R2	prenderán fuego / quemarán. Véase [[jhāpeti]] (2).	
71904	08	R2	prenderá fuego / quemará. Véase [[jhāpeti]] (2).	
71939	08	R2	se absorbe; entra en *jhāna*. se ejercita / cultiva / se esfuerza. Véase [[jhāyati]] (12).	
71940	08	R2	mora. Véase [[jhāyati]] (2).	
71957	08	R2	(1) arde; se consume por el fuego; arde de calor / en llamas / con fuego. (2) se preocupa / se aflige / llora / se lamenta. (3) cavila / mira absorto / se aturde. (4) idea / considera / reflexiona / imagina. (5) se absorbe; entra en *jhāna*; se ejercita / cultiva / se esfuerza. Véase [[jhāyati]].	
71972	08	R2	resplandecerá / brillará. Véase [[jhāyati]] (4).	
71977	08	R2	se absorbería; entraría en *jhāna*; se ejercitaría / cultivaría / se esforzaría. Véase [[jhāyati]] (12).	
72038	08	R2	conocerá. Véase [[ñāti]] (1).	
72040	08	R2	conocerá. Véase [[ñāti]] (1).	
72753	08	R2	hace saber. Véase [[ñāpeti]].	
72757	08	R2	haz saber. Véase [[ñāpeti]].	
72791	08	R2	es manifiesto. Véase [[ñāyati]] (1).	
72896	08	R2	excluyen / dejan aparte. Véase [[ṭhapayati]] (1).	
72903	08	R2	hará permanecer; pondrá; véase *ṭhapayati* (1).	
72910	08	R2	ordenó diciendo «que permanezca»; hizo poner. Véase [[ṭhapāpeti]].	
72911	08	R2	ordena diciendo «que permanezca»; haz poner. Véase [[ṭhapāpeti]].	
73099	08	R2	(1) hacen permanecer; ponen. (2) ¡haced permanecer!; ¡poned! Véase [[ṭhapeti]] (1).	
73103	08	R2	hace permanecer; pone. (a) hace detenerse / cesar. (b) desecha / abandona / deja a un lado. (c) delimita / determina. Véase [[ṭhapeti]].	
73106	08	R2	harían permanecer; pondrían. Véase [[ṭhapeti]] (1).	
73107	08	R2	haría permanecer; pondría. Véase [[ṭhapeti]] (1).	
73115	08	R2	(a) harán permanecer; pondrán. Véase [[ṭhapeti]] (1). (b) harán detenerse / cesar. Véase [[ṭhapeti]] (b).	
73116	08	R2	hará permanecer; pondrá. (a) hará durar / afianzar. Véase [[ṭhapeti]] (a). (b) hará detenerse / cesar. Véase [[ṭhapeti]] (b).	
73512	08	R2	hará morder / picar. Véase [[ḍaṁsayati]].	
73582	08	R2	quemará; consumirá por el fuego; abrasará. Véase [[ḍahati]] (1).	
73587	08	R2	oprimirá / atormentará. Véase [[ḍahati]] (5).	
74187	09	R2	piensan / razonan. Véase [[takketi]].	
74411	09	R2	cepilló. Véase [[tacchati]].	
74500	09	R2	habrá de amenazar. Véase [[tajjeti]].	
76551	09	R2	pasa al otro lado / sobrepasa / ve más allá. Véase [[tarati]] (1).	
76552	09	R2	cruza. Véase [[tarati]] (1).	
76565	09	R2	habrán de cruzar. Véase [[tarati]] (1).	
76566	09	R2	habrá de cruzar. Véase [[tarati]] (1).	
76727	09	R2	pasaría / pase al otro lado; sobrepasaría / sobrepase; iría / vaya más allá. Véase [[tarati]] (1).	
76941	09	R2	¡calienta!; ¡hierve! Véase [[tāpeti]] (a).	
76958	09	R2	¡protejan! Véase [[tāyati]] (1).	
76971	09	R2	protegerá / salvará. Véase [[tāyati]] (1).	
77007	09	R2	hará cruzar; salvará / conducirá. Véase [[tāreti]] (2).	
77009	09	R2	hará cruzar; salvará / conducirá. Véase [[tāreti]] (2).	
77042	09	R2	¡hagan cruzar!; ¡hagan llegar!; ¡conduzcan!; ¡lleven en barca! Véase [[tāreti]] (1).	
77044	09	R2	hace cruzar; salva / conduce. Véase [[tāreti]] (2).	
77050	09	R2	(1) hará atravesar; hará llegar / conducirá (a la otra orilla). Llevará en barca. (2) hará cruzar; salvará / conducirá. Véase [[tāreti]].	
77285	09	R2	¡hagan sobresaltarse! Véase [[tāseti]] (1).	
77292	09	R2	hará sobresaltarse. Véase [[tāseti]] (1).	
77317	09	R2	golpean / baten / azotan / palmotean; aguijonean; ¡aguijoneen! Véase [[tāl̤eti]].	
77324	09	R2	golpeará / batirá / azotará / palmoteará; aguijoneará. Véase [[tāl̤eti]].	
77492	09	R2	tratará con medicinas; abandonará la enfermedad; abandona la enfermedad. Véase [[tikicchati]] (a).	
77495	09	R2	trató con medicinas; abandonó la enfermedad. Véase [[tikicchati]] (a).	
77501	09	R2	tendrá que tratar con medicinas; tendrá que abandonar la enfermedad. Véase [[tikicchati]] (a).	
77691	09	R2	(a) permanecen / permaneced (imperativo). (b) están de pie / poneos de pie (imperativo). Véase [[tiṭṭhati]] (1).	
77720	09	R2	se paran / se detienen; permanecen. Véase [[tiṭṭhati]] (1).	
77721	09	R2	(a) permanece. (b) está de pie. (c) existe manifiestamente; todavía no desaparece ni se oculta. (d) es / llega a ser. Véase [[tiṭṭhati]] (1).	
77722	09	R2	(a) permanece (imperativo). (b) ponte de pie (imperativo). Véase [[tiṭṭhati]] (1).	
77724	09	R2	se pararán / se detendrán; se pondrán de pie. Véase [[tiṭṭhati]] (1).	
77726	09	R2	habrá de pararse / detenerse; habrá de permanecer. Véase [[tiṭṭhati]] (1).	
77729	09	R2	se pararían / se detendrían; permanecerían. Véase [[tiṭṭhati]] (1).	
77731	09	R2	se pararía / se detendría; permanecería; permanece (imperativo). Véase [[tiṭṭhati]] (1).	
77947	09	R2	ha soportado con paciencia. Véase [[titikkhati]] (1).	
77949	09	R2	tendrá que soportar con paciencia. Véase [[titikkhati]] (1).	
79136	09	R2	(con el conocimiento y la *paññā*) ponderarán; investigarán / reflexionarán / indagarán. Véase [[tuleti]] (1).	
79183	09	R2	(con la balanza y demás) pesan / pesad. Véase [[tuleti]] (2).	
79186	09	R2	(con el conocimiento y la *paññā*) debería / podría ponderar; debería / podría delimitar / decidir. Véase [[tuleti]] (2).	
79219	09	R2	duerme / se acuesta. Véanse [[tuvaṭṭati]], [[tuvaṭṭeti]].	
79260	09	R2	se deleitan / se satisfacen / se contentan / se sosiegan; o bien: deleitaos / quedad satisfechos / contentaos / sosegaos. Véase [[tussati]].	
79269	09	R2	se deleita / se satisface. Véase [[tussati]].	
79270	09	R2	deléitate / quédate satisfecho / conténtate / sosiégate. Véase [[tussati]].	
79271	09	R2	se deleitan / se satisfacen / se contentan / se sosiegan. Véase [[tussati]].	
79272	09	R2	se deleita / se satisface / se contenta / se sosiega. Véase [[tussati]].	
79561	09	R2	se humedeció (con agua). Véase [[temati]].	
79583	09	R2	se humedecerán (con agua). Véase [[temati]].	
79584	09	R2	se humedecerán (con agua). Véase [[temati]].	
79596	09	R2	humedece. Véase [[temeti]] (1).	
79828	09	R2	deleitó. Véase [[toseti]].	
79832	09	R2	deleitará. Véase [[toseti]].	
79844	09	R2	(a) deleita. Véase [[toseti]]. (b) regocija. Véase [[toseti]] (c).	
79845	09	R2	consolará / contentará; si hubiera de consolar / contentar. Véase [[toseti]] (h).	
79851	09	R2	deleitará. Véase [[toseti]].	
80612	09	R2	tendrá que / habrá de robar / hurtar. Véase [[theneti]].	
80812	09	R2	alaban / ensalzan / elogian. Véase [[thometi]].	
80813	09	R2	alaba / ensalza / elogia. Véase [[thometi]].	
80818	09	R2	tendrá que / habrá de alabar / ensalzar / elogiar. Véase [[thometi]].	
80877	10	R2	mirarán y contemplarán / encontrarán y verán. Véase [[dakkhati]].	
80887	10	R2	contempla. Véase [[dakkhati]].	
80889	10	R2	verán. Véase [[dakkhati]] (1).	
80893	10	R2	miró / vio. Véase [[dakkhati]] (1).	
81102	10	R2	verán. Véase [[dakkhati]] (1).	
81103	10	R2	conocerá y verá. Véase [[dakkhati]] (2).	
81104	10	R2	verán. Véase [[dakkhati]] (1).	
81110	10	R2	(a) mirará / verá. (b) verá con reverencia / encontrará. Véase [[dakkhati]] (1).	
81111	10	R2	(a) mirarán / verán. (b) verán con reverencia / verán / encontrarán. Véase [[dakkhati]] (1).	
81114	10	R2	verán con reverencia / verán / encontrarán. Véase [[dakkhati]] (1).	
81128	10	R2	da / dona / cede / dará. Véase [[dajjati]].	
81130	10	R2	que dé / done. Véase [[dajjati]].	
81134	10	R2	que dé / reparta. Véase [[dajjati]].	
81136	10	R2	que den / cedan. Véase [[dajjati]].	
81137	10	R2	darían / darán. Véase [[dajjati]].	
81138	10	R2	que entregue. Véase [[dajjati]].	
81141	10	R2	da / dona. Véase [[dajjati]].	
81361	10	R2	harán oprimir / atormentar. harán imponer castigo. Véase [[daṇḍāpeti]].	
81362	10	R2	hará oprimir / atormentar. hará imponer castigo. Véase [[daṇḍāpeti]].	
81385	10	R2	imponen / ponen / fijan / dan una pena. castigan; atormentan / oprimen. Véase [[daṇḍeti]] (a).	
81410	10	R2	dieron / donaron / ofrecieron. Véanse [[dadāti]], [[deti]].	
81414	10	R2	dan / reparten / darán / repartirán. Véanse [[dadāti]], [[deti]].	
81416	10	R2	da / dará. (a) dona / ofrece / dedica; donará / ofrecerá / dedicará. (b) renuncia / reparte / honra; renunciará / repartirá / honrará. Véanse [[dadāti]], [[deti]].	
81417	10	R2	(1) da / dona. (2) limpia / purifica. Véanse [[dadāti]], [[deti]].	
81418	10	R2	(1) da / dona. (2) limpia / purifica. Véanse [[dadāti]], [[deti]].	
81427	10	R2	daría / donaría / ofrecería; da / dona / ofrece. Véanse [[dadāti]], [[deti]].	
81428	10	R2	daría / donaría / ofrecería; da / dona / ofrece. Véanse [[dadāti]], [[deti]].	
81436	10	R2	dona / ofrece. Véanse [[dadāti]], [[deti]].	
81800	10	R2	habrá de / ya va a disciplinar / corregir / domar. Véase [[dameti]].	
81837	10	R2	debería disciplinar / corregir / domar. Véase [[dameti]].	
81840	10	R2	disciplina / somete / corrige / doma. Véase [[dameti]].	
81845	10	R2	disciplinó / corrigió / domó. Véase [[dameti]].	
81847	10	R2	habrán de disciplinar / corregir / domar. Véase [[dameti]].	
81848	10	R2	habrán de disciplinar / corregir / domar. Véase [[dameti]].	
81849	10	R2	habrá de / ya va a disciplinar / corregir / domar; habrá de / ya va a limpiar / purificar. Véase [[dameti]].	
81890	10	R2	fue quemado / consumido / abrasado. Véase [[dayhati]].	
82294	10	R2	(1) dará / donará. (2) limpiará / purificará. Véanse [[dadāti]], [[deti]].	
82297	10	R2	darán. Véanse [[dadāti]], [[deti]].	
82491	10	R2	(1) hará contemplar / ver; mostrará. (2) hará permanecer. Véase [[dasseti]].	
82493	10	R2	harán contemplar / ver; mostrarán. Véase [[dasseti]] (1).	
82494	10	R2	harán contemplar / ver; mostrarán. Véase [[dasseti]] (1).	
82495	10	R2	(1) (a) hará contemplar / ver; mostrará. Véase [[dasseti]] (1). (b) hará permanecer. Véase [[dasseti]] (1). (2) expondrá / dará a conocer. Véase [[dasseti]] (2).	
82499	10	R2	dará / donará / repartirá. Véanse [[dadāti]], [[deti]] (1).	
82502	10	R2	darán / donarán / ofrecerán. Véanse [[dadāti]], [[deti]] (1).	
82503	10	R2	(1) dará / donará. (2) limpiará / purificará. Véanse [[dadāti]], [[deti]].	
82558	10	R2	harán contemplar / ver; mostrarán. Véase [[dasseti]] (1).	
82559	10	R2	(a) hace contemplar / ver; muestra. (b) establece / deja expuesto. Véase [[dasseti]] (1).	
82562	10	R2	harían contemplar / ver; mostrarían; mostrad. Véase [[dasseti]] (1).	
82563	10	R2	haría contemplar / ver; mostraría; muestra. Véase [[dasseti]] (1).	
82568	10	R2	hará contemplar / ver; mostrará; (a) mostrará claramente. Véase [[dasseti]] (1). (b) indicará. Véase [[dasseti]] (1).	
82571	10	R2	hará contemplar / ver; mostrará. Véase [[dasseti]] (1).	
82572	10	R2	harán contemplar / ver; mostrarán. Véase [[dasseti]] (1).	
82573	10	R2	hará contemplar / ver; mostrará. Véase [[dasseti]] (1).	
82574	10	R2	haz contemplar / ver; muestra. Véase [[dasseti]] (1).	
82616	10	R2	prenderán fuego; incinerarán. Véase [[dahati]] (1).	
82617	10	R2	asa / tuesta / chamusca / hace calentar / hace quemar. Véase [[dahati]] (1).	
82618	10	R2	contempla / nota / reflexiona / piensa / considera. Véase [[dahati]] (3).	
82620	10	R2	(1) calentó / quemó / abrasó. (2) cocinó / hizo cocer. (1) Véase [[dahati]] (1). (2) Véase [[dahati]] (1).	
82622	10	R2	asará / tostará / chamuscará / hará calentar / hará quemar. Véase [[dahati]] (1).	
82625	10	R2	enterrarían / enterrad. Véase [[dahati]] (3).	
83036	10	R2	haz dar / donar. Véase [[dāpeti]].	
83276	10	R2	perforó / partió / cavó / escarbó / cortó / destruyó. Véase [[dāleti]].	
84235	10	R2	retozarán / se divertirán / jugarán. Véase [[dibbati]] (1).	
84491	10	R2	son manifiestos. Véase [[dissati]] (2).	
84512	10	R2	aparece; es manifiesto. Véase [[dissati]] (1).	
84773	10	R2	muestra; declara. Véase [[dīpeti]] (2).	
84777	10	R2	tendrán que mostrar; mostrarán. Véase [[dīpeti]] (1).	
84778	10	R2	tendrá que mostrar; mostrará. Véase [[dīpeti]] (1).	
84841	10	R2	tendrá que mostrar. mostrará. Véase [[dīpeti]] (1).	
84853	10	R2	mostrará. Véase [[dīpeti]] (1).	
84859	10	R2	tendrá que mostrar; mostrará. Véase [[dīpeti]] (1).	
85320	10	R2	hace sufrir. Véase [[dukkhāpeti]].	
85985	10	R2	(1) ofende. (2) tortura / oprime / mata. (1) Véase [[dubbhati]] (1). (2) Véase [[dubbhati]] (3).	
86013	10	R2	destruirá. Véase [[dubbhati]] (2).	
86014	10	R2	ofenderá. Véase [[dubbhati]] (1).	
86022	10	R2	torturarían / oprimirían / destruirían; torturarán / oprimirán / destruirán. Véase [[dubbhati]] (3).	
86364	10	R2	ordeñan (leche). Véase [[duhati]] (1).	
86366	10	R2	ordeñó (leche). Véase [[duhati]] (1).	
86482	10	R2	hacen perecer / destruyen. Véase [[dūseti]] (1).	
86498	10	R2	(1) dais / donáis / rendís homenaje (o ¡dad / donad / rendid homenaje!). (2) limpiáis / purificáis (o ¡limpiad / purificad!). Véase [[dadāti]].	
86502	10	R2	(1) dan / donan (o darán / donarán). (2) limpian / purifican (o limpiarán / purificarán). Véase [[dadāti]] (1).	
86503	10	R2	(1) da (o dará); (a) dona / rinde homenaje / presenta (o donará / rendirá homenaje / presentará). (b) renuncia a / distribuye / favorece (o renunciará a / distribuirá / favorecerá). (2) limpia / purifica (o limpiará / purificará). Véase [[dadāti]].	
86527	10	R2	daríais / donaríais (o ¡dad / donad!). Véase [[dadāti]] (1).	
87152	10	R2	enseña / habla. Véase [[deseti]] (1).	
87165	10	R2	harán enseñar / hablar. Véase [[desāpeti]] (1).	
87232	10	R2	(a) enseña / habla. Véase [[deseti]] (1). (b) declara la *desanā*. Véase [[deseti]] (1).	
87233	10	R2	enseñan / hablan. Véase [[deseti]] (1).	
87236	10	R2	enseñarían / hablarían. Véase [[deseti]] (1).	
87245	10	R2	enseñarán / hablarán. Véase [[deseti]] (1).	
87247	10	R2	enseñará / hablará. Véase [[deseti]] (1).	
87629	10	R2	ordeñan / ordeñarán (la leche). Véase [[dohati]].	
88203	11	R2	hace perecer. Véase [[dhaṁseti]].	
88511	11	R2	que traten / estimen / codicien / se deleiten en / aprecien como (su propia) riqueza. Véase [[dhanāyati]].	
89899	11	R2	llena; cumple. Véase [[dharati]] (4).	
90143	11	R2	llevan. Véase [[dhāreti]] (1).	
90144	11	R2	(1) lleva. Véase [[dhāreti]] (1). (2) lleva de memoria / de corrido. Véase [[dhāreti]] (2). (3) conoce; reconoce. Véase [[dhāreti]] (4). (4) asume (la carga de la *sāsana*). Véase [[dhāreti]] (20).	
90154	11	R2	llevará. Véase [[dhāreti]] (1).	
90155	11	R2	llevará. Véase [[dhāreti]] (1).	
90191	11	R2	(1) llevan. Véase [[dhāreti]] (1). (2) llevan de memoria / de corrido. Véase [[dhāreti]] (2). (3) son capaces / pueden. Véase [[dhāreti]] (12).	
90196	11	R2	(1) llevan. Véase [[dhāreti]] (1). (2) conocen; reconocen. Véase [[dhāreti]] (4). (3) se ponen (flores y demás). Véase [[dhāreti]] (7). (4) toman. Véase [[dhāreti]] (27).	
90197	11	R2	(1) lleva. Véase [[dhāreti]] (1). (2) lleva de memoria / de corrido. Véase [[dhāreti]] (2). (3) viste (la prenda de cintura = el *antaravāsaka*). (4) se envuelve en (el manto = el *uttarāsaṅga*). véase *dhāreti* (9, 10). (5) asume (la carga de la *sāsana*). Véase [[dhāreti]] (20). (6) toma. (7) desea. Véase [[dhāreti]] (27).	
90199	11	R2	(1) llevarían. Véase [[dhāreti]] (1). (2) llevarían de memoria / de corrido. Véase [[dhāreti]] (2).	
90200	11	R2	(1) llevarían. Véase [[dhāreti]] (1). (2) llevarían de memoria / de corrido. Véase [[dhāreti]] (2).	
90201	11	R2	(1) llevaría. Véase [[dhāreti]] (1). (2) llevaría de memoria / de corrido. Véase [[dhāreti]] (2). (3) conocería; reconocería. Véase [[dhāreti]] (4). (4) examinaría / investigaría / preguntaría. Véase [[dhāreti]] (22).	
90210	11	R2	llevarán. Véase [[dhāreti]] (1).	
90212	11	R2	(1) llevará. Véase [[dhāreti]] (1). (2) conocerá; reconocerá. Véase [[dhāreti]] (4). (3) será capaz / podrá. Véase [[dhāreti]] (21).	
90213	11	R2	llevarán. Véase [[dhāreti]] (1).	
90214	11	R2	(1) llevará. Véase [[dhāreti]] (1). (2) llevará de memoria / de corrido. Véase [[dhāreti]] (2).	
90215	11	R2	(1) lleva. Véase [[dhāreti]] (1). (2) conoce; reconoce. Véase [[dhāreti]] (4). (3) sostén / cubre con (un parasol). Véase [[dhāreti]] (12). (4) mantén; haz perdurar (el linaje). Véase [[dhāreti]] (28).	
90220	11	R2	corren; van rápidamente. Véase [[dhāvati]] (2).	
90235	11	R2	correrá; irá rápidamente. Véase [[dhāvati]] (2).	
90236	11	R2	correrán; irán rápidamente. Véase [[dhāvati]] (2).	
90256	11	R2	escupe.	
90388	11	R2	destruirán. Véase [[dhunāti]] (4).	
90654	11	R2	lavan / depuran / purifican. Véase [[dhovati]] (a).	
90682	11	R2	hará batanear / lavar. Véase [[dhovāpeti]] (b).	
90692	11	R2	hará batanear / lavar. Véase [[dhovāpeti]] (b).	
90693	11	R2	batanearán / lavarán. Véase [[dhovati]] (c).	
90707	11	R2	sería lavado / purificado; sería bataneado / lavado. Véase [[dhoviyati]].	
90710	11	R2	lavarán / depurarán / purificarán. Véase [[dhovati]] (a).	
90711	11	R2	(1) lavará / depurará / purificará. Véase [[dhovati]] (a). (2) bataneará / lavará. Véase [[dhovati]] (c).	
90716	11	R2	lavaría / depuraría / purificaría. Véase [[dhovati]] (a).	
91035	11	R2	¡dancen! Véase [[naccati]].	
91064	11	R2	danzan. Véase [[naccati]].	
91190	11	R2	¡proclamen / pronuncien! Véase [[nadati]].	
91201	11	R2	(1) hará rugir. (2) hará proclamar / pronunciar.	
91224	11	R2	proclamará / pronunciará. Véase [[nadati]].	
91226	11	R2	proclamará / pronunciará. Véase [[nadati]].	
91376	11	R2	se deleitan / se alegran. Véase [[nandati]].	
91377	11	R2	se deleita / se alegra. Véase [[nandati]].	
91425	11	R2	se ha deleitado / alegrado. Véase [[nandati]].	
91427	11	R2	se deleitará / se alegrará. Véase [[nandati]].	
91514	11	R2	se inclinan / se ladean / se doblegan / tienden hacia; rinden homenaje. Véase [[namassati]].	
91525	11	R2	se inclina / se ladea / se doblega / tiende hacia. Rinde homenaje. Véase [[namassati]].	
91528	11	R2	se inclinan / se ladean / se doblegan / tienden hacia. Rinden homenaje. Véase [[namassati]].	
91529	11	R2	se inclina / se ladea / se doblega / tiende hacia; rinde homenaje. Véase [[namassati]].	
91531	11	R2	se ha inclinado / ladeado / doblegado / tendido hacia; ha rendido homenaje. Véase [[namassati]].	
91542	11	R2	habrá de inclinarse / ladearse / doblegarse / tender hacia; habrá de rendir homenaje. ‹နမရှုိင်း› habrá de…; habrá de rendir homenaje. Véase [[namassati]].	
91547	11	R2	se inclinaría / se ladearía / se doblegaría / tendería hacia; rendiría homenaje. Véase [[namassati]].	
91550	11	R2	se inclina / se ladea / se doblega / tiende hacia; rinde homenaje. Véase [[namati]].	
91563	11	R2	se inclinaría / se ladearía / se doblegaría / tendería hacia; rendiría homenaje. Véase [[namati]].	
91678	11	R2	llevarán. Véase [[nayati]].	
91679	11	R2	llevará. Véase [[nayati]].	
92088	11	R2	desapareció; pereció. Véase [[nassati]].	
92105	11	R2	desaparecen; perecen. Véase [[nassati]].	
92106	11	R2	desaparece; perece. Véase [[nassati]].	
92114	11	R2	desaparecerán; perecerán. Véase [[nassati]].	
92163	11	R2	purificarán; bañarán (a otro). Véase [[nahāpeti]].	
93310	11	R2	hará perecer / destruirá. Véase [[nāseti]].	
93373	11	R2	hagan perecer; destruyan; expulsen; expulsen del ámbito de la *sāsanā*; destruyan mediante la destrucción de la apariencia; hagan volver a la vida laica. Véase [[nāseti]] (b).	
93377	11	R2	hacen perecer / destruyen. Véase [[nāseti]].	
93378	11	R2	hace perecer / destruye. Véase [[nāseti]].	
93380	11	R2	harían perecer / destruirían. Véase [[nāseti]].	
93388	11	R2	harán perecer / destruirán. Véase [[nāseti]].	
93389	11	R2	hará perecer / destruirá. Véase [[nāseti]].	
93390	11	R2	haz perecer / destruye. Véase [[nāseti]].	
93394	11	R2	la aldea *nāl̤aka*. Véase también [[nāl̤anā]].	
93568	11	R2	se enojaría / engañaría.	
93617	11	R2	hará expulsar. Véase [[nikkaḍḍhāpeti]].	
93618	11	R2	haz expulsar (imperativo). Véase [[nikkaḍḍhāpeti]].	
93634	11	R2	arrastrarán fuera / expulsarán. Véase [[nikkaḍḍhati]].	
93636	11	R2	arrastrará fuera / expulsará. Véase [[nikkaḍḍhati]].	
93674	11	R2	intercambiará / comprará con bienes. Rescatará. Véase [[nikkiṇāti]].	
93798	11	R2	(a) sal (imperativo). Véase [[nikkhamati]]. (b) apártate / retírate. Véase [[nikkhamati]] (d).	
93801	11	R2	(a) salen. Véase [[nikkhamati]]. (b) nacen. Véase [[nikkhamati]] (a).	
93802	11	R2	(a) sale. Véase [[nikkhamati]]. (b) nace. Véase [[nikkhamati]] (a).	
93803	11	R2	sal (imperativo). Véase [[nikkhamati]].	
93804	11	R2	(a) salió. Véase [[nikkhamati]]. (b) nació. Véase [[nikkhamati]] (a). (c) salió de la vida laica; se hizo novicio / monje. Véase [[nikkhamati]] (f).	
93819	11	R2	saldrán. Véase [[nikkhamati]].	
93821	11	R2	saldrá; se marchará. Véase [[nikkhamati]].	
93842	11	R2	hacen salir. Véase [[nikkhāmeti]].	
93846	11	R2	tendrá que hacer salir; tendrá que expulsar. Véase [[nikkhāmeti]].	
93906	12	R2	(1) (a) depone. Véase [[nikkhipati]] (1). (b) abandona. Véase [[nikkhipati]] (4). (2) extiende (la mano). Véase [[nikkhipati]] (6).	
93907	12	R2	pon. (a) acumula / guarda. Véase [[nikkhipati]] (1). (b) depón. Véase [[nikkhipati]] (1). (c) abandona. Véase [[nikkhipati]] (4).	
93923	12	R2	(a) depondrá. (b) acumulará / guardará. (c) relajará; hará disminuir. (d) desechará. (a) véase *nikkhipati* (1) (a). (b) véase *nikkhipati* (1) (b). (c) véase *nikkhipati* (). (d) véase *nikkhipati* (4).	
93979	12	R2	entierra. Véase [[nikhanati]].	
93986	12	R2	(1) cerrará (los ojos). (2) enterrará. Véase [[nikhanati]].	
93987	12	R2	enterraría; si enterrara. Véase [[nikhanati]].	
94140	12	R2	(a) reprimen / refrenan. (b) reprimid / refrenad. Véase [[niggaṇhāti]].	
94152	12	R2	hará reprimir y refrenar.	
94153	12	R2	reprimen / refrenan. reprimirán / refrenarán. Véase [[niggaṇhāti]].	
94154	12	R2	reprime / refrena; reprimirá / refrenará. Véase [[niggaṇhāti]].	
94155	12	R2	reprime / refrena. Véase [[niggaṇhāti]].	
94156	12	R2	reprimió / refrenó. Véase [[niggaṇhāti]].	
94162	12	R2	reprimirán / refrenarán. Véase [[niggaṇhāti]].	
94163	12	R2	reprimirá y refrenará. Véase [[niggaṇhāti]].	
94218	12	R2	reprimió, refrenó, sometió.	
94238	12	R2	habrá de / presionar / reprimir / someter. Véase [[niggahessati]].	
94708	12	R2	profirió / expuso. Véase [[nicchāreti]] (1).	
94711	12	R2	responde. Véase [[nicchāreti]] (5).	
94763	12	R2	hará descomponerse / perecer.	
94773	12	R2	(1) debería descomponerse. (2) debería abandonar. (3) debería cortar sin residuo.	
94803	12	R2	hacen contemplar; presentan quejas. Véase [[nijjhāpeti]] (5).	
94815	12	R2	hacen tolerar. Véase [[nijjhāpeti]] (4).	
94816	12	R2	calmará. Véase [[nijjhāpeti]] (6).	
94833	12	R2	observa / considera. Véase [[nijjhāyati]] (5).	
94837	12	R2	debería observar / considerar. Véase [[nijjhāyati]] (5).	
94896	12	R2	hará concluir. Véase [[niṭṭhapeti]].	
94897	12	R2	haz concluir. Véase [[niṭṭhapeti]].	
94942	12	R2	escupe.	
94960	12	R2	se fatiga / se agota. *nitammāmī*: *atikilamāmi*.	
94963	12	R2	golpeará / pegará.	
95002	12	R2	cruzarán. Véase [[nittharati]].	
95003	12	R2	saca adelante / lleva a cabo. Véase [[nittharati]].	
95004	12	R2	cruza; ve de modo que llegues a cruzar. Véase [[nittharati]].	
95011	12	R2	(a) llegará ya a cruzar; llegará ya a superar. (b) podrá librarse. (c) podrá salir.	
95013	12	R2	deberían poder cruzar. Véase [[nittharati]].	
95070	12	R2	haz ver / indica. Véase [[nidasseti]].	
95081	12	R2	(a) deja / deja guardado. (b) deja acumulado y enterrado. Véase [[nidahati]].	
95088	12	R2	acumuló / guardó; lo dejó escondido.	
95090	12	R2	dejará acumulado / guardado / enterrado. Véase [[nidahati]].	
95093	12	R2	debería poner / dejar acumulado / dejar enterrado. Véase [[nidahati]].	
95206	12	R2	duermen / se quedan dormidos. Véase [[niddāyati]] (a).	
95215	12	R2	duerme / se queda dormido. Véase [[niddāyati]] (a).	
95224	12	R2	dormirá / se quedará dormido. Véase [[niddāyati]] (a).	
95225	12	R2	dormirá ahora. Véase [[niddāyati]] (a).	
95299	12	R2	habrá de señalar. Véase [[niddisati]] (1).	
95322	12	R2	(a) da (agua); vierte (agua). (b) limpia.	
95425	12	R2	extraerán. Véase [[niddhāreti]].	
95445	12	R2	habrá de extraer. Véase [[niddhāreti]].	
95459	12	R2	sacuden / destruyen. Véase [[niddhunāti]] (4).	
95460	12	R2	sacudirá / destruirá. Véase [[niddhunāti]] (4).	
95466	12	R2	sacudirá volteando hacia arriba. Véase [[niddhunāti]] (5).	
95535	12	R2	enterrarán / guardarán / depositarán. Véase [[nidheti]] (a).	
95537	12	R2	escondió. Véase [[nidheti]] (d).	
95539	12	R2	enterrará / guardará / depositará. Véase [[nidheti]] (a).	
95560	12	R2	censuran. Véase [[nindati]].	
95561	12	R2	censura. Véase [[nindati]].	
95693	12	R2	hará dormir; hará dormir. Véase [[nipajjāpeti]].	
95694	12	R2	duerme; se acuesta; dormirá. Véase [[nipajjati]].	
95695	12	R2	duerme (imperativo). Véase [[nipajjati]].	
95706	12	R2	dormirá; dormirá. Véase [[nipajjati]].	
95709	12	R2	dormirá. Véase [[nipajjati]].	
95710	12	R2	dormirá; dormirá. Véase [[nipajjati]].	
95713	12	R2	dormiría. Véase [[nipajjati]].	
95720	12	R2	inclinaos / reverenciad / postraos / rendid homenaje (imperativo). Véase [[nipati]] (7).	
95726	12	R2	se acercarán / frecuentarán. Véase [[nipatati]] (6).	
95728	12	R2	cayó. Véase [[nipatati]] (d).	
95741	12	R2	(1) caerá sobre. Véase [[nipati]] (1). (2) saldrá. Véase [[nipatati]] (12).	
95806	12	R2	hará caer sobre. Véase [[nipāteti]].	
95807	12	R2	hará caer derribado; se tenderá; dormirá. Véase [[nipāteti]].	
95808	12	R2	haz caer (imperativo); muerde / mordisquea (imperativo). Véase [[nipāteti]].	
95858	12	R2	hervirá. Véase [[nippacati]].	
95859	12	R2	hervirá. Véase [[nippacati]].	
95885	12	R2	saldrá. Véase [[nippatati]] (c).	
96113	12	R2	consumarán. Véase [[nipphādeti]].	
96114	12	R2	consumará. Véase [[nipphādeti]].	
96120	12	R2	agitará / sacudirá una y otra vez. Véase [[nipphoṭeti]].	
96199	12	R2	atará / ligará; atará firmemente. Véase [[nibandhati]] (1).	
96200	12	R2	atará / ligará; atará firmemente. Véase [[nibandhati]] (1).	
96205	12	R2	(1) conoce; procura conocer. Véase [[nibodhati]] (1). (2) conoce sin residuo; procura conocer sin residuo. Véase [[nibodhati]] (2).	
96396	12	R2	producirá. Véase [[nibbatteti]].	
96398	12	R2	surgen; surgirán. Véase [[nibbattati]].	
96401	12	R2	(1) el surgir (el surgir de los estados *rūpa* y *nāma*, como los *khandhā*). (2) el tiempo en que surge. (3) *kamma* producido; *nibbattikamma*.	
96479	12	R2	surgirá. Véase [[nibbattati]].	
96480	12	R2	surgirán. Véase [[nibbattati]].	
96481	12	R2	surgirá. Véase [[nibbattati]].	
96500	12	R2	¡produzcan (ustedes)! Véase [[nibbatteti]].	
96503	12	R2	produce. Véase [[nibbatteti]].	
96512	12	R2	producirán. Véase [[nibbatteti]].	
96513	12	R2	producirá. Véase [[nibbatteti]].	
96771	12	R2	extinguió. Véase [[nibbāpeti]].	
96787	12	R2	¡extingan (ustedes)! Véase [[nibbāpeti]].	
96790	12	R2	extingue. Véase [[nibbāpeti]].	
96797	12	R2	extinguirán. Véase [[nibbāpeti]].	
96798	12	R2	extinguirá. Véase [[nibbāpeti]].	
96808	12	R2	realizará el *parinibbāna*. Véase [[nibbāyati]] (d).	
96814	12	R2	realizará el *parinibbāna*; realizará el *parinibbāna*. Véase [[nibbāyati]] (d).	
96817	12	R2	realizará el *parinibbāna*. Véase [[nibbāyati]] (d).	
96818	12	R2	realizará el *parinibbāna*. Véase [[nibbāyati]] (d).	
96819	12	R2	realizará el *parinibbāna*. Véase [[nibbāyati]] (d).	
96891	12	R2	¡hastíense!; ¡abandonen y dejen! Véase [[nibbindati]].	
96983	12	R2	es llevado. Es arrastrado por la corriente. Va a la deriva.	
97093	12	R2	invitó. Véase [[nimanteti]].	
97130	12	R2	invita. Véase [[nimanteti]].	
97133	12	R2	invitarían. Véase [[nimanteti]].	
97135	12	R2	invitó. Véase [[nimanteti]].	
97140	12	R2	invitará. Véase [[nimanteti]].	
97273	12	R2	intercambian / truecan. (1) toman. (2) meten / guardan.	
97274	12	R2	desean sopesar.	
97334	12	R2	hará hundirse; sumergirá / hundirá. Véase [[nimujjāpeti]].	
97335	12	R2	se hunde. Véase [[nimujjati]].	
97480	12	R2	crea / dispón. Véase [[nimmānāti]].	
97488	12	R2	creará / dispondrá. Véase [[nimmināti]].	
97675	12	R2	atará / amarrará. Véase [[niyameti]] (3).	
97783	12	R2	hará unir / exhortará. Véase [[niyojeti]].	
97786	12	R2	hará unir / exhortará. Véase [[niyojeti]].	
97787	12	R2	haz unir / exhorta. Véase [[niyojeti]].	
97814	12	R2	entrega / confía / da. Véase [[niyyāteti]].	
97815	12	R2	entregó / confió / dio. Véase [[niyyāteti]].	
97833	12	R2	entregan / confían. Véase [[niyyāteti]] (1).	
97834	12	R2	(a) entrega / confía. Véase [[niyyāteti]] (1). (b) da / dona. Véase [[niyyāteti]] (b).	
97836	12	R2	entregó / confió. Véase [[niyyāteti]] (1).	
97842	12	R2	entrega / confía / da. Véase [[niyyādeti]].	
97844	12	R2	entregó / confió / dio. Véase [[niyyādeti]].	
97847	12	R2	entregará / confiará / dará. Véase [[niyyādeti]].	
97862	12	R2	¡entreguen! / ¡confíen! Véase [[niyyādeti]].	
97865	12	R2	entrega / confía / da. Véase [[niyyādeti]].	
97866	12	R2	entregarían / confiarían / darían. Véase [[niyyādeti]].	
97867	12	R2	entregó / confió / dio. Véase [[niyyādeti]].	
97869	12	R2	entregarán / confiarán / darán. Véase [[niyyādeti]].	
97870	12	R2	entregará / confiará / dará. Véase [[niyyādeti]].	
97924	12	R2	saldrán. Véase [[niyyāti]].	
97925	12	R2	va. Véase [[niyyāti]].	
97939	12	R2	se fue. Véase [[niyyāti]] (2).	
97947	12	R2	llevaría. Véase [[niyyāti]] (3).	
97971	12	R2	salió; ha salido. Véase [[nirajjati]].	
98344	12	R2	(a) cesó; ya no vuelve a surgir. (b) cesó; pasó / se desvaneció. Véase [[nirujjhati]].	
98347	12	R2	cesará / se desvanecerá. Véase [[nirujjhati]].	
98640	12	R2	cesó. Véase también [[nirujjhati]].	
98670	12	R2	se esconde; se oculta. Véase [[nilayati]].	
98720	12	R2	miran.	
98749	12	R2	volvió / retrocedió. se fue de vuelta. Véase [[nivattati]] (2).	
98756	12	R2	hará volver / retroceder. Véase [[nivatteti]].	
98769	12	R2	hará volver / retroceder. Véase [[nivatteti]].	
98770	12	R2	volverán / retrocederán. (1) vendrán de vuelta. (2) se irán de vuelta. Véase [[nivattati]].	
98789	12	R2	volverá / retrocederá; vendrá de vuelta. Véase [[nivattati]] (1).	
98790	12	R2	volverán / retrocederán. (1) vendrán de vuelta. (2) se irán de vuelta. Véase [[nivattati]].	
98791	12	R2	volverá / retrocederá. (1) vendrá de vuelta. (2) se irá de vuelta. (3) revertirá / cambiará. Véase [[nivattati]].	
98805	12	R2	hacen volver / retroceder / detenerse. Véase [[nivatteti]].	
98807	12	R2	harían volver / retroceder. Véase [[nivatteti]].	
98808	12	R2	haría volver / retroceder. Véase [[nivatteti]].	
98811	12	R2	hará volver / retroceder. Véase [[nivatteti]].	
98846	12	R2	ha morado. Véase [[nivasati]] (1).	
98850	12	R2	morarán. Véase [[nivasati]] (1).	
98897	12	R2	impidió / objetó. Véase [[nivāreti]] (1).	
98925	12	R2	impiden / objetan. Véase [[nivāreti]] (1).	
98926	12	R2	impide / objeta. Véase [[nivāreti]] (1).	
98928	12	R2	impedirían / objetarían. Véase [[nivāreti]] (1).	
98934	12	R2	impedirán / objetarán. Véase [[nivāreti]] (1).	
98936	12	R2	impedirán / objetarán. Véase [[nivāreti]] (1).	
98937	12	R2	impedirá / objetará. Véase [[nivāreti]] (1).	
99035	12	R2	moró. Véase [[nivāseti]] (2).	
99048	12	R2	visten / se cubren. Véase [[nivāseti]] (1).	
99049	12	R2	hacen vestir / cubrirse. Véase [[nivāseti]] (1).	
99053	12	R2	visten / se cubren. Véase [[nivāseti]] (1).	
99054	12	R2	viste / se cubre. Véase [[nivāseti]] (1).	
99057	12	R2	vestirían. Véase [[nivāseti]] (1).	
99058	12	R2	vistió. Véase [[nivāseti]] (1).	
99063	12	R2	vestirán. Véase [[nivāseti]] (1).	
99065	12	R2	vestirá. Véase [[nivāseti]] (1).	
99096	12	R2	se adentra; está asentado; se interesa. Véase [[nivisati]] (e).	
99156	12	R2	hace saber / dice. Véase [[nivedeti]].	
99160	12	R2	harán saber / dirán. Véase [[nivedeti]].	
99161	12	R2	harán saber / dirán. Véase [[nivedeti]].	
99204	12	R2	sentaos. Véase [[nisajjati]].	
99283	12	R2	escuchará / oirá / retendrá en la memoria / tendrá presente / atenderá; indagará / reflexionará. Véase [[nisāmeti]] (2).	
99292	12	R2	aprenderá. Véase [[nisāmeti]] (2).	
99293	12	R2	(1) observa; indaga / reflexiona. Véase [[nisāmeti]] (1). (2) escucha / oye / retén en la memoria, ten presente / atiende; indaga / reflexiona. Véase [[nisāmeti]] (2). (3) considera; reflexiona con el conocimiento; indaga / reflexiona. Véase [[nisāmeti]] (3).	
99298	12	R2	verterá / derramará.	
99357	12	R2	sentaos. Véase [[nisīdati]].	
99398	12	R2	siéntate. Véase [[nisīdati]].	
99408	12	R2	harán sentar. Véase [[nisīdāpeti]].	
99409	12	R2	hace sentar. Véase [[nisīdāpeti]].	
99412	12	R2	harían sentar. Véase [[nisīdāpeti]].	
99418	12	R2	hará sentar. Véase [[nisīdāpeti]].	
99419	12	R2	haz sentar. Véase [[nisīdāpeti]].	
99421	12	R2	se sientan. Véase [[nisīdati]].	
99422	12	R2	siéntate. Véase [[nisīdati]].	
99423	12	R2	se sentó. Véase [[nisīdati]].	
99434	12	R2	se sentarán. Véase [[nisīdati]].	
99436	12	R2	se sentarán. Véase [[nisīdati]].	
99437	12	R2	se sentará. Véase [[nisīdati]].	
99442	12	R2	se sentarían. Véase [[nisīdati]].	
99444	12	R2	golpeará / apuñalará y cortará / atormentará / oprimirá.	
99467	12	R2	prohibirán. Véase [[nisedheti]].	
99468	12	R2	prohibirá. Véase [[nisedheti]].	
99479	12	R2	recurriría a / se asociaría con muchas veces. transgrediría. Véase [[nisevati]] (1).	
99539	12	R2	renuncia. Véase [[nissajjati]].	
99552	12	R2	renunciará; entregará / confiará. Véase [[nissajjati]].	
99692	12	R2	se apoyan / se adhieren. Véase [[nissayati]].	
99861	12	R2	enterrará y matará. Véase [[nihaññati]].	
99862	12	R2	enterrará y matará. Véase [[nihaññati]].	
99878	12	R2	ha puesto.	
99924	12	R2	/ atormentó / oprimió / golpeó / pegó. Véase [[niheṭhayati]].	
100026	12	R2	(1) llevaría / sacaría fuera. Véase [[nīyati]] (1). (2) haría transcurrir. Véase [[nīyati]] (1).	
100329	12	R2	hacen expulsar / apartar. Véase [[nīharapeti]] (2).	
100331	12	R2	harán expulsar / apartar. Véase [[nīharāpeti]] (2).	
100332	12	R2	hace traer / sacar. Véase [[nīharapeti]] (1).	
100338	12	R2	hará expulsar / apartar. Véase [[nīharāpeti]] (2).	
100340	12	R2	sacarán / traerán. Véase [[nīharati]] (1).	
100341	12	R2	(1) sacará / hará surgir. Véase [[nīharati]] (1). (2) expulsará. Véase [[nīharati]] (2).	
100343	12	R2	(1) sacó / recogió. (2) sacó / hizo surgir. (3) abandonó. Véase [[nīharati]] (1).	
100360	12	R2	sacarán / traerán / recogerán. Véase [[nīharati]] (1).	
100361	12	R2	(1) sacará / traerá. (2) expulsará / echará fuera. Véase [[nīharati]] (1).	
100367	12	R2	expulsarían. Véase [[nīharati]] (3).	
100368	12	R2	expulsarán. Véase [[nīharati]] (3).	
100369	12	R2	expulsarían. Véase [[nīharati]] (3).	
100555	12	R2	lleva. llevará. Véase [[neti]].	
100595	12	R2	¡conduce! Véase [[neti]].	
100698	12	R2	envió / condujo / llevó. Véase [[neti]].	
100702	12	R2	conducirá. Véase [[neti]].	
100705	12	R2	conducirán. Véase [[neti]].	
100706	12	R2	conducirá. Véase [[neti]].	
100707	12	R2	enviarán / conducirán / llevarán. Véase [[neti]].	
100708	12	R2	(1) enviará / conducirá / llevará. (2) tomará y llevará. Véase [[neti]].	
100821	12	R2	hará bañar / bañará (a otro). Véase [[nhāpeti]] (1).	
100826	12	R2	se bañan. Véase [[nhāyati]].	
100827	12	R2	(1) ¡bañaos! Véase [[nhāyati]]. (2) ¡lavaos!; ¡lavad / limpiad! Véase [[nhāyati]] (2).	still valid (§91): PCED Meaning, unchanged
100836	12	R2	se bañan. se bañarán. Véase [[nhāyati]].	
100837	12	R2	se baña. se bañará. Véase [[nhāyati]].	
100846	12	R2	se bañan; se bañarán. Véase [[nhāyati]].	
100847	12	R2	(1) se baña; se bañará; véase *nhāyati*. (2) lavará; lavará / limpiará. Véase [[nhāyati]] (2).	
101279	13	R2	se esforzará / hará / dispondrá. Véase [[pakappeti]] (2).	
101282	13	R2	tembló; tembló violentamente; tembló de diversos modos. Véase [[pakampati]].	
101386	13	R2	harán manifiesto; mostrarán claramente. Véase [[pakāsayati]].	
101387	13	R2	hará manifiesto; mostrará claramente. Véase [[pakāsayati]].	
101418	13	R2	hagan manifiesto; hagan evidente; muestren manifiestamente; enseñen. Véase [[pakāseti]].	
101423	13	R2	hacen manifiesto; hacen evidente; muestran manifiestamente; enseñan. Véase [[pakāseti]] (2).	
101424	13	R2	hace manifiesto; hace evidente; muestra manifiestamente; enseña. Véase [[pakāseti]] (2).	
101432	13	R2	hará manifiesto; hará evidente; mostrará manifiestamente; enseñará. Véase [[pakāseti]] (2).	
101433	13	R2	hará manifiesto; volverá manifiesto; mostrará claramente; enseñará. Véase [[pakāseti]] (2).	
101434	13	R2	haz manifiesto; haz evidente; muestra manifiestamente; enseña. Véase [[pakāseti]] (2).	
101461	13	R2	declarará. Véase [[pakitteti]].	
101470	13	R2	declara. Véase [[pakitteti]].	
101610	13	R2	va; se aleja; va a otro lugar. Véase [[pakkamati]].	
101613	13	R2	fue; se alejó; fue a otro lugar. Véase [[pakkamati]].	
101628	13	R2	irá; se alejará; irá a otro lugar. Véase [[pakkamati]].	
101629	13	R2	irán; se alejarán; irán a otro lugar. Véase [[pakkamati]].	
101630	13	R2	irá; se alejará; irá a otro lugar. Véase [[pakkamati]].	
101701	13	R2	invita; invita a venir. Véase [[pakkosati]].	
101792	13	R2	correrá. Véase [[pakkhandati]].	
101969	13	R2	arroja abajo. Véase [[pakkhipati]] (2).	
101987	13	R2	arrojarán abajo. Véase [[pakkhipati]] (2).	
101988	13	R2	meterá; meterá / introducirá. Véase [[pakkhipati]] (1).	
102338	13	R2	gotea / rezuma. Véase [[paggharati]] (1).	
102427	13	R2	practican / ejercen. Véase [[pacarati]].	
102461	13	R2	hacen cocinar. Véase [[pacāpeti]].	
102464	13	R2	cocinan. Véase [[pacati]].	
102465	13	R2	cocina. Véase [[pacati]].	
102471	13	R2	cocina. Véase [[pacati]].	
102491	13	R2	arranca / recoge. Véase [[pacināti]].	
102493	13	R2	arrancará / recogerá. Véase [[pacināti]].	
102495	13	R2	sería hervido / cocinado. Véase la entrada anterior.	
102496	13	R2	cocinará. Véase [[pacati]].	
102499	13	R2	cocinará. Véase [[pacati]].	
102500	13	R2	cocinarán. Véase [[pacati]].	
102501	13	R2	cocinará. Véase [[pacati]].	
102521	13	R2	cocinaría. Véase [[pacati]].	
102602	13	R2	abandona; renuncia. Véase [[paccakkhāti]].	
102606	13	R2	(1) abandonó; renunció; dejó. (2) proclamó / declaró. Véase [[paccakkhāti]].	
102607	13	R2	abandonó; renunció; dejó. Véase [[paccakkhāti]].	
102609	13	R2	abandonará / renunciará / dejará. Véase [[paccakkhāti]].	
102610	13	R2	abandonará / renunciará / dejará. Véase [[paccakkhāti]].	
102616	13	R2	aceptó. Véase [[paṭiggaṇhāti]].	
102622	13	R2	admitió. Véase [[patijānāti]].	
102770	13	R2	experimentan. Véase [[paccanubhavati]].	
102779	13	R2	experimentará. Véase [[paccanubhavati]].	
102789	13	R2	de nuevo / recitó / dijo. Véase [[paccanubhāsati]].	
102864	13	R2	conocieron penetrando. Véase [[paccabyati]].	
102868	13	R2	rechazó; habló en contra. Véase [[paṭibyāhāti]].	
102869	13	R2	en respuesta / de nuevo / habló. Véase [[paṭibhāsati]].	
102872	13	R2	en respuesta / de nuevo / habló. Véase [[paṭibhāsati]].	
103436	13	R2	contempla / reflexiona; contempla / reflexiona una y otra vez. Véase [[paccavekkhati]].	
103437	13	R2	contempla / reflexiona; contempla / reflexiona una y otra vez. Véase [[paccavekkhati]].	
103438	13	R2	contempla / reflexiona; contempla / reflexiona una y otra vez. Véase [[paccavekkhati]].	
103450	13	R2	contempló / reflexionó; contempló / reflexionó una y otra vez. Véase [[paccavekkhati]].	
103451	13	R2	contemplará / reflexionará; contemplará / reflexionará una y otra vez. Véase [[paccavekkhati]].	
103465	13	R2	volvió / regresó de nuevo. Véase [[paccāgacchati]] (a).	
103468	13	R2	volvió / regresó de nuevo. Véase [[paccāgacchati]] (a).	
103483	13	R2	volvieron / regresaron de nuevo. Véase [[paccāgacchati]] (a).	
103485	13	R2	volvió / regresó de nuevo. Véase [[paccāgacchati]] (a).	
103498	13	R2	renuncia; renuncia y abandona. Véase [[paccācikkhati]] (2).	
103508	13	R2	toma de nuevo; se esfuerza de nuevo. Véase [[paccādiyati]].	
103546	13	R2	fue de nuevo / de vuelta. Véase [[paccāyāti]].	
103557	13	R2	tragará / tomará de nuevo. Véase [[paccāvamati]] (a).	
103590	13	R2	espera / anhela / desea. Véase [[paccāsīsati]].	
103615	13	R2	traerán / producirán de nuevo. Véase [[paccāharati]].	
103616	13	R2	traerá de vuelta. Véase [[paccāharati]].	
103629	13	R2	fue de frente / al encuentro / hacia la proximidad; salió a dar la bienvenida. Véase [[paccuggacchati]].	
103659	13	R2	(1) (a) se levantó de frente / por adelantado / primero; se levantó del asiento (en su honor). (b) habiéndose levantado del asiento, dio la bienvenida. (2) permaneció; se mantuvo en pie. Véase [[paccuṭṭhāti]].	
103666	13	R2	(a) deberían levantarse de frente / por adelantado / primero; deberían levantarse del asiento (en su honor). (b) habiéndose levantado del asiento, deberían dar la bienvenida. Véase [[paccuṭṭhāti]].	
103681	13	R2	aceptará / tomará. Véase [[paccuttarati]].	
103756	13	R2	hará atender / servir. Véase [[paccupaṭṭhāpeti]].	
103757	13	R2	estuvo / apareció / surgió de frente. Véase [[paccupaṭṭhāti]].	
103778	13	R2	de nuevo llegad cerca / acercaos. Véase [[paccupeti]].	
103855	13	R2	(1) marchó en defensa. (2) de nuevo / retrocedió / se retiró. Véase [[paccuyyāti]].	
103946	13	R2	creen. Véase [[pacceti]].	
103947	13	R2	(1) cree. (2) admite. Véase [[pacceti]].	
103950	13	R2	se cocería; cocinaría. Véase [[paccati]].	
103954	13	R2	volverá. Véase [[pacceti]].	
103970	13	R2	descienden; se deslizan hacia abajo; expulsan. Véase [[paccorohati]].	
104104	13	R2	cortarán; cortarán / obstruirán. Véase [[pacchindati]].	
104321	13	R2	(1) renuncian. (2) ¡renunciad! Véase [[pajahati]] (a).	
104346	13	R2	renuncian. Véase [[pajahati]] (a).	
104347	13	R2	renuncia. (a) suelta / desecha / abandona. (b) suelta / extiende. Véase [[pajahati]].	
104348	13	R2	renunció. Véase [[pajahati]] (a).	
104363	13	R2	renunciará. Véase [[pajahati]] (a).	
104370	13	R2	renunciarían. Véase [[pajahati]] (a).	
104371	13	R2	renunciarían. Véase [[pajahati]] (a).	
104372	13	R2	renunciaría. Véase [[pajahati]] (a).	
104401	13	R2	conocen. Véase [[pajānāti]].	
104402	13	R2	conoce. Véase [[pajānāti]].	
104403	13	R2	conoce. Véase [[pajānāti]].	
104425	13	R2	surge. Véase [[pajāyati]].	
104512	13	R2	honrará / ofrendará de diversos y múltiples modos. Véase [[pajjohati]].	
105515	13	R2	(1) (a) designan. (b) designad. Véase [[paññapeti]] (1). (2) extended / desplegad. Véase [[paññapeti]] (2).	
105519	13	R2	designan. Dan órdenes / imponen su autoridad. Véase [[paññapeti]] (1).	
105520	13	R2	(1) designa. (a) expone / da a conocer. (b) purifica / deposita en el *santāna* de los *veneyya* / *suṇanta*. Véase [[paññapeti]] (1). (2) (a) extiende / despliega. (b) establece / instituye. Véase [[paññapeti]] (2).	
105531	13	R2	(1) designa. (a) expón / da a conocer. (b) infunde / deposita en el *santāna* de los *veneyya* / *suṇanta*. Véase [[paññapeti]] (1). (2) extiende / despliega. Véase [[paññapeti]] (2).	
105700	13	R2	extendió. Véase [[paññāpayati]] (1).	
105770	13	R2	designan / dan a conocer en sus variedades. Véase [[paññāpeti]] (2).	
105786	13	R2	extiende. Véase [[paññāpeti]] (1).	
105839	13	R2	aparecen; se manifiestan. Véase [[paññāyati]] (1).	
105845	13	R2	aparecerán; se manifestarán. Véase [[paññāyati]] (1).	
105847	13	R2	aparecerá; se manifestará. Véase [[paññāyati]] (1).	
105853	13	R2	aparecería; se manifestaría. Véase [[paññāyati]] (1).	
106188	13	R2	dio de nuevo / de vuelta.	
106216	13	R2	esperan / anhelan / desean. Véase [[paṭikaṅkhati]] (a).	
106217	13	R2	espera / aguarda. Véase [[paṭikaṅkhati]] (adjetivo).	
106256	13	R2	(a) tratarán / curarán. (b) repararán; pedirán perdón / harán que se perdone. Véase [[paṭikaroti]].	
106257	13	R2	(a) devolverá un favor; pagará un favor. (b) tratará / curará. (c) dará de nuevo / de vuelta; dará a cambio. Véase [[paṭikaroti]].	
106265	13	R2	(a) trata / cura. (b) acata / obedece. Véase [[paṭikaroti]].	
106384	13	R2	golpeará / pegará. Véase [[paṭikoṭṭeti]].	
106412	13	R2	harán separarse / desaparecer. Véase [[paṭikkamāpeti]].	
106413	13	R2	hará apartarse / hacerse a un lado. Véase [[paṭikkamāpeti]].	
106414	13	R2	(a) retrocede. (b) viene de nuevo / de vuelta. Véase [[paṭikkamati]].	
106415	13	R2	retírate / hazte a un lado. Véase [[paṭikkamati]].	
106425	13	R2	retrocederá. Véase [[paṭikkamati]].	
106444	13	R2	prohibirá / vetará / objetará. Véase [[paṭikkosati]].	
106446	13	R2	prohibiría / vetaría / objetaría. Véase [[paṭikkosati]].	
106484	13	R2	vetan / prohíben. Véase [[paṭikkhipati]].	
106485	13	R2	(a) veta / prohíbe. (b) abandona. Véase [[paṭikkhipati]].	
106550	13	R2	fue de nuevo / de vuelta. Véase [[paṭigacchati]] (2).	
106557	13	R2	irá hacia / de frente. Véase [[paṭigacchati]] (1).	
106570	13	R2	(1) (a) toman; reciben. Véase [[paṭiggaṇhāti]] (1). (b) ¡tomen!; ¡reciban! (2) ¡tomen de nuevo / de vuelta! Véase [[paṭiggaṇhāti]] (2).	
106589	13	R2	(a) toma; recibe. (b) acoge / practica. (c) toma a modo de tolerancia; tolera. (d) acepta lo ofrecido. Véase [[paṭiggaṇhāti]] (1).	
106590	13	R2	(a) toma; recibe. (b) acoge / practica. (c) toma a modo de tolerancia; tolera. (d) acepta lo ofrecido. Véase [[paṭiggaṇhāti]] (1).	
106597	13	R2	tomó; recibió. Véase [[paṭiggaṇhāti]] (1).	
106598	13	R2	tomó; recibió. Véase [[paṭiggaṇhāti]] (1).	
106611	13	R2	acogería / practicaría. Véase [[paṭiggaṇhāti]] (1).	
106663	13	R2	tomó / recibió. Véase [[paṭiggahati]] (a).	
106716	13	R2	tomará / recibirá. Véase [[paṭiggahati]] (a).	
106717	13	R2	tomarán / recibirán. Véase [[paṭiggahati]] (a).	
106718	13	R2	(a) tomará / recibirá. (b) agarrará / tomará. (c) aceptará lo ofrecido. Véase [[paṭiggahati]] (a). Véase [[paṭiggahati]] (b). Véase [[paṭiggahati]] (f).	
106738	13	R2	chocan. Véase [[paṭighaṁsati]].	
106832	13	R2	(a) surgirá por la fuerza de cubrir / ocultar. (b) cubrirá / ocultará. Véase [[paṭicarati]].	
106845	13	R2	culpará / acusará. Véase [[paṭicodeti]] (1).	
106847	13	R2	(1) culpará / acusará. (2) culpará / acusará de nuevo / a su vez. Véase [[paṭicodeti]] (1, 2).	
107020	13	R2	cubren / ocultan. Véase [[paṭicchādeti]].	
107024	13	R2	cubren / ocultan. Véase [[paṭicchādeti]].	
107025	13	R2	cubre / oculta. Véase [[paṭicchādeti]].	
107027	13	R2	cubrirían / ocultarían. Véase [[paṭicchādeti]].	
107033	13	R2	cubrirá / ocultará. Véase [[paṭicchādeti]].	
107034	13	R2	cubrirán / ocultarán. Véase [[paṭicchādeti]].	
107035	13	R2	cubrirá / ocultará. Véase [[paṭicchādeti]].	
107051	13	R2	(a) aprueba / acepta / recibe / recibe la ofrenda. (b) aprueba / acepta / recibe / practica. Véase [[paṭicchati]].	
107088	13	R2	(1) atienden / sirven / sustentan. (2) reparan / arreglan. Véase [[paṭijaggati]].	
107089	13	R2	(1) atiende / sirve / sustenta. (2) medica / cura. Véase [[paṭijaggati]].	
107106	13	R2	atenderán / servirán / sustentarán. Véase [[paṭijaggati]].	
107108	13	R2	(1) atenderán / servirán / sustentarán. (2) limpiarán. (a) despejarán. (b) repararán / arreglarán. Véase [[paṭijaggati]].	
107112	13	R2	atendería / serviría / sustentaría. Véase [[paṭijaggati]].	
107138	13	R2	(1) admite. (2) conoce. Véase [[paṭijānāti]].	
107139	13	R2	admite. Véase [[paṭijānāti]].	
107152	13	R2	admitirá. Véase [[paṭijānāti]].	
107153	13	R2	admitirá. Véase [[paṭijānāti]].	
107216	13	R2	darán de nuevo / de vuelta. Véase [[paṭidadāti]].	
107217	13	R2	dará de nuevo / de vuelta. Véase [[paṭidadāti]].	
107236	13	R2	dicen / declaran. Véase [[paṭideseti]].	
107237	13	R2	dice / declara. Véase [[paṭideseti]].	
107246	13	R2	deberían correr de nuevo. Véase [[paṭidhāvati]].	
107251	13	R2	se deleita / se alegra. Véase [[paṭinandati]].	
107258	13	R2	vuelve a llevar; devuelve. Véase [[paṭineti]].	
107343	13	R2	renunciará / abandonará. Véase [[paṭinissajjati]].	
107344	13	R2	renunciará / abandonará. Véase [[paṭinissajjati]].	
107351	13	R2	renuncia / abandona. Véase [[paṭinissajjati]].	
107368	13	R2	vuelvan a enviar; devuelvan. Véase [[paṭineti]].	
107371	13	R2	volverá a enviar; devolverá. Véase [[paṭineti]].	
107372	13	R2	vuelve a enviar; devuelve. Véase [[paṭineti]].	
107490	13	R2	(1) (a) practiquen / realicen / esfuércense. (b) gobiernen / administren / reinen. (2) vayan. (3) escuchen. Véase [[paṭipajjati]].	
107491	13	R2	(1) practicó / realizó / se esforzó. (2) fue. Véase [[paṭipajjati]].	
107518	13	R2	(1) (a) practica / realiza / esfuérzate. (b) gobierna / administra / reina. (2) acepta / recibe. Véase [[paṭipajjati]].	
107526	13	R2	practican / realizan / se esfuerzan. Véase [[paṭipajjati]].	
107527	13	R2	practica / realiza / se esfuerza. Véase [[paṭipajjati]].	
107528	13	R2	(1) practica / realiza / esfuérzate. (2) acepta / recibe. Véase [[paṭipajjati]].	
107544	13	R2	(1) practicará / realizará / se esforzará. (2) obtuvo; llegó. Véase [[paṭipajjati]].	
107547	13	R2	(1) practicará / realizará / se esforzará. (2) irá. Véase [[paṭipajjati]].	
107548	13	R2	practicarán / realizarán / se esforzarán. Véase [[paṭipajjati]].	
107549	13	R2	practicará / realizará / se esforzará. (2) aceptará / recibirá. Véase [[paṭipajjati]].	
107551	13	R2	practicarían / realizarían / se esforzarían. Véase [[paṭipajjati]].	
107555	13	R2	practicarían / realizarían / se esforzarían. Véase [[paṭipajjati]].	
107776	13	R2	se apaciguó / se sosegó / cesó / quedó cortado. Véase [[paṭippassambhati]].	
107805	13	R2	apaciguará / sosegará / hará cesar / cortará. Véase [[paṭippassambheti]].	
107806	13	R2	apaciguará / sosegará / hará cesar / cortará. Véase [[paṭippassambheti]].	
107807	13	R2	apacigua / sosiega / haz cesar / corta. Véase [[paṭippassambheti]].	
107808	13	R2	apacigua / sosiega / haz cesar / corta. Véase [[paṭippassambheti]].	
107809	13	R2	de nuevo / a su vez mira / ve. Véase [[paṭipassati]] (2).	
107839	13	R2	(1) (a) hace ir / llegar. (b) quiere hacer ir / llegar. (2) hace unir; hace recibir; da. Véase [[paṭipādayati]] (2). Véase [[paṭipādayati]] (3).	
107860	13	R2	hace practicar. Véase [[paṭipādeti]] (3).	
107863	13	R2	harían surgir / llevarían a cabo. Véase [[paṭipādeti]] (1).	
107864	13	R2	harían surgir / llevarían a cabo. Véase [[paṭipādeti]] (1).	
107865	13	R2	haría unir; haría recibir; daría. Véase [[paṭipādeti]] (4).	
107871	13	R2	hará ir / llegar. Véase [[paṭipādeti]] (2).	
107872	13	R2	haz surgir / lleva a cabo. Véase [[paṭipādeti]] (1).	
107911	13	R2	preguntan / consultan. Véase [[paṭipucchati]] (1).	
107912	13	R2	(1) pregunta / consulta. (2) pregunta / consulta de nuevo / en respuesta. Véase [[paṭipucchati]] (1, 2).	
107917	13	R2	(1) preguntó / consultó. (2) preguntó / consultó de nuevo / en respuesta. (3) rogó. Véase [[paṭipucchati]].	
107924	13	R2	preguntarán / consultarán. Véase [[paṭipucchati]] (1).	
107926	13	R2	(1) preguntará / consultará. (2) preguntará / consultará de nuevo / en respuesta. Véase [[paṭipucchati]].	
107928	13	R2	(1) (a) preguntarían / consultarían. (b) preguntad / consultad. (2) (a) preguntarían / consultarían de nuevo / en respuesta. (b) preguntad / consultad de nuevo / en respuesta. Véase [[paṭipucchati]] (1, 2).	
107929	13	R2	pregunta / consulta. Véase [[paṭipucchati]] (1).	
107930	13	R2	pregunta / consulta. Véase [[paṭipucchati]] (1).	
107943	13	R2	venerarán. Véase [[paṭipūjeti]] (1).	
107944	13	R2	(1) venerará. (2) venerará de frente. Véase [[paṭipūjeti]].	
108017	13	R2	se opone; se esfuerza en contra; se mantiene como adversario. Véase [[paṭippharati]].	
108023	13	R2	se opondrá; se esforzará en contra; se mantendrá como adversario. Véase [[paṭippharati]].	
108081	13	R2	impide. Véase [[paṭibāhati]].	
108082	13	R2	(a) impidió. (b) rechazó / repelió. Véase [[paṭibāhati]].	
108094	13	R2	impedirá. Véase [[paṭibāhati]].	
108095	13	R2	impedirá. Véase [[paṭibāhati]].	
108104	13	R2	impedirá. Véase [[paṭibāhati]].	
108128	13	R2	(1) conoció. (2) despertó. Véase [[paṭibujjhati]].	
108142	13	R2	harían conocer. Véase [[paṭibodheti]].	
108144	13	R2	de nuevo / en respuesta habló; habló en contra; negó. Véase [[paṭibyākaroti]].	
108155	14	R2	de nuevo / en respuesta habla; responde. Véase [[paṭibhaṇati]].	
108248	14	R2	aparece; se hace manifiesto; aparece directamente ante el conocimiento; llega directamente al conocimiento; llega a ser objeto del conocimiento. Véase [[paṭibhāti]].	
108249	14	R2	apareció; se hizo manifiesto; apareció directamente ante el conocimiento; llegó directamente al conocimiento; llegó a ser objeto del conocimiento. Véase [[paṭibhāti]].	
108288	14	R2	estima / honra / atiende. Véase [[paṭimānayati]] (2).	
108289	14	R2	espera / aguarda. Véase [[paṭimānayati]] (1).	
108292	14	R2	estimó / honró / atendió. Véase [[paṭimāneti]].	
108301	14	R2	espera / aguarda. Véase [[paṭimāneti]] (1).	
108305	14	R2	espera / aguarda. Véase [[paṭimāneti]] (1).	
108308	14	R2	mató a su vez; mató en represalia. Véase [[paṭimāresiṁ]].	
108338	14	R2	colocó / cubrió / adornó. Véase [[paṭimuñcati]] (1).	
108349	14	R2	se soltará / se liberará. Véase [[paṭimuccati]] (1).	
108391	14	R2	arreglarán / organizarán. Véase [[paṭiyādeti]] (1).	
108392	14	R2	(1) embellece / prepara / adorna. (2) da / ofrece. Véase [[paṭiyādeti]].	
108399	14	R2	harán / organizarán / prepararán. Véase [[paṭiyādeti]] (1).	
108400	14	R2	(a) hará / organizará. (b) cocinará / freirá. Véase [[paṭiyādeti]] (1).	
108401	14	R2	(1) (a) haz / organiza. (b) cocina / fríe. (2) da / ofrece. Véase [[paṭiyādeti]].	
108555	14	R2	hará obtener. Véase [[paṭilabhāpeti]].	
108556	14	R2	obtienen. Véase [[paṭilabhati]] (b).	
108557	14	R2	obtiene. Véase [[paṭilabhati]] (b).	
108558	14	R2	obtén de nuevo / de vuelta. Véase [[paṭilabhati]] (a).	
108561	14	R2	obtuvo. Véase [[paṭilabhati]] (b).	
108562	14	R2	obtuvo. Véase [[paṭilabhati]] (b).	
108579	14	R2	obtendrán. Véase [[paṭilabhati]] (b).	
108580	14	R2	obtendrá. Véase [[paṭilabhati]] (b).	
108585	14	R2	obtendrían. Véase [[paṭilabhati]] (b).	
108586	14	R2	obtendría. Véase [[paṭilabhati]] (b).	
108709	14	R2	de nuevo / otra vez hará retroceder; hará enrollar / enroscar. Véase [[paṭivaṭṭeti]].	
108729	14	R2	viven / residen / moran. Véase [[paṭivasati]].	
108730	14	R2	vive / reside / mora. Véase [[paṭivasati]].	
108765	14	R2	(a) disfruta / experimenta. (b) conoce penetrando; conoce bien. Véase [[paṭivijānāti]].	
108769	14	R2	conocerían penetrando; conocerían bien. Véase [[paṭivijānāti]].	
108796	14	R2	hará conocer penetrando. Véase [[paṭivijjhāpeti]].	
108797	14	R2	(a) conocen penetrando. (b) conocen / obtienen / alcanzan. Véase [[paṭivijjhati]] (2).	
108798	14	R2	conoce penetrando. Véase [[paṭivijjhati]].	
108802	14	R2	conoció penetrando. Véase [[paṭivijjhati]].	still valid (§91): PCED Meaning, unchanged
108818	14	R2	conocerá / obtendrá / alcanzará. Véase [[paṭivijjhati]] (2).	
108821	14	R2	conocerá penetrando. Véase [[paṭivijjhati]] (2).	
108826	14	R2	conocerían penetrando. Véase [[paṭivijjhati]] (2).	
108879	14	R2	abandonarán / extinguirán. Véase [[paṭivineti]].	
108890	14	R2	abandona / apacigua. Véase [[paṭivineti]].	
108905	14	R2	abandonará / extinguirá. Véase [[paṭivinodeti]].	
108922	14	R2	se abstiene. Véase [[paṭiviramati]].	
108925	14	R2	se abstendrían. Véase [[paṭiviramati]].	
108966	14	R2	indagó / preguntó. Véase [[paṭivekkhati]].	
108967	14	R2	indagó / preguntó. Véase [[paṭivekkhati]].	
108974	14	R2	hace saber / informa. Véase [[paṭivedayati]].	
108979	14	R2	hará saber / informará. Véase [[paṭivedayati]].	
108988	14	R2	hace saber / informa. Véase [[paṭivedeti]] (2).	
108992	14	R2	hará saber / informará. Véase [[paṭivedeti]] (2).	
109066	14	R2	abrevia / ‹ချင်း› / reduce. Véase [[paṭisaṁkhipati]].	
109068	14	R2	refrenará / guardará. Véase [[paṭisaṁyamati]].	
109099	14	R2	experimentaría. Véase [[paṭisaṁvedayati]].	
109102	14	R2	experimentará. Véase [[paṭisaṁvedeti]] (1).	
109111	14	R2	experimenta. Véase [[paṭisaṁvedeti]] (1).	
109113	14	R2	experimentaría. Véase [[paṭisaṁvedeti]] (1).	
109116	14	R2	experimentó / usó. Véase [[paṭisaṁvedeti]] (1).	still valid (§91): PCED Meaning, unchanged
109127	14	R2	retira de nuevo / de vuelta / hace retroceder. Véase [[paṭisaṁharati]].	
109132	14	R2	retiraría de nuevo / de vuelta / haría retroceder. Véase [[paṭisaṁharati]] (1).	
109146	14	R2	repararían / arreglarían / dispondrían. Véase [[paṭisaṅkharoti]].	
109151	14	R2	reparan / arreglan / disponen. Véase [[paṭisaṅkharoti]].	
109207	14	R2	examinó / reflexionó. Véase [[paṭisañcikkhati]].	
109226	14	R2	tapará / remendará / ajustará. Mostrará afabilidad / cortesía. Véase [[paṭisantharati]].	
109247	14	R2	tomará *paṭisandhi*. Véase [[paṭisandahati]].	
109248	14	R2	tomará *paṭisandhi*. Véase [[paṭisandahati]].	
109427	14	R2	hace conversar de nuevo / en respuesta, alegre / gozosamente.	
109487	14	R2	guardó / almacenó. Véase [[paṭisāmayati]].	
109506	14	R2	guardará / almacenará. Véase [[paṭisāmeti]].	
109521	14	R2	hará de nuevo / otra vez rememorar / recordar. Véase [[paṭisāreti]].	
109594	14	R2	recurre a / usa / experimenta. Véase [[paṭisevati]].	
109595	14	R2	recurrió a / usó / experimentó. Véase [[paṭisevati]].	
109608	14	R2	recurrirá a / usará / experimentará. Véase [[paṭisevati]].	
109610	14	R2	recurrirá a / usará / experimentará. Véase [[paṭisevati]].	
109611	14	R2	recurrirá a / usará / experimentará. Véase [[paṭisevati]].	
109615	14	R2	recurriría a / usaría / experimentaría. Véase [[paṭisevati]].	
109649	14	R2	acogen / aceptan. Véase [[paṭissuṇāti]].	
109650	14	R2	prometió. Véase [[paṭissuṇāti]].	
109657	14	R2	prometerán. Véase [[paṭissuṇāti]].	
109675	14	R2	impide / disipa. Véase [[paṭihaññati]] (1).	
109701	14	R2	impedirá / disipará. Véase [[paṭihanati]].	
109718	14	R2	traerá de nuevo / de vuelta. Véase [[paṭiharati]] (2).	
109721	14	R2	traerían de nuevo / de vuelta. Véase [[paṭiharati]] (2).	
109722	14	R2	se acercaría; traería / daría a conocer una noticia. Véase [[paṭiharati]] (3).	
109735	14	R2	cada uno por separado / se esfuerza / pone empeño. Véase [[paṭīhati]].	
109797	14	R2	hará establecerse / surgir. Véase [[paṭṭhapayati]].	
109815	14	R2	hacen establecerse / surgir. Véase [[paṭṭhapeti]].	
109816	14	R2	hace establecerse / surgir. (a) pone. (b) comunica / da a conocer. Véase [[paṭṭhapeti]].	
109824	14	R2	hará establecerse / surgir. (a) pondrá. (b) comunicará / dará a conocer. Véase [[paṭṭhapeti]].	
110308	14	R2	inclina la cabeza / muestra respeto / rinde homenaje. Véase [[paṇamati]] (2).	
110338	14	R2	ahuyentan / expulsan. Véase [[paṇāmeti]] (2).	
110341	14	R2	ahuyenta / expulsa. Véase [[paṇāmeti]] (2).	
110356	14	R2	pondrán; desearán / anhelarán. Véase [[paṇidahati]] (b).	
110377	14	R2	(a) pon en la mente; adopta. (b) anhela; formula una aspiración / haz un voto. Véase [[paṇidheti]].	
110381	14	R2	se postró / mostró reverencia / rindió homenaje / se inclinó. Véase [[paṇipatati]].	
110464	14	R2	pone / dispone. Véase [[paṇeti]].	
110466	14	R2	pon / dispón. Véase [[paṇeti]].	
110918	14	R2	de manera especial / cruzaría / pasaría al otro lado. Véase [[patarati]].	
110928	14	R2	caen rodando. Véase [[patati]].	
110929	14	R2	(1) cae. Véase [[patāpeti]] (1). (2) salta por encima. Véase [[patāpeti]].	
110943	14	R2	golpeará / azotará / atacará. Véase [[patāl̤eti]].	
110949	14	R2	de nuevo / en respuesta / habló.	
110951	14	R2	contempló / reflexionó; una y otra vez / habiendo penetrado con el conocimiento / contempló / reflexionó. Véase también [[paccavekkhati]].	
111015	14	R2	asienta / deposita / planta. Véase [[patiṭṭhapeti]] (1).	
111019	14	R2	(a) asentó / colocó. Véase [[patiṭṭhāpeti]] (1). (b) repartió / dio / donó. Véase [[patiṭṭhapeti]] (1).	
111022	14	R2	asentará / colocará. Véase [[patiṭṭhapeti]] (1).	
111033	14	R2	surge / existe. Véase [[patiṭṭhahati]] (2).	
111034	14	R2	surgió / existió. Véase [[patiṭṭhahati]] (2).	
111036	14	R2	(1) se mantuvo en pie / se detuvo. Véase [[patiṭṭhahati]] (1). (2) surgió / existió. Véase [[patiṭṭhahati]] (2).	
111043	14	R2	surgirán / existirán. Véase [[patiṭṭhahati]] (2).	
111045	14	R2	surgirá / existirá. Véase [[patiṭṭhahati]] (2).	
111046	14	R2	surgirá / existirá. Véase [[patiṭṭhahati]] (2).	
111116	14	R2	asentarían; ¡asentad! Véase [[patiṭṭhāpeti]] (1).	
111118	14	R2	asentó. Véase [[patiṭṭhāpeti]] (1).	
111123	14	R2	asentarán; construirán. Véase [[patiṭṭhāpeti]] (1).	
111133	14	R2	(1) se asentó / permaneció; se mantuvo en pie / se detuvo. Véase [[patiṭṭhāti]] (1). (2) surgió / existió. Véase [[patiṭṭhāti]] (2). (3) instaló. Véase [[patiṭṭhāti]] (4).	
111730	14	R2	llega a ser por la confianza; confía. Véase [[pattiyāyati]].	
111829	14	R2	anhelan / desean. Véase [[patthayati]] (a).	
111830	14	R2	anhela / desea. Véase [[patthayati]] (a).	
111831	14	R2	(a) anheló / deseó. (b) se adhirió / se apegó. Véase [[patthayati]].	
111844	14	R2	anhelaría / desearía. Véase [[patthayati]] (a).	
111920	14	R2	anhelan / desean. Véase [[pattheti]] (a).	
111921	14	R2	(a) anhela / desea. (b) hace votos / pide un deseo. Véase [[pattheti]].	
111924	14	R2	(a) anheló / deseó. (b) hizo votos / pidió un deseo. Véase [[pattheti]].	
111929	14	R2	(a) anhelará / deseará. (b) hará votos / pedirá un deseo. Véase [[pattheti]].	
112258	14	R2	(de modos diversos, variados) se desprende / da / dona. Véase [[padadāti]].	
112839	14	R2	lleva / toma consigo. Véase [[padhāreti]].	
112846	14	R2	correrá. Véase [[padhāvati]].	
112915	14	R2	quitará / dejará / arrojará / abandonará. Véase [[panudati]].	
113070	14	R2	(a) haríais llegar a ser / haríais (a alguien) novicio / *sāmaṇera*. (b) haríais llegar a ser / haríais (a alguien) novicio o monje. Véase [[pabbājeti]] (2).	
113082	14	R2	(1) haz salir / expulsa. (2) (a) haz llegar a ser / haz (a alguien) novicio / *sāmaṇera*. (b) haz llegar a ser / haz (a alguien) novicio o monje. (c) haz llegar a ser / haz (a alguien) ermitaño o *paribbājaka*. Véase [[pabbājeti]].	
113105	14	R2	dijo / respondió. Véase [[pabyākaroti]].	
113108	14	R2	en voz alta / haciendo ruido / habló; gritó / vociferó. Véase [[pabyāharati]] (b).	
113955	15	R2	tocarán. Véase [[phasseti]].	
114007	15	R2	tocará. Véase [[phassati]].	
114244	15	R2	tocará; tocaré. Véase [[phusati]].	
114247	15	R2	tocará. tocaré. Véase [[phusati]].	
114388	15	R2	ató / ligó / se adhirió / quedó atrapado. Véase [[bajjhati]].	
114393	15	R2	será ligado; sufrirá ser ligado. Véase [[bajjhati]].	
114394	15	R2	podría ser atado; podría quedar atrapado. Véase [[bajjhati]].	
114700	15	R2	podrían ligar. Véase [[bandhati]].	
115902	15	R2	oprimirá. Véase [[bādheti]] (1).	
116660	15	R2	conoció; conoció penetrando. Véase [[bujjhati]] (1).	
116673	15	R2	conocería. Véase [[bujjhati]] (1).	
117788	15	R2	responderá. Véase [[byākaroti]] (1).	
117794	15	R2	responderían. declararían. Véase [[byākaroti]] (1).	
117796	15	R2	¡responde! Véase [[byākaroti]] (1).	
117813	15	R2	(1) respondió / habló. Véase [[byākaroti]] (1). (2) obró de modo invertido; hizo llegar a la inversión. Véase [[byākaroti]] (2).	
117830	15	R2	atormentará y oprimirá; hará afligirse / estremecerse. Véase [[byādhayati]].	
117865	15	R2	enferma. Véase [[byādhiyati]].	
117892	15	R2	llegará al trastorno y la destrucción. Véase [[byāpajjati]].	
118062	15	R2	se esfuerzan con vigor.	
118093	15	R2	(1) habló. Véase [[byāharati]] (1). (2) llevó. Véase [[byāharati]] (3).	
118102	15	R2	habló. Véase [[byāharati]] (1).	
118557	15	R2	haría aumentar. Véase [[brūheti]].	
118581	15	R2	llegará a comer. Véase [[bhakkheti]].	
118737	15	R2	frecuentan / cultivan. Véase [[bhajati]] (1-a).	
118738	15	R2	frecuenta / cultiva. Véase [[bhajati]] (1-a).	
118739	15	R2	que frecuente / cultive. Véase [[bhajati]] (1-a).	
118752	15	R2	que frecuenten / cultiven. Véase [[bhajati]] (1-a).	
118755	15	R2	que frecuenten / cultiven. Véase [[bhajati]] (1-a).	
118756	15	R2	debería frecuentar / cultivar. Véase [[bhajati]] (1-a).	
118758	15	R2	que frecuente / cultive. Véase [[bhajatī]] (1-a).	still valid (§91): PCED Meaning, unchanged
118792	15	R2	rompe / destruye; arranca. Véase [[bhañjati]].	
118828	15	R2	que hablen. Véase [[bhaṇati]].	
118843	15	R2	que hable. Véase [[bhaṇati]].	
119576	15	R2	¿desean? Véase [[bharati]] (4).	
119580	15	R2	sustenta / mantén; haz prosperar. Véase [[bharati]] (1).	
119604	15	R2	sustentará / criará. Véase [[bharati]] (1).	
119606	15	R2	sustentarán / criarán. Véase [[bharati]] (1).	
119608	15	R2	sustentará / criará. Véase [[bharati]] (1).	
119620	15	R2	sustentaría / criaría. Véase [[bharati]] (1).	
120045	15	R2	sé. Véase [[bhavati]] (1).	
120082	15	R2	somos. Véase [[bhavati]] (1).	
120084	15	R2	soy; deseo ser. Véase [[bhavati]] (1).	
120093	15	R2	sé. Véase [[bhavati]] (1).	
120120	15	R2	será. Véase [[bhavati]] (1).	
120142	15	R2	sería. Véase [[bhavati]] (1).	
120146	15	R2	serían. Véase [[bhavati]] (1).	
120148	15	R2	sé. Véase [[bha0ti]] (1).	
120215	15	R2	se deslizaría y caería. Véase [[bhassati]].	
120354	15	R2	repartirán. Véase [[bhājeti]] (a).	
120356	15	R2	reparte. Véase [[bhājeti]] (a).	
120410	15	R2	temen. Véase [[bhāyati]].	
120857	15	R2	deberían hacer surgir / desarrollar / cultivar. Véase [[bhāveti]].	
120858	15	R2	debería hacer surgir / desarrollar / cultivar. Véase [[bhāveti]].	
120859	15	R2	hice surgir / desarrollé / cultivé. Véase [[bhāveti]].	
120874	15	R2	hablan. Véase [[bhāsati]].	
120909	15	R2	habló. Véase [[bhāsati]].	
120952	15	R2	hablarán. Véase [[bhāsati]].	
120953	15	R2	hablará / expondrá. Véase [[bhāsati]].	
120968	15	R2	hablarían. Véase [[bhāsati]].	
120971	15	R2	hablarían. Véase [[bhāsati]].	
120972	15	R2	hablaría. Véase [[bhāsati]].	
121009	15	R2	atemorizarán / intimidarán. Véase [[bhiṁsāpeti]].	
121675	15	R2	que coman; que disfruten. Véase [[bhuñjati]].	
121716	15	R2	que coma; que disfrute. Véase [[bhuñjati]].	
121752	15	R2	comerán. Véase [[bhuñjati]].	
121762	15	R2	comería; consumiría. Véase [[bhuñjati]].	
121766	15	R2	comerían. Véase [[bhuñjati]].	
121768	15	R2	comería. Véase [[bhuñjati]].	
122259	15	R2	se espantan. Véase también [[bhāyati]].	
122688	15	R2	haría comer / alimentaría. Véase [[bhojeti]].	
123861	16	R2	es tacaño / avaro. Véase [[maccharāyati]].	
124009	16	R2	sería negligente. Véase [[majjati]] (2-b).	
124358	16	R2	(1) conocen. Véase [[maññati]] (1). (2) piensan. Véase [[maññati]] (2).	
124359	16	R2	ha pensado. Véase [[maññati]] (2).	
124411	16	R2	he pensado. Véase [[maññati]] (2).	
124412	16	R2	pensará. Véase [[maññati]] (2).	
124415	16	R2	pensará. Véase [[maññati]] (2).	
124416	16	R2	pensarán. Véase [[maññati]] (2).	
124422	16	R2	pensaría. Véase [[maññati]] (2).	
124425	16	R2	pensarían. Véase [[maññati]] (2).	
124426	16	R2	pensaría. Véase [[maññati]] (2).	
125036	16	R2	remueve / sacude / domina / oprime (sentido de la palabra); alegra; engaña; produce; revuelve (sentido intencionado). Véase el original.	
125330	16	R2	*anulopaṭilomaṁ manasākāsi*. *manasākāsīti manasī akāsi*. *manasākāsīti ettha ikāralo( vasena sandhīti āha manasi akāsīti*.	
125366	16	R2	pon en la mente; presta atención. Véase [[manasikaroti]].	
126300	16	R2	consideran «mi propiedad». aman / se deleitan / se apegan / estiman. Véase [[mamāyati]].	
126313	16	R2	consideraría «mi propiedad»; amaría / se deleitaría / se apegaría / estimaría. Véase [[mamāyati]].	still valid (§91): PCED Meaning, unchanged
126634	16	R2	morirán. Véase [[marati]].	
126636	16	R2	morirá. Véase [[marati]].	
126637	16	R2	morirán. moriremos. Véase [[marati]].	
126638	16	R2	morirá; moriré. Véase [[marati]].	
129687	16	R2	estimarán. Véase [[māneti]].	
129727	16	R2	crearía / establecería / haría / construiría. Véase [[māpeti]] (1).	
129731	16	R2	creará / establecerá / hará / construirá. Véase [[māpeti]] (1).	
129917	16	R2	¿hace morir?; ¿mata? Véase [[māreti]].	
129925	16	R2	hará morir; matará. Véase [[māreti]].	
129928	16	R2	haz morir; mata. Véase [[māreti]].	
130714	16	R2	morirían. Véase [[marati]].	
130756	16	R2	se marchitan. Véase [[milāyati]].	
130770	16	R2	se marchitará. Véase [[milāyati]].	
130872	16	R2	moriría. Véase [[marati]].	
131129	16	R2	¡que se liberen! Véase [[muccati]] (1-a).	
132797	16	R2	hará liberarse. Véase [[moceti]] (1).	
132808	16	R2	¡alegraos! Véase [[modati]].	
132826	16	R2	se complacen / se alegran. Véase [[modati]].	
132827	16	R2	se complace / se alegra. Véase [[modati]].	
133298	17	R2	(él) veneraría / daría / donaría / repartiría.	
134421	17	R2	(1) (verbalmente) pide / solicita / demanda (imperativo). Véase [[yācati]]. (2) (a) ruega / pide respetuosamente (imperativo). Véase [[yācati]] (2-a). (b) ruega / prohíbe (imperativo). Véase [[yācati]] (2-a).	
134430	17	R2	(1) (verbalmente) pedimos / solicitamos / demandamos. Véase [[yācati]] (1-a). (2) (a) rogamos / pedimos respetuosamente. Véase [[yācati]] (2-a). (b) nos disculparemos / pediremos perdón con reverencia / pediremos indulgencia (tiempo futuro). Véase [[yācati]] (2-b). (c) rogamos / respetuosamente / exhortamos / instamos. Véase [[yācati]] (2-a).	
134470	17	R2	(1) (a) (verbalmente) pediremos / solicitaremos / demandaremos. (b) (mediante *kāyaviññatti*) pediremos / solicitaremos / demandaremos. Véanse [[yācati]] (1-a, b). Véase el original.	
134480	17	R2	(1) (verbalmente) pediríamos / solicitaríamos / demandaríamos. Véase [[yācati]] (1-a). (2) deseamos disculparnos / pedir perdón con reverencia / pedir indulgencia. Véase [[yācati]] (2-b).	
134481	17	R2	(1) (verbalmente) pedid / solicitad / demandad (imperativo). Véase [[yācati]] (1-a). (2) rogaría / respetuosamente / exhortaría / instaría. Véase [[yācati]] (2-a). (3) anhela / espera / desea / tiene el deseo / manifiesta el deseo. Véase [[yācati]] (4).	
134656	17	R2	que hace subsistir / hace surgir (dicho de una persona).	
134689	17	R2	edad; edad de la vida.	still valid (§91): PCED Meaning, unchanged
136050	17	R2	hice que se apegara / se manchara; teñí. Véase [[rajati]].	
136070	17	R2	hacen teñir. Véase [[rajati]].	
136073	17	R2	hicieron teñir.	
136081	17	R2	sería teñido. Véase [[rajati]].	
136088	17	R2	teñiría. Véase [[rajati]].	
138513	17	R2	le creció carne nueva / se le cicatrizó la herida.	
139527	17	R2	hace establecer; pone.	
140715	18	R2	obtuvo.	
140744	18	R2	(tú) obtendrías.	
140745	18	R2	(1) obtendría. (2) llegaría.	
141232	18	R2	escribió.	
141731	18	R2	hice untar / cubrir.	
143659	18	R2	(1) (a) voy. (b) moro. Véase [[vajati]] (10). (2) iré. (3) frecuento / venero. Véase [[vajati]] (1).	
143795	18	R2	habla / di / declara / comunica.	
143861	18	R2	(él) evitaría / eludiría.	still valid (§91): PCED Meaning, unchanged
143868	18	R2	habla / di / predica / comunica / declara.	
144478	18	R2	sirve / saca con cucharón / vierte. Véase [[vaḍḍheti]].	
145114	18	R2	debería practicar.	
145556	18	R2	(él) hablaría / expondría / diría.	
145634	18	R2	mató.	
146016	18	R2	¡rinde homenaje / inclínate, por favor!	
146041	18	R2	haría plantar / sembrar.	
146133	18	R2	sin duda censurarán / reprobarán.	
146135	18	R2	sin duda censurará / reprobará.	
146891	18	R2	mora.	
146917	18	R2	haz morar.	
147640	19	R2	¡haz recitar / hablar; enseña / imparte!	
147642	19	R2	hice recitar / hablar / aprender; enseñé / impartí.	
148164	19	R2	(el olor) se exhaló / se difundió.	
148165	19	R2	(en el telar) ¡tejed!	
148222	19	R2	se esforzaría / se aplicaría / se empeñaría / se afanaría / pondría empeño.	
148252	19	R2	hicieron tejer (en el telar).	
148276	19	R2	hace que (el olor) se exhale / se difunda / huela.	
148753	19	R2	impregnó / perfumó (honrando) (con humo, con aroma). Véase [[vāseti]] (1) (1).	
148862	19	R2	obró de manera perversa / errada.	
149898	19	R2	deberían deambular / ir y venir / frecuentar.	
150377	19	R2	se lució / se solazó / retozó.	
150432	19	R2	renunció / abandonó / desechó / soltó.	
150527	19	R2	conoció penetrando.	
150576	19	R2	censuró / aborreció / se hastió.	
150652	19	R2	existen. Véase también [[vijjati]].	
150653	19	R2	existió manifiestamente.	
150892	19	R2	existiría manifiestamente / llegaría a ser.	
150977	19	R2	clavó / horadó. Véase también [[vijjhati]].	
150992	19	R2	dispararán / dispararemos.	
150993	19	R2	traspasará / disparará.	
151312	19	R2	haría saber.	
151318	19	R2	hicieron saber / pidieron.	
151543	19	R2	pensarían / harían surgir.	
151829	19	R2	preparó / dispuso.	
151974	19	R2	son destruidos.	
152238	19	R2	amarró / lió. Véase también [[vinandhati]].	
152435	19	R2	abandona / aparta.	
152457	19	R2	debería abandonar / apartar / desechar / hacer que quede libre de.	
152492	19	R2	perecerán.	
152610	19	R2	haz perecer / destruye.	
152611	19	R2	teje (en el telar). Véase [[vināti]].	
152717	19	R2	haz juzgar / decidir / resolver.	
152718	19	R2	juzga / decide / resuelve.	
152734	19	R2	juzgarían / decidirían / resolverían.	
153086	19	R2	obtuvo.	
153187	19	R2	(1) creen de manera pervertida. (2) toman una opinión pervertida.	
154741	19	R2	muestra claramente / haz manifiesto.	
154742	19	R2	haz desaparecer.	
155310	19	R2	especialmente / puso de manifiesto / explicó; respondió / contestó.	
155387	19	R2	estoy / estaré libre del deleitarse / desear / codiciar / aferrarse.	
155415	19	R2	fallarán / errarán / se desviarán.	
156397	19	R2	hablaría en contra / disputaría / reñiría.	
156459	19	R2	explicaría en detalle / expondría / manifestaría claramente / mostraría a las claras / enseñaría / declararía.	
210330	14b	R2	se ha descuidado / ha quedado privado de *sati*. Véase [[pamāda3]].	
210393	14b	R2	suelta; declara / revela / da a conocer. Véase [[pamuñcati]] (c).	
210424	14b	R2	se descuida / queda privado de *sati*. Véase [[pamussati]].	
210453	14b	R2	hice soltarse / quedar libre / liberarse. Véase [[pamocayati]].	
210469	14b	R2	hice soltarse / quedar libre / liberarse. Véase [[pamoceti]].	
210473	14b	R2	haz soltarse / quedar libre / liberarse. Véase [[pamo-ceti]].	
210477	14b	R2	complaceos / alegraos / regocijaos. Véase [[pamodati]].	
210540	14b	R2	presentó; pronunció / declaró. Véase la entrada anterior.	
210557	14b	R2	vive cerca / al lado; frecuenta / apóyate en / acércate a / sirve. Véase [[payirupāsati]].	
210573	14b	R2	viviría cerca / al lado; frecuentaría / se apoyaría en / se acercaría a / serviría. Véase [[payirupāsati]].	
210578	14b	R2	viviría cerca / al lado; frecuentaría / se apoyaría en / se acercaría a / serviría. Véase [[payirupāsati]].	
210595	14b	R2	aplica / realiza / esfuérzate en. Véase [[payuñjati]] (b).	
210773	14b	R2	hacen unir; impulsan / hacen / se esfuerzan. (2) haced unir; impulsad / haced / esforzaos. Véase [[payojeti]] (a).	
210780	14b	R2	hice unir; impulsé / hice / me esforcé. Véase [[payojeti]] (a).	
210838	14b	R2	afanaos / esforzaos. Véase [[parakkamati]].	
211863	14b	R2	perderá / será derrotado. Véase [[parājayati]].	
211959	14b	R2	tocarían / manejarían. Véase [[parāmasati]].	
211960	14b	R2	tocaría / manejaría. Véase [[parāmasati]].	
212359	14b	R2	mantiene en secreto / oculta. Véase [[parigūhati]].	
212377	14b	R2	examina / reflexiona. (2) maneja / examina. Véase [[pariggaṇhāti]].	
212378	14b	R2	(a) recogió; tomó delimitando con el conocimiento. (b) examinó / reflexionó. Véase [[pariggaṇhāti]].	
212390	14b	R2	recogerían / tomarían para sí. Véase [[pariggaṇhāti]].	
212391	14b	R2	examinaría / reflexionaría. Véase [[pariggaṇhāti]].	
212497	14b	R2	frecuenta / sirve / asiste. Véase [[paricarati]] (a).	
212502	14b	R2	frecuenta / sirve / asiste. Véase [[paricarati]] (a).	
212524	14b	R2	frecuentarían / servirían / cuidarían / asistirían. (b) deambularían / vagarían. Véase [[paricarati]] (a, c).	
212525	14b	R2	frecuentaría / serviría / cuidaría / asistiría. Véase [[paricarati]] (a).	
212545	14b	R2	haz cuidar / asistir. Véase [[paricārayati]] (2).	
212546	14b	R2	hace surgir (los *indriya* en los objetos); goza / se regocija / se deleita. Véase [[paricārayati]] (1).	
212548	14b	R2	hice surgir (los *indriya* en los objetos). (2) gocé / me regocijé / me deleité. (3) hice cuidar / asistir. Véase [[paricāreti2]].	
212573	14b	R2	cuidan / asisten. Véase [[paricāreti1]]. *paricārema* 2 (causativo; verbo) (1) hacen surgir (los *indriya* en los objetos); harán cuidar / asistir. (2) gozan / se regocijan / se deleitan. (3) hacen retozar / divertirse / jugar. Véase [[paricāreti2]].	
212574	14b	R2	hace surgir (los *indriya* en los objetos). (2) goza / se regocija / se deleita. (3) hace cuidar / asistir. Véase [[paricāreti2]].	
212576	14b	R2	cuidarían / asistirían. Véase [[paricāreti1]].	
212577	14b	R2	(1) harían surgir (los *indriya* en los objetos). (2) gozarían / se regocijarían / se deleitarían. (3) harían cuidar / asistir. Véase [[paricāreti2]].	
212578	14b	R2	hice surgir (los *indriya* en los objetos). (2) gocé / me regocijé / me deleité. Véase [[paricāreti1]].	still valid (§91): Meaning unchanged
212583	14b	R2	(1) hará surgir (los *indriya* en los objetos). (2) gozará / se regocijará / se deleitará. Véase [[paricā-reti2]].	
212586	14b	R2	haz surgir (los *indriya* en los objetos). (2) goza / regocíjate / deléitate. Véase [[paricāre-ti2]].	
212620	14b	R2	(1) abandonan. (2) abandonad. Véase [[pariccajati]] (c).	
212635	14b	R2	renuncian; desechan. Véase [[pariccajati]] (b).	
212636	14b	R2	renuncia. (a) reparte / da / dona. (b) desecha. (c) abandona. (d) suelta. (e) se aparta / evita / se separa / rompe. Véase [[pariccajati]].	
212637	14b	R2	renuncia; desecha. Véase [[pariccajati]] (c).	
212652	14b	R2	se apartará / evitará / se separará / romperá. Véase [[pariccajati]] (e).	
212658	14b	R2	renuncian; desechan. Véase [[pariccajati]] (b).	
212661	14b	R2	renunciarían; abandonarían. Véase [[pariccajati]] (c).	
212939	14b	R2	conoce tras delimitar. Véase [[parijānāti]].	
213066	14b	R2	ha conocido discerniendo. Véase [[pariññāti]].	
213136	14b	R2	hacen inclinar. Véase [[pariṇāmeti]] (1).	
213141	14b	R2	harán inclinar. Véase [[pariṇāmeti]] (1).	
213166	14b	R2	se ha afligido / se ha abrasado. Véase también la entrada anterior.	
213187	14b	R2	se apegarán / anhelarán. Véase [[paritassati]] (1).	
213391	14b	R2	se consume en llamas / arde. Véase [[paridayhati]].	
213408	14b	R2	se ha envuelto / vestido. Véase [[paridahati2]].	
213410	14b	R2	se envuelven / se visten. Véase [[paridahati2]].	
213411	14b	R2	se envuelve / se viste. Véase [[paridahati2]].	
213420	14b	R2	se envolvería / se vestiría. Véase [[paridahati2]].	
213478	14b	R2	llora / se lamenta. Véase [[paridevati]].	
213489	14b	R2	lloran / se lamentan. Véase la entrada anterior.	
213497	14b	R2	perece / desaparece / se aparta / decae. Véase [[paridhaṁsati]].	
213633	14b	R2	entra en el *parinibbāna*. Véase [[parinibbāyati]] (b).	
213643	14b	R2	entrarán en el *parinibbāna*. Véase [[parinibbāyati]] (b).	
213646	14b	R2	(a) se extinguirá y se enfriará. (b) entrará en el *parinibbāna*. Véase [[parinibbāyati]].	
213652	14b	R2	(a) se extingue y se enfría. (b) entra en el *parinibbāna*. Véase [[parinibbāti]].	
213653	14b	R2	realiza el *parinibbāna*. Véase [[parinibbāti]] (b).	
213735	14b	R2	cae / se cae. Véase [[paripatati]] (b).	
213837	14b	R2	por todas partes, discutió / preguntó. Véase [[paripucchati]].	
213855	14b	R2	una y otra vez / por todas partes, discute / pregunta. Véase [[paripucchati]].	
213859	14b	R2	una y otra vez / reiteradamente / por todas partes, discutió / preguntó. Véase [[paripucchati]].	
213860	14b	R2	una y otra vez / reiteradamente / por todas partes, discutió / preguntó. Véase [[paripucchati]].	
213869	14b	R2	una y otra vez / por todas partes, discutiré / preguntaré. Véase [[paripucchati]].	
213870	14b	R2	una y otra vez / por todas partes, discutiría / preguntaría. Véase [[paripucchati]].	
213871	14b	R2	una y otra vez / por todas partes, discutiría / preguntaría. Véase [[paripucchati]].	
214085	14b	R2	completa; rellena. Véase [[paripūrayati]] (d).	
214121	14b	R2	completa / hace suficiente. Véase [[paripūreti]] (2).	
214125	14b	R2	¿cumplirías? Véase [[paripūreti]] (2) (a).	
214210	14b	R2	me hice ermitaño. Véase [[paribbajati]] (2).	
214212	14b	R2	me hice ermitaño. Véase [[paribbajati]] (2).	
214287	14b	R2	gira sin detenerse / en redondo; da vueltas alrededor; deambula. Véase [[paribbhamati]].	
214329	14b	R2	hace crecer / prosperar / aumentar por todos los lados; multiplica. Véase [[paribrūheti]].	
214392	14b	R2	increpan / riñen / reprenden / regañan / amenazan / insultan; hablan dominando. Véase [[paribhāsati]] (1).	
214408	14b	R2	increpó / riñó / reprendió / regañó / amenazó / insultó; habló dominando. Véase [[paribhāsati]].	
214428	14b	R2	destruyen / quiebran; calumnian / siembran discordia con chismes. Véase [[paribhindati]] (b).	
214449	14b	R2	(1) usan / emplean / utilizan. (2) usan / disfrutan. (3) toman el alimento / consumen. Véase [[paribhuñjati]].	
214470	14b	R2	usa / disfruta / sírvete de. Véase [[paribhuñjati]] (3).	
214476	14b	R2	(1) usa / disfruta. (2) toma, por favor, el alimento / consume. Véase [[paribhuñjati]].	
214500	14b	R2	(1) usará / empleará / utilizará. (2) usará / disfrutará. (3) usará / disfrutará / se servirá de. (4) tomará el alimento / consumirá. Véase [[paribhuñjati]].	
214507	14b	R2	(1) usarían / emplearían / utilizarían. (2) usarían / disfrutarían / se servirían de. Véase [[paribhuñjati]].	
214641	14b	R2	(1) amasa / frota. Véase [[parimajjati]] (5-a).	
214753	14b	R2	quedará libre / se liberará. Véase [[parimuccati]].	
214939	14b	R2	tomarían delimitando de alrededor; tomarían recogiéndolo todo; se apoderarían; dominarían / oprimirían. Véase [[pari-yādiyati1]].	
214961	14b	R2	aprende. Véase [[pariyāpuṇāti]].	
214969	14b	R2	aprende. Véase [[pariyāpuṇāti]].	
214970	14b	R2	aprende. Véase [[pariyāpuṇāti]].	
214982	14b	R2	aprenderá. Véase [[pariyāpuṇāti]].	
214987	14b	R2	aprenderían. Véase [[pariyāpuṇāti]].	
215069	14b	R2	se hastió. Véase la entrada anterior.	
215115	14b	R2	dominó / oprimió. Véase [[pariyuṭṭhāti]].	
215137	14b	R2	buscan. Véase [[pariyesati]].	
215178	14b	R2	busca. Véase [[pariyesati]].	
215195	14b	R2	buscarán. Véase [[pariyesati]].	
215260	14b	R2	envolvió / ató / enrolló / cubrió. Véase [[pariyonandhati]].	
215346	14b	R2	lamió alguna vez. Véase [[parilehati]].	
215367	14b	R2	evitan / eluden / desechan / dejan. Véase [[parivajjayati]].	
215368	14b	R2	evita / elude / desecha / deja. Véase [[parivajjayati]].	
215369	14b	R2	evitó / eludió / desechó / dejó. Véase [[parivajjayati]].	
215373	14b	R2	evitó / eludió / desechó / dejó. Véase [[parivajjayati]].	
215376	14b	R2	evitaría / eludiría / desecharía / dejaría. Véase [[parivajjayati]].	
215393	14b	R2	evitaría / eludiría / desecharía / dejaría. Véase [[parivajjeti]].	
215399	14b	R2	evitaría / eludiría / desecharía / dejaría. Véase [[parivajjeti]].	
215400	14b	R2	evitó / eludió / desechó / dejó. Véase [[parivajjeti]].	
215419	14b	R2	se revuelca; rueda de un lado a otro. Véase [[parivaṭṭati]].	
215438	14b	R2	alabó / elogió / ensalzó. Véase la entrada anterior.	
215491	14b	R2	hace cambiar. Véase [[parivattayati2]].	
215503	14b	R2	(1) gira / da vueltas. (2) surge girando. Véase [[parivattati]].	
215505	14b	R2	giró / dio vueltas. Véase [[parivattati]].	
215544	14b	R2	se revolcaría / rodaría / se agitaría. Véase [[pari-vatteti1]].	
215545	14b	R2	haría girar; expondría / enseñaría / explicaría / recitaría / repasaría. Véase [[parivatteti]] 2.	
215549	14b	R2	cambió / intercambió. Véase [[parivatteti1]].	
215566	14b	R2	practica; permanece en *parivāsa*. Véase [[parivasati]].	
215616	14b	R2	rodeó / circundó. Véase [[parivārayati]].	
215664	14b	R2	rodeó / circundó. Véase [[parivāreti]].	
215740	14b	R2	alimenta / atiende; sirve / sustenta. Véase [[parivisati]].	
215743	14b	R2	alimenta / atiende; sirve / sustenta. Véase [[parivisati]].	
215752	14b	R2	alimentaría / atendería; serviría / sustentaría. Véase [[parivisati]].	
215757	14b	R2	investigaría / examinaría / buscaría; consideraría / sopesaría / reflexionaría. Véase [[parivīmaṁsati]].	
215831	14b	R2	se esforzará / se empeñará / pondrá empeño. Véase [[parisakkati]] (1).	
215838	14b	R2	sospechan / cavilan ‘¿será así, o así?’ / tienen *saṁsaya* / se forman una idea equivocada. Véase [[parisaṅkati]].	
215864	14b	R2	volvió a asentarse bien; quedó como es por naturaleza.	
215906	14b	R2	tocó / acarició / amasó / masajeó por todos lados. Véase [[parisambāhati]].	
215969	14b	R2	será puro / limpio por todos lados / enteramente. Véase [[parisujjhati]].	
216135	14b	R2	hice limpio / puro; despejé. Véase [[parisodheti]].	
216144	14b	R2	hice limpio / puro; despejé. Véase [[parisodheti]].	
216147	14b	R2	hará limpio / puro; despejará. Véase [[parisodheti]].	
216150	14b	R2	haz limpio / puro; despeja. Véase [[parisodheti]].	
216286	14b	R2	llevarán. (b) llevarán consigo. Véase [[pariharati]].	
216293	14b	R2	deberían llevar. Véase [[pariharati]].	
216296	14b	R2	bromean; se mofan; ríen. Véase la entrada anterior.	
216344	14b	R2	debería hacer decaer / perecer. Véase [[parihāpeti]].	
216349	14b	R2	decaen / perecen. Véase [[parihāyati]].	
216366	14b	R2	decaerán / perecerán. Véase [[parihāyati]].	
216368	14b	R2	decaerá / perecerá. Véase [[parihāyati]].	
216369	14b	R2	decaerán / perecerán. Véase [[parihāyati]].	
216370	14b	R2	decaerá / perecerá. Véase [[parihāyati]].	
216371	14b	R2	deberían decaer / perecer. Véase [[parihāyati]].	
216700	14b	R2	¿haría correr / huir?; ¿expulsaría / ahuyentaría? Véase [[palāpeti]] (1).	
216702	14b	R2	hice correr / huir; expulsé / ahuyenté. Véase [[palāpeti]] (1).	
216706	14b	R2	haz correr / huir; expulsa / ahuyenta. Véase [[palāpeti]] (1).	
216709	14b	R2	corren / huyen. Véase [[palāyati]] (1).	
216710	14b	R2	corrió / huyó.	superseded (§91): redrafted; apply the rule to the new draft
216737	14b	R2	corre / huye. Véase [[palāyati]] (1)(a).	
216758	14b	R2	correrán / huirán / huirán volando. Véase [[palāyati]] (1)(a).	
216886	14b	R2	impidió / estorbó. Véase [[palibuddhati]].	
216998	14b	R2	voy; iré. Véase [[paleti]] (a).	
217001	14b	R2	ve. Véase [[paleti]] (a).	
217050	14b	R2	haz desear / confundirse; engaña / seduce. Véase [[palobheti]].	
1353	01	R3	que tiene el castigo no tomado. que ha depuesto el castigo (dicho de una persona).	
2428	01	R3	el suprimir / revocar. Véase también [[upasagga]].	
3585	01	R3	8 pay (1 pay equivale a 44 cestos de semilla sembrada, y 8 pay equivalen a 352 cestos sembrados).	
3586	01	R3	que tiene la medida / extensión / *pamāṇa* de 8 pay.	
3983	01	R3	que tiene la medida de medio pay.	
10596	02	R3	círculo pequeño; círculo interior; uno de los 3 ámbitos de extensión que recorren los *buddha* en su gira por las regiones. Véase también [[antomaṇḍala]].	
10785	02	R3	círculo interior; círculo pequeño. Uno de los 3 ámbitos de extensión que recorren los *buddha* en su gira por las regiones. Véase también [[antimamaṇḍala]].	
10902	02	R3	que suele disipar la oscuridad de negrura compacta; que suele extirpar y agotar el *moha*, que suele cegar / entontecer (dicho de una persona).	
10909	02	R3	que suele destruir / disipar la oscuridad.	
10910	02	R3	el hecho de soler destruir / disipar la oscuridad.	
11076	02	R3	habiendo tirado; habiéndose alejado; habiéndose retirado / habiendo apartado.	
11388	02	R3	no habiendo hecho renunciar / desechar / evitar.	
11656	02	R3	que tiene la carne extraída. Véase [[ol̤acchinnaka]].	
12630	02	R3	que habla desechando; que censura / desprecia (dicho de una persona).	
12745	02	R3	(1) oprimido / atormentado. (2) que suele oprimir / destruir / aniquilar. Véase [[apahatatta]].	
12746	02	R3	el hecho de soler / haber oprimido / destruido / aniquilado / cortado por completo.	
12991	02	R3	apartado / desechado / prohibido.	
14764	02	R3	la planta တောကြက်ရုံး; la planta ဖောက်လောက်; el jazmín silvestre.	
15004	02	R3	habiendo extraído / apartado.	
15021	02	R3	no arrastrado / no extraído / no cortado.	
16463	03	R3	*paññatti* que suele dar a conocer el destruir / cortar / extirpar; *abhinighātapaññatti*; *samugghātapaññatti*.	
17616	03	R3	el verter. (a) el bañar; el bañarse en agua; el bañar; el bañarse en agua; el bañar; el bañarse en agua; el bañar; el bañarse en agua. (b) el verter la unción; el entronizar. (c) el recibir / tomar la unción.	
18653	03	R3	el *bhikkhu* que no ha hecho *mūlaccheda* / la renuncia a la propiedad original de los bienes; el *bhikkhu* que sólo toma en préstamo los bienes, sin pedirlos en propiedad definitiva.	
18780	03	R3	(1) la planta ‹ကြွက်နပေါင်း›; también la traducen como la planta ‹တောဆောင်းမေးခါး›. (2) el jazmín.	
19239	03	R3	el descartar la naturaleza / la justificación inapropiada. Véase [[ayutti]].	
20438	03	R3	el suprimir el *ariyūpavādakamma*.	
20561	03	R3	(a) que ha de ser suprimido por el *arūpajjhāna*; (b) que no ha de ser / no puede ser suprimido por el *rūpajjhāna*.	
21571	03	R3	(a) arroja; desecha. (b) baja; rebaja; reprueba; censura; piensa con menosprecio.	
22725	03	R3	que no suele suprimir.	
22726	03	R3	el no suprimir / no apartar.	
22727	03	R3	no suprimido / no apartado. Véase [[akkhambhiya]].	
22729	03	R3	el hecho de no deber / no poder ser suprimido.	
22731	03	R3	*kilesā* no suprimida.	
22734	03	R3	que tiene *rāga* no suprimido / no apartado; que aún no ha suprimido el *rāga* (dicho de una persona).	
22735	03	R3	que tiene *rūparāga* no suprimido / no apartado; que aún no ha suprimido el *rūparāga* (dicho de una persona).	
22736	03	R3	el hecho de tener *vicikicchā* no suprimida / no apartada.	
22738	03	R3	que no puede ser apartado.	
22739	03	R3	no habiendo apartado.	
22920	03	R3	el disipar soplando / el hacer desaparecer la oscuridad que es *avijjā*.	
22921	03	R3	el hecho de haber sido apartada / destruida la oscuridad que es *avijjā*.	
22963	03	R3	el campo / ámbito de *avijjā*.	
22990	03	R3	el extirpar el *avijjānusaya*.	
22991	03	R3	que suele extirpar el *avijjānusaya*.	
23047	03	R3	el suprimir *avijjā* sin residuo.	
23048	03	R3	el estado que es causa de suprimir *avijjā*; el *arahattaphala*.	
23050	03	R3	(1) el agotarse y desaparecer de *avijjā* / el suprimirla. (adjetivo) (2) que es causa del agotarse y desaparecer / del suprimir *avijjā* (la *arahattaphalapaññā*).	
23068	03	R3	el extirpar sin residuo / el destruir *avijjā*.	
23069	03	R3	el extirpar *avijjā* sin residuo.	
23847	03	R3	que no es el ámbito. que no es ámbito de capacidad / de pertenencia / campo / pasto.	
23972	03	R3	el hecho de tener una mente no destruida.	
24112	03	R3	que no se levanta; (a) que no se levanta del lecho / asiento (dicho de una persona). (b) *āpatti* de la que aún no se ha salido, que aún no ha sido remediada. (c) monje que no ha salido de la *āpatti* / que aún no ha remediado la *āpatti*. (d) que no se levanta / no se libera de todos los *gati* (dicho de una persona) (el *puthujjana*). (e) que no sale de la *samāpatti*, que está absorto en la *samāpatti* (dicho de una persona). (f) estado que no sale de / no puede cortar la *nikantitaṇhā* (el conocimiento *gotrabhu* que precede a las ocho *samāpatti*). (g) que aún no ha surgido.	
24274	03	R3	la sagrada *sāsana*, que es causa de no deponer / no desechar.	
24789	03	R3	(masculino) (1) el árbol padauk. (neutro) (2) flecha. (3) (a) el lanzar. (b) el desechar; el destruir. (4) el comer. (5) el dominar; el difundirse. (6) el alimento.	
24876	03	R3	el hecho de soler cortar el *lobha* que es el contento / la satisfacción.	
24877	03	R3	el hecho de soler cortar el *lobha* que es el no estar contento / no estar satisfecho.	
25199	03	R3	el no extirpar ni desechar sin residuo.	
25200	03	R3	el no extirpar ni desechar sin residuo.	
25201	03	R3	que no ha llegado a la extirpación sin residuo.	
25202	03	R3	significado no extirpado ni desechado sin residuo.	
25203	03	R3	no extirpado ni desechado sin residuo.	
25204	03	R3	no extirpado ni desechado sin residuo.	
25205	03	R3	*kilesā* no extirpadas ni desechadas sin residuo.	
25206	03	R3	que tiene *anusaya* no extirpadas ni desechadas sin residuo (dicho de una persona).	
25207	03	R3	llamado «surgido» por hallarse presente al no estar aún extirpado ni desechado sin residuo por el *magga* (uno de los cuatro tipos de *uppanna*).	
25210	03	R3	que no corta / no desecha (dicho de una persona).	
25211	03	R3	sin haber desechado ni cortado sin residuo.	
25214	03	R3	que tiene *kilesā* no cortadas sin residuo / no desechadas por el *magga* (dicho de una persona).	
25216	03	R3	el hecho de tener un peligro no desechado ni cortado sin residuo.	
25217	03	R3	que tiene un *rāga* aún no desechado sin residuo (dicho de una persona).	
25219	03	R3	el hecho de tener una causa de disputa no desechada.	
25220	03	R3	que tiene una *avijjā* aún no desechada ni cortada (dicho de una persona).	
25221	03	R3	el no desechar ni cortar sin residuo.	
25242	03	R3	no desechado / no extraído.	
25244	03	R3	que tiene *anusaya* no extirpadas (dicho de una persona).	
25246	03	R3	el no extirpar.	
25247	03	R3	que no extirpa (dicho de una persona).	
25248	03	R3	el hecho de no desear extirpar.	
25249	03	R3	sin haber extirpado.	
25510	03	R3	el nivel del plano *asammoha*; el nivel del plano libre de / que desecha la confusión intensa (de tomar [los fenómenos], a modo de conjunto, como una sola masa, un solo cuerpo, como «persona» o «ser»).	
26428	03	R3	(1) el país / la región / el reino llamado *assaka*. (2) los habitantes del reino *assaka*. (3) el rey *assaka*. (1) Véase también [[assakaraṭṭha]].	
27783	4a	R3	la gracia / la elegancia del maestro.	
28061	4a	R3	rueda de la autoridad; (a) el mandato y autoridad del rey, al que ninguna persona puede oponerse ni objetar, y que puede hacer que suceda lo que él desee (semejante a una rueda que gira sin cesar sin obstáculo alguno). (b) el mandato y autoridad del Buddha, que ningún ser humano, deva o brahmā puede objetar ni anular (semejante a una rueda que gira sin cesar sin obstáculo alguno); las reglas de entrenamiento y ordenanzas que comienzan por el *paṭhamapārājika*, y las enseñanzas pronunciadas sobre lo que ha de evitarse y lo que ha de practicarse.	
28894	4a	R3	el campo de la *āpatti*; el campo / ámbito en que se incurre en *āpatti*.	
30721	4a	R3	(1) (a) *āvajjana*; la mente *āvajjana*; la mente que suele reflexionar sobre el objeto que aparece en el *pañcadvāra* y el *manodvāra* / hacer que la mente *bhavaṅga* retroceda y se hunda / apartándola de la corriente del *bhavaṅga*, inclinar la corriente mental hacia el nuevo objeto que aparece. (b) la naturaleza de reflexionar. (2) *āvajjana*; los estados que comienzan por la *saddhā*, surgidos en la parte previa. (3) (llamada *upekkhā*) la *cetanā* asociada con el *āvajjana* / el *manodvārāvajjana*. Véase [[āvajjanupekkhā]].	
30883	4a	R3	que suele suprimir los *nīvaraṇa* y estados insanos que suelen obstruir e impedir la ocasión de que surja lo sano / la mente.	
31421	4a	R3	el sacar y desechar los huevos de mosca.	
31422	4a	R3	el sacar y desechar los huevos de mosca.	
31632	4a	R3	que suele maltratar / matar (dicho de una persona).	
31977	4a	R3	que suele cancelar la deuda (no dando ni devolviendo tras haber tomado el préstamo); que no paga la deuda (dicho de una persona).	
32526	4a	R3	el lugar donde surge la condición de gobernante; el ámbito de gobierno.	
32532	4a	R3	el lucir y gozar con el cargo y las riquezas, causa de la condición de gobernante.	
32533	4a	R3	el lucir y gozar con el cargo y las riquezas, causa de la condición de gobernante.	
33228	4a	R3	(1) que solo ha sido expuesto en síntesis. (2) hecho moverse / desplazarse. (3) hecho estremecer / desechado. (neutro) (4) el abrir; el abrir el conocimiento. Véase [[ugghaṭitaññū]].	
33229	4a	R3	(1) que conoce las cuatro verdades tan pronto como se le abre el conocimiento (dicho de una persona, un individuo). (2) que conoce la enseñanza que solo ha sido expuesta en síntesis; que, con la sola exposición sintética, conoce el significado junto con su desarrollo (que conviene / es digno de conocerse) (dicho de una persona, un individuo). (3) que conoce la enseñanza hecha moverse / desplazarse (dicho de una persona, un individuo). (4) que conoce la enseñanza tan pronto como (el aspecto llamado *sassabha* o *uccheda*) ha sido sacudido / desechado (dicho de una persona, un individuo). La persona *ugghaṭitaññū*.	
33272	4a	R3	(1) para extirpar / abolir. (2) para hacer daño. Véase [[ugghātetukāma]].	
33273	4a	R3	(1) que desea extirpar / abolir. (2) que desea hacer daño. Véase también [[ugghāṭetukāma]].	
33466	4a	R3	corta de raíz; tala; destruye.	
33467	4a	R3	el cortar de raíz; el talar y destruir.	
33468	4a	R3	que corta de raíz.	
33469	4a	R3	habiendo cortado de raíz.	
33471	4a	R3	(1) cortado de raíz / talado / destruido. (2) interrumpido; cuya continuidad se ha cortado.	
33472	4a	R3	que suele cortar de raíz / talar (dicho de una persona).	
33474	4a	R3	el *ucchinnapaññatti*; el designar / dar a conocer: «es cortado de raíz».	
33475	4a	R3	que tiene cortada de raíz la semilla / la semilla que es el *paṭisandhiviññāṇa* (dicho de una persona).	
33476	4a	R3	que tiene *bhavataṇhā* cortada de raíz (por el *arahattamagga*); que ha cortado de raíz *bhavataṇhā* (dicho de una persona).	
33477	4a	R3	que tiene cortada de raíz (con la espada del *arahattamagga*) la atadura que es *bhavataṇhā*; que ha cortado de raíz la atadura de *bhavataṇhā* (dicho de una persona).	
33478	4a	R3	que tiene cortada de raíz (con la espada del *arahattamagga*) la raíz de la existencia que es *avijjā* y *taṇhā*; que ha cortado de raíz la raíz de la existencia (dicho de una persona).	
33479	4a	R3	(a) que tiene la raíz cortada. (b) que tiene cortada, con la espada que es el *ariyamagga*, la raíz de la existencia constituida por *avijjā* y *taṇhā*.	
33531	4a	R3	(a) el cortar de raíz; el hecho de ser cortado de raíz. (b) el cesar; el no volver a surgir el yo, el ser, tras la muerte / el cortarse su continuidad; la opinión doctrinal de que el yo, el ser, se corta en su continuidad; la opinión doctrinal de *uccheda*; *ucchedadiṭṭhi*.	
33546	4a	R3	(a) el cesar; el cortarse la continuidad. (b) el cortar de raíz. Véase [[ucchedanakaṅkhā]].	
33555	4a	R3	(1) la opinión doctrinal de *uccheda*; la opinión de que el yo, el ser, no vuelve a surgir tras la muerte, sino que se corta su continuidad. (Véase también [[ucchedadiṭṭhi]]) (adjetivo) (2) que tiene la opinión doctrinal de *uccheda*; que habla de la interrupción de la continuidad del yo, del ser (dicho de una persona). (3) que habla del hecho de ser cortado de raíz / de que se ha de cortar de raíz (dicho de una persona). (a) que dice que las costumbres del mundo, como el saludar con reverencia, el salir a recibir y demás, han de cortarse / no han de hacerse (dicho de una persona). (b) que dice que *rāga*, *dosa*, *moha* y otros muchos estados insanos han de cortarse / no han de hacerse (dicho de una persona).	
34373	4a	R3	comarca que tiene al norte las aguas del río *mahī* / situada cerca de ellas; comarca / país / territorio llamado *uttarāpa* / llamado *aṅguttarāpa*.	
34374	4a	R3	comarca / país / territorio llamado *uttarāpatha*. Véase el original.	
34376	4a	R3	comarca / país / territorio llamado *uttarāpatha*.	
35070	4b	R3	mata, cercenándolo.	
35684	4b	R3	que suele apartar el *uddhacca*.	
37616	4b	R3	el refutar un símil.	
38029	4b	R3	se divierte; retoza alegremente. Juega.	
38030	4b	R3	diviértete; retoza alegremente; juega. Véase [[upalal̤ati]].	
38557	4b	R3	que tiene destruido / anulado el fruto del *kamma* que surgirá en el futuro; que tiene el fruto del *kamma* que surgirá en el futuro; que ha anulado el fruto del *kamma* que surgirá en el futuro (dicho de una persona).	
39478	4b	R3	el disipar la duda surgida.	
39479	4b	R3	el cortar la conversación surgida.	
39529	4b	R3	el disipar el ardor, el cansancio y entumecimiento surgidos.	
39560	4b	R3	el disipar la amenaza surgida.	
45146	05	R3	(1) excremento; heces. (2) terreno en que se siembran 4 *ambaṇa* de semillas; un ‹ပယ်›.	
45151	05	R3	tierra que tiene la extensión de un ‹ပယ်›.	
45154	05	R3	que tiene la medida de un ‹ပယ်›.	
45155	05	R3	extendido sobre una tierra que tiene la medida de un ‹ပယ်›.	
45157	05	R3	campo de mil ‹ပယ်› de extensión.	
48740	05	R3	(1) fermento para licor; levadura. (2) mezclado / entremezclado. (3) dejado / desechado.	
48849	05	R3	la gracia semejante a la gracia de una *kinnarī*; la gracia como la de una *kinnarī*.	
48850	05	R3	la gracia semejante a la gracia de una *kinnarī*; la gracia como la de una *kinnarī*.	
48852	05	R3	la gracia semejante a una *kinnarī*; la gracia como la de una *kinnarī*.	
49996	06	R3	juega / retoza / se deleita / se divierte / luce / se recrea.	
50031	06	R3	que juega; que luce y se recrea (dicho de una persona).	
55264	06	R3	que suele desechar / arrojar abajo (dicho de una persona). Véase [[kiṭaka]].	
55765	06	R3	(1) cortesana. (2) bailarina. (3) jazmín. ‹ဇွန်›.	
57223	06	R3	el disipar el estado de pesadez y embotamiento. Véase [[garubhāvavinodanarasa]].	
57224	06	R3	que tiene como función disipar el estado de pesadez y embotamiento.	
62262	07	R3	(1) hábil / experto (dicho de una persona). (2) hermoso / espléndido; dotado de hermosura / esplendor (dicho de una persona).	
62881	07	R3	semejante a la luna. (a) semejante a la luna; que tiene la forma del disco lunar; redondo como la luna (pastel). Véase [[candapūva]]. (b) semejante a la luna; redondeado en tres partes como la luna del duodécimo día creciente (la barbilla de los Buddha y de los futuros Buddha). (c) semejante a la luna; libre de faltas / impurezas como la luna (carro). (d) semejante a la luna; que tiene la mente y el corazón refrescados por la *karuṇā*, como la luna (el Buddha). (e) semejante a la luna; aún no completo, como la luna del decimocuarto día creciente (la exposición de la Enseñanza). (f) semejante a la luna; completo como la luna del decimoquinto día creciente (la exposición de la Enseñanza). (g) semejante a la luna; hermoso / resplandeciente como el disco de la luna llena (rostro). Véase [[candasadisavadana]]. (h) semejante a la luna; que, como la luna, sin sentir cariño / deleite / apego / adhesión por ninguna persona, recibe el cariño / deleite de mucha gente; que, así como la luna disipa la oscuridad y difunde la luz, disipa la oscuridad de los *kilesa* y difunde la luz del conocimiento (dicho de una persona). Véase [[candūpama]] (1).	
62955	07	R3	(1) que tiene a la luna como símil; semejante a la luna; que, como la luna, sin sentir cariño / deleite / apego / adhesión por ninguna persona, recibe el cariño / deleite de mucha gente; que, así como la luna disipa la oscuridad y difunde la luz, disipa la oscuridad de los *kilesa* y difunde la luz del conocimiento (dicho de una persona). (2) que tiene a la luna como símil; semejante a la luna; que, como la luna, no siente cariño / deleite / apego / adhesión por ninguna persona (dicho de una práctica).	
63508	07	R3	garboso / elegante.	
63510	07	R3	el hecho de ser garboso / elegante; el ser garboso / elegante.	
63512	07	R3	(a) el hecho de ser garboso / elegante; el ser garboso / elegante. (b) el comportamiento no perceptible, no manifiesto, de las mujeres, que suele mostrar el deseo de deleitarse / divertirse.	
63513	07	R3	que tiene garbo / elegancia; dotado de garbo / elegancia (dicho de una persona).	
63610	07	R3	la elegancia / el retozo del andar garboso.	
65545	07	R3	luce hermoso; disfruta.	
66743	07	R3	que tiene en la mano sombrilla, abanico de cola de yak y demás; que tiene en la mano sombrilla, abanico de cola de yak y demás; que empuña sombrilla, abanico de cola de yak y demás (dicho de una persona).	
66985	07	R3	(1) el renunciar al *chandarāga*. (2) Nibbāna, donde se deja el *chandarāga*. Véase [[chandarāgavinodana]].	
68291	08	R3	(1) la morada / región de la gente; *janapada*. (a) *cakrāval̤ā*. (b) *Jambudīpa*. (c) territorio; nación; país; gran territorio; gran territorio como el territorio de *kāsi*, el territorio de *kosala* y demás. (d) distrito; comarca; territorio pequeño; una parte de los grandes territorios como el territorio de *kāsi*, el territorio de *kosala* y demás. (e) región. (2) gente; conjunto de gente.	
68292	08	R3	(a) que vive en un territorio / nación (dicho de una persona). Habitante del país. (b) que vive en una comarca (dicho de una persona). Habitante de la comarca.	
68319	08	R3	límite del país; límite de la comarca. Véase [[janapadasīmā]].	
68324	08	R3	atadura del país; atadura de la comarca.	
68334	08	R3	(a) que vive en la morada / región de la gente; que vive en el país (dicho de una persona). (b) que vive en un territorio / nación (dicho de una persona). Habitante del país. (c) que vive en una comarca (dicho de una persona). Habitante de la comarca.	
68341	08	R3	señor del país / comarca; el que gobierna el país / comarca; señor de la comarca.	
68342	08	R3	*sīmā* del país; límite del país / comarca.	
70810	08	R3	(1) el ámbito en que se encuentran la persona / el ser. (adjetivo) (2) que tiene su asiento precisamente en el *jīva* / vida / *atta* / alma / espíritu.	
76355	09	R3	que suele disipar la oscuridad (el sol y demás).	
76377	09	R3	(1) que suele extirpar / desechar / hace extirpar la oscuridad del *kilesa* (dicho de una persona). (a) el Buddha. (b) el *paccekabuddha*. (c) el *arahant*; el monje *ariya*. (d) el rey *cakkavatti*. (e) el rey *mahāsammata*. (f) *vidhura*, sabio / erudito. (2) que suele extirpar / desechar la oscuridad común; (a) el *vimāna* de la luna. (b) el *vimāna* del sol.	
76674	09	R3	niño pequeño tierno y consentido. Véase [[taruṇabāladāraka]].	
77159	09	R3	el viento del abanico / abanico redondo; (a) el viento del abanico redondo de hoja de palmera. (b) el viento producido por un abanico circular como el abanico redondo de hoja de palmera.	
77483	09	R3	(1) la curación; (a) el hacer desaparecer las dolencias ordinarias, las enfermedades del cuerpo. (2) la curación para extraer un dardo clavado. Véase [[tikicchāvuṭṭhāpana]]. (3) la curación de la enfermedad con raíces / medicinas originales, que son como el cuerpo principal, (4) la curación de quien ha sido poseído por un *yakkha* de la tierra (‹မြေဘုတ်›), (5) la curación que suele lograr la crianza de un joven (‹သတိုးသား›); es de 5 clases.	
77883	09	R3	(1) planta de jazmín (‹စမ္ပယ်›); planta ‹ကြက်ရုံး›. (2) flor de jazmín (‹စမ္ပယ်›); flor ‹ကြက်ရုံး›. (3) fruto ‹ဆပ်သွား›.	
77884	09	R3	(1) planta de jazmín (‹စမ္ပယ်›); planta ‹ကြက်ရုံး›. (2) flor de jazmín (‹စမ္ပယ်›); flor ‹ကြက်ရုံး›. (3) fruto ‹ဆပ်သွား›.	
77885	09	R3	llamado *tiṇasūlaka*; que en otro tiempo donó flores de jazmín (‹စမ္ပယ်›) / ‹ကြက်ရုံး› al Buddha *sikhī* (*thera*).	
77886	09	R3	llamado *tiṇasūlakachādaniya*; que en otro tiempo veneró al Buddha *tissa* cubriéndolo con flores de jazmín (‹စမ္ပယ်›) / ‹ကြက်ရုံး› (*thera*).	
77887	09	R3	flor de jazmín (‹စမ္ပယ်›) / flor ‹ကြက်ရုံး›.	
77888	09	R3	el fruto de hacer veneración con flores de jazmín (‹စမ္ပယ်›) / flores ‹ကြက်ရုံး›.	
77889	09	R3	bosque de jazmín (‹စမ္ပယ်›); bosque de ‹ကြက်ရုံး›.	
77890	09	R3	planta de jazmín (‹စမ္ပယ်›); planta ‹ကြက်ရုံး›.	
77891	09	R3	matorral / bosque de jazmín (‹စမ္ပယ်›); matorral / bosque de ‹ကြက်ရုံး›.	
78331	09	R3	los 3 *buddhakkhetta*; los 3 ámbitos en que se extiende el poder de los Buddhas. (Para más detalle, véase *tividhabuddhakkhetta*.)	
78777	09	R3	*buddhakkhetta* de 3 clases; el ámbito de 3 clases por el que se difunde el poder de los Buddhas. véase el original.	
79143	09	R3	(1) viga (madera colocada transversalmente, a lo ancho, sobre la cabeza de los pilares). (2) travesaño (tablón colocado perforando el pilar o bien sujeto a él). (3) (el 7.º de los 12 signos) Libra; el mes de ‹သီတင်းကျွတ်›; el mes de ‹သံတူ›. (4) cien ‹ပိုလ်›; (de peso) 1 ‹ချိန်›. (5) (a) balanza; báscula; ‹ရာဇူ›; ‹စင်း›; ‹ကပ္ပယ်› ‘‹ကပ်ပယ်›’; ‹ကတ္တား›. Véase también la acepción (b). (b) cesta de medida; cuenco de medida. (6) semejante a la balanza que sirve para comparar / tomar como modelo; que es como una balanza. (7) el hecho de ser igual; la igualdad. Véase también (5). (c) astil de la balanza; brazo de la balanza. (9) cigoñal para sacar agua. (10) objeto pesado. (11) curvo / torcido. Véase [[tulākoṭi]]. (12) cruz; horca; patíbulo. Véase [[tulārul̤ha]]. (13) cantidad de peso. (14) igual. Véase también [[atula]] (1). (15) (*kamma*) delimitado; (a) *kāmāvacarakamma*. (b) *kamma* *kāmāvacara* o *rūpāvacara*. (c) *kamma* de *kāma*, *rūpa* o *arūpa* que tiene poco fruto. Véase [[atula]] (1).	
79789	09	R3	(territorio de los *damil̤a* en el sur de la India) llamado *toṇḍi*.	
79936	09	R3	que tiene la función de disipar el hecho de ser áspero (no suave / no delicado) (el *rūpa* *mudutā* y demás).	
80049	09	R3	que pone rígido / que estira (el cuerpo); que se pavonea (dicho de una persona).	
80206	09	R3	el disipar *thina*, *middha*.	
80219	09	R3	(1) el disipar *thina*, *middha*. (adjetivo) (2) que suele disipar / que es causa de disipar *thina*, *middha* (la luz y demás).	
80220	09	R3	el *kammaṭṭhāna* que suele disipar / que es causa de disipar *thina*, *middha*.	
81015	10	R3	(1) la provincia *dakkhiṇā (ṇa) patha*; la provincia / reino / territorio *avantī* (que suele proteger especialmente a las mujeres), situado al sur de la región *majjhama* (la zona central de *Jambudīpa*). Véase también [[dakkhiṇapatha]]. (2) el país *dakkhiṇāpatha*. El país situado en la orilla sur del río *gaṅgā*. Véase también [[dakkhiṇāpathamanussa]].	
81016	10	R3	(1) la provincia *dakkhiṇā (ṇa) patha*; la provincia / reino / territorio *avantī* (que suele proteger especialmente a las mujeres), situado al sur de la región *majjhama* (la zona central de *Jambudīpa*). Véase también [[dakkhiṇapatha]]. (2) el país *dakkhiṇāpatha*. El país situado en la orilla sur del río *gaṅgā*. Véase también [[dakkhiṇāpathamanussa]].	
81462	10	R3	desechos de cuero (trozos de cuero raspados, cortados y desechados por los curtidores).	
81815	10	R3	(1) el país / reino / territorio *damil̤a*. (2) el nacido / originario del país *damil̤a*; habitante / hijo del país *damil̤a*; el pueblo *damil̤a*; el pueblo tamil; el pueblo ‹ကလာယ်›; el pueblo ‹ကျေးကုလား›. Véase [[damil̤araṭṭha]]. Véase el original.	
81825	10	R3	el lugar / región / país donde vive el pueblo *damil̤a*; territorio que pertenece al pueblo *damil̤a*.	
81957	10	R3	el significado / sentido que es el hecho de soler cortar la condición de pobre / indigente.	
81958	10	R3	el significado / sentido que es el hecho de soler cortar la condición de pobre / indigente.	
83706	10	R3	que es causa de extirpar bien / enérgicamente la base / causa de la opinión errónea (el *sotāpattimagga* y demás).	
83734	10	R3	que suele extirpar / desechar la opinión errónea (la virtud y el beneficio del *dhutaṅga* y demás).	
84116	10	R3	(1) retoza / se divierte / juega; (a) es hermoso / elegante. (b) se deleita / goza / se complace. (c) mora; está (cambiando de *iriyāpatha*). (2) desea vencer (al adversario). (3) suele juzgar / decidir / enseñar / hablar; amonesta. (4) brilla / resplandece / reluce. (5) va / llega. (6) obtiene. (7) es capaz. (8) gobierna; ejerce el gobierno (la condición de rey). (9) progresa / prospera / florece / se abre; llega al progreso / florecimiento / apertura. Véase el original.	
84127	10	R3	(1) retozan / se divierten / juegan. (a) son hermosos / elegantes. (b) se deleitan / gozan / se complacen. (c) moran; están (cambiando de *iriyāpatha*). (2) desean vencer (al adversario). (3) suelen juzgar / decidir / enseñar / hablar; amonestan. (4) brillan / resplandecen / relucen. (5) van / llegan. (6) obtienen. (7) son capaces. (8) gobiernan; ejercen el gobierno (la condición de rey). (9) progresan / prosperan / florecen / se abren; llegan al progreso / florecimiento / apertura. Véase [[dibbati]]. Véase el original.	still valid (§91): PCED Meaning, unchanged
84402	10	R3	(1) el ladrón; el ratero; el bandido; el rebelde; el forajido. (2) el enemigo. (3) la raíz *disa*; la palabra *disa*. Lugar = región; territorio; dirección; espacio abierto; el ver; el campo visual.	
84432	10	R3	el límite de la dirección (y) el límite del barrio / territorio.	
85402	10	R3	que suele disipar / destruir, que es causa de disipar / destruir, el sufrimiento y la fatiga que surgen en el *duggatibhūmi* (el *kamma* sano).	
85432	10	R3	el disipar el mal olor.	
85442	10	R3	el disipar el mal olor; la desaparición del mal olor.	
85535	10	R3	(a) al que se renuncia con sufrimiento / con dificultad; difícil de renunciar. (b) difícil de desechar.	
85738	10	R3	que se arrastra / extirpa con dificultad; difícil de arrastrar / extirpar. Véase [[dunnikkaya]].	
85752	10	R3	que tiene un veneno que se somete / disipa con dificultad; que tiene un veneno difícil de someter / disipar (la serpiente y demás).	
85763	10	R3	que se desecha con dificultad; difícil de desechar. Véase también [[duppajaha]].	
85764	10	R3	que se saca / extirpa con dificultad; difícil de sacar / extirpar.	
85810	10	R3	que se disipa / aparta con dificultad; difícil de disipar / apartar.	
87003	10	R3	el retozar / deleitarse / resplandecer del conocimiento de la *desanā*.	
87077	10	R3	el retozar / deleitarse / resplandecer de la *desanā*.	
87081	10	R3	que ha alcanzado el retozar / deleitarse / resplandecer de la *desanā*. Véase [[desanāvilāsa]] (2).	
87087	10	R3	el retozar / deleitarse / resplandecer de la *desanā*.	
87088	10	R3	(1) el retozar / deleitarse / resplandecer de la *desanā*. (adjetivo) (2) que suele hacer / que es causa de hacer retozar / deleitarse / resplandecer la *desanā* (el *sabbaññutañāṇa*).	
87089	10	R3	que ha llegado a / obtenido el *sabbaññutañāṇa*, que suele hacer / que es causa de hacer retozar / deleitarse / resplandecer la *desanā* (dicho de una persona) (el Buddha).	
87090	10	R3	el llegar al retozar / deleitarse / resplandecer de la *desanā*.	
87091	10	R3	que suele hacer / que es causa de hacer retozar / deleitarse / resplandecer la *desanā* (el *sabbaññutañāṇa*).	
87092	10	R3	la plenitud del / el estar dotado del *sabbaññutañāṇa*, que suele hacer / que es causa de hacer retozar / deleitarse / resplandecer la *desanā*.	
87145	10	R3	el hecho de ser / el ser persona hábil / diestra en (todas) las hablas de uso local / de uso regional.	
87159	10	R3	que acostumbra / suele vivir en un territorio / región / lugar (dicho de una persona).	
87162	10	R3	el habla de uso local; el habla de uso regional; la denominación / el uso de palabras del lugar.	
88583	11	R3	lugar / región / comarca llamada *dhanuvi(lla)llika*. Véase también D.P. *dhanuvillaka*.	
88584	11	R3	lugar / región / comarca llamada *dhanuvi(lla)llika*. Véase también D.P. *dhanuvillaka*.	
88696	11	R3	el florecer / el deleitarse / el resplandecer de la *desanā* excelsa de la Enseñanza.	
88697	11	R3	la causa especial del florecer / del deleitarse / del resplandecer de la *desanā* excelsa de la Enseñanza; la causa distinguida del florecer / del deleitarse / del resplandecer de la *desanā* excelsa de la Enseñanza.	
91556	11	R3	(1) *Māra*, el *deva* (*devaputtamāra*). (a) el que no puede soltar los estados insanos. (b) el que retiene a quienes desean liberarse de su dominio. (c) el que se vale del conjunto de los malvados. (d) el que tiene en su mano el curso dañino de los seres. (e) el que no deja escapar del sufrimiento de la ronda (*vaṭṭa*) del *saṁsāra*. (2) el *deva* *kāma*.	
93484	11	R3	corta.	
93485	11	R3	(1) el cortar / segar. (adjetivo) (2) que suele cortar / perforar. Véase [[nikantanaṭṭha]].	
93875	12	R3	que tiene prohibidos los rubíes y el oro (dicho de una persona).	
93926	12	R3	habiendo depuesto / prohibido.	
94680	12	R3	(1) habiendo corrido de aquí para allá; habiendo salido / retozado / paseado ufano. (2) habiendo destellado; habiendo brillado.	
94732	12	R3	es echado fuera / apartado.	
95185	12	R3	(a) el disipar el dormitar / cabecear y el cansancio. (b) el tiempo de dormir / quedarse dormido, el tiempo de disipar el cansancio.	
95186	12	R3	la ocasión / el tiempo de disipar el cansancio que surge por dormir.	
95191	12	R3	el disipar el dormitar / cabecear, el hambre y la sed, y el sufrimiento.	
95232	12	R3	el disipar el dormir / quedarse dormido / dormitar / cabecear.	
95405	12	R3	aventaría. Abandonaría. Véase [[niddhamati]] (1).	
95504	12	R3	(1) habiendo puesto; (2) habiendo apartado. (3) habiendo depositado.	
97620	12	R3	(1) el ser fijo; siempre. (2) el señalar. (3) el significado señalado. (4) la palabra que señala. (5) el delimitar / determinar / restringir. (6) la palabra que es causa de delimitar / determinar / restringir. (7) absolutamente; ciertamente. (8) secuencia; fila. (9) el impedir. (10) el consultar. (11) el admitir. (12) el decidir. (13) el esforzarse. (14) la práctica, el *sīla*, el abstenerse de la acción de *pāṇātipāta* y demás; (a) los 5 *sīla*. (b) los 10 *sīla*. (15) la observancia del *uposatha*. (16) *niyama* / distrito / territorio. (adjetivo) (17) que suele hacer fijo / que es causa de fijeza (*sotāpattimagga*). (18) que tiene práctica (dicho de una persona).	
98211	12	R3	palabra que es causa de desechar.	
98212	12	R3	que suele desechar; que suele sacudirse; que suele arrojar sacudiendo (dicho de una persona).	
98595	12	R3	(1) la *nirādhasamāpattikathā*. (los monjes de la escuela *andhaka* y los monjes de la escuela *uttarāpatha* sostienen que el *nirodhasamāpatti* es *asaṅkhata*. Rechazando esa opinión errónea y afianzando su propia opinión correcta, el venerable *thera* *moggaliputtatissa* enseñó: puesto que el mismo no surgir de los 4 *khandhā* se llama *nirodhasamāpatti*, y puesto que no tiene ni *saṅkhatalakkhaṇā* ni *asaṅkhatalakkhaṇā*, no es ni *saṅkhata* ni *asaṅkhata*. La exposición aclaratoria sobre el tomar los *paravādī* el *nirodhasamāpatti* como *asaṅkhata* la confirmaron como *nirodhasamāpattikathā* los mil (1000) venerables *arahant* del tercer *saṁgāyanā*.) (2) las palabras que son medio de hablar del *nirodhasamāpatti*. (son palabras que se refieren a lo que mostró el venerable *thera* *mahābuddhaghosa* en el *aṭṭhakathā* *visuddhimagga*) (3) el exponer el Buddha la exposición del *nirodhasamāpatti*. La exposición del *nirodhasamāpatti*.	
100239	12	R3	que suele apartar los *nīvaraṇa* (el *jhāna*, la *bhāvanā*).	
100240	12	R3	el apartar los *nīvaraṇa*.	
100681	12	R3	el *brāhmaṇa* *nesāda* (y) el *brāhmaṇa* *Alampāyana* (encantador de serpientes).	
103849	13	R3	que suele disipar la oscuridad presente y la oscuridad futura.	
103906	13	R3	la gracia / elegancia de los *paccekabuddha*.	
104867	13	R3	los 5 ámbitos de estados que han de ser conocidos.	
104868	13	R3	que tiene la división de los 5 ámbitos de estados que han de ser conocidos.	
105655	13	R3	especialmente disipado / destruido por el resplandor de la *paññā*. Véase [[paññāpajjotavihatamohatama]].	
105656	13	R3	que tiene la densa oscuridad que es el *moha* especialmente disipada / destruida por el resplandor de la *paññā*; que ha disipado / destruido especialmente con el resplandor de la *paññā* la densa oscuridad que es el *moha* (el Buddha).	
106430	13	R3	el prohibir / vetar / objetar.	
106431	13	R3	prohíbe / veta / objeta.	
106432	13	R3	que prohíba / vete / objete. Véase [[paṭikkosati]].	
106433	13	R3	el prohibir / vetar / objetar.	
106434	13	R3	que prohíbe / veta / objeta (dicho de una persona).	
106435	13	R3	prohíben / vetan / objetan. Véase [[paṭikkosati]].	
106436	13	R3	prohíbe / veta / objeta. Véase [[paṭikkosati]].	
106437	13	R3	prohíbe / veta / objeta. Véase [[paṭikkosati]].	
106438	13	R3	prohibió / vetó / objetó. Véase [[paṭikkosati]].	
106439	13	R3	prohibió / vetó / objetó. Véase [[paṭikkosati]].	
106440	13	R3	prohibieron / vetaron / objetaron. Véase [[paṭikkosati]].	
106441	13	R3	prohibido / vetado / objetado.	
106442	13	R3	para prohibir / vetar / objetar.	
106443	13	R3	prohibieron / vetaron / objetaron. Véase [[paṭikkosati]].	
106444	13	R3	prohibirá / vetará / objetará. Véase [[paṭikkosati]].	
106445	13	R3	prohibiría / vetaría / objetaría. Véase [[paṭikkosati]].	
106446	13	R3	prohibiría / vetaría / objetaría. Véase [[paṭikkosati]].	
106450	13	R3	que tiene un *kattā* excluido; que excluye al *kattā*.	
106451	13	R3	la razón vetada.	
106452	13	R3	(momento) en que se veta / prohíbe.	
106454	13	R3	cuero vetado / prohibido.	
106457	13	R3	el método vetado.	
106458	13	R3	el lado vetado; la parte / el grupo vetado.	
106459	13	R3	pregunta / interrogante / cuestión ya vetada.	
106461	13	R3	persona vetada / prohibida.	
106462	13	R3	que tiene la condición de *baddhasīmā* vetada / prohibida; *baddha*…	
106463	13	R3	el beneficio del mostrar el hecho de ser vetado / prohibido.	
106466	13	R3	palabras vetadas / prohibidas que surgen tomando al rey como tema.	
106467	13	R3	la acción de curar con medicinas, vetada / prohibida.	
106468	13	R3	que tiene vetado el uso de toda agua fría; que no usa ninguna agua fría (dicho de una persona). Véase [[paṭikkhittasabbasītodaka]].	
106469	13	R3	que tiene vetado el uso de toda agua fría; que no usa ninguna agua fría (dicho de una persona).	
106470	13	R3	que tiene vetado el uso de toda agua fría; que no usa ninguna agua fría (dicho de una persona). Véase [[paṭikkhittasabbasītodaka]].	
106475	13	R3	que vete / prohíba. Véase [[paṭikkhipati]].	
106477	13	R3	la causa que es el vetar / prohibir.	
106480	13	R3	(a) vetan / prohíben. (b) arrojan. Véase [[paṭikkhipati]].	
106481	13	R3	hace vetar / prohibir.	
106482	13	R3	habiendo hecho vetar / prohibir.	
106483	13	R3	hizo vetar / prohibir. Véase [[paṭikkhipāpeti]].	
106484	13	R3	vetan / prohíben. Véase [[paṭikkhipati]].	
106487	13	R3	vetó / prohibió. Véase [[paṭikkhipati]].	
106488	13	R3	vetaron / prohibieron. Véase [[paṭikkhipati]].	
106491	13	R3	el lugar / sitio de la carne vetada / prohibida.	
106492	13	R3	palabra que muestra solo el hecho de ser vetado / prohibido.	
106494	13	R3	la ausencia del hecho de ser vetado / prohibido.	
106497	13	R3	vetaron / prohibieron. Véase [[paṭikkhipati]].	
106498	13	R3	vetará / prohibirá. Véase [[paṭikkhipati]].	
106499	13	R3	vetarán / prohibirán. Véase [[paṭikkhipati]].	
106502	13	R3	vetaría / prohibiría. Véase [[paṭikkhipati]].	
106505	13	R3	el hacer un veto / una prohibición.	
106506	13	R3	la causa del vetar / prohibir.	
106507	13	R3	palabra / expresión que declara la causa del vetar / prohibir.	
106508	13	R3	el mostrar el factor vetado / prohibido.	
106509	13	R3	el mostrar el factor vetado / prohibido.	
106510	13	R3	el reprochar a modo de veto.	
106511	13	R3	(1) el significado de veto. (adjetivo) (2) que tiene el significado de veto; que expresa el significado de veto.	
106512	13	R3	palabras que muestran el factor vetado.	
106514	13	R3	el vetar / prohibir.	
106515	13	R3	el significado / sentido que es el vetar / prohibir.	
106516	13	R3	(1) el hecho de ser distinto en cuanto al veto. (2) el hecho de ser distinto en cuanto a lo contrario.	
106517	13	R3	la exposición detallada mediante el vetar / a modo de veto.	
106518	13	R3	el dar a conocer un veto; *paṭikkhepapaññatti*.	
106519	13	R3	palabra que sirve para vetar / prohibir.	
106521	13	R3	que tiene confianza en el vetar / prohibir (dicho de una persona).	
106522	13	R3	el *pāl̤i* que sirve para vetar.	
106523	13	R3	que tiene el veto como precedente.	
106524	13	R3	que tiene el veto como predominante; en que predomina el veto.	
106526	13	R3	palabras que muestran solo el factor vetado.	
106527	13	R3	el inicio / comienzo / lo principal que es el vetar / prohibir.	
106528	13	R3	(1) término / palabra de veto. (2) palabras que muestran el veto. (3) el decir un veto (el hecho de ser dicho).	
106530	13	R3	*sikkhāpada* que sirve para vetar.	
106531	13	R3	la consumación del veto.	
106532	13	R3	la ausencia de veto.	
106533	13	R3	el esfuerzo por vetar.	
106534	13	R3	digno de veto; que merece ser vetado.	
106535	13	R3	vetado.	
106536	13	R3	a quien se hizo vetar / que suele vetar (dicho de una persona).	
106537	13	R3	que ha de ser vetado / prohibido.	
106538	13	R3	para vetar / prohibir.	
106539	13	R3	vetaría / prohibiría. Véase [[paṭikkhipati]].	
107443	13	R3	el apartar lo opuesto.	
107444	13	R3	capaz de apartar lo opuesto.	
107466	13	R3	el extirpar lo opuesto sin residuo.	
107467	13	R3	el cortar lo opuesto sin residuo.	
107468	13	R3	el cortar lo opuesto sin residuo.	
107469	13	R3	el cortar lo opuesto sin residuo.	
107470	13	R3	el mostrar claramente el cortar lo opuesto sin residuo.	
107556	13	R3	(1) el hacer retroceder; el apartar. (2) el hacer inclinar; el doblar.	
108143	13	R3	de nuevo / en respuesta / a su vez habla. habla en contra; niega.	
108144	13	R3	de nuevo / en respuesta habló; habló en contra; negó. Véase [[paṭibyākaroti]].	
108145	13	R3	de nuevo / en respuesta habla; habla en contra; niega. Véase [[paṭibyākaroti]].	
108146	13	R3	de nuevo / en respuesta habló; habló en contra; negó. Véase [[paṭibyākaroti]].	
108813	14	R3	(1) (a) habiendo atravesado; habiendo herido / tocado / acertado. (b) habiendo apartado. (2) (a) habiendo conocido penetrando. (b) habiendo realizado; habiendo conocido con claridad, como ante los ojos.	
108868	14	R3	destruido / abolido.	
108869	14	R3	que tiene su contrario ya destruido / abolido; (estado) que ya ha destruido / abolido los estados insanos contrarios.	
109536	14	R3	¡que prohíba / rechace! Véase [[paṭisedhati]].	
109663	14	R3	disiparán. Véase [[paṭihanati]].	
109664	14	R3	disipará. Véase [[paṭihanati]].	
109665	14	R3	(1) impide / disipa / golpea. (2) choca / afecta. (a) choca / se junta. (b) choca / atormenta. (c) choca / golpea.	
109666	14	R3	(1) es impedido / disipado. (2) es atormentado / oprimido / golpeado.	
109673	14	R3	son impedidos / disipados. Véase [[paṭihaññati]] (2).	
109675	14	R3	impide / disipa. Véase [[paṭihaññati]] (1).	
109682	14	R3	(a) que suele chocar / juntarse. (b) que suele chocar / atormentar. (c) que suele chocar / golpear. (2) chocado / reunido. (3) (el momento) en que se choca / reúne. Véase [[paṭihatakāla]]. (4) (a) impedido / disipado. Véase [[paṭihatappabha]]. (b) impedido / obstruido. Véase [[paṭihatañāṇappabhāva]].	
109686	14	R3	que tiene un brillo impedido / disipado.	
109687	14	R3	(1) impide / disipa. (2) atormenta / oprime / golpea.	
109688	14	R3	(1) el impedir / disipar. (2) (a) el chocar / juntarse / reunirse. (b) el chocar / oprimir / atormentar. (adjetivo) (3) que suele chocar / juntarse. (4) que puede impedir / obstruir. Véase [[paṭihananaka]].	
109693	14	R3	el fruto del impedir / disipar.	
109695	14	R3	la causa / el medio del impedir / disipar.	
109696	14	R3	(1) que suele chocar / oprimir / atormentar. (2) que suele impedir / disipar.	
109697	14	R3	impiden / disipan. Véase [[paṭihanati]] (1).	
109699	14	R3	que desea impedir / disipar.	
109700	14	R3	habiendo impedido / disipado. Véase [[paṭihantave]].	
109701	14	R3	impedirá / disipará. Véase [[paṭihanati]].	
109702	14	R3	que ha de ser impedido / disipado.	
109703	14	R3	para impedir / disipar; para detener / proteger.	
109704	14	R3	impide / disipa. Véase [[paṭihanati]] (1).	
109748	14	R3	el hacer surgir por separado; el sustraer de un conjunto.	
112336	14	R3	la gracia / elegancia de la palabra.	
114706	15	R3	(de la mecha) zona / región.	
116521	15	R3	aire del abanico.	
116530	15	R3	el sostener el abanico.	
116921	15	R3	el esplendor y el porte majestuoso del Buddha.	
116922	15	R3	el esplendor y el porte majestuoso del Buddha.	
116955	15	R3	el esplendor y la gracia del Buddha.	
116968	15	R3	el esplendor y la gracia de la apariencia y la forma de un Buddha.	
117950	15	R3	el apartar / el suprimir el *byāpāda*.	
119494	15	R3	el disipar el temor / espanto. Véase [[bhayavinodakahetusampādana]].	
119495	15	R3	la causa del disipar el temor / espanto. Véase [[bhayavinodakahetusampādana]].	
119496	15	R3	el completar la causa del disipar el temor / espanto.	
119497	15	R3	el disipar el temor / espanto.	
119498	15	R3	la causa del disipar el temor / espanto. Véase [[bhayavinodanahetusampādana]].	
119499	15	R3	el completar la causa del disipar el temor / espanto.	
119522	15	R3	que suele atormentar y hacer desaparecer el peligro (dicho de una persona).	
119523	15	R3	el hecho de ser quien suele atormentar y hacer desaparecer los peligros (como el nacimiento y demás). Véase [[bhayasārakattābhāva]].	
119524	15	R3	la ausencia del hecho de ser quien suele atormentar y hacer desaparecer los peligros (como el nacimiento y demás).	
119528	15	R3	el disipar la causa del temor.	
119548	15	R3	el disipar el peligro.	
119549	15	R3	el disipar el peligro.	
120518	15	R3	(1) (a) el llegar a ser; el surgir de manera manifiesta. (b) (el ir, el cocinar y demás) *kriyā*; *bhāva*. Véase [[bhāvena bhāvalakkhaṇattha]]. (2) deseo; deseo (*chanda*); *ajjhāsaya*; intención. (3) naturaleza; *sabhāva*; *dhammatā*. Véase también [[bhāvasaṅkantigamana]]. (4) el amar. (5) *bhāvarūpa*. (6) la causa del surgimiento del conocimiento y de la palabra; *bhāva*. (7) (a) mente. Véase [[bhāvadosa]]. (b) modo particular en que surge la mente; (c) cuerpo; cuerpo físico. (9) el existir. Véase [[abhāva]]. (En *māgadhaabhidhān* 817 aparece con 7 significados: (1) palabra. (2) el surgir de manera manifiesta. (3) deseo. (4) *kriyā*. (5) naturaleza. (6) el asociarse. (7) como *itthindriya* y *purisindriya*).	
120794	15	R3	el deleitarse en el esplendor y el disfrute.	
121700	15	R3	el lucir / deleitarse del comer; el lucir / deleitarse al comer.	
122847	16	R3	(1) néctar de flor; néctar. (Los diccionarios sánscritos dicen que, por ser capaz de producir *kāma*, tiene fuerza para abatir incluso al *makara*.) (2) filamento / estambre / polen del loto. (En PSED se traduce: (1) néctar de flor. (2) el jazmín / su planta / su flor. (3) una especie de cuclillo koel. (4) abeja. (5) el mango dulce.)	
126788	16	R3	(1) una clase particular de ganso. (2) la hierba ‹သမန်း›. (femenino) (3) la reina *mallikā*. (femenino; masculino) (4) jazmín; ‹ကြက်ရုံး›.	
126789	16	R3	capullo de jazmín; capullo de ‹ကြက်ရုံး›. Véase [[mallikamakul̤asaṇṭhāna]].	
126790	16	R3	que tiene la forma de un capullo de jazmín / de ‹ကြက်ရုံး›.	
127153	16	R3	que ha llegado a resplandecer y gozar por un poder sobrenatural grande y excelente (dicho de una persona). Véase [[mahāvilāsa]].	
129076	16	R3	(1) la lengua *māgadha*; la lengua pāḷi. (2) ‹ဇွန်›; ‹စံပယ်›. (3) ‹ပိတ်ချင်း›.	
129426	16	R3	el desprender / destruir el *māna*.	
129815	16	R3	que ha extirpado / apartado al ejército de *māra* (dicho de una persona).	
132386	16	R3	el campo de *mettā*; el territorio por donde se extiende *mettā*.	
134145	17	R3	(1) el *bhūmi* de los *peta*. (2) los cuatro *bhūmi* de *apāya*. (3) el otro mundo. Véase el original.	
135199	17	R3	el *thera* que ofrece flores de ‹ဇွန်› o ‹စပယ်›.	
135200	17	R3	que ofrece flores de ‹ဇွန်› o ‹စပယ်› (dicho de una persona).	
135201	17	R3	la planta ‹ဇွန်› / ‹စပယ်›; la flor ‹ဇွန်› / ‹စပယ်›.	
135202	17	R3	la flor ‹ဇွန်› / ‹စပယ်›.	
135536	17	R3	planta de jazmín.	
136131	17	R3	el factor del reino. Los factores del reino son 7: (1) el rey soberano. (2) los ministros; (3) el rey aliado; (4) el tesoro y los graneros; (5) la fortaleza y los baluartes; (6) el territorio del país; (7) el ejército y las tropas.	
136274	17	R3	(1) país; reino; gran región; gran país; *mahājanapada*. (2) una parte del *mahājanapada* (gran país); distrito; territorio. (3) lugar donde hay gente abundante / mezclado con gente; lugar donde vive la gente; región de ciudades, aldeas. (4) habitante del país / reino / nación; hijo del país. (5) los impuestos y rentas que provienen del país.	
136778	17	R3	(neutro) (a) flor que se abre de noche; flor nocturna; flor llamada *ratthika* (‹မြတ်လေး›, jazmín y demás). (masculino) (2) el *thera* *rattipupphiya*. (el *thera* que rindió homenaje al Buddha *vipassī* con una flor nocturna llamada *rattika*.	
137443	17	R3	el apartar el *rāga* y el *dosa*.	
137500	17	R3	el apartar el *rāga*.	
137501	17	R3	que suele desechar el *rāga* de maneras diversas y variadas.	
137503	17	R3	el desaparecer / el agotarse / el perecer / el ser apartado del *rāga*.	
137803	17	R3	la medida / ‹ပယ်› del rey.	
137822	17	R3	el resplandecer y deleitarse de los reyes.	
137847	17	R3	el esplendor y deleite del rey.	
138864	17	R3	el esplendor / la gracia de la figura / de la apariencia.	
140222	18	R3	(1) juega / luce / se contonea. (2) alza / arroja. (3) mueve (la lengua).	
140795	18	R3	retoza / se divierte / se deleita.	
140796	18	R3	la mujer que se deleita especialmente (de gran deseo y lujuria).	
140797	18	R3	(1) que retoza / se divierte / juega; hermoso / deleitoso. (neutro) (2) la acción de colocar bien las manos, los pies y los miembros, junto con los gestos de las cejas, los ojos, etc., de manera sumamente delicada.	
140924	18	R3	(a) (junto con los amigos) retoza / se divierte / juega. (b) (con los cinco *kāmaguṇa*) se deleita / resplandece / goza. (c) (con los cuatro estados *brahmavihāra*) se deleita / resplandece / goza. (d) (con su propia gloria y poder) resplandece / goza / exulta. (e) (con el juego del *jhāna*) resplandece / goza. (f) (con los poderes, los *iddhipāda*) resplandece / goza / exulta. (g) (con el surgir / completarse de la cosa deseada) resplandece / goza. (h) (con diversas clases de prosperidad) resplandece / goza. (i) (con los 108 estados *taṇhāvicarita*) resplandece / goza. (j) (con el estado de *vaṭṭa*) se deleita / resplandece / goza.	
140925	18	R3	(1) el temblar. (2) el resplandecer / gozar; el hacer resplandecer / gozar.	
140926	18	R3	que resplandece / goza.	
140928	18	R3	(1) que resplandece / goza / se deleita sumamente. (neutro) (2) el resplandecer / gozar / retozar / divertirse / jugar.	
140930	18	R3	que resplandece / goza (dicho de una persona). Asociado con / dotado del resplandecer / gozar (dicho de una persona).	
140931	18	R3	(a) para resplandecer / gozar. (b) para retozar / divertirse / jugar.	
141190	18	R3	se muestra gracioso y se recrea. Véase [[lāseti]] (1).	
141193	18	R3	que se muestra gracioso y se recrea.	
141194	18	R3	la danza / el estilo de danza / la técnica de danza graciosa y recreativa. Véase [[lāsenti]] (2).	
141195	18	R3	se muestra gracioso y se recrea.	
141197	18	R3	que se muestra gracioso y se recrea (dicho de una persona).	
141198	18	R3	se muestran graciosos y se recrean.	
141199	18	R3	hacen bailar / enseñan el estilo de danza gracioso y recreativo; se muestran graciosos y se recrean.	
141200	18	R3	se mostraron graciosos y se recrearon.	
141427	18	R3	(1) el mostrarse gracioso / recrearse. (2) el retozar y divertirse / jugar / deleitarse. (3) el gesto bello / cautivador. (4) el objeto que es medio para jugar / retozar; juguete. Véase [[līlāaravinda]].	
141429	18	R3	realiza el mostrarse gracioso / recrearse. Véase [[līl̤āyanta]].	
141430	18	R3	que tiene una voz asociada con el mostrarse gracioso / recrearse / el gesto cautivador.	
141432	18	R3	que se apega a el mostrarse gracioso / recrearse / el gesto cautivador (dicho de una persona).	
141433	18	R3	(1) que tiene el alegrarse y deleitarse / mostrarse gracioso y recrearse. (masculino) (2) el alegrarse y deleitarse / mostrarse gracioso y recrearse.	
141435	18	R3	el realizar el mostrarse gracioso / recrearse.	
141436	18	R3	que se muestra gracioso / se recrea; que realiza el mostrarse gracioso / recrearse.	
143119	18	R3	(1) que es deleitable para el corazón / que es agradable. (2) (a) hábil / diestro. (b) bueno / hermoso / muy bello. (3) dulce / agradable / grato de oír. (4) suave / fluido / delicado / que suele cautivar la mente y el corazón. (5) hermoso / elegante / refinado y fluido. (6) limpio / puro / libre de impurezas. (7) hermosa / agradable y pausadamente.	still valid (§91): PCED Meaning, unchanged
143120	18	R3	(1) que tiene una voz dulce / agradable. (2) que tiene belleza / elegancia.	still valid (§91): PCED Meaning, unchanged
143137	18	R3	(1) que tiene una voz hábil / diestra / buena / refinada. (2) que tiene una voz deleitable para el corazón / agradable. (3) que tiene una voz hermosa / elegante. (4) que tiene una voz dulce / agradable / grata de oír.	
143252	18	R3	el hecho de ser / el ser hermosa / elegante la palabra / el habla.	
145792	18	R3	el jazmín silvestre; ‹တောကြက်ရုံး›.	
145913	18	R3	que tiene la flecha de la *rāga* y demás ya extraída; que ha extraído la flecha de la *rāga* y demás (dicho de una persona).	
147924	19	R3	doctrina capaz de replicar / resolver; doctrina que suele repeler / refutar / hacer retroceder (las doctrinas contrarias). Doctrina que suele hacer que la objeción del *codaka* vuelva a su estado original.	
147968	19	R3	el arrojar / desechar / destruir una doctrina.	
148087	19	R3	(1) parcela; tierra de arrozal. (2) semilla sembrada. (2) Véanse [[vāpasamakaraṇa]], [[vāpasamīkaraṇa]].	
148367	19	R3	el porte garboso y elegante del elefante.	
148810	19	R3	encantador de serpientes.	
149113	19	R3	(1) el esparcir en desorden. (2) el lugar donde se esparce en desorden. (3) engaño que suele desechar. (4) el prestar a interés / repartir (las riquezas). (adjetivo) (5) que tiene el hábito / suele esparcir en desorden / destruir / derrochar. Véase [[vikiraṇakāla]].	
149144	19	R3	el estar libre / apartarse / abstenerse de jugar / retozar / regocijarse.	
149145	19	R3	el estar libre / apartarse / abstenerse de jugar / retozar / regocijarse.	
149283	19	R3	(a) el jugar / retozar / divertirse / regocijarse. (b) el lucir con gracia / pavonearse / juguetear.	
149284	19	R3	(a) que es la sede donde hay un conjunto de juegos / retozos / diversiones / regocijos. (b) que es la sede donde hay un conjunto de lucimientos / pavoneos / juegueteos.	
149285	19	R3	el lucir con gracia / pavonearse / juguetear.	
149299	19	R3	(1) aparta / destruye / remueve. (2) se asusta especialmente. (3) abre. (3) Véase [[vikkhambhetvā]].	
149307	19	R3	el extinguirse y enfriarse por medio del apartar (los *kilesa*).	
149308	19	R3	el aclararse por medio del apartar; *vikkhambhanapasāda*.	
149311	19	R3	el límite que es el apartar.	
149315	19	R3	que ha llegado a la liberación por medio del apartar.	
149316	19	R3	el hecho de existir manifiestamente la liberación por medio del apartar (*vikkhambhanavimutti*).	
149317	19	R3	*vikkhambhanavimokkha*; que se libera (de los *nīvaraṇa*) por medio del apartar; (la *samāpatti*).	
149318	19	R3	*vikkhambhanaviveka*; el aislamiento por medio del apartar.	
149320	19	R3	*vikkhambhanavisuddhi*; la purificación por medio del apartar.	
149322	19	R3	capaz de apartar.	
149323	19	R3	*vikkhambhanasuñña*; el estar vacío por haber sido apartado.	
149324	19	R3	que ha de / puede ser apartado / bloqueado / impedido.	
149325	19	R3	que aparta / destruye / remueve.	
149326	19	R3	(1) apartan / destruyen / remueven. (2) se asustan especialmente. (1) (2) Véase [[vikkhambhati]].	
149328	19	R3	que aparta / destruye / remueve (dicho de una persona).	
149333	19	R3	el *kāmarāga* ya apartado.	
149334	19	R3	(1) que tiene los *kilesa* ya apartados; que ha apartado los *kilesa*. (masculino) (2) los *kilesa* ya apartados.	
149335	19	R3	que tiene los *nīvaraṇa* ya apartados; que ha apartado los *nīvaraṇa*.	
149336	19	R3	que tiene ya apartados los estados opuestos / los *kilesa*; que ha apartado los estados opuestos / los *kilesa*.	
149337	19	R3	que tiene el *byāpāda* / *dosa* ya apartado; que ha apartado el *byāpāda* / *dosa* (dicho de una persona).	
149338	19	R3	que tiene el *rāga* ya apartado; que ha apartado el *rāga* (dicho de una persona).	
149339	19	R3	que tiene el *rūparāga* ya apartado; que ha apartado el *rūparāga* (dicho de una persona).	
149342	19	R3	que se ha de / conviene / merece apartar / bloquear / impedir.	
149576	19	R3	(1) (a) que tiene ausentes el límite / el borde / el vestigio (del *kāmavitakka* y demás); que no tiene límite / borde / vestigio / ni siquiera un residuo. (b) que tiene ausentes el límite / el borde / el vestigio (del *kāmavitakka* y demás); que no tiene límite / borde / vestigio / residuo. Hecho retroceder / cortado por todos lados. (c) que tiene ausentes el límite / el borde / el vestigio (de los estados *āsavaṭṭhānīya*); que no tiene límite / borde / vestigio / ni siquiera un residuo; salido / no asociado. (2) (de la deuda) sin límite / borde / vestigio / residuo; enteramente / entregada / pagada. (3) que tiene ausente la *taṇhā* vil / baja; que no tiene *taṇhā*. (4) (del mango maduro) que tiene ausentes el límite / el borde / el vestigio; que tiene los mangos maduros ya acabados.	
149578	19	R3	el hecho de tener ausentes el límite / el borde; el hecho de no tener límite / borde / residuo; el realizar el hecho de cortar por todos lados / de hacer retroceder.	
150278	19	R3	el impedir adornarse, untarse y demás; el andar con garbo (de las mujeres); el arreglar el aspecto.	
150367	19	R3	que suele lucirse / solazarse / retozar (dicho de una persona).	
150368	19	R3	(1) estira el cuerpo y los miembros / bosteza. (2) se luce / se solaza / retoza. Véase el original.	
150369	19	R3	(1) el temblar una y otra vez / repetidamente. (2) el estirar el cuerpo y los miembros / bostezar. (3) el extenderse. (4) el lucirse / solazarse / retozar. (5) el (momento, la ocasión y demás) de lucirse / solazarse / retozar. Véanse [[vijambhanakāla]], [[vijambhanabhūmi]].	
150370	19	R3	que suele hacer lucir / solazarse / retozar (la exposición de la Enseñanza).	
150371	19	R3	el tiempo en que uno se luce / se solaza / retoza.	
150372	19	R3	el lugar; el sitio en que uno se luce / se solaza / retoza.	
150373	19	R3	(1) que estira el cuerpo y los miembros / se despereza / bosteza. (2) que se luce / se solaza / retoza.	
150375	19	R3	que se luce / se solaza / retoza.	
150377	19	R3	se lució / se solazó / retozó.	
150379	19	R3	(1) el estirar el cuerpo y los miembros; el desperezarse. (2) el estar perezoso / bostezar. (3) el lucir hermoso / solazarse / retozar. (4) que suele estirar el cuerpo y los miembros.	
150381	19	R3	que tiene un conjunto de lucimientos hermosos / solaces / retozos.	
150383	19	R3	habiéndose lucido / solazado / retozado.	
150384	19	R3	(yo) me luciré / me solazaré / retozaré.	
150386	19	R3	se luciría / se solazaría / retozaría.	
150388	19	R3	(yo) me luciré / me solazaré / retozaré.	
152126	19	R3	que tiene suprimida la *taṇhā* llamada enredadera; que ha suprimido la *taṇhā* llamada enredadera.	
152127	19	R3	que tiene suprimidas todas las malas acciones; que ha suprimido todas las malas acciones.	
152512	19	R3	(a) habiendo hecho inclinar / doblar de diversos modos / de un lado y de otro. (b) habiendo apartado / abierto.	
152873	19	R3	ya abierto / retirado. Véase la entrada siguiente.	
152874	19	R3	que tiene el techo (consistente en los *kilesa*) ya abierto / retirado; que ya ha abierto / retirado el techo (consistente en los *kilesa*) (dicho de una persona).	
155297	19	R3	suele arrojar / desechar / destruir.	
155326	19	R3	(1) raspa / saca / acarrea (la tierra en polvo). (2) coloca distribuyendo / reuniendo; dispone en orden / despliega en formación militar. Véase [[viyūhanti]]. (3) aparta / retira. Véase [[viyūhitvā]] (2).	
155331	19	R3	(1) habiendo raspado / sacado / acarreado. (2) habiendo apartado / retirado. (3) habiendo colocado distribuyendo; habiendo dispuesto en orden / desplegado en formación militar. Véase [[viyūhanti]].	still valid (§91): PCED Meaning, unchanged
155947	19	R3	resplandece / luce con gracia / brilla.	
155948	19	R3	el resplandecer / lucir con gracia / brillar.	
155949	19	R3	que resplandece / luce con gracia / brilla (dicho de una persona).	
155950	19	R3	el resplandecer / lucir con gracia.	
155960	19	R3	(1) que resplandece / luce con gracia / brilla. (masculino) (2) el regocijarse / retozar. (3) el resplandecer / lucir con gracia / brillar. Véase [[vilāsayuttajana]].	
155961	19	R3	que suele hacer resplandecer / lucir con gracia.	
155962	19	R3	la conducta / el ademán que es el resplandecer / lucir con gracia. Véase la entrada siguiente.	
155963	19	R3	asociado con la conducta / el ademán que es el resplandecer / lucir con gracia.	
155964	19	R3	el andar que resplandece / luce con gracia.	
155965	19	R3	que resplandece / luce con gracia.	
155966	19	R3	que hace resplandecer / lucir con gracia / brillar (dicho de una persona).	
155967	19	R3	(1) asociado con el regocijo / retozo. Véase la entrada siguiente. (2) asociado con el resplandecer / lucir con gracia / brillar.	
155969	19	R3	que tiene el resplandecer / lucir con gracia / brillar.	
155970	19	R3	dotado del resplandecer / lucir con gracia (dicho de una persona).	
155972	19	R3	que resplandece / luce con gracia. Véase la entrada siguiente.	
155973	19	R3	el andar que resplandece / luce con gracia.	
155974	19	R3	que tiene ojos que resplandecen / lucen con gracia / brillan (dicho de una persona).	
155976	19	R3	el rey de los cisnes que resplandece / luce con gracia.	
155977	19	R3	que tiene el resplandecer / lucir con gracia / brillar (dicho de una persona).	
210345	14b	R3	habiendo comparado / examinado / reflexionado. *pamāya* 2 (calificativo verbal) habiendo atormentado / oprimido / suprimido.	
211001	14b	R3	el remediar / disipar el sufrimiento / *dukkha* de los demás.	
211002	14b	R3	el afanarse / esforzarse por remediar / disipar el sufrimiento / *dukkha* de los demás.	
211007	14b	R3	que desea disipar el sufrimiento / *dukkha* de los demás.	
211008	14b	R3	que tiene la señal / *lakkhaṇā* que es el hecho de desear disipar el sufrimiento / *dukkha* de los demás.	
211009	14b	R3	el producirse en el modo que es disipar el sufrimiento / *dukkha* de los demás.	
211010	14b	R3	que tiene como *lakkhaṇā* el producirse en el modo que es disipar el sufrimiento / *dukkha* de los demás.	
211736	14b	R3	las palabras de quienes tienen una opinión / doctrina otra / distinta (no verdadera).	
211737	14b	R3	las palabras de quienes tienen una opinión / doctrina otra / distinta (no verdadera).	
211754	14b	R3	el apartar / hacer renunciar a otros.	
211770	14b	R3	(1) el lugar de otros. (a) el país / reino / territorio de otros. (b) el lugar / sitio / región / zona de otros. (c) aquello en que dominan los enemigos / *māra* (los 5 *kāmaguṇa*). (2) otro lugar / sitio / mundo; (respecto de la *bhūmi* humana) otra, la *bhūmi* de los *peta*.	
212315	14b	R3	(1) el recinto. (2) (de las serpientes, de los *nāga*) la espiral del cuerpo. (3) el perímetro; el contorno / la circunferencia. (4) el cubrir rodeando (en dos o tres vueltas / dos o tres capas). (5) el desechar; el insultar / censurar.	
212328	14b	R3	dotado del estar hermoso / elegante del contorno.	
212546	14b	R3	hace surgir (los *indriya* en los objetos); goza / se regocija / se deleita. Véase [[paricārayati]] (1).	
212562	14b	R3	gozamos / nos regocijamos / nos deleitamos. Véase [[paricāreti]].	
212578	14b	R3	hice surgir (los *indriya* en los objetos). (2) gocé / me regocijé / me deleité. Véase [[paricāreti1]].	still valid (§91): Meaning unchanged
212908	14b	R3	retoza, se regocija.	
213368	14b	R3	el disipar el temor / sobresalto.	
215128	14b	R3	habiendo excluido / negado.	
215340	14b	R3	amado / apreciado; hermoso / garboso (dicho de una persona).	
215533	14b	R3	(1) habiendo girado / dado vueltas; habiendo rodado. (2) habiendo cambiado / intercambiado.	still valid (§91): Meaning unchanged
216171	14b	R3	que suele disipar el cansancio.	
216172	14b	R3	el disipar el cansancio. (adjetivo) (2) que puede disipar el cansancio.	
216173	14b	R3	el lugar donde / en que se puede disipar el cansancio.	
216174	14b	R3	el beneficio de disipar el cansancio.	
216192	14b	R3	el hecho de ser capaz de apartar / destruir los peligros.	
216194	14b	R3	que suele disipar los peligros; que es aquello con que se disipan los peligros.	
216195	14b	R3	que suele disipar los peligros; que es aquello con que se disipan los peligros. Véase la entrada anterior.	
216196	14b	R3	(1) el disipar los peligros. (adjetivo) (2) que suele disipar los peligros. (1) Véase la entrada siguiente.	
216197	14b	R3	el beneficio de disipar los peligros.	
216303	14b	R3	(1) el decaer / disminuir. (2) el renunciar / desechar. (adjetivo) (3) que decae / disminuye. Véase [[parihānadhamma]].	
216466	14b	R3	que tiene como función el disipar el arder.	
216795	14b	R3	(1) hoja (de árbol). (2) hoja de color pálido; hoja amarilla; hoja marchita; hoja vieja. (3) broza; grano vano; grano vano de arroz; falta. (4) el que suele cortar / suprimir; el que rivaliza / se equipara / compite en cualidades. (5) el color verde. (6) hoja de ‹ပေါက်›; hoja de ‹ပေါက်› para envolver.	
216798	14b	R3	corta / suprime; rivaliza / se equipara / compite en cualidades.	
216819	14b	R3	que tiene la naturaleza de soler cortar / suprimir; que rivaliza / se equipara / compite en cualidades (dicho de una persona).	
216820	14b	R3	la persona que suele cortar / suprimir; la persona que rivaliza / se equipara / compite en cualidades.	
216822	14b	R3	corta / suprime; rivaliza / se equipara / compite en cualidades.	
216828	14b	R3	habiendo excavado / suprimido.	
216832	14b	R3	excavé / extirpé. Véase la entrada anterior.	
216833	14b	R3	habiendo excavado / extirpado.	
216834	14b	R3	excavaría / extirparía. Véase [[palikhaṇati]].	
216835	14b	R3	excavado / extirpado.	
216837	14b	R3	que es el medio de excavar / extirpar todo alrededor. Véase la entrada siguiente.	
216838	14b	R3	la azada que es el medio de excavar / extirpar alrededor.	
650	01	R4	el pisar / el ir pisando / su propósito.	
1391	01	R4	el provecho del fuego. para el fuego.	
10400	02	R4	el beneficio de poner fin.	
20753	03	R4	el propósito de producir el hecho de no tener enfermedad / de hacer que se esté libre de enfermedad. Véase [[ārogyasālā]].	
20944	03	R4	el propósito de hacer el adorno.	
20952	03	R4	(1) el propósito de adornar / de embellecer. (adjetivo) (2) que tiene el significado «adorno».	
23429	03	R4	el propósito de dar a conocer el hecho de no estar distorsionado / de ser correcto.	
23543	03	R4	el propósito de que no cuente como vivir apartado (del *ticīvara*,); el propósito de no incurrir en *āpatti* aunque se viva apartado del *ticīvara*. Véanse [[avippavāsasammuti]], [[avippavāsasimā]].	
23711	03	R4	el propósito de mostrar el hecho de tener palabras que no se oponen.	
23775	03	R4	el propósito de hacer que no esté abierto / no desplegado. Véase [[avakujjaṭṭhāna]].	
23779	03	R4	el propósito de no disputar / de que no surja disputa. Véase [[avivāda]].	
23780	03	R4	el propósito de no disputar / de que no surja disputa. Véase [[avivāda]].	
23812	03	R4	el propósito de hacer no fallar / ser veraz.	
24015	03	R4	el propósito de no atormentar.	
24068	03	R4	propósito, es decir, el no transgredir.	
26482	03	R4	el propósito de practicar la conducta de los que no son buenas personas / la conducta sexual.	
30540	4a	R4	el propósito de liberar de la condición de la persona perezosa.	
33443	4a	R4	el propósito de prohibir el dejar sobras de comida.	
37507	4b	R4	el propósito de mostrar el modo que consiste en investigar y reflexionar.	
37691	4b	R4	el propósito de iluminar el sentido de *dutiyā* / el sentido de *kamma*.	
37717	4b	R4	el propósito del desaparecer.	
37734	4b	R4	el propósito de poder entrar en la *samāpatti* que surge cada vez más arriba.	
37821	4b	R4	el propósito del surgir del *ariyamagga* que ha de desarrollarse arriba.	
37891	4b	R4	el propósito de mostrar el estado especial que se obtiene arriba.	
45597	05	R4	el beneficio de arar el campo. (Con el fin de arar el campo.)	
48880	05	R4	para qué beneficio; para qué.	
48881	05	R4	para qué beneficio.	
50649	06	R4	el propósito de guardar la jarra de agua.	
50736	06	R4	el propósito de la azada, la azuela y el hacha.	
63429	07	R4	el propósito de vigilar la vasija (de licor). Véase [[cāṭisata]] (1).	
65892	07	R4	el fin de mostrar el hecho de surgir en la mente.	
65903	07	R4	el fin de mostrar el hecho de ser *cetasikasukha*.	
65954	07	R4	el fin de contemplar la fiesta de ofrendas celebrada en el monte *cetiya*.	
65958	07	R4	el fin de perfumar la casa del *cetiya*.	
65973	07	R4	el fin de limpiar / reparar / despejar el *cetiya*.	
65982	07	R4	el fin de venerar el *cetiya*.	
65984	07	R4	el fin de venerar, proteger el *cetiya*.	
65986	07	R4	el fin de consumar la condición de *cetiya*.	
65999	07	R4	el fin de rendir homenaje al *cetiya*.	
66093	07	R4	el fin de especificar la *cetovimutti*.	
66104	07	R4	el fin del ser la mente especialmente pura.	
66168	07	R4	(1) el propósito que es el acusar. (2) el significado que es el urgir / incitar / mandar.	
66331	07	R4	el propósito de proteger contra / impedir a los ladrones.	
66332	07	R4	el propósito de proteger contra / impedir a los ladrones.	
67481	07	R4	el provecho que es la sombra.	
67519	07	R4	el provecho de la ceniza.	
67614	08	R4	el beneficio de cortar; con el fin de cortar.	
68072	08	R4	el propósito de caminar para desentumecerse.	
68081	08	R4	el propósito de eliminar el cansancio / entumecimiento de las pantorrillas / espinillas; el propósito de eliminar el entumecimiento de las pantorrillas.	
68082	08	R4	el propósito de eliminar el cansancio / entumecimiento de las pantorrillas / espinillas; el propósito de eliminar el entumecimiento de las pantorrillas.	
68084	08	R4	el propósito de estirar las pantorrillas / espinillas; el propósito de estirar las piernas. Véase [[jaṅghavihāra]] (1).	
68269	08	R4	el propósito de hacer que la multitud de seres vivos alabe / se asombre.	
68280	08	R4	(1) el significado de producir. (2) el propósito de producir.	
68387	08	R4	(1) el propósito de hacer hablar a la gente; el propósito de hacer hablar a la gente invitándola con bienes. (2) (a) el propósito de hablar a la gente jactándose; (b) el propósito de hablar a la gente adulándola.	
68388	08	R4	el propósito de hacer hablar a la gente; el propósito de hacer hablar a la gente invitándola con bienes.	
68398	08	R4	el propósito de hacer que la gente se asombre. Véase también [[janakuhanattha]].	
68404	08	R4	el propósito de mostrar el estar solitario, libre de gente.	
68411	08	R4	el propósito de evitar el mezclarse / tratar con la gente.	
68417	08	R4	el propósito de favorecer / sostener a la gente.	
68418	08	R4	el propósito de favorecer / sostener a la gente.	
69279	08	R4	el propósito de cubrir la rótula / el disco de la rodilla.	
69360	08	R4	el propósito de mostrar la ciudad donde se nace.	
69432	08	R4	el propósito de mostrar el hecho de haber nacido y crecido.	
69521	08	R4	el propósito de sacar / rescatar de la travesía difícil del tomar *paṭisandhe* y demás.	
69613	08	R4	el propósito que es el mostrar la casta de nacimiento.	
69747	08	R4	el propósito de abandonar el *jātimāna*.	
69848	08	R4	el propósito de depurar la casta de nacimiento.	
70334	08	R4	el provecho del lugar deteriorado / gastado / raído; el provecho de bastar apenas para remendar un lugar deteriorado y raído.	
70370	08	R4	el provecho de reparar y arreglar lo deteriorado / ruinoso / destruido.	
72735	08	R4	el fin de hacer saber.	
72866	08	R4	el fin que es el hacer permanecer / el poner.	
73217	08	R4	el propósito de indicar el hecho de ser semejante en cuanto al lugar donde algo se asienta.	
73228	08	R4	el propósito de dar a conocer lo que es causa y lo que no es causa.	
73367	08	R4	el propósito de dar a conocer el hecho de permanecer.	
80017	09	R4	el fin que es un pilar; para un pilar; para hacer un pilar.	
81512	10	R4	el propósito de (cortar) un palillo dental / palillo para limpiar los dientes / palillo para frotar los dientes.	
81723	10	R4	el fin que es la leña; el fin de (recoger) leña.	
84384	10	R4	el propósito de estar durante el día; el propósito del retiro diurno; para el retiro diurno.	
84431	10	R4	el propósito de conocer / ver la dirección (de la orilla del océano); para poder conocer / ver la dirección.	
89238	11	R4	el fin que es el cumplir las *pāramī* para llegar a ser tesorero de la Enseñanza.	
97463	12	R4	el propósito de mostrar claramente al Buddha *nimmita* y demás.	
98328	12	R4	el propósito del cesar / perecer.	
98525	12	R4	el propósito que es el cesar.	
98533	12	R4	el propósito del cesar.	
98549	12	R4	el propósito que es la base del *nirodhasamāpatti*.	
98592	12	R4	el propósito del *nirodhasamāpatti*.	
98598	12	R4	el propósito del mostrar el *nirodhasamāpatti*. Véase [[nirodhasamāpattidīpana]].	
98887	12	R4	(1) el propósito del impedir. (adjetivo) (2) que tiene el significado de impedir (la palabra *alaṁ*).	
99208	12	R4	para / en provecho de / con el fin de / sentarse.	
99366	12	R4	el propósito de sentarse.	
99666	12	R4	el propósito que es señalar el estado en que uno vive apoyándose.	
100308	12	R4	(a) el propósito de expulsar. (b) el propósito de extraer / apartar. (c) el propósito de sacar.	
101359	13	R4	(1) el propósito de mostrar claramente. (adjetivo) (2) que tiene el significado de mostrar claramente.	
101659	13	R4	el propósito de experimentar el resto del resultado / del *vipāka*.	
101686	13	R4	el propósito de llamar / convocar.	
101757	13	R4	el propósito del soltar que es el precipitarse dentro y el renunciar.	
102412	13	R4	el fin / beneficio del cocinar.	
102513	13	R4	(1) el significado que es «mucho». (adjetivo) (2) que tiene mucho provecho / bienestar; cuyo provecho / bienestar es mucho (dicho de una persona). (3) que tiene muchos bienes / riquezas; cuyos bienes / riquezas son muchos (dicho de una persona).	
102841	13	R4	el fin de pacificar los confines del reino.	
102911	13	R4	(1) el significado que es causa. (2) el provecho que son los 4 requisitos. (3) el significado de la palabra *paccaya*. (adjetivo) (4) que tiene el significado de causa; que expresa el significado de causa (palabra).	
103067	13	R4	el fin del preguntar por la causa.	
104256	13	R4	el propósito de mostrar el hecho de haber llegado a la etapa posterior de la vida.	
104328	13	R4	el propósito del renunciar.	
104339	13	R4	el propósito del hacer renunciar.	
104388	13	R4	el propósito de mostrar la naturaleza del conocer.	
106625	13	R4	el propósito del fijar / delimitar el recibir.	
106645	13	R4	el propósito que es mostrar la naturaleza del admitir.	
106721	13	R4	el propósito que es hacer el estado de quien suele escuchar / retener; el propósito de hacer (a alguien) oyente de la Enseñanza.	
106795	13	R4	el propósito de abandonar / destruir.	
106797	13	R4	(a) el propósito de abandonar / destruir. (b) el propósito de impedir / proteger.	
106852	13	R4	el propósito de prohibir el *kamma* de mala acción hecho / de matar dependiendo de / con referencia a (uno mismo).	
106860	13	R4	el propósito de mostrar el hecho de ser apto para extender / completar el significado de la palabra *paṭicca*.	
106891	13	R4	el propósito que es mostrar el hecho de ser *paṭiccasamuppāda*.	
106979	13	R4	(1) el propósito que es el cubrir / ocultar. (adjetivo) (2) que tiene el significado de cubrir / ocultar; que expresa el significado de cubrir / ocultar.	
107071	13	R4	el propósito que es el limpiar. (a) el propósito que es el despejar. (b) el propósito que es el reparar / arreglar.	
107081	13	R4	el propósito que es el hacer atender / servir / sustentar.	
107132	13	R4	el propósito que es el hacer admitir.	
107164	13	R4	el propósito del hacer una admisión / promesa.	
110736	14	R4	el provecho que son las verduras de hoja.	
112743	14	R4	el propósito que es mostrar el hecho de ser un cereal excelente / preeminente.	
112766	14	R4	el propósito que es el iluminar el hecho de ser preeminente.	
112767	14	R4	el propósito que es el mostrar el hecho de ser preeminente.	
116568	15	R4	el propósito de hacer sembrar la semilla.	
117521	15	R4	(1) el provecho de los guisos. (2) el significado de las palabras. (3) la palabra, el significado.	
117729	15	R4	el propósito de la destrucción.	
118569	15	R4	el propósito de la comida / el alimento.	
119589	15	R4	el beneficio de una esposa; el propósito de tomar esposa.	
120533	15	R4	el propósito de mostrar el llegar a ser.	
121018	15	R4	el propósito que es la comida de limosna.	
121061	15	R4	el propósito de recorrer la ronda de limosna.	
121322	15	R4	el propósito de la pared; para la pared.	
121365	15	R4	el propósito de destruir.	
124315	16	R4	el provecho del color intenso.	
124319	16	R4	el provecho del resplandor intenso.	
124450	16	R4	el provecho del ser liso.	
127736	16	R4	el provecho de la cocina.	
128786	16	R4	el propósito de mostrar el hecho de tener una gran falta.	
128791	16	R4	el propósito de mostrar el hecho de tener una gran falta.	
134347	17	R4	el fin / el beneficio de hervir gachas.	
135205	17	R4	el beneficio / provecho / bienestar que es el poste sacrificial.	
136247	17	R4	(1) el fin / beneficio del teñido. (2) el significado / el sentido de 'que suele hacer que uno se deleite, se alegre'.	
139934	18	R4	el propósito de atar / amarrar (con esa finalidad).	
140764	18	R4	para (el provecho de) el bambolearse / colgar / pender / colgar suelto / suspender / dejar enganchado. Véase [[lambana]] (1).	
140883	18	R4	el provecho de estar a gusto por poder conocer y ver rápidamente.	
143371	18	R4	(1) que tiene el asentir a / aceptar las palabras. (masculino) (2) el propósito de asentir a / aceptar las palabras. Véase [[vacanasampaṭicchana]] (2).	
144379	18	R4	el provecho que es el crecer / aumentar.	
146614	18	R4	el propósito, que es la enredadera.	
146616	18	R4	el propósito de colocar las enredaderas.	
146790	18	R4	el propósito que es el residir.	
147251	18	R4	(1) el provecho del monje que mora durante todos los meses de lluvia. Véase [[vassāvāha]] (2). (2) el provecho que es el asumir el *vassa* / el morar durante todos los meses de lluvia.	
147328	18	R4	el provecho que es el favorecer / agasajar a los monjes que inician / asumen el *vassa*; la tarea / el provecho que es el favorecer y sostener (a los monjes) en el día en que se inicia / asume el *vassa*.	
147411	18	R4	(1) el provecho que es el usar / emplear. (2) la naturaleza de ser medio de usar / emplear / entrar. Véase también [[val̤añcanaṭṭha]].	
148610	19	R4	el propósito que consiste en hacer morada.	
148634	19	R4	el propósito que consiste en la *vāsanā* (= impregnación).	
148674	19	R4	el propósito que consiste en la casa / el monasterio para residir.	
148926	19	R4	(1) que tiene el significado de pensar de diversas / variadas maneras. (masculino) (2) el propósito que es hacer (dar) *vikappanā*. (3) el significado de pensar de diversas / variadas maneras. (3) Véase la entrada siguiente.	
150620	19	R4	el propósito que es el vencer / dominar / someter. Véase [[vijinana]].	
150931	19	R4	el propósito del disparar.	
152646	19	R4	(1) el propósito que es juzgar / decidir (un caso). (2) el propósito que es llevar a una decisión.	
154699	19	R4	(1) el fin de mostrar claramente. (adjetivo) (2) que tiene el sentido de mostrar por su forma propia.	
154746	19	R4	el fin que es el hacer temer / sobresaltar especialmente.	
154782	19	R4	el fin que es el llegar a ser manifiesto.	
154813	19	R4	el fin que es el adornarse.	
154854	19	R4	el fin que es el cortar / eliminar el dudar / cavilar / estar en incertidumbre / no poder decidir.	
155847	19	R4	el fin que es el oponerse.	
156080	19	R4	el fin que es el saquear / destruir.	
156194	19	R4	el fin que es el abstenerse / evitar.	
211597	14b	R4	el fin que es el mostrar el *paccaya* / la causa escalonado / sucesivo.	
211717	14b	R4	el fin que es el aplastar / destruir la opinión / doctrina de otros.	
211720	14b	R4	el fin que es la opinión / doctrina que suele someter / destruir la opinión / doctrina de otros.	
211724	14b	R4	el fin que es el mostrar el método por el que se agita / sacude / somete / destruye la opinión / doctrina de otros.	
211995	14b	R4	el fin que es el enseñar el estado delimitado.	
212087	14b	R4	el fin que es el acto de coser / teñir (el hábito).	
212225	14b	R4	(1) el fin que son los enseres / el *parikkhāra*. (2) el fin que es el séquito.	
212316	14b	R4	el fin que es el hacer un cercado.	
212409	14b	R4	(1) el fin que es el apoderarse / recoger. (2) los bienes apropiados / recogidos.	
213540	14b	R4	el propósito que es mostrar el hecho de estar acabado / completado por todas partes.	
213813	14b	R4	(1) el sentido que suele proteger / custodiar por todas partes. (2) el propósito que es proteger / custodiar por todas partes.	
213836	14b	R4	el propósito que es discutir / preguntar una y otra vez / reiteradamente / estudiar el comentario.	
213839	14b	R4	(1) el propósito que es discutir / preguntar una y otra vez. (2) el sentido que es discutir / preguntar una y otra vez.	
216719	14b	R4	(1) el propósito que es el correr / huir / huir volando. (2) el propósito que es el hacer correr / huir.	
217017	14b	R4	el propósito de engañar / seducir.	
2788	01	R5	el estado que surge aferrado a / apoyado en / teniendo por causa la existencia individual. (1) *niyakajjhatta* = el *ajjhatta* que es el conjunto de *rūpa* y *nāma*, causa del aferrarse a él como «uno mismo» / «lo propio de uno»; el conjunto de *rūpa* y *nāma* que surge en la propia *santāna* / que es causa del aferrarse a él como «uno mismo» / «lo propio de uno». (a) uno mismo. Véase también [[gocarajjhatta]] (c). (b) que surge en uno mismo; que está incluido en la propia *santāna*. (c) la mano, etc., de uno mismo. (d) uno mismo; el propio séquito. (e) la propia *santāna*; la propia existencia individual. (f) la forma de *kasiṇa* que comienza por el propio cabello. (g) el estado que surge en uno mismo / en la propia *santāna*. (h) los 5 *khandha* de uno mismo. (i) (adjetivo) el estado que surge en la propia *santāna* / que pertenece a un individuo particular. (2) *gocarajjhatta* = el *ajjhatta* que es el objeto / el objeto aprehendido mediante *bhāvanā*; el objeto aprehendido mediante la *bhāvanā* que surge en la propia *santāna*. (a) el objeto del *kammaṭṭhāna*. (b) el objeto del *jhāna*. (c) el objeto de la *phalasamāpatti*; Nibbāna. Véase también [[niyakajjhatta]] (a). (3) *visayajjhatta* = el *ajjhatta* que es el estado que gobierna / domina; el estado que gobierna / domina y surge en la propia *santāna*. (4) *ajjhattajjhatta* = el *ajjhatta* interno; el estado interno que surge en la propia *santāna*; los 6 *ajjhattikāyatana*. Véase también [[ajjhattika]].	
2915	01	R5	el séquito. La comitiva. Los compañeros.	
9377	02	R5	que tiene un séquito / una comitiva que protege / que siempre le acompaña y sirve / que es de amigos devotos (dicho de una persona).	
16703	03	R5	que tiene un séquito que no ha de ser destruido / que no puede ser destruido.	
17505	03	R5	séquito; guardia personal. (a) guardia personal / tropa / soldado. el grupo de hombres armados que acompaña rodeando para proteger. (b) los que van y vienen juntos, grupo de compañeros de ida y vuelta, camarada, compañero.	
17586	03	R5	el séquito de la unción; los utensilios, enseres y el gentío necesarios en la unción.	
22033	03	R5	atrae a la concurrencia excesivamente / con insistencia.	
34596	4b	R5	el gran maestro llamado *udaka*. (Es un gran maestro de escuela que gobierna a un numeroso séquito de discípulos).	still valid (§91): PCED Meaning, unchanged
44665	05	R5	la característica que marca la ruina del *kamma*. (Esa característica es de 5 clases: *vatthu*, *ñatti*, *kammavācā*, *sīmā*, *parisā*; si una de ellas falla, entiéndase que el *kamma* está arruinado).	
67987	08	R5	séquito que cuida.	
74383	09	R5	el séquito de *nāga* del rey *nāga* ‘*tacchaka*’.	
86648	10	R5	el séquito de *devadatta*.	
86951	10	R5	el señalar a quien expone la Enseñanza (y) a la audiencia que escucha la Enseñanza.	
100663	12	R5	el séquito del cazador que tiene como alimento la hierba que siembra / sembrada (pastizal).	
101556	13	R5	que tiene un séquito que va / se aleja / va a otro lugar (dicho de una persona).	
117406	15	R5	el séquito del *bodhisatta*.	
120404	15	R5	el séquito / la comitiva del hermano mayor.	
121463	15	R5	que tiene el séquito destruido; cuyo séquito ha menguado (dicho de una persona).	
122253	15	R5	que tiene un séquito que ha de ser dividido / destruido (dicho de una persona).	
127944	16	R5	que tiene un gran séquito de sirvientes (dicho de una persona).	
129805	16	R5	el séquito del rey *māra*.	
130170	16	R5	el grupo de cazadores.	
134215	17	R5	(1) séquito; comitiva de acompañantes. (2) fama, sonido de la fama, el ser famoso, la alabanza. (3) séquito, fama. (4) la gloria *yasa* (la fama sumamente pura, obtenida por las verdaderas virtudes difundidas por los tres mundos). (5) ganancias y homenajes. (6) riqueza. (7) el gobernar; el ejercer autoridad / imponer autoridad / dar órdenes / administrar. (8) el gobernar, el estar dotado de riqueza, la alabanza. (9) (de los *deva*) gloria y poder. (10) (del cuerpo) el esplendor; la gloria y la majestad. (11) el sutta *yasa*. Véase el original.	
135073	17	R5	que viene acompañado / que viene a servir (con un gran séquito) (dicho de una persona).	
177	01	R6	*parikkhāra* no permitido.	
3593	01	R6	el *pariveṇa* llamado *aṭṭhakasāla*.	
3695	01	R6	el donar / la donación de los 8 *parikkhāra*.	
3696	01	R6	que lleva los 8 *parikkhāra* (dicho de una persona).	
3697	01	R6	que no es más que los 8 *parikkhāra*. que tiene la medida de los 8 *parikkhāra*.	
3698	01	R6	que tiene los 8 *parikkhāra* / que lleva solo estos (dicho de una persona).	
4736	01	R6	*parikkhāra* que es / sobrante / excedente.	
8785	02	R6	*pariveṇa* / respectivo / cada uno; monasterio / respectivo / cada monasterio.	
8786	02	R6	en cada *pariveṇa*, en cada *pariveṇa*. Véase [[anupariveṇa]].	
11968	02	R6	que no tiene *parikamma* / preparación previa para estar listo (dicho de una persona).	
11986	02	R6	el hecho de no ser un *parikkhāra*.	
14211	02	R6	(1) la *samāpatti* producida tras hacer el *parikamma* en un *kasiṇa* grande / extenso. (2) la *samāpatti* practicada / bien cultivada con las 5 *vasībhāva*. (3) la *samāpatti* que tiene por objeto (de la mente) seres sin medida / del *brahmavihāra*.	
16120	03	R6	la mente de *parikamma* que es base de *abhiññā*.	
16829	03	R6	distinción de *abhibhavana*; la distinción de realizar el *parikamma* y el conocimiento que dominan / aplastan tanto el objeto (de la mente) como los estados opuestos.	
16861	03	R6	estado *abhibhu* que suele dominar / aplastar; el *parikamma* y el conocimiento que suelen dominar / aplastar tanto a los opuestos como a los objetos (de la mente). Véase [[abhibhāyatana]].	
26137	03	R6	el *parikamma* que consiste en practicar el *asubhakammaṭṭhāna*.	
30936	4a	R6	(1) lugar de morada. (a) casa; monasterio; complejo monástico; *pariveṇa*; aposento; lugar de retiro nocturno (lugar donde se mora solo y apartado por la noche); lugar de retiro diurno (lugar donde se mora solo y apartado de día). (b) plano de existencia; mundo; plano de *brahmā*, mundo de *brahmā*; plano humano, mundo humano, y demás. (c) morada (del *kilesamāra*); los *āyatana* internos y externos, es decir, los *kāmaguṇa*. (d) la morada de los seres; el conjunto de seres que es donde los seres moran reunidos; *sattāvāsa*; (son las nueve clases de conjuntos de seres / conjuntos de *khandhā* de *rūpa* y *nāma*, que comienzan por *nānattakāya nānattasaññī*; también se les llama los nueve planos *sattāvāsa*). (2) (a) el morar; el habitar; el llegar a una nueva existencia tras tomar *paṭisandhi*. (b) el morar en muchos planos / en tal o cual *sattāvāsa*.	
30937	4a	R6	el donar un lugar de morada / monasterio / complejo monástico / *pariveṇa*.	
37360	4b	R6	dotado de causa fuerte (dicho de una persona). (Aquí se llama causa fuerte al haber donado *parikkhāra* y demás).	
39557	4b	R6	que surge inmediatamente después de los *parikamma* surgidos.	
39810	4b	R6	el esfuerzo y empeño que es el *parikamma* que ha de ser producido.	
42424	05	R6	que tiene hecho el *parikamma* del *kasiṇa*; que ya ha practicado el *kasiṇa* (dicho de una persona).	
42550	05	R6	(1) *parikamma* ya hecho que es la ejercitación. (adjetivo) (2) (a) que tiene hecha la preparación (dicho de una persona). (b) que tiene la mente de *parikamma* hecha / producida (dicho de una persona). (c) (disco de tierra del *kasiṇa*, pared, oro *jambunada*, rubí) que tiene hecho el alisado. (d) (plataforma rocosa) que tiene hecho el trabajo (para que sea suave).	
42668	05	R6	que tiene práctica (*parikamma*) en el poste / blanco preparado.	
44173	05	R6	(1) *kamma* (*kamma* sano e insano, *kamma* del *vinaya*). (2) *parikamma* (el cultivar, ejercitar y desarrollar *samathabhāvanā* y *vipassanābhāvanā*). (3) el esforzarse; esfuerzo. (4) asunto, deber; trabajo. (5) *kammavācā*. Véase [[kammapādaka]]. (6) *kammakāraka*. Véase [[kammasaṁyoga]]. (7) *kiriyā*. Véase [[kammappavacanīya]]. (adjetivo) (8) que suele hacer. Véase [[kammakata]] (1). Véase el original.	
44182	05	R6	el hacer / llevar a cabo un asunto; el trabajar. (a) (*vinaya*) el hacer el *kamma*; el realizar el *kamma*. (b) el hacer el *parikamma*. (Se refiere al ejercitarse una y otra vez en el objeto del *kammaṭṭhāna*).	
47730	05	R6	*pariveṇa* mandado hacer.	
50443	06	R6	el *pariveṇa* del monasterio; el recinto del monasterio.	
56283	06	R6	el *pariveṇa* del *gandhakuṭi*; el recinto del *gandhakuṭi*.	
56284	06	R6	el barrer el *pariveṇa* del *gandhakuṭi*.	
57639	06	R6	*parikkhāra* / enseres tomados.	
63939	07	R6	la mente *javana* del *parikamma* que conoce la mente.	
71631	08	R6	el *parikamma* / la base del *jhāna*.	
75364	09	R6	la preparación, ‘*parikamma*’, que tiene aquel... beneficio.	
76909	09	R6	los útiles / los enseres / los *parikkhāra* de los ermitaños.	
80737	09	R6	el monasterio *pariveṇa* *therāpassaya*; el monasterio donde se residía / vivía apoyándose en el ‹တံကဲ› del *thera* (el Venerable *mahāmahinda*). Véase el original.	
82098	10	R6	que tiene / lleva 10 *parikkhāra* (dicho de una persona).	
82113	10	R6	el conocimiento que tiene 10 poderes; los 10 conocimientos poderosos. Para el detalle de la naturaleza de *jhāna*, *vimokkha*, *samādhi*, *samāpatti*, véanse las entradas correspondientes del diccionario. (Para los modos de hacer la práctica preparatoria (*parikamma*) propia del conocimiento de *pubbenivāsa*, véanse las referencias. Véase el original.	
84081	10	R6	el *parikamma* (el esfuerzo repetido) del conocimiento de *abhiññā* del *dibbacakkhu*.	
84097	10	R6	el *parikamma* (el esfuerzo repetido) del conocimiento de *abhiññā* del *dibbacakkhu*.	
91905	11	R6	que tiene los 9 *parikkhāra*; que lleva los 9 *parikkhāra* (dicho de una persona).	
92891	11	R6	el no dañar los *parikkhāra* atados por separado; el no dañar los *parikkhāra* que no tienen relación con uno mismo.	
94917	12	R6	que tiene ya concluido el *parikamma* / el arreglo y preparación (hábito del *kathina*).	
100645	12	R6	el *parikamma* del *jhāna* *nevasaññānāsaññāyatana* / la acción de preparar y disponer para que surja.	
102294	13	R6	*parikamma* exterior.	
108311	14	R6	que tiene los ocho *parikkhāra* vestidos / puestos (dicho de una persona).	
109957	14	R6	*parikamma* / base del primer *jhāna*.	
110784	14	R6	el *pariveṇa* / recinto interior del monasterio con techo de hojas.	
111482	14	R6	conjunto de *parikkhāra* / utensilios que son el cuenco, el hábito.	
112723	14	R6	(1) el monasterio de *kammaṭṭhāna*; el monasterio conveniente / apropiado para esforzarse en el *kammaṭṭhāna*. (2) el recinto *pariveṇa* / conjunto monástico llamado *padhānaghara*.	
115278	15	R6	*parikamma* exterior.	
115346	15	R6	el lado exterior del *pariveṇa*.	
127962	16	R6	gran *pariveṇa*.	
136490	17	R6	el *pariveṇa* del palacio de joyas.	
142852	18	R6	el *parikamma* del *kasiṇa* *lohita*; el ejercitarse en el *lohitakasiṇa*.	
146800	18	R6	*pariveṇa* que es lugar de morada.	
148154	19	R6	(1) viento; el *vāyodhātu*. (2) el *deva* llamado *vāya*; el *deva* surgido tras hacer el *parikamma* sobre el *vāyokasiṇa*.	
148321	19	R6	que tiene el ejercitarse, el *parikamma*, en el *vāyokasiṇa*.	
153979	19	R6	el ejercitarse / cultivar / la *parikamma* en cuanto a ser extenso.	
155288	19	R6	(1) que suele mostrar / hacer surgir claramente: (a) la letra. (b) las marcas del gran hombre (*mahāpurisalakkhaṇa*). (c) los enseres (*parikkhāra*) / el aspecto de los monjes. (2) el guiso.	
211084	14b	R6	los enseres / bienes / riqueza / *parikkhāra* de otro.	
211085	14b	R6	unido / relacionado con los enseres / bienes / riqueza / *parikkhāra* de otro.	
211099	14b	R6	el *pariveṇa* / recinto del monasterio / cerca del monasterio de otro.	
212067	14b	R6	(1) el arreglar / preparar. (a) el limpiar / asear los miembros del cuerpo. Véanse también los corchetes. (b) el acto de dar carbón vegetal, tierra fina, agua caliente y demás (al maestro, a los padres y demás, en la casa de baños de vapor). (2) el hacer una y otra vez. (a) el hacer surgir / crecer; el ejercitar / desarrollar / esforzarse. (b) el dar un acabado liso; el enlucir / decorar. Véanse [[parikammakata]], [[bhittiparikamma]]. (3) el acto hecho alrededor / en torno; los asuntos mayores y menores; la tarea que hay que hacer; el *veyyāvacca*. (4) el acto que debe / conviene / merece hacerse / realizarse ante todo / al principio / en primer lugar; la disposición previa (*parikamma*). (a) el *parikamma* de la *paritta* (*āṭānāṭiya*). (b) el *parikamma* del sacrificio / la ofrenda. (c) el *parikamma* del conjuro. (d) el *parikamma* de la *gandhāravijjā*. (e) el *parikamma* del *jhāna* y de la *abhiññā*. (f) el *parikamma* del *magga* y el *phala*. (5) la mente que suele hacer / producir (la *appanā*); el *parikamma* / la mente / el *javana*. (a) la mente que suele hacer / producir (la *appanā* mundana). (b) la mente que suele hacer / producir (la *appanā* supramundana). (c) el *gotrabhū* llamado *parikamma*. (d) el *javana* de *parikamma* de tres o cuatro veces.	
212068	14b	R6	el realizar el *parikamma*; el procedimiento del *parikamma*.	
212069	14b	R6	(para el *dibbacakkhuñāṇa*) el resplandor / la luz producidos mediante el hacer el *parikamma*; la luz del *parikamma*.	
212074	14b	R6	el *kammaṭṭhāna* de *parikamma*; el *kammaṭṭhāna* para el *parikamma* de *bhāvanā*.	
212075	14b	R6	el hacer el *parikamma*. (adjetivo) (2) (el momento) en que se hace el *parikamma*. (2) Véase la entrada siguiente.	
212076	14b	R6	el momento / el tiempo en que se hace el *parikamma*.	
212077	14b	R6	el hacer / el acto / la tarea de hacer el *parikamma*.	
212078	14b	R6	el hacer / la manera de hacer / el modo del *parikamma*. Véase la entrada siguiente.	
212079	14b	R6	el mostrar el hacer / la manera de hacer / el modo del *parikamma*.	
212082	14b	R6	la tarea de hacer el *parikamma*; (lo que ha de hacerse / la tarea / el fruto mediante el *parikamma*).	
212083	14b	R6	la mente que suele hacer / realizar / producir la *appanā*; la mente de *parikamma*.	
212084	14b	R6	que surge con / junto a / conjuntamente con la mente de *parikamma*; asociado en concordancia con la mente de *parikamma* (por las clases que comienzan por *ekuppāda*).	
212085	14b	R6	el *javana* de *parikamma* y el *cetopariyañāṇa*.	
212086	14b	R6	(del *vibhattihāra*) el *parikamma* / la base / el ámbito / el lugar.	
212088	14b	R6	que muestra el ejercicio de *bhāvanā* / el *parikamma* (el *kammaṭṭhāna* y demás).	
212089	14b	R6	la consumación del *parikamma*.	
212090	14b	R6	que no tiene el atender / mirar al *parikamma* (el conocimiento y demás).	
212091	14b	R6	el soporte / el objeto del *parikamma*.	
212092	14b	R6	la *paññā* / el conocimiento asociado con el *javana* de *parikamma*.	
212093	14b	R6	la tierra en que se hace el *parikamma* del ejercicio.	
212094	14b	R6	el alargarse / demorarse / retrasarse del *parikamma*.	
212095	14b	R6	el precursor que es el *parikamma*; el hacer del *parikamma* el precursor.	
212099	14b	R6	la mente asociada con el *samādhi* exclusivo que es *parikamma*.	
212101	14b	R6	la atención / el *manasikāra* que es *parikamma* (asociado con el *upacārajhāna*).	
212102	14b	R6	que tiene mucho arreglo y disposición / *parikamma* (dicho de una persona).	
212103	14b	R6	la *mettā* que es *parikamma*.	
212104	14b	R6	el turno / la vez en que surge el *javana* de *parikamma*.	
212105	14b	R6	el preparar y disponer el *parikamma*; el procedimiento del *parikamma*; el método de hacer el *parikamma*.	
212106	14b	R6	la pureza del *parikamma*.	
212107	14b	R6	la distinción del *parikamma* (el desarrollar una y otra vez).	
212108	14b	R6	el *vīriya* asociado con el *javana* de *parikamma* (de la *samāpatti*).	
212109	14b	R6	la *vedanā* asociada con el *javana* de *parikamma*; la *vedanā* que surge en el momento de hacer el *parikamma*.	
212110	14b	R6	la mente de *parikamma* y la mente de *vodāna*.	
212111	14b	R6	la *saññā* asociada con el *javana* de *parikamma*.	
212112	14b	R6	libre de la *saññā* de *parikamma*.	
212113	14b	R6	semejante al *parikamma* (del *udayabbayañāṇa*) (el examinar, el decidir y demás).	
212114	14b	R6	que sigue de manera plenamente inmediata al *javana* de *parikamma* (el momento).	
212115	14b	R6	el momento en que surge el *javana* de *parikamma* que realiza la *appanā*.	
212116	14b	R6	el *samādhi* asociado con el *javana* de *parikamma* que realiza la *abhiññā*.	
212117	14b	R6	la mente asociada con el *samādhi* que surge en el instante del *javana* de *parikamma* que realiza la *abhiññā*; la mente de *parikammasamādhi*.	
212118	14b	R6	el conocimiento asociado con el *samādhi* que surge como *parikamma*; el conocimiento asociado con el *parikammasamādhi*.	
212120	14b	R6	surgido a causa del *javana* de *parikamma*.	
212121	14b	R6	que tiene como precursor el encuentro / el contacto / el *phassa* del *javana* de *parikamma*.	
212122	14b	R6	consumado a causa del / mediante el *parikamma*.	
212123	14b	R6	el no explicar / no enseñar la causa radical / la base / el *parikamma* (de la *dibbasotābhiññā*).	
212124	14b	R6	el no hacer el ejercicio / el *parikamma*.	
212125	14b	R6	la causa de donde se ha venido / surgido, que es el *parikamma*.	
212126	14b	R6	que tiene el nombre de *parikamma* y demás.	
212127	14b	R6	la sensación / la *vedanā* asociada con el *parikamma* y demás; la *vedanā* que comienza por el *parikamma*.	
212128	14b	R6	que tiene nombres que comienzan por *parikamma*.	
212129	14b	R6	la mente de *parikamma*, la mente de *adhiṭṭhāna*.	
212130	14b	R6	que surge inmediatamente después del *parikamma* (el *gotrabhū*).	
212131	14b	R6	conveniente / apropiado para el *parikamma*.	
212132	14b	R6	el no haber *parikamma*.	
212133	14b	R6	la mente de *parikamma*, la mente de *abhiññā*.	
212134	14b	R6	la luz del *parikamma*.	
212135	14b	R6	que tiene por objeto el *paññatti* del *kasiṇa* *āloka* del *parikamma*.	
212136	14b	R6	el *āvajjana* del *javana* de *parikamma*.	
212137	14b	R6	el fin de la *javanavīthi* de *parikamma*.	
212138	14b	R6	que tiene los nombres *parikamma*, *upacāra*, *anuloma* (el *javana*).	
212139	14b	R6	que tiene los nombres *parikamma*, *upacāra*, *anuloma*, *gotrabhu*.	
212141	14b	R6	que estudia / se ejercita / se esfuerza en prestar atención a la luz que surge a causa del *parikamma* / *upacārajhāna* (dicho de una persona).	
212212	14b	R6	(1) los enseres / los bienes / las posesiones; el *parikkhāra*. (2) el séquito. (3) la construcción; el apoyo / la causa / el requisito. (4) el adorno. (5) la causa; el estado que es causa. Véase la entrada siguiente.	
212214	14b	R6	el número de los enseres / *parikkhāra*.	
212215	14b	R6	el tomar los enseres / el *parikkhāra*.	
212217	14b	R6	el conjunto de cuatro enseres / *parikkhāra*.	
212218	14b	R6	la tela de enseres / de *parikkhāra*.	
212220	14b	R6	(1) los enseres / el *parikkhāra*. (2) las clases de enseres / *parikkhāra*.	
212222	14b	R6	el colocar los enseres / el *parikkhāra*.	
212223	14b	R6	el lugar / el sitio de los enseres / *parikkhāra*.	
212224	14b	R6	el temor de que los enseres / el *parikkhāra* se mojen.	
212225	14b	R6	(1) el fin que son los enseres / el *parikkhāra*. (2) el fin que es el séquito.	
212226	14b	R6	el donar los enseres / el *parikkhāra*.	
212227	14b	R6	el fruto / la ventaja de donar los enseres / el *parikkhāra*.	
212228	14b	R6	el sacar a rastras y arrojar los enseres / el *parikkhāra*.	
212229	14b	R6	el determinar los enseres / el *parikkhāra*.	
212230	14b	R6	el reparar / arreglar los enseres / el *parikkhāra*.	
212231	14b	R6	la medida de los enseres / el *parikkhāra*. Véase [[parikkhāramattā]].	
212232	14b	R6	que se ejercita / se preocupa / se deleita en (adornar) los enseres / el *parikkhāra* (dicho de una persona).	
212233	14b	R6	la abundancia de enseres / *parikkhāra*.	
212234	14b	R6	los bienes / la propiedad / los objetos que son enseres / *parikkhāra*.	
212235	14b	R6	los bienes / la propiedad / los objetos que son enseres / *parikkhāra*.	
212236	14b	R6	el aspecto / la forma / la cualidad de los enseres / el *parikkhāra* / los objetos.	
212237	14b	R6	el ser humano que lleva los enseres / el *parikkhāra* / los objetos.	
212238	14b	R6	la apariencia / la forma de los enseres / el *parikkhāra* / los objetos. Véase [[parikkhāra-bhaṇḍakavaṇṇa]].	
212240	14b	R6	el adornar los enseres / el *parikkhāra*.	
212241	14b	R6	la medida / la magnitud (del tomar / usar) los enseres / el *parikkhāra*.	
212243	14b	R6	el desear / apegarse a los enseres / el *parikkhāra*.	
212244	14b	R6	el asunto / el objeto relativo a los enseres / el *parikkhāra*.	
212245	14b	R6	el usar / emplear los enseres / el *parikkhāra*.	
212246	14b	R6	la destrucción de los enseres / el *parikkhāra*.	
212251	14b	R6	el contentarse / estar satisfecho con los enseres / el *parikkhāra*.	
212252	14b	R6	el ocurrir junto con las dos causas / *parikkhāra* llamadas *hetu* y *paccaya*. Véase [[parikkhāra-visaya]].	
212253	14b	R6	(que aparece en el libro *netti*) el *parikkhārahāra*; el *hāra* cuya característica es exponer las dos causas / *parikkhāra* llamadas *hetu* y *paccaya*.	
212396	14b	R6	(1) el recoger / apoderarse / tomar para sí. (a) el tomar delimitando con el conocimiento; el examinar / reflexionar. (b) el apoderarse / tomar para sí. (adjetivo) (2) que suele tomar delimitando; que suele examinar / reflexionar (el conocimiento). (3) recogido / poseído: (a) el *vatthukāma*. (b) los enseres; el *parikkhāra*. (c) la casa. (d) la esposa; la mujer. (e) el séquito (hijos, hijas y demás). (4) (el tiempo y demás) en que se recoge.	
213336	14b	R6	el pequeño *samādhi* (de *parikamma*).	
213589	14b	R6	el *parikamma* del entrar en el *nibbāna*; el entrar en *samāpatti* delimitando el tiempo anterior a entrar en el *parinibbāna*.	
213949	14b	R6	que tiene completos los *parikkhāra* / enseres; dotado de *parikkhāra* / enseres (dicho de una persona).	
214233	14b	R6	los enseres / utensilios / *parikkhāra* de los *paribbājaka*.	
215596	14b	R6	el *parikkhāra* llamado séquito.	
215695	14b	R6	el *parikamma*, el cultivo, ya surgido / ya separado por un *paccavekkhaṇāvīthi*.	
215788	14b	R6	el lugar delimitado por un cerco / muro; el interior del *ārāma*; el campo abierto; el espacio despejado; el recinto del monasterio; el *pariveṇa*; el recinto cercano al monasterio.	
215789	14b	R6	que ha llegado al *pariveṇa* (dicho de una persona).	
215790	14b	R6	la parte / división del *pariveṇa*.	
215791	14b	R6	el patio del *pariveṇa*.	
215792	14b	R6	el lugar donde se asienta el *pariveṇa*.	
215793	14b	R6	el beneficio del *pariveṇa*; el beneficio de construir un *pariveṇa*.	
215794	14b	R6	la puerta del *pariveṇa*.	
215795	14b	R6	el límite del *pariveṇa*.	
215796	14b	R6	el término que es el límite del *pariveṇa*; el término, el límite del *pariveṇa*.	
215797	14b	R6	el interior del *pariveṇa*.	
215798	14b	R6	la parte / división del *pariveṇa*. Véase [[pariveṇagga]].	
215799	14b	R6	el pabellón donde los monjes toman la comida / la sala donde los monjes toman la comida, construidos dentro del *pariveṇa*.	
215800	14b	R6	el pabellón (*maṇḍap*) construido dentro del *pariveṇa*.	
215801	14b	R6	el patio del *pariveṇa*. Véase [[pariveṇaṅgaṇa]].	
215802	14b	R6	el pie del árbol que crece dentro del *pariveṇa*.	
215803	14b	R6	que mora / reside en el *pariveṇa* (dicho de una persona). Véase la entrada siguiente.	
215804	14b	R6	(la mujer) que mora / reside en el *pariveṇa*.	
215805	14b	R6	el barrer el *pariveṇa* / el recinto del monasterio.	
215806	14b	R6	el barrer / la acción / la tarea de barrer el *pariveṇa* / el recinto del monasterio.	
216251	14b	R6	el *parikkhāra* que ha de ser usado.	
140147	18	R7	se avergonzarán / habrán de avergonzarse / van a avergonzarse.	
145644	18	R7	(él) matará / habrá de matar / va a matar. Véase también [[vadhati]].	
145645	18	R7	(ellos) matarán / habrán de matar / van a matar.	
149240	19	R7	venderá / ha de vender / va a vender.	
149267	19	R7	venderá / ha de vender / va a vender.	
152788	19	R7	hará / habrá de / va a hacer caer sin desearlo / tras pervertirse y arruinarse; hará / habrá de / va a hacer perecer / destruir.	
153076	19	R7	eliminará / destruirá; habrá de / va a eliminar / destruir.	
153184	19	R7	producirá / dará fruto / habrá de darlo / va a darlo.	
153185	19	R7	producirán / darán fruto / habrán de darlo / van a darlo.	
42045	05	R8	el *niraya* del bosque de algodoneros de seda que tienen espinas de hierro (de 16 ‹သစ်› de largo).	
54623	06	R8	que tiene el *niraya* acabado; que no caerá en el *niraya* (dicho de una persona).	
55127	06	R8	*niraya* que tiene filos de navaja; *niraya* de filos de navaja. Véase [[khuradhārā]] (2).	
59127	06	R8	el *niraya* de heces / inmundicia.	
59130	06	R8	el *niraya* de heces / inmundicia.	
61438	07	R8	*niraya* rudo / intenso / difícil de soportar.	
61580	07	R8	el *niraya* que es el vientre materno; *catukuṭṭika* *niraya*.	
61606	07	R8	(1) que tiene cuatro oídos; que ocurre entre dos personas (consulta). (2) (a) (*niraya*) de cuatro esquinas. (b) (campo) de cuatro esquinas. (c) (cofre) de cuatro esquinas.	still valid (§91): PCED Meaning, unchanged
61607	07	R8	(*niraya*) semejante a un cofre de cuatro esquinas.	still valid (§91): PCED Meaning, unchanged
75119	09	R8	(la olla del *niraya*) llena de hierro fundido sumamente caliente; la olla del *niraya* *lohakumbhī*.	
76878	09	R8	(1) el calentar; (a) ‹ချွေးစ (ဇ) ရုံးခြင်း›; el hacer sudar. (b) el soplar con un tubo de fuego. (c) el asar al fuego. (d) el hacer afligirse / sufrir. (adjetivo) (2) que suele hacer afligirse / sufrir / fatigarse; (a) la contaminación = *kilesa*. (b) la *cetanā* de la ruptura del *sīla* (*dussīlya*). (c) la dispersión = *uddhacca*. (d) la ofuscación = *moha*. (e) el *kamma* insano. (f) la palabra del Buddha; los tres *piṭaka*. (g) las palabras relacionadas con las opiniones de los *titthi*. Véanse también [[aguṇateja]], [[duppaññateja]], [[apuññateja]], [[dhammateja]], [[adhammateja]]. (h) la maledicencia, que es causa de fatiga de la mente. Véase [[uggatāpana]]. (i) la práctica de los ermitaños y de los monjes. (j) el *sīla*; la custodia de las facultades = *indriyasaṁvarasīla*. Véase también [[tapa]]. (k) la virtud del *dhutaṅga*. (l) el esfuerzo = *vīriya*. (m) la práctica difícil de realizar (*dukkara*); la práctica errónea. (n) la firmeza = *samādhi*. (o) el conocimiento y la *paññā* de *vipassanā*. (p) lo sano del *ariyamagga*. Véanse también [[guṇateja]], [[paññāteja]], [[puññateja]]. (q) el *niraya* *tāpana*. (3) una mujer llamada *tāpanā*. (4) agua caliente; agua calentada.	
76885	09	R8	el gran *niraya* *tāpana*; el gran *niraya* que suele abrasar con fuego.	
76964	09	R8	el sutta *tāyana*; sutta en el que se aceptan y exponen las palabras dirigidas respetuosamente por el *devaputta* *tāyana*: que si no se cortan ni se abandonan la corriente de *taṇhā* y los estados de *kāma*, no se puede obtener el *jhāna*; que el estado de monje de esfuerzo flojo equivale a derramar sobre uno mismo el polvo de *kilesa*; que solo es excelente evitar las malas acciones y practicar las buenas acciones por las que no haya que afligirse después con remordimiento; que, así como la hierba ‹သမန်း› mal agarrada corta la mano, el estado de monje mal manejado arrastra al *niraya*; que la acción hecha con flojedad, la práctica corrupta y el *brahmacariya* recordado con duda no dan mucho fruto; y demás.	
77136	09	R8	el sutta *tālapuṭa*; el sutta en el que se expone al gran director teatral llamado "*tālapuṭa*" cómo los actores caen en el '*niraya* *pahāsa*'; (él), con una *sāvakapāramī* acumulada junto a los Buddhas anteriores, nació en una familia de actores de la ciudad de *rājagaha*.	
77348	09	R8	*niraya*; tres mil; *niraya* que (tienen la medida de) 30000.	
77581	09	R8	que tiene espinas afiladas (*niraya* y demás).	
77601	09	R8	que tiene un sufrimiento vehemente / grande (*niraya* y demás).	
77625	09	R8	que tiene una *vedanā* (*dukkha*) vehemente / violenta (*niraya* y demás).	
77925	09	R8	que tiene una hilera de navajas de filo muy afilado (el *niraya* ‹ကြိမ်ပိုက်ချောင်း›).	
78345	09	R8	el *bhūmi* de *niraya* que tiene oscuridad excesiva / densa (y) frío.	
78410	09	R8	(1) oscuridad / tiniebla densa fuerte; masa de oscuridad. (cólera = *dosa*. *cintāmaṇi*). Véase [[rattandhakāratimisa]]. (adjetivo) (2) que tiene una oscuridad fuerte; (a) el *niraya* *lokantarika*. Véase [[andhakāratimisa]]. (b) el *niraya* *dhūmarorūva*.	
78908	09	R8	el sutta *tīhidhammehi*; el sutta que enseña que las mujeres dominadas y oprimidas por 3 malos estados — la mezquindad por la mañana, la envidia al mediodía, la pasión y el apego por la noche — suelen ir al *niraya* inmediatamente después de morir.	
81170	10	R8	(1) quemado / abrasado (por el fuego). (2) quemado / consumido (por el fuego). (a) quemado / abrasado / consumido (por el fuego del conocimiento del *magga* y demás). (b) quemado / abrasado / consumido (por el fuego de *rāga* y demás). (c) consumido (por el fuego del *niraya*). (d) quemado / consumido (por el fuego del vientre, el *pācakatejodhātu*). (e) calentado (por el calor de la comida de limosna y demás). (f) (el lugar y demás) quemado (por el fuego). Véase también [[daḍḍhakāla]]. Véase el original.	
81175	10	R8	que tiene el cuerpo quemado / consumido (por el fuego del *niraya*) (dicho de una persona).	
84539	10	R8	persona llamada *dīghajayanta* (*jantu*) *damil̤a*. (Él hizo un estandarte con un paño rojo y lo ofreció como donación y veneración en el *ākāsacetiya* del monasterio *sumanagiri*, en la isla de *sīhaḷa*. Cuando cayó en el *niraya*, al oír el sonido de las llamas del fuego, recordó el estandarte que él mismo había ofrecido: «¡cuánto se parece al sonido del paño que entonces ofrecí en el *ākāsacetiya*!»; y, liberado del *niraya*, llegó a renacer en el mundo de los *deva*.)	
84540	10	R8	persona llamada *dīghajayanta* (*jantu*) *damil̤a*. (Él hizo un estandarte con un paño rojo y lo ofreció como donación y veneración en el *ākāsacetiya* del monasterio *sumanagiri*, en la isla de *sīhaḷa*. Cuando cayó en el *niraya*, al oír el sonido de las llamas del fuego, recordó el estandarte que él mismo había ofrecido: «¡cuánto se parece al sonido del paño que entonces ofrecí en el *ākāsacetiya*!»; y, liberado del *niraya*, llegó a renacer en el mundo de los *deva*.)	
85392	10	R8	(1) el lugar donde surge el *dukkha*; el lugar donde surge el sufrimiento corporal y mental. (2) el lugar donde se asienta el *dukkha*. (3) el lugar donde yace el *dukkha*. Véanse también los sentidos 3, 4. (4) el *gati* (existencia a la que se va / llega) producido por un *kamma* corrompido por el *dosa*. (5) el lugar al que van / llegan quienes hacen malas acciones. (6) el lugar al que van / llegan quienes están dotados de *dukkha*. (7) el *gati* / existir doloroso. Véanse también los sentidos 14, 15. (8) el *gati* / existir aborrecido. (9) el *gati* censurado; (a) el *bhūmi* del infierno. (b) los cuatro *bhūmi* de los *apāya*. Véase también [[duggatibhaya]] (1). (c) el *bhūmi* de los *peta*. Véase también el sentido (2). (d) los cinco *gati* (*niraya*, *peta*, *tiracchāna*, *manussa*, *deva*). (10) el surgir del *dukkha*; el llegar al *dukkha*. (11) el surgir / modo de surgir del cuerpo, la palabra y la mente corrompidos (por los *kilesa*, como el *rāga* y demás) (*kāya*, *vacī*, *manoduccarita*). (12) el obtener (comida y vestido) con sufrimiento / penalidad / fatiga; el obtener lo que se necesita solo mendigando con gran dificultad; el ser pobre / necesitado. (13) el existir malo / arruinado (una persona pobre). Véase [[duggatibhaya]] (2). (14) el existir / la conducta dolorosos. (15) el existir / la conducta aborrecibles.	
86333	10	R8	(1) *dussīla* sutta; el sutta en que el Buddha, mientras residía en el monasterio de *jetavan* en el país de *sāvatthi*, expuso a los monjes: «los que no tienen *saddhā*, los que no tienen vergüenza, los que no tienen temor, los que no tienen *sīla*, los que no tienen *paññā* se asocian y tratan entre sí; los que tienen *saddhā*, los que tienen vergüenza, los que tienen temor, los que tienen *sīla*, los que tienen *paññā* se asocian y tratan entre sí». (2) *dussīla* sutta; el sutta en que el Buddha expuso al venerable *anuruddhā* que la mujer que no tiene *saddhā*, no tiene vergüenza ni temor, no tiene *sīla* ni conocimiento *paññā* cae en el *niraya*. (3) *dussīla* sutta; el sutta en que se expuso a los monjes que la persona que no tiene *saddhā* ni *sīla*, perezosa y sin *paññā* cae en el *niraya*, y quien tiene *saddhā* y *sīla*, *vīriya* y *paññā* nace en el reino de los *deva*. (4) *dussīla* sutta; el sutta en que se expuso a los monjes: «en quien tiene el *sīla* arruinado se arruina la *sammāsamādhi*; en quien tiene el *samādhi* arruinado se arruina el conocimiento que conoce conforme a la realidad; en quien tiene la *sammāsamādhi* arruinada se arruinan el desencanto y el estar libre de apego; en quien tiene arruinados el desencanto y el estar libre de apego se arruinan la liberación de los *kilesa* y el conocimiento que la conoce; quien tiene *sīla* tiene recta concentración», y demás.	
97564	12	R8	que tiene un gran sufrimiento fijo; que tiene un sufrimiento a la vez fijo y grande (*niraya*).	
97565	12	R8	(que da fruto en el *niraya* inmediatamente después de la muerte) la opinión *micchā* ('*diṭṭhi*') fija; la opinión *niyatamicchā*.	
97566	12	R8	(que da fruto en el *niraya* inmediatamente después de la muerte) la opinión errónea / visión errónea / opinión *micchā* ('*diṭṭhi*') fija.	
97567	12	R8	(que da fruto en el *niraya* inmediatamente después de la muerte) que tiene una opinión errónea / visión errónea fija; que tiene la opinión *micchā* ('*diṭṭhi*') fija (dicho de una persona).	
98098	12	R8	(1) la palabra *niraya*. (2) el tomar / exponer / mencionar el infierno.	
100601	12	R8	(1) que surge en el *niraya*. (a) habitante del *niraya*; ser del *niraya*. (b) el fuego del *niraya*. (c) el sufrimiento del *niraya*. (2) digno de surgir en el / que surgirá en el / que irá al / que habrá de ir al *niraya*; ligado al *niraya* (a causa del *kamma* que suele producir allí el *paṭisandhe*) (dicho de una persona). quien irá al *niraya*. (3) (el *kamma*) que suele hacer surgir en el *niraya*.	
100602	12	R8	el *kamma* que suele hacer surgir en el *niraya*; el *kamma* que suele hacer llegar / ir al *niraya*.	
100603	12	R8	el fuego que surge en el *niraya*; el fuego del *niraya*.	
100604	12	R8	la cuestión que pregunta por el hecho de ser ardiente el fuego que surge en el *niraya* (el fuego del *niraya*).	
100605	12	R8	el peligro que surgirá en el *niraya*; el peligro del *niraya*.	
100606	12	R8	el ser que surge en el *niraya*; habitante del *niraya*; ser del *niraya*.	
100607	12	R8	apropiado para la acción que es causa de / que suele torturar / oprimir / hacer sufrir al habitante del *niraya*.	
100608	12	R8	que tiene el hecho de ser apropiado para la acción que es causa de / que suele torturar, oprimir y hacer sufrir a los seres del *niraya*.	
100609	12	R8	que suele proteger / guardar del sufrimiento que comienza por el sufrimiento que surgirá en el *niraya*.	
100610	12	R8	el sufrimiento especial que comienza por el sufrimiento que surgirá en el *niraya*.	
100611	12	R8	que tiene las variedades del sufrimiento que surgirá en el *niraya* y demás.	
102655	13	R8	el *niraya* *paccattavedaniya*; el *niraya* que suele producir por sí solo / espontáneamente la *dukkhavedanā*; el *niraya* que consiste por sí solo / espontáneamente en la *dukkhavedanā*.	
103883	13	R8	(1) el *niraya* de cada uno. (2) el *niraya* separado.	
110922	14	R8	(1) el *niraya* *patāpana*; el *niraya* *mahātāpana*. (Ese *niraya* es un gran *niraya* situado en el séptimo lugar hacia abajo entre los 8 grandes *niraya* situados dentro de la gran tierra; porque suele abrasar en extremo, suele atormentar a los seres del *niraya* que caen en ese *niraya*, se le llama *patāpana* (*mahātāpana*)). (adjetivo) (2) que suele afligir / atormentar / oprimir (dicho de una persona). (3) que suele hacer brillar / resplandecer (el *magga*). (3) Véase [[patāpanaṭṭha]].	
141771	18	R8	(1) (a) ser humano; *loka*; *sattaloka*; ser; el conjunto de los seres; todos los seres; la totalidad de los seres. (b) *haṅsāloka*; el ave *haṅsā*. (c) maestro autor de tratados de gramática; maestro / sabio versado en gramática; sabio entre los seres humanos. (d) *bālaloka*; necio. (e) el mundo humano; ser humano; persona. (f) *rūpāvacarabrahmā*; *rūpabrahmā*; el *loka* que ha crecido mediante *jhāna* y *abhiññā*. (g) *deva*, ser humano, *brahmā*; *sampattisugati* / *bhavaloka*; los seres distintos de los habitantes de la *bhūmi* de *apāya*; los seres habitantes de la *bhūmi* *kāmasugati* / *rūpa* / *arūpa*. (h) persona / ser de *kāma*; el *loka* con abundantes *kilesa* que comienzan por *rāga*. (i) habitante de la *bhūmi* de *apāya*; persona / ser nacido en la *bhūmi* de *apāya*; el *loka* con abundante sufrimiento. (j) ser / *brahmā* *arūpa*; el *loka* que tiene *indriya* limpias y puras. (k) el *loka* / persona / ser que tiene *indriya* capaces de madurar el *arahattaphala*. (2) (a) *okāsaloka*; *lokadhātu*; *cakraval̤ā*; mundo; el lugar / la morada / el paraje donde están los seres. (b) el *loka* del *niraya*; el reino / la *bhūmi* / la morada del *niraya*. (c) el *loka* animal; el reino / la *bhūmi* / la morada de los animales. (d) el *loka* de los *peta*; el reino / la *bhūmi* / la morada de los *peta*. (e) el *loka* humano; el reino / la *bhūmi* / la morada de los seres humanos. (f) *kāmaloka*; *kāmabhūmi*; *kāmadhātu*. (g) el reino / la *bhūmi* / la morada de los *deva*. (h) el reino / la *bhūmi* / la morada / el *dhātu* *rūpa*. (i) el reino / la *bhūmi* / la morada / el *dhātu* *arūpa*. (j) el reino / la *bhūmi* / la morada de los *brahmā*; *rūpadhātu*, *arūpadhātu*. (k) el reino / la *bhūmi* / la morada de los *mahābrahmā*. (l) el reino / la *bhūmi* / la morada de los *brahmā* *suddhāvāsa*. (m) el reino / la *bhūmi* / la morada de los *brahmā* *akaniṭṭha*. (n) el reino / la *bhūmi* / la morada de los seres humanos / *deva*. (o) el reino / la *bhūmi* / la morada de los *deva* / *brahmā*. (p) (distinto del mundo humano) el reino / la *bhūmi* / la morada; el reino / la *bhūmi* / la morada de *apāya* / de los *deva* / de los *brahmā*. (q) (sin límite) el *loka* de *cakraval̤ā*; *ananta cakraval̤ā*; *cakraval̤ā ananta*. (r) (diez mil) el *loka* de *cakraval̤ā*; diez mil *cakraval̤ā*. (s) los 3 *cakraval̤ā* / *lokadhātu*; 3 *cakraval̤ā* / *lokadhātu*. (3) (a) *saṅkhāraloka*; los estados *saṅkhāra*. (b) *vaṭṭa*; el estado *vaṭṭa*. (c) *dukkhasaccāloka*; *dukkhasaccā*. (d) *khandhāloka*; los 5 *khandhā*. (e) el *loka* de la propia *rūpa*, *vedanā*, etc.; los propios 5 *khandhā*, *rūpa*, *vedanā*, etc. (f) el *loka* de la *rūpa*, *vedanā*, etc., de otro; los 5 *khandhā* de otro, *rūpa*, *vedanā*, etc. (g) *āyatanaloka*; los 12 *āyatana*. (h) *dhātuloka*; los 18 *dhātu*. (i) *apāyaloka*; los 18 *dhātu*. (i) *apāyaloka*; *duggatiupapattibhava*; (j) el *loka* del *kamma* insano; el *kammabhava* / *kamma* insano que suele hacer llegar a / hacer surgir la existencia en *duggati*. (k) *sugataloka*; *sugati upapattibhava*; el *upapattibhava* especial; (l) el *loka* del *kamma* sano; el *kammabhava* / *kamma* sano que suele hacer llegar a / hacer surgir la existencia en *sugati*. (m) ser; los estados *saṅkhāra* designados por convención como ‘ser’. (n) *nāmarūpaloka*; los 2, *nāma* y *rūpa*; (o) *vedanāloka*; las 3 *vedanā*; (p) *āhāraloka*. (q) *upādānakkhandhāloka*; los 5 *khandhā* que son objeto de los *upādāna*. (r) el *āyatanaloka* interno; los 6 *āyatana* internos. (s) el *āyatanaloka* externo; los 6 *āyatana* externos. (t) *viññāṇaṭṭhitiloka*; el *loka* que es asiento del *paṭisandhiviññāṇa*; los 7 asientos del *paṭisandhiviññāṇa*. (u) el *loka* de los *lokadhamma*; los 8 *lokadhamma*. (v) *sattavāsaloka*; el *loka* de las moradas de los seres; las 9 moradas de los seres. (w) el *loka* de los *āyatana* de *rūpa*; los 10 *āyatana* de *rūpa*. (x) el *loka* de los *pasādarūpa*; los 5 *pasādarūpa*. (y) el *loka* de los *kāmaguṇa*; los 5 *kāmaguṇa*. (z) el *loka* del cuerpo / de los *khandhā*; el cuerpo / el cuerpo físico (aa) el *loka* de la mente; la mente; (ab) el *loka* que comienza por *nīvaraṇa*; los estados que comienzan por *nīvaraṇa* (ac) el *loka* de *khandhā* / *āyatana* / *dhātu*; *khandhā*, *āyatana*, *dhātu*. (ad) el *loka* presente; la existencia actual. (ae) el *loka* del más allá; la próxima existencia. (af) el *loka* presente / del más allá; la existencia actual / próxima. (4) *saṁsarāloka*; *saṁsarā*; (5) (de dos clases); los *khandhā* internos / externos. (6) (a) el *loka* de la propia existencia individual; la propia existencia individual. (b) el *loka* de la existencia individual de otro; la existencia individual de otro; el *loka* de la existencia individual del más allá. (7) *vipākaloka*; el *vipāka* / el *vipākanāmakkhandha* que surge en las 3 *bhūmi*. (8) el *loka* / tiempo pasado / futuro / presente. (9) el *loka* de *okāsa* / *satta*; el lugar de las *bhūmi* y los seres. (10) el *loka* de *satta* / *saṅkhāra*; los seres y los estados *saṅkhāra*. (11) el *loka* de 3 clases, por *satta*, *okāsa*, *saṅkhāra*; los 3 *loka*. Véase [[lokavidū]]. (12) *atta*; el *atta* concebido por los *titthi* como ‘*loka*’. (13) (que tiene como objeto un *parittakasiṇa*) el *attaloka*; el *atta* (= la mente). (14) (que tiene como objeto un *appamāṇakasiṇa*) el *attaloka*; el *atta* (la mente). (15) (a) *khandhāloka*; los 5 *khandhā* tomados por los *titthi* como ‘*loka*’. (b) *khandhāloka*; (16) (surgidos dentro del *samāpatti*) el *loka* de *rūpa* y *nāma*; *rūpa*, *nāma*. (17) *khandhāloka*; cualquiera de los 5 *khandhā*. (18) el *loka* de lo mío; mis bienes. (19) el *loka* de otro; el otro. (20) (restante) *upādānakkhandhāloka* (restante) cualquier *upādānakkhandhā*. (21) el *loka* de la serie de *khandhā* inanimados; la serie de *khandhā* inanimados. (22) *paṭibhāganimittaloka*; *paṭibhāganimitta*. (23) el *loka* de la *rūpa* del *kasiṇa*; el *loka* de la *rūpa* del *kasiṇa*; la *rūpa* del *kasiṇa*. (24) conjunto; agrupación. (25) el sutta *loka*.	
141868	18	R8	(1) el *niraya* *lokantarika*; el *niraya* *lokantarika*. Véase también [[lokantarika]]. (2) el monasterio llamado *lokantara*. Véanse [[lokantaravāsī]], [[lokantaravihāra]].	
141870	18	R8	el gran *niraya* *lokantarika*.	
141873	18	R8	la luz radiante surgida en el *niraya* *lokantarika*.	
141874	18	R8	el *niraya* *lokantarika*.	
141875	18	R8	el *niraya* *lokantarika*.	
141876	18	R8	el tener que vivir / padecer en el reino del *niraya* *lokantarika*.	
141878	18	R8	el *niraya* *lokantarika*. Véase [[lokantariyasatta]].	
141879	18	R8	el habitante del *niraya* *lokantarika*; el ser nacido en el *niraya* *lokantarika*.	
210922	14b	R8	(1) el *niraya* *parajita*; el *niraya* donde renacen quienes mueren en la batalla a manos del enemigo del otro bando. (adjetivo) (2) que murió en la batalla a manos del enemigo del otro bando (el *deva*).	
210977	14b	R8	el acto de cometer ofensa / transgresión con la esposa / mujer de otro; el *paradārakamma*; el *kāmesumicchācārakamma*. Quien comete ofensa / transgresión con la esposa de otro que tiene marido legítimo, inmediatamente después de morir ha de renacer en el *bhūmi* del *niraya* durante muchos cientos de miles de años. Ha de renacer también en los otros *bhūmi* de *apāya*. Aun si obtiene el estado humano, ha de ser mujer durante cien existencias seguidas. El propio venerable *Ānanda*, por el *paradārakamma* de haber cometido ofensa / transgresión con la esposa de otro en una existencia, renació en el *bhūmi* del *niraya* y durante catorce existencias seguidas fue mujer que servía / atendía a un hombre; durante siete existencias seguidas sufrió la extracción de los testículos.	
4286	01	R9	pasa. (a) cruza. (b) pasa pisando. (c) sobrepasa. (d) desobedece. (e) transgrede. (f) transgrede / pisotea / ofende; habiendo transgredido, practica una conducta (con otra persona) de infidelidad / extravío; ofende. (g) trasciende. (h) sobresale. (i) se agota.	
4340	01	R9	el conducirse transgrediendo; el conducirse con infidelidad / extravío.	
4341	01	R9	el tiempo en que se conduce transgrediendo; el tiempo en que se es infiel con otra persona.	
4342	01	R9	se conduce transgrediendo; se conduce con infidelidad / extravío.	
4343	01	R9	que se conduce transgrediendo; que se conduce con infidelidad / extravío (dicho de una persona).	
4345	01	R9	el conducirse con transgresión / infidelidad / extravío. Véase [[anaticariyā]].	
4346	01	R9	(1) el conducirse con transgresión / infidelidad / extravío; el conducirse, pasando por encima de la norma del mundo / la costumbre humana, por la fuerza de los *kilesa* / con infidelidad / extravío. (2) (adjetivo) que se conduce con transgresión / infidelidad / extravío (dicho de una persona).	
4347	01	R9	el hecho de conducirse con transgresión / infidelidad / extravío. el conducirse erradamente con otro / ‹သယောက်› / amante / hombre.	
4348	01	R9	que suele conducirse con transgresión / infidelidad / extravío (dicho de una persona). Véase [[dhammāticārī]].	
5492	01	R9	la distorsión del significado / en cuanto al significado.	
5493	01	R9	el tomar la distorsión en cuanto al significado / de manera distorsionada.	
6722	01	R9	el no conducirse con exceso; el no conducirse de modo desviado y erróneo con otra mujer, yendo más allá de la propia esposa.	
6723	01	R9	que no suele conducirse con exceso; que no suele conducirse de modo desviado y erróneo con otro hombre, yendo más allá de su propio esposo (dicho de una persona).	
10848	02	R9	libre de médula interior; que no tiene médula interior; libre del significado no tergiversado que es la esencia interior (palabras).	
11314	02	R9	que no es enemigo; que no es enemigo de la *sāsana*; que no tiene una opinión pervertida / errónea (dicho de una persona).	
13602	02	R9	el no conocer, el conocer de modo desviado y erróneo.	
13603	02	R9	el hecho del no conocer, el conocer de modo desviado y erróneo.	
16602	03	R9	el adentrarse / creer / atender / decidir / tomar / aferrarse; el tomar / aferrarse, respecto de las cosas impermanentes y demás, en términos de lo permanente y demás; el tomar / aferrarse de modo invertido / erróneo. Véase [[abhinivesaparāmāsa]]. véase el original.	
16611	03	R9	el establecer el tomar / aferrarse de modo invertido / erróneo.	
16612	03	R9	el examinar erróneamente, que suele tomar / aferrarse de modo invertido.	
16613	03	R9	estado que suele examinar erróneamente, que suele tomar / aferrarse de modo invertido; estado que suele examinar erróneamente, que suele adentrarse, respecto de las cosas impermanentes y demás, en términos de lo permanente y demás; estado de *parāmāsa* que es el *abhinivesa*.	
16617	03	R9	que es (siendo) causa del llegar a ser, tras adentrarse / decidir de modo invertido / erróneo.	
16705	03	R9	(a) aún no perecido. (b) no roto (cuenco de limosna y demás). (c) aún no diferenciado; aún no apartado / separado (dicho de una persona). (d) no destruido / no quebrado. (e) no destruido; no pervertido (dicho de una persona). (f) no diferenciado / no distinto. (g) *saṅkhāra* aún no perecido / que surge siempre de nuevo.	
18522	03	R9	la naturaleza de quien no es amigo / del enemigo; la naturaleza de odio del enemigo, que se ha vuelto y cambiado desde la naturaleza de afecto del amigo.	
18629	03	R9	(1) palabras infalibles / no falseadas / verdaderas. (adjetivo) (2) que no tiene / que no dice palabras falsas (dicho de una persona).	
18705	03	R9	el decir lo que es infalible / no falseado / correcto.	
19143	03	R9	la naturaleza falsa / pervertida / errónea; la naturaleza que no existe realmente. Véase también [[yāthāva]].	
19144	03	R9	que, por ser pervertido / erróneo, no suele sacar del sufrimiento del ciclo del *saṁsāra*.	
19145	03	R9	el *vitakka* insano que, por ser pervertido / erróneo, no suele sacar del sufrimiento del ciclo del *saṁsāra*.	
19147	03	R9	el hecho de ser pervertido / erróneo.	
19148	03	R9	el tomar algo de modo pervertido / erróneo.	
19149	03	R9	el hecho de ser causa del tomar / suponer de modo pervertido / erróneo.	
19150	03	R9	el hecho de ser una persona que suele tomar las cosas de modo pervertido / erróneo.	
19151	03	R9	que suele tomar las cosas de modo pervertido / erróneo (dicho de una persona).	
19152	03	R9	que suele tomar las cosas de modo pervertido / erróneo (dicho de una persona).	
19153	03	R9	el hecho de ser el estado que es causa del tomar de modo pervertido / erróneo.	
19154	03	R9	el conocimiento pervertido / erróneo.	
19155	03	R9	el ver de modo pervertido / erróneo.	
19156	03	R9	el sentido de ver de modo pervertido / erróneo.	
19157	03	R9	la opinión pervertida / errónea.	
19158	03	R9	que tiene una opinión pervertida / errónea (dicho de una persona).	
19159	03	R9	la práctica pervertida / errónea.	
19160	03	R9	(a) el hecho de practicar de modo pervertido / erróneo. (b) el hecho de ser una práctica pervertida / errónea.	
19162	03	R9	que practica de modo pervertido / erróneo (dicho de una persona).	
19164	03	R9	el *māna* pervertido / erróneo; el *māna* que se concibe equivocadamente, sin corresponder al propio rango.	
19165	03	R9	el hecho de tener una opinión pervertida / errónea.	
19171	03	R9	(1) la noción / percepción pervertida / errónea. (adjetivo) (2) que tiene una percepción pervertida / errónea (dicho de una persona).	
19172	03	R9	la naturaleza pervertida / errónea.	
19173	03	R9	el permanecer fijo en el objeto de modo pervertido / erróneo.	
19174	03	R9	el manifestarse de modo pervertido / erróneo.	
22127	03	R9	el decir la inversión parte por parte / el hablar trastocando e invirtiendo.	
23184	03	R9	que no yerra / no se desvía; verdadero. Véase también [[anaññatha]].	
23385	03	R9	no distorsionado / correcto.	
23386	03	R9	*kāya* no distorsionado.	
23387	03	R9	el preguntar por la causa no distorsionada / la causa verdadera.	
23388	03	R9	letra no distorsionada (correcta).	
23389	03	R9	cualidad (virtud) no distorsionada.	
23390	03	R9	el aprehender de modo no distorsionado.	
23391	03	R9	el hecho de tener una aprehensión no distorsionada.	
23392	03	R9	mente no distorsionada.	
23394	03	R9	sentido no distorsionado.	
23395	03	R9	el hecho de no estar distorsionado.	
23396	03	R9	(1) sentido no distorsionado. (adjetivo) (2) que tiene un significado no distorsionado.	
23397	03	R9	el hecho de tener un significado no distorsionado.	
23398	03	R9	el mostrar el significado no distorsionado (correcto).	
23399	03	R9	el mostrar el significado no distorsionado.	
23400	03	R9	el darse según el sentido del significado no distorsionado (correcto).	
23401	03	R9	que tiene una visión de conocimiento no distorsionada / correcta (dicho de una persona).	
23404	03	R9	el hecho de soler ver sin distorsión (tal como es, con verdad).	
23411	03	R9	el exponer la Enseñanza no distorsionada (correcta).	
23413	03	R9	práctica no distorsionada / correcta que es causa de llegar a Nibbāna.	
23416	03	R9	la naturaleza del estado que suele hacer salir sin distorsión (ciertamente) del sufrimiento del *vaṭṭa*.	
23419	03	R9	*paññatti* no distorsionada.	
23420	03	R9	sabiduría no distorsionada / correcta.	
23421	03	R9	práctica no distorsionada / correcta.	
23422	03	R9	significado de conjunto no distorsionado / correcto; significado esencial exacto y correcto.	
23423	03	R9	esfuerzo no distorsionado / correcto.	
23427	03	R9	el hecho de no estar distorsionado.	
23430	03	R9	que tiene una mente no distorsionada / resuelta (dicho de una persona).	
23468	03	R9	no distorsionado / que no tiene distorsión.	
23469	03	R9	no habiendo distorsionado.	
25373	03	R9	(1) el estado que no suele conocer en conexión con *anicca* y demás (*moha*, *avijjā*). (2) el estado que suele conocer el *pakati*, el *atta* y demás, que no existen de modo manifiesto (*moha*, *avijjā*). (3) el estado que suele conocer la naturaleza verdadera que comienza por *anicca* por medio de *nicca* y demás / de modo discordante / de modo invertido (*avijjā*, *moha*).	
40324	4b	R9	que tiene la característica de cambiar / invertirse respecto de ambos.	
40326	4b	R9	la inversión / el cambio de las dos palabras.	
42119	05	R9	el *jātaka* en que se muestra a los reyes *kaṇḍarī*, *baka* y *Brahmadatta* cómo las mujeres son semejantes a un vado para bañarse y cómo yerran y cometen infidelidad con hombres distintos de su esposo; el *Kaṇḍarījātaka*.	
42695	05	R9	el soportar los agravios cometidos.	
44674	05	R9	el producir transformaciones mediante el poder que surge por causa del fruto del *kamma*.	
47461	05	R9	la inversión del *kāraka*. (Se llama inversión del *kāraka* a usar la forma de *kamma* queriendo decir la forma de *kattu*. Inclúyase en el método *vibhattivipallāsa*.)	
47467	05	R9	la inversión del *sādhana*.	
47960	05	R9	la inversión del tiempo.	
47961	05	R9	la inversión del tiempo.	
47962	05	R9	la inversión del tiempo.	
51066	06	R9	que va por el camino despreciable, el camino pervertido (dicho de una persona).	
57707	06	R9	el hecho de estar distorsionado / la distorsión del modo tomado.	
62074	07	R9	(en cuanto a *subha*, *sukha*, *nicca*, *atta*) estado de 4 clases que suele buscar de modo pervertido.	
62075	07	R9	estado de 4 clases que suele pervertirse; los 4 estados que suelen pervertirse.	
62088	07	R9	4 estados que suelen pervertirse; los 4 estados que suelen pervertirse. Véase [[catubbipallāsavasa]].	
62089	07	R9	el deseo de los 4 estados que suelen pervertirse.	
62420	07	R9	(que son el tomar por *nicca* lo *anicca*, por *sukha* lo *dukkha*, por *atta* lo *anatta*, por *subha* lo *asubha*) 4 estados que suelen pervertirse; los 4 estados *vipallāsa*. Véase [[catuvipallāsapadaṭṭhānabhāva]].	
63875	07	R9	(1) la destrucción de la mente; el enfadarse. (adjetivo) (2) que suele destruir / pervertir / manchar / enturbiar la mente (los *kilesa* que comienzan por *rāga*). Véase [[cittakopābhāva]].	
63876	07	R9	la ausencia de los *kilesa* que comienzan por *rāga*, que suelen destruir / pervertir / manchar / enturbiar la mente.	
73679	08	R9	que ha llegado al estado distorsionador de 4 clases; que ha llegado a los 4 estados distorsionados.	
73770	08	R9	(2) el caer en una conducta errónea / pervertida.	
74376	09	R9	(1) el hecho de ser no desviado / verdadero; el ser no desviado / verdadero. (adjetivo) (2) no desviado / verdadero; que no es vano; que existe manifiestamente (cosa).	
74392	09	R9	(1) el hecho de soler salir de modo no desviado / verdadero (del sufrimiento del *vaṭṭa*); la naturaleza del salir verdaderamente (del sufrimiento del *vaṭṭa*). (adjetivo) (2) que tiene el hecho de soler salir de modo no desviado / verdadero (del sufrimiento del *vaṭṭa*); que tiene la naturaleza del salir verdaderamente (del sufrimiento del *vaṭṭa*) (*magga* y demás). Véase [[tacchaniyyānabhāvatta]].	
74398	09	R9	(1) mente infalible / no desviada / verdadera. (adjetivo) (2) el que tiene una mente infalible / no desviada / verdadera; el que tiene una mente que piensa: ‘es infalible / no desviado / verdadero’.	
74399	09	R9	palabras infalibles / no desviadas / verdaderas.	
74400	09	R9	que tiene una percepción, ‘*saññā*’, infalible / no desviada / verdadera; que tiene una percepción, ‘*saññā*’, que piensa: ‘es infalible / no desviado / verdadero’ (dicho de una persona).	
74406	09	R9	el hecho de ser verdadero, inmutable, manifiestamente existente; el hecho de ser infalible / verdadero, el hecho de ser no desviado / inmutable, el hecho de existir manifiestamente; la naturaleza infalible / verdadera, la naturaleza no desviada / inmutable, la naturaleza no desviada / inmutable, la naturaleza manifiestamente existente.	
74855	09	R9	pervertido / arruinado por la *taṇhā* (dicho de una persona).	
75881	09	R9	el método del texto canónico pāḷi; la naturaleza no desviada del texto canónico pāḷi. Véase también [[tantinayānuga]].	
76241	09	R9	el invertirse delante / detrás, arriba / abajo respecto de ese…; el desviarse de ese….	
76242	09	R9	el invertirse delante / detrás, arriba / abajo respecto de ese…; el desviarse de ese….	
76243	09	R9	(1) que se ha desviado / invertido de / respecto de ese…. (2) (la vocal *u*) desviada de esa (vocal *o*) de ese (prefijo *ava*).	
76244	09	R9	el hecho de haberse desviado de / respecto de ese….	
76245	09	R9	el estar dotado de / con la cualidad desviada de / respecto de ese…; el estar dotado de / con la cualidad inversa de / respecto de ese….	
76246	09	R9	el método desviado de / respecto de ese….	
76247	09	R9	que tiene una naturaleza desviada de / respecto de ese….	
78923	09	R9	(1) vano; (a) carente. (b) vacío. (c) sin provecho. (d) sin sustancia. (e) que no tiene nada en absoluto (el cielo y demás). (2) defectuoso / tergiversado / falso. (3) poco / escaso. (4) vil / inferior. (femenino) (5) el pinchar / penetrar.	
80595	09	R9	(1) verdadero. (2) firme / sólido / estable; que no cambia. (3) el ser / la causa del ser / la base del ser de una persona firme / sólida / estable. (4) la palabra *theta*. Véase [[thirapariyāya]].	
81782	10	R9	(1) lo que es / suele / es causa de disciplinar; (a) *indriyasaṁvarasīla*. *sīla* que es / suele / es causa de guardar / impedir / cerrar / contener las *indriya*; véase también (c). (b) *uposathasīla* (*sīla* que es / suele / es causa de apaciguarse / apaciguar / evitar los *kammakilesa* que comienzan por *pāṇātipāta*); véase también (c). (c) *vipassanāpaññā*, *maggapaññā*, *maggasammādiṭṭhi* (*paññā* que es / suele / es causa de apaciguarse / apaciguar / abandonar los *kilesa* que comienzan por *rāga*); véase también (f). (d) *adhivāsanakhanti* (paciencia que es / suele / es causa de apaciguar / eliminar los malos estados que comienzan por *byāpāda*, *vihesā*); véase también (c). (e) el estado que es compañero del *samādhi* (el *satisambojjhaṅga*, etc., que es / suele / es causa de someter / domar la mente). (f) *vīriya* *kāyika* / *cetasika* asociado con *vipassanāpaññā* (esfuerzo que es / suele / es causa de cortar *kosajja*, *kodha*, etc.). (g) el apaciguamiento / cese del frecuentar / agitarse de modo pervertido. El estar libre de orgullo. (h) el no ser rudo / no mostrarse rudo. Véase [[damatha]] (1). (i) el no obrar con terquedad / en contra. El acomodarse. Véase [[damatha]] (1). (j) el instruir / guiar / adiestrar para que sea sensato. Véanse [[damatha]], [[damana]]. (2) el hecho de estar libre de orgullo (*bhāvappadhāna*) (masculino). (3) *daṇḍupāya*: el imponer / aplicar / infligir / dar castigo. Véase [[adamita]]. (adjetivo) (4) quien disciplina. Quien instruye / guía. (el oprimir / someter / presionar; el contenerse a sí mismo; el pasar de la mala conducta a la mente buena. P.S.D. Barro; lodo. *thoma*. El sosegarse. *cintāmaṇi*). Véase el original.	
83612	10	R9	(1) opinión (común); (a) opinión errónea; opinión pervertida / equivocada; opinión equivocada; visión errónea (opinión distinta de la del Buddha = opinión que no agrada al Buddha). Véanse también [[diṭṭhipaṭisedhaka]], [[diṭṭhivipanna]]. (b) opinión correcta; opinión no pervertida / acertada; opinión acertada; visión correcta (conocimiento / *paññā*). Véase también [[diṭṭhipaṭivedha]]. (2) el *diṭṭhicetasika*. (3) el atender de modo erróneo / muy equivocado. (4) el contemplar / conocer / ver; el parecer. Véase también [[diṭṭhikhantiruciggahaṇa]]. (5) que es causa de contemplar / conocer / ver; (a) el ojo; el globo ocular. Véanse también [[diṭṭhimaṇḍala]], [[diṭṭhūpasaṁhāra]]. (b) *kammassakatā* (*sammā*) *diṭṭhi* (el conocimiento que sabe bien: «solo el *kamma* es propiedad de uno»). (c) *kammapathasammādiṭṭhi* (el conocimiento que conoce bien el *kamma* que es causa). (d) *vipassanāsammādiṭṭhi* (el conocimiento que conoce bien contemplando de modo especial). Véase también [[diṭṭhisampadā]] (e). (e) *magga* (*sampayutta*) *sammādiṭṭhi* (el conocimiento correcto asociado con el *magga*). Véase también [[diṭṭhivisuddhi]] (4). (f) *maggaphala* (*sammā*) *diṭṭhi* (el conocimiento correcto asociado con el *magga* y el *phala*). Véase [[diṭṭhisampanna]] (c). (g) el *magga*; el conocimiento del *magga*. Véanse [[diṭṭhippatta]], [[diṭṭhivisuddhi]]. (h) el *phala*; el conocimiento del *phala*. (i) el *sabbaññutañāṇa* (el conocimiento que conoce todo lo cognoscible). (j) el *saccānulomikañāṇa* (el conocimiento que conoce conforme a las 4 verdades). Véase también [[āsaya]]. (k) el *sappaccayanāmarūpaparicchedañāṇa* (el conocimiento que conoce la delimitación de *nāma* y *rūpa*, que surgen junto con su causa). Véase [[diṭṭhivisuddhi]] (3). (l) el *nijjhānakkhantiñāṇa* (el conocimiento que, reflexionando con atención, acepta y queda satisfecho). (m) *ñātapariññā* (el conocimiento que conoce delimitando lo que conviene / merece ser conocido). (6) la enseñanza del Buddha, conocida y vista / realizada directamente (por el *sayambhūñāṇa*). (7) (por *phalūpacā*) la enseñanza del Buddha que es causa de la *sammādiṭṭhi*. (8) (por *kāraṇūpacā*) la enseñanza del Buddha que es precursora de la *sammādiṭṭhi*. (9) la palabra *diṭṭhi*. (10) semejante a la opinión errónea. Véase [[diṭṭhigata]] (5, 6). (ojo; el ver; el mirar; el conocer; el examinar.)	
83835	10	R9	(1) (a) que tiene la opinión correcta destruida. (b) que tiene la opinión correcta pervertida. (2) arruinado por la opinión errónea (dicho de una persona).	
83840	10	R9	el temblar de manera pervertida de la opinión errónea.	
84429	10	R9	el arder de las direcciones; (a) la conmoción en las direcciones. (b) la conmoción de las direcciones. Una perturbación especial de los *bhūta*; un presagio especial.	
84430	10	R9	el arder de las direcciones; (a) la conmoción en las direcciones. (b) la conmoción de las direcciones. Una perturbación especial de los *bhūta*; un presagio especial.	
84935	10	R9	(1) acción hecha malamente (haciéndola errar / desviarse); mala acción. (2) acción hecha de modo repugnante. (3) (a) el hacer / la conducta impropia. (c) el hacer / la conducta desviada; la *āpatti* *dukkaṭa*. (adjetivo) (4) hecho / practicado malamente; culpable (la acción, etc.). (5) que tiene acciones / trabajos hechos / practicados malamente (dicho de una persona). Véase [[dukkaṭajana]]. (6) que tiene un hacer / una conducta reprochable. Véase de nuevo lo que está entre corchetes. Véase el original.	
84936	10	R9	(1) acción hecha malamente (haciéndola errar / desviarse); mala acción. (2) acción hecha de modo repugnante. (3) (a) el hacer / la conducta impropia. (c) el hacer / la conducta desviada; la *āpatti* *dukkaṭa*. (adjetivo) (4) hecho / practicado malamente; culpable (la acción, etc.). (5) que tiene acciones / trabajos hechos / practicados malamente (dicho de una persona). Véase [[dukkaṭajana]]. (6) que tiene un hacer / una conducta reprochable. Véase de nuevo lo que está entre corchetes. Véase el original.	
85455	10	R9	(1) (a) el mal tomar; el tomar / capturar mal. (b) el tomar de modo distorsionado. Véase [[duggahita]] (1). (adjetivo) (2) tomado mal.	
85456	10	R9	(1) (a) el mal tomar; el tomar / capturar mal. (b) el tomar de modo distorsionado. Véase [[duggahita]] (1). (adjetivo) (2) tomado mal.	
85458	10	R9	(1) el mal tomar; el tomar mal; el tomar de modo distorsionado. (2) el *sikkhāpada* *duggahita*; el *sikkhāpada* *paraṁujjhāpana*, recordado por la palabra *duggahita*. (adjetivo) (3) tomado / aprendido / capturado / asido mal (adverbio: mal / equivocadamente / de modo que cuente como tomado). (a) aprendido de manera no ordenada / errada; aprendido de otra manera. (b) aprendido en sentido contrario / al revés. (c) no tomado; que no llega a ser tomado / a ser una captación adecuada.	
85478	10	R9	(1) *duccarita*; (a) conducta practicada mal (haciéndola desviar / torcer); mala conducta. (b) conducta pervertida; el practicar / la práctica pervirtiendo / transgrediendo. (c) conducta corrompida (por las *kilesa*). (d) conducta repugnante; conducta asquerosa. (2) el sutta *duccarita*. Véase también [[duccaritasutta]].	
85503	10	R9	el agitarse de modo distorsionado del *duccarita*. Véase [[visevitavipphandita]].	
85505	10	R9	el recurrir al *duccarita* de modo distorsionado; el *duccarita* al que se recurre de modo distorsionado. Véase [[duccaritanisedhana]].	
85713	10	R9	(1) mala opinión; opinión pervertida / equivocada; opinión equivocada; opinión errónea. (adjetivo) (2) que tiene una opinión errónea (dicho de una persona).	
85714	10	R9	(1) mala opinión; opinión pervertida / equivocada; opinión equivocada; opinión errónea. (adjetivo) (2) que tiene una opinión errónea (dicho de una persona).	
85803	10	R9	mala práctica; práctica desviada / pervertida; práctica errada.	
85804	10	R9	(1) que practica mal. (2) que practica una mala práctica; (a) que practica una práctica desviada / pervertida; que practica una práctica errada (dicho de una persona). (3) al que se va / llega con dificultad, penosamente; difícil de ir / llegar (el camino y demás). (b) Véase [[duggati]] (1).	
85873	10	R9	(1) mal aspecto. (neutro) (2) plata. (3) *dubbaṇṇakaraṇasikkhāpud*. (adjetivo) (4) que tiene mal aspecto; (a) que tiene mal aspecto corporal. (b) que tiene mala fama de virtud. (6) véase también el sentido. (5) que no tiene fama de virtud; sin fama de virtud. (6) que tiene mala forma. (7) que tiene un aspecto no deseado. (8) que tiene un aspecto no agradable. (9) que tiene un aspecto no estimado. (10) que tiene una forma deformada. (11) que tiene un aspecto aborrecido / detestado. (12) que tiene un aspecto deformado / aspecto corporal / aspecto de la piel. De aspecto no hermoso; feo / ‹အကြည့်တန်›. (13) que suele hacer que el aspecto no sea hermoso. Véase [[mānātimāna]]. (14) el hecho de tener un aspecto deformado. Véase [[dubbaṇṇasaṁvattaniya]].	
85874	10	R9	que tiene un aspecto deformado; de aspecto no hermoso (dicho de una persona).	
85877	10	R9	que tiene un aspecto especialmente deformado; sumamente feo (dicho de una persona).	
85878	10	R9	que tiene un rostro de aspecto deformado; de rostro no hermoso (dicho de una persona). Véase [[dummaṅkuya]].	
85879	10	R9	(1) que tiene un cuerpo de aspecto deformado. (2) que tiene un aspecto y una forma aborrecidos / detestados (dicho de una persona).	
85880	10	R9	que suele producir el hecho de tener un aspecto deformado; que suele producir el hecho de no ser hermoso de aspecto.	
85882	10	R9	el hecho de ser alguien de mal aspecto; el hecho de ser alguien de aspecto deformado; el hecho de ser alguien de aspecto no hermoso. Véase también [[dubbaṇṇasaṁvattaniya]].	
86061	10	R9	(1) (a) mente mala. (b) mente que aborrece. (c) mente destruida (por el *dosa*); mente arruinada (a causa del *dosa*). (d) mente que sufre. (e) mente no agraciada. (adjetivo) (2) que tiene sufrimiento mental; (a) que tiene una mente mala. (b) que tiene una mente aborrecida. (c) que tiene una mente destruida (por el *dosa*); que tiene una mente arruinada (a causa del *dosa*). (d) que tiene una mente pervertida. (e) el hecho de ser alguien de mente mala (*bhāvappadhāna*). Que causa sufrimiento mental; triste. Véase [[domanassa]] (1). Véase [[dummanarūpa]].	
86071	10	R9	(1) mal rostro; rostro deformado. (adjetivo) (2) que tiene mal rostro; que tiene un rostro deformado. (3) que tiene una mala / cavidad bucal / boca; (a) que tiene una / cavidad bucal / boca fétida; de / cavidad bucal / boca fétida. (b) que tiene una / cavidad bucal / boca censurable. (c) que tiene un habla áspera; malhablado (dicho de una persona). (4) el hecho de ser alguien de mal rostro (*bhāvappadhāna*). Véase [[dummukhākāra]].	still valid (§91): PCED Meaning, unchanged
86182	10	R9	(1) mala naturaleza. (adjetivo) (2) que tiene mala apariencia / forma. (3) que tiene un aspecto deformado; de aspecto no hermoso. (1) Véase [[dussa]] (1).	
89822	11	R9	el tomar de manera distorsionada mediante el *dhammuddhacca*.	
89823	11	R9	(a) tomado de modo especial por la agitación en los estados de *samatha* y *vipassanā*. (b) llevado por el *dhammuddhacca* al tomar distorsionado / a la oposición.	
94530	12	R9	*niccasaññanti niccantisaññaṁ niccasaññaṁ*. (respecto a los *saṅkhāradhamma* impermanentes) la percepción (errónea / pervertida / falsa) que surge como «es permanente».	
94604	12	R9	el aspecto pervertido que se da como «es permanente» y demás, que comienza por *nicca*.	
94606	12	R9	que es el opuesto de el estado pervertido que se da como «es permanente» y demás, que comienza por *nicca*.	
94608	12	R9	que suele abandonar el estado pervertido que se da como «es permanente» y demás, que comienza por *nicca* (*magga*).	
96930	12	R9	(1) cuyo veneno (*rāga* y demás) está ausente; que no tiene / está libre de veneno (*rāga* y demás). (2) cuya incitación está ausente; que no tiene / está libre de incitación. (3) cuyo temblor está ausente; que no tiene / está libre de temblor. (4) cuyo frecuentar de modo especial está ausente; que no tiene / está libre del frecuentar de modo especial. (5) cuyo contrario (el frecuentar de modo contrario) está ausente; que no tiene / está libre del contrario (el frecuentar de modo contrario). (6) que tiene el veneno de las *kilesa* ya cesado y extinguido (dicho de una persona). (que no tiene el frecuentar pervertido; dócil.	
97517	12	R9	(1) fijo. (a) *sotāpattimagga* / los 4 *ariyamagga*; fijo por el *sotāpattimagga*. fijo en vista del fruto del *magga* superior; que, teniendo una naturaleza que no se revierte, es fijo en dar fruto inmediatamente después de sí (el estado *sammattaniyata*). véase el original.	
98136	12	R9	el *nirayasutta*; el sutta en que se enseña con detalle que la persona dotada de 4 estados —quitar la vida a otro, robar los bienes de otro, conducirse de modo erróneo y desviado en los placeres sensuales y decir palabras falsas e inciertas— cae en el infierno.	
99842	12	R9	(1) / matado y abandonado / arrancado y abandonado / sin residuo / hasta no dejar resto. (2) (a) que suele conducir al estado de no tener *māna* *māna* que se cultiva equivocadamente; hecho perder; (b) / oprimido / que sufre opresión; que pierde. (c) que / apuñala y mata / vence. (3) matado; que sufre la muerte. (4) / puesto / hecho existir. (5) usado / siempre / sin interrupción / (en el estado de ser duradero). (6) apaciguado. (1) / matado y abandonado / arrancado y abandonado / sin residuo / hasta no dejar resto.	
105112	13	R9	el modo de vida erróneo / pervertido de 5 clases (a saber: provocar asombro, hablar con adulación, dar indirectas, presionar y buscar ganancia con ganancia); los 5 modos de vida erróneos / pervertidos.	
112655	14	R9	(1) el perecer; (2) el estado que suele perecer / corromperse; el estado que suele destruir / ofender; el destruir / ofender; el *cetasika* *dosa*. (3) falta; el desliz / error.	
116601	15	R9	(1) la repugnancia. (adjetivo) (2) repugnante (dicho de una persona). (a) de aspecto deforme; feo (dicho de una persona). (b) rudo y tosco. Véase [[bībhacchārammaṇa]].	
116606	15	R9	(1) aspecto repugnante. (adjetivo) (2) (a) que tiene un aspecto repugnante (dicho de una persona). (b) de aspecto deforme; feo (dicho de una persona).	
116607	15	R9	(a) que tiene un aspecto repugnante (dicho de una persona). (b) de aspecto deforme; feo (dicho de una persona).	
116608	15	R9	objeto (de la mente) rudo y tosco; objeto deforme.	
117568	15	R9	el término que es medio para impedir el captar las palabras de modo trastocado.	
117569	15	R9	el término que es medio para impedir el captar las palabras de modo trastocado.	
117601	15	R9	la inversión; el cambio.	
117623	15	R9	la inversión; el cambio.	
117624	15	R9	la igualdad en la inversión.	
117625	15	R9	la ausencia de inversión.	
117798	15	R9	(1) responde / habla; anuncia una predicción. (2) obra de modo invertido; hace llegar a la inversión.	
117813	15	R9	(1) respondió / habló. Véase [[byākaroti]] (1). (2) obró de modo invertido; hizo llegar a la inversión. Véase [[byākaroti]] (2).	
121875	15	R9	(1) árbol. (2) *rahantā*. (a) *ariyā*. (3) el conjunto de los cinco *khandhā*. (4) ser vivo. (5) *mahābhūta*; *bhūtarūpa*. (6) (a) *deva*. (b) fantasma, espectro, *yakkha*. Véanse [[bhūtaggāha]], [[bhūtaviggahika]], [[bhūbhaviṭṭha]]. (7) naturaleza. (adjetivo) (8) que ha llegado a ser (dicho de una persona). (9) que está surgiendo; que surge manifiestamente. (10) que llega. (11) semejante. (12) verdadero; infalible; no desviado. (13) llamado *bhūta* (dicho de una persona).	
122919	16	R9	lo que pertenece al mono; la mueca (del rostro) del mono. (El gesto torcido del mono, que es la burla haciendo muecas con el rostro y demás.)	
125665	16	R9	un ser humano de apariencia deformada y arruinada / poco agraciado. Véase [[manussadobhagga]].	
130263	16	R9	naturaleza errónea / deficiente / pervertida / incorrecta / vil. Véanse [[micchādiṭṭhi]], [[micchāmagga]], [[micchācāra]].	
130264	16	R9	el tomar a pecho de modo erróneo / pervertido.	
130266	16	R9	(1) modo de vida erróneo / pervertido / incorrecto. *micchajīva*. Véase el original.	
130267	16	R9	(1) la causa, es decir, el *micchāājīva*. (adjetivo) (2) que tiene por causa el *micchāājīva*; que tiene por causa el modo de ganarse la vida erróneo y pervertido.	
130269	16	R9	(1) trabajo / tarea / acción errónea / pervertida / incorrecta; *micchākammanta*. (adjetivo) (2) que tiene / que hace un trabajo erróneo (dicho de una persona).	
130296	16	R9	*cetanā* errónea / pervertida.	
130297	16	R9	(1) modo de vida erróneo / incorrecto / pervertido; *micchajīva*. Véase [[micchāājīva]]. (adjetivo) (2) que tiene un modo de vida erróneo / pervertido; que suele ganarse la vida de modo erróneo (dicho de una persona).	
130314	16	R9	que tiene conocimiento erróneo; que suele pensar y suponer de modo pervertido; que tiene una percepción errónea (dicho de una persona).	
130316	16	R9	arista de arroz fino colocada de modo erróneo / pervertido; arista de arroz fino colocada mal.	
130317	16	R9	práctica errónea / pervertida.	
130318	16	R9	opinión / visión errónea / pervertida; opinión *micchā*.	
130324	16	R9	(1) opinión defectuosa / pervertida / incorrecta / vil; opinión aborrecida (por los sabios); estado que suele contemplar y examinar de modo defectuoso, pervertido e incorrecto / estado que es causa de contemplar y examinar / el contemplar y examinar; opinión que no suele sacar del sufrimiento del *vaṭṭa*; opinión errónea; *micchādiṭṭhi*. (adjetivo) (2) que tiene una opinión errónea / *micchā* (dicho de una persona). (*micchādiṭṭhi* *puggala*).	
130326	16	R9	que tiene una opinión / visión defectuosa / pervertida / incorrecta / errónea / vil; que toma el sentido de las palabras del Buddha de modo incorrecto / erróneo (dicho de una persona). (*micchādiṭṭhi* *puggala*).	
130371	16	R9	conducta errónea y pervertida.	
130372	16	R9	oprimido por la conducta errónea y pervertida; dotado de conducta errónea y pervertida (dicho de una persona).	
130375	16	R9	el decidir de modo defectuoso / pervertido / incorrecto. (La devoción y la confianza en maestros, ‹ဘုရား› y demás, que no merecen devoción ni confianza, se llaman *micchādhimokkha*. La confianza de los que tienen una opinión *micchā* en sus propios maestros y ‹ဘုရား› no es *saddhā*; es solo *micchādhimokkha*; en cuanto a su realidad como estados, por *micchādhimokkha* han de entenderse tanto *moha* como *diṭṭhi*.	
130381	16	R9	el practicar de modo erróneo / pervertido.	
130382	16	R9	que suele practicar de modo erróneo / pervertido (dicho de una persona).	
130383	16	R9	que practica de modo erróneo / pervertido (dicho de una persona).	
130384	16	R9	que practica una práctica errónea / pervertida (dicho de una persona).	
130385	16	R9	la causa, es decir, el practicar una práctica errónea / pervertida.	
130386	16	R9	práctica defectuosa / pervertida / incorrecta / errónea; práctica que no es causa de salida del sufrimiento del *vaṭṭa*.	
130387	16	R9	la causa, es decir, el practicar una práctica errónea / pervertida. Véase [[micchāpaṭipattādhikaraṇahetu]].	
130388	16	R9	que tiene mucha práctica defectuosa / pervertida / incorrecta / errónea; que practica mucho una práctica errónea (dicho de una persona).	
130391	16	R9	práctica defectuosa / pervertida / incorrecta / errónea; práctica que conduce al sufrimiento del *vaṭṭa*.	
130394	16	R9	que tiene una práctica errónea / pervertida; que practica de modo erróneo (dicho de una persona).	
130395	16	R9	persona que tiene una práctica errónea / pervertida.	
130396	16	R9	el evitar a la persona que tiene una práctica errónea / pervertida.	
130398	16	R9	el llegar de modo erróneo / pervertido; el llegar a una práctica errónea / pervertida.	
130409	16	R9	la parte errónea y pervertida.	
130410	16	R9	fijado en la mente / adentrado / asentado de modo pervertido / erróneo (dicho de una persona).	
130411	16	R9	que tiene una mente fijada / adentrada / asentada de modo pervertido / erróneo (dicho de una persona).	
130412	16	R9	que tiene una opinión fijada / adentrada / asentada de modo pervertido / erróneo (dicho de una persona).	
130429	16	R9	camino desviado / pervertido / no verdadero; camino de práctica erróneo.	
130431	16	R9	*māna* desviado / pervertido / no verdadero. *micchāmāna*.	
130445	16	R9	(1) el hablar erróneo; palabras desviadas / pervertidas / no verdaderas. (adjetivo) (2) que tiene palabras desviadas / pervertidas / no verdaderas; que tiene palabras erróneas (dicho de una persona).	
130454	16	R9	(1) empeño desviado / pervertido / no verdadero; esfuerzo erróneo; *micchāvāyāma*. (adjetivo) (2) que tiene esfuerzo / empeño erróneo (dicho de una persona).	
130483	16	R9	(1) concepción desviada / pervertida / no verdadera; el concebir erróneo; *micchāsaṅkappa*; *micchāvitakka*. (adjetivo) (2) que tiene concepciones erróneas (dicho de una persona).	
130494	16	R9	(1) *sati* desviada / pervertida / no verdadera; *sati* errónea; *micchāsati*. (adjetivo) (2) que tiene una *sati* errónea (dicho de una persona).	
130500	16	R9	(1) naturaleza errónea / pervertida. (adjetivo) (2) que tiene una naturaleza errónea / pervertida.	
130502	16	R9	(1) *samādhi* desviado / pervertido / no verdadero; *samādhi* erróneo; *micchāsamādhi*. (adjetivo) (2) que tiene un *samādhi* desviado / pervertido / no verdadero (dicho de una persona).	
130977	16	R9	gesto contorsionado de mono hecho con la cara; gesto de cara contorsionada del mono.	
130978	16	R9	el juego burlón que es el gesto de cara contorsionada del mono. El jugar burlonamente arrugando la cara. Véase [[makkaṭiya]].	
131012	16	R9	el contorsionar la cara; el descomponerse / cambiar la expresión de la cara.	
131013	16	R9	el ocultar la contorsión de la cara.	
131869	16	R9	mentira; la *kāyaviññatti* o *vacīviññatti* que suele destruir el bienestar (del otro), propia de quien se propone el engaño; falso / incorrecto / erróneo / que suele destruir / defectuoso y distorsionado (palabra, cosa).	
131871	16	R9	el decir palabras falsas / incorrectas / erróneas / distorsionadas; el decir mentiras.	
131873	16	R9	palabras falsas / incorrectas / erróneas / distorsionadas. palabras mentirosas. Véase [[musāvacanasattha]].	
131874	16	R9	el arma que es la palabra falsa / incorrecta / errónea / distorsionada; el *duccarita* que es la palabra falsa / incorrecta / errónea / distorsionada.	
131901	16	R9	que tiene una naturaleza errónea, distorsionada e incorrecta.	
136338	17	R9	(1) lo que es causa de llanto / lamento: (a) *rāga*, *dosa*, *moha*; (b) los 10 *kilesa*; (c) lo ciertamente insano; lo insano persistente; los 14 *cetasika* insanos. (2) (que son el fruto de lo insano) los estados que comienzan por *dukkha*; las prácticas erróneas / pervertidas. (3) (a) el combatir / guerrear. (b) el combatir / guerrear llamado *ariyamagga*. (4) el reducir a polvo fino. (5) los estados que comienzan por *rāga*, que suelen reducir a polvo / oprimir (a los seres). (6) la falta (*jāti*, *jarā*, *bhaṅga*) que es causa de reproche / censura. (7) (a) polvo; (b) el polvo de los *kilesa* que comienzan por *rāga*. (c) la (tierra) donde se combate / guerrea; campo de batalla; llanura de batalla; liza. (9) sonido. Véase el original.	
137112	17	R9	(1) el comportarse / obrar de modo erróneo / desviado / desacertado. (2) el comportarse precipitadamente / repentinamente.	
139861	18	R9	*lakkhaṇūpanijjhāna*; (a) las características / las 3 marcas que comienzan por *aniccatā*: el *jhāna* que suele contemplar / contemplar acercándose a / hacia ellas (*vipassanā*, *magga*). (b) la característica / la *nirodhasaccā*, que tiene la característica natural que no cambia: el *jhāna* que suele contemplar acercándose a / hacia ella (*phala*). (c) las características / los estados opuestos que comienzan por *sattasaññā*: el *jhāna* que suele quemar / consumir / abandonar y contemplar de cerca (*vipassanā*, *magga*, *phala*).	still valid (§91): PCED Meaning, unchanged
140403	18	R9	el *bhūmi* de *apāya* que se ha de obtener, al que se cae tras pervertirse y arruinarse.	
140449	18	R9	el *bhūmi* de *apāya* obtenido, al que se cae tras pervertirse y arruinarse.	
143323	18	R9	el invertirse / cambiar del número (gramatical).	
143324	18	R9	el invertirse / cambiar del número (gramatical).	
143346	18	R9	el volverse / invertirse / cambiar del número gramatical (*vacana*).	
143446	18	R9	*vacīduccarita*: (a) conducta / comportamiento hecho mal / por ser malo, por *vacīviññatti* / *vacīdvāra*. (b) mala conducta / comportamiento hecho por *vacīviññatti* / *vacīdvāra*. (c) conducta / comportamiento hecho mal / por ser malo, que surge a causa de *vacīviññatti* / *vacīdvāra*. (d) mala conducta / comportamiento que surge a causa de *vacīviññatti* / *vacīdvāra*. (e) conducta / comportamiento pervertido hecho por *vacīviññatti* / *vacīdvāra*. (f) conducta / comportamiento pervertido que surge a causa de *vacīviññatti* / *vacīdvāra*. (g) conducta / comportamiento hecho mal / por ser malo, que surge en *vacīviññatti* / *vacīdvāra*. (h) mala conducta / comportamiento que surge en *vacīviññatti* / *vacīdvāra*. (i) conducta / comportamiento arruinado que surge a causa de *vacīviññatti* / *vacīdvāra*. (j) conducta / comportamiento llevado a cabo / arruinado por *vacīviññatti* / *vacīdvāra*.	
143517	18	R9	el hablar con la boca de maneras diversas (pervertidamente) / delirando / lamentándose / gritando / hablando.	
145426	18	R9	(1) corrompido / pervertido por el mero hecho de su asiento (del *upasampadakamma*); que tiene un asiento corrompido / pervertido. (2) corrompido / pervertido en cuanto al *vatthu*. (neutro) (3) *vatthu* corrompido / pervertido (paño destinado al *kaṭhina* que no es admisible).	
145427	18	R9	el hecho de ser pervertido / errado / incorrecto el *vatthu*.	
148878	19	R9	(1) pervertido y arruinado. (neutro) (2) el pervertirse y arruinarse. (3) repugnante / feo. (masculino) (4) monte llamado *vikata* (cercano al monte *himavantā*). (5) la palabra *vikata* (que aparece en los tratados profanos). Véase [[vikatānana]].	
148879	19	R9	que tiene una naturaleza pervertida y arruinada (*bhikkhu*). Véase [[vikata]] (1).	
148881	19	R9	que tiene el rostro deformado y arruinado.	
148884	19	R9	(1) el pervertirse. (2) objeto labrado (de marfil, plata, oro). (3) particularidad especial. (4) el engañar y embaucar = cosa especial y rara.	
149152	19	R9	(1) crea (por poder sobrenatural); hace / realiza de diversas y variadas maneras / de diversos y distintos modos / de múltiples formas. (2) hace / realiza de modo que se vuelva pervertido / desviado / errado / invertido. (3) rompe / destruye. (3) Véase [[vikubbanta]].	
149721	19	R9	(1) tomado de forma pervertida / tomado de modo incorrecto / dominado. (2) penetrado / dominado.	
149754	19	R9	(1) el tomar la opinión contraria / el disputar / el oponerse / el reñir; el tomar en sentido contrario / de forma pervertida. (2) el cuerpo. (3) (palabras) que son causa de tomar de forma pervertida. (4) (dividiendo en palabra, raíz y sufijo) la palabra / frase que es causa de tomar de modo especial el significado (de la palabra); *viggaha*; *vacanattha*. (5) imagen; estatua; efigie. (6) apariencia. (7) (hombre) tomado de modo especial.	
149761	19	R9	(1) de modo especial / bien tomado / producido. (2) tomado de forma pervertida / hecho llegar a la oposición.	
149762	19	R9	(1) que tiene una mente tomada de forma pervertida / hecha oponerse (dicho de una persona). (neutro) (2) mente tomada de forma pervertida / hecha oponerse.	
149902	19	R9	el temblar de manera anómala.	
151625	19	R9	de manera torcida / de través / de soslayo, mirando de reojo. Véase la entrada siguiente.	
151626	19	R9	que suele mirar de manera torcida / de través / de soslayo / de reojo (dicho de una persona).	
152103	19	R9	la persona que ha corrido extraviada / ha terminado.	
152760	19	R9	cae sin desearlo / tras pervertirse y arruinarse. Véase [[vinipatanti]].	
152761	19	R9	el caer tras pervertirse y arruinarse. Véase [[vinipāta]] (1).	
152762	19	R9	caen sin desearlo / tras pervertirse y arruinarse.	
152763	19	R9	(1) que suele caer tras pervertirse y arruinarse. (2) que es el lugar al que se cae tras pervertirse y arruinarse.	
152764	19	R9	para caer sin desearlo / pervirtiéndose y arruinándose.	
152765	19	R9	(1) el caer tras pervertirse y arruinarse. (2) el lugar al que se cae sin desearlo / tras pervertirse y arruinarse (el *bhūmi* de *apāya*). (3) (a) que es causa de caer tras pervertirse y arruinarse (la conducta, el *kamma* insano). (b) que suele hacer caer tras pervertirse y arruinarse. (4) el hacer perecer / destruir. (5) la palabra *vinipāta*. (1) el caer tras pervertirse y arruinarse. (5) Véase [[vinipātaggasahaṇa]].	
152766	19	R9	el *kamma* que es causa de caer / que suele hacer caer tras pervertirse y arruinarse.	
152767	19	R9	que ha llegado al *bhūmi* de *apāya* (al que se cae tras pervertirse y arruinarse) (dicho de una persona).	
152768	19	R9	el *gati* / *bhūmi* / *bhava* que es el lugar al que se cae tras pervertirse y arruinarse.	
152770	19	R9	la naturaleza de caer tras pervertirse y arruinarse. Véase la entrada siguiente.	
152771	19	R9	que tiene la naturaleza de caer tras pervertirse y arruinarse.	
152772	19	R9	(1) el caer tras pervertirse y arruinarse. (2) el hacer perecer / destruir. (adjetivo) (3) que suele hacer caer tras pervertirse y arruinarse. (3) Véase la entrada siguiente.	
152773	19	R9	(1) la naturaleza que suele hacer caer tras pervertirse y arruinarse. (2) la naturaleza de caer tras pervertirse y arruinarse.	
152774	19	R9	la causa de caer tras pervertirse y arruinarse. Véase [[vinipātana]].	
152775	19	R9	los cuatro *apāya*, que son el lugar al que se cae tras pervertirse y arruinarse.	
152776	19	R9	que tiene la naturaleza, es decir, el caer tras pervertirse y arruinarse (dicho de una persona).	
152778	19	R9	la inexistencia del caer tras pervertirse y arruinarse.	
152779	19	R9	(1) (el habitante del *bhūmi* de *apāya*) que tiene el caer tras pervertirse y arruinarse. (2) (la persona inmoral) que suele hacer caer (a sí misma en el *bhūmi* de *apāya*) tras pervertirse y arruinarse. (3) (los *vemānikapeta*, de la clase de los *deva* *cātumahārājika*) que no tienen el surgir / caer (en el *apāya*). Véase el original.	
152781	19	R9	que ha de ser / conviene / merece ser hecho caer tras pervertirse y arruinarse / destruido. Véase [[vinipāteyya]].	
152782	19	R9	hace caer sin desearlo / pervertido / arruinado; hace perecer / destruye.	
152783	19	R9	para hacer caer sin desearlo / tras pervertirse y arruinarse; para hacer perecer / destruir.	
152784	19	R9	habiendo hecho caer sin desearlo / tras pervertirse y arruinarse; habiendo hecho perecer / destruido.	
152785	19	R9	que suele hacer caer sin desearlo / tras pervertirse y arruinarse; que suele hacer perecer / destruir (dicho de una persona). Véase [[vinipātika]] (2).	
152786	19	R9	hacen caer sin desearlo / tras pervertirse y arruinarse; hacen perecer / destruyen.	
152787	19	R9	haría caer sin desearlo / tras pervertirse y arruinarse; haría perecer / destruiría.	
152788	19	R9	hará / habrá de / va a hacer caer sin desearlo / tras pervertirse y arruinarse; hará / habrá de / va a hacer perecer / destruir.	
152789	19	R9	(1) especialmente ligado / atado / amarrado. (2) ligado / atado / amarrado de modos diversos y variados. (3) que se liga a objetos diversos. (4) que tiene la mente endurecida por el *māna* que liga. (5) ligado / atado / amarrado de manera pervertida. (6) (a) ligado / atado / amarrado de manera pervertida. (b) ligado / atado / amarrado tras delimitar y señalar, en virtud de no dejarlo libre. (7) que liga / une.	
152794	19	R9	ata / amarra. Ata especialmente de manera pervertida. Véase [[vinibandhanti]].	
152798	19	R9	que suele amarrar; que suele atar especialmente de manera pervertida.	
152799	19	R9	atan / amarran. Atan especialmente de manera pervertida.	
153146	19	R9	fue tras pervertirse y arruinarse.	
153178	19	R9	el surgir como fruto de modo pervertido; el causarse sufrimiento mutuamente.	
153186	19	R9	(1) cree de manera pervertida; duda / tiene duda. (2) toma una opinión pervertida. Véase la entrada siguiente.	
153187	19	R9	(1) creen de manera pervertida. (2) toman una opinión pervertida.	
153228	19	R9	(1) el perecer / pervertirse. (2) *vipatti-catukka*. (3) el sutta *vipatti*. (4) *apāya* *khandhā*. (5) que es causa del perecer (de los *kamma*). (6) (el tiempo) en que se perece / pervierte. (4) Véase [[vipattibhavaloka]]. (5) Véase [[vipattisīmā]].	
153233	19	R9	el momento / tiempo asociado con el pervertirse / perecer.	
153235	19	R9	(1) el mostrar el pervertirse / perecer. (2) el contemplar el perecer. (2) Véase la entrada siguiente.	
153258	19	R9	(1) lo que no es camino; el borde del camino; la cercanía del camino. (2) el camino contrario / pervertido / discordante; el camino desviado; el camino errado — (a) los 10 *kammapatha* insanos. (b) la opinión errónea. (2) (b) Véase la entrada siguiente.	
153259	19	R9	que entra corriendo / va corriendo por el camino pervertido / discordante (la opinión errónea) (dicho de una persona).	
153261	19	R9	el camino pervertido / discordante; el camino desviado; el camino errado.	
153262	19	R9	que va / llega por el camino pervertido / discordante (dicho de una persona).	
153264	19	R9	echado a perder / podrido. Véase [[vipannacitta]] (2), el significado.	
153266	19	R9	el *gati* pervertido / arruinado / incompleto (los cuatro *bhūmi* de *apāya*).	
153268	19	R9	(1) que tiene la mente pervertida / podrida (dicho de una persona). (2) que tiene la mente echada a perder / podrida / corrompida (dicho de una persona).	
153269	19	R9	que tiene un deseo pervertido / arruinado.	
153270	19	R9	que tiene un entendimiento / conocimiento pervertido / arruinado / deficiente; cuyo entendimiento / conocimiento está pervertido / arruinado.	
153279	19	R9	(1) el aspecto pervertido / deficiente / incompleto. (2) el aspecto arruinado.	
153284	19	R9	(1) (a) pervertido / que permanece pervertido. (b) que decae. (2) que se vuelve atrás. (2) Véase [[viparāvattamantanapaññā]].	
153285	19	R9	echado a perder / destruido.	
153287	19	R9	el pervertirse.	
153288	19	R9	(1) (a) pervertido. (b) arruinado. (2) que gira pervertido; que permanece girando de modo pervertido. (3) privado de su naturaleza.	
153289	19	R9	que tiene la mente pervertida (dicho de una persona).	
153357	19	R9	pervertido.	
153358	19	R9	pervertido.	
153359	19	R9	el pervertirse.	
153360	19	R9	(1) (a) el pervertirse; el cambiar. (b) el volver; el volver al revés. (2) que vuelve; que vuelve al revés.	
153364	19	R9	el pervertirse. Véase también [[vipariyesa]].	
153367	19	R9	el pervertirse; el tomar de manera pervertida.	
153368	19	R9	(1) el tomar / capturar / aferrarse que surge por haberse pervertido; (el estado) que suele tomar / capturar / aferrarse, surgido por haberse pervertido. (2) el tomar / capturar / aferrarse de manera pervertida; (el estado) que suele tomar / capturar / aferrarse de manera pervertida.	
153369	19	R9	que suele / tiende a tomar de manera pervertida / errónea (dicho de una persona).	
153370	19	R9	que suele / tiende a tomar de manera pervertida / errónea (dicho de una persona).	
153371	19	R9	el pervertirse; el decir / mostrar en sentido inverso / al revés.	
153372	19	R9	el prestar atención de manera pervertida.	
153390	19	R9	(1) pervertido / errado; que tiene una *saññā* (mente) pervertida / errada. (2) vuelto / invertido. (3) *viparīta* (uso gramatical).	
153391	19	R9	*viparītakathā*; las palabras en que se habla del conocimiento pervertido.	
153392	19	R9	la acción / función pervertida.	
153393	19	R9	(el sufrimiento) que tiene una parte / porción pervertida.	
153394	19	R9	el tomar de manera pervertida; el tomar torcidamente, al revés.	
153395	19	R9	que suele / tiende a tomar de manera pervertida (dicho de una persona).	
153396	19	R9	el tomar de manera pervertida.	
153397	19	R9	que tiene la característica de tomar de manera pervertida.	
153399	19	R9	que suele tomar de manera pervertida.	
153401	19	R9	que tiene la mente pervertida (dicho de una persona).	
153403	19	R9	que tiene un linaje pervertido / vil.	
153404	19	R9	que tiene un deseo / *chanda* pervertido.	
153405	19	R9	el conocimiento pervertido / no verdadero.	
153406	19	R9	(1) que tiene un significado pervertido. (masculino) (2) el significado pervertido.	
153407	19	R9	que suele establecer un significado pervertido.	
153408	19	R9	(1) que tiene una comprensión / opinión pervertida / errada (dicho de una persona). (2) que suele ver al revés. (neutro) (3) la comprensión pervertida.	
153409	19	R9	el pilar llamado comprensión / opinión pervertida / errada.	
153410	19	R9	que tiene la característica de tomar / ver de manera pervertida.	
153411	19	R9	la opinión pervertida / errada; la opinión errónea.	
153412	19	R9	el estado pervertido y errado.	
153413	19	R9	el hacer conocer por *paññatti* / de diversas maneras el estado que aparece de modo pervertido.	
153414	19	R9	la práctica / norma de conducta pervertida / errada.	
153415	19	R9	el prestar atención de manera pervertida.	
153419	19	R9	que suele hablar / decir de manera pervertida / torcidamente.	
153420	19	R9	que tiene la mente que gira de manera pervertida.	
153421	19	R9	el ocurrir de manera pervertida.	
153422	19	R9	que tiene un ocurrir pervertido.	
153423	19	R9	que tiene una percepción / *saññā* pervertida.	
153424	19	R9	la percepción (*saññā*) pervertida.	
153425	19	R9	que tiene percepción (*saññā*) pervertida.	
153426	19	R9	(1) que tiene una naturaleza pervertida. (masculino) (2) la naturaleza pervertida.	
153427	19	R9	el llegar a una naturaleza pervertida.	
153428	19	R9	el aspecto pervertido. Véase [[viparītapaññatti]].	
153430	19	R9	el prestar atención de manera pervertida.	
153432	19	R9	huye en diversas y múltiples direcciones; se pervierte / perece. Véase la entrada siguiente.	
153433	19	R9	(ellos) huyeron en diversas y múltiples direcciones. Se pervirtieron / perecieron.	
153435	19	R9	pervertido.	
153436	19	R9	pervertido.	
153437	19	R9	(1) el tomar y capturar / aferrarse surgido por haberse pervertido; el estado que suele hacerlo. (2) el tomar / capturar / aferrarse de manera pervertida; el estado que suele hacerlo.	
153438	19	R9	(1) que tiene la mente pervertida. (neutro) (2) la mente pervertida.	
153439	19	R9	que tiene una opinión pervertida.	
153442	19	R9	que tiene una visión / opinión pervertida.	
153443	19	R9	que tiene una opinión pervertida.	
153444	19	R9	(1) que tiene una *saññā* pervertida. (femenino) (2) la *saññā* pervertida.	
153445	19	R9	que tiene una *saññā* pervertida.	
153446	19	R9	(1) el pervertirse (el tomar de manera pervertida). Véase también [[vipariyesa]]. (2) el cambiar de vuelta. (3) vuelto / cambiado. (4) la percepción (*saññā*) pervertida. (5) *vipallāsakathā*. (1) el pervertirse (el tomar de manera pervertida).	
153449	19	R9	tomado de manera pervertida.	
153450	19	R9	el tomar de manera pervertida.	
153451	19	R9	el tomar de manera pervertida.	
153452	19	R9	que suele / tiende a tomar de manera pervertida.	
153458	19	R9	hace pervertir.	
153459	19	R9	el conectar de manera pervertida.	
153460	19	R9	el no haber una característica pervertida.	
153461	19	R9	la acción / función que es causa del tomar por un indicio pervertido.	
153466	19	R9	(1) que tiene una percepción (*saññā*) pervertida. (femenino) (2) la percepción (*saññā*) pervertida.	
153470	19	R9	(1) que tiene por causa el tomar de manera pervertida. (masculino) (2) la causa del tomar de manera pervertida.	
153471	19	R9	que ocurre de manera pervertida.	
153472	19	R9	es hecho pervertir.	
153473	19	R9	la fuerte causa de apoyo del tomar de manera pervertida.	
153474	19	R9	que ha de hacerse pervertir.	
154056	19	R9	hace / practica pervertidamente; hace / practica de modo impropio / indebido.	
154059	19	R9	(1) la acción / el asunto / el modo / el comportamiento pervertido. (2) el pervertirse / cambiar.	
154064	19	R9	el sonido pervertido.	
154065	19	R9	la causa, es decir, una naturaleza pervertida.	
154116	19	R9	cubierto con / por un estado pervertido.	
154117	19	R9	admite de manera errónea; conoce de manera pervertida.	
154119	19	R9	practica de manera pervertida / impropia / indecorosa.	
154120	19	R9	el practicar de manera pervertida / impropia / indecorosa.	
154121	19	R9	que suele practicar de manera pervertida / impropia / indecorosa.	
154126	19	R9	habiendo practicado de manera pervertida / impropia / indecorosa.	
154127	19	R9	(1) el practicar de manera pervertida / impropia / indecorosa. (2) la práctica pervertida / errónea.	
154129	19	R9	(1) que practica pervertidamente / de manera errónea (dicho de una persona). (2) que practica pervertidamente; que practica transgrediendo la conducta de los parientes.	
154131	19	R9	el tiempo en que se obra / practica pervertidamente / de manera errónea.	
154132	19	R9	que tiene una mente pervertida / errónea. Que practica una conducta pervertida / errónea; que tiene la naturaleza de querer practicar de manera errónea.	
154133	19	R9	hace practicar de manera pervertida / impropia / indecorosa.	
154134	19	R9	hicieron practicar de manera pervertida / impropia / indecorosa.	
154135	19	R9	el desagrado del corazón / el remordimiento / el pensar pervertidamente.	
154166	19	R9	(1) que se ha desviado y arruinado de diversas y variadas maneras; que está desorientado y ha errado el camino (dicho de una persona). (2) que ha llegado a la ruina a causa de vientos contrarios.	
154167	19	R9	barca desviada y arruinada de diversas y variadas maneras.	
154210	19	R9	(1) habla / llora / se lamenta de diversas y variadas maneras. (2) (a) habla / se lamenta pervertidamente.	
154237	19	R9	(1) (a) el hablar pervertido / delirante; (b) el llorar lamentándose.	
154331	19	R9	(1) tembloroso / especialmente tembloroso. (neutro) (2) (a) el temblor pervertido / repugnante. El temblar / temblar especialmente.	
154960	19	R9	que tiene flor / capullo con la abertura vuelta; ‹စစ်သိမ်›; ‹တောကြက်မောက်›; ‹ကြက်မောက်ရိုင်း›.	
155740	19	R9	(1) el hacer que quede de apariencia distorsionada / sin belleza / feo / deforme. Véase la entrada siguiente. (adjetivo) (2) que suele hacer que quede de apariencia distorsionada / sin belleza / feo / deforme.	
155741	19	R9	el deseo / la intención que surge en el hacer que quede de apariencia distorsionada / sin belleza / feo / deforme.	
155742	19	R9	el comportamiento distorsionado.	
155743	19	R9	que tiene el cabello distorsionado / revuelto / extendido / esparcido.	
155749	19	R9	tomado de modo distorsionado.	
155750	19	R9	que tiene la ropa / el hábito descolorido / sin belleza / raído.	
155751	19	R9	que tiene una apariencia / un *rūpārammaṇa* distorsionado; (sin belleza, de aspecto indecoroso).	
155759	19	R9	que tiene una apariencia distorsionada / fea / de mal ver (dicho de una persona).	
155762	19	R9	el aspecto distorsionado. Véase la entrada siguiente.	
155763	19	R9	que lleva un aspecto distorsionado (dicho de una persona).	
155764	19	R9	que suele moverse / temblar de modo distorsionado.	
155765	19	R9	que se mantiene de modo distorsionado.	
155766	19	R9	que tiene un aspecto distorsionado / sin belleza.	
155767	19	R9	que tiene el color, la forma del cuerpo distorsionados / feos (dicho de una persona).	
155768	19	R9	que tiene un aspecto / un comportamiento distorsionado / sin gracia (dicho de una persona).	
155769	19	R9	(1) que tiene una distorsión surgida; (2) distorsionado / que ha llegado a la distorsión.	
156167	19	R9	(1) el no ser conforme / no ser apropiado. (2) el oponerse. (3) el trastocarse.	
156174	19	R9	(1) hace desviarse. (2) hace oponerse. (3) hace trastocarse; pone de modo trastocado.	
156175	19	R9	habiendo hecho desviarse / trastocarse.	
210669	14b	R9	el desviarse / errar del esfuerzo / del empeño / del *payoga*; el esfuerzo / empeño / *payoga* desviado / errado.	
211227	14b	R9	(1) el fenómeno *paramattha*; el significado / la naturaleza infalible / verdadera (tal como es por naturaleza) / recta / elevada / predominante. El Buddha, al enseñar la Enseñanza, enseña la Enseñanza verdadera y no enseña la Enseñanza errónea. Donde se dice que el *paramattha* es verdadero, la verdad es de 2 clases: (1) la verdad de la *sammutisaccā* y (2) la verdad de la *paramatthasaccā*. De ellas, la verdad de la *sammutisaccā* es esta: las expresiones del mundo como agua, tierra, bosque, montaña; ser humano, *deva*, *brahmā*; persona, ser vivo y demás son verdaderas por la *sammutisaccā*; pero si se separan una a una las distintas partes que hay dentro del cuerpo de una persona cualquiera, la *sammutipaññatti* «persona», «ser vivo», «hombre», «mujer» desaparece y solo quedan las partes de los fenómenos de *rūpa*; por eso la verdad de la *sammutisaccā* no es una verdad que realmente existe y es realmente verdadera; es verdadera solo por la *sammutisaccā*, la convención del mundo. Los fenómenos de los 5 *khandha*, que son *rūpa*, …, *viññāṇa*, son los fenómenos verdaderos que realmente existen y son realmente verdaderos; a ellos se les llama fenómenos *paramattha*. El Buddha enseña los discursos de la *sammutisaccā* y de la *paramatthasaccā* conforme al deseo y al *ajjhāsaya* de los seres que han de ser guiados. La enseñanza del *abhidhamma* que el Buddha *gotama* enseñó sin cesar durante los 3 meses de la estación de lluvias en el mundo de los *deva* *tāvatiṁsā* es tan abundante que no se puede contar ni delimitar, ni por la *saddapaññatti* de las palabras ni por la *atthapaññatti* de la sustancia del significado; sin embargo, por el *paramattha* de *rūpa*, *nāma* y *sabhāva* que realmente existe, hay solo 4 clases: mente, *cetasika*, *rūpa* y *nibbāna*. De ellos, la mente, aunque multiplicada por …, *saṅkhāra* tiene 89 en resumen y 121 en detalle, es de una sola clase por su naturaleza de conocer el objeto; los *cetasika*, que dependen de la mente y suelen teñirla, son 52, comenzando por el encontrarse con el objeto, …; el sentir, *vedanā*; el percibir, *saññā*; el incitar, *cetanā*; el estar firme, *ekaggatā*; el vivir (= el proteger), *jīvitindriya*; el atender, *manasikāra*; el *rūpa*, aunque es de 28 clases contando el verdadero y el no verdadero, el *rūpa* verdadero es solo de 18 clases; el *nibbāna* es de una sola clase por la naturaleza de la paz, *santi*. Por eso el *paramattha* de *rūpa*, *nāma* y *sabhāva* que realmente existe es solo de 72 clases. En el comentario del *kathāvatthu*, en cambio, se dice que este *paramattha* tiene 57 divisiones: 5 *khandha*, 12 *āyatana*, 18 *dhātu* y 22 *indriya*. El *paramattha* no es una naturaleza que se toma de modo falso, distorsionado e inexacto, como la figura de un ilusionista, un espejismo y demás; es solo la naturaleza *saccikaṭṭha*, absolutamente verdadera; es solo el fenómeno *paramattha* de los 6 objetos: el *rūpārammaṇa*, el *saddārammaṇa*, el *gandhārammaṇa*, el *rasārammaṇa* y el *phoṭṭhabbārammaṇa*, que se encuentran y conocen directamente por las cinco puertas, junto con el *dhammārammaṇa*, que se encuentra y conoce directamente por la puerta de la mente. Las cosas que se conocen y ven mediante las mentes del *vīthi* de la puerta de la mente, en sus sucesivas etapas, después de conocer directamente por la puerta de la mente —persona, ser vivo, yo, otro, hombre, mujer; agua, tierra, bosque, montaña, río, océano y demás— son solo fenómenos *paññatti*. (2) naturaleza elevada / que sobrepasa. (3) bienestar elevado / que sobrepasa: (a) el *arahattaphala*. (b) los fenómenos *lokuttara*. (c) la práctica que conduce al *nibbāna*. (4) el objeto en que se mueve el excelente *sabbaññutañāṇa*. (adjetivo) (5) que tiene una naturaleza infalible / verdadera / recta / excelente (la *vacīsaccā*). (6) que tiene una naturaleza elevada / que sobrepasa (el *bhikkhu* y demás). Véase [[paramatthabhikkhu]] y las entradas siguientes.	
211982	14b	R9	pervertido / cambiado / arruinado. Véase la entrada siguiente.	
211984	14b	R9	(1) el pervertirse / arruinarse. (2) el volver de nuevo.	
213112	14b	R9	el sufrimiento que cambia.	
213701	14b	R9	la transformación de la sangre madurada / podrida; la sangre podrida transformada.	
215446	14b	R9	(1) gira / da vueltas. (2) se trastoca / cambia. (3) se trastoca / se destruye. (4) surge. (5) surge girando. (6) cae. (7) cambia / intercambia / compra y vende. (8) se revuelca / rueda / se agita. (9) hace volver; abandona. (10) se vuelve / retrocede.	
215448	14b	R9	(1) el girar / dar vueltas. (2) el girar / cambiar. (3) el cambiar / intercambiar. (4) el volver; el trastocarse / cambiar. (5) el trasladar / cambiar. (6) el dar la vuelta; el voltear de arriba abajo. (7) el revolcarse / rodar. (8) el hacer volver; el abandonar. (9) el *parivattāhāra*; el *hāra* que tiene la característica de hacer volver / abandonar los estados opuestos. (10) el producirse rápidamente. (11) el exponer dando rodeos; el exponer por vía indirecta (*pariyāya*). (12) el remover en uno y otro sentido. (13) el hacer recitar; el enseñar. (14) el volverse. (15) el levantar y arrojar abajo. Véase [[parivattanattha]]. (16) el hacer rodar hacia abajo. (17) el darse sucesivamente / en serie continua. (18) el pequeño palo o mecanismo en que se enrolla el hilo; el eje; la vara. (19) el recitar / repasar. Véase [[parivattanakkhama]]. (adjetivo) (20) recitado / repasado. Véase [[parivattana-manta]]. (21) cambiado / intercambiado. Véase [[parivattanadhanadhañña]].	
215463	14b	R9	que tiene la naturaleza de trastocarse y cambiar.	
215480	14b	R9	(1) que gira / da vueltas. (2) que cambia / intercambia. (3) que se trastoca / se destruye. (4) que se voltea de arriba abajo. (5) que se revuelca / rueda. (6) que recita / repasa. (7) que anda / va y viene dando vueltas.	
215481	14b	R9	(1) giran / dan vueltas. (2) se trastocan / cambian. (3) surgen de nuevo. (4) se revuelcan / ruedan / se agitan. Véase [[parivattati]].	
215482	14b	R9	la lengua trastocada / corrompida. Véase [[parivattanta]].	
215484	14b	R9	(1) que gira / da vueltas. (2) que se trastoca / cambia. (3) puesto de arriba abajo / invertido / volteado. (4) que se revuelca / rueda. (5) que se vuelve / retrocede. (6) que surge. (7) que tiembla / se estremece. (8) que es causa de girar (la rueda).	
215485	14b	R9	que tiene el sexo trastocado; cuyo sexo ha cambiado (dicho de una persona).	
215507	14b	R9	(1) trastocado / cambiado. (2) cambiado / intercambiado. (3) volteado de arriba abajo. (4) hecho girar / volteado. (5) recitado / repasado. (6) aprendido / memorizado. (7) hecho volver / abandonado. (8) trastocado / destruido. Véase [[parivattita-chavivaṇṇa]]. (9) que ha transitado / surgido antes. Véase [[parivattitapubbabhāva]]. (10) desechado. Véase [[parivattitabhāva]].	
215509	14b	R9	que tiene la tez trastocada / estropeada (dicho de una persona).	
215519	14b	R9	(1) habiendo girado / dado vueltas. (2) habiendo cambiado / intercambiado. (3) habiéndose revolcado / habiendo rodado. (4) habiéndose trastocado / cambiado. (5) habiendo dado vueltas. (6) habiendo repetido / cambiado. (7) habiendo rodado. (8) habiéndose trastocado / destruido. (9) habiéndose trasladado. (10) habiendo rezumado. (11) habiéndose vuelto. (12) habiendo retornado / retrocedido. (13) habiéndose trastocado y cambiado.	
215530	14b	R9	(1) hace girar / dar vueltas. (2) hace surgir. (3) hace girar; expone / enseña; explica; recita / repasa. (4) hace volver; abandona. (5) hace girar; voltea; revuelve. (6) actúa de modo trastocado. (7) hace llegar. (8) hace caer. (9) hace retornar / retroceder. (10) voltea de arriba abajo.	
215533	14b	R9	(1) habiendo girado / dado vueltas; habiendo rodado. (2) habiendo cambiado / intercambiado.	still valid (§91): Meaning unchanged
215534	14b	R9	(4) habiendo hecho girar / rodar / revuelto. (5) habiéndose revolcado / habiendo rodado. (6) habiendo vuelto / contrapuesto. (7) habiendo hecho surgir. (8) habiéndose trasladado. (9) habiendo volteado de arriba abajo. (10) habiéndose trastocado. (11) habiendo desechado / abandonado.	superseded (§91): redrafted; apply the rule to the new draft
215540	14b	R9	se trastocaría / cambiaría. (2) caería. Véase [[parivattati]].	
215932	14b	R9	(1) la asamblea / la multitud / el conjunto / el séquito. La asamblea es de 4 clases: asamblea de *bhikkhu* (=monjes), asamblea de *bhikkhunī* (=monjas), asamblea de *upāsaka* (=donantes laicos), asamblea de *upāsikā* (=donantes laicas); y también asamblea de *khattiya* (=reyes, soberanos), asamblea de *brāhmaṇa* (=brahmanes), asamblea de *gahapati* (=ricos y acaudalados), asamblea de *samaṇa* (=monjes). A su vez, es de 8 clases: asamblea de (=reyes, soberanos), asamblea de (=brahmanes), asamblea de *gahapati* (=ricos y acaudalados), asamblea de *samaṇa* (=monjes), asamblea de *cātumahārājika* (=los *deva* de los Cuatro Grandes Reyes), asamblea de *tāvatiṁsā* (=los *deva* de *tāvatiṁsā*), asamblea de *māra* (=el *deva* *Māra*), asamblea de *brahma* (=*brahmā*); y también asamblea de *khattiya*, asamblea de *brāhmaṇa*, asamblea de *vessa* (=mercaderes), asamblea de *sudda* (=pobres, trabajadores), asamblea de *bhikkhu*, asamblea de *bhikkhunī*, asamblea de *sāmaṇera* (=novicios varones), asamblea de *sāmaṇerī* (=novicias). Además, en el *Parisavagga* del *Tikanipāta* del *aṅguttaranikāya* se enseñan las clases de asamblea de monjes, divididas de dos en dos, tal como se muestra: (a) la asamblea *uttāna* = la asamblea que, por no tener contención de las *indriya*, suele comportarse de modo llamativo y altanero. (b) la asamblea *gambhīra* = la asamblea que, teniendo contención de las *indriya*, es profunda, firme y serena. (a) la asamblea *vagga* = la asamblea que no está unida, porque sus miembros riñen y disputan unos con otros. (b) la asamblea *samagga* = la asamblea unida y concorde. (a) la asamblea *anaggavatī* = la asamblea que se esfuerza solo por que abunden los requisitos y las ganancias, y no se esfuerza en la práctica de monje. (b) la asamblea *aggavatī* = la asamblea que, sin dar peso ni importancia a los requisitos y las ganancias, se esfuerza solo en la práctica de monje. (a) la asamblea *anariya* = la asamblea de *puthujjana*, que aún no conocen las cuatro *saccā*. (b) la asamblea *ariya* = la asamblea de *ariya*, que ya han conocido y visto las cuatro *saccā*. (a) la asamblea *parisākasaṭa* = la asamblea confusa, semejante a la basura, porque sigue los cuatro *agati*. (b) la asamblea *parisāmaṇḍa* = la asamblea firme y pura, porque no sigue los cuatro *agati*. (a) la asamblea *okkācitavinīta* = la asamblea que, cuando se predica la enseñanza de los *suttanta* ligada a los estados *lokuttara*, profunda y llena de esencia, no escucha bien (no se interesa), pero cuando se predica una enseñanza de los *suttanta* de estilo poético, relativa a los asuntos mundanos, escucha bien (se interesa). (b) la asamblea *paṭipucchāvinīta* = la asamblea que, cuando se predica una enseñanza de los *suttanta* de estilo poético, relativa a los asuntos mundanos, no escucha bien (no se interesa), pero cuando se predica la enseñanza de los *suttanta* ligada a los estados *lokuttara*, profunda y dotada de esencia, escucha bien y retiene (se interesa). (a) la asamblea *saddhammagaru* = la asamblea que, codiciando y ansiando los requisitos y las ganancias, en presencia de los donantes y las donantes se jactan unos de otros (de virtudes que no son verdaderas) y buscan ganancias para comer y beber. (b) la asamblea *āmisagaru* = la asamblea que, en presencia de los donantes y las donantes, no habla ni siquiera de las virtudes realmente existentes de unos y otros, y que, sin codiciar con *taṇhā* los requisitos y las ganancias donados y obtenidos con rectitud, los usa reflexionando con la *nissaraṇapaññā*. (a) la asamblea *visama* = la asamblea que, realizando *kamma* contrarios a (la Enseñanza), hace que se difundan y se manifiesten *kamma* que no son *dhammavinaya*. (b) la asamblea *sama* = la asamblea que realiza solo *kamma* conformes al *dhammavinaya* y hace que se difundan y se manifiesten. (a) la asamblea *adhammika* = la asamblea que realiza *kamma* contrarios al *dhammavinaya*. (b) la asamblea *dhammika* = la asamblea que realiza *kamma* conformes al *dhammavinaya*. (a) la asamblea *adhammavādinī* = la asamblea que, cuando surge algún *adhikaraṇa* en el *saṅgha*, suele decidir ese *adhikaraṇa* (sea o no conforme a la Enseñanza) sin que sus miembros se consulten y deliberen entre sí, de modo errado y torcido, obstinadamente, diciendo ‘solo esto es lo verdadero’. (b) la asamblea *dhammavādinī* = la asamblea que, cuando surge un *adhikaraṇa* en el *saṅgha*, lo acepta, sus miembros se consultan y deliberan entre sí, y no decide de modo parcial y obstinado ‘solo esto es lo verdadero’, sino que suele juzgar y decidir con imparcialidad. Así se enseñan las clases de asamblea, divididas de dos en dos. (2) el medio de la asamblea.	
16886	03	R10	el ver una forma que tiene un augurio (*maṅgala*) excelente.	
50668	06	R10	el *maṅgala* (*diṭṭha*, *suta*, *muta*) que es motivo de excitación bulliciosa.	
61506	07	R10	el *Caṇḍālasutta*; el *sutta* que enseña, entre otras cosas, que la persona dotada de estos cinco estados —no tener *saddhā*, no tener *sīla*, creer en los *kotūhala* *maṅgalā*, creer en los *maṅgalā* y no creer en el *kamma*, y buscar fuera de esta *sāsana* a una persona noble digna de recibir ofrendas— se llama 'paria *upāsakā*'.	
68705	08	R10	el *maṅgalā* de la victoria.	
68706	08	R10	palabras que alaban el *maṅgalā* de la victoria.	
73374	08	R10	*maṅgala* firme / que se da.	
79862	09	R10	(1) estado que es causa de prosperidad / bienestar = *maṅgalā*. (2) el proteger / defender / guardar del peligro. (3) monte (llamado *tha*). Véase el original.	
80360	09	R10	palabras de *maṅgalā* = causa de prosperidad, relacionadas con el bendecir / el elogiar.	
83013	10	R10	el hacer dar / donar; (a) el hacer dar a la novia; el pedir la mano de una hija (*vivāha*-*maṅgalā*). (b) el hacer purificar / limpiar; el hacer responder a una pregunta = *pucchā*. (c) el hacer pagar el salario / jornal; el reclamar el salario / jornal. (d) el hacer pagar una multa en bienes; el imponer una multa en dinero. Véase [[dhanadaṇḍa]].	
83531	10	R10	el *maṅgalā* que es el *rūpārammaṇa* visto (un objeto considerado por convención causa de éxito / prosperidad).	
83532	10	R10	(1) que suele decir / considerar que el *rūpārammaṇa* visto es *maṅgalā* (causa de prosperidad). (2) persona llamada *diṭṭhamaṅgalika*. Véase el original.	
83565	10	R10	la causa de prosperidad *maṅgalā* que consiste en ver, oír o tocar (un objeto extraordinario); el creer / concebir que ver, oír o tocar (un objeto extraordinario) es causa de prosperidad.	
90882	11	R10	estado de *maṅgalā* de la ciudad (causa de su crecimiento y progreso); estado que es causa de que el pueblo de la ciudad prospere, se enriquezca y crezca.	
123627	16	R10	(neutro) (1) estado que es causa de crecer / prosperar; la excelencia; *maṅgalā*. (2) el *maṅgalā* que comienza por *dīṭṭhasuta*. (Ver objetos considerados buenos según la época se llama *diṭṭhamaṅgalā*. Oír sonidos considerados buenos se llama *sutamaṅgalā*. Experimentar olores, sabores y objetos tangibles considerados buenos se llama *mutamaṅgalā*.) (masculino) (3) el Buddha *maṅgala*. (4) el ermitaño *maṅgala*. (5) el brahmán *maṅgala*. (6) el joven *maṅgala*. (7) el esclavo *maṅgala*. (8) el palacio *maṅgala*. (9) el elefante *maṅgala*. (adjetivo) (10) que tiene *maṅgalā* (dicho de una persona). Véase [[maṅgalamahāpurisa]]. Véase el original.	
123628	16	R10	espada que tiene *maṅgalā*; espada de *maṅgalā*.	
123629	16	R10	caballo de *maṅgalā*.	
123630	16	R10	lugar de baño del caballo de *maṅgalā*.	
123631	16	R10	jardín de *maṅgalā*.	
123632	16	R10	toro de *maṅgalā*. Véase [[maṅgalaassa]].	
123633	16	R10	palabras que tienen *maṅgalā* / relacionadas con *maṅgalā*; palabras de *maṅgalā*.	
123634	16	R10	trabajo que tiene *maṅgalā*; asunto de *maṅgalā*.	
123635	16	R10	el hecho de desear para realizar *maṅgalā*; el desear realizar *maṅgalā*.	
123636	16	R10	el realizar *maṅgalā*.	
123637	16	R10	el lugar donde se realiza *maṅgalā*.	
123638	16	R10	que desea *maṅgalā*; que desea tener *maṅgalā* (dicho de una persona). Véase [[kāma]].	
123639	16	R10	el momento en que se realiza *maṅgalā*.	
123640	16	R10	asunto de *maṅgalā*; tarea que tiene *maṅgalā*.	
123641	16	R10	el realizar *maṅgalā*; el ofrecer en beneficio de tener *maṅgalā*.	
123642	16	R10	el día en que se realiza *maṅgalā*.	
123643	16	R10	joven de *maṅgalā* (el novio).	
123644	16	R10	el proclamar a voces con motivo de *maṅgalā*. Véase [[kolāhala]].	
123645	16	R10	espada de *maṅgalā*.	
123646	16	R10	*gāthā* que tiene *maṅgalā*; *gāthā* de *maṅgalā*.	
123647	16	R10	canción de *maṅgalā*.	
123648	16	R10	las virtudes y beneficios de *maṅgalā*. Véase [[maṅgalasampanna]].	
123649	16	R10	casa que tiene *maṅgalā*.	
123650	16	R10	el pensar en *maṅgalā*.	
123651	16	R10	fiesta que tiene *maṅgalā*.	
123652	16	R10	que tiene el significado de *maṅgalā*.	
123653	16	R10	el lugar donde se realiza *maṅgalā*.	
123654	16	R10	(1) el bienestar de *maṅgalā*. (adjetivo) (2) que tiene el bienestar de *maṅgalā* (asunto).	
123655	16	R10	que desea (algo) por medio de *maṅgalā* / que desea *maṅgalā* (dicho de una persona).	
123656	16	R10	poste de *maṅgalā*.	
123657	16	R10	poste de *maṅgalā*.	
123658	16	R10	estanque de *maṅgalā*.	
123659	16	R10	esclavo de *maṅgalā*.	
123660	16	R10	día en que se realiza *maṅgalā* / que tiene *maṅgalā*; día de *maṅgalā*.	
123661	16	R10	(a) la falta que es el *maṅgalā* (que comienza por *diṭṭha*, *suta*). (b) *maṅgalā* y falta; la falta de creer en el *maṅgalā* que comienza por *diṭṭha*, *suta*, en el tratado *uppāta* y demás. Véase [[maṅgaladosavippahīna]].	
123662	16	R10	que ha abandonado la falta que es el *maṅgalā* (que comienza por *diṭṭha*, *suta*); que ha abandonado *maṅgalā* y falta (dicho de una persona).	
123663	16	R10	que ha ido más allá de *maṅgalā* y falta (dicho de una persona).	
123664	16	R10	asterismo lunar que tiene *maṅgalā*.	
123665	16	R10	nombre que tiene *maṅgalā*.	
123666	16	R10	lugar al que se invita con motivo de *maṅgalā*.	
123668	16	R10	el peligro para el *maṅgalā* de la boda.	
123670	16	R10	la cuestión (controversia) del *maṅgalā*.	
123671	16	R10	el responder la cuestión del *maṅgalā*.	
123672	16	R10	la causa del surgimiento de la cuestión del *maṅgalā*.	
123673	16	R10	práctica de *maṅgalā*; práctica que es causa de prosperidad.	
123674	16	R10	relacionado con *maṅgalā*.	
123675	16	R10	el momento de anhelar *maṅgalā*.	
123676	16	R10	(a) *maṅgalādesanā*. (b) los sinónimos / equivalentes / palabras alternativas de *maṅgalā*.	
123677	16	R10	trono que tiene *maṅgalā*.	
123678	16	R10	arroz con leche de *maṅgalā*.	
123679	16	R10	palacio que tiene *maṅgalā*.	
123680	16	R10	la parte superior del muro del estanque real de *maṅgalā*. Véase [[matthaka]].	
123681	16	R10	estanque real de *maṅgalā*.	
123682	16	R10	orilla del estanque real de *maṅgalā*.	
123683	16	R10	orilla del estanque real de *maṅgalā*.	
123685	16	R10	arroz / comida de limosna de *maṅgalā*.	
123686	16	R10	tambor real de *maṅgalā*.	
123687	16	R10	joya de rubí que tiene *maṅgalā*.	
123688	16	R10	fiesta de *maṅgalā*.	
123690	16	R10	relacionado con *maṅgalā*. Véase [[maṅgalanakkhatta]].	
123691	16	R10	carro que tiene *maṅgalā*. Véase también [[phussaratha]].	
123692	16	R10	árbol de *maṅgalā*.	
123693	16	R10	palabras que tienen *maṅgalā*.	
123694	16	R10	sonido de alabanza con palabras que tienen *maṅgalā*.	
123695	16	R10	traje que tiene *maṅgalā*; traje de *maṅgalā*.	
123696	16	R10	jardín de *maṅgalā*.	
123697	16	R10	la plantación / la siembra de semillas que tiene *maṅgalā*.	
123698	16	R10	elefante real de *maṅgalā*.	
123699	16	R10	que mora en el lugar de *maṅgalā* (dicho de una persona).	
123700	16	R10	camino de *maṅgalā*.	
123701	16	R10	asociado con *maṅgalā*; que tiene *maṅgalā*.	
123702	16	R10	ave que tiene *maṅgalā*.	
123703	16	R10	lanza que tiene *maṅgalā*. (Se traduce concibiendo el significado *assatthi*, como en la palabra *sa* de *lomasapāṇaka* (*vi* *ṭṭha* 2111) y de *lomasanāgatthera* (*ma* *ṭṭha* 1.81). Considerando que en *thera* *ṭṭha* 2.325 aparece ‘*maṅgalāvudha*’, debería decir *maṅgalakunta* (lanza de *maṅgalā*).)	
123704	16	R10	la tarea a realizar para el *maṅgalā* de la boda.	
123705	16	R10	lanza de *maṅgalā*.	
123706	16	R10	dotado de *maṅgalā*.	
123707	16	R10	reputado como (causa de prosperidad) *maṅgalā*.	
123708	16	R10	la cercanía del árbol *sāla* de *maṅgalā*.	
123709	16	R10	la cercanía del árbol *sāla* de *maṅgalā*.	
123710	16	R10	bosque de *sāla* de *maṅgalā*.	
123711	16	R10	casa de *maṅgalā*; palacio real de *maṅgalā*.	
123712	16	R10	caballo del Sindh de *maṅgalā*.	
123713	16	R10	losa de piedra de *maṅgalā*.	
123714	16	R10	la superficie de la losa de piedra de *maṅgalā*.	
123715	16	R10	losa de piedra de *maṅgalā*.	
123720	16	R10	sueño que tiene *maṅgalā*.	
123721	16	R10	caballo de *maṅgalā*.	
123722	16	R10	linaje de elefantes de *maṅgalā*.	
123723	16	R10	cuidador del elefante de *maṅgalā*.	
123724	16	R10	el lugar del elefante real de *maṅgalā*; el establo del elefante de *maṅgalā*.	
123725	16	R10	la donación del elefante de *maṅgalā* (del elefante *paccaya*).	
123726	16	R10	lo alto del elefante real de *maṅgalā*.	
123727	16	R10	la casa del elefante real de *maṅgalā*; el establo del elefante de *maṅgalā*.	
123728	16	R10	(a) elefante que tiene *maṅgalā*; elefante de *maṅgalā*. Véase [[maṅgalaassa]]. Véase también [[maṅgala]] (9). (b) elefante nacido en el linaje *maṅgalā*.	
123729	16	R10	adornado con ornamentos que tienen *maṅgalā* (dicho de una persona).	
123730	16	R10	que tiene por nombre *maṅgalāvāsa* / monasterio de *maṅgalā*.	
123731	16	R10	arma que tiene *maṅgalā*.	
123732	16	R10	(1) asociado con palabras de *maṅgalā*; que dice palabras de *maṅgalā* (dicho de una persona).	
123734	16	R10	ladrillo que tiene *maṅgalā*.	
123735	16	R10	el recitar / el exponer la enseñanza de *maṅgalā*.	
123736	16	R10	jardín que tiene *maṅgalā*. Véase [[maṅgalamahāpurisa]].	
123737	16	R10	reputado como poseedor de *maṅgalā* (rubí).	
128240	16	R10	(1) gran *maṅgalā*.	
128241	16	R10	palabras excelsas sobre *maṅgalā*.	
134277	17	R10	(1) que tiene / abunda en séquito; que tiene un séquito abundante (dicho de una persona). (2) (a) (padre del Buddha *anomadassī*) el rey llamado *yasavā*. (b) (servidor del Buddha *sumedhā*) el *upāsaka* *yasavā*. (c) (del *bodhisatta* *maṅgala*) el palacio llamado *yasavā*.	
139668	18	R10	que tiene fortuna / *maṅgalā* (dicho de una persona). Véase el original.	
144346	18	R10	(1) que suele crecer / aumentar. (2) nombre propio: (a) la ciudad llamada *vaḍḍhamāna*. (b) la persona / el *thera* llamado *vaḍḍhamāna*. (c) el palacio llamado *vaḍḍhamāna*. (d) el lugar llamado *vaḍḍhamāna*. (e) el sonido *vaḍḍhamāna* (tenido por *maṅgalā*). Véase también [[vaḍḍhamānaka]].	
146073	18	R10	el *maṅgalā* del plantar / sembrar.	
146074	18	R10	el tiempo en que se celebra el *maṅgalā* del plantar / sembrar.	
146075	18	R10	el día en que se celebra el *maṅgalā* del plantar / sembrar.	
148487	19	R10	(1) el pedir (a la novia, para el novio); el casamiento. (a) *āvāhamaṅgalā*; *vivāhamaṅgalā*; el *maṅgalā* de tomar la hija; el *maṅgalā* de dar la hija. (b) *vivāhamaṅgalā*; el *maṅgalā* de dar la hija; el *maṅgalā* de la boda. (c) *āvāhamaṅgalā*; el *maṅgalā* de tomar la hija; el *maṅgalā* de la boda. (2) el hacer la fijación del día, la *nakkhatta* y la hora.	
148489	19	R10	el beneficio del *maṅgalā* de tomar la hija; el beneficio del *maṅgalā* de la boda.	
148490	19	R10	el día en que se celebra el *maṅgalā* de la boda.	
148762	19	R10	(1) que suele esforzar / llevar / producir. (neutro) (2) vehículo: (a) vehículo de elefante / caballo / carro. (b) carro / carreta / vehículo. (c) vehículo de elefante / caballo / búfalo / buey. (d) vehículo de ser humano / elefante / caballo. (3) asno (‹မြဲ›). (4) caballo. (5) el elefante blanco real (elefante de *maṅgalā*). (6) corriente (del agua del río). (7) el transportar. (8) el carro que es el cuerpo. (9) el hacer cruzar. (masculino) (10) el monje llamado *vāhana*. (11) el *Vāhanasutta*; el sutta que responde a la pregunta del monje *vāhana*. Véase [[vāhanaṭṭha]]. Véase [[vāhanavara]]. Véase también [[vāhī]] (1) (1). Véase [[veneyyasatthavāhanasamattha]].	
211433	14b	R10	(1) el *maṅgalā* excelente / causa de prosperidad. (adjetivo) (2) que tiene suma auspiciosidad / *maṅgalā*.	
126568	16	R11	ají; el fruto del ají.	
126569	16	R11	planta de ají.	
126570	16	R11	polvo de ají; polvo del fruto del ají.	
126571	16	R11	ají maduro.	
126572	16	R11	‹ငရုတ်တင်လဲ›; jugo espeso de ají.	
126579	16	R11	enredadera de ají.	
126640	16	R11	ají; el fruto del ají. Véase [[marica]].	
17345	03	R12	que fluye. (a) húmedo; lleno / extendido. (b) mucho / abundante / excesivo / intenso; en el que los tres humores, a saber, el humor del viento, el humor de la bilis y el humor de la flema, son muchos / abundantes / excesivos / intensos. (b) véase también *abhisannakāya*.	
17346	03	R12	que fluye. (a) húmedo; lleno / extendido. (b) mucho / abundante / excesivo / intenso; en el que los tres humores, a saber, el humor del viento, el humor de la bilis y el humor de la flema, son muchos / abundantes / excesivos / intensos. (b) véase también *abhisannakāya*.	
17347	03	R12	que tiene un cuerpo en el que los tres humores, a saber, el humor del viento, el humor de la bilis y el humor de la flema, son muchos / abundantes / excesivos / intensos (dicho de una persona). Véase también [[dosābhisanna]].	
29414	4a	R12	dolencia de viento del vientre que suele causar punzadas.	
35616	4b	R12	(1) el provocar náusea y vómito; el arte de provocar el vómito; el hacer salir hacia arriba, vomitando, los humores dañinos que son la flema, la bilis y el viento; el hacer salir vomitando / el arte. Véase el original.	
39621	4b	R12	que tiene una enfermedad del viento surgida (dicho de una persona).	
40933	4b	R12	que tiene los humores llamados flema, bilis y viento abundantes / acumulados y asentados (dicho de una persona).	
47212	05	R12	la naturaleza formada / dispuesta / producida por el cuerpo. (1) la espiración y la inspiración, que son el *saṅkhāra* que es resultado del cuerpo. (Se llama viento de la espiración y la inspiración al *cittajavāyodhātu* que es consecuencia del *karajakāya*, llamado *catusamuṭṭhānikarūpa*.) (2) la *cetanā* que surge desde / en el *kāyadvāra*. (Se refiere a la *cetanā* asociada con los 20 *kāmāvacara* sanos e insanos que surgen en el *kāyadvāra*.) Véase el original.	
63933	07	R12	el viento que surge a causa de la mente; viento *cittaja*; *cittajavāyodhātu*.	
77473	09	R12	el sutta *tikicchaka*; el sutta enseñado tomando como símil el purgante de los médicos; el sutta en que se enseña a los monjes: "Monjes, el purgante que los médicos dan / administran para curar las enfermedades producidas por la bilis, la flema y el viento a veces surte efecto y a veces no; en cambio, el purgante que es la noble Enseñanza —por la cual quien tiene visión correcta puede abandonar y expulsar la visión errónea; quien tiene pensamiento correcto, el pensamiento erróneo; quien tiene habla correcta, el habla errónea; quien tiene acción correcta, la acción errónea; sustento correcto; quien tiene esfuerzo correcto, el esfuerzo erróneo; quien tiene rememoración correcta, la rememoración errónea; quien tiene concentración correcta, la concentración errónea; quien tiene conocimiento correcto, el conocimiento erróneo; quien tiene liberación correcta, la liberación errónea—, y que suele abandonar y expulsar la falta (*dosa*), puede liberar del tomar *paṭisandhi*, de la vejez, de la muerte, de la pena, del llanto y el lamento, del sufrimiento corporal, del sufrimiento mental y del agotamiento intenso".	
87392	10	R12	(1) el enojarse; el enfadarse; el odiar; el hacer perecer / destruir; el estado que suele / es causa de hacer perecer / destruir; la ira '*dosa*'; *dosacetasika*. (2) el estado que suele / es causa de agraviar; el agraviar; la falta. (3) la falta / impureza (flema, bilis, viento y demás). (4) el estado que suele causar fatiga / sufrimiento. (5) la censura. Véanse [[dosaṭṭha]], [[dosattha]]. (6) la palabra *dosa*. Véase [[dosavisesana]]. (7) la noche; el tiempo nocturno. (adjetivo) (c) que suele hacer perecer / destruir / agraviar; que tiene ira '*dosa*' (dicho de una persona). Véase el original.	
87436	10	R12	el conjunto de las 3 faltas (que son flema, bilis, viento).	
87454	10	R12	el elemento *dosa*; la naturaleza de la falta (que es flema, bilis, viento).	
87475	10	R12	la falta (flema, bilis, viento) que suele hacer perecer / destruir.	
87476	10	R12	la falta (flema, bilis, viento) que suele hacer perecer / destruir.	
87587	10	R12	que tiene abundante falta (flema, bilis, viento).	
89966	11	R12	apropiado para / conforme con el *dhātu* (a saber, flema, bilis, viento) y el *carita* (a saber, *mohacarita*, *dosacarita*, *rāgacarita*).	
89979	11	R12	que tiene como causa la falta, el trastorno (*dosa*), a saber, *pathavī* / *dhātu*, flema, viento.	
147690	19	R12	(1) viento. (2) (a) viento con polvo, viento sin polvo, etc. (b) vientos que vienen de las cuatro direcciones. (c) viento fuerte / violento. (d) el viento que destruye el mundo. (e) el viento de 960.000 *yojana* de espesor. (f) el gran viento llamado *verambha*. (g) apoplejía. (h) viento *kammaja* (viento que surge a causa del *kamma*). (i) viento que surge en el vientre. (j) viento que surge en el vientre, viento que surge en la espalda, etc. (k) el aire de la inspiración, de la espiración. (l) viento que sube hacia arriba. (m) viento que suele producir la locura. (3) sonido; tono de voz; sonido tenue. (4) (a) enfermedad del viento. (b) la agitación del viento. (neutro) (5) el sutta *vāta* (2 suttas).	
147692	19	R12	el pinchar y afligir hecho por el viento.	
147696	19	R12	masa / conjunto de viento.	
147697	19	R12	arrojado / azotado por el viento / el ímpetu del viento.	
147698	19	R12	gota de lluvia arrojada / azotada por el viento / el ímpetu del viento.	
147699	19	R12	sacudido / agitado por el viento.	
147700	19	R12	la causa que es la agitación del viento.	
147701	19	R12	el ir / el modo del viento; ímpetu rápido como el viento.	
147702	19	R12	que suele tomar el viento.	
147704	19	R12	caballo *sindho* capaz de ir y venir como el viento; caballo *vātaggasindho*.	
147705	19	R12	el tomar el viento.	
147706	19	R12	que suele tomar el viento.	
147712	19	R12	cortado por el viento / roto a causa del viento.	
147713	19	R12	nube de lluvia cortada por el viento / rota a causa del viento.	
147715	19	R12	tocado por el viento.	
147716	19	R12	sonido cortado por el viento / roto a causa del viento.	
147717	19	R12	producido por el viento.	
147718	19	R12	el impulso / ímpetu del viento. Véase [[vātajavappahārī]].	
147719	19	R12	que tiene impulso / ímpetu semejante al impulso / ímpetu del viento.	
147720	19	R12	que suele / es apto para golpear / abatir / matar (a los enemigos) yendo con el ímpetu del viento / con un ímpetu veloz como el viento (dicho de una persona).	
147721	19	R12	caballo *sindho* veloz como el viento (caballo *sindho* que tiene impulso / ímpetu semejante al ímpetu del viento).	
147725	19	R12	abundante / rico en elemento viento; que tiene mucho elemento viento (dicho de una persona).	
147726	19	R12	la corriente del viento (brisa, viento suave).	
147727	19	R12	agitado / azotado por el viento / la brisa suave.	
147728	19	R12	que tiene como causa el viento.	
147729	19	R12	que suele contener / tapar el viento. Véase [[vātadhātuka]].	
147730	19	R12	estandarte / bandera que suele tomar el viento.	
147731	19	R12	caído a causa del viento.	
147732	19	R12	libre del peligro del viento; sin peligro del viento.	
147733	19	R12	azotado por el viento.	
147734	19	R12	el momento en que sopla el viento; el tiempo / momento / ocasión en que sopla el viento.	
147735	19	R12	el momento en que sopla el viento; el tiempo / momento / ocasión en que sopla el viento.	
147737	19	R12	el soplar / azotar del viento.	
147738	19	R12	el soplar / azotar del viento.	
147761	19	R12	el viento que entra / viene desde la puerta aireada / ventana aireada.	
147763	19	R12	lleno de viento.	
147765	19	R12	flor de viento; flor / flor abierta sin fruto / vana como el viento.	
147766	19	R12	semejante a la flor de viento; semejante a la flor / flor abierta sin fruto, vana como el viento.	
147768	19	R12	lleno de viento.	
147771	19	R12	el entrar del viento.	
147773	19	R12	abertura de entrada del viento; orificio / hueco por donde entra el viento.	
147774	19	R12	azotado por un viento fuerte; azotado violentamente por el viento.	
147775	19	R12	la enfermedad del viento.	
147776	19	R12	(a) que suele comer solo viento. (b) que tiene el viento como alimento.	
147777	19	R12	lleno de viento.	
147779	19	R12	que teme al viento (dicho de una persona).	
147780	19	R12	medicina para el viento; medicina que suele curar la enfermedad del viento.	
147781	19	R12	remolino (viento que sopla con ímpetu girando en forma de embudo).	
147785	19	R12	(1) boca de la abertura del viento; boca del viento. (2) camino del viento; curso del viento; camino por donde viene el viento.	
147786	19	R12	el limpiar / despejar / aclarar el camino / curso del viento.	
147787	19	R12	masa / conjunto de viento.	
147788	19	R12	enfermedad del viento; dolencia del viento; mal del viento.	
147789	19	R12	conducido / afligido por la enfermedad del viento / dolencia del viento / mal del viento (dicho de una persona).	
147790	19	R12	semejante al viento; que se parece engañosamente al viento; imitación del viento; viento falso.	
147791	19	R12	*devaputta* del viento; el *deva* *vātahalāhaka*; el *deva* que suele producir y traer el viento. Véase también [[sītavalāhakā]].	
147793	19	R12	el soplar del viento. Véase la entrada siguiente.	
147794	19	R12	la causa del soplar del viento.	
147795	19	R12	la alteración / el cambio del viento.	
147796	19	R12	el estar libre de viento / no haber viento / no soplar el viento.	
147797	19	R12	que suele destruir / eliminar / hacer perecer / apaciguar el viento.	
147798	19	R12	el lugar donde el viento está ausente / no hay viento / no sopla el viento.	
147800	19	R12	(1) el levantarse / alzarse / soplar del viento. (2) masa / conjunto de viento; tormenta de viento. (3) lluvia que cae con viento; el llover con viento.	
147801	19	R12	producido por la lluvia que cae con viento.	
147802	19	R12	el día en que llueve con viento.	
147803	19	R12	el impulso / ímpetu de la lluvia que cae con viento.	
147804	19	R12	el momento en que cae / llueve la lluvia con viento; el momento en que se levanta un viento fuerte (con polvo) y cae la lluvia.	
147805	19	R12	el poder producir la masa / el ímpetu del viento.	
147806	19	R12	(1) el impulso / ímpetu del viento. (2) el soplar del viento.	
147807	19	R12	que tiene un conjunto de olas bien surgidas a causa del ímpetu del viento (el soplar del viento).	
147808	19	R12	el azotar violentamente con / por el ímpetu del viento.	
147809	19	R12	levantado / lanzado / alzado por el ímpetu del viento.	
147811	19	R12	conjunto / masa de viento.	
147812	19	R12	semejante al viento.	
147813	19	R12	sonido del viento; sonido del soplar del viento.	
147814	19	R12	el contener / bloquear / reprimir el viento.	
147815	19	R12	(1) semejante al viento (dicho de una persona). (masculino) (2) el rey *cakkavatti* *vātasama*.	
147816	19	R12	caballo que va veloz como el viento; caballo que tiene el ir / la rapidez semejante al viento.	
147817	19	R12	que tiene el viento como causa; (enfermedad) producida por el viento.	
147818	19	R12	agitado por el viento; azotado / llevado por el viento.	
147819	19	R12	el tocar del viento; el contacto del viento.	
147820	19	R12	tocado / alcanzado por el viento.	
147821	19	R12	(*verambha*) el brote / la punta del viento.	
147822	19	R12	caído a causa del soplar del viento.	
147823	19	R12	que suele eliminar / expulsar el viento / la enfermedad del viento.	
147824	19	R12	hoja de árbol capaz de eliminar / expulsar el viento / la enfermedad del viento (hojas de ‹ငု› y demás).	
147825	19	R12	la causa que es el viento.	
147834	19	R12	(1) enfermedad del viento, epilepsia. (2) epilepsia que tiene el viento como causa. Véase la entrada siguiente.	
147838	19	R12	mal del viento; enfermedad del viento.	
147839	19	R12	el tratar / curar el mal del viento / la enfermedad del viento.	
147840	19	R12	el hacer apaciguar / curar el mal del viento.	
147841	19	R12	que tiene / está afectado / aquejado por el mal del viento (dicho de una persona).	
147850	19	R12	(medicina) digna / conveniente / adecuada para el mal del viento.	
147854	19	R12	(1) que tiene mal del viento / enfermedad del viento (dicho de una persona). (masculino) (2) mal del viento; enfermedad del viento.	
148154	19	R12	(1) viento; el *vāyodhātu*. (2) el *deva* llamado *vāya*; el *deva* surgido tras hacer el *parikamma* sobre el *vāyokasiṇa*.	
148169	19	R12	el viento que suele ir sin cesar / soplar / exhalar / difundir (olores); el *vāyodhātu*.	
148301	19	R12	el sostener por medio del viento / *vāyodhātu* (*cittaja*).	
148303	19	R12	que tiene exceso del elemento viento, del elemento tierra y del elemento agua.	
148316	19	R12	en que abunda el viento / *vāyodhātu*; que tiene mucho viento / *vāyodhātu*.	
148324	19	R12	(1) el elemento *vāyo* / viento; el conjunto de los elementos *vāyo* / viento. Véase también [[pathavikāya]].	
148325	19	R12	la porción, el grupo de los elementos *vāyo* / viento.	
148328	19	R12	*vāyodhātu*; el elemento viento; la naturaleza que suele sostener / moverse.	
