id	iast	burmese	es	en	flag
60690	ca	ဤစသဒ္ဒါသည် (၁) ပုဒ်၏အနက်ကို ထွန်းပြသော စ၊ (၂) ဝါကျ၏ အနက်ကို ထွန်းပြသော စ-ဟု ၂-မျိုးရှိသည်။ မူရင်းကြည့်ပါ။	esta palabra *ca* es de 2 clases: (1) el *ca* que muestra el significado de una palabra; (2) el *ca* que muestra el significado de una oración. Véase el original.	this word *ca* is of 2 kinds: (1) the *ca* that shows the meaning of a word; (2) the *ca* that shows the meaning of a sentence. See the original.	editor's note 'see the original' (မူရင်းကြည့်ပါ) in the source
60694	cakora	စကောရငှက်၊ စင်ရော်ငှက်။	el ave *cakora*; gaviota (‹စင်ရော်ငှက်›).	the *cakora* bird; gull (‹စင်ရော်ငှက်›).	bird names: cakora is usually the chukar partridge; စင်ရော်ငှက် tentatively 'gull'
60695	cakka	(၁) ဘီး၊ စက်ဘီး၊ လှည့်ဘီး၊ ရထားဘီး။ (၂) စက်လက္ခဏာ။ (က) မြတ်စွာဘုရား၏ ခြေဖဝါးတော်၌ ထင်ရှားရှိသော ၁၀၈-ကွက် စက်လက္ခဏာတော်။ (ခ) မြတ်စွာဘုရား၏ ခြေတော်ရာ၌ ထင်သော ၁၀၈-ကွက်စက်လက္ခဏာတော်၊ ခြေတော်ရာစက်လက္ခဏာ။ (၃) အာဏာစက်။ (၄) ဓမ္မစက်။ (၅) သင်တုန်းစက်။ (၆) ဣရိယာပထစက်၊ ဣရိယာပုထ် ၄-ပါးဟူသောစက်။ (၇) သမ္ပတ္တိစက်၊ ပတိရူပဒေသဝါသ,သပ္ပုရိသူပနိဿယ,အတ္တသမ္မာပဏိဓိ,ပုဗ္ဗေကတပုညတာ-ဟူသော သမ္ပတ္တိစက်။ (ဂ) စကြာရတနာ၊ စကြဝတေးမင်းတို့၏ အသုံးအဆောင် ဖြစ်သောယာဉ်။ (၉) စက်ဝန်း၊ စက်ဝိုင်း၊ အဝန်းအဝိုင်း၊ ဝန်းဝိုင်းသောအရာ။ (၁၀) စစ်တပ်၊ စစ်သည်၊ စစ်သား။ (၁၁) အား၊ အစွမ်း။ (၁၂) စက်လက်နက်၊ လက်နက်စကြာ၊ ဝန်းဝိုင်းသော အခြင်းအရာအားဖြင့် ပြုအပ်သော လက်နက်အထူး။ (၁၃) စက်၊ စက်ယန္တရား။ (က) အိုးထိန်းစက်၊ အိုးလုပ်သောစက်၊ အိုးစက်။ (ခ) ဆီကြိတ်စက်၊ ဆီစက်။ (၁၄) ဒါန။ (က) စွန့်ကြဲ-ပေးကမ်း-လှူဒါန်း-ခြင်း။ (ခ) စွန့်ကြဲ-ပေးကမ်း-လှူဒါန်း-ဖွယ်ဖြစ်သော ဝတ္ထုပစ္စည်း။ (၁၅) အပေါင်း၊ အစု။ (၁၆) စက်၊ စက်လှည့်ခြင်း၊ တရားတစ်မျိုးကို မူတည်၍ အခြားတရားများကို မူလီသွတ်ကာလှည့်၍-ဟော-ဆို-ညွှန်-ပြ-ခြင်း။ (၁၇) ယာဉ်၊ ဆင်,မြင်း,လှည်း,ရထားစသောယာဉ်။ (၁၈) စကြာ၊ ကစားစရာစကြာ။ (၁၉) စကြဝတေးမင်းတို့၏ ကျင့်ဝတ်တရား။ (၂၀) သာသနာ။ (၂၁) စက္ကဝက်ငှက်။	(1) rueda; rueda de disco; rueda giratoria; rueda de carroza. (2) el signo de la rueda. (a) el signo de la rueda de 108 divisiones, manifiesto en la planta del pie del Buddha. (b) el signo de la rueda de 108 divisiones que aparece en la huella del pie del Buddha; el signo de la rueda de la huella. (3) la rueda de la autoridad. (4) *dhammacakka*. (5) la rueda de navajas. (6) la rueda de las posturas (*iriyāpatha*); la rueda que son las 4 posturas (*iriyāpatha*). (7) la rueda de las *sampatti*; la rueda de las *sampatti* que son *patirūpadesavāsa*, *sappurisūpanissaya*, *attasammāpaṇidhi*, *pubbekatapuññatā*. (8) la joya de la rueda; el vehículo que es parte del equipo de los reyes *cakkavatti*. (9) círculo; disco; redondez; cosa redonda. (10) ejército; guerrero; soldado. (11) fuerza; poder. (12) arma de disco; disco arrojadizo; arma especial hecha en forma redonda. (13) máquina; mecanismo. (a) torno de alfarero; máquina para hacer vasijas; torno. (b) prensa de aceite; molino de aceite. (14) *dāna*. (a) el desprenderse / dar / ofrendar. (b) el bien material que se ha de desprender / dar / ofrendar. (15) conjunto; grupo. (16) rueda; el hacer girar la rueda; el enseñar / decir / indicar / mostrar tomando como base una enseñanza y haciendo girar las demás enseñanzas como insertadas en un eje. (17) vehículo; vehículo como el elefante, el caballo, el carro, la carroza y demás. (18) disco; disco de juguete. (19) las normas de conducta de los reyes *cakkavatti*. (20) *sāsanā*. (21) tarro canelo (el ave *cakkavāka*).	(1) wheel; disc wheel; turning wheel; chariot wheel. (2) the wheel mark. (a) the wheel mark of 108 divisions, manifest on the sole of the Buddha's foot. (b) the wheel mark of 108 divisions appearing in the Buddha's footprint; the footprint wheel mark. (3) the wheel of authority. (4) *dhammacakka*. (5) the razor wheel. (6) the wheel of the postures (*iriyāpatha*); the wheel that is the 4 postures (*iriyāpatha*). (7) the wheel of the *sampatti*; the wheel of the *sampatti*, namely *patirūpadesavāsa*, *sappurisūpanissaya*, *attasammāpaṇidhi*, *pubbekatapuññatā*. (8) the wheel treasure; the vehicle that is part of the equipment of the *cakkavatti* kings. (9) circle; disc; roundness; a round thing. (10) army; warrior; soldier. (11) strength; power. (12) discus weapon; throwing disc; a special weapon made in round form. (13) machine; mechanism. (a) potter's wheel; machine for making pots; wheel. (b) oil press; oil mill. (14) *dāna*. (a) the relinquishing / giving / offering. (b) the material thing to be relinquished / given / offered. (15) collection; group. (16) wheel; the turning of the wheel; the teaching / saying / pointing out / showing, taking one teaching as the base and turning the other teachings as though fitted on an axle. (17) vehicle; vehicle such as elephant, horse, cart, chariot and so on. (18) disc; toy disc. (19) the rules of conduct of the *cakkavatti* kings. (20) *sāsanā*. (21) ruddy shelduck (the *cakkavāka* bird).	sense (8) is numbered (ဂ) in the source, rendered (8); sense (16) 'မူလီသွတ်ကာလှည့်၍' (as fitted on a pin/axle) is uncertain
60700	cakkaṅga	ဟင်္သာ။	*haṅsā*.	*haṅsā*.	bird name ဟင်္သာ (haṁsa: goose / swan) left in Pāḷi
60710	cakkana	စက္ကနမည်သောသူ။ မူရင်းကြည့်ပါ။	persona llamada *cakkana*. Véase el original.	a person named *cakkana*. See the original.	editor's note 'see the original' (မူရင်းကြည့်ပါ) in the source
60724	cakkapāṇi	လက်၌ စက်လက်နက် ရှိသောသူ၊ စက်လက်နက်စွဲကိုင်သောသူ၊ ဗိသဏိုးနတ်။	el que tiene en la mano un arma de disco; el que empuña un arma de disco; el *deva* *Viṣṇu*.	one who has a discus weapon in his hand; one who wields a discus weapon; the *deva* *Viṣṇu*.	ဗိသဏိုး romanised as Viṣṇu (Pāḷi Veṇhu); check romanisation
60738	cakkamaddaka	ပွေးနာကို ဖျက်ဆီးတတ်သောအပင်၊ ဒန့်ကျွဲပင်။	planta que suele destruir la tiña; la planta ‹ဒန့်ကျွဲ› (¿Cassia tora?).	a plant apt to destroy ringworm; the ‹ဒန့်ကျွဲ› plant (Cassia tora?).	plant ဒန့်ကျွဲ tentatively identified as Cassia tora
60762	cakkaratanānubhāvanibbatti	စကြာရတနာဋ္ဌ-အစွမ်း-တန်ခိုး-အာနုဘော်-၏ဖြစ်ခြင်း။	el surgir de la capacidad / el poder / la majestad de la joya de la rueda.	the arising of the strength / power / majesty of the wheel treasure.	source reads စကြာရတနာဋ္ဌ, apparently a typo for စကြာရတနာ၏
60777	cakkalabandhakiṭika	ဘီးဖြင့်ဖွဲ့အပ်သော-ဘီးတပ်သော-ကဲလား-တံခါးရွက်။ «S1»	‹ကဲလား› / hoja de puerta atada con ruedas / provista de ruedas. Véase [[cakkalayutta]].	‹ကဲလား› / door leaf bound with wheels / fitted with wheels. See [[cakkalayutta]].	ကဲလား unclear (a lattice or shutter?), left in Burmese
60850	cakkavattī	(၁) စကြဝတေးမင်း။ စကြာမင်း။ (၂) စကြဝတေးမင်း၏အဖြစ် (ဘာဝပ္ပဓာန)။ «S1» မူရင်းကြည့်ပါ။	(1) el rey *cakkavatti*. El rey de la rueda. (2) el hecho de ser rey *cakkavatti* (*bhāvappadhāna*). Véase [[cakkavattisaṁvattaniyakamma]]. Véase el original.	(1) the *cakkavatti* king. The wheel king. (2) the state of being a *cakkavatti* king (*bhāvappadhāna*). See [[cakkavattisaṁvattaniyakamma]]. See the original.	editor's note 'see the original' (မူရင်းကြည့်ပါ) in the source
60864	cakkavāl̤a	စကြဝဠာ၊ စကြဝဠာတိုက်၊ လောကဓာတ်။ မူရင်းကြည့်ပါ။	*cakkavāḷa*; el sistema del *cakkavāḷa*; *lokadhātu*. Véase el original.	*cakkavāḷa*; the *cakkavāḷa* system; *lokadhātu*. See the original.	editor's note 'see the original' (မူရင်းကြည့်ပါ) in the source
61002	cakkhāyatanacakkhudhātumūlaka	စက္ခာယတန စက္ခုဓာတ်ဟူသော-အရင်း-မူလ-ရှိသော၊	que tiene como raíz / origen el *cakkhāyatana*, el *cakkhudhātu*.	having as root / origin the *cakkhāyatana*, the *cakkhudhātu*.	definition ends with ၊ instead of ။; possibly truncated
61115	cakkhupākaroga	မျက်စိကို-ကျက်စေတတ်-ချက်တတ်-သော ရောဂါ၊ မျက်စိ-စူး-ကျိန်း-စပ်-သော ရောဂါ။ (မျက်ခမ်းစပ်ရောဂါ)။	enfermedad que suele cocer / abrasar el ojo; enfermedad en que el ojo punza / escuece / arde. (enfermedad de inflamación del borde de los párpados).	a disease apt to cook / burn the eye; a disease in which the eye stings / smarts / burns. (inflammation of the eyelid margins).	မျက်ခမ်းစပ်ရောဂါ tentatively 'inflammation of the eyelid margins'
61117	cakkhupālatthera	စက္ခုပါလထေရ်။ မူရင်းကြည့်ပါ။	el *thera* *cakkhupāla*. Véase el original.	the *thera* *cakkhupāla*. See the original.	editor's note 'see the original' (မူရင်းကြည့်ပါ) in the source
61126	cakkhubījādinibbattaka	စက္ခုပသာဒအစရှိသည်,မျိုးစေ့အစရှိသည်ဟု ဆိုအပ်သော ဖြစ်စေတတ်သော (အကြောင်း)။ «S1»	(la causa) que suele producir, llamada *cakkhupasāda* y demás, semilla y demás. Véase también [[cakkhādibījādi]].	(the cause) apt to produce, called the *cakkhupasāda* and so on, the seed and so on. See also [[cakkhādibījādi]].	sense unclear: 'called cakkhupasāda etc., seed etc.' may name what is produced rather than the cause
61136	cakkhumantu	(၁) မျက်စိရှိသော၊ မျက်စိနှင့်ပြည့်စုံသော၊ ပြည့်စုံ-စင်ကြယ်-သန့်ရှင်း-သော မျက်စိရှိသော၊ သူ။ (၂) ဉာဏ်-ပညာ-မျက်စိရှိသော၊ ဉာဏ်-ပညာ-မျက်စိနှင့်ပြည့်စုံသော၊ သူ။ (က) သဗ္ဗညုတဉာဏ်မျက်စိ ရှိသော၊ သဗ္ဗညုတဉာဏ်မျက်စိနှင့်ပြည့်စုံသော၊ ဘုရား။ (ခ) မဂ်ပညာမျက်စိရှိသော၊ မဂ်ပညာမျက်စိနှင့်ပြည့်စုံသော၊ သူ။ (၃) မျက်စိ ၂-ပါးရှိသော၊ မျက်စိ ၂-ပါးနှင့်ပြည့်စုံသော၊ သူ။ (က) (မံသစက္ခု,ပညာစက္ခုဟူသော) မျက်စိ ၂-ပါးရှိသော၊ သူ။ (ခ) (ပညာစက္ခု,ဓမ္မစက္ခုဟူသော) မျက်စိ ၂-ပါးရှိသော၊ သူ။ (၄) မျက်စိ ၅-ပါးရှိသော၊ မျက်စိ ၅-ပါးနှင့်ပြည့်စုံသော၊ ဘုရား။ (က) (ပကတိ=မံသ,ဒိဗ္ဗ,ပညာ,သမန္တ,ဗုဒ္ဓစက္ခုဟူသော) မျက်စိ ၅-ပါးရှိသော။ (ခ) (ဗုဒ္ဓ,ဓမ္မ,ဒိဗ္ဗ,မံသ,သမန္တစက္ခုဟူသော) မျက်စိ ၅-ပါရှိသော။ (ဂ) (မံသ,ဒိဗ္ဗ,ဓမ္မ,ပညာ,သမန္တစက္ခုဟူသော) မျက်စိ ၅-ပါးရှိသော။ (ဃ) (ဗုဒ္ဓ,ဓမ္မ,ဒိဗ္ဗ,ပညာ,သမန္တစက္ခုဟူသော) မျက်စိ ၅-ပါးရှိသော။ (၅) မျက်စိရှိသော နေ။	(1) que tiene ojos; dotado de ojos; que tiene ojos completos / limpios / puros (dicho de una persona). (2) que tiene el ojo del conocimiento / de *paññā*; dotado del ojo del conocimiento / de *paññā* (dicho de una persona). (a) que tiene el ojo del *sabbaññutañāṇa*; dotado del ojo del *sabbaññutañāṇa* (dicho del Buddha). (b) que tiene el ojo de la *paññā* del *magga*; dotado del ojo de la *paññā* del *magga* (dicho de una persona). (3) que tiene 2 ojos; dotado de 2 ojos (dicho de una persona). (a) que tiene los 2 ojos (llamados *maṁsacakkhu*, *paññācakkhu*) (dicho de una persona). (b) que tiene los 2 ojos (llamados *paññācakkhu*, *dhammacakkhu*) (dicho de una persona). (4) que tiene 5 ojos; dotado de 5 ojos (dicho del Buddha). (a) que tiene los 5 ojos (llamados *pakati* = *maṁsa*, *dibba*, *paññā*, *samanta*, *buddhacakkhu*). (b) que tiene los 5 ojos (llamados *buddha*, *dhamma*, *dibba*, *maṁsa*, *samantacakkhu*). (c) que tiene los 5 ojos (llamados *maṁsa*, *dibba*, *dhamma*, *paññā*, *samantacakkhu*). (d) que tiene los 5 ojos (llamados *buddha*, *dhamma*, *dibba*, *paññā*, *samantacakkhu*). (5) el sol, que tiene ojo.	(1) having eyes; endowed with eyes; having eyes that are complete / clean / pure (said of a person). (2) having the eye of knowledge / of *paññā*; endowed with the eye of knowledge / of *paññā* (said of a person). (a) having the eye of the *sabbaññutañāṇa*; endowed with the eye of the *sabbaññutañāṇa* (said of the Buddha). (b) having the eye of the *paññā* of the *magga*; endowed with the eye of the *paññā* of the *magga* (said of a person). (3) having 2 eyes; endowed with 2 eyes (said of a person). (a) having the 2 eyes (called *maṁsacakkhu*, *paññācakkhu*) (said of a person). (b) having the 2 eyes (called *paññācakkhu*, *dhammacakkhu*) (said of a person). (4) having 5 eyes; endowed with 5 eyes (said of the Buddha). (a) having the 5 eyes (called *pakati* = *maṁsa*, *dibba*, *paññā*, *samanta*, *buddhacakkhu*). (b) having the 5 eyes (called *buddha*, *dhamma*, *dibba*, *maṁsa*, *samantacakkhu*). (c) having the 5 eyes (called *maṁsa*, *dibba*, *dhamma*, *paññā*, *samantacakkhu*). (d) having the 5 eyes (called *buddha*, *dhamma*, *dibba*, *paññā*, *samantacakkhu*). (5) the sun, which has an eye.	sense (4)(b) reads ၅-ပါ for ၅-ပါး (typo); sense (5) မျက်စိရှိသော နေ read as 'the sun, which has an eye'
61162	cakkhulakkhaṇa	စက္ခုပသာဒ၏လက္ခဏာ၊ စက္ခုပသာဒ-၏-၌ (ရူပါရုံ-၌-၏-ရှေးရှူထိခိုက်ခြင်းငှါ ထိုက်သော မဟာဘုတ်တို့ကို ကြည်စေခြင်းဟူသော) မှတ်ကြောင်း-မှတ်အပ်သော-လက္ခဏာ။	la *lakkhaṇā* del *cakkhupasāda*; la señal / lo que ha de ser notado / la *lakkhaṇā* del / en el *cakkhupasāda* (que consiste en hacer claros los *mahābhūta* aptos para chocar de frente en / con el *rūpārammaṇa*).	the *lakkhaṇā* of the *cakkhupasāda*; the mark / what is to be noted / the *lakkhaṇā* of / in the *cakkhupasāda* (namely, the making clear of the *mahābhūta* fit for striking face-on at / with the *rūpārammaṇa*).	hyphenated alternatives here are case endings (၏-၌, ၌-၏), rendered de / en, of / in
61169	cakkhuvikalakāla	မျက်စိ-ချို့တဲ့-ကန်း-ကွယ်-သော အခါ၊	el momento en que los ojos son deficientes / ciegos / sin vista.	the time when the eyes are defective / blind / sightless.	source ends with ၊, not ။; possibly truncated
61207	cakkhuviññāṇādigahita	စက္ခဝိညာဉ်အစရှိသည်တို့သည် ယူအပ်သော။	tomado por el *cakkhuviññāṇa* y demás.	taken by the *cakkhuviññāṇa* and so on.	source spells စက္ခဝိညာဉ် (for စက္ခုဝိညာဉ်)
61224	cakkhuviññāṇābhisambhūta	စက္ခုဝိညာဉ်ဖြင့်-အစုအပုံပြုအပ်-မြင်အပ်-သော။	acumulado / visto mediante el *cakkhuviññāṇa*.	accumulated / seen by means of the *cakkhuviññāṇa*.	two unlike alternatives (အစုအပုံပြုအပ် 'made a heap', မြင်အပ် 'seen'); check
61232	cakkhuviññeyya	(၁) စက္ခုဝိညာဉ်ဖြင့်-သိ-မြင်-အပ်သော၊ စက္ခုဝိညာဉ်ဖြင့် သိခြင်းငှါ စွမ်းနိုင်သော။ (၂) စက္ခုဝိညာဉ်,ထိုစက္ခုဒွါရ၌ဖြစ်သော ဝိညာဉ်တို့ဖြင့်-သိ-မြင်-အပ်သော။ (၃) စက္ခုဒွါရသို့ အစဉ်လိုက်၍ အောက်မေ့သဖြင့် သိအပ်သော။ (၄) (သဒ္ဒပဒတ္ထကဖြစ်သော) စက္ခုဝိညေယျသဒ္ဒါ။	(1) que ha de ser conocido / visto mediante el *cakkhuviññāṇa*; capaz de ser conocido mediante el *cakkhuviññāṇa*. (2) que ha de ser conocido / visto mediante el *cakkhuviññāṇa* y los *viññāṇa* que surgen en esa *cakkhudvāra*. (3) que ha de ser conocido al recordarlo siguiendo en orden a la *cakkhudvāra*. (4) la palabra *cakkhuviññeyya* (que es *saddapadatthaka*).	(1) to be known / seen by means of the *cakkhuviññāṇa*; able to be known by means of the *cakkhuviññāṇa*. (2) to be known / seen by means of the *cakkhuviññāṇa* and the *viññāṇa* that arise at that *cakkhudvāra*. (3) to be known by recollecting it following in sequence upon the *cakkhudvāra*. (4) the word *cakkhuviññeyya* (which is *saddapadatthaka*).	sense (1) second clause: Burmese says 'able to know' (သိခြင်းငှါ စွမ်းနိုင်သော), rendered as 'able to be known'; sense (3) wording obscure
61242	cakkhuvisayātīta	မျက်စိအရာကိုလွန်သော၊ မျက်စိဖြစ်ရာအရပ်ကိုလွန်သော၊ မျက်စိမြင်လောက်ရာ အရပ်ကိုလွန်သော၊ မျက်စိမြင်လောက်ရာအရပ်ကို လွန်သော၊ မျက်စိပိုင်နက်ကို လွန်သော။	que va más allá del dominio del ojo; que va más allá del lugar donde se ejerce el ojo; que va más allá del lugar al que alcanza la vista; que va más allá del lugar al que alcanza la vista; que va más allá del territorio del ojo.	that passes beyond the domain of the eye; that passes beyond the place where the eye operates; that passes beyond the place as far as the eye can see; that passes beyond the place as far as the eye can see; that passes beyond the territory of the eye.	the fourth clause repeats the third in the source
61274	cakkhusamphassa	စက္ခုသမ္ဖဿ။ (က) စက္ခုဝိညာဉ်-မြင်သိစိတ်-နှင့်-အတူ-တကွ-ဖြစ်သော-တွေ့ထိမှု-ဖဿ။ (ခ) စက္ခုပသာဒ၌မှီသော-စက္ခုပသာဒကို မှီ၍ဖြစ်သော-တွေ့ထိမှု-ဖဿ။ (ဂ) စက္ခုပသာဒမှ-စက္ခုပသာဒကြောင့်-စက္ခုပသာဒ၌-ဖြစ်သော-တွေ့ထိမှု-ဖဿ။ (ဃ) စက္ခုပသာဒ၏ အကျိုးဖြစ်သော-တွေ့ထိမှု-ဖဿ။	*cakkhusamphassa*. (a) el contacto / *phassa* que surge con / junto a *cakkhuviññāṇa* / la mente que conoce viendo. (b) el contacto / *phassa* que se apoya en el *cakkhupasāda* / que surge apoyándose en el *cakkhupasāda*. (c) el contacto / *phassa* que surge del *cakkhupasāda* / a causa del *cakkhupasāda* / en el *cakkhupasāda*. (d) el contacto / *phassa* que es fruto del *cakkhupasāda*.	*cakkhusamphassa*. (a) the contact / *phassa* that arises with / together with *cakkhuviññāṇa* / the mind that knows by seeing. (b) the contact / *phassa* resting in the *cakkhupasāda* / arising in dependence on the *cakkhupasāda*. (c) the contact / *phassa* that arises from the *cakkhupasāda* / because of the *cakkhupasāda* / in the *cakkhupasāda*. (d) the contact / *phassa* that is the fruit of the *cakkhupasāda*.	in (a) the hyphens seem to join both nouns (စက္ခုဝိညာဉ်-မြင်သိစိတ်) and the postpositions (နှင့်-အတူ-တကွ); rendering approximate
61290	cakkhusamphassāyatana	(၁) စက္ခု-သမ္ဖဿ၏-တည်ရာ-အကြောင်း။ (၂) စက္ခုပသာဒဟူသော သမ္ဖဿ၏-တည်ရာ-အကြောင်း-ဖြစ်သော စက္ခုပသာဒ။	(1) el lugar de asiento / la causa del *cakkhusamphassa*. (2) el *cakkhupasāda*, que es el lugar de asiento / la causa del *samphassa* llamado *cakkhupasāda*.	(1) the seat / cause of the *cakkhusamphassa*. (2) the *cakkhupasāda*, which is the seat / cause of the *samphassa* called *cakkhupasāda*.	in (1) the source hyphenates စက္ခု-သမ္ဖဿ, read as one compound
61291	cakkhusutta	စက္ခုသုတ်၊ စက္ခုကို ပဓာနထား၍ ဟောတော်မူသောသုတ်။ မူရင်းကြည့်ပါ။	el *Cakkhusutta*; el *sutta* enseñado tomando como principal *cakkhu*. Véase el original.	the *Cakkhusutta*; the *sutta* taught with *cakkhu* as its principal subject. See the original.	source editor's note မူရင်းကြည့်ပါ ('see the original')
61301	cakkhūpasaṁhāra	စက္ခုပသာဒ၏ (ရူပါရုံကို) ဆောင်ခြင်း။	el llevar (el *rūpārammaṇa*) del *cakkhupasāda*.	the bringing (of the *rūpārammaṇa*) of the *cakkhupasāda*.	sense of ဆောင်ခြင်း here unclear (bearing / conveying the object)
61322	caṅkamanabhisi	စင်္ကြံ၌ခင်းအပ်သော ဘုံလျှူိ။	‹ဘုံလျှူိ› (¿estera, cojín?) que se extiende en el sendero de paseo.	‹ဘုံလျှူိ› (mat? cushion?) spread on the walkway.	ဘုံလျှူိ unclear or garbled; bhisi suggests a mat or cushion
61335	caṅkamanta	စင်္ကြံသွားသော၊ လူ လာတုံ့ခေါက် လမ်းလျှောက်သော၊ သူ။	que pasea por el sendero; que camina yendo y viniendo (dicho de una persona).	walking on the walkway; walking up and down (said of a person).	source has လူ လာ for လူးလာ
61347	caṅkamāmi	စင်္ကြံသွား၏၊ လူးလာတုံ့ခေါက်လမ်းလျှောက်၏။ «S1»	pasea por el sendero; camina yendo y viniendo. Véase [[caṅkamati]].	walks on the walkway; walks up and down. See [[caṅkamati]].	headword is 1st sg (-āmi) but the Burmese gloss has ၏; rendered 3rd person as the Burmese reads
61348	caṅkamiṁ	စင်္ကြံသွားပြီ၊ လူးလာတုံ့ခေါက်လမ်းလျှောက်ပြီ။ «S1»	paseó por el sendero; caminó yendo y viniendo. Véase [[caṅkamati]].	walked on the walkway; walked up and down. See [[caṅkamati]].	headword is 1st sg; the Burmese does not mark person, rendered 3rd person
61358	caṅkamissāmi	စင်္ကြံသွားအံ့၊ လူးလာတုံ့ခေါက် လမ်းလျှောက်အံ့။ «S1»	paseará por el sendero; caminará yendo y viniendo. Véase [[caṅkamati]].	will walk on the walkway; will walk up and down. See [[caṅkamati]].	headword is 1st sg future; the Burmese (…အံ့) does not mark the 1st, rendered 3rd person
61360	caṅkameyyaṁ	စင်္ကြံသွားရာ၏၊ လူးလာတုံ့ခေါက်လမ်းလျှောက်ရာ၏။ «S1»	pasearía por el sendero; caminaría yendo y viniendo. Véase [[caṅkamati]].	would walk on the walkway; would walk up and down. See [[caṅkamati]].	headword is 1st sg; the Burmese does not mark person, rendered 3rd person
61361	caṅkavāra	(၁) ဆပ်ပြာစစ်။ (၂) သေရည်စစ်။ (၃) ပေါင်းစစ်။ မူရင်းကြည့်ပါ။ (၄) လှုိင်းတံပိုး။ «S1»	(1) colador de jabón. (2) colador de licor. (3) colador para cocer al vapor. Véase el original. (4) ‹လှုိင်းတံပိုး›. Véase también [[paṅkavāra]].	(1) soap strainer. (2) liquor strainer. (3) steaming strainer. See the original. (4) ‹လှုိင်းတံပိုး›. See also [[paṅkavāra]].	source editor's note မူရင်းကြည့်ပါ ('see the original'); sense (4) လှုိင်းတံပိုး not identified
61362	caṅgavāra	(၁) ဆပ်ပြာစစ်။ (၂) သေရည်စစ်။ (၃) ပေါင်းစစ်။ မူရင်းကြည့်ပါ။ (၄) လှုိင်းတံပိုး။ «S1»	(1) colador de jabón. (2) colador de licor. (3) colador para cocer al vapor. Véase el original. (4) ‹လှုိင်းတံပိုး›. Véase también [[paṅkavāra]].	(1) soap strainer. (2) liquor strainer. (3) steaming strainer. See the original. (4) ‹လှုိင်းတံပိုး›. See also [[paṅkavāra]].	source editor's note မူရင်းကြည့်ပါ ('see the original'); sense (4) လှုိင်းတံပိုး not identified
61365	caṅkīsutta	စင်္ကီသုတ်၊ ''ဤ ငါ့အယူသာမှန်၏၊ အခြားအယူသည် အချည်းနှီးသာ''ဟု တစ်ဖက်သတ် မဆုံးဖြတ်သောသူ၏ ယုံကြည်ခြင်း,နှစ်သက်ခြင်း,တစ်ဆင့်ကြားခြင်း,အခြင်းအရာကို အဖန်ဖန်ကြံဆခြင်း,အယူကို စဉ်းစားတွေးကြံ လက်ခံနှစ်သိမ်ကျေနပ်ခြင်းတရား ၅-ပါးတို့ဖြင့် အမှန်သဘောကို စောင့်ရှောက်ခြင်း (သစ္စာနုရက္ခဏ) ဖြစ်၏။ မူရင်းကြည့်ပါ။	el *Caṅkīsutta*; es la salvaguarda de la verdad (*saccānurakkhaṇa*) mediante los cinco estados —la confianza, el gusto, el oír de segunda mano, la reflexión reiterada sobre los aspectos y la aceptación satisfecha de una opinión tras pensarla y ponderarla— de quien no concluye de modo unilateral: 'solo esta opinión mía es verdadera; la otra opinión es vana'. Véase el original.	the *Caṅkīsutta*; it is the safeguarding of truth (*saccānurakkhaṇa*) through the five states —trust, liking, hearing at second hand, repeated reflection on aspects, and the contented acceptance of a view after thinking it over and pondering it— by one who does not conclude one-sidedly: 'only this view of mine is true; the other view is empty'. See the original.	source editor's note မူရင်းကြည့်ပါ ('see the original')
61366	caṅkoṭaka	ပန်းတောင်း၊ ပန်းကပ်၊ ပန်းကလပ်၊ ပန်းကြုတ်။	cesta de flores; bandeja de flores; soporte de flores; caja de flores.	flower basket; flower tray; flower stand; flower box.	Burmese names of flower containers (ပန်းတောင်း, ပန်းကပ်, ပန်းကလပ်, ပန်းကြုတ်) rendered tentatively
61367	caṅkoṭakakicca	ပန်းတောင်း-ပန်းကပ်-ပန်းကလပ်-ပန်းကြုတ်-ကို ပြုခြင်းကိစ္စ။	la tarea de hacer la cesta de flores / la bandeja de flores / el soporte de flores / la caja de flores.	the task of making the flower basket / flower tray / flower stand / flower box.	Burmese names of flower containers (ပန်းတောင်း, ပန်းကပ်, ပန်းကလပ်, ပန်းကြုတ်) rendered tentatively
61368	caṅkoṭakādibharita	ပန်းတောင်း-ပန်းကပ်-ပန်းကလပ်-ပန်းကြုတ်-အစရှိသည်တို့၌ပြည့်သော။	lleno en la cesta de flores / la bandeja de flores / el soporte de flores / la caja de flores y demás.	filled in the flower basket / flower tray / flower stand / flower box and so on.	Burmese names of flower containers (ပန်းတောင်း, ပန်းကပ်, ပန်းကလပ်, ပန်းကြုတ်) rendered tentatively
61369	caṅkoṭakiya	စင်္ကောဋကိယထေရ်၊ ပန်းတောင်း-ပန်းကပ်-ပန်းကလပ်-ပန်းကြုတ်-ကို လှူခဲ့ဖူးသော ထေရ်။	*Caṅkoṭakiyatthera*; el *thera* que en otro tiempo donó la cesta de flores / la bandeja de flores / el soporte de flores / la caja de flores.	*Caṅkoṭakiyatthera*; the *thera* who once donated a flower basket / flower tray / flower stand / flower box.	Burmese names of flower containers (ပန်းတောင်း, ပန်းကပ်, ပန်းကလပ်, ပန်းကြုတ်) rendered tentatively
61370	caṅkora	စင်္ကောရငှက်၊ စင်ရော်ငှက်။	el ave *caṅkora*; el ave ‹စင်ရော်› (¿gaviota?).	the *caṅkora* bird; the ‹စင်ရော်› bird (gull?).	bird not identified with confidence; စင်ရော် is usually a gull, while caṅkora/cakora is usually a partridge
61371	caṅkorasakuṇa	စင်္ကောရငှက်၊ စင်ရော်ငှက်။ «S1»	el ave *caṅkora*; el ave ‹စင်ရော်› (¿gaviota?). Véase [[caṅgavāra]].	the *caṅkora* bird; the ‹စင်ရော်› bird (gull?). See [[caṅgavāra]].	bird not identified with confidence; စင်ရော် is usually a gull, while caṅkora/cakora is usually a partridge
61374	caṅgoṭaka	ပန်းတောင်း၊ ပန်းကပ်၊ ပန်းကလပ်၊ ပန်းကြုတ်။ «S1»	cesta de flores; bandeja de flores; soporte de flores; caja de flores. Véase [[caṅkoṭaka]].	flower basket; flower tray; flower stand; flower box. See [[caṅkoṭaka]].	Burmese names of flower containers (ပန်းတောင်း, ပန်းကပ်, ပန်းကလပ်, ပန်းကြုတ်) rendered tentatively
61378	caccu	ဟင်းခလာ။	‹ဟင်းခလာ› (planta).	‹ဟင်းခလာ› (a plant).	plant ဟင်းခလာ not identified
61379	caccupuppha	ဟင်းခလာပွင့်။	flor de ‹ဟင်းခလာ›.	flower of ‹ဟင်းခလာ›.	plant ဟင်းခလာ not identified
61380	caccumūla	ဟင်းခလာမြစ်။	raíz de ‹ဟင်းခလာ›.	root of ‹ဟင်းခလာ›.	plant ဟင်းခလာ not identified
61388	cajasi	စွန့်၏၊ စွန့်ခွါ-ကွာရှင်း-ပြတ်စဲ-၏။ «S1»	renuncia; se aparta / se separa / rompe con. Véase [[cajati]] (e).	gives up; departs / separates / breaks off. See [[cajati]] (e).	headword is 2nd sg; the Burmese has ၏, rendered 3rd person
61391	cajāma	စွန့်ကုန်၏၊ စွန့်လွှတ်ကုန်၏။ «S1»	renuncian; sueltan. Véase [[cajati]] (a).	they give up; they let go. See [[cajati]] (a).	headword is 1st person; the Burmese does not mark person, rendered 3rd person
61392	cajāmi	စွန့်၏။ (က) စွန့်လွှတ်၏။ «S1» (ခ) စွန့်ခွါ-ကွာရှင်း-ပြတ်စဲ-၏။ «S2»	renuncia. (a) suelta. Véase [[cajati]] (a). (b) se aparta / se separa / rompe con. Véase [[cajati]] (e).	gives up. (a) lets go. See [[cajati]] (a). (b) departs / separates / breaks off. See [[cajati]] (e).	headword is 1st person; the Burmese does not mark person, rendered 3rd person
61402	cajimha	စွန့်လွှတ်ကုန်ပြီ။ «S1»	soltaron. Véase [[cajati]] (a).	they let go. See [[cajati]] (a).	headword is 1st person; the Burmese does not mark person, rendered 3rd person
61405	cajissāmi	စွန့်လတ်အံ့။ (က) စွန့်လွှတ်လတ်အံ့။ «S1» (ခ) စွန့်-ပယ်-လတ်အံ့။ «S2»	renunciará. (a) soltará. Véase [[cajati]] (a). (b) renunciará / abandonará. Véase [[cajati]] (c).	will give up. (a) will let go. See [[cajati]] (a). (b) will give up / abandon. See [[cajati]] (c).	headword is 1st sg future; the Burmese (…အံ့) does not mark the 1st, rendered 3rd person
61408	cajeyyaṁ	စွန့်လွှတ်ရာ၏၊ စွန့်လွှတ်အံ့။ «S1»	soltaría; soltará. Véase [[cajati]] (a).	would let go; will let go. See [[cajati]] (a).	headword is 1st person; the Burmese does not mark person, rendered 3rd person
61411	cajesi	စွန့်လွှတ်၏။ «S1»	suelta. Véase [[cajati]] (a).	lets go. See [[cajati]] (a).	headword is an aorist; the Burmese gloss has present ၏
61420	cañcu	(၁) ကြက်ဆူပင်။ (ထီ) (၂) ငှက်နှုတ်သီး။	(1) ricino (planta). (femenino) (2) pico de ave.	(1) castor-oil plant. (feminine) (2) a bird's beak.	ကြက်ဆူပင် identified as castor-oil plant (Ricinus communis), tentative
61421	caṇaka	ကုလားပဲ။ စားတော်ပဲ။ မူရင်းကြည့်ပါ။ «S1»	garbanzo. guisante. Véase el original. Véanse también [[caṇakamattī]], [[caṇakamuṭṭhi]].	chickpea. garden pea. See the original. See also [[caṇakamattī]], [[caṇakamuṭṭhi]].	Burmese ကုလားပဲ and စားတော်ပဲ read as chickpea and garden pea (tentative); source editor's note မူရင်းကြည့်ပါ
61422	caṇakamattī	ကုလားပဲအတိုင်းအရှည်ရှိသော။ စားတော်ပဲ အတိုင်းအရှည်ရှိသော။	que tiene el tamaño de un garbanzo. que tiene el tamaño de un guisante.	the size of a chickpea. the size of a garden pea.	ကုလားပဲ / စားတော်ပဲ read as chickpea / garden pea (tentative); label ထီ though the gloss is adjectival
61423	caṇakamuṭṭhi	ကုလားပဲဆုပ်။ စားတော်ပဲဆုပ်။	puñado de garbanzos. puñado de guisantes.	a handful of chickpeas. a handful of garden peas.	ကုလားပဲ / စားတော်ပဲ read as chickpea / garden pea (tentative)
61429	caṇḍakāl̤ī	စဏ္ဍကာဠီသိက္ခာပုဒ်၊ စဏ္ဍကာဠီရဟန်းမကို အကြောင်းပြု၍ ပညတ်အပ်သော သိက္ခာပုဒ်။	*Caṇḍakāḷīsikkhāpada*; el *sikkhāpada* promulgado a causa de la monja *caṇḍakāl̤ī*.	*Caṇḍakāḷīsikkhāpada*; the *sikkhāpada* laid down on account of the nun *caṇḍakāl̤ī*.	same headword as id 61428 but a different gloss (the training rule); probably the index's caṇḍakāḷīsikkhāpada
61434	caṇḍagoṇa	ကြမ်းတမ်း-ဆိုသွမ်း-သော နွား၊ နွားဆိုး၊ နွားရိုင်း။	buey rudo / feroz; buey peligroso; buey salvaje.	a rough / vicious ox; a dangerous ox; a wild ox.	source spells ဆိုသွမ်း for ဆိုးသွမ်း
61435	caṇḍagoṇayuttayāna	နွားဆိုး-နှင့်ယှဉ်-တပ်-က-အပ်သော-ယာဉ်-လှည်း။	el vehículo / carro uncido / enganchado / atado a bueyes peligrosos.	the vehicle / cart yoked / harnessed / hitched to dangerous oxen.	the hyphen chain includes a stray က (တပ်-က-အပ်သော); read as a third verb 'hitched'
61437	caṇḍatara	ကြမ်းတမ်း-ကြမ်းကြုတ်-သူတို့ထက်-သူတို့တွင်-ထူးချွန်-ကြမ်းတမ်း-ကြမ်းကြုတ်-သော၊ အလွန်-ကြမ်းတမ်း-ကြမ်းကြုတ်-သော၊ သူ။	más rudo / feroz que los rudos / feroces, sobresaliente en rudeza / ferocidad entre ellos; sumamente rudo / feroz (dicho de una persona).	rougher / fiercer than the rough / fierce, excelling among them in roughness / fierceness; exceedingly rough / fierce (said of a person).	the hyphens chain case alternatives (သူတို့ထက်-သူတို့တွင် 'than them / among them'); rendering approximate
61442	caṇḍapajjotarāja	စဏ္ဍပဇ္ဇောတမင်း။ မူရင်းကြည့်ပါ။	el rey *caṇḍapajjota*. Véase el original.	King *caṇḍapajjota*. See the original.	source editor's note မူရင်းကြည့်ပါ ('see the original')
61445	caṇḍamaccha	(၁) (ငါးပူတင်း,လပိုင်စသော ကြမ်းတမ်း-ဆိုးသွမ်း-သော ငါး၊ ငါးကြမ်း။ (၂) ကြမ်းတမ်း-ဆိုးသွမ်း-သော ငါးတမျိုး၊ မိကျောင်း။ «S1»	(1) pez rudo / feroz, como ‹ငါးပူတင်း›, ‹လပိုင်› y demás; pez feroz. (2) una especie de pez rudo / feroz; cocodrilo. Véase [[susumāra]].	(1) a rough / vicious fish, such as ‹ငါးပူတင်း›, ‹လပိုင်› and so on; a fierce fish. (2) a kind of rough / vicious fish; the crocodile. See [[susumāra]].	fish ငါးပူတင်း and လပိုင် not identified; the source's opening bracket before ငါးပူတင်း is never closed
61449	caṇḍamahiṁsa	ကြမ်းတမ်း-ဆိုးသွမ်း-သော ကျွဲ၊ ကွဲဆိုး၊ ကျွဲရိုင်း။	búfalo rudo / feroz; búfalo peligroso; búfalo salvaje.	a rough / vicious buffalo; a dangerous buffalo; a wild buffalo.	source spells ကွဲဆိုး for ကျွဲဆိုး
61457	caṇḍavāca	ကြမ်းတမ်း-ဆိုးဝါး-မသာယာ-သော အသံရှိသော (တိတီတူးငှက်)။	que tiene un sonido rudo / feo / desagradable (el ave ‹တိတီတူး›, ¿avefría?).	having a rough / ugly / unpleasant sound (the ‹တိတီတူး› bird, lapwing?).	bird တိတီတူး tentatively a lapwing
61471	caṇḍāla	(၁) ဒွန်းစဏ္ဍား (အမျိုးဇာတ်,အလုပ်အကိုင်နိမ့်ကျသူ)။ (က) ခွက်လက်စွဲ၍ တောင်းစားသော ဒွန်းစဏ္ဍား၊ သူတောင်းစား၊ သူဖုန်းစား၊ ပုန်းတောင်းယာစကာ။ (ခ) ခွေးသားစားသော ဒွန်းစဏ္ဍား။ (ဂ) သူသေကောင် စွန့်ပစ်သော ဒွန်းစဏ္ဍား၊ သုသာန်စောင့်၊ သုဘရာဇာ။ (ဃ) အဟောင်း-အပျက်-ကို ပြုပြင်သော ဒွန်းစဏ္ဍား။ (၂) ဒွန်းစဏ္ဍားဇာတ်။ «S1» (၃) ကပြား၊ အမိပုဏ္ဏေးမ,အဖသူယုတ် (သူဆင်းရဲ) တို့မှ မွေးဖွားသူ။ ၄-ဂါထာလည်းကြည့်ပါ။ (တိ) (၄) ကြမ်းတမ်း-ထက်မြက်-သော။ «S2»	(1) paria (persona de casta y oficio bajos). (a) paria que pide limosna con una escudilla en la mano; mendigo; pordiosero; pedigüeño. (b) paria que come carne de perro. (c) paria que retira los cadáveres; guardián del cementerio; enterrador. (d) paria que repara lo viejo / lo roto. (2) la casta de los parias. Véase también [[caṇḍālī]] (2). (3) mestizo; el nacido de madre brahmana y padre de baja condición (pobre). Véase también la estrofa 4. (adjetivo) (4) rudo / agudo. Véase [[caṇḍālavaṁsa]] (1).	(1) an outcaste (a person of low caste and occupation). (a) an outcaste who begs with a bowl in hand; a beggar; a mendicant; a supplicant. (b) an outcaste who eats dog meat. (c) an outcaste who removes corpses; a cemetery keeper; an undertaker. (d) an outcaste who mends what is old / broken. (2) the outcaste caste. See also [[caṇḍālī]] (2). (3) one of mixed birth; one born of a brahmin mother and a low (poor) father. See also verse 4. (adjective) (4) rough / sharp. See [[caṇḍālavaṁsa]] (1).	internal cross-reference ၄-ဂါထာလည်းကြည့်ပါ ('see also verse 4') kept as text
61472	caṇḍāla	ကြမ်းတမ်း-ခံ့ကျန်း-သန်စွမ်း-ခြင်းငှါ စွမ်းနိုင်သော ကစားခြင်း၊ ကြမ်းတမ်း-ခံ့ကျန်း-သန်စွမ်း-ခြင်းကို ဖြစ်စေနိုင်သော ကစားခြင်း၊ သံလုံး-သံတွေ-ကစားခြင်း။	el juego capaz de dar rudeza / robustez / fuerza; el juego que puede producir rudeza / robustez / fuerza; el juego de bolas / lingotes de hierro.	the game able to give roughness / sturdiness / strength; the game that can produce roughness / sturdiness / strength; the game of iron balls / iron lumps.	gloss describes a game (cf. caṇḍālikā), not the person; check which headword the index attaches
61473	caṇḍāla	(၁) ဒွန်းစဏ္ဍားတို့၏ ကစားခြင်း၊ ဒွန်းစဏ္ဍားတို့၏ ပိုက်ဆံလျှော်တို့ကို ရေဆွတ်၍-အချင်းချင်း-တစ်ယောက်နှင့် တစ်ယောက်-ရိုက်ပုတ်ကစားခြင်း။ (ပု) (၂) ဒွန်းစဏ္ဍားဥပါသကာ၊ ဒွန်းစဏ္ဍားနှင့် တူသောသူ၊ ဒွန်းစဏ္ဍားကဲ့သို့ ယုတ်ညံ့သော ကိုယ်ကျင့်တရား ရှိသော သူ။	(1) el juego de los parias; el juego de los parias en que se golpean unos a otros / uno a otro con sus ‹ပိုက်ဆံလျှော်› mojados en agua. (masculino) (2) paria *upāsakā*; persona semejante a un paria; persona de conducta moral baja como un paria.	(1) the game of the outcastes; the game of the outcastes in which they strike one another / each other with their ‹ပိုက်ဆံလျှော်› soaked in water. (masculine) (2) an outcaste *upāsakā*; a person like an outcaste; a person of low moral conduct like an outcaste.	ပိုက်ဆံလျှော် unclear (money-bag? hemp cord?)
61492	caṇḍālatissamahābhaya	စဏ္ဍာလတိဿ သူပုန်ဘေးကြီး။ မူရင်းကြည့်ပါ။	la gran calamidad del rebelde *caṇḍālatissa*. Véase el original.	the great calamity of the rebel *caṇḍālatissa*. See the original.	source editor's note မူရင်းကြည့်ပါ ('see the original')
61513	caṇḍāligabbha	ဒွန်းစဏ္ဍားမ၏ ဝမ်းပိုက်၊ စဏ္ဍာလဂဗ္ဘ-ကြည့်။	el vientre de una mujer paria; véase *caṇḍālagabbha*.	the womb of an outcaste woman; see *caṇḍālagabbha*.	a 'see X' formula (စဏ္ဍာလဂဗ္ဘ-ကြည့်) left in the text, not replaced by a placeholder
61531	caṇḍoraṇa	စဏ္ဍောရဏတောင်။ (ကြမ်းတမ်းသော ဆိပ်နေရာတောင်)။	el monte *caṇḍoraṇa*. (el monte del embarcadero rudo).	Mount *caṇḍoraṇa*. (the mountain of the rough landing place).	the bracketed gloss ကြမ်းတမ်းသော ဆိပ်နေရာတောင် is unclear (ဆိပ် 'landing place'? or ဆိပ် 'poison')
61538	catuambaṇa	၄-အမ္ဗဏ၊ ၄၄-စိတ်၊ ၁၁-တင်း။	4 *ambaṇa*; 44 cuartos (‹စိတ်›); 11 cestos (‹တင်း›).	4 *ambaṇa*; 44 quarters (‹စိတ်›); 11 baskets (‹တင်း›).	Burmese measures of capacity: စိတ် (a quarter-basket, not 'mind') and တင်း (basket); 11 တင်း = 44 စိတ်
61540	catuājaññayutta	အာဇာနည်မြင်း ၄-ကောင်း-နှင့်ယှဉ်-က-အပ်သော။	uncido / enganchado / atado a cuatro caballos de pura raza.	yoked / harnessed / hitched to four thoroughbred horses.	hyphen chain ၄-ကောင်း-နှင့်ယှဉ်-က-အပ်သော looks garbled (ကောင်း for ကောင်?, stray က)
61555	catuusabha	၄-ဥသဘ၊ တာ-၈၀၊ အတောင်-၅၆၀။ «S1»	4 *usabha*; 80 ‹တာ›; 560 codos. Véase [[catuusabhappamāṇa]].	4 *usabha*; 80 ‹တာ›; 560 cubits. See [[catuusabhappamāṇa]].	Burmese length measures: တာ (a rod of 7 cubits), အတောင် (cubit)
61581	catukuḍuva	၄-ကုဍုံ၊ ၁၆-ဆုပ်၊ ၁-စလယ်။	4 *kuḍuva*; 16 puñados; 1 ‹စလယ်›.	4 *kuḍuva*; 16 handfuls; 1 ‹စလယ်›.	Burmese measure စလယ် kept in Burmese
61582	catukummāsapiṇḍadāna	၄-ခုသော-မုယောဆုပ်-မုယောမုံ-အလှူ။	la ofrenda de cuatro puñados / bolas de cebada.	the offering of four handfuls / balls of barley.	မုယော read as barley; kummāsa is usually a barley or bean preparation
61591	catukoṭikasuññatā	၄-ပါးသော-အဖို့-အစု-ရှိသော-ဆိတ်သုဉ်းသည်၏အဖြစ်-ဆိတ်သုဉ်းခြင်း။ မူရင်းကြည့်ပါ။	el hecho de ser vacío / la vacuidad que tiene cuatro porciones / partes. Véase el original.	the state of being void / the voidness having four portions / parts. See the original.	source editor's note မူရင်းကြည့်ပါ ('see the original')
61592	catukkoṭikasuññatā	၄-ပါးသော-အဖို့-အစု-ရှိသော-ဆိတ်သုဉ်းသည်၏အဖြစ်-ဆိတ်သုဉ်းခြင်း။ မူရင်းကြည့်ပါ။	el hecho de ser vacío / la vacuidad que tiene cuatro porciones / partes. Véase el original.	the state of being void / the voidness having four portions / parts. See the original.	source editor's note မူရင်းကြည့်ပါ ('see the original')
61598	catukkaṁsa	၄-ကံသ၊ ၁၆-အသပြာ၊ ၁၆-ကျပ်။ «S1»	4 *kaṁsa*; 16 ‹အသပြာ›; 16 ‹ကျပ်›. Véase [[catukkaṁsaparama]].	4 *kaṁsa*; 16 ‹အသပြာ›; 16 ‹ကျပ်›. See [[catukkaṁsaparama]].	Burmese money and weight units အသပြာ and ကျပ် kept in Burmese
61599	catukkaṁsaparama	၄-ကံသ-၁၆-ကျပ်-အဖိုးရှိသော၊ ၄-ကံသ-၁၆ကျပ်ထိုက်တန်သော။	que vale 4 *kaṁsa* / 16 ‹ကျပ်›; digno de 4 *kaṁsa* / 16 ‹ကျပ်›.	worth 4 *kaṁsa* / 16 ‹ကျပ်›; valued at 4 *kaṁsa* / 16 ‹ကျပ်›.	Burmese unit ကျပ် kept in Burmese
61601	catukka	အချည်းနှီးအားဖြင့်ဖြစ်သော၊ ရေနည်းသော။	que surge en vano; de poca agua.	arising in vain; having little water.	label ပု၊န but the gloss is adjectival
61609	catukkanaya	စတုက္ကနည်း၊ ဈာန် ၄-ပါးအပေါင်းကို ဟောသောနည်း။ မူရင်းကြည့်ပါ။	el método *catukka*; el método que expone el conjunto de los 4 *jhāna*. Véase el original.	the *catukka* method; the method that teaches the group of the 4 *jhāna*. See the original.	editor's note 'see the original' (မူရင်းကြည့်ပါ) in the source
61617	catukkapācittiya	စတုက္ကပါစိတ်အာပတ်၊ ၄-မျိုးအတိုင်းအရှည်ရှိသော ပါစိတ်အာပတ်။ မူရင်းကြည့်ပါ။	la *āpatti* *catukkapācittiya*; la *āpatti* *pācittiya* que tiene la medida de 4 clases. Véase el original.	the *catukkapācittiya* *āpatti*; the *pācittiya* *āpatti* having the measure of 4 kinds. See the original.	editor's note 'see the original' (မူရင်းကြည့်ပါ) in the source
61619	catukkabhatta	(၁) (ဆွမ်း,ဟင်း,ဆီ,လက်သုတ်ဟင်းလျာဟူသော) ၄-မျိုးအတိုင်းအရှည်ရှိသော စားဖွယ်၊ စားဖွယ် ၄-မျိုး။ (၂) ရဟန်း ၄-ပါးအပေါင်းအားပေးလှူအပ်သော ဆွမ်း။	(1) (comida de limosna, curry, aceite y ensalada) alimento que tiene la medida de 4 clases; 4 clases de alimento. (2) comida de limosna dada a un grupo de 4 monjes.	(1) (alms food, curry, oil and salad) food having the measure of 4 kinds; 4 kinds of food. (2) alms food given to a group of 4 monks.	လက်သုတ်ဟင်းလျာ read as 'salad'; may be two items (salad, side dish)
61629	catukkuṇḍika	၄-ဖက်ထောက်သွားသော၊ သူ။ (က) (ဒူးဆစ် ၂-ဖက်,တတောင်ဆစ် ၂-ဖက် ဟူသော) ကိုယ်အင်္ဂါအစိတ်အပိုင်း ၄-ခုတို့ဖြင့် သွားခြင်းရှိသော၊ သူ။ (ခ) (ခြေ ၂-ဖက်,လက် ၂-ဖက်ဟူသော) ကိုယ်အင်္ဂါ အစိတ်အပိုင်း ၄-ခုတို့ဖြင့်-လှည့်လည်-သွားလာ-တတ်သော၊ သူ။ (ဂ) (ဒူး ၂-ဖက်,လက် ၂-ဖက်ဟူသော) ကိုယ်အင်္ဂါအစိတ်အပိုင်း ၄-ခုတို့ဖြင့်-ခန္ဓာကိုယ်-အတ္တဘော-ကို ဖြစ်စေတတ်သော၊ သူ။	que anda apoyándose en 4 puntos (dicho de una persona). (a) (las 2 rodillas y los 2 codos) que tiene el andar con 4 partes del cuerpo (dicho de una persona). (b) (los 2 pies y las 2 manos) que suele moverse / ir y venir con 4 partes del cuerpo (dicho de una persona). (c) (las 2 rodillas y las 2 manos) que suele hacer avanzar el cuerpo / la existencia individual con 4 partes del cuerpo (dicho de una persona).	going on all fours (said of a person). (a) (the 2 knees and the 2 elbows) having the going on 4 parts of the body (said of a person). (b) (the 2 feet and the 2 hands) apt to move about / go to and fro on 4 parts of the body (said of a person). (c) (the 2 knees and the 2 hands) apt to make the body / individual existence go on 4 parts of the body (said of a person).	(c) ဖြစ်စေတတ်သော ('apt to produce') the body read as 'make it go'; unsure
61630	catukuṇḍika	၄-ဖက်ထောက်သွားသော၊ သူ။ (က) (ဒူးဆစ် ၂-ဖက်,တတောင်ဆစ် ၂-ဖက် ဟူသော) ကိုယ်အင်္ဂါအစိတ်အပိုင်း ၄-ခုတို့ဖြင့် သွားခြင်းရှိသော၊ သူ။ (ခ) (ခြေ ၂-ဖက်,လက် ၂-ဖက်ဟူသော) ကိုယ်အင်္ဂါ အစိတ်အပိုင်း ၄-ခုတို့ဖြင့်-လှည့်လည်-သွားလာ-တတ်သော၊ သူ။ (ဂ) (ဒူး ၂-ဖက်,လက် ၂-ဖက်ဟူသော) ကိုယ်အင်္ဂါအစိတ်အပိုင်း ၄-ခုတို့ဖြင့်-ခန္ဓာကိုယ်-အတ္တဘော-ကို ဖြစ်စေတတ်သော၊ သူ။	que anda apoyándose en 4 puntos (dicho de una persona). (a) (las 2 rodillas y los 2 codos) que tiene el andar con 4 partes del cuerpo (dicho de una persona). (b) (los 2 pies y las 2 manos) que suele moverse / ir y venir con 4 partes del cuerpo (dicho de una persona). (c) (las 2 rodillas y las 2 manos) que suele hacer avanzar el cuerpo / la existencia individual con 4 partes del cuerpo (dicho de una persona).	going on all fours (said of a person). (a) (the 2 knees and the 2 elbows) having the going on 4 parts of the body (said of a person). (b) (the 2 feet and the 2 hands) apt to move about / go to and fro on 4 parts of the body (said of a person). (c) (the 2 knees and the 2 hands) apt to make the body / individual existence go on 4 parts of the body (said of a person).	(c) ဖြစ်စေတတ်သော ('apt to produce') the body read as 'make it go'; unsure
61647	catugāvuta	၄-ဂါ-ဝုတ်။	4 *gāvuta*.	4 *gāvuta*.	source writes ဂါ-ဝုတ် with a stray hyphen; read as one word gāvuta
61663	catucara	၄-ပါး သဘောတူ-လှည့်လည်-သွားလာ-သော (တူသော အဇ္ဈာသယ ရှိသည်ဖြစ်၍ ဉာဏစရိုက် စသည်၏အစွမ်းဖြင့်) ၄-ပါးတတွဲ-၄-ပါးတစ်စု-လှည့်လည်-သွားလာ-သော။ «S1»	que, siendo 4, andan de común acuerdo / se mueven / van y vienen; (por tener una *ajjhāsaya* semejante, por medio del *ñāṇacarita* y demás) que se mueven / van y vienen como una pareja de 4 / un grupo de 4. Véase también [[dvicara]].	being 4, going in agreement / moving about / going to and fro; (having a like *ajjhāsaya*, by way of *ñāṇacarita* and so on) moving about / going to and fro as a set of 4 / a group of 4. See also [[dvicara]].	hyphen chain သဘောတူ-လှည့်လည်-သွားလာ mixes 'agreeing' with 'going about'; structure of the gloss unclear
61678	catujjātiyagandha	၄-မျိုးသောနံ့သာ၊ နံ့သာမျိုး ၄-ပါး။ မူရင်းကြည့်ပါ။	perfume de 4 clases; 4 clases de perfume. Véase el original.	perfume of 4 kinds; 4 kinds of perfume. See the original.	editor's note 'see the original' (မူရင်းကြည့်ပါ) in the source
61684	catuṭṭhāna	(၁) ၄-ပါးသောအရပ်-အရပ် ၄-ပါး။ (တိ) (၂) ၄-ပါးသော-အရာ-ဌာန-ရှိသော၊ ၄-ပါးသော-အရာ-ဌာန-၌ဖြစ်သော။	(1) lugar de 4 clases / 4 lugares. (adjetivo) (2) que tiene 4 asuntos / lugares; que se da en 4 asuntos / lugares.	(1) a fourfold place / 4 places. (adjective) (2) having 4 matters / places; occurring in 4 matters / places.	(1) a hyphen joins two alternative definitions where ၊ would be expected
61697	catuttha	(၁) ၄-ကြိမ်မြောက် ဝင်စားအပ်စော။ (၂) ၄-ကြိမ်မြောက်ရရှိအပ်သော။ ပဌမံ ဈာနံ-အဖွင့်နှင့်လည်းကြည့်ပါ။	(1) en el que se entra por cuarta vez. (2) obtenido por cuarta vez. Véase también la explicación de *paṭhamaṁ jhānaṁ*.	(1) entered upon for the fourth time. (2) obtained for the fourth time. See also the explanation of *paṭhamaṁ jhānaṁ*.	(1) ဝင်စားအပ်စော read as a misprint for ဝင်စားအပ်သော
61699	catutthaka	(၁) ၄-ခုတို့၏ ပြည့်ကြောင်းဖြစ်သော၊ ၄-ခုမြောက်ဖြစ်သော။ (၂) ၄-ရက်မြောက်၌ဖြစ်ပော်သော၊ ၃-ရက်ခြားဖြစ်ပော်သော (အဖျား)။	(1) que completa los 4; que es el cuarto. (2) que se presenta al cuarto día; que se presenta con 3 días de intervalo (fiebre).	(1) completing the 4; being the fourth. (2) occurring on the fourth day; occurring at intervals of 3 days (a fever).	ဖြစ်ပော် read as ဖြစ်ပေါ် (misprint)
61740	catutthajjhānasamāpatti	စတုတ္ထဈာန်သမာပတ်၊ ကောင်းစွာ-ရောက်အပ်-ဝင်စားအပ်-သော စတုတ္ထဈာန်၊	la *catutthajjhānasamāpatti*; el *catutthajjhāna* bien alcanzado / en el que se ha entrado.	the *catutthajjhānasamāpatti*; the *catutthajjhāna* well attained / entered upon.	source ends with ၊, not ။; the definition may be truncated
61764	catutthadhammapada	၄-ခုမြောက်တရားအစု။	el cuarto grupo de estados.	the fourth group of states.	တရားအစု: 'group of states' or 'section of the Teaching'; unsure which
61771	catutthapuggala	၄-ယောက်မြောက် ပုဂ္ဂိုလ်။ (က) မိမိကို ပူပန်ဆင်းရဲစေသော ပုဂ္ဂိုလ်,သူတစ်ပါးကို ပူပန်ဆင်းရဲစေသော ပုဂ္ဂိုလ်,မိမိသူတစ်ပါး ၂-ဦးသားကို ပူပန်ဆင်းရဲစေသော ပုဂ္ဂိုလ်,မိမိသူတစ်ပါး ၂-ဦးသားကို မပူပန် မဆင်းရဲစေသော ပုဂ္ဂိုလ်ဟူသော ၄-မျိုးတို့တွင် ၄-ယောက်မြောက်ပုဂ္ဂိုလ်။ (ခ) မိမိ၏အကျိုး စီးပွါးကို ပြုကျင့်သော ပုဂ္ဂိုလ်,မိမိသူတစ်ပါး ၂-ဦးသား၏ အကျိုးစီးပွါးကို မပြုကျင့်သော ပုဂ္ဂိုလ်,မိမိသူတစ်ပါး ၂-ဦးသား၏ အကျိုးစီးပွါးကို ပြုကျင့်သော ပုဂ္ဂိုလ်ဟူသော ၄-မျိုးတို့တွင် ၄-ယောက်မြောက်ပုဂ္ဂိုလ်။ (ဂ) အဿာသ,ပဿာသ၏ အစ,အလယ်,အဆုံး,သုံးပါးလုံး ထင်ရှားစွာ သိသော ပုဂ္ဂိုလ် ၄-မျိုးတို့တွင် ၄-ယောက်မြောက်ပုဂ္ဂိုလ်။	la cuarta persona. (a) la cuarta persona entre las 4 clases: la persona que se causa tormento y sufrimiento a sí misma, la persona que causa tormento y sufrimiento a otro, la persona que causa tormento y sufrimiento a ambos, a sí misma y a otro, y la persona que no causa tormento ni sufrimiento a ninguno de los dos, ni a sí misma ni a otro. (b) la cuarta persona entre las 4 clases: la persona que practica su propio bienestar, la persona que no practica el bienestar de ambos, el suyo y el de otro, y la persona que practica el bienestar de ambos, el suyo y el de otro. (c) la cuarta persona entre las 4 clases de personas que conocen con claridad el comienzo, el medio y el fin, los 3, del *assāsa* y el *passāsa*.	the fourth person. (a) the fourth person among the 4 kinds: the person who causes torment and suffering to himself, the person who causes torment and suffering to another, the person who causes torment and suffering to both, himself and another, and the person who causes neither torment nor suffering to either, himself or another. (b) the fourth person among the 4 kinds: the person who practises his own welfare, the person who does not practise the welfare of both, himself and another, and the person who practises the welfare of both, himself and another. (c) the fourth person among the 4 kinds of persons who know clearly the beginning, the middle and the end, all 3, of the *assāsa* and the *passāsa*.	(b) lists only 3 of the 4 kinds of person; one seems to have dropped out of the source
61772	catutthappamāṇa	(မြွေ၏) ၄-ခုမြောက် အတိုင်းအရှည်-၄-ပြန်အတိုင်းအရှည်-ရှိသော (အရပ်)။	(de una serpiente) que tiene la cuarta medida / una medida de 4 veces (lugar).	(of a snake) having the fourth measure / a measure of 4 times (a place).	gloss unclear: (မြွေ၏) 'of a snake' and the place-measure do not fit together obviously
61806	catutthasaṅgītisadisa	၄-ကြိမ်မြောက် သင်္ဂ၊ ယနာနှင့် တူသော၊ ၄-ကြိမ်မြောက် သင်္ဂါယနာသဖွယ်ဖြစ်သော၊ ၄-ကြိမ်မြောက် သင်္ဂါယနာမည်သော။ မူရင်းကြည့်ပါ။	semejante a la cuarta *saṅgāyanā*; que es como la cuarta *saṅgāyanā*; llamado la cuarta *saṅgāyanā*. Véase el original.	like the fourth *saṅgāyanā*; being as the fourth *saṅgāyanā*; called the fourth *saṅgāyanā*. See the original.	editor's note 'see the original' in the source; first gloss has garbled သင်္ဂ၊ ယနာ, read as သင်္ဂါယနာ
61809	catutthasattāvāsa	၄-ခုမြောက် သတ္တာဝါသ၊ ၄-ခုမြောက်ဖြစ်သော သတ္တဝါတို့၏နေရာ (တတိယဈာန် ၃-ဘုံ,ဝေဟမ္ဖိုလ်ဘုံ,သုဒ္ဓါဝါသ ၅-ဘုံ၌ဖြစ်သော သတ္တဝါအပေါင်း)။	el cuarto *sattāvāsa*; la cuarta morada de los seres (el conjunto de los seres que se dan en los 3 *bhūmi* del *tatiyajjhāna*, el *bhūmi* *vehapphala* y los 5 *bhūmi* *suddhāvāsa*).	the fourth *sattāvāsa*; the fourth abode of beings (the totality of beings occurring in the 3 *bhūmi* of the *tatiyajjhāna*, the *vehapphala* *bhūmi* and the 5 *suddhāvāsa* *bhūmi*).	source spells ဝေဟမ္ဖိုလ် (read as ဝေဟပ္ဖိုလ်, vehapphala)
61816	catutthāruppakusalakiriyajavana	စတုတ္ထာရုပ္ပ ကုသိုလ်ကိရိယာဇော၊ နောသညာနာသညာယတနကုသိုလ် ကိရိယာဇော။	el *javana* sano y *kiriyā* del *catutthāruppa*; el *javana* sano y *kiriyā* del *nevasaññānāsaññāyatana*.	the wholesome and *kiriyā* *javana* of the *catutthāruppa*; the wholesome and *kiriyā* *javana* of the *nevasaññānāsaññāyatana*.	second gloss spells နောသညာ…; read as နေဝသညာနာသညာယတန
61840	catudoṇa	၄-စိတ် (၁၆-ပြည်=၁-တင်း)။	4 sayk (16 pyi = 1 tin).	4 sayk (16 pyi = 1 tin).	Burmese dry measures (စိတ် sayk, ပြည် pyi, တင်း tin) romanised, not translated
61841	catudoṇika	၄-စိတ်ဝင်သော၊ ၄-စိတ်ဆံ့သော။	que contiene 4 sayk; en que caben 4 sayk.	holding 4 sayk; with room for 4 sayk.	Burmese dry measure စိတ် (sayk) romanised, not translated
61869	catudharaṇa	၄-ဓရဏ၊ ရွေး-၁၆၀၊ ၁-သုဝဏ်။	4 *dharaṇa*; 160 ywe; 1 *suvaṇṇa*.	4 *dharaṇa*; 160 ywe; 1 *suvaṇṇa*.	Burmese weight ရွေး (ywe) romanised, not translated
61885	catunaya	၄-ပါးသောနည်း၊ နည်း ၄-ပါး။ (က) (အနုလောမ,ပစ္စနီယ,အနုလျောမပစ္စနီယ,ပစ္စနီယာနုလောမဟူသော) နည်း ၄-ပါး။ (ခ) (ဧကတ္တ,နာနတ္တ,အဗျာပါရ,ဧဝံဓမ္မတာဟူသော) နည်း ၄-ပါး။ «S1»	el método de 4 clases; los 4 métodos. (a) (*anuloma*, *paccanīya*, *anulyomapaccanīya*, *paccanīyānuloma*) los 4 métodos. (b) (*ekatta*, *nānatta*, *abyāpāra*, *evaṁdhammatā*) los 4 métodos. Véase [[catunayakovida]].	the fourfold method; the 4 methods. (a) (*anuloma*, *paccanīya*, *anulyomapaccanīya*, *paccanīyānuloma*) the 4 methods. (b) (*ekatta*, *nānatta*, *abyāpāra*, *evaṁdhammatā*) the 4 methods. See [[catunayakovida]].	source spells အနုလျောမပစ္စနီယ (for အနုလောမပစ္စနီယ); copied as printed
61897	catunāl̤i	၄-စလယ်၊ ၄-ကွမ်းစား (၁-ပြည်)။ «S1»	4 salay; 4 kwunza (1 pyi). Véase [[catunāl̤ika]].	4 salay; 4 kwunza (1 pyi). See [[catunāl̤ika]].	Burmese measures စလယ် (salay), ကွမ်းစား (kwunza), ပြည် (pyi) romanised, not translated
61898	catunāl̤ika	(၁) ၄-စလယ်,၄-ကွမ်းစား-ရှိသော။ (၂) ၄-စလယ်-၄-ကွမ်းစား-ထိုက်တန်သော။	(1) que tiene 4 salay, 4 kwunza. (2) que vale 4 salay / 4 kwunza.	(1) having 4 salay, 4 kwunza. (2) worth 4 salay / 4 kwunza.	Burmese measures romanised, not translated
61899	catunāl̤imatta	၄-စလယ်-၄-ကွမ်းစား-အတိုင်းအရှည်-အရေအတွက်-ရှိသော။	que tiene la medida / cantidad de 4 salay / 4 kwunza.	having the measure / amount of 4 salay / 4 kwunza.	Burmese measures romanised, not translated
61938	catupañcagaṇṭhikā	၄,၅-ဖွဲ့၊ ၄,၅-ဖာ-ရှိသော။ (၂) ၄,၅-ဖွဲ့- ၄,၅-ဖာ-တို့ဖြင့်-ဖွဲ့အပ်-ဖာအပ်-သော။	4, 5 nudos; que tiene 4, 5 remiendos. (2) atado / remendado con 4, 5 nudos / 4, 5 remiendos.	4, 5 knots; having 4, 5 patches. (2) tied / patched with 4, 5 knots / 4, 5 patches.	no (၁) before the first sense, and ၊ splits what 61939 shows as one hyphen chain (4, 5 knots / 4, 5 patches)
61943	catupañcabhūmaka	ဘုံ ၄-ဆင့်,၅-ဆင့်ရှိသော။	que tiene 4, 5 niveles de *bhūmi*.	having 4, 5 tiers of *bhūmi*.	ဘုံ here may mean storeys of a building rather than planes of existence
61944	catupañcabhūmika	ဘုံ ၄-ဆင့်,၅-ဆင့်ရှိသော။	que tiene 4, 5 niveles de *bhūmi*.	having 4, 5 tiers of *bhūmi*.	ဘုံ here may mean storeys of a building rather than planes of existence
61990	catuparimāṇayutta	၄-ပါးသော အတိုင်းအရှည်-,ယှဉ်-ရှိ-သော။ «S1»	que tiene / está asociado con una medida de 4 clases. Véase [[catuvagga]].	having / associated with a fourfold measure. See [[catuvagga]].	hyphen chain garbled (အတိုင်းအရှည်-,ယှဉ်-ရှိ-သော); read as 'associated with / having'
62018	catuporisa	၄-သူရှိသော၊ လက်ခုပ် ၄-ဘောင်ရှိသော။	que mide 4 hombres; que mide 4 ‹လက်ခုပ်ဘောင်›.	measuring 4 men; measuring 4 ‹လက်ခုပ်ဘောင်›.	၄-သူ read as '4 men (in height)'; လက်ခုပ် ၄-ဘောင် is a measure I cannot identify, left in Burmese
62019	catuposathajātaka	(သိကြားမင်း,ဂဠုန်မင်း,နဂါးမင်း,ကောရဗျမင်း) ၄-ယောက်တို့၏ ဥပုသ်စောင့်သုံးခြင်းကို ပြဆိုသောဇာတ်၊	(el rey *sakka*, el rey de los *garuḷa*, el rey de los *nāga*, el rey *korabya*) el *jātaka* que muestra la observancia del *uposatha* por los 4.	(King *sakka*, the king of the *garuḷa*, the king of the *nāga*, King *korabya*) the *jātaka* that tells of the observance of the *uposatha* by the 4.	source ends with ၊, not ။; the definition may be truncated. သိကြားမင်း rendered as Sakka
62022	catuppaṭipadā	(ဒုက္ခာပဋိပဒါဒန္ဓာဘိညာ,ဒုက္ခာပဋိပဒါဓိပ္ပါဘိညာ,သုခါပဋိပဒါဒန္ဓာဘိညာ,သုခါပဋိပဒါခိပ္ပါဘိညာဟူသော) ၄-ပါးသောအကျင့်၊ အကျင့် ၄-ပါး၊ ၄-ပါးသော ပဋိပဒါ၊ ပဋိပဒါ ၄-ပါး။ «S1»	(*dukkhāpaṭipadādandhābhiññā*, *dukkhāpaṭipadādhippābhiññā*, *sukhāpaṭipadādandhābhiññā*, *sukhāpaṭipadākhippābhiññā*) la práctica de 4 clases; las 4 prácticas; la *paṭipadā* de 4 clases; las 4 *paṭipadā*. Véase [[catuppaṭipadābhedabhinna]].	(*dukkhāpaṭipadādandhābhiññā*, *dukkhāpaṭipadādhippābhiññā*, *sukhāpaṭipadādandhābhiññā*, *sukhāpaṭipadākhippābhiññā*) the fourfold practice; the 4 practices; the fourfold *paṭipadā*; the 4 *paṭipadā*. See [[catuppaṭipadābhedabhinna]].	second item printed ဒုက္ခာပဋိပဒါဓိပ္ပါဘိညာ (for …ခိပ္ပါဘိညာ); copied as printed
62025	catuppatta	၄-ခုသော-မြားလွှ-မြားနားရွက်-မြားမြီး-ရှိသော၊ မြား-လွှ-မြားနားရွက်-မြားမြီး-၄-ခုနှင့်ပြည့်စုံသော။	que tiene 4 plumas / aletas / colas de flecha; provisto de 4 plumas / aletas / colas de flecha.	having 4 arrow feathers / vanes / tails; furnished with 4 arrow feathers / vanes / tails.	မြားလွှ, မြားနားရွက်, မြားမြီး read as parts of an arrow's fletching; second gloss has a stray hyphen (မြား-လွှ)
62043	catuppādagāthāvatta	၄-ပါဒရှိသော ဂါထာကိုရွတ်ဆိုမှု-ဝတ်-စသည်းကမ်း။ «S1»	la recitación / el deber / la regla de las estrofas de 4 *pāda*. Véase [[caturassavatta]].	the recitation / duty / rule of verses of 4 *pāda*. See [[caturassavatta]].	စသည်းကမ်း read as စည်းကမ်း (misprint)
62050	catubbidha	(၁) ၄-ပါးသော အဖို့အစု။ (၂) ၄-ပါးသောအပြား။ «S1» (တိ) (၃) ၄-ပါးအပြားရှိသော။ မူရင်းကြည့်ပါ။	(1) la porción de 4 clases. (2) la división de 4 clases. Véase también [[tividha]]. (adjetivo) (3) que tiene 4 divisiones. Véase el original.	(1) the fourfold portion. (2) the fourfold division. See also [[tividha]]. (adjective) (3) having 4 divisions. See the original.	editor's note 'see the original' (မူရင်းကြည့်ပါ) in the source
62052	catubbidhaïcchāpabheda	(အတြိစ္ဆာ,ပါပိစ္ဆာ,မဟိစ္ဆာ,အပ္ပိစ္ဆာဟူသော) ၄-ပါးအပြားရှိသော-အလိုထူး-အလိုဆိုး-။	(*atricchā*, *pāpicchā*, *mahicchā*, *appicchā*) el deseo excesivo / el mal deseo, que tiene 4 divisiones.	(*atricchā*, *pāpicchā*, *mahicchā*, *appicchā*) excessive wish / evil wish, having 4 divisions.	chain ends in a stray hyphen (အလိုထူး-အလိုဆိုး-); 'excessive / evil wish' does not fit appicchā in the list
62054	catubbidhadīpavibhūsita	၄-ပါးအပြားရှိသော ကျွန်းကြီးတို့ငြဖ့်-တန်းဆာဆင်အပ်-တင့်တယ်-သော။	adornado / resplandeciente con las grandes islas que tienen 4 divisiones.	adorned / resplendent with the great islands having 4 divisions.	ငြဖ့် read as ဖြင့် (misprint)
62073	catubbidhavinayayutti	၄-ပါးအပြားရှိသော ဝိနည်းအသင့်ယုတ္တိ။	la *yutti* conforme al *vinaya* de 4 clases.	the *yutti* in accordance with the *vinaya* of 4 kinds.	ယုတ္တိ (yutti, 'fitness / reasoning') kept as Pāḷi; could be rendered 'propriety'
62089	catubbipallāsavasa	၄-ပါးသော ဖောက်ပြန်တတ်သော တရားတို့၏ အလို။	el deseo de los 4 estados que suelen pervertirse.	the wish of the 4 states apt to be perverted.	အလို here renders vasa ('sway, control'); 'deseo / wish' per L039 may be too narrow
62099	catubyūha	(၁) (ဝိဂြိုဟ်,အလို,နိဒါန်း,အနုသန္ဓေ) ၄-ပါးတို့ကို ဝေဖန်သောအားဖြင့်-ပေါင်းရာ-ပေါင်းကြောင်း-ဖြစ်သော ဟာရ၊ စတုဗျူဟဟာရ။ (၂) ၄-ပါးတို့ကို ပေါင်းခြင်းရှိသော ဟာရ၊ ၄-ပါးတို့ကို-ဝေဖန်ခြင်း-ထင်စွာပြခြင်း- လက္ခဏာရှိသော ဟာရ၊ စတုဗျူဟဟာရ။	(1) *hāra* que es el lugar / la causa de reunir, analizando los 4 (*viggaha*, intención, *nidāna*, *anusandhi*); *catubyūhahāra*. (2) *hāra* que tiene la reunión de los 4; *hāra* que tiene como característica el analizar / el mostrar claramente los 4; *catubyūhahāra*.	(1) the *hāra* that is the place / the cause of combining, by analysing the 4 (*viggaha*, intention, *nidāna*, *anusandhi*); *catubyūhahāra*. (2) the *hāra* having the combining of the 4; the *hāra* whose characteristic is the analysing / the clear showing of the 4; *catubyūhahāra*.	အလို in the list read as 'intention' (adhippāya), not L039 'deseo'
62116	catubhāgika	(သီလ,အာစာရ,ဒိဋ္ဌိ,အားဇီဝ ဝိပတ္တိ) ၄-ပါးဖြင့် ဝေဖန်ခြင်း။	(*sīla*, *ācāra*, *diṭṭhi*, *ājīva* *vipatti*) el dividir en 4.	(*sīla*, *ācāra*, *diṭṭhi*, *ājīva* *vipatti*) the dividing into 4.	source has အားဇီဝ, read as a misprint for အာဇီဝ (ājīva)
62124	catubhūma	(၁) ၄-ပါးသောဘုံ၊ ဘုံ ၄-ပါး။ (၂) ဘုံ ၄-ဆင့်၊ ဘုံ ၄-ထပ်။ «S1»	(1) 4 *bhūmi*; los 4 *bhūmi*. (2) *bhūmi* de 4 niveles; *bhūmi* de 4 pisos. Véase [[catubhūmaka]] (2).	(1) 4 *bhūmi*; the 4 *bhūmi*. (2) *bhūmi* of 4 tiers; *bhūmi* of 4 storeys. See [[catubhūmaka]] (2).	in (2) ဘုံ means the storey of a building; kept as ⟦=bhūmi⟧ per the vol. 5 rule
62126	catubhūmaka	(၁) ဘုံ ၄-ပါး၌ဖြစ်သော။ (၂) ဘုံ ၄-ဆင့်ရှိသော။	(1) que surge en los 4 *bhūmi*. (2) que tiene *bhūmi* de 4 niveles.	(1) arising in the 4 *bhūmi*. (2) having *bhūmi* of 4 tiers.	in (2) ဘုံ means the storey of a building; kept as ⟦=bhūmi⟧ per the vol. 5 rule
62135	catubhūmakapāsāda	ဘုံ ၄-ဆင့်ရှိသော ပြာသာဒ်။	palacio que tiene *bhūmi* de 4 niveles.	a palace having *bhūmi* of 4 tiers.	ဘုံ here means the storey / roof tier of a building; kept as ⟦=bhūmi⟧ per the vol. 5 rule
62142	catubhūmika	(၁) ဘုံ ၄-ပါး၌ဖြစ်သော။ (၂) ဘုံ ၄-ဆင့်ရှိသော။	(1) que surge en los 4 *bhūmi*. (2) que tiene *bhūmi* de 4 niveles.	(1) arising in the 4 *bhūmi*. (2) having *bhūmi* of 4 tiers.	in (2) ဘုံ means the storey of a building; kept as ⟦=bhūmi⟧ per the vol. 5 rule
62151	catubhedasaṅgaha	၄-ပါးအပြားရှိသော (အင်္ဂါတို့ကို)-ပေါင်းယူခြင်း-ပေါင်းယူရာ အလွှာ-ရှိသော။	que tiene el reunir / el estrato en que se reúnen (los factores) de 4 clases.	having the collecting / the layer in which are collected (the factors) of 4 kinds.	hyphen scope unclear: -ပေါင်းယူခြင်း-ပေါင်းယူရာ အလွှာ-ရှိသော; read as two alternatives before ရှိသော
62184	catumaṭṭhajātaka	စတုမဋ္ဌဇာတ်၊ ''ကိုယ်,ဇတ်,အသံ,ဂုဏ် ၄-ပါးစုံဖြင့် ချောမောစင်ကြယ် တင့်တယ်ပါပေ၏'' ဟု ကဲ့ရဲ့သံဖြင့် ဟင်္သာ ၂-ကောင်က မြေခွေးအား ပြောဆိုသောဇာတ်။	*catumaṭṭhajātaka*; el *jātaka* en que 2 cisnes dicen al chacal, en tono de reproche: 'eres hermoso, puro y espléndido, completo en los 4: cuerpo, linaje, voz y virtud'.	*catumaṭṭhajātaka*; the *jātaka* in which 2 swans say to the jackal, in a tone of reproach: 'you are handsome, pure and splendid, complete in the 4: body, birth, voice and virtue'.	ဟင်္သာ (haṃsa) rendered cisne / swan; ကဲ့ရဲ့သံ read as mocking reproach
62197	catumahānidhisamuṭṭhānapubbika	ရွှေအိုးကြီး ၄လုံးတို့၏ ရှေးဦးစွာ ဖြစ်ပော်ခြင်းရှိသော။	que tiene el surgimiento previo de 4 grandes tinajas de oro.	having the prior arising of 4 great pots of gold.	source ဖြစ်ပော် read as ဖြစ်ပေါ်
62199	catumahāpadesa	ညွှန်ကြားချက်ကြီး ၄-မျိုး၊ မဟာပဒေသ ၄-ပါး။ မူရင်းကြည့်ပါ။	4 clases de grandes indicaciones; los 4 *mahāpadesa*. Véase el original.	4 kinds of great directives; the 4 *mahāpadesa*. See the original.	editor's note in the source: မူရင်းကြည့်ပါ (see the original)
62208	catumahābhūtamaya	မဟာသုတ် ၄-ပါးတို့ကြောင့်ဖြစ်သော။ «S1»	producido por los 4 *mahābhūta*. Véase también [[cātumahābhūtika]].	produced by the 4 *mahābhūta*. See also [[cātumahābhūtika]].	source has မဟာသုတ်, read as a misprint for မဟာဘုတ်
62215	catumahārāja	(၁) ၄-ယောက်သော နတ်မင်းကြီး၊ နတ်မင်းကြီး ၄-ယောက်ရှိသော နတ်၊ စတုမဟာရာဇ်နတ်။ «S1»	(1) 4 grandes reyes *deva*; *deva* que tienen 4 grandes reyes *deva*; *deva* *catumahārāja*. Véase [[cātumahārājika]] (1).	(1) 4 great *deva* kings; *deva* having 4 great *deva* kings; *catumahārāja* *deva*. See [[cātumahārājika]] (1).	sense (1) is given but no (2); possibly truncated
62220	catumānika	၄-တင်း။	4 canastas (medida de áridos).	4 baskets (a measure of grain).	တင်း is the Burmese basket measure; '(medida de áridos)' added to identify it
62221	catumārābhibhava	မာရ် ၄-ပါးကို-လွှမ်းမိုး-နှိပ်စက်-ခြင်း။ မူရင်းကြည့်ပါ။	el dominar / oprimir a los 4 *māra*. Véase el original.	the overpowering / oppressing of the 4 *māra*. See the original.	editor's note in the source: မူရင်းကြည့်ပါ (see the original)
62234	catumuṭṭhika	၄-ဆုပ်၊ စတုကုဍုဝ-ကြည့်။	4 puñados; véase *catukuḍuva*.	4 handfuls; see *catukuḍuva*.	cross-reference -ကြည့် not converted to a «S» placeholder in the source; rendered in place
62242	catuyuga	(၁) ၄-ပါးသော ယုဂ်၊ ယုဂ် ၄-ပါး။ မူရင်းကြည့်ပါ။ (တိ) (၂) ယုဂ် ၄-ပါးရှိသော (နတ်တို့၏ ယုဂ်တစ်ပါး)။	(1) 4 *yuga*; los 4 *yuga*. Véase el original. (adjetivo) (2) que tiene 4 *yuga* (un *yuga* de los *deva*).	(1) 4 *yuga*; the 4 *yuga*. See the original. (adjective) (2) having 4 *yuga* (one *yuga* of the *deva*).	editor's note in the source: မူရင်းကြည့်ပါ (see the original)
62267	caturaṅganadīsotasantaraṇavāyāma	(လှုိင်းတံပိုး,ဝဲ,ငါးမကရ်း,ဘီလူးရက္ခိုသ်ဟူသော) အင်္ဂါ ၄-ပါးရှိသော မြစ်ရေအယဉ်ကို ကူးမြောက်ခြင်း၌-အားထုတ်ခြင်း-လုံ့လ။	(que son las olas, los remolinos, los peces *makara*, los *yakkha* *rakkhasa*) el esforzarse / el empeño en cruzar la corriente del río que tiene 4 factores.	(namely waves, whirlpools, *makara* fish, *yakkha* *rakkhasa*) the striving / the effort in crossing the current of the river that has 4 factors.	list garbled in the source: ငါးမကရ်း read as makara fish, ဘီလူးရက္ခိုသ် read as yakkha / rakkhasa
62272	caturaṅgavīriya	အင်္ဂါ ၄-ပါးရှိသော-အားထုတ်မှု-ဝီရိယ။ ၄-ပါးသရုပ်ကို။ «S1»	el esfuerzo / el *vīriya* que tiene 4 factores. En cuanto a la naturaleza de los 4: Véase [[caturaṅgasamannāgata]] (b).	the effort / the *vīriya* having 4 factors. For the nature of the 4: See [[caturaṅgasamannāgata]] (b).	fragment ၄-ပါးသရုပ်ကို ('for the nature of the 4') before the cross-reference; rendered literally
62274	caturaṅgasampatti	(အလှူ၏) အင်္ဂါ ၄-ပါး,ပြည့်စုံခြင်း။ ၄-ပါးသရုပ်ကို။ စတုရင်္ဂသမန္နာဂတ-(ဋ)-ကြည့်)။	la plenitud de los 4 factores (de la ofrenda). En cuanto a la naturaleza de los 4, véase *caturaṅgasamannāgata* (k).	the completeness of the 4 factors (of the offering). For the nature of the 4, see *caturaṅgasamannāgata* (k).	cross-reference -ကြည့် left in the text, not a «S» placeholder; (ဋ) = (k); label တိ but the gloss is a noun
62275	caturaṅgasamannāgata	အင်္ဂါ ၄-ပါးနှင့်ပြည့်စုံသော။ (က) (ခြိုးခြံသော အကျင့်ကို ကျင့်ခြင်း,ခေါင်းပါးသော အကျင့်ကို ကျင့်ခြင်း,မကောင်းမှုမှ စက်ဆုပ်သောအကျင့်ကို ကျင့်ခြင်း,ဆိတ်ငြိမ်သော အရပ်၌ နေခြင်းဟူသော) အင်္ဂါ ၄-ပါးနှင့် ပြည့်စုံသော (ဗြဟ္မစရိယ)။ (ခ) (အရေကြွင်းကျန်ခြင်း,အကြော ကြွင်းကျန်ခြင်း,အရိုး ကြွင်းကျန်ခြင်း,အသား,အသွေးခြောက်ခန်းခြင်းဟူသော) အင်္ဂါ ၄-ပါးနှင့်ပြည့်စုံသော (ဝီရိယ)။ (ဂ) (လကွယ်,သန်ကောင် (နေဝင်),တောအုပ်,မိုးတိမ်ဟူသော) အင်္ဂါ ၄-ပါးနှင့် ပြည့်စုံသော (အမိုက်မှောင်)။ (ဃ) (ပီတိ,သုခ,ဧကဂ္ဂတာ,သဒ္ဓါဟူသော) အင်္ဂါ ၄-ပါးနှင့်ပြည့်စုံသော (ဒုတိယဈာန်)။ (င) (တတြမဇ္ဈတ္တုပေက္ခာ,သတိပါရိသုဒ္ဓိ,ဝေဒနုပေက္ခာ,ဧကဂ္ဂတာဟူသော) အင်္ဂါ ၄-ပါးနှင့်ပြည့်စုံသော (စတုတ္ထဈာန်)။ (စ) (ဆင်တပ်,မြင်းတပ်,ရထားတပ်,ခြေလျင်တပ်ဟူသော) အင်္ဂါ ၄-ပါးနှင့် ပြည့်စုံသော (စစ်တပ်)။ (ဆ) (ကောင်းစွာပြောဆိုအပ်သော စကားဖြစ်ခြင်း,တရားနှင့်လျော်ညီသော စကားဖြစ်ခြင်း,ချစ်ခင်နှစ်သက်ဖွယ်သော စကားဖြစ်ခြင်း,မှန်ကန်သော စကားဖြစ်ခြင်းဟူသော) အင်္ဂါ ၄-ပါးနှင့်ပြည့်စုံသော (စကား)။ (ဇ) (ငြူစူမှုမရှိခြင်း,သေရည် သေရက် မသောက်ခြင်း,ချစ်ခင်မှု မရှိခြင်း,စိတ်ဆိုးမှု မရှိခြင်းဟူသော) အင်္ဂါ ၄-ပါးနှင့် ပြည့်စုံသော (ဥယျာဉ်မှူး)။ (ဈ) (စားဆဲဖြစ်ခြင်း,ဘောဇဉ်ဖြစ်ခြင်း,၂-တောင့်ထွာအတွင်း၌တည်၍ ရှေးရှူဆောင်ခြင်း,ပယ်မြစ်ခြင်းဟူသော) အင်္ဂါ ၄-ပါးနှင့်ပြည့်စုံသော (ပဝါရိတ်)။ (ည) (မိမိ,ချစ်အပ်သူ,အလယ်အလတ်ဖြစ်သူ,ရန်သူ-တို့၌ အညီအမျှဖြစ်ခြင်းဟူသော) အင်္ဂါ ၄-ပါးနှင့် ပြည့်စုံသော (မေတ္တာကမ္မဋ္ဌာန်း)။ (ဋ) (တရားသဖြင့်ရရှိအပ်သော လှူဖွယ်ဝတ္ထုဖြစ်ခြင်း,စေတနာ ထက်သန်ခြင်း,အလှူခံပုဂ္ဂိုလ်၏ ရဟန္တာဖြစ်ခြင်း,နိရောဓသမာပတ်မှ ထပြီးစဖြစ်ခြင်း ဟူသော) အင်္ဂါ ၄-ပါးနှင့် ပြည့်စုံသော (ဒါနစေတနာ)။ (ဌ) (တပို့တွဲလပြည့်ဥပုသ်နေ့ဖြစ်ခြင်း,တစ်စုံတစ်ယောက်က မပင့်ဖိတ်ပဲရဟန်းတော်ရာ,ထောင်မကစုဝေးခြင်း,ရဟန်းအားလုံး ဧဟိဘိက္ခုဖြစ်ခြင်း,ရဟန်းအားလုံး အဘိညာဉ် ၆-ပါးနှင့် ပြည့်စုံခြင်းဟူသော) အင်္ဂါ၄-ပါးနှင့်ပြည့်စုံသော	dotado de 4 factores. (a) (que son el practicar la conducta austera, el practicar la conducta frugal, el practicar la conducta que siente repugnancia por las malas acciones, el morar en un lugar apartado) (*brahmacariya*) dotado de 4 factores. (b) (que son el quedar la piel, el quedar los tendones, el quedar los huesos, el secarse la carne, la sangre) (*vīriya*) dotado de 4 factores. (c) (que son la luna nueva, la medianoche (la puesta del sol), la espesura del bosque, las nubes de lluvia) (oscuridad) dotada de 4 factores. (d) (que son *pīti*, *sukha*, *ekaggatā*, *saddhā*) (*dutiyajhāna*) dotado de 4 factores. (e) (que son *tatramajjhattupekkhā*, *satipārisuddhi*, *vedanupekkhā*, *ekaggatā*) (*catutthajhāna*) dotado de 4 factores. (f) (que son las tropas de elefantes, las tropas de caballería, las tropas de carros, las tropas de infantería) (ejército) dotado de 4 factores. (g) (que son el ser palabras bien dichas, el ser palabras conformes a la Enseñanza, el ser palabras amables y agradables, el ser palabras verdaderas) (palabras) dotadas de 4 factores. (h) (que son el no tener envidia, el no beber licores, el no tener afecto, el no tener ira) (jardinero) dotado de 4 factores. (i) (que son el estar comiendo, el ser alimento, el acercarlo estando dentro de 2 codos y un palmo, el rechazar) (*pavārita*) dotado de 4 factores. (j) (que son el ser igual respecto de uno mismo, de la persona querida, de la persona neutral, del enemigo) (*mettākammaṭṭhāna*) dotado de 4 factores. (k) (que son el ser un objeto de ofrenda obtenido con rectitud, el ser ferviente la *cetanā*, el ser *arahant* la persona que recibe la ofrenda, el acabar de salir de la *nirodhasamāpatti*) (*dānacetanā*) dotada de 4 factores. (l) (que son el ser el día de *uposatha* de luna llena del mes de Tabodwe, el reunirse los monjes, cientos, más de mil, sin que nadie los invitara, el ser todos los monjes *ehibhikkhu*, el estar todos los monjes dotados de las 6 *abhiññā*) dotado de 4 factores.	endowed with 4 factors. (a) (namely the practising of austere conduct, the practising of meagre conduct, the practising of conduct that loathes evil deeds, the dwelling in a secluded place) (*brahmacariya*) endowed with 4 factors. (b) (namely the remaining of the skin, the remaining of the sinews, the remaining of the bones, the drying up of the flesh, the blood) (*vīriya*) endowed with 4 factors. (c) (namely the new moon, midnight (sunset), the thick of the forest, rain clouds) (darkness) endowed with 4 factors. (d) (namely *pīti*, *sukha*, *ekaggatā*, *saddhā*) (*dutiyajhāna*) endowed with 4 factors. (e) (namely *tatramajjhattupekkhā*, *satipārisuddhi*, *vedanupekkhā*, *ekaggatā*) (*catutthajhāna*) endowed with 4 factors. (f) (namely elephant troops, cavalry, chariot troops, infantry) (army) endowed with 4 factors. (g) (namely being well-spoken words, being words in accordance with the Teaching, being kind and pleasing words, being true words) (speech) endowed with 4 factors. (h) (namely having no envy, not drinking liquor, having no affection, having no anger) (gardener) endowed with 4 factors. (i) (namely being in the act of eating, being food, bringing it forward while standing within 2 cubits and a span, refusing) (*pavārita*) endowed with 4 factors. (j) (namely being equal towards oneself, the dear person, the neutral person, the enemy) (*mettākammaṭṭhāna*) endowed with 4 factors. (k) (namely the gift being a thing obtained righteously, the *cetanā* being ardent, the recipient being an *arahant*, the recipient having just risen from *nirodhasamāpatti*) (*dānacetanā*) endowed with 4 factors. (l) (namely its being the full-moon *uposatha* day of the month Tabodwe, the monks assembling, hundreds, more than a thousand, without anyone inviting them, all the monks being *ehibhikkhu*, all the monks being endowed with the 6 *abhiññā*) endowed with 4 factors.	(l) is truncated: it ends without its noun, and its list has five items for 4 factors; ရဟန်းတော်ရာ,ထောင်မက unclear (read as 'hundreds, more than a thousand'); Tabodwe is a Burmese month name
62280	caturaṅginisenā	အင်္ဂါ ၄-ပါးရှိသော စစ်တပ်။ ၄-ပါးသရုပ်ကို။ စတုရင်္ဂသမန္နာဂတ-(စ)-ကြည့်)။	ejército que tiene 4 factores. En cuanto a la naturaleza de los 4, véase *caturaṅgasamannāgata* (f).	an army having 4 factors. For the nature of the 4, see *caturaṅgasamannāgata* (f).	cross-reference -ကြည့် left in the text, not a «S» placeholder; (စ) = (f)
62300	caturaṅgulopari	(မြေမှ) လက် ၄-သစ်၏ အထက်။	(desde el suelo) por encima de 4 dedos.	(from the ground) above 4 finger-breadths.	label ဗျ (indeclinable) is not in the label table
62311	caturadhiṭṭhānaparipūritābhibuddha	အဓိဋ္ဌာန်တရား ၄-ပါးဖြင့် ဖြည့်ကျင့်အပ်သည်ဖြစ်၍-လွန်စွာ-အစွမ်းကုန်-တိုးပွါးသော။	que, habiendo sido cumplido mediante los 4 estados *adhiṭṭhāna*, crece sumamente / hasta el límite de su capacidad.	which, having been fulfilled by the 4 *adhiṭṭhāna* states, grows exceedingly / to the utmost of its power.	headword -abhibuddha but the gloss is that of -abhivuddha ('grows'); possibly repeated from the previous entry
62317	caturassa	(၁) ၄-ခုသော အထောင့်၊ ၄-ထောင့်။ (ပု) (၂) ၄-ထောင့်အနွယ်ရှိသော အပင်၊ ကြံဟင်းဖြူ။ (တိ) (၃) ၄-ခုသော အထောင့်ရှိသော၊ ၄-ထောင့်ရှိသော။	(1) 4 esquinas; cuadrado. (masculino) (2) planta que tiene un tallo trepador de 4 aristas; ‹ကြံဟင်းဖြူ›. (adjetivo) (3) que tiene 4 esquinas; cuadrado.	(1) 4 corners; a square. (masculine) (2) a plant having a four-angled climbing stem; ‹ကြံဟင်းဖြူ›. (adjective) (3) having 4 corners; square.	plant ကြံဟင်းဖြူ not identified with confidence; perhaps Cissus quadrangularis (four-angled vine)
62321	caturassaambaṇa	၄-ထောင့်ရှိသောထက်စည်၊ ၄-ထောင့်ထက်စည်။ «S1»	tambor ‹ထက်စည်› que tiene 4 esquinas; tambor ‹ထက်စည်› cuadrado. Véase [[caturassaambaṇakatāl̤a]].	a ‹ထက်စည်› drum having 4 corners; a square ‹ထက်စည်› drum. See [[caturassaambaṇakatāl̤a]].	ထက်စည် not identified: a kind of drum (it is struck, see the next entries)
62322	caturassaambaṇaka	၄-တောင့်ရှိသောထက်စည်၊ ၄-ထောင့်ထက်စည်။ «S1»	tambor ‹ထက်စည်› que tiene 4 esquinas; tambor ‹ထက်စည်› cuadrado. Véase [[caturassaambaṇakatāl̤a]].	a ‹ထက်စည်› drum having 4 corners; a square ‹ထက်စည်› drum. See [[caturassaambaṇakatāl̤a]].	ထက်စည် not identified: a kind of drum; source ၄-တောင့် read as ၄-ထောင့်
62323	caturassaambaṇakatāl̤a	၄-ထောင့်ထက်စည်ကို တီးခြင်း။	el tocar el tambor ‹ထက်စည်› cuadrado.	the beating of the square ‹ထက်စည်› drum.	ထက်စည် not identified: a kind of drum
62324	caturassaambaṇatāl̤asadda	၄-ထောင့်ထက်စည်ကို တီးခြင်းကြောင့်ဖြစ်သောအသံ၊ ၄-ထောင့်ထက်စည်တီးသံ။	el sonido producido por tocar el tambor ‹ထက်စည်› cuadrado; el sonido del tambor ‹ထက်စည်› cuadrado al tocarlo.	the sound produced by beating the square ‹ထက်စည်› drum; the sound of the square ‹ထက်စည်› drum being beaten.	ထက်စည် not identified: a kind of drum
62325	caturassaambaṇavādita	တီးအပ်သော ၄-ထောင့်ထက်စည်။	tambor ‹ထက်စည်› cuadrado que es tocado.	a square ‹ထက်စည်› drum that is beaten.	ထက်စည် not identified: a kind of drum
62331	caturassaghaṭikā	၄-ထောင့်မင်းတုပ်၊ ၄-ထောင့်ကျည်မ။	‹မင်းတုပ်› cuadrado; ‹ကျည်မ› cuadrado.	a square ‹မင်းတုပ်›; a square ‹ကျည်မ›.	မင်းတုပ် and ကျည်မ not identified; ghaṭikā is perhaps a door bolt or bar
62332	caturassacaya	၄-ထောင့်အကျည်။	‹အကျည်› cuadrado.	a square ‹အကျည်›.	အကျည် not identified; perhaps a railing or enclosure (cf. vedikā, 62346)
62345	caturassavalli	ကြံဟင်းဖြူနွယ်။	la enredadera ‹ကြံဟင်းဖြူ›.	the ‹ကြံဟင်းဖြူ› creeper.	plant ကြံဟင်းဖြူ not identified with confidence; perhaps Cissus quadrangularis (four-angled vine)
62346	caturassavedikā	၄-ထောင့်အကျည်။ «S1»	‹အကျည်› cuadrado. Véanse también [[caturassacaya]], [[chattavedikā]].	a square ‹အကျည်›. See also [[caturassacaya]], [[chattavedikā]].	အကျည် not identified; vedikā suggests a railing or enclosure
62363	caturāriyasacca	အရိယာတို့၏ အမှန်တရား ၄-ပါး,မြင့်မြတ်-ဖြူစင်-သော အမှတ်တရား ၄-ပါး။	las 4 verdades de los *ariya*; las 4 verdades elevadas / puras.	the 4 truths of the *ariya*; the 4 lofty / pure truths.	second gloss has အမှတ်တရား, read as a misprint for အမှန်တရား (truth); a comma stands where ၊ is expected
62385	caturāl̤haka	၄-ပြည်၊ ၁-စိတ်။	4 ‹ပြည်›; 1 ‹စိတ်›.	4 ‹ပြည်›; 1 ‹စိတ်›.	Burmese capacity measures pyi and seit (4 pyi = 1 seit) left in Burmese
62400	caturoghuttaraṇaṭṭha	ဩဃ ၄-ပါးမှ ထွက်မြောက်ကြောင်း အနက်သဘော။	el sentido de ser causa de escapar de los 4 *ogha*.	the sense of being the cause of escaping from the 4 *ogha*.	label တိ but the gloss is a noun
62403	catuvaggakaraṇa	စတုဝဂ်သံဃာသည် ပြုအပ်သောကံ။	el *kamma* que ha de realizar el *saṅgha* *catuvagga*.	the *kamma* to be done by the *catuvagga* *saṅgha*.	ကံ here is the Saṅgha's formal act (saṅghakamma)
62419	catuvāhī	မြင်း ၄-ကောင်၊ မြင်း ၄-စီး။	4 caballos; 4 caballos.	4 horses; 4 horses.	two Burmese classifiers (ကောင်, စီး) for the same '4 horses'
62439	catuvīsatisamantapaṭṭhāna	(၁) (က) အလုံးစုံသော အဖို့အစု-ပြည့်စုံသောနည်း-တို့ဖြင့် ဖြစ်သော ၂၄-ပါး ပဋ္ဌာန်းကျမ်း။ (ခ) ၂၄-ပါးသော-အလုံးစုံသော အဖို့အစု-ပြည့်စုံသောနည်း-တို့ဖြင့်ဖြစ်သော ပဋ္ဌာန်းကျမ်း၊ ၂၄-ပါးသော သမန္တပဋ္ဌာန်းကျမ်း။ ၊ သမန္တပဋ္ဌာန်းကျမ်း ၂၄-ကျမ်း။ မူရင်းကြည့်ပါ။ (တိ) (၂) သမန္တပဋ္ဌာန်း ၂၄-ကျမ်း-ရှိ-ပါဝင်-သော (အဘိဓမ္မပိဋက)။	(1) (a) los 24 textos del *paṭṭhāna* que surgen por medio de todas las partes / los métodos completos. (b) el texto del *paṭṭhāna* que surge por medio de las 24 — todas las partes / los métodos completos —; los 24 textos *samantapaṭṭhāna*; los 24 textos *samantapaṭṭhāna*. Véase el original. (adjetivo) (2) que tiene / que incluye los 24 textos *samantapaṭṭhāna* (*abhidhammapiṭaka*).	(1) (a) the 24 texts of the *paṭṭhāna* arising by means of all the parts / the complete methods. (b) the text of the *paṭṭhāna* arising by means of the 24 — all the parts / the complete methods —; the 24 *samantapaṭṭhāna* texts; the 24 *samantapaṭṭhāna* texts. See the original. (adjective) (2) having / including the 24 *samantapaṭṭhāna* texts (*abhidhammapiṭaka*).	editor's note in the source: မူရင်းကြည့်ပါ (see the original); stray ၊ after (b); hyphen scope in (a)/(b) unclear
62451	catuvokārabhava	စတုဝေါကာရဘဝ၊ စတုဝေါကာရဘုံ။ (က) ၄-ပါးသော နာမ်ခန္ဓာတို့ဖြင့် ရောပြွမ်းသောဘဝ။ (ခ) ၄-ပါးသော နာမ်ခန္ဓာတို့ဖြင့် ရောပြွမ်းခြင်းရှိသောဘဝ။ (ဂ) ၄-ပါးသော ခန္ဓာရှိသောဘဝ၊ ခန္ဓ ၄-ပါးရှိသော ဘဝ။ (ဃ) ၄-ပါးသော နာမ်ခန္ဓာတို့ဖြင့်-ဖြန့်အပ်-ပျံ့နှံ့စေအပ်-ချဲ့အပ်-ကျယ်ပွါးစေအပ်-သောဘဝ။ «S1» (င) ၄-ပါးသော-ပျံ့နှံ့ခြင်း-ပျံ့နှံ့၍ဖြစ်စေတတ်သော ခန္ဓာ-ရှိသောဘဝ။ «S2»	*catuvokārabhava*; *catuvokārabhūmi*. (a) *bhava* mezclado con los 4 *nāmakkhandha*. (b) *bhava* que tiene el mezclarse con los 4 *nāmakkhandha*. (c) *bhava* que tiene 4 *khandha*; *bhava* que tiene los 4 *khandha*. (d) *bhava* extendido / difundido / ampliado / expandido por los 4 *nāmakkhandha*. Véase también [[ekavokārabhava]]. (e) *bhava* que tiene 4 difusiones / *khandha* que suelen producir difundiéndose. Véase también [[ekavokārabhava]].	*catuvokārabhava*; *catuvokārabhūmi*. (a) the *bhava* mixed with the 4 *nāmakkhandha*. (b) the *bhava* having the mixing with the 4 *nāmakkhandha*. (c) the *bhava* having 4 *khandha*; the *bhava* having the 4 *khandha*. (d) the *bhava* spread / diffused / extended / expanded by the 4 *nāmakkhandha*. See also [[ekavokārabhava]]. (e) the *bhava* having 4 spreadings / *khandha* apt to produce by spreading. See also [[ekavokārabhava]].	(e) hyphen scope unclear: -ပျံ့နှံ့ခြင်း-ပျံ့နှံ့၍ဖြစ်စေတတ်သော ခန္ဓာ-ရှိသော; (c) source ခန္ဓ read as ခန္ဓာ
62455	catusaṅkhepa	(၁) ၄-ပါးသော-အဖို့-အစု၊ ၄-ဖို့၊ ၄-စု။ (က) ၄-ဖို့၊ ၄-စု၊ ၄-ပုံ၊ ၄-လွှာ။ မူရင်းကြည့်ပါ။ (ခ) (ဣန္ဒြေ,ဗိုလ်,ဗောဇ္ဈင်မဂ္ဂင်ဟူသော) ၄-ဖို့၊ ၄-စု။ ၄-မျိုး။ (ဂ) ၄-ထပ်။ (တိ) (၂) ၄-ဖို့-၄-စု-၄-ပုံ-၄-လွှာ-ရှိသော။	(1) 4 partes / grupos; 4 partes; 4 grupos. (a) 4 partes; 4 grupos; 4 montones; 4 capas. Véase el original. (b) (que son *indriya*, *bala*, *bojjhaṅga* *maggaṅga*) 4 partes; 4 grupos. 4 clases. (c) 4 pliegues. (adjetivo) (2) que tiene 4 partes / 4 grupos / 4 montones / 4 capas.	(1) 4 parts / groups; 4 parts; 4 groups. (a) 4 parts; 4 groups; 4 heaps; 4 layers. See the original. (b) (namely *indriya*, *bala*, *bojjhaṅga* *maggaṅga*) 4 parts; 4 groups. 4 kinds. (c) 4 folds. (adjective) (2) having 4 parts / 4 groups / 4 heaps / 4 layers.	editor's note in the source: မူရင်းကြည့်ပါ (see the original); (b) lists only 3 items (ဗောဇ္ဈင်မဂ္ဂင် without a comma) for 4
62486	catusaccadassana	(၁) သစ္စာ ၄-ပါးကိုသိမြင်ခြင်း။ (၂) သစ္စာ ၄-ပါးကို သိမြင်ကြောင်းဉာဏ်။ (၃) သစ္စာ ၄-ပါးကို သိမြင်တတ်သော။ (တိ) (၄) သစ္စာ ၄-ပါးကို သိမြင်တတ်သော။ «S1»	(1) el conocer y ver las 4 verdades. (2) el conocimiento, causa de conocer y ver las 4 verdades. (3) que suele conocer y ver las 4 verdades. (adjetivo) (4) que suele conocer y ver las 4 verdades. Véanse [[catusaccadassanaṭṭha]], [[catusaccadassanabhāva]].	(1) the knowing and seeing of the 4 truths. (2) the knowledge that is the cause of knowing and seeing the 4 truths. (3) apt to know and see the 4 truths. (adjective) (4) apt to know and see the 4 truths. See [[catusaccadassanaṭṭha]], [[catusaccadassanabhāva]].	(3) and (4) are identical; (3) stands before the (တိ) label
62494	catusaccadhamma	သစ္စာ ၄-ပါးတရား။	la Enseñanza de las 4 verdades.	the Teaching of the 4 truths.	တရား here read as 'the Teaching' (L001); could be 'state'
62572	catusaṭṭhikahāpaṇa	၆၄-အသပြာ၊ ၆၄-ကျပ်။	64 *kahāpaṇa*; 64 kyats.	64 *kahāpaṇa*; 64 kyats.	အသပြာ rendered as ⟦=kahāpaṇa⟧ (the coin); ကျပ် kept as kyat.
62613	catusamudda	၄-စင်းသော သမုဒ္ဒရာ၊ သမုဒ္ဒရာ ၄-စင်း။ မူရင်းကြည့်ပါ။ «S1»	los océanos, que son cuatro; cuatro océanos. véase el original. Véase [[catusamuddaanta]].	the oceans, which are four; four oceans. see the original. See [[catusamuddaanta]].	Source has the editor's note မူရင်းကြည့်ပါ (see the original).
62630	catusāla	(၁) ၄-ဆောင်သော ကျောင်း၊ ကျောင်း ၄-ဆောင်။ (ထီ) (၂) ၄-မျက်နှာတို့၌ ဆက်ထားသော ကျောင်း၊ ၄-ဆောင်တွဲကျောင်း။ (၃) မုခ်ထွက် ၄-မျက်နှာတို့,ယှဉ်သော ကျောင်း၊ မုခ်ထွက် ၄-မျက်နှာရှိသော ကျောင်း။ «S1»	(1) el edificio que tiene cuatro salas; cuatro salas de un edificio. (femenino) (2) el edificio unido por los cuatro lados; el edificio de cuatro salas unidas. (3) el edificio unido a cuatro frentes con pórtico saliente; el edificio que tiene cuatro frentes con pórtico saliente. Véanse [[catusāladvāra]], [[catusālabhatta]].	(1) the building having four halls; four halls of a building. (feminine) (2) the building joined on the four sides; the building of four joined halls. (3) the building joined to four fronts with projecting porches; the building having four fronts with projecting porches. See [[catusāladvāra]], [[catusālabhatta]].	ကျောင်း rendered 'edificio / building' (a quadrangle hall); could be 'monasterio / monastery'.
62631	catussāla	(၁) ၄-ဆောင်သော ကျောင်း၊ ကျောင်း ၄-ဆောင်။ (ထီ) (၂) ၄-မျက်နှာတို့၌ ဆက်ထားသော ကျောင်း၊ ၄-ဆောင်တွဲကျောင်း။ (၃) မုခ်ထွက် ၄-မျက်နှာတို့,ယှဉ်သော ကျောင်း၊ မုခ်ထွက် ၄-မျက်နှာရှိသော ကျောင်း။ «S1»	(1) el edificio que tiene cuatro salas; cuatro salas de un edificio. (femenino) (2) el edificio unido por los cuatro lados; el edificio de cuatro salas unidas. (3) el edificio unido a cuatro frentes con pórtico saliente; el edificio que tiene cuatro frentes con pórtico saliente. Véanse [[catusāladvāra]], [[catusālabhatta]].	(1) the building having four halls; four halls of a building. (feminine) (2) the building joined on the four sides; the building of four joined halls. (3) the building joined to four fronts with projecting porches; the building having four fronts with projecting porches. See [[catusāladvāra]], [[catusālabhatta]].	ကျောင်း rendered 'edificio / building' (a quadrangle hall); could be 'monasterio / monastery'.
62694	cattālīsasata	၄၀-ပိုလွန်သော တရာ၊ တရာ့လေးဆယ်။ မူရင်းကြည့်ပါ။	cien que excede en 40; ciento cuarenta. véase el original.	a hundred exceeding by 40; a hundred and forty. see the original.	Source has the editor's note မူရင်းကြည့်ပါ (see the original).
62704	cattha	(၁) စ၊ စသဒ္ဒါ၏ ။ (တိ) (၂) (ဣတရီတရယောဂ,သမာဟာရ ဟူသော) စသဒ္ဒါ၏ ရှိသော။ «S1»	(1) *ca*; … de la palabra *ca*. (adjetivo) (2) que tiene … de la palabra *ca* (es decir, *itarītarayoga*, *samāhāra*). Véase [[catthasamāsa]].	(1) *ca*; … of the word *ca*. (adjective) (2) having … of the word *ca* (namely *itarītarayoga*, *samāhāra*). See [[catthasamāsa]].	Truncated: a noun after စသဒ္ဒါ၏ is missing in both senses (probably အနက် 'meaning').
62707	canaṁ	ကိဉ္စန (ဇာ၊ ၂။ ၈၈) န္တိ တံ အပ္ပမတ္တကမ္ပိ။ ဇာ၊ ဋ္ဌ၊ ၅။ ၃၇၃-စသည်။ «S1»	*kiñcana* … *nti taṁ appamattakampi*, etc. Véanse también [[kuhiñcanaṁ]], [[kudācanaṁ]].	*kiñcana* … *nti taṁ appamattakampi*, etc. See also [[kuhiñcanaṁ]], [[kudācanaṁ]].	Label ဗျ (indeclinable) is not in the label table; definition is only a Pāḷi quotation split by a citation (dropped).
62708	cana	အသာကလျေ တု စန စိ၊ နိပ္ဖလေ တု မုဓာ ဘဝေ။	*asākalye tu cana ci. nipphale tu mudhā bhave*.	*asākalye tu cana ci. nipphale tu mudhā bhave*.	Definition is only a Pāḷi verse (lexicon quotation); nothing Burmese to translate.
62709	cani	နာဟံ ကွစနီ (မ၊ ၃။ ၅၀) တိကွစိ အတ္တာနံ န ပဿတိ။ မ၊ ဋ္ဌ၊ ၄။ ၄၃-စသည်။	*nāhaṁ kvacanī* … *tikvaci attānaṁ na passati*, etc.	*nāhaṁ kvacanī* … *tikvaci attānaṁ na passati*, etc.	Label ဗျ (indeclinable) is not in the label table; definition is only a Pāḷi quotation split by a citation (dropped).
62710	canda	(၁) စန်း၊ လ၊ လဝန်း၊ လပြည့်ဝန်း၊ လ-ဗိမာန်၊ တနင်းလာဂြိုဟ်။ မူရင်းကြည့်ပါ။ «S1» (၂) စန္ဒနတ်သား၊ လနတ်သား။ (၃) စန္ဒမည်သော သူ။ (က) (ဘုရားလောင်း) စန္ဒမင်းသား၊ စန္ဒကုမာရ။ (ခ) (အရှင်အာနန္ဒာလောင်း) ဂါမဏိစန္ဒ။ (ဂ) (ကောဏ္ဍညဘုရားရှင်၏ အလုပ်အကျွေးဖြစ်သော) စန္ဒမင်း။ (ဃ) (ဝိဓုရပဏ္ဍိတ၏ အဖဖြစ်သော) စန္ဒပုဏ္ဏား။ (င) (ဘုရားလောင်း) စန္ဒကိန္နရာ။ (၄) သုမနဘုရားလောင်း၏ စန္ဒမည်သော-ပြာသာဒ်-နန်းဆောင်။ (၅) စန္ဒမည်သော တောင်။ (၆) ပရုတ်။	(1) la luna; la luna; el disco lunar; el disco de la luna llena; la luna / el *vimāna* (de la luna); el astro del lunes. véase el original. Véase también [[candimasūriya]]. (2) el *devaputta* *canda*; el *devaputta* de la luna. (3) una persona llamada *canda*. (a) (el futuro Buddha) el príncipe *canda*; *candakumāra*. (b) (el futuro venerable *Ānanda*) *gāmaṇicanda*. (c) (servidor del Buddha *koṇḍañña*) el rey *canda*. (d) (padre de *vidhurapaṇḍita*) el brahmán *canda*. (e) (el futuro Buddha) el *kinnara* *canda*. (4) el palacio / aposento real llamado *canda* del futuro Buddha *sumana*. (5) la montaña llamada *canda*. (6) alcanfor.	(1) the moon; the moon; the lunar disc; the disc of the full moon; the moon / the *vimāna* (of the moon); the planet of Monday. see the original. See also [[candimasūriya]]. (2) the *devaputta* *canda*; the *devaputta* of the moon. (3) a person named *canda*. (a) (the future Buddha) Prince *canda*; *candakumāra*. (b) (the future Venerable *Ānanda*) *gāmaṇicanda*. (c) (attendant of the Buddha *koṇḍañña*) King *canda*. (d) (father of *vidhurapaṇḍita*) the brahmin *canda*. (e) (the future Buddha) the *kinnara* *canda*. (4) the palace / royal hall named *canda* of the future Buddha *sumana*. (5) the mountain named *canda*. (6) camphor.	Source has the editor's note မူရင်းကြည့်ပါ (see the original). စန်း and လ are two Burmese words for 'moon', both rendered 'luna / moon'; ဘုရားလောင်း rendered 'el futuro Buddha / the future Buddha'.
62724	candakinnarījātaka	စန္ဒကိန္နရီဇာတ်၊ ရာဟုလမယ်တော် ယသောဓရာ စန္ဒကိန္နရီဖြစ်စည်အခါက ဘုရားလောင်းအပော်၌ ချစ်ခြင်းမေတ္တာ အားကြီးပုံကို ဟောကြားသောဇာတ်။	el *Candakinnarījātaka*; el *jātaka* que expone cuán grande era el amor y afecto hacia el futuro Buddha de *yasodharā*, madre de *rāhula*, cuando era *candakinnarī*.	the *Candakinnarījātaka*; the *jātaka* teaching how great was the love and affection towards the future Buddha of *yasodharā*, mother of *rāhula*, when she was *candakinnarī*.	Source typos read as ဖြစ်စဉ် and အပေါ်.
62734	candagutta	စန္ဒဂုတ္တမည်သောသူ။ (က) စန္ဒဂုတ်ထေရ်။ «S1» (ခ) စန္ဒဂုတ်မင်း။ မူရင်းကြည့်ပါ။	persona llamada *candagutta*. (a) el *thera* *Candagutta*. Véase [[candaguttatthera]]. (b) el rey *Candagutta*. véase el original.	a person named *candagutta*. (a) the *thera* *Candagutta*. See [[candaguttatthera]]. (b) King *Candagutta*. see the original.	Source has the editor's note မူရင်းကြည့်ပါ (see the original).
62738	candaggaha	လကို-ရာဟု-အသုရိန်-ဖမ်းယူသောအခါ၊ လင်ပုပ်ဖမ်း-လကြတ်-လကျစ်-သောအခါ။	cuando *rāhu* / el *asurinda* atrapa la luna; cuando ‹လင်ပုပ်› la atrapa / hay eclipse de luna / la luna se oscurece.	when *rāhu* / the *asurinda* seizes the moon; when ‹လင်ပုပ်› seizes it / there is a lunar eclipse / the moon is darkened.	လင်ပုပ် is the Burmese name of Rāhu, left in Burmese; လကြတ် and လကျစ် both mean a lunar eclipse.
62739	candaggāha	လကို-ရာဟု-အသုရိန်-ဖမ်းယူခြင်း၊ လင်ပုပ်ဖမ်းခြင်း၊ လကြတ်ခြင်း၊ လကျစ်ခြင်း။ မူရင်းကြည့်ပါ။	el atrapar la luna *rāhu* / el *asurinda*; el atraparla ‹လင်ပုပ်›; el eclipse de luna; el oscurecimiento de la luna. véase el original.	the seizing of the moon by *rāhu* / the *asurinda*; the seizing by ‹လင်ပုပ်›; the lunar eclipse; the darkening of the moon. see the original.	Source has the editor's note မူရင်းကြည့်ပါ (see the original). လင်ပုပ် is the Burmese name of Rāhu, left in Burmese.
62741	candati	(၁) လိမ်းကျံ-ခြယ်သ-၏။ (၂) စိုစွတ်၏။ (၃) ထွန်းပ-တင့်တယ်-၏။	(1) unge / adorna. (2) está húmedo. (3) brilla / resplandece.	(1) anoints / adorns. (2) is moist. (3) shines / is resplendent.	Label ကာ၊ကြိ: ကာ is not in the label table.
62753	candanagandha	(၁) (က) စန္ဒကူးရနံ့၊ စန္ဒကူးနံ့။ (ခ) (နံ့သာမျိုး ၄-ပါးဖြင့် ရောစပ်ထားသော) စန္ဒကူးရွှေရနံ့၊ စန္ဒကူးရွှေနံ့။ (၂) စန္ဒကူးနံ့သာ (အတုံး,အခဲ,အမှုန့်,အရည်-စသည်)။	(1) (a) aroma de sándalo; olor de sándalo. (b) (mezclado con cuatro clases de perfumes) aroma de sándalo dorado; olor de sándalo dorado. (2) perfume de sándalo (en trozos, terrones, polvo, líquido y demás).	(1) (a) the scent of sandalwood; the smell of sandalwood. (b) (mixed with four kinds of perfume) the scent of golden sandalwood; the smell of golden sandalwood. (2) sandalwood perfume (in pieces, lumps, powder, liquid and so on).	စန္ဒကူးရွှေ read as 'golden sandalwood'; uncertain.
62779	candanapūjanakattheraapadāna	စန္ဒနပူဇနကထေရ်၏-အကြောင်းအရာ-အဋ္ဌုပ္ပတ်။	la historia / el relato de origen del *thera* *candanapūjanaka*.	the account / the story of origin of the *thera* *candanapūjanaka*.	အဋ္ဌုပ္ပတ် (aṭṭhuppatti) rendered 'relato de origen / story of origin'.
62786	candanamāliya	စန္ဒနမာလိယထေရ်၊ စန္ဒကူးနှင့် အင်ကြင်းပန်း-လှူဒါန်း-ပူဇော်-ခဲ့ဖူးသောထေရ်။	el *thera* *candanamāliya*; el *thera* que en otro tiempo ofreció / veneró con sándalo y flores de ‹အင်ကြင်း›.	the *thera* *candanamāliya*; the *thera* who once offered / honoured with sandalwood and ‹အင်ကြင်း› flowers.	Plant ‹အင်ကြင်း› left in Burmese; tentatively the sal tree (Shorea sp.).
62787	candanamāl̤a	စန္ဒကူးနီကျောင်း။ မူရင်းကြည့်ပါ။	el monasterio de sándalo rojo. véase el original.	the red sandalwood monastery. see the original.	Source has the editor's note မူရင်းကြည့်ပါ (see the original).
62801	candanasahacaraṇa	စန္ဒကူး,အတူတကွဖြစ်ခြင်း။ «S1»	el sándalo, el estar juntos. Véase [[candana]] (2).	sandalwood, the being together. See [[candana]] (2).	Burmese is terse (စန္ဒကူး,အတူတကွဖြစ်ခြင်း); probably 'the occurring together with sandalwood'.
62809	candanasutta	စန္ဒနသုတ်၊ အခါခပ်သိမ်းသီလနှင့်ပြည့်စုံသော,ပညာရှိသော,ကောင်းစွာတည်ကြည်သော,ထက်သန်သော လုံ့လဝီရိယရှိသော,နိဗ္ဗာန်သို့စေလွှတ်ထားသော စိတ်ရှိသော သူသည် ကူးမြောက်နိုင်ခဲသော သံသရာအယဉ်ကို အမြဲမပြတ်နေ့ညဉ့်ပတ်လုံး ကူးခတ်နေသူ မည်၏၊ သံယောဇဉ်တရား ၁၀-ပါးကို လွန်မြောက်ပြီး၍ နှစ်သက်စွဲလမ်းခြင်း ''နန္ဒီရာဂ'' ကုန်ပြီးသော သူသည် ထောက်တည်ရာလည်းမရှိ,ဆွဲကိုင်ရာလည်းမရှိသော သံဥရာအယဉ်၌ မနစ်မြုပ်နိုင်-ဟု စန္ဒနနတ်သား၏ အမေးကို ဖြေဆိုတော်မူသောအားဖြင့် ဟောတော်မူသောသုတ်။	el *Candanasutta*; el sutta expuesto en respuesta a la pregunta del *devaputta* *candana*, diciendo: “quien está siempre dotado de *sīla*, tiene *paññā*, está bien concentrado, tiene un esfuerzo y *vīriya* ardientes y tiene la mente dirigida hacia Nibbāna, se llama el que cruza, sin cesar, día y noche, la corriente del *saṁsāra*, difícil de cruzar; quien, habiendo superado los diez *saṁyojana*, ha extinguido el deleite y el apego, “*nandīrāga*”, no se hunde en la corriente del *saṁsāra*, que no tiene donde apoyarse ni donde asirse”.	the *Candanasutta*; the sutta taught in answer to the question of the *devaputta* *candana*, saying: “one who is always endowed with *sīla*, has *paññā*, is well composed, has ardent effort and *vīriya*, and has the mind directed towards Nibbāna, is called one who crosses, unceasingly, day and night, the current of *saṁsāra*, hard to cross; one who, having gone beyond the ten *saṁyojana*, has exhausted delight and attachment, “*nandīrāga*”, does not sink in the current of *saṁsāra*, which has no foothold and nothing to hold on to”.	Source typo သံဥရာ read as သံသရာ (saṁsāra).
62816	candanika	တံစီးတွင်း၊ ညွန်မရှိသော တံစီးတွင်း၊ ဆေးကြောပြီးရေ,ကိုယ်ဝန် အညစ်အကြေး စသည်တို့ကို စွန့်ပစ်ရာအရပ်၊ ဆေးကြောပြီးရေ,ကိုယ်ဝန်အညစ်အကြေးစသည်တို့၏ စီးဝင်ရာအရပ်။ «S1»	el pozo de desagüe; el pozo de desagüe sin fango; el lugar donde se vierten el agua de lavar, la suciedad del cuerpo y demás; el lugar adonde fluyen el agua de lavar, la suciedad del cuerpo y demás. Véase también [[candanikaṭṭhāna]].	the drain pit; the drain pit without mud; the place where washing water, bodily filth and so on are thrown away; the place into which washing water, bodily filth and so on flow. See also [[candanikaṭṭhāna]].	ကိုယ်ဝန် (normally 'pregnancy') read here as 'of the body'; uncertain.
62817	candanikaṭṭhāna	(ညွန်မရှိသော) တံစီးတွင်းအရပ်၊ ဆေးကြောပြီးရေ,ကိုယ်ဝန် အညစ်အကြေး စသည်တို့၏ စီးဝင်ရာအရပ်။	el lugar del pozo de desagüe (sin fango); el lugar adonde fluyen el agua de lavar, la suciedad del cuerpo y demás.	the place of the drain pit (without mud); the place into which washing water, bodily filth and so on flow.	ကိုယ်ဝန် (normally 'pregnancy') read here as 'of the body'; uncertain.
62820	candaniyā	(ညွန်မရှိသော) တံစီးတွင်း၊ ဆေးကြောပြီးရေ,ကိုယ်ဝန်အညစ်အကြေးစသည်တို့ကို စွန့်ပစ်ရာအရပ်။	el pozo de desagüe (sin fango); el lugar donde se vierten el agua de lavar, la suciedad del cuerpo y demás.	the drain pit (without mud); the place where washing water, bodily filth and so on are thrown away.	ကိုယ်ဝန် (normally 'pregnancy') read here as 'of the body'; uncertain.
62830	candapadumā	စန္ဒပဒုမာမည်သော မိန်းမ၊ မေဏ္ဍကသူဋ္ဌေးကတော် စန္ဒပဒုမာ။ မူရင်းကြည့်ပါ။	la mujer llamada *candapadumā*; *candapadumā*, esposa del millonario *meṇḍaka*. véase el original.	the woman named *candapadumā*; *candapadumā*, wife of the millionaire *meṇḍaka*. see the original.	Source has the editor's note မူရင်းကြည့်ပါ (see the original).
62843	candabhāgā	စန္ဒဘာဂါမြစ်။ မူရင်းကြည့်ပါ။ «S1»	el río *candabhāgā*. véase el original. Véase también [[candabhāgānadītīra]].	the river *candabhāgā*. see the original. See also [[candabhāgānadītīra]].	Source has the editor's note မူရင်းကြည့်ပါ (see the original).
62867	candalekhāvaṅka	လရေးကဲ့သို့ကောက်သော၊ လရေးကောက်ကဲ့သို့ကောက်သော၊ လရေးကောက်နှင့်တူသော၊ သူ။ မူရင်းကြည့်ပါ။	curvo como el trazo lunar; curvo como el trazo lunar curvo; semejante al trazo lunar curvo (dicho de una persona). véase el original.	crooked like the moon-streak; crooked like the crooked moon-streak; like the crooked moon-streak (said of a person). see the original.	Source has the editor's note မူရင်းကြည့်ပါ (see the original).
62869	candalekhāvaṅkabhāvapaṭikkhepa	လရေးကောက်ကဲ့သို့ကောက်သည်၏အဖြစ်ကို ပယ်ခြင်း။	el rechazar el hecho de ser curvo como el trazo lunar curvo.	the rejecting of the state of being crooked like the crooked moon-streak.	ပယ် here means 'reject' (headword -paṭikkhepa): rechazar / reject.
62886	candasama	လ,တူသော။ (က) လ,တူသော၊ လကဲ့သို့-နှစ်သက်-မြတ်နိုး-လိုလား-တောင့်တ-အပ်သော (ဓုတင်အကျင့်)။ (ခ) လ,တူသော၊ လသည်သတ္တဝါတိုင်း၏အထက်၌ တည်ရှိနေသည်ဟု ထင်ရသကဲ့သို့ သတ္တဝါတိုင်း၏-ရှေးရှူ-မျက်မှောက်-၌ တည်ရှိနေသည်ဟု ထင်ရသော (ဘရား)။ (ဂ) လ,တူသော၊ လကဲ့သို့ရနိုင်ခဲသော (အရာဝတ္ထု)။ (ဃ) လ,တူသော၊ လကဲ့သို့ ဂုဏ်တို့ဖြင့် တိုးပွါးသည်ဖြစ်၍ အမြဲအသစ်အသစ်ဖြစ်နေသော (စိတ်)။ «S1»	semejante a la luna. (a) semejante a la luna; deleitado / apreciado / deseado / anhelado como la luna (la práctica del *dhutaṅga*). (b) semejante a la luna; que, así como la luna parece estar sobre cada ser, parece estar ante / en presencia de cada ser (el Buddha). (c) semejante a la luna; difícil de obtener como la luna (objeto). (d) semejante a la luna; que, creciendo en virtudes como la luna, está siempre renovándose (mente). Véase [[candasamacitta]].	like the moon. (a) like the moon; delighted in / cherished / desired / longed for like the moon (the *dhutaṅga* practice). (b) like the moon; who, as the moon seems to stand above every being, seems to stand before / in the presence of every being (the Buddha). (c) like the moon; hard to obtain like the moon (an object). (d) like the moon; which, growing in virtues like the moon, is always new (the mind). See [[candasamacitta]].	Source typo ဘရား read as ဘုရား.
62909	candā	စန္ဒာမည်သောမိန်းမ။ မူရင်းကြည့်ပါ။	la mujer llamada *candā*. véase el original.	the woman named *candā*. see the original.	Source has the editor's note မူရင်းကြည့်ပါ (see the original).
62915	candābhatthera	စန္ဒာဘထေရ်။ မူရင်းကြည့်ပါ။	el *thera* *candābha*. véase el original.	the *thera* *candābha*. see the original.	Source has the editor's note မူရင်းကြည့်ပါ (see the original).
62931	candimasutta	စန္ဒိမသုတ်၊ ''ရာဟု'' ခော် ''အသုရိန်နတ်'' သည် လဗိမာန်၏ အရောင်အလင်း ထွန်းလင်းတောက်ပသည်ကို ဝန်တိုငြူစူသဖြင့် လဗိမာန်ကို (ခံတွင်း-စသည်ဖြင့်) ဖမ်းယူသော အခါလနတ်သားသည် ဘုရားရှင်ကို ရှိခိုးလျက် ''ကြီးသော လုံ့လဝီရိယ ရှိတော်မူသော မြတ်စွာဘုရား-ရှင်တော်ဘုရားသည် အလုံးစုံသော အရာတို့၌ ဘေးရန်အန္တရာယ်မှ လွတ်မြောက်သူဖြစ်ပါ၏၊ တပည့်တော်သည် ရာဟုခံတွင်းသက်ဆင်း ကျရောက်လျက် ကျဉ်းမြောင်းခက်ခဲ ဆင်းရဲခြင်းသို့ ရောက်၍ နေပါ၏၊ ရှင်တော်ဘုရားသည် တပည့်တော်၏ ကိုးကွယ်အားထားရာ ဖြစ်တော်မူပါ''ဟု တမ်းတလျှောက်ထားသည်၊ ဘုရားရှင်သည် ''ရာဟုအသုရိန်-လနတ်သားသည် ငါဘုရားအား ကိုးကွယ်ဆည်းကပ် အလေးအမြတ် ပြုသူဖြစ်၏၊ သင်သည် လနတ်သားကို လွှတ်လော့၊ ဘုရားရှင်တို့သည် လောကသားအားလုံးကို အစဉ်သနား စောင့်ရှောက်တော်မူကုန်၏'' ဟု မိန့်ဆိုတော်မူလိုက်သည်၊ ထိုအခါ ရာဟုအသုရိန်သည် ဘုရားရှင်၏ အမိန့်တော်ကို ကြောက်ရွံ့ထိတ်လန့်လျက် လဗိမာန်နှင့်တကွလနတ်သားကို လွှတ်၍ ဝေပစိတ္တိအသုရိန်ထံ ပြေးရလေသည်-ဟု ဟောတော်မူသောသုတ်။	el *Candimasutta*; el sutta que expone: cuando *rāhu*, llamado el *deva* *asurinda*, por envidia y celos del brillo resplandeciente del *vimāna* de la luna, atrapó el *vimāna* de la luna (con la boca y demás), el *devaputta* de la luna, rindiendo homenaje al Buddha, suplicó diciendo: “Venerable Señor, Buddha excelso de gran esfuerzo y *vīriya*, estáis libre de peligros, enemigos y obstáculos en todas las cosas; yo, vuestro discípulo, habiendo caído en la boca de *rāhu*, me encuentro en estrechez, dificultad y sufrimiento; sed, Venerable Señor, mi refugio y apoyo”; el Buddha dijo: “*rāhu*, *asurinda*: el *devaputta* de la luna es uno que se refugia en mí, me frecuenta y me honra; suelta al *devaputta* de la luna; los Buddha tienen siempre compasión de todos los habitantes del mundo y los protegen”; entonces *rāhu* el *asurinda*, lleno de temor y espanto ante la orden del Buddha, soltó al *devaputta* de la luna junto con el *vimāna* de la luna y tuvo que huir junto al *asurinda* *vepacitti*.	the *Candimasutta*; the sutta that tells how, when *rāhu*, called the *deva* *asurinda*, out of envy and jealousy of the resplendent radiance of the moon's *vimāna*, seized the moon's *vimāna* (with his mouth and so on), the *devaputta* of the moon, paying homage to the Buddha, entreated, saying: “Venerable Lord, exalted Buddha of great effort and *vīriya*, you are free from dangers, enemies and obstacles in all things; I, your disciple, having fallen into the mouth of *rāhu*, am in straits, hardship and suffering; be, Venerable Lord, my refuge and support”; the Buddha said: “*rāhu*, *asurinda*: the *devaputta* of the moon is one who takes refuge in me, attends on me and honours me; release the *devaputta* of the moon; the Buddhas ever have compassion for all the beings of the world and protect them”; then *rāhu* the *asurinda*, afraid and terrified at the Buddha's command, released the *devaputta* of the moon together with the moon's *vimāna* and had to flee to the *asurinda* *vepacitti*.	Source typo ခော် read as ခေါ်.
62932	candimasūriya	(၁) လ,နေ၊ လ ဗိမာန်,နေဗိမာန်။ (၂) လနတ်သား,နေနတ်သား၊ စန္ဒိမာနတ်သား,သူရိယနတ်သား။ မူရင်းကြည့်ပါ။	(1) la luna, el sol; el *vimāna* de la luna, el *vimāna* del sol. (2) el *devaputta* de la luna, el *devaputta* del sol; el *devaputta* *candimā*, el *devaputta* *sūriya*. véase el original.	(1) the moon, the sun; the moon's *vimāna*, the sun's *vimāna*. (2) the *devaputta* of the moon, the *devaputta* of the sun; the *devaputta* *candimā*, the *devaputta* *sūriya*. see the original.	Source has the editor's note မူရင်းကြည့်ပါ (see the original).
62937	candimasūriyapātubhāva	လ,နေတို့၏ ထင်ရှားဖြစ်ပော်သော အခါ၊ လ,နေတို့၏ ထင်ရှားဖြစ်ပော်ချိန်။	cuando aparecen la luna y el sol; el momento en que aparecen la luna y el sol.	when the moon and the sun appear; the time when the moon and the sun appear.	Source typo ဖြစ်ပော် read as ဖြစ်ပေါ်.
62949	candimāyutta	လ-စန်း-နှင့် ယှဉ်သော။	unido a la luna / el astro lunar.	joined with the moon / the lunar orb.	လ and စန်း are two Burmese words for 'moon'.
62959	candūpamappaṭipadāditthera	လလျှင် ဥပမာရှိသော-လနှင့်တူသော-အကျင့်ရှိသူစသည်ဖြင့် ချီးမွမ်းခံရသော ထေရ်၊ အရှင် မဟာကဿမထေရ်။	el *thera* alabado como quien tiene la práctica que tiene a la luna como símil / semejante a la luna, y demás; el venerable *thera* *Mahākassapa*.	the *thera* praised as one having the practice that has the moon as simile / is like the moon, and so on; the Venerable *thera* *Mahākassapa*.	Source typo မဟာကဿမ read as Mahākassapa.
62960	candūpamasutta	စန္ဒူပမသုတ်၊ လူတို့နှင့် ဆက်ဆံရာတွင် လကို ဥပမာတင်၍ ရဟန်းရှင်လူတို့အား ဟောကြားတော်မူသောသုတ်။ မူရင်းကြည့်ပါ။	el *Candūpamasutta*; el sutta expuesto a monjes y laicos, tomando la luna como símil en el trato con los seres humanos. véase el original.	the *Candūpamasutta*; the sutta taught to monks and laymen, taking the moon as a simile for dealing with human beings. see the original.	Source has the editor's note မူရင်းကြည့်ပါ (see the original).
62969	capalaka	စပလကမည်သော သံ။	el hierro llamado *capalaka*.	the iron named *capalaka*.	သံ can be 'iron' or 'sound'; read as 'iron', uncertain.
62971	capucapukārakaṁ	စပုစပု-စပ်စပ်-ပြပ်ပြပ်-အသံကို ပြုလျက် ပြုလျက်။	haciendo una y otra vez el sonido *capucapu* / chap-chap / plap-plap.	making again and again the sound *capucapu* / chap-chap / plap-plap.	Label ကြိ၊ဝိ: ဝိ is not in the label table. Burmese onomatopoeia စပ်စပ် / ပြပ်ပြပ် rendered approximately.
62972	cabbetvā	(၁) စား၍။ (၂) ထွေး၍။	(1) habiendo comido. (2) habiendo escupido.	(1) having eaten. (2) having spat out.	Label ကြိ၊ဝိ: ဝိ is not in the label table.
62974	camara	စမရသားကောင်၊ စမရီသားကောင်။ မူရင်းကြည့်ပါ။ «S1»	el animal *camara*; el animal *camarī*. véase el original. Véase también [[cāmara]].	the *camara* animal; the *camarī* animal. see the original. See also [[cāmara]].	Source has the editor's note မူရင်းကြည့်ပါ (see the original). Animal left as Pāḷi name; tentatively the yak.
62975	camaravāla	စမရီသားကောင်၏ အမြီး၊ စမရီသားမြီး။	la cola del animal *camarī*; la cola de *camarī*.	the tail of the *camarī* animal; the *camarī* tail.	Animal left as Pāḷi name; tentatively the yak.
62976	camarī	(က) စမရီသားကောင်။ (ခ) စမရီသားကောင်မ။	(a) el animal *camarī*. (b) la hembra del animal *camarī*.	(a) the *camarī* animal. (b) the female *camarī* animal.	Animal left as Pāḷi name; tentatively the yak.
62977	camarīnaṅguṭṭha	စမရီသားကောင်၏အမြီး၊ စမရီသားမြီး။	la cola del animal *camarī*; la cola de *camarī*.	the tail of the *camarī* animal; the *camarī* tail.	Animal left as Pāḷi name; tentatively the yak.
62981	camūru	စမူရုမည်သော သားကောင်။	el animal llamado *camūru*.	the animal named *camūru*.	Animal not identified; left as Pāḷi name (possibly a kind of deer).
62985	campakapuppha	စကားပန်း၊ စကားပွင့်။	flor de champaca; capullo de champaca.	champak flower; champak blossom.	စကားပန်း taken as champak (Michelia champaca).
62996	campānagara	စမ္ပာနဂိုရ်၊ စမ္ပာမြို့။ စမ္ပာပြည်။	la urbe de *campā*; la ciudad de *campā*. el país de *campā*.	the city of *campā*; the town of *campā*. the country of *campā*.	စမ္ပာနဂိုရ် (nagara) and စမ္ပာမြို့ both rendered as city.
63002	campeyya	(၁) စမ္ပေယျနဂါးမင်း။ မူရင်းကြည့်ပါ။ (၂) စကားပင်။ (တိ) (၃) စမ္ပာမြို့၌-ဟောကြား-ပညတ်-အပ်သော (သိက္ခာပုဒ်)။ «S1»	(1) el rey de los *nāga* *campeyya*. véase el original. (2) el árbol de champaca. (adjetivo) (3) proclamado / establecido en la ciudad de *campā* (*sikkhāpada*). Véase [[campeyyaka]] (2).	(1) the *nāga* king *campeyya*. see the original. (2) the champak tree. (adjective) (3) proclaimed / laid down in the city of *campā* (*sikkhāpada*). See [[campeyyaka]] (2).	Source has မူရင်းကြည့်ပါ (see the original).
63008	camma	(၁)  အရေ၊ အရေထူ၊ အတွင်းရေ။ (၂) သားရေ၊ သားကောင်၏အရေ။ (၃) ဒိုင်း၊ လွှား၊ ကာ။ (ရန်သူ၏ မြှား,လှံစသည်ကို ဆီးတားရန် သားရေစသည်ဖြင့် ပြုလုပ်ထားသော အကာအကွယ်လက်နက်တစ်မျိုး)။ (၄) သားရေသင်တိုင်း၊ သားရေအင်္ကီ်၊ ချပ်ဝတ်၊ မိန်ညို။ «S1»	(1) la piel; la piel gruesa; la piel interior. (2) el cuero; la piel de un animal. (3) el escudo; la rodela; la defensa. (un tipo de arma defensiva hecha de cuero, etc., para detener las flechas, lanzas, etc. del enemigo). (4) el jubón de cuero; la chaqueta de cuero; la cota; ‹မိန်ညို›. Véase [[cammayodhī]].	(1) skin; thick skin; inner skin. (2) leather; the hide of an animal. (3) shield; buckler; guard. (a kind of defensive weapon made of leather and so on, to ward off the enemy's arrows, spears and so on). (4) leather jerkin; leather jacket; mail-coat; ‹မိန်ညို›. See [[cammayodhī]].	မိန်ညို (a kind of armour?) left in Burmese; ချပ်ဝတ် rendered cota / mail-coat tentatively.
63018	cammakāranīla	သားရေနယ်သမားတို့သည်-ပြုလုပ်-ဖော်စပ်-ရောစပ်-အသုံးပြု-အပ်သော အညိုရောင်။	el color azul oscuro hecho / preparado / mezclado / usado por los curtidores.	the dark blue colour made / compounded / mixed / used by tanners.	အညိုရောင် (nīla) rendered dark blue; could be dark brown.
63026	cammakhaṇḍa	(၁) စမ္မခဏ်၊ သားရေပိုင်း၊ သားရေနယ်၊ သားရေအခင်း။ (၂) သားရေပုံး၊ သားရေအိုး၊ သားရေခွက်။ (၃) အရေပိုင်း၊ အရေငုတ်။ «S1»	(1) *cammakhaṇḍa*; un trozo de cuero; cuero curtido; tapete de cuero. (2) cubo de cuero; vasija de cuero; cuenco de cuero. (3) trozo de piel; protuberancia de la piel. Véase [[cammakhila]].	(1) *cammakhaṇḍa*; a piece of leather; dressed leather; leather mat. (2) leather bucket; leather pot; leather bowl. (3) piece of skin; skin excrescence. See [[cammakhila]].	သားရေနယ် read as dressed (kneaded) leather; အရေငုတ် as a skin excrescence.
63048	cammapaṭimuñcana	ချပ်ဝတ်-မိန်ညို-ဝတ်ဆင်ခြင်း။	el vestir la cota / ‹မိန်ညို›.	putting on the mail-coat / ‹မိန်ညို›.	မိန်ညို (a kind of armour?) left in Burmese; ချပ်ဝတ် rendered cota / mail-coat tentatively.
63078	cammavinaddha	(၁) သားရေဖြင့်-ဖွဲ့-ကြက်-အပ်သော (ညောင်စောင်း,အင်းပျဉ်စသည်)။ (၂) အတွင်းရေ-အရေထူ-ဖြင့်-ဖွဲ့-မြှေးယှက်-ဖုံးလွှမ်း-အပ်သော (ခန္ဓာကိုယ်)။	(1) atado / tensado con cuero (el arpa, el banco, etc.). (2) atado / envuelto / cubierto con piel interior / piel gruesa (el cuerpo).	(1) bound / stretched with leather (the harp, the bench and so on). (2) bound / wrapped / covered with inner skin / thick skin (the body).	အင်းပျဉ် rendered bench tentatively.
63079	cammavedhaviddha	အရေကို-ထိုးဖောက်-ဖြတ်-တတ်သော နှင်တံဖြင့် ထိုးအပ်သော။	punzado con un punzón que suele perforar / cortar la piel.	pricked with an awl that is apt to pierce / cut the skin.	နှင်တံ rendered awl (could be goad).
63082	cammasannaddha	ဖွဲ့အပ်-ဝတ်ဆင်အပ်-သော-ချပ်ဝတ်-မိန်ညို-ရှိသော၊ ချပ်ဝတ်-မိန်ညို-ဝတ်ဆင်ထားသော၊ သူ။	que tiene una cota / ‹မိန်ညို› atada / vestida; que lleva puesta una cota / ‹မိန်ညို› (dicho de una persona).	having a mail-coat / ‹မိန်ညို› bound on / put on; wearing a mail-coat / ‹မိန်ညို› (said of a person).	မိန်ညို (a kind of armour?) left in Burmese.
63083	cammasannāha	ဖွဲ့အပ်-ဝတ်ဆင်အပ်-သော-ချပ်ဝတ်-မိန်ညို-ရှိသော၊ ချပ်ဝတ်-မိန်ညို-ကို ဝတ်ဆင်ထားသော၊ သူ။	que tiene una cota / ‹မိန်ညို› atada / vestida; que lleva puesta una cota / ‹မိန်ညို› (dicho de una persona).	having a mail-coat / ‹မိန်ညို› bound on / put on; wearing a mail-coat / ‹မိန်ညို› (said of a person).	မိန်ညို (a kind of armour?) left in Burmese.
63093	cayati	လည်၏။	gira.	turns.	လည်၏ (turns / revolves) does not fit cayati (heaps up); possibly an OCR or source error.
63141	carati	(၁) သွား၏။ (က) လှည့်လည်-သွားလာ-ကျက်စား-၏။ (ခ) လည့်လည်၏၊ လည်၏။ (ဂ) ဖဲသွား၏၊ ထွက်သွား၏။ (၂) ကျင့်၏၊ ပြုကျင့်၏၊ ဖြည့်ကျင့်၏၊ ကျင့်သုံး၏။ (၃) နေ၏၊ နေထိုင်၏။ (၄) ပြောဆို၏။ (၅) ဖြစ်၏။ (၆) အသက်ရှင်၏။ (၇) ဆောင်ထား၏၊ နာယူ၏။ (၈) စား၏။ (၉) ရှက်သန်း၏၊ ပြက်၏၊ လက်၏။ (၁၀) ပြု၏၊ ပြုလုပ်၏။ (၁၁) ကပ်ရောက်၏၊ ဆိုက်ရောက်၏၊ ရ၏။ (၁၂) ရှောင်ကြဉ်၏။ (၁၃) မြူးထူး-ပျော်ပါး-ကစား-၏။	(1) va. (a) deambula / va y viene / frecuenta. (b) da vueltas; gira. (c) se aparta; se va. (2) practica; lleva a la práctica; cumple plenamente; observa. (3) mora; reside. (4) habla. (5) ocurre. (6) vive. (7) lleva consigo; escucha. (8) come. (9) centellea; destella; brilla. (10) hace; realiza. (11) llega; alcanza; obtiene. (12) evita. (13) retoza / se divierte / juega.	(1) goes. (a) wanders / goes about / ranges. (b) turns about; revolves. (c) steps aside; goes away. (2) practises; carries out; fulfils; observes. (3) dwells; resides. (4) speaks. (5) occurs. (6) lives. (7) carries; listens. (8) eats. (9) flickers; flashes; shines. (10) does; makes. (11) arrives; reaches; obtains. (12) avoids. (13) frolics / enjoys oneself / plays.	(9) ရှက်သန်း read as ယှက်သန်း (to flicker, of lightning).
63143	caratu	(၁) လှည့်လည်-သွားလာ-ကျက်စား-ပါစေ၊ သွားပါစေ။ (၂) ကျင့်ရစေသတည်း။ စရတိ-(၁,၂)-ကြည့်။	(1) que deambule / vaya y venga / frecuente; que vaya. (2) que practique. Véase [[carati]] (1, 2).	(1) may he wander / go about / range; may he go. (2) may he practise. See [[carati]] (1, 2).	Cross-reference to စရတိ (1, 2) not placeholdered in the input.
63145	caratha	(၁) လှည့်လည်-သွားလာ-ကျက်စား-ကုန်၏။ (၂) လှည့်လည်-သွားလာ-ကျက်စား-ကုန်လေ့။ (၃) ကျင့်ကုန်လော့။ စရတိ-(၁,၂)-ကြည့်။	(1) deambulan / van y vienen / frecuentan. (2) suelen deambular / ir y venir / frecuentar. (3) practicad. Véase [[carati]] (1, 2).	(1) they wander / go about / range. (2) they are wont to wander / go about / range. (3) practise (all of you). See [[carati]] (1, 2).	Burmese plural endings do not mark person (caratha is 2nd plural); cross-reference to စရတိ not placeholdered.
63146	caranta	(၁) သွားသော၊ သူ။ (က) သွားသော၊ စင်္ကြံသွားသော၊ သူ။ (ခ) လှည့်လည်-သွားလာ-ကျက်စား-သော၊ သူ။ (၂) ကျင့်သော၊ သူ။ (၃) ကပ်ရောက်သော၊ ဆိုက်ရောက်သော၊ ရသော၊ သူ။ (၄) နေထိုင်သော၊ သူ။ (၅) ဖြစ်သော (ကံစသည်)။ (၆) အသက်မွေးသော၊ သူ။ (၇) ရှာဖွေသော၊ သူ။ (ဂ) ရှက်သန်းသော၊ ပြက်သော၊ လက်သော (လျှပ်စစ်)။ «S1»	(1) que va (dicho de una persona). (a) que va; que camina por el *caṅkama* (dicho de una persona). (b) que deambula / va y viene / frecuenta (dicho de una persona). (2) que practica (dicho de una persona). (3) que llega; que alcanza; que obtiene (dicho de una persona). (4) que mora (dicho de una persona). (5) que surge (el *kamma* y demás). (6) que se gana la vida (dicho de una persona). (7) que busca (dicho de una persona). (c) que centellea; que destella; que brilla (el relámpago). Véase [[carantī]] (3).	(1) going (said of a person). (a) going; walking on the *caṅkama* (said of a person). (b) wandering / going about / ranging (said of a person). (2) practising (said of a person). (3) arriving; reaching; obtaining (said of a person). (4) dwelling (said of a person). (5) arising (*kamma* and so on). (6) making a living (said of a person). (7) seeking (said of a person). (c) flickering; flashing; shining (lightning). See [[carantī]] (3).	Sense (c) follows (7) in the source; numbering kept as printed.
63149	carantu	(၁) လှည့်လည်-သွားလာ-ကျက်စား-ကြကုန်လော့၊-ကြစေသတည်း။ (၂) ကျင့်-ကြကုန်လော့၊-ကြစေသတည်း။ စရတိ-(၁,၂)-ကြည့်။	(1) deambulad / id y venid / frecuentad; que deambulen / vayan y vengan / frecuenten. (2) practicad; que practiquen. Véase [[carati]] (1, 2).	(1) wander / go about / range (all of you); may they wander / go about / range. (2) practise (all of you); may they practise. See [[carati]] (1, 2).	Cross-reference to စရတိ not placeholdered.
63152	caramāna	(၁) သွား သော၊ လှည့်လည်- သွားလာ- ကျက်စား သော၊ သူ။ (၂) ကျင့်သောသူ။ (၁) ဧကံ သမယံ ဘဂဝါ ကောသလေသု စာရိကံ စရမာနော မဟတာ ဘိက္ခုသံဃေန သဒ္ဓိ။ ဒီ၊ ၁။ ၈၂၊၂၁၄။ မ၊၁။ ၃၅၄။ သံ၊၂။ ၅၀၇။ သံ၊ ၃၃၀၆။ အံ၊ ၁။ ၁၈၁၊ ၂၃၈။ အံ၊ ၂။ ၂၂၊၃၅၂။ စာရိကံ စရမာနောတိ အဒ္ဓါနဂမနံ ဂစ္ဆန္တော။ ဒီ၊ဋ္ဌ၊ ၁။ ၂၁၃။ မါဋ္ဌ၊၂။ ၅၅။ အဋ္ဌ၊ ၂။ ၁၆၅။ ဥဒါန၊ဋ္ဌ။ ၁၆၅။ အဋဝိမုခါ စရမာနာ (သံ၊ ဋ္ဌ၊ ၁။ ၂၁၈) တိ ဂေါစရံ ဂဏှန္တာ။ သံ၊ဋီ၊၁။ ၂၆၄။ (-ဝိ၊၁။ ၁၂၊၂၁၉၊၃၆၁။ ဝိ၊၂။ ၂၇၊ ၁၄၄၊၄၁၀။ ဝိ၊၃။ ၁၂၊၃၁၊၄၅။ ဝိ၊၄။ ၃၇၊ ၂၅၅၊၂၆၅-၀၊၃၀၃၊၃၁၃၊၃၂၂-၉၊၃၄၁၊၄၄၂၊ ၄၉၁။ ဒီ၊ ၁။ ၁၀၄။ မ၊၁။ ၁၅၇၊၂၀၀။ ) (၂) သစေ မာနတ္တံ စရမာနာ အန္တရာပတ္တိ” အာပဇ္ဇတိ။ ဝိဋ္ဌ၊၄။ ၃၁။ (-ဝိ၊ဋ္ဌ၊ ၁။ ၁၀၂။ သံ၊ဋ္ဌ၊ ၁။ ၄၁၊၅၉၊၃၂၂။ သုတ္တနိ၊ဋ္ဌ၊၁။ ၁၁၁။ သုတ္တနိ၊ ဋ္ဌ၊၂။ ၄၀၊၂၈၈။ အပ၊ဋ္ဌ၊၁။ ၂၁၇။ မဟာနိ၊ဋ္ဌ။ ၄၀၃။ )	(1) que va; que deambula / va y viene / frecuenta (dicho de una persona). (2) persona que practica. (1) *ekaṁ samayaṁ bhagavā kosalesu cārikaṁ caramāno mahatā bhikkhusaṁghena saddhi*. *cārikaṁ caramānoti addhānagamanaṁ gacchanto*. *aṭavimukhā caramānāti gocaraṁ gaṇhantā*. (2) *sace mānattaṁ caramānā antarāpatti āpajjati*.	(1) going; wandering / going about / ranging (said of a person). (2) a person who practises. (1) *ekaṁ samayaṁ bhagavā kosalesu cārikaṁ caramāno mahatā bhikkhusaṁghena saddhi*. *cārikaṁ caramānoti addhānagamanaṁ gacchanto*. *aṭavimukhā caramānāti gocaraṁ gaṇhantā*. (2) *sace mānattaṁ caramānā antarāpatti āpajjati*.	Quotation block: citations dropped; the quote split by a citation (…စရမာနာ … တိ) and a stray ” were rejoined — check against the page.
63156	carasi	(၁) လှည့်လည်-သွားလာ-ကျက်စား-၏။ (၂) ကျင့်၏။ စရတိ-(၁,၂)-ကြည့်။	(1) deambula / va y viene / frecuenta. (2) practica. Véase [[carati]] (1, 2).	(1) wanders / goes about / ranges. (2) practises. See [[carati]] (1, 2).	Cross-reference to စရတိ not placeholdered.
63158	carahi	(၁) အချိန်=အခါ=ကာလ။ (၂) ကြံဆခြင်း=ပရိကပ္ပန။ (၃) သည်းမခံနိုင်ခြင်း=လက်မခံနိုင်ခြင်း=မကျေနပ်ခြင်း=မနှစ်သက်ခြင်း=အက္ခန္တိ=အရုစိ။ (၄) စင်စစ်=ဧကန်=အမှန်=ဧကံသ။ (၅) ပုဒ်ပြည့်ရုံမျှ=ပုဒ်ကို-ပြည့်စေခြင်းမျှ-ဖြည့်ခြင်းမျှ=ပဒပူရဏမတ္တ။	(1) el tiempo = el momento = *kāla*. (2) la suposición = *parikappana*. (3) el no poder tolerar = el no poder aceptar = el no estar satisfecho = el no agradar = *akkhanti* = *aruci*. (4) absolutamente = ciertamente = verdaderamente = *ekaṁsa*. (5) meramente para completar la palabra = meramente el hacer completa / el completar la palabra = *padapūraṇamatta*.	(1) time = occasion = *kāla*. (2) supposing = *parikappana*. (3) being unable to bear = being unable to accept = being displeased = not liking = *akkhanti* = *aruci*. (4) absolutely = certainly = truly = *ekaṁsa*. (5) merely to fill out the word = merely making full / filling out the word = *padapūraṇamatta*.	Label ဗျ (indeclinable) not in the label table.
63163	carāma	(၁) လှည့်လည်-သွားလာ-ကျက်စား-ကုန်၏။ (၂) (က) ကျင့်ကုန်၏။ (ခ) ကျင့်လိုပါကုန်၏။ (၃) နေထိုင်ရကုန်၏။ စရတိ-(၁,၂,၃)-ကြည့်။	(1) deambulan / van y vienen / frecuentan. (2) (a) practican. (b) desean practicar. (3) han de morar. Véase [[carati]] (1, 2, 3).	(1) they wander / go about / range. (2) (a) they practise. (b) they wish to practise. (3) they must dwell. See [[carati]] (1, 2, 3).	Burmese plural endings do not mark person (carāma is 1st plural); cross-reference not placeholdered.
63167	cariṁ	(၁) လှည့်လည်-သွားလာ-ကျက်စား-ပြီ။ (၂) ကျင့်ပြီ။ စရတိ-(၁,၂)-ကြည့်။	(1) deambuló / fue y vino / frecuentó. (2) practicó. Véase [[carati]] (1, 2).	(1) wandered / went about / ranged. (2) practised. See [[carati]] (1, 2).	Cross-reference to စရတိ not placeholdered.
63168	cari	(၁) (က) လှည့်လည်-သွားလာ-ကျက်စား-ပြီ။ (ခ) လှည့်လည်ပြီ၊ လည်ပြီ။ (၂) ကျင့်ပြီ။ စရတိ-(၁,၂)-ကြည့်။	(1) (a) deambuló / fue y vino / frecuentó. (b) dio vueltas; giró. (2) practicó. Véase [[carati]] (1, 2).	(1) (a) wandered / went about / ranged. (b) turned about; revolved. (2) practised. See [[carati]] (1, 2).	Cross-reference to စရတိ not placeholdered.
63169	carita	(၁) လှည့်လည်-သွားလာ-ကျက်စား-အပ်သော။ (၂) ကျင့်အပ်-ပြုကျင့်အပ်-ဆည်းပူးအပ်-လေ့ကျက်အပ်-သော။ (၃) ပြုအပ်သော။ (၄) ဖြစ်သော၊ ဖြစ်ပြီးသော။ «S1» (န) (၅) အကျင့်၊ ကျင့်အပ်-ဆည်းပူးအပ်-သောအကျင့်၊ အကျင့်တရား။ (၆) ဖြစ်ခြင်း။ (၇) နေထိုင်ခြင်း။ (ဂ) ပြုခြင်း။ (၉) အလေ့အကျင့်၊ အလေ့အကျက်။ (၁၀) အဖြစ်တော်၊ ဖြစ်တော်စဉ် (ဗုဒ္ဓဝင်)။ (၁၁) စည်းစိမ်။ (၁၂) လှည့်လည်သွားလာ-ကျက်စား-ရာ (ကာလ,အရပ်)။ «S2» (၁၃) လှည့်လည်-သွားလာ-ကျက်စား-ခြင်း။ (၁၄) စရိုက်၊ အလေ့၊ ဝါသနာ၊ ပင်ကိုယ်သဘော၊ အဖြစ်များသော သဘော။	(1) recorrido / transitado / frecuentado. (2) practicado / llevado a la práctica / cultivado / ejercitado. (3) hecho. (4) surgido; ya surgido. Véase [[caritattha]]. (neutro) (5) la práctica; la práctica practicada / cultivada; el estado de la práctica. (6) el surgir. (7) el morar. (8) el hacer. (9) la costumbre; el hábito adquirido. (10) la historia; la sucesión de los hechos (biografía del Buddha). (11) la prosperidad. (12) el (tiempo, lugar) donde se deambula / va y viene / frecuenta. Véase [[caritapaccaya]]. (13) el deambular / ir y venir / frecuentar. (14) el *carita*; el hábito; la inclinación; la naturaleza innata; la naturaleza predominante.	(1) wandered / gone about / ranged. (2) practised / carried out / cultivated / exercised. (3) done. (4) arisen; already arisen. See [[caritattha]]. (neuter) (5) practice; practice practised / cultivated; the state of practice. (6) arising. (7) dwelling. (8) doing. (9) habit; acquired habit. (10) the story; the sequence of events (the Buddha's life). (11) prosperity. (12) the (time, place) where one wanders / goes about / ranges. See [[caritapaccaya]]. (13) wandering / going about / ranging. (14) *carita*; habit; inclination; innate nature; predominant nature.	Sense (8) is printed (ဂ) in the source; taken as (၈).
63174	caritattha	(၁) ဖြစ်သောအကျိုး။ (တိ) (၂) ဖြစ်ပြီးသော-ပေးပြီးသော-အကျိုးရှိသော။ «S1» (၃) ဖြစ်ပြီးသော-ဟောပြီးသော-ရှိသော။ «S2»	(1) el fruto que ha surgido. (adjetivo) (2) que tiene un fruto ya surgido / ya dado. Véase [[caritatthatā]]. (3) que tiene (un significado) ya surgido / ya expresado. Véase [[caritatthatā]].	(1) the fruit that has arisen. (adjective) (2) having a fruit already arisen / already given. See [[caritatthatā]]. (3) having (a meaning) already arisen / already expressed. See [[caritatthatā]].	Sense (3) lacks its noun (ဖြစ်ပြီးသော-ဟောပြီးသော-ရှိသော); အနက် supplied from 63175.
63190	caritānurūpa	စရိုက်အား=သင့်လျော်-လျောက်ပတ်-သော။	adecuado / apropiado al *carita*.	suited / appropriate to the *carita*.	Source has = where a hyphen is expected (စရိုက်အား=သင့်လျော်).
63197	caritvāna	(၁) လှည့်လည်-သွားလာ-ကျက်စား- လှည့်လည်-သွားလာ-ကျက်စား-၍။ (၂) ကျင့်၍၊ ပြုကျင့်၍။ (၃) နေ၍။ (၄) လုပ်ကျွေး-ပြုစု-၍။	(1) habiendo deambulado / ido y venido / frecuentado. (2) habiendo practicado; habiendo llevado a la práctica. (3) habiendo morado. (4) habiendo servido / atendido.	(1) having wandered / gone about / ranged. (2) having practised; having carried out. (3) having dwelt. (4) having served / attended on.	Sense (1) prints the chain လှည့်လည်-သွားလာ-ကျက်စား twice; rendered once.
63224	carimaviññāṇa	နောက်ဆုံး-ဝိညာဉ်-စိတ်(ရဟန္တာစုတိစိတ်,ပဋိနိဗ္ဗာန်စိတ်)။	el último *viññāṇa* / la última mente (la mente de *cuti* del *arahant*, la mente del *parinibbāna*).	the last *viññāṇa* / mind (the *cuti* mind of the *arahant*, the *parinibbāna* mind).	Source prints ပဋိနိဗ္ဗာန်; read as ပရိနိဗ္ဗာန် (parinibbāna).
63227	carimha	(၁) လှည့်လည်-သွားလာ-ကျက်စား-ကုန်ပြီ။ (၂) ကျင့်-ဖြည့်ကျင့်-ကုန်ပြီ။ စရတိ-(၁,၂)-ကြည့်။	(1) deambularon / fueron y vinieron / frecuentaron. (2) practicaron / cumplieron plenamente. Véase [[carati]] (1, 2).	(1) they wandered / went about / ranged. (2) they practised / fulfilled. See [[carati]] (1, 2).	Burmese plural endings do not mark person (carimha is 1st plural); cross-reference not placeholdered.
63229	cariya	(၁) အကျင့်၊ အကျင့်တရား၊ ကျင့်အပ်သောတရား။ (၂) ဖြစ်ခြင်း။ (န) (၃) သက်ဝင်-ကျက်စား-အပ်သောတရား။ «S1» (၄) ဖြစ်ရာ-သက်ဝင်ရာ-ကျက်စားရာ-တရား။ (ထီ)  «S2» (၅) ကျင့်ခြင်း၊ ပြုကျင့်ခြင်း၊ ဖြည့်ကျင့်ခြင်း။ «S3» (၆) လှည့်လည်-သွားလာ-ကျက်စားခြင်း။ (၇) ကျင့်ကြောင်းတရား။ «S4» (ဂ) ဖြစ်တတ်သောတရား။ (၉) အပြုအမူ၊ အမူအရာ။ (၁၀) စရိုက်၊ အလေ့၊ ဝါသနာ၊ ပင်ကိုယ်သဘော၊ အဖြစ်များသောသဘော။ (၁၁) အလေ့အကျင့်၊ အလေ့အကျက်၊ အစဉ်အလာ၊ ထုံးစံ၊ ဓမ္မတာ။ (၁၂) ကျင့်ရာအခါ။ «S5» (တိ) (၁၃) ကျင့်အပ်-ပြုကျင့်အပ်-ဖြည့်ကျင့်အပ်-သော။ «S6»	(1) la práctica; el estado de la práctica; el estado que ha de practicarse. (2) el surgir. (neutro) (3) el estado en que se entra / que se frecuenta. Véase [[gambhīrañāṇacariya]]. (4) el estado donde se surge / en que se entra / que se frecuenta. (femenino) Véase [[gambhīrañāṇacariya]]. (5) el practicar; el llevar a la práctica; el cumplir plenamente. Véase [[dhammacariyā]]. (6) el deambular / ir y venir / frecuentar. (7) el estado por el cual se practica. Véase [[adhammacariyā]]. (8) el estado que suele surgir. (9) el comportamiento; los modales. (10) el *carita*; el hábito; la inclinación; la naturaleza innata; la naturaleza predominante. (11) la costumbre; el hábito adquirido; la tradición; el uso establecido; *dhammatā*. (12) el momento de practicar. Véase [[cariyakāla]]. (adjetivo) (13) practicado / llevado a la práctica / cumplido plenamente. Véase [[cariyadhamma]].	(1) practice; the state of practice; the state to be practised. (2) arising. (neuter) (3) the state that is entered / ranged in. See [[gambhīrañāṇacariya]]. (4) the state where one arises / enters / ranges. (feminine) See [[gambhīrañāṇacariya]]. (5) practising; carrying out; fulfilling. See [[dhammacariyā]]. (6) wandering / going about / ranging. (7) the state by which one practises. See [[adhammacariyā]]. (8) the state apt to arise. (9) behaviour; manners. (10) *carita*; habit; inclination; innate nature; predominant nature. (11) custom; acquired habit; tradition; established usage; *dhammatā*. (12) the time of practising. See [[cariyakāla]]. (adjective) (13) practised / carried out / fulfilled. See [[cariyadhamma]].	Sense (8) is printed (ဂ) in the source; taken as (၈).
63234	cariyati	ဆင်ခြင်၏၊ သုံးသပ်၏။	considera; examina.	considers; examines.	Label ကမ္မ၊ကြိ (passive verb) but the gloss is active.
63251	cariyāpiṭaka	စရိယာပိဋက ပါဠိတော်။ မူရင်းကြည့်ပါ။	el texto canónico pāḷi *cariyāpiṭaka*. véase el original.	the canonical Pāḷi text *cariyāpiṭaka*. see the original.	Source has မူရင်းကြည့်ပါ (see the original).
63258	carissaṁ	နေအံ့။ «S1»	morará. Véase [[carati]] (3).	will dwell. See [[carati]] (3).	Future …အံ့ rendered 3rd person; the Pāḷi (carissaṁ) is 1st singular — unsure.
63263	carissāma	(၁) လှည့်လည်-သွားလာ-ကျက်စား-ကုန်အံ့။ (၂) ကျင့်ကုန်အံ့။ စရတိ-(၁,၂)-ကြည့်။	(1) deambularán / irán y vendrán / frecuentarán. (2) practicarán. Véase [[carati]] (1, 2).	(1) they will wander / go about / range. (2) they will practise. See [[carati]] (1, 2).	Future …အံ့ rendered 3rd person; the Pāḷi (carissāma) is 1st plural — unsure. Cross-reference not placeholdered.
63264	carissāmi	(၁) လှည့်လည်-သွားလာ-ကျက်စား-အံ့။ (၂) ကျင့်အံ့။ (၃) ဆောင်ထားအံ့၊ နာယူအံ့။ «S1»	(1) deambulará / irá y vendrá / frecuentará. (2) practicará. (3) llevará consigo; escuchará. Véase [[carati]].	(1) will wander / go about / range. (2) will practise. (3) will carry; will listen. See [[carati]].	Future …အံ့ rendered 3rd person; the Pāḷi (carissāmi) is 1st singular — unsure.
63272	care	(၁) ကျင့်လေလော့။ (၂) ရှောင်ကြဉ်ပါလော့။ စရတိ-(၂,၁၂)-ကြည့်။	(1) practica. (2) evita. Véase [[carati]] (2, 12).	(1) practise. (2) avoid. See [[carati]] (2, 12).	Cross-reference to စရတိ not placeholdered.
63278	careyyāma	(၁) လှည့်လည်-သွားလာ-ကုန်ရာ၏။ (၂) ကျင့်ကုန်ရာ၏။ စရတိ-(၁,၂)-ကြည့်။	(1) deberían deambular / ir y venir. (2) deberían practicar. Véase [[carati]] (1, 2).	(1) they should wander / go about. (2) they should practise. See [[carati]] (1, 2).	Burmese plural endings do not mark person (careyyāma is 1st plural); cross-reference not placeholdered.
63279	careyyāsi	(၁) လှည့်လည်-သွားလာ-ကျက်စား-ရစေသတည်း၊ လှည့်လည်-သွားလာ-ကျက်စား-ရပါစေ။ (၂) ကျင့်လော့။ စရတိ-(၁,၂)-ကြည့်။	(1) que deambule / vaya y venga / frecuente; ojalá deambule / vaya y venga / frecuente. (2) practica. Véase [[carati]] (1, 2).	(1) may he wander / go about / range; may he get to wander / go about / range. (2) practise. See [[carati]] (1, 2).	Cross-reference to စရတိ not placeholdered.
63292	calana	(၁) လှုပ်ခြင်း၊ တုန်လှုပ်ခြင်း။ (က) လှုပ်ရှားခြင်း။ (ခ) ပြောင်းခြင်း၊ ပြောင်းလဲခြင်း။ (ဂ) ပြောင်းရွှေ့ခြင်း၊ အရပ်တစ်ပါး၌ဖြစ်ခြင်း။ (ဃ) ပတ်ပတ်လည်ခြင်း။ (န) (၂)  ပယ်ခွါခြင်း။ (ပု၊န) (၃) ခြော၊ ခြေထောက်။ (တိ) (၄) လှုပ်သော၊ တုန်လှုပ်သော။	(1) el moverse; el temblar. (a) el agitarse. (b) el cambiar; el transformarse. (c) el trasladarse; el estar en otro lugar. (d) el girar alrededor. (neutro) (2) el abandonar. (masculino, neutro) (3) pie; pierna. (adjetivo) (4) que se mueve; que tiembla.	(1) moving; trembling. (a) being agitated. (b) changing; altering. (c) shifting; being in another place. (d) going round. (neuter) (2) abandoning. (masculine, neuter) (3) foot; leg. (adjective) (4) moving; trembling.	(3) ခြော read as ခြေ (foot); (2) ပယ်ခွါ rendered abandonar.
63321	calalakkha	လှုပ်ရှားသော-မှတ်တိုင်-စက်ခွက်။ «S1»	el poste de blanco / el disco móvil. Véase [[katasarakkhepa]].	the moving target-post / disc. See [[katasarakkhepa]].	မှတ်တိုင်-စက်ခွက် (target post / disc) rendered tentatively.
63337	caliṁsu	(က) တုန်လှုပ်ကုန်ပြီ၊ လှုပ်ရှားကုန်ပြီ။ (ခ) ထကြကုန်ပြီ။ စလတိ-(က,ဃ)-ကြည့်။	(a) temblaron; se agitaron. (b) se levantaron. Véase [[calati]] (a, d).	(a) they trembled; they stirred. (b) they rose. See [[calati]] (a, d).	Cross-reference to စလတိ not placeholdered.
63338	cavaka	ဒွန်းစဏ္ဍား။	el paria *caṇḍāla*.	the outcaste *caṇḍāla*.	ဒွန်းစဏ္ဍား: ဒွန်း (a Burmese outcaste group) rendered paria / outcaste.
63351	cavi	(က) ရွေ့လျော-စုတေ-သေ-ပြီ။ (ခ) ရွေ့လျော-ကင်းကွာ-ပြီ။ စဝတိ-(က,ခ)-ကြည့်။	(a) se desprendió / feneció / murió. (b) se desprendió / se separó. Véase [[cavati]] (a, b).	(a) fell away / passed away / died. (b) fell away / was separated. See [[cavati]] (a, b).	Cross-reference to စဝတိ not placeholdered.
63362	cavissāma	ရွေ့လျော-စုတေ-သေ-ရကုန်အံ့။ «S1»	habrán de desprenderse / fenecer / morir. Véase [[cavati]] (a).	they will have to fall away / pass away / die. See [[cavati]] (a).	Future …အံ့ rendered 3rd person; the Pāḷi (cavissāma) is 1st plural — unsure.
63363	cavissāmi	ရွေ့လျော-စုတေ-သေ-ရအံ့။ «S1»	habrá de desprenderse / fenecer / morir. Véase [[cavati]] (a).	will have to fall away / pass away / die. See [[cavati]] (a).	Future …အံ့ rendered 3rd person; the Pāḷi (cavissāmi) is 1st singular — unsure.
63367	casaddatthasamāsa	စသဒ္ဒါ၏ ရှိသော သမာသ်၊ စသဒ္ဒါ၏ သမုစ္စည်းကို ဟောသော သမာသ်၊ ဒွန်သမာသ်။ «S1»	el compuesto que tiene (el sentido) de la palabra *ca*; el compuesto que expresa el *samuccaya* de la palabra *ca*; el *dvandasamāsa*. Véase [[casaddattha]].	the compound having (the meaning) of the word *ca*; the compound expressing the *samuccaya* of the word *ca*; the *dvandasamāsa*. See [[casaddattha]].	First gloss lacks its noun (စသဒ္ဒါ၏ ရှိသော); အနက် supplied.
63369	cākāra	စာသဒ္ဒါ။ «S1»	la palabra *cā*. Véase [[cāsadda]].	the word *cā*. See [[cāsadda]].	စာသဒ္ဒါ for cākāra (the syllable ca): possibly a misprint for စသဒ္ဒါ.
63409	cāṭa	ပိန်ညင်းငှက်၊ ပျံလွှားငှက်၊ မိုးစွေငှက်။	el ave ‹ပိန်ညင်း›; el ave ‹ပျံလွှား›; el ave ‹မိုးစွေ›.	the ‹ပိန်ညင်း› bird; the ‹ပျံလွှား› bird; the ‹မိုးစွေ› bird.	Three Burmese bird names left unidentified; cāṭa/cātaka is traditionally the rain-bird (pied cuckoo, Clamator jacobinus?) — tentative.
63410	cāṭaka	စာဋကငှက်။ (က) အိမ်စာ၊ စာကလေး။ (ခ) စာငှက်၊ စာငှက်သာမည။	el ave *cāṭaka*. (a) el gorrión doméstico; el gorrioncillo. (b) el gorrión; el gorrión común.	the *cāṭaka* bird. (a) the house sparrow; the little sparrow. (b) the sparrow; the common sparrow.	စာ taken as sparrow.
63411	cāṭakasakuṇa	စာဋကငှက်။ (က) အိမ်စာ၊ စာကလေး။ (ခ) စာငှက်၊ စာငှက်သာမည။	el ave *cāṭaka*. (a) el gorrión doméstico; el gorrioncillo. (b) el gorrión; el gorrión común.	the *cāṭaka* bird. (a) the house sparrow; the little sparrow. (b) the sparrow; the common sparrow.	စာ taken as sparrow.
63438	cāṇakka	စာဏက္ကပုဏ္ဏား။ မူရင်းကြည့်ပါ။	el brahmán *cāṇakka*. véase el original.	the brahmin *cāṇakka*. see the original.	Source has မူရင်းကြည့်ပါ (see the original).
63439	cāta	ပိန်ညင်းငှက်၊ ပျံလွှားငှက်၊ မိုးစွေငှက်။ «S1»	el ave ‹ပိန်ညင်း›; el ave ‹ပျံလွှား›; el ave ‹မိုးစွေ›. Véase [[cāṭa]].	the ‹ပိန်ညင်း› bird; the ‹ပျံလွှား› bird; the ‹မိုးစွေ› bird. See [[cāṭa]].	Three Burmese bird names left unidentified; cātaka is traditionally the rain-bird (pied cuckoo, Clamator jacobinus?) — tentative.
63440	cātaka	(၁) ပိန်ညင်းငှက်၊ ပျံလွှားငှက်၊ မိုးစွေငှက်။ မူရင်းကြည့်ပါ။ (၂) ဗီလုံးငှက်။ «S1»	(1) el ave ‹ပိန်ညင်း›; el ave ‹ပျံလွှား›; el ave ‹မိုးစွေ›. véase el original. (2) el ave ‹ဗီလုံး›. Véase [[cātakasakuṇikā]].	(1) the ‹ပိန်ညင်း› bird; the ‹ပျံလွှား› bird; the ‹မိုးစွေ› bird. see the original. (2) the ‹ဗီလုံး› bird. See [[cātakasakuṇikā]].	Source has မူရင်းကြည့်ပါ (see the original). Bird names ပိန်ညင်း, ပျံလွှား, မိုးစွေ, ဗီလုံး left unidentified.
63441	cātakasakuṇa	(၁) ပိန်ညင်းငှက်၊ ပျံလွှားငှက်၊ မိုးစွေငှက်။ (၂) ဗီလုံးငှက်။ «S1»	(1) el ave ‹ပိန်ညင်း›; el ave ‹ပျံလွှား›; el ave ‹မိုးစွေ›. (2) el ave ‹ဗီလုံး›. Véase también [[cātakasakuṇikā]].	(1) the ‹ပိန်ညင်း› bird; the ‹ပျံလွှား› bird; the ‹မိုးစွေ› bird. (2) the ‹ဗီလုံး› bird. See also [[cātakasakuṇikā]].	Bird names ပိန်ညင်း, ပျံလွှား, မိုးစွေ, ဗီလုံး left unidentified.
63442	cātakasakuṇikā	ဗီလုံးငှက်မ။	la hembra del ave ‹ဗီလုံး›.	the female ‹ဗီလုံး› bird.	Bird name ဗီလုံး left unidentified.
63443	cātasakuṇa	ပိန်ညင်းငှက်၊ ပျံလွှားငှက်၊ မိုးစွေငှက်။ «S1»	el ave ‹ပိန်ညင်း›; el ave ‹ပျံလွှား›; el ave ‹မိုးစွေ›. Véase [[cāṭakasakuṇa]].	the ‹ပိန်ညင်း› bird; the ‹ပျံလွှား› bird; the ‹မိုးစွေ› bird. See [[cāṭakasakuṇa]].	Bird names ပိန်ညင်း, ပျံလွှား, မိုးစွေ left unidentified.
63468	cātuppadika	၄-ပါးရှိသော။	que tiene 4.	having 4.	classifier ပါး with no noun: 4 (parts / pādas?) left implicit as in the Burmese
63469	cātuppadikagāthā	၄-ပါးရှိသော ဂါထာ။	la estrofa que tiene 4.	the verse having 4.	classifier ပါး with no noun: presumably 4 pādas (lines); left implicit as in the Burmese
63475	catumasutta	စာတုမသုတ်၊ စာတုမာရွာအနီး ရှစ်ရှားတောဝယ် စာတုမာရုံကျောင်းတော်၌ ဟောတော်မူအပ်သောသုတ်။ မူရင်းကြည့်ပါ။	*cātumasutta*; el sutta expuesto en el monasterio *cātumāruṁ*, en el bosque de ‹ရှစ်ရှား›, cerca de la aldea *cātumā*. Véase el original.	*cātumasutta*; the sutta taught at the *cātumāruṁ* monastery, in the ‹ရှစ်ရှား› grove, near the village of *cātumā*. See the original.	source says မူရင်းကြည့်ပါ (see the original); plant ‹ရှစ်ရှား› not identified with confidence (the canon has āmalakīvana, emblic myrobalan grove)
63482	cātumahārājika	(က) (တေရဋ္ဌ,ဝိရုဠှက,ဝိရူပက္ခ,ကုဝေရဟူသော) အုပ်စိုးသူနတ်မင်းကြီး ၄-ယောက်ရှိသော၊ နတ်၊ စာတုမဟာရာဇ်နတ်။ (ခ) နတ်မင်းကြီး ၄-ယောက်၌-ဆည်းကပ်-ခစား-ခြင်းရှိသော၊ နတ်၊ စာတုမဟာရာဇ်နတ်။ မူရင်းကြည့်ပါ။	(a) que tiene 4 grandes reyes *deva* que gobiernan (es decir *teraṭṭha*, *virul̤haka*, *virūpakkha*, *kuvera*) (dicho de un *deva*); *deva* *cātumahārāja*. (b) que tiene el frecuentar / servir a los 4 grandes reyes *deva* (dicho de un *deva*); *deva* *cātumahārāja*. Véase el original.	(a) having 4 great ruling *deva* kings (namely *teraṭṭha*, *virul̤haka*, *virūpakkha*, *kuvera*) (said of a *deva*); a *cātumahārāja* *deva*. (b) attending on / serving the 4 great *deva* kings (said of a *deva*); a *cātumahārāja* *deva*. See the original.	source says မူရင်းကြည့်ပါ (see the original); ⟦တေရဋ္ဌ⟧ as printed, expected ဓတရဋ္ဌ (Dhataraṭṭha)
63497	cātumāsamatthaka	၄-လ၏အထက်။	la parte superior de los 4 meses.	the top of the 4 months.	အထက် 'top / above' of 4 months: probably 'the end of / beyond the 4 months'
63506	cātuyāmasaṁvarasaṁvuta	(၁) ၄-ပါးသော အဖို့အစုဖြစ်သော စောင့်စည်းခြင်းဖြင့်-စောင့်စည်း-ပိတ်ဆို့-သော၊ ၄-မျိုးသော စောင့်စည်းခြင်းနှင့် ပြည့်စုံသော၊ သူ။ (၂) ၄-ပါးသော ကြဉ်ရှောင်ခြင်းဟူသော စောင့်စည်းခြင်းဖြင့်-စောင့်စည်း-ပိတ်ဆို့-သော၊ ၄-မျိုးသော ကြဉ်ရှောင်ခြင်းဟူသော စောင့်စည်းခြင်းနှင့် ပြည့်စုံသော၊ သူ။ မူရင်းကြည့်ပါ။	(1) contenido / cerrado por la contención que consiste en 4 porciones; dotado de la contención de 4 clases (dicho de una persona). (2) contenido / cerrado por la contención que es las 4 abstenciones; dotado de la contención que es las 4 clases de abstención (dicho de una persona). Véase el original.	(1) restrained / closed off by the restraint consisting of 4 portions; endowed with the restraint of 4 kinds (said of a person). (2) restrained / closed off by the restraint that is the 4 abstentions; endowed with the restraint that is the 4 kinds of abstention (said of a person). See the original.	source says မူရင်းကြည့်ပါ (see the original)
63509	cātura	ယဇ်ပူဇော်ခြင်းငှါ ပြုပြင်စီရင်အပ်သော-အကျည်မြင့်-ကုန်းမြင့်။	la plataforma elevada / el montículo elevado preparado y dispuesto para ofrecer sacrificio.	the raised platform / raised mound prepared and arranged for offering sacrifice.	အကျည်မြင့် unclear; rendered 'raised platform'
63519	cāpa	(၁) လေး၊ အလယ်၌ ကောက်သောထမ်းပိုး,တူသော လေးအထူး။ (၂) စာပမည်သောကြက်သွန်။ «S1» (၃) စာပမည်သောငှက်။ «S2»	(1) arco; un arco especial, semejante a una pértiga de carga curvada en el medio. (2) el ajo llamado *cāpa*. Véase [[cāpalasuṇa]]. (3) el ave llamada *cāpa*. Véase [[cāpasakuṇa]].	(1) bow; a special bow, like a carrying-pole bent in the middle. (2) the garlic called *cāpa*. See [[cāpalasuṇa]]. (3) the bird called *cāpa*. See [[cāpasakuṇa]].	ကြက်သွန် is onion or garlic generically; 'garlic' chosen after lasuṇa; bird not identified
63521	cāpadhura	လေ၏အဦး၊ လေးအထက်။	el comienzo del arco; la parte superior del arco.	the beginning of the bow; the upper part of the bow.	လေ၏ printed, read as လေး၏ (of the bow)
63522	cāpanāl̤i	လေးထည့်သောကျည်၊ လေးကျည်တောက်၊ လေးဖူး။	el tubo en que se guarda el arco; el tubo del arco; la funda del arco.	the tube in which the bow is kept; the bow-tube; the bow-case.	လေးဖူး uncertain; rendered 'bow-case'
63523	cāpalasuṇa	စာပမည်သောကြက်သွန်။	el ajo llamado *cāpa*.	the garlic called *cāpa*.	ကြက်သွန် onion or garlic; 'garlic' chosen after lasuṇa
63529	cāpā	စာပါမည်သောမိန်းမ။ မူရင်းကြည့်ပါ။	la mujer llamada *cāpā*. Véase el original.	the woman called *cāpā*. See the original.	source says မူရင်းကြည့်ပါ (see the original)
63536	cāmarachattagāhaka	စမရီသားပြီးယပ်,ထီးဖြူကိုကိုင်သော၊ သူ။	que sostiene el abanico de cola de yak y el parasol blanco (dicho de una persona).	holding the yak-tail fan and the white parasol (said of a person).	ပြီး printed, read as မြီး (tail)
63553	cāmīkara	စာမီကရ မည်သော ရွှေ၊ ဂီဝါရွှေ။	el oro llamado *cāmīkara*; oro ‹ဂီဝါ›.	the gold called *cāmīkara*; ‹ဂီဝါ› gold.	ဂီဝါရွှေ: kind of gold not identified
63571	cārikā	လှည့်လည်-သွားလာ-ခြင်း၊ ဒေသစာရီလှည့်လည်ခြင်း၊ ဒေသစာရီကြွချီခြင်း။ မူရင်းကြည့်ပါ။	el deambular / ir y venir; el andar en gira por las regiones; el partir en gira por las regiones. Véase el original.	wandering / going to and fro; going on tour through the regions; setting out on tour through the regions. See the original.	source says မူရင်းကြည့်ပါ (see the original)
63608	cārī	(၁) လှည့်လည်-သွားလာ-ကျက်စား-ကျင်လည်-ခြင်း။ (န) (၂) စားအပ်သောမျက်။ (တိ) (၃) လှည့်လည်-သွားလာ-ကျက်စား-ကျင်လည်-သော၊ သူ။ (၄) ကျင့်တတ်သော၊ သူ။	(1) el deambular / ir y venir / frecuentar / desenvolverse. (neutro) (2) la hierba que se come. (adjetivo) (3) que deambula / va y viene / frecuenta / se desenvuelve (dicho de una persona). (4) que suele practicar (dicho de una persona).	(1) wandering / going to and fro / resorting / moving about. (neuter) (2) grass that is eaten. (adjective) (3) wandering / going to and fro / resorting / moving about (said of a person). (4) apt to practise (said of a person).	မျက် printed, read as မြက် (grass)
63613	cārutimbarukkha	ရွှေတည်ပင်။	el árbol ‹ရွှေတည်›.	the ‹ရွှေတည်› tree.	tree not identified with confidence: 'golden တည်' (a Diospyros?); Pāḷi timbaru
63638	cāresi	လှည့်လည်-သွားလာ-ကျက်စား-စေ၏၊ အာရုံကိုယူစေ၏။ စာရေတိ-(၂,၃)-ကြည့်။	hace deambular / ir y venir / frecuentar; hace tomar el objeto (de la mente). Véase [[cāreti]] (2, 3).	makes wander / go to and fro / resort; makes take the object (of the mind). See [[cāreti]] (2, 3).	see-reference to စာရေတိ (senses 2, 3) left in the text, not a «S» placeholder
63639	cāresi	ရွေ့စေပြီ၊ ဆွဲပြီ၊ ဖြတ်ပြီ။ စာရေတိ-(၂,၅)-ကြည့်။	hizo moverse; arrastró; cortó. Véase [[cāreti]] (2, 5).	made move; dragged; cut. See [[cāreti]] (2, 5).	see-reference to စာရေတိ (senses 2, 5) left in the text, not a «S» placeholder
63642	cārehi	လှည့်လည်-သွားလာ-ကျက်စား-စေလော့၊ အာရုံကို ယူစေလော့။ စာရေတိ-(၂,၃)-ကြည့်။	haz deambular / ir y venir / frecuentar; haz tomar el objeto (de la mente). Véase [[cāreti]] (2, 3).	make wander / go to and fro / resort; make take the object (of the mind). See [[cāreti]] (2, 3).	see-reference to စာရေတိ (senses 2, 3) left in the text, not a «S» placeholder
63649	cālayati	ရွေ့စေ၏၊ ရွေရှားစေ၏၊ လှုပ်စေ၏၊ တုန်လှုပ်စေ၏။	desplaza; hace desplazarse; mueve; hace temblar.	displaces; makes shift about; moves; makes tremble.	ရွေရှား printed, read as ရွေ့ရှား
63652	cālā	(၁) စာလာမည်သောမိန်းမ၊ သုမနမြတ်စွာဘုရား၏မြတ်သော အလုပ်အကျွေးမ။ (၂) စာလာမည်သော ရဟန်းမ၊ ဖုဿမြတ်စွာဘုရား၏ မြတ်သော တပည့်မ။ (၃) စာလာမည်သော မိန်းမ၊ စာလာမည်သောရဟန်းမ၊ အရှင်သာရိပုတ္တရာ၏ နှမ။ (၄) စာလာမည်သော သူငယ်၊ စာလာမည်သော သာမဏေ၊ အရှင်သာရိပုတ္တရာ၏နှမ စာလာ၏သား။	(1) la mujer llamada *cālā*, la excelente servidora del Buddha *sumana*. (2) la monja llamada *cālā*, la excelente discípula del Buddha *phussa*. (3) la mujer llamada *cālā*, la monja llamada *cālā*, hermana menor del Venerable *sāriputta*. (4) el niño llamado *cālā*, el *sāmaṇera* llamado *cālā*, hijo de *cālā*, hermana menor del Venerable *sāriputta*.	(1) the woman called *cālā*, the excellent female attendant of the Buddha *sumana*. (2) the nun called *cālā*, the excellent female disciple of the Buddha *phussa*. (3) the woman called *cālā*, the nun called *cālā*, younger sister of the Venerable *sāriputta*. (4) the boy called *cālā*, the *sāmaṇera* called *cālā*, son of *cālā*, younger sister of the Venerable *sāriputta*.	(4) the son is also named စာလာ in the source; cf. id 63666 စာလီ
63679	cālessāmi	လှုပ်စေအံ့၊ တုန်လှုပ်စေအံ့၊ လှုပ်ရှားစေအံ့။ «S1»	moverá; hará temblar; agitará. Véase [[cāleti]] (a).	will move; will make tremble; will stir. See [[cāleti]] (a).	future ...အံ့ with no person marked, rendered 3rd person; the headword cālessāmi is 1st person
63685	cāvanapayogasādhaka	ရွေ့စေကြောင်း လုံ့ကို ပြီးစေတတ်သော။	que suele llevar a término el esfuerzo por el que se desplaza.	apt to accomplish the effort by which one displaces.	လုံ့ printed, read as လုံ့လ (effort)
63695	cāveti	ရွေ့စေ၏၊ ရွေ့ရှားစေ၏။ (က) ရွေ့စေ၏၊ ရွှေ့၏။ ရွေ့ပြောင်း၏။ (ခ) ရွေ့စေ၏၊ ကျစေ၏၊ ချ၏။ (ဂ) ရွေ့စေ၏၊ ရွေ့လျောစေ၏၊ လျောကျစေ၏။ (ဃ) ရွေ့စေ၏၊ ပယ်ထုတ်၏။ (င) ရွေ့စေ၏၊ လျော့ပါးစေ၏၊ ယုတ်စေ၏။ (စ) ရွေ့စေ၏၊ ထစေ၏။ (ဆ) ရွေ့စေ၏၊ ရွှေ့လျောစေ၏၊ စုတေစေ၏၊ သေစေ၏။	desplaza; hace desplazarse. (a) desplaza; mueve de sitio. Traslada. (b) desplaza; hace caer; baja. (c) desplaza; hace deslizarse; hace resbalar hacia abajo. (d) desplaza; expulsa. (e) desplaza; hace disminuir; hace menguar. (f) desplaza; hace levantarse. (g) desplaza; hace deslizarse; hace pasar de existencia; hace morir.	displaces; makes shift about. (a) displaces; moves away. Shifts. (b) displaces; makes fall; puts down. (c) displaces; makes slip away; makes slide down. (d) displaces; expels. (e) displaces; makes diminish; makes decrease. (f) displaces; makes rise. (g) displaces; makes slip away; makes pass away; makes die.	(d) ပယ်ထုတ် rendered expulsar / expel, not abandonar
63699	cāventa	ရွေ့စသော၊ ရွှေ့သော၊ ရွှေ့ပြောင်းသော၊ သူ။	que desplaza; que mueve de sitio; que traslada (dicho de una persona).	displacing; moving away; shifting (said of a person).	ရွေ့စသော printed, read as ရွေ့စေသော (displacing)
63700	cāventi	(က) ရွေ့စေကုန်၏၊ ရွေ့လျောစေကုန်၏၊ လျောကျစေကုန်၏၊ (ခ) ရွေ့စေကုန်၏၊ ထစေကုန်၏။ စာဝေတိ-(ဂ,စ)-ကြည့်။	(a) desplazan; hacen deslizarse; hacen resbalar hacia abajo; (b) desplazan; hacen levantarse. Véase [[cāveti]] (c, f).	(a) they displace; they make slip away; they make slide down; (b) they displace; they make rise. See [[cāveti]] (c, f).	see-reference to စာဝေတိ (ဂ, စ = c, f) left in the text, not a «S» placeholder
63701	cāvemi	(က) ရွေ့စေ၏၊ ကျစေ၏၊ ချ၏။ (ခ) ရွေ့စေ၏၊ လျော့ပါးစေ၏၊ ယုတ်စေ၏။ စာဝေတိ-(ခ,င)-ကြည့်။	(a) desplaza; hace caer; baja. (b) desplaza; hace disminuir; hace menguar. Véase [[cāveti]] (b, e).	(a) displaces; makes fall; puts down. (b) displaces; makes diminish; makes decrease. See [[cāveti]] (b, e).	see-reference to စာဝေတိ (ခ, င = b, e) left in the text; Burmese ၏ is 3rd person, headword cāvemi is 1st
63702	cāveyyaṁ	ရွေ့စေရာ၏၊ ပယ်ထုတ်ရာ၏။ «S1»	desplazaría; expulsaría. Véase [[cāveti]] (d).	would displace; would expel. See [[cāveti]] (d).	ပယ်ထုတ် rendered expulsar / expel, not abandonar
63703	cāveyya	(က) ရွေ့စေရာ၏၊ ရွှေ့ရာ၏၊ ရွှေ့ပြောင်းရာ၏။ (ခ) ရွေ့စေရာ၏၊ ကျစေရာ၏၊ ချရာ၏။ စာဝေတိ-(က,ခ)-ကြည့်။	(a) desplazaría; movería de sitio; trasladaría. (b) desplazaría; haría caer; bajaría. Véase [[cāveti]] (a, b).	(a) would displace; would move away; would shift. (b) would displace; would make fall; would put down. See [[cāveti]] (a, b).	see-reference to စာဝေတိ (က, ခ = a, b) left in the text, not a «S» placeholder
63705	cāvesi	(က) ရွေ့စေပြီ၊ ရွှေ့ပြီ၊ ရွှေ့ပြောင်းပြီ။ (ခ) ရွေ့စေပြီ၊ ကျစေပြီ၊ ချပြီ။ စာဝေတိ-(က,ခ)-ကြည့်။	(a) desplazó; movió de sitio; trasladó. (b) desplazó; hizo caer; bajó. Véase [[cāveti]] (a, b).	(a) displaced; moved away; shifted. (b) displaced; made fall; put down. See [[cāveti]] (a, b).	see-reference to စာဝေတိ (က, ခ = a, b) left in the text, not a «S» placeholder
63706	cāvessati	(က) ရွေ့စေလတ္တံ့၊ ရွေ့လျောစေလတ္တံ့၊ လျောကျစေလတ္တံ့။ (ခ) ရွေ့စေလတ္တံ့၊ ထစေလတ္တံ့။ စာဝေတိ-(ဂ,စ)-ကြည့်။	(a) desplazará; hará deslizarse; hará resbalar hacia abajo. (b) desplazará; hará levantarse. Véase [[cāveti]] (c, f).	(a) will displace; will make slip away; will make slide down. (b) will displace; will make rise. See [[cāveti]] (c, f).	see-reference to စာဝေတိ (ဂ, စ = c, f) left in the text, not a «S» placeholder
63708	cāvessāma	ရွေ့စေကုန်လတ်အံ့၊ ရွှေ့ကုန်လတ်အံ့၊ ရွှေ့ပြောင်းကုန်လတ်အံ့။ «S1»	desplazarán; moverán de sitio; trasladarán. Véase [[cāveti]] (a).	they will displace; they will move away; they will shift. See [[cāveti]] (a).	future ...အံ့ with no person marked, rendered 3rd plural; the headword cāvessāma is 1st plural
63710	ci	ကိဉ္စီ(ဇာ၊ ၁။ ၂၀၃)တိ အပ္ပမတ္တကမ္ပိ။ ဇာ၊ ဋ္ဌ၊ ၇။ ၁၅၄။ ယံကိဉ္စီ (ခုဒ္ဒက။ ၅။ သုတ္တနိ။ ၃၁၂)တိ အနိယမိတဝသေန အနဝသေသံ ပရိယာဒိယတိ ယံကိဉ္စိ တတ္ထ တတ္ထ ဝေါဟာရုပဂံ။ ခုဒ္ဒက၊ ဋ္ဌ။ ၁၄၂။ သုတ္တနိ၊ ဋ္ဌ၊ ၁။ ၂၇၁-စသည်။ «S1»	*kiñcīti appamattakampi*. *yaṁkiñcīti aniyamitavasena anavasesaṁ pariyādiyati yaṁkiñci tattha tattha vohārupagaṁ*. Véase también [[cana]].	*kiñcīti appamattakampi*. *yaṁkiñcīti aniyamitavasena anavasesaṁ pariyādiyati yaṁkiñci tattha tattha vohārupagaṁ*. See also [[cana]].	Pāḷi quotations only, nothing Burmese to translate; citations (and trailing -စသည် 'etc.') dropped
63711	cikicchā	(၁) ကုစာ-ကုသ-ခြင်း။ «S1» (၂) ကုစား-ကုသ-တတ်သော-ဉာဏ်-ပညာ။	(1) el curar / tratar. Véase [[cikicchādhippāya]]. (2) el conocimiento / *paññā* que suele curar / tratar.	(1) curing / treating. See [[cikicchādhippāya]]. (2) the knowledge / *paññā* apt to cure / treat.	ကုစာ printed, read as ကုစား
63720	cikkhallaka	ဖြစ်သော ရွှံ့ညွှန်ရှိသော၊ ရွှံ့ညွန်ဖြစ်နေသော၊ ဗွက်ပေါက်-ဗွက်ထ-သော။	que tiene cieno surgido; que se ha vuelto cieno; cenagoso / encharcado.	having mire that has arisen; that has turned to mire; muddy / boggy.	definition opens with an unattached ဖြစ်သော; possibly truncated
63721	cikkhallajāta	ဖြစ်သော ရွှံ့ညွှန်ရှိသော၊ ရွှံ့ညွန်ဖြစ်နေသော၊ ဗွက်ပေါက်-ဗွက်ထ-သော။	que tiene cieno surgido; que se ha vuelto cieno; cenagoso / encharcado.	having mire that has arisen; that has turned to mire; muddy / boggy.	definition opens with an unattached ဖြစ်သော; possibly truncated
63736	ciṅgūlaka	ကုလားဇလပ်ပွင့်သဏ္ဌာန်အနှံရှိသော မြက်စပါး။ မူရင်းကြည့်ပါ။	la hierba de grano que tiene espigas con forma de flor de ‹ကုလားဇလပ်›. Véase el original.	the grain-grass having ears shaped like the ‹ကုလားဇလပ်› flower. See the original.	source says မူရင်းကြည့်ပါ (see the original); plant ‹ကုလားဇလပ်› not identified with confidence
63737	cicciṭāyati	စိဋ်စိဋ်-ဖျစ်ဖျစ်-စီစီ-ဟူသော အသံကိုပြု၏၊ စိဋ်စိဋ်-ဖျစ်ဖျစ်-စီစီ-မည်၏။	hace el sonido ‹စိဋ်စိဋ်› / ‹ဖျစ်ဖျစ်› / ‹စီစီ›; suena ‹စိဋ်စိဋ်› / ‹ဖျစ်ဖျစ်› / ‹စီစီ›.	makes the sound ‹စိဋ်စိဋ်› / ‹ဖျစ်ဖျစ်› / ‹စီစီ›; sounds ‹စိဋ်စိဋ်› / ‹ဖျစ်ဖျစ်› / ‹စီစီ›.	Burmese onomatopoeia kept in ‹ ›; မည်၏ printed, read as မြည်၏ (sounds)
63738	cicciṭāyana	စိဋ်စိဋ်-ဖျစ်ဖျစ်-စီစီ-ဟူသော အသံကိုပြုသော၊ စိဋ်စိဋ်-ဖျစ်ဖျစ်-စီစီ-မြည်သော။ «S1»	que hace el sonido ‹စိဋ်စိဋ်› / ‹ဖျစ်ဖျစ်› / ‹စီစီ›; que suena ‹စိဋ်စိဋ်› / ‹ဖျစ်ဖျစ်› / ‹စီစီ›. Véase [[cicciṭāyanasadda]].	making the sound ‹စိဋ်စိဋ်› / ‹ဖျစ်ဖျစ်› / ‹စီစီ›; sounding ‹စိဋ်စိဋ်› / ‹ဖျစ်ဖျစ်› / ‹စီစီ›. See [[cicciṭāyanasadda]].	Burmese onomatopoeia kept in ‹ ›
63739	cicciṭāyanasadda	စိဋ်စိဋ်-ဖျစ်ဖျစ်-စီစီ-မြည်သောအသံ။	el sonido que suena ‹စိဋ်စိဋ်› / ‹ဖျစ်ဖျစ်› / ‹စီစီ›.	the sound that sounds ‹စိဋ်စိဋ်› / ‹ဖျစ်ဖျစ်› / ‹စီစီ›.	Burmese onomatopoeia kept in ‹ ›
63740	cicciṭāyamāna	စိဋ်စိဋ်-ဖျစ်ဖျစ်-စီစီ-ဟူသော အသံကိုပြုသော၊ စိဋ်စိဋ်-ဖျစ်ဖျစ်-စီစီ-မြည်သော။	que hace el sonido ‹စိဋ်စိဋ်› / ‹ဖျစ်ဖျစ်› / ‹စီစီ›; que suena ‹စိဋ်စိဋ်› / ‹ဖျစ်ဖျစ်› / ‹စီစီ›.	making the sound ‹စိဋ်စိဋ်› / ‹ဖျစ်ဖျစ်› / ‹စီစီ›; sounding ‹စိဋ်စိဋ်› / ‹ဖျစ်ဖျစ်› / ‹စီစီ›.	Burmese onomatopoeia kept in ‹ ›
63741	ciñcabhedaka	ကျွဲခေါင်းသီး။	el fruto ‹ကျွဲခေါင်းသီး›.	the ‹ကျွဲခေါင်းသီး› fruit.	fruit ‹ကျွဲခေါင်းသီး› ('buffalo-head fruit') not identified with confidence
63742	ciñcamāṇavikā	စိဉ္စမာဏဝိကာမည်သော မိန်းမ။ မူရင်းကြည့်ပါ။	la mujer llamada *ciñcamāṇavikā*. Véase el original.	the woman called *ciñcamāṇavikā*. See the original.	source says မူရင်းကြည့်ပါ (see the original)
63746	ciṭiciṭāyati	စိဋ်စိဋ်-ဖျစ်ဖျစ်-ဟူသော အသံကိုပြု၏၊ စိဋ်စိဋ်-ဖျစ်ဖျစ်-မြည်၏။ «S1»	hace el sonido ‹စိဋ်စိဋ်› / ‹ဖျစ်ဖျစ်›; suena ‹စိဋ်စိဋ်› / ‹ဖျစ်ဖျစ်›. Véase [[cicciṭāyati]].	makes the sound ‹စိဋ်စိဋ်› / ‹ဖျစ်ဖျစ်›; sounds ‹စိဋ်စိဋ်› / ‹ဖျစ်ဖျစ်›. See [[cicciṭāyati]].	Burmese onomatopoeia kept in ‹ ›
63752	ciṇṇatta	(၁) ကျင့်အပ်ပြီးသည်၏အဖြစ်။ (၂) လေ့လာ-လေ့ကျက်-ဖူးသည်၏အဖြစ်၊ အာဝဇ္ဇန်းနှင့် ကင်း၍-များစွာ-အဖန်ဖန်-အထပ်ထပ်-ဖြစ်ဖူးသည်၏အဖြစ်။ (၃) လေ့လာ-လေ့ကျက်-အပ်ထူးသည်၏အဖြစ်၊ မှီဝဲအပ်-အဖန်ဖန်-အထပ်ထပ်-ဖြစ်စေအပ်-ပြီးသည်၏အဖြစ်။	(1) el hecho de haber sido practicado. (2) el hecho de haber sido estudiado / ejercitado; el hecho de haber surgido sin *āvajjana* / muchas veces / una y otra vez / repetidamente. (3) el hecho de haber sido estudiado / ejercitado; el hecho de haber sido ya cultivado / una y otra vez / repetidamente / hecho surgir.	(1) the state of having been practised. (2) the state of having been studied / exercised; the state of having arisen without *āvajjana* / many times / again and again / repeatedly. (3) the state of having been studied / exercised; the state of having already been cultivated / again and again / repeatedly / made to arise.	(3) အပ်ထူး printed, probably အပ်ဖူး
63757	ciṇṇabrahmacariya	ကျင့်အပ်ပြီးသော မဂ်ဟူသော မြတ်သောအကျင့်၊ ကျင့်အပ်ပြီးသော မဂ်အကျင့်။ «S1» (တိ) (၂) ကျင့်အပ်ပြီးသော မြတ်သောအကျင့်ရှိသော၊ မြတ်သောအကျင့်ကို ကျင့်ပြီးသော၊ သူ။ (က) ကျင့်အပ်ပြီးသော မဂ်ဟူသော မြတ်သောအကျင့်ရှိသော၊ မဂ်ဟူသော မြတ်သောအကျင့်ကို ကျင့်ပြီးသော၊ သူ။ (ခ) ကျင့်အပ်ပြီးသော မေထုန်မှ ရှောင်ကြဉ်ခြင်းဟူသော မြတ်သော အကျင့်ရှိသော၊ မေထုန်မှ ရှောင်ကြဉ်ခြင်းဟူသော မြတ်သော အကျင့်ကို ကျင့်ပြီးသော၊ သူ။	la práctica excelente, es decir el *magga*, ya practicada; la práctica del *magga* ya practicada. Véase [[ciṇṇabrahmacariyavāsa]]. (adjetivo) (2) que tiene una práctica excelente ya practicada; que ya ha practicado la práctica excelente (dicho de una persona). (a) que tiene la práctica excelente, es decir el *magga*, ya practicada; que ya ha practicado la práctica excelente que es el *magga* (dicho de una persona). (b) que tiene la práctica excelente, es decir la abstención de la relación sexual, ya practicada; que ya ha practicado la práctica excelente que es la abstención de la relación sexual (dicho de una persona).	the excellent practice, namely the *magga*, already practised; the practice of the *magga* already practised. See [[ciṇṇabrahmacariyavāsa]]. (adjective) (2) having an excellent practice already practised; having already practised the excellent practice (said of a person). (a) having the excellent practice, namely the *magga*, already practised; having already practised the excellent practice that is the *magga* (said of a person). (b) having the excellent practice, namely abstaining from sexual intercourse, already practised; having already practised the excellent practice that is abstaining from sexual intercourse (said of a person).	sense (1) has no (၁) marker in the source
63759	ciṇṇamaggabrahmacariya	ကျင့်အပ်ပြီးသော မဂ်ဟူသော မြတ်သောအကျင့်ရှိသော၊ မဂ်ဟူသော မြတ်စောအကျင့်ကို ကျင့်ပြီးသော၊ သူ။	que tiene la práctica excelente, es decir el *magga*, ya practicada; que ya ha practicado la práctica excelente que es el *magga* (dicho de una persona).	having the excellent practice, namely the *magga*, already practised; having already practised the excellent practice that is the *magga* (said of a person).	မြတ်စော printed, read as မြတ်သော
63760	ciṇṇamānatta	(၁) ပြုကျင့်-ပြီးဆုံးစေ-အပ်ပြီးသော မာနတ်အကျင့်။ (တိ)  «S1» (၂) ပြုကျင့်-ပြီးဆုံးစေ-အပ်ပြီးသော မာနတ်အကျင့်ရှိသော၊ မာနတ်အကျင့်ကို-ပြုကျင့်-ပြီးဆုံးစေ-ပြီးသောမာနတ်ကျင့်ပြီးသော၊ သူ။	(1) la práctica del *mānatta* ya practicada / llevada a término. (adjetivo) Véase [[ciṇṇamānattābhāva]]. (2) que tiene la práctica del *mānatta* ya practicada / llevada a término; que ya ha practicado / llevado a término la práctica del *mānatta* (dicho de una persona).	(1) the practice of *mānatta* already practised / completed. (adjective) See [[ciṇṇamānattābhāva]]. (2) having the practice of *mānatta* already practised / completed; having already practised / completed the practice of *mānatta* (said of a person).	(2) second clause garbled (…ပြီးသောမာနတ်ကျင့်ပြီးသော repeats itself); rendered once
63769	ciṇṇavasībhāva	။ «S1»	Véase [[ciṇṇavasibhāva]].	See [[ciṇṇavasibhāva]].	definition is only a see-reference placeholder (။ «S1»); nothing to translate
63767	ciṇṇavasibhāvatā	လေ့လာ-လေ့ကျက်-အပ်ပြီးသော-ဝသီဘော်-အစွမ်း-သတ္တိ-ရှိသော သူ၏အဖြစ်၊ ဝသီဘော်-အစွမ်း-သတ္တိ-ကို-လေ့လော-လေ့ကျက်-ပြီးသူ၏ ဖြစ်။	el hecho de ser alguien que tiene la *vasībhāva* / el poder / la capacidad ya estudiado / ejercitado; el hecho de ser alguien que ya ha estudiado / ejercitado la *vasībhāva* / el poder / la capacidad.	the state of being one who has *vasībhāva* / power / capacity already studied / exercised; the state of being one who has already studied / exercised *vasībhāva* / power / capacity.	လေ့လော printed, read as လေ့လာ; final ဖြစ် read as အဖြစ်
63770	ciṇṇavasībhāvatā	။ «S1»	Véase [[ciṇṇavasibhāvatā]].	See [[ciṇṇavasibhāvatā]].	definition is only a see-reference placeholder (။ «S1»); nothing to translate
63782	citakapūjaka	စိတကပူဇကမည်သောထေရ်။ မူရင်းကြည့်ပါ။	el *thera* llamado *citakapūjaka*. Véase el original.	the *thera* called *citakapūjaka*. See the original.	source says မူရင်းကြည့်ပါ (see the original)
63789	citta	(၁) စိတ်၊ အာရုံကို သိတတ်သော သဘောတရား၊ ယှဉ်ဖက် စေတသိက်တရားတို့၏ အာရုံကို သိကြောင်း သဘောတရား၊ အာရုံကို သိမှုသဘာဝ။ (၂) သမာဓိ၊ အာရုံကို ကပ်၍ စူးစူးစိုက်စိုက်ရှုတတ်သော သဘောတရား။ (၃) ပန်းချီ၊ ပန်းချီကား။ (၄) ဆန်းကြယ်မှု၊ ဆန်းကြယ်ခြင်း။ «S1» (၅) စိတ္တမြို့။ မင်္ဂလဘုရားရှင်သည် ယင်းမြို့ကို အမှီပြု၍ စကားပင်ရင်း၌ တိတ္ထိတို့၏ မာန်ကို နှိမ်နှင်းကြောင်း ရေမီးအစုံ တန်ခိုးပြာဋိဟာကို ပြတော်မူသည်။ (ပု) (၆) ပြောက်ကျားသောအဆင်း။ (၇) စိတ္တမည်သော သူ။ (က) စိတ္တသူကြွယ်၊ မစ္ဆိကာသဏ္ဍမြို့သား,ဓမ္မကထိကဧတဒဂ်ရ,အနာဂါမ် အလုပ်အကျွေး စိတ္တဥပါသကာ။ «S2» (ခ) သုဇာတဘုရားရှင်၏ အလုပ်အကျွေး စိတ္တဥပါသကာ။ (ဂ) ဆင်ဆရာ၏သား စိတ္တ။ (ဃ) ဘုရားလောင်း စိတ္တပဏ္ဍိတ။ (င) စိတ္တမည်သော နတ်။ «S3» (တိ) (၈) ဆန်းကြယ်သော။ (၉) ပြောက်ကျားသော။ «S4» (၁၀) အံ့ဩဖွယ်၊ အံ့ဩဖွယ်ကောင်းသော။ «S5» မူရင်းကြည့်ပါ။	(1) la mente; el fenómeno que suele conocer el objeto (de la mente); el fenómeno que es causa de que los *cetasika* asociados conozcan el objeto; la naturaleza del conocer el objeto. (2) *samādhi*; el fenómeno que suele contemplar el objeto acercándose a él y fijándose intensamente. (3) la pintura; el cuadro. (4) la variedad; el ser variado. Véase [[cittakata]]. (5) la ciudad *citta*. El Buddha *maṅgala*, apoyándose en esa ciudad, al pie de un árbol de champaca, mostró el prodigio de poder del par de agua y fuego para abatir el orgullo de los *titthiya*. (masculino) (6) el color moteado. (7) la persona llamada *citta*. (a) el hombre acaudalado *citta*, natural de la ciudad *macchikāsaṇḍa*, que obtuvo el *etadagga* como *dhammakathika*, *anāgāmī*, servidor, el *upāsaka* *citta*. Véase también [[cittagahapati]]. (b) el *upāsaka* *citta*, servidor del Buddha *sujāta*. (c) *citta*, hijo del domador de elefantes. (d) el *bodhisatta* *cittapaṇḍita*. (e) el *deva* llamado *citta*. Véase [[cittasena]]. (adjetivo) (8) variado. (9) moteado. Véase [[cittadāru]]. (10) asombroso; maravilloso. Véase [[cittarūpa]] (1). Véase el original.	(1) mind; the phenomenon apt to know the object (of the mind); the phenomenon that is the cause of the associated *cetasika* knowing the object; the nature of knowing the object. (2) *samādhi*; the phenomenon apt to contemplate the object closely and intently. (3) painting; picture. (4) variety; being varied. See [[cittakata]]. (5) the city of *citta*. The Buddha *maṅgala*, relying on that city, at the foot of a champak tree, displayed the twin miracle of power of water and fire to humble the pride of the *titthiya*. (masculine) (6) spotted colour. (7) the person called *citta*. (a) the wealthy householder *citta*, native of the city of *macchikāsaṇḍa*, who gained the *etadagga* as *dhammakathika*, *anāgāmī*, attendant, the *upāsaka* *citta*. See also [[cittagahapati]]. (b) the *upāsaka* *citta*, attendant of the Buddha *sujāta*. (c) *citta*, son of the elephant trainer. (d) the *bodhisatta* *cittapaṇḍita*. (e) the *deva* called *citta*. See [[cittasena]]. (adjective) (8) varied. (9) spotted. See [[cittadāru]]. (10) astonishing; marvellous. See [[cittarūpa]] (1). See the original.	source says မူရင်းကြည့်ပါ (see the original); (7a) 'attendant' has no stated master in the Burmese
63797	cittaka	(၁) ဆန်းကြယ်သော သားမွေးအခင်း။ မူရင်းကြည့်ပါ။ (ပု) (၂) ပြောက်ကျားသော အဆင်း။ (၃) စိတ္တကမည်သောသူ။ (၄) စိတ္တကမည်သောသမင်။	(1) la alfombra de lana variada. Véase el original. (masculino) (2) el color moteado. (3) la persona llamada *cittaka*. (4) el ciervo llamado *cittaka*.	(1) the varied woollen rug. See the original. (masculine) (2) spotted colour. (3) the person called *cittaka*. (4) the deer called *cittaka*.	source says မူရင်းကြည့်ပါ (see the original)
63798	cittaka	ကန့်ချုပ်နီ။	‹ကန့်ချုပ်နီ›.	‹ကန့်ချုပ်နီ›.	plant not identified with confidence: probably red leadwort (Plumbago indica), Sanskrit citraka
63801	cittakata	(၁) (အဘိသင်္ခါရ-ဖြစ်သော) စိတ်-ဝိညာဉ်-သည်-ပြုအပ်-ဖြစ်စေအပ်-သော။ (၂) ပြုပြင်-ဆင်ယင်-ခြယ်သ-အပ်သော ဆန်းကြယ်မှုရှိသော၊ အဝတ်,တန်းဆာ,ပန်းနံ့သာ,ချိပ်ရည်စသည်တို့ဖြင့် ဆန်းကြယ်သော။ (၃) ဆန်းကြယ်စွာ-အဆန်းတကြယ်-ပြုအပ်သော၊ အဝတ်,တန်းဆာ,ပန်းနံ့သာ စသည်တို့ဖြင့်-ဆန်းကြယ်စွာ-အဆန်းတကြယ်-ပြုပြင်-ဆင်ယင်-ခြင်သ-အပ်သော။	(1) hecho / producido por la mente / la *viññāṇa* (que es *abhisaṅkhāra*). (2) que tiene variedad preparada / adornada / decorada; variado con vestidos, ornamentos, flores y perfumes, laca y demás. (3) hecho de modo variado / vistoso; preparado / adornado / decorado de modo variado / vistoso con vestidos, ornamentos, flores y perfumes y demás.	(1) made / produced by the mind / *viññāṇa* (which is *abhisaṅkhāra*). (2) having a variety that is prepared / adorned / decorated; varied with clothes, ornaments, flowers and perfumes, lac and so on. (3) made variously / showily; prepared / adorned / decorated variously / showily with clothes, ornaments, flowers and perfumes and so on.	ခြင်သ printed, read as ခြယ်သ (decorate)
63810	cittakadharakumma	ပြောက်ကျားသော အဆင်းကို အောင်သော လိပ် ပြောက်ကျားသော လိပ်၊ လိပ်ပြောက်၊ လိပ်ကျား။	la tortuga que lleva un color moteado; la tortuga moteada; la tortuga con manchas; la tortuga rayada.	the turtle bearing a spotted colour; the spotted turtle; the speckled turtle; the striped turtle.	အောင်သော printed, read as ဆောင်သော (bearing)
63821	cittakammadāna	(ကိလေသာရာဂ ဖြစ်ပွါးခြင်း၏ အကြောင်းဖြစ်သော မိန်းမ,ယောက်ကျား ၂-ဦးသားတို့၏ ပေါင်းယှဉ်ဟန်စသော) ပန်းချီးဆေးရေးရုပ်ကို လှူခြင်း၊ ပန်းချီဆေးရေးရုပ် အလှူ။ "	el donar una figura pintada (que representa el abrazo de una pareja de mujer y hombre, y demás, causa del surgir del *kilesarāga*); la ofrenda de una figura pintada.	giving a painted figure (showing the embrace of a pair, woman and man, and so on, the cause of the arising of *kilesarāga*); the offering of a painted figure.	stray " at the end of the source; ပန်းချီး printed, read as ပန်းချီ
63824	cittakammarūpaka	(၁) ပန်းချီမှုဖြင့်-ပြုလုပ်-ရေးခြယ်-အပ်သော အရုပ်၊ ပန်းချီဆေးရေးရုပ်။ (၂) (က) (စက်ယန္တရား ပယောဂဖြင့် အထူးထူးအပြားပြား) ဆန်းကြယ်သော အပြုအမှုရှိသော အရုပ်။ (ခ) (စက်ယန္တရား ပယောဂဖြင့် အထူးထူးအပြားပြား) ဆန်းကြယ်သောအပြုအမူရှိသော စက်ယန္တရားရုပ်။	(1) la figura hecha / pintada mediante pintura; la figura pintada. (2) (a) la figura que tiene una actuación variada (de muchas clases, mediante el recurso de máquinas y mecanismos). (b) la figura mecánica que tiene una actuación variada (de muchas clases, mediante el recurso de máquinas y mecanismos).	(1) the figure made / painted by painting; the painted figure. (2) (a) a figure having varied actions (of many kinds, by means of machinery and mechanisms). (b) a mechanical figure having varied actions (of many kinds, by means of machinery and mechanisms).	(2a) အပြုအမှု printed, read as အပြုအမူ
63849	cittakicca	စိတ်၏-ပြုဖွယ်-ကိစ္စ၊ စိတ်ကိစ္စ၊ စိတ္တကိစ္စဿ ဒုဗ္ဗလဋ္ဌာနေ...သညာဝိလ္လာသော။	lo que ha de hacer / la tarea de la mente; la tarea de la mente; *cittakiccassa dubbalaṭṭhāne...saññāvillāso*.	what is to be done / the task of the mind; the task of the mind; *cittakiccassa dubbalaṭṭhāne...saññāvillāso*.	Pāḷi quotation abridged with '...' in the source; its last word ဝိလ္လာသော looks garbled (vipallāso?)
63862	cittakūṭa	(၁) စိတ္တကုဋ်တောင်။ မူရင်းကြည့်ပါ။ (၂) စိတ္တကူဋမည်သော တံခါးမုခါ။ «S1»	(1) el monte *cittakūṭa*. Véase el original. (2) el portal llamado *cittakūṭa*. Véase [[cittakūṭadvārakoṭṭhaka]].	(1) Mount *cittakūṭa*. See the original. (2) the gateway called *cittakūṭa*. See [[cittakūṭadvārakoṭṭhaka]].	source says မူရင်းကြည့်ပါ (see the original)
63898	cittagahapati	စိတ္တသူကြွယ်။ မူရင်းကြည့်ပါ။	el hombre acaudalado *citta*. Véase el original.	the wealthy householder *citta*. See the original.	source says မူရင်းကြည့်ပါ (see the original)
63901	cittageṇḍuka	ဆန်းကြယ်သောကျင်၊ ဆန်းကြယ်သော အခြင်းအရာဖြင့်ပြုလုပ်ထားသော ကစားစရာ ကျင် (ဂျင်)။	la peonza variada; la peonza de juguete hecha con formas variadas.	the varied spinning top; the toy spinning top made in varied forms.	(ဂျင်) after ကျင် is an alternative spelling of 'top'; not rendered
63902	cittagelañña	(၁) စိတ်၏-မခံ့ကျန်း-ထိုင်းမှုိင်း-လေးလံ-သည်၏အဖြစ်၊ စိတ်၏-မခံ့ကျန်း-ထိုင်းမှုိင်း-လေးလံ-သည်၏အဖြစ်၊ စိတ်၏-မခံ့ကျန်း-ထိုင်းမှုိင်း-လေးလံ-ခြင်း။ (၂) စိတ္တုပ္ပါဒ်-စိတ်,စေတသိက်တို့-၏-မခံ့ကျန်း-ထိုင်းမှုိင်း-လေးလံ-သည်၏အဖြစ်၊ စိတ်,စေတသိက်တို့၏-မခံ့ကျန်း-ထိုင်းမှုိင်း-လေးလံ-ခြင်း။	(1) el hecho de estar la mente indispuesta / torpe / pesada; el estar la mente indispuesta / torpe / pesada. (2) el hecho de estar el *cittuppāda* / la mente y los *cetasika* indispuestos / torpes / pesados; el estar la mente y los *cetasika* indispuestos / torpes / pesados.	(1) the state of the mind's being unwell / sluggish / heavy; the mind's being unwell / sluggish / heavy. (2) the state of the *cittuppāda* / mind and *cetasika* being unwell / sluggish / heavy; mind and *cetasika* being unwell / sluggish / heavy.	(1) the first clause is printed twice in the source; rendered once
63935	cittajāti	စိတ်ဇာတ်၊ စိတ်တို့၏ အချင်းချင်းတူညီမှုအခြင်းအရာ။	la *jāti* de la mente; el aspecto de semejanza mutua de las mentes.	the *jāti* of the mind; the mode of mutual likeness of minds.	စိတ်ဇာတ်: jāti here = class/kind of consciousness
63942	cittajimhavaṅkakuṭilabhāva	စိတ်၏ နွားကျင်ငယ်ကောက်,လရေးကောက်,ထွန်ကိုင်းကောက်ကဲ့သို့ကောက်သည်၏အဖြစ်။ «S1»	el hecho de que la mente sea torcida como el rastro de orina de vaca, torcida como la luna creciente, torcida como la mancera del arado. Véase [[cittajimhavaṅkakuṭilabhāvakara]].	the state of the mind being crooked like the trail of cow's urine, crooked like the crescent moon, crooked like a plough handle. See [[cittajimhavaṅkakuṭilabhāvakara]].	နွားကျင်ငယ်ကောက် / လရေးကောက် / ထွန်ကိုင်းကောက် read as the three similes of jimha, vaṅka, kuṭila; check
63943	cittajimhavaṅkakuṭilabhāvakara	စိတ်၏နွားကျင်ငယ်ကောက်,လရေးကောက်,ထွန်ကိုင်းကောက်ကဲ့သို့ ကောက်သည်၏အဖြစ်ကို ပြုတတ်သော။	que suele producir el hecho de que la mente sea torcida como el rastro de orina de vaca, torcida como la luna creciente, torcida como la mancera del arado.	apt to produce the state of the mind being crooked like the trail of cow's urine, crooked like the crescent moon, crooked like a plough handle.	same similes as 63942; check
63958	cittatilaka	ဆန်းကြယ်သော-မှန်ကူပြောက်-နံ့သာပြောက်။	‹မှန်ကူပြောက်› / marca de pasta perfumada, variada.	variegated ‹မှန်ကူပြောက်› / mark of perfumed paste.	မှန်ကူပြောက် unidentified (a cosmetic spot or mole?); left in Burmese
63974	cittadiṭṭhippahāna	(ဘုရားဟု ဝန်ခံသော) စိတ်,အယူတို့ကို ပယ်ခြင်း။	el abandonar la mente y la opinión (que admiten ser Buddha).	the abandoning of the mind and the view (that acknowledge being a Buddha).	bracket (ဘုရားဟု ဝန်ခံသော) unclear in scope; check
63976	cittadukkhattha	စိတ်ဆင်းရဲခြင်းအကျိုး။	el beneficio del sufrimiento mental.	the benefit of mental suffering.	အကျိုး here may mean 'sense/meaning' (attha) rather than benefit; check
63998	cittadhītalikā	ဆန်းကြယ်သော-ရစ်မင်း-ညဲမင်း-ယင်မင်း-ရုပ်။	figura variada de ‹ရစ်မင်း› / ‹ညဲမင်း› / ‹ယင်မင်း›.	variegated ‹ရစ်မင်း› / ‹ညဲမင်း› / ‹ယင်မင်း› figure.	ရစ်မင်း, ညဲမင်း, ယင်မင်း unidentified (kinds of doll or figurine?); left in Burmese
64022	cittanivattanattha	စိတ်ကို-တားမြစ်-နစ်စေ-ခြင်း အကျိုးရှိသော။	que tiene como beneficio el contener / hacer hundirse la mente.	having as benefit the checking / causing to sink of the mind.	နစ်စေ ('cause to sink') may be a misprint for a verb meaning 'turn back' (nivattana); check
64053	cittapaṇidahana	(၁) စိတ်ကိုထားခြင်း၊ ဆင်ခြင်ခြင်း။ (တိ) (၂) စိတ်ကို-အပြားအားဖြင့် ထား-ဆောက်တည်-ကြောင်းဖြစ်သော၊ စိတ္တပဏိဒဟနတဏှာ-ကြည့်။	(1) el poner la mente; el reflexionar. (adjetivo) (2) que es causa de poner / afirmar la mente de diversos modos; véase *cittapaṇidahanataṇhā*.	(1) the placing of the mind; reflecting. (adjective) (2) being the cause of placing / establishing the mind in various ways; see *cittapaṇidahanataṇhā*.	'see' formula (-ကြည့်) left unconverted in source; rendered inline
64054	cittapaṇidahanataṇhā	စိတ်ကို-အပြားအားဖြင့် ထား-ဆောက်တည်-ကြောင်းဖြစ်သော တဏှာ၊"	*taṇhā* que es causa de poner / afirmar la mente de diversos modos.	*taṇhā* that is the cause of placing / establishing the mind in various ways.	text ends in a stray '၊"'; possibly truncated
64103	cittapavattisambhava	စိတ်ဖြစ်ခြင်း၏ဖြစ်သင့်ခြင်း။	el ser posible el surgir de la mente.	the possibility of the arising of the mind.	ဖြစ်သင့်ခြင်း read as 'being possible / fitting to occur'; check
64107	cittapāṭalirukkha	ဆန်းကြယ်သော သခွတ်ပင်။	árbol ‹သခွတ်› variado.	a variegated ‹သခွတ်› tree.	သခွတ်ပင် = the pāṭali tree, tentatively Stereospermum sp.; left in Burmese
64108	cittapāṭalī	ဆန်းကြယ်သော သခွတ်ပင်။	árbol ‹သခွတ်› variado.	a variegated ‹သခွတ်› tree.	သခွတ်ပင် = the pāṭali tree, tentatively Stereospermum sp.; left in Burmese
64159	cittabandhana	(၁) စိတ်ကို-တုပ်နှောင်-ချည်တည်း-ဖွဲ့စည်း-ရစ်ပတ်-ခြင်း။ (၂) ဆန်းကြယ်သော-အခွေး-အဖွဲ့။ «S1»	(1) el atar / amarrar / sujetar / envolver la mente. (2) enrollamiento / atadura variados. Véase [[cittabandhanasampanna]].	(1) the tying / fastening / binding / winding round of the mind. (2) variegated coiling / binding. See [[cittabandhanasampanna]].	sense (2) အခွေး-အဖွဲ့ (an ornamental binding?) uncertain
64165	cittabyañjana	ဆန်းကြယ်သော ဗျည်းရှိသော။ «S1»	que tiene consonantes variadas. Véase [[cittakkhara]].	having variegated consonants. See [[cittakkhara]].	ဗျည်း taken as 'consonant / letter'; may mean 'marks / features'
64181	cittamañjūsā	စိတ်၏-တံတင်း-သေတ္တာ-စိတ်၏-တံတင်း-သေတ္တာ-နှင့်တူသောတရား။ (က) စင်ကြယ်သော စိတ်အစဉ်။ (ခ) သမာဓိ။ (ဂ) ကမ္မဋ္ဌာန်းအာရုံ။ (ဃ) ဈာန်။	caja / cofre de la mente; el estado semejante a la caja / cofre de la mente. (a) la continuidad mental pura. (b) *samādhi*. (c) el objeto de *kammaṭṭhāna*. (d) *jhāna*.	box / casket of the mind; the state resembling the box / casket of the mind. (a) the pure mental continuity. (b) *samādhi*. (c) the object of *kammaṭṭhāna*. (d) *jhāna*.	တံတင်း unclear (a kind of box?); the hyphen after the first သေတ္တာ looks like a misprint for ၊
64189	cittamantabhāva	ဆန်းကြယ်သော ဗေဒင်၏အဖြစ်။	el hecho de ser un Veda variado.	the state of being a variegated Veda.	ဗေဒင် (manta) rendered 'Veda'; may mean lore / spells
64201	cittayamaka	စိတ္တယမိုက်၊ ယမိုက် ၁၀-ကျမ်းတွင် ၈-ခုမြောက် ယမိုက်ကျမ်း။ မူရင်းကြည့်ပါ။	el *cittayamaka*; el 8.º libro de *yamaka* de los 10 libros de *yamaka*. Véase el original.	the *cittayamaka*; the 8th *yamaka* treatise of the 10 *yamaka* treatises. See the original.	editor's note မူရင်းကြည့်ပါ (see the original) in source
64219	cittalatāvana	စိတ္တလတာဥယျာဉ်။ မူရင်းကြည့်ပါ။	el parque *cittalatā*. Véase el original.	the *cittalatā* park. See the original.	editor's note မူရင်းကြည့်ပါ (see the original) in source
64252	cittavikkhepa	(၁) စိတ်ကို အထူးထူးသော အာရုံ၌ ပစ်ချထားခြင်း။ (က) စိတ်ပျံ့လွင့်ခြင်း။ (ခ) ရူးသွပ်ခြင်း။ (၂) စိတ်ကို အထူးထူးသော အာရုံ၌ ပစ်ချထားတတ်သောတရား၊ စိတ်ပျံ့လွင့်ကြောင်းတရား၊"	(1) el arrojar la mente sobre objetos diversos. (a) la dispersión de la mente. (b) la locura. (2) el estado que suele arrojar la mente sobre objetos diversos; el estado que es causa de la dispersión de la mente.	(1) the throwing of the mind onto diverse objects. (a) the scattering of the mind. (b) madness. (2) the state apt to throw the mind onto diverse objects; the state that is the cause of the scattering of the mind.	text ends in a stray '၊"'; possibly truncated
64279	cittavitakka	စိတ်ငြဖ့်-ကြံစည်-တွေးဆ-ဆင်ခြင်-သော။	que piensa / reflexiona / considera con la mente.	thinking / pondering / reflecting with the mind.	စိတ်ငြဖ့် garbled; read as စိတ်ဖြင့် 'with the mind'
64309	cittaviveka	စိတ်၏ကင်းဆိတ်ခြင်း၊ မဟဂ္ဂုတ် လောကုတ္တရာ စိတ်တို့တို့၏ (ကိလေသာနီဝရဏတို့မှ) ကင်းဆိတ်ခြင်း။	el aislamiento de la mente; el aislamiento de las mentes *mahaggata* y *lokuttarā* (de los *kilesa* y *nīvaraṇa*).	the seclusion of the mind; the seclusion of the *mahaggata* and *lokuttarā* minds (from the *kilesa* and *nīvaraṇa*).	တို့တို့ doubled in source
64333	cittavesākhamāsa	တာကူးလ,ကဆုန်လ။	el mes de Tagu y el mes de Kasone.	the month of Tagu and the month of Kasone.	တာကူးလ read as တန်ခူးလ (Tagu)
64363	cittasaṅkhāra	(၁) စိတ်-ဖြင့်-သည်-ပြုပြင်-စီရင်-ဖြစ်စေ-အပ်သော တရား။ (က) ဝေဒနာ။ (ခ) သညာ,ဝေဒနာ။ (ဂ) သညာ,ဝေဒနာ,စေတနာ။ (ဃ) ဝိတက်ဝိစာရမှတစ်ပါးသော စေတသိက်၅ဝ။ (၂) စိတ်-ကြောင့်-၌-ဖြစ်သော သင်္ခါရတရား၊ စေတနာ။ (၃) (သမ္ပယုတ်တရားနှင့် တကွဖြစ်သော) စိတ်တည်းဟူသော သင်္ခါရတရား။	(1) estado mediante / por la mente formado / dispuesto / producido. (a) *vedanā*. (b) *saññā*, *vedanā*. (c) *saññā*, *vedanā*, *cetanā*. (d) los 50 *cetasika* aparte de *vitakka* y *vicāra*. (2) el estado *saṅkhāra* que surge por causa de / en la mente; *cetanā*. (3) el estado *saṅkhāra* que es la mente (que surge junto con los estados *sampayutta*).	(1) a state by / through the mind formed / arranged / produced. (a) *vedanā*. (b) *saññā*, *vedanā*. (c) *saññā*, *vedanā*, *cetanā*. (d) the 50 *cetasika* other than *vitakka* and *vicāra*. (2) the *saṅkhāra* state that arises because of / in the mind; *cetanā*. (3) the *saṅkhāra* state that is the mind (arising together with the *sampayutta* states).	(1) ဖြင့်-သည် are case alternatives (instrumental / nominative) of စိတ်; rendered 'mediante / por la mente'.
64376	cittasaṅgaṇikā	စိတ်-ဖြင့်-၏-ကိလေသာတည်းဟူသော အပေါင်းအဖော်နှင့်-ရောနှော-ဆက်ဆံ-ခြင်း။	el mezclarse / tratar, con / de la mente, con la compañía que es el *kilesa*.	the mixing / associating, by / of the mind, with the company that is *kilesa*.	ဖြင့်-၏ are case alternatives (instrumental / genitive) of စိတ်.
64378	cittasaṅgaha	စိတ်ဖြင့်-သင်္ဂြိုဟ်-ရေတွက်-အပ်သော။	compendiado / contado junto con la mente.	comprised / counted together with the mind.	စိတ်ဖြင့် may mean 'by the mind' or 'with (as) mind'; read as counted together with the mind.
64382	cittasaññā	ဆန်းကြယ်သော-အမှတ်-သညာ။	percepción / *saññā* variada.	variegated perception / *saññā*.	here citta = 'variegated' (citra), not mind.
64407	cittasanthata	(၁) ဆန်းကြယ်သောအခင်း။ (တိ) (၂) ဆန်းကြယ်သော အခင်းရှိသော။	(1) un tapiz variado. (adjetivo) (2) que tiene un tapiz variado.	(1) a variegated spread. (adjective) (2) having a variegated spread.	citta = variegated (citra) here.
64416	cittasabhāvābhāvaviññāṇa	စိတ်သဘောမရှိသော ဝိညာဉ်။	*viññāṇa* que no tiene la naturaleza de la mente.	*viññāṇa* that does not have the nature of mind.	Burmese reads 'consciousness without the nature of mind'; sense unclear without context.
64423	cittasamādhi	(ဝိပဿနာနှင့်တကွ မဂ် ၄-ပါး အစွမ်းကြောင့်) စိတ်တည်ကြည်ခြင်း။ (၂) သမာဓိပြဋ္ဌာန်းသောစိတ်၊ စိတ္တိဒ္ဓိပါဒ်။	(1) la firmeza de la mente (por el poder de los 4 *magga* junto con la *vipassanā*). (2) la mente en que predomina el *samādhi*; el *cittiddhipāda*.	(1) steadiness of mind (by the power of the 4 *magga* together with *vipassanā*). (2) mind in which *samādhi* predominates; the *cittiddhipāda*.	sense marker (၁) missing in the source before the first sense.
64454	cittasamudācāra	(ကြောင့်ကြကင်းဘိအကျိုးမရှိသော) စိတ်၏ဖြစ်ပော်ခြင်း။	el surgir de la mente (libre de preocupación, sin beneficio).	the arising of the mind (free of anxiety, without benefit).	bracketed gloss ကြောင့်ကြကင်းဘိအကျိုးမရှိသော unclear (ကင်းဘိ?); tentative.
64479	cittasara	ဆန်းကြယ်သောမြှား။	flecha variada.	a variegated arrow.	citta = variegated (citra) here.
64491	cittasāmañña	စိတ်တို့၏တူသည်၏အဖြစ်၊ စိတ်ချင်းတူခြင်း၊ စိတ်သာမည၊ စိတ်သာမာန်။	el hecho de ser semejantes las mentes; la semejanza de mentes entre sí; la mente común; la mente ordinaria.	the state of minds being alike; the likeness of minds to one another; mind in common; ordinary mind.	စိတ်သာမည / စိတ်သာမာန် read as 'mind in general / ordinary mind'.
64498	cittasīta	စိတ်၏-ဧမြ-ချမ်းမြေ့-သော။ «S1»	de mente fresca / serena. Véase [[cittasītibhāva]].	of the mind being cool / serene. See [[cittasītibhāva]].	ဧမြ is a misprint for အေးမြ (cool).
64528	cittādhiṭṭhāna	(၁) စိတ်ကို-အဓိဋ္ဌာန်-ဆောက်တည်-ဖြစ်စေ-ခြင်း။ (တိ) (၂) စိတ်ကို-အဓိဋ္ဌာန်-ဆောက်တည်-ဖြစ်စေ-သော၊ သူ။ «S1»	(1) el determinar / establecer / producir la mente. (adjetivo) (2) que determina / establece / produce la mente (dicho de una persona). Véase [[cittādhiṭṭhānabhāva]].	(1) the resolving / establishing / producing of the mind. (adjective) (2) who resolves / establishes / produces the mind (said of a person). See [[cittādhiṭṭhānabhāva]].	အဓိဋ္ဌာန် translated as a verb 'determinar / resolve'; could be kept as ⟦=adhiṭṭhāna⟧.
64550	cittānubhāva	စိတ်၏-အစွမ်း-သတ္တိ=တန်ခိုး-အာနုဘော်။	la potencia / capacidad = el poder / la majestad de la mente.	the power / capacity = the might / majesty of the mind.	source has '=' between two hyphenated pairs (သတ္တိ=တန်ခိုး); kept as printed.
64582	cittārādhinī	စိတ်ကို နှစ်သက်စေတတ်သော အဖွင့်သံဝဏ္ဏနာ။	la *vaṇṇanā* explicativa que suele complacer la mente.	the explanatory *vaṇṇanā* that tends to please the mind.	probably the title of a commentary (Cittārādhanī); unconfirmed.
64598	cittita	(၁) (ဆန်းကြယ်သော အခြင်းအရာအားဖြင့်) ကြံစည်ပြုလုပ်အပ်သော။ (၂) ဆန်းကြယ်စွာပြုလုပ်အပ်သော၊ ဆန်းကြယ်သော ကံသည် စီမံအပ်သော။ (၃) စီရင်ပြုလုပ်အပ်သော။ (၄) တင့်တယ်လှပသော။ (၅) ထွန်းလင်းတောက်ပသော။ «S1»	(1) concebido y hecho (de modo variado). (2) hecho de modo variado; dispuesto por un *kamma* variado. (3) dispuesto y hecho. (4) hermoso / bello. (5) resplandeciente / brillante. Véase [[soṇṇatārakacittita]].	(1) devised and made (in a variegated manner). (2) made in a variegated way; arranged by a varied *kamma*. (3) arranged and made. (4) graceful / beautiful. (5) shining / bright. See [[soṇṇatārakacittita]].	(4) and (5) have no hyphen in the source; split as alternatives by sense.
64599	cittita	ဆန်းကြယ်စေအပ်သော၊ ဖြစ်သော ဆန်းကြယ်ခြင်းရှိသော၊ ဆန်းကြယ်သော။	hecho variado; que tiene la variedad surgida; variado.	made variegated; having variety that has arisen; variegated.	ဖြစ်သော ဆန်းကြယ်ခြင်းရှိသော: sense of ဖြစ်သော unclear.
64601	cittiddhipāda	စိတ္တိဒ္ဓိပါဒ်၊ စိတ်ဟူသော ဣဒ္ဓိပါဒ်တရား၊ စိတ်ဟူသော-ပြီးစီး-ပြည့်စုံ-တတ်သော တရားအစု၊ စိတ်ဟူသော-ကြီးပွါး-ကြီးမြင့်-ကြောင်း၏-တည်ရာ-အခြေခံ-ပြီးစီး-ပြည့်စုံ-ကြီးပွါး-ကြီးမြင့်-ခြင်း၏ အကြောင်းဖြစ်သောစိတ်။	el *cittiddhipāda*; el estado *iddhipāda* que es la mente; el grupo de estados que suele cumplirse / completarse, que es la mente; la mente que es la base / el fundamento de la causa del crecer / elevarse, la causa del cumplirse / completarse / crecer / elevarse.	the *cittiddhipāda*; the *iddhipāda* state that is the mind; the group of states apt to be accomplished / fulfilled, which is the mind; the mind that is the ground / foundation of the cause of growing / rising, the cause of accomplishment / fulfilment / growth / rising.	last gloss is a long hyphen chain whose grouping is uncertain.
64616	cittīkāraṭṭhāna	ရိုသေ-လေးစား-မြတ်နိုး-ပူဇော်-ခြင်း၏-တည်ရာ-ဌာန။ စေတိယ-(၁,၂)-ကြည့်။	la base / el lugar del respetar / estimar / venerar / honrar. Véase [[cetiya]] (1, 2).	the ground / place of respecting / esteeming / revering / honouring. See [[cetiya]] (1, 2).	an unplaceholdered 'see' formula (စေတိယ-(၁,၂)-ကြည့်) rendered in full.
64624	cittujukatā	စိတ်၏ဖြောင့်မတ်သည်၏အဖြစ်၊ စိတ်၏ဖြောင့်မတ်ခြင်း၊"	el hecho de ser recta la mente; la rectitud de la mente.	the state of the mind being straight; the straightness of the mind.	source ends with '၊"' instead of '။'; possibly truncated.
64638	cittupāsaka	စိတ္တမည်သော ဥပါဒကာ၊ စိတ္တသူကြွယ်။	el *upāsakā* llamado *citta*; el hacendado *citta*.	the *upāsakā* named *citta*; the householder *citta*.	source ဥပါဒကာ read as a misprint for ဥပါသကာ (lay follower).
64644	cittuppāda	(၁) စိတ်၊ ဥပါဒ်-ဖြစ်ပော်တတ်-သော စိတ်။ (၂) စေတသိက်၊ စိတ်၏-ဖြစ်ကြောင်း-ဖြစ်ရာ-စေတသိက်။ (၃) စိတ္တုပ္ပါဒ်၊ စိတ်,စိတ်၏-ဖြစ်ကြောင်း-ဖြစ်ရာ-စေတသိက်၊ စိတ်,စေတသိက်။ မူရင်းကြည့်ပါ။ (၄) စိတ်၏ဖြစ်ခြင်း၊ စိတ်ဖြစ်ခြင်း။ (တိ) (၅) စိတ်ကိုဖြစ်စေတတ်သော။ «S1»	(1) la mente; la mente que suele surgir / aparecer. (2) el *cetasika*; el *cetasika* que es causa / lugar del surgir de la mente. (3) el *cittuppāda*; la mente y el *cetasika* que es causa / lugar del surgir de la mente; la mente y el *cetasika*. Véase el original. (4) el surgir de la mente; el surgimiento mental. (adjetivo) (5) que suele hacer surgir la mente. Véase [[cittuppādapariyāya]].	(1) the mind; the mind that arises / appears. (2) the *cetasika*; the *cetasika* that is the cause / place of the arising of the mind. (3) the *cittuppāda*; the mind and the *cetasika* that is the cause / place of the arising of the mind; mind and *cetasika*. See the original. (4) the arising of the mind; the arising of mind. (adjective) (5) apt to cause the mind to arise. See [[cittuppādapariyāya]].	editor's note 'မူရင်းကြည့်ပါ' (see the original) in sense (3). (1) ဥပါဒ်-ဖြစ်ပော်တတ်: ဥပါဒ် rendered as 'surgir' alongside its gloss.
64645	cittuppādakaṇḍa	စိတ်,စေတသိက်တို့၏-အပိုင်း-အခန်း-ကဏ္ဍ၊ စိတ်,စေတသိက်တို့ကို အကျယ်ဝေဖန်ဟောပြရာ-အပိုင်း-အခန်း-ကဏ္ဍ။ မူရင်းကြည့်ပါ။	la parte / sección / capítulo de la mente y los *cetasika*; la parte / sección / capítulo donde se analiza y expone en detalle la mente y los *cetasika*. Véase el original.	the part / section / chapter of mind and *cetasika*; the part / section / chapter in which mind and *cetasika* are analysed and set out in detail. See the original.	editor's note 'မူရင်းကြည့်ပါ' (see the original).
64668	cittuppādādhīna	စိတ်ဖြစ်ခြင်းနှင့်ဆင်စပ်သော။	relacionado con el surgir de la mente.	connected with the arising of mind.	ဆင်စပ် read as 'connected'; ādhīna usually 'dependent on'.
64679	cittekaggatā	စိတ်၏တစ်ခုတည်းသော အာရုံရှိသည်၏အဖြစ်၊ စိတ်၏တစ်ခုတည်းသောအာရုံရှိသည်၏အဖြစ်၊ စိတ်၏တစ်ခုတည်းသောအာရုံရှိခြင်း၊ စိတ်၏-ငြိမ်သက်-တည်ကြည်-ခြင်း၊ ဧကဂ္ဂတာ စေတသိက်၊ သမာဓိ။	el hecho de tener la mente un solo objeto; el hecho de tener la mente un solo objeto; el tener la mente un solo objeto; el sosiego / firmeza de la mente; el *cetasika* *ekaggatā*; el *samādhi*.	the state of the mind having a single object; the state of the mind having a single object; the mind's having a single object; the calm / steadiness of the mind; the *ekaggatā* *cetasika*; *samādhi*.	the first gloss is printed twice in the source.
64682	cittekaggatānimitta	(၁) စိတ္တေကဂ္ဂတာ-သမာဓိ-၏-အာရုံ-နိမိတ်။ (၂) စိတ္တေကဂ္ဂတာ-သမာဓိ-ဟုဆိုအပ်သော-အကြောင်း-နိမိတ်၊ ရှေးရှေးသော စိတ္တေကဂ္ဂတာဟု ဆိုအပ်သောနောက်နောက်သော သမထ၏-အကြောင်း-နိမိတ်။	(1) el objeto / *nimitta* de la *cittekaggatā* / el *samādhi*. (2) la causa / *nimitta* llamada *cittekaggatā* / *samādhi*; la causa / *nimitta* del *samatha* ulterior, llamado *cittekaggatā* anterior.	(1) the object / *nimitta* of *cittekaggatā* / *samādhi*. (2) the cause / *nimitta* called *cittekaggatā* / *samādhi*; the cause / *nimitta* of the later *samatha*, called the earlier *cittekaggatā*.	(2) second gloss: each earlier cittekaggatā is the cause of each later samatha; wording tentative.
64695	citra	တန်ခူးလ။ «S1»	el mes ‹တန်ခူး› (Tagu). Véase [[citramāsa]].	the month ‹တန်ခူး› (Tagu). See [[citramāsa]].	Burmese month Tagu (March–April), corresponding to Pāḷi Citta; left in Burmese.
64702	citrakokila	ပြောက်ကျားသောဥဩ၊ ဥဩပြောက်။	koel moteado; koel manchado.	spotted koel; dappled koel.	ဥဩ identified as the Asian koel (Eudynamys scolopaceus).
64703	citrageṇḍuka	ဆန်းကြယ်သောကျင်၊ ဆန်းကြယ်သော အခြင်းအရာဖြင့် ပြုလုပ်ထားသော ကစားစရာကျင် (ဂျင်)။	peonza variada; peonza de juego hecha de manera variada (‹ဂျင်›).	a variegated top; a toy top made in a variegated manner (‹ဂျင်›).	Burmese ကျင် / ဂျင် = spinning top; Pāḷi geṇḍuka is usually 'ball'.
64713	citrapāṭalī	ဆန်းကြယ်သော သခွတ်ပင်။	árbol ‹သခွတ်› variado.	a variegated ‹သခွတ်› tree.	သခွတ် (pāṭalī) tentatively the trumpet-flower tree, Stereospermum; left in Burmese.
64717	citramāsa	တန်ခူးလ။	el mes ‹တန်ခူး› (Tagu).	the month ‹တန်ခူး› (Tagu).	Burmese month Tagu (March–April); left in Burmese.
64740	cināpeyyātha	စီစေကုန်ရာ၏။ «S1»	harían apilar. Véase [[cināpeti]].	they should cause to pile up. See [[cināpeti]].	optative plural; Burmese does not mark the person (Pāḷi -yyātha is 2nd plural).
64741	ciniṁ	ဆည်းပူးပြီ၊ သိုမှီး-သိမ်းဆည်း-ပြီ။ «S1»	acumuló; almacenó / guardó. Véase [[cināti]] (2).	accumulated; stored / kept. See [[cināti]] (2).	Burmese does not mark the person; Pāḷi ciniṁ is 1st singular aorist.
64753	cintana	(၁) (က) ကြံစည်-စဉ်းစား-တွေးဆ-ဆင်ခြင်-ခြင်း။ (ခ) ကြံစည်-စဉ်းစား-ယုံမှား-တွေးတော-ခြင်း။ (ဂ) ကြံစည်စိုးရိမ်-ပူပန်-ခြင်း။ (ဃ) ကြံစည်-အဓိဋ္ဌာန်-ခြင်း။ (င) ကြံစည်-ရှုကြည့်-ခြင်း။ «S1» (၂) ကြံစည်-စဉ်းစား-တွေးဆ-ဆင်ခြင်-ရာ (အခါ)။ «S2» (၃) သိခြင်း၊ အာရုံကို-ယူခြင်း-ရခြင်း။ «S3» (တိ) (၄) ကြံစည်-စဉ်းစား-တွေးဆ-ဆင်ခြင်-တတ်သော။ (၅) သိတတ်သော၊ အာရုံကို-ယူတတ်-ရတတ်-သော။ «S4»	(1) (a) el pensar / reflexionar / conjeturar / considerar. (b) el pensar / reflexionar / dudar / cavilar. (c) el pensar con inquietud / angustiarse. (d) el pensar / resolver. (e) el pensar / contemplar. Véase también [[cintanāpavatti]]. (2) el momento en que se piensa / reflexiona / conjetura / considera. Véase [[cintanakāla]]. (3) el conocer; el tomar / obtener el objeto. Véase [[cintanaṭṭha]]. (adjetivo) (4) que suele pensar / reflexionar / conjeturar / considerar. (5) que suele conocer; que suele tomar / obtener el objeto. Véase [[cintanaṭṭha]].	(1) (a) the thinking / reflecting / conjecturing / considering. (b) the thinking / reflecting / doubting / pondering. (c) the anxious thinking / worrying. (d) the thinking / resolving. (e) the thinking / contemplating. See also [[cintanāpavatti]]. (2) the time of thinking / reflecting / conjecturing / considering. See [[cintanakāla]]. (3) the knowing; the taking / obtaining of the object. See [[cintanaṭṭha]]. (adjective) (4) apt to think / reflect / conjecture / consider. (5) apt to know; apt to take / obtain the object. See [[cintanaṭṭha]].	(1)(c) ကြံစည်စိုးရိမ် has no hyphen between its two verbs in the source.
64772	cintayāmi	ကြံစည်-စိုးရိမ်-ပူပန်-၏။ «S1»	piensa / se inquieta / se angustia. Véase [[cintayati]] (b).	thinks / worries / is anxious. See [[cintayati]] (b).	Burmese does not mark the person; Pāḷi cintayāmi is 1st singular.
64773	cintayiṁ	ကြံစည်-စဉ်းစား-တွေးဆ-ဆင်ခြင်-ပြီ။ «S1»	pensó / reflexionó / conjeturó / consideró. Véase [[cintayati]] (a).	thought / reflected / conjectured / considered. See [[cintayati]] (a).	Burmese does not mark the person; Pāḷi cintayiṁ is 1st singular aorist.
64782	cintayimha	ကြံစည်-စဉ်းစား-တွေးဆ-ဆင်ခြင်-ကုန်ပြီ။ «S1»	pensaron / reflexionaron / conjeturaron / consideraron. Véase [[cintayati]] (a).	they thought / reflected / conjectured / considered. See [[cintayati]] (a).	Burmese does not mark the person; Pāḷi cintayimha is 1st plural aorist.
64785	cintasutta	စိန္တသုတ်၊ မူရင်းကြည့်ပါ။	el *Cintasutta*; véase el original.	the *Cintasutta*; see the original.	editor's note 'မူရင်းကြည့်ပါ' (see the original).
64794	cintāmaṇi	ကြံစည်-လိုလား-တောင့်တ-ရုံမျှဖြင့်-ကြံစည်-လိုလား-တောင့်တ-အပ်သော အရာဝတ္ထုကို ပေးနိုင်သော ပတ္တမြား၊ လိုရာခပ်သိမ်းကို ပေးစွမ်းနိုင်သော ပတ္တမြား။	la gema capaz de dar la cosa pensada / deseada / anhelada con solo pensarla / desearla / anhelarla; la gema capaz de dar todo lo que se desea.	the gem able to give the thing thought of / wished for / longed for merely by thinking of / wishing for / longing for it; the gem able to give all that is wished.	ပတ္တမြား (ruby) rendered generically as 'gema / gem'.
64811	cintāvisayātikkanta	ကြံစည်-စဉ်းစား-တွေးဆ-ဆင်ခြင်-ခြင်း၏အရာကို လွန်သော၊ ကြံစည်-စဉ်းစား-တွေးဆ-ဆင်ခြင်-ခြင်းဖြင့်-မရှောက်-မမှီ- နိုင်သော (ဘုရား,တရား,သံဃာ) အစိန္တိယ-(က)-ကြည့်။	que sobrepasa el ámbito del pensar / reflexionar / conjeturar / considerar; que no se puede alcanzar / abarcar mediante el pensar / reflexionar / conjeturar / considerar (el Buddha, el *dhamma*, el *saṅgha*). Véase [[acintiya]] (a).	that goes beyond the domain of thinking / reflecting / conjecturing / considering; that cannot be reached / grasped by thinking / reflecting / conjecturing / considering (the Buddha, the *dhamma*, the *saṅgha*). See [[acintiya]] (a).	မရှောက် read as a misprint for မရောက် (not reach); unplaceholdered 'see' formula (အစိန္တိယ-(က)-ကြည့်) rendered in full.
64822	cintitaṭṭhāna	ကြံစည်ရာ,ကြံစည်ရာအရပ်၊ ကြံစည်တိုင်းသောအရပ်။	aquello en que se idea, el lugar donde se idea; el lugar trazado al idear.	that in which one thinks out, the place where one thinks out; the place measured out in planning.	ကြံစည်တိုင်းသောအရပ် unclear: 'place measured out as planned' or 'place wherever one plans'
64833	cintitākāravibhāvanā	ကြံစဉ်-စဉ်းစား-တွေးဆ-ဆင်ခြင်-အပ်သော အခြင်းအရာကို ထင်ရှားပြခြင်း။	el mostrar claramente el modo ideado / reflexionado / cavilado / considerado.	the clear showing of the mode thought out / reflected upon / pondered / considered.	ကြံစဉ် read as ကြံစည် (typo in source)
64840	cintīsutta	စိန္တီသုတ်၊ မကောင်းသော အကြံအစဉ်ကို ကြံစည်လေ့ရှိခြင်း,မကောင်းသော စကားကို ပြောဆိုလေ့ရှိခြင်း,မကောင်းသော အမှုကို ပြုလုပ်လေ့ရှိခြင်းဟု ဆိုအပ်သော လူမိုက်လက္ခဏာ ၃-ပါးနှင့်ကောင်းသော အကြံအစည်ကို ကြံစည်လေ့ရှိခြင်း,ကောင်းသောစကားကို ပြောဆိုလေ့ရှိခြင်း,ကောင်းသောအမှုကို ပြုလုပ်လေ့ရှိခြင်းဟု ဆိုအပ်သော ပညာရှိလက္ခဏာ ၃-ပါးကို ဟောပြသောသုတ်။	*Cintīsutta*; el sutta que expone las 3 características del necio, llamadas el soler idear malos pensamientos, el soler decir malas palabras y el soler hacer malas acciones, y las 3 características del sabio, llamadas el soler idear buenos pensamientos, el soler decir buenas palabras y el soler hacer buenas acciones.	*Cintīsutta*; the sutta that teaches the 3 marks of the fool, called habitually thinking out bad thoughts, habitually speaking bad words and habitually doing bad deeds, and the 3 marks of the wise, called habitually thinking out good thoughts, habitually speaking good words and habitually doing good deeds.	sutta name spelt စိန္တီသုတ် in the source
64862	cintessāmi	ကြံစည်-စဉ်းစား-တွေးဆ-ဆင်ခြင်-လတ်အံ့။ «S1»	ideará / reflexionará / cavilará / considerará. Véase [[cinteti]] (a).	will think out / reflect / ponder / consider. See [[cinteti]] (a).	future …လတ်အံ့ rendered 3rd person; the Pāḷi (cintessāmi) is 1st person
64883	cirakālatāpaṭikkhepa	ကြာမြင့်စွာသော-အခါ-ကာလ-ရှိသည်၏အဖြစ်ကို ပယ်ခြင်း။	el rechazar el hecho de tener un tiempo / período largo.	the rejecting of the state of having a long time / period.	ပယ် here = reject (paṭikkhepa): rechazar / reject
64965	ciranigal̤itapāda	ကြာမြင့်စွာ (သံခြေကျဉ်းထူးတို့ဖြင့်) ဖွဲ့ချည်အပ်သော ခြေထောက်။	pie atado durante largo tiempo (con grilletes de hierro).	a foot bound for long (with iron fetters).	သံခြေကျဉ်းထူး: ထူး unclear (thick? typo?)
64971	ciranisinna	ထိုင်၍ ကြမြင့်စွာသော ကာလရှိသော၊ ကြာမြင့်စွာသော ကာလကထိုင်နေသော။ «S1»	que tiene un tiempo largo desde que se sentó; que está sentado desde hace un tiempo largo. Véase también [[ciranikkhanta]].	for whom a long time has passed since sitting down; who has been sitting since a long time ago. See also [[ciranikkhanta]].	ကြမြင့် read as ကြာမြင့် (typo in source)
64989	ciraparicitalolatā	ကြာမြင့်စွာ-လေ့လာ-လေ့ကျက်-အပ်သော-လျှပ်ပော်-လော်လည်-သူ၏အဖြစ်။	el hecho de ser una persona frívola / ávida de modo estudiado / ejercitado durante largo tiempo.	the state of being a person frivolous / greedy in a way studied / trained for a long time.	chain ကြာမြင့်စွာ-လေ့လာ-လေ့ကျက်-အပ်သော-လျှပ်ပော်-လော်လည်-သူ read as 'long-practised frivolous / greedy person'
65032	cirarattasamāhita	(၁) ကြာမြင့်-ရှည်ကြာ-စွာသော ကာလပတ်လုံး-ကောင်းစွာထားအပ်-တည်ကြည်-သော၊ စိတ်။ «S1» (၂) (က) ကြာမြင့်-ရှည်ကြာ-စွာသော ကာလပတ်လုံး-ကောင်းစွာထားအပ်-တည်ကြည်-သော စိတ်ရှိသော၊ သူ။ (ခ) ကြာမြင့်-ရှည်ကြာစွာသော ကာလမှစ၍ (စိတ်ကို) ကောင်းစွာထားတတ်သော၊ သူ။ "	(1) bien colocado / firme durante un tiempo largo / prolongado (dicho de la mente). Véase [[cirarattasamāhitacitta]]. (2) (a) que tiene una mente bien colocada / firme durante un tiempo largo / prolongado (dicho de una persona). (b) que suele mantener bien (la mente) desde hace un tiempo largo / prolongado (dicho de una persona).	(1) well placed / steady over a long / prolonged time (said of the mind). See [[cirarattasamāhitacitta]]. (2) (a) having a mind well placed / steady over a long / prolonged time (said of a person). (b) apt to keep (the mind) well since a long / prolonged time (said of a person).	stray quotation mark at the end of the source text
65091	cirāyissāmi	ကြာမြင့်လတ္တံ့၊ ကြာမြင့်အံ့။ «S1»	se demorará; se demorará. Véase [[cirāyati]] (1).	will take long; will take long. See [[cirāyati]] (1).	future: ကြာမြင့်လတ္တံ့၊ ကြာမြင့်အံ့ both rendered 3rd person; the second (…အံ့) may mark the 1st (Pāḷi cirāyissāmi is 1st person)
65103	cīna	(၁) ရတနာတို့ပေါင်းစုရာအရပ်၊ စိန်တိုင်း၊ တရုပ်ပြည်။ (၂) ပဲနောက်၊ တောပ်နောက်။ (၃) ပဲမင်းငယ်၊ ပဲရာဇာ။ «S1»	(1) el lugar donde se reúnen las joyas; el país *Cīna*; China. (2) la legumbre ‹ပဲနောက်›; la ‹ပဲနောက်› silvestre. (3) la legumbre ‹ပဲမင်းငယ်›; ‹ပဲရာဇာ›. Véase [[cīnaka]].	(1) the place where jewels are gathered; the *Cīna* country; China. (2) the pulse ‹ပဲနောက်›; the wild ‹ပဲနောက်›. (3) the pulse ‹ပဲမင်းငယ်›; ‹ပဲရာဇာ›. See [[cīnaka]].	pulse names ပဲနောက်, ပဲမင်းငယ်, ပဲရာဇာ not identified, left in Burmese; တောပ်နောက် read as တောပဲနောက် (typo)
65105	cīnaka	(၁) ပဲနောက်၊ တောပဲနောက်။ (ပု) (၂) ပဲမင်းငယ်၊ ပဲရာဇာ။	(1) la legumbre ‹ပဲနောက်›; la ‹ပဲနောက်› silvestre. (masculino) (2) la legumbre ‹ပဲမင်းငယ်›; ‹ပဲရာဇာ›.	(1) the pulse ‹ပဲနောက်›; the wild ‹ပဲနောက်›. (masculine) (2) the pulse ‹ပဲမင်းငယ်›; ‹ပဲရာဇာ›.	pulse names ပဲနောက်, ပဲမင်းငယ်, ပဲရာဇာ not identified, left in Burmese
65109	cīnapaṭahaṁsapupphatūlikaphassa	စိန့်တိုင်း၌ဖြစ်သော အဝတ်,ဟင်္သာတို့၏အမွေး,လဲတို့ဖြင့် ပြုအပ်သော အခင်းတို့၏-အတွေ့-အထိ။	el tacto / contacto de los lechos hechos de tela producida en *Cīna*, plumas de ganso y algodón.	the touch / contact of spreads made of cloth produced in *Cīna*, goose feathers and cotton.	ဟင်္သာ rendered goose (haṁsa); လဲ rendered cotton
65111	cīnapiṭṭha	စိန့်တိုင်း၌ဖြစ်သော အမှုံ့၊ ဆုန်းမှုံ့၊ ဟင်္သပြဒါး။ «S1»	polvo producido en *Cīna*; minio en polvo; bermellón. Véase también [[cīnapiṭṭhacuṇṇa]].	powder produced in *Cīna*; red-lead powder; vermilion. See also [[cīnapiṭṭhacuṇṇa]].	tentative: ဆုန်းမှုံ့ = red lead (minium), ဟင်္သပြဒါး = vermilion / cinnabar
65112	cīnapiṭṭhacuṇṇa	စိန့်တိုင်း၌ဖြစ်သောအမှုံ့၊ ဆုန်းမှုံ့၊ ဟင်္သပြဒါး။	polvo producido en *Cīna*; minio en polvo; bermellón.	powder produced in *Cīna*; red-lead powder; vermilion.	tentative: ဆုန်းမှုံ့ = red lead (minium), ဟင်္သပြဒါး = vermilion / cinnabar
65113	cīnapiṭṭhacuṇṇapūjita	ဆုန်းမှုံ့-ဟင်္သပြဒါး-ဖြင့် (သုတ်လိမ်း)ပူဇော်အပ်သော။	honrado (con untura) de minio en polvo / bermellón.	honoured (by smearing) with red-lead powder / vermilion.	tentative: ဆုန်းမှုံ့ = red lead, ဟင်္သပြဒါး = vermilion
65114	cīnapiṭṭhacuṇṇarañjita	ဆုန်းမှုံ့-ဟင်္သပြဒါး-ဖြင့် ဆိုးအပ်သော။	teñido con minio en polvo / bermellón.	dyed with red-lead powder / vermilion.	tentative: ဆုန်းမှုံ့ = red lead, ဟင်္သပြဒါး = vermilion
65115	cīnapiṭṭhacuṇṇasamparirañjita	ဆုန်းမှုံ့-ဟင်္သပြဒါး-ဖြင့်ကောင်းစွာ ထက်ဝန်းကျင်မှ ဆိုးအပ်သော။	bien teñido por todos lados con minio en polvo / bermellón.	well dyed all round with red-lead powder / vermilion.	tentative: ဆုန်းမှုံ့ = red lead, ဟင်္သပြဒါး = vermilion
65116	cīnamugga	ပဲနောက်၊ တောပဲနောက်။ «S1»	la legumbre ‹ပဲနောက်›; la ‹ပဲနောက်› silvestre. Véase también [[cīnaka]].	the pulse ‹ပဲနောက်›; the wild ‹ပဲနောက်›. See also [[cīnaka]].	pulse name ပဲနောက် not identified, left in Burmese
65124	cīra	(၁) သင်္ကန်း၊ ရသေ့သင်္ကန်း၊ ရသေ့အဝတ်။ (က) လျှော်တေသင်္ကန်း၊ လျှော်တေအဝတ်။ (ခ) သမန်းကျစ်သင်္ကန်း၊ သမန်းမြက်အဝတ်။ «S1» (ဂ) ပျဉ်ချပ်သင်္ကန်း၊ ပျဉ်ချပ်အဝတ်။ «S2» (၂) (ရွှေချည်တို့ဖြင့်-ရပ်အပ်-စီခြယ်အပ်-သော) အဝတ်။ «S3» (၃) သိုးမွေးနက်တို့ဖြင့် ပြုလုပ်အပ်သော အဝတ်ကြမ်း။ «S4» (၄) အဝတ်စုတ်၊ အဝတ်နွမ်း၊ အဝတ်ပိုင်း။ «S5» (၅) အစဉ်အတန်း။ (၆) ဆံထိုး၊ ဆံညှပ်။ «S6» (တိ) (၇) စီရမည်သော၊ သူ။ «S7»	(1) hábito; hábito de asceta; vestido de asceta. (a) hábito de fibra ‹လျှော်တေ›; vestido de fibra ‹လျှော်တေ›. (b) hábito de hierba ‹သမန်း› trenzada; vestido de hierba ‹သမန်း›. Véase también [[cīraka]] (1). (c) hábito de tablillas; vestido de tablillas. Véase también [[dārucīriya]]. (2) vestido (tejido / adornado con hilos de oro). Véase [[suvaṇṇacīravasana]]. (3) vestido basto hecho de lana negra de oveja. Véase [[sāhul̤icīra]]. (4) vestido roto; vestido gastado; retazo de vestido. Véase también [[cīraka]] (2). (5) hilera. (6) horquilla; pasador para el pelo. Véase [[cīraka]] (3). (adjetivo) (7) llamado *cīra* (dicho de una persona). Véase [[cīrā]].	(1) robe; ascetic's robe; ascetic's garment. (a) robe of ‹လျှော်တေ› fibre; garment of ‹လျှော်တေ› fibre. (b) robe of plaited ‹သမန်း› grass; garment of ‹သမန်း› grass. See also [[cīraka]] (1). (c) robe of wooden slats; garment of wooden slats. See also [[dārucīriya]]. (2) a garment (woven / adorned with gold threads). See [[suvaṇṇacīravasana]]. (3) a coarse garment made of black sheep's wool. See [[sāhul̤icīra]]. (4) torn garment; worn garment; strip of garment. See also [[cīraka]] (2). (5) a row. (6) hairpin; hair clip. See [[cīraka]] (3). (adjective) (7) named *cīra* (said of a person). See [[cīrā]].	လျှော်တေ (bark fibre?) and သမန်း (a grass, kusa?) left in Burmese; ရပ်အပ် read as ရက်အပ် 'woven'
65125	cīraka	(၁) သင်္ကန်း၊ ရသေ့သင်္ကန်း၊ (သမန်းမြက်သင်္ကန်း၊ လျှော်တေသင်္ကန်း) (၂) အဝတ်စုတ်။ အဝတ်နွှမ်း၊ အဝတ်ပိုင်း၊ (၃) ဆံထိုး၊ ဆံညှပ်။ (တိ) (၄) ရသေ့သင်္ကန်း,တူသော (ကိုယ်ရေ)။ «S1»	(1) hábito; hábito de asceta (hábito de hierba ‹သမန်း›; hábito de fibra ‹လျှော်တေ›) (2) vestido roto. vestido gastado; retazo de vestido; (3) horquilla; pasador para el pelo. (adjetivo) (4) semejante a un hábito de asceta (piel). Véase [[cīrakavāsika]].	(1) robe; ascetic's robe (robe of ‹သမန်း› grass; robe of ‹လျှော်တေ› fibre) (2) torn garment. worn garment; strip of garment; (3) hairpin; hair clip. (adjective) (4) like an ascetic's robe (skin). See [[cīrakavāsika]].	punctuation irregular in source; ရသေ့သင်္ကန်း,တူသော read as 'like an ascetic's robe'; လျှော်တေ, သမန်း left in Burmese
65126	cīrakanivāsananivattha	ရသေ့သင်္ကန်း (လျှော်တေ) အဝတ်ကို ဝတ်ထားအပ်သော။ «S1»	por quien ha sido puesto el vestido de hábito de asceta (de fibra ‹လျှော်တေ›). Véase [[cīrakavāsika]].	by whom the ascetic's-robe garment (of ‹လျှော်တေ› fibre) has been put on. See [[cīrakavāsika]].	လျှော်တေ left in Burmese
65132	cīrā	စီရာမည်သော အမျိုးသမီး၊ (က) စီရာမည်သော ဘိက္ခုနီမ။ (ခ) စီ၇မည်သော သာမဏေမ။ «S1»	la mujer llamada *cīrā*; (a) la *bhikkhunī* llamada *cīrā*. (b) la *sāmaṇerī* llamada *cīrā*. Véase [[cīrasāmaṇerī]].	the woman named *cīrā*; (a) the *bhikkhunī* named *cīrā*. (b) the *sāmaṇerī* named *cīrā*. See [[cīrasāmaṇerī]].	(ခ) စီ၇ read as စီရာ (digit ၇ for ရ in source)
65134	cīrikasadda	ပရစ်-ပဇင်းကြီး-ပဇင်းရင်ကွဲ-၏ မြည်သံ။	el sonido del grillo ‹ပရစ်› / ‹ပဇင်းကြီး› / ‹ပဇင်းရင်ကွဲ›.	the sound of the cricket ‹ပရစ်› / ‹ပဇင်းကြီး› / ‹ပဇင်းရင်ကွဲ›.	insect names left in Burmese; 'cricket' is a tentative identification
65135	cīrikā	(က) ပဇင်းကြီး (ကျော်အောင်စံထား)။ ပရစ်၊ ပဇင်းကြီး၊ ပဇင်းရင်ကွဲ၊ ဒော်ရင်း။ «S1» (ခ) ယင်ပျား၊ ပျားသန်၊ ပျားဆုပ်။ (ဂ) ပိတုန်း နက်ကြီး။	(a) ‹ပဇင်းကြီး› (‹ကျော်အောင်စံထား›). ‹ပရစ်›; ‹ပဇင်းကြီး›; ‹ပဇင်းရင်ကွဲ›; ‹ဒော်ရင်း› (clases de grillo). Véase [[cīrī]]. (b) ‹ယင်ပျား›; ‹ပျားသန်›; ‹ပျားဆုပ်› (clases de abeja). (c) ‹ပိတုန်း› negro grande (abejorro).	(a) ‹ပဇင်းကြီး› (‹ကျော်အောင်စံထား›). ‹ပရစ်›; ‹ပဇင်းကြီး›; ‹ပဇင်းရင်ကွဲ›; ‹ဒော်ရင်း› (kinds of cricket). See [[cīrī]]. (b) ‹ယင်ပျား›; ‹ပျားသန်›; ‹ပျားဆုပ်› (kinds of bee). (c) large black ‹ပိတုန်း› (bumblebee / carpenter bee).	insect names left in Burmese; cricket / bee / bumblebee are tentative identifications; (ကျော်အောင်စံထား) looks like a source reference (Kyaw Aung San Hta dictionary)
65136	cīrī	(က) ပရစ်၊ ပဇင်းကြီး၊ ပဇင်းရင်ကွဲ (ဒော်ရင်း)။ (ခ) ယင်ပျား။ ပျားသန်၊ ပျားဆုပ်။ «S1» (ဂ) ပိတုန်းနက်ကြီး။ «S2»	(a) ‹ပရစ်›; ‹ပဇင်းကြီး›; ‹ပဇင်းရင်ကွဲ› (‹ဒော်ရင်း›) (clases de grillo). (b) ‹ယင်ပျား›. ‹ပျားသန်›; ‹ပျားဆုပ်› (clases de abeja). Véase [[cīrikā]]. (c) ‹ပိတုန်း› negro grande (abejorro). Véase [[cīrikā]].	(a) ‹ပရစ်›; ‹ပဇင်းကြီး›; ‹ပဇင်းရင်ကွဲ› (‹ဒော်ရင်း›) (kinds of cricket). (b) ‹ယင်ပျား›. ‹ပျားသန်›; ‹ပျားဆုပ်› (kinds of bee). See [[cīrikā]]. (c) large black ‹ပိတုန်း› (bumblebee / carpenter bee). See [[cīrikā]].	insect names left in Burmese; cricket / bee / bumblebee are tentative identifications
65137	cīvara	သင်္ကန်း၊ ရဟန္တာပုဂ္ဂိုလ်တို့၏ တံခွန်အလံသဖွယ်ဖြစ်သော သင်္ကန်း၊ ရသေ့သင်္ကန်းထက် မြတ်သောသင်္ကန်း၊ သာသနာတော်သုံး သင်္ကန်း။ မူရင်းကြည့်ပါ။	hábito; el hábito que es como el estandarte de los *arahant*; el hábito superior al hábito de asceta; el hábito usado en la *sāsanā*. véase el original.	robe; the robe that is like the banner of the *arahant*; the robe superior to the ascetic's robe; the robe used in the *sāsanā*. see the original.	source has editor's note မူရင်းကြည့်ပါ (see the original)
65165	cīvarakuṭikaraṇa	သင်္ကန်းကျောင်းကို ပြုလုပ်ခြင်း၊ သင်္ကန်းကျောင်းဆောက်ခြင်း၊"	el hacer la cabaña de hábito; el construir la cabaña de hábito.	the making of a robe hut; the building of a robe hut.	source ends with ၊ and a stray quotation mark
65172	cīvaragaṇṭhikā	သင်္ကန်း-ကမ္ပတ်သိမ်း-ကမ္ပတ်သီး။	el lazo / botón del hábito.	the fastening loop / toggle of the robe.	ကမ္ပတ်သိမ်း / ကမ္ပတ်သီး rendered loop / toggle (tentative)
65177	cīvaraguttattha	သင်္ကန်းကို-လုံခြုံစေခြင်း-စောင့်ရှောက်ခြင်း-အကျိုး၊ သင်္ကန်းလုံခြံခြင်း အကျိုး။	el beneficio de resguardar / proteger el hábito; el beneficio de estar resguardado el hábito.	the benefit of keeping safe / guarding the robe; the benefit of the robe being kept safe.	လုံခြံ read as လုံခြုံ (typo)
65200	cīvaradhāraṇa	သင်္ကန်းကို-ဆောင်ခြင်း၊ ဝတ်ရုံခြင်း။ (၂) အဓိဋ္ဌာန်မတင် ဝိကပ္ပနာမပြုသော သင်္ကန်းကို ဆောင်ခြင်း၊ အဓိဋ္ဌာန်မတင် ဝိကပ္ပနာ မပြုဘဲသင်္ကန်းကို ထားခြင်း။ (၃) သင်္ကန်း-ဝတ်ပုံ-ရုံပုံ-ကိုင်ဆောင်ပုံ။	el llevar el hábito; el vestirlo. (2) el llevar un hábito sin hacer el *adhiṭṭhāna* ni la *vikappanā*; el guardar el hábito sin hacer el *adhiṭṭhāna* ni la *vikappanā*. (3) la manera de vestir / envolverse / llevar el hábito.	the bearing of the robe; the wearing of it. (2) the bearing of a robe without making the *adhiṭṭhāna* or the *vikappanā*; the keeping of a robe without making the *adhiṭṭhāna* or the *vikappanā*. (3) the manner of wearing / wrapping / carrying the robe.	sense marker (၁) missing in source
65215	cīvaraniyama	(သင်းပိုင်,ဧကစီ,ဒုကုဋ်) သင်္ကန်းကို-ကန့်သတ်ခြင်း-အဓိဋ္ဌာန်တင်ခြင်း။	(el ‹သင်းပိုင်›, el ‹ဧကစီ›, el ‹ဒုကုဋ်›) el delimitar / hacer el *adhiṭṭhāna* del hábito.	(the ‹သင်းပိုင်›, the ‹ဧကစီ›, the ‹ဒုကုဋ်›) the delimiting / making the *adhiṭṭhāna* of the robe.	Burmese names of the three robes left in Burmese (သင်းပိုင် = antaravāsaka, ဧကစီ = uttarāsaṅga, ဒုကုဋ် = saṅghāṭi, as far as I know)
65227	cīvarapaṭiggāhaka	သင်္ကန်းကို ခံယူတတ်သော၊ သူ။ မူရင်းကြည့်ပါ။	que suele recibir el hábito (dicho de una persona). véase el original.	apt to receive robes (said of a person). see the original.	source has editor's note မူရင်းကြည့်ပါ (see the original)
65256	cīvarapesanavatthu	သကန်းကို ပို့စေခြင်းဟူသော အကြောင်းအရာ။	el asunto del hacer enviar el hábito.	the matter of having a robe sent.	သကန်း read as သင်္ကန်း (typo in source)
65272	cīvarabhisi	သင်္ကန်းဘုံလျှူိ၊ ဘုံလျှူိ-အသွင်-သဏ္ဌာန်-ဖြင့်-ခေါက်အပ်-ထပ်အပ်-သော သင်္ကန်း။	el cojín de hábito; el hábito doblado / plegado en la forma / figura de un cojín.	the robe cushion; the robe folded / layered in the form / shape of a cushion.	ဘုံလျှူိ (odd spelling) rendered cushion, tentative
65273	cīvarabhoga	(၁) သင်္ကန်း၏-အခွေ-အခေါက်၊ သင်္ကန်း၏-အထပ်-အလွှာ။	(1) el rollo / pliegue del hábito; la capa / estrato del hábito.	(1) the roll / fold of the robe; the layer / ply of the robe.	source has (၁) with no further sense
65278	cīvaramātikā	သင်္ကန်းဖြစ်ပော်ခြင်း၏အကြောင်း၊ သင်္ကန်းဖြစ်ပော်ကြောင်း၊ သင်္ကန်းရရာခေတ်။	la causa del surgir del hábito; aquello por lo que surge el hábito; el campo en que se obtienen hábitos.	the cause of the arising of robes; that through which robes arise; the field in which robes are obtained.	ခေတ် (khetta) could also be 'season / period' here
65282	cīvararajana	သင်္ကန်းကို ဆိုးခြင်း။ မူရင်းကြည့်ပါ။	el teñir el hábito. Véase el original.	dyeing the robe. See the original.	source note 'see the original' (မူရင်းကြည့်ပါ)
65286	cīvaralūkha	သင်္ကန်းခေါင်းပါးခြင်း။	la escasez de hábitos.	the scarcity of robes.	label တိ but gloss is a verbal noun (-ခြင်း)
65298	cīvaravicāraṇa	သင်္ကန်းကို (၅-ခန်း,၇-ခန်းစသည်ဖြင့်) စီရင်ခြင်း၊ သင်္ကန်းဆုန်းခြင်း။	el disponer el hábito (en 5 secciones, 7 secciones, etc.); el trazar el hábito.	arranging the robe (in 5 panels, 7 panels and so on); laying out the robe.	ဆုန်း in သင်္ကန်းဆုန်းခြင်း unclear; rendered tentatively as 'laying out'
65307	cīvarasaṅkamanīya	ပြောင်းရွေ့အပ်သော သင်္ကန်း၊ ပြန်ပေးဖိုက်သော သင်္ကန်း။	hábito que ha de transferirse; hábito que debe devolverse.	a robe to be transferred; a robe that ought to be given back.	ပြန်ပေးဖိုက် read as ပြန်ပေးထိုက် (ought to be returned)
65322	cīvarasutta	(၁) သင်္ကန်းချည်။ «S1» (၂) စီဝရသုတ်။ မူရင်းကြည့်ပါ။	(1) hilo del hábito. Véase [[cīvarasuttaṁsu]]. (2) el *sutta* del hábito (*cīvara* *sutta*). Véase el original.	(1) robe thread. See [[cīvarasuttaṁsu]]. (2) the Robe *sutta* (*cīvara* *sutta*). See the original.	source note 'see the original' (မူရင်းကြည့်ပါ); sense (2) စီဝရသုတ် is the title of a sutta
65341	cuccu	မုံလာပင်။	planta de rábano.	radish plant.	မုံလာပင် read as radish (Raphanus sativus); identification tentative
65343	cuṇṇa	(၁) ခွဲခြမ်း-စိတ်ဖြာ-ခြင်း။ «S1» (၂) မှုန့်မှုန့်ညက်ညက်၊ မှုန်မှုန်မွှားမွှား။ (၃) အမှုန့်။ (က) နံ့သာမှုန့်။ (ခ) ကသယ်မှုန့်၊ ရေချိုးဆပ်ပြာမှုန့် (ကုက္ကိုမှုန့်,ကြို့မှုန့်စသည်)။ (ဂ) ဆန်မှုန့်။ (ပု) (ဃ) မြူမှုန့်၊ မြူမှုန်။ (င) ထုံး၊ ထုံးမှုန့်။ (တိ) (၄) ကြိတ်ချေသော၊ မှုန့်မှုန့်ညက်ညက်ပြုသော၊ စုဏ္ဏတာ-ကြည့်။ (၅) သေးငယ်သော။ သေးသေး ဖွဲဖွဲ-သေးသေးမွှားမွှား-ဖြစ်သော။ «S2» (၆) အနည်းငယ်သော။ «S3»	(1) el dividir / el desmenuzar. Véase [[cuṇṇikaraṇa]]. (2) finamente molido; en polvo menudo. (3) polvo. (a) polvo aromático. (b) polvo de baño; polvo jabonoso para el baño (polvo de ‹ကုက္ကို›, polvo de ‹ကြို့›, etc.). (c) harina de arroz. (masculino) (d) polvo; mota de polvo. (e) cal; cal en polvo. (adjetivo) (4) que muele; que reduce a polvo fino; véase *cuṇṇatā*. (5) pequeño. que es menudo / diminuto. Véase [[cuṇṇīkaraṇa]]. (6) escaso. Véase [[cuṇṇavicuṇṇa]].	(1) splitting / breaking up. See [[cuṇṇikaraṇa]]. (2) finely ground; in fine powder. (3) powder. (a) scented powder. (b) bath powder; soap powder for bathing (‹ကုက္ကို› powder, ‹ကြို့› powder, and so on). (c) rice flour. (masculine) (d) dust; a mote of dust. (e) lime; powdered lime. (adjective) (4) grinding; reducing to fine powder; see *cuṇṇatā*. (5) small. that is tiny / minute. See [[cuṇṇīkaraṇa]]. (6) slight. See [[cuṇṇavicuṇṇa]].	plant names ကုက္ကို (perhaps Albizia lebbeck) and ကြို့ left in Burmese; unreplaced cross-reference စုဏ္ဏတာ-ကြည့် rendered in place
65366	cuṇṇika	(၁) မြူမှုန်,၊ မြူမှုန်။ «S1» (တိ) (၂) အနည်းငယ်သော။ (၃) ငယ်သော၊ သေးငယ်သော။ «S2» (၄) မှုန့်မှုန့်ညက်ညက်ဖြစ်သော။ «S3» (၅) စကားပြေဖြစ်သော။ «S4»	(1) mota de polvo; mota de polvo. Véase [[cuṇṇikābandha]]. (adjetivo) (2) escaso. (3) pequeño; menudo. Véase [[cuṇṇikamaṁsa]]. (4) que se ha vuelto polvo fino. Véase [[cuṇṇikamanasikāra]]. (5) que está en prosa. Véase [[cuṇṇikavacana]].	(1) a mote of dust; a mote of dust. See [[cuṇṇikābandha]]. (adjective) (2) slight. (3) small; tiny. See [[cuṇṇikamaṁsa]]. (4) that has become fine powder. See [[cuṇṇikamanasikāra]]. (5) being in prose. See [[cuṇṇikavacana]].	sense (1) repeats မြူမှုန် with a stray comma
65375	cuṇṇikābaddha	ဗြူမှုန့်ကဲ့သို့-မြူမှုန်သဖွယ်-ဆက်စပ်သော။	ligado como polvo / a la manera de motas de polvo.	joined like powder / in the manner of motes of dust.	ဗြူမှုန့် read as မြူမှုန့် (dust)
65392	cuṇṇenti	(၁) လိမ်းကျံ-ချယ်သ-ကုန်၏။ (၂) နှိပ်စက်ကုန်၏။ စုဏ္ဏေတိ-(၂,၃)-ကြည့်။	(1) untan / adornan. (2) oprimen. Véase [[cuṇṇeti]] (2, 3).	(1) they anoint / adorn. (2) they oppress. See [[cuṇṇeti]] (2, 3).	unreplaced cross-reference စုဏ္ဏေတိ-(၂,၃)-ကြည့် rendered in place
65439	cutilakkhaṇa	(၁) စုတေ-ရွေ့လျော-ခြင်း လက္ခဏာရှိသော။	(1) que tiene la *lakkhaṇā* del fallecer / desplazarse.	(1) having passing away / shifting away as its *lakkhaṇā*.	only sense (1) given; label န but gloss is adjectival (ရှိသော); possibly truncated
65456	cutūpapātadassana	စုဟိပဋိသန္ဓေကိုမြင်ခြင်း။	el ver *cutipaṭisandhi*.	seeing *cutipaṭisandhi*.	စုဟိပဋိသန္ဓေ read as စုတိပဋိသန္ဓေ
65464	cuditakatthera	စောဒနာ+အပြစ်တင်-စွပ်စွဲ-ခံရသောထေရ်။	*thera* que es reprendido / culpado / acusado.	a *thera* who is reproved / blamed / accused.	a '+' stands between the first two alternatives in the source
65484	cuddasabuddhañāṇa	၁၄-ပါးသော ဘုရားဉာဏ်တော်၊ ဘုရားဉာဏ်တော် ၁၄-ပါး။ မူရင်းကြည့်ပါ။	14 conocimientos del Buddha; los conocimientos del Buddha, 14. Véase el original.	the 14 knowledges of the Buddha; the Buddha's knowledges, 14. See the original.	source note 'see the original' (မူရင်းကြည့်ပါ)
65491	cuddasamūlaka	၁၄-ပါးသော ပစ္စည်းဟူသော မူလရှိသော။	que tiene como raíz los 14 bienes.	having as its root the 14 goods.	ပစ္စည်း read as material goods / requisites; unsure which 14 are meant
65507	cuddasahatthubbedha	၁၄-တောင်အနံရှိသော၊ ၁၄-တောင်ပြန့်ကျယ်သော။	que tiene 14 codos de ancho; que se extiende 14 codos.	14 cubits wide; extending 14 cubits.	headword -ubbedha means height, but the Burmese says width (အနံ)
65509	cunda	စုန္ဒ မည်သောသူ။ မူရင်းကြည့်ပါ။	persona llamada *cunda*. Véase el original.	a person named *cunda*. See the original.	source note 'see the original' (မူရင်းကြည့်ပါ)
65518	cundasutta	စုန္ဒသုတ်။ မူရင်းကြည့်ပါ။	el sutta de *cunda*. Véase el original.	the *cunda* sutta. See the original.	source note 'see the original' (မူရင်းကြည့်ပါ)
65526	cumbaṭaka	(၁) အခံ၊ အခု၊ ခေါင်းခု။ (၂) အခွေ၊ ကရွတ်ခွေ။ (၃) ခုံ၊ ပန်းတင်ခုံ၊ ပန်းကလာပ်။	(1) soporte; almohadilla; rodete para la cabeza. (2) aro; aro para asentar vasijas. (3) base; soporte para flores; bandeja para flores.	(1) support; pad; head-pad. (2) ring; ring-stand for pots. (3) stand; flower stand; flower tray.	ကရွတ်ခွေ and ပန်းကလာပ် rendered tentatively
65531	cumbati	စုတ်၏၊ ငုံ၏ (နမ်း၏။ သျ)။	chupa; tiene en la boca (besa).	sucks; holds in the mouth (kisses).	abbreviation သျ after နမ်း၏ taken as a source reference and dropped
65536	cumbissāmi	စုတ်အံ့၊ ငုံအံ့။ «S1»	chupará; tendrá en la boca. Véase [[cumbati]].	will suck; will hold in the mouth. See [[cumbati]].	future …အံ့ rendered 3rd person per rule, but the headword cumbissāmi is 1st person
65538	cumbuṭaka	(၁) အခံ၊ အခု၊ ခေါင်းခု။ (၂) အခွေ၊ ကရွတ်ခွေ။	(1) soporte; almohadilla; rodete para la cabeza. (2) aro; aro para asentar vasijas.	(1) support; pad; head-pad. (2) ring; ring-stand for pots.	ကရွတ်ခွေ rendered tentatively
65541	curādigaṇa	စုရဒိဂိုဏ်း၊ စုရဓာတ်-အစ-အတူ-ရှိသော ဓာတ်အပေါင်း။	el grupo *curadi*; conjunto de raíces que tiene la raíz *cura* como primera / consigo / junto.	the *curadi* group; the set of roots having the root *cura* as first / with it / together.	စုရဒိ probably for စုရာဒိ (curādi); the hyphen chain အစ-အတူ is rendered literally
65546	cullanāṭakā	ငယ်သော ကချေ သည်မ၊ က ချေသည် မငယ် (မောင်းမငယ်။ ဇာတ်ဝတ္ထု)။	bailarina joven; joven bailarina (joven concubina).	a young dancing-girl; a dancing-girl who is young (a young concubine).	trailing ဇာတ်ဝတ္ထု after မောင်းမငယ် taken as a source note and dropped
65561	cūl̤aṁsa	ငယ်သောအဖို့၊ ဖီလာကန့်လန့်အဖို့ (ထောင်လိုက်၊ အစောက်လိုက်)။	porción pequeña; porción transversal (en vertical, en profundidad).	a small portion; a crosswise portion (vertically, in depth).	parenthesis (ထောင်လိုက်၊ အစောက်လိုက်) unclear; rendered tentatively
65562	cūl̤aanāthapiṇḍika	စူဠအနာထပိဏ်၊ အနာထပိဏ်ငယ်။ မူရင်းကြည့်ပါ။	*cūl̤aanāthapiṇ*; el joven *anāthapiṇ*. Véase el original.	*cūl̤aanāthapiṇ*; the younger *anāthapiṇ*. See the original.	source note 'see the original' (မူရင်းကြည့်ပါ)
65564	cūl̤aassapūrasutta	စူဠအဿပူရသုတ်၊ ရဟန်းတော်များသည် ရဟန်းဟူသော အမည်နှင့် ညီညွတ်ကြစေရန်,ရဟန်းဟု ဝန်ခံသည့်အတိုင်း ဟုတ်မှန်ကြစေရန်,သင်္ကန်း,ဆွမ်း,ကျောင်း,ဆေးပစ္စည်း ၄-ပါး လှူဒါန်းကြသော ဒကာဒကာမတို့လည်း အကျိုးများကြစေရန်,ရဟန်အဖြစ်လည်း ချည်းနှီးမဖြစ်ပဲ အကျိုးရှိစေရန် ရဟန်းတို့နှင့် သင့်လျော် လျောက်ပတ်သောအကျင့်မြတ်ကို ကျင့်သင့်ကြောင်း ဟောကြားသောသုတ်။ မူရင်းကြည့်ပါ။	el sutta *cūl̤aassapūra*; el sutta que enseña que los monjes deben practicar la excelente conducta conveniente y apropiada para monjes, para que estén de acuerdo con el nombre de “monje”, para que sean verdaderamente tal como declaran ser monjes, para que también los donantes, hombres y mujeres, que ofrecen los cuatro requisitos —hábito, comida de limosna, monasterio y medicinas— obtengan gran fruto, y para que su condición de monje no sea vana sino fructífera. Véase el original.	the *cūl̤aassapūra* sutta; the sutta teaching that monks should practise the excellent conduct fitting and proper for monks, so that they accord with the name “monk”, so that they are truly what they profess to be as monks, so that the donors, men and women, who offer the four requisites —robe, alms food, monastery and medicine— also gain much fruit, and so that their state as monks is not barren but fruitful. See the original.	source note 'see the original' (မူရင်းကြည့်ပါ)
65583	cūl̤akāla	စူဠကာလမည်သော သူ။ (က) မြတ်စွာဘုရားပရိနိဗ္ဗာန်စံခါနီး ရဟန်းပြုသော နောက်ဆုံးသာဝက သုဘဒ္ဒထေရ်၏ အလောင်းဖြစ်သော စူဠကာလ။ (ခ) စူဠကာလမည်သော ဥပါသကာ။	persona llamada *cūl̤akāla*. (a) *cūl̤akāla*, existencia anterior del *thera* *subhadda*, el último *sāvaka*, que se hizo monje cuando el Buddha estaba a punto de entrar en el *parinibbāna*. (b) el *upāsaka* llamado *cūl̤akāla*.	a person named *cūl̤akāla*. (a) *cūl̤akāla*, the former existence of the *thera* *subhadda*, the last *sāvaka*, who became a monk when the Buddha was about to enter *parinibbāna*. (b) the *upāsaka* named *cūl̤akāla*.	အလောင်း rendered 'former existence'
65584	cūl̤akālaüpāsaka	စူဠကာလသီတင်းသည်၊ စူဠကာလဥပါသကာ၊ ညဉ့်အခါ ဇေတဝါကျောင်းတော်၌ တရားစကား ကြားနာ၍ နံနက်စောစော ကျောင်းတော်မှ ပြန်လာသောအခါ လူအများသည် သူခိုးဟု စွပ်စွဲ ပြောဆိုကာ ဖမ်းဆီးတုတ်နှောင် ရိုက်ပုတ်မှုခံရစဉ် အိုးထိမ်းသည်၏ ကျွန်မတို့ကို အမှီပြု၍ အသက်ချမ်းသာရာ ရသော စူဠကာလ။	el observante de preceptos *cūl̤akāla*; el *upāsaka* *cūl̤akāla*; *cūl̤akāla*, quien, al volver temprano por la mañana del monasterio *jetava* tras haber escuchado de noche palabras de la Enseñanza, fue acusado de ladrón por la gente, apresado, atado y golpeado, y salvó la vida gracias a las esclavas del alfarero.	the precept-keeper *cūl̤akāla*; the *upāsaka* *cūl̤akāla*; *cūl̤akāla*, who, returning early in the morning from the *jetava* monastery after hearing words of the Teaching at night, was accused of being a thief by the people, seized, bound and beaten, and escaped with his life thanks to the potter's slave-women.	ဇေတဝါကျောင်းတော် probably for ဇေတဝန်ကျောင်းတော်; name copied as ⟦ဇေတဝ⟧
65591	cūl̤akuṇālajātaka	စူဠကုဏာလဇာတ်။ အကြောင်းအရာကို။ ကုဏာလဇာတ်-ကြည့်။	el *jātaka* *cūl̤akuṇāla*. Para su contenido, véase el *jātaka* *kuṇāla*.	the *cūl̤akuṇāla* *jātaka*. For its content, see the *kuṇāla* *jātaka*.	unreplaced cross-reference ကုဏာလဇာတ်-ကြည့် rendered in place
65592	cūl̤akuhu	ဟင်းဆန်ကွဲပင်။ «S1»	planta ‹ဟင်းဆန်ကွဲ›. Véase [[taṇḍuleyyaka]].	the ‹ဟင်းဆန်ကွဲ› plant. See [[taṇḍuleyyaka]].	plant ဟင်းဆန်ကွဲပင် not identified; left in Burmese
65594	cūl̤akokālika	စူဠကောကာလိကမည်သောသူ၊ (စူဠကောကာလိကသည် ကောကာလိကသူဋ္ဌေး၏ သားဖြစ်သည်၊ ပုဏ္ဏား၏ သား ဒေဝဒတ်၏ တပည့် ကောကာလိကမဟုတ်၊ ရဟန်းပြု၍ ကောကာလိကမြို့ဝယ် ခမည်းတော် ဆောက်လုပ် လှုဒါန်းထားသော ကျောင်း၌ သီတင်းသုံးနေထိုင်သည်၊ နောက်အခါ အဂ္ဂသာဝကဖြစ်တော်မူကြသော အရှင်သာရိပုတ္တရာနှင့် အရှင်မောဂ္ဂလ္လာန်တို့ကို စွပ်စွဲ ကဲ့ရဲ့မှုကြောင့် အနာပေါက်ကာ စုတေ၍ ပဒုမငရဲ၌ ကျရောက်ရသည်။ အကျယ်ကို ကောကာလိကသုတ်ကြည့်)။	persona llamada *cūl̤akokālika* (*cūl̤akokālika* es hijo del mercader rico *kokālika*; no es *kokālika*, hijo de un brahmán y discípulo de *Devadatta*; se hizo monje y residía en el monasterio que su padre había construido y donado en la ciudad de *kokālika*; más tarde, por haber acusado y censurado al Venerable *Sāriputta* y al Venerable *Moggallāna*, que llegaron a ser los *aggasāvaka*, le brotaron llagas, falleció y cayó en el infierno *paduma*. Para más detalle, véase el sutta *kokālika*).	a person named *cūl̤akokālika* (*cūl̤akokālika* is the son of the rich merchant *kokālika*; he is not *kokālika*, the brahmin's son and disciple of *Devadatta*; he became a monk and dwelt in the monastery his father had built and donated in the town of *kokālika*; later, because he accused and reviled the Venerable *Sāriputta* and the Venerable *Moggallāna*, who became the *aggasāvaka*, boils broke out on him, he passed away and fell into the *paduma* hell. For details, see the *kokālika* sutta).	unreplaced cross-reference ကောကာလိကသုတ်ကြည့် rendered in place
65598	cūl̤agandhārī	စူဠဂန္ဓာရီအတတ်၊ ၃-နှစ်အတွင်း သေသောသူတို့၏ ဖြစ်ရာဘဝကို သိစေနိုင်သော အတတ်ပညာ။ မူရင်းကြည့်ပါ။	el arte *cūl̤agandhārī*; ciencia capaz de dar a conocer la existencia en que renacen quienes murieron dentro de los 3 años. Véase el original.	the *cūl̤agandhārī* art; the science able to make known the existence in which those who died within 3 years are reborn. See the original.	source note 'see the original' (မူရင်းကြည့်ပါ)
65607	cūl̤ajanakajātaka	စူဠဇနကဇာတ် အကြောင်းအရာကို မဟာဇနကဇာတ်-ကြည့်ပါ။	para el contenido del *jātaka* *cūl̤ajanaka*, véase el *jātaka* *mahājanaka*.	for the content of the *cūl̤ajanaka* *jātaka*, see the *mahājanaka* *jātaka*.	unreplaced cross-reference မဟာဇနကဇာတ်-ကြည့်ပါ rendered in place
65610	cūl̤ataṇhāsaṅkhayasutta	စူဠတဏှာသင်္ခယသုတ်၊ မြတ်စွာဘုရား "အဘယ်မျှသော အကျင့်ဖြင့် ရဟန်းသည် တဏှာကုန်ရာ နိဗ္ဗာန်ကို အာရုံပြု၍ လွတ်မြောက်သော စိတ်ရှိသူ,ဧကန်ပြီးဆုံးခြင်းရှိသူ,ဧကန်ယောဂတို့၏ ကုန်ရာနိဗ္ဗန်ရှိသူ,ဧကန်မြတ်သော အကျင့်ကို ကျင့်သူ,ဧကန်အကျင့်ပြီးဆုံးပြီးသူ,နတ်လူတို့ထက် မြတ်သောသူ ဖြစ်ပါသနည်း"ဟု သိကြားမင်းလာရောက်လျှောက်ထားသဖြင့် ဘုရားရှင်ဖြေကြားသော သုတ်။	el sutta *cūl̤ataṇhāsaṅkhaya*; el sutta en que el Buddha respondió cuando el rey *Sakka* vino a preguntarle: “Bienaventurado, ¿con qué práctica un monje llega a tener la mente liberada tomando como objeto el Nibbāna, en que se extingue la *taṇhā*, a tener la consumación definitiva, a tener definitivamente el Nibbāna en que se extinguen los *yoga*, a practicar la conducta definitivamente excelente, a haber completado definitivamente la práctica, a ser superior a *deva* y seres humanos?”.	the *cūl̤ataṇhāsaṅkhaya* sutta; the sutta in which the Buddha answered when King *Sakka* came and asked: “Blessed One, by what practice does a monk come to have a mind liberated by taking as object Nibbāna, in which *taṇhā* is extinguished, to have final completion, to have finally Nibbāna in which the *yoga* are extinguished, to practise the finally excellent conduct, to have finally completed the practice, to be superior to *deva* and human beings?”.	နိဗ္ဗန် read as နိဗ္ဗာန်
65618	cūl̤adukkhakkhandhasutta	စူဠဒုက္ခက္ခန္ဓသုတ်။ မူရင်းကြည့်ပါ။	el sutta *cūl̤adukkhakkhandha*. Véase el original.	the *cūl̤adukkhakkhandha* sutta. See the original.	source note 'see the original' (မူရင်းကြည့်ပါ)
65630	cūl̤adhammapālajātaka	စူဠဝမ္မပါလဇာတ်၊ မိဖုရားသည် သားငယ်ကို မြှူချော့နေစဉ်မင်းကြွလာသည်ကို မြင်ပါသော်လည်း နေရာမှ မထမိသောကြောင့် "ဤမိဖုရားသည် ယခုကပင်သားငယ်ကို အမှီပြုကာ မာနထား၏၊ သားကြီးပြင်းသောအခါ ငါ့ကို လူဟူ၍ပင် မှတ်ထင်လိမ့်မည်မဟုတ်၊ ယခုအရွယ်ကပင် သားငယ်ကို သတ်အံ့"ဟု ကြံစည်စိတ်ထား အမျက်ပွါးကာ ဒေဝဒတ်လောင်း မဟာပတာပ မင်းသည် မိမိ၏ သားအရင်းဖြစ်သော ၇-လသားအရွယ်မျှ ရှိသေးသော ဘုရားလောင်း စူဠဓမ္မပါလသူငယ်ကို လက်,ခြေ,ဦးခေါင်းတို့ကို ဖြတ်စေကာ သတ်ခဲ့ဖူးသည်ကို ပြဆိုသောဇာတ်။	el *jātaka* *cūl̤adhammapāla*; el *jātaka* que relata que el rey *mahāpatāpa*, existencia anterior de *Devadatta*, al ver que la reina, mientras mimaba a su hijito, no se levantó de su sitio aunque lo vio llegar, se encolerizó con este propósito: “esta reina ya ahora tiene *māna* apoyándose en el hijito; cuando el hijo sea mayor no me tendrá ni siquiera por un ser humano; mataré al hijito ya a esta edad”, e hizo matar, cortándole las manos, los pies y la cabeza, al niño *cūl̤adhammapāla*, el *bodhisatta*, su propio hijo, que tenía apenas 7 meses.	the *cūl̤adhammapāla* *jātaka*; the *jātaka* relating that King *mahāpatāpa*, the former existence of *Devadatta*, seeing that the queen, while fondling her little son, did not rise from her place although she saw him coming, grew angry with this intention: “this queen already now holds *māna*, relying on the little son; when the son is grown she will not even regard me as a human being; I will kill the little son at this very age”, and had the boy *cūl̤adhammapāla*, the *bodhisatta*, his own son, only 7 months old, killed by having his hands, feet and head cut off.	headword spelt စူဠဝမ္မပါလ in the source (for ဓမ္မ); future သတ်အံ့ rendered 1st person since the king speaks of himself (ငါ့ကို)
65631	cūl̤adhammasamādānasutta	စူဠဓမ္မသမာဒါနသုတ်၊ (က) ပစ္စုပ္ပန်ဘဝ၌ ချမ်းသာ၍ တမလွန်ဘဝ၌ ဆင်းရဲစေတတ်သော တရားဆောက်တည်မှု၊ (ခ) ပစ္စုပ္ပန်တမလွန်ဘဝ ၂-တန်၌ ဆင်းရဲစေတတ်သော တရားဆောက်တည်မှု၊ (ဂ) ပစ္စုပ္ပန်ဘဝ၌ ဆင်းရဲ၍ တမလွန်ဘဝ၌ ချမ်းသာစေတတ်သော တရားဆောက်တည်မှု၊ (ဃ) ပစ္စုပ္ပန်,တမလွန် ဘဝ၂-တန်၌ ချမ်းသာစေတတ်သော တရားဆောက်တည်မှု-ဟုတရားဆောက်တည်မှု ၄-မျိုးရှိကြောင်း ဟောကြားသောသုတ်။	el sutta *cūl̤adhammasamādāna*; el sutta que enseña que hay 4 clases de adopción de prácticas: (a) la adopción de prácticas que es feliz en la existencia presente y hace sufrir en la existencia futura; (b) la adopción de prácticas que hace sufrir en las 2 existencias, presente y futura; (c) la adopción de prácticas que es penosa en la existencia presente y hace feliz en la existencia futura; (d) la adopción de prácticas que hace feliz en las 2 existencias, presente y futura.	the *cūl̤adhammasamādāna* sutta; the sutta teaching that there are 4 kinds of undertaking of practices: (a) the undertaking of practices that is happy in the present existence and brings suffering in the future existence; (b) the undertaking of practices that brings suffering in both existences, present and future; (c) the undertaking of practices that is painful in the present existence and brings happiness in the future existence; (d) the undertaking of practices that brings happiness in both existences, present and future.	တရားဆောက်တည်မှု (dhammasamādāna) rendered 'adopción de prácticas'; တရား here not rendered by the L001 stem
65633	cūl̤anaka	ငယ်သော၊ သေးငယ်သော (ကျဉ်းသော)။	pequeño; menudo (estrecho).	small; tiny (narrow).	label န but gloss is adjectival
65637	cūl̤anāga	(၁) စူဠနာဂမည်သောသူ။ (က) ဗဟုသုတများသော စူဠနာဂထေရ်။ (ခ) ပိဏ္ဍက ၃-ပုံဆောင်စူဠနာဂထေရ်။ (ဂ) ဝသာဠနဂရရွာသားစူဠနာဂထေရ်။ (န) (၂) စူဠနာဂမည်သော လိုဏ်ဂူ။ «S1»	(1) persona llamada *cūl̤anāga*. (a) el *thera* *cūl̤anāga*, de gran erudición. (b) el *thera* *cūl̤anāga*, portador de las 3 *piṭaka*. (c) el *thera* *cūl̤anāga*, de la aldea de *vasāl̤anagara*. (neutro) (2) la cueva llamada *cūl̤anāga*. Véase [[cūl̤anāgaleṇa]].	(1) a person named *cūl̤anāga*. (a) the *thera* *cūl̤anāga*, of great learning. (b) the *thera* *cūl̤anāga*, bearer of the 3 *piṭaka*. (c) the *thera* *cūl̤anāga* of the village of *vasāl̤anagara*. (neuter) (2) the cave named *cūl̤anāga*. See [[cūl̤anāgaleṇa]].	ပိဏ္ဍက read as ပိဋက
65649	cūl̤anipphāva	ပဲပုဇွန်ပင်။ «S1»	planta de ‹ပဲပုဇွန်› (una leguminosa). Véase [[cūl̤anipphāvapuppha]].	the ‹ပဲပုဇွန်› plant (a legume). See [[cūl̤anipphāvapuppha]].	bean plant ပဲပုဇွန် not identified; left in Burmese
65650	cūl̤anipphāvapuppha	ပဲပုဇွန်ပွင့်။	flor de ‹ပဲပုဇွန်›.	the ‹ပဲပုဇွန်› flower.	bean plant ပဲပုဇွန် not identified; left in Burmese
65652	cūl̤anibrahmadatta	စူဠနီဗြဟ္မဒတ်မင်း။ (က) ပဉ္စာလတိုင်း ကပိလပြည်ကို အစိုးရသော စူဠနီဗြဟ္မဒတ်မင်း၊ ထိုမင်းသည် နိုင်ငံသူ,နိုင်ငံသားတို့၏ ပြောစကားကို စနည်းနာရန် အပ်ချုပ်သမားအသွင်ဖြင့် အဖော်မပါတစ်ယောက်တည်ရွာ,နိဂုံး,ဇနပုဒ်သို့ လှည့်လည်သွားလာစဉ် ရွာတရွာ၌ ဘုန်းကံလက္ခဏာနှင့် ပြည့်စုံသော အမျိုးသမီးတစ်ယောက်ကို တွေ့မြင်သဖြင့် မြို့သို့ ခော်ဆောင်ကာ ဥဗ္ဗရီအမည်ဖြင့် အဂ္ဂမဟေသီ မြှောက်လေသည်။ (ခ) ကပိလတိုင်း ဥတ္တရပဉ္စာလပြည်ကို အစိုးရသော စူဠနီဗြဟ္မဒတ်မင်း၊ ထိုမင်းသည် မဟာစူဠနီမင်းနှင့် စလာကဒေဝီမိဖုရားတို့၏ သားတော်ဖြစ်သည်၊ ငယ်စဉ်အခါက ဘထွေးဖြစ်သော ဆဗ္ဘိပုဏ္ဏား၏ ဘေးရန်ကြောင့်မဒ္ဒတိုင်း သာဂလပြည်သို့ ထွက်ပြေးပုန်းအောင်းနေစဉ်မဒ္ဒမင်း၏ သမီးတော် နန္ဒာမင်းသမီးနှင့် သင့်မြတ် လက်ထပ်သည်၊ ဘထွေး ဆဗ္ဘိပုဏ္ဏား အနိစ္စရောက်သောအခါ ကပိလ တိုင်း ဥတ္တရပဉ္စာလပြည်သို့ သွားရောက်မင်းပြုသည်။	el rey *cūl̤anībrahmadat*. (a) el rey *cūl̤anībrahmadat*, que gobernaba la ciudad de *kapila* en el país de *pañcāla*; este rey, mientras recorría solo, sin compañía, disfrazado de sastre, aldeas, villas y provincias para escuchar a escondidas lo que decían sus súbditos, vio en una aldea a una mujer dotada de gloria, *kamma* y *lakkhaṇā*, la llevó a la ciudad y la elevó a reina principal con el nombre de *ubbarī*. (b) el rey *cūl̤anībrahmadat*, que gobernaba la ciudad de *uttarapañcāla* en el país de *kapila*; este rey era hijo del rey *mahācūl̤anī* y de la reina *calākadevī*; en su infancia, mientras huía y se escondía en la ciudad de *sāgala*, en el país de *madda*, por el peligro de su tío, el brahmán *chabbhi*, se unió y se casó con la princesa *nandā*, hija del rey de *madda*; cuando su tío, el brahmán *chabbhi*, murió, fue a la ciudad de *uttarapañcāla*, en el país de *kapila*, y reinó.	King *cūl̤anībrahmadat*. (a) King *cūl̤anībrahmadat*, who ruled the city of *kapila* in the country of *pañcāla*; this king, while going about alone, without companions, disguised as a tailor, through villages, towns and provinces to overhear what his subjects said, saw in a village a woman endowed with glory, *kamma* and *lakkhaṇā*, brought her to the city and raised her to chief queen under the name *ubbarī*. (b) King *cūl̤anībrahmadat*, who ruled the city of *uttarapañcāla* in the country of *kapila*; this king was the son of King *mahācūl̤anī* and Queen *calākadevī*; in his childhood, while fleeing and hiding in the city of *sāgala* in the country of *madda* because of the danger from his uncle, the brahmin *chabbhi*, he was united and married to Princess *nandā*, daughter of the king of *madda*; when his uncle, the brahmin *chabbhi*, died, he went to the city of *uttarapañcāla* in the country of *kapila* and reigned.	ဘထွေး rendered 'uncle' (father's younger brother); it can also mean stepfather
65653	cūl̤anībrahmadatta	စူဠနီဗြဟ္မဒတ်မင်း။ (က) ပဉ္စာလတိုင်း ကပိလပြည်ကို အစိုးရသော စူဠနီဗြဟ္မဒတ်မင်း၊ ထိုမင်းသည် နိုင်ငံသူ,နိုင်ငံသားတို့၏ ပြောစကားကို စနည်းနာရန် အပ်ချုပ်သမားအသွင်ဖြင့် အဖော်မပါတစ်ယောက်တည်ရွာ,နိဂုံး,ဇနပုဒ်သို့ လှည့်လည်သွားလာစဉ် ရွာတရွာ၌ ဘုန်းကံလက္ခဏာနှင့် ပြည့်စုံသော အမျိုးသမီးတစ်ယောက်ကို တွေ့မြင်သဖြင့် မြို့သို့ ခော်ဆောင်ကာ ဥဗ္ဗရီအမည်ဖြင့် အဂ္ဂမဟေသီ မြှောက်လေသည်။ (ခ) ကပိလတိုင်း ဥတ္တရပဉ္စာလပြည်ကို အစိုးရသော စူဠနီဗြဟ္မဒတ်မင်း၊ ထိုမင်းသည် မဟာစူဠနီမင်းနှင့် စလာကဒေဝီမိဖုရားတို့၏ သားတော်ဖြစ်သည်၊ ငယ်စဉ်အခါက ဘထွေးဖြစ်သော ဆဗ္ဘိပုဏ္ဏား၏ ဘေးရန်ကြောင့်မဒ္ဒတိုင်း သာဂလပြည်သို့ ထွက်ပြေးပုန်းအောင်းနေစဉ်မဒ္ဒမင်း၏ သမီးတော် နန္ဒာမင်းသမီးနှင့် သင့်မြတ် လက်ထပ်သည်၊ ဘထွေး ဆဗ္ဘိပုဏ္ဏား အနိစ္စရောက်သောအခါ ကပိလ တိုင်း ဥတ္တရပဉ္စာလပြည်သို့ သွားရောက်မင်းပြုသည်။	el rey *cūl̤anībrahmadat*. (a) el rey *cūl̤anībrahmadat*, que gobernaba la ciudad de *kapila* en el país de *pañcāla*; este rey, mientras recorría solo, sin compañía, disfrazado de sastre, aldeas, villas y provincias para escuchar a escondidas lo que decían sus súbditos, vio en una aldea a una mujer dotada de gloria, *kamma* y *lakkhaṇā*, la llevó a la ciudad y la elevó a reina principal con el nombre de *ubbarī*. (b) el rey *cūl̤anībrahmadat*, que gobernaba la ciudad de *uttarapañcāla* en el país de *kapila*; este rey era hijo del rey *mahācūl̤anī* y de la reina *calākadevī*; en su infancia, mientras huía y se escondía en la ciudad de *sāgala*, en el país de *madda*, por el peligro de su tío, el brahmán *chabbhi*, se unió y se casó con la princesa *nandā*, hija del rey de *madda*; cuando su tío, el brahmán *chabbhi*, murió, fue a la ciudad de *uttarapañcāla*, en el país de *kapila*, y reinó.	King *cūl̤anībrahmadat*. (a) King *cūl̤anībrahmadat*, who ruled the city of *kapila* in the country of *pañcāla*; this king, while going about alone, without companions, disguised as a tailor, through villages, towns and provinces to overhear what his subjects said, saw in a village a woman endowed with glory, *kamma* and *lakkhaṇā*, brought her to the city and raised her to chief queen under the name *ubbarī*. (b) King *cūl̤anībrahmadat*, who ruled the city of *uttarapañcāla* in the country of *kapila*; this king was the son of King *mahācūl̤anī* and Queen *calākadevī*; in his childhood, while fleeing and hiding in the city of *sāgala* in the country of *madda* because of the danger from his uncle, the brahmin *chabbhi*, he was united and married to Princess *nandā*, daughter of the king of *madda*; when his uncle, the brahmin *chabbhi*, died, he went to the city of *uttarapañcāla* in the country of *kapila* and reigned.	ဘထွေး rendered 'uncle' (father's younger brother); it can also mean stepfather
65664	cūl̤apañcamūla	စူဠပဉ္စမူမြစ် (အမြစ်ငယ် ၅-မျိုးသျ)။	la raíz *cūl̤apañcamū* (5 clases de raíces pequeñas).	the *cūl̤apañcamū* root (5 kinds of small roots).	abbreviation သျ inside the parenthesis taken as a source reference and dropped
65665	cūl̤apati	လင်အောက်ငယ်သော သူ။	persona inferior al marido.	one who is lesser than the husband.	လင်အောက်ငယ်သော သူ unclear (a junior husband / paramour?); rendered literally
65667	cūl̤apanthaka	စူဠပန္ထကမည်သောသူ၊ မူရင်းကြည့်ပါ။	persona llamada *cūl̤apanthaka*; véase el original.	a person named *cūl̤apanthaka*; see the original.	source note 'see the original' (မူရင်းကြည့်ပါ)
65683	cūl̤apiṇḍapātikatissatthera	စူဠပိဏ္ဍပါတိကတိဿထေရ်၊ ပိဏ္ဍပါတ်ဓုတင်ဆောင်သော တိဿထေရ်ငယ်။ မူရင်းကြည့်ပါ။	el *thera* *cūl̤apiṇḍapātikatissa*; el *thera* *tissa* menor, que observa el *dhutaṅga* del *piṇḍapāta*. Véase el original.	the *thera* *cūl̤apiṇḍapātikatissa*; the junior *thera* *tissa*, who keeps the *piṇḍapāta* *dhutaṅga*. See the original.	source note 'see the original' (မူရင်းကြည့်ပါ)
65694	cūl̤abyūhasutta	စူဠဗျူဟသုတ်။ မူရင်းကြည့်ပါ။	el sutta *cūl̤abyūha*. Véase el original.	the *cūl̤abyūha* sutta. See the original.	source note 'see the original' (မူရင်းကြည့်ပါ)
65697	cūl̤abhāga	အနည်းငယ်သော အဖို့ (၄-ဖို့ ၁-ဖို့,၄-ပုံ ၁-ပုံ-ဖြစ်သော အဖို့)။ «S1»	porción pequeña (porción que es 1 parte de 4, 1 porción de 4). Véase [[cūl̤akī]] (1).	a small portion (a portion that is 1 part in 4, 1 share in 4). See [[cūl̤akī]] (1).	label တိ but gloss is a noun
65700	cūl̤amātu	အမိအောက်ငယ်သောသူ၊ အမိ၏ ညီမ၊ ဒော်ခေး၊ မိထွေး။	la que es menor que la madre; la hermana menor de la madre; tía materna; tía materna menor.	one who is younger than the mother; the mother's younger sister; maternal aunt; younger maternal aunt.	မိထွေး can also mean stepmother
65706	cūl̤arathavimāna	စူဠရထဝိမာနဝတ္ထု၊ လူ့ဘဝက ပြုလုပ်ခဲ့သော ဒါန,သီလစသော ကုသိုလ်ကံကြောင့် တာ ဝတိံ သာဘုံ၌ ရတနာ ၇-ပါးဖြင့် တန်ဆာဆင်ထားသော ၇-ယူဇနာရှိသော ရထားဗိမာန်ဖြင့် ခမ်းနားစွာ ခံစားခံစားရသော နတ်သား၏ဝတ္ထု။	el relato del *vimāna* *cūl̤aratha*; el relato del *devaputta* que, a causa del *kamma* sano —el *dāna*, la *sīla* y demás— realizado en su existencia humana, disfruta espléndidamente en el *bhūmi* *Tāvatiṁsa* de un *vimāna* carro de 7 *yojana*, adornado con las 7 clases de joyas.	the story of the *cūl̤aratha* *vimāna*; the story of the *devaputta* who, because of the wholesome *kamma* —*dāna*, *sīla* and so on— done in his human existence, enjoys splendidly in the *Tāvatiṁsa* *bhūmi* a chariot *vimāna* of 7 *yojana*, adorned with the 7 kinds of jewels.	ခံစားခံစား duplicated in the source
65727	cūl̤asāropamasutta	စူဠသာရောပမသုတ်၊ သစ်ပင်၏အနှစ်သာရကို ရှာဖွေသော ပုဂ္ဂိုလ်ကို ဥပမာထား၍ လာဘ်လာဘဟူသော အခက်အရွက်,သီလ ဟူသော အပွေး,ဈာန်ဟူသော အခွံ,အဘိညာဉ်ဟူသော အကာ,မဂ်ဖိုလ်ဟူသော အနှစ်ကို လိုလားနှစ်သက်ကြသော ရဟန်းတို့ကို ခွဲခြား ဝေဖန်၍ ဟောကြားတော်မူသော သုတ်(ခက်ရွက်လာဘ၊ ပွေးသီလနှင့်၊ ဈာနအခွံ၊ အဘိညာဉ်အကာ၊ လောကုတ္တရာအသား၊ ခွဲ၍ထားသည်၊ ဘုရားတောပိုင် မိန့်ခွန်းတည်း)။	el sutta *cūl̤asāropama*; el sutta en que el Buddha, tomando como símil a la persona que busca el duramen de un árbol, expuso distinguiendo y analizando a los monjes que desean y se complacen en las ramas y hojas, que son las ganancias y los honores; en la corteza exterior, que es la *sīla*; en la corteza interior, que es el *jhāna*; en la albura, que es la *abhiññā*; y en el duramen, que es el *magga* y el *phala* (ramas y hojas, las ganancias; la corteza, la *sīla*; la corteza interior, el *jhāna*; la albura, la *abhiññā*; la carne, lo *lokuttara*: así los dividió; son palabras propias del Buddha).	the *cūl̤asāropama* sutta; the sutta in which the Buddha, taking as a simile a person seeking the heartwood of a tree, expounded, distinguishing and analysing, the monks who desire and delight in the branches and leaves, which are gains and honours; in the outer bark, which is *sīla*; in the inner bark, which is *jhāna*; in the sapwood, which is *abhiññā*; and in the heartwood, which is *magga* and *phala* (branches and leaves, gains; bark, *sīla*; inner bark, *jhāna*; sapwood, *abhiññā*; the flesh, the *lokuttara*: so he divided them; these are the Buddha's own words).	closing verse's ဘုရားတောပိုင် read as ဘုရားတော်ပိုင် (the Buddha's own); tentative
65729	cūl̤asīla	စူဠသီလ၊ အနည်းငယ်-အကျဉ်း-ဖြစ်သော သီလ၊ (ထိုသီလသည် ပါဏာတိပါတစသည်မှ ကြဉ်ခြင်းအားဖြင့် ၂၆-ပါးရှိ၏၊ ဒီ၊ ၁။ ၃-၅-ကြည့်)။	*cūl̤asīla*; *sīla* breve / resumida; (esa *sīla* tiene 26 clases, por abstención de *pāṇātipāta* y demás).	*cūl̤asīla*; brief / summary *sīla*; (that *sīla* has 26 kinds, by abstention from *pāṇātipāta* and so on).	citation 'ဒီ၊ ၁။ ၃-၅-ကြည့်' dropped
65732	cūl̤asīhanādasutta	စူဠသီဟနာဒသုတ်၊ သောတာပန်၊ သကဒါဂါမ်၊ အနာဂါမ်၊ ရဟန္တာ ဤရဟန်း ၄-မျိုးတို့သည် ဘုရားရှင်သာသနာ၌သာရှိ၍ တတ္ထိတို့၏ အယူဝါဒ၌ မရှိနိုင်ကြောင်း ခြင်္သေ့မင်းကဲ့သို့ မကြောက်မရွံ့ရဲရင့်သော စကားကို ဟောကြားတော်မူသောသုတ်။	el sutta *cūl̤asīhanāda*; el sutta en que el Buddha pronunció, como un rey león, palabras intrépidas, sin miedo ni temor: que estas 4 clases de monjes —*sotāpanna*, *sakadāgāmī*, *anāgāmī* y *arahant*— existen solo en la *sāsana* del Buddha y no pueden existir en las doctrinas de los *titthiya*.	the *cūl̤asīhanāda* sutta; the sutta in which the Buddha spoke, like a lion king, bold words, without fear or dread: that these 4 kinds of monk —*sotāpanna*, *sakadāgāmī*, *anāgāmī* and *arahant*— exist only in the Buddha's *sāsana* and cannot exist in the doctrines of the *titthiya*.	တတ္ထိ read as တိတ္ထိ (titthiya)
65748	cūl̤asuvajātaka	စူဠသုဝဇာတ်၊ ဘုရားအလောင်းတော်ကျေးမင်းဖြစ်စဉ်က အစာအာဟာရ၌ လျှပ်ပော်လော်လည်ခြင်း မရှိသည်ကို ပြဆိုသော ဇာတ်။	*Cūḷasuvajātaka*; el *jātaka* que muestra la ausencia de inconstancia respecto del alimento, cuando el *bodhisatta* era rey de los loros.	*Cūḷasuvajātaka*; the *jātaka* that shows the absence of fickleness regarding food, when the *bodhisatta* was a parrot king.	လျှပ်ပော်လော်လည် read as လျှပ်ပေါ်လော်လည် 'fickle, flighty'; could also mean greed
65751	cūl̤aseṭṭhipeta	စူဠသေဋ္ဌိမည်သော ပြိတ္တာ။ မူရင်းကြည့်ပါ။	el *peta* llamado *cūl̤aseṭṭhi*. Véase el original.	the *peta* named *cūl̤aseṭṭhi*. See the original.	source note 'မူရင်းကြည့်ပါ' (see the original)
65752	cūl̤asotāpanna	စူဠသောတာပန် ပုဂ္ဂိုလ်၊ သောတာပန်အငယ်စား။ (က) ဘုရား,တရား,သံဃာ၌ မတုန်မလှုပ်ကြည်ညိုခြင်း၊ (ခ) အနာရောဂါကင်းရှင်းခြင်း၊ (ဂ) လိမ်လည်လှည့်ပတ်မှုမရှိခြင်း၊ (ဃ) အကုသိုလ်တရားပယ်ရှားရန်,ကုသိုလ်တရား တိုးပွါးစေရန် ကမ္မဋ္ဌာန်းအလုပ် ကြိုးစားအားထုတ်မှုရှိခြင်း၊ (င) ရုပ်နာမ်တရားတို့၏အဖြစ်,အပျက်သဘောကို သိစွမ်းနိုင်သော,ကိလေသာကို ဖောက်ခွဲဖျက်ဆီးနိုင်သော,ဝဋ်ဆင်းရဲကို ကုန်စေနိုင်သော ဥဒယဗ္ဗယဉာဏ်နှင့်ပြည့်စုံခြင်းဟူသော ပဓာနိယင်္ဂတရား ၅-ပါးနှင့် ပြည့်စုံသော ယောဂီပုဂ္ဂိုလ်သည် "စူဠသောတာပန်"မည်၏။ မူရင်းကြည့်ပါ။	la persona *cūḷasotāpanna*; el *sotāpanna* menor. (a) la confianza inquebrantable en el *Buddha*, el *Dhamma*, el *Saṅgha*; (b) el estar libre de enfermedad; (c) el no tener engaño ni astucia; (d) el tener esfuerzo en la tarea del *kammaṭṭhāna* para abandonar los estados insanos, para hacer crecer los estados sanos; (e) el estar dotado del *udayabbayañāṇa*, que es capaz de conocer la naturaleza del surgir, del perecer de los fenómenos de *rūpa* y *nāma*, capaz de quebrar y destruir los *kilesa*, capaz de extinguir el sufrimiento del *vaṭṭa*: el *yogī* dotado de estos cinco *padhāniyaṅga* se llama “*cūḷasotāpanna*”. Véase el original.	the *cūḷasotāpanna* person; the lesser *sotāpanna*. (a) unshakable confidence in the *Buddha*, the *Dhamma*, the *Saṅgha*; (b) being free from disease; (c) having no deceit or trickery; (d) having exertion in the work of *kammaṭṭhāna* in order to abandon unwholesome states, to make wholesome states grow; (e) being endowed with *udayabbayañāṇa*, which is able to know the nature of the arising, the perishing of *rūpa* and *nāma* phenomena, able to break up and destroy the *kilesa*, able to bring the suffering of *vaṭṭa* to an end: the *yogī* endowed with these five *padhāniyaṅga* is called “*cūḷasotāpanna*”. See the original.	source note 'မူရင်းကြည့်ပါ' (see the original)
65760	cūl̤āmaṇi	(၁) ဥသျှောင်-ဆံထုံး-၌-ထိုးအပ်-တပ်အပ်-သော ပတ္တမြား၊ ပတ္တမြားဥသျှောင်၊ ပတ္တမြားဆံကျင်၊ ပတ္တမြားဆံထိုး။ (၂) ထီးဖြူထိပ်၌ တပ်အပ်သော ပတ္တမြား၊ ထီးဖြူထွတ်ပတ္တမြား။ (၃) မကိုဋ်ထိပ်၌ တပ်အပ်သောပတ္တမြား၊ မကိုဋ်ထွတ်ပတ္တမြား။ (၄) ချင်ရွေး။	(1) el rubí prendido / fijado en el moño / rodete; moño de rubí; horquilla de rubí; alfiler de pelo de rubí. (2) el rubí fijado en la punta del parasol blanco; rubí del remate del parasol blanco. (3) el rubí fijado en la punta de la corona; rubí del remate de la corona. (4) ‹ချင်ရွေး›.	(1) the ruby stuck / fixed in the top-knot / hair-knot; ruby top-knot; ruby hair-pin; ruby hair-stick. (2) the ruby fixed on the tip of the white parasol; ruby of the white parasol's finial. (3) the ruby fixed on the tip of the crown; ruby of the crown's finial. (4) ‹ချင်ရွေး›.	sense (4) ချင်ရွေး not identified; left in Burmese
65761	cūl̤āmaṇicetiya	မကိုဋ်နှင့်တကွ ဆံတော်ကို ဌပနာထားသော စေတီ၊ စူဠာမဏိစေတီ။ မူရင်းကြည့်ပါ။	el *cetiya* en que se depositó el cabello sagrado junto con la corona; el *cetiya* *Cūḷāmaṇi*. Véase el original.	the *cetiya* in which the sacred hair was enshrined together with the crown; the *Cūḷāmaṇi* *cetiya*. See the original.	source note 'မူရင်းကြည့်ပါ' (see the original)
65773	ceṭaka	(၁) ငယ်သောသူ၊ သူငယ်။ (၂) အလယ်အလတ်ဖြစ်သောသူ။ (၃) စေခိုင်းအပ်သောသူ၊ ကျေးကျွန်၊ အစေခံ။	(1) persona joven; muchacho. (2) persona de edad intermedia. (3) persona a la que se dan órdenes; esclavo; sirviente.	(1) young person; boy. (2) person of middle age. (3) person who is ordered about; slave; servant.	sense (2) အလယ်အလတ် 'middle': middle age or middle rank
65780	cetaka	စေခိုင်းအပ်သော၊ သတ္တဝါ (တိန်ညင်,တယ်ကြက်,တယ်ချိုး,တယ်ခါ,တယ်သမင်)။	mandado (dicho de un ser vivo) (perdiz, gallo de reclamo, paloma de reclamo, ‹တယ်ခါ›, ciervo de reclamo).	that is sent / used (said of a living being) (partridge, decoy cock, decoy dove, ‹တယ်ခါ›, decoy deer).	decoy animals: တိန်ညင် taken as partridge (tentative); ခါ (decoy bird) not identified, left in Burmese
65785	cetanā	စေ့စပ်-ဆက်စပ်-ဆက်သွယ်-ပေးတတ်သော သဘောတရား၊ စေ့ဆော်-နှုိးဆော်-တိုက်တွန်း-ကြောင့်ကြစိုက်-တတ်သော သဘောတရား၊ ပေါင်းစု-စည်းရုံး-စုစည်း-တတ်သော သဘောတရား၊ ပြုပြင်-စီရင်-စီမံ-တတ်သော သဘောတရား၊ စေတနာစေတသိက်။ မူရင်းကြည့်ပါ။	el fenómeno que suele coordinar / enlazar / conectar; el fenómeno que suele estimular / incitar / urgir / ocuparse con afán; el fenómeno que suele juntar / organizar / reunir; el fenómeno que suele elaborar / disponer / dirigir; el *cetasika* *cetanā*. Véase el original.	the phenomenon that tends to coordinate / link / connect; the phenomenon that tends to stimulate / incite / urge / busy itself; the phenomenon that tends to gather / organise / assemble; the phenomenon that tends to work up / arrange / direct; the *cetasika* *cetanā*. See the original.	source note 'မူရင်းကြည့်ပါ' (see the original)
65799	cetanānantara	စေတနာ+အနန္တရစေတနာ၏-အခြားမဲ့-အကြားမရှိရာကာလ။	*cetanā* + *anantara*; el tiempo inmediatamente siguiente a / sin intervalo tras la *cetanā*.	*cetanā* + *anantara*; the time immediately following / without interval after *cetanā*.	text runs the analysis into the gloss (စေတနာ+အနန္တရစေတနာ၏); read as 'cetanā + anantara; the time … of cetanā'
65812	cetanāpharusa	စေတနာ-ကြားတမ်း-ခက်မာ-ခြင်းရှိသော။	que tiene *cetanā* áspera / dura.	having harsh / hard *cetanā*.	ကြားတမ်း read as ကြမ်းတမ်း 'harsh'
65847	cetanāhāra	စေတနာဟူသော အာဟာရပစ္စည်း။	el *āhārapaccaya* que es *cetanā*.	the *āhārapaccaya* that is *cetanā*.	အာဟာရပစ္စည်း taken as āhāra-paccaya (nutriment condition); could be simply 'nutriment'
65849	cetanupacaya	စေတနာ၏-ပေါင်းစီးမှု-ပွါးစီးမှု၊ ဆည်းပူးဖားသော စေတနာ။	la acumulación / el incremento de la *cetanā*; la *cetanā* acumulada.	the accumulation / increase of *cetanā*; accumulated *cetanā*.	ဆည်းပူးဖား read as ဆည်းပူးထား 'accumulated'
65877	cetasikakathā	စေတသိက်ကို ပြဆိုရာစကား၊ ဖဿိက စသည်မည်သော တရားမရှိသည့် အတွက် စေတသိကမည်သော တရားသည်လည်းမရှိသင့်သောကြောင့် 'စေတသိက မည်သောဟရားမရှိ'ဟု အယူရှိသူ ရာဇဂိရိကနှင့် သိဒ္ဓတ္ထိက ဂိုဏ်းဝင် ပရဝါဒီဆရာတို့၏ အယူကိုပယ်ဖျက်လျက် စေတသိကမည်သော တရားထင်ရှားရှိကြောင်းကို ပြဆိုရာစကားရပ်။	el discurso que expone el *cetasika*; la sección que muestra que el estado llamado *cetasika* existe manifiestamente, rechazando la opinión de los maestros *paravādī*, miembros de las escuelas *rājagirika* y *siddhatthika*, que sostienen: “no existe el estado llamado *cetasika*”, porque, al no haber un estado llamado *phassika* y demás, tampoco debería haber un estado llamado *cetasika*.	the discourse expounding the *cetasika*; the section showing that the state called *cetasika* manifestly exists, rejecting the view of the *paravādī* teachers, members of the *rājagirika* and *siddhatthika* schools, who hold: “there is no state called *cetasika*”, because, since there is no state called *phassika* and so on, there should be no state called *cetasika* either.	ပယ်ဖျက် here means refute: rechazar / reject; ဟရား read as တရား
65878	cetasikakamma	စေတသိက်ကံ။ မူရင်းကြည့်ပါ။	el *kamma* *cetasika*. Véase el original.	*cetasika* *kamma*. See the original.	source note 'မူရင်းကြည့်ပါ' (see the original)
65883	cetasikadukkhattha	စိတ်၌ဖြစ်သော ဆင်းရဲခြင်းအကျိုး။	el fruto del sufrir que surge en la mente.	the fruit of the suffering that arises in the mind.	အကျိုး here renders -attha: 'fruit / result' or 'meaning / purpose'
65914	cetāpanappayoga	လဲလှယ်-ဝယ်ယူ-စေခြင်းဟူသော-အား	el empeño que es el hacer intercambiar / comprar.	the effort that is causing to exchange / buy.	text ends in -အား without ။; possibly truncated
65930	cetāpema	သိစေကုန်၏၊ လဲလှယ်-ဝယ်ယူ-ကုန်၏။ «S1»	hacen saber; intercambian / compran. Véase [[cetāpeti]] (a).	they make known; they exchange / buy. See [[cetāpeti]] (a).	headword is 1st person; Burmese ၏ does not mark person, rendered 3rd
65931	cetāpemi	သိစေ၏၊ လဲလှယ်-ဝယ်ယူ-၏။ «S1»	hace saber; intercambia / compra. Véase [[cetāpeti]] (a).	makes known; exchanges / buys. See [[cetāpeti]] (a).	headword is 1st person; Burmese ၏ does not mark person, rendered 3rd
65938	cetāpessāmi	သိစေလတ်အံ့၊ လဲလှယ်-ဝယ်ယူ-လတ်အံ့။ «S1»	haré saber; intercambiaré / compraré. Véase [[cetāpeti]] (a).	I will make known; I will exchange / buy. See [[cetāpeti]] (a).	future read as 1st person from လတ်အံ့ (vs 3rd လတ္တံ့) and headword -ssāmi; unsure
65966	cetiyachattavedikā	စေတီ၏ထီးအောက်၌ ပြုလုပ်အပ်သော အုတ်ခုံအကျည်။	la plataforma de ladrillo hecha bajo el parasol del *cetiya*.	the brick platform made beneath the parasol of the *cetiya*.	အုတ်ခုံအကျည်: အကျည် unclear (railing? cf. vedikā); rendered 'brick platform'
65970	cetiyattha	စေတိ၏အကျိုး။	el beneficio de *ceti*.	the benefit of *ceti*.	စေတိ possibly for စေတီ (cetiya); အကျိုး renders -attha (benefit / purpose / meaning)
66003	cetiyasantaka	စေတီ၏ဥစ္စာ၊ စေတီပိုင်ပစ္စည်း။ မူရင်းကြည့်ပါ။	los bienes del *cetiya*; las posesiones que pertenecen al *cetiya*. Véase el original.	the property of the *cetiya*; the goods belonging to the *cetiya*. See the original.	source note 'မူရင်းကြည့်ပါ' (see the original)
66018	cetema	စေ့ဆော်-ကြိုးကုတ်-အားထုတ်-ကုန်၏။ «S1»	estimulan / se empeñan / se esfuerzan. Véase [[ceteti]] (1).	they urge / strive / exert themselves. See [[ceteti]] (1).	headword is 1st person; Burmese ၏ does not mark person, rendered 3rd
66024	cetesi	စေ့ဆော်-ကြိုးကုတ်-အားထုတ်-၏။ «S1»	estimula / se empeña / se esfuerza. Véase [[ceteti]] (1).	urges / strives / exerts himself. See [[ceteti]] (1).	headword cetesi is an aorist; Burmese has present ၏, rendered as given
66027	cetessasi	စေ့ဆော်-ကြိုးကုတ်-အားထုတ်-လတ္တံ့။ «S1»	estimulará / se empeñará / se esforzará. Véase [[ceteti]] (1).	will urge / strive / exert. See [[ceteti]] (1).	headword cetessasi is 2nd person; Burmese လတ္တံ့ unmarked, rendered 3rd
66032	cetokhilasutta	စေတောခိလသုတ်၊ မြတ်စွာဘုရားသခင်သည် သာဝတ္ထိပြည် ဇေတဝန်ကျောင်းတော်၌ သီတင်းသုံးနေတော်မူစဉ် ရဟန်းတော်တို့ကို ဘုရား၌ ယုံမှားမှု,တရား၌ ယုံမှားမှု,သံဃာ၌ ယုံမှားမှု,အကျင့်သိက္ခာ၌ ယုံမှားမှု,သီတင်းသုံးဖော်တို့၌ အမျက်ဒေါသဖြစ်မှုဟု ဆိုအပ်သော စိတ်ကို ကြမ်းတမ်းခက်ထန်စေ၍ စိတ်၏ ငြောင့်တံသင်းသဖွယ်ဖြစ်သော စေတောခိလတရား ၅-ပါး၊ ကာမဂုဏ်၌ တပ်မက်တွယ်တာမှု,မိမိကိုယ်၌ တပ်မက်တွယ်တာမှု,အပြင် ရုပ်ဝတ္ထုပစ္စည်းတို့၌ တပ်မက်တွယ်တာမှု,အလိုရှိတိုင်း ဝမ်းပြည့်အောင်စား၍ အိပ်ပြီးလျှင် ချမ်းသာအမျိုးမျိုးကို ခံစားမှု,နတ်ပြည် စည်းစိမ်ချမ်းသာကို တောင့်တ၍ သီလစသော မြတ်သော အကျင့်ကိုကျင့်မှုဟုဆိုအပ်သော စိတ်ကို နှောင်ဖွဲ့တတ်သော စေတောဝိနိဗန္ဓတရား ၅-ပါး၊ ဤစေတောခိလတရား ၅-ပါးတို့နှင့် စေတောဝိနိဗန္ဓတရား ၅-ပါးတို့ကို မပယ်နိုင်သေးသော ရဟန်းသည် မြတ်စွာဘုရား သာသနာတော်၌ တိုးတက်ကြီးပွါးဖို့ရန် အကြောင်းမရှိ။ ဤတရား ၁၀-မျိုးတို့ကို ပယ်နိုင်သော ရဟန်းသည်သာလျှင် မြတ်စွာဘုရား သာသနာတော်၌ တိုးတက်ကြီးပွါးနိုင်၏ စသည်ဖြင့် ဟောကြားတော်မူသောသုတ်။	*Cetokhilasutta*; el *sutta* en que el excelso *Buddha*, mientras residía en el monasterio *Jetavana* de la ciudad de *sāvatthi*, enseñó a los monjes, entre otras cosas: los cinco *cetokhila*, que hacen áspera y dura la mente y son como tocones y estacas de la mente, llamados la duda respecto del *Buddha*, la duda respecto del *Dhamma*, la duda respecto del *Saṅgha*, la duda respecto de la práctica y el entrenamiento, el surgir de la ira respecto de los compañeros de vida monástica; los cinco *cetovinibandha*, que suelen atar la mente, llamados el apego y la adhesión a los *kāmaguṇa*, el apego y la adhesión a uno mismo, el apego y la adhesión a los objetos materiales externos, el experimentar diversos placeres tras comer a voluntad hasta llenar el vientre y dormir, el practicar la conducta excelsa que comienza por *sīla* anhelando la gloria y la felicidad del mundo de los *deva*; el monje que aún no puede abandonar estos cinco *cetokhila* y cinco *cetovinibandha* no tiene manera de progresar y crecer en la *sāsanā* del excelso *Buddha*; solo el monje que puede abandonar estas diez clases de estados puede progresar y crecer en la *sāsanā* del excelso *Buddha*.	*Cetokhilasutta*; the *sutta* in which the Blessed *Buddha*, while residing in the *Jetavana* monastery in the city of *sāvatthi*, taught the monks, among other things: the five *cetokhila*, which make the mind harsh and rough and are like stumps and stakes of the mind, namely doubt about the *Buddha*, doubt about the *Dhamma*, doubt about the *Saṅgha*, doubt about the practice and training, the arising of anger towards one's companions in the monastic life; the five *cetovinibandha*, which tend to bind the mind, namely passion for and clinging to the *kāmaguṇa*, passion for and clinging to oneself, passion for and clinging to external material objects, enjoying various pleasures after eating one's fill at will and sleeping, practising the noble conduct beginning with *sīla* while longing for the glory and happiness of the *deva* world; a monk who cannot yet abandon these five *cetokhila* and five *cetovinibandha* has no way to progress and grow in the *sāsanā* of the Blessed *Buddha*; only a monk who can abandon these ten kinds of states can progress and grow in the *sāsanā* of the Blessed *Buddha*.	မိမိကိုယ် rendered 'oneself' (L042); the sutta's Pāḷi has kāya, 'the body'
66051	cetopariyañāṇa	သူတစ်ပါးတို့၏ စိတ်ကို-ပိုင်းခြား၍ သိတတ်သော-ပိုင်းခြားတတ်သော-ဉာဏ်၊ စေတောပရိယဉာဏ်၊ စေတောပရိယအဘိညာဉ်။ မူရင်းကြည့်ပါ။	el conocimiento que suele conocer discerniendo / discernir la mente de otros; *cetopariyañāṇa*; *cetopariyābhiññā*. Véase el original.	the knowledge that tends to know by discerning / to discern the minds of others; *cetopariyañāṇa*; *cetopariyābhiññā*. See the original.	source note 'မူရင်းကြည့်ပါ' (see the original)
66058	cetopariyañāṇantara	စေတောပရိယဉာဏ်၏အခြားမဲ့ အကြားမရှိရကာလ။ စေတော ပရိယဉာဏန္တရံ ဥပရိ တိဿော အဘိညာ ဝတဗာ သိယံ။ မ၊ဋီ၊ ၂။ ၁၈။	el tiempo inmediatamente siguiente, sin intervalo, al *cetopariyañāṇa*. *ceto pariyañāṇantaraṁ upari tisso abhiññā vatabā siyaṁ*.	the time immediately following, without interval, the *cetopariyañāṇa*. *ceto pariyañāṇantaraṁ upari tisso abhiññā vatabā siyaṁ*.	quoted Pāḷi copied as printed; ဝတဗာ looks garbled (vattabbā?); ရကာလ read as ရာကာလ
66086	cetovinīvaraṇasappāya	(၁) စိတ်ကို နီဝရဏတို့မှ ကင်းဝေးစေတတ်သော သမထဝိပဿနာအား-လျော်-လျောက်ပတ်-သော။ (၂) သမထဝိပဿနာစိတ်ကို ပော်လွင်ထင်ရှားစေခြင်းငှါ-လျော်-လျောက်ပတ်-ကျေးဇူးများ-သော။	(1) apropiado / conveniente para el *samathavipassanā*, que suele alejar la mente de los *nīvaraṇa*. (2) apropiado / conveniente / de mucho beneficio para hacer prominente y manifiesta la mente de *samathavipassanā*.	(1) suitable / fitting for *samathavipassanā*, which tends to keep the mind far from the *nīvaraṇa*. (2) suitable / fitting / of great benefit for making the *samathavipassanā* mind prominent and manifest.	ပော်လွင် read as ပေါ်လွင် 'prominent'
66088	cetovimutti	(၁) စိတ်၏ လွှတ်မြောက်ခြင်း၊ လွှတ်မြောက်သော စိတ်။ (က) အရဟတ္တဖိုလ်စိတ်။ (ခ) အနာဂါမိ ဖိုလ်စိတ်။ (ဂ) ရူပ အရူပစိတ် (သမာပတ် ၈-ပါး)။ (ဃ) စတုတ္ထဈာန်စိတ်။ (င) အာကိဉ္စညာယတနဈာန်စိတ် (စ) ကာမဂုဏ်မှ လွှတ်မြောက်လိုသောစိတ်၊ တော၌ နေမည်ဟူသော စိတ်ကူး။ (၂) သမာဓိ၏ လွတ်မြောက်ခြင်း၊ လွတ်မြောက်သော သမာဓိ၊ စိတ်၏ လွတ်မြောက်ကြောင်း ဖြစ်သော သမာဓိ။ (က) အရဟတ္တဖိုလ် သမာဓိ။ (ခ) အနာဂါမိဖိုလ် သမာဓိ။ (ဂ) ဖိုလ်သမာဓိ။ (ဃ) မဂ်သမာဓိ။ (င) မဂ်ဖိုလ်မာဓိ (စ) အရဟတ္တဖိုလ်ပညာမှကြွင်းသော ဖိုလ်တရား။ (၃) စိတ်၏ လွတ်မြောက်ကြောင်းဖြစ်သောဉာဏ်၊ ဝိပဿနာဉာဏ်။ (၄) စိတ်၏ လွတ်မြောက်ကြောင်းဖြစ်သောတရား။ (က) အပ္ပနာသို့ ဆိုက်ရောက်သော မေတ္တာ။ (ခ) အပ္ပနာသို့ ဆိုက်ရောက်သော ကရုဏာ။ (ဂ) အပ္ပနာသို့ ဆိုက်ရောက်သော မုဒိတာ။ (ဃ) အပ္ပနာသို့ ဆိုက်ရောက်သော ဥပေက္ခာ။ (တိ) (၅) သမာဓိ၏ လွတ်မြောက်ခြင်းရှိသော၊ လွတ်မြောက်သော သမာဓိရှိသော၊ သူ။	(1) la liberación de la mente; la mente liberada. (a) la mente del *arahattaphala*. (b) la mente del *anāgāmiphala*. (c) la mente *rūpa* y *arūpa* (las ocho *samāpatti*). (d) la mente del cuarto *jhāna*. (e) la mente del *ākiñcaññāyatanajhāna* (f) la mente que desea liberarse de los *kāmaguṇa*; el propósito de vivir en el bosque. (2) la liberación del *samādhi*; el *samādhi* liberado; el *samādhi* que es causa de la liberación de la mente. (a) el *samādhi* del *arahattaphala*. (b) el *samādhi* del *anāgāmiphala*. (c) el *samādhi* del *phala*. (d) el *samādhi* del *magga*. (e) el *samādhi* de *magga* y *phala* (f) los estados de *phala* que quedan aparte de la *paññā* del *arahattaphala*. (3) el conocimiento que es causa de la liberación de la mente; el *vipassanāñāṇa*. (4) el estado que es causa de la liberación de la mente. (a) la *mettā* que ha llegado a la *appanā*. (b) la *karuṇā* que ha llegado a la *appanā*. (c) la *muditā* que ha llegado a la *appanā*. (d) la *upekkhā* que ha llegado a la *appanā*. (adjetivo) (5) que tiene la liberación del *samādhi*; que tiene *samādhi* liberado (dicho de una persona).	(1) liberation of the mind; the liberated mind. (a) the *arahattaphala* mind. (b) the *anāgāmiphala* mind. (c) the *rūpa* and *arūpa* mind (the eight *samāpatti*). (d) the fourth *jhāna* mind. (e) the *ākiñcaññāyatanajhāna* mind (f) the mind wishing to be liberated from the *kāmaguṇa*; the intention of living in the forest. (2) liberation of *samādhi*; liberated *samādhi*; the *samādhi* that is the cause of the mind's liberation. (a) *arahattaphala* *samādhi*. (b) *anāgāmiphala* *samādhi*. (c) *phala* *samādhi*. (d) *magga* *samādhi*. (e) *magga* and *phala* *samādhi* (f) the *phala* states remaining apart from the *paññā* of *arahattaphala*. (3) the knowledge that is the cause of the mind's liberation; *vipassanāñāṇa*. (4) the state that is the cause of the mind's liberation. (a) *mettā* that has reached *appanā*. (b) *karuṇā* that has reached *appanā*. (c) *muditā* that has reached *appanā*. (d) *upekkhā* that has reached *appanā*. (adjective) (5) having liberation of *samādhi*; having liberated *samādhi* (said of a person).	(2)(e) မဂ်ဖိုလ်မာဓိ read as မဂ်ဖိုလ်သမာဓိ
66092	cetovimuttiphalānisaṁsa	(၁) အရဟတ္တဖိုလ်သမာဓိ (အရဟတ္တဖိုလ်ပညာမှ ကြွင်းသော ဖိုလ်တရား)ဟု ဆိုအပ်သော အကျိုးအာနိသင်ရှိသော (အရဟတ္တမဂ် သမ္မာဒိဋ္ဌိ)။ (၂) (က) မဂ်ဖိုလ်သမာဓိဟု ဆိုအပ်သော အကျိုးအာနိသင်ရှိသော (ဝိပဿနာသမ္မာဒိဋ္ဌိ)။ (ခ) မဂ်ဖိုလ်သမာဓိဟု ဆိုအပ်သော အကျိုးအာနိသင်ရှိသော (အသုဘာနုပဿနာ,အာဟာရေ ပဋိကူလသညာ,အနဘိရတသညာ,အနိစ္စာနုပဿနာ,မရဏသညာ)။ (ဂ) မဂ်ဖိုလ်သမာဓိဟု ဆိုအပ်သော အကျိုးအာနိသင်ရှိသော (အနိစ္စသညာ,အနိစ္စေ ဒုက္ခသညာ,ဒုက္ခေ အနတ္တသညာ,ပဟာနသညာ,ဝိရာဂသညာ)။ စေတောဝိမုတ္တိဖလ-(၂,၃)-ကြည့်။	(1) que tiene el fruto y beneficio llamado *samādhi* del *arahattaphala* (los estados de *phala* que quedan aparte de la *paññā* del *arahattaphala*) (la *arahattamaggasammādiṭṭhi*). (2) (a) que tiene el fruto y beneficio llamado *samādhi* de *magga* y *phala* (la *vipassanāsammādiṭṭhi*). (b) que tiene el fruto y beneficio llamado *samādhi* de *magga* y *phala* (*asubhānupassanā*, *āhāre paṭikūlasaññā*, *anabhiratasaññā*, *aniccānupassanā*, *maraṇasaññā*). (c) que tiene el fruto y beneficio llamado *samādhi* de *magga* y *phala* (*aniccasaññā*, *anicce dukkhasaññā*, *dukkhe anattasaññā*, *pahānasaññā*, *virāgasaññā*). Véase [[cetovimuttiphala]] (2, 3).	(1) having the fruit and benefit called *arahattaphala* *samādhi* (the *phala* states remaining apart from the *paññā* of *arahattaphala*) (the *arahattamaggasammādiṭṭhi*). (2) (a) having the fruit and benefit called *magga* and *phala* *samādhi* (the *vipassanāsammādiṭṭhi*). (b) having the fruit and benefit called *magga* and *phala* *samādhi* (*asubhānupassanā*, *āhāre paṭikūlasaññā*, *anabhiratasaññā*, *aniccānupassanā*, *maraṇasaññā*). (c) having the fruit and benefit called *magga* and *phala* *samādhi* (*aniccasaññā*, *anicce dukkhasaññā*, *dukkhe anattasaññā*, *pahānasaññā*, *virāgasaññā*). See [[cetovimuttiphala]] (2, 3).	cross-reference 'စေတောဝိမုတ္တိဖလ-(၂,၃)-ကြည့်' not placeholdered; rendered as Véase / See
66102	cetovivaraṇa	(၁) စိတ်၏ ပွင့်လင်းကြောင်းတရား (သမထ,ဝိပဿနာ)။ (၂) စိတ်၏ ပော်လွင်ထင်ရှားကြောင်းတရား (သမထဝိပဿနာ)။ (၃) (သမထ,ဝိပဿနာ) စိတ်၏ ပွင့်လင်းခြင်း။ (၄) (သမထ,ဝိပဿနာ) စိတ်၏ပော်လွင်ထင်ရှားခြင်း။ «S1»	(1) el estado que es causa de la apertura de la mente (*samatha*, *vipassanā*). (2) el estado que es causa de que la mente sea prominente y manifiesta (*samathavipassanā*). (3) la apertura de la mente (de *samatha*, *vipassanā*). (4) el hacerse prominente y manifiesta la mente (de *samatha*, *vipassanā*). Véase [[cetovivaraṇasappāya]].	(1) the state that causes the opening of the mind (*samatha*, *vipassanā*). (2) the state that causes the mind to be prominent and manifest (*samathavipassanā*). (3) the opening of the (*samatha*, *vipassanā*) mind. (4) the (*samatha*, *vipassanā*) mind's becoming prominent and manifest. See [[cetovivaraṇasappāya]].	ပော်လွင် read as ပေါ်လွင် 'prominent'
66114	cetosamādhi	(၁) စိတ်ကို-အညီအညွတ်-ကောင်းစွာ-အာရုံ၌ ထားတတ်သော သမာဓိ။ (၂) စိတ်ကို-အညီအညွတ်-ကောင်းစွာ-အာရုံ၌ ထားခြင်း၊ စိတ်၏-ငြိမ်သက်-ငြိမ်းအေး-တည်ကြည်ခြင်း (သမာဓိ)။ မူရင်းကြည့်ပါ။	(1) el *samādhi* que suele poner la mente de modo uniforme / bien en el objeto (de la mente). (2) el poner la mente de modo uniforme / bien en el objeto (de la mente); la calma / el sosiego / la firmeza de la mente (*samādhi*). Véase el original.	(1) the *samādhi* that tends to place the mind evenly / well on the object (of the mind). (2) placing the mind evenly / well on the object (of the mind); the calm / peace / steadiness of the mind (*samādhi*). See the original.	source note 'မူရင်းကြည့်ပါ' (see the original)
66121	cela	(၁) ရေကျီးကန်း (ဇာတ်ဝတ္ထု-၌ ထီးလှုိင်ကာငှက်ဟူ၏)။ (န) (၂) အဝတ်၊ အထည်။ (၃) အလံ၊ အောင်လံ။ «S1»	(1) cormorán (en el relato del *jātaka* se dice que es el ave ‹ထီးလှုိင်ကာ›). (neutro) (2) ropa; tela. (3) bandera; estandarte de victoria. Véase [[celaka]].	(1) cormorant (in the *jātaka* story it is said to be the ‹ထီးလှုိင်ကာ› bird). (neuter) (2) cloth; fabric. (3) flag; victory banner. See [[celaka]].	ရေကျီးကန်း 'water crow' taken as cormorant (tentative); ထီးလှိုင်ကာငှက် not identified, left in Burmese
66126	celakeṭu	စေလကေဋုငှက်၊ မြစ်ထွေးငှက်။	el ave *celakeṭu*; el ave ‹မြစ်ထွေး›.	the *celakeṭu* bird; the ‹မြစ်ထွေး› bird.	bird မြစ်ထွေးငှက် not identified; left in Burmese
66136	celasutta	စေလသုတ်။ မူရင်းကြည့်ပါ။	*Celasutta*. Véase el original.	*Celasutta*. See the original.	source note 'မူရင်းကြည့်ပါ' (see the original)
66139	celāvaka	(၁) ဗီလုံးငှက်။ (၂) စေလာဝက-မည်သောသူ။ «S1» (တိ) (၃) စေလာဝက-လူမျိုး။	(1) el ave ‹ဗီလုံး›. (2) la persona llamada *celāvaka*. Véase [[celāpika]]. (adjetivo) (3) el pueblo *celāvaka*.	(1) the ‹ဗီလုံး› bird. (2) the person named *celāvaka*. See [[celāpika]]. (adjective) (3) the *celāvaka* people.	bird ဗီလုံးငှက် not identified; left in Burmese
66144	celepatimala	ဆင်နှာမောင်းပန်း။	la flor ‹ဆင်နှာမောင်း› (¿Heliotropium indicum?).	the ‹ဆင်နှာမောင်း› flower (Heliotropium indicum?).	ဆင်နှာမောင်းပန်း 'elephant-trunk flower': tentatively Heliotropium indicum; unverified
66148	cehemala	ကြက်ရုံးပန်း။	la flor ‹ကြက်ရုံး›.	the ‹ကြက်ရုံး› flower.	ကြက်ရုံးပန်း not identified; left in Burmese
66156	cocapāna	အစေ့ရှိသော ငှက်ပျောသီးတို့ဖြင့် ဖျော်အပ်သော အဖျော်၊ အစေ့ရှိသော ငှက်ပျောသီးအဖျော်၊ တောငှက်ပျောသီးဖျော်ရည်။ မူရင်းကြည့်ပါ။	la bebida preparada con plátanos con semillas; bebida de plátano con semillas; jugo de plátano silvestre. Véase el original.	the drink prepared with seeded bananas; seeded-banana drink; wild-banana juice. See the original.	source note 'မူရင်းကြည့်ပါ' (see the original)
66170	codanā	(၁) တောင်းခြင်း။ (၂) တိုက်တွန်း-နှုိးဆော်-စေခိုင်း-ခြင်း၊ အားထုတ်စေခြင်း။ (၃) စောဒနာခြင်း၊ စောကြောခြင်း။ (က) တုန်လှုပ်ခြောက်ခြားစေခြင်း၊ ဆန့်ကျင်ဘက်ဆိုခြင်း။ မေးခြင်း။ (ခ) အပြစ်တင်ခြင်း၊ မေး-စိစစ်-ခြင်း။ (၄) ခွင့်ပြုခြင်း၊ ခွင့်ပေးခြင်း။ (တိ) (၅) မေးအပ်သော။ မူရင်းကြည့်ပါ။ «S1»	(1) el pedir. (2) el urgir / incitar / mandar; el hacer esforzarse. (3) el acusar; el interrogar. (a) el hacer temblar y estremecerse; el contradecir. El preguntar. (b) el reprochar; el preguntar / examinar. (4) el permitir; el dar permiso. (adjetivo) (5) preguntado. Véase el original. Véase [[codanāgāthā]].	(1) asking for. (2) urging / inciting / ordering; causing to exert. (3) accusing; interrogating. (a) causing to tremble and shudder; contradicting. Questioning. (b) reproaching; questioning / examining. (4) permitting; giving leave. (adjective) (5) questioned. See the original. See [[codanāgāthā]].	source note 'မူရင်းကြည့်ပါ' (see the original)
66176	codanāṭhānaparimāṇa	တောင်းခြင်း,အတိုင်းအရှည်,ရပ်ခြင်း အတိုင်းအရှည်။	la medida del pedir, la medida del quedarse de pie.	the measure of asking, the measure of standing.	punctuation garbled (တောင်းခြင်း,အတိုင်းအရှည်,ရပ်ခြင်း အတိုင်းအရှည်); read as 'measure of asking, measure of standing'
66182	codanāpatha	စောဒနာဟူသောလိမ်းကြောင်း။	el camino que es el acusar.	the path that is accusing.	လိမ်းကြောင်း read as လမ်းကြောင်း 'path'
66199	codanālesa	စောဒနာခြင်းဟူသော အရိပ်အမြွက်၊ စောဒနာအရိပ်အမြွက်။	el indicio / la insinuación que es el reprender; indicio de reprensión.	the hint that is reproving; a hint of reproof.	စောဒနာ rendered as ordinary 'reprove / reproof' (codanā) throughout this shard
66200	codanāvatthu	(၁) စောဒနာဝတ္ထုမည်သောမြို့။ (၂) စောဒနာခြင်း၏ အကြောင်း။ မူရင်းကြည့်ပါ။	(1) ciudad llamada *codanāvatthu*. (2) causa del reprender. Véase el original.	(1) a town called *codanāvatthu*. (2) the cause of reproving. See the original.	see the original
66207	codanāsutta	စောဒနာသုတ်။ မူရင်းကြည့်ပါ။	el *codanāsutta*. Véase el original.	the *codanāsutta*. See the original.	see the original
66228	cedāpessāmi	နှိပ်စေလတ်အံ့၊ အပြစ်တင်စေလတ်အံ့။ «S1»	hará oprimir; hará culpar. Véase [[codāpeti]] (3).	will cause to oppress; will cause to blame. See [[codāpeti]] (3).	Pāḷi -ssāmi is 1st person; Burmese does not mark it, so 3rd person used
66232	coditavacanapaṭihāraka	စောဒနာအပ်သော စကားကို ပယ်ရှားတာမြစ်တတ်သော။	que suele rechazar / impedir las palabras con que se reprende.	apt to rebut / ward off words of reproof.	ပယ်ရှားတားမြစ် here means rebut (paṭiharati), so rechazar / rebut
66247	codenta	(၁) စောဒနာ-အပြစ်တင်-စွပ်စွဲ-ပြောဆို-မေး-စိစစ်-စောကြော-သော၊ သူ။ (၃) တိုက်တွန်း-နှုိးဆော်-စေခိုင်း-သော၊ သူ။ (၄) မောင်းနှင်သော၊ သူ။	(1) que reprende / culpa / acusa / habla / pregunta / examina / investiga (dicho de una persona). (3) que insta / exhorta / manda (dicho de una persona). (4) que conduce (dicho de una persona).	(1) reproving / blaming / accusing / speaking / questioning / examining / investigating (said of a person). (3) urging / exhorting / commanding (said of a person). (4) driving (said of a person).	sense (2) missing in the source numbering
66248	codenti	(၁) စောဒနာ-အပြစ်တင်-စွပ်စွဲ-ပြောဆို-မေးစိစစ်-ကုန်၏။ (၂) တောင်းကုန်၏။ (၃) တိုက်တွန်း-နှုိးဆော်-စေခိုင်း-ပြောဆို-ကုန်၏။ (၄) သင်ပေးကုန်၏၊ ဆုံးမကုန်၏။ «S1» "	(1) reprenden / culpan / acusan / hablan / interrogan. (2) piden. (3) instan / exhortan / mandan / hablan. (4) enseñan; amonestan. Véase [[codeti]].	(1) they reprove / blame / accuse / speak / question and examine. (2) they ask for. (3) they urge / exhort / command / speak. (4) they teach; they admonish. See [[codeti]].	stray quotation mark at end of source text
66265	coddasa	တဆယ့်လေး၊ ၁၄-ခု၊ ၁၄-ပါး၊ ၁၄-ယောက်။	catorce; 14 cosas; 14 (seres o cosas de respeto); 14 personas.	fourteen; 14 things; 14 (beings or things, honorific count); 14 persons.	classifier ပါး rendered loosely
66292	coraka	ညဉ့်မွှေးပန်း။	‹ညဉ့်မွှေးပန်း›, flor que perfuma de noche.	‹ညဉ့်မွှေးပန်း›, a night-scented flower.	plant not identified; ညဉ့်မွှေးပန်း literally 'night-fragrant flower'
66317	coracatukka	စောရစတုက္က၊ ခိုးသူဖြင့် မှတ်အပ်သော ဝတ္ထု ၄-ခုအပေါင်း၊ ခိုးသူဟူသော အမှတ်ဖြင့် သတ်ရာ၌ ကံ ၄-ပါးအပေါင်း။	*coracatukka*; conjunto de 4 casos señalados por el ladrón; conjunto de 4 *kamma* al matar con la noción de «ladrón».	*coracatukka*; a set of 4 cases marked by the thief; a set of 4 *kamma* in killing with the notion 'thief'.	ကံ here likely means 'act / case' (Vinaya tetrad), not kamma as volition; check
66345	coramaggapaṭipanna	ခိုးသူလမ်းသို့ သွားသော၊ ခိုးသူတို့ ထယကသောင်းကျန်းရာ လမ်းခရီးသို့ သွားသော၊ သူ။	que va por el camino de ladrones; que va por el camino donde los ladrones se alzan y hacen estragos (dicho de una persona).	going on the thieves' road; going on the road where thieves rise up and run riot (said of a person).	ထယက looks garbled (for ထကြွ?)
66364	corasāhasikajanavilopapīl̤ita	ခိုးသား ထားပြတို့ လုယက်နှိပ်စက်ခံရသော၊ သူ။	saqueado y oprimido por ladrones y bandidos (dicho de una persona).	plundered and oppressed by thieves and bandits (said of a person).	ထားပြ read as ဓားပြ (bandit)
66365	corasatta	စောရသုတ်။ မူရင်းကြည့်ပါ။	el *corasutta*. Véase el original.	the *corasutta*. See the original.	see the original
66397	corīvuṭṭhāpana	စောရိဝုဋ္ဌာပန-ကြည့်"	Véase [[corivuṭṭhāpana]].	See [[corivuṭṭhāpana]].	cross-reference not placeholdered; stray quotation mark in source
66398	corīvuṭṭhāpana	စောရိဝုဋ္ဌာပန-ကြည့်"	Véase [[corivuṭṭhāpana]].	See [[corivuṭṭhāpana]].	cross-reference not placeholdered; stray quotation mark in source
66414	col̤a	(၁) အဝတ်၊ အထည်၊ ပုဆိုး။ (က) အနာစည်းစရာအဝတ်၊ ပတ်တီး။ (ခ) အနှီး၊ အခင်း၊ အဝတ်ခု။ (ဂ) အဝတ်ကြမ်း၊ အဝတ်ပိုင်း၊ အဝတ်နွမ်း၊ အဝတ်စုတ်။ (ဃ) ဖန်ရည်ဆိုးသော အဝတ်။ (င) ပံသုကူအဝတ်။ (၂) စောဠမင်း။ «S1» (၃) စောဠတိုင်း။ «S2» (က) အနာစည်းစရာ အဝတ်၊ ပတ်တီး။ (ခ) အနှီး၊ အခင်း၊ အဝတ်ခု၊ ပရိဘဏ္ဍံ တိဏံ စောဠံ။ (ဂ) အဝတ်ကြမ်း၊ အဝတ်ပိုင်း၊ အဝတ်နွမ်း၊ အဝတ်စုတ်။ (ဃ) ဖန်ရည်ဆိုးသော အဝတ်။ «S3» (င) ပံသုကူအဝတ်။	(1) tela; paño; sarong. (a) tela para vendar llagas; venda. (b) trapo; tela para tender; pedazo de tela. (c) tela basta; retazo; tela gastada; harapo. (d) tela teñida con tinte astringente. (e) tela *paṁsukūla*. (2) el rey *col̤a*. Véanse [[col̤abhoga]], [[col̤araṭṭha]], [[col̤avisaya]]. (3) el país *col̤a*. Véase [[col̤ikaïtthī]]. (a) tela para vendar llagas; venda. (b) trapo; tela para tender; pedazo de tela; *paribhaṇḍaṁ tiṇaṁ col̤aṁ*. (c) tela basta; retazo; tela gastada; harapo. (d) tela teñida con tinte astringente. Véase [[col̤apaṭṭa]]. (e) tela *paṁsukūla*.	(1) cloth; fabric; sarong. (a) cloth for binding sores; bandage. (b) rag; spreading cloth; piece of cloth. (c) coarse cloth; cloth remnant; worn cloth; tattered cloth. (d) cloth dyed with astringent dye. (e) *paṁsukūla* cloth. (2) King *col̤a*. See [[col̤abhoga]], [[col̤araṭṭha]], [[col̤avisaya]]. (3) the *col̤a* country. See [[col̤ikaïtthī]]. (a) cloth for binding sores; bandage. (b) rag; spreading cloth; piece of cloth; *paribhaṇḍaṁ tiṇaṁ col̤aṁ*. (c) coarse cloth; cloth remnant; worn cloth; tattered cloth. (d) cloth dyed with astringent dye. See [[col̤apaṭṭa]]. (e) *paṁsukūla* cloth.	sub-senses (a)-(e) repeated after sense (3) in the source; kept as given
66417	col̤a	အဝတ်နွမ်း-အဝတ်စုတ်-လက်နှီးစုတ်-နှင့်တူသော (ကိလေသာ)။ အထက်ပုဒ်ကြည့်။	semejante a una tela gastada / un harapo / un trapo roto (*kilesa*). Mismo significado que la entrada anterior.	like worn cloth / tattered cloth / a torn rag (*kilesa*). Same meaning as the preceding headword.	အထက်ပုဒ်ကြည့် ('see the preceding headword') rendered with F005 wording; check
66420	col̤akaïtthī	စောဠတိုင်းသူ ကျည်းမိန်းမ၊ ကျည်းကုလားမ။ «S1»	mujer del país *col̤a*, mujer ‹ကျည်း›; mujer ‹ကျည်းကုလား›. Véase [[col̤ikaïtthī]].	a woman of the *col̤a* country, a ‹ကျည်း› woman; a ‹ကျည်းကုလား› woman. See [[col̤ikaïtthī]].	ကျည်း / ကျည်းကုလား (the Coḷa people, Tamils?) kept in Burmese
66427	col̤akitthinivāsana	ကျည်းမိန်းမ-ကျည်းကုလားမ-တို့၏ ဝတ်ခြင်း။ «S1»	el vestir de las mujeres ‹ကျည်း› / mujeres ‹ကျည်းကုလား›. Véase [[col̤ikaïtthī]].	the dress of ‹ကျည်း› women / ‹ကျည်းကုလား› women. See [[col̤ikaïtthī]].	ကျည်း / ကျည်းကုလား (the Coḷa people, Tamils?) kept in Burmese
66432	col̤aggahaṇa	အဝတ်ကို-ယူခြင်း-စုတ်ခြင်း။	el tomar / el rasgar la tela.	taking / tearing cloth.	စုတ်ခြင်း read as 'tearing'; could be another sense
66433	col̤aggahaṇādikamma	အဝတ်ကို-ယူခြင်း-စုတ်ခြင်း-အစရှိသောအမှု။	la acción que comienza por el tomar / el rasgar la tela.	the act beginning with taking / tearing cloth.	စုတ်ခြင်း read as 'tearing'; could be another sense
66450	col̤ikaïtthī	စောဠတိုင်းသူ ကျည်းမိန်းမ၊ ကျည်းကုလားမ။	mujer del país *col̤a*, mujer ‹ကျည်း›; mujer ‹ကျည်းကုလား›.	a woman of the *col̤a* country, a ‹ကျည်း› woman; a ‹ကျည်းကုလား› woman.	ကျည်း / ကျည်းကုလား (the Coḷa people, Tamils?) kept in Burmese
66453	chaajjhattikabāhirāyatana	တ၆-ပါးသော အဇ္ဈတ္တကာယတန,၆-ပါးသော ဗာဟိရာယတန၊ အဇ္ဈတ္တိကာယတန ၆-ပါး,ဗာဟိရာယတန ၆-ပါး၊ အတွင်း အာယာတန ၆-ပါး,အပြင် အာယတန ၆-ပါး။	los 6 *ajjhattakāyatana*, los 6 *bāhirāyatana*; 6 *ajjhattikāyatana*, 6 *bāhirāyatana*; 6 *āyatana* internos, 6 *āyatana* externos.	the 6 *ajjhattakāyatana*, the 6 *bāhirāyatana*; 6 *ajjhattikāyatana*, 6 *bāhirāyatana*; 6 internal *āyatana*, 6 external *āyatana*.	source typos: တ၆ for ၆, အာယာတန for အာယတန (corrected)
66456	chaatthapadachabyañjanapadabheda	၆-ပါးသောအနက်ပုဒ်,၆-ပါးသော သဒ္ဒါပုဒ်တို့၏ အကွဲအပြား၊ အတ္ထပဒ ၆-ပါး,ဗျဉ္ဇနပဒ ၆-ပါးတို့၏ အပြား။ မူရင်းကြည့်ပါ။	la división de las 6 frases de significado, las 6 frases de palabra; la división de los 6 *atthapada*, los 6 *byañjanapada*. Véase el original.	the division of the 6 meaning-phrases, the 6 word-phrases; the division of the 6 *atthapada*, the 6 *byañjanapada*. See the original.	see the original
66459	chaanussatiniddesa	(ပု)	(masculino).	(masculine).	definition is only a class label (ပု); nothing to translate
66466	chaāyatanapaṭikkhepa	အာယတန ၆-ပါးတို့ကို ပယ်ခြင်း။	el rechazar los 6 *āyatana*.	rejecting the 6 *āyatana*.	ပယ် here = paṭikkhepa, rendered rechazar / reject
66474	chakaṇarasādiparibhāvanasukkhāpanasukhasaya	နွားချေးရည် အစရှိသည်တို့ဖြင့် ထုံခြင်း,ချောက်စေခြင်း,ကောင်းစွာထားခြင်း။	el impregnar con el jugo de estiércol de vaca y demás, el hacer secar, el guardar bien.	steeping in cow-dung liquid and so on, drying, keeping well.	ချောက်စေခြင်း read as ခြောက်စေခြင်း (drying)
66477	chakamma	၆-ပါးသောကံ၊ ကံ ၆-ပါး။	las 6 *kamma*; 6 *kamma*.	the 6 *kamma*; 6 *kamma*.	ကံ may mean 'duties / occupations' here (the six works), not kamma
66481	chakāmamaggasampattidāyakaṭṭha	၆-ထပ်သောကာမာဝစရနတ်ပြည်စည်းစိမ်,မဂ်ဖိုလ်စည်းစိမ်ကို ပေးတတ်သော--သဘော။ «S1»	la naturaleza que suele dar la prosperidad de los 6 niveles del mundo *kāmāvacara* de los *deva* y la prosperidad de *magga* y *phala*. Véase [[chakāmasaggasampattidāyakaṭṭha]].	the nature apt to give the prosperity of the 6 tiers of the *kāmāvacara* *deva* world and the prosperity of *magga* and *phala*. See [[chakāmasaggasampattidāyakaṭṭha]].	double hyphen before သဘော: an alternative (အနက်?) seems missing
66494	chakārādesa	ဆ-အက္ခရာ အ-ပြု၊ ဆ-ပြု။	el convertir en la letra *cha*; el convertir en *cha*.	making into the letter *cha*; making into *cha*.	'ဆ-အက္ခရာ အ-ပြု' partly garbled; read as 'making (it) into ဆ'
66512	chakhattiyasamāgama	(က) မင်း ၆-ပါး တွေ့ဆုံသောအခါ (သိဉ္စည်း,ဖုဿတီ,ဝေဿန္တရာ,မဒ္ဒီ,ဇာလီ,ကဏှာဇိန်)။	(a) el momento en que se encuentran los 6 reyes (*siñcaññḥ*, *phussatī*, *vessantarā*, *maddī*, *jālī*, *kaṇhājin*).	(a) the time when the 6 royals meet (*siñcaññḥ*, *phussatī*, *vessantarā*, *maddī*, *jālī*, *kaṇhājin*).	only sub-sense (a) given
66528	chachakkasutta	ဆဆက္ကသုတ်၊ အဇ္ဈတ္တိကာယတန ၆-ပါး,ဗာဟိရာယတန ၆-ပါး,ဝိညာဉ် ၆-ပါး,ဖဿ ၆-ပါး,ဝေဒနာ ၆-ပါး,တဏှာ ၆-ပါးဟူသော ၆-မျိုးပေါင်း ၆-ခုကို ဟောသောသုတ်။ မူရင်းကြည့်ပါ။	*chachakkasutta*; el sutta que enseña los 6 grupos de seis: 6 *ajjhattikāyatana*, 6 *bāhirāyatana*, 6 *viññāṇa*, 6 *phassa*, 6 *vedanā*, 6 *taṇhā*. Véase el original.	*chachakkasutta*; the sutta teaching the 6 sets of six: 6 *ajjhattikāyatana*, 6 *bāhirāyatana*, 6 *viññāṇa*, 6 *phassa*, 6 *vedanā*, 6 *taṇhā*. See the original.	see the original
66561	chaṭṭhadvāra	၆-ခုမြောက်နယ။	el sexto método.	the sixth method.	definition (နယ 'method') does not fit headword chaṭṭhadvāra ('sixth door'); check source
66563	chaṭṭhapakkha	ဆဋ္ဌပက္ခ၊ ၆-ခုမြောက်ပက္ခ၊ သီတင်းကျွတ်လဆန်းပက္ခ။	*chaṭṭhapakkha*; la sexta quincena; la quincena creciente del mes ‹သီတင်းကျွတ်›.	*chaṭṭhapakkha*; the sixth fortnight; the waxing fortnight of the month ‹သီတင်းကျွတ်›.	month name သီတင်းကျွတ် (Thadingyut) kept in Burmese
66579	chaṭṭhāna	(၁) ၆-ပါးသော-အရာ-ဌာန-အမှု။ (၂) ၆-ပါးသော အကြောင်းအရာ။ မူရင်းကြည့်ပါ။	(1) las 6 cosas / puntos / acciones. (2) los 6 asuntos. Véase el original.	(1) the 6 things / points / deeds. (2) the 6 matters. See the original.	see the original
66580	chaṭṭhānadesaka	၆-ပါးသော (သောတာပန်အရိယသာဝကတို့ သည် လွန်ကျူးခြင်းငှါ မထိုက်သော) အရာ-ဌာန-အမှု-တို့ကို ဟောသော၊ သူ။ မူရင်းကြည့်ပါ။	que enseña las 6 cosas / puntos / acciones (que no corresponde transgredir a los *ariyasāvaka* *sotāpanna*) (dicho de una persona). Véase el original.	teaching the 6 things / points / deeds (which it is not fitting for *sotāpanna* *ariyasāvaka* to transgress) (said of a person). See the original.	see the original
66585	chaṭṭhāyatana	၆-ခုမြောက်သော အာယတန,၆-ခုမြောက်သော အာယတန။ "	el sexto *āyatana*, el sexto *āyatana*.	the sixth *āyatana*, the sixth *āyatana*.	repetitive definition; stray quotation mark in source
66666	chaḍḍitasāṇamaya	စွန့်ပစ်-ထား-အပ်-သော ပိုက်ဆံ လျှော်ဖြင့်-ပြုအပ်-ပြီး-သော။	hecho / fabricado con fibra de ‹ပိုက်ဆံ› desechada / dejada.	made / fabricated of discarded / left-aside ‹ပိုက်ဆံ› fibre.	ပိုက်ဆံ (with လျှော် 'fibre') probably sunn hemp (sāṇa, Crotalaria juncea); left in Burmese, tentative
66690	chaḍḍema	စွန့်ပစ်ကုန်၏။ «S1»	desechan. Véase [[chaḍḍeti]] (4).	they discard. See [[chaḍḍeti]] (4).	Burmese gives the plural without person; headword is 1st plural
66693	chaḍḍeyyāma	စွန့်ပစ်ကုန်ရာ၏။ «S1»	desecharían. Véase [[chaḍḍeti]] (4).	would discard (plural). See [[chaḍḍeti]] (4).	Burmese gives the plural without person; headword is 1st plural
66695	chaḍḍesi	(၁) စွန့်ပစ်ပြီ။ (၂) ထွေးပြီ၊ အန်ပြီ။ ဆဍ္ဍေတိ-(၄,၂)-ကြည့်။	(1) desechó. (2) escupió; vomitó. Véase [[chaḍḍeti]] (4, 2).	(1) discarded. (2) spat out; vomited. See [[chaḍḍeti]] (4, 2).	cross-reference ဆဍ္ဍေတိ-(၄,၂)-ကြည့် left inline, not a placeholder
66734	chatta	(၁) ထီး။ (၂) မြတ်သော အကျည် (စေတီ၏ ၄-ထောင့် အကျည်မှ အထက်၌ ပြုအပ်သော မြတ်သောအကျည်)။ (၃) မှုိ။ (၄) အသေကောင်။ (ပု) (၅) ဆတ္တမည်သောသူ။	(1) sombrilla. (2) remate noble (el remate noble hecho encima del remate cuadrangular de un *cetiya*). (3) hongo. (4) cadáver. (masculino) (5) persona llamada *chatta*.	(1) umbrella. (2) noble finial (the noble finial made above the four-cornered finial of a *cetiya*). (3) mushroom. (4) corpse. (masculine) (5) a person named *chatta*.	အကျည် rendered 'finial/remate', uncertain architectural term; sense (4) 'corpse' unexpected for chatta
66749	chattadaṇḍaka	ထီးရိုး-မှုိငုံ-ပုံသဏ္ဌာန်ရှိသော ဒုတ်တံ၊ ခြေညှပ်ဗု။	bastón que tiene forma de mango de sombrilla / de hongo en botón; ‹ခြေညှပ်ဗု›.	stick having the shape of an umbrella shaft / of a mushroom bud; ‹ခြေညှပ်ဗု›.	ခြေညှပ်ဗု unclear, left in Burmese
66756	chattadāyāda	ထီးမွေကို-ယူတ်-ဆက်ခံတတ်-သော၊ သူ။	que suele tomar / heredar la herencia de la sombrilla (dicho de una persona).	apt to take / succeed to the heritage of the umbrella (said of a person).	ယူတ် read as ယူ (typo)
66763	chattapaṇṇa	(၁) ထီးကဲ့သို့အရွက်ရှိသော သစ်ပင်၊ စရည်းပင်။	(1) árbol que tiene hojas como sombrillas; árbol ‹စရည်း›.	(1) tree having umbrella-like leaves; the ‹စရည်း› tree.	စရည်း tree not identified (perhaps Alstonia scholaris); only sense (1) given
66765	chattapaṇṇiphala	စရည်းသီး။	fruto de ‹စရည်း›.	‹စရည်း› fruit.	စရည်း tree not identified
66766	chattapaṇṇī	ထီးကဲ့သို့အရွက်ရှိသော သစ်ပင်၊ စရည်းပင်။ «S1»	árbol que tiene hojas como sombrillas; árbol ‹စရည်း›. Véase [[chattapaṇṇiphala]].	tree having umbrella-like leaves; the ‹စရည်း› tree. See [[chattapaṇṇiphala]].	စရည်း tree not identified
66767	chattapatha	သားရေထီးဖြင့် လေကိုယူ (လေဟုန်စီး)၍ သက်ဆင်းအပ်သော ခရီး၊ ထီးခရီး၊ လေထီးဖြင့် သက်ဆင်းအပ်သော ခရီး၊ လေထီးခရီး။ "	trayecto por el que se desciende tomando el viento (cabalgando la corriente del viento) con una sombrilla de cuero; trayecto de sombrilla; trayecto por el que se desciende con paracaídas; trayecto en paracaídas.	course descended by catching the wind (riding the wind current) with a leather umbrella; umbrella course; course descended by parachute; parachute course.	stray quotation mark at end of source
66789	chattamuṭṭhipaṇṇa	(ဝိဋ္ဌ၊၄။ ဂ၃။ ဝိ၊ သင်္ဂဟ။ ၃၀တို့၌ "ဆတ္တမုဋ္ဌိပဏ္ဏံ”ဟု ရှိသည်။ ဝိမတိ၊ ၂။ ၂၄-၌ သတ္တမုဋ္ဌပဏ္ဏန္တ တာလပဏ္ဏံ သန္ဓာယ ဝုတ္တံဟု ရှိသည်။ ကခါ။ ၂၆၄။ သာရတ္ထ။ ၃၄၀၅။ ကင်ါ၊ဋီ၊သစ်။ ၄၂၇။ ခုဒ္ဒသိက္ခာ၊ဋိ၊ သစ်။ ၃၃၁။ ဝိနယဝိနိစ္ဆယ။ ၂၈၉၁။ ၎င်းတို့ ရျူ မှု ဌ ဝ ဟု။ ါ ဝ ရှင် ၌ ဝါကျဖြင့်ရှိသည်။ ဝါကျဖြင့် ရှိသော ပါဌ် သာ သင့်ရာ၏။ )	(En algunas fuentes se lee "*chattamuṭṭhipaṇṇaṁ*". En otra se lee *sattamuṭṭhapaṇṇanta tālapaṇṇaṁ sandhāya vuttaṁ*. En esas obras [ilegible] está en forma de frase. Sólo la lectura que está en forma de frase sería la apropiada.)	(Some sources read "*chattamuṭṭhipaṇṇaṁ*". Another reads *sattamuṭṭhapaṇṇanta tālapaṇṇaṁ sandhāya vuttaṁ*. In those works [illegible] it stands as a phrase. Only the reading that stands as a phrase would be fitting.)	editorial note only, no definition; middle of the note garbled (ရျူ မှု ဌ ဝ ဟု။ ါ ဝ ရှင်); citations dropped
66793	chattavedikā	ထီးအောက်၌ ပြုအပ်သော လေးထောင့်အကျည်။	el remate cuadrangular hecho debajo de la sombrilla.	the four-cornered finial made below the umbrella.	အကျည် rendered 'finial/remate', uncertain architectural term
66796	chattasadisī	ထီး,တူသော သစ်ခွ။ အထက်ပုဒ်-ကြည့်။	orquídea semejante a una sombrilla. Véase la entrada anterior.	orchid resembling an umbrella. See the preceding headword.	cross-reference အထက်ပုဒ်-ကြည့် left inline, not a placeholder
66797	chattasadda	ထီးသံ။	el sonido de la sombrilla.	the sound of an umbrella.	ထီးသံ may rather mean 'the word chatta'
66806	chattādhichatta	(၁) ထီး၏အထက်၌ ပြုအပ်သော ထီး၊ ထီးအဆင့်ဆင့်၊ ထီးအဆက်ဆက်၊ အဆင့်ဆင့်သော ထီး၊ အဆက်ဆက်သောထီး။	(1) sombrilla hecha encima de una sombrilla; sombrillas escalonadas; sombrillas sucesivas; sombrilla escalonada; sombrilla sucesiva.	(1) umbrella made above an umbrella; umbrellas in tiers; umbrellas in succession; tiered umbrella; successive umbrella.	only sense (1) given
66837	chattiritaniyyāsa	စရည်းပင်မှ ဖြစ်သော အစေး၊ စရည်းစေး။	resina que procede del árbol ‹စရည်း›; resina de ‹စရည်း›.	resin coming from the ‹စရည်း› tree; ‹စရည်း› resin.	စရည်း tree not identified
66866	chadanamukhavaṭṭi	အမိုး၏-မျက်နှာရစ်-အနားရစ်၊ ခြင်ပိတ်။	el reborde / la orilla del techo; tabla de alero.	the rim / border of the roof; fascia board.	ခြင်ပိတ် rendered 'fascia board', tentative
66867	chadanamukhavaṭṭianta	ခြင်ပိတ်အစွန်း။	el extremo de la tabla de alero.	the end of the fascia board.	ခြင်ပိတ် rendered 'fascia board', tentative
66877	chadivasamatta	(၁) ၆-ရက်မျှ (တိ) (၂) အတိုင်းအရှည်-အရေအတွက်-ရှိသော။ «S1»	(1) unos 6 días. (adjetivo) (2) que tiene la medida / la cuenta. Véase [[chadivasamattaka]].	(1) about 6 days. (adjective) (2) having the measure / the count. See [[chadivasamattaka]].	sense (2) looks truncated or misplaced (no object for measure/count)
67035	chandasamudānīta	ကုသိုလ်ပြုလိုမှု 'ဆန္ဒ'သည် ကောင်းစွာအထက်အထက်သို့ ဆောင်အပ်သော၊ ကုသိုလ်ပြုလိုမှု 'ဆန္ဒ'ကြောင့် ကောင်းစွာ ဖြစ်ပော်လာသော။	bien conducido cada vez más arriba por el deseo de hacer mérito, el *chanda*; bien surgido a causa del deseo de hacer mérito, el *chanda*.	well led ever higher by the wish to make merit, the *chanda*; well arisen because of the wish to make merit, the *chanda*.	ကုသိုလ်ပြုလို rendered 'wish to make merit'; could be 'wish to do what is wholesome' (sano)
67036	chandasampadā	ကုသိုလ်ပြုလိုမှု 'ဆန္ဒ'နှင့် ပြည့်စုံခြင်း။	el estar dotado del deseo de hacer mérito, el *chanda*.	being endowed with the wish to make merit, the *chanda*.	ကုသိုလ်ပြုလို rendered 'wish to make merit'; could be 'wish to do what is wholesome' (sano)
67052	chandādhipatisamādhi	(၁) ဆန္ဒအကြီးအမှူးရှိသော-ဆန္ဒကြီးမှူးသော-ဆန္ဒခေါင်းဆောင်သော-သမာဓိ။ ဆန္ဒသမာဓိ-(ခ,ဂ)-ကြည့်။ (၂) ဆန္ဒာဓိပတိ,-ယှဉ်-အတူတကွဖြစ်-သောသမာဓိ။ «S1»	(1) *samādhi* que tiene el *chanda* como principal / en que el *chanda* predomina / guiado por el *chanda*. Véase [[chandasamādhi]] (b, c). (2) *samādhi* asociado con / que surge junto con el *chandādhipati*. Véase [[chandasamādhipadhānasaṅkhārasamannāgata]] (2).	(1) *samādhi* having *chanda* as principal / in which *chanda* predominates / led by *chanda*. See [[chandasamādhi]] (b, c). (2) *samādhi* associated with / arising together with *chandādhipati*. See [[chandasamādhipadhānasaṅkhārasamannāgata]] (2).	cross-reference ဆန္ဒသမာဓိ-(ခ,ဂ)-ကြည့် left inline, not a placeholder
67081	channa	(၁) ဆန္နမည်သောသ။ (က) ဆန္နအမတ်၊ ယင်း ဆန္နအမတ်သည် ဘုရားအလောင်းနှင့် တနေ့တည်း မွေးဖွားသော သူဖြစ်သည်၊ ဖွားဘက်တော် ၇-ဦးတွင် တစ်ဦးအပါအဝင်ဖြစ်သည်၊ ဘုရားလောင်း တောထွက်တော်မူသောအခါ အနောမာမြစ်အထိ အတူလိုက်ပါရသူဖြစ်သည်၊ နောင်အခါ ဘုရားရှင့်ထံ သွားရောက် ရဟန်းပြုသည်၊ မြတ်စွာဘုရား၌ ချစ်ခင်နေမှုကြောင့် "ငါ့ဘုရား,ငါ့တရား"ဟု စွဲလမ်းမြတ်နိုးကာ ဘုရားရှင် ပရိနိဗ္ဗာန် စံဝင်သည်တိုင်အောင် ရဟန်းတရား အားမထုတ်ပဲ နေလေသည်။ မူရင်းကြည့်ပါ။ (ခ) ဆန္နထေရ်၊ ဖွားဘက်တော် ဆန္နထေရ်။ (ဂ) ဆန္နထေရ်၊ အနာရောဂါနှိပ်စက်၍ ဓားလက်နက်ဖြင့်လည်ချောင်းကို လှီးဖြတ်လိုက်သောအခါ ဖြစ်ပော်လာသော ဒုက္ခဝေဒနာကို ဝိပဿနာရှုကာ ရဟန္တာဖြစ်ပြီး ပရိနိဗ္ဗာန်ပြု သွားသောဆန္နထေရ်။ (ဃ) ဆန္နပရိဗိုဇ်။ (တိ) (၂) သင့်လျော်-လျောက်ပတ်-သော၊ သူ။	(1) persona llamada *channa*. (a) el ministro *channa*; este ministro *channa* nació el mismo día que el futuro Buddha; es uno de los 7 compañeros de nacimiento; es quien acompañó al futuro Buddha, cuando este partió al bosque, hasta el río *anomā*; más tarde fue ante el Buddha y se hizo monje; por su afecto al Buddha, aferrándose con apego a "mi Buddha, mi Enseñanza", permaneció sin esforzarse en la práctica del monje hasta que el Buddha entró en el *parinibbāna*. Véase el original. (b) el *thera* *channa*; el *thera* *channa*, compañero de nacimiento. (c) el *thera* *channa* que, afligido por la enfermedad, al cortarse la garganta con un cuchillo, contempló con *vipassanā* la *dukkhavedanā* que surgió, llegó a ser *arahant* y alcanzó el *parinibbāna*. (d) el *paribbājaka* *channa*. (adjetivo) (2) apropiado / conveniente (dicho de una persona).	(1) a person named *channa*. (a) the minister *channa*; this minister *channa* was born on the same day as the future Buddha; he is one of the 7 born together with him; he is the one who accompanied the future Buddha, when he went forth to the forest, as far as the river *anomā*; later he went to the Buddha and became a monk; out of affection for the Buddha, clinging with attachment to "my Buddha, my Teaching", he remained without exerting himself in the monk's practice until the Buddha entered *parinibbāna*. See the original. (b) the *thera* *channa*; the *thera* *channa*, born together with the Buddha. (c) the *thera* *channa* who, afflicted by illness, on cutting his throat with a knife, contemplated with *vipassanā* the *dukkhavedanā* that arose, became an *arahant* and attained *parinibbāna*. (d) the *paribbājaka* *channa*. (adjective) (2) fitting / proper (said of a person).	contains the editor's note မူရင်းကြည့်ပါ (see the original); (1) ends in truncated သ (read သူ)
67105	channasutta	ဆန္နသုတ်။ မူရင်းကြည့်ပါ။	el *channasutta*. Véase el original.	the *channasutta*. See the original.	editor's note မူရင်းကြည့်ပါ (see the original)
67114	chapasata	ခြောက်လက်ဖက်-ခြောက်လက်ဆွံ့-ခြောက်လက်ခုပ်-ရှိသော။	que tiene seis puñados / seis manojos / seis cuencos de las manos.	having six handfuls / six fistfuls / six double-handfuls.	လက်ဖက် (first alternative) unclear, perhaps for လက်ဖတ်; rendered 'handfuls'
67120	chappañcayojana	၆-ယူဇာ,၅-ယူဇနာ။	6 yojanas, 5 yojanas.	6 yojanas, 5 yojanas.	first ယူဇာ looks like a misprint for ယူဇနာ
67125	chappada	(၁) ၆-ပါးသောပုဒ်၊ ၆-ပုဒ်။ (ပု) (၂) ခြေ ၆-ချောင်းရှိသော သတ္တဝါ၊ ပျားပိတုံး။ (တိ) (၃) ၆-ပုဒ်-ရှိသော။	(1) palabras de seis clases; 6 palabras. (masculino) (2) ser vivo que tiene 6 patas; abejorro. (adjetivo) (3) que tiene 6 palabras.	(1) words of six kinds; 6 words. (masculine) (2) a creature having 6 legs; bumblebee. (adjective) (3) having 6 words.	ပုဒ် rendered 'word'; may mean verse-quarter (pada) here
67126	chappabhā	၆-မျိုး-၆ဝသွယ်-သော ရောင်ခြည်တော်၊ ရောင်ခြည်တော် ၆-သွယ်။	rayos de 6 clases / de 60 haces; 6 haces de rayos.	rays of 6 kinds / of 60 streams; 6 streams of rays.	၆ဝသွယ် (60 streams) may be a misprint for ၆-သွယ် (6 streams)
67127	chappabheda	၆-ပါးအပြားရှိသော၊ ၆-မျိုးသော၊ မူရင်းကြည့်ပါ။	que tiene 6 divisiones; de 6 clases; véase el original.	having 6 divisions; of 6 kinds; see the original.	editor's note မူရင်းကြည့်ပါ (see the original)
67130	chappāṇakopamasutta	ဆပ္ပါဏကောမသုတ်၊ မြွေ,မိကျောင်း,ငှက်,အိမ်ခွေး,တောခွေး,မျောက်ဟုဆိုအပ်သော သတ္တဝါ ၆-ကောင်ကို ဥပမာထား၍ မျက်စိ,နား,နှာ,လျှာ,ကိုယ်,စိတ်၆-ပါးကို စောင့်စည်းနိုင်ရန် ကာယဂတာ-သတိကို ပွါးများ အားထုတ်သင့်ကြောင်း ဟောကြားသောသုတ်။	el *Chappāṇakopamasutta*; el sutta que enseña que, tomando como símil a seis animales llamados serpiente, cocodrilo, ave, perro doméstico, chacal y mono, se debe desarrollar la *kāyagatāsati* y esforzarse en ella para poder refrenar las seis (puertas): ojo, oído, nariz, lengua, cuerpo y mente.	the Chappāṇakopamasutta; the sutta teaching that, taking as a simile six animals called snake, crocodile, bird, house dog, jackal and monkey, one should develop and strive in *kāyagatāsati* in order to be able to restrain the six: eye, ear, nose, tongue, body and mind.	title spelt ဆပ္ပါဏကောမသုတ် in the source (missing ပ); kāyagatā-sati copied without its hyphen
67131	chapporisa	၆-သူ (အတိုင်းအရှည်) ရှိသော၊ လက်ခုတ်တဖောင် ၆-ပြန်ရှိသော။	que tiene (la medida de) 6 hombres; que mide 6 veces ‹လက်ခုတ်တဖောင်›.	having (the measure of) 6 men; measuring 6 times ‹လက်ခုတ်တဖောင်›.	label missing; လက်ခုတ်တဖောင် unclear, probably the porisa measure (a man's height with arm raised)
67132	chaporisa	၆-သူ (အတိုင်းအရှည်) ရှိသော၊ လက်ခုတ်တဖောင် ၆-ပြန်ရှိသော။	que tiene (la medida de) 6 hombres; que mide 6 veces ‹လက်ခုတ်တဖောင်›.	having (the measure of) 6 men; measuring 6 times ‹လက်ခုတ်တဖောင်›.	label missing; လက်ခုတ်တဖောင် unclear, probably the porisa measure (a man's height with arm raised)
67139	chaphassāyatanapaññatti	၆-ပါးသော ဖဿာယတနဟူသော-ပညတ်-ခော်ဝော်-ခြင်း။	*paññatti* / denominación / el nombrar, que es los seis *phassāyatana*.	*paññatti* / designation / naming, namely the six *phassāyatana*.	ခော်ဝော် read as ခေါ်ဝေါ် (to name)
67144	chabbaggiya	၆-ပါး-အစု-အပေါင်း-အသင်း-၌ဖြစ်သော၊ ဆဗ္ဗဂ္ဂီမည်သော၊ သူ။ မူရင်းကြည့်ပါ။	que pertenece a un grupo / conjunto / asociación de seis; llamado *chabbaggī* (dicho de una persona). Véase el original.	belonging to a group / collection / association of six; called *chabbaggī* (said of a person). See the original.	editor's note မူရင်းကြည့်ပါ (see the original)
67165	chabbassābhiseka	အဘိသိက် သွန်းအပ်ပြီးသော သူအား ၆-နှစ်ရှိသော၊ အဘိသိက် သွန်းရာ အခါမှစ၍ ကုန်လွန်ပြီးသော ၆-နှစ်ရှိသော။	que tiene 6 años (dicho de) quien ha sido ungido; que tiene 6 años transcurridos desde el momento en que se vertió la unción.	having 6 years, (said of) one who has been anointed; having 6 years elapsed since the time the anointing was poured.	label missing
67166	chabbidha	(၁) ၆-ပါးသော အပြား၊ ၆-မျိုး။ (တိ) (၂) ၆-ပါးသော အပြားရှိသော၊ ၆-မျိုးသော၊"	(1) seis divisiones; 6 clases. (adjetivo) (2) que tiene seis divisiones; de 6 clases.	(1) six divisions; 6 kinds. (adjective) (2) having six divisions; of 6 kinds.	source ends with a stray ၊" instead of ။
67167	chabbidhadhammasandassanalakkhaṇa	၆-ပါးအပြားရှိသော တရားကို ကောင်းစွာပြခြင်းဟူသော-မှတ်ကြောင်း-လက္ခဏာ-ရှိသော။	que tiene por señal / *lakkhaṇā* el mostrar bien la Enseñanza que tiene seis divisiones.	having as its mark / *lakkhaṇā* the good showing of the Teaching that has six divisions.	တရား here read as 'the Teaching'; could be 'states'
67168	chabbidhācariyaguṇayoga	၆-ပါးအပြားရှိသော ဆရာ့ဂုဏ်နှင့် ယှဉ်ခြင်း၊ ဆရာ့ဂုဏ် ၆-ပါးနှင့် ပြည့်စုံခြင်း။ မူရင်းကြည့်ပါ။	el estar asociado con las cualidades de maestro, que tienen seis divisiones; el estar dotado de las 6 cualidades de maestro. Véase el original.	being associated with the qualities of a teacher, which have six divisions; being endowed with the 6 qualities of a teacher. See the original.	editor's note မူရင်းကြည့်ပါ (see the original)
67172	chabbisodhana	ဆဗ္ဗိသောဓနသုတ်၊ ဆမ္ဗိသောဓနန္တိပိဿ နာမံ။	el *Chabbisodhanasutta*; *chambisodhanantipissa nāmaṁ*.	the *Chabbisodhanasutta*; *chambisodhanantipissa nāmaṁ*.	Pāḷi quotation left untranslated ('its name is also chabbisodhana'); ဆမ္ဗိ probably a misprint for ဆဗ္ဗိ
67173	chabbisodhanasutta	ဆဗ္ဗိသောဓနသုတ်၊ ရဟန္တာဖြစ်သည်ဟု ပြောကြားသော ပုဂ္ဂိုလ်ကို ဝေါဟာရ ၄-ပါး,ခန္ဓာ ၅-ပါး,ဓာတ် ၆-ပါး,အာယတန ၆-ပါး,မိမိ ခန္ဓာကိုယ်,သူတစ်ပါးခန္ဓာကိုယ်ဟု ဆိုအပ်သော အချက် ၆-ချက်ဖြင့် မေးမြန်းစိစစ်ရန် ဟောကြားသောသုတ်။ မူရင်းကြည့်ပါ။	el *Chabbisodhanasutta*; el sutta que enseña a interrogar y examinar a la persona que declara ser *arahant* mediante 6 puntos, llamados las 4 *vohāra*, los 5 *khandha*, los 6 *dhātu*, los 6 *āyatana*, el propio cuerpo y el cuerpo de otro. Véase el original.	the *Chabbisodhanasutta*; the sutta teaching how to question and examine a person who declares himself an *arahant* by 6 points, called the 4 *vohāra*, the 5 *khandha*, the 6 *dhātu*, the 6 *āyatana*, one's own body and another's body. See the original.	editor's note မူရင်းကြည့်ပါ (see the original)
67174	chabbisodhaniya	ဆဗ္ဗိသောဓနိယသုတ် (ဆဗ္ဗိသောဓနသုတ်ပင် ဖြစ်သည်)။ «S1»	el *Chabbisodhaniyasutta* (es el mismo *Chabbisodhanasutta*). Véase [[chabbisodhana]].	the *Chabbisodhaniyasutta* (it is the same as the *Chabbisodhanasutta*). See [[chabbisodhana]].	label missing
67180	chabbīsatibhāṇavārasataparimāṇa	တရာ့နှစ်ဆယ့်ခြောက်ပါးသော ဘာဏဝါရ အတိုင်းအရှည်ရှိသော။	que tiene la extensión de ciento veintiséis *bhāṇavāra*.	having the extent of one hundred and twenty-six *bhāṇavāra*.	label missing
67185	chabbhī	ဆဗ္ဘီမည်သောသူ။	persona llamada *chabbhī*.	a person called *chabbhī*.	label missing
67189	chabhāgaggahaṇa	၆-ဖို့ ၆-စုကိုယူခြင်း။	el tomar 6 partes, 6 porciones.	the taking of 6 parts, 6 portions.	possibly 'the taking of a sixth part'; the Burmese omits the ၁-ဖို့ of sense (2) above
67201	chamāsaka	၆-ပဲ၊ အသပြာ ၆-ပဲ။	6 ‹ပဲ›; 6 ‹ပဲ› de moneda.	6 ‹ပဲ›; 6 ‹ပဲ› of money.	ပဲ is the Burmese weight / money unit used for the māsaka; left in Burmese
67206	chambha	(၁) တုန်လှုပ်-ထိတ်လန့်-ကြောက်ရွံ့-၏။ (၂) တောင့်တင်း-ခက်မာ-ခက်တရော်-ခြင်း။ «S1»	(1) tiembla / se sobresalta / tiene miedo. (2) el estar rígido / duro / tieso. Véase [[chambhī]].	(1) trembles / is startled / is afraid. (2) being stiff / hard / rigid. See [[chambhī]].	label missing; sense (1) is a verb, sense (2) a verbal noun
67207	chambhati	(၁) တုန်လှုပ်-ထိတ်လန့်-ကြောက်ရွံ့-၏။ (၂၀ တောင့်တင်း-ခက်မာ-ခက်တရော်-၏။	(1) tiembla / se sobresalta / tiene miedo. (2) está rígido / duro / tieso.	(1) trembles / is startled / is afraid. (2) is stiff / hard / rigid.	label missing; (၂၀ misprint for (၂)
67224	chala	(၁) ပယ်ဖျက်ခြင်း၊ သူတစ်ပါးစကားကို ပယ်ဖျက်ခြင်း။ (၂) ကောက်ကျစ်-စဉ်းလဲခြင်း၊ လိမ်လည်-လှည့်ပတ်-ခြင်း။ (၃) ချွတ်ချော်ခြင်း။ မူရင်းကြည့်ပါ။	(1) el rechazar; el rechazar las palabras de otro. (2) el engañar / embaucar; el mentir / timar. (3) el errar. Véase el original.	(1) rejecting; rejecting another's words. (2) deceiving / cheating; lying / tricking. (3) erring. See the original.	ပယ်ဖျက် = reject / refute (rechazar); editor's note မူရင်းကြည့်ပါ (see the original)
67225	chalakathā	ကောက်ကျစ်-စဉ်းလဲ-သောအားဖြင့် ပြောဆိုအပ်သော စကား၊ လိမ်လည်-လှည့်ပတ်-၍ ပြောဆို အပ်သောစကား။ မူရင်းကြည့်ပါ။	palabras dichas de manera engañosa / fraudulenta; palabras dichas mintiendo / embaucando. Véase el original.	words spoken deceitfully / fraudulently; words spoken by lying / tricking. See the original.	editor's note မူရင်းကြည့်ပါ (see the original)
67227	chalavacana	ပယ်ဖျက်မှုကို ဆိုကြောင်း။ သူတစ်ပါးစကား ပယ်ဖျက်မှုကို ဆိုခြင်း၏ အကြောင်းဖြစ်သော သဒ္ဒါတူညီမှု။ «S1»	lo que expresa el rechazo; la coincidencia de palabras que es causa de expresar el rechazo de las palabras de otro. Véase [[chalavāda]].	that which expresses rejection; the sameness of words that is the cause of expressing rejection of another's words. See [[chalavāda]].	ပယ်ဖျက် = reject / refute (rechazar); သဒ္ဒါတူညီမှု read as 'sameness of words' (equivocation)
67228	chalavāda	(၁) ပယ်ဖျက်မှုကို ဆိုခြင်း။ (၂) ပယ်ဖျက်မှုကို ဆိုကြောင်း၊ (သူတစ်ပါးစကား ပယ်ဖျက်မှုကို ဆိုခြင်း၏ အကြောင်းဖြစ်သော သဒ္ဒါတူညီမှု)။	(1) el expresar rechazo. (2) lo que expresa el rechazo; (la coincidencia de palabras que es causa de expresar el rechazo de las palabras de otro).	(1) expressing rejection. (2) that which expresses rejection; (the sameness of words that is the cause of expressing rejection of another's words).	ပယ်ဖျက် = reject / refute (rechazar); သဒ္ဒါတူညီမှု read as 'sameness of words' (equivocation)
67234	chava	(၁) သူသေကောင်။ (တိ) (၂) ယုတ်ညံ့သော။	(1) cadáver. (adjetivo) (2) vil.	(1) corpse. (adjective) (2) vile.	label missing
67239	chavakuṭikā	ဆဝကုဋီ၊ သုသာန် တဲကုဋ်၊ သူသေကောင် စွန့်ပစ်ရာသုသာန်၌ ဆောက်လုပ်အပ်သော တဲကုဋ်။ မူရင်းကြည့်ပါ။	la *chavakuṭī*; choza del cementerio; choza construida en el cementerio donde se abandonan los cadáveres. Véase el original.	the *chavakuṭī*; a cemetery hut; a hut built in the cemetery where corpses are discarded. See the original.	editor's note မူရင်းကြည့်ပါ (see the original)
67248	chavadussa	(၁) သူသေကောင်အဝတ်၊ သူသေကောင်မှ စွန့်ပစ်အပ်သော အဝတ်။ (၂) ယုတ်ညံ့သော အဝတ်၊ ပြိန်းမြက်စသည်ကို သီကုံး၍ ပြုလုပ်အပ်သော အညံ့စားအဝတ်။	(1) ropa de cadáver; ropa desechada de un cadáver. (2) ropa vil; ropa de baja calidad hecha trenzando hierba ‹ပြိန်း› y demás.	(1) a corpse's cloth; cloth discarded from a corpse. (2) vile cloth; coarse cloth made by weaving ‹ပြိန်း› grass and so on.	ပြိန်းမြက် — a grass or reed not identified
67249	chavadūsaka	သူသေကောင်ကို ဖျက်ဆီးတတ်သော အဝတ်၊ သူသေကောင်၏ ဦးခေါင်းအဖြစ်ကို ဖျက်ဆီး၍ ဖြစ်ရာဘုံဌာနကို သိစေနိုင်သော အတတ်။ «S1»	ropa que suele dañar al cadáver; el arte que, dañando la cabeza del cadáver, puede hacer conocer el *bhūmi* / lugar donde (el muerto) ha renacido. Véase [[chavadūsakasippa]].	cloth that damages the corpse; the art that, damaging the head of the corpse, can make known the *bhūmi* / place where (the dead man) has been reborn. See [[chavadūsakasippa]].	first အဝတ် (cloth) is probably a misprint for အတတ် (art), as in the next entry
67250	chavadūsakasippa	သူသေကောင်ကို ဖျက်ဆီးတတ်သော အတတ်၊ သူသေကောင်၏ဦးခေါင်းအဖြစ်ကို ဖျက်ဆီး၍ ဖြစ်ရာဘုံဌာနကို သိစေနိုင်သော အတတ်။ ဤအတတ်ကား 'ဆဝသိသမန္တန် အတတ်ပင်ဖြစ်သည်။ «S1»	el arte que suele dañar al cadáver; el arte que, dañando la cabeza del cadáver, puede hacer conocer el *bhūmi* / lugar donde (el muerto) ha renacido. Este arte es el mismo arte del *chavasīsamanta*. Véase [[chavasīsamanta]].	the art that damages the corpse; the art that, damaging the head of the corpse, can make known the *bhūmi* / place where (the dead man) has been reborn. This art is the same as the art of the *chavasīsamanta*. See [[chavasīsamanta]].	source spells 'ဆဝသိသမန္တန် with a stray quote and short သိ
67257	chavasīsamanta	ဆဝသီသမန္တန်၊ သူသေကောင်၏ ဦးခေါင်းဖြင့် ဖြစ်ရာဘုံဌာနကို သိစေနိုင်သော မန္တန်အတတ်၊မူရင်းကြည့်ပါ။	el *chavasīsamanta*; el arte del mantra capaz de hacer conocer, por medio de la cabeza de un cadáver, el *bhūmi* / lugar donde (el muerto) ha renacido; véase el original.	the *chavasīsamanta*; the art of the mantra able to make known, by means of the head of a corpse, the *bhūmi* / place where (the dead man) has been reborn; see the original.	editor's note မူရင်းကြည့်ပါ (see the original)
67261	chavālāta	(၁) ထင်းကုလားတုံး။ သူသေကောင်ကို-ဖုတ်ကြည်း-မီးရှုိ့-ကြောင်းဖြစ်သော ထင်းစ၊ သူသေကောင်ကို-ဖုတ်ကြည်း-မီးရှုိ့-ရာ၌ အသုံးပြုသော ထင်းစ။ (၂) တံစူးဝါး၊ တံရှုးဝါး၊ သူသေကောင်ကို-ဖုတ်ကြည်း-မီးရှုိ့-ရာ၌ ထိုးဆွသော ဝါး။	(1) tronco de leña. El tizón que sirve para cremar / quemar el cadáver; el tizón que se usa al cremar / quemar el cadáver. (2) pértiga de bambú; vara de bambú; el bambú con que se atiza al cremar / quemar el cadáver.	(1) a log of firewood. The firebrand that serves for cremating / burning a corpse; the firebrand used when cremating / burning a corpse. (2) a bamboo pole; a bamboo poker; the bamboo with which one pokes when cremating / burning a corpse.	တံစူးဝါး, တံရှုးဝါး read tentatively as 'bamboo pole / poker'
67263	chavālātūpama	ထင်းကုလားတုံးလျှင် ဥပမာရှိသော။ ထင်းကုလားတုံးနှင့်တူသော၊ သူ။ မူရင်းကြည့်ပါ။	que tiene como símil un tizón. Semejante a un tizón (dicho de una persona). Véase el original.	having a firebrand as simile. Like a firebrand (said of a person). See the original.	editor's note မူရင်းကြည့်ပါ (see the original)
67264	chavālātūpamā	(၁) ထင်းကုလားတုံးဟူသော-နှုိင်းယှဉ်-နှုိင်းခိုင်း-ကြောင်း ဥပမာ၊ ထင်းကုလားတုံး ဥပမာ။	(1) el símil que sirve para comparar / equiparar, que es el tizón; el símil del tizón.	(1) the simile serving to compare / liken, namely the firebrand; the simile of the firebrand.	only sense (1) is given
67265	chavi	(၁) အရေ၊ အပော် ရေ၊ အရေပါး။ မူရင်းကြည့်ပါ။ (၂) အဖုံး၊ အလွှမ်း၊ အပော်ဖုံး၊ အပော်လွှမ်း၊ မွေ့ရာဖုံး၊ မွေ့ရာလွှမ်း (၃) အရိပ်အရောင်။ (၄) အရောင်အဆင်း။ (၅) တင့်တယ်ခြင်း။	(1) piel; epidermis; piel fina. Véase el original. (2) cubierta; revestimiento; cubierta exterior; revestimiento exterior; funda de colchón; cubierta de colchón (3) sombra y color. (4) color y tez. (5) el ser hermoso.	(1) skin; outer skin; thin skin. See the original. (2) covering; overlay; outer covering; outer overlay; mattress cover; mattress overlay (3) shade and hue. (4) colour and complexion. (5) being beautiful.	editor's note မူရင်းကြည့်ပါ (see the original); ။ missing after (2); အပော် ရေ read as အပေါ်ရေ (outer skin)
67266	chavikaraṇavilepana	အရေကို-ဆိုးကြောင်း-ဆိုးစရာ-နံ့သာ-နံ့သာမှုန့်၊ အရောင်တင် နဲ့သာမှုန့်။	perfume / polvo perfumado que sirve para teñir / con que se tiñe la piel; polvo perfumado para dar lustre.	perfume / perfumed powder that serves to dye / for dyeing the skin; perfumed powder for giving colour.	နဲ့သာ read as နံ့သာ
67267	chavikalyāṇa	(၁) အရေ၏ကောင်းခြင်း။ မူရင်းကြည့်ပါ။ (တိ) (၂) အရေ၏ကောင်းခြင်းရှိသော၊ ကောင်းသောအရေရှိသော၊ အရေကောင်းသော။	(1) la bondad de la piel. Véase el original. (adjetivo) (2) que tiene bondad de piel; que tiene buena piel; de buena piel.	(1) goodness of skin. See the original. (adjective) (2) having goodness of skin; having good skin; good-skinned.	editor's note မူရင်းကြည့်ပါ (see the original)
67275	chavidosa	အရေကို ဖျက်ဆီးတတ်သော အနာ၊ ပွေး,ညှင်းစသော အရေပြားနာ။	enfermedad que suele dañar la piel; enfermedad cutánea como la tiña, la pitiriasis y demás.	a disease that damages the skin; skin disease such as ringworm, pityriasis and so on.	ပွေး, ညှင်း identified tentatively as ringworm and pityriasis
67276	chavidosābādha	အရေကို ဖျက်ဆီးတတ်သောအနာ၊ ပွေး,ညှင်းစသော အရေပြားနာ။	enfermedad que suele dañar la piel; enfermedad cutánea como la tiña, la pitiriasis y demás.	a disease that damages the skin; skin disease such as ringworm, pityriasis and so on.	ပွေး, ညှင်း identified tentatively as ringworm and pityriasis
67281	chavippasādarūpapaṭilābha	အရေ၏ ကြည်လင်သော အဆင်းကို ရခြင်း။	el obtener un color luminoso de la piel.	obtaining a clear complexion of the skin.	label missing
67285	chavimattapaṭicchāditakibbisa	အရေမျှဖြင့်ဖုံးလွှမ်းအပ်သောအပြစ်ရှိသော၊ ခန္ဓာကိုယ်၏ အညစ်အကြေးအပြစ်များကို အရေမျှဖြင့် ဖုံးအုပ်ထားသော။	que tiene faltas cubiertas solo por la piel; que tiene las impurezas y faltas del cuerpo cubiertas solo por la piel.	having faults covered only by the skin; having the impurities and faults of the body covered only by the skin.	label missing
67301	chavivādavatthu	၆-ပါးသော ငြင်းခုံခြင်း၏အကြောင်း၊ ငြင်းခုံကြောင်း ၆-ပါး။ မူရင်းကြည့်ပါ။	la causa de las seis disputas; 6 causas de disputa. Véase el original.	the cause of the six disputes; 6 causes of dispute. See the original.	editor's note မူရင်းကြည့်ပါ (see the original); definition reads cha-vivāda-vatthu, not chavi-
67305	chavisampattihetuka	အဆင်း-ကောင်းမွန်-ပြည့်စုံ-ခြင်းဟူသော အကြောင်းရှိသော။ «S1»	que tiene por causa la excelencia / perfección del color. Véase [[chavikalyāṇa]] (2).	having as cause the excellence / perfection of colour. See [[chavikalyāṇa]] (2).	label missing
67310	chasaṭṭhidvisatapuggalavāra	၂၆၆-ပါးသော ပုဂ္ဂလဝါရ၊ ပုဂ္ဂလဝါရ ၂၆၆-ပါး။	los 266 *puggalavāra*; 266 *puggalavāra*.	the 266 *puggalavāra*; 266 *puggalavāra*.	label missing
67315	chasaṭṭhisatasikkhāpada	၁၆၆-ပါးသော သိက္ခာပုဒ်၊ ဘိက္ခုနီပါစိတ်သိက္ခာပုဒ် ၁၆၆-ပါး။	los 166 *sikkhāpada*; los 166 *sikkhāpada* *bhikkhunīpācittiya*.	the 166 *sikkhāpada*; the 166 *bhikkhunīpācittiya* *sikkhāpada*.	label missing
67319	chasatasahassasaṅkhya	ခြောက်သိန်းအရေအတွက်ရှိသော။	que tiene la cantidad de seiscientos mil.	numbering six hundred thousand.	label missing
67320	chasattakoṭṭhaka	၆-ခု,၇-ခုသော တံခါးမုခ်ရှိသော၊ တံခါးမုခ် ၆-ခု,၇-ခုရှိသော။	que tiene 6, 7 portales; que tiene 6, 7 portales.	having 6, 7 gateways; having 6, 7 gateways.	label missing
67328	chasāraṇīyadhammaparipūraṇa	၆-ပါးသော အမြဲမပြတ်အောက်မေ့အပ်-အမှတ်ရထိုက်-သော တရားကိုဖြည့်ကျင့်ခြင်း။ မူရင်းကြည့်ပါ။	el practicar plenamente los seis estados que han de recordarse sin interrupción / que merecen tenerse presentes. Véase el original.	fulfilling the six states that are to be remembered without interruption / worthy of being kept in mind. See the original.	editor's note မူရင်းကြည့်ပါ (see the original)
67331	chassūrodayakāla	နေ ၆-စင်းထွက်သော-အချိန်-အခါ။ မူရင်းကြည့်ပါ။	el momento / tiempo en que salen seis soles. Véase el original.	the moment / time when six suns rise. See the original.	editor's note မူရင်းကြည့်ပါ (see the original)
67341	chal̤aṅgasamannāgata	(၁) အင်္ဂါ ၆-ပါးနှင့် ပြည့်စုံသော။ (က) ၆-ပါးသော ဂုဏ်အင်္ဂါနှင့် ပြည့်စုံသော၊ (အလှူဒါန)။ မူရင်းကြည့်ပါ။	(1) dotado de 6 factores. (a) dotado de los seis factores de cualidad (la donación). Véase el original.	(1) endowed with 6 factors. (a) endowed with the six factors of quality (the donation). See the original.	label missing; editor's note မူရင်းကြည့်ပါ (see the original)
67342	chal̤aṅgika	၆-ပါးသော အင်္ဂါရှိသော (က) ပီတိမှတစ်ပါး သတိ,ဓမ္မဝိစယ,ဝီရိယ,ပဿဒ္ဓိ,သမာဓိ,ဥပေက္ခာ,သမ္ဗောဇ္ဈင်ဟူသော အင်္ဂါ ၆-ပါးရှိသော (အရိယမဂ်)။ (ခ) သမ္မာဒိဋ္ဌိ,သမ္မာသင်္ကပ္ပ,စေတနာ,သမ္မာဂါယာမ,သမ္မာသတိ,သမ္မာသမာဓိ ဟူသော အင်္ဂါ ၆-ပါးရှိသော (အရိယမဂ်)။	que tiene seis factores: (a) que tiene los 6 factores llamados, excepto *pīti*, *sati*, *dhammavicaya*, *vīriya*, *passaddhi*, *samādhi* y *upekkhā* *sambojjhaṅga* (*ariyamagga*). (b) que tiene los 6 factores llamados *sammādiṭṭhi*, *sammāsaṅkappa*, *cetanā*, *sammāgāyāma*, *sammāsati* y *sammāsamādhi* (*ariyamagga*).	having six factors: (a) having the 6 factors called, apart from *pīti*, the *sambojjhaṅga* *sati*, *dhammavicaya*, *vīriya*, *passaddhi*, *samādhi* and *upekkhā* (*ariyamagga*). (b) having the 6 factors called *sammādiṭṭhi*, *sammāsaṅkappa*, *cetanā*, *sammāgāyāma*, *sammāsati* and *sammāsamādhi* (*ariyamagga*).	(b) သမ္မာဂါယာမ copied as printed, probably သမ္မာဝါယာမ; စေတနာ in the list of path factors is unexpected (copied as printed)
67344	chal̤aṅgupekkhā	(ဒွါရ ၆-ပါး၌ ကောင်းမကောင်းသော အာရုံ ၆-ပါးထင်လာသောအခါ ဝမ်းမြောက်မှု,နှလုံးမသာမှုမဖြစ်ပဲ လျစ်လျူရှုနိုင်ခြင်းဟူသော) အစိတ်အင်္ဂါ ၆-ပါးရှိသော-လျစ်လှူရှုမှု-ဥပေက္ခာ၊ ဆဠင်္ဂုပေက္ခာ။ မူရင်းကြည့်ပါ။	el mirar con indiferencia / *upekkhā* que tiene seis partes (que consiste en poder mirar con indiferencia, sin que surjan alegría ni desagrado, cuando los seis objetos, buenos y malos, aparecen en las seis *dvāra*); *chal̤aṅgupekkhā*. Véase el original.	looking on with indifference / *upekkhā* having six parts (consisting in being able to look on with indifference, without gladness or displeasure arising, when the six objects, good and bad, appear at the six *dvāra*); *chal̤aṅgupekkhā*. See the original.	editor's note မူရင်းကြည့်ပါ (see the original)
67352	chal̤abhijātisutta	ဆဠဘိဇာတိသုတ်၊ ၆-ပါးသောအမျိုးဇာတ်တို့ကို ဟောကြားအပ်သော သုတ်။ မူရင်းကြည့်ပါ။	el *Chaḷabhijātisutta*; el sutta en que se exponen los seis linajes. Véase el original.	the *Chaḷabhijātisutta*; the sutta in which the six classes of birth are expounded. See the original.	editor's note မူရင်းကြည့်ပါ (see the original)
67356	chal̤abhiññā	၆-ပါးသော အဘိညာဥ၊ အဘိညာဉ် ၆-ပါး။ မူရင်းကြည့်ပါ။	las seis *abhiññā*; 6 *abhiññā*. Véase el original.	the six *abhiññā*; 6 *abhiññā*. See the original.	editor's note မူရင်းကြည့်ပါ (see the original)
67359	chal̤abhiññābharaṇa	အဘိညာဉ် ၆-ပါးဟူသော အဆင်တန်းဆာ။	el adorno que es las 6 *abhiññā*.	the ornament that is the 6 *abhiññā*.	label missing
67369	chal̤ārammaṇabhedabhinna	၆-ပါးသော အာရုံအပြားအားဖြင့် ကွဲပြားသော။	diferenciado por la división en seis objetos.	differentiated by the division into six objects.	label missing
67374	chal̤āsādhāraṇañāṇabheda	၆-ပါးသော အသာဓာရဏဉာဏ်တို့၏-အထူး-အကွဲ-အပြား။ မူရင်းကြည့်ပါ။	la particularidad / distinción / división de los seis *asādhāraṇañāṇa*. Véase el original.	the distinction / difference / division of the six *asādhāraṇañāṇa*. See the original.	editor's note မူရင်းကြည့်ပါ (see the original)
67379	chal̤indriyadamana	ဣန္ဒြေ ၆-ပါးကို ဆုံးမခြင်း။	el disciplinar las 6 *indriya*.	disciplining the 6 *indriya*.	label missing
67401	chātapabbatapāda	ဆာတမည်သော ထောင်ခြေ။	el pie del monte llamado *chāta*.	the foot of the mountain called *chāta*.	ထောင်ခြေ read as တောင်ခြေ (foot of a mountain)
67412	chādanadaṇḍaka	ဖုံးလွှမ်း-ဖုံးအုပ်-မိုး-ရာ တန်း-အခြင်။	el listón / la viga con que se cubre / tapa / techa.	the batten / rafter with which one covers / overlays / roofs.	တန်း-အခြင် read tentatively as 'batten / rafter'
67416	chādanappakārabhedadassanattha	အမိုးမိုးပုံ အထူး,အပြားကို ပြခြင်းအကျိုး။	el beneficio de mostrar la particularidad y la división del modo de techar.	the benefit of showing the particular kinds and divisions of the manner of roofing.	label missing
67417	chādanamukhavaṭṭi	အမိုး၏-အနားရစ်-အနားရေး-ခြင်ပိတ်။	el remate / el borde / el cierre del alero del techo.	the edging / border / eave-closure of the roof.	ခြင်ပိတ် read tentatively as 'eave-closure'
67421	chādayati	ဖုံးလွှမ်း-ဖုံးအုပ်-မိုး-၏။	cubre / tapa / techa.	covers / overlays / roofs.	label missing
67422	chādayati	ပျို့စေ-နှစ်သက်စေ-အလိုရှိစေ-၏။	hace ‹ပျို့› / hace deleitarse / hace desear.	causes to ‹ပျို့› / causes to delight / causes to desire.	label missing; ပျို့ unclear here (usually 'feel nauseous'); perhaps a misprint
67427	chādayiṁ	ဖုံးလွှမ်း-ဖုံးအုပ်-မိုး-ပြီ။ «S1»	cubrió / tapó / techó. Véase [[chādayati]] (1).	covered / overlaid / roofed. See [[chādayati]] (1).	label missing; the headword is 1st person but the Burmese does not mark the person
67440	chādāpessasi	မိုးစေဘိ၏။ «S1»	hará techar. Véase [[chādāpeti]].	will have it roofed. See [[chādāpeti]].	headword is 2nd person (chādāpessasi); the Burmese does not mark the person, rendered 3rd
67442	chādita	ဖုံးလွှမ်း-ဖုံးအပ်-အပ်သော။ (က) ဖုံးကွယ်အပ်သော။ (ခ) မိုးအပ်သော။	cubierto / tapado. (a) ocultado. (b) techado.	covered / overlaid. (a) concealed. (b) roofed.	ဖုံးအပ် read as ဖုံးအုပ်
67465	chādemi	ဖုံးလွှမ်း-ဖုံးအုပ်-ဖုံးကွယ်-၏။ «S1»	cubre / tapa / oculta. Véase [[chādeti]] (1).	covers / overlays / conceals. See [[chādeti]] (1).	headword is 1st person (chādemi); the Burmese does not mark the person, rendered 3rd
67469	chādesi	ဖုံးလွှမ်း-ဖုံးအုပ်-၏ (က) ဖုံးကွယ်၏။ (ခ) မိုး၏။ «S1»	cubre / tapa; (a) oculta. (b) techa. Véase [[chādeti]] (1).	covers / overlays; (a) conceals. (b) roofs. See [[chādeti]] (1).	headword is an aorist (chādesi) but the Burmese ၏ is present; kept as printed
67470	chādesi	နှစ်သက်-အလိုရှိ-၏။ «S1»	se deleita / desea. Véase [[chādeti]] (2).	delights / desires. See [[chādeti]] (2).	headword is an aorist (chādesi) but the Burmese ၏ is present; kept as printed
67471	chādesiṁ	ဖုံးလွှမ်း-ဖုံးအုပ်-ဖုံးကွယ်-ပြီ။ «S1»	cubrió / tapó / ocultó. Véase [[chādeti]] (1).	covered / overlaid / concealed. See [[chādeti]] (1).	label missing; headword is 1st person, not marked in the Burmese
67473	chādessati	ဖုံးလွှမ်း-ဖုံးအုပ်-မိုး-ကုန်လတ္တံ့။ «S1»	cubrirán / taparán / techarán. Véase [[chādeti]] (1).	they will cover / overlay / roof. See [[chādeti]] (1).	Burmese has the plural ကုန် though the headword (chādessati) is singular
67474	chādessāma	ဖုံးလွှမ်း-ဖုံးအုပ်-မိုး-ကုန်လတ္တံ့။ «S1»	cubrirán / taparán / techarán. Véase [[chādeti]] (1).	they will cover / overlay / roof. See [[chādeti]] (1).	headword is 1st plural (chādessāma); the Burmese does not mark the person, rendered 3rd
67475	chādessāmi	ဖုံးလွှမ်း-ဖုံးအုပ်-ဖုံးကွယ်-လတ္တံ့။ «S1»	cubrirá / tapará / ocultará. Véase [[chādeti]] (1).	will cover / overlay / conceal. See [[chādeti]] (1).	headword is 1st singular (chādessāmi); the Burmese does not mark the person, rendered 3rd
67477	chānisaṁsa	၆-ပါးသော-အာနိသင်-အကျိုးဆက်၊ အာနိသင်-အကျိုးဆက်-၆-ပါး။ မူရင်းကြည့်ပါ။	los seis beneficios / consecuencias; 6 beneficios / consecuencias. Véase el original.	the six benefits / consequences; 6 benefits / consequences. See the original.	editor's note မူရင်းကြည့်ပါ (see the original)
67484	chāyā	(၁) အရိပ်၊ (က) သစ်ပင်စသည်တို့၏ အရိပ်။ (ခ) အတု၊ ပုံတူ အရုပ်၊ ရုပ်တု။ (ဂ) အရိပ်အရောင်။ (ဃ) အမြွက်၊ အရိပ် အမြွက်၊ အနည်းငယ်။ (ဃ) အမြွက်၊ အရိပ် အမြွက်၊ အနည်းငယ်။ (၂) အရိပ်နှင့်တူသော အရိပ်၊ မိဘဆရာစသည်တို့၏ မေတ္တာ။	(1) sombra; (a) la sombra de los árboles y demás. (b) imitación; retrato; estatua. (c) sombra y color. (d) indicio; atisbo; un poco. (d) indicio; atisbo; un poco. (2) la sombra semejante a una sombra; la *mettā* de padres, maestros y demás.	(1) shade; (a) the shade of trees and so on. (b) imitation; likeness; statue. (c) shade and hue. (d) hint; trace; a little. (d) hint; trace; a little. (2) shade resembling shade; the *mettā* of parents, teachers and so on.	sub-sense (ဃ) is printed twice
67488	chāyāpupphasadisa	(စည်ပင်သော သစ်ပင်၏) အရိပ်,အပွင့်နှင့်တူသော။	semejante a la sombra y a la flor (de un árbol frondoso).	like the shade and the flower (of a luxuriant tree).	label missing
67489	chāyārakkhasa	အရိပ်ကို-အုပ်စိုး-ပိုင်ဆိုင်-သော-ရက္ခိုသ်။	*rakkhasa* que gobierna / posee la sombra.	a *rakkhasa* that rules / owns the shade.	ရက္ခိုသ် is a misprint for the Burmese form of rakkhasa
67492	chāyārūpaka	အရိပ်ရုပ်၊ ပုံတူအရုပ်၊ ရုပ်ပုံ၊ ဓာတ်ပုံ။	imagen reflejada; retrato; imagen; fotografía.	shadow image; likeness; picture; photograph.	label missing
67499	chāyudakasampanna	အရိပ်,ရေနှင့်ပြည့်စုံသော။	dotado de sombra y agua.	endowed with shade and water.	label missing
67501	chāyūdakarahita	အရိပ်,ရေတို့မှ ကင်းသော၊ အရိပ်,ရေမရှိသော။	desprovisto de sombra y agua; que no tiene sombra ni agua.	devoid of shade and water; having no shade or water.	label missing
67512	chārattaparama	၆-ညဉ့်+အပိုင်းအခြား-အတိုင်းအရှည်-ရှိသော။	que tiene un límite / una extensión de 6 noches.	having a limit / an extent of 6 nights.	stray + in the source
67521	chārikapuñja	ပြာစု၊ ပြာပုံ။	montón de ceniza; pila de ceniza.	a heap of ash; a pile of ash.	label missing
67525	chārikākhāra	ပြာကိုစစ်၍ ယူအပ်သော ဆပ်ပြာ။	jabón obtenido filtrando la ceniza.	soap obtained by filtering ash.	label ကြိ (verb) does not fit this noun
67526	chārikakhāra	ပြာကိုစစ်၍ ယူအပ်သော ဆပ်ပြာ။	jabón obtenido filtrando la ceniza.	soap obtained by filtering ash.	label missing
67531	chāha	၆-ရက်၊ ၆-နေ့။	6 días; 6 días.	6 days; 6 days.	label missing
67539	chijja	(၁) ၂-ဖြာထက်ခြမ်း ဖြန်းဖြန်းကွဲစေသတည်း၊ ၂-ဖြာထက်ခြမ်း ဖြန်းဖြန်းကွဲပါစေ။ (၂) ပျက်စီးစေသတည်း၊ ပျက်စီးပါစေ။ «S1»	(1) ¡que se parta en dos y se haga añicos!; ¡ojalá se parta en dos y se haga añicos! (2) ¡que perezca!; ¡ojalá perezca! Véase [[chijjati]].	(1) may it split in two and shatter!; let it split in two and shatter! (2) may it perish!; let it perish! See [[chijjati]].	label န (neuter) does not fit these optative verb glosses
67540	chijja	ဖြတ်ခြင်း။	el cortar.	cutting.	label missing
67541	chijjati	(၁) (က) ပြတ်၏။ (ခ) ပြတ်-ကင်း-၏။ (ဂ) ပြတ်-ကင်း-ပျောက်-၏။ (ဃ) ပြတ်-ရှ-ကွဲ-၏။ (င) ပြတ်-ကုန်-ခန်း-၏။ (စ) ပြတ်၏၊ ဆိတ်သုန်း၏။ (ဆ) ကျိုး-ပြတ်-၏။ (ဇ) စုတ်-ပြတ်-၏။ (ဈ) ပြတ်၏၊ ကျ၏၊ ပြတ်ကျ၏။ (ည) ပြီး-ပြတ်-၏။ (ဋ) ပြီးပြတ်-ပြေလည်-ပြေရှင်း-၏။ (ဌ) ပြတ်-စဲ-ရပ်-တိတ်-ဆိတ်-ငြိမ်သက်-၏။ (ဍ) ချုပ်-ပြတ်-၏။ (၂) ပျောက်-ပျက်-ပြယ်-၏။ (၃) ပျောက်-ပြေ-ပြယ်-၏။ (၄) ၂-ဖြာထက်ခြမ်း ဖြန်းဖြန်းကွဲ၏။ (၅) ပျက်စီး၏။	(1) (a) se corta. (b) se corta / se separa. (c) se corta / se separa / desaparece. (d) se corta / se rasga / se parte. (e) se corta / se agota / se seca. (f) se corta; queda desierto. (g) se quiebra / se corta. (h) se desgarra / se corta. (i) se corta; cae; se desprende. (j) se termina / se corta. (k) se concluye / se resuelve / se aclara. (l) se interrumpe / cesa / se detiene / se calla / queda en silencio / se apacigua. (m) cesa / se corta. (2) desaparece / perece / se disipa. (3) desaparece / se alivia / se disipa. (4) se parte en dos y se hace añicos. (5) perece.	(1) (a) is cut. (b) is cut / separated. (c) is cut / separated / vanishes. (d) is cut / torn / split. (e) is cut / exhausted / dried up. (f) is cut; becomes desolate. (g) breaks / is cut. (h) is torn / cut. (i) is cut; falls; drops off. (j) is finished / cut. (k) is concluded / settled / resolved. (l) is interrupted / ceases / halts / falls silent / is quiet / calms down. (m) ceases / is cut. (2) vanishes / perishes / fades. (3) vanishes / is relieved / fades. (4) splits in two and shatters. (5) perishes.	label missing
67542	chijjati	(က) ဖြတ်အပ်၏။ (ခဝ ပယ်-ဖြတ်-အပ်၏။ (ဂ) ခုတ်ဖြတ်-ပိုင်းဖြတ်-လှီးဖြတ်-အပ်၏။	(a) es cortado. (b) es abandonado / cortado. (c) es tajado / seccionado / rebanado.	(a) is cut. (b) is abandoned / cut off. (c) is hewn / severed / sliced.	(ခဝ misprint for (ခ)
67553	chijjamāna	(၁) ဖြတ်အပ်သော။ (က) ခုတ်ဖြတ်-ပိုင်းဖြတ်-လှီးဖြတ်-အပ်သော။ (ခ) ရိတ်-ဖြတ်-အပ်သော။ (၂) ပြတ်သော။ (က) ပြတ်-ကင်း-သော။ (ခ) ပြတ်-ပြုတ်-သော။ (၃) ပြတ်လတ္တံ့သော။	(1) que está siendo cortado. (a) que está siendo tajado / seccionado / rebanado. (b) que está siendo segado / cortado. (2) que se corta. (a) que se corta / se separa. (b) que se corta / se desprende. (3) que se cortará.	(1) being cut. (a) being hewn / severed / sliced. (b) being reaped / cut. (2) breaking off. (a) breaking off / separating. (b) breaking off / coming loose. (3) about to be cut.	label missing
67556	chijji	(က) ပြတ်ပြီ။ (ခ) ပြတ်-ရှ-ကွဲ-ပြီ။ (ဂ) ပြတ်-ကုန်-ခန်း-ပြီ။ (ဃ) စုတ်-ပြတ်-ပြီ။ (င) ပြတ်-စဲ-ရပ်-တိတ်-ဆိတ်-ငြိမ်သက်-ပြီ။ «S1»	(a) se cortó. (b) se cortó / se rasgó / se partió. (c) se cortó / se agotó / se secó. (d) se desgarró / se cortó. (e) se interrumpió / cesó / se detuvo / se calló / quedó en silencio / se apaciguó. Véase [[chijjati]] (1).	(a) was cut. (b) was cut / torn / split. (c) was cut / exhausted / dried up. (d) was torn / cut. (e) was interrupted / ceased / halted / fell silent / became quiet / calmed down. See [[chijjati]] (1).	label missing
67558	chijjiṁsu	ခုတ်ဖြတ်-ပိုင်းဖြတ်-လှီးဖြတ်-အပ်ကုန်ပြီ။ «S1»	fueron tajados / seccionados / rebanados. Véase [[chijjati]] (2).	they were hewn / severed / sliced. See [[chijjati]] (2).	label missing
67561	chijjissati	ပြဟ်-ကင်း-ပျောက်-လတ္တံ့။ «S1»	se cortará / se separará / desaparecerá. Véase [[chijjati]] (1).	will be cut / separated / vanish. See [[chijjati]] (1).	ပြဟ် read as ပြတ်
