id	iast	burmese	es	en	flag
210167	pamatta	(၁) မေ့-မေ့လျော့-ခြင်း၊ သတိကင်းလွတ်-အမှတ်မရ-ခြင်း။ (၂) မူး-မူးယစ်-ခြင်း၊ နောက်ကျိ-ရီဝေ-ခြင်း။ (တိ) (၃) မေ့-မေ့လျော့-သော၊ သတိ ကင်းလွတ်-အမှတ်မရ-သော၊ သူ။ (၄) မူး-မူးယစ်- သော၊ နောက်ကျိ-ရီဝေ-သော၊ သူ။ (၅) မေ့- မေ့လျော့- ရာ၊ သတိကင်းလွတ်-အမှတ်မရ- ရာ(အခါ)။ (၁) မေ့- မေ့လျော့- ခြင်း၊ သတိကင်း လွတ်-အမှတ်မရ-ခြင်း။ (၂) မူး-မူးယစ်-ခြင်း၊ နောက်ကျိ-ရီဝေ-ခြင်း။ (၃) မေ့- မေ့လျော့- သော၊ သတိကင်းလွတ်-အမှတ်မရ- သော၊ သူ။ ပမတ္တ။ (၄) မူး-မူးယစ်-သော၊ နောက်ကျိ-ရီဝေ-သော၊ သူ။ (၅) မေ့-မေ့လျော့-ရာ၊ သတိ ကင်းလွတ်-အမှတ်မရ-ရာ (အခါ)။ «S1» ၂ပမတ္တဇနသန္တာသ	(1) el olvidar / el descuidarse; el estar privado de *sati* / el no recordar. (2) el embriagarse / la embriaguez; el estar turbado / aturdido. (adjetivo) (3) olvidadizo / descuidado; privado de *sati* / que no recuerda (dicho de una persona). (4) ebrio / embriagado; turbado / aturdido (dicho de una persona). (5) aquello en que se olvida / se descuida; en que se está privado de *sati* / no se recuerda (el momento). Véase [[pamatta-kāla]].	(1) forgetting / being heedless; being devoid of *sati* / not remembering. (2) being drunk / intoxication; being muddled / dazed. (adjective) (3) forgetful / heedless; devoid of *sati* / not remembering (said of a person). (4) drunk / intoxicated; muddled / dazed (said of a person). (5) that in which one forgets / is heedless; in which one is devoid of *sati* / does not remember (the time). See [[pamatta-kāla]].	senses (1)-(5) printed twice in the source; translated once. Left out: 'ပမတ္တ' and trailing fragment '၂ပမတ္တဇနသန္တာသ' (a reference)
210168	pamattakaraṇaṭṭha	လျော့ခြင်းကို- ပြု- ဖြစ်စေ- ခြင်းဟူသော-အနက်-သဘော။	el significado / sentido de hacer / causar el descuido.	the meaning / sense of making / causing heedlessness.	text begins 'လျော့ခြင်း' (probably 'မေ့လျော့ခြင်း' truncated)
210173	pamattajanasantāsa	လျော့သောလူတို့၏ ထိတ်လန့်ခြင်း။ အောက် ပုဒ်ကြည့်။	el sobresalto de las personas descuidadas. Véase la entrada siguiente.	the alarm of heedless people. See the next headword.	text begins 'လျော့သော' (probably 'မေ့လျော့သော' truncated)
210174	pamattajanasantāsakara	မေ့လျော့သောလူတို့၏ ထိတ်လန့် ခြင်းကို- ပြု- ဖြစ်စေ- တတ်သော။ (သဒိသာ။ သီ)။	que suele causar / producir el sobresalto de las personas descuidadas.	apt to cause / produce the alarm of heedless people.	left out: '(သဒိသာ။ သီ)' (source tag or citation)
210178	pamattabandhanābaddha	မေ့လျော့ ခြင်းဟူသော အနှောင်အဖွဲ့ဖြင့် ဖွဲ့အပ်သော။ “ပမတ္တဗန္ဓနာ”။ နေတ္တိ၊ (ဤ၌ အဋ္ဌကထာအလို ၃ပမတ္တဗန္ဓု ပါဠိတော်၌ ဟူ၍လည်း ကောင်း, ဟူ၍လည်းကောင်း ပါဌ်ရှိရမည်။	atado con la atadura que es el descuido.	bound with the bond that is heedlessness.	left out: quotation '“ပမတ္တဗန္ဓနာ”', citation 'နေတ္တိ' and a textual note on the reading ⟦ပမတ္တဗန္ဓု⟧ whose quoted forms were stripped
210179	pamattabandhu	(၁) (က) မေ့လျော့သောသူတို့၏ အဆွေခင်ပွန်း၊ မာရ်နတ်၊ ဒေဝပုတ္တမာရ်။ (ခ) မေ့လျော့သော အဆွေခင်ပွန်းရှိသောသူ၊ မာရ်နတ်၊ ဒေဝပုတ္တမာရ်။ (၂)(က) မေ့လျော့ သောသူတို့ကို နှောင်ဖွဲ့တတ်သောတရား၊ ကာမနတ်၊ ကိလေသမာရ်။ (ခ) မေ့လျော့ သောသူတို့ကို နှောင်ဖွဲ့တတ်သောသူ၊ မာရ် နတ်၊ ဒေဝပုတ္တမာရ်။ ပေဋကော။	(1) (a) el pariente / amigo de los descuidados: el *deva* *māra*, *devaputtamāra*. (b) el que tiene parientes / amigos descuidados: el *deva* *māra*, *devaputtamāra*. (2) (a) el estado que suele atar a los descuidados: el *deva* *kāma*, *kilesamāra*. (b) el que suele atar a los descuidados: el *deva* *māra*, *devaputtamāra*.	(1) (a) the kinsman / friend of the heedless: the *deva* *māra*, *devaputtamāra*. (b) one who has heedless kinsmen / friends: the *deva* *māra*, *devaputtamāra*. (2) (a) the state that binds the heedless: the *deva* *kāma*, *kilesamāra*. (b) one who binds the heedless: the *deva* *māra*, *devaputtamāra*.	'ကာမနတ်' in (2)(a) read as the deva Kāma; unclear beside 'ကိလေသမာရ်'. Left out: citation 'ပေဋကော'
210183	pamattākāra	မေ့လျော့ ခြင်းဟူသော အခြင်းအရာ။ ဒီ၊ဋီ၂။	el modo que es el descuido.	the mode that is heedlessness.	left out: citation 'ဒီ၊ဋီ၂'
210184	pamattākārappatta	လျော့ခြင်းဟူသော အခြင်းအရာသို့ ရောက် သော၊ မိန်းမော-တွေဝေ- သော။ ၄ပမဒ	que ha llegado al modo que es el descuido; aturdido / desconcertado.	that has reached the mode that is heedlessness; stupefied / bewildered.	text begins 'လျော့ခြင်း' (probably 'မေ့လျော့ခြင်း' truncated). Left out: trailing fragment '၄ပမဒ'
210187	pamatheti	နှိပ်စက်-ညှဥ်းဆဲ- တတ်၏။ တာ။	suele oprimir / atormentar.	is apt to oppress / torment.	left out: trailing 'တာ' (fragment or source tag)
210189	pamada	ရွှင်လန်း-ဝမ်းမြောက်-ခြင်း။ «S1» (ထောမ၌- “(၁) ရွှင်လန်း- ဝမ်းမြောက်-ခြင်း (ပု)။ (၂) ပန်းတိုင်း-ပဒိုင်း-ပင်၏ အသီး (န)။ (၃) မေ့လျော့သူ, မူးယစ်သူ(တိ)”ဟု ဆို၏။	el alegrarse / regocijarse. Véase [[pamadābhāvakaraṇa]]. (Se dice: “(1) el alegrarse / regocijarse (masculino). (2) el fruto del árbol ‹ပန်းတိုင်း› / ‹ပဒိုင်း› (neutro). (3) persona descuidada, persona ebria (adjetivo)”.)	being glad / rejoicing. See [[pamadābhāvakaraṇa]]. (It is said: “(1) being glad / rejoicing (masculine). (2) the fruit of the ‹ပန်းတိုင်း› / ‹ပဒိုင်း› tree (neuter). (3) a heedless person, a drunk person (adjective)”.)	source tag ထောမ dropped; tree ‹ပန်းတိုင်း› / ‹ပဒိုင်း› unidentified
210190	pamadavana	]#smayg;}}- (6?3?63) £wd M[oG;/⟩ ⟨Asmcsmok"m/⟩] နန်းတွင်းဥယျာဥ်တော်၊ နန်း တွင်းသူတို့ မွေ့လျော်ရာ ဥယျာဥ်။ ဉေယျံ တဒေဝ ပမဒ - ဝနမန္တေပုရောစိတံ။ ဓါန်။ ဓါန်၊ဋီ။	el jardín real del interior del palacio; el jardín donde se deleitan los habitantes del palacio.	the royal garden within the palace; the garden where the people of the palace take delight.	left out: encoding debris at the start ('⟨Asmcsmok…⟩' etc.), the Pāḷi verse 'ဉေယျံ တဒေဝ…' and citations 'ဓါန်။ ဓါန်၊ဋီ'
210193	pamadābhāvakaraṇa	ရွှင်လန်း- ဝမ်းမြောက်- ခြင်း၏ မရှိ ခြင်းကို ပြုတတ်သည်၏အဖြစ် (ဘာဝပ္ပဓါန်)။ (ဆဋ္ဌမူ၌ “ပမဒ္ဒါဘာဝကရဏတော”ဟု ပါဌ်ပျက်နေ၏။	el hecho de ser lo que suele producir la ausencia de alegría / regocijo (*bhāvappadhāna*). (En la edición del Sexto Concilio la lectura está corrompida como *pamaddābhāvakaraṇato*.)	the state of being what brings about the absence of gladness / rejoicing (*bhāvappadhāna*). (In the Sixth Council edition the reading is corrupted as *pamaddābhāvakaraṇato*.)	'ဆဋ္ဌမူ' read as the Sixth Council (Chaṭṭha Saṅgāyana) edition
210194	pamaddati	နှိပ်နင်း-နင်းချေ-၏။ “ပရသေနပ္ပမဒ္ဒနာ”။	aplasta / pisotea.	crushes / tramples.	left out: quotation '“ပရသေနပ္ပမဒ္ဒနာ”'
210201	pamaddituṁ	နှိပ်နင်း-နင်းချေ-ဖျက် ဆီး-ခြင်းငှာ။ “ ပရသေနပ္ပမဒ္ဒနာ ”။	para aplastar / pisotear / destruir.	in order to crush / trample / destroy.	left out: quotation '“ပရသေနပ္ပမဒ္ဒနာ”'
210203	pamaddī	နှိပ်နင်း-နင်းချေ-ဖျက်ဆီး-ခြင်း-အလေ့ရှိ-ငှာ စွမ်းနိုင်-သော။ သ။	que tiene la costumbre de / es capaz de aplastar / pisotear / destruir.	having the habit of / able to crush / trample / destroy.	hyphen chain 'ခြင်း-အလေ့ရှိ-ငှာ စွမ်းနိုင်-သော' read as two alternatives (habit of / able to); left out: trailing 'သ' (fragment)
210204	pamaddīyati	နှိပ်နင်း-နင်းချေ-ဖျက်ဆီး-အပ်၏။ ဣတိဝုတ်၊ဋ္ဌ။	es aplastado / pisoteado / destruido.	is crushed / trampled / destroyed.	left out: citation 'ဣတိဝုတ်၊ဋ္ဌ'
210206	pamā	နှုိင်းယှဥ်-နှုိင်းရှည့်-ခြင်း။ (သက္ကတဒဿနကျမ်းတို့၌ ဟုတ်တိုင်း မှန်စွာ သိခြင်းကို ပြမာဟု ခေါ်သည်။ ဓါန်။ မာ။ ဓါန်၊ဋီ။ ပြမိတော် ပြမာ။ ပြမိတိး ပြမာ။ ဒွေ ယထာ-ထ⟨õ^⟩mနသျ။ အမရဝိဝေက။ မာင် မာနေ (ဒိ. ၆ပမာဏ၁ အာ.အ) အာ တa⟨$⟩ög ဣတျင်။ ဒွေ ပြမာ⟨^⟩mနသျ။ ဗျာချာသုဓါ။ ပြမာ (သ္တြီ) ပြ+မာ+အင်။ ယထာထ⟨õ^⟩mနေ, ဘြမဘိန္နေ ⟨^⟩mနေ စ။ ထောမ။	el comparar / medir. (En los tratados sánscritos de *dassana* al conocer verdaderamente, tal como es, se le llama *pramā*.)	comparing / measuring. (In the Sanskrit *dassana* treatises, knowing truly, as it is, is called *pramā*.)	'နှုိင်းရှည့်' unclear, read as 'measure'. Left out: citations and Sanskrit quotations with encoding debris after the note (ဓါန်, အမရဝိဝေက, ဗျာချာသုဓါ, ထောမ, ⟨…⟩)
210207	pamāṇa	(၁) နှုိင်းယှဥ်-နှုိင်းရှည့်-ခြင်း၊ ချင့်-ချိန်-တိုင်းတာ-ခြင်း။ (၂)နှုိင်းယှဥ်-နှုိင်းရှည့်-ကြောင်း၊ ချင့်-ချိန်-တိုင်းတာ-ကြောင်း၊ စံချိန်စံညွှန်း။ (၃) သိမြင်-ဆုံးဖြတ်- ကြောင်း။ (က) ဖြတ်ထုံး ဖြတ်နည်း။ (ခ) လိုရင်းပဓါန။ (၄) နှုိင်းယှဥ်-နှုိင်းရှည့်-ခြင်းကို ပြုတတ်သောတရား။ (၅)(ဤ ၍ ဤမျှဟူသော)အတိုင်းအရှည်။ (၆)အပိုင်း အခြား။ (၇) အကြောင်း၊ အကြောင်းတရား။ (၈)ကျမ်းဂန်။ (၉)အမြဲ၊နိစ္စ။ (တိ)(၁၀)မှန်သော စကားကို ပြောဆိုတတ်သော၊ သူ။ (၁) နှုိင်းယှဥ်-နှုိင်းရှည့်- ခြင်း၊ ချင့်-ချိန်-တိုင်းတာ-ခြင်း။ ဣတိဝုတ်။ ဣတိဝုတ်၊ဋ္ဌ။ (၂) နှုိင်းယှဥ်-နှုိင်းရှည့်- ကြောင်း၊ ချင့်-ချိန်-တိုင်းတာ-ကြောင်း၊ စံချိန် စံညွှန်း။ (၃)သိမြင်-ဆုံးဖြတ်-ကြောင်း။ (က)ဖြတ် ထုံး ဖြတ်နည်း။ (ခ) လိုရင်းပဓါန။ (၄) နှုိင်းယှဥ်-နှုိင်းရှည့်-ခြင်းကို ပြုတတ် သောတရား။ (၅)(ဤ၍ဤမျှဟူသော)အတိုင်းအရှည်။ (၆) အပိုင်းအခြား။ (၇) အကြောင်း၊ အကြောင်းတရား။ (၈) ကျမ်းဂန်။ (၉) အမြဲ၊ နိစ္စ။ (၁၀) မှန်သော စကားကို ပြောဆိုတတ်သော၊ သူ။ ထောင့် ကွင်း-ကြည့်။ ပမာဏ၂ (တိ) [ပမာဏ + အ] အတိုင်းအရှည် ရှိသော (တရားစသည်)။ «S1»	(1) el comparar / medir; el ponderar / pesar / mensurar. (2) el medio para comparar / medir; el medio para ponderar / pesar / mensurar; el patrón / la norma. (3) el medio de conocer / decidir: (a) el criterio / método de decisión; (b) lo esencial / principal. (4) el estado que suele hacer el comparar / medir. (5) la medida (tal y tal cantidad). (6) el límite. (7) la causa; el estado causal. (8) el tratado / las escrituras. (9) permanente; *nicca*. (adjetivo) (10) que suele decir palabras verdaderas (dicho de una persona). Véanse los corchetes. *pamāṇa* 2 (adjetivo) que tiene medida (estados y demás). Véase [[pamāṇagocara]].	(1) comparing / measuring; weighing / gauging / measuring out. (2) the means of comparing / measuring; the means of weighing / gauging / measuring out; a standard / norm. (3) the means of knowing / deciding: (a) the criterion / method of decision; (b) what is essential / principal. (4) the state that makes comparison / measurement. (5) measure (so much and so much). (6) limit. (7) cause; the causal state. (8) treatise / scripture. (9) permanent; *nicca*. (adjective) (10) apt to speak true words (said of a person). See the square brackets. *pamāṇa* 2 (adjective) having measure (states and so on). See [[pamāṇagocara]].	senses (1)-(10) printed twice in the source; translated once. 'ထောင့်ကွင်း-ကြည့်' rendered literally. Left out: citations 'ဣတိဝုတ်။ ဣတိဝုတ်၊ဋ္ဌ' and the analysis '[ပမာဏ + အ]' of the second homonym
210208	pamāṇaka	အတိုင်းအရှည်။ — “။ ”န္တိ။ ၄၆၆-	medida.	measure.	left out: quotation fragment '— “။ ”န္တိ' and page number '၄၆၆-'
210209	pamāṇakata	အတိုင်း အရှည်-ပမာဏ-ဖြင့် ပြုလုပ်အပ်သော (ကံ)။ န္တိ ယံ။ (-ဣတိဝုတ်၊ဋ္ဌ။ ၈၈)	hecho con medida / magnitud (*kamma*).	made with measure / magnitude (*kamma*).	'ပမာဏ' as a Burmese word read as 'magnitude'. Left out: fragment 'န္တိ ယံ' and citation '(-ဣတိဝုတ်၊ဋ္ဌ။ ၈၈)'
210210	pamāṇakara	နှုိင်းယှဥ်-နှုိင်းရှည့်- ခြင်းကို ပြုတတ်သော။ “ပမာဏကရာ”။	que suele hacer el comparar / medir.	apt to make comparison / measurement.	left out: quotation '“ပမာဏကရာ”'
210212	pamāṇakaraṇa	(၁) နှုိင်း ယှဥ်-နှုိင်းရှည့်-ခြင်းကို ပြုခြင်း။ (တိ)(၂) နှုိင်း ယှဥ်-နှုိင်းရှည့်-ခြင်းကို ပြုတတ်သော။ ဣတိ တေ။	(1) el hacer el comparar / medir. (adjetivo) (2) que suele hacer el comparar / medir.	(1) making comparison / measurement. (adjective) (2) apt to make comparison / measurement.	left out: fragment 'ဣတိ တေ'
210213	pamāṇakaraṇadhamma	နှုိင်းယှဥ်-နှုိင်းရှည့်- ခြင်းကို ပြုတတ်သော (ကိလေသာ) တရားရှိသော။ “အပ္ပမာဏ” “အပ္ပမာဏတ္တာ”။	que tiene estados (*kilesa*) que suelen hacer el comparar / medir.	having states (*kilesa*) that make comparison / measurement.	left out: quotations '“အပ္ပမာဏ” “အပ္ပမာဏတ္တာ”'
210214	pamāṇakaradhamma	နှုိင်းယှဥ်-နှုိင်းရှည့်-ခြင်းကို ပြုတတ်သောတရား။ ဣတိဝုတ်၊ဋ္ဌ။	el estado que suele hacer el comparar / medir.	the state that makes comparison / measurement.	left out: citation 'ဣတိဝုတ်၊ဋ္ဌ'
210218	pamāṇakārī	အတိုင်း ပမာဏင်္ဂုလ အရှည်အားဖြင့် ပြုလေ့ရှိသော၊သူ။	que suele hacer (las cosas) según la medida (dicho de una persona).	in the habit of doing (things) according to measure (said of a person).	'ပမာဏင်္ဂုလ' stands inside 'အတိုင်း…အရှည်' and looks like a stray word from another line; left out
210220	pamāṇaggahaṇa	(၁)အတိုင်း အရှည်ကို ယူခြင်း။ (တိ) (၂) အတိုင်းအရှည် ကို ယူတတ်သော။ (၃) အတိုင်းအရှည်ကို ယူ ရာ (အခါ)။ (၁) “ဥလ္လိခိတမတ္တ”။	(1) el tomar la medida. (adjetivo) (2) que suele tomar la medida. (3) aquello en que se toma la medida (el momento).	(1) taking the measure. (adjective) (2) apt to take the measure. (3) that in which the measure is taken (the time).	left out: '(၁) “ဥလ္လိခိတမတ္တ”' (quotation reference to sense 1)
210222	pamāṇaṅga	နှုိင်းယှဥ်-နှုိင်းရှည့်-ခြင်း၏အကြောင်း (နမူနာ၊ ပုံစံ)။ “ပမာဏ”။	la causa (muestra; modelo) del comparar / medir.	the cause (sample; pattern) of comparing / measuring.	left out: quotation '“ပမာဏ”'
210224	pamāṇacīvara	အတိုင်းအရှည်-ပမာဏ-နှင့်-ယှဥ်-ကိုက်ညီ-သော သင်္ကန်း။ ” တိ။ ဝဇိရ။	el hábito que se ajusta / concuerda con la medida / magnitud.	the robe that fits / accords with the measure / magnitude.	left out: fragment '” တိ' and citation 'ဝဇိရ'
210227	pamāṇaññutā	အတိုင်း အရှည်ကို- သိတတ်သောသူ၏ အဖြစ်- သိ ခြင်း။ တိ။ “ပရိယေသနဝိဿဇ္ဇနဝသေနာ”။	el hecho de ser quien suele conocer la medida / el conocer la medida.	the state of being one who knows the measure / knowing the measure.	left out: fragment 'တိ' and quotation '“ပရိယေသနဝိဿဇ္ဇနဝသေနာ”'
210229	pamāṇatakka	သိမြင်-ဆုံး ဖြတ်-ကြောင်း- ပမာဏ- နှင့်- ကြံဆခြင်း-တက္က။ နှာ-၄၁၃။	el medio de conocer / decidir, *pamāṇa*, y el razonar, *takka*.	the means of knowing / deciding, *pamāṇa*, and reasoning, *takka*.	left out: citation 'နှာ-၄၁၃'
210230	pamāṇatara	အထူးသဖြင့်-သိမြင်- ဆုံးဖြတ်-ကြောင်း- လိုရင်း- ပဓါန။	especialmente: el medio de conocer / decidir; lo esencial / principal.	especially: the means of knowing / deciding; what is essential / principal.	hyphen chain of the comparative read as 'especially' + the two senses of pamāṇa (3)
210232	pamāṇaniyama	အတိုင်း အရှည်ကို သတ်မှတ်ခြင်း။ ဝိ၊သင်္ဂဟ။	el fijar la medida.	fixing the measure.	left out: citation 'ဝိ၊သင်္ဂဟ'
210234	pamāṇantara	သိမြင်- ဆုံး ဖြတ်-ကြောင်း-ပမာဏ- တစ်ပါး- တစ်ခြား။ “နိရဝသေသတော” တိ။ နေတ္တိ၊ဋီ။	otro / distinto medio de conocer / decidir (*pamāṇa*).	another / a different means of knowing / deciding (*pamāṇa*).	left out: quotation '“နိရဝသေသတော” တိ' and citation 'နေတ္တိ၊ဋီ'
210236	pamāṇapariccheda	အတိုင်းအရှည်- ပမာဏ- ၏ အပိုင်းအခြား။ (၂) အတိုင်းအရှည်- ပမာဏ- ကို ပိုင်းခြား ကြောင်း (သဒ္ဒါ)။ ပမာဏဗဒ္ဓ	el límite de la medida / magnitud. (2) (la palabra) que es medio de delimitar la medida / magnitud.	the limit of measure / magnitude. (2) (the word) that is the means of delimiting measure / magnitude.	sense (1) unnumbered in the source. Left out: trailing fragment 'ပမာဏဗဒ္ဓ'
210240	pamāṇappakattha	အတိုင်းအရှည်ဟူသောအနက်နှင့် အနည်း ငယ်ဟူသောအနက်။ “မတ္တ”န္တိ ဝါ “မတ္တာ”။	el significado de 'medida' y el significado de 'un poco'.	the meaning 'measure' and the meaning 'a little'.	left out: quotations '“မတ္တ”န္တိ ဝါ “မတ္တာ”'
210243	pamāṇabhāvadassana	သိမြင်-ဆုံးဖြတ်-ကြောင်း၏အဖြစ်ကို ပြခြင်း။ ဣတိဝုတ်၊ဋ္ဌ။	el mostrar el hecho de ser medio de conocer / decidir.	showing the state of being a means of knowing / deciding.	left out: citation 'ဣတိဝုတ်၊ဋ္ဌ'
210244	pamāṇabhāvadassanattha	သိမြင်-ဆုံးဖြတ်-ကြောင်း၏ အဖြစ်ကို ပြခြင်းဟူသော အကျိုး။ ဣတိဝုတ်၊ဋ္ဌ။	el beneficio que es el mostrar el hecho de ser medio de conocer / decidir.	the benefit that is showing the state of being a means of knowing / deciding.	'အကျိုး' (attha) may mean 'purpose' here. Left out: citation 'ဣတိဝုတ်၊ဋ္ဌ'
210245	pamāṇabhāvappakāsana	(၁) နှုိင်းယှဥ်-နှုိင်းရှည့်-ကြောင်း၏ ပမာဏမဟတ္တ အဖြစ်ကို ပြခြင်း။ (တိ)(၂) နှုိင်းယှဥ်-နှုိင်းရှည့်-ကြောင်း၏ အဖြစ်ကို ပြတတ်သော(စကား)။ (၁) အထက်ပုဒ်ကြည့်။	(1) el mostrar el hecho de ser *pamāṇamahatta* del medio de comparar / medir. (adjetivo) (2) que suele mostrar el hecho de ser medio de comparar / medir (palabras). (1) Véase la entrada anterior.	(1) showing the state of being *pamāṇamahatta* of the means of comparing / measuring. (adjective) (2) apt to show the state of being a means of comparing / measuring (speech). (1) See the preceding headword.	'ပမာဏမဟတ္တ အဖြစ်' in (1) unclear; copied as Pāḷi
210246	pamāṇabhāvasādhana	သိမြင်-ဆုံးဖြတ်-ကြောင်း၏အဖြစ်ကို ပြီးစေတတ်သော။ အာဒိနာ။	que suele establecer el hecho de ser medio de conocer / decidir.	apt to establish the state of being a means of knowing / deciding.	left out: fragment 'အာဒိနာ'
210251	pamāṇayutta	အတိုင်း အရှည်-ပမာဏ-နှင့်- ယှဥ်-သင့်လျော်-ကိုက် ညီ-သော။ ကင်္ခါ၊ဋီ၊သစ်။	conforme / adecuado / ajustado a la medida / magnitud.	conforming / suited / fitting to the measure / magnitude.	left out: citation 'ကင်္ခါ၊ဋီ၊သစ်'
210254	pamāṇayuttaggahaṇa	အတိုင်းအရှည်- ပမာဏ- နှင့်ယှဥ်သော မုန့် တို့ကို ခံယူခြင်း။ ပမာဏယုတ္တနေတ္တ(တိ) အတိုင်းအရှည်-ပမာဏ- နှင့်ယှဥ်သော မျက် လုံးရှိသော (ဥဩ)။	el recibir pasteles conformes a la medida / magnitud.	receiving cakes conforming to the measure / magnitude.	left out: the article 'ပမာဏယုတ္တနေတ္တ (တိ)' ('having eyes conforming to the measure / magnitude (the ox)') run on into this one
210256	pamāṇayuttamañca	အတိုင်း အရှည်- ပမာဏ- နှင့် ယှဥ်သော- ခုတင်-ညောင်းစောင်း။ ပမာဏယောဂ (ပု) အတိုင်း အရှည်-ပမာဏ-နှင့်- ယှဥ်-သင့်လျော်-ကိုက် ညီ-ခြင်း။	el lecho / catre conforme a la medida / magnitud.	the couch / bed conforming to the measure / magnitude.	left out: the article 'ပမာဏယောဂ (ပု)' ('conforming / being suited / fitting to the measure / magnitude') run on into this one
210258	pamāṇarahita	အတိုင်းအရှည်-ပမာဏ-မှကင်းသော၊အတိုင်း အရှည်- ပမာဏ- မရှိသော။ (က) အတိုင်း အရှည်- ပမာဏ- အောက်ယုတ်လျော့သော။ (ခ) အတိုင်းအရှည်- ပမာဏ- ထက် ပိုလွန် သော။ (၂) အပိုင်းအခြားမှ ကင်းသော၊ အပိုင်း အခြားမရှိသော။ ဝိ၊သင်္ဂဟ။ ဣတိဝုတ်၊ဋ္ဌ။ ပမာဏဝန္တု	libre de medida / magnitud; sin medida / magnitud: (a) inferior a la medida / magnitud; (b) que excede la medida / magnitud. (2) libre de límite; que no tiene límite.	free from measure / magnitude; without measure / magnitude: (a) falling short of the measure / magnitude; (b) exceeding the measure / magnitude. (2) free from limit; having no limit.	sense (1) unnumbered in the source. Left out: citations 'ဝိ၊သင်္ဂဟ။ ဣတိဝုတ်၊ဋ္ဌ' and trailing fragment 'ပမာဏဝန္တု'
210260	pamāṇavacana	(၁) အတိုင်း အရှည်, အပိုင်းအခြားကို။ (တိ) (၂) အတိုင်းအရှည်, အပိုင်းအခြားကို ဟောသော (သဒ္ဒါ, ပုဒ်)။ (၃) ချင့်ချိန်-တိုင်း တာ-ကြောင်း စကားရှိသော၊ စံချိန်စံညွှန်း စကားရှိသော (ဘုရား)။ (၁) ပဌမဝိကပ္ပေ “ဝိဟရာမီ” “ယဒဂ္ဂေ”။	(1) la medida, el límite. (adjetivo) (2) que expresa la medida, el límite (palabra, término). (3) que tiene palabras que son medio de ponderar / mensurar; que tiene palabras que son patrón / norma (el Buddha).	(1) measure, limit. (adjective) (2) expressing measure, limit (word, term). (3) having words that are a means of weighing / gauging; having words that are a standard / norm (the Buddha).	sense (1) looks truncated (ends in the object marker ကို). Left out: '(၁) ပဌမဝိကပ္ပေ “ဝိဟရာမီ” “ယဒဂ္ဂေ”' (quotations)
210261	pamāṇavantu	နှုိင်းယှဥ်-တိုင်းတာ-ခြင်းကို ပြုတတ်သော ကိလေသာ ရှိသော(သတ္တဝါ)။ အာဟ။ ပမာဏ၀၀တ္ထာန(န) အတိုင်း အရှည်ကို- ပိုင်းခြား- မှတ်သား- ခြင်း။	que tiene *kilesa* que suelen hacer el comparar / medir (ser vivo).	having *kilesa* that make comparison / measurement (a living being).	left out: fragment 'အာဟ' and the article 'ပမာဏဝဝတ္ထာန (န)' ('delimiting / noting the measure') run on into this one
210264	pamāṇavirahita	နှုိင်းယှဥ်-တိုင်းတာ-ခြင်းမှ ကင်းသော၊ မနှုိင်း ယှဥ်- မတိုင်းတာ- အပ်သော။ (၂) အတိုင်း အရှည်, အပိုင်းအခြားမှ ကင်းသော၊ အတိုင်း အရှည်, အပိုင်းအခြားမရှိသော။	libre del comparar / medir; no comparado / no medido. (2) libre de medida, límite; que no tiene medida, límite.	free from comparing / measuring; not compared / not measured. (2) free from measure, limit; having no measure, limit.	sense (1) unnumbered in the source
210265	pamāṇavisesayutta	အတိုင်းအရှည်- ပမာဏ- အထူး-နှင့် ယှဥ်-ရှိ-သော။ (-။	asociado a / que tiene una medida / magnitud especial.	associated with / having a special measure / magnitude.	left out: fragment '(-။'
210266	pamāṇavematta	(အရပ် တော်) အတိုင်းအရှည်-ပမာဏ-၏-မတူ-ထူး ခြား-သည်၏အဖြစ်။	(la estatura) el hecho de ser desigual / diferente en medida / magnitud.	(of stature) the state of being unequal / different in measure / magnitude.	'အရပ်တော်' is honorific (probably the Buddha's stature)
210267	pamāṇavemattatā	(အရပ်တော်) အတိုင်းအရှည်- ပမာဏ- ၏-မတူ- ထူးခြား- သည်၏အဖြစ်။	(la estatura) el hecho de ser desigual / diferente en medida / magnitud.	(of stature) the state of being unequal / different in measure / magnitude.	'အရပ်တော်' is honorific (probably the Buddha's stature)
210270	pamāṇātikkanta	အတိုင်းအရှည်ကို ကျော်လွန်ခြင်း။ (တိ) (၂) အတိုင်းအရှည်ကို ကျော်လွန်သော၊ ကျော်လွန် သောအတိုင်းအရှည်ရှိသော(ညောင်စောင်း)။ (၃) အပိုင်းအခြားကို ကျော်လွန်သော၊ ကျော် လွန်သော အပိုင်းအခြားရှိသော။ (၁)  «S1» ပမာဏာတိက္ကန္တပရိဝါရ (၃)။	el sobrepasar la medida. (adjetivo) (2) que sobrepasa la medida; que tiene una medida excesiva (lecho). (3) que sobrepasa el límite; que tiene un límite excedido. (1) Véase [[pamā-ṇātikkantamūlaka]].	exceeding the measure. (adjective) (2) exceeding the measure; having an excessive measure (a couch). (3) exceeding the limit; having an exceeded limit. (1) See [[pamā-ṇātikkantamūlaka]].	sense (1) unnumbered in the source. Left out: trailing reference 'ပမာဏာတိက္ကန္တပရိဝါရ (၃)' (a see-reference without a verb)
210271	pamāṇātikkantakaraṇa	အတိုင်းအရှည်- ကို- ထက်- ကျော် လွန်သော ကျောင်းကို ပြုလုပ်ခြင်း။ ကင်္ခါ၊ဋီ၊ သစ်။	el construir un monasterio que sobrepasa / excede la medida.	building a monastery that exceeds / goes beyond the measure.	left out: citation 'ကင်္ခါ၊ဋီ၊ သစ်'
210279	pamāṇātikkama	အတိုင်း အရှည်- ကို- ထက်- ကျော်လွန်ခြင်း။ အာဒီသု ဝိယ အပရိမေယျဘာဝ (အတိရေကဘာဝ၊ သံ၊ဋီ၊)။ တေနာဟ တိ။	el sobrepasar / exceder la medida.	exceeding / going beyond the measure.	left out: Pāḷi fragments 'အာဒီသု ဝိယ အပရိမေယျဘာဝ (အတိရေကဘာဝ၊ သံ၊ဋီ၊)။ တေနာဟ တိ'
210281	pamāṇātīta	အတိုင်း အရှည်ကို ကျော်လွန်သော၊	que sobrepasa la medida.	exceeding the measure.	source ends with ၊ (possibly truncated)
210285	pamāṇita	မြတ်နိုး-ပူဇော်-အပ်-ထိုက်-သော၊ သူ။	estimado / venerado; digno de ser estimado / venerado (dicho de una persona).	cherished / honoured; worthy of being cherished / honoured (said of a person).	hyphen chain 'မြတ်နိုး-ပူဇော်-အပ်-ထိုက်-သော' read as passive and 'worthy of' alternatives
210286	pamāṇupaga	အတိုင်းအရှည်-ပမာဏ- သို့ ကပ်ရောက်သော၊ အတိုင်းအရှည်-ပမာဏ- လောက်သော။ ကင်္ခါ၊ဋီ၊ သစ်။	que llega a la medida / magnitud; que alcanza la medida / magnitud.	reaching the measure / magnitude; amounting to the measure / magnitude.	left out: citation 'ကင်္ခါ၊ဋီ၊ သစ်'
210288	pamāda	(၁) မေ့လျော့ခြင်း။ (က) သတိ ကင်းလွတ်ခြင်း။ (ခ) ငိုက်မျဥ်းခြင်း။ (၂) မူး ယစ်ခြင်း။ (၃) မေ့လျော့ကြောင်း။ (၄) မေ့ လျော့ရာ(အခါ)။ (တိ) (၅) မေ့လျော့သော၊ မေ့လျော့ခြင်းရှိသော၊သူ။ (၁) မေ့လျော့ခြင်း။ (က) သတိကင်းလွတ် ခြင်း။ (ခ) ငိုက်မျဥ်း ခြင်း။ (၂) မူးယစ်ခြင်း။ (၃) မေ့လျော့ကြောင်း။ «S1» (၄) မေ့လျော့ရာ (အခါ)။ «S2» (၅) မေ့လျော့ သော၊ မေ့လျော့ခြင်းရှိသော၊သူ။	(1) el descuido: (a) el estar privado de *sati*; (b) el adormecerse. (2) la embriaguez. (3) la causa del descuido. Véase [[pamādacetanā]]. (4) el momento en que se descuida. Véase [[pamādakāla]]. (adjetivo) (5) descuidado; que tiene descuido (dicho de una persona).	(1) heedlessness: (a) being devoid of *sati*; (b) dozing. (2) intoxication. (3) the cause of heedlessness. See [[pamādacetanā]]. (4) the time when one is heedless. See [[pamādakāla]]. (adjective) (5) heedless; having heedlessness (said of a person).	senses (1)-(5) printed twice in the source; translated once, placeholders at their place in the second copy
210289	pamāda	မေ့လျော့ခြင်းရှိသော၊ သူ။ အထက်ပုဒ် (၅) ကြည့်။ ပမာဒ၃ (ကြိ) [ပ+မဒ+ယ+ဩ။ ဤပုဒ်ကား ဒိဝါဒိ ဂိုဏ်း ပပုဗ္ဗ မဒဓါတ်, ယပစ္စည်း, ဟိယျတ္တနီ ဩဝိဘတ်ဖြင့် ပြီးသောပုဒ်တည်း။ ဩ-ကို အ-ပြု၊ ယပစ္စည်းကို ချေ၊ မ-၏ အ-ကို အာ-ဒီဃ ပြု၍ ပြီးသောရုပ်အထူးတည်း။ မောဂ်၊ထို့အတူပင် ဟိယျတ္တနီ ဩဝိဘတ်ဖြင့် ပမာဒေါ, တ္ထဝိဘတ်ဖြင့် ဥံဝိဘတ် ဖြင့် ပမာဒိံသု၊ ကာလာတိပတ္တိဿံဝိဘတ်ဖြင့် ပမာဒဿံ-ရုပ်များဖြစ်ကြသည်။ ] မေ့လျော့-သတိကင်းလွတ်-လော့။ မာ	que tiene descuido (dicho de una persona). Véase la entrada anterior (5). *pamāda* 3 (verbo) ¡descuídate / quédate privado de *sati*!	having heedlessness (said of a person). See the preceding headword (5). *pamāda* 3 (verb) be heedless / be devoid of *sati*!	a second homonym (ကြိ, aorist form in the prohibitive with 'မာ') is run on; its grammatical analysis in [ ] and the trailing 'မာ' left out; with mā the sense is prohibitive ('do not be heedless')
210291	pamādakara	မေ့လျော့ခြင်းကို-ပြု-ဖြစ်စေ-တတ်သော(တရား)။ “ပမာဒကရာ”တိ။	que suele hacer / producir el descuido (estado).	apt to make / produce heedlessness (a state).	left out: quotation '“ပမာဒကရာ”တိ'
210292	pamādakaradhamma	မေ့လျော့ခြင်းကို-ပြု-ဖြစ်စေ-တတ်သောတရား။ ဣတိဝုတ်၊ဋ္ဌ။	el estado que suele hacer / producir el descuido.	the state that makes / produces heedlessness.	left out: citation 'ဣတိဝုတ်၊ဋ္ဌ'
210293	pamādakāraṇa	(၁)မေ့လျော့ ခြင်းဟူသောအကြောင်း။ (၂) မေ့လျော့ခြင်း၏ အကြောင်း။ (၁) «S1» (ဣတိဝုတ်၊ဋ္ဌ။	(1) la causa que es el descuido. (2) la causa del descuido. (1) Véase [[pamādādhikaraṇa]].	(1) the cause that is heedlessness. (2) the cause of heedlessness. (1) See [[pamādādhikaraṇa]].	left out: citation '(ဣတိဝုတ်၊ဋ္ဌ'
210294	pamādakāraṇaṭṭha	လျော့ခြင်း၏ အကြောင်း၏ အဖြစ်ဟူသော-အနက်-သဘော။	el significado / sentido del hecho de ser la causa del descuido.	the meaning / sense of the state of being the cause of heedlessness.	text begins 'လျော့ခြင်း' (probably 'မေ့လျော့ခြင်း' truncated)
210298	pamādakilesavimutta	မေ့လျော့ခြင်းကြောင့်ဖြစ်သော ကိလေ-သာတို့မှ လွတ်မြောက်သော၊သူ။	liberado de los *kilesa* que surgen a causa del descuido (dicho de una persona).	freed from the *kilesa* that arise because of heedlessness (said of a person).	hyphen: ကိလေ-သာ read as one word
210301	pamādacetanā	မေ့လျော့ ကြောင်းစေတနာ၊ မေ့လျော့ခြင်း၏အကြောင်း ဖြစ်သော စေတနာ။ “သုရာမေရယမဇ္ဇပ္ပမာဒေါ”။	la *cetanā* que es causa del descuido; la *cetanā* que es la causa del descuido.	the *cetanā* that is a cause of heedlessness; the *cetanā* that is the cause of heedlessness.	left out: quotation '“သုရာမေရယမဇ္ဇပ္ပမာဒေါ”'
210302	pamādajīvita	မေ့မေ့လျော့လျော့ အသက်ရှင်ခြင်း။ (ဇီဝိတုန္တိပဒံ သီဟဠ-မူလေ နတ္ထိ၊)။	el vivir descuidadamente.	living heedlessly.	left out: Pāḷi textual note '(ဇီဝိတုန္တိပဒံ သီဟဠ-မူလေ နတ္ထိ၊)' (the word is absent in the Sinhalese text)
210303	pamādaṭṭhāna	(၁)မေ့လျော့ရာဖြစ် သော- အရာ- ဌာန။ (၂) မေ့လျော့ခြင်း၏ (တည်ရာ) အကြောင်း။ “ပမာဒေါ။ ပ။ ဌာန”န္တိ။	(1) la cosa / el lugar en que se da el descuido. (2) la causa (el asiento) del descuido.	(1) the thing / place in which heedlessness occurs. (2) the cause (the seat) of heedlessness.	left out: quotation '“ပမာဒေါ။ ပ။ ဌာန”န္တိ'
210304	pamādaṭṭhānānuyoga	မေ့လျော့ခြင်း၏အကြောင်းကို အား ထုတ်ခြင်း။ “ စာ”။ ပမာဒပက္ခိက	el aplicarse a la causa del descuido.	devoting oneself to the cause of heedlessness.	left out: fragment '“ စာ”' and trailing 'ပမာဒပက္ခိက'
210306	pamādaniddā	(၁)မေ့လျော့ခြင်း တည်းဟူသော- အိပ်- အိပ်ပျော်- ခြင်း။ (တိ) (၂) မေ့လျော့ခြင်းတည်းဟူသော-အိပ်-အိပ် ပျော်- ခြင်း- ရှိသော၊ သူ။ ဣတိဝုတ်၊ဋ္ဌ။ “ကသ္မာ”။	(1) el dormir / quedarse dormido que es el descuido. (adjetivo) (2) que tiene el dormir / quedarse dormido que es el descuido (dicho de una persona).	(1) the sleeping / falling asleep that is heedlessness. (adjective) (2) having the sleeping / falling asleep that is heedlessness (said of a person).	left out: citation 'ဣတိဝုတ်၊ဋ္ဌ' and quotation '“ကသ္မာ”'
210311	pamādappaccaya	မေ့လျော့ခြင်းဟူ သော အကြောင်း။ ဝိ၊သင်္ဂဟ။	la causa que es el descuido.	the cause that is heedlessness.	left out: citation 'ဝိ၊သင်္ဂဟ'
210312	pamādapaṭipakkha	မေ့လျော့ခြင်း ၏ဆန့်ကျင်ဖက်(မမေ့မလျော့ခြင်း)။ ဣတိဝုတ်၊ဋ္ဌ။	lo opuesto del descuido (el no descuidarse).	the opposite of heedlessness (not being heedless).	left out: citation 'ဣတိဝုတ်၊ဋ္ဌ'
210314	pamādapatirūpaka	ဖြစ်သော မေ့လျော့ခြင်း၊ မေ့လျော့ခြင်းအတု။	… descuido que se da; la imitación del descuido.	… heedlessness that occurs; a counterfeit of heedlessness.	text begins 'ဖြစ်သော' and looks truncated at the start
210316	pamādapāṭha	မေ့လျော့ခြင်းကြောင့်-ရွတ်ဆို-ရေးသား-အပ်သော-ပါဌ်-ပါဠိ။ “ဗဟူတေ” ဣတိ စ “ဗဟူကေ”။ ပမာဒလေခ။	la lectura / el texto recitado / escrito por descuido.	the reading / text recited / written through heedlessness.	left out: quotations '“ဗဟူတေ” ဣတိ စ “ဗဟူကေ”' and trailing 'ပမာဒလေခ'
210321	pamādalekha	မေ့လျော့ ခြင်းကြောင့် ရေးသားအပ်သော- ပါဌ်-ပါဠိ-စကား။ (သန္တေ)။ “စတုစတ္တာလီသာဓိကသတေသူ”။	la lectura / el texto / las palabras escritos por descuido.	the reading / text / words written through heedlessness.	left out: '(သန္တေ)' and quotation '“စတုစတ္တာလီသာဓိကသတေသူ”'
210324	pamādavatā	န္တု-ကို အ-ပြု။ မောဂ်၊တနည်း — ကေသဝကဲ့သို့ အဿတ္ထိအနက်၌ ဝ-ပစ္စည်း။ မေ့-လျော့ခြင်းရှိသူ၏အဖြစ်၊ မေ့လျော့ ခြင်း။	el hecho de ser quien tiene descuido; el descuido.	the state of being one who has heedlessness; heedlessness.	hyphen: မေ့-လျော့ read as one word. Left out: grammarian's note at the start ('န္တု-ကို အ-ပြု။ မောဂ်၊တနည်း — … ဝ-ပစ္စည်း')
210326	pamādavisesa	မေ့လျော့ ခြင်းအထူး၊ ထူးသော မေ့လျော့ခြင်း။ သော ဟိ။	un descuido especial; un descuido particular.	a special heedlessness; a particular heedlessness.	left out: fragment 'သော ဟိ'
210330	pamādassaṁ	မေ့လျော့-သတိကင်းလွတ်-ပြီ။ «S1»	se ha descuidado / ha quedado privado de *sati*. Véase [[pamāda3]].	has become heedless / devoid of *sati*. See [[pamāda3]].	the Burmese has the past with ပြီ; the headword is a conditional (-ssaṁ, 1st person), rendered in the 3rd person as the Burmese does not mark it
210332	pamādahetuka	လျော့ခြင်းဟူသော အကြောင်းရှိသော၊ မေ့ လျော့ခြင်းကြောင့်ဖြစ်သော။	que tiene como causa el descuido; que surge a causa del descuido.	having heedlessness as cause; arising because of heedlessness.	text begins 'လျော့ခြင်း' (probably 'မေ့လျော့ခြင်း' truncated)
210333	pamādādhikaraṇa	လျော့ခြင်းဟူသောအကြောင်း။	la causa que es el descuido.	the cause that is heedlessness.	text begins 'လျော့ခြင်း' (probably 'မေ့လျော့ခြင်း' truncated)
210335	pamādānupatita	(ရှေး ရှေး) မေ့လျော့ခြင်းသို့ အစဥ်- ကျရောက်-လိုက်ပါ-သော။	(desde antes) que ha caído / ha llegado / se ha dejado llevar sucesivamente al descuido.	(from earlier on) that has successively fallen / come / been carried along into heedlessness.	'(ရှေး ရှေး)' read as 'from earlier on'
210336	pamādāpatti	မေ့လျော့ခြင်း သို့ ရောက်ခြင်း။ နေတ္တိ၊ဋီ။	el llegar al descuido.	falling into heedlessness.	left out: citation 'နေတ္တိ၊ဋီ'
210337	pamādāpattihetu	လျော့ခြင်းသို့ ရောက်ခြင်း၏ အကြောင်း။ ဣတိဝုတ်၊ဋ္ဌ။	la causa del llegar al descuido.	the cause of falling into heedlessness.	text begins 'လျော့ခြင်း' (probably 'မေ့လျော့ခြင်း' truncated). Left out: citation 'ဣတိဝုတ်၊ဋ္ဌ'
210341	pamādāvaha	မေ့လျော့ ခြင်းကို-ဆောင်-ဖြစ်စေ-တတ်သော (ကာမ ဂုဏ်)။ “စိတ္တပ္ပမာဒိနော”။	que suele traer / producir el descuido (los *kāmaguṇa*).	apt to bring / produce heedlessness (the *kāmaguṇa*).	left out: quotation '“စိတ္တပ္ပမာဒိနော”'
210345	pamāya	နှုိင်းရှည့်- စူးစမ်း-ဆင်ခြင်-၍။ မဟာနိ။ ပမာယာ။ ပမာယ၂ (ကြိ၊ဝိ) [ပ+မီ+တွာ။ ဤ-ကို အာ-ပြု၊ တွာ-ကို ယ-ပြု။ မီ ဟိံသာယံ။ သိ သေဝါယံ၊ “ကွစိဓါတူ”တိအာဒိနာ ဣကာရဿ အာ-တ္တံ၊ နိဿာယ, နိဿိတွာ။ ] ညှဥ်းဆဲ-နှိပ်စက်-ပယ်ဖျက်-၍။	habiendo comparado / examinado / reflexionado. *pamāya* 2 (calificativo verbal) habiendo atormentado / oprimido / suprimido.	having compared / investigated / reflected. *pamāya* 2 (verbal qualifier) having tormented / oppressed / done away with.	a second homonym is run on. Left out: citation 'မဟာနိ', variant 'ပမာယာ' and the grammatical analysis in [ ] of homonym 2
210347	pamāyī	နှုိင်းရှည့်- စူးစမ်း-လေ့ရှိသော၊သူ။ (ပမာယန္တံ၊သီ၊က၊)၊ နေတ္တိ။	que suele comparar / examinar (dicho de una persona).	in the habit of comparing / investigating (said of a person).	left out: '(ပမာယန္တံ၊သီ၊က၊)' (variant reading with source tags) and citation 'နေတ္တိ'
210352	pamiṇāti	နှုိင်းယှဥ်- နှုိင်းချိန်-တိုင်းတာ-ပိုင်းခြား- ၏။ ပမိဏန္တီ (အရဟန္တိ)။ ပမိနိ —	compara / sopesa / mide / delimita.	compares / weighs / measures / delimits.	left out: forms 'ပမိဏန္တီ (အရဟန္တိ)။ ပမိနိ —'
210353	pamināti	နှုိင်းယှဥ်- နှုိင်းချိန်-တိုင်းတာ-ပိုင်းခြား- ၏။ ပမိဏန္တီ (အရဟန္တိ)။ ပမိနိ —	compara / sopesa / mide / delimita.	compares / weighs / measures / delimits.	left out: forms 'ပမိဏန္တီ (အရဟန္တိ)။ ပမိနိ —'
210359	pamilāpetvā	ညှုိးနွမ်း-ခြောက်ခမ်း-စေ၍၊ ပင်ပန်း-နွမ်းလျ-မရွှင်ပျ-ပမုခ စေ၍။	habiendo hecho marchitarse / secarse; habiendo hecho fatigarse / languidecer / perder la alegría.	having caused to wither / dry up; having caused to be wearied / languid / joyless.	'ပမုခ' after 'မရွှင်ပျ-' looks stray (from the next headword); left out
210363	pamukhaṭṭhāna	ရှေးဦး-ရှေးဖျား-အရပ်။ သီ)။	el lugar delantero / frontal.	the foremost / front place.	left out: fragment 'သီ)'
210364	pamukhadvāra	ဆင်ဝင်-တံခါး-တံခါး ပေါက်။ ဝိ၊သင်္ဂဟ။	el pórtico / la puerta / el vano de la puerta.	the porch / door / doorway.	left out: citation 'ဝိ၊သင်္ဂဟ'
210366	pamukhamahācatussālā	ဆင်ဝင်နှင့်တကွ မုခ်ထွက် ၄-ခု ရှိသော-အိမ်-ကျောင်း-ဇရပ်-ကြီး။ “အပရိစ္ဆိန္နဂဗ္ဘူပစာရေ”။ စတုဿာလဘတ္တ။ ပါစိတ်၊ယော။	la gran casa / el gran monasterio / el gran albergue que tiene pórtico y cuatro salidas.	the great house / monastery / rest-house having a porch and four exits.	left out: quotation '“အပရိစ္ဆိန္နဂဗ္ဘူပစာရေ”', 'စတုဿာလဘတ္တ' and citation 'ပါစိတ်၊ယော'
210367	pamukhamiddhikā	ကျောင်းဦး-ဆင်ဝင်- အကျည်။ အာလိန္ဒကမိဒ္ဓိကာဒီနန္တိ ပမုခမိဒ္ဓိကာဒီနံ။ ဝဇိရ။	la ‹အကျည်› del frente del monasterio / del pórtico.	the ‹အကျည်› at the front of the monastery / of the porch.	'အကျည်' unclear (a platform or plinth?). Left out: Pāḷi gloss 'အာလိန္ဒကမိဒ္ဓိကာဒီနန္တိ…' and citation 'ဝဇိရ'
210368	pamukhamiḍḍhikā	ကျောင်းဦး-ဆင်ဝင်- အကျည်။ အာလိန္ဒကမိဒ္ဓိကာဒီနန္တိ ပမုခမိဒ္ဓိကာဒီနံ။ ဝဇိရ။	la ‹အကျည်› del frente del monasterio / del pórtico.	the ‹အကျည်› at the front of the monastery / of the porch.	'အကျည်' unclear (a platform or plinth?). Left out: Pāḷi gloss 'အာလိန္ဒကမိဒ္ဓိကာဒီနန္တိ…' and citation 'ဝဇိရ'
210369	pamukhayoni	မြင့်မြတ်-ပြဋ္ဌာန်း-သော အမျိုးဇာတ်။ ပမုခယောနီန။ တေနာဟ “ဥတ္တမ-ယောနီန”န္တိ။	el nacimiento / la estirpe excelsa / eminente.	the excellent / eminent birth / lineage.	left out: quotations 'ပမုခယောနီန။ တေနာဟ “ဥတ္တမ-ယောနီန”န္တိ'
210374	pamuccati	လွတ်- လွတ်ကင်း- လွတ် မြောက်- ၏။ “ဥပါဒါန”။ ပမုစ္စန္တိ — ထေရီ။ ပမုစ္စေ — ပမုစ္စိ — ပမောက္ခတိ — ၂၄၈-၉။ ပမောက္ခာမိ — ပမုစ္စိဿာမ —	se suelta / queda libre / se libera.	gets loose / becomes free / is liberated.	left out: quotation '“ဥပါဒါန”' and the list of inflected forms with — and page numbers (ပမုစ္စန္တိ … ပမုစ္စိဿာမ)
210385	pamucchita	မောဂ်၊ ပြင်းစွာဖြစ်သော-တွေဝေ-မိန်းမော-ခြင်းရှိသော၊ တွေဝေ-မိန်းမော-ခြင်းသို့ ရောက် သော၊ သူ။	que tiene un aturdimiento / desvanecimiento intenso; que ha llegado al aturdimiento / desvanecimiento (dicho de una persona).	having an intense dazedness / swoon; that has fallen into dazedness / a swoon (said of a person).	left out: source tag 'မောဂ်' at the start
210387	pamuñcati	လွှတ်၏၊ လွတ်- လွတ်ကင်း- လွတ်မြောက်-စေ၏။ (က) ချွတ်-ချွတ်နုတ်- ၏။ (ခ) ဖြေ-ဖြေဖြုတ်- ၏။ (ဂ) မြက်ဟ-လှစ်ခြေ-သိစေ-၏။ ပမုဉ္စန္တိ —။ ပမုဉ္စထ—ပမုဉ္စဿု — ပမုဉ္စေယျ — ပမုဉ္စေ— ပမုဉ္စိ- ပမုဉ္စိတ္ထ — (က) ချွတ်-ချွတ်နုတ်- ၏။ (ခ) ဖြေ-ဖြေဖြုတ်-၏။ ပမုဉ္စိ — (ဂ) မြက်ဟ-လှစ်ခြေ- သိစေ- ၏။ စူဠနိ။	suelta; hace quedar libre / soltarse / liberarse: (a) quita / despoja; (b) desata / desprende; (c) declara / revela / da a conocer.	releases; causes to be loose / free / liberated: (a) takes off / strips; (b) unties / unfastens; (c) declares / discloses / makes known.	senses (a)-(c) printed twice; translated once. 'မြက်ဟ' read as 'မြွက်ဟ' (to utter, declare). Left out: the list of inflected forms with — and citation 'စူဠနိ'
210389	pamuñcanta	လွှတ်သော၊ လွတ် ကင်း-လွတ်မြောက်-စေသော၊သူ။ သုတ္တနိ။ မဟာနိ။	que suelta; que hace quedar libre / liberarse (dicho de una persona).	releasing; causing to be free / liberated (said of a person).	left out: citations 'သုတ္တနိ။ မဟာနိ'
210390	pamuñcanti	လွှတ်ကုန်၏၊ မြက်ဟ-လှစ်ခြေ-သိစေ- ကုန်၏။ «S1»	sueltan; declaran / revelan / dan a conocer. Véase [[pamuñcati]] (c).	they release; declare / disclose / make known. See [[pamuñcati]] (c).	'မြက်ဟ' read as 'မြွက်ဟ' (to utter, declare)
210391	pamuñcantu	လွှတ်ကုန်လော့၊ မြက်ဟ-လှစ်ခြေ-သိစေ- ကုန်လော့။ «S1»	que suelten; que declaren / revelen / den a conocer. Véase [[pamuñcati]] (c).	let them release; let them declare / disclose / make known. See [[pamuñcati]] (c).	'မြက်ဟ' read as 'မြွက်ဟ' (to utter, declare)
210392	pamuñcasi	လွှတ်ပြီ၊ လွတ် ကင်း-လွတ်မြောက်- စေပြီ။ «S1»	soltó; hizo quedar libre / liberarse. Véase [[pamuñcati]].	released; caused to be free / liberated. See [[pamuñcati]].	the Burmese has the past (ပြီ) for a 2nd-person present headword (-si); rendered as printed, 3rd person
210393	pamuñcassu	လွှတ်လော့၊ မြက်ဟ-လှစ်ခြေ-သိစေ- လော့။ «S1»	suelta; declara / revela / da a conocer. Véase [[pamuñcati]] (c).	release; declare / disclose / make known. See [[pamuñcati]] (c).	'မြက်ဟ' read as 'မြွက်ဟ' (to utter, declare)
210398	pamuñciya	လွှတ်-လွှတ်ပစ်-၍။ အဿုပုဏ္ဏေဟိ နေတ္တေဟိ၊ ပိတရံ သော	habiendo soltado / arrojado.	having released / cast off.	left out: Pāḷi quotation 'အဿုပုဏ္ဏေဟိ နေတ္တေဟိ၊ ပိတရံ သော'
210399	pamuñce	လွှတ်ရာ၏၊ မြက်ဟ-လှစ်ခြေ-သိစေ-ရာ၏။ «S1»	soltaría; declararía / revelaría / daría a conocer. Véase [[pamuñcati]] (c).	would release; would declare / disclose / make known. See [[pamuñcati]] (c).	'မြက်ဟ' read as 'မြွက်ဟ' (to utter, declare)
210400	pamuñceyya	လွှတ်ရာ၏၊ မြက်ဟ-လှစ်ခြေ-သိစေ-ရာ၏။ «S1» ပမုဋ္ဌဘဏ္ဍက	soltaría; declararía / revelaría / daría a conocer. Véase [[pamuñcati]] (c).	would release; would declare / disclose / make known. See [[pamuñcati]] (c).	'မြက်ဟ' read as 'မြွက်ဟ' (to utter, declare). Left out: trailing 'ပမုဋ္ဌဘဏ္ဍက' (next headword)
210403	pamutta	(၁)လွတ်သော။ (က)လွတ်ကင်း-လွတ် မြောက်- သော။ (ခ)ကြေကျသော။ (၂)လွှတ် အပ်သော။ (က)စေလွှတ်အပ်သော၊သူ။ (ခ) စွန့်ပစ်-ပစ်လွှတ်-အပ်သော(မြား)။ (ဂ) စွန့် လွှတ်-စွန့်ပစ်-ကွာရှင်း-အပ်သော (မယား)။ သုတ္တနိ။	(1) libre: (a) libre / liberado; (b) caído (desprendido). (2) soltado: (a) enviado (dicho de una persona); (b) arrojado / disparado (flecha); (c) abandonado / desechado / divorciado (esposa).	(1) free: (a) free / liberated; (b) fallen (dropped off). (2) released: (a) sent (said of a person); (b) cast away / shot (an arrow); (c) relinquished / abandoned / divorced (a wife).	left out: citation 'သုတ္တနိ'
210411	pamuda	(၁) ရွှင်လန်း-ဝမ်း မြောက်- ခြင်း။ (တိ)(၂)ရွှင်လန်း-ဝမ်းမြောက်-ခြင်းရှိသော၊သူ။ “ပါမောဇ္ဇ”။	(1) el alegrarse / regocijarse. (adjetivo) (2) que tiene alegría / regocijo (dicho de una persona).	(1) being glad / rejoicing. (adjective) (2) having gladness / rejoicing (said of a person).	left out: quotation '“ပါမောဇ္ဇ”'
210412	pamudita	(၁) နှစ်သက်-ရွှင်လန်း-ဝမ်း မြောက်-သော၊သူ။ (၂)နှစ်သက်-ဝမ်းမြောက်-အပ်သော (အရာဝတ္ထု)။ “တုဋ္ဌဿာ” “ပမုဒိတဿာ”။ ပမုဒိတော (ဣတိ ဝုတ်။ ၂၂၃)။ ဣတိဝုတ်၊ဋ္ဌ။ (ပမုဒနေ၊ သီ)၊	(1) complacido / alegre / regocijado (dicho de una persona). (2) en que uno se complace / se regocija (objeto).	(1) pleased / glad / rejoicing (said of a person). (2) delighted in / rejoiced in (a thing).	left out: quotations '“တုဋ္ဌဿာ” “ပမုဒိတဿာ”', 'ပမုဒိတော (ဣတိ ဝုတ်။ ၂၂၃)', citation 'ဣတိဝုတ်၊ဋ္ဌ' and variant '(ပမုဒနေ၊ သီ)'
210420	pamuyhāmi	တွေဝေ-မိန်းမော-၏၊ ဉာဏ်-ပညာ-ကင်း၏။ «S1»	me aturdo / me desvanezco; carezco de conocimiento / *paññā*. Véase [[pamuyhati]].	I am dazed / I swoon; I am devoid of knowledge / *paññā*. See [[pamuyhati]].	rendered in the 1st person (headword -mi); the Burmese does not mark the person
210422	pamussana	(ပမ္မုဿတိ၊သီ၊သျာ။ သမ္မုဿတိ၊ ဣ။ ပမုဿန္တိ — ပမု-ဿသိ— (၂)။ ပမုဿန၁(န) [ပ+မုသ+ယ+ယု] (၁)မေ့လျော့-သတိကင်းလွတ်-ခြင်း။ (တိ) (၂) မေ့လျော့-သတိကင်းလွတ်- သော၊ သူ။ ပမူဠှ ပမုဿန၂ (တိ) [ပမုဿန+အ] မေ့လျော့-သတိ ကင်းလွတ်-ခြင်းရှိသော၊ သူ။ အထက်ပုဒ် (၂) ကြည့်။	*pamussana* 1 (neutro) (1) el descuidarse / quedar privado de *sati*. (adjetivo) (2) descuidado / privado de *sati* (dicho de una persona). *pamussana* 2 (adjetivo) que tiene el descuidarse / la privación de *sati* (dicho de una persona). Véase la entrada anterior (2).	*pamussana* 1 (neuter) (1) being heedless / becoming devoid of *sati*. (adjective) (2) heedless / devoid of *sati* (said of a person). *pamussana* 2 (adjective) having heedlessness / the lack of *sati* (said of a person). See the preceding headword (2).	no label; the text holds two homonyms. Left out: variant readings with source tags at the start ('(ပမ္မုဿတိ၊သီ၊သျာ။ …'), the inflected forms with —, the grammatical analyses in [ ] and the stray 'ပမူဠှ'
210426	pamussitvā	မေ့လျော့-သတိကင်းလွတ်-၍။ ပါစိတ်၊ယော။	habiéndose descuidado / quedado privado de *sati*.	having been heedless / become devoid of *sati*.	left out: citation 'ပါစိတ်၊ယော'
210427	pamūl̤ha	တွေဝေ-မိန်းမော- သော၊ မိုက်မဲ-မိုက်မှား-သော၊ သူ။ သုတ္တနိ။ ပမူဠှာတိ .... မုယှန္တိ သမ္မုယှန္တိ သမ္ပမုယှန္တိ မူဠှာ သမ္မူဠှာ သမ္ပမူဠှာ။	aturdido / desvanecido; necio / extraviado (dicho de una persona).	dazed / swooning; foolish / misguided (said of a person).	left out: citation 'သုတ္တနိ' and Pāḷi gloss 'ပမူဠှာတိ .... သမ္ပမူဠှာ'
210428	pamūl̤hacitta	ပြင်းစွာတွေဝေသော စိတ်ရှိသော၊ သူ။ ပမူဠှစိတ္တာတိ ဒိသာ-သံသယသုမူဠှစိတ္တာ။	que tiene una mente intensamente aturdida (dicho de una persona).	having an intensely dazed mind (said of a person).	left out: Pāḷi gloss 'ပမူဠှစိတ္တာတိ ဒိသာ-သံသယသုမူဠှစိတ္တာ'
210429	pamūl̤hasañña	ပြင်းစွာတွေဝေ သော-အမှတ်-သညာ-ရှိသော၊သူ။ (ပမူဠှသညီ။ သီ)။	que tiene una percepción / *saññā* intensamente aturdida (dicho de una persona).	having an intensely dazed perception / *saññā* (said of a person).	left out: variant '(ပမူဠှသညီ။ သီ)'
210435	pameyya	(က) နှုိင်းယှဥ်- တိုင်းတာ- အပ်- သင့်-ထိုက်- သော။ (ခ) ပိုင်းခြား-ရေတွက်- အပ်-သင့်- ထိုက်- သော။ ဝဇိရ။	(a) que ha de ser / conviene que sea / merece ser comparado / mensurado. (b) que ha de ser / conviene que sea / merece ser delimitado / contado.	(a) to be / fit to be / worthy to be compared / gauged. (b) to be / fit to be / worthy to be delimited / counted.	left out: citation 'ဝဇိရ'
210437	pamokkha	(၁) လွတ်ကင်း-လွတ်မြောက်-ခြင်း။ (၂) လွတ်ကင်း-လွတ် မြောက်- ကြောင်းတရား (မဂ်, ဖိုလ်)။ (၃) လွတ်ကင်း - လွတ်မြောက် - ရာ တရား (နိဗ္ဗာန်)။ (၄) မြှားလွှပင်၊ မြှားဆိပ်ပင်၊ ပမောက္ခ (ရှေးနိသျ)။ သစ်ဆွဲလဲ (ဝိ၊ဓါန်၊သျ)။ (တိ) (၅) မြင့်မြတ်-ပြဋ္ဌာန်း-သော (တရား)။ (၁) လွတ်ကင်း- လွတ်မြောက်- ခြင်း။ ဣတိဝါဒပ္ပမောက္ခာနိသံသာ စာ။ (၂) လွတ်ကင်း-လွတ် မြောက်- ကြောင်းတရား (မဂ်, ဖိုလ်)။ (၃) လွတ်ကင်း-လွတ်မြောက်-ရာတရား(နိဗ္ဗာန်)။ “ပမောက္ခော”။ (၄) မြှားလွှပင်၊ မြှားဆိပ်ပင်၊ သစ်ဆွဲလဲ။ ဂောလီသော ဈာဋလော ဘဝေ။ ဓါန်။ ပါဋလိပုပ္ဖါကာရော ဒီဃဖလော ရုက္ခော၊ ပမောက္ခောပိ။ ဓါန်၊ဋီ။ ကင်္ခါ၊ဋီ၊သစ်။ သံ၊ဋီ၊	(1) el quedar libre / liberarse. (2) el estado que es medio de quedar libre / liberarse (*magga*, *phala*). (3) el estado en que se queda libre / se libera (*nibbāna*). (4) el árbol ‹မြှားလွှ›; el árbol ‹မြှားဆိပ်›; ‹သစ်ဆွဲလဲ›. (adjetivo) (5) excelso / eminente (estado).	(1) becoming free / being liberated. (2) the state that is the means of becoming free / being liberated (*magga*, *phala*). (3) the state in which one becomes free / is liberated (*nibbāna*). (4) the ‹မြှားလွှ› tree; the ‹မြှားဆိပ်› tree; ‹သစ်ဆွဲလဲ›. (adjective) (5) excellent / eminent (a state).	senses (1)-(4) printed twice; translated once. Trees in (4) unidentified (‹မြှားဆိပ်› 'arrow-poison' tree?). Left out: source tags '(ရှေးနိသျ)', '(ဝိ၊ဓါန်၊သျ)', the Pāḷi 'ပမောက္ခ', quotations and citations (ဓါန်, ဓါန်၊ဋီ, ကင်္ခါ၊ဋီ၊သစ်, သံ၊ဋီ)
210439	pamokkhattha	လွတ်-လွတ် ပမောက္ခာမိ ကင်း- လွတ်မြောက်- ခြင်းဟူသော အကျိုး။	el beneficio que es el soltarse / quedar libre / liberarse.	the benefit that is getting loose / becoming free / being liberated.	left out: stray 'ပမောက္ခာမိ' inside 'လွတ်ကင်း'
210446	pamocana	(၁) လွတ်-လွတ်ကင်း-လွတ်မြောက်- ခြင်း။ (၂) လွတ်-လွတ်ကင်း-လွတ်မြောက်-ကြောင်း-ရာ (နိဗ္ဗာန်)။ ဝဇိရ။	(1) el soltarse / quedar libre / liberarse. (2) el medio / el lugar de soltarse / quedar libre / liberarse (*nibbāna*).	(1) getting loose / becoming free / being liberated. (2) the means / place of getting loose / becoming free / being liberated (*nibbāna*).	left out: citation 'ဝဇိရ'
210447	pamocana	(၁)လွတ်-လွတ် ကင်း-လွတ်မြောက်-စေခြင်း၊ စွန့်လွှတ်-ပယ် ဖျောက်-ခြင်း။ (တိ) (၂) လွတ်-လွတ်ကင်း-လွတ်မြောက်- စေတတ်သော၊ စွန့်လွတ်-ပယ် ဖျောက်- တတ်သော။ စူဠနိ။ (၂) သ ဝေ။	(1) el hacer soltarse / quedar libre / liberarse; el renunciar a / abandonar. (adjetivo) (2) que suele hacer soltarse / quedar libre / liberarse; que suele renunciar a / abandonar.	(1) causing to get loose / become free / be liberated; relinquishing / abandoning. (adjective) (2) apt to cause to get loose / become free / be liberated; apt to relinquish / abandon.	left out: citation 'စူဠနိ' and fragment '(၂) သ ဝေ'
210449	pamocanupāya	လွတ်-လွတ်ကင်း- လွတ်မြောက် - ခြင်း- ၏-အကြောင်း- ဥပါယ်။ သ “နိဗ္ဗာနပ္ပတ္တိယာ”။	la causa / el medio del soltarse / quedar libre / liberarse.	the cause / means of getting loose / becoming free / being liberated.	left out: fragment 'သ' and quotation '“နိဗ္ဗာနပ္ပတ္တိယာ”'
210450	pamocayati	လွတ်-လွတ်ကင်း- လွတ်မြောက်- စေ၏။ ပမောစယိ — ပမောစယိတ္ထ(အဇ္ဇတနီ အာ) —။	hace soltarse / quedar libre / liberarse.	causes to get loose / become free / be liberated.	left out: inflected forms with — ('ပမောစယိ — ပမောစယိတ္ထ(အဇ္ဇတနီ အာ) —')
210452	pamocayāma	လွတ်-လွတ်ကင်း- လွတ်မြောက်- စေကုန်၏။ «S1»	hacemos soltarse / quedar libres / liberarse. Véase [[pamocayati]].	we cause to get loose / become free / be liberated. See [[pamocayati]].	rendered in the 1st person plural (headword -ma); the Burmese (ကုန်၏) does not mark the person
210453	pamocayiṁ	လွတ်-လွတ်ကင်း- လွတ်မြောက်- စေပြီ။ «S1»	hice soltarse / quedar libre / liberarse. Véase [[pamocayati]].	I caused to get loose / become free / be liberated. See [[pamocayati]].	rendered in the 1st person (headword -iṁ); the Burmese does not mark the person
210462	pamoceti	လွတ်-လွတ်ကင်း-လွတ်မြောက်- စေ၏။ ဣတိဝုတ်။ စူဠနိ။ ပမောစေဿာမိ—	hace soltarse / quedar libre / liberarse.	causes to get loose / become free / be liberated.	left out: citations 'ဣတိဝုတ်။ စူဠနိ' and the form 'ပမောစေဿာမိ—'
210467	pamocenti	လွတ်-လွတ်ကင်း-လွတ်မြောက်- စေကုန်၏။ «S1» ပမောဒ	hacen soltarse / quedar libre / liberarse. Véase [[pa-moceti]].	they cause to get loose / become free / be liberated. See [[pa-moceti]].	left out: trailing 'ပမောဒ' (next headword)
210469	pamocesiṁ	လွတ်- လွတ်ကင်း- လွတ်မြောက်- စေပြီ။ «S1»	hice soltarse / quedar libre / liberarse. Véase [[pamoceti]].	I caused to get loose / become free / be liberated. See [[pamoceti]].	rendered in the 1st person (headword -iṁ); the Burmese does not mark the person
210470	pamocesi	လွတ်- လွတ်ကင်း- လွတ်မြောက်- စေ၏။ «S1»	hace soltarse / quedar libre / liberarse. Véase [[pamoceti]].	causes to get loose / become free / be liberated. See [[pamoceti]].	the Burmese has the present (၏) for an aorist headword; rendered as printed
210474	pamoda	နှစ်သက်- ရွှင်လန်း-ဝမ်းမြောက်- ခြင်း။ “အနပမောဒေနာ”။	el complacerse / alegrarse / regocijarse.	being pleased / glad / rejoicing.	left out: quotation '“အနပမောဒေနာ”'
210475	pamodati	မုဒ ဟ⟨a%õ⟩။ မုဒ ဟa⟨%õ⟩၊ ⟨AE¨KjybÂwdo*Frm'dZpdwåjyoma'g [%õ;?⟩ ⟨tu%õu;? rk' ao#fç tm? v#f- arm'awç⟩ ⟨arm'aEÅ/⟩ ဓါတုရူပ ကပ္ပဒ္ဒုမ။ ] နှစ်သက်-ရွှင် လန်း-ဝမ်းမြောက်- ၏။ ဣတိဝုတ်။ ဇာ၊ဋ္ဌ။ ပမောဒန။ ဣတိဝုတ်၊ဋ္ဌ။ ဣတိဝုတ်။ ဣတိဝုတ်၊ဋ္ဌ။ ဣတိဝုတ်၊ဋ္ဌ။ နေတ္တိ၊ဝိ။ ပမောဒတု— ပမောဒထ— ပမောဒေယျံ — ပမောဒိံသု — ပမောဒိဿသိ —	se complace / se alegra / se regocija.	is pleased / is glad / rejoices.	left out: the dhātu analysis with encoding debris in ⟨ ⟩ ('မုဒ ဟ… ဓါတုရူပ ကပ္ပဒ္ဒုမ။ ]'), citations (ဣတိဝုတ်, ဇာ၊ဋ္ဌ, နေတ္တိ၊ဝိ), 'ပမောဒန' and the inflected forms with —
210478	pamodana	(က) နှစ်သက်-ရွှင် လန်း-ဝမ်းမြောက်-ခြင်း။ (ခ)ရောနှော-ပေါင်း စပ်-ခြင်း၊ တပေါင်းတည်းပြုခြင်း။ (ခ) ယာ။ မဟာနိ။ “မောဒနာ”။	(a) el complacerse / alegrarse / regocijarse. (b) el mezclar / combinar; el hacer una sola cosa.	(a) being pleased / glad / rejoicing. (b) mixing / combining; making into one.	left out: '(ခ) ယာ။ မဟာနိ။ “မောဒနာ”' (reference, citation and quotation)
210480	pamodanasaṁvejanavipariyāya	နှစ်သက်- ရွှင်လန်း-ဝမ်းမြောက်- ခြင်း, ထိတ်လန့်စေခြင်းတို့မှ ပြောင်းပြန်ဖြစ်သော သဘော။ အတိသိ-ပမောဒပ္ပဘဝ ထိလဝီရိယတာဒီဟီတိ အာဒိသဒ္ဒေန ပ-မောဒနသံဝေဇနဝိပရိယာယေ သင်္ဂဏှာတိ။	la naturaleza que es lo opuesto del complacerse / alegrarse / regocijarse y del hacer estremecer.	the nature that is the reverse of being pleased / glad / rejoicing and of causing dread.	left out: the Pāḷi commentary passage 'အတိသိ-ပမောဒပ္ပဘဝ … သင်္ဂဏှာတိ'
210482	pamādanuppattiudāna	နှစ်သက်- ရွှင်လန်း- ဝမ်းမြောက်-မှု၏ ဖြစ် ခြင်းကြောင့်ဖြစ်သော ဥဒါန်းစကား။	las palabras de *udāna* que surgen por el surgimiento del complacerse / alegrarse / regocijarse.	the words of *udāna* arising from the arising of being pleased / glad / rejoicing.	the headword is given as 'pamādan…' but the Burmese glosses pamoda- (joy)
210491	pamodayati	နှစ်သက်- ရွှင်လန်း-ဝမ်းမြောက်- စေ၏၊ နှစ်သက်- ရွှင်လန်း-ဝမ်းမြောက်-ခြင်းကို ပြု၏။ “တ”။ ပမောဒယိံသု — ၅၄၇-၈။	hace complacerse / alegrarse / regocijarse; realiza el complacerse / alegrarse / regocijarse.	causes to be pleased / glad / rejoice; brings about being pleased / glad / rejoicing.	left out: fragment '“တ”', the form 'ပမောဒယိံသု —' and page numbers '၅၄၇-၈'
210497	pamodavekalla	နှစ်သက်-ရွှင်လန်း-ဝမ်းမြောက်-မှု၏ ချို့တဲ့ခြင်း။ အတိသိထိလဝီရိယတာဒီဟီတိ အာဒိ-သဒ္ဒေန ပညာပယောဂမန္ဒတံ, ပမောဒဝေကလ္လဉ္စ သင်္ဂဏှာတိ။	la deficiencia del complacerse / alegrarse / regocijarse.	the deficiency of being pleased / glad / rejoicing.	left out: the Pāḷi commentary passage 'အတိသိထိလဝီရိယတာဒီဟီတိ … သင်္ဂဏှာတိ'
210500	pamodahetu	နှစ်သက်-ရွှင်လန်း- ဝမ်းမြောက်- ခြင်း၏ အကြောင်း။ ပမောဒိတ	la causa del complacerse / alegrarse / regocijarse.	the cause of being pleased / glad / rejoicing.	left out: trailing 'ပမောဒိတ' (next headword)
210503	pamodita	(၁) နှစ်သက်-ရွှင် လန်း-ဝမ်းမြောက်-သော၊သူ။ (၂) နှစ်သက်-ရွှင်လန်း-ဝမ်းမြောက်- အပ်- သင့်- ထိုက်-သော။ ပေတ။	(1) complacido / alegre / regocijado (dicho de una persona). (2) en que uno ha de / conviene / merece complacerse / alegrarse / regocijarse.	(1) pleased / glad / rejoicing (said of a person). (2) to be / fit to be / worthy to be delighted / gladdened / rejoiced in.	left out: citation 'ပေတ'
210509	pamoduppi	ရွှင်လန်း-ဝမ်းမြောက်-ခြင်း, ပီတိဖြင့် ပမောဟ ပေါလောပေါ်ခြင်း။	el alegrarse / regocijarse, el flotar (elevarse) con *pīti*.	being glad / rejoicing, floating up with *pīti*.	'ပမောဟ' before 'ပေါလောပေါ်ခြင်း' looks stray (from a nearby headword); left out; 'ပေါလောပေါ်' (to float up) read as buoyancy of joy
210516	paya	ဓါန်။ ⟨....⟩ပါ ပါနေ။ အာဿတ္တံ။ ဓါန်၊ဋီ။ ⟨0eH t&n0g&Dok?⟩ ⟨cD&rSd wk Zav ya,m/ "mef/ 1063/⟩။ ⟨ y,; uDvmv⟩ ⟨rrÂwH ZD0eH bk0eH 0erf/ tr&/10?3/⟩ ⟨y,awç yD,aw 0g? y, *awmf (bGm?⟩ ⟨tm?ao)? yDif ygae ('d?tm?t) 0g tokef⟩ ⟨(O?4?189/)/ Asmcsmok"m/ y,of (e) yg+⟩ ⟨tokef? £um&$ögEÅma'$;/ 'ka*¨ç Zav p/⟩ ⟨axmr/ 1-'ka*¨ç 2-Zav p? ar'eD/ 3-⟩ ⟨taEéç 4-&maMwmf p/ 0gpyÜwd/»⟩(၁) နို့ရည်။ (၂) ရေ။ (၂) ထောင့်ကွင်းကြည့်။	(1) leche. (2) agua. (2) Véanse los corchetes.	(1) milk. (2) water. (2) See the square brackets.	'ထောင့်ကွင်းကြည့်' rendered literally. Left out: citations and a long run of encoding debris in ⟨ ⟩ at the start
210517	payata	ဓါန်။ တော။ ဓါန်၊ဋီ။ ⟨y0dMw; jy,w; ylw;?⟩ ⟨yg%@m; o0õvd*Øe/tr&?17?45/ jy,päwd⟩ ⟨o®? ,ar &urõuw‹mwf uwåõ&d uå; (3?⟩ ⟨4?72)/ ,'Gg jy,waw? ,wD jy,awé⟩ ⟨(bGm?tm?ao) tp (3?1?134)/ Asmcsmok"m/⟩ ⟨jy,w (Bwd) jy+,r+uå/ y0daMwç oH,-⟩ ⟨aw/tr&/ jy+,w+tpf/ jy,wé0d$daÌ/⟩ ⟨jyyl0õw‹ ,ar'õgemxõumwf ur®õPd uå;/⟩ ⟨3-'awå p/ jy,w'uËdPrf/ Ù?31?14/⟩ ⟨0gpoÜws/» ⟩(၁) (အကျင့်ဖြင့်) ဖြူစင်-သန့် ရှင်း-စင်ကြယ်- သော၊သူ။ (၂) ပေးကမ်း-လှူဒါန်း-ပူဇော်-အပ်သော (လှူဖွယ်ဝတ္ထု)။	(1) blanco / limpio / puro (por la conducta) (dicho de una persona). (2) dado / donado / ofrecido (objeto de donación).	(1) clean / pure / spotless (in conduct) (said of a person). (2) given / donated / offered (an object of donation).	left out: citations 'ဓါန်။ တော။ ဓါန်၊ဋီ' and encoding debris in ⟨ ⟩
210518	payatapāṇi	ဖြူစင်-သန့်ရှင်း-စင်ကြယ်-သော လက်ရှိသော၊ ဆေးကြော-သုတ်သင်-အပ်ပြီး သော လက်ရှိသော၊ သူ။ ၃၀၆၊၃၄၁-၂-၁၁၀-၃၊ ၅၃၂၊နေတ္တိ။ “လောဟိတပါဏီ” “ပယတပါဏီ”။	que tiene las manos blancas / limpias / puras; que tiene las manos lavadas / limpiadas (dicho de una persona).	having clean / pure / spotless hands; having hands washed / cleansed (said of a person).	left out: page numbers '၃၀၆၊၃၄၁-၂-၁၁၀-၃၊ ၅၃၂', citation 'နေတ္တိ' and quotations '“လောဟိတပါဏီ” “ပယတပါဏီ”'
210520	payasati	လုံ့လပြု၏၊ အားထုတ်-ကြိုးစား- ၏။ (ပယုဉ္ဇတိ)။	se empeña; se aplica / se esfuerza.	makes effort; exerts oneself / strives.	left out: the Pāḷi equivalent '(ပယုဉ္ဇတိ)'
210521	payassa	နို့အထူး (နို့ဓမ်း, ရက် တက်, ဆီဦး, ထောပတ်)။ ထောင့်ကွင်းနှင့် အောက်ပုဒ်-ကြည့်။	leche especial (‹နို့ဓမ်း›, ‹ရက်တက်›, ‹ဆီဦး›, ‹ထောပတ်›). Véanse los corchetes y la entrada siguiente.	special milk (‹နို့ဓမ်း›, ‹ရက်တက်›, ‹ဆီဦး›, ‹ထောပတ်›). See the square brackets and the next headword.	the four milk products probably curd, buttermilk, fresh butter, ghee (dadhi, takka, navanīta, sappi): tentative. 'ထောင့်ကွင်း' rendered literally
210522	payassahārī	ကုမ္ဘဏ်၊ ဒါနောရက္ခိုသ်။ (ဘာရီ။ သီ။ )၊	*kumbhaṇḍa*; *dānava* *rakkhasa*.	*kumbhaṇḍa*; *dānava* *rakkhasa*.	'ဒါနောရက္ခိုသ်' read as dānava-rakkhasa. Left out: variant '(ဘာရီ။ သီ။ )'
210523	payassī	နို့ရည်ရှိသော၊ သူ။ တပါ-ဒိတော သီ။	que tiene leche (dicho de una persona).	having milk (said of a person).	left out: fragment 'တပါ-ဒိတော သီ'
210524	payāga	လွန်ကဲ-မြင့်မြတ်-သော-ပူဇော်-ကောင်းမှုပြု- ခြင်း။ «S1»	el ofrecer / hacer buenas acciones de modo excelso / noble. Véase [[payāga-patiṭṭhāna]].	making excellent / noble offerings / good deeds. See [[payāga-patiṭṭhāna]].	hyphen chain 'လွန်ကဲ-မြင့်မြတ်-သော-ပူဇော်-ကောင်းမှုပြု-ခြင်း' read as excellent / noble + offering / doing good deeds
210525	payāga	လွန်ကဲ-မြင့်မြတ်-သော-ပူဇော်-ကောင်းမှုပြု-ရာ အရပ်။ (က) ပယာဂဆိပ်ကမ်း။ (ခ) ပယာဂရွာ။ (က) ပယာဂဆိပ်ကမ်း။ (လောကီ နည်း မဇ္ဈိမဒေသ အပိုင်းအခြား အရှေ့ဘက် နိမိတ်-စသည်ဖြင့် နိမိတ်လေးရပ် သတ်မှတ် ပိုင်းခြားရာတွင် (၁) အရှေ့ဘက်နိမိတ်ကား ပယာဂဆိပ်ကမ်းဖြစ်၍ တည်ရာအားဖြင့် ဂင်္ဂာမြစ်နှင့် ယမုနာ(ဇမုနာ) မြစ်နှစ်ခုဆုံရာ ကောသမ္ဗီမြို့အနီး ယခု ဧလာဟာဗာဒ်ခေါ် မြို့တည်ရာ ဖြစ်သည်။ ဗုဒ္ဓသာသနိက ပဌဝီ ဝင်ကျမ်း။ နှာ- ၇၁။ (ခ)  «S1»	el lugar donde se ofrecen / hacen buenas acciones de modo excelso / noble: (a) el embarcadero de *payāga*; (b) la aldea de *payāga*. (a) El embarcadero de *payāga*. (Según el método mundano, al fijar y delimitar los límites del *majjhimadesa* por cuatro señales, la señal del este y demás, (1) la señal del este es el embarcadero de *payāga*, que por su ubicación está donde confluyen los dos ríos *gaṅgā* y *yamunā* (*jamunā*), cerca de la ciudad de *kosambī*, en el lugar de la ciudad hoy llamada Allahabad.) (b) Véase [[payāgapatiṭṭhāna]].	the place where excellent / noble offerings / good deeds are made: (a) the landing-place of *payāga*; (b) the village of *payāga*. (a) The landing-place of *payāga*. (By the worldly method, in fixing and delimiting the boundaries of the *majjhimadesa* by four marks, the eastern mark and so on, (1) the eastern mark is the landing-place of *payāga*, which by its location is where the two rivers *gaṅgā* and *yamunā* (*jamunā*) meet, near the city of *kosambī*, on the site of the city now called Allahabad.) (b) See [[payāgapatiṭṭhāna]].	'ဧလာဟာဗာဒ်' rendered Allahabad. Left out: the book title 'ဗုဒ္ဓသာသနိက ပဌဝီဝင်ကျမ်း' and page 'နှာ- ၇၁'
210530	payāta	(၁) အားထုတ်-ပြုလုပ်-အပ်သော။ (၂) ရှေ့ရှူဆောင်ယူ ပေး လှူအပ်သော။ (က) ကုဗ္ဗီး-ကုတ်ဟီး-ထမင်း၊ သေသူအား ရည်စူး၍ ပေးအပ်သော ထမင်း။ (ခ) နိစ္စဘတ်၊ အမြဲဝတ်တည်အပ်သော ပယာတ၂ ထမင်း။ (ဤ၌ ဋ္ဌ, ဋီ သံဝဏ္ဏနာတို့ကို ရှု၍ ပပုဗ္ဗ ဒါနတ္ထ ယမဓါတ်+တပစ္စည်းဖြင့် “ပယတ”သာ ပါဌ် မှန် ဖြစ်ရာ၏။ ပယတ-ပုဒ် ထောင့်ကွင်းကို ကြည့်။	(1) emprendido / hecho. (2) llevado adelante y donado: (a) arroz ‹ကုဗ္ဗီး› / ‹ကုတ်ဟီး›, el arroz dado en intención de un difunto; (b) *niccabhatta*, el arroz establecido de forma permanente. (Aquí, considerando los comentarios y subcomentarios, la lectura correcta sería solo *payata*. Véanse los corchetes de la entrada *payata*.)	(1) undertaken / done. (2) brought forward and donated: (a) ‹ကုဗ္ဗီး› / ‹ကုတ်ဟီး› rice, rice given with a dead person in view; (b) *niccabhatta*, rice established permanently. (Here, in view of the commentaries and subcommentaries, the correct reading should be only *payata*. See the square brackets of the headword *payata*.)	'ကုဗ္ဗီး' / 'ကုတ်ဟီး' unclear words for a kind of rice offering; 'ရှေ့ရှူဆောင်ယူ' read as 'brought forward'. Left out: stray 'ပယာတ၂' and the grammatical derivation in the note (ပပုဗ္ဗ ဒါနတ္ထ ယမဓါတ်+တပစ္စည်း)
210533	payātuṁ	သွား-ကျင့်သုံး-ခြင်းငှာ။ (၂) ဖြစ်ခြင်းငှာ။ (၂)  «S1»	para ir / practicar. (2) para llegar a ser. (2) Véase [[payāta1]] (2).	in order to go / practise. (2) in order to become. (2) See [[payāta1]] (2).	sense (1) unnumbered in the source
210534	payāpeti	သွားစေ၏၊ မောင်းနှင်၏။ ပယာပေသိ — ပယာပေသုံ — ၂၇၃-၄။	hace ir; conduce.	causes to go; drives.	left out: inflected forms with — and page numbers '၂၇၃-၄'
210537	payāpesuṁ	သွားစေကုန်ပြီ၊ မောင်းနှင်ကုန်ပြီ။ «S1» ပယိရုဒါဟရတိ	hicieron ir; condujeron. Véase [[payāpe-ti]].	they caused to go; they drove. See [[payāpe-ti]].	left out: trailing 'ပယိရုဒါဟရတိ' (next headword)
210538	payirudāhaṁsu	ထုတ် ဆောင်ကုန်ပြီ၊ မြက်ဆို- ပြောကြား- ကုန်ပြီ။ အောက်ပုဒ်ကြည့်။	presentaron; pronunciaron / declararon. Véase la entrada siguiente.	they brought forward; they uttered / declared. See the next headword.	'မြက်ဆို' read as 'မြွက်ဆို' (to utter)
210539	payirudāharati	ထုတ်ဆောင်၏၊ မြက်ဆို-ပြောကြား-၏။ ပယိရုဒါဟံသု —။	presenta; pronuncia / declara.	brings forward; utters / declares.	'မြက်ဆို' read as 'မြွက်ဆို' (to utter). Left out: the form 'ပယိရုဒါဟံသု —'
210540	payirudāhāsi	ထုတ်ဆောင်ပြီ၊ မြက်ဆို- ပြောကြား- ပြီ။ အထက်ပုဒ်ကြည့်။	presentó; pronunció / declaró. Véase la entrada anterior.	brought forward; uttered / declared. See the preceding headword.	'မြက်ဆို' read as 'မြွက်ဆို' (to utter)
210541	payirudāhitvā	ထုတ်ဆောင်၍၊ မြက်ဆို- ပြောကြား- ၍။	habiendo presentado; habiendo pronunciado / declarado.	having brought forward; having uttered / declared.	'မြက်ဆို' read as 'မြွက်ဆို' (to utter)
210544	payirupāsati	အနီး-အပါး-၌ နေထိုင်၏၊ မှီဝဲ- မှီခို-ဆည်းကပ်-၏။ ပယိရုပါသန္တိ —။ ပယိရုပါသသိ — ပယိရုပါသာမိ — ပယိရုပါသာမ — ဣတိဝုတ်၊ဋ္ဌ။ ပယိရုပါသတု— ၄၄-၅။ ပယိ-ရုပါသန္တု— ပယိရုပါသ— ပယိရုပါသထ— ပယိရုပါသဿု—။ ပယိရုပါသေယျ — ၅၁-၂။ ဣတိဝုတ်၊ဋ္ဌ။ ၁၈၉၊ ပယိရုပါသေ — ပယိရုပါသေယျာသိ — ပယိရုပါသေ-ယျာမိ — ပယိရုပါသေယျာမ— ပယိရု-ပါသေထ — ပယိရုပါသေယျံ — ပယိရုပါသိံ — ပဋိသံ။ ပယိရုပါသိဿာမိ — ပယိရုပါသိဿာမ — ပယိရုပါသိဿံ — ၃၆၃-၄-၅။	vive cerca / al lado; frecuenta / se apoya en / se acerca a.	dwells near / beside; associates with / relies on / approaches.	left out: the list of inflected forms with —, citations (ဣတိဝုတ်၊ဋ္ဌ, ပဋိသံ) and page numbers
210547	payirupāsana	(၁) အနီး-အပါး-၌ နေ ထိုင်ခြင်း၊ မှီဝဲ-မှီခို-ဆည်းကပ်-ခစား- ခြင်း။ (တိ)(၂) အနီး-အပါး-၌ နေထိုင်သော၊ မှီဝဲ-မှီခို-ဆည်းကပ်-ခစား-သော၊ သူ။ (၃) မှီဝဲ-ပယိရုပါသန မှီခို-ဆည်းကပ်-ခစား-ကြောင်း (စိတ်)။ (၄) မှီဝဲ-မှီခို-ဆည်းကပ်-ခစား-ရာ(ဇရပ်-စသည်)။ ဣတိဝုတ်။ ဣတိဝုတ်၊ဋ္ဌ။ ပယိရုပါသန။ (၃) အောက်ပုဒ်ကြည့်။ (၄)  «S1»	(1) el vivir cerca / al lado; el frecuentar / apoyarse en / acercarse a / servir. (adjetivo) (2) que vive cerca / al lado; que frecuenta / se apoya en / se acerca a / sirve (dicho de una persona). (3) el medio de frecuentar / apoyarse en / acercarse a / servir (la mente). (4) el lugar donde se frecuenta / se apoya en / se acerca a / se sirve (un albergue y demás). (3) Véase la entrada siguiente. (4) Véase [[payirupāsanasālā]].	(1) dwelling near / beside; associating with / relying on / approaching / attending on. (adjective) (2) dwelling near / beside; associating with / relying on / approaching / attending on (said of a person). (3) the means of associating with / relying on / approaching / attending on (the mind). (4) the place where one associates with / relies on / approaches / attends on (a rest-house and so on). (3) See the next headword. (4) See [[payirupāsanasālā]].	left out: stray 'ပယိရုပါသန' inside sense (3), citations 'ဣတိဝုတ်။ ဣတိဝုတ်၊ဋ္ဌ' and 'ပယိရုပါသန'
210548	payirupāsanacitta	မှီဝဲ-မှီခို-ဆည်းကပ်-ခစား-ကြောင်း စိတ်၊ မှီဝဲ- မှီခို-ဆည်းကပ်-ခစား-လိုသော စိတ်။ ဝိ၊သင်္ဂဟ။	la mente que es medio de frecuentar / apoyarse en / acercarse a / servir; la mente que desea frecuentar / apoyarse en / acercarse a / servir.	the mind that is the means of associating with / relying on / approaching / attending on; the mind that wishes to associate with / rely on / approach / attend on.	left out: citation 'ဝိ၊သင်္ဂဟ'
210558	payirupāsāma	အနီး-အပါး-၌ နေထိုင်ကုန်၏၊ မှီဝဲ-မှီခို-ဆည်း ကပ်-ခစား-ကုန်၏။ «S1»	vivimos cerca / al lado; frecuentamos / nos apoyamos en / nos acercamos a / servimos. Véase [[payirupāsati]].	we dwell near / beside; we associate with / rely on / approach / attend on. See [[payirupāsati]].	rendered in the 1st person (headword -āma); the Burmese does not mark the person
210559	payirupāsāmi	အနီး-အပါး-၌ နေထိုင်၏၊ မှီဝဲ-မှီခို-ဆည်း ကပ်-ခစား-၏။ «S1»	vivo cerca / al lado; frecuento / me apoyo en / me acerco a / sirvo. Véase [[payirupāsati]].	I dwell near / beside; I associate with / rely on / approach / attend on. See [[payirupāsati]].	rendered in the 1st person (headword -āmi); the Burmese does not mark the person
210560	payirupāsiṁ	အနီး-အပါး-၌ နေထိုင်ပြီ၊ မှီဝဲ- မှီခို- ဆည်းကပ်-ခစား-ပြီ။ «S1»	viví cerca / al lado; frecuenté / me apoyé en / me acerqué a / serví. Véase [[payirupāsati]].	I dwelt near / beside; I associated with / relied on / approached / attended on. See [[payirupāsati]].	rendered in the 1st person (headword -iṁ); the Burmese does not mark the person
210562	payirupāsita	မှီဝဲ-မှီခို- ဆည်းကပ်- ခစား- အပ်သော၊ သူ။ ပယိရုပါသိတု ၃၈၈။	frecuentado / tomado como apoyo / abordado / servido (dicho de una persona).	associated with / relied on / approached / attended on (said of a person).	left out: 'ပယိရုပါသိတု ၃၈၈' (a form and page number)
210574	payirupāseyyaṁ	အနီး-အပါး-၌ နေထိုင်ရာ၏၊ မှီဝဲ- မှီခို-ဆည်းကပ်- ခစား- ရာ၏။ «S1»	viviría cerca / al lado; frecuentaría / me apoyaría en / me acercaría a / serviría. Véase [[payirupāsati]].	I would dwell near / beside; I would associate with / rely on / approach / attend on. See [[payirupāsati]].	rendered in the 1st person (headword -eyyaṁ); the Burmese does not mark the person
210576	payirupāseyyāma	အနီး-အပါး-၌ နေထိုင်ကုန်ရာ၏၊ မှီဝဲ-မှီခို-ဆည်းကပ်-ခစား-ကုန်ရာ၏။ «S1»	viviríamos cerca / al lado; frecuentaríamos / nos apoyaríamos en / nos acercaríamos a / serviríamos. Véase [[payirupāsati]].	we would dwell near / beside; we would associate with / rely on / approach / attend on. See [[payirupāsati]].	rendered in the 1st person (headword -eyyāma); the Burmese does not mark the person
210577	payirupāseyyāmi	အနီး-အပါး-၌ နေထိုင်ရာ၏၊ မှီဝဲ-မှီခို-ဆည်းကပ်-ခစား-ရာ၏။ «S1»	viviría cerca / al lado; frecuentaría / me apoyaría en / me acercaría a / serviría. Véase [[payirupāsati]].	I would dwell near / beside; I would associate with / rely on / approach / attend on. See [[payirupāsati]].	rendered in the 1st person (headword -eyyāmi); the Burmese does not mark the person
210579	payujjati	ယှဥ်၏။ (က) ယှဥ်စပ်-သုံးစွဲ-ပြော ဆို-၏။ (ခ) ယှဥ်စပ်-ပြုလုပ်-အားထုတ်-၏။ ဝဇိရ။	une: (a) combina / emplea / dice; (b) aplica / realiza / se esfuerza en.	joins: (a) joins / employs / says; (b) applies / performs / exerts oneself in.	left out: citation 'ဝဇိရ'
210580	payujjate	ယှဥ်အပ် ၏၊ ယှဥ်စပ်-သုံးစွဲ-ပြောဆို-အပ်၏။ ကာလဒွယေပိ ကဝီဟိ၊ ပုရာ-သဒ္ဒေါ ပယုဇ္ဇတေ။ (-။ ပယုဇ္ဇေယျ —	es unido; es combinado / empleado / dicho.	is joined; is joined / employed / said.	left out: Pāḷi verse 'ကာလဒွယေပိ ကဝီဟိ၊ ပုရာ-သဒ္ဒေါ ပယုဇ္ဇတေ', fragment '(-။' and the form 'ပယုဇ္ဇေယျ —'
210581	payujjana	ယှဥ်ခြင်း။ (က) ယှဥ်စပ်-သုံးစွဲ-ပြောဆို-ခြင်း။ (ခ) ယှဥ်စပ်-ပြုလုပ်-အားထုတ်-ခြင်း။ (ဂ) ယှဥ်စပ်-ပြည့်စုံ-ခြင်း။ ရူ။ ပယုဇ္ဇနံ ပယုတ္တိ။ ရူ၊ဋီ။ ၁ (ရှေးမြန် မာမူ)။	el unir: (a) el combinar / emplear / decir; (b) el aplicar / realizar / esforzarse en; (c) el estar unido / dotado.	joining: (a) joining / employing / saying; (b) applying / performing / exerting oneself in; (c) being joined / endowed.	left out: citations 'ရူ', 'ရူ၊ဋီ', the Pāḷi gloss 'ပယုဇ္ဇနံ ပယုတ္တိ' and '၁ (ရှေးမြန်မာမူ)' (source tag)
210588	payujjitabba	ယှဥ်အပ် သော။ (က) ယှဥ်စပ်-သုံးစွဲ-ပြောဆို-အပ်-သင့်- ထိုက်- သော။ (ခ) ယှဥ်စပ်- ပြုလုပ်-အားထုတ်- အပ်- သင့်- ထိုက်- သော။ (က) အထ ဝါ ဣတိ ဧဝံ အာဒိသနံ အာဒေသနာပါဋိဟာရိယန္တိ အာဒေသန-သဒ္ဒေါ ပါဌသေသံ ကတွာ ပယုဇ္ဇိတဗ္ဗော။	que ha de ser unido: (a) que ha de ser / conviene que sea / merece ser combinado / empleado / dicho; (b) que ha de ser / conviene que sea / merece ser aplicado / realizado / ejercido.	to be joined: (a) to be / fit to be / worthy to be joined / employed / said; (b) to be / fit to be / worthy to be applied / performed / exerted.	left out: the Pāḷi passage '(က) အထ ဝါ … ပယုဇ္ဇိတဗ္ဗော'
210591	payuñjati	ယှဥ်၏။ (က) ယှဥ်စပ်-သုံးစွဲ-ပြောဆို-၏။ (ခ) ယှဥ်စပ်-ပြုလုပ်-အားထုတ်-၏။ ပယုဉ္ဇာမ — ပယုဉ္ဇ —ပယုဉ္ဇဿု —ပယုဉ္ဇိဿံ —	une: (a) combina / emplea / dice; (b) aplica / realiza / se esfuerza en.	joins: (a) joins / employs / says; (b) applies / performs / exerts oneself in.	left out: inflected forms with — (ပယုဉ္ဇာမ … ပယုဉ္ဇိဿံ)
210596	payuñjāma	ယှဥ်စပ်-ပြုလုပ်-အားထုတ်-ကုန်၏။ «S1»	aplicamos / realizamos / nos esforzamos en. Véase [[payuñjati]] (b).	we apply / perform / exert ourselves in. See [[payuñjati]] (b).	rendered in the 1st person (headword -āma); the Burmese does not mark the person
210601	payuta	]vuËjy,kwaum#,;}}⟩ ⟨£wd vDvm0wD/axmr/0gpoÜws/ Zkt(0d)⟩ ⟨«,kw» ,kuåçoHv*éço[dw/ yg£to'´-⟩ ⟨r[PÖ0⟩] (အမှန်အမှားတို့နှင့်) ယှဥ်- ယှဥ် စပ်-ရောယှက်-ဆက်သွယ်-သော (စကား)။	(con lo verdadero y lo falso) unido / combinado / mezclado / conectado (palabras).	(with the true and the false) joined / combined / mixed / connected (speech).	left out: encoding debris in ⟨ ⟩ at the start
210602	payutta	(၁) ယှဥ်သော (က) ယှဥ်စပ်-ဆက်နွယ်-သော။ (ခ) ယှဥ်စပ်-ယှဥ်တွဲ-အတူဖြစ်ပျက်-သော။ (ဂ) ယှဥ်စပ်-ပြုလုပ်-အားထုတ်- သော (၂) ယှဥ်အပ်သော။ (က) ယှဥ်စပ်-သုံးစွဲ-ပြောဆို-ချီးမွမ်း-အပ်သော။ (ခ) ယှဥ်စပ်- ပြုလုပ်-အားထုတ်- အပ်သော။ (ဂ) ယှဥ်စပ်- တုပ် ပယုတ္တ၁ နှောင်-ဖွဲ့ချည်-အပ်သော။ (ဃ) (ထမ်းပိုး၌) ယှဥ်- က- အပ်သော။ (၁) ယှဥ်သော။ (က)ယှဥ်စပ်-ဆက်နွယ်-သော။ (ခ) ယှဥ်စပ်-ယှဥ်တွဲ-အတူဖြစ်ပျက်-သော။ (ဂ) ယှဥ်စပ်-ပြုလုပ်-အားထုတ်- သော။ (- စူဠနိ။ ၁၂၇-(၂) ယှဥ်အပ်သော။ (က) ယှဥ်စပ်-သုံးစွဲ-ပြောဆို- ချီးမွမ်း- အပ်သော။ သုတ-သဒ္ဒ သန္နိဓါနေ ပယုတ္တေန ဧဝံ-သဒ္ဒေန သဝနကိရိယာဇောတကေန ဘဝိတဗ္ဗံ။ “အနေကေဟိ။ ပ။ သံဝဏ္ဏိတ”န္တိ။ (ခ) ယှဥ်စပ်-ပြုလုပ်-အားထုတ်-အပ်သော။ (ဂ) ယှဥ်စပ်- တုပ် နှောင်-ဖွဲ့ချည်-အပ်သော။ (ဃ) (ထမ်းပိုး၌) ယှဥ်-က-အပ် သော။ «S1»	(1) unido: (a) combinado / relacionado; (b) combinado / acoplado / que surge y cesa junto; (c) que aplica / realiza / se esfuerza en. (2) unido (por otro): (a) combinado / empleado / dicho / alabado; (b) aplicado / realizado / ejercido; (c) combinado / atado / amarrado; (d) (al yugo) unido / enganchado. Véase [[payuttaājaññaratha]].	(1) joined: (a) joined / connected; (b) joined / coupled / arising and ceasing together; (c) applying / performing / exerting oneself in. (2) joined (by another): (a) joined / employed / said / praised; (b) applied / performed / exerted; (c) joined / tied / bound; (d) (to the yoke) yoked / harnessed. See [[payuttaājaññaratha]].	senses printed twice; translated once. Left out: stray 'ပယုတ္တ၁' in (2)(c), citation 'စူဠနိ။ ၁၂၇' and the Pāḷi passage 'သုတ-သဒ္ဒ … သံဝဏ္ဏိတ”န္တိ'
210603	payutta	(၁) ယှဥ် စေတတ်သော၊ စေခိုင်း- တိုက်တွန်း- သော၊ သူ။ (၂) ယှဥ်စေအပ်သော။ (က) စေခိုင်း-တိုက်တွန်း-အပ်သော။ (ခ) အတိုးအပွားချ ထား-ရောင်းဝယ်-ကုန်သွယ်-အပ်သော။ (၃) ယှဥ်စေရာ၊ စေခိုင်း-တိုက်တွန်း-ရာ (အခါ)။ ပယုတ္တကစောရ (က)။ စေ။ သမ္ဗန္ဓစိန္တာ။ ပယုတ္တန္တိ ဝုဍ္ဎိုဝသေန ပယောဇိတံ။ (၃)  «S1»	(1) que suele hacer unir; que manda / incita (dicho de una persona). (2) hecho unir: (a) mandado / incitado; (b) prestado a interés / comprado y vendido / comerciado. (3) aquello en que se hace unir; en que se manda / incita (el momento). (3) Véase [[payuttakāla]].	(1) apt to cause to join; commanding / urging (said of a person). (2) caused to join: (a) commanded / urged; (b) lent at interest / bought and sold / traded. (3) that in which one causes to join; in which one commands / urges (the time). (3) See [[payuttakāla]].	left out: 'ပယုတ္တကစောရ (က)။ စေ။ သမ္ဗန္ဓစိန္တာ' (reference and source tags) and the Pāḷi gloss 'ပယုတ္တန္တိ ဝုဍ္ဎိုဝသေန ပယောဇိတံ'
210605	payuttaka	စေခိုင်း- တိုက် တွန်း- အပ်သော၊ သူ၊ သူလျှိုယောကျာ်း။ တိ အာဟ။	mandado / incitado (dicho de una persona); espía.	commanded / urged (said of a person); a spy.	left out: fragment 'တိ အာဟ'
210615	payuttavadhabandhanādikāla	စေခိုင်း-တိုက်တွန်း-အပ် သောသူ၏ ညှဥ်းဆဲခြင်း, နှောင်ဖွဲ့ခြင်း-စသည်ကို ပြုရာအခါ။	el momento en que se realiza el atormentar, el atar y demás de quien ha sido mandado / incitado.	the time when the tormenting, binding and so on of the one commanded / urged is done.	unclear whether the one commanded does the tormenting and binding or suffers it (genitive ၏)
210619	payoga	(၁) ယှဥ်-ယှဥ်စပ်-ခြင်း။ (က) မပြတ်မလပ်-အထပ်ထပ်-ဖြစ်ခြင်း။ (ခ) ယှဥ် စပ်-သုံးစွဲ-ပြောဆို-ခြင်း။ (ဂ)ယှဥ်စပ်-ပြုလုပ်-အားထုတ်-ခြင်း။ (ဃ) ယှဥ်စပ်-ပွားများ-စီး ဖြန်း-ခြင်း။ (င) ယှဥ်စပ်-လှုပ်ရှား-ခြင်း။ (၂) ယှဥ်စေခြင်း။ (က) စေခိုင်း-တိုက်တွန်း-ခြင်း။ (ခ) အတိုးအပွားချထား- ရောင်းဝယ်- ကုန် ပယောဂ၁ သွယ်-ခြင်း။ (၃)ယှဥ်အပ်သော။ (က)ယှဥ်စပ်-သုံးစွဲ-ပြောဆို-အပ်သော- ပြယုဂ်- ဥဒါဟ ရုဏ်-ပုံစံ။ (ခ) ယှဥ်စပ်-ပြုလုပ်-အားထုတ်-အပ်သော အရာဝတ္ထု(လယ်,ယာ-စသည်)။ (၁) ယှဥ်- ယှဥ်စပ်- ခြင်း။ (က) မပြတ် မလပ်- အထပ်ထပ်- ဖြစ်ခြင်း။ (ခ) ယှဥ်စပ်-သုံးစွဲ-ပြောဆို- ခြင်း။ အာဒိနာ နာမဿ ပုရတော အာယသ္မန္တ-ပဒယောဂဿ ဒဿနတော ပုရတောဝ ပယောဂော ယုတ္တတရော။ (ဂ) ယှဥ်စပ်-ပြုလုပ်-အားထုတ်-ခြင်း။ ဣတိဝုတ်၊ဋ္ဌ။ (ဃ) ယှဥ်စပ်-ပွား များ-စီးဖြန်း-ခြင်း။ (င) ယှဥ်စပ်-လှုပ်ရှား- ခြင်း။ (၂) ယှဥ်စေခြင်း။ (က) စေခိုင်း-တိုက်တွန်း-ခြင်း။ ကင်္ခါ၊ဋီ၊သစ်။ (ခ) အတိုး အပွားချထား-ရောင်းဝယ်- ကုန်သွယ်- ခြင်း။ အောက်ပုဒ်ကြည့်။ (၃) ယှဥ်အပ်သော။ (က) ယှဥ်စပ်-သုံးစွဲ-ပြောဆို- အပ်သော- ပြယုဂ်-ဥဒါဟရုဏ်-ပုံစံ။ ကစ္စည်း၊ကိတ်ဂန္ထာရမ္ဘ။ ကြိယာဝါစိတ္တမာချာ တု - မေကေကတ္ထော ပဒဿိတော။ ပဒသာဓနဋီကာ။ ၄၅၃-သုတ်။ အဘိဓါန်၊ဋီကာ။ (စာန္ဒြဓါတုပါဌ၊နိဂုံး။ ) (ခ) ယှဥ်စပ်-ပြုလုပ်-အား ထုတ်-အပ်သော အရာဝတ္ထု (လယ်, ယာ-စသည်)။ ပယောဂ၂ (ပု) [ပ+ယောဂ] မြတ်-လွန်ကဲ-ပြင်း ထန်-သော- အားထုတ်မှု- လုံ့လ-	(1) el unir / combinar: (a) el ocurrir sin interrupción / repetidamente; (b) el combinar / emplear / decir; (c) el aplicar / realizar / esforzarse en; (d) el combinar / cultivar / practicar; (e) el combinar / moverse. (2) el hacer unir: (a) el mandar / incitar; (b) el prestar a interés / comprar y vender / comerciar (véase la entrada siguiente). (3) lo unido (por otro): (a) el ejemplo / la ilustración / el modelo empleado; (b) la cosa en que se aplica / realiza / trabaja (campos, huertos y demás). *payoga* 2 (masculino) el esfuerzo / el empeño excelente / excesivo / intenso …	(1) joining / combining: (a) occurring without interruption / repeatedly; (b) joining / employing / saying; (c) applying / performing / exerting oneself in; (d) joining / developing / practising; (e) joining / moving. (2) causing to join: (a) commanding / urging; (b) lending at interest / buying and selling / trading (see the next headword). (3) what is joined (by another): (a) the example / illustration / model employed; (b) the thing in which one applies / performs / works (fields, gardens and so on). *payoga* 2 (masculine) excellent / excessive / intense exertion / effort …	senses (1)-(3) printed twice; translated once. The run-on homonym 2 is truncated at the end. Left out: stray 'ပယောဂ၁' in (2)(b), the analysis '[ပ+ယောဂ]', Pāḷi passages ('အာဒိနာ နာမဿ …', 'ကြိယာဝါစိတ္တမာချာ …'), and citations (ဣတိဝုတ်၊ဋ္ဌ, ကင်္ခါ၊ဋီ၊သစ်, ကစ္စည်း, ပဒသာဓနဋီကာ, အဘိဓါန်၊ဋီကာ, စာန္ဒြဓါတုပါဌ)
210621	payogaüddhāra	ဥစ္စာကို သိမ်း ဆည်းခြင်း, ဥစ္စာကို ဖြန့်ဖြူးခြင်း။ (က)နှစ်ဆ, သုံးဆ-စသည် ယူခြင်းဖြင့် ဥစ္စာကို-ယှဥ် စေ-သိမ်းဆည်း- ခြင်း, ကာလအပိုင်းအခြားအား လျော်စွာ အတိုးအပွားယူခြင်းဖြင့် ဥစ္စာကို-ယှဥ်စေ- ဖြန့်ဖြူး- ခြင်း။ (ခ) အတိုးနှင့်တကွ အဖိုးကို ယူခြင်းဖြင့် ဥစ္စာကို-ယှဥ်စေ-ပေးဝေ-ခြင်း, ဥစ္စာကို အခိုက်အတန့်-ပေးဝေ-ဖြန့်ဖြူး-ခြင်း။ ဝဍ္ဎိုဂဟဏဝသေန။	el recoger la riqueza, el repartir la riqueza: (a) el hacer unir / recoger la riqueza tomando el doble, el triple y demás; el hacer unir / repartir la riqueza tomando intereses conforme al plazo. (b) el hacer unir / dar la riqueza tomando su valor junto con el interés; el dar por un tiempo / entregar / repartir la riqueza.	gathering in wealth, distributing wealth: (a) causing wealth to join / gathering it in by taking double, triple and so on; causing wealth to join / distributing it by taking interest according to the period. (b) causing wealth to join / giving it by taking its value together with interest; giving for a time / handing out / distributing wealth.	'ယှဥ်စေ' (cause to join, i.e. put to use) kept literally; 'အခိုက်အတန့်-ပေးဝေ-ဖြန့်ဖြူး' read as 'for a time / give / distribute', doubtful. Left out: the Pāḷi 'ဝဍ္ဎိုဂဟဏဝသေန'
210622	payogakaraṇa	အားထုတ်မှုကို ပြုလုပ်ခြင်း။ (၂) အားထုတ်မှု ကို ပြုလုပ်ရာ (အခါ)။	el hacer el esfuerzo. (2) aquello en que se hace el esfuerzo (el momento).	making the effort. (2) that in which the effort is made (the time).	sense (1) unnumbered in the source
210625	payogakāla	ထုတ်-ပြုလုပ်-ရာ အခါ။	el momento en que se esfuerza / se realiza.	the time when one exerts oneself / performs.	text begins 'ထုတ်-' (probably 'အားထုတ်-' truncated)
210626	payogakālasanniṭṭhāna	အားထုတ်- ပြုလုပ်- ရာ အခါကို ဆုံးဖြတ်ခြင်း။ အနဓိမုစ္စနန္တောတိ။	el decidir el momento en que se esfuerza / se realiza.	deciding the time when one exerts oneself / performs.	left out: Pāḷi fragment 'အနဓိမုစ္စနန္တောတိ'
210630	payogagaṇanā	ထုတ်ခြင်း-လုံ့လ-ပယောဂ- အရေအတွက်။ ပယောဂနိဒဿန	el número de esfuerzos / empeños / *payoga*.	the number of exertions / efforts / *payoga*.	text begins 'ထုတ်ခြင်း' (probably 'အားထုတ်ခြင်း' truncated)
210639	payoganipphādita	ထုတ်မှု-လုံ့လ-ဝီရိယ-သည် ပြီးစေအပ်သော။	llevado a cabo por el esfuerzo / el empeño / la *vīriya*.	accomplished by exertion / effort / *vīriya*.	text begins 'ထုတ်မှု' (probably 'အားထုတ်မှု' truncated)
210640	payoganibbatti	ထုတ်မှု- လုံ့လ- ပယောဂ-၏ ဖြစ်ခြင်း- ပြီး ခြင်း။ “နိပ္ဖန္နာ”။	el producirse / el cumplirse del esfuerzo / del empeño / del *payoga*.	the arising / accomplishment of exertion / effort / *payoga*.	text begins 'ထုတ်မှု' (probably 'အားထုတ်မှု' truncated)
210649	payogapabhava	ပြုလုပ်ခြင်း ကြိယာလျှင်- အမွန်အစရှိသော။ «S1»	que tiene como origen / principio el obrar, la *kriyā*. Véase [[payoga-jātika]].	having the doing, the *kriyā*, as origin / beginning. See [[payoga-jātika]].	'အမွန်' unclear (read as 'origin', for pabhava); 'အမွန်အစ' rendered 'origen / principio'
210650	payogaparakkama	ပြင်းစွာ အားထုတ်ခြင်း-လုံ့လ-ဝီရိယ။ ပယောဂပရ-က္ကမ။ ပယောဂပ္ပ(ပ)ဋိပ္ပဿဒ္ဓိ (ထီ) (က) (အရိယမဂ်ဟူသော) လုံ့လ-ပယောဂ၏- ငြိမ်းအေး-ပြီးဆုံး-ခြင်း။ (ခ) (အရိယမဂ်ဟူသော) လုံ့လ-ပယောဂကြောင့် (ကိလေသာတို့၏) ငြိမ်းအေးခြင်း။ အောက် ပုဒ်ကြည့်။ ပယောဂပ္ပ(ပ)ပဋိပ္ပဿဒ္ဓိပညာ(ထီ) (က) (အရိယမဂ်ဟူသော) လုံ့လ- ပယောဂ-၏ ငြိမ်းအေးကြောင်းဖြစ် သော- ပညာ။ (ခ) (အရိယမဂ်ဟူသော) လုံ့လ-ပယောဂ-ကြောင့် (ကိလေသာတို့၏) ငြိမ်းအေးခြင်း၌ ဖြစ်သော- ပညာ။	el esforzarse vigorosamente / el empeño / la *vīriya*.	exerting vigorously / effort / *vīriya*.	two further articles run in after this one (payogappaṭippassaddhi, payogappaṭippassaddhipaññā; ids 210651-210654 absent from the shard): not translated here
210655	payogaphandanā	ထုတ်မှု- လုံ့လ- ပယောဂဟူသော တုန်လှုပ် ခြင်း။	el temblor / estremecimiento que es el esfuerzo / el empeño / el *payoga*.	the trembling / quivering that is exertion / effort / *payoga*.	text begins 'ထုတ်မှု' (probably 'အားထုတ်မှု' truncated)
210658	payogabheda	ထုတ်မှု-လုံ့လ-ပယောဂ- ကွဲပြား- ထူးခြား-ခြင်း။ (၂) အားထုတ်မှု-လုံ့လ-ပယောဂ-ပျက် ခြင်း။ (၂) အောက်ပုဒ်ကြည့်။	el diferenciarse / distinguirse del esfuerzo / del empeño / del *payoga*. (2) el malograrse del esfuerzo / del empeño / del *payoga*. (2) Véase la entrada siguiente.	the differing / distinction of exertion / effort / *payoga*. (2) the failure of exertion / effort / *payoga*. (2) See the next headword.	text begins 'ထုတ်မှု' (probably 'အားထုတ်မှု' truncated); sense (1) unnumbered, '(၂)' printed twice (the second perhaps a pointer for sense 2)
210661	payogamaññanā	ထုတ်မှု- လုံ့လ- ပယောဂကို စွဲ၍ဖြစ်သော အောက်မေ့မှတ်ထင်ခြင်း။	el suponer que surge aferrándose al esfuerzo / al empeño / al *payoga*.	the conceiving that arises from clinging to exertion / effort / *payoga*.	text begins 'ထုတ်မှု' (probably 'အားထုတ်မှု' truncated)
210667	payogavatthumahantatā	(သတ်ခြင်းငှာ) အားထုတ်မှု-လုံ့လ-ပယောနှင့် (သတ်အပ်သော) ဝတ္ထု-သတ္တဝါ-တို့၏ များပြား- ကြီးမြတ်- သည်၏အဖြစ်။	el hecho de ser abundantes / grandes (para matar) el esfuerzo / el empeño / el *payoga* y (que ha de ser matado) el objeto / ser vivo.	the state of being abundant / great of (in order to kill) exertion / effort / *payoga* and (to be killed) the object / living being.	'ပယော' read as 'ပယောဂ'
210668	payogavantasabbanāma	ယှဥ်ခြင်း-ယှဥ်ဘက်-ရှိသော သဗ္ဗနာမ်။	el pronombre que tiene unión / correlativo.	a pronoun having a connection / correlative.	'ယှဥ်ဘက်' read as 'correlative'; sabbanāma translated as pronoun
210669	payogavipatti	ထုတ်မှု- လုံ့လ- ပယောဂ-၏ ဖောက်ပြန်-မှားယွင်း-ခြင်း၊ ဖောက်ပြန်-မှားယွင်း-သော-အားထုတ်မှု-လုံ့လ-ပယောဂ။	el desviarse / errar del esfuerzo / del empeño / del *payoga*; el esfuerzo / empeño / *payoga* desviado / errado.	the going astray / erring of exertion / effort / *payoga*; perverted / mistaken exertion / effort / *payoga*.	text begins 'ထုတ်မှု' (probably 'အားထုတ်မှု' truncated)
210676	payogavisesa	ထုတ်မှု-လုံ့လ-ပယောဂ-၏ အထူး။	la distinción del esfuerzo / del empeño / del *payoga*.	the distinction of exertion / effort / *payoga*.	text begins 'ထုတ်မှု' (probably 'အားထုတ်မှု' truncated)
210680	payogasamatta	ထုတ်မှု-လုံ့လ-ပယောဂ-တူမျှသည်၏အဖြစ်။	el hecho de ser igual el esfuerzo / el empeño / el *payoga*.	the state of exertion / effort / *payoga* being equal.	text begins 'ထုတ်မှု' (probably 'အားထုတ်မှု' truncated)
210687	payogasampatti	အားထုတ်ခြင်း- လုံ့လ- ပယောဂ-၏ ပြည့်စုံ ခြင်း၊ ပြည့်စုံသော-အားထုတ်ခြင်း-လုံ့လ-ပယောဂ၊ (ခ)ဘာဝနာစီးဖြန်းမှု၏ ပြည့်စုံခြင်း။ ၄၂၁၊ (ခ) ပယောဂသမ္ပတ္တိသမ္ဘဝ-ကြည့်။	la plenitud del esforzarse / del empeño / del *payoga*; el esforzarse / empeño / *payoga* pleno; (b) la plenitud de la práctica de la *bhāvanā*. (b) Véase [[payogasampattisambhava]].	the fulfilment of exerting / effort / *payoga*; complete exerting / effort / *payoga*; (b) the fulfilment of the practice of *bhāvanā*. (b) See [[payogasampattisambhava]].	sense (a) unnumbered; 'see X' left in the Burmese (⟦ပယောဂသမ္ပတ္တိသမ္ဘဝ⟧)
210692	payogasampadā	ထုတ်မှု- လုံ့လ- ပယောဂ-၏ ပြည့်စုံခြင်း။ ပယောဂဗလ-ကြည်။	la plenitud del esfuerzo / del empeño / del *payoga*. Véase [[payogabala]].	the fulfilment of exertion / effort / *payoga*. See [[payogabala]].	text begins 'ထုတ်မှု' (probably 'အားထုတ်မှု' truncated); 'see X' left in the Burmese (⟦ပယောဂဗလ⟧; 'ကြည်' read as 'ကြည့်')
210693	payogasampanna	ထုတ်မှု- လုံ့လ- ပယောဂ-နှင့် ပြည့်စုံသော၊ သူ။	dotado de esfuerzo / empeño / *payoga* (dicho de una persona).	endowed with exertion / effort / *payoga* (said of a person).	text begins 'ထုတ်မှု' (probably 'အားထုတ်မှု' truncated)
210703	payogābhāva	အားထုတ်ခြင်း-လုံ့လ-ပယောဂ-၏ မရှိခြင်း။ (၂) ပြယုဂ်- ပုံစံ- ၏ မရှိခြင်း။ (၁) တဥှိ ပယောဂာနံ မတ္ထကသဒိသတ္တာ “သီသ”။	la ausencia del esforzarse / del empeño / del *payoga*. (2) la ausencia de ejemplo / modelo.	the absence of exerting / effort / *payoga*. (2) the absence of an example / model.	sense (1) unnumbered at the start; a '(၁)' with a Pāḷi quotation follows sense (2)
210713	payojaka	ယှဥ်စေ တတ်သော၊ စေခိုင်း-တိုက်တွန်း-တတ်သော (တရား, ပုဂ္ဂိုလ်)။ (ကာရက ၆-ပါးတွင် စေခိုင်း တိုက်တွန်းတတ်သော ကတ္တားကို ပယောဇက ကတ္တား, ဟေတုကတ္တား, ကာရိုက်ကတ္တားဟု ခေါ်သည်။	que suele hacer unir; que suele ordenar / incitar (estado, persona). (Entre los seis *kāraka*, al agente que suele ordenar e incitar se le llama agente *payojaka*, agente *hetu*, agente *kārita*.)	apt to cause to join; apt to command / urge (a state, a person). (Among the six *kāraka*, the agent that is apt to command and urge is called the *payojaka* agent, the *hetu* agent, the *kārita* agent.)	closing bracket missing in the source; added
210716	payojana	(၁) ယှဥ်ခြင်း၊ (က)ယှဥ်စပ်-ရောစပ်-ခြင်း။ (ခ) ပယောဇန၁ ယှဥ်စပ်-ပြုလုပ်-ဖြစ်စေ-ခြင်း။ (၂) အကျိုး (၃) အကြောင်း၊ ပြုဖွယ်ကိစ္စ။ (-ပေဋကော။ ဝဇိရ၊၉၊ ၂၊၄၊၂၂၊၄၁၊၆၄၊၁၂၅-၈၊၁၃၃၊၂၁၇၊ ၃၂၉၊၃၃၇၊၃၅၆-ကင်္ခါ၊ဋီ၊ဟောင်း။ ၂၊၈၊၂၂-ကင်္ခါ၊ဋီ၊သစ်။ ၃၊၁၊၂၊၈၊၁၄-၅-၉၊၅၁၊၁၁၉၊ ၁၂၀-၁၊၁၆၄-၇၊၂၂၁-၃-၅၊၂၄၄၊၂၅၆၊၂၆၅၊ ၃၁၂၊၃၄၅-၄၁-၆၊၉၀၊၁၁၉၊၁၂၉၊၁၃၄၊ ၁၆၀၊၁၆၂၊၁၇၀-၁၊၂၊၇၊၁၃-၄-၉၊ ၅၁-၃၊ ၁၀၊၁၇-၈၊၂၂၊၄၅၊၅၃-၉၁၊၉၄၊၁၂၇၊၁၅၃၊၁၉၇၊၂၀၀-၂၊၉၊၁၀၊ ၃၁၊၅၆-၇၊၈၂-၄၊၁၃၁၊၁၄၁၊၁၉၉၊၃၀၃-၁၆၊၃၅၊၄၄၊၅၆၊၁၅၀-၁၊၁၈၆၊၂၀၃၊၂၂၈၊၂၃၆၊၂၄၂၊၂၉၂၊၃၁၀၊၃၅၄၊ ပယောဇနတ္ထ နေတ္တိ၊ဋီ။ (၃) ဗြာဟ္မဏော။	(1) el unir; (a) el juntar / mezclar. (b) el juntar / hacer / producir. (2) el beneficio. (3) la causa; el asunto que hay que hacer.	(1) joining; (a) joining / mixing. (b) joining / making / producing. (2) benefit. (3) cause; business to be done.	'(၂) အကျိုး' read as benefit (the purpose of payojana); a full stop added after it
210719	payojanattha	(ခ) အကျိုး ဟူသောအနက်။ (တိ) (၂) ပယောဇဥ်ဟူသော အကျိုးရှိသော။ (၂) ဣဒမတ္ထိက။	(b) el sentido que es el beneficio. (adjetivo) (2) que tiene el beneficio que es el *payojana*.	(b) the meaning that is benefit. (adjective) (2) having the benefit that is the *payojana*.	(b) with no (a); 'ပယောဇဥ်' kept as ⟦=payojana⟧
210732	payojanaparicchedaka	အကျိုးကို ပိုင်း ခြားတတ်သော (ပညာ)။ ပယောဇနပရိစ္ဆေဒ၀၀တ္ထာပန (တိ) အကျိုး၏ အပိုင်းအခြား ကို- ပိုင်းခြား- မှတ်သားကြောင်း- (စကား)။	que suele delimitar el beneficio (*paññā*).	apt to delimit the benefit (*paññā*).	another article run in after this one ('ပယောဇနပရိစ္ဆေဒ၀၀တ္ထာပန', id 210733 absent from the shard): not translated here
210739	payojanāsampatti	အကျိုး-အာနိသင်-၏ ပြည့်စုံခြင်း။ ပယောဇနသမ္ဗန္ဓာဘိဓါနပုဗ္ဗင်္ဂမ၈၃	la plenitud del beneficio / de la ventaja.	the fulfilment of the benefit / advantage.	headword payojanāsampatti could be payojana-asampatti (non-fulfilment), but the Burmese has fulfilment
210751	payojayāma	ယှဥ်စေကုန်၏၊ စေ့ဆော်- ပြုလုပ်- အား ထုတ်-ကုန်၏။ «S1»	hacemos unir; impulsamos / hacemos / nos esforzamos. Véase [[payojayati]] (a).	we cause to join; we urge on / do / exert. See [[payojayati]] (a).	1st person plural rendered (headword -āma); the Burmese has the unmarked plural -ကုန်၏
210762	payojitapurisa	ခိုင်း-တိုက်တွန်း-အပ်သော ယောကျာ်း၊ သူ လျှိုမင်းချင်း။	el hombre mandado / incitado; el espía servidor del rey.	the man commanded / urged; the spy, the king's servant.	text begins 'ခိုင်း' (probably 'စေခိုင်း' truncated); 'သူလျှိုမင်းချင်း' read as 'spy' + 'king's attendant' (one phrase or two?)
210763	payojitamanussa	ခိုင်း- တိုက်တွန်း- အပ်သောလူ၊ သူလျှိုမင်း ချင်း။	el ser humano mandado / incitado; el espía servidor del rey.	the human being commanded / urged; the spy, the king's servant.	text begins 'ခိုင်း' (probably 'စေခိုင်း' truncated); 'သူလျှိုမင်းချင်း' read as 'spy' + 'king's attendant' (one phrase or two?)
210770	payojeti	ယှဥ်စေ၏။ (က) စေ့ဆော်- ပြုလုပ်- အား ထုတ်-၏။ (ခ) စေခိုင်း-တိုက်တွန်း-၏။ (ဂ) ရွတ်ဖတ်- သရဇ္ဈာယ်- ၏။ (ဃ) ပြောဆို-ငြင်းခုံ-၏။ (ဝတ္တ-မာန်) (ပဉ္စမီ) (ခ)။ သမ္ပ-ယောဇေသု။	hace unir. (a) impulsa / hace / se esfuerza. (b) manda / incita. (c) recita / repasa. (d) habla / disputa.	causes to join. (a) urges on / does / exerts. (b) commands / urges. (c) recites / rehearses. (d) speaks / disputes.	'ရွတ်ဖတ်-သရဇ္ဈာယ်' rendered recite / rehearse (sajjhāya)
210776	payojemi	ယှဥ်စေ ၏၊ စေခိုင်း-တိုက်တွန်း-၏။ «S1»	hago unir; mando / incito. Véase [[payojeti]] (b).	I cause to join; I command / urge. See [[payojeti]] (b).	1st person rendered (headword -mi)
210778	payojeyyāma	ယှဥ်စေကုန်ရာ၏၊ စေ့ဆော်-ပြုလုပ်-အားထုတ်- ကုန်ရာ၏။ «S1»	haríamos unir; impulsaríamos / haríamos / nos esforzaríamos. Véase [[payojeti]] (a).	we would cause to join; we would urge on / do / exert. See [[payojeti]] (a).	1st person rendered (headword -yyāma)
210780	payojesiṁ	ယှဥ်စေပြီ၊ စေ့ဆော်-ပြုလုပ်-အားထုတ်-ပြီ။ «S1»	hice unir; impulsé / hice / me esforcé. Véase [[payojeti]] (a).	I caused to join; I urged on / did / exerted. See [[payojeti]] (a).	1st person rendered (headword -siṁ)
210785	payopāna	သောက်ဖွယ်နို့ရည်၊ နို့ရည်အဖျော်၊ နို့အေး။	la leche que se bebe; la bebida de leche; la leche fría.	milk to drink; a milk drink; cold milk.	'နို့အေး' read literally as 'cold milk'
210786	payopāna	နို့အေးသောက်ခြင်းနှင့်စပ်သော သိက္ခာပုဒ်၊ သုရုသုရုကာရကသိက္ခာပုဒ်။	el *sikkhāpada* relacionado con beber leche fría; el *sikkhāpada* *surusurukāraka*.	the *sikkhāpada* concerning drinking cold milk; the *surusurukāraka* *sikkhāpada*.	'နို့အေး' read literally as 'cold milk'
210787	payyaka	အဘေး၊ အဘိုး ၏ အဘ။ ထောင့်ကွင်းကြည့်။	el bisabuelo; el padre del abuelo. Véanse los corchetes.	the great-grandfather; the grandfather's father. See the square brackets.	'ထောင့်ကွင်းကြည့်' rendered literally ('see the square brackets')
210789	para	ပ+ရမု+ကွိ။ ပ+ရာ+ဏ။ (ပရတီတိ?)။ ဏော။ နှာ-၉၇။ ပုဗ္ဗာဒယော ဒိသာဒိ၀၀တ္ထာနဝစနာ။ သုတ်၊ ပုဗ္ဗပရာပရဒက္ခိဏုတ္တရသဒ္ဒါ ပုလ္လိင်္ဂ-တ္တေ ယထာရဟံ ကာလဒေသာဒိဝစနာ၊ ဣတ္ထိလိင်္ဂတ္တေ ဒိသာဒိဝစနာ၊ နပုံသက-လိင်္ဂတ္တေ ဌာနာဒိဝစနာ။ ⟨tbdCmwdy&m&mwdjywsxÞ y&dyE¦de;/⟩ ⟨tr&?18?11/ 'l&memaw®mwårm; y&m; /⟩ ⟨tr&?23?190/ ydywÝ a&m%rf? yÂ ygve-⟩ ⟨yl&Pa,m; (Zk?y?ao)? tpf(3?1?134)? y&;⟩ ⟨aj$Îm&d'l&maEsmwåa& u’DAH wk au0av/⟩ ⟨£wd ar'deD/Asmcsmok"m/ y& (Bwd) yÂ+⟩ ⟨bma0 tyf? uwåõ&d tpf 0g/ 1-tEso®def⟩ ⟨bdaEéç 2-Owå&ç 3-'la&ç 4-oDrmy&dpdäaEéç⟩ ⟨5-aj$aÎ p? 6- armauËç 7-au0av⟩ ⟨jA[®ed p e? 8-$aMwmf yk? .... 9-jA[®P⟩ ⟨tm,k; umav p yk/ 0gpyÜwd/ y& (yk)⟩ ⟨yÂ+tpf? t&d;ç 'l&;ç tEs;ç Owå&; £wd⟩ ⟨ar'deD/ o'´uyÜ'´Kr» ⟩(၁) ရန်သူ၊ ဆန့်ကျင် ဖက်ပုဂ္ဂိုလ်။ (၂)နောက်အဖို့၊ နောက်ကာလ, နောက်ဌာန။ (၃) အပြင်အပ၊ မျက်စိကွယ်ရာ, နားကွယ်ရာ။ (န) (၄) နိဗ္ဗာန်။ (၅) အဖန်ဖန်၊ အထပ်ထပ်၊ မပြတ်။ (တိ) (၆) ထူးမြတ်-လွန်ကဲ-သော။ (၇) အခြား- တစ်ပါး-သော။ (က) အဟုတ်- အမှန်- မှ တစ်ပါးသော၊ မဟုတ်-မမှန်-သော။ (ခ) အတ္တမှ တစ်ပါး သော၊ အနတ္တဖြစ်သော။ (ဂ) (ယနေ့မှ) တစ်ပါးသောနေ့၊ သုံးရက်မြောက် သန်ဘက် ခါ။ (ဃ) သုံးရက်မြောက် တမြန်နေ့။ (င) အတွင်းသား- ချစ်အပ်သူ-မှ တစ်ပါးသော၊ မချစ်အပ်သူ၊ တစိမ်းလူ။ (၁) ရန်သူ၊ ဆန့်ကျင်ဖက်ပုဂ္ဂိုလ်။ န္တိအာဒီသု။ “ဣန္ဒြိယပရောပရိယတ္တ-ဉာဏ” န္တိအာဒီသု။ အာဒီသု။ (၂) နောက်အဖို့၊ နောက်-ကာလ-ဌာန။ (၃) အပြင်အပ၊ မျက်စိကွယ်ရာ, နား ကွယ်ရာ။ (၄) နိဗ္ဗာန်။ (၅) အဖန်ဖန်၊ အထပ်ထပ်၊ မပြတ်။ ပရ-သဒ္ဒေါ အဘိဏှတ္ထောတိ ဝုတ္တံ “ပုနပ္ပုန”န္တိ။ (၆) ထူးမြတ်- လွန်ကဲ- သော။ အဓိကဝါစီ ဟိ အယံ ပရ-သဒ္ဒေါ။ (၇) အခြား- တစ်ပါး- သော။ “ပရေ”။ (က) အဟုတ်-အမှန်-မှ တစ်ပါးသော၊ မဟုတ်-မမှန်-သော။ “ပရတော”။ (ခ) အတ္တမှတစ်ပါးသော၊ အနတ္တဖြစ် သော။ (ဂ) (ယနေ့မှ) တစ်ပါးသောနေ့၊ သုံးရက် မြောက်သန်ဘက်ခါ။ (ဃ) သုံးရက်မြောက် တမြန် နေ့။ (င) အတွင်းသား-ချစ် အပ်သူ-မှ တစ်ပါးသော၊ မချစ်အပ်သူ၊ တစိမ်း လူ။ “သစ္စာနိ။ အသမတ္ထပုဂ္ဂလာ”တိ။	(1) el enemigo; la persona adversaria. (2) la parte posterior; el tiempo posterior, el lugar posterior. (3) el exterior; el lugar oculto a la vista, el lugar fuera del alcance del oído. (neutro) (4) *nibbāna*. (5) una y otra vez; repetidamente; sin interrupción. (adjetivo) (6) excelente / superior. (7) otro / distinto. (a) distinto de lo verdadero / cierto; no verdadero / no cierto. (b) distinto del *atta*; que es *anatta*. (c) el día distinto (de hoy); pasado mañana, el tercer día. (d) anteayer, el tercer día hacia atrás. (e) distinto del íntimo / querido; el no querido; el extraño.	(1) the enemy; the opposing person. (2) the later part; later time, later place. (3) the outside; a place hidden from the eye, a place out of earshot. (neuter) (4) *nibbāna*. (5) again and again; repeatedly; without interruption. (adjective) (6) excellent / superior. (7) other / another. (a) other than the true / real; not true / not real. (b) other than the *atta*; being *anatta*. (c) the day other (than today); the day after tomorrow, the third day. (d) the day before yesterday, the third day back. (e) other than an intimate / one who is loved; one not loved; a stranger.	the senses are printed twice (the second time with quotations): translated once; (ဂ) and (ဃ) read as 'day after tomorrow' and 'day before yesterday'
210792	paraāmisapiṇḍa	တစ်ပါးတို့၏-စားဖွယ်-အာမိသ-အစိုင်အခဲ၊ သူတစ်ပါးတို့၏ စားဖွယ်ဆွမ်းလုတ်။	el trozo de comida / *āmisa* de los demás; el bocado de comida de limosna de los demás.	the lump of food / *āmisa* of others; the morsel of alms food of others.	text begins 'တစ်ပါးတို့' (probably 'သူတစ်ပါးတို့' truncated)
210799	parakatadukkhasahanatāvacana	သူတစ်ပါးတို့သည်-ပြု-ဖြစ်စေ- အပ်သော ဆင်းရဲကို သည်းခံတတ် သောသူ၏အဖြစ်ကို။	el hecho de ser quien suele soportar el sufrimiento hecho / producido por los demás.	the state of being one apt to endure suffering made / produced by others.	the Burmese ends in 'ကို' (object marker): the gloss for vacana ('words expressing …') seems lost
210804	parakammakara	သူတစ်ပါးတို့၏-အမှု-ကိစ္စ-ကို ပရကမ္မိက ပြုလုပ်တတ်သော၊ သူ။ သူရင်းငှား၊ သူခစား၊ အစေခံ။ (ဓမ္မဒိန္နာထေရီပဒါန် ( တို့၌ ဟု ပါဌ်ရှိနေသည်၊ ⟨]]urõPd⟩ ⟨bÂawmf}} ⟩နှင့်အညီ ဘတိအနက် ထင်ရှားသောကြောင့် ဟုသာ ရှိသင့်သည်။	que suele hacer el asunto / la tarea de los demás (dicho de una persona). el jornalero; el sirviente; el criado.	apt to do the business / task of others (said of a person). a hired labourer; a servant; a menial.	a textual note at the end is garbled (its quoted words lost) and left out
210812	parakiccattakicca	တစ်ပါးတို့၏-အမှု-ကိစ္စ, မိမိ၏-အမှု-ကိစ္စ။	el asunto / la tarea de los demás, el asunto / la tarea propia.	the business / task of others, one's own business / task.	text begins 'တစ်ပါး…' (probably 'သူတစ်ပါး…' truncated)
210814	parakiriyā	အခြား-တစ် ပါး-သော ကြိယာ၊ နောက်ကြိယာ။ အောက် ပုဒ်ကြည့်။	otra / distinta *kriyā*; la *kriyā* siguiente. Véase la entrada siguiente.	another / other *kriyā*; the following *kriyā*. See the next headword.	ကြိယာ here means 'verb' (the following verb)
210815	parakiriyāpekkha	နောက်ကြိယာကို-ငဲ့-စပ်-ခြင်းရှိသော-ပုဒ်-သဒ္ဒါ။ “ “ကတွာ”။	la palabra / el vocablo que tiene relación / conexión con la *kriyā* siguiente.	the word / term having regard / connection to the following *kriyā*.	ကြိယာ here means 'verb'
210819	parakula	⟨ukv (e) ukv+u?⟩ ⟨0Ha$ç oZmwD,*aPç a'a$ç *Âa[ç a'a[ç⟩ ⟨wa`EÅmauå ZD0ga':ç r"sr[v'Ga,e uÂ⟩-⟨%srmPm,mH blarmf p .... ukav ba0⟩ ⟨(Mwd)? $dvÜdukvjy"mae (yk)/ axmr/ ⟩] (၁) အခြား-တစ်ပါး-သော အမျိုး၊ အမျိုးမတော်သူ၊ တစိမ်းလူ၊ (၂) အခြား-တစ်ပါး-သောသူ၏ အိမ်။ (က) ဒကာ, ဒကာမတို့၏ အိမ်။ (ခ) ယောက္ခမ, လင်ယောကျာ်း-တို့၏ အိမ်။ (ဂ) ဆွေမျိုး-မိတ်သင်္ဂဟ-တို့၏ အိမ်။ (ဃ) အရှင် သခင်၏ အိမ်။ (င) ဆွေမျိုးတော်သူ-တစ်ပါး လူ-၏ အိမ်။ ပရကုလ (၁) အခြား-တစ်ပါး-သော အမျိုး၊ အမျိုး မတော်သူ၊ တစိမ်းလူ။ (၂) အခြား-တစ်ပါး-သောသူ ၏ အိမ်။ (က) ဒကာ, ဒကာမတို့၏ အိမ်။ (ခ) ယောက္ခမ, လင်ယောကျာ်းတို့၏ အိမ်။ (ဂ) ဆွေမျိုး-မိတ်သင်္ဂဟ-တို့၏ အိမ်။ ပရကုလ။ (ဃ) အရှင်သခင်၏ အိမ်။ (င) ဆွေမျိုးတော်သူ-တစ်ပါးလူ-၏ အိမ်။ ⟨....⟩။	(1) otra / distinta familia; quien no es pariente; el extraño; (2) la casa de otra / distinta persona. (a) la casa de los donantes, de las donantes. (b) la casa de los suegros / del marido. (c) la casa de los parientes / amigos y allegados. (d) la casa del amo y señor. (e) la casa de un pariente / de otra persona.	(1) another / other family; one who is not a relative; a stranger; (2) the house of another / other person. (a) the house of male, female lay supporters. (b) the house of the parents-in-law / the husband. (c) the house of relatives / friends and associates. (d) the house of the lord and master. (e) the house of a relative / another person.	the senses are printed twice: translated once; 'ဒကာ, ဒကာမ' rendered 'donantes' (male and female lay supporters)
210828	parakoṭimatthaka	တစ်ဖက်-အစွန်း-အဖျား-ဟူသော အထွတ် အထိပ်။ (ဤ၌ အဋ္ဌကထာဝယ် “ ပါရမိံ ”ဟူသောပုဒ်ကို ဋီကာ၌ “ ပါရံ ”ဟု သံဝဏ္ဏေတဗ္ဗ ပြုထားသည်။ ဤနှင့်စပ်၍ ဗားကရာမူ အဋ္ဌကထာနိဿယ၌ ဤသို့ မှာထားတော်မူသည်။ “ဝိနိစ္ဆယကား — ဤ ဟူသောပုဒ်တို့၌ “ပညာပါရံ, သမာဓိပါရံ”ဟု ရှိမှသာ အနက် သဘော သင့်အံ့သည်၊ ဋီကာနှင့်လည်း ညီအံ့ သည်” ဤသို့ နိဿယ အမှာအထားရှိသော် လည်း “။ တို့ကို ထောက်လျှင် ဋီကာ၌ ဟု ရှိသင့်သည်ဟူ၍လည်း ဆိုနိုင်သည်။	la cima / cumbre que es el otro extremo / punta.	the top / summit that is the other end / tip.	a long textual note follows, with its quoted words lost; left out
210831	parakkantabhuja	ကြိုးစား-အား ထုတ်-လုံ့လပြု-သော လက်မောင်း-လက်ရုံး-ရှိသောသူ၊ ပရက္ကန္တဘုဇ = ပရက္ကမဘုဇ = ပရ-က္ကမဗာဟုမည်သော မင်း။ «S1» ပရက္ကမ၁	quien tiene brazos / antebrazos que se afanan / se esfuerzan / ponen empeño; el rey llamado *parakkantabhuja* = *parakkamabhuja* = *parakkamabāhu*. Véase también [[parakkamabāhu]].	one having arms / forearms that strive / exert / make effort; the king called *parakkantabhuja* = *parakkamabhuja* = *parakkamabāhu*. See also [[parakkamabāhu]].	hyphen: ပရ-က္ကမဗာဟု read as one word
210839	parakkamadhātu	ပရက္ကမဓါတ်၊ ပရက္ကမန္တ အဆင့်ဆင့်- ကြိုးစား- အားထုတ်- ခြင်း သဘော။ ပရက္ကမဓါတူ။	el *parakkamadhātu*; la naturaleza de afanarse / esforzarse paso a paso.	the *parakkamadhātu*; the nature of striving / exerting step by step.	'ပရက္ကမဓါတ်' (the headword in its Burmese form) kept as ⟦=parakkamadhātu⟧
210846	parakkamabāhu	ရဲရင့်-ထက်မြက်-သော-လက်မောင်း-လက်ရုံး-ရှိ သော မင်း၊ ပရက္ကမဗာဟုမင်း။ ဤမင်းကား “ပရက္ကမဗာဟု”ဘွဲ့ခံ မင်း အများတွင် ရှေးဦးအစ ပေါ်ထွန်းလာသော မင်းဖြစ်၍ “ပဌမပရက္ကမဗာဟုမင်း”ဟု ခေါ်တွင် သည်၊ ဤမင်းကို “ပရက္ကမဘုဇ, ပရက္ကန္တဘုဇ, သိရီသင်္ဃဗောဓိပရက္ကမဗာဟု” ဟူ၍လည်း ခေါ်ဆိုရေးသားကြသည်။ ထိုတွင် နောက်ဆုံး ဘွဲ့အမည်၏ အနက်အဓိပ္ပါယ်ကို “အသရေ အပေါင်းတို့ဖြင့် ပွင့်လင်းသော အလွန်ဘုန်း ပရက္ကမဗာဟု လက်ရုံးရှိသော မင်းမြတ်”ဟူ၍ ကလျာဏီ ကျောက်စာနိဿယ (၁၃၃)၌ ပြဆိုထားသည်၊ ပါဋလိပုတ်ပြည်၌ တတိယသင်္ဂာယနာ တင် ပြီးနောက် အရှင်မောဂ္ဂလိပုတ္တတိဿမထေရ် အမှူးရှိသော သံဃါတော်တစ်သောင်းတို့၏ တိုက်တွန်းစေလွှတ်ချက်အရ ပစ္စန္တဒေသ ကိုး တိုင်းကိုးဌာနသို့ သာသနာပြု ကြတော်မူကြရာ အရှင်မဟိန္ဒအမှူးရှိသော သီရိလင်္ကာ (သီဟိုဠ် ကျွန်း) သာသနာပြုအဖွဲ့သည် သာသနာ တော်နှစ် ၂၃၆-ခုနှစ် နယုန်လပြည့်နေ့တွင် လင်္ကာဒီပခေါ် သီရိလင်္ကာ (သီဟိုဠ်ကျွန်း)သို့ သာသနာပြု ရောက်ရှိတော်မူကြသည်။ နယုန် လပြည့်ကျော် ၁-ရက်နေ့၌ ဒေဝါနံပိယတိဿ မင်းသည် အရှင်မဟိန္ဒအမှူးရှိသော သံဃါ တော်များအား မဟာမေဃဝန်ဥယျာဥ်တော် ကို လှူဒါန်း၍ မဟာဝိဟာရကျောင်းတိုက်ကြီး ကို တည်ထောင်ဆောက်လုပ်လှူဒါန်းတော်မူ သည်။ မဟာဝိဟာရကျောင်းတိုက်ကြီး တည် ထောင်ပြီးနောက် နှစ်ပေါင်း ၂၁၇-နှစ်, ၁၀-လ, ၁၀-ရက် လွန်မြောက်သောအခါ သာသနာ နှစ် ၄၅၄-ခုနှစ်တွင် ဂိရိမည်သော နိဂဏ္ဌ၏ ကျောင်းတိုက်အရံဟောင်းနေရာ၌ ဝဋ္ဋဂာမဏိ အဘယမင်းသည် “အဘယဂိရိ” မည်သော ကျောင်းတိုက်ကို ဆောက်လုပ်၍ မိမိအား ကျေးဇူးပြုခဲ့ဖူးသော မဟာတိဿမထေရ်အား လှူဒါန်းသည်။ လူဒါယကာ, ဒါယိ-ကာမတို့နှင့် ရောနှောဆက်ဆံမှုကြောင့် မဟာ-တိဿမထေရ်ကို မဟာဝိဟာရဝါသီဂိုဏ်းသား သံဃါများက ပဗ္ဗာဇနီယကံပြုကာ နှင်ထုတ် ကြသည်၊ ထိုအခါ တပည့်ဖြစ်သော ဗဟလ-မဿုတိဿမည်သောမထေရ်က ထိုပဗ္ဗာဇနီ-ယကံကို တားမြစ်သည်၊ ထို့ကြောင့် ထိုမထေရ် ကိုလည်း မဟာဝိဟာရဝါသီဂိုဏ်းသားသံဃါ များက ဥက္ခေပနီယကံပြုကြပြန်သည်။ ဗဟလ-မဿုတိဿမထေရ်သည် ဆရာဖြစ်သော မဟာတိဿမထေရ်နှင့် ပူးပေါင်းကာ “အဘယ-ဂိရိနိကာယ”ဟူ၍ ဂိုဏ်းသီးဂိုဏ်းခြား တည် ထောင်ကြသည်။ ထိုအခါမှစ၍ သီရိလင်္ကာ (သီဟိုဠ်ကျွန်း)၌ မဟာဝိဟာရဝါသီဂိုဏ်း, အ-ဘယဂိရိဝါသီဂိုဏ်းဟူ၍ ဂိုဏ်း ၂-ဂိုဏ်း ကွဲ ပြားလာသည်၊ ဤသည်ပင် သီဟိုဠ်ကျွန်း၌ ဗုဒ္ဓသာသနာ ဆုတ်ယုတ်ခြင်း၏ အကြောင်း ရင်း ဖြစ်သည်။ ယင်းသို့ ဂိုဏ်း ၂-ဂိုဏ်း ကွဲပြားပြီးနောက် မဟာသေနမင်းလက်ထက် သာသနာနှစ် အတွင်း “ဇေတဝနဝါသီဂိုဏ်း” ဟူ၍ နောက်ထပ် ဂိုဏ်းတစ်ခု ပေါ်ပေါက်လာ ပြန်သည်။ မဟာသေနမင်းသည် ဒက္ခိဏာရာမ ကျောင်းတိုက်၌နေသော ကုဟကတိဿ မထေရ်အား ကြည်ညို၍ မဟာဝိဟာရကျောင်း တိုက်၏ ဥပစာရသိမ်အတွင်းရှိ ဇောတိဝန မည်သော ဥယျာဥ်အတွင်း၌ ဇေတဝနမည် သော ကျောင်းကို ဆောက်လုပ်ကာ လှူဒါန်း သည်၊ ထိုမထေရ်သည် ဒက္ခိဏဂိရိကျောင်း တိုက်မှ ရောက်လာသောရဟန်းများနှင့် ပေါင်း ၍ မဟာဝိဟာရကျောင်းတိုက်နှင့် အဘယဂိရိ ကျောင်းတိုက်များသို့ မသွားတော့ဘဲ “ဇေတ-ဝနဝါသီဂိုဏ်း”ဟူ၍ သီးခြားဂိုဏ်း တည်ထောင် လေသည်။ ပြဆိုခဲ့ပြီး ဂိုဏ်း ၃-ဂိုဏ်းတို့တွင် အဘယဂိရိဂိုဏ်းသည် ထိုအချိန်က အထူး ထင်ရှား လူသိများ၍ အင်အားကောင်းသော ပရက္ကမဗာဟု ဂိုဏ်း ဖြစ်လေသည်။ သီရိလင်္ကာ(သီဟိုဠ်ကျွန်း)၌ သံဃါ့ဂိုဏ်း ကြီး ၃-ဂိုဏ်း ပေါ်ပေါက်လာပြီးနောက် နှစ် ပေါင်း ၈၆၃-နှစ်ခန့် နှစ် ၁၇၀၈-ဖြစ်၍ သိရီသင်္ဃဗောဓိ ပဌမပရ-က္ကမဗာဟုမင်း မင်းအဖြစ်သို့ ရောက်ပြီးနောက် ၁၈-နှစ်မြောက်နှစ်လည်း ဖြစ်သည်၊ ထိုနှစ်တွင် ပရက္ကမဗာဟုမင်းသည် မဟုတ်မှန်သောအကျင့်, မကောင်းသောအကျင့်ရှိသော ရဟန်းတို့ကို မြင်ရသဖြင့် သာသနာတော်၏ အညစ်အကြေး ဆူးငြောင့်ဘေးရန်ရှိသည်၏အဖြစ်ကို သိမြင် တော်မူ၍ ဥဒုမ္ဗရဂိရိကျောင်းနေ ဒိမ္ဗုလာဂလ အရှင်မဟာကဿပအမှူးရှိသော မထေရ်မြတ် တို့၏ ကူညီချီးမြှောက်မှုဖြင့် သီရိလင်္ကာ ဗုဒ္ဓ-သာသနာကို သန့်ရှင်းစင်ကြယ်အောင် ဆောင် ရွက်တော်မူသည်၊ မဟုတ်မမှန်သောအကျင့်, မကောင်းသောအကျင့်ရှိသော ရဟန်းတို့ကို လူဝတ်လဲစေ၍ မဟာဝိဟာရဝါသီဂိုဏ်းသံဃါ တစ်မျိုးတည်းသာ ရှိစေလျက် ထိုဂိုဏ်သံဃါ အားသာ ပစ္စည်းလေးပါး ထောက်ပံ့လှူဒါန်း တော်မူသည်။ သိရီသင်္ဃဗောဓိ ပဌမပရက္ကမဗာဟုမင်း သီရိလင်္ကာဗုဒ္ဓသာသနာ သန့်ရှင်းစင်ကြယ် အောင် ဆောင်ရွက်တော်မူပြီးနောက် နှစ် ပေါင်း ၂၉၄-နှစ်မြောက်၊ သာသနာနှစ် ၂၀၀၂၊ မြန်မာသက္ကရာဇ် ၈၂၀-ပြည့်နှစ်၌ ဘုရင်မ ရှင် စောပုက ဓမ္မဓရရဟန်းလူထွက် မင်းတံအား ရာမာဓိပတိ ဓမ္မစေတီမင်းအဖြစ်ဖြင့် ဟံသာဝတီ ထီးနန်းကို လွှဲအပ်တင်မြောက်တော်မူ သည်။ ဓမ္မစေတီမင်းကြီး၏ လျှောက်ထား တောင်းပန်ချက်အရ သံဃါတော် ၄၄-ပါးတို့ သည် သာသနာနှစ် ၂၀၁၉၊ ကောဇာသက္က ရာဇ် ၈၃၇-ခုနှစ်တွင် သိက္ခာတင်ရန် သီရိ-လင်္ကာ (သီဟိုဠ်ကျွန်း)သို့ ကြရောက်တော်မူ ကြသည်။	el rey que tiene brazos / antebrazos audaces / enérgicos; el rey *parakkamabāhu*. Este rey, por ser el primero que apareció entre los muchos reyes que llevaron el título de “*parakkamabāhu*”, es llamado “el rey *parakkamabāhu* I”; a este rey también se le llama y se le escribe “*parakkamabhuja*, *parakkantabhuja*, *sirīsaṅghabodhiparakkamabāhu*”. De ellos, el significado del último título se da en el *nissaya* de las inscripciones de *kalyāṇī* como “el rey excelso, resplandeciente con el conjunto de sus glorias, de grandísima majestad, que tiene el brazo de *parakkama*”. Después de celebrarse el tercer concilio en la ciudad de *Pāṭaliputta*, cuando, por exhortación y envío de los diez mil monjes del *saṅgha* encabezados por el venerable *thera* *moggaliputtatissa*, se fue a propagar la *sāsana* a las nueve regiones fronterizas, la misión a *sīrilaṅkā* (la isla de *Sīhaḷa*) encabezada por el venerable *mahinda* llegó a propagar la *sāsana* a *sīrilaṅkā* (la isla de *Sīhaḷa*), llamada *laṅkādīpa*, el día de luna llena del mes de Nayon del año 236 de la *sāsana*. El primer día después de la luna llena de Nayon, el rey *devānaṁpiyatissa* donó el parque *Mahāmeghavana* a los monjes del *saṅgha* encabezados por el venerable *mahinda*, y fundó, construyó y donó el gran monasterio *mahāvihāra*. Cuando habían pasado 217 años, 10 meses y 10 días desde la fundación del gran monasterio *mahāvihāra*, en el año 454 de la *sāsana*, el rey *vaṭṭagāmaṇi* *abhaya* construyó, en el lugar del antiguo recinto monástico de un *nigaṇṭha* llamado *giri*, el monasterio llamado “*abhayagiri*”, y lo donó al *thera* *mahātissa*, que en otro tiempo le había hecho un favor. Por mezclarse y tratar con los donantes laicos y las donantes, los monjes del *saṅgha* de la fraternidad *mahāvihāravāsī* realizaron el *pabbājanīyakamma* contra el *thera* *mahātissa* y lo expulsaron; entonces el *thera* llamado *bahalamassutissa*, que era su discípulo, se opuso a ese *pabbājanīyakamma*; por eso los monjes del *saṅgha* de la fraternidad *mahāvihāravāsī* realizaron a su vez el *ukkhepanīyakamma* contra ese *thera*. El *thera* *bahalamassutissa*, uniéndose a su maestro, el *thera* *mahātissa*, fundó una fraternidad aparte llamada “*abhayagirinikāya*”. Desde entonces, en *sīrilaṅkā* (la isla de *Sīhaḷa*) se separaron dos fraternidades, la fraternidad *mahāvihāravāsī* y la fraternidad *abhayagirivāsī*; esta fue precisamente la causa originaria de la decadencia de la *sāsana* del Buddha en la isla de *Sīhaḷa*. Después de separarse así las dos fraternidades, en tiempos del rey *mahāsena*, en el año … de la *sāsana*, surgió además otra fraternidad llamada “fraternidad *jetavanavāsī*”. El rey *mahāsena*, teniendo fe en el *thera* *kuhakatissa*, que vivía en el monasterio *dakkhiṇārāma*, construyó y donó un monasterio llamado *jetavana* dentro del parque llamado *jotivana*, situado dentro de la *upacārasīmā* del monasterio *mahāvihāra*; ese *thera*, uniéndose a los monjes llegados del monasterio *dakkhiṇagiri*, dejó de ir a los monasterios *mahāvihāra* y *abhayagiri* y fundó una fraternidad aparte llamada “fraternidad *jetavanavāsī*”. De las tres fraternidades mencionadas, la fraternidad *abhayagiri* era en aquel tiempo especialmente destacada, conocida por muchos y poderosa. Unos 863 años después de surgir las tres grandes fraternidades del *saṅgha* en *sīrilaṅkā* (la isla de *Sīhaḷa*), en el año 1708, que era también el decimoctavo año desde que *sirīsaṅghabodhi* *parakkamabāhu* I subió al trono, en ese año el rey *parakkamabāhu*, al ver monjes de conducta falsa y de mala conducta, comprendió que la *sāsana* tenía impurezas, espinas y peligros, y, con la ayuda y el apoyo de los nobles *thera* encabezados por el venerable *mahākassapa* de *dimbulāgala*, que residía en el monasterio *udumbaragiri*, llevó a cabo la purificación de la *sāsana* del Buddha en *sīrilaṅkā*; hizo que los monjes de conducta falsa y de mala conducta vistieran ropas de laico, hizo que hubiera un solo *saṅgha*, el de la fraternidad *mahāvihāravāsī*, y solo al *saṅgha* de esa fraternidad sostuvo y donó los cuatro requisitos. En el año 294 después de que *sirīsaṅghabodhi* *parakkamabāhu* I llevara a cabo la purificación de la *sāsana* del Buddha en *sīrilaṅkā*, en el año 2002 de la *sāsana*, año 820 de la era birmana, la reina Shin Sawbu entregó el trono de *haṁsāvatī* al ex monje *dhammadhara*, elevándolo como rey *rāmādhipati* *dhammacetī*. A petición del gran rey *dhammacetī*, cuarenta y cuatro monjes del *saṅgha* fueron a *sīrilaṅkā* (la isla de *Sīhaḷa*) en el año 2019 de la *sāsana*, año 837 de la era Kawza, para recibir la ordenación.	the king having bold / keen arms / forearms; King *parakkamabāhu*. This king, being the first to appear among the many kings who bore the title “*parakkamabāhu*”, is called “King *parakkamabāhu* I”; this king is also called and written “*parakkamabhuja*, *parakkantabhuja*, *sirīsaṅghabodhiparakkamabāhu*”. Of these, the meaning of the last title is given in the *nissaya* of the *kalyāṇī* inscriptions as “the excellent king, radiant with a mass of glories, of exceeding majesty, having the arm of *parakkama*”. After the third council had been held in the city of *Pāṭaliputta*, when, at the urging and sending of the ten thousand monks of the *saṅgha* headed by the Venerable *thera* *moggaliputtatissa*, missions went to spread the *sāsana* to the nine border regions, the mission to *sīrilaṅkā* (the island of *Sīhaḷa*) headed by the Venerable *mahinda* arrived to spread the *sāsana* in *sīrilaṅkā* (the island of *Sīhaḷa*), called *laṅkādīpa*, on the full-moon day of the month of Nayon in the year 236 of the *sāsana*. On the first day after the full moon of Nayon, King *devānaṁpiyatissa* offered the *Mahāmeghavana* park to the monks of the *saṅgha* headed by the Venerable *mahinda*, and founded, built and offered the great *mahāvihāra* monastery. When 217 years, 10 months and 10 days had passed since the founding of the great *mahāvihāra* monastery, in the year 454 of the *sāsana*, King *vaṭṭagāmaṇi* *abhaya* built, on the site of the old monastery grounds of a *nigaṇṭha* named *giri*, the monastery called “*abhayagiri*”, and offered it to the *thera* *mahātissa*, who had once done him a kindness. Because of his mixing and associating with male and female lay supporters, the monks of the *saṅgha* of the *mahāvihāravāsī* fraternity performed the *pabbājanīyakamma* against the *thera* *mahātissa* and drove him out; then the *thera* named *bahalamassutissa*, who was his pupil, opposed that *pabbājanīyakamma*; therefore the monks of the *saṅgha* of the *mahāvihāravāsī* fraternity in turn performed the *ukkhepanīyakamma* against that *thera* too. The *thera* *bahalamassutissa*, joining with his teacher, the *thera* *mahātissa*, founded a separate fraternity called the “*abhayagirinikāya*”. From then on, in *sīrilaṅkā* (the island of *Sīhaḷa*) two fraternities split apart, the *mahāvihāravāsī* fraternity and the *abhayagirivāsī* fraternity; this was indeed the root cause of the decline of the Buddha's *sāsana* in the island of *Sīhaḷa*. After the two fraternities had split in this way, in the reign of King *mahāsena*, in the year … of the *sāsana*, yet another fraternity arose, called the “*jetavanavāsī* fraternity”. King *mahāsena*, having faith in the *thera* *kuhakatissa*, who lived in the *dakkhiṇārāma* monastery, built and offered a monastery called *jetavana* within the park called *jotivana*, which lay within the *upacārasīmā* of the *mahāvihāra* monastery; that *thera*, joining with monks who had come from the *dakkhiṇagiri* monastery, no longer went to the *mahāvihāra* and *abhayagiri* monasteries and founded a separate fraternity called the “*jetavanavāsī* fraternity”. Of the three fraternities mentioned, the *abhayagiri* fraternity was at that time especially prominent, widely known and powerful. About 863 years after the three great fraternities of the *saṅgha* appeared in *sīrilaṅkā* (the island of *Sīhaḷa*), in the year 1708, which was also the eighteenth year after *sirīsaṅghabodhi* *parakkamabāhu* I came to the throne, in that year King *parakkamabāhu*, seeing monks of false conduct and bad conduct, understood that the *sāsana* had impurities, thorns and dangers, and, with the help and support of the noble *thera*s headed by the Venerable *mahākassapa* of *dimbulāgala*, who resided in the *udumbaragiri* monastery, carried out the purification of the Buddha's *sāsana* in *sīrilaṅkā*; he made the monks of false conduct and bad conduct put on lay clothes, caused there to be only one *saṅgha*, that of the *mahāvihāravāsī* fraternity, and supported and offered the four requisites to the *saṅgha* of that fraternity alone. In the 294th year after *sirīsaṅghabodhi* *parakkamabāhu* I had carried out the purification of the Buddha's *sāsana* in *sīrilaṅkā*, in the year 2002 of the *sāsana*, the year 820 of the Myanmar era, Queen Shin Sawbu handed over the throne of *haṁsāvatī* to the ex-monk *dhammadhara*, raising him as King *rāmādhipati* *dhammacetī*. At the request of the great King *dhammacetī*, forty-four monks of the *saṅgha* went to *sīrilaṅkā* (the island of *Sīhaḷa*) in the year 2019 of the *sāsana*, the year 837 of the Kawza era, to receive ordination.	long historical note translated whole; ⟦=pabbājanīyakamma⟧ and ⟦=ukkhepanīyakamma⟧ are Saṅgha formal acts (kamma); year after 'မဟာသေနမင်းလက်ထက် သာသနာနှစ်' missing in the source (rendered '…'); 'နှစ် ၁၇၀၈' has no era named; Burmese names romanised: Nayon (month), Shin Sawbu (queen), Kawza era; 'ဓမ္မဓရရဟန်းလူထွက် မင်းတံ' read as 'the ex-monk Dhammadhara' ('မင်းတံ' unclear); hyphens read as one word: ဗဟလ-မဿုတိဿ, အ-ဘယဂိရိ, ဇေတ-ဝန, ပရ-က္ကမဗာဟု, သီရိ-လင်္ကာ; 'ကြရောက်' read as 'ကြွရောက်'
210851	parakkamasi	ကြိုးစား-အားထုတ်-လုံ့လပြု-၏။ «S1»	se afana / se esfuerza / pone empeño. Véase [[parakkamati]].	strives / exerts / makes effort. See [[parakkamati]].	headword is 2nd person (-asi); rendered in the 3rd, as the Burmese
210852	parakkamiṁ	ကြိုးစား-အား ထုတ်-လုံ့လပြု-ပြီ။ «S1»	me afané / me esforcé / puse empeño. Véase [[parakkamati]].	I strove / exerted / made effort. See [[parakkamati]].	1st person rendered (headword -iṁ)
210858	parakkamissasi	ကြိုး စား-အားထုတ်-လုံ့လပြု-လတ္တံ့။ «S1»	te afanarás / te esforzarás / pondrás empeño. Véase [[parakkamati]].	you will strive / exert / make effort. See [[parakkamati]].	2nd person rendered (headword -ssasi)
210870	paragarahā	သူတစ်ပါးတို့ကို-ကဲ့ရဲ့-ရှုတ်ချ-ခြင်း၊(ကဲ့ရဲ့-ရှုတ်ချ-သောစကား။	el reprochar / censurar a los demás; (las palabras que reprochan / censuran).	reproaching / censuring others; (words that reproach / censure).	closing bracket missing in the source; added
210891	paragharavilopa	တစ်ပါးတို့၏ အိမ်၌ လုယက်ခြင်း။	el saquear en la casa de otros.	plundering in the house of others.	text begins 'တစ်ပါးတို့' (probably 'သူတစ်ပါးတို့' truncated)
210899	paracakkādibhaya	တစ်ပါးသောမင်း၏ အာဏာစက်စသောဘေး။ (စစ်ဖြစ်ခြင်း- စစ်တိုက်ခြင်း- စသော ဘေး။	el peligro que comienza por el poder de mando de otro rey. (el peligro de estallar la guerra / de combatir y demás).	the danger beginning with the sphere of authority of another king. (the danger of war breaking out / of fighting and so on).	closing bracket missing in the source; added
210900	paracaṅkamaccha	ပရစင်္ကမည်သော ငါး။	el pez llamado *paracaṅka*.	the fish called *paracaṅka*.	fish not identified
210904	paraciittajānanaka	တစ်ပါး၏စိတ်ကို သိတတ်သော၊ သူ။ “သော ဟီ”။	que suele conocer la mente de otro (dicho de una persona).	apt to know the mind of another (said of a person).	text begins 'တစ်ပါး' (probably 'သူတစ်ပါး' truncated)
210911	paracittapubbenivāsañāṇa	သူတစ်ပါး၏စိတ်နှင့် ရှေး၌ နေခဲ့ဖူးသောခန္ဓာကို သိသောဉာဏ်၊ ပရစိတ္တ-ဝိဇာနနဉာဏ်, ပုဗ္ဗေနိဝါသာနုဿတိဉာဏ်။	el conocimiento que conoce la mente de otro y los *khandha* en que se vivió antes; el conocimiento *paracittavijānana*, el conocimiento *pubbenivāsānussati*.	the knowledge that knows the mind of another and the *khandha* one lived in before; the *paracittavijānana* knowledge, the *pubbenivāsānussati* knowledge.	hyphen: ပရစိတ္တ-ဝိဇာနန read as one word
210917	paracittānuvattana	တစ်ပါးတို့၏ စိတ်အလိုသို့-လိုက်နာ-ဆောင် ရွက်-ခြင်း။	el seguir / actuar conforme al deseo de la mente de otros.	following / acting according to the wish of the mind of others.	text begins 'တစ်ပါးတို့' (probably 'သူတစ်ပါးတို့' truncated)
210920	parajanapada	အခြား-တစ်ပါး-သော-ဇနပုဒ်(-ပြည်နယ်-တိုင်း-ဒေသ)။ တိရောရဋ္ဌာ- တိ ပရရဋ္ဌတော။ တိရောဇနပဒါတိ ပရဇန-ပဒတော။ တိရောရဋ္ဌာ တိရော-ဇနပဒါတိ ဧတ္ထ ရဇ္ဇံ ရဋ္ဌံ ရာဇန္တိ ရာဇာနော ဧတေနာတိ။	otro / distinto país (provincia / región / comarca).	another / other country (province / region / district).	'ဇနပုဒ်' (janapada) translated 'país'
210922	parajita	(၁) ပရဇိတငရဲ၊ စစ်ပွဲ၌ တစ်ဖက်ရန်သူ၏ လက်ချက်ဖြင့် သေသောသူ တို့၏ဖြစ်ရာ ငရဲ။ (တိ) (၂) စစ်ပွဲ၌ တစ်ဖက် ရန်သူ၏ လက်ချက်ဖြင့် သေခဲ့သော (နတ်)။	(1) el *niraya* *parajita*; el *niraya* donde renacen quienes mueren en la batalla a manos del enemigo del otro bando. (adjetivo) (2) que murió en la batalla a manos del enemigo del otro bando (el *deva*).	(1) the *parajita* *niraya*; the *niraya* where those who die in battle at the hands of the enemy on the other side are reborn. (adjective) (2) who died in battle at the hands of the enemy on the other side (a *deva*).	'ငရဲ' kept as ⟦=niraya⟧
210925	parajjhati	ညှဥ်းဆဲ-နှိပ်စက်-၏၊ ပြစ်မှား ၏။ (ဤ၌ “အပရဇ္ဈထ (သီ)၊ အပရဇ္ဈတိ (သျာ၊ ဣ)” ဟူသော မူကွဲတို့ကိုထောက်၍ ဟူ၍သာ တည်ပုဒ် ပြုသင့်သည်။	tortura / oprime; ofende.	torments / oppresses; offends.	the compiler's note (left out) says that, given the variants 'aparajjhatha' (Sī) and 'aparajjhati' (Syā, I), the headword should be … (the proposed form was lost): the headword may be doubtful
210927	parajjhāsayapucchā	ပရဇ္ဈာသယသုတ္တနိက္ခေပနှင့် ပုစ္ဆာဝသိကသုတ္တနိက္ခေပ။ (သူတစ်ပါးတို့၏-အလို-ဆန္ဒ-အားလျော်စွာ သုတ်ကို-ချထား-ပရဇ္ဈာသယာနုသန္ဓိ ဟောကြား-ခြင်းနှင့် မေးမြန်းခြင်းကို အစွဲပြု၍ သုတ်ကို-ချထား-ဟောကြား-ခြင်း။	el *parajjhāsayasuttanikkhepa* y el *pucchāvasikasuttanikkhepa*. (el establecer / exponer un sutta conforme al deseo / *chanda* de los demás, y el establecer / exponer un sutta a raíz de una pregunta).	the *parajjhāsayasuttanikkhepa* and the *pucchāvasikasuttanikkhepa*. (setting out / expounding a sutta in accordance with the wish / *chanda* of others, and setting out / expounding a sutta on the basis of a question).	closing bracket missing in the source; added
210928	parajjhāsayapucchāvasika	ပရဇ္ဈာသယသုတ္တနိက္ခေပနှင့် ပုစ္ဆာ-ဝသိကသုတ္တနိက္ခေပ။ (သူတစ်ပါးတို့၏-အလို-ဆန္ဒ-အားလျော်စွာ သုတ်ကို- ချထား-ဟော ကြား-ခြင်းနှင့် မေးမြန်းခြင်းကို အစွဲပြု၍ သုတ် ကို-ချထား-ဟောကြား-ခြင်း။	el *parajjhāsayasuttanikkhepa* y el *pucchāvasikasuttanikkhepa*. (el establecer / exponer un sutta conforme al deseo / *chanda* de los demás, y el establecer / exponer un sutta a raíz de una pregunta).	the *parajjhāsayasuttanikkhepa* and the *pucchāvasikasuttanikkhepa*. (setting out / expounding a sutta in accordance with the wish / *chanda* of others, and setting out / expounding a sutta on the basis of a question).	closing bracket missing in the source; added
210938	paratitthiya	(ဗုဒ္ဓသာသနာမှ)တစ်ပါးသော အယူရှိသော၊ သူ (တိတ္ထိ, တက္ကဒွန်း)။	que tiene una opinión distinta (de la *sāsana* del Buddha) (dicho de una persona) (*titthi*, heterodoxo).	holding a view other (than the Buddha's *sāsana*) (said of a person) (*titthi*, heretic).	'တက္ကဒွန်း' rendered heterodoxo / heretic
210939	paratitthiyamaddana	တစ်ပါး သော အယူရှိသော တိတ္ထိ,တက္ကဒွန်းတို့ကို နှိမ် နင်းနိုင်သော၊သူ။	que puede someter a los *titthi*, heterodoxos, que tienen otra opinión (dicho de una persona).	able to subdue the *titthi*, heretics, who hold another view (said of a person).	'တက္ကဒွန်း' rendered heterodoxo / heretic
210945	paratīravāsika	ဖက်ကမ်း-ထိုမှာဘက်ကမ်း-၌ နေလေ့ရှိသော၊ သူ။	que suele vivir en la orilla opuesta / la orilla de allá (dicho de una persona).	in the habit of living on the opposite shore / far shore (said of a person).	text begins 'ဖက်ကမ်း' (probably 'တစ်ဖက်ကမ်း' truncated)
210947	paratoghosa	တစ်ပါးတို့၏-တရား-စကား-သံ၊ သူတစ်ပါး တို့၏ အထံမှဖြစ်သော-တရား-စကား-အသံ။ (တိ) (၂) သူတစ်ပါးတို့၏-တရား-စကား-သံ ရှိသော၊ သူတစ်ပါးတို့အထံမှ ဖြစ်သော-တရား-စကား-သံ ရှိသော။	el sonido de la Enseñanza / de las palabras de otros; el sonido de la Enseñanza / de las palabras que procede de otros. (adjetivo) (2) que tiene el sonido de la Enseñanza / de las palabras de otros; que tiene el sonido de la Enseñanza / de las palabras que procede de otros.	the sound of the Teaching / of the words of others; the sound of the Teaching / of the words coming from others. (adjective) (2) having the sound of the Teaching / of the words of others; having the sound of the Teaching / of the words coming from others.	text begins 'တစ်ပါးတို့' (probably 'သူတစ်ပါးတို့' truncated); sense (1) unnumbered
210963	paratva	ဝေးသည်၏အဖြစ်၊ ဝေး ကွာခြင်း။ ယင်းကား အရပ်ဒေသအားဖြင့် ဝေး ကွာခြင်း, အချိန်ကာလအားဖြင့် ဝေးကွာခြင်း ဟု ၂-မျိုးရှိသည်၊ ယင်းပရတ္တ-သည် ကဏာဒ ရသေ့၏ ဝိသေသိကဒဿန အဏုဝါဒ၌ လာ သည်၊ ထိုဝါဒ၌ = အစိတ် အပိုင်း ၆-မျိုး၊ တနည်း အဘာဝထည့်၍ ၇-မျိုးရှိသည်။ ယင်းတို့တွင် ဂုဏ = ဂုဏ် ၂၃၊ တနည်း ၂၄-မျိုးတွင် ပရတ္တ-သည် ၁-မျိုး အပါအဝင်ဖြစ်သည်။ အကျယ်ကို ဝိသေ-သိကဒဿနကျမ်းများနှင့် ဝါစပ္ပတိအဘိဓါန် ၌ ကြည့်။	el hecho de ser lejano; el estar distante. Es de dos clases: el estar distante en cuanto al lugar y el estar distante en cuanto al tiempo. Este *paratta* aparece en la doctrina atomista (*aṇuvāda*) *visesikadassana* del ermitaño *kaṇāda*; en esa doctrina hay seis clases de partes, o bien siete si se incluye la no existencia (*abhāva*). Entre ellas, de las 23, o bien 24, clases de *guṇa* = cualidad, el *paratta* es una. Para más detalle, véanse los libros del *visesikadassana* y el diccionario *vācappati*.	the state of being far; being distant. It is of two kinds: being distant in place and being distant in time. This *paratta* occurs in the atomist doctrine (*aṇuvāda*) *visesikadassana* of the hermit *kaṇāda*; in that doctrine there are six kinds of parts, or seven if non-existence (*abhāva*) is included. Among them, of the 23, or 24, kinds of *guṇa* = quality, *paratta* is one. For details, see the books of the *visesikadassana* and the *vācappati* dictionary.	Sanskrit (Vaiśeṣika) terms kept in ⟦ ⟧; 'ထိုဝါဒ၌ = အစိတ်အပိုင်း' has lost the term before '=' (padārtha?); hyphen: ဝိသေ-သိကဒဿန read as one word
210973	paradattūpajīvī	တစ်ပါးတို့-ပေးလှူ-စွန့်ကြဲ-အပ်သော ပစ္စည်း ကို အမှီပြု၍ အသက်မွေးလေ့ရှိသော၊ သူ။ (က) ရသေ့, ရဟန်း။ (ခ) သူတောင်းစာ, သူတောင်းစားမ။ (ဂ) ပြိတ္တာ။ “ပရဒတ္တူပဇီဝီ”။ (ခ) အထက်ပုဒ်ကြည့်။	que suele vivir apoyándose en los bienes donados / repartidos por los demás (dicho de una persona). (a) el ermitaño, el monje. (b) el mendigo, la mendiga. (c) el *peta*. (b) Véase la entrada anterior.	in the habit of living in dependence on goods given / bestowed by others (said of a person). (a) a hermit, a monk. (b) a beggar, a beggar woman. (c) a *peta*. (b) See the preceding headword.	text begins 'တစ်ပါးတို့' (probably 'သူတစ်ပါးတို့' truncated)
210975	paradānapakāsana	တစ်ပါးတို့၏-အလှူ-လှူရာဌာန-ကို-ညွှန်ပြ-ပြောဆို-ခြင်း။	el indicar / decir el donativo / el lugar de donación de otros.	pointing out / telling the gift / place of giving of others.	text begins 'တစ်ပါးတို့' (probably 'သူတစ်ပါးတို့' truncated)
210977	paradārakamma	သူတစ်ပါး၏-မယား-ဇနီး-ကို-ပြစ်မှား-ကျူးလွန်-ခြင်းအမှု၊ ပရဒါရကံ၊ ကာမေသုမိစ္ဆာရကံ။ ကာမပိုင်လင် ရှိသော သူတစ်ပါး၏မယားကို ပြစ်မှား ကျူး လွန်သောသူသည် သေသည့်အခြားမဲ့၌ များ စွာသော အနှစ်အသိန်းတို့ကာလပတ်လုံး ငရဲ ဘုံ၌ ဖြစ်ရ၏။ အခြားသော အပါယ်ဘုံတို့၌ လည်း ဖြစ်ရ၏။ လူ့အဖြစ်ကိုရခဲ့လျှင်လည်း ဘဝတစ်ရာတိုင်တိုင် မိန်းမဖြစ်ရ၏။ အရှင် အာနန္ဒာသည်ပင် တစ်ခုသောဘဝက သူတစ် ပါးမယားကို ပြစ်မှားကျူးလွန်ခဲ့သော (ပရ-ဒါရကံ)ကြောင့် ငရဲဘုံ၌ ဖြစ်ရ၍ ၁၄-ဘဝ တိုင်တိုင် ယောကျာ်း၏ အလုပ်အကျွေး အစေ ခံမိန်းမ ဖြစ်ခဲ့ရ၏။ ၇-ဘဝတိုင်တိုင် ဝှေးစေ့ ထုတ်ခြင်းကို ခံခဲ့ရ၏။	el acto de cometer ofensa / transgresión con la esposa / mujer de otro; el *paradārakamma*; el *kāmesumicchācārakamma*. Quien comete ofensa / transgresión con la esposa de otro que tiene marido legítimo, inmediatamente después de morir ha de renacer en el *bhūmi* del *niraya* durante muchos cientos de miles de años. Ha de renacer también en los otros *bhūmi* de *apāya*. Aun si obtiene el estado humano, ha de ser mujer durante cien existencias seguidas. El propio venerable *Ānanda*, por el *paradārakamma* de haber cometido ofensa / transgresión con la esposa de otro en una existencia, renació en el *bhūmi* del *niraya* y durante catorce existencias seguidas fue mujer que servía / atendía a un hombre; durante siete existencias seguidas sufrió la extracción de los testículos.	the deed of offending / transgressing with another's wife / spouse; *paradārakamma*; *kāmesumicchācārakamma*. One who offends / transgresses with another's wife who has a lawful husband is, immediately after death, reborn in the *niraya* *bhūmi* for many hundreds of thousands of years. He is reborn also in the other *apāya* *bhūmi*s. Even if he obtains the human state, he is a woman for a hundred existences in succession. The Venerable *Ānanda* himself, because of the *paradārakamma* of offending / transgressing with another's wife in one existence, was reborn in the *niraya* *bhūmi* and for fourteen existences in succession was a woman serving / waiting on a man; for seven existences in succession he suffered the removal of his testicles.	'ကာမေသုမိစ္ဆာရကံ' read as kāmesumicchācārakamma ('စာ' missing); hyphen: ပရ-ဒါရကံ read as one word
210981	paradāracāritta	သူတစ်ပါး ၏ မယား၌- လွန်ကျူး- ပြစ်မှား- ခြင်း။ ပရဒါရဝီတိက္ကမ (ပု) သူတစ် ပါး၏ မယားကို- လွန်ကျူး- ပြစ်မှား- ခြင်း။ ပရဒါရသေဝန (န၊ထီ) သူတစ် ပါး၏ မယား၌-မှီဝဲ-ပြစ်မှား-လွန်ကျူး-ခြင်း။ ပရဒါရသေဝိနီ (ထီ) [ပရဒါရသေဝီ+ဣနီ] သူတစ် ပါး၏ မယားကို-မှီဝဲ-ပြစ်မှား-လွန်ကျူး-စေ သော မိန်းမ။ ပရဒါရသေဝီ (တိ) [+ဏေ+ဏီ] သူတစ်ပါး၏ မယားကို-မှီဝဲ-ပြစ်မှား-လွန်ကျူး-စေသော၊ သူ။ အထက်ပုဒ်ကြည့်။	el transgredir / cometer ofensa con la esposa de otro.	transgressing / offending with another's wife.	four further articles run in after this one (paradāravītikkama, paradārasevana, paradārasevinī, paradārasevī; ids 210982-210985 absent from the shard): not translated here
210989	paradārikakamma	သူတစ်ပါး ၏ မယားကို- ပြစ်မှား- လွန်ကျူး-၏ အမှု၊ ပြစ်မှား-လွန်ကျူး-သော အမှု။	el acto de cometer ofensa / transgredir con la esposa de otro; el acto que ofende / transgrede.	the deed of offending / transgressing with another's wife; the deed that offends / transgresses.	'လွန်ကျူး-၏ အမှု' read as 'the deed of one who transgresses'
211001	paradukkhapaṭikāra	ကာရ (ပု) [ပရဒုက္ခ+ပတိကာရ] သူတစ်ပါးတို၏-ဆင်းရဲ-ဒုက္ခ-ကို-ကုစား-ပယ် ဖျောက်-ခြင်း။	el remediar / disipar el sufrimiento / *dukkha* de los demás.	remedying / dispelling the suffering / *dukkha* of others.	the text is the article of a noun (label '(ပု)' printed in it); the shard gives တိ
211002	paradukkhapatikāra	ကာရာရမ (ပု) [ပရဒုက္ခပဋိ(တိ)] သူတစ်ပါးတို့၏-ဆင်းရဲ-ဒုက္ခ-ပရဒုက္ခာပနယနာကာရပ္ပဝတ္တိ ကို-ကုစား-ပယ်ဖျောက်-ခြင်းငှာ-ကြိုးစား-အား ထုတ်-ခြင်း။ (တိ)ကာရာရမ္ဘော။	el afanarse / esforzarse por remediar / disipar el sufrimiento / *dukkha* de los demás.	striving / exerting to remedy / dispel the suffering / *dukkha* of others.	the text seems to be the article paradukkhapaṭikārārambha (ပု), not this headword (label တိ): headword and text mismatched
211005	paradukkhaparijānana	တစ်ပါးတို့၏- ဆင်းရဲ-ဒုက္ခ-ကို ပိုင်းခြား၍ သိ ခြင်း။ အထက်ပုဒ်-ကြည့်။	el conocer discerniendo el sufrimiento / *dukkha* de los demás. Véase la entrada anterior.	knowing by discerning the suffering / *dukkha* of others. See the preceding headword.	text begins 'တစ်ပါးတို့' (probably 'သူတစ်ပါးတို့' truncated)
211025	paranikāyika	ပါးသော- နိကာယ်- ဂိုဏ်း-၌ ဖြစ်သော၊ သူ။	que pertenece a otro *nikāya* / otra fraternidad (dicho de una persona).	belonging to another *nikāya* / fraternity (said of a person).	text begins 'ပါးသော' (probably 'တစ်ပါးသော' truncated)
211033	paranimmitabhava	သူတစ်ပါးတို့ ဖန်ဆင်းအပ်သော ဖြစ်ရာ-ဘုံ-ဗိမာန်၊ ပရ-နိမ္မိတဝသဝတ္တီဘုံ။	el lugar de existencia / *bhūmi* / *vimāna* creado por otros; el *bhūmi* *paranimmitavasavattī*.	the place of existence / *bhūmi* / *vimāna* created by others; the *paranimmitavasavattī* *bhūmi*.	hyphen: ပရ-နိမ္မိတဝသဝတ္တီ read as one word
211035	paranimmitavasavattideva	ပရနိမ္မိဝသဝတ္တီနတ်။	el *deva* *paranimmivasavattī*.	the *paranimmivasavattī* *deva*.	'ပရနိမ္မိဝသဝတ္တီ' (without 'တ') copied as printed
211037	paranimmitavasavattidevaloka	ပရနိမ္မိဝသဝတ္တီနတ် တို့၏ ဖြစ်ရာ- ဘုံ- ဌာန၊ ပရနိမ္မိဝသဝတ္တီနတ် ပြည်။	el lugar de existencia / *bhūmi* / lugar de los *deva* *paranimmivasavattī*; el mundo de los *deva* *paranimmivasavattī*.	the place of existence / *bhūmi* / place of the *paranimmivasavattī* *deva*s; the world of the *paranimmivasavattī* *deva*s.	'ပရနိမ္မိဝသဝတ္တီ' (without 'တ') copied as printed
211039	paranimmitavasavattī	သူတစ်ပါးတို့ ဖန်ဆင်းအပ်သော ကာမဂုဏ် အသုံးအဆောင်တို့၌ မိမိ၏အလိုကို ဖြစ်စေ သော နတ်၊ ပရနိမ္မိတဝသဝတ္တီနတ်။ လူတို့၏ အနှစ် ၁၆၀၀-သည် ပရနိမ္မိတဝသဝတ္တီနတ် တို့၏ တစ်နေ့တစ်ညဥ့်ဖြစ်၏၊ ယင်းနေ့ညဥ့်တို့ ဖြင့် ရေတွက်အပ်သော ရက်ပေါင်း ၃၀-သည် တစ်လဖြစ်၏၊ ယင်းလဖြင့် ရေတွက်အပ်သော ၁၂-လတို့သည် တစ်နှစ်ဖြစ်၏၊ ယင်းနှစ်တို့ဖြင့် ရေတွက်အပ်သော နှစ်ပေါင်း ၁၆,၀၀၀-သည် ပရနိမ္မိတဝသဝတ္တီနတ်တို့၏ သက်တမ်းဖြစ်၏။ လူတို့အရေအတွက်အားဖြင့် နှစ်ပေါင်း ၉, ပရနိမ္မိတဝသဝတ္တီ၁ ၂၁၆, ၀၀၀, ၀၀၀ (၉၂၁-ကုဋေ, ၆-သန်း) အတိုင်းအရှည်ရှိ၏၊ နတ်ပြည် ၆-ထပ်တွင် အမြင့်ဆုံးတည်း၊ ပရနိမ္မိတဝသဝတ္တီနတ်တို့ အလို, အကြိုက်ကို အခြားနတ်များက သိကြ ၍ ထိုနတ်တို့၏ အကြိုက် အာရုံကာမဂုဏ် အသုံးအဆောင်တို့ကို ဖန်ဆင်းကြရ၏၊ ထို အသုံးအဆောင် ကာမဂုဏ်အာရုံတို့၌ မိမိတို့ ၏ အလိုဆန္ဒ , ပျော်မွေ့ခြင်းကို ဖြစ်စေသော ကြောင့် ပရနိမ္မိတဝသဝတ္တီနတ်ဟု ခေါ်သည်။	el *deva* que hace surgir su propio deseo en los *kāmaguṇa* y enseres creados por otros; el *deva* *paranimmitavasavattī*. Mil seiscientos años de los seres humanos son un día y una noche de los *deva* *paranimmitavasavattī*; treinta días contados con esos días y noches son un mes; doce meses contados con ese mes son un año; dieciséis mil años contados con esos años son la duración de la vida de los *deva* *paranimmitavasavattī*. En el cómputo humano tiene una extensión de 9.216.000.000 años (921 *koṭi* y 6 millones); es el más alto de los seis niveles del mundo de los *deva*. Los otros *deva* conocen el deseo y el gusto de los *deva* *paranimmitavasavattī* y han de crear los objetos, los *kāmaguṇa* y los enseres del gusto de esos *deva*; como hacen surgir su propio deseo y deleite en esos enseres, *kāmaguṇa* y objetos, se les llama *deva* *paranimmitavasavattī*.	the *deva* who brings about his own wish in the *kāmaguṇa* and articles of use created by others; the *paranimmitavasavattī* *deva*. One thousand six hundred human years are one day and night of the *paranimmitavasavattī* *deva*s; thirty days counted in those days and nights are one month; twelve months counted in that month are one year; sixteen thousand years counted in those years are the lifespan of the *paranimmitavasavattī* *deva*s. In human reckoning it has an extent of 9,216,000,000 years (921 *koṭi* and 6 million); it is the highest of the six tiers of the *deva* world. The other *deva*s know the wish and liking of the *paranimmitavasavattī* *deva*s and have to create the objects, *kāmaguṇa* and articles of use to those *deva*s' liking; because they bring about their own wish and delight in those articles of use, *kāmaguṇa* and objects, they are called *paranimmitavasavattī* *deva*s.	'ကုဋေ' kept as ⟦=koṭi⟧; 'နတ်ပြည် ၆-ထပ်' rendered 'six tiers of the deva world'
211040	paranimmitavasavattī	နိမ္မိတဝသဝတ္တီနတ်တို့၏ နေရာဘုံ၊ ပရ-နိမ္မိတဝသဝတ္တီနတ်-ဘုံ-ပြည်။ “ စာတုမဟာရာဇိကာ ” “စာတုမဟာရာဇိကာဒယော”။	el *bhūmi* residencia de los *deva* *nimmitavasavattī*; el *bhūmi* / mundo de los *deva* *paranimmitavasavattī*.	the *bhūmi* that is the abode of the *nimmitavasavattī* *deva*s; the *bhūmi* / world of the *paranimmitavasavattī* *deva*s.	text begins 'နိမ္မိတဝသဝတ္တီ' (probably 'ပရနိမ္မိတဝသဝတ္တီ' truncated; copied as printed); hyphen: ပရ-နိမ္မိတဝသဝတ္တီ read as one word
211044	paraneyyabuddhika	တစ်ပါးသည်- ဆွဲဆောင်-သိစေ- အပ်သော အသိဉာဏ်ရှိသော၊ သူ။	que tiene un entendimiento que ha de ser conducido / hecho comprender por otro (dicho de una persona).	having an understanding that is to be led / made to understand by another (said of a person).	text begins 'တစ်ပါး…' (probably 'သူတစ်ပါး…' truncated)
211052	parantī	တိုင်းစွန်-ပြည်ဖျား-ပစ္စန္တ-အရပ်ဟူသော နေရာရှိသော၊ သူ၊ နယ်ခြား စောင့်၊ တိုင်းကြပ်သား။	que tiene como lugar el extremo del reino / los confines del país / *paccanta* / la región (dicho de una persona); el guarda de frontera; el hombre de la guarnición provincial.	having as one's place the edge of the kingdom / border of the country / *paccanta* / region (said of a person); a border guard; a man of the provincial garrison.	'တိုင်းကြပ်သား' read as 'man of the provincial garrison' (uncertain)
211056	parapakkhupalakkhita	သူတစ်ပါးတို့၏-အဖို့ဘာဂ-အယူဝါဒ-၌ မှတ် သားအပ်သော။ ပရပ(ပ္ပ)စ္စယ၁ (ပု) (၁) အခြား-တစ် ပါး-သော အကြောင်း။ (၂) အခြား-တစ်ပါး-သော တရားတို့၏အကြောင်း။ (၃) သူတစ် ပါးကို-ယုံကြည်-ကိုး စား-အားထား-ခြင်း။ (တိ) (၄) သူတစ်ပါးတို့သည်-ယုံကြည်-ကိုး စား-အားထား-စေအပ်သော၊ သူ။ (၅) သူ တစ်ပါးဟူသော-ယုံကြည်-ကိုးစား-အားထား-ပရပစ္စယ၂ အပ်သူရှိသော၊ သူ။ (၆) သူတစ်ပါးဟူသော အကြောင်းရှိသော။ (၁) အခြား-တစ်ပါး-သော အကြောင်း။ «S1» (၂) အခြား-တစ်ပါး-သော တရားတို့၏အကြောင်း။ အောက်ပုဒ်ကြည့်။ (၃) သူတစ်ပါးကို-ယုံ ကြည်-ကိုးစား-အားထား-ခြင်း။ “ပရပစ္စယိကာ” “ပရပတ္တိယာ”။ (၄) သူတစ်ပါးတို့သည်- ယုံကြည်- ကိုးစား-အားထား-စေအပ်သော၊ သူ။ (၅) သူတစ်ပါးဟူသော-ယုံကြည်-ကိုးစား-အားထား-အပ်သူရှိသော၊ သူ။ (၆) သူ တစ်ပါးဟူသော အကြောင်းရှိသော။	señalado en la parte (*bhāga*) / la opinión de los demás. Véase [[parapaccayāvattha]].	noted in the side (*bhāga*) / view of others. See [[parapaccayāvattha]].	another article run in after this one ('ပရပ(ပ္ပ)စ္စယ၁ (ပု)', id 211057 absent from the shard), printed twice: not translated here; the «S1» placeholder belongs to sense (1) of that run-in article and is kept at the end
211066	parapaṭibaddhajīvika	သူတစ် ပါးတို့နှင့် ဆက်စပ်သော အသက်မွေးခြင်းရှိ သော၊ သူ၊ (အစေခံ၊ ကျွန်၊ ကျွန်မ၊ ရဟန်း၊ သာမဏေ၊ ရသေ့။	que tiene un medio de vida ligado a los demás (dicho de una persona) (el sirviente, el esclavo, la esclava, el monje, el *sāmaṇera*, el ermitaño).	having a livelihood bound up with others (said of a person) (a servant, a slave, a slave woman, a monk, a *sāmaṇera*, a hermit).	closing bracket missing in the source; added
211072	parapattiya	(၁) သူတစ်ပါးတို့သည် ယုံကြည်စေအပ်သော၊ သူတစ်ပါးတို့ကို-ယုံကြည်-ကိုးစား-အားထား-သော၊ သူ။ (၂) သူတစ်ပါးတို့သည်-ရောက် စေ-ပြီးစေ-အပ်သော(လှူဖွယ်)။ “ပရပစ္စယိကာ” “ပရပတ္တိယာ”။ ပတ္တိ-ပုဒ်တို့နှင့်လည်း ယှဥ်ကြည့်။	(1) a quien los demás hacen creer; que cree en / confía en / se apoya en los demás (dicho de una persona). (2) (la ofrenda) que los demás hacen llegar / realizar. Compárense también las entradas de *patti*.	(1) made to believe by others; believing in / relying on / depending on others (said of a person). (2) (an offering) caused to arrive / accomplished by others. Compare also the *patti* headwords.	'compare X' left in the Burmese ('ပတ္တိ-ပုဒ်တို့နှင့်လည်း ယှဥ်ကြည့်')
211077	parapabbājana	သူတစ်ပါးကို သာ-သနာတွင်းသို့ ရောက်စေခြင်း (ရှင်, ရဟန်းပြု ပေးခြင်း)။	el hacer entrar a otro en la *sāsana* (el hacerle novicio, monje).	causing another to enter the *sāsana* (making him a novice, a monk).	hyphen: သာ-သနာ read as one word
211081	paraparikappitajīvarahita	(တိတ္ထိ-စသော)တစ်ပါးသောသူ တို့သည် ကြံဆအပ်သော-အသက်-ဝိညာဥ်-လိပ်ပြာ-ဇီဝ-မှ ကင်းသော။	libre de la vida / el *viññāṇa* / el alma / el *jīva* imaginados por otros (los *titthi* y demás).	free from the life / *viññāṇa* / soul / *jīva* imagined by others (the *titthi* and so on).	'လိပ်ပြာ' rendered 'soul'
211082	paraparikappitapakatiissara	တစ်ပါးသော (အညတိတ္ထိယ, ဒဿနကျမ်းဆရာ)တို့ ကြံဆအပ်။ (ဤ၌ ပကတိဝါဒကို စတင်တည်ထောင်သူမှာ သာင်္ချဒဿနဆရာ ကပိလရသေ့ ဖြစ်သည်၊ (သာမီ)ဣဿရဝါဒ ကို တည်ထောင်သူမှာ နျာယဒဿနဆရာ ဂောတမရသေ့နှင့် ဝိသေသိကဒဿနဆရာ ကဏာဒရသေ့တို့ ဖြစ်သည်။ ပကတိဝါဒ အကြောင်းနှင့် ဣဿရဝါဒအကြောင်းတို့ကို ဤအဘိဓါန် ပကတိပုဒ်နှင့် ဝိ၊ဓါန်၊သျ၊သစ်၊ ဂာထာ ၉၂-တို့၌ကြည့်။	imaginado por otros (los *aññatitthiya*, maestros de los tratados de *dassana*). (Aquí, quien fundó la doctrina de la *pakati* es el ermitaño *kapila*, maestro del *sāṅkhya* *dassana*; quienes fundaron la doctrina del (*sāmī*) *issara* son el ermitaño *gotama*, maestro del *nyāya* *dassana*, y el ermitaño *kaṇāda*, maestro del *visesika* *dassana*. Sobre la doctrina de la *pakati* y la doctrina del *issara*, véase la entrada *pakati* de este diccionario.)	imagined by others (the *aññatitthiya*, teachers of the *dassana* treatises). (Here, the founder of the *pakati* doctrine is the hermit *kapila*, teacher of the *sāṅkhya* *dassana*; the founders of the (*sāmī*) *issara* doctrine are the hermit *gotama*, teacher of the *nyāya* *dassana*, and the hermit *kaṇāda*, teacher of the *visesika* *dassana*. On the *pakati* doctrine and the *issara* doctrine, see the headword *pakati* in this dictionary.)	the definition seems truncated: 'ကြံဆအပ်။' lacks the noun (the pakati and issara imagined by others); closing bracket missing in the source; added; Sanskrit school names kept in ⟦ ⟧
211089	parapariggahitavatthu	တစ်ပါးတို့သည်-သိမ်းပိုက်-သိမ်းဆည်း-အပ် သော-ပစ္စည်း-ဝတ္ထု။	los bienes / el objeto poseído / guardado por los demás.	the goods / object possessed / kept by others.	text begins 'တစ်ပါး…' (probably 'သူတစ်ပါး…' truncated)
211101	parapavādī	တစ်ပါးသော အယူဝါဒရှိသော၊ ဆန့်ကျင် ဘက်ကို ပြောဆိုတတ်သော၊ သူ။ (သူတစ်ပါး တို့၏ ကဲရဲ့စွပ်စွဲခြင်း။	que tiene otra opinión / doctrina; que suele hablar en sentido contrario (dicho de una persona). (la censura y acusación de otros.	having another view / doctrine; apt to speak for the opposing side (said of a person). (the censure and accusation of others.	final '(သူတစ်ပါး တို့၏ ကဲရဲ့စွပ်စွဲခြင်း။' has no closing bracket and reads like a gloss of parappavāda, not of this headword; ကဲရဲ့ read as ကဲ့ရဲ့
211110	parapiṭṭhimaṁsika	သူတစ်ပါး ၏ ကျောက်ကုန်းသားကို စားလေ့ရှိသော၊ သူ။ (က) လာဘ်-တံစိုး-လက်ဆောင်-ကို စားသူ။ (ခ) ရှေ့တွင် ချီးမွမ်း၍ ကွယ်ရာ၌ ကဲ့ရဲ့သူ။ (တံစိုး-လက်ဆောင်-ယူကာ ရှေ့တွင် ချိုသာ စွာ ပြောဆို၍ မျက်ကွယ်၌ မတရားဆုံး ဖြတ် သူကို သူတစ်ပါး၏ ကျောက်ကုန်းသားကို စား သူဟု ဆိုသည်။	que suele comer la carne de la espalda de otros (dicho de una persona). (a) el que come ganancias / sobornos / regalos. (b) el que alaba delante y censura a escondidas. (A quien, tomando sobornos / regalos, habla con dulzura delante y en ausencia juzga injustamente, se le llama «el que come la carne de la espalda de otros».)	in the habit of eating the flesh of others' backs (said of a person). (a) one who eats gains / bribes / gifts. (b) one who praises to one's face and censures behind one's back. (One who, taking bribes / gifts, speaks sweetly to one's face and behind one's back judges unjustly is called 'one who eats the flesh of others' backs'.)	closing bracket missing in the source; added
211124	parapuggalika	တစ်ပါး သော-ပုဂ္ဂိုလ်-သတ္တဝါ-၏-ပစ္စည်း-ဥစ္စာ။	los bienes / las riquezas de otra persona / ser vivo.	the property / wealth of another person / being.	adjective headword glossed with a noun
211152	parabhatamadhukaravadhū	သူတစ်ပါးတို့၏- အဖို့- အတွက်- ပါ ဆောင်ယူတတ်သော ပျား, ပိတုန်းမ။	la abeja o abejorra (hembra) que suele llevar consigo para la parte / en provecho de otros.	the bee or (female) bumblebee that is apt to carry for the share / sake of others.	'ပါ' before ဆောင်ယူ unclear; ပိတုန်း (a large bee) rendered 'abejorra' / 'bumblebee'
211155	parabhavasaññita	ပါးသောဘဝ-တမလွန်ဘဝ-ဟု-သိမှတ်-ခေါ် ဆို-အပ်သော။	reconocido / llamado «otra existencia / existencia del más allá».	known / called 'another existence / the existence beyond'.	text begins 'ပါးသောဘဝ' (probably 'တစ်ပါးသောဘဝ' truncated)
211168	paramaṁhita	မြတ်သောအကျိုး စီးပွား။ အယံ ပရမဟိတာယ နိဗ္ဗာနာယ အဒေသယီတိ။	el bienestar excelente.	the excellent welfare.	adjective headword glossed with a noun
211171	paramaalaṅkata	အလွန်အကြူး- အထူး- တန်ဆာဆင်အပ် သော။ (၂) ကောင်းမြတ်သော တန်းဆာတို့ ဖြင့် တန်ဆာဆင်အပ်သော။ (၃) ကောင်းမြတ် သည်ဖြစ်၍ တန်ဆာဆင်အပ်သော။ ပရမကသမ္ဗုဒုဂ္ဂန္ဓဇေဂုစ္ဆ ၁၈။	desmedidamente / especialmente adornado. (2) adornado con adornos excelentes. (3) adornado por ser excelente.	excessively / specially adorned. (2) adorned with excellent ornaments. (3) adorned, being excellent.	first sense has no number (1) in the source
211175	paramakasambuduggandhajeguccha	အလွန်-အမှုိက်သဖွယ်-မစင် ကြယ်သည်-ဖြစ်၍ မကောင်းသော အနံ့ရှိ သည့် စက်ဆုပ်-ရွံရှာ-ဖွယ်ဖြစ်သော (အရာ ဝတ္ထု၊ ဝမ်းတွင်းရှိ အစာသစ်)။	que, por ser sumamente / como la basura impuro, tiene mal olor y es repugnante / asqueroso (la cosa; el alimento nuevo que está en el vientre).	that, being exceedingly / like refuse unclean, has a foul smell and is repulsive / loathsome (a thing; the new food in the stomach).	hyphen chain 'အလွန်-အမှိုက်သဖွယ်-မစင်ကြယ်သည်' read as one adverbial phrase
211182	paramakāruñña	(၁) အလွန် သနားအပ်သူ၏ အဖြစ်၊ အလွန်သနားစရာ ကောင်းအောင် ဆင်းရဲခြင်း။ (တိ)(၂) အလွန်-သနားအပ်သူ၏ အဖြစ်-သနားဖွယ်-ရှိသော၊ အလွန်သနားစရာကောင်း သော၊ သူ။	(1) el hecho de ser persona sumamente compadecida; el sufrir pobreza hasta ser muy digno de lástima. (adjetivo) (2) que tiene el hecho de ser persona sumamente compadecida / lo lastimoso; muy digno de lástima (dicho de una persona).	(1) the state of being an exceedingly pitied person; being poor to the point of being very pitiable. (adjective) (2) having the state of an exceedingly pitied person / pitiableness; very pitiable (said of a person).	(2) the hyphen chain mixes noun and adjective ('အလွန်-သနားအပ်သူ၏ အဖြစ်-သနားဖွယ်-ရှိသော'); read as 'having …'
211189	paramakusala	ကောင်းမွန်-မြင့်မြတ်-သော-ကုသိုလ်-ကောင်းမှု-ရှိသော၊ သူ။	que tiene mérito / buenas acciones buenos / excelentes (dicho de una persona).	having good / excellent merit / good deeds (said of a person).	ကုသိုလ် read as merit (paired with ကောင်းမှု); could be 'lo sano'
211208	paramajitindriya	မြတ်သော ဣန္ဒြေတို့ကို အောင်နိုင်ပြီးသော၊ (စက္ခုစသော ဣန္ဒြေတို့ကို အောင်မြင်ပြီး၍ မြင့်မြတ်သော။	que ha vencido los *indriya* excelentes; (noble por haber vencido los *indriya* que comienzan por el ojo.)	having conquered the excellent *indriya*; (noble, having conquered the *indriya* beginning with the eye.)	closing bracket missing in the source; added
211217	paramaṭṭhakanāma	ပရမဋ္ဌက အမည်ရှိသော(သုတ်)။	(el sutta) que lleva el nombre *paramaṭṭhaka*.	(the sutta) bearing the name *paramaṭṭhaka*.	adjective headword
211218	paramaṭṭhakasutta	ပရမဋ္ဌက သုတ်၊ မျက်မမြင်လူတစ်စုတို့ ဆင်ကိုကိုင်တွယ် သုံးသပ်ပြီး အမျိုးမျိုး ငြင်းခုံပြောဆိုကြသကဲ့သို့ ပရမတရ အညတိတ္ထိယတို့ မိမိအယူသာ အမြတ်ဆုံး အကောင်းဆုံးဟု ငြင်းခုံခြင်း ၈-မျိုးကို ပြဆိုရာ သုတ်။ သုတ္တနိ၊ ၄-ဝဂ်၊ ၅-သုတ်။	el sutta *paramaṭṭhaka*; el sutta que expone ocho clases de disputa en que los *aññatitthiya* sostienen que solo su propia opinión es la más excelsa y la mejor, igual que un grupo de ciegos que, tras palpar y examinar un elefante, discuten y hablan de muchas maneras.	the *paramaṭṭhaka* sutta; the sutta that sets out eight kinds of dispute in which the *aññatitthiya* contend that only their own view is the highest and the best, just as a group of blind people, having felt and examined an elephant, argue and speak in many ways.	'ပရမတရ' before အညတိတ္ထိယ unclear (debris or a misprint); left out
211220	paramaṭṭhakasuttaniddesavaṇṇanā	ပရမဋ္ဌကသုတ္တ-နိဒ္ဒေသ၏-အဖွင့်-အဋ္ဌကထာ။	la explicación / el comentario del *paramaṭṭhakasuttaniddesa*.	the explanation / commentary of the *paramaṭṭhakasuttaniddesa*.	hyphen: ပရမဋ္ဌကသုတ္တ-နိဒ္ဒေသ read as one word
211223	paramatapassī	မြတ်သော ကိလေသာကို ပူပန်စေတတ်သော အကျင့်ရှိ သော၊ သူ။ ပူပန်စေတတ်သော အကျင့်ရှိသူ တို့တွင် အမြတ်ဆုံးဖြစ်သူ။	que tiene la práctica excelente que suele atormentar a los *kilesa* (dicho de una persona); el más excelso entre quienes tienen la práctica que suele atormentar.	having the excellent practice apt to torment the *kilesa* (said of a person); the foremost among those who have the practice apt to torment.	မြတ်သော stands before ကိလေသာ; read as qualifying the practice
211227	paramattha	(၁) ပရမတ်တရား၊ မဖောက်မပြန်-(ပင်ကိုရှိရင်းအတိုင်း)မှန်ကန်-တည့်မတ်-မြင့်မြတ်-ပြဋ္ဌာန်း-သော-အနက်-သဘော။ (၂)မြင့်မြတ်-လွန်ကဲ-သော သဘော။ (၃) မြင့်မြတ်-လွန်ကဲ-သော အကျိုးစီးပွား။ (က) အရဟတ္တဖိုလ်။ (ခ) လောကုတ္တရာတရား။ (ဂ) နိဗ္ဗာန်ရောက်ကြောင်းအကျင့်။ (၄) မြတ်သော သဗ္ဗညုတဉာဏ်တော်၏ ကျက် စားရာ အာရုံ။ (တိ) (၅) မဖောက်မပြန်-မှန် ကန်-တည့်မတ်-ကောင်းမြတ်-သော သဘော ရှိသော (ဝစီသစ္စာ)။ (၆) မြင့်မြတ်-လွန်ကဲ-သော သဘောရှိသော (ဘိက္ခုစသည်)။ (၁) ပရမတ်တရား၊ မဖောက်မပြန်-(ပင်ကို ရှိရင်းအတိုင်း) မှန်ကန်-တည့်မတ်-မွန်မြတ်-ပြဋ္ဌာန်း-သော- အနက်- သဘော။ မြတ်စွာ ဘုရားသည် တရားဓမ္မ ဟောပြတော်မူရာ၌ မှန်ကန်သောတရားကို ဟောပြတော်မူသည်၊ မှားယွင်းသောတရားကို ဟောပြတော်မမူ၊ ပရမတ္ထ မှန်ကန်ဟူရာ၌ အမှန်သည် (၁) သမ္မုတိ-သစ္စာအမှန်နှင့် (၂) ပရမတ္ထသစ္စာအမှန်ဟူ၍ ၂-မျိုး ရှိလေသည်၊ ယင်းတွင် သမ္မုတိသစ္စာ အမှန်ဟူသည်မှာ--- ရေ, မြေ, တော, တောင်၊ လူ, နတ်, ဗြဟ္မာ၊ ပုဂ္ဂိုလ်, သတ္တဝါ-အစရှိသော လောကဝေါဟာရများသည် သမ္မုတိသစ္စာ အားဖြင့် အမှန်ပင် ဖြစ်သည်၊ သို့ရာတွင် တစ် စုံတစ်ယောက်သော ပုဂ္ဂိုလ်၏ ခန္ဓာကိုယ် အတွင်းရှိ အစိတ်အပိုင်း အသီးသီးကို တခြား စီ ခွဲစိတ်လိုက်လျှင် ပုဂ္ဂိုလ်ဟူသော, သတ္တဝါ ဟူသော, ယောကျာ်းဟူသော, မိန်းမဟူသော သမ္မုတိပညတ်သည် ကွယ်ပျောက်သွားသည်၊ ရုပ်တရား အစိတ်အပိုင်းများသာ ကျန်ရှိတော့ သည်၊ ထို့ကြောင့် သမ္မုတိသစ္စာအမှန်သည် တကယ်ရှိ, တကယ်မှန်သော အမှန်မဟုတ်ချေ၊ လောကသင်္ကေတ သမ္မုတိသစ္စာအားဖြင့်သာ အမှန် ဖြစ်သည်၊ ရုပ်, , ဝိညာဥ်ဟူသော ခန္ဓာ ၅-ပါး တရားတို့ကား တကယ်ရှိ, တကယ်မှန်သော အမှန်တရားတို့ သာ ဖြစ်သည်၊ ယင်းကိုပင် ပရမတ္ထတရား ဟူ၍ ခေါ်ဆိုရပေသည်၊ မြတ်စွာဘုရားသည် ဝေနေယျသတ္တဝါတို့၏ အလိုအဇ္ဈာသယအား လျော်စွာ သမ္မုတိသစ္စာ, ပရမတ္ထသစ္စာ ဓမ္မ-ကထာတို့ကို ဟောကြားတော်မူသည် (ဣတိဝုတ်၊ဋ္ဌ။ ၁၁၉)။ ဂောတမဘုရားရှင် သည် တာဝတိံသာနတ်ပြည်၌ ဝါတွင်း ၃-လ ပတ်လုံး မရပ်မနား ဟောကြားအပ်သော အဘိဓမ္မာတရားတော်သည် စကားလုံး သဒ္ဒ ပညတ်အားဖြင့်လည်းကောင်း, အနက်ဒြပ် အတ္ထပညတ်အားဖြင့်လည်းကောင်း ရေတွက် ပိုင်းခြား၍ မရနိုင်အောင် မြားမြောင်လှပေ သည်၊ သို့သော်လည်း အဟုတ်အမှန်ရှိသည့် ရုပ်, နာမ်သဘာဝ ပရမတ္ထအားဖြင့်မူ စိတ်, စေတသိက်, ရုပ်, နိဗ္ဗာန် ဟူ၍ ၄-မျိုးသာလျှင် ရှိလေသည် (အဘိဓမ္မတ္ထသင်္ဂဟ။ ၁)။ ယင်းတို့ တွင် စိတ်သည် , သင်္ခါရအားဖြင့် မြှောက်ပွားလျှင် အကျဥ်း ၈၉၊ အကျယ် ၁၂၁-ပါး ရှိသော်လည်း အာရုံကို သိမှုသဘောအားဖြင့် တစ်မျိုးတစ်စားသာ လျှင် ဖြစ်သည်၊ စိတ်၌မှီ၍ စိတ်ကို ခြယ်လှယ် တတ်သော စေတသိက်ကား အာရုံကို တွေ့ , ခံစားမှု ဝေဒနာ, မှတ်သားမှု သညာ, စေ့ဆော်မှု စေတနာ, တည်ကြည်မှု ဧကဂ္ဂတာ, အသက်ရှင်မှု (=စောင့်ရှောက်မှု) ဇီဝိတိန္ဒြေ, နှလုံးသွင်းမှု မနသိကာရ-စသည် ဖြင့် ၅၂-ပါး ဖြစ်သည်၊ ရုပ်သည် အစစ်,အတု အားဖြင့် ၂၈-ပါးရှိသော်လည်း ရုပ်အစစ်မှာ ၁၈-ပါးသာ ဖြစ်သည်၊ နိဗ္ဗာန်သည်ကား ငြိမ်း အေးမှု သန္တိသဘောအားဖြင့် ၁-ပါးတည်း ဖြစ် သည်။ ထို့ကြောင့် အဟုတ်အမှန်ရှိသည့် ရုပ်, နာမ်သဘာဝ ပရမတ္ထသည် ၇၂-ပါးသာ ဖြစ် သည် (အဘိဓမ္မတ္ထသင်္ဂဟ။ ၁၁၅)။ ယင်းပရမ-တ္ထကို ကထာဝတ္ထုအဋ္ဌကထာ ၌မူ ခန္ဓာ ၅-ပါး, အာယတန ၁၂-ပါး, ဓါတ် ၁၈-ပါး, ဣန္ဒြေ ၂၂-ပါးအားဖြင့် ၅၇-ပါး အပြားရှိ၏ဟု မိန့်ဆိုသည်။ ပရမတ္ထဟူ သည် မျက်လှည့်ရုပ်, တံလျှပ်-စသည်ကဲ့သို့ ချွတ်ယွင်းဖောက်ပြန် မမှန်ကန်သောအားဖြင့် ရယူအပ်သောသဘော မဟုတ်၊ စင်စစ်မှန် ကန်သော သစ္စိကဋ္ဌသဘောသာ ဖြစ်သည်၊ ယင်းသည် ကိုယ်တိုင်ဒိဋ္ဌ ငါးဒွာရဖြင့် တွေ့သိအပ် ပရမတ္ထ သော ရူပါရုံ,သဒ္ဒါရုံ,ဂန္ဓာရုံ,ရသာရုံ,ဖောဋ္ဌဗ္ဗာရုံ နှင့် မနောဒွာရဖြင့် တိုက်ရိုက်တွေ့သိအပ်သော ဓမ္မာရုံနှင့်တကွ အာရုံ ၆-ပါး ပရမတ္ထတရား သာလျှင် ဖြစ်ပေသည်။ မနောဒွာရဖြင့် တိုက် ရိုက်သိပြီးနောက် အဆင့်ဆင့်သော မနောဒွာရ ဝီထိစိတ်များဖြင့် ပုဂ္ဂိုလ်, သတ္တဝါ, ငါ, သူတစ် ပါး, ယောကျာ်း, မိန်းမ၊ ရေ, မြေ, တော, တောင်, မြစ်, သမုဒြာ-စသည်ဖြင့် သိမြင်အပ် သောအရာတို့ကား ပညတ်တရားတို့သာ ဖြစ် ပေသည်။ အဘူ-တေန မဏိဥဒကာဒိအာကာရေန ဂယှမာနာ မာယာမရီစိအာဒယော အဘူတဉေယျာ-ကာရတ္တာ အသစ္စိကဋ္ဌော။ “မာယာ။ ဘူတဋ္ဌော”တိ။ “အနုဿဝါ။ ဥတ္တမတ္ထော”တိ။ တေနာဟ “ဘူတဋ္ဌော”တိ။ “ဥတ္တမတ္ထော”-တိ။ သင်္ဂဟ၊ဋီ၊ ဟောင်း။ သင်္ခေပ-ဋီကာ။ ဥတ္တမောတိ ဧတေန ပရမ-သဒ္ဒဿ ပမာဏအတိရေကတ္ထေ နိဝတ္တေတိ။ ပရမတ္ထဒီပနီ။ အင်္ကုရဋီကာ။ (- ကင်္ခါ။ ၁၂-၁၅၈၊၈၄၊ ဣတိဝုတ်၊ဋ္ဌ။ ၅၆-၇၊၁၁၊ ကင်္ခါ၊ဋီ။ ၇၊ ၁၅၅၊နေတ္တိ၊ဋီ။ (၂) မြင့်မြတ်- လွန်ကဲ- သော သဘော။ (၃) မြင့်မြတ်-လွန်ကဲ-သော အကျိုးစီးပွား။ (က) အရဟတ္တဖိုလ်။ (ခ) လောကုတ္တရာတရား။ အနတ္ထာယာတိ ပရမတ္ထပဋိက္ခေ-ပရမတ္ထကထာ ပါယ။ (ဂ) နိဗ္ဗာန်ရောက်ကြောင်း အကျင့်။ (၄) မြတ်သော သဗ္ဗညုတဉာဏ်တော်၏ ကျက်စားရာ အာရုံ။ (တိ) (၅) မဖောက်မပြန်-မှန်ကန်-တည့်မတ်-ကောင်း မြတ်-သော သဘောရှိသော (ဝစီသစ္စာ)။ (၆) မြင့်မြတ်-လွန်ကဲ - သော သဘောရှိသော (ဘိက္ခု စသည်)။ ပရမတ္ထဘိက္ခု-ပုဒ်စသည် ကြည့်။	(1) el fenómeno *paramattha*; el significado / la naturaleza infalible / verdadera (tal como es por naturaleza) / recta / elevada / predominante. El Buddha, al enseñar la Enseñanza, enseña la Enseñanza verdadera y no enseña la Enseñanza errónea. Donde se dice que el *paramattha* es verdadero, la verdad es de 2 clases: (1) la verdad de la *sammutisaccā* y (2) la verdad de la *paramatthasaccā*. De ellas, la verdad de la *sammutisaccā* es esta: las expresiones del mundo como agua, tierra, bosque, montaña; ser humano, *deva*, *brahmā*; persona, ser vivo y demás son verdaderas por la *sammutisaccā*; pero si se separan una a una las distintas partes que hay dentro del cuerpo de una persona cualquiera, la *sammutipaññatti* «persona», «ser vivo», «hombre», «mujer» desaparece y solo quedan las partes de los fenómenos de *rūpa*; por eso la verdad de la *sammutisaccā* no es una verdad que realmente existe y es realmente verdadera; es verdadera solo por la *sammutisaccā*, la convención del mundo. Los fenómenos de los 5 *khandha*, que son *rūpa*, …, *viññāṇa*, son los fenómenos verdaderos que realmente existen y son realmente verdaderos; a ellos se les llama fenómenos *paramattha*. El Buddha enseña los discursos de la *sammutisaccā* y de la *paramatthasaccā* conforme al deseo y al *ajjhāsaya* de los seres que han de ser guiados. La enseñanza del *abhidhamma* que el Buddha *gotama* enseñó sin cesar durante los 3 meses de la estación de lluvias en el mundo de los *deva* *tāvatiṁsā* es tan abundante que no se puede contar ni delimitar, ni por la *saddapaññatti* de las palabras ni por la *atthapaññatti* de la sustancia del significado; sin embargo, por el *paramattha* de *rūpa*, *nāma* y *sabhāva* que realmente existe, hay solo 4 clases: mente, *cetasika*, *rūpa* y *nibbāna*. De ellos, la mente, aunque multiplicada por …, *saṅkhāra* tiene 89 en resumen y 121 en detalle, es de una sola clase por su naturaleza de conocer el objeto; los *cetasika*, que dependen de la mente y suelen teñirla, son 52, comenzando por el encontrarse con el objeto, …; el sentir, *vedanā*; el percibir, *saññā*; el incitar, *cetanā*; el estar firme, *ekaggatā*; el vivir (= el proteger), *jīvitindriya*; el atender, *manasikāra*; el *rūpa*, aunque es de 28 clases contando el verdadero y el no verdadero, el *rūpa* verdadero es solo de 18 clases; el *nibbāna* es de una sola clase por la naturaleza de la paz, *santi*. Por eso el *paramattha* de *rūpa*, *nāma* y *sabhāva* que realmente existe es solo de 72 clases. En el comentario del *kathāvatthu*, en cambio, se dice que este *paramattha* tiene 57 divisiones: 5 *khandha*, 12 *āyatana*, 18 *dhātu* y 22 *indriya*. El *paramattha* no es una naturaleza que se toma de modo falso, distorsionado e inexacto, como la figura de un ilusionista, un espejismo y demás; es solo la naturaleza *saccikaṭṭha*, absolutamente verdadera; es solo el fenómeno *paramattha* de los 6 objetos: el *rūpārammaṇa*, el *saddārammaṇa*, el *gandhārammaṇa*, el *rasārammaṇa* y el *phoṭṭhabbārammaṇa*, que se encuentran y conocen directamente por las cinco puertas, junto con el *dhammārammaṇa*, que se encuentra y conoce directamente por la puerta de la mente. Las cosas que se conocen y ven mediante las mentes del *vīthi* de la puerta de la mente, en sus sucesivas etapas, después de conocer directamente por la puerta de la mente —persona, ser vivo, yo, otro, hombre, mujer; agua, tierra, bosque, montaña, río, océano y demás— son solo fenómenos *paññatti*. (2) naturaleza elevada / que sobrepasa. (3) bienestar elevado / que sobrepasa: (a) el *arahattaphala*. (b) los fenómenos *lokuttara*. (c) la práctica que conduce al *nibbāna*. (4) el objeto en que se mueve el excelente *sabbaññutañāṇa*. (adjetivo) (5) que tiene una naturaleza infalible / verdadera / recta / excelente (la *vacīsaccā*). (6) que tiene una naturaleza elevada / que sobrepasa (el *bhikkhu* y demás). Véase [[paramatthabhikkhu]] y las entradas siguientes.	(1) the *paramattha* phenomenon; the meaning / nature that is unerring / true (just as it is by nature) / straight / exalted / predominant. The Buddha, in teaching the Dhamma, teaches the true Dhamma and does not teach false Dhamma. Where the *paramattha* is said to be true, truth is of 2 kinds: (1) the truth of *sammutisaccā* and (2) the truth of *paramatthasaccā*. Of these, the truth of *sammutisaccā* is this: worldly expressions such as water, earth, forest, mountain; human being, *deva*, *brahmā*; person, being and so on are true by way of *sammutisaccā*; but if one takes apart one by one the various parts inside the body of any person, the *sammutipaññatti* 'person', 'being', 'man', 'woman' disappears and only the parts of the *rūpa* phenomena remain; therefore the truth of *sammutisaccā* is not a truth that really exists and is really true; it is true only by *sammutisaccā*, the convention of the world. The phenomena of the 5 *khandha*, namely *rūpa*, …, *viññāṇa*, are the true phenomena that really exist and are really true; they are what is called *paramattha* phenomena. The Buddha teaches the discourses of *sammutisaccā* and of *paramatthasaccā* in accordance with the wishes and *ajjhāsaya* of the beings to be guided. The *abhidhamma* teaching which the Buddha *gotama* taught without pause for the 3 months of the rainy season in the *tāvatiṁsā* world of the *deva* is so vast that it cannot be counted or delimited, either by way of the *saddapaññatti* of the words or by way of the *atthapaññatti* of the substance of the meaning; yet by way of the *paramattha* of *rūpa*, *nāma* and *sabhāva* that truly exists there are only 4 kinds: mind, *cetasika*, *rūpa* and *nibbāna*. Of these, the mind, though multiplied by …, *saṅkhāra* it is 89 in brief and 121 in detail, is of one kind only by its nature of knowing the object; the *cetasika*, which depend on the mind and are apt to colour it, are 52, beginning with meeting the object, …; feeling, *vedanā*; noting, *saññā*; urging, *cetanā*; steadiness, *ekaggatā*; living (= protecting), *jīvitindriya*; attending, *manasikāra*; *rūpa*, though 28 counting the real and the unreal, the real *rūpa* are only 18; *nibbāna* is of one kind only by its nature of peace, *santi*. Therefore the *paramattha* of *rūpa*, *nāma* and *sabhāva* that truly exists is of 72 kinds only. The commentary on the *kathāvatthu*, however, says this *paramattha* has 57 divisions: 5 *khandha*, 12 *āyatana*, 18 *dhātu* and 22 *indriya*. The *paramattha* is not a nature taken in a false, distorted, untrue way, like a conjurer's figure, a mirage and so on; it is only the absolutely true *saccikaṭṭha* nature; it is only the *paramattha* phenomenon of the 6 objects: the *rūpārammaṇa*, *saddārammaṇa*, *gandhārammaṇa*, *rasārammaṇa* and *phoṭṭhabbārammaṇa*, met and known directly through the five doors, together with the *dhammārammaṇa*, met and known directly through the mind-door. The things known and seen by the minds of the successive mind-door *vīthi* after direct knowing through the mind-door — person, being, I, another, man, woman; water, earth, forest, mountain, river, ocean and so on — are only *paññatti* phenomena. (2) exalted / surpassing nature. (3) exalted / surpassing welfare: (a) *arahattaphala*. (b) the *lokuttara* phenomena. (c) the practice leading to *nibbāna*. (4) the object in which the excellent *sabbaññutañāṇa* ranges. (adjective) (5) having an unerring / true / straight / excellent nature (*vacīsaccā*). (6) having an exalted / surpassing nature (the *bhikkhu* and so on). See [[paramatthabhikkhu]] and the headwords that follow.	words missing in the essay, shown as '…': after ရုပ် ('ရုပ်, , ဝိညာဥ်', probably vedanā, saññā, saṅkhāra), before သင်္ခါရ ('စိတ်သည် , သင်္ခါရ', probably bhūmi, jāti, sampayoga), and after 'အာရုံကို တွေ့ ,' (probably ဖဿ); final 'ပရမတ္ထဘိက္ခု-ပုဒ်စသည် ကြည့်' rendered as a see-also; 'ကိုယ်တိုင်ဒိဋ္ဌ' read as 'directly'; hyphen: သမ္မုတိ-သစ္စာ read as one word
211242	paramatthajotikā	မဖောက်မပြန်-မှန်ကန်-ကောင်းမြတ်-သော-အနက်-အဓိပ္ပါယ်-တို့ကို ဖွင့်ပြသော အဋ္ဌ-ကထာကျမ်း။ (က) ခုဒ္ဒကပါဌအဋ္ဌကထာ။ (ခ) သုတ္တနိပါတအဋ္ဌကထာ။ ဆဋ္ဌသံဂာယနာမူ ဤအဋ္ဌကထာနှစ်ကျမ်းလုံး၏ နိဂုံး၌ “အရှင် မဟာဗုဒ္ဓဃေါသမထေရ် ရေးသားစီရင်သည်” ပရမတ္ထဇောတိကာ ဟု ပါရှိသည်။ သို့သော်လည်း မုံရွာမြို့ လယ်တီ ဆရာတော်ဘုရားကြီးကမူ ပါရမီဒီပနီ (၁၃၆-၇)၌ ဤသို့ မိန့်ဆိုတော်မူသည်။ “အရှင်မဟာ-ဗုဒ္ဓဆရာ စီရင်သော .... သုတ္တနိပါတ် အဖွင့် ဖြစ်သော , ပါဌဇာတ်အဋ္ဌကထာ .... အညတရဆရာ စီရင်အပ်သော ခုဒ္ဒကပါဌပါဠိ တော်၏ အဖွင့်ဖြစ်သော၊ ဤခုဒ္ဒကပါဌအဋ္ဌကထာ၏ ကျမ်း ပြီးနိဂုံးတွင် အချို့စာ၌ အရှင်မဟာဗုဒ္ဓဃေါသ ဆရာ၏ နိဂုံး, အချို့စာ၌ အရှင်ဓမ္မပါလဆရာ ၏ နိဂုံးဟု နှစ်ထွေရှိ၏၊ ရေးပုံသားပုံ စကား အဆို စာနေစာသွား အခြင်းအရာ အလုံးစုံမျိုး ကို ထောက်သော် ထိုဆရာနှစ်ပါးတို့၏ အခြင်း အရာ စင်စစ်မဟုတ်ဟု သိသာသည်၊ ယော အတွင်းဝန် အမတ်ကြီး ဦးဘိုးလှုိင်ကမူ “ဇိန-ပတ္တသင်္ဘောဆိပ်က ရေးသည့် ခုဒ္ဒကပါဌ-အဋ္ဌကထာ (၃၈)ဆရာ ရှင်ဓမ္မပါလ-က ထို စကားကို ဧကေ-ဟု မိန့်ဆိုကြောင်း ကာယာ-နုပဿနာကျမ်း (၁၉၄)၌ ဖော်ပြထားသည်။ ဝိသုဒ္ဓိမဂ္ဂနိဒါနကထာ (၅၇)၌ကား “။ ”ဟု မိန့်ဆိုသည်။ ခုဒ္ဒကပါဌအဋ္ဌကထာကျမ်းသည် ဖော်ပြ ပြီး ဆရာနှစ်ပါး၏လက်ရာ မဟုတ်စေကာမူ မကိုးကားလောက်သည့် အညတရကျမ်းကား မဟုတ်ပေ၊ အလေးအမြတ် ယုံကြည်ကိုးကား အပ်သော ကျမ်းကောင်း ကျမ်းမြတ်သာလျှင် ဖြစ်သည်၊ ထို့ကြောင့် အရှင်ဓမ္မပါလဆရာသည် ၅၄၈-တို့၌ လည်းကောင်း, အရှင်သာရိပုတြာဆရာသည် ၁၇၇-၌လည်းကောင်း, အရှင်ဗုဒ္ဓနာဂ ဆရာသည် ကင်္ခါ၊ဋီ၊သစ်။ ၄၇၁-၌လည်းကောင်း “ ]” ဟူ၍ ကိုးကား ပြဆိုကြသည်။ ယင်းသို့ ပြဆို ကြသော်လည်း မူရင်းခုဒ္ဒကပါဌအဋ္ဌကထာ၌ မူ ဟူ၍သာ ပါဌ်ရှိသည်။ မောင်းထောင် သာသနာပိုင်ဆရာတော်၏ သီလက္ခန်ဋီကာ သစ်၌မူ မူရင်းအဋ္ဌကထာအတိုင်း ပါဌ်ရှိ၍ “ကတ္ထစိ ပန န-ကာရဝိပရိယာယေန ပါဌော ဒိဿတိ။ ”ဟု မူရင်းအဋ္ဌကထာ ပါဌ်သာ သင့်မြတ်ကြောင်း ဆုံးဖြတ်တော်မူ သည်၊ ထို့အတူပင် မိုင်းကိုင်းဆရာတော်၏ တိပေဋကဝိနိစ္ဆယကျမ်း ၌ ဆုံးဖြတ် တော်မူသည်။	el tratado de comentario que explica los significados / sentidos infalibles / verdaderos / excelentes. (a) el comentario del *khuddakapāṭha*. (b) el comentario del *suttanipāta*. En el texto del *chaṭṭhasaṁgāyanā*, en el colofón de ambos comentarios, figura: «lo escribió y compuso el venerable *mahābuddhaghosa* *thera*». Sin embargo, el gran Sayadaw de Ledi, de la ciudad de Monywa, dice así en el *pāramīdīpanī*: «… compuesto por el maestro *mahābuddha* … que es la explicación del *suttanipāta*, el comentario ‹ပါဌဇာတ်› … En el colofón de este comentario del *khuddakapāṭha*, compuesto por algún maestro y que es la explicación del texto pāḷi *khuddakapāṭha*, en algunos textos figura el colofón del maestro *mahābuddhaghosa* y en otros el del maestro *dhammapāla*: hay dos versiones; atendiendo a todos los aspectos —la manera de escribir, el modo de decir, el estilo— se ve que no es en absoluto la manera de esos dos maestros». El gran ministro U Bo Hlaing, Atwinwun de Yaw, en cambio, «el comentario del *khuddakapāṭha* escrito en el embarcadero de *jinapatta*»: que el maestro *dhammapāla* llama a esas palabras «*eke*» se muestra en el tratado *kāyānupassanā*. En el *visuddhimagganidānakathā*, en cambio, dice «…». Aunque el comentario del *khuddakapāṭha* no sea obra de los dos maestros mencionados, no es un tratado anónimo indigno de ser citado; es un tratado bueno y excelente, digno de ser respetado, creído y citado; por eso el maestro *dhammapāla*, el maestro *sāriputrā* y el maestro *buddhanāga* lo citan diciendo «…». Aunque lo citan así, en el comentario original del *khuddakapāṭha* la lectura es solo «…». En el nuevo *sīlakkhandhaṭīkā* del Thathanabaing Sayadaw de Maungdaung, la lectura sigue al comentario original, y decide que solo la lectura del comentario original es la apropiada, diciendo «…». Del mismo modo decide el Sayadaw de Maingkaing en el tratado *tipeṭakavinicchaya*.	the commentary treatise that explains unerring / true / excellent meanings / senses. (a) the commentary on the *khuddakapāṭha*. (b) the commentary on the *suttanipāta*. In the *chaṭṭhasaṁgāyanā* text, the colophon of both these commentaries says: 'written and composed by the venerable *mahābuddhaghosa* *thera*'. However, the great Ledi Sayadaw of Monywa town says thus in the *pāramīdīpanī*: '… composed by master *mahābuddha* … which is the explanation of the *suttanipāta*, the ‹ပါဌဇာတ်› commentary … In the colophon of this commentary on the *khuddakapāṭha*, composed by some master and being the explanation of the *khuddakapāṭha* Pāḷi text, some copies have the colophon of master *mahābuddhaghosa* and some that of master *dhammapāla*: there are two versions; considering every aspect — the manner of writing, the way of saying, the style — it is plain that it is not at all the manner of those two masters.' The great minister U Bo Hlaing, the Atwinwun of Yaw, however, 'the commentary on the *khuddakapāṭha* written at the *jinapatta* jetty': that master *dhammapāla* calls that statement '*eke*' is shown in the *kāyānupassanā* treatise. In the *visuddhimagganidānakathā*, however, it says '…'. Even if the commentary on the *khuddakapāṭha* is not the work of the two masters mentioned, it is not an anonymous treatise unworthy of citation; it is a good and excellent treatise, to be respected, trusted and cited; therefore master *dhammapāla*, master *sāriputrā* and master *buddhanāga* cite it, saying '…'. Although they cite it so, in the original commentary on the *khuddakapāṭha* the reading is only '…'. In the new *sīlakkhandhaṭīkā* of the Maungdaung Thathanabaing Sayadaw, the reading follows the original commentary, and he decides that only the original commentary's reading is fitting, saying '…'. The Maingkaing Sayadaw decides likewise in the *tipeṭakavinicchaya* treatise.	Burmese names and titles romanised by convention (Ledi Sayadaw, Monywa, U Bo Hlaing, Atwinwun of Yaw, Thathanabaing, Maungdaung, Maingkaing); the U Bo Hlaing sentence is garbled (an opening quotation mark never closes; 'ဇိန-ပတ္တသင်္ဘောဆိပ်' read as 'the jetty of Jinapatta'); ‹ပါဌဇာတ်› unclear (perhaps Khuddakapāṭha and Jātaka); several quotations were emptied by prep and are shown as '…'; hyphens: အဋ္ဌ-ကထာ, ခုဒ္ဒကပါဌ-အဋ္ဌကထာ, ကာယာ-နုပဿနာ read as one word
211245	paramatthadīpanī	ကောင်းမြတ် သော-အနက်-အဓိပ္ပါယ်-တို့ကို ပြဆိုရာ အဋ္ဌ-ကထာကျမ်း၊ ပရမတ္ထဒီပနီမည်သော အဋ္ဌ-ကထာကျမ်း။ ယင်းကျမ်းကား--- (က) ဥဒါန်း အဋ္ဌကထာ (ခ) ဣတိဝုတ်အဋ္ဌကထာ (ဂ) ဝိမာနဝတ္ထုအဋ္ဌကထာ (ဃ) ပေတဝတ္ထုအဋ္ဌ-ကထာ (င) (စ) စရိယာပိဋကအဋ္ဌကထာ-ဟူ၍ ၆-ကျမ်းရှိသည်၊ ဤ ၆-ကျမ်းလုံးကိုပင် အရှင် ဓမ္မပါလမထေရ် စီရင်တော်မူ၍“ပရမတ္ထဒီပနီ” ဟူ၍ချည်း အမည်းပေးတော်မူသည်၊ အရှင် ဓမ္မပါလမထေရ်သည် အခြားသောအဋ္ဌကထာ, ဋီကာကျမ်းတို့ကို စီရင်ရာ၌ ဤပရမတ္ထဒီပနီ ကျမ်းတို့ကို ပြန်လည်ညွှန်ပြတော်မူသည်၊ ၂၃၇-တို့၌မူ ပရမတ္ထမဉ္ဇူသာ မည်သော ဝိသုဒ္ဓိမဂ်မဟာဋီကာကျမ်ကို “ပရ-မတ္ထဒီပနီ”ဟူ၍ ညွှန်ပြထားသည်ကို တွေ့ရ သည်၊ ယင်းကား စာပြင်ဆရာတို့၏ ချွတ်ယွင်း မှုသာ ဖြစ်ရာသည်။ ပကာသနာ ပရမတ္ထ-ဒီပနီ နာမ နာမတော။ ပကာသနာ ပရမတ္ထ-ဒီပနီ နာမ နာမတော။	el tratado de comentario que expone significados / sentidos buenos / excelentes; el tratado de comentario llamado *paramatthadīpanī*. Ese tratado consta de 6 libros: (a) el comentario del *udāna* (b) el comentario del *itivuttaka* (c) el comentario del *vimānavatthu* (d) el comentario del *petavatthu* (e) (f) el comentario del *cariyāpiṭaka*. El venerable *dhammapāla* *thera* compuso estos 6 libros y a todos les dio el mismo nombre, «*paramatthadīpanī*»; al componer otros comentarios y *ṭīkā*, el venerable *dhammapāla* *thera* remite a estos tratados *paramatthadīpanī*; en otros pasajes, en cambio, se encuentra que el gran *ṭīkā* del *visuddhimagga* llamado *paramatthamañjūsā* es designado «*paramatthadīpanī*»; eso debe de ser solo un error de los correctores.	the commentary treatise that sets out good / excellent meanings / senses; the commentary treatise named *paramatthadīpanī*. That treatise consists of 6 books: (a) the commentary on the *udāna* (b) the commentary on the *itivuttaka* (c) the commentary on the *vimānavatthu* (d) the commentary on the *petavatthu* (e) (f) the commentary on the *cariyāpiṭaka*. The venerable *dhammapāla* *thera* composed all 6 and gave them all the one name '*paramatthadīpanī*'; in composing other commentaries and *ṭīkā*, the venerable *dhammapāla* *thera* refers back to these *paramatthadīpanī* treatises; in other passages, however, one finds the great *ṭīkā* on the *visuddhimagga* named *paramatthamañjūsā* referred to as '*paramatthadīpanī*'; that must be merely an error of the proof-readers.	item (e) is empty in the source ('(င) (စ)'); the text says 6 books but lists only five; 'အမည်း' read as အမည်; 'ကျမ်' read as ကျမ်း
211246	paramatthadesanā	ပရမတ္ထတရားတို့ကို- ဟောပြော-ပြသ- ခြင်း (သဒ္ဒပဗန္ဓ)။ (၂) ပရမတ္ထတရားတို့ကို-ဟော ပြော-ပြသ-ရာ၊ ဟောပြော-ပြသ-ကြောင်း-(အဘိဓမ္မပိဋက)။	el enseñar / exponer / mostrar los fenómenos *paramattha* (*saddapabandha*). (2) aquello en que / por lo que se enseñan / exponen / muestran los fenómenos *paramattha* (el *abhidhammapiṭaka*).	teaching / expounding / showing the *paramattha* phenomena (*saddapabandha*). (2) that in which / by which the *paramattha* phenomena are taught / expounded / shown (the *abhidhammapiṭaka*).	first sense has no number (1) in the source
211266	paramatthapāramī	မြင့်မြတ်-လွန်ကဲ-သော အနက်သဘောဟူသော ပါရမီ၊ အမြတ်ဆုံး ပါရမီ၊ ( ၃-မျိုးတွင် အသက်ကို စွန့်၍ ဖြည့်ကျင့် အပ်သည့် အမြတ်ဆုံးဖြစ်သော ပရမတ္ထပါရမီ။	la *pāramī* que es el significado / la naturaleza elevada / que sobrepasa; la *pāramī* más excelsa; (de las 3 clases, la *paramatthapāramī*, la más excelsa, que se cumple sacrificando la vida.)	the *pāramī* that is the exalted / surpassing meaning / nature; the highest *pāramī*; (of the 3 kinds, the *paramatthapāramī*, the highest, which is fulfilled by giving up one's life.)	closing bracket missing in the source; added
211276	paramatthamaggasabhāva	ပရမတ္ထမဂ်သဘောရှိသော (မဂ်)။ လောကု-တ္တရာမဂ်က နိဗ္ဗာန်လမ်းကြောင်း အစစ်အမှန် ဖြစ်သောကြောင့် “ပရမတ္ထမဂ်”ဟု ဆိုသည်။	(el *magga*) que tiene la naturaleza de *magga* *paramattha*. Como el *magga* *lokuttara* es el verdadero camino hacia el *nibbāna*, se le llama «*paramatthamagga*».	(the *magga*) having the nature of the *paramattha* *magga*. Because the *lokuttara* *magga* is the real, true road to *nibbāna*, it is called '*paramatthamagga*'.	hyphen: လောကု-တ္တရာမဂ် read as one word
211277	paramatthamañjūsā	မဖောက် မပြန်-မှန်ကန်-သော အနက်, အဓိပ္ပါယ်တို့ကို-သိုမှီး-သိမ်းဆည်း-ထည့်သွင်း-ရာ-တံတင်း-သေတ္တာ-နှင့် တူသောကျမ်း၊ ဝိသုဒ္ဓိမဂ်မဟာ-ဋီကာကျမ်း။	el tratado semejante a una ‹တံတင်း› / un cofre en que se acumulan / guardan / depositan los significados, sentidos infalibles / verdaderos; el tratado del gran *ṭīkā* del *visuddhimagga*.	the treatise resembling a ‹တံတင်း› / chest in which unerring / true meanings, senses are stored / kept / put away; the great *ṭīkā* on the *visuddhimagga*.	‹တံတင်း› unidentified (some kind of container, paired with သေတ္တာ 'chest'); hyphen: မဟာ-ဋီကာ read as one word
211286	paramatthavidva	(=ဝိဒွာ=ဝိဒွန္တု) (ပု) [ (=ဝိဒွာ=ဝိဒွန္တု)] ပရမတ္ထတရားကို သိသော၊ သူ (ရဟန္တာပုဂ္ဂိုလ်)။	(masculino) que conoce el fenómeno *paramattha* (dicho de una persona) (la persona *arahant*).	(masculine) knowing the *paramattha* phenomenon (said of a person) (the *arahant* person).	no label in the input; the text gives '(ပု)'
211298	paramatthasaṁgha	မဖောက်မပြန်-မှန်ကန်-သော သဘောရှိသောသံဃါ (ပရမ-တ္ထသံဃါ, အရိယာသံဃါ)။	el *saṅgha* que tiene la naturaleza infalible / verdadera (el *paramatthasaṅgha*, el *ariyasaṅgha*).	the *saṅgha* having the unerring / true nature (the *paramatthasaṅgha*, the *ariyasaṅgha*).	hyphen: ပရမ-တ္ထသံဃါ read as one word
211308	paramatthasaccarasa	သစ္စာ၏-ပြည့်စုံမှု-ရသ။	la plenitud / el sabor de la *saccā*.	the fullness / taste of the *saccā*.	the text has only သစ္စာ, not ပရမတ္ထသစ္စာ as the headword leads one to expect
211310	paramatthasaccavibhāvita	ပရမတ္ထသစ္စာ(နိဗ္ဗာန်)ကို ထင်စွာပြုခြင်း။	el hacer manifiesta la *paramatthasaccā* (*nibbāna*).	making manifest the *paramatthasaccā* (*nibbāna*).	neuter headword in -vibhāvita glossed as an action
211316	paramatthasaccādhiṭṭhāna	ပရမတ္ထသစ္စာ (နိဗ္ဗာန်) ဟူသော-တည် ကြောင်း-တည်ရာ-တည်ခြင်း-အဓိဋ္ဌာန်၊ ပရမ-တ္ထသစ္စာဓိဋ္ဌာန်။	la causa de establecerse / la base / el establecerse / el *adhiṭṭhāna* que es la *paramatthasaccā* (*nibbāna*); el *paramatthasaccādhiṭṭhāna*.	the cause of standing / the ground / standing / the *adhiṭṭhāna* that is the *paramatthasaccā* (*nibbāna*); the *paramatthasaccādhiṭṭhāna*.	hyphen: ပရမ-တ္ထသစ္စာဓိဋ္ဌာန် read as one word
211324	paramatthasabhāva	ပရမတ္ထတရားတို့၏ - သဘော - လက္ခဏာ။ (တိ) (၂) ပရမတ္ထတရား-သဘော-လက္ခဏာ-ရှိသော (အာပတ်)။	la naturaleza / característica de los fenómenos *paramattha*. (adjetivo) (2) que tiene la naturaleza / característica de fenómeno *paramattha* (la *āpatti*).	the nature / characteristic of the *paramattha* phenomena. (adjective) (2) having the nature / characteristic of a *paramattha* phenomenon (an *āpatti*).	first sense has no number (1) in the source
211326	paramatthasamaṇabrāhmaṇa	အမြတ်ဆုံးဖြစ်သော။	que es el más excelso.	being the foremost.	definition looks truncated (only 'အမြတ်ဆုံးဖြစ်သော')
211327	paramatthasamatha	မြတ်သော။ သမထသမာဓိမာဖုသိ။ ပရမတ္ထသိဒ္ဓိ	excelente.	excellent.	definition looks truncated (only 'မြတ်သော')
211346	paratthojā	ပရမတ္ထ ဖြစ်သော အဆီအနှစ်ဩဇာ။	la esencia nutritiva, *ojā*, que es *paramattha*.	the nutritive essence, *ojā*, that is *paramattha*.	headword 'paratthojā' is probably paramatthojā (the gloss has ပရမတ္ထ)
211353	paramadassāvī	မြတ်သောတရားကို- မြင်လေ့ရှိ-မြင်စွမ်းနိုင်- သော၊ သူ။ ပရမဒါန (န) မြတ်သောအလှူ၊ မြတ် သော- စွန့်ကြဲ- ပေးကမ်း- လှူဒါန်း- ခြင်း။	que suele ver / es capaz de ver el estado excelente (dicho de una persona). *paramadāna* (neutro): la ofrenda excelente; el renunciar / dar / conceder / donar excelente.	in the habit of seeing / able to see the excellent state (said of a person). *paramadāna* (neuter): the excellent offering; excellent relinquishing / giving / bestowing / donating.	the next entry, ပရမဒါန (န), is run into this one (id 211354 is absent from the shard); translated after it, marked with its headword and label
211356	paramadiṭṭhadhammanibbāna	မျက်မှောက်ဘဝ အမြတ်ဆုံးသော (ဒုက္ခငြိမ်း ခြင်း)နိဗ္ဗာန်။ (က) လောကီနိဗ္ဗာန် (=ကာမ ဂုဏ် ၅-ပါးကို ပြည့်ပြည့်စုံစုံ ခံစားရခြင်းနှင့် လောကီဈာန် ၄-ပါးကို ရရှိခြင်း)။ (ခ) အရ-ဟတ္တဖိုလ်ချမ်းသာ။	el *nibbāna* (la extinción del *dukkha*) más excelso en la existencia presente. (a) el *nibbāna* *lokiya* (= el disfrutar plenamente de los 5 *kāmaguṇa* y el obtener los 4 *jhāna* *lokiya*). (b) la felicidad del *arahattaphala*.	the highest *nibbāna* (the extinction of *dukkha*) in the present existence. (a) the *lokiya* *nibbāna* (= fully enjoying the 5 *kāmaguṇa* and attaining the 4 *lokiya* *jhāna*). (b) the happiness of *arahattaphala*.	hyphen: အရ-ဟတ္တဖိုလ် read as one word
211361	paramadukkara	အလွန်အမင်း ခဲယဥ်းစွာ ပြုအပ်သော။	hecho con suma dificultad.	done with the greatest difficulty.	neuter headword glossed as a participle
211375	paramadhitindriya	အလွန်- တည်ကြည်- ငြိမ်သက်- မလှုပ်ရှက်-သော ဣန္ဒြေရှိသော၊ သူ။ (၂) လွန်ကဲ-ပြင်း ထန်-ထက်သန်-တည်ကြည်-သော ဣန္ဒြေ ရှိသော၊ သူ။	que tiene *indriya* sumamente firmes / calmados / inmóviles (dicho de una persona). (2) que tiene *indriya* que sobrepasan / intensos / vigorosos / firmes (dicho de una persona).	having exceedingly steady / calm / unshaken *indriya* (said of a person). (2) having surpassing / intense / vigorous / steady *indriya* (said of a person).	first sense has no number (1) in the source
211379	paramanipaccakāra	အလွန်-နှိမ့်ချ-တုပ်ဝပ်-ရိုသေ-မှုကို ပြုခြင်း။ (တိ) (၂) အလွန်-နှိမ့်ချ-တုပ်ဝပ်-ရိုသေ-မှုကို ပြုသော၊ သူ။ ပရမနိပစ္စကာရ။	el hacer una suma humillación / postración / reverencia. (adjetivo) (2) que hace una suma humillación / postración / reverencia (dicho de una persona).	making the utmost humbling / prostration / reverence. (adjective) (2) making the utmost humbling / prostration / reverence (said of a person).	first sense has no number (1) in the source
211392	paramannadāyakattheraapadāna	မွန်မြတ်သော-အစားအစာ-ဘောဇဥ်-အာဟာရ-ကို ပေးလှူသော (ပရမန္န ဒါယက) ထေရ်၏-အကြောင်းအရာ-အဋ္ဌု-ပ္ပတ်-အပဒါန်။	el relato / *aṭṭhuppatti* / *apadāna* del *thera* (*paramannadāyaka*) que ofreció comida / vianda / alimento excelente.	the account / *aṭṭhuppatti* / *apadāna* of the *thera* (*paramannadāyaka*) who gave excellent food / victuals / nourishment.	hyphen: အဋ္ဌု-ပ္ပတ် read as one word
211396	paramapattippatta	အမြတ်ဆုံး အဖို့အစု(နိဗ္ဗာန်)သို့ ရောက်သော၊ သူ။ (ခ) မြတ်သော အဖို့အစု(အရိယာဘုံ) သို့ ရောက်သော၊ သူ။	llegado a la porción más excelsa (*nibbāna*) (dicho de una persona). (b) llegado a la porción excelente (la *ariyabhūmi*) (dicho de una persona).	come to the highest portion (*nibbāna*) (said of a person). (b) come to the excellent portion (the *ariyabhūmi*) (said of a person).	first sense has no letter (a) in the source
211397	paramapattipatta	အမြတ်ဆုံး အဖို့အစု(နိဗ္ဗာန်)သို့ ရောက်သော၊ သူ။ (ခ) မြတ်သော အဖို့အစု(အရိယာဘုံ) သို့ ရောက်သော၊ သူ။	llegado a la porción más excelsa (*nibbāna*) (dicho de una persona). (b) llegado a la porción excelente (la *ariyabhūmi*) (dicho de una persona).	come to the highest portion (*nibbāna*) (said of a person). (b) come to the excellent portion (the *ariyabhūmi*) (said of a person).	first sense has no letter (a) in the source
211402	paramavivitta	အလွန်အကဲ-ဆိတ်ငြိမ်-ဆိတ်ငြိမ်သောအကျင့်ရှိ-သော၊ သူ။	sumamente retirado / que tiene una práctica retirada (dicho de una persona).	exceedingly secluded / having a secluded practice (said of a person).	headword given as 'paramavivitta' between paramapavara and paramapārijuñña (perhaps paramapavivitta)
211405	paramapāsāva	ကောင်းမြတ် သော - ဖြစ်ခြင်း - အမူအရာ။ အောက်ပုဒ် ကြည့်။	el ser / comportamiento excelente. Véase la entrada siguiente.	excellent being / behaviour. See the next headword.	sense uncertain: 'ဖြစ်ခြင်း-အမူအရာ' rendered 'being / behaviour'
211419	paramappamāda	အလွန်-မေ့ လျော့-သတိလွတ်-ခြင်းရှိသော၊ သူ။	que tiene suma negligencia / pérdida de la *sati* (dicho de una persona).	having utmost heedlessness / loss of *sati* (said of a person).	the gloss reads parama + pamāda (heedless); the headword could also be parama + appamāda (supremely heedful)
211448	paramarucirakaranikara	အလွန်နှစ်သက်ဖွယ်ကောင်းသော-အရောင်-အလင်း-၏ အပေါင်း-အစု။	el conjunto / cúmulo del brillo / la luz sumamente gratos.	the mass / cluster of exceedingly pleasing radiance / light.	adjective headword glossed with a noun
211454	paramalīl̤āvibhūti	ပရမဝိလာသသမ္ပန္န လွန်စွာ-မြူတူး-စမ္ပာယ်-ခြင်း, တင့်တယ်-ထင် ရှာ-ခြင်း။	el retozar / coquetear en sumo grado, el resplandecer / manifestarse.	sporting / flirting in the highest degree, shining / being manifest.	'ထင်ရှာ' read as ထင်ရှား
211457	paramavaṇṇapañha	မြတ်သော အဆင်းဟူသော- အမေး- ပုစ္ဆာ- ပြဿနာ။	la pregunta / cuestión / el problema llamado «la apariencia excelente».	the question / query / problem called 'the excellent appearance'.	adjective headword glossed with a noun
211464	paramavisuddhasaddhābuddhivīriyaguṇappaṭimaṇḍita	] မွန်မြတ်, စင်ကြယ်သော ဂုဏ်တို့ဖြင့် တန်ဆာဆင်အပ် သော။	adornado con virtudes excelentes, puras.	adorned with excellent, pure virtues.	the gloss does not name the saddhā, buddhi and vīriya of the headword
211465	paramavisuddhasaddhābuddhivīriyappaṭimaṇḍita	မွန် မြတ်, ပရမဝေပုလ္လပ္ပတ္တ စင်ကြယ်သော , ဝီရိယတို့ ဖြင့် တန်ဆာဆင်အပ်သော။	adornado con …, …, *vīriya* excelentes, puros.	adorned with excellent, pure …, …, *vīriya*.	words missing before ဝီရိယ ('စင်ကြယ်သော , ဝီရိယ'), probably saddhā and buddhi; shown as '…'
211466	paramavisuddhasaddhābuddhivīriyapaṭimaṇḍita	မွန် မြတ်, ပရမဝေပုလ္လပ္ပတ္တ စင်ကြယ်သော , ဝီရိယတို့ ဖြင့် တန်ဆာဆင်အပ်သော။	adornado con …, …, *vīriya* excelentes, puros.	adorned with excellent, pure …, …, *vīriya*.	words missing before ဝီရိယ ('စင်ကြယ်သော , ဝီရိယ'), probably saddhā and buddhi; shown as '…'
211478	paramasaṇhasukhumagambhīraduddasānekavidhanayasamalaṅkata	တ (တိ) အလွန်နူးညံ့သိမ်မွေ့နက်နဲသည်ဖြစ်၍ မြင်နိုင် ခဲသော များသောအပြားရှိသော နည်းတို့ဖြင့် တန်ဆာဆင်အပ်သော။	(adjetivo) adornado con métodos de muchas clases, difíciles de ver por ser sumamente suaves, sutiles y profundos.	(adjective) adorned with methods of many kinds, hard to see because exceedingly fine, subtle and deep.	no label in the input; the text gives '(တိ)'
211480	paramasaṇhasukhumaduppaṭivedhatā	အလွန် နူးညံ့ သိမ် မွေ့၍ ခဲယဥ်းစွာ ထိုးထွင်းသိမြင်အပ်သော။	que ha de ser penetrado / conocido y visto con dificultad, por ser sumamente suave y sutil.	to be penetrated / known and seen with difficulty, being exceedingly fine and subtle.	abstract headword in -tā labelled တိ and glossed as an adjective
211489	paramasallekhavutti	အလွန်- ခေါင်းပါးစေ- ခြိုးခြံ- ခြင်းဟူသော အသက်မွေးခြင်း။ (တိ)(၂) အလွန်-ခေါင်းပါး စေ-ခြိုးခြံ-ခြင်းဟူသော အသက်မွေးခြင်း ရှိ သော၊ သူ။ (၂) “ပရမသလ္လေခဝုတ္တီ”။	el ganarse la vida que es el sumo hacer escaso / ser austero. (adjetivo) (2) que tiene un ganarse la vida que es el sumo hacer escaso / ser austero (dicho de una persona).	a livelihood that is utmost effacement / austerity. (adjective) (2) having a livelihood that is utmost effacement / austerity (said of a person).	first sense has no number (1) in the source
211514	paramasurabhikusumamālāsamalaṅkatasiroruha	ဟ (တိ) [ပရမသုရဘိကုသုမ+မာလာ+ သမလင်္ကတ+သိရောရုဟ] လွန်စွာ-မွှေးကြိုင်-သင်းပျံ့-သော ပန်းပွင့်,ပန်းနွယ်တို့ဖြင့် တန်ဆာ ဆင်အပ်သော ဆံပင်ရှိသော။	(adjetivo) que tiene el cabello adornado con flores y guirnaldas sumamente fragantes / aromáticas.	(adjective) having hair adorned with exceedingly fragrant / sweet-scented flowers and garlands.	no label in the input; the text gives '(တိ)'
211527	paramassāsaka	လွန် ကဲ- မြင့်မြတ်- သော သက်သာရာ။	el alivio que sobrepasa / es elevado.	surpassing / exalted relief.	adjective headword glossed with a noun
211530	paramassāsappatta	အလွန်သက်သာရာ အရဟတ္တဖိုလ်, နိဗ္ဗာန်သို့ ရောက်သော၊ သူ။ (ခ) အလွန်စိတ်သက်သာ ရာ(စိတ်ချမ်းသာခြင်း)သို့ရောက်သော၊ သူ။	llegado al sumo alivio, el *arahattaphala*, el *nibbāna* (dicho de una persona). (b) llegado al sumo alivio de la mente (el bienestar de la mente) (dicho de una persona).	come to utmost relief, *arahattaphala*, *nibbāna* (said of a person). (b) come to utmost relief of mind (ease of mind) (said of a person).	first sense has no letter (a) in the source
211534	paramahaṁsa	⟨y&r[Ho (yk)⟩ ⟨uk#Dpum'd%k pwk%kõ oEsmod%k raZÑ oHEsm-⟩ ⟨odaba'/ axmr/ y&r[Ho? y&r;[Ho⟩ ⟨tmw®m ,os? oEéßmodaba' ]]uk#Dpaum⟩ ⟨A[l'u;ç [HopöJ0 wÂwD,u;? pwkxõ;⟩ ⟨y&arm [Haomç a,m,; y$ögwf o Owår;}}/⟩ ⟨0gpoÜws/⟩] ပရမဟံသပရိဗိုဇ်၊	el *paribbājaka* *paramahaṁsa*.	the *paramahaṁsa* *paribbājaka*.	most of the definition is encoding debris (legacy font); only 'ပရမဟံသပရိဗိုဇ်' is legible
211549	paramābhisambodhippatta	အလွန်အကြူး-အထူး-မြတ်သော အရ-ဟတ္တမဂ်ဉာဏ်, သဗ္ဗညုတဉာဏ်သို့ ရောက် သော (ဘုရား)။	llegado al *arahattamaggañāṇa*, al *sabbaññutañāṇa*, desmedida / especialmente excelentes (el Buddha).	come to the excessively / especially excellent *arahattamaggañāṇa*, *sabbaññutañāṇa* (the Buddha).	hyphen: အရ-ဟတ္တမဂ်ဉာဏ် read as one word
211554	paramārāma	အလွန်-မွေ့ လျော်-ပျော်ဖွယ်-ရာဖြစ်သော။	sumamente deleitable / placentero.	exceedingly delightful / pleasant.	hyphen: ပျော်ဖွယ်-ရာ read as one word
211557	paramāhuti	မြတ်သောအလှူကို ခံယူ ထိုက်သော (သံဃါ)။	digno de recibir la ofrenda excelsa (el *saṅgha*).	worthy of receiving the excellent offering (the *saṅgha*).	adjectival gloss under a feminine-noun label
211560	paramissara	ကြီးမြတ်-လွန် ကဲ-သည်ဖြစ်၍ အစိုးရသော။ (က) လူမင်း။ (ခ) တရားမင်းဘုရား။ (ဂ) တရားသဘော။ (ခ) “နာထော”။ ပရမုက္ကံသဂတဉာဏကိစ္စဒီပန	que ejerce la soberanía por ser grande y excelso / sobresaliente. (a) el rey de los hombres. (b) el Buddha, rey del *dhamma*. (c) la naturaleza del *dhamma*.	ruling, being great and excellent / surpassing. (a) the king of men. (b) the Buddha, king of the *dhamma*. (c) the nature of *dhamma*.	(c) တရားသဘော: 'the nature of dhamma' or 'dhamma as such' uncertain
211574	paramukha	(၁) သူတစ်ပါး၏မျက်နှာ။ (၂) မျက်နှာ၏တစ်ဖက်။	(1) el rostro de otra persona. (2) el otro lado del rostro.	(1) another person's face. (2) the other side of the face.	(2) မျက်နှာ၏တစ်ဖက်: 'one side' or 'the other side' of the face (i.e. behind one's back?)
211583	parampara	⟨y&rÜ&m (~oåD) y&rf⟩ ⟨twd$a,e yÂPmwd ydylwåÝ 0g yÂ yÃ 0g⟩ ⟨tpf? 0Ha$ç 0s0"maeç oEÅawmf t0dpädEé⟩-⟨"m&m,mrf?.... 0a"ç tEkMuar p/ axmr/⟩ ⟨y&rÜ&m (~oåD) y&rf twd$a,e yÂPmwd⟩ ⟨ydywÝ 0g yÂ yÃ 0g+tpf/ 1⟩-⟨0Ha$ 2⟩-⟨oEÅawmf⟩ ⟨t0dpädEé"m&m,mrf (a[rp`E´;) .... 3⟩-⟨0a"ç⟩ ⟨4⟩-⟨ tEkMuar p? 5⟩-⟨ rÂ*aba' (ar'deD)/⟩ ⟨jyay:Mwma': 6⟩-⟨tEGa, 7⟩-⟨jyay:Mwokaw⟩ ⟨(yk)($A´p`E´)/ 0gpoÜws/ y&rÜ&m(~oåD) tEG,;ç⟩ ⟨.... oEÅme;ç A";ç [ðom £wd a[rp`E´;/⟩ ⟨y&dyg#Dç tEkMur; £wd $A´&wém0vD/ $A´⟩-⟨uvÜj'Kr;/ y&rÜ&; (ykH) rÂ*0da$a%ç we,os⟩ ⟨jyay:aMw £wd ar'deD/ jyay:Mwm'g0dwd⟩ ⟨a[rp`E´;/ y&rÜ&m(~oåD)y&dyg#smrfç tEkMuarç⟩ ⟨0a"ç [ðom,mrfç tEGa,ç oEÅmae/ y&⟩-⟨rÜ&$aA´g}0sKwÜEéH jymwdy'durf/ ,'Ggy&H ydywÝ/⟩ ⟨yÃ+tpf/ $A´gxõpdEÅmrPd/ ⟩ ] အစဥ် အဆက်၊ အဆင့်ဆင့် အဆက်ဆက်။ (က) ဆရာသမား အစဥ်အဆက် အဆုံးအဖြတ်။ (ခ) မိဘဘိုးဘွား အစဥ်အဆက် အဆုံး အဖြတ်။ (ဂ) လင်ယောကျာ်း အဆက်ဆက်၊ လင်ယောကျာ်း အဆက်ဆက်-ရှိ-ယူ-သော (မိန်းမ)။ (ဃ) ရှေ့, နောက်ဘဝ အဆက် ဆက်။ အစဥ်အဆက်၊ အဆင့်ဆင့် အဆက် ဆက်။ ⟨....⟩ (ထေရတရင်္ဂံ။ သီ၊သျာ) အာဟရိတွာ။ ⟨ ....⟩ (ထေရ-တရင်္ဂန္တိ။ သီ၊သျာ)။ အပရော “မာ ပရမ္ပရာယာ”တိ အာဟ။ ပရမ္ပရကထာနိမယ	sucesión; lo que va paso a paso, uno tras otro. (a) la decisión transmitida por la sucesión de maestros. (b) la decisión transmitida por la sucesión de padres y abuelos. (c) sucesión de maridos; que tiene / toma maridos uno tras otro (una mujer). (d) la sucesión de existencias anteriores y posteriores.	succession; step by step, one after another. (a) the ruling handed down through the succession of teachers. (b) the ruling handed down through the succession of parents and grandparents. (c) a succession of husbands; who has / takes husbands one after another (a woman). (d) the succession of former and later existences.	first gloss 'အစဥ်အဆက်၊ အဆင့်ဆင့် အဆက်ဆက်' printed again after (d) (perhaps for the second label ထီ); translated once
211584	parampara	(၁) နောက်နောက် ဖိတ်မန်သော၊ သူ။ (၂) အချင်းချင်း၊ တစ်ဦး သည် တစ်ဦး၊ တစ်ယောက်သည် တစ် ယောက်။ (၁)  «S1» (၂)  «S2»	(1) que invita uno tras otro (dicho de una persona). (2) unos a otros; uno a otro. (1) Véase [[paramparabhojana]]. (2) Véase [[paramparasaṁsatta]].	(1) who invites one after another (said of a person). (2) one another; one to another. (1) See [[paramparabhojana]]. (2) See [[paramparasaṁsatta]].	(1) နောက်နောက် ဖိတ်မန်သော: 'inviting one after another' or 'invited later and later' unclear
211586	paramparakathākathananiyama	အစဥ်အဆက်- အဆက် ဆက်- စကားကို ဆိုခြင်း အမှတ်အသား။ အောက်ပုဒ်ကြည့်။	la señal de decir las palabras transmitidas en sucesión / unas tras otras. Véase la entrada siguiente.	the mark of telling the talk handed down in succession / one after another. See the next headword.	အမှတ်အသား 'mark' for niyama; the next headword has 'noting'
211602	paramparabhūta	အစဥ် ပရမ္ပရဘောဇန အဆက်-အဆက်ဆက်-(ဖြစ်၍) ဖြစ်သော။	que existe en sucesión / uno tras otro (al haber surgido así).	existing in succession / one after another (having so arisen).	gloss awkward: 'အဆက်-အဆက်ဆက်-(ဖြစ်၍) ဖြစ်သော'
211603	paramparabhojana	ပရမ္ပရဘောဇဥ်၊ နောက်နောက် ဖိတ်သောသူ ၏ ဘောဇဥ်၊ နောက်နောက်၌ ဖိတ်အပ်သော ဘောဇဥ်။ (၂) ပရမ္ပရဘောဇဥ်ကို စားခြင်း။ (၃) ပရမ္ပရဘောဇနသိက္ခာပုဒ်၊ ပရမ္ပရဘောဇဥ် ကို စားခြင်းကြောင့် ပညတ်အပ်သော သိက္ခာ ပုဒ်။ (၃)  «S1»	*paramparabhojana*; la comida de quien invita después; la comida a la que se ha sido invitado después. (2) el comer *paramparabhojana*. (3) la *sikkhāpada* de *paramparabhojana*, la *sikkhāpada* promulgada a causa de comer *paramparabhojana*. (3) Véase [[para-mparabhatta]].	*paramparabhojana*; the meal of one who invites later; a meal to which one was invited later. (2) the eating of *paramparabhojana*. (3) the *paramparabhojana* *sikkhāpada*, the *sikkhāpada* laid down because of eating *paramparabhojana*. (3) See [[para-mparabhatta]].	sense marker (1) missing at the start
211617	paramparājānana	အစဥ် အဆက်ကို မသိခြင်း။	el no conocer la sucesión.	the not knowing of the succession.	the Burmese has မသိ 'not knowing' (as for ajānana)
211622	paramparāpatti	ပရမ္ပရ-ဘောဇနအာပတ်၊ နောက်နောက်ဖိတ်အပ် သော ဘောဇဥ်ကို စားခြင်းကြောင့် သင့်သော အာပတ်။ ကင်္ခါ၊ဋီ။	la *āpatti* de *paramparabhojana*; la *āpatti* en que se incurre a causa de comer la comida a la que se ha sido invitado después.	the *paramparabhojana* *āpatti*; the *āpatti* incurred because of eating a meal to which one was invited later.	hyphen: ပရမ္ပရ-ဘောဇနအာပတ် read as one word
211631	parammukhakappiyakāraka	မျက်ကွယ်၌ဖြစ်သော - အပ်စပ် အောင် ပြုလုပ်သူ- ကပ္ပိယကာရက။ ( ရဟန်း တော်များအား ဝိနည်းတော်နှင့် အပ်စပ် အောင် ပြုလုပ်တတ်သူ။	el que hace admisible, *kappiyakāraka*, que actúa en ausencia (de uno). (el que suele hacer las cosas admisibles para los monjes conforme al *vinaya*.)	the one who makes allowable, the *kappiyakāraka*, who acts out of sight (of one). (one who is apt to make things allowable for monks in accordance with the *vinaya*.)	bracket not closed in the source; closed here
211632	parammukhakāla	မျက်ကွယ် ဖြစ်သောအခါ။ (-	el momento en que se está fuera de la vista.	the time of being out of sight.	text ends with a truncated '(-'
211647	parammukhāvacana	မျက်ကွယ်၌-ပြောဆို-ဆုံမး-ခြင်း။	el hablar / amonestar en ausencia (de alguien).	the speaking / admonishing out of (someone's) sight.	ဆုံမး read as ဆုံးမ 'admonish' (misprint?)
211649	parayoga	(အာယုပ္ပမာဏ ဟူသော ပုဗ္ဗ၏ ဝေမဇ္ဈဟူသော) ပရနှင့်ယှဥ် ခြင်း။ ပရယောဂေ တွာ-သဒ္ဒေါ တဒန္တော ဟုတွာ “ပရသဒ္ဒယောဂေ”။	el estar unido a *para* (que es el *vemajjha* del *pubba* que es *āyuppamāṇa*).	the being joined with *para* (which is the *vemajjha* of the *pubba* which is *āyuppamāṇa*).	grammatical gloss; the bracketed context is hard to construe
211661	pararodhaka	သူတစ်ပါးတို့ ကို- ညှဥ်းပန်း- နှိပ်စက်- တတ်သော၊ သူ။ ပရောဓက-ပုဒ် ကြည့်။	que suele atormentar / oprimir a otros (dicho de una persona). Véase [[parodhaka]].	apt to torment / oppress others (said of a person). See [[parodhaka]].	'see X' left in the Burmese: ပရောဓက-ပုဒ် ကြည့်
211667	paralokagamana	တမလွန်လောက- နောက်ဘဝသို့- သွား-ပရလောကတ္တိက ရောက်-ခြင်း။ (တိ) (၂) တမလွန်လောက-နောက် ဘဝသို့- သွား- ရောက်- ရာဖြစ်သော။ (၂) အောက်ပုဒ်-ကြည့်။	el ir / llegar al mundo del más allá / la existencia siguiente. (adjetivo) (2) por el que se va / se llega al mundo del más allá / la existencia siguiente. (2) Véase la entrada siguiente.	the going / coming to the world beyond / the next existence. (adjective) (2) by which one goes / comes to the world beyond / the next existence. (2) See the next headword.	sense marker (1) missing
211672	paralokattika	ပရလောက ၃-ခုတို့၏အပေါင်း၊ ပရလောက ၃-ခု၊ စသော ဝါဒ ၃-ခု။	el conjunto de los 3 *paraloka*; los 3 *paraloka*; las 3 doctrinas, como los 3 *paraloka*.	the group of the 3 *paraloka*; the 3 *paraloka*; the 3 doctrines, such as the 3 *paraloka*.	last gloss 'ပရလောက ၃-ခု၊ စသော ဝါဒ ၃-ခု' unclear (the ၊ before စသော may be misplaced)
211673	paralokattha	တမလွန်လောက- နောက်ဘဝ- ဟူသော အကျိုး။ (၂) တမလွန်လောက-နောက်ဘဝ-၌ဖြစ်သော အကျိုး။	el beneficio que es el mundo del más allá / la existencia siguiente. (2) el beneficio que surge en el mundo del más allá / la existencia siguiente.	the benefit that is the world beyond / the next existence. (2) the benefit that arises in the world beyond / the next existence.	sense marker (1) missing
211675	paralokanibbāna	လွန်လောက-နောက်ဘဝ-နှင့် နိဗ္ဗာန်။	el mundo del más allá / la existencia siguiente y el *nibbāna*.	the world beyond / the next existence, and *nibbāna*.	text begins 'လွန်လောက' (probably 'တမလွန်လောက' truncated)
211678	paralokapatta	လွန်လောက-နောက်ဘဝ-သို့ ရောက်သော၊ သူ။	que ha llegado al mundo del más allá / la existencia siguiente (dicho de una persona).	who has reached the world beyond / the next existence (said of a person).	text begins 'လွန်လောက' (probably 'တမလွန်လောက' truncated)
211681	paralokabhāvī	တမလွန်လောက- နောက်ဘဝ- ၌ ဖြစ်လတ္တံ့။ (ပရလောကဘာဝိ)။	surgirá en el mundo del más allá / la existencia siguiente. (*paralokabhāvi*).	will arise in the world beyond / the next existence. (*paralokabhāvi*).	adjective label but the gloss is a finite future verb (ဖြစ်လတ္တံ့); perhaps 'that will arise'
211684	paralokavijaya	လွန်လောက- နောက်ဘဝ- ကို- အောင်နိုင်-လွှမ်းမိုး-ခြင်း။	el vencer / dominar el mundo del más allá / la existencia siguiente.	the conquering / overcoming of the world beyond / the next existence.	text begins 'လွန်လောက' (probably 'တမလွန်လောက' truncated)
211690	paralokasampatti	တမလွန်လောက၌-ပြည့်စုံ-ပြည့်စုံမှု-စည်းစိမ်-ချမ်းသာ။	la plenitud / la prosperidad / la riqueza / la felicidad en el mundo del más allá.	fulfilment / prosperity / wealth / happiness in the world beyond.	noun gloss under an adjective label (တိ)
211691	paralokasampattihetubhūtahita	လွန်လောက၌-ပြည့်စုံမှု-စည်းစိမ်-ချမ်းသာ-၏ အကြောင်းဖြစ်သော- ကောင်းမှု- စီးပွား။	la buena acción / el provecho que es causa de la prosperidad / la riqueza / la felicidad en el mundo del más allá.	the good deed / the welfare that is the cause of prosperity / wealth / happiness in the world beyond.	text begins 'လွန်လောက' (probably 'တမလွန်လောက' truncated)
211736	paravādikathā	အခြား-တစ်ပါး- (မဟုတ်မမှန်) သော- အယူ-ဝါဒ-ရှိသူတို့၏ စကား။ တတ္ထ ပရဝါဒီကထာ ဒသဗလဉာဏံ နာမ ပါဋိယေက္ကံ နတ္ထိ၊ သဗ္ဗညုတညာဏဿေဝါယံ ပဘေဒေါတိ။ ပရဝါ(ဒိ)ဒီစောဒနာ (ထီ) အခြား-တစ်ပါး-(မဟုတ်မမှန်)သော-အယူ-ဝါဒ-ရှိသူတို့၏-စွပ်စွဲ-အပြစ်တင်-ခြင်း။ အာဒိမာဟ။ ပရဝါ(ဒိ)ဒီဒိဋ္ဌိ(ထီ) အခြား-တစ်ပါး-(မဟုတ်မမှန်)သော-အယူ-ဝါဒ-ရှိသောပုဂ္ဂိုလ် ၏-အယူ-ဝါဒ။ ပရဝါ(ဒိ)ဒီပက္ခ (ပု) အခြား-တစ်ပါး-(မဟုတ်မမှန်)သော-အယူ-ဝါဒ-ရှိသူ၏-အဖို့ အစု-အယူ-ဝါဒ။ ၁၁၃ ပရဝါဒီပက္ခမူလက (တိ) [+က] တစ်ပါးသော-အယူ-ဝါဒ-ရှိသူ၏-အဖို့အစု-အယူ-ဝါဒ-အရင်း-မူလ-ရှိသော။ ပရဝါဒီပဋိက္ခေပမုခ (တိ) တစ်ပါးသော-အယူ-ဝါဒ-ရှိသူကို-ပယ်ရှား-တားမြစ်-ခြင်းဟူသော-အဦး-အစ။ ပရဝါဒီပဋိညာ (ထီ) တစ်ပါး သော-အယူ-ဝါဒ-ရှိသူ၏-ဝန်ခံ-ပြောဆို-ခြင်း။ ပရဝါဒီပရိကပ္ပိတ (တိ) တစ် ပါးသော- အယူ-ဝါဒ-ရှိသူသည်-ကြံဆ-တွေး တော-ဆင်ခြင်-အပ်သော။	las palabras de quienes tienen una opinión / doctrina otra / distinta (no verdadera).	the talk of those who have an other / different (untrue) view / doctrine.	the text runs in seven further headwords with their own Burmese definitions (ပရဝါဒီစောဒနာ, ပရဝါဒီဒိဋ္ဌိ, ပရဝါဒီပက္ခ, ပရဝါဒီပက္ခမူလက, ပရဝါဒီပဋိက္ခေပမုခ, ပရဝါဒီပဋိညာ, ပရဝါဒီပရိကပ္ပိတ); ids 211738–211747 are absent from this shard, so those definitions are not drafted anywhere here; same text as 211737
211737	paravādīkathā	အခြား-တစ်ပါး- (မဟုတ်မမှန်) သော- အယူ-ဝါဒ-ရှိသူတို့၏ စကား။ တတ္ထ ပရဝါဒီကထာ ဒသဗလဉာဏံ နာမ ပါဋိယေက္ကံ နတ္ထိ၊ သဗ္ဗညုတညာဏဿေဝါယံ ပဘေဒေါတိ။ ပရဝါ(ဒိ)ဒီစောဒနာ (ထီ) အခြား-တစ်ပါး-(မဟုတ်မမှန်)သော-အယူ-ဝါဒ-ရှိသူတို့၏-စွပ်စွဲ-အပြစ်တင်-ခြင်း။ အာဒိမာဟ။ ပရဝါ(ဒိ)ဒီဒိဋ္ဌိ(ထီ) အခြား-တစ်ပါး-(မဟုတ်မမှန်)သော-အယူ-ဝါဒ-ရှိသောပုဂ္ဂိုလ် ၏-အယူ-ဝါဒ။ ပရဝါ(ဒိ)ဒီပက္ခ (ပု) အခြား-တစ်ပါး-(မဟုတ်မမှန်)သော-အယူ-ဝါဒ-ရှိသူ၏-အဖို့ အစု-အယူ-ဝါဒ။ ၁၁၃ ပရဝါဒီပက္ခမူလက (တိ) [+က] တစ်ပါးသော-အယူ-ဝါဒ-ရှိသူ၏-အဖို့အစု-အယူ-ဝါဒ-အရင်း-မူလ-ရှိသော။ ပရဝါဒီပဋိက္ခေပမုခ (တိ) တစ်ပါးသော-အယူ-ဝါဒ-ရှိသူကို-ပယ်ရှား-တားမြစ်-ခြင်းဟူသော-အဦး-အစ။ ပရဝါဒီပဋိညာ (ထီ) တစ်ပါး သော-အယူ-ဝါဒ-ရှိသူ၏-ဝန်ခံ-ပြောဆို-ခြင်း။ ပရဝါဒီပရိကပ္ပိတ (တိ) တစ် ပါးသော- အယူ-ဝါဒ-ရှိသူသည်-ကြံဆ-တွေး တော-ဆင်ခြင်-အပ်သော။	las palabras de quienes tienen una opinión / doctrina otra / distinta (no verdadera).	the talk of those who have an other / different (untrue) view / doctrine.	the text runs in seven further headwords with their own Burmese definitions (ပရဝါဒီစောဒနာ, ပရဝါဒီဒိဋ္ဌိ, ပရဝါဒီပက္ခ, ပရဝါဒီပက္ခမူလက, ပရဝါဒီပဋိက္ခေပမုခ, ပရဝါဒီပဋိညာ, ပရဝါဒီပရိကပ္ပိတ); ids 211738–211747 are absent from this shard, so those definitions are not drafted anywhere here; same text as 211736
211754	paravicchindanā	သူတစ်ပါးတို့ကို-ပယ်ဖြတ်-စွန့်လွှတ်စေ-ခြင်း။	el apartar / hacer renunciar a otros.	the cutting off / causing to give up of others.	unclear whether others are cut off or are made to give something up
211758	paravitāraṇā	သူတစ်ပါးတို့၏-ကူးမြောက်-ယုံကြည်- သိမှတ်- စေခြင်း၊ သူတစ်ပါးတို့က ထင်စွာ ပြောပြရခြင်း။	el hacer que otros crucen / confíen / comprendan; el tener que ser explicado claramente por otros.	the causing of others to cross over / trust / understand; the having to be explained clearly by others.	second gloss 'သူတစ်ပါးတို့က ထင်စွာ ပြောပြရခြင်း' uncertain
211759	paravittūpakaraṇa	တစ်ပါး၏- နှစ်သက်- ဝမ်းမြောက်- ခြင်း၏ အကြောင်းဖြစ်သော-နှစ်သက်ဖွယ်ကောင်း သော- အသုံးအဆောင်- ဥစ္စာ- အဆောက် အဦ။	los utensilios / los bienes / los edificios agradables que son causa del deleite / la alegría de otro.	the pleasing utensils / goods / buildings that are the cause of another's delight / joy.	text begins 'တစ်ပါး၏' (probably 'သူတစ်ပါး၏')
211762	paravīriyaghātī	တစ်ပါးတို့၏- လုံ့လ-ဝီရိယ- ကြိုးစား-အား ထုတ်- မှု-ကို ဖျက်ဆီး-ဖြတ်တောက်- တတ် သော။	que suele destruir / cortar el esfuerzo / el *vīriya* / el empeño / la aplicación de otros.	apt to destroy / cut off the effort / the *vīriya* / the striving / the exertion of others.	text begins 'တစ်ပါးတို့၏' (probably 'သူတစ်ပါးတို့၏')
211785	parasaṁharaṇa	တစ်ပါး၏-ပစ္စည်းဥစ္စာကို-ဆောင်ယူ-ခိုးဝှက်-ခြင်း။ “ပရသံဟရဏံ”တိပိ ပါဌော၊ သံ-သဒ္ဒေါ စေတ္ထ ဓနတ္ထော၊ ပရသန္တကဟရဏန္တိ ဝုတ္တံ ဟောတိ။ ပရသက္ကာရ (ပု) သူတစ်ပါးတို့၏-ပူဇော်သကာ-လာဘ်လာဘ။ ပရသင်္ဂဏှန (န) သူတစ်ပါးတို့ အား-ချီးမြှောက်-ထောက်ပံ့-ခြင်း။ ပရသင်္ဂဟကရဏ (န) သူတစ်ပါးတို့အား-ချီးမြှောက်-ထောက်ပံ့-မှုကို ပြုခြင်း။ ပရသဉ္စေတနာ (ထီ) သူတစ် ပါး၏-စေ့ဆော်မှု-စေတနာ-ကံ။ ပရသဉ္စေတနာဟေတု (ပု) သူတစ်ပါး၏-စေ့ဆော်မှု-စေတနာ-ကံ-ဟူသောအကြောင်း။ ပရသတ္တ (ပု) (၁) တစ်ပါးသော-သတ္တဝါ-ပုဂ္ဂိုလ်။ (၂) မြတ်သော (ဣန္ဒြေရင့် ကျက်သော)-သတ္တဝါ-ပုဂ္ဂိုလ်။ ၇၅- ပဋိသံ။	el llevarse / robar los bienes / posesiones de otro.	the carrying off / stealing of another's goods / possessions.	the text runs in further headwords with their own Burmese definitions (ပရသက္ကာရ, ပရသင်္ဂဏှန, ပရသင်္ဂဟကရဏ, ပရသဉ္စေတနာ, ပရသဉ္စေတနာဟေတု, ပရသတ္တ); ids 211786–211792 are absent from this shard, so those definitions are not drafted here; the gloss begins 'တစ်ပါး၏' (probably 'သူတစ်ပါး၏')
211793	parasattarodhaka	ပါးသော သတ္တဝါကို-ချုပ်ချယ်-ညှဥ်းဆဲ-နှိပ် စက်-တတ်သော၊ သူ။	que suele restringir / atormentar / oprimir a otros seres (dicho de una persona).	apt to restrain / torment / oppress other beings (said of a person).	text begins 'ပါးသော' (probably 'တစ်ပါးသော' truncated)
211795	parasattavihiṁsana	ပါးသော သတ္တဝါကို-ညှဥ်းဆဲ- နှိပ်စက်-ခြင်း။	el atormentar / oprimir a otro ser.	the tormenting / oppressing of another being.	text begins 'ပါးသော' (probably 'တစ်ပါးသော' truncated)
211803	parasantakaggahaṇa	သူတစ်ပါး၏-ဥစ္စာ-ပစ္စည်း-ကို ခိုးယူခြင်း။ (တိ) (၂) သူတစ်ပါး၏- ဥစ္စာ- ပစ္စည်း-ကို ခိုးယူ ကြောင်း။ (၁) “သုဝဏ္ဏ” “ကဟာပဏော”။ (၂) အောက်ပုဒ်ကြည့်။	el robar los bienes / posesiones de otro. (adjetivo) (2) aquello por lo que se roban los bienes / posesiones de otro. (2) Véase la entrada siguiente.	the stealing of the goods / possessions of another. (adjective) (2) that by which the goods / possessions of another are stolen. (2) See the next headword.	sense marker (1) missing at the start
211805	parasantakagijcyana	သူတစ် ပါး၏-ဥစ္စာ-ပစ္စည်းကို-လိုချင်-တပ်မက်-ခြင်း။	el desear / codiciar los bienes / posesiones de otro.	the wanting / coveting of the goods / possessions of another.	romanised headword 'gijcyana' looks garbled (for 'gijjhana'?)
211807	parasantakabhojanavuttaniyamana	သူတစ်ပါး၏ဥစ္စာ ဖြစ်သောဘောဇဥ်ကို ဟောအပ်၏ဟူ၍ မှတ် ကြောင်းစကား။ ခန္ဓကေ “။	las palabras con que se señala que se ha enseñado (acerca de) la comida que es propiedad de otro.	the words by which one notes that (something) has been taught (about) food that is the property of another.	gloss 'ဟောအပ်၏ဟူ၍ မှတ်ကြောင်းစကား' hard to construe
211813	parasantakābhijcyāna	သူတစ်ပါး၏-ဥစ္စာ-ပစ္စည်း-ကို-ရှေးရှုကြံစည်-လိုချင်-တပ်မက်-ခြင်း။	el proponerse / desear / codiciar los bienes / posesiones de otro.	the scheming towards / wanting / coveting of the goods / possessions of another.	romanised headword 'abhijcyāna' looks garbled (for 'abhijjhāna'?)
211827	parasamudda	(၁) (က) သမုဒ္ဒရာ၏-တစ်ဖက်-ဟိုမှာဖက်-ကမ်း။ (ခ) သီဟိုဠ် သမု ဒြာ၏-တစ်ဖက်-မြောက်ဖက်-ကမ်း၊ ဇမ္ဗူဒိပ် ကျွန်း၊ ဣန္ဒိယပြည်။ (၂) အခြား-တစ်ပါး-သော သမုဒြာ။ ဝိသင်္ဂဟ။	(1) (a) la otra orilla / la orilla de allá del océano. (b) la otra orilla / la orilla norte del océano de *sīhaḷa*; la isla de *jambudīpa*; el país de la India. (2) otro / distinto océano.	(1) (a) the other shore / the far shore of the ocean. (b) the other shore / the northern shore of the ocean of *sīhaḷa*; the island of *jambudīpa*; the land of India. (2) another / a different ocean.	⟦=sīhaḷa⟧ for သီဟိုဠ် (Sri Lanka)
211831	parasampatti	သူတစ်ပါး၏-ပြည့်စုံ- ကြယ်ဝ- ချမ်းသာမှု၊ သူတစ်ပါး၏-စည်းစိမ်- ဥစ္စာ။ ပရာ⟨(As)«yÂ+tm/ jywdavmarsç jym"maEsç⟩ ⟨"%õaPç tmbdrkacsç wsma*ç 0dMuarç bÂ-⟩ ⟨$gaxõç *awmfçba*Fç tem'a&çwd&oúma&ç⟩ ⟨jywsm0Âawåmf p/ axmr/ y&m (As)⟩ ⟨0darmuË;çjym"mEsrfçjymwdavmrsrfç"%õPrfç⟩ ⟨tmbdrkcsrfç bÂ$gxõrfç 0dMur;ç *wd;ç 0";/⟩ ⟨£wdar'deD/ Oyo*õ0da$%;? tosmxõ;-⟩ ⟨b*F;ç tem'&;ç jyws0Âwåd;ç Es*bm0;/ rk*¨-⟩ ⟨aAm"#Dum,mrf 'k*õg'g$;(o'´uyÜ'´Kr)/⟩] (၁) ဆုတ်ယုတ်-ပျက်စီး-ခြင်း။ (၂)ရှုံး-ရှုံးနိမ့်-ခြင်း။ (၃) လားခြင်း။ (၄)အားထုတ်-ကြိုးပမ်း-ခြင်း။ (၅)သုံးသပ်ခြင်း။ (၆)လွန်ကဲ-ပြင်းထန်-ခြင်း။ (၇) ဆန့်ကျင်ဖက်၊ ပြောင်းပြန်။ ပရာသဒ္ဒေါ ပရိဟာနိ - ပရာဇယဂတီသု စ။ ဘုသတ္ထေ ပဋိလောမတ္ထေ၊ ဝိက္ကမာမသ-နာဒိသု။ ပ၊ဝိ၊	la plenitud / la abundancia / la felicidad de otro; la riqueza / los bienes de otro.	the fulfilment / abundance / happiness of another; the riches / wealth of another.	after the encoding debris the text gives the Burmese senses (1)–(7) of the next headword ပရာ (211832: 'ဆုတ်ယုတ်-ပျက်စီး-ခြင်း' … 'ဆန့်ကျင်ဖက်၊ ပြောင်းပြန်'); not translated here, they belong to ပရာ
211832	parā	ကစ္စည်း။ “ဥပသဂ္ဂာ”။ ပရာ-ဣတိ ပရိဟာနိပရာဇယဂတိဝိက္ကမာမသ-နာဒီသု။ နှာ-၁၂၇။ ၂၀-သုတ်။ နှာ-၁၃၁။ ပါဒိတော ဌာဿ ဝါ ဌဟော ကွစိ။ ⟨....⟩ ပ၊မောဂ်၊ပါဒိ-တောတိ ပ, ပရာဒီနံ ဥပသဂ္ဂပရသမညာနံ ဓါတုတော ပုဗ္ဗေ ပယုဇ္ဇမာနာနံ ဝီသတိ-အသင်္ချသဒ္ဒါနံ ဂဟဏံ။ န ပါဒီဟိ။ “ပါဒီ-ဟိ”စ္စာဒိ။ ၎င်း၊ပဉ္စိကာ။ ဥပသဂ္ဂာ စ နာမ သဒ္ဒသတ္ထေ ဝေယျာကရဏေဟိ ပ-သဒ္ဒံ အာဒိံ ကတွာ ဌပိတာ။ သာသနေ ပန သာသနိကေသု ဧကစ္စေဟိပိ ဂရူဟိ ပ-သဒ္ဒံ အာဒိံ ကတွာ ဌပိတာ။ နေရုတ္တိကေဟိ ပန ဂရူဟိ သရာနံ နိဿယတ္တာ နိဿယဘူတံ သုဒ္ဓဿရံ အာ-သဒ္ဒမေဝ အာဒိံ ကတွာ အညေန ကမေန ဌပိတာ။ ဝိ နိ နီ သု ဒု။ နှာ-၃၆၁။ ထောင့် ကွင်းနှင့် သက်ဆိုင်ရာပုဒ်တို့၌လည်းကြည့်။	Véanse también los corchetes y las entradas correspondientes.	See also the square brackets and the related headwords.	'ထောင့်ကွင်းနှင့် သက်ဆိုင်ရာပုဒ်တို့၌လည်းကြည့်' rendered literally; the Burmese senses of ပရာ (1)–(7) are printed at the end of 211831's text and may belong here; label is None
211836	parājayakāla	(-မဟာနိ။ (၃)  «S1» (၄) အောက်ပုဒ်ကြည့်။ ပရာဇယကာလ(ပု) ရှုံး-ရှုံး နိမ့်-ဆုံးရှုံး-ရာ အခါ။	(3) Véase [[parājayagul̤a]]. (4) Véase la entrada siguiente. El momento en que se pierde / se es derrotado / se sufre pérdida.	(3) See [[parājayagul̤a]]. (4) See the next headword. The time when one loses / is defeated / suffers loss.	'(3) «S1» (4) see the next headword' is the tail of 211835 printed into this line; label is None, the headword's own label is (ပု)
211849	parājitakilesa	ရှုံးနိမ့်စေအပ်သော ကိလေသာရှိသော၊ ကိ-လေသာတို့ကို- ရှုံးနိမ့်စေ-အောင်နိုင်- တတ် သော(ဘုရား)။ ပရာဇိတကိလေသေန၊ ပါရာဇိကမိဒံ ဣဓ။	que tiene los *kilesa* derrotados; que suele derrotar / vencer a los *kilesa* (el Buddha).	whose *kilesa* have been defeated; apt to defeat / conquer the *kilesa* (the Buddha).	hyphen: ကိ-လေသာ read as one word
211863	parājissasi	ရှုံး-ရှုံးနိမ့်-လတ္တံ့။ «S1»	perderá / será derrotado. Véase [[parājayati]].	will lose / be defeated. See [[parājayati]].	headword is 2nd person (-si); the Burmese လတ္တံ့ does not mark it, rendered 3rd person
211864	parājissāma	ရှုံး-ရှုံးနိမ့်-ကုန်လတ်အံ့။ «S1»	perderemos / seremos derrotados. Véase [[parājayati]].	we shall lose / be defeated. See [[parājayati]].	1st person plural (ကုန်လတ်အံ့)
211872	parādhārarūpa	တစ်ပါး သော- တည်-မှီ-ရာ ရုပ်ရှိသော။ တေနာဟ အာဒိ။	que tiene otro *rūpa* como base en que asentarse / apoyarse.	having another *rūpa* as the base on which it stands / rests.	construal uncertain: 'တစ်ပါးသော-တည်-မှီ-ရာ ရုပ်ရှိသော'
211899	parānuvatti	နောက်သို့ ဆုတ် နစ်-အကြင်းမဲ့ပယ်-ခြင်း။	el retroceder / abandonar sin residuo.	the sinking back / abandoning without remainder.	the gloss ('နောက်သို့ ဆုတ်နစ်-အကြင်းမဲ့ပယ်-ခြင်း') does not fit parānuvatti 'following others'; perhaps misplaced
211902	parāpakāra	သူတစ်ပါးတို့ ၏- ပြစ်မှား- ကျူးလွန်- စော်ကား- ခြင်း။	la ofensa / transgresión / afrenta de otros.	the offending / transgressing / insulting of others.	genitive 'သူတစ်ပါးတို့၏' ambiguous: offence by others or against others
211906	parāpara	မြတ်, မမြတ်သော (တရား)၊ မြင့်မြတ်-ထက်မြက်-သော တရား နှင့်- မမြင့်မြတ်-မထက်မြက်-သော (တရား)၊ ရင့်ကျက်သောတရားနှင့် နုနယ်သော (တ ရား)။ “ပရာပရာနီ” တိ ဝတ္တဗ္ဗေ သန္ဓိဝသေန ရော-ကာရံ ကတွာ “ပရောပရာနီ”။ ပရာပရာဓ(ပု) သူတစ်ပါးတို့၏-ပြစ်မှား-လွန်ကျူး-မှု။	(estados) excelentes y no excelentes; el estado elevado / agudo y el (estado) no elevado / no agudo; el estado maduro y el (estado) tierno.	excellent and not excellent (states); the lofty / keen state and the not lofty / not keen (state); the mature state and the tender (state).	the text runs in the next headword ပရာပရာဓ (ပု) with its own gloss 'သူတစ်ပါးတို့၏-ပြစ်မှား-လွန်ကျူး-မှု' (the offending / transgressing of others); it has no id in this shard
211914	parābaddha	အခြားတစ်ပါး-အ ခြားတစ်ဖက်-နှင့် ဆက်စပ်သော။ ပရာဘတ(တိ) သူတစ်ပါးတို့ထံ မှ ဆောင်ယူအပ်သော။ ပရာဘ၀၁ (ပု) [+အ။ အ-ဝမာနံ တိရက္ကာရော၊ ပရိဘဝေါပျနာဒရော။ နှာ-၁၂၇။	vinculado a otro / al otro lado.	connected with another / the other side.	the text runs in the headword ပရာဘတ (တိ) with its own gloss 'သူတစ်ပါးတို့ထံ မှ ဆောင်ယူအပ်သော' (brought from others); id 211915 is absent from this shard
211916	parābhava	(၁) ပျက်စီး- ဆုတ် ယုတ်-ခြင်း။ (၂) မရိုမသေ-မထေလေးစား-ပြုခြင်း။ (၃) ကဲ့ရဲ့-ရှုတ်ချ-ခြင်း။ (၄) ပျက်စီး-ဆုတ်ယုတ်-ကြောင်း။ (တိ) (၅) ပျက်စီး-ဆုတ် ယုတ်-သော၊ သူ။ (၁) ပျက်စီး-ဆုတ်ယုတ်- ခြင်း။ ပရာဘဝါယာတိ အဝဍ္ဎိုယာ ဝိနာသာယ။ အဝုဍ္ဎို။ (၂) မရိုမသေ-မထေလေး စား-ပြုခြင်း။ (၃) ကဲ့ရဲ့-ရှုတ်ချ-ခြင်း။ ထောင့်ကွင်းကြည့်။ (၄)ပျက်စီး-ဆုတ်ယုတ်-ကြောင်း။ (၅) ပျက်စီး-ဆုတ်ယုတ်- သော၊ သူ။ ပရာဘ၀၂(ပု) [။ နောက်ပုဒ် ကျေ။ ] သတ္တဝါတို့- ပျက်စီး- ဆုတ်ယုတ်-ကြောင်းကို ဟောပြရာသုတ်။	(1) el arruinarse / decaer. (2) el tratar sin respeto / sin estima. (3) el criticar / censurar. (4) la causa de la ruina / decadencia. (adjetivo) (5) que se arruina / decae (dicho de una persona). Véanse los corchetes.	(1) the being ruined / declining. (2) the treating without respect / without esteem. (3) the blaming / censuring. (4) the cause of ruin / decline. (adjective) (5) ruined / declining (said of a person). See the square brackets.	senses (1)–(5) printed twice; translated once; 'ထောင့်ကွင်းကြည့်' (after the repeated sense 3) rendered literally; the text then runs in the headword ပရာဘဝ၂ (ပု) with its own gloss 'သတ္တဝါတို့- ပျက်စီး- ဆုတ်ယုတ်-ကြောင်းကို ဟောပြရာသုတ်' (the sutta that teaches the causes of the ruin of beings); id 211917 is absent from this shard
211925	parābhavasuttanta	ပရာ-ဘဝသုတ်၊ ပျက်စီး-ဆုတ်ယုတ်- ကြောင်းကို ဟောပြရာသုတ်။	el *sutta* *parābhava*; el *sutta* en que se exponen las causas de la ruina / decadencia.	the *parābhava* *sutta*; the *sutta* in which the causes of ruin / decline are taught.	hyphen: ပရာ-ဘဝသုတ် read as one word
211926	parābhijcyāyana	သူတစ် ပါး၏ ပစ္စည်းကို- ရှေးရှူကြံစည်- လိုချင်-တောင့်တ- ခြင်း။ အောက်ပုဒ်ကြည့်။	el proponerse / desear / anhelar los bienes de otro. Véase la entrada siguiente.	the scheming towards / wanting / longing for the goods of another. See the next headword.	romanised headword 'parābhijcyāyana' looks garbled (for 'parābhijjhāyana'?)
211931	parābhimata	တစ်ပါးသော သူ (သကဝါဒီ) တို့သည် အလိုရှိအပ်သော။	deseado por otras personas (los *sakavādī*).	wished for by other persons (the *sakavādī*).	'other persons' glossed as (သကဝါဒီ) 'holders of our own doctrine': as printed, check
211936	parāmaṭṭha	(၁) အမှန်မှ တစ်ပါး-အမှား-အားဖြင့် သုံးသပ်- အပ်သော။ (က) မှားသောအားဖြင့်- နှလုံးသွင်း- စွဲယူ- အပ် သော။ (ခ) ဖျက်ဆီးအပ်သော။ (၂) (ကိုယ် ဖြင့်)-သုံးသပ်- ကိုင်တွယ်- အပ်သော။ (၃) (နှုတ်ဖြင့်)-သုံးသပ်-ရည်ညွှန်း-ပြောဆို-အပ် သော။ (၄) အမှန်မှတစ်ပါး-အမှား-အားဖြင့်-သုံးသပ်-စွဲယူ-တတ်သော။ (က) ပုဂ္ဂိုလ်။ (ခ) မိစ္ဆာဒိဋ္ဌိ။ ⟨....⟩။	(1) tocado de un modo distinto de lo verdadero / erróneo. (a) atendido / asido de modo erróneo. (b) destruido. (2) tocado / manejado (con el cuerpo). (3) tocado / mencionado / dicho (con la palabra). (4) que suele tocar / asir de un modo distinto de lo verdadero / erróneo. (a) la persona. (b) la *micchādiṭṭhi*.	(1) touched in a way other than the true / wrongly. (a) attended to / grasped wrongly. (b) destroyed. (2) touched / handled (with the body). (3) touched upon / referred to / spoken of (with speech). (4) apt to touch / grasp in a way other than the true / wrongly. (a) the person. (b) the *micchādiṭṭhi*.	သုံးသပ် rendered 'tocar' / 'touch' throughout the parāmasati family (it also means 'consider')
211938	parāmasana	ပရာမသန (န၊ထီ) [ပရ+အာ(ပရာ)+မသ+ယု။ ⟨....⟩။ ] (၁) သုံးသပ်ခြင်း။ (က) ကိုယ်ဖြင့်-သုံးသပ်-ကိုင်တွယ်-ခြင်း။ (ခ) နှုတ်ဖြင့်-သုံးသပ်-ပြော ဆို-ခြင်း။ (၂) မှားသောအားဖြင့်-သုံးသပ်-စွဲယူ-နှလုံးသွင်း-ခြင်း။ (တိ) (၃) မှားသော အားဖြင့်-သုံးသပ်-စွဲယူ-တတ်သော။ (၄) သုံး သပ်-ကိုင်တွယ်-ရာ (အခါ)။ (ခ) အာဒိနာ ယံ-သဒ္ဒပရာမဋ္ဌာနံ ဗုဒ္ဓါဒိ၀ေ၀စနာနံယေဝ တံသဒ္ဒေန ရာမသနံ ဟောတိ။ (၃) အောက်ပုဒ်ကြည့်။ (၄)  «S1»	(1) el tocar. (a) el tocar / manejar con el cuerpo. (b) el tocar / hablar con la palabra. (2) el tocar / asir / atender de modo erróneo. (adjetivo) (3) que suele tocar / asir de modo erróneo. (4) aquello en que se toca / maneja (el momento). (3) Véase la entrada siguiente. (4) Véase [[parā-masanakkhaṇa]].	(1) the touching. (a) the touching / handling with the body. (b) the touching upon / speaking with speech. (2) the touching / grasping / attending wrongly. (adjective) (3) apt to touch / grasp wrongly. (4) that in which one touches / handles (the time). (3) See the next headword. (4) See [[parā-masanakkhaṇa]].	label ကြိ, but the text gives the headword with (န၊ထီ)
211945	parāmasāmi	(၁) သုံးသပ်-ကိုင်တွယ်-၏။ (၂) မှားသော အားဖြင့်- သုံးသပ်-စွဲယူ- ၏။ «S1»	(1) toco / manejo. (2) toco / me aferro de modo erróneo. Véase [[parāmasati]].	(1) I touch / handle. (2) I touch / grasp wrongly. See [[parāmasati]].	1st-person headword (-mi) rendered in the 1st person; the Burmese has ၏
211957	parāpaseyyaṁ	သုံးသပ်- ကိုင်တွယ်- ရာ၏။ «S1»	tocaría / manejaría. Véase [[parāmasati]].	would touch / handle. See [[parāmasati]].	romanised headword 'parāpaseyyaṁ' looks like a misprint of 'parāmaseyyaṁ' (1st person); the Burmese does not mark the person
211959	parāmaseyyātha	သုံးသပ်-ကိုင်တွယ်-ကုန်ရာ ၏။ «S1»	tocarían / manejarían. Véase [[parāmasati]].	would touch / handle (plural). See [[parāmasati]].	headword is 2nd person plural (-yyātha); the Burmese does not mark it, rendered 3rd person
211960	parāmaseyyāsi	သုံးသပ်- ကိုင်တွယ်- ရာ၏။ «S1»	tocaría / manejaría. Véase [[parāmasati]].	would touch / handle. See [[parāmasati]].	headword is 2nd person (-yyāsi); the Burmese does not mark it, rendered 3rd person
211962	parāmāsakāyagantha	မှားသောအားဖြင့်-သုံးသပ်-စွဲယူ-တတ်သည့် , ရူပ-ကာယကို-နှောင်ဖွဲ့-ရစ်ပတ်-တတ်သော-ဒိဋ္ဌိ-ပရာမာသ-တရား။	el estado *diṭṭhi* / *parāmāsa*, que suele tocar / asir de modo erróneo y que suele atar / envolver el *rūpakāya*.	the *diṭṭhi* / *parāmāsa* state, apt to touch / grasp wrongly and apt to bind / wrap the *rūpakāya*.	hyphen doubtful: ရူပ-ကာယ (read as one word; could be 'rūpa / kāya')
211964	parāmāsagocchaka	ပရာမာသတရားတို့ကို- ပန်းပြတ်- ပန်းခိုင်-သဖွယ် စုစည်းဟောပြရာဌာန၊ ပရာမာသ-ဂောစ္ဆက။	la sección en que se agrupan y exponen los estados *parāmāsa* como un ramo / racimo de flores; el *parāmāsagocchaka*.	the section in which the *parāmāsa* states are gathered and taught like a cut bunch / a cluster of flowers; the *parāmāsagocchaka*.	hyphen: ပရာမာသ-ဂောစ္ဆက read as one word
211967	parāmāsaduka	ပရာ-မာသဒုက်၊ ပရာမာသမည်သောတရားနှင့် မမည်သောတရား ၂-ပါးအပေါင်း။ «S1»	el *parāmāsaduka*; el conjunto de 2 estados, el estado llamado *parāmāsa* y el que no se llama así. Véase [[parāmāsagocchaka]].	the *parāmāsaduka*; the group of 2 states, the state called *parāmāsa* and the one not so called. See [[parāmāsagocchaka]].	hyphen: ပရာ-မာသဒုက် read as one word
211970	parāmāsarahita	မှား သောအားဖြင့်-သုံးသပ်-စွဲယူ-ခြင်းမှ-ကင်းစင်-လွတ်မြောက်- သော။ ပရာမာသဝိပ္ပယုတ္တ(တိ) ပရာမာသ-မိစ္ဆာဒိဋ္ဌိ-နှင့် မတွဲယှဥ်သော။ ပရာမာသသမ္ပယုတ္တ(တိ) ပရာမာသ-မိစ္ဆာဒိဋ္ဌိ-နှင့် အညီအညွတ် အပြားအားဖြင့် တွဲယှဥ်သော။ ပရာမာသသီသ(န) (က)မှား သောအားဖြင့်-သုံးသပ်-စွဲယူ-မှု ပရာမာသ ဟူသော- ဦးခေါင်းပမာ- အကြီးအမှူး- ဦး ဆောင်-ပဓါန-ဖြစ်သော တရား။ (ခ) မှား သောအားဖြင့်- သုံးသပ်- စွဲယူ-မှု ပရာမာသ တို့တွင်-ဦးခေါင်းပမာ-အကြီးအမှူး-ဦးဆောင်-ပဓါန-ဖြစ်သော တရား။	libre / exento / liberado del tocar / asir de modo erróneo.	free / clear / released from touching / grasping wrongly.	the text runs in three further headwords with their own Burmese definitions (ပရာမာသဝိပ္ပယုတ္တ, ပရာမာသသမ္ပယုတ္တ, ပရာမာသသီသ); ids 211971–211973 are absent from this shard, so those definitions are not drafted here
211976	parāyaṇa	]tmj$a, wwÜ&mbDaÌ⟩ ⟨y&m,Py'H 0d'k;}}£wd tm$Gw;/ Asmcsmok⟩ ⟨"m/ y&m,P(e) y&r,eH PwGrf? tws-⟩ ⟨EÅmoauåmf? Owårmj$a, p? twsmoauå?⟩ ⟨,xm- "rõy&m,P;? "arõ twsEÅouå;?⟩ ⟨wwÜa&ç tbDaÌ p Bwd/ y&m,P(e)⟩ ⟨y&r,erf PwGrf? 1- twsEÅmoauåmfç⟩ ⟨2-Owårj$a, p? 3- twsmoauå ,xm-⟩ ⟨"rõy&m,P; "arõ twsEÅmouå;? 4-⟩ ⟨wwÜa&? 5- tbDaÌ p Bwd/ ar'deD/⟩ ⟨y&rrkwúÂÌ yke&m0Âwåd&[dwH o¬meros?⟩ ⟨6- 0da%Ömfyk/ 0gpoÜws/ y&m,P (Bwd)⟩ ⟨tmo*F0perf? £wsr&;/ y&H au0vr,-⟩ ⟨ermouådo¬merdwd y&m,Prf? ,xm-⟩ ⟨"r®õy&m,aPm "r®õmouå;/ £wd b&w;/⟩ ⟨tmj$,;....wwÜ&rfç tbDÌrf/ £wd ar'deD/⟩ ⟨o'´uyÜ'´Kr/ (y&m,P-jym)⟩] (၁) ပြီးစီး-ပြီးမြောက်-ပြီးဆုံး-ခြင်း။ (၂) ပရိနိဗ္ဗာန်-ပြု-စံ-ခြင်း၊ ပရိနိဗ္ဗာနစုတိကျခြင်း။ (၃) နိဗ္ဗာန်၊ အသင်္ခတတရား။ (တိ) (၄) လည်းလျောင်း-မှီခို-ရာ။ (က) မြတ်စွာဘုရား။ (ခ) နတ်၊ နတ် သား။ (ဂ) တစ်စုံတစ်ယောက်သော ပုဂ္ဂိုလ်။ (ဃ) ကောင်းမှု၊ ကုသိုလ်။ (င) အလှူဒါန။ (စ) အကျင့်၊ သီလ။ (ဆ) အောက်မေ့ခြင်း၊ သတိ၊ သတိစေတသိက်။ (ဇ) ရတနာသုံးပါး၊ ဘုရား, တရား, သံဃါ။ (၁) ပြီးစီး-ပြီးမြောက်-ပြီးဆုံး-ခြင်း။ (၂) ပရိနိဗ္ဗာန်-ပြု-စံ-ခြင်း၊ ပရိနိဗ္ဗာနစုတိကျခြင်း။ (၃) နိဗ္ဗာန်၊ အသင်္ခတတရား။ ပရာယဏ(န) ၃၂၃။ (၄) လည်းလျောင်း-မှီခို-ရာ။ (က) မြတ် စွာဘုရား။ ပရာယဏော (ပရာယနော။ ဗုဒ္ဓဝံ)။ (ခ) နတ်၊ နတ်သား။ “မာ ”။ (ဂ) တစ်စုံတစ်ယောက်သော ပုဂ္ဂိုလ်။ (ဃ) ကောင်းမှု၊ ကုသိုလ်။ (စ) အကျင့်၊ သီလ။ (အာရမ္မဏံ)။ (ဆ)အောက် မေ့ခြင်း၊ သတိ၊ သတိစေတသိက်။ (ဇ) ရတနာသုံးပါး၊ ဘုရား, တရား, သံဃါ။ တေနာဟ “ပရာယဏ”န္တိ။	(1) el acabarse / cumplirse / concluir. (2) el realizar / entrar en el *parinibbāna*; el acaecer de la *parinibbānacuti*. (3) el *nibbāna*; el estado *asaṅkhata*. (adjetivo) (4) aquello en que uno reposa / se apoya. (a) el Buddha. (b) el *deva*; el *devaputta*. (c) una persona cualquiera. (d) la buena acción; el mérito. (e) la ofrenda, el *dāna*. (f) la conducta; la *sīla*. (g) el recordar; la *sati*; el *cetasika* *sati*. (h) las Tres Joyas; el Buddha, el *dhamma*, el *saṅgha*.	(1) the being finished / completed / concluded. (2) the performing / entering of *parinibbāna*; the occurring of the *parinibbānacuti*. (3) *nibbāna*; the *asaṅkhata* state. (adjective) (4) that on which one rests / relies. (a) the Buddha. (b) the *deva*; the *devaputta*. (c) some person. (d) the good deed; merit. (e) the offering, the *dāna*. (f) conduct; *sīla*. (g) remembering; *sati*; the *sati* *cetasika*. (h) the Three Jewels; the Buddha, the *dhamma*, the *saṅgha*.	senses printed twice; translated once; (4) 'လည်းလျောင်း' read as လဲလျောင်း 'lie down, rest'; (d) ကုသိုလ် rendered 'mérito' (paired with ကောင်းမှု)
211985	pari	(၁) ထက်ဝန်းကျင် အဖြစ်(သမန္တတောဘာဝ)။ (၂) လှည့်ပတ်ခြင်း (ပရိဝတ္တန)။ (၃) သွယ်ဝိုက်-ရစ်သီ-ခြင်း (ပရိယာယ)။ (၄) လျှို့ဝှက်ခြင်း (ဂုဟန)။ (၅) ကျော်လွန်ခြင်း (ပရိက္ကမန)။ (၆) အလုံးစုံသော အဖို့ (သဗ္ဗတောဘာဂ)။ (၇)ရှေးရှူ-ပြု-ဖြစ်-ခြင်း (အဘိ-မုခ)။ (၈) အနီး (သမီပ)။ (၉) သိမ်းပိုက်ခြင်း (ပရိဂ္ဂဟ)။ (၁၀) အဖန်ဖန် အထပ်ထပ်(ပုနပ္ပုန)။ (၁၁) စူးစမ်း-ဆင်ခြင်-ခြင်း (ဝီမံသန)။ (၁၂) အထက်အထက် (ဥပရူပရိ)။ (၁၃) ဤမှ ထိုမှ။ (၁၄) ပိုင်းခြားခြင်း (ပရိစ္ဆေဒ)။ (၁၅) ရှောင် ကြဥ်ခြင်း (ဝဇ္ဇန)။ (၁၆) ပွေ့ပိုက်ခြင်း (အာ-လိင်္ဂန)။ (၁၇) ဝတ်ရုံခြင်း (နိဝါသန)။ (၁၈) ပူဇော်ခြင်း(ပူဇာ)။ (၁၉) ကျွေးမွေးခြင်း(ဘောဇန)။ (၂၀) မထီမဲ့မြင်ပြုခြင်း (အဝဇာနန)။ (၂၁) အပြစ်ပြောခြင်း (ဒေါသက္ခာန)။ (၂၂) မှတ်ခြင်း(လက္ခဏ)။ (၂၃)တည်ရာ(အာဓါရ)။ (၂၄) စိုးရိမ်ခြင်း (သောက)။ (၂၅) ပျံ့နှံ့ခြင်း (ဗျာပန)။ (၂၆) သဘောတရား (တတွ)။ (၁) ထက်ဝန်းကျင်အဖြစ် (သမန္တတော-ဘာဝ)။ ပလ္လင်္ကန္တိ ဧတ္ထ ပရိ-သဒ္ဒေါ “သမန္တတော”။ (၂) လှည့်ပတ်ခြင်း (ပရိဝတ္တန)။ (၃) သွယ်ဝိုက်-ရစ်သီ-ခြင်း (ပရိယာယ)။ (၄) လျှို့ဝှက်ခြင်း (ဂုဟန)။ (၅) ကျော်လွန် ခြင်း(ပရိက္ကမန)။ (၆)အလုံး စုံသောအဖို့(သဗ္ဗတောဘာဂ)။ ပရိကေဠနာ-တိ သဗ္ဗတောဘာဂေန ကီဠာပနာ။ မဟာနိ၊ ပရိကဍ္ဎုတိ (၇) ရှေးရှူ-ပြု-ဖြစ်-ခြင်း(အဘိမုခ)။ ပရိမုခန္တိ ဧတ္ထ ပရိ-သဒ္ဒေါ အဘိ-သဒ္ဒေန သမာနတ္ထောတိ အာဟ “ကမ္မဋ္ဌာနာဘိမုခ”န္တိ။ (၈) အနီး (သမီပ)။ သမီပတ္ထော ဝါ ပရိ-သဒ္ဒေါတိ ဒဿေန္တော တိ အာဟ။ (၉) သိမ်းပိုက်ခြင်း (ပရိဂ္ဂဟ)။ “ပရိဏာယိကာ”။ (၁၀) အဖန်ဖန် အထပ်ထပ် (ပုနပ္ပုန)။ (၁၁) စူးစမ်း-ဆင် ခြင်-ခြင်း (ဝီမံသန)။ ပရိဂ္ဂဟဏတ္ထာယာတိ ပရိဝီမံသိတွာ ဂဟဏတ္ထာယ။ (၁၂) အထက်အထက် (ဥပရူပရိ)။ (၁၃) ဤမှ ထိုမှ။ ကျန်အနက်များ၏ သာဓကကို ထောင့်ကွင်းကြည့်။	(1) el estado de estar alrededor (*samantatobhāva*). (2) el dar vueltas (*parivattana*). (3) el ir con rodeos / dando vueltas (*pariyāya*). (4) el ocultar (*guhana*). (5) el sobrepasar (*parikkamana*). (6) la totalidad de las partes (*sabbatobhāga*). (7) el ponerse de cara / hacer frente / estar de frente (*abhimukha*). (8) la cercanía (*samīpa*). (9) el apropiarse (*pariggaha*). (10) una y otra vez, repetidamente (*punappuna*). (11) el investigar / examinar (*vīmaṁsana*). (12) más y más arriba (*uparūpari*). (13) de aquí y de allí. (14) el delimitar (*pariccheda*). (15) el evitar (*vajjana*). (16) el abrazar (*āliṅgana*). (17) el vestir (*nivāsana*). (18) el venerar (*pūjā*). (19) el alimentar (*bhojana*). (20) el despreciar (*avajānana*). (21) el hablar de las faltas (*dosakkhāna*). (22) el señalar (*lakkhaṇa*). (23) el soporte (*ādhāra*). (24) el afligirse (*soka*). (25) el difundirse (*byāpana*). (26) la naturaleza (*tatva*). Para las pruebas de los demás significados, véanse los corchetes.	(1) the state of being all around (*samantatobhāva*). (2) the turning round (*parivattana*). (3) the going roundabout / winding (*pariyāya*). (4) the concealing (*guhana*). (5) the going beyond (*parikkamana*). (6) the whole of the parts (*sabbatobhāga*). (7) the facing / confronting / being face to face (*abhimukha*). (8) nearness (*samīpa*). (9) the taking possession (*pariggaha*). (10) again and again, repeatedly (*punappuna*). (11) the investigating / examining (*vīmaṁsana*). (12) higher and higher (*uparūpari*). (13) from here and from there. (14) the delimiting (*pariccheda*). (15) the avoiding (*vajjana*). (16) the embracing (*āliṅgana*). (17) the dressing (*nivāsana*). (18) the honouring (*pūjā*). (19) the feeding (*bhojana*). (20) the despising (*avajānana*). (21) the speaking of faults (*dosakkhāna*). (22) the marking (*lakkhaṇa*). (23) the support (*ādhāra*). (24) the grieving (*soka*). (25) the pervading (*byāpana*). (26) nature (*tatva*). For the evidence of the remaining meanings, see the square brackets.	senses (1)–(13) printed twice; translated once; hyphens in (အဘိ-မုခ) and (အာ-လိင်္ဂန) read as one word; 'ထောင့်ကွင်းကြည့်' rendered literally
211996	parikathā	လှည့်ပတ် ပြောဆိုခြင်း၊ သွယ်ဝိုက်-ရစ်သီ-စောင်းပါးရိပ် ချည်-ပြောဆိုခြင်း။ ယင်းကား--- ကိုယ်, နှုတ် တို့ဖြင့် တိုက်ရိုက်တောင်းရမ်းခြင်း = ဝိညတ္တိ, လှည့်ပတ်ပြောဆိုခြင်း=ပရိကထာ, မရှောင်သာ အောင် ချိပ်ငင်ပြောဆိုခြင်း = ဩဘာသ, လိုရာ ကို အမှတ်နိမိတ်ပြုလုပ် ပြသခြင်း = နိမိတ္တ ဟူ သော ပစ္စည်းအာမိသနှင့်စပ်၍ ရှင်,ရဟန်းတို့ မပြုကောင်းသော အမှု ၄-ပါးတွင် တစ်ပါး အပါအဝင် ဖြစ်သည်။ သာ (ဝိညတ္တိ)။ ဝါ “ယုတ္တ”န္တိ ဝါ “အနုရူပ”။ အာဒိဝစနံ။ ခုဒ္ဒသိက္ခာ။ ဂာထာ-၃၇၇။ ၎င်းဋီ။	el hablar con rodeos; el hablar indirectamente / dando vueltas / con alusiones. Esto es uno de los 4 actos que los novicios y los monjes no deben hacer en relación con los requisitos, el *āmisa*: el pedir directamente con el cuerpo y la palabra = *viññatti*; el hablar con rodeos = *parikathā*; el hablar tirando (del otro) de modo que no pueda eludirlo = *obhāsa*; el hacer y mostrar una señal de lo que se desea = *nimitta*.	the talking in a roundabout way; the talking indirectly / circuitously / by hints. It is one of the 4 things that novices and monks may not do in connection with the requisites, the *āmisa*: asking directly by body and speech = *viññatti*; talking in a roundabout way = *parikathā*; talking so as to hook (the other) so that he cannot avoid it = *obhāsa*; making and showing a sign of what one wants = *nimitta*.	ချိပ်ငင် read as ချိတ်ငင် 'hook and pull'
212009	parikappakiriyā	စည်-တွေးဆ-စဥ်းစား-အောက်မေ့-မှတ်ထင်-ခြင်း ကြိယာ။ အောက်ပုဒ်-ကြည့်။	la *kiriya* de concebir / conjeturar / considerar / recordar / suponer. Véase la entrada siguiente.	the *kiriya* of thinking out / conjecturing / considering / recalling / supposing. See the next headword.	text begins 'စည်' (probably 'ကြံစည်' truncated); ကြိယာ probably means 'verb' here
212010	parikappakiriyāpaṭikkhepavacana	ကြံစည် - တွေးဆ -အောက်မေ့-မှတ်ထင်-ခြင်းကြိယာကို ပယ်မြစ် ကြောင်း-သဒ္ဒါ-စကား။ “မာ ”။	la palabra / expresión que rechaza la *kiriya* de concebir / conjeturar / recordar / suponer.	the word / expression that rejects the *kiriya* of thinking out / conjecturing / recalling / supposing.	ကြိယာ probably means 'verb' here; ပယ်မြစ် rendered 'rechazar' / 'reject' (negation)
212014	parikappattha	ကြံစည်-တွေးဆ-စဥ်းစား-ဆင်ခြင်-ခြင်းအနက်။ ပရိကပ္ပန (နာ) (န၊ ထီ) [+ယု] (၁) ကြံစည်-ကြံဆ-တွေးဆ-စဥ်းစား-ခြင်း။ (၂) စီရင်-ပြုစီရင်-စီမံ-ပြုစီမံ-ခြင်း။ (တိ) (၃) ကြံ စည်- ကြံဆ- တွေးဆ- စဥ်းစား- အပ်သော (အယူစသည်)။ (၃) “တက္ကမတ္တေနာ”။	el significado de concebir / conjeturar / considerar / reflexionar.	the meaning of thinking out / conjecturing / considering / reflecting.	the text runs in the headword ပရိကပ္ပန (န၊ထီ) with its own senses (1)–(3); it has no id in this shard, so they are not drafted here
212017	parikappanavisaya	စည်- တွေးဆ- စဥ်းစား- ဆင်ခြင်- ခြင်းလျှင် အရာရှိသော။ အဿထာတိ သတ္တမိယာ ရူပံ စေ-သဒ္ဒယောဂေန ပရိကပ္ပနဝိသယတ္တာတိ ဒဿေတိ “ဘဝေယျာထာ”။	que tiene como ámbito precisamente el concebir / conjeturar / considerar / reflexionar.	having precisely thinking out / conjecturing / considering / reflecting as its range.	text begins 'စည်' (probably 'ကြံစည်' truncated)
212018	parikappanāpavatti	စည်-တွေးဆ-စဥ်းစား-ဆင်ခြင်-သောအားဖြင့် ဖြစ်ခြင်း။	el surgir por medio del concebir / conjeturar / considerar / reflexionar.	the arising by way of thinking out / conjecturing / considering / reflecting.	text begins 'စည်' (probably 'ကြံစည်' truncated)
212022	parikappamattasiddha	စည်-တွေးဆ-စဥ်းစား-ဆင်ခြင်-ခြင်းမျှဖြင့် ပြီး သော။	establecido por el mero concebir / conjeturar / considerar / reflexionar.	established by mere thinking out / conjecturing / considering / reflecting.	text begins 'စည်' (probably 'ကြံစည်' truncated)
212023	parikappavacana	ကြံစည်-တွေးဆ-အပ်-ကြောင်း-သောစကား၊ ကြံစည်-တွေးဆ-ခြင်းဖြင့် ဆိုအပ်သောစကား။ ပရိကပ္ပဝစနံ , “ပဿေယျာ”။	las palabras concebidas / conjeturadas / por las que se concibe; las palabras dichas concibiendo / conjeturando.	words thought out / conjectured / by which one thinks out; words spoken by thinking out / conjecturing.	first gloss 'ကြံစည်-တွေးဆ-အပ်-ကြောင်း-သောစကား' chains alternative endings; construal uncertain
212024	parikappasambhava	ကြံစည်-တွေးဆ-စဥ်းစား-ဆင်ခြင်-ခြင်းဖြင့်ဖြစ်သော။	que surge por el concebir / conjeturar / considerar / reflexionar.	arising through thinking out / conjecturing / considering / reflecting.	adjectival gloss under a masculine-noun label
212029	parikappāvahāra	စည်-တွေးဆ-စဥ်းစား-ဆင်ခြင်-ခြင်းဖြင့် ခိုး ခြင်း၊ ကြံစည်-တွေးဆ-စဥ်းစား-ဆင်ခြင်-၍ ခိုးခြင်း။	el robar mediante el concebir / conjeturar / considerar / reflexionar; el robar tras haber concebido / conjeturado / considerado / reflexionado.	the stealing by means of thinking out / conjecturing / considering / reflecting; the stealing after having thought out / conjectured / considered / reflected.	text begins 'စည်' (probably 'ကြံစည်' truncated)
212030	parikappāvahāraka	ကြံစည်-တွေးဆ-စဥ်းစား-ဆင်ခြင်-၍-ခြင်းဖြင့်-ခိုးယူတတ်သော၊ သူ။ ထေယျာဗလ-ကုသစ္ဆန္ဒ-ပရိကပ္ပါဝဟာရကော။ ခုဒ္ဒသိက္ခာ။ ၄-ဂာထာ။ ၎င်းဋီ၊ဟောင်း။ ၎င်းဋီ၊သစ်။	que suele robar tras concebir / conjeturar / considerar / reflexionar, o mediante ello (dicho de una persona).	apt to steal after thinking out / conjecturing / considering / reflecting, or by means of it (said of a person).	the connectives '-၍-ခြင်းဖြင့်-' (having … / by …) are alternatives; rendered 'tras … , o mediante ello'
212033	parikappita	(၁) ကြံစည်-တွေးဆ-စဥ်းစား-ဆင်ခြင်-အပ်သော (ဥစ္စာ စသည်)။ (၂) ကြံစည်-တွေးဆ-ဆင်ခြင်-စဥ်း စား-ကြောင်းဖြစ်သော။ (၂)  «S1»	(1) concebido / conjeturado / considerado / reflexionado (bienes y demás). (2) que es causa de concebir / conjeturar / reflexionar / considerar. (2) Véase [[parikappita-taṇhā]].	(1) conceived / conjectured / considered / reflected upon (goods and so on). (2) that is a cause of conceiving / conjecturing / reflecting / considering. (2) See [[parikappita-taṇhā]].	a second '(2)' stands before «S1» in the source; kept as printed
212045	parikappitappadesa	စည်-တွေးဆ-အပ်သောအရပ်။ «S1»	el lugar concebido / conjeturado. Véase [[parikappita-ṭṭhāna]].	the place conceived / conjectured. See [[parikappita-ṭṭhāna]].	text begins 'စည်' (probably 'ကြံစည်' truncated)
212047	parikappitabheda	စည်-တွေးဆ-အပ်သော-အထူး-အပြား၊ (ကွဲ ပြား-ခြားနား-ခြင်း)။	la particularidad / la clase concebida / conjeturada (el diferenciarse / distinguirse).	the particularity / kind conceived / conjectured (being differentiated / distinct).	text begins 'စည်' (probably 'ကြံစည်' truncated)
212051	parikappitasāmaññākāra	ကြံစည်-တွေးဆ-အပ် သော တူသည်၏အဖြစ်ဟူသော အခြင်း အရာ။ (ကြံဆအပ်သော အမည်အစု။ သျ)။	el aspecto que es el hecho de ser semejante, concebido / conjeturado. (el conjunto de nombres imaginado.)	the aspect that is the state of being alike, conceived / conjectured. (the collection of names imagined.)	unexplained source tag 'သျ' dropped
212054	parikappīyati	စည်-တွေးဆ-စဥ်းစား-ဆင်ခြင်-အပ်၏။ “အတ္တာ”။	es concebido / conjeturado / considerado / reflexionado.	is conceived / conjectured / considered / reflected upon.	text begins 'စည်' (probably 'ကြံစည်' truncated)
212056	parikappetabba	စည်-တွေးဆ-စဥ်းစား-ဆင်ခြင်- အပ်-သင့်-ထိုက်-သော။ “ကဿစီ”။	que debe / conviene / merece ser concebido / conjeturado / considerado / reflexionado.	that should / ought / deserves to be conceived / conjectured / considered / reflected upon.	text begins 'စည်' (probably 'ကြံစည်' truncated)
212060	parikappetvā	စည်-တွေးဆ-စဥ်းစား-ဆင်ခြင်-၍။ ပရိကမ္မ၁	habiendo concebido / conjeturado / considerado / reflexionado.	having conceived / conjectured / considered / reflected.	text begins 'စည်' (probably 'ကြံစည်' truncated)
212063	parikappeyya	စည်-တွေးဆ-စဥ်းစား-ဆင်ခြင်-ရာ၏။	concebiría / conjeturaría / consideraría / reflexionaría.	would conceive / conjecture / consider / reflect.	text begins 'စည်' (probably 'ကြံစည်' truncated)
212064	parikappeyyuṁ	စည်-တွေးဆ-စဥ်းစား-ဆင်ခြင်-ကုန်ရာ၏။	concebirían / conjeturarían / considerarían / reflexionarían.	they would conceive / conjecture / consider / reflect.	text begins 'စည်' (probably 'ကြံစည်' truncated); label တိ on a verb form (plural optative)
212067	parikamma	ပဌမစိတ္တဥှိ အပ္ပ-နာယ ပရိကမ္မာ ပဋိသင်္ခါရကဘူတတ္တာ ပရိ-ကမ္မံ။ “အပ္ပ။ ⟨y&durõef (e) y&d+uÂ+redef/ y&durõm-⟩ ⟨*FoHoúm&;ç osmE®mÌÝrmZõem rÂZm/ tr&?⟩ ⟨16?121/ y&durõ tH* oHoúm&; a'G ukHukrm-⟩ ⟨'dem o&Da& oHoúm&rmMwos y&drv0Zõem-⟩ ⟨xõm Bud,m y&durõ? jywduarõwd uGpd ygX;/⟩ ⟨tr&0da0u/ y&d0Zõemxõm Bud,m y&durõ⟩ ⟨oémaem'Gwõem'd/ .... a'G $&D&a$gbm"m-⟩ ⟨,uurõP;/ Asmcsmok"m/ y&durõef (e)⟩ ⟨urõoHoúm&m'dç w'so®m'Gg 5-A? a'[oH-⟩ ⟨oúma& ukuFkrm'sa*Fg'GwõåeD,'sa0sç bl%aP⟩ ⟨p *PdwmEk*kaP%k ouFve0s0uve-⟩ ⟨*kPebm*uÂwd wwÜ'0ewwÜ'½lay%k⟩ ⟨tÌ0da"%k oHoúma&%k p/ 6-A? ao0au⟩ ⟨(Bwd)/ axmr/ y&durõ®ef (u’D) (y&dBud,aw⟩ ⟨£wd/ y&d+uÂ+redef)/ ukuFkrm'dem o&D&-⟩ ⟨a$gbm"me½lyoHoúm&;/ £wd b&w;/⟩ ⟨oémaem'Gwõåem'd/ £wd oGmrD/ $&D&oHoúm&-⟩ ⟨rmMwrf/ £wsaEs/ wwÜ,õsm,; t*FoH-⟩ ⟨oúm&;/ £wsr&;/ y&durõ jywdurõ®/ £wd⟩ ⟨$A´&wém0vD/ y&durõ®m(ykH) (y&dw; ur®õ,os)⟩ ⟨y&dpm&u; ao0u;/ £wd &wérmvm/⟩ ⟨$A´uvÜj'Kr/⟩] (၁) ပြုပြင်-ပြင်ဆင်-ခြင်း။ (က) ကိုယ်အင်္ဂာကို-သုတ်သင်-ရှင်းလင်း-ခြင်း။ (ခ) (ဇရုံးအိမ်၌ ဆရာ, မိဘ-စသည်တို့အား) မီး သွေး, မြေညက်, ရေနွေးပေးခြင်းစသော အမှု။ (၂) အဖန်ဖန်ပြုခြင်း။ (က) ဖြစ်-ပွား-စေခြင်း၊ စီးဖြန်း-ပွားများ-အားထုတ်-ခြင်း။ (ခ) အပြေ အပြစ်ပြုခြင်း၊ လိမ်းကျံ-ခြယ်သ-ခြင်း။ (၃) ထက်ဝန်း-ပတ်ဝန်း-ကျင်၌ ပြုလုပ်အပ်သော အမှု၊ အမှုကြီးငယ်၊ ပြုဖွယ်ကိစ္စ၊ ဝေယျာဝစ္စ။ (၄) ရှေးဦး-အစ-ပထမ-ပြုလုပ်-အပ်-သင့်-ထိုက်-သော အမှု၊ ရှေးဦးစီမံဆောင်ရွက်မှု (ပရိကံ)။ (က) (အာဋာနာဋိယ) ပရိတ္တပရိကံ။ (ခ) ယဇ်ပူဇော်မှု၏ ပရိကံ။ (ဂ) မန္တန်၏ပရိကံ။ (ဃ) ဂန္ဓာရဝိဇ္ဇာ၏ ပရိကံ။ (င) ဈာန်, အဘိ-ညာ၏ ပရိကံ။ (စ) မဂ်ဖိုလ်၏ ပရိကံ။ (၅) ပရိကမ္မ၁ (အပ္ပနာကို) ပြု- ဖြစ်စေ- တတ်သော စိတ်၊ ပရိကံ-စိတ်-ဇော။ (က) (လောကီအပ္ပနာကို) ပြု-ဖြစ်စေ-တတ်သောစိတ်။ (ခ) (လောကု-တ္တရာအပ္ပနာကို)ပြု-ဖြစ်စေ-တတ်သောစိတ်။ (ဂ) ပရိကံမည်သော ဂောတြဘူ။ (ဃ) သုံးကြိမ် လေးကြိမ်သော ပရိကံဇော။ (၁) ပြုပြင်-ပြင်ဆင်-ခြင်း။ (က) ကိုယ် အင်္ဂာကို-သုတ်သင်-ရှင်းလင်း-ခြင်း။ ထောင့်ကွင်းလည်းကြည့်။ (ခ) (ဇရုံးအိမ်၌ ဆရာ, မိဘ-စသည်တို့အား) မီးသွေး, မြေညက်, ရေနွေးပေးခြင်း-စသော အမှု။ -တိအာဒိ။ (၂) အဖန်ဖန်ပြုခြင်း။ (က) ဖြစ်-ပွား-စေခြင်း။ စီးဖြန်း-ပွားများ-အားထုတ်-ခြင်း။ လဒ္ဓမာကာသံ အနန္တ-ဝသေန ပရိကမ္မံ ကရောန္တဿ ပဌမာရုပ္ပမပ္ပေ-တိ။ (-(ခ) အပြေ အပြစ်ပြုခြင်း၊ လိမ်းကျံ-ခြယ်သ-ခြင်း။ ပရိ-ကမ္မကတနှင့် ဘိတ္တိပရိကမ္မ တို့ ကြည့်။ (၃) ထက်ဝန်း-ပတ်ဝန်း-ကျင်၌ ပြုလုပ် အပ်သော အမှု၊ အမှုကြီးငယ်၊ ပြုဖွယ်ကိစ္စ၊ ဝေယျာဝစ္စ။ (၄) ရှေးဦး-အစ-ပထမ-ပြုလုပ်-အပ်-သင့်-ထိုက်-သော အမှု၊ ရှေးဦးစီမံဆောင်ရွက် မှု (ပရိကံ)။ (က) (အာဋာနာဋိယ)ပရိတ္တပရိကံ။ (ခ) ယဇ်ပူဇော်မှု၏ ပရိကံ။ အဘိ၊ (ဂ) ပရိကမ္မ၁ မန္တန်၏ ပရိကံ။ (ဃ) ဂန္ဓာရဝိဇ္ဇာ၏ ပရိကံ။ (င) ဈာန်, အဘိညာ ၏ ပရိကံ။ (၅) (အပ္ပနာကို) ပြု-ဖြစ်စေ-တတ်သော စိတ်၊ ပရိကံ-စိတ်-ဇော။ (က) (လောကီအပ္ပနာ ကို) ပြု- ဖြစ်စေ- တတ်သောစိတ်။ “ပရိကမ္မာနီ”။ “အပ္ပနာ။ ဘူတတ္တာ”။ (ခ) (လောကုတ္တရာအပ္ပနာကို) ပြု-ဖြစ်စေ-တတ် သောစိတ်။ ဝတ္တဗ္ဗက္ခဏေ။ (ဂ) ပရိကံမည်သော ဂောတြဘူ။ (ဃ) သုံးကြိမ်, လေးကြိမ် သော ပရိကံဇော။	(1) el arreglar / preparar. (a) el limpiar / asear los miembros del cuerpo. Véanse también los corchetes. (b) el acto de dar carbón vegetal, tierra fina, agua caliente y demás (al maestro, a los padres y demás, en la casa de baños de vapor). (2) el hacer una y otra vez. (a) el hacer surgir / crecer; el ejercitar / desarrollar / esforzarse. (b) el dar un acabado liso; el enlucir / decorar. Véanse [[parikammakata]], [[bhittiparikamma]]. (3) el acto hecho alrededor / en torno; los asuntos mayores y menores; la tarea que hay que hacer; el *veyyāvacca*. (4) el acto que debe / conviene / merece hacerse / realizarse ante todo / al principio / en primer lugar; la disposición previa (*parikamma*). (a) el *parikamma* de la *paritta* (*āṭānāṭiya*). (b) el *parikamma* del sacrificio / la ofrenda. (c) el *parikamma* del conjuro. (d) el *parikamma* de la *gandhāravijjā*. (e) el *parikamma* del *jhāna* y de la *abhiññā*. (f) el *parikamma* del *magga* y el *phala*. (5) la mente que suele hacer / producir (la *appanā*); el *parikamma* / la mente / el *javana*. (a) la mente que suele hacer / producir (la *appanā* mundana). (b) la mente que suele hacer / producir (la *appanā* supramundana). (c) el *gotrabhū* llamado *parikamma*. (d) el *javana* de *parikamma* de tres o cuatro veces.	(1) arranging / preparing. (a) cleaning / tidying the limbs of the body. See also the square brackets. (b) the act of giving charcoal, fine earth, hot water and so on (to the teacher, the parents and so on, in the steam-bath house). (2) doing again and again. (a) causing to arise / grow; exercising / developing / exerting oneself. (b) giving a smooth finish; plastering / decorating. See [[parikammakata]], [[bhittiparikamma]]. (3) the act done around / all about; affairs great and small; the task to be done; *veyyāvacca*. (4) the act that should / ought / deserves to be done / performed first / at the beginning / in the first place; the preliminary arrangement (*parikamma*). (a) the *parikamma* of the *paritta* (*āṭānāṭiya*). (b) the *parikamma* of the sacrifice / offering. (c) the *parikamma* of the spell. (d) the *parikamma* of the *gandhāravijjā*. (e) the *parikamma* of *jhāna* and *abhiññā*. (f) the *parikamma* of *magga* and *phala*. (5) the mind apt to make / produce (*appanā*); the *parikamma* / mind / *javana*. (a) the mind apt to make / produce (mundane *appanā*). (b) the mind apt to make / produce (supramundane *appanā*). (c) the *gotrabhū* called *parikamma*. (d) the *parikamma* *javana* of three or four times.	senses (1)-(5) printed twice in the source; translated once from the first copy, adding the two cross-references found only in the second copy ('ထောင့်ကွင်းလည်းကြည့်' rendered literally, and see ပရိကမ္မကတ, ဘိတ္တိပရိကမ္မ); the second copy lacks (4)(f). 'ပရိကံ-စိတ်-ဇော' in (5) rendered as alternatives, may be one compound. hyphen: အဘိ-ညာ and လောကု-တ္တရာ read as one word
212073	parikammakata	(၁)(အင်္ဂတေ မြေညက်စသည်ဖြင့်) အပြေအပြစ် ပြုအပ် သော၊ ပြုအပ်ပြီးသော အပြေအပြစ်ရှိသော။ (၂) ပြုအပ်ပြီးသော ဆုပ်နယ်ခြင်းရှိသော၊ ဆုပ် နယ်ခြင်းကို ပြုအပ်သော။ ပရိကမ္မကတ။ ခုဒ္ဒသိက္ခာ၊ ဋီ၊သစ်။	(1) (con estuco, tierra fina y demás) al que se ha dado un acabado liso; que tiene un acabado liso ya dado. (2) que tiene un masaje ya dado; al que se ha dado masaje.	(1) (with stucco, fine earth and so on) given a smooth finish; having a smooth finish already given. (2) having had a massage already given; to which massage has been given.	'ဆုပ်နယ်ခြင်း' in (2) read as massaging / kneading (of the body?)
212074	parikammakammaṭṭhāna	ပရိကံ ကမ္မဋ္ဌာန်း၊ ဘာဝနာပရိကံကို ကမ္မဋ္ဌာန်း။	el *kammaṭṭhāna* de *parikamma*; el *kammaṭṭhāna* para el *parikamma* de *bhāvanā*.	the *parikamma* *kammaṭṭhāna*; the *kammaṭṭhāna* for the *parikamma* of *bhāvanā*.	'ဘာဝနာပရိကံကို ကမ္မဋ္ဌာန်း': the 'ကို' is odd; read as 'for'
212075	parikammakaraṇa	ပရိကံကို ပြုခြင်း။ (တိ) (၂) ပရိကံကို ပြုရာ (အခါ)။ (၂) အောက်ပုဒ်-ကြည့်။	el hacer el *parikamma*. (adjetivo) (2) (el momento) en que se hace el *parikamma*. (2) Véase la entrada siguiente.	doing the *parikamma*. (adjective) (2) (the time) when the *parikamma* is done. (2) See the next headword.	sense numbering irregular ('(တိ) (၂)' with no (1), then a second '(၂)'); kept as printed
212081	parikammakāla	စ၍-ပြု-ပွားစေ- ရာ- အခါ- ကာလ။	el momento / el tiempo en que se empieza / se hace / se desarrolla.	the time / period when one begins / does / develops.	text may be truncated at the start (begins 'စ၍')
212085	parikammacetopariyañāṇa	ပရိကံဇောနှင့် စေတော-ပရိယဉာဏ်။	el *javana* de *parikamma* y el *cetopariyañāṇa*.	the *parikamma* *javana* and the *cetopariyañāṇa*.	hyphen: စေတော-ပရိယဉာဏ် read as one word
212086	parikammaṭṭhāna	(ဝိဘတ္တိဟာရ ၏) ပရိကံ-အခြေခံ-အရာ-ဌာန။ ပရိကမ္မပထဝီ	(del *vibhattihāra*) el *parikamma* / la base / el ámbito / el lugar.	(of the *vibhattihāra*) the *parikamma* / basis / domain / place.	'ပရိကံ-အခြေခံ-အရာ-ဌာန' may mean 'the basis / place of the parikamma' rather than four alternatives
212090	parikammanirapekkha	ပရိကကံကို ငဲ့ကွက်-ရှုငဲ့-ခြင်းမရှိသော(ဉာဏ် စသည်)။	que no tiene el atender / mirar al *parikamma* (el conocimiento y demás).	not having regard / heed for the *parikamma* (knowledge and so on).	'ပရိကကံ' read as 'ပရိကံ' (misprint)
212097	parikammabhāvanā	(အပ္ပနာကို) ပြု - စီရင် - ဖြစ်စေ - တတ်သော ဘာဝနာ။ (ခ)ရှေးဦး-အစ-ပြုလုပ်-အားထုတ်-မှုဘာဝနာ။ ၉-ပရိစ္ဆေဒ။	la *bhāvanā* que suele hacer / disponer / producir (la *appanā*). (b) la *bhāvanā* que es el hacer / esforzarse ante todo / al principio.	the *bhāvanā* apt to make / arrange / produce (*appanā*). (b) the *bhāvanā* that is doing / striving first / at the beginning.	'(ခ)' with no '(က)' before it
212098	parikammabhūtavipassanāvīriya	(ဖလသမာပတ်၏) ဖြစ်သောဝိပဿနာနှင့် ယှဥ်သောဝီရိယ။	(de la *phalasamāpatti*) el *vīriya* asociado con la *vipassanā* que surge.	(of the *phalasamāpatti*) the *vīriya* associated with the *vipassanā* that arises.	a word seems missing before 'ဖြစ်သော' (probably 'ပရိကံ': 'the vipassanā that is the parikamma of the phalasamāpatti')
212113	parikammasadisa	(ဥဒယ-ဗ္ဗယဉာဏ်၏) ပရိကံနှင့်တူသော၊ (စူးစမ်း ဆုံးဖြတ်ခြင်းစသည်)။	semejante al *parikamma* (del *udayabbayañāṇa*) (el examinar, el decidir y demás).	like the *parikamma* (of the *udayabbayañāṇa*) (investigating, deciding and so on).	hyphen: ဥဒယ-ဗ္ဗယဉာဏ် read as one word
212117	parikammasamādhicitta	အဘိညာဥ်ကိ ပြုစီရင်သော- ပရိကံ- ဇော-အခိုက်အတန့်၌ဖြစ်သည့် သမာဓိနှင့် ယှဥ် သောစိတ်၊ ပရိကံသမာဓိစိတ်။ ပရိကမ္မ-သမာဓိစိတ္တေနာ။ ပရိကမ္မသမာဓိစိတ္တဿာတိ ဒိဗ္ဗသောတ-ဓါတုယာ ဥပ္ပါဒနတ္ထံ ပါဒကဇ္ဈာနံ သမာပဇ္ဇိတွာ ဝုဋ္ဌိတဿ သဒ္ဒံ အာရဗ္ဘ ပရိကမ္မကရဏဝသေန ပဝတ္တက္ခဏိကသမာဓိစိတ္တဿ။	la mente asociada con el *samādhi* que surge en el instante del *javana* de *parikamma* que realiza la *abhiññā*; la mente de *parikammasamādhi*.	the mind associated with the *samādhi* that arises at the moment of the *parikamma* *javana* that brings about *abhiññā*; the *parikammasamādhi* mind.	hyphen: 'ပရိကံ- ဇော' read as one compound; 'အဘိညာဥ်ကိ' read as 'အဘိညာဥ်ကို'
212123	parikammākathana	(ဒိဗ္ဗ-သောတအဘိညာဥ်၏)အကြောင်းရင်း-အခြေ ခံ-ပရိကံ-ကို-မဖြေဆို-မဟော-ခြင်း။	el no explicar / no enseñar la causa radical / la base / el *parikamma* (de la *dibbasotābhiññā*).	not explaining / not teaching the root cause / basis / *parikamma* (of the *dibbasotābhiññā*).	hyphen: ဒိဗ္ဗ-သောတအဘိညာဥ် read as one word
212135	parikammālokārammaṇa	ပရိက၏ အာလောက ကသိုဏ်းပညတ်လျှင် အာရုံရှိသော။	que tiene por objeto el *paññatti* del *kasiṇa* *āloka* del *parikamma*.	having as object the *paññatti* of the *āloka* *kasiṇa* of the *parikamma*.	'ပရိက၏' read as 'ပရိကံ၏' (misprint)
212150	parikiṇṇa	(၁) ရောပြမ်း-ရောနှော-သော၊ ဖရိုဖရဲ ပြန့်ကျဲသော။ (၂) ရောပြမ်း-ရောနှော-အပ်-သော။ (က) ခြံရံ-ဝိုင်းအုံ-အပ်သော။ (ခ) လိမ်း ကျံအပ်သော။ (၂) ရောပြမ်း-ရောနှော-အပ်သော။ (က) ခြံရံ-ဝိုင်း အုံ-အပ်သော။ (ခ) လိမ်းကျံအပ်သော။	(1) que se mezcla / se entremezcla; esparcido en desorden. (2) mezclado / entremezclado. (a) rodeado / circundado. (b) untado.	(1) mixing / mingling; scattered in disorder. (2) mixed / mingled. (a) surrounded / encircled. (b) smeared.	sense (2) with (a) (b) printed twice in the source; translated once
212163	parikireyyuṁ	ပစ်ဖောက်ကုန်ရာ၏။ (၂) ခြံရံကုန်ရာ၏၊ ဝန်း ရံ-ဝိုင်းအုံ-ကုန်ရာ၏။ «S1»	dispararían atravesando. (2) rodearían; cercarían / se apiñarían alrededor. Véase [[parikirati]].	they would shoot through. (2) they would surround; encircle / crowd around. See [[parikirati]].	sense (2) printed with no (1) before it
212170	parikkilesavimutti	ထက်ဝန်းကျင်-နှိပ်စက်-ပူပန်စေ-သော တရားမှ ကင်းလွတ်ခြင်း။ (ကြိ၊ဝိ) ထက်ဝန်းကျင်- နှိပ်စက်- ပူပန်စေ- ၍။ ပရိကိလေသောပစာရ (ပု) ထက်ဝန်းကျင်-နှိပ်စက်-ပူပန်စေ-တတ် သော ကိလေသာ၏ ဖြစ်ခြင်း။ ပရိကိဿတိ (ကြိ) ထက်ဝန်းကျင် ပင်ပန်း၏။ ပရိကီဠနာ (ထီ) [+ယု+အာ] ထက်ဝန်း ကျင်-မြူးတူး-ပျော်ပါး-ကစား-ခြင်း။ ပရိကေ-ဠနာတိ ပရိကီဠနာ။ ပရိကုပိတ (တိ) [+တ] (က) (ပြင်းစွာ) အမျက်ထွက်-စိတ်ဆိုး-သော၊ သူ။ (ခ) လွှင့် မှုတ်-ဖောက် ပြန်-ပျက်စီး-သော။	la liberación del estado que oprime / hace afligirse por todas partes.	release from the state that oppresses / causes distress all around.	text runs on into the articles of the following headwords (ids 212171-212176 are missing from the shard): an unnamed absolutive (ကြိ၊ဝိ), ပရိကိလေသောပစာရ, ပရိကိဿတိ, ပရိကီဠနာ, ပရိကုပိတ; their definitions left out here and possibly lost
212181	parikuppiṁsu	ဖောက်ပြန်-ပျက်စီး-ကုန်ပြီ။ «S1» ပရိကေဠနာ၁ (ထီ)[+ယု+အာ။ ကီဠတိ၊ ကီဠာ။ ကေဠိ ကီဠာ စ ကီဠိတံ။ ကီဠ ပီတိယကီဠနေသု၊ ကီဠ ဝိဟာရေ ဝါ၊ ကီဠနံ။ ကီလော ဗန္ဓေ ကီဠော ကီဠေ။ ] ထက်ဝန်းကျင်-မြူးတူး-ပျော် ပါး-ကစား-ခြင်း။	se trastornaron / se echaron a perder. Véase [[parikuppati]].	they went wrong / were ruined. See [[parikuppati]].	text runs on into the article ပရိကေဠနာ၁ (its grammar and the definition 'frolicking / rejoicing / playing all around'); left out here
212183	parikel̤anā	ထက်ဝန်းကျင်-မြူးတူး-ပျော်ပါး-ကစား-စေ ခြင်း။	el hacer retozar / alegrarse / divertirse / jugar por todas partes.	causing to frolic / rejoice / amuse oneself / play all around.	causative 'စေ' here; the same gloss run into id 212181 lacks it (perhaps simply 'frolicking … all around')
212197	parikkhata	ထက်ဝန်းကျင်-ခြံရံ-သိုင်းဝိုင်း-အပ်သော။ (၂) ထက်ဝန်းကျင်- ပြုပြင်-စီရင်-ခင်းကျင်း-အပ် သော။ (၂) တဏှာပရိက္ခာရေ။	rodeado / circundado / ceñido por todas partes. (2) preparado / dispuesto / desplegado por todas partes.	surrounded / encircled / girded all around. (2) prepared / arranged / laid out all around.	sense (2) printed with no (1) before it
212203	parikkhayānaraha	ကုန်-ခန်း-ပျက်စီး-ခြင်း-ငှာ မထိုက်သော။	que no merece agotarse / destruirse.	not deserving to be exhausted / destroyed.	hyphen: ကုန်-ခန်း read as one word
212206	parikkhare	စူးစမ်း-ဆင်ခြင်-ကြကုန်၏။	examinan / reflexionan.	they investigate / reflect.	Burmese gives a plural present (ကြကုန်၏) for what looks like an optative singular headword
212211	parikkhā	စူးစမ်း-ဆင်ခြင်-တတ်သော။ အထက်ပုဒ်ကြည့်။	que suele examinar / reflexionar. Véase la entrada anterior.	apt to investigate / reflect. See the preceding headword.	adjectival gloss under a feminine noun (perhaps for 'examining')
212212	parikkhāra	(၁)အသုံးအဆောင်-ပစ္စည်း-ဥစ္စာ၊ ပရိက္ခရာ။ (၂) အခြံအရံ။ (၃) အဆောက်အဦ၊ အထောက်အပံ့- အကြောင်း- ပစ္စည်း။ (၄) အဆင်တန်ဆာ။ (၅) အကြောင်း၊ အကြောင်း တရား။ (၁) အသုံးအဆောင် - ပစ္စည်း -။ ဝုတ္တမ္ပိ “။ ”တိ။ (သုတ္တနိ။ ၂၆၊၂၀၆၊၂၅၁၊၃၀၈၊၃၁၀-၂၄၂-ကင်္ခါ။ ကင်္ခါ၊ဋီ။ (၂) အခြံအရံ။ (၃) အဆောက်အဦ၊အထောက်အပံ့-အကြောင်း-ပစ္စည်း။ ဧတ္ထ သမ္ဘာရတ္ထော ပရိက္ခာရ-သဒ္ဒေါ။ (၄) အဆင်တန်ဆာ။ “စတုပါရိသုဒ္ဓိသီလာလင်္ကာရော”တိ။ ) (၅) အကြောင်း၊ အကြောင်းတရား။ အောက်ပုဒ်-ကြည့်။	(1) los enseres / los bienes / las posesiones; el *parikkhāra*. (2) el séquito. (3) la construcción; el apoyo / la causa / el requisito. (4) el adorno. (5) la causa; el estado que es causa. Véase la entrada siguiente.	(1) articles of use / goods / possessions; the *parikkhāra*. (2) the retinue. (3) the construction; the support / cause / requisite. (4) the ornament. (5) the cause; the state that is a cause. See the next headword.	senses (1)-(5) printed twice in the source; translated once; 'See the next headword' comes from the second copy only
212225	parikkhārattha	(၁) အသုံး အဆောင်- ပရိက္ခရာ- ဟူသော အကျိုး။ (၂) အခြံအရံဟူသောအကျိုး။	(1) el fin que son los enseres / el *parikkhāra*. (2) el fin que es el séquito.	(1) the purpose that is the articles of use / *parikkhāra*. (2) the purpose that is the retinue.	'အကျိုး' here probably 'sense, meaning' (attha), as in the headword parikkhāraṭṭha just above
212248	parikkhāravisaya	အကြောင်း ၂-မျိုးလျှင် အရာ ရှိသော (နေတ္တိပရိက္ခာရဟာရ)။ ပရိက္ခာရ၀ေ၀ဏ္ဏိယ(န) အသုံးအဆောင်-ပရိက္ခရာ-၏ အဆင်းဖောက် ပြန်-အိုမင်းဟောင်းနွမ်း-ခြင်း။	que tiene por ámbito las dos clases de causa (el *nettiparikkhārahāra*).	having the two kinds of cause as its domain (the *nettiparikkhārahāra*).	text runs on into the article of the next headword ပရိက္ခာရဝေဝဏ္ဏိယ (id 212249 is missing from the shard): '(န) the fading of colour / ageing / wearing out of the articles of use / parikkhāra'; left out here
212262	parikkhittanemi	ဖွဲ့ဆည်း-ရစ်ပတ်-ထိန်းကွပ်-အပ်သော-အကွပ်-တကူ-ရှိသော (ရထား)။	(el carro) que tiene el aro / ‹တကူ› sujeto / envuelto / ceñido.	(the chariot) having the rim / ‹တကူ› bound / wound / clamped.	'တကူ' unclear (perhaps a word for the felly or a misprint)
212269	parikkhipati	(၁) ဝန်းရံ-ပိတ် ဆည်း-၏။ (၂) ပယ်ရှား-စွန့်ပစ်-၏၊ မျက်ကွယ် ပြု၏။ (၃) ဖုံးအုပ်-လွှမ်းမိုး-၏။ (၄) ရှုတ်ချ-ပြစ်တင်-၏။ (၅) ပစ်ပေါက်-တပ်ဆင်-၏။ (၆) တုပ်နှောင်-ရစ်ပတ်-၏။ (၁) ဝန်းရံ- ပိတ်ဆည်း- ၏။ (၂)ပယ်ရှား-စွန့်ပစ်-၏၊ မျက်ကွယ်ပြု၏။ (၃) ဖုံး အုပ်-လွှမ်းမိုး-၏။ (၄) ရှုတ်ချ-ပြစ်တင်-၏။ (၅) ပစ်ပေါက်-တပ်ဆင်-၏။ (၆) တုပ်နှောင် - ရစ်ပတ် - ၏။	(1) rodea / cerca. (2) abandona / desecha; aparta de la vista. (3) cubre / domina. (4) censura / reprocha. (5) arroja / coloca. (6) ata / envuelve.	(1) surrounds / encloses. (2) abandons / discards; puts out of sight. (3) covers / overwhelms. (4) censures / reproaches. (5) throws / fits. (6) ties / winds round.	senses (1)-(6) printed twice in the source; translated once. (5) 'ပစ်ပေါက်-တပ်ဆင်' unclear (throw / install?)
212272	parikkhipanta	(၁) ဝန်းရံ-လှည့် ပတ်-သော။ (၂) ဖွဲ့စည်း-ရစ်ပတ်-သော။ (၃) ပရိက္ခိပါပေတိ ပွေ့ချီ-ပင့်မြှောက်-သော။ (၄) ဝန်းရံ-လွှမ်းခြုံ-သော။ (၁) ဝန်းရံ-လှည့်ပတ်-သော။ (၂) ဖွဲ့စည်း-ရစ်ပတ်-သော။ (၃) ပွေ့ချီ-ပင့် မြှောက်-သော။ (၄) ဝန်းရံ- လွှမ်းခြုံ- သော။	(1) que rodea / da la vuelta. (2) que ata / envuelve. (3) que toma en brazos / levanta. (4) que rodea / cubre.	(1) surrounding / going round. (2) tying / winding round. (3) taking up in the arms / lifting. (4) surrounding / covering.	senses (1)-(4) printed twice in the source; translated once
212280	parikkhipitvā	(၁) ဝန်းရံ-ကာဆည်း-၍။ (၂) ဖွဲ့ဆည်း-ရစ်ပတ်-၍။ (၂) ဖွဲ့ဆည်း-ရစ်ပတ်-၍။	(1) habiendo rodeado / cercado. (2) habiendo ceñido / envuelto.	(1) having surrounded / fenced in. (2) having bound / wound round.	sense (2) printed twice in the source; translated once
212284	parikkhīṇa	ကုန်ခန်း-ကုန်ဆုံး-ပျက်ပြုန်း-သော။ (က) ကုန် ခန်းပြီးသော။ (ခ) ကုန်ခန်းဆဲ-ကုန်ခန်းလုနီး-သော။ (ဂ) ပျက်ပြုန်း-ကျိုးပဲ့-သော။ (ဂ)  «S1»	que se agota / se acaba / se arruina. (a) agotado ya. (b) que se está agotando / a punto de agotarse. (c) arruinado / roto. (c) Véase [[parikkhīṇapatta]].	being exhausted / ending / ruined. (a) already exhausted. (b) being exhausted / about to be exhausted. (c) ruined / broken. (c) See [[parikkhīṇapatta]].	a second '(c)' stands before «S1» in the source; kept as printed
212290	parikkhīṇataṇha	ကုန် ခန်းပြီးသော ကုန်ခန်း ပြီးသော၊ သူ။	ya agotado; ya agotado (dicho de una persona).	already exhausted; already exhausted (said of a person).	text garbled: 'ကုန်ခန်းပြီးသော' twice with the noun (probably 'တဏှာ') and 'ရှိသော' missing
212308	parikkhīṇasineha	ကုန်ခန်းပြီးသော-အစေး-အစို-ဓါတ်ရှိသော (စကြဝဠာတိုက်)။	que tiene la viscosidad / la humedad / el elemento ya agotado (el *cakkavāḷa*).	having the stickiness / moisture / element already exhausted (the *cakkavāḷa*).	'အစေး-အစို-ဓါတ်' may be 'the sticky / moist element' rather than three alternatives
212314	parikkhīyanti	ကုန်ခန်း-ဆုတ်ယုတ်-ကုန်၏။ အထက်ပုဒ် (ခ) ကြည့်။	se agotan / decaen. Véase la entrada anterior (b).	they are exhausted / decline. See the preceding headword (b).	'see the preceding headword (b)' left in the Burmese
212315	parikkhepa	(၁)၊ ဝင်းခြံ။ (၂) (မြေ, နဂားတို့၏) ကိုယ် အခွေ။ (၃) လုံးပတ်၊ အဝန်းအဝိုင်း။ (၄) (နှစ်စဥ်သုံးစဥ်- နှစ်ထပ်သုံးထပ်-) လည်၍ မိုးခြင်း။ (၅) ပစ်ပယ်ခြင်း၊ ဆဲရေး-ရှုတ်ချ-ခြင်း။ (၁)၊ ဝင်းခြံ။ (၂) (မြေ, နဂားတို့၏) ကိုယ်အခွေ။ (၃) လုံးပတ်၊ အဝန်းအဝိုင်း။ (၄) (နှစ်စဥ်သုံးစဥ်-နှစ်ထပ် သုံးထပ်-) လည်၍ မိုးခြင်း။ ကင်္ခါ၊ဋီ။ (၅) ပစ်ပယ် ခြင်း၊ ဆဲရေး-ရှုတ်ချ-ခြင်း။	(1) el recinto. (2) (de las serpientes, de los *nāga*) la espiral del cuerpo. (3) el perímetro; el contorno / la circunferencia. (4) el cubrir rodeando (en dos o tres vueltas / dos o tres capas). (5) el desechar; el insultar / censurar.	(1) the enclosure. (2) (of snakes, of *nāga*) the coil of the body. (3) the girth; the circuit / circumference. (4) covering by going round (in two or three rounds / two or three layers). (5) discarding; abusing / censuring.	senses (1)-(5) printed twice in the source; translated once. 'မြေ' read as 'မြွေ' (snake)
212325	parikkhepappamāṇa	အဝန်းအဝိုင်း အတိုင်းအရှည်၊ (အဝန်းအလျား ပမာဏ။ ပရိက္ခေပပ္ပမာဏန္တိ ပရိဏာဟဿ ပမာဏံ။	la medida del contorno; (la medida de la circunferencia.	the measure of the circumference; (the measure of the girth.	closing bracket missing in the source
212326	parikkhepabandhana	(စည်း = စောင်ရန်း) အကာအရံဟူသော အနှောင် အဖွဲ့။	(‹စည်း› = ‹စောင်ရန်း›) la atadura que es el cercado.	(‹စည်း› = ‹စောင်ရန်း›) the bond that is the enclosure.	bracketed equation '(စည်း = စောင်ရန်း)' left in Burmese: both words unclear (a fence / palisade?)
212327	parikkhepabbhantara	အကာအရံ၏ အတွင်း။ (၂) အခွေ-အပတ်-၏ အတွင်း။	el interior del cercado. (2) el interior de la espiral / la vuelta.	the inside of the enclosure. (2) the inside of the coil / round.	sense (2) printed with no (1) before it
212337	pariklesa	(၁) ပူပန်စေ-နှိပ်စက်-ခြင်း။ (၂) အထူးထူး အပြားပြား များ ပရိဂဏေတုံ သော ဘေးရန်။ (၃) ပူပန်စေ-နှိပ်စက်-တတ် သော (ကိလေသာ)။ (၃) အောက်ပုဒ်ကြည့်။	(1) el hacer afligir / oprimir. (2) los peligros de muchas y diversas clases. (3) (el *kilesa*) que suele hacer afligir / oprimir. (3) Véase la entrada siguiente.	(1) causing distress / oppressing. (2) dangers of many different kinds. (3) (the *kilesa*) apt to cause distress / oppress. (3) See the next headword.	sense (2) garbled by a stray word; read as 'အထူးထူး အပြားပြား များသော ဘေးရန်'
212342	parigaṇetvā	ရေတွက်၍။ (၂) နှုိင်းယှဥ်၍၊ ဝေဖန်၍။	habiendo contado. (2) habiendo comparado; habiendo analizado.	having counted. (2) having compared; having analysed.	sense (2) printed with no (1) before it
212358	parigūhasi	လျှို့ဝှက်-ဖုံးကွယ်-၏။ «S1» ပရိဂ္ဂဏှနကိစ္စဝန္တု	mantiene en secreto / oculta. Véase [[parigūhati]].	keeps secret / conceals. See [[parigūhati]].	2nd-person headword (-si); the Burmese does not mark the person, rendered in the 3rd
212361	pariggaṇhana	(၁) သိမ်း-ယူ-သိမ်းပိုက်-သိမ်းဆည်း-ခြင်း။ (က) ဉာဏ် ဖြင့် ပိုင်းခြား၍ ယူခြင်း၊ စူးစမ်း-ဆင်ခြင်-ခြင်း။ (ခ) လက်ခံ-သာယာ-ခြင်း။ (တိ)(၂) သိမ်းယူ-သိမ်းပိုက်-သိမ်းဆည်း-တတ်သော။ (၂)  «S1»	(1) el guardar / tomar / apoderarse / recoger. (a) el tomar delimitando con el conocimiento; el examinar / reflexionar. (b) el aceptar / complacerse. (adjetivo) (2) que suele tomar para sí / apoderarse / recoger. (2) Véase [[pari-ggaṇhanañāṇa]].	(1) putting away / taking / taking possession / gathering in. (a) taking by delimiting with knowledge; investigating / reflecting. (b) accepting / relishing. (adjective) (2) apt to take up / take possession / gather in. (2) See [[pari-ggaṇhanañāṇa]].	a second '(2)' stands before «S1» in the source; kept as printed
212362	parigaṇhana	(၁) သိမ်း-ယူ-သိမ်းပိုက်-သိမ်းဆည်း-ခြင်း။ (က) ဉာဏ် ဖြင့် ပိုင်းခြား၍ ယူခြင်း၊ စူးစမ်း-ဆင်ခြင်-ခြင်း။ (ခ) လက်ခံ-သာယာ-ခြင်း။ (တိ)(၂) သိမ်းယူ-သိမ်းပိုက်-သိမ်းဆည်း-တတ်သော။ (၂)  «S1»	(1) el guardar / tomar / apoderarse / recoger. (a) el tomar delimitando con el conocimiento; el examinar / reflexionar. (b) el aceptar / complacerse. (adjetivo) (2) que suele tomar para sí / apoderarse / recoger. (2) Véase [[pari-ggaṇhanañāṇa]].	(1) putting away / taking / taking possession / gathering in. (a) taking by delimiting with knowledge; investigating / reflecting. (b) accepting / relishing. (adjective) (2) apt to take up / take possession / gather in. (2) See [[pari-ggaṇhanañāṇa]].	a second '(2)' stands before «S1» in the source; kept as printed
212374	parigaṇhāti	မှတ်သား၏။ (၄) သိမ်းပိုက်-ချီးမြှောက်-၏။ (၃၇-၉၊ ဣတိဝုတ်၊ဋ္ဌ။ ၂၇-၁၆၇-နေတ္တိ၊ နေတ္တိ၊ဝိ။ ပရိဂ္ဂဏှီ။ ပရိဂ္ဂ(ဂ)-။ ၂၄၊ (ဂ) ဥဒါန။ ပရိဂ္ဂဏှာမိ ၁၉၀။	toma nota. (4) se apodera / favorece.	takes note. (4) takes possession / favours.	fragment: apparently the end of the preceding article's senses ((3) cut off, then (4)); label missing
212377	pariggaṇhāmi	စမ်း-ဆင်ခြင်-၏။ (၂) ကိုင်တွယ်-သုံးသပ်-၏။ «S1»	examina / reflexiona. (2) maneja / examina. Véase [[pariggaṇhāti]].	investigates / reflects. (2) handles / examines. See [[pariggaṇhāti]].	text begins 'စမ်း' (probably 'စူးစမ်း' truncated); sense (2) with no (1)
212385	pariggaṇhissasi	သိမ်းဆည်းလတ္တံ့၊ စူးစမ်း-ဆင်ခြင်-လတ္တံ့။ «S1»	recogerás; examinarás / reflexionarás. Véase [[pariggaṇhāti]].	you will gather in; you will investigate / reflect. See [[pariggaṇhāti]].	2nd person taken from the headword (-ssasi); the Burmese future (လတ္တံ့) is 2nd/3rd
212394	pariggayhanti	သိမ်းဆည်းအပ်ကုန်၏။ (၂) သိမ်းယူအပ်ကုန် ၏။ (၃) ပေါင်းယူအပ်ကုန်၏။ «S1»	son recogidos. (2) son tomados para sí. (3) son incluidos. Véase [[pariggayhati]].	they are gathered in. (2) they are taken up. (3) they are included. See [[pariggayhati]].	sense (2) with no (1) before it
212395	pariggayhamāna	ဖြင့် ကြံဆ၍ယူအပ်သော။ (၂) ပေါင်းယူအပ် သော။ (၃) ရေတွက်တိုင်းတာအပ်သော။	tomado tras conjeturar. (2) incluido. (3) contado / medido.	taken after conjecturing. (2) included. (3) counted / measured.	text begins 'ဖြင့်' (the instrument, probably ဉာဏ်, lost); 'ရေတွက်တိုင်းတာ' read as count / measure
212396	pariggaha	ပရိဂ္ဂယှတေ “သက”။ ⟨ywéD⟩ ⟨y&dZem'gerlv$gyg; y&dj*[m;/ tr&?23?⟩ ⟨236/ y&d*Â[saw? y&dj*[Prfç y&d*Â-⟩ ⟨[Ömwd 0g/ Asmcsmok"m/ y&dj*[(yk) y&d+⟩ ⟨j*[+tpf/ oGDuma&ç aJoEsy$ög'Çga* p/⟩ ⟨urõPd C/ bm,õsm,mHç y&dZae p? u&aP⟩ ⟨tyf? rlavç $yax p/ axmr/ (y&da*PS=⟩ ⟨y&d*¾[- jym)⟩] (၁) သိမ်းဆည်း-သိမ်းပိုက်-ယူငင်-ခြင်း။ (က) ဉာဏ်ဖြင့် ပိုင်းခြား၍ ယူ ခြင်း၊ စူးစမ်း-ဆင်ခြင်-ခြင်း။ (ခ) သိမ်းပိုက်-ယူငင်-ခြင်း။ (တိ) (၂) ပိုင်းခြား၍ ယူတတ် သော၊ စူးစမ်း-ဆင်ခြင်-တတ်သော (ဉာဏ်)။ (၃) သိမ်းဆည်း-သိမ်းပိုက်-အပ်သော။ (က) ဝတ္ထုကာမ။ (ခ) အသုံးအဆောင်၊ ပရိက္ခရာ။ (ဂ) အိမ်။ (ဃ) ဇနီး၊ မယား။ (င) (သား, သမီး-စသော) အခြံအရံ။ (၄) သိမ်းဆည်းရာ (ကာလ-စသည်)။ (၁) သိမ်းဆည်း-သိမ်းပိုက်-ယူငင်-ခြင်း။ (က) ဉာဏ်ဖြင့် ပိုင်းခြား၍ ယူခြင်း၊ စူးစမ်း-ပရိဂ္ဂဟ ဆင်ခြင်-ခြင်း။ (ခ) သိမ်း ပိုက်-ယူငင်-ခြင်း။ (တိ) (၂) ပိုင်းခြား၍ ယူတတ်သော၊ စူး စမ်း-ဆင်ခြင်-တတ်သော(ဉာဏ်)။ စာ။ (၃) သိမ်းဆည်း-သိမ်းပိုက်-အပ်သော။ (က) ဝတ္ထုကာမ။ (ခ) အသုံးအဆောင်၊ ပရိက္ခရာ။ အာဒိ-မာဟ။ (ဂ) အိမ်။ (ဃ) ဇနီး၊ မယား။ (င) (သား, သမီး-စသော) အခြံအရံ။ “ဥပဓီ”တိ အာဟ။ (၄) သိမ်းဆည်းရာ (ကာလ-စသည်)။	(1) el recoger / apoderarse / tomar para sí. (a) el tomar delimitando con el conocimiento; el examinar / reflexionar. (b) el apoderarse / tomar para sí. (adjetivo) (2) que suele tomar delimitando; que suele examinar / reflexionar (el conocimiento). (3) recogido / poseído: (a) el *vatthukāma*. (b) los enseres; el *parikkhāra*. (c) la casa. (d) la esposa; la mujer. (e) el séquito (hijos, hijas y demás). (4) (el tiempo y demás) en que se recoge.	(1) gathering in / taking possession / taking up. (a) taking by delimiting with knowledge; investigating / reflecting. (b) taking possession / taking up. (adjective) (2) apt to take by delimiting; apt to investigate / reflect (knowledge). (3) gathered in / possessed: (a) the *vatthukāma*. (b) articles of use; the *parikkhāra*. (c) the house. (d) the wife; the spouse. (e) the retinue (sons, daughters and so on). (4) (the time and so on) when one gathers in.	senses (1)-(4) printed twice in the source; translated once
212398	pariggahakaraṇa	(၁) သိမ်း ဆည်း-သိမ်းပိုက်-ခြင်းကို ပြုခြင်း။ (တိ) (၂) သိမ်းဆည်း-သိမ်းပိုက်-ခြင်းကို ပြုအပ်သော။ ပရိဂ္ဂဟ(၁) (ခ)လည်း ကြည့်။ (၂) “မယှ”။	(1) el hacer el recoger / apoderarse. (adjetivo) (2) en que se ha hecho el recoger / apoderarse. Véase también [[pariggaha]] (1) (b).	(1) doing the gathering in / taking possession. (adjective) (2) in which the gathering in / taking possession has been done. See also [[pariggaha]] (1) (b).	'see also X (1) (b)' left in the Burmese
212400	pariggahacariyā	သိမ်းဆည်း ဖြစ်ခြင်း။	el darse el recoger.	the occurring of gathering in.	gloss very short ('သိမ်းဆည်း ဖြစ်ခြင်း'); perhaps truncated
212412	pariggahaparijana	သိမ်းပိုက်-သိမ်းဆည်း- အပ်သော အခြေအရံ။ (န) သိမ်းပိုက်-သိမ်းဆည်း-အပ်သည် ၏ အဖြစ်နှင့်- မယှဥ်-ကင်းကွာ- ခြင်း။	el séquito apropiado / recogido.	the retinue taken possession of / gathered in.	'အခြေအရံ' read as 'အခြံအရံ' (retinue). The text runs on into the article of the next headword (id 212413 is missing from the shard): '(န) not being associated with / being separated from the state of being taken possession of / gathered in'; left out here
212426	pariggahasuñña	သိမ်းဆည်းခြင်း ဟူသော ဆိတ်သုဥ်းခြင်း။	el estar vacío, que es el recoger.	being empty, which is gathering in.	literal; probably meant 'being empty of (free from) gathering in'
212431	pariggahita	(၁) သိမ်းယူအပ် သော။ (က) သိမ်းပိုက်- သိမ်းဆည်း- အပ် သော။ (ခ) (ဉာဏ်ဖြင့်) ပိုင်းခြား၍ယူ-သိမြင်-အပ်သော။ (၂) ထက်ဝန်းကျင်မှ ယူအပ်သော။ (က) ထက်ဝန်းကျင်မှ-တွေ့ထိ-ဖွဲ့စည်း-အပ် သော။ (ခ) ထက်ဝန်းကျင်-ယှဥ်စပ်-သုံးစွဲ-အပ် ပရိဂ္ဂဟိတ သော။ (ဂ) ထက်ဝန်းကျင်-ဖတ်ကြား-ပြော ဆို-အပ်သော။ (၁) (က) သိမ်းပိုက်-သိမ်းဆည်း-အပ် သော။ (ခ) (ဉာဏ်ဖြင့်) ပိုင်း ခြား၍ယူ- သိမြင်- အပ်သော။ (၂) (က) ထက်ဝန်းကျင် မှ- တွေ့-ထိ-ဖွဲ့စည်း- အပ်သော။ (ခ) ထက်ဝန်းကျင်-ယှဥ် စပ်-သုံးစွဲ-အပ်သော။ (ဂ) ထက်ဝန်းကျင်-ဖတ်ကြား-ပြောဆို-အပ်သော။	(1) tomado para sí. (a) apropiado / recogido. (b) (con el conocimiento) tomado delimitando / discernido. (2) tomado desde todos los lados. (a) tocado / atado desde todos los lados. (b) unido / usado por todas partes. (c) leído / dicho por todas partes.	(1) taken up. (a) taken possession of / gathered in. (b) (with knowledge) taken by delimiting / discerned. (2) taken from all around. (a) touched / bound from all around. (b) joined / used all around. (c) read / spoken all around.	senses printed twice in the source; translated once
212439	pariggahitadhutaṅga	သိမ်း ဆည်းအပ်သော ဓုတင်အကျင့်ရှိသော၊ ဓုတင် အကျင့်ကို - သိမ်းဆည်း - ကျင့်သုံး - သော (ရဟန်း)။	que tiene la práctica del *dhutaṅga* recogida; (el monje) que recoge / practica la práctica del *dhutaṅga*.	having the *dhutaṅga* practice gathered in; (the monk) who gathers in / practises the *dhutaṅga* practice.	'သိမ်းဆည်း' here perhaps 'take up, adopt (a practice)'
212465	pariggāhakapuggala	ခံ-သိမ်းပိုက်-တတ်သော ပုဂ္ဂိုလ်။	la persona que suele recibir / apoderarse.	the person apt to receive / take possession.	'ခံ-' perhaps truncated 'ခံယူ' (accept)
212478	pariccattasammosa	(၁) စွန့်- ပယ်- အပ်ပြီးသော မေ့လျော့ခြင်း။ (တိ) (၂) စွန့်-ပယ်-အပ်ပြီးသော မေ့လျော့ခြင်း ရှိသော၊ မေ့လျော့ခြင်းကို-စွန့်-ပယ်-ပြီးသော။ (၁) အောက်ပုဒ်ကြည့်။ ပရိစ္စတ္တသမ္မောသပဋိပက္ခ၃၁၈	(1) el olvido renunciado / abandonado. (adjetivo) (2) que tiene el olvido renunciado / abandonado; que ha renunciado al / abandonado el olvido. (1) Véase la entrada siguiente.	(1) forgetfulness relinquished / abandoned. (adjective) (2) having forgetfulness relinquished / abandoned; who has relinquished / abandoned forgetfulness. (1) See the next headword.	'(1) see the next headword' left in the Burmese
212479	paricattasammosa	(၁) စွန့်- ပယ်- အပ်ပြီးသော မေ့လျော့ခြင်း။ (တိ) (၂) စွန့်-ပယ်-အပ်ပြီးသော မေ့လျော့ခြင်း ရှိသော၊ မေ့လျော့ခြင်းကို-စွန့်-ပယ်-ပြီးသော။ (၁) အောက်ပုဒ်ကြည့်။ ပရိစ္စတ္တသမ္မောသပဋိပက္ခ၃၁၈	(1) el olvido renunciado / abandonado. (adjetivo) (2) que tiene el olvido renunciado / abandonado; que ha renunciado al / abandonado el olvido. (1) Véase la entrada siguiente.	(1) forgetfulness relinquished / abandoned. (adjective) (2) having forgetfulness relinquished / abandoned; who has relinquished / abandoned forgetfulness. (1) See the next headword.	'(1) see the next headword' left in the Burmese
212480	pariccattasammosapaṭipakkha	(၁) စွန့်-ပယ်-အပ်ပြီးသော မေ့လျော့ခြင်း၏ ဆန့်ကျင်ဘက်။	(1) lo opuesto al olvido renunciado / abandonado.	(1) the opposite of forgetfulness relinquished / abandoned.	only sense (1) is printed
212490	paricaraṇacetiya	သွားလေရာရာ ဆောင်ယူ ပူဇော်အပ်သော မွေတော်ဓါတ်စေတီ။	el *cetiya* de reliquia ‹မွေတော်› que se lleva a dondequiera que se va y se venera.	the ‹မွေတော်› relic *cetiya* carried wherever one goes and venerated.	'မွေတော်' unclear (a hair relic, if for မွေး 'body hair'?)
212491	paricaraṇadhātu	သွား လေရာရာ ဆောင်ယူ ပူဇော်အပ်သော မွေ တော်ဓါတ်။ «S1»	la reliquia ‹မွေတော်› que se lleva a dondequiera que se va y se venera. Véase también [[paricaraṇa]] (3).	the ‹မွေတော်› relic carried wherever one goes and venerated. See also [[paricaraṇa]] (3).	'မွေတော်' unclear (a hair relic, if for မွေး 'body hair'?)
212493	paricaranta	ပြုစု-စောင့်ရှောက်-သော။ (က) ဆည်းကပ်-လုပ်ကျွေး-သော၊ သူ။ (ခ) လေးမြတ် ကော် ရော်-ပူဇော်-သော၊ သူ။ (ဂ) မွေ့လျော်- ပျော် ပါး- ကစား- သော၊ သူ။ (ဃ) လှည့်လည်-ကျက်စား-သော၊ သူ။	que cuida / protege. (a) que frecuenta / mantiene (dicho de una persona). (b) que reverencia / venera (dicho de una persona). (c) que se deleita / se divierte / juega (dicho de una persona). (d) que deambula / pace (dicho de una persona).	attending / looking after. (a) frequenting / supporting (said of a person). (b) revering / venerating (said of a person). (c) delighting / amusing oneself / playing (said of a person). (d) roaming / grazing (said of a person).	(b) 'လေးမြတ် ကော် ရော်' unclear; read as 'revere'
212500	paricarāmase	ဆည်းကပ်-ခစား-လုပ်ကျွေး-ကြကုန်အံ့။ «S1»	frecuentaremos / serviremos / asistiremos. Véase [[paricarati]] (a).	we shall frequent / wait upon / minister to. See [[paricarati]] (a).	rendered in the 1st person plural (headword -mase; Burmese ကြကုန်အံ့)
212501	paricarāmi	ဆည်းကပ်-ခစား-လုပ်ကျွေး-အံ့။ «S1»	frecuentaré / serviré / asistiré. Véase [[paricarati]] (a).	I shall frequent / wait upon / minister to. See [[paricarati]] (a).	rendered in the 1st person (headword -mi; Burmese အံ့)
212503	paricariṁ	ဆည်းကပ်-ခစား-လုပ်ကျွေး-ပြီ။ «S1» ပရိစရိတဗ္ဗဓါတု	frecuenté / serví / asistí. Véase [[paricarati]] (a).	I frequented / waited upon / ministered to. See [[paricarati]] (a).	rendered in the 1st person (headword -iṁ)
212519	paricarissati	(က) ဆည်း ကပ်-ခစား-ပြုစု-လုပ်ကျွေး-လတ္တံ့။ (ခ) မွေ့ လျော်-ပျော်ပါး-ကစား-လတ္တံ့။ ပရိစရတိ (က၊ ဂ)ကြည့်။	(a) frecuentará / servirá / cuidará / asistirá. (b) se deleitará / se divertirá / jugará. Véase [[paricarati]] (a, c).	(a) will frequent / wait upon / tend / minister to. (b) will delight / amuse himself / play. See [[paricarati]] (a, c).	see-X left in the Burmese: ပရိစရတိ (က၊ ဂ)
212523	paricareyya	(က)ဆည်းကပ်-ခစား-ပြုစု-လုပ်ကျွေး-ရာ၏။ (ခ) မွေ့လျော်-ပျော်ပါး-ကစား-ရာ၏။ ပရိစရတိ(က၊ဂ)ကြည့်။	(a) frecuentaría / serviría / cuidaría / asistiría. (b) se deleitaría / se divertiría / jugaría. Véase [[paricarati]] (a, c).	(a) would frequent / wait upon / tend / minister to. (b) would delight / amuse himself / play. See [[paricarati]] (a, c).	see-X left in the Burmese: ပရိစရတိ (က၊ဂ)
212524	paricareyyātha	ဆည်းကပ်-ခစား-ပြုစု-လုပ်ကျွေး-ကုန်ရာ၏။ (ခ) လှည့်လည်-ကျက်စား-ကုန်ရာ၏။ ပရိစရတိ(က၊ဂ)ကြည့်။	frecuentarían / servirían / cuidarían / asistirían. (b) deambularían / vagarían. Véase [[paricarati]] (a, c).	they would frequent / wait upon / tend / minister to. (b) they would wander about / roam. See [[paricarati]] (a, c).	marker (a) missing before the first sense in the Burmese; see-X left in the Burmese: ပရိစရတိ (က၊ဂ)
212528	paricārika	(၁) ဆည်းကပ်-ခစား-ပြုစု-လုပ်ကျွေး-တတ်သော၊ သူ (အခြံအရံ၊ အလုပ်အကျွေး၊ ကျေးကျွန်၊ အစေအပါး၊ တပည့်တပန်း၊ ဥပါ သကာ-စသည်)။ (၂) ထက်ဝန်းကျင်-လှည့် လည် - သွားလာ - တတ်သော၊ သူ (ခိုးသူ-စသည်)။ (၁) အန္တေဝါသီ။ “အန္တေဝါသီ” “ပရိစာရိကော”တိ။	(1) que suele frecuentar / servir / cuidar / asistir (dicho de una persona) (acompañante, servidor, esclavo, criado, discípulo, *upāsaka* y demás). (2) que suele andar alrededor / deambular / ir y venir (dicho de una persona) (ladrón y demás). (1) *antevāsī*.	(1) apt to frequent / wait upon / tend / minister to (said of a person) (attendant, servant, slave, menial, pupil, *upāsaka* and so on). (2) apt to go all around / wander about / come and go (said of a person) (thief and so on). (1) *antevāsī*.	text identical to the preceding entry (paricāraka)
212535	paricārakāma	ပြုစု-လုပ် ကျွေး-ခြင်းကို အလိုရှိသော(ဘုရား)။	que desea el cuidar / asistir (el Buddha).	desiring tending / ministering (the Buddha).	unclear whether the Buddha desires to serve or to be served; '(ဘုရား)' is printed after the gloss
212542	paricārayanti	(အာရုံတို့၌ ဣန္ဒြေတို့ကို) ဖြစ်ပွားစေကုန်၏၊ စံစား- ရွှင်ပျော်- မွေ့လျော်- ကုန်၏။ (၂) (အခြေအရံတို့ကို) ပြုစု-လုပ်ကျွေး-စေကုန်၏။ «S1»	hacen surgir (los *indriya* en los objetos); gozan / se regocijan / se deleitan. (2) hacen que (los acompañantes) cuiden / asistan. Véase [[paricārayati]].	they cause to arise (the *indriya* in objects); they enjoy / rejoice / delight. (2) they cause (the attendants) to tend / minister. See [[paricārayati]].	marker (1) missing in the Burmese
212544	paricārayamāna	ပြုစု-လုပ်ကျွေး- တတ်သော၊ သူ။ (ဏယ-ပစ္စည်း ရုဠှီကာရိတ်)။ (၂) ပြုစု-လုပ်ကျွေး-စေတတ်သော (သဒ္ဒတ္ထ)၊ ပြုစု-လုပ်ကျွေး-အပ်သော၊ သူ (အဓိပ္ပါယတ္ထ)။ (၃) (အာရုံတို့၌ ဣန္ဒြေတို့ကို) ဖြစ်ပွားစေတတ်သော (သဒ္ဒတ္ထ)၊ စံစား-ရွှင်ပျော်-မွေ့လျော်- တတ်သော၊ သူ (ဝေါဟာရတ္ထ)။ ဗြာဟ္မဏ .... တေသံ ဒေဝရာဇာနံ ပရိစာရယမာနာနံ ဣန္ဒံ နာယကံ ကတွာ စရန္တာနံ သဣန္ဒာနံ ဝသဝတ္တိနံ စတုန္နံ လောကပါလာနံ ယသဿာပိ အမှာကံ တိရစ္ဆာနဂတာနံ ယသော သောဠသိံ ကလံ နဂ္ဃတီတိ။ “ကာမဂုဏေဟီ”။ “ရမမာနာ”တိ။ ပရိစာရယမာန။ ပရိစာရယမာန။	que suele cuidar / asistir (dicho de una persona). (2) que suele hacer cuidar / asistir (*saddattha*); que es cuidado / asistido (dicho de una persona) (*adhippāyattha*). (3) que suele hacer surgir (los *indriya* en los objetos) (*saddattha*); que suele gozar / regocijarse / deleitarse (dicho de una persona) (*vohārattha*).	apt to tend / minister (said of a person). (2) apt to cause to tend / minister (*saddattha*); being tended / ministered to (said of a person) (*adhippāyattha*). (3) apt to cause to arise (the *indriya* in objects) (*saddattha*); apt to enjoy / rejoice / delight (said of a person) (*vohārattha*).	marker (1) missing in the Burmese; the labels saddattha / adhippāyattha / vohārattha (literal / intended / conventional meaning) kept in Pāḷi
212546	paricārayāmi	(အာရုံတို့၌ ဣန္ဒြေတို့ကို) ဖြစ်ပွားစေ၏၊ စမ္ပယ်-ရွှင်ပျော်- မွေ့လျော်- ၏။ «S1»	hace surgir (los *indriya* en los objetos); goza / se regocija / se deleita. Véase [[paricārayati]] (1).	causes to arise (the *indriya* in objects); enjoys / rejoices / delights. See [[paricārayati]] (1).	'စမ္ပယ်' read as 'စံစား' (enjoy), probably a misprint; headword is 1st person (-mi), rendered 3rd as the Burmese (၏)
212547	paricāriṁ	ပြုစု-လုပ်ကျွေး-ပြီ။ «S1» ပရိစာရိကဒေဝသံဃ	cuidé / asistí. Véase [[paricāreti1]].	I tended / ministered to. See [[paricāreti1]].	rendered in the 1st person (headword -iṁ)
212548	paricāriṁ	(အာရုံတို့၌ ဣန္ဒြေတို့ကို) ဖြစ်ပွားစေပြီ။ (၂) စံစား-ရွှင်ပျော်-မွေ့လျော်-ပြီ။ (၃) ပြုစု-လုပ်ကျွေး-စေပြီ။ «S1»	hice surgir (los *indriya* en los objetos). (2) gocé / me regocijé / me deleité. (3) hice cuidar / asistir. Véase [[paricāreti2]].	I caused to arise (the *indriya* in objects). (2) I enjoyed / rejoiced / delighted. (3) I caused to tend / minister. See [[paricāreti2]].	rendered in the 1st person (headword -iṁ); marker (1) missing in the Burmese
212562	paricārimha	စမ္ပယ်-ရွှင်ပျော်- မွေ့လျော်- ကုန်ပြီ။ «S1»	gozamos / nos regocijamos / nos deleitamos. Véase [[paricāreti]].	we enjoyed / rejoiced / delighted. See [[paricāreti]].	rendered in the 1st person plural (headword -mha); 'စမ္ပယ်' read as 'စံစား' (enjoy), probably a misprint
212563	paricāriyati	ပြုစု-လုပ်ကျွေး-စေအပ်၏။ ပုန “ကာမဂုဏေဟီ”။	se le hace cuidar / asistir.	is made to tend / minister.	passive of the causative; the sense (made to serve, or caused to be served) to check
212568	paricāreti	(အာရုံတို့၌ ဣန္ဒြေတို့ကို) ဖြစ်ပွားစေ၏။ (၂) ပရိစာရေတိ၂ စံစား-ရွှင်ပျော်-မွေ့လျော်-၏။ (၃) မြူးထူး-ပျော်ပါး-ကစား-စေ၏။ “တေသူ”။ “ပလဠတီ”တိ အာဒိ။ ပရိစာရေသိံ ---- ၁၇၂-၃-၄။	hace surgir (los *indriya* en los objetos). (2) goza / se regocija / se deleita. (3) hace retozar / divertirse / jugar.	causes to arise (the *indriya* in objects). (2) enjoys / rejoices / delights. (3) causes to frolic / amuse oneself / play.	marker (1) missing in the Burmese
212570	paricārenta	(အာရုံတို့၌ ဣန္ဒြေတို့ကို) ဖြစ်ပွားစေတတ် သော။ (၂) စံစား-ရွှင်ပျော်-မွေ့လျော်-သော၊ သူ။	que suele hacer surgir (los *indriya* en los objetos). (2) que goza / se regocija / se deleita (dicho de una persona).	apt to cause to arise (the *indriya* in objects). (2) enjoying / rejoicing / delighting (said of a person).	marker (1) missing in the Burmese
212572	paricārenti	(အာရုံတို့၌ ဣန္ဒြေတို့ကို) ဖြစ်ပွားစေကုန်၏။ (၂) စံစား-ရွှင်ပျော်-မွေ့လျော်-ကုန်၏။ (၃) မြူးထူး-ပျော်ပါး-ကစား-စေကုန်၏။ «S1»	hacen surgir (los *indriya* en los objetos). (2) gozan / se regocijan / se deleitan. (3) hacen retozar / divertirse / jugar. Véase [[paricā-reti2]].	they cause to arise (the *indriya* in objects). (2) they enjoy / rejoice / delight. (3) they cause to frolic / amuse themselves / play. See [[paricā-reti2]].	marker (1) missing in the Burmese
212573	paricārema	ပြုစု-လုပ် ကျွေး-ကုန်၏။ «S1» ပရိစာရေမ၂ (ကာ၊ကြိ) [+ဏေ+မ] (၁) (အာရုံတို့၌ ဣန္ဒြေတို့ကို) ဖြစ်ပွားစေကုန်၏။ ပြုစု- လုပ်ကျွေး- စေကုန်အံ့။ (၂) စံစား-ရွှင်ပျော်-မွေ့လျော်- ကုန်၏။ (၃) မြူးထူး-ပျော်ပါး- ကစား- စေကုန်၏။ «S2»	cuidan / asisten. Véase [[paricāreti1]]. *paricārema* 2 (causativo; verbo) (1) hacen surgir (los *indriya* en los objetos); harán cuidar / asistir. (2) gozan / se regocijan / se deleitan. (3) hacen retozar / divertirse / jugar. Véase [[paricāreti2]].	they tend / minister to. See [[paricāreti1]]. *paricārema* 2 (causative; verb) (1) they cause to arise (the *indriya* in objects); they shall cause to tend / minister. (2) they enjoy / rejoice / delight. (3) they cause to frolic / amuse themselves / play. See [[paricāreti2]].	a second homonym (ကာ၊ကြိ, causative) is run on; label ကာ rendered 'causative'; the headword -ma is 1st pl., the Burmese (ကုန်၏, ကုန်အံ့) rendered 3rd
212574	paricāremi	(အာရုံတို့၌ ဣန္ဒြေတို့ကို) ဖြစ်ပွားစေ၏။ (၂) စံစား-ရွှင်ပျော်-မွေ့လျော်-၏။ (၃) ပြုစု-လုပ် ကျွေး-စေ၏။ «S1»	hace surgir (los *indriya* en los objetos). (2) goza / se regocija / se deleita. (3) hace cuidar / asistir. Véase [[paricāreti2]].	causes to arise (the *indriya* in objects). (2) enjoys / rejoices / delights. (3) causes to tend / minister. See [[paricāreti2]].	marker (1) missing in the Burmese; headword is 1st person (-mi), rendered 3rd as the Burmese (၏)
212575	paricāreyya	(အာရုံတို့၌ ဣန္ဒြေတို့ကို) ဖြစ်ပွားစေရာ၏။ (၂) စံစား-ရွှင်ပျော်-မွေ့လျော်-ရာ၏။ (၃) ပြုစု-လုပ်ကျွေး-စေရာ၏။ «S1»	haría surgir (los *indriya* en los objetos). (2) gozaría / se regocijaría / se deleitaría. (3) haría cuidar / asistir. Véase [[paricāreti2]].	would cause to arise (the *indriya* in objects). (2) would enjoy / rejoice / delight. (3) would cause to tend / minister. See [[paricāreti2]].	marker (1) missing in the Burmese
212578	paricāresiṁ	(အာရုံတို့၌ ဣန္ဒြေတို့ကို) ဖြစ်ပွားစေပြီ။ (၂) စမ္ပယ်-ရွှင်ပျော်-မွေ့လျော်-ပြီ။ «S1»	hice surgir (los *indriya* en los objetos). (2) gocé / me regocijé / me deleité. Véase [[paricāreti1]].	I caused to arise (the *indriya* in objects). (2) I enjoyed / rejoiced / delighted. See [[paricāreti1]].	rendered in the 1st person (headword -siṁ); marker (1) missing; 'စမ္ပယ်' read as 'စံစား' (enjoy), probably a misprint
212580	paricāresi	(အာရုံတို့၌ ဣန္ဒြေတို့ကို) ဖြစ်ပွားစေ၏။ (၂) စံစား-ရွှင်ပျော်-မွေ့လျော်-၏။ «S1» ပရိစာရေသိ၂(ကာ၊ကြိ) [+ဏေ+ဤ] (၁) (အာရုံတို့၌ ဣန္ဒြေတို့ကို) ဖြစ်ပွားစေပြီ။ (၂) ပရိစိဏ္ဏ စံစား-ရွှင်ပျော်-မွေ့လျော်-ပြီ။ «S2»	hace surgir (los *indriya* en los objetos). (2) goza / se regocija / se deleita. Véase [[paricāreti2]]. *paricāresi* 2 (causativo; verbo) (1) hizo surgir (los *indriya* en los objetos). (2) gozó / se regocijó / se deleitó. Véase [[paricāreti2]].	causes to arise (the *indriya* in objects). (2) enjoys / rejoices / delights. See [[paricāreti2]]. *paricāresi* 2 (causative; verb) (1) caused to arise (the *indriya* in objects). (2) enjoyed / rejoiced / delighted. See [[paricāreti2]].	marker (1) missing in the first homonym; a second homonym (ကာ၊ကြိ, aorist) is run on; label ကာ rendered 'causative'
212581	paricāresuṁ	(အာရုံတို့၌ ဣန္ဒြေတို့ကို) ဖြစ်ပွားစေကုန်ပြီ။ (၂) စံစား-ရွှင်ပျော်-မွေ့လျော်-ကုန်ပြီ။ «S1»	hicieron surgir (los *indriya* en los objetos). (2) gozaron / se regocijaron / se deleitaron. Véase [[pari-cāreti2]].	they caused to arise (the *indriya* in objects). (2) they enjoyed / rejoiced / delighted. See [[pari-cāreti2]].	marker (1) missing in the Burmese
212586	paricārehi	(အာရုံတို့၌ ဣန္ဒြေတို့ကို) ဖြစ်ပွားစေလော့။ (၂) စံစား-ရွှင်ပျော်-မွေ့လျော်-လော့။ «S1»	haz surgir (los *indriya* en los objetos). (2) goza / regocíjate / deléitate. Véase [[paricāre-ti2]].	cause to arise (the *indriya* in objects). (2) enjoy / rejoice / delight. See [[paricāre-ti2]].	marker (1) missing in the Burmese
212592	paricita	(၁) ထက်ဝန်းကျင်-လေ့လာ-ဆင် ခြင်-ရှုမြင်-ခြင်း။ (တိ) (၂) သိမ်းဆည်း-သိမ်း ပိုက်-ဆည်းပူး-အပ်သော။ (၃) ဝန်းရံ-ခြံရံ-အပ်သော။ (၄) ဖြည့်ကျင့်-ပြည့်စုံစေ-အပ် သော။ (၅) ထက်ဝန်းကျင်-လေ့လာ-ဆည်း ပူး-ပွားများ-အပ်သော။ (က) လေ့လာ-လေ့ ကျက်- ရွတ်ဆို- အပ်သော။ (ခ) လေ့လာ-လေ့ကျက်-ပြုမူလေ့ရှိ-သော။ (ဂ) လေ့လာ-လေ့ကျက်- အကျွမ်းဝင်- ရင်းနှီး- ယဥ်ပါး-သော။ (ဃ) လေ့လာ-လေ့ကျက်-ကျင်လည် အပ်- ဖူးသော။ (င) လေ့လာ- လေ့ကျက်-ဆည်းပူး-သိမြင်-အပ်သော။ (စ) လေ့လာ-လေ့ကျက်-တွေ့ကြုံ-ခံစား-အပ်သော။ (၁) ထက်ဝန်းကျင်-လေ့လာ-ဆင်ခြင်-ရှုမြင်-ခြင်း။ «S1» (၂) သိမ်း ဆည်း-သိမ်းပိုက်-ဆည်းပူး-အပ်သော။ (၃) ဝန်းရံ-ခြံရံ-အပ်သော။ (၄) ဖြည့်ကျင့်-ပြည့်စုံ စေ-အပ်သော။ ပရိစိတာ သုဝဍ္ဎိုတာ။ (၃) ဝန်းရံ-ခြံရံ-အပ်သော။ (၄) ဖြည့် ကျင့်- ပြည့်စုံစေ- အပ်သော။ (၅) ထက်ဝန်း ကျင်-လေ့လာ-ဆည်းပူး-ပွားများ-အပ်သော။ (က) လေ့လာ- လေ့ကျက်- ရွတ်ဆို- အပ် သော။ ပရိစိ-တာယာ အဘိဝဍ္ဎိုတာယာတိ အတ္ထော။ “သမန္တတော”။ အဘိဝဍ္ဎိုတာယာတိ ဣမိနာ စိ-ဓါတု ဝဍ္ဎုနတ္ထောတိ ဒဿေတိ။ (ခ) လေ့လာ-လေ့ကျက်-ပြုမူလေ့ရှိ-သော။ «S2» (ဂ) လေ့လာ- လေ့ကျက်- အကျွမ်းဝင်- ရင်းနှီး-ယဥ်ပါး-သော။ (ဃ) လေ့လာ-လေ့ ကျက်-ကျင်လည်အပ်-ဖူးသော။ (င) လေ့ လာ-လေ့ကျက်-ဆည်းပူး-သိမြင်-အပ်သော။ «S3» (စ) လေ့လာ-လေ့ကျက်-တွေ့ကြုံ- ခံစား- အပ်သော။ “အာကာသဋ္ဌဒေဝတာန”န္တိ။	(1) el estudiar / reflexionar / contemplar por todos lados. Véase [[paricitavatī]]. (adjetivo) (2) reunido / apropiado / acumulado. (3) rodeado / circundado. (4) cumplido / hecho completo. (5) estudiado / adquirido / cultivado por todos lados. (a) estudiado / aprendido / recitado. (b) estudiado / aprendido / que se suele practicar. Véase [[paricitasayana]]. (c) estudiado / aprendido / familiar / íntimo / habituado. (d) estudiado / aprendido / dominado alguna vez. (e) estudiado / aprendido / adquirido / conocido. Véase [[paricitagantha]]. (f) estudiado / aprendido / encontrado / experimentado.	(1) studying / reflecting upon / contemplating all around. See [[paricitavatī]]. (adjective) (2) gathered / taken possession of / accumulated. (3) surrounded / encircled. (4) fulfilled / made complete. (5) studied / acquired / developed all around. (a) studied / learnt / recited. (b) studied / learnt / habitually done. See [[paricitasayana]]. (c) studied / learnt / familiar / intimate / accustomed. (d) studied / learnt / once mastered. (e) studied / learnt / acquired / known. See [[paricitagantha]]. (f) studied / learnt / met with / experienced.	senses (1)-(5), (a)-(f) printed twice in the source (the second time with the placeholders); translated once, placeholders put where the second copy has them
212593	paricita	(၁)လွှမ်းမိုး-ဖိစီး-ဖျက်ဆီး-ရှုိ့ မြှူိက်-ခြင်း။ (တိ) (၂) လွှမ်းမိုး-ဖိစီး-ဖျက်ဆီး-ရှုိ့မြှူိက်-အပ်သော။ (၃) လွှမ်းမိုး-ဖိစီး-ဖျက် ဆီး-အောင်နိုင်-သော။ အဂ္ဂိပရိစိ(ဇိ)တ ကြည့်။ “ပရိစိတာ”တိ။ “ဇိတာ”။ “ပရိဇိတာ”တိ ဝတ္တဗ္ဗေ ဇကာရဿ စ-ကာရံ ကတွာ “ပရိစိတာ”။	(1) el dominar / oprimir / destruir / abrasar. (adjetivo) (2) dominado / oprimido / destruido / abrasado. (3) que domina / oprime / destruye / vence. Véase [[aggiparici(ji)ta]].	(1) overpowering / oppressing / destroying / burning. (adjective) (2) overpowered / oppressed / destroyed / burnt. (3) overpowering / oppressing / destroying / conquering. See [[aggiparici(ji)ta]].	see-X left in the Burmese: အဂ္ဂိပရိစိ(ဇိ)တ
212600	paricitaparicchinna	စုစည်း-ပေါင်းစု - အပ်သော အပိုင်းအခြားရှိသော။	que tiene un límite reunido / agrupado.	having a limit gathered / collected together.	literal; the sense of the compound is unclear
212605	paricitaveda	ဆည်းပူး-လေ့ လာ-သိမြင်-အပ်သော- ဝေဒကျမ်း-ဗေဒင် ကျမ်း။	el texto de los Vedas / libro védico adquirido / estudiado / conocido.	the Veda text / Vedic book acquired / studied / known.	'ဗေဒင်ကျမ်း' (usually books of astrology / divination) rendered 'Vedic book'
212606	paricitasayana	လာ-လေ့ကျက်-ပြုမူလေ့ရှိ-သော-လျောင်း-အိပ်-ခြင်းရှိသော(ဂောဓိကမထေရ်)။	que tiene un yacer / dormir estudiado / aprendido / habitualmente practicado (el *thera* *godhika*).	having a lying down / sleeping studied / learnt / habitually practised (the *thera* *godhika*).	text begins 'လာ' (probably 'လေ့လာ' truncated); literal, sense of the compound unclear
212610	paricitta	ဤပရိစိတ္တ-ပုဒ်သည် ၂၇၀-နှင့် ၂၅၄-တို့၌ ဟု လာရှိသည်။ လာရှိသည့်အတိုင်းပင် ပြည်မူ ပါဠိတော်နိဿယနှင့် ဇာတ်ဝတ္ထုတို့၌ အနက် ယောဇနာကြသည်၊ အတ္ထယုတ္တိကား မရှိပေ။ ဤဂာထာ၌ နောက် ၃-ပါဒသည် ၁၁-လုံးဖွဲ့ ဖြစ်၍ ပဌမပါဒသည် ၁၂-လုံးဖွဲ့ ဖြစ်နေသည်၊ သီဟိုဠ်, မြန်မာ, ယိုးဒယား, အင်္ဂလိပ် မူတို့ လည်း အမျိုးမျိုး ကွဲပြားနေကြသည်၊ ယင်းမူ တို့တွင် အသင့်လျော်ဆုံးမူကို ထုတ်ယူလျှင် ဟူသော ပါဌ်သည် ၁၁-လုံးဖွဲ့ဖြစ်၍ အတ္ထ-ယုတ္တိလည်း ရှိသည်။ “သဗ္ဗော၊ အလုံးစုံ သော။ လောကော၊ မသူတော်ဖြစ်သူ လူ အပေါင်းသည်။ ပရစိတ္တေ၊ ကုသိုလ်၏ ဆန့် ကျင်ဖက် အကုသိုလ်စိတ္တက္ခဏ၌။ အစိတ္တော၊ စိတ်ရှိသည်မမည်။ သဗ္ဗော၊ အလုံးစုံသော။ လောကော၊ သူတော်ကောင်းဖြစ်သူ လူ အပေါင်းသည်။ သမှိ၊ ကိုယ်ပိုင်ဥစ္စာဖြစ်သော။ စိတ္တေ၊ အပြစ်ကင်းပ၊ ကုသိုလ်စိတ်ခဏ၌။ စိတ္တဝါ၊ စိတ်ရှိသည်မည်၏။	Esta palabra *paricitta* aparece en 270 y en 254 como «…». Tal como aparece, los *nissaya* del texto pāḷi de la edición del país y los relatos de los *jātaka* construyen su significado; pero no tiene coherencia de sentido. En esta estrofa los 3 últimos *pāda* tienen 11 sílabas y el primer *pāda* tiene 12; también las ediciones cingalesa, birmana, siamesa e inglesa difieren de diversas maneras; si de entre ellas se extrae la lectura más adecuada, la lectura «…» tiene 11 sílabas y tiene también coherencia de sentido. «*sabbo*: todo. *loko*: el conjunto de las personas que no son buenas. *paracitte*: en el momento de mente insana, lo opuesto de lo sano. *acitto*: se llama sin mente. *sabbo*: todo. *loko*: el conjunto de las personas que son buenas. *samhi*: en la propia. *citte*: en el momento de mente sana, libre de falta. *cittavā*: se llama que tiene mente.»	This word *paricitta* occurs at 270 and at 254 as '…'. As it occurs, the nissayas of the Pāḷi text of the home edition and the *jātaka* stories construe its meaning; but it makes no sense. In this verse the last 3 *pāda* have 11 syllables and the first *pāda* has 12; the Sinhalese, Burmese, Siamese and English editions also differ in various ways; if the most fitting reading among them is taken, the reading '…' has 11 syllables and also makes sense. '*sabbo*: all. *loko*: the mass of people who are not good. *paracitte*: in the moment of unwholesome mind, the opposite of the wholesome. *acitto*: is called mindless. *sabbo*: all. *loko*: the mass of people who are good. *samhi*: in one's own. *citte*: in the moment of wholesome mind, free from fault. *cittavā*: is called having mind.'	the whole entry is the compiler's text-critical note with a word-by-word nissaya of the preferred reading; translated in full because nothing else is there (the reviewer may prefer to leave it out); the two quoted readings were removed by prep and are shown as '…'; 'ပြည်မူ' rendered 'home edition'; 'ကိုယ်ပိုင်ဥစ္စာဖြစ်သော' (one's own property) rendered 'one's own'; the nissaya's word order and 'ပါဒ' kept
212611	paricinitvā	ထက်ဝန်း ကျင်မှ-စီ-အစဥ်အတိုင်းတည်စေ-၍။	habiendo, por todos lados / alineado / puesto en orden.	having, all around / arranged / set in order.	the first hyphen element 'ထက်ဝန်းကျင်မှ' (from all around) is adverbial
212618	pariccajati	စဇ ဟာနိမှိ၊ အစဇ္ဇိတ္ထ, စဇ္ဇတေ, စဇ္ဇိဿတိ, စဇနံ ဝါ စာဂော။ စဇ ဟာနိမှိ၊ ပရိစ္စဇီယိတ္ထာ-တိ ပရိစ္စတ္တံ ဓနံ။ ⟨wsZ [maemf/yg?⟩ ⟨bGm?1011/ [med oåßm*; (uËD)/ [med½kw÷*õ;/⟩ ⟨(raem)/⟩] စွန့်၏။ (က) စွန့်ကြဲ-ပေးကမ်း-လှူ ဒါန်း-၏။ (ခ) စွန့်ပစ်၏။ (ဂ) စွန့်ပယ်၏။ (ဃ) စွန့်လွှတ်၏။ (င) စွန့်ခွာ-ရှောင်လွှဲ-ကွာရှင်း-ပြတ်စဲ-၏။ ပရိစ္စဇတိ (က) စွန့်ကြဲ- ပေးကမ်း- လှူဒါန်း- ၏။ (ခ) စွန့်ပစ်၏။ (ဂ) စွန့်ပယ်၏။ ဣတိဝုတ်၊ ဣတိဝုတ်။ (ဃ) စွန့်လွှတ်၏။ (င) စွန့်ခွာ-ရှောင်လွှဲ-ကွာရှင်း-ပြတ်စဲ-၏။	renuncia. (a) reparte / da / dona. (b) desecha. (c) abandona. (d) suelta. (e) se aparta / evita / se separa / rompe.	gives up. (a) gives away / bestows / donates. (b) discards. (c) abandons. (d) lets go. (e) leaves / avoids / parts from / breaks off.	senses (a)-(e) printed twice in the source; translated once
212622	pariccajanaka	စွန့်ပစ်- ပယ်ရှား- ချထား- ခြင်း။ (ဂ) စွန့်ပယ်-နှင်ထုတ်-ခြင်း။ (ပရိစ္စဇာ။ အောက်။ သျာ၊ကံ)။ (ဃ) စွန့်လွှတ်-စွန့်စား-ခြင်း။ (င) စွန့်ခွာ-ရှောင်လွှဲ-ခြင်း။ (၂) အောက်ပုဒ် ကြည့်။ ပရိစ္စဇနက(တိ) [ပရိစ္စဇန+က။ ] စွန့်သော။ (က) စွန့်ကြဲ-ပေးကမ်း-လှူဒါန်း-သော၊ သူ။ (ခ) စွန့်ပယ်-ဖြတ်တောက်-သော၊ သူ။ (ဂ) စွန့်ခွာ-ရှောင်လွှဲ-သော၊ သူ။	que renuncia. (a) que reparte / da / dona (dicho de una persona). (b) que abandona / corta (dicho de una persona). (c) que se aparta / evita (dicho de una persona).	giving up. (a) giving away / bestowing / donating (said of a person). (b) abandoning / cutting off (said of a person). (c) leaving / avoiding (said of a person).	no label in the input; the text begins with the rest of the second copy of pariccajana (senses (b)-(e), '(2) see the next headword'); translated only from 'ပရိစ္စဇနက(တိ)' on
212626	pariccajanta	စွန့်သော။ (က) စွန့်ကြဲ-ပေးကမ်း-လှူဒါန်း-သော။ (ခ) စွန့်ပစ်သော။ (ဂ) စွန့်ပယ်သော။ (ဃ) စွန့်လွှတ်သော။ (က) စွန့်ကြဲ-ပေးကမ်း-လှူဒါန်း-သော။ (ခ) စွန့်ပစ်သော။ (-(ဂ) စွန့်ပယ်သော။ (ဃ) စွန့်လွှတ်သော။ (- ပရိစ္စဇန္တ၂ (တိ) [။ ယ-ပစ္စည်း ကျေ။ မာန-ကို အန္တ-ပြု။ “အတ္တနောပဒါနိ ပရဿပဒတ္တ”။ (မောဂ်၊)] စွန့်ခွာ-ရှောင်လွှဲ-အပ်သော၊ သူ။ ပရိစ္စဇန္တိ (ကြိ) စွန့်ကုန်၏။ (က) စွန့်ကြဲ-ပေးကမ်း-လှူဒါန်း-ကုန်၏။ (ခ) စွန့်ပစ်ကုန်၏။ (ဂ) စွန့်ပယ်ကုန်၏။ (ဃ) စွန့်လွှတ်ကုန်၏။ «S1» ပရိစ္စဇန္တီ(ထီ) [ပရိစ္စဇန္တ+ဤ] စွန့်ပယ်တတ်သော (အနုပဿနာ)။	que renuncia. (a) que reparte / da / dona. (b) que desecha. (c) que abandona. (d) que suelta. *pariccajanta* 2 (adjetivo) dejado / evitado (dicho de una persona). *pariccajanti* (verbo) renuncian. (a) reparten / dan / donan. (b) desechan. (c) abandonan. (d) sueltan. Véase [[pariccajati]]. *pariccajantī* (femenino) que suele abandonar (la *anupassanā*).	giving up. (a) giving away / bestowing / donating. (b) discarding. (c) abandoning. (d) letting go. *pariccajanta* 2 (adjective) left / avoided (said of a person). *pariccajanti* (verb) they give up. (a) they give away / bestow / donate. (b) they discard. (c) they abandon. (d) they let go. See [[pariccajati]]. *pariccajantī* (feminine) apt to abandon (the *anupassanā*).	three further headwords are run on (pariccajanta 2, pariccajanti, pariccajantī), translated; senses (a)-(d) of the first printed twice, translated once
212627	pariccajanta	ကြည့်။	Véase.	See.	only 'ကြည့်' (see) with its target missing; no label in the input
212631	pariccajasi	စွန့်၏။ (က) စွန့်ပစ်၏။ (ခ) စွန့်ခွာ- ရှောင်လွှဲ- ကွာရှင်း-ပြတ်စဲ-၏။ ပရိစ္စဇတိ(ခ)(င)ကြည့်။	renuncia. (a) desecha. (b) se aparta / evita / se separa / rompe. Véase [[pariccajati]] (b) (e).	gives up. (a) discards. (b) leaves / avoids / parts from / breaks off. See [[pariccajati]] (b) (e).	see-X left in the Burmese: ပရိစ္စဇတိ(ခ)(င)
212637	pariccajāhi	စွန့်လော့၊ စွန့်ပစ်လော။ «S1»	renuncia; desecha. Véase [[pariccajati]] (c).	give up; discard. See [[pariccajati]] (c).	'စွန့်ပစ်လော' under an imperative headword read as the imperative လော့ (misprint)
212640	pariccajiṁ	စွန့်ပြီ။ (က)စွန့်ကြဲ-ပေးကမ်း-လှူဒါန်း-ပြီ။ (ခ) စွန့်ပစ်ပြီ။ (ဂ) စွန့် ပယ်ပြီ။ (ဃ) စွန့်ခွာ-ရှောင်လွှဲ-ကွာရှင်း-ပြတ် စဲ-ပြီ။ «S1»	renuncié. (a) repartí / di / doné. (b) deseché. (c) abandoné. (d) me aparté / evité / me separé / rompí. Véase [[pariccajati]].	I gave up. (a) I gave away / bestowed / donated. (b) I discarded. (c) I abandoned. (d) I left / avoided / parted from / broke off. See [[pariccajati]].	rendered in the 1st person (headword -iṁ)
212643	pariccajitabba	စွန့်အပ်သော။ (က) စွန့်ကြဲ-ပေးကမ်း-လှူဒါန်း- အပ်-သင့်-ထိုက်-သော။ (ခ) စွန့်ပစ်-အပ်-သင့်-ထိုက်-သော။ (ဂ) စွန့်ပယ်-အပ်-သင့်-ထိုက်-သော။ ပရိစ္စဇိတဗ္ဗဝတ္ထုပဒဋ္ဌာန၃၄၃ (ဃ) စွန့်လွှတ်-အပ်-သင့်-ထိုက်-သော။ (င) စွန့်ခွာ-ရှောင်လွှဲ-အပ်-သင့်-ထိုက်-သော။ (က) စွန့်ကြဲ-ပေးကမ်း-လှူဒါန်း-အပ်သော။ (ခ) စွန့်ပစ်-အပ်-သင့်-ထိုက်- သော။ (ဂ) စွန့် ပယ်- အပ်-သင့်-ထိုက်- သော။ (ဃ) စွန့်လွှတ်-အပ်-သင့်-ထိုက်-သော။ (င) စွန့်ခွာ-ရှောင်လွှဲ-အပ်-သင့်-ထိုက်-သော။	que ha de ser renunciado. (a) que ha de ser / conviene que sea / merece ser repartido / dado / donado. (b) que ha de ser / conviene que sea / merece ser desechado. (c) que ha de ser / conviene que sea / merece ser abandonado. (d) que ha de ser / conviene que sea / merece ser soltado. (e) que ha de ser / conviene que sea / merece ser dejado / evitado.	to be given up. (a) to be / fit to be / worthy to be given away / bestowed / donated. (b) to be / fit to be / worthy to be discarded. (c) to be / fit to be / worthy to be abandoned. (d) to be / fit to be / worthy to be let go. (e) to be / fit to be / worthy to be left / avoided.	senses (a)-(e) printed twice in the source; translated once
212645	pariccajitabbasabhāva	ပရိစ္စဇိတုကာမ စွန့်လွတ်အပ်သော သဘောရှိသော (ဥစ္စာ)။	que tiene la naturaleza de lo que ha de ser soltado (la riqueza).	having the nature of what is to be let go (wealth).	'စွန့်လွတ်' read as 'စွန့်လွှတ်'
212663	pariccatta	(၁)စွန့်ခြင်း၊ စွန့်ခွာ-ရှောင် လွှဲ-ခြင်း။ (တိ) (၂) စွန့်တတ်သော။ (က) စွန့်ကြဲ-ပေးကမ်း-လှူဒါန်း- တတ်သော၊ သူ။ (ခ) စွန့်ပယ်တတ်သော။ (၃) စွန့်အပ်သော။ (က) စွန့်ကြဲ-ပေးကမ်း-လှူဒါန်း-အပ်သော။ (ခ) စွန့်ပစ်အပ်သော။ (ဂ) စွန့်ပယ်အပ်သော။ (ဃ) စွန့်လွှတ်အပ်သော။ (င) စွန့်ခွာ-ရှောင် လွှဲ-အပ်သော။ (၁)စွန့်ခြင်း၊ စွန့်ခွာ-ရှောင် လွှဲ-ခြင်း။ «S1» (၂) စွန့်တတ်သော။ (က) စွန့်ကြဲ-ပေးကမ်း-လှူဒါန်း- တတ်သော၊ သူ။ (ခ) စွန့် ပယ်တတ်သော။ (၃) (က) စွန့်ကြဲ-ပေးကမ်း-လှူဒါန်း-အပ်သော။ (ခ) စွန့်ပစ်အပ်သော။ (ဂ) စွန့် ပယ်အပ်သော။ ပရိစ္စတ္တအတ္တဘာဝ (ဃ) စွန့်လွှတ်အပ်သော။ (င) စွန့်ခွာ- ရှောင်လွှဲ-အပ်သော။	(1) el renunciar; el apartarse / evitar. Véase [[pari-ccattakāraṇa]]. (adjetivo) (2) que suele renunciar. (a) que suele repartir / dar / donar (dicho de una persona). (b) que suele abandonar. (3) renunciado. (a) repartido / dado / donado. (b) desechado. (c) abandonado. (d) soltado. (e) dejado / evitado.	(1) giving up; leaving / avoiding. See [[pari-ccattakāraṇa]]. (adjective) (2) apt to give up. (a) apt to give away / bestow / donate (said of a person). (b) apt to abandon. (3) given up. (a) given away / bestowed / donated. (b) discarded. (c) abandoned. (d) let go. (e) left / avoided.	senses printed twice in the source (the second time with the placeholder); translated once
212664	pariccattaagāra	စွန့်ပယ် အပ်သော-အိမ်-အိမ်ထောင်မှု-ရှိသော၊ အိမ် ထောင်မှုကို စွန့်ပယ်သော (ရှင်, ရဟန်း)။	que tiene abandonada la casa / la vida de familia; que ha abandonado la vida de familia (novicio, monje).	having the house / household life abandoned; who has abandoned household life (novice, monk).	'ရှင်' rendered 'novice' (it may be the honorific 'venerable')
212684	pariccattasammosa	စွန့်ပယ်အပ်သော မေ့လျော့ခြင်း။ (တိ) (၂) စွန့်ပယ်အပ်သော မေ့လျော့ခြင်းရှိသော။ (၁) အောက်ပုဒ်ကြည့်။	(1) el olvido abandonado. (adjetivo) (2) que tiene el olvido abandonado. (1) Véase la entrada siguiente.	(1) abandoned forgetfulness. (adjective) (2) having forgetfulness abandoned. (1) See the next headword.	marker (1) missing before the first sense in the Burmese
212686	pariccattasarīra	စွန့်ပစ်အပ် သော-ကိုယ်-ခန္ဓာကိုယ်-ရှိသော၊ ခန္ဓာကိုယ် ကို စွန့်ပစ်ထားသော (နဂား)။	que tiene el cuerpo / el cuerpo físico desechado; que ha desechado el cuerpo físico (el *nāga*).	having the body / physical body discarded; who has discarded the physical body (the *nāga*).	'နဂား' read as နဂါး (nāga)
212689	pariccāga	(၁) စွန့်ခြင်း။ (က) စွန့်ကြဲ- ပေးကမ်း- လှူဒါန်း-ခြင်း။ (ခ) စွန့်ပစ်ခြင်း။ (ဂ) စွန့်ပယ်ခြင်း။ (ဃ) ပရိစ္စာဂ စွန့်လွှတ်ခြင်း။ (င) စွန့်ခွာ-ရှောင်လွှဲ-ခြင်း။ (၂) စွန့်ပယ်တတ်သောတရား။ (၃) စွန့်အပ်သော။ (က) စွန့်ကြဲ-ပေးကမ်း-လှူဒါန်း- အပ်သော။ (ခ) စွန့်ပယ်အပ်သော။ (၄) စွန့်ကြောင်း။ (က) စွန့်ကြဲ-ပေးကမ်း-လှူဒါန်း-ကြောင်း။ (ခ) စွန့် ပယ်ကြောင်း။ (၅) စွန့်ရာ။ (က) စွန့်ကြဲ-ပေး ကမ်း-လှူဒါန်း-ရာ။ (ခ) စွန့် ပယ်ရာ (နိဗ္ဗာန်)။ (၁) စွန့်ခြင်း။ (က) စွန့်ကြဲ- ပေးကမ်း-လှူဒါန်း-ခြင်း။ (ခ) စွန့်ပစ်ခြင်း။ (ဂ) စွန့်ပယ်ခြင်း။ (ဃ) စွန့်လွှတ်ခြင်း။ (င) စွန့်ခွာ-ရှောင်လွှဲ-ခြင်း။ (၂) စွန့်ပယ်တတ်သောတရား။ «S1» (၃) စွန့်အပ်သော။ (က) စွန့်ကြဲ-ပေးကမ်း-လှူဒါန်း- အပ်သော။ «S2» (ခ) စွန့်ပယ်အပ် သော။ (၄) စွန့် ကြောင်း။ (က) စွန့်ကြဲ-ပေးကမ်း-လှူဒါန်း-ကြောင်း။ «S3» (ခ) စွန့် ပရိစ္စာဂစေတနာ ပယ်ကြောင်း။ (၅) စွန့် ရာ။ (က) စွန့်ကြဲ- ပေးကမ်း- လှူဒါန်း- ရာ။ အောက် ပုဒ်လည်း-ကြည့်။ (ခ) စွန့်ပယ်ရာ (နိဗ္ဗာန်)။ “ဝေါသဂ္ဂော”။	(1) el renunciar. (a) el repartir / dar / donar. (b) el desechar. (c) el abandonar. (d) el soltar. (e) el apartarse / evitar. (2) el estado que suele abandonar. Véase [[pariccāga-paṭinissagga]]. (3) renunciado. (a) repartido / dado / donado. Véase [[pari-ccāgabhāvasāmañña]]. (b) abandonado. (4) la causa de renunciar. (a) la causa de repartir / dar / donar. Véase [[pariccāgacetanā]]. (b) la causa de abandonar. (5) aquello en que se renuncia. (a) aquello en que se reparte / da / dona. Véase también la entrada siguiente. (b) aquello en que se abandona (*nibbāna*).	(1) giving up. (a) giving away / bestowing / donating. (b) discarding. (c) abandoning. (d) letting go. (e) leaving / avoiding. (2) the state apt to abandon. See [[pariccāga-paṭinissagga]]. (3) given up. (a) given away / bestowed / donated. See [[pari-ccāgabhāvasāmañña]]. (b) abandoned. (4) the cause of giving up. (a) the cause of giving away / bestowing / donating. See [[pariccāgacetanā]]. (b) the cause of abandoning. (5) that in which one gives up. (a) that in which one gives away / bestows / donates. See also the next headword. (b) that in which one abandons (*nibbāna*).	senses printed twice in the source (the second time with the placeholders and 'see also'); translated once
212700	pariccāgapaṭissagga	စွန့်ပယ်တတ်သောတရားဟူသော- စွန့်ပစ်-စေလွှတ်-တတ်သောတရား၊ (၂) စွန့်ပယ်ခြင်း ဟူသော-စွန့်ပစ်-စေလွှတ်-ခြင်း၊	el estado que suele abandonar, es decir, el estado que suele desechar / despedir; (2) el abandonar, es decir, el desechar / despedir.	the state apt to abandon, namely the state apt to discard / send away; (2) abandoning, namely discarding / sending away.	marker (1) missing; the text ends with ၊ instead of ။ (possibly truncated)
212707	pariccāgavisesakittanattha	စွန့်ကြဲ-ပေးကမ်း-လှူဒါန်း-ခြင်းတို့၏ အထူးကို ပြောကြားခြင်းဟူသော အကျိုး။	el beneficio que es el declarar la particularidad de los actos de repartir / dar / donar.	the benefit that is declaring the distinction of acts of giving away / bestowing / donating.	အကျိုး (attha) here may mean 'purpose' rather than 'benefit'
212709	pariccāgavisesabhāvadassanattha	စွန့်ကြဲ-ပေး ကမ်း-လှူဒါန်း-ခြင်းအထူး၏အဖြစ်ကို ပြခြင်း ဟူသော အကျိုး။ ပရိစ္စာဂဝေါဿဂ္ဂတ္ထ	el beneficio que es el mostrar el hecho de ser particular del repartir / dar / donar.	the benefit that is showing the state of being distinctive of giving away / bestowing / donating.	အကျိုး (attha) here may mean 'purpose' rather than 'benefit'
212712	pariccāgavossaggattha	စွန့်ပယ်တတ်သောတရားသည်ပင်-စွန့်ပစ်-စေလွှတ်-တတ်သောတရားဟူသော အကျိုး။	el beneficio, es decir: el estado que suele abandonar es él mismo el estado que suele desechar / despedir.	the benefit, namely: the state apt to abandon is itself the state apt to discard / send away.	အကျိုး (attha) here probably means 'meaning' (the sense of vossagga), not 'benefit'
212713	pariccāgasabhāva	(ကိ-လေသာတို့ကို)စွန့်ပယ်ခြင်းသဘောရှိသော (စတုပစ္စယသန္တောသ)။	que tiene la naturaleza de abandonar (las *kilesa*) (el *catupaccayasantosa*).	having the nature of abandoning (the *kilesa*) (the *catupaccayasantosa*).	hyphen: ကိ-လေသာ read as one word
212723	paricchada	⟨y&dpä' (yk) y&d+q'+⟩ ⟨Pdpf+C jymoG;/ Oyu&aPç [oåß$G&x-⟩ ⟨y'gawmfç 0~o¬m'dbl%aPç y&d0ga& p/⟩ ⟨axmr/ 0gpyÜwd/⟩] (၁) အဆောက်အဦ၊ အသုံးအဆောင်။ (၂) အဆင်တန်ဆာ။ (၃) အခြံအရံ။ (၄) အအိမ်၊သန်လျက်အိမ်၊ ဓါး လွယ်အိမ်။ (၅) နေရာ။ အမရကောသဋီကာ။ ဝိ၊ဓါန်၊သျ။ (၂)အောက် ပုဒ်ကြည့်။ (၄) “ကောသော”။ အယံ ဟေတ္ထ မဟာနာမ ယဒိ .... ဧဝံ တွံ ဣမိနာ ဆာယူဒကသမ္ပန္နေန သပ္ပါယေန နိဝါသနဋ္ဌာနဘူတေန နေသာဒကဂိရိနာ ပရိဟာယတိ။	(1) la construcción; los enseres. (2) el adorno. (3) el séquito. (4) la funda; la vaina de la espada; la vaina del sable que se lleva colgado. (5) el lugar. (2) Véase la entrada siguiente.	(1) structure; equipment. (2) ornament. (3) retinue. (4) case; sword sheath; sheath of a slung sword. (5) place. (2) See the next headword.	'အဆောက်အဦ' (building) as a sense of paricchada is doubtful (perhaps 'equipment, fittings')
212727	paricchādanā	ဖုံးလွှမ်း-ဖုံးကွယ်-ခြင်း၊ ဖုံးလွှမ်း-ဖုံးကွယ်-တတ်သော တရား (မာယာ)။ ပရိစ္ဆိဇ္ဇ၁(တိ) ပိုင်းဖြတ်အပ်သော၊ ပြတ်တောက်သော။ ပရိစ္ဆိဇ္ဇ၂(ကြိ၊ဝိ) ပိုင်းခြား၍။ (က) ဝေဖန်-သိမြင်-၍။ (ခ) စူးစမ်း-ဆင်ခြင်-၍။	el cubrir / ocultar; el estado que suele cubrir / ocultar (*māyā*). *paricchijja* 1 (adjetivo) determinado; cortado. *paricchijja* 2 (calificativo verbal) habiendo delimitado. (a) habiendo analizado / conocido. (b) habiendo investigado / reflexionado.	covering / concealing; the state apt to cover / conceal (*māyā*). *paricchijja* 1 (adjective) determined; severed. *paricchijja* 2 (verbal qualifier) having delimited. (a) having analysed / discerned. (b) having investigated / reflected.	two further headwords (paricchijja 1 and 2) are run on; translated
212731	paricchijjagāhī	ပိုင်းခြင်း၍ ယူ တတ်သော(တရား)။	que suele tomar tras delimitar (el estado).	apt to take having delimited (a state).	'ပိုင်းခြင်း' read as 'ပိုင်းခြား' (misprint)
212733	paricchijjati	(၁) ပြတ် တောက်-ကင်းပျောက်-၏။ (၂) ပိုင်းခြား-သိ မြင်-၏။ ပရိစ္ဆိဇ္ဇတိ၂ [။ ဆိဒိ ဒွိ-ဓါကရဏေ။ ] (က) ပိုင်းခြား-ပိုင်းဖြတ်-သတ်မှတ်-အပ်၏။ (ခ) ပိုင်း ခြား-သတ်မှတ်-ဆုံးဖြတ်-၏။	(1) se corta / desaparece. (2) delimita / conoce. *paricchijjati* 2 (a) es delimitado / determinado / fijado. (b) delimita / fija / decide.	(1) is severed / vanishes. (2) delimits / discerns. *paricchijjati* 2 (a) is delimited / determined / fixed. (b) delimits / fixes / decides.	a second homonym (paricchijjati 2) is run on; translated
212748	paricchindati	ပိုင်းခြား-ပိုင်း ဖြတ်-၏။ (က) ပိုင်းခြား-ဆင်ခြင်-သိမြင်-၏။ (ခ) ပိုင်းခြား-ခွဲဝေ-ထူးပြားစေ-၏။ (ဂ) ပိုင်း ခြား-ပိုင်းဖြတ်-အဆုံးသတ်-၏။ (ဃ) ပိုင်း ခြား-သတ်မှတ်-ဆုံးဖြတ်-၏။ (င) (အက္ခရာ) ထွင်းထု-ရေးသား-ပုံနှိပ်-ထား၏။ ပရိစ္ဆိန္ဒတိ ပိုင်းခြား-ပိုင်းဖြတ်-၏။ (က) ပိုင်း ခြား-ဆင်ခြင်-သိမြင်-၏။ (ခ) ပိုင်းခြား-ခွဲဝေ-ထူးပြားစေ-၏။ (ဂ) ပိုင်းခြား-ပိုင်းဖြတ်- အဆုံးသတ်- ၏။ (ဃ) ပိုင်းခြား-သတ် မှတ်- ဆုံးဖြတ်- ၏။ (င) (အက္ခရာ) ထွင်းထု-ရေးသား-ပုံနှိပ်-ထား၏။	delimita / determina. (a) delimita / reflexiona / discierne. (b) delimita / divide / distingue. (c) delimita / determina / pone término. (d) delimita / fija / decide. (e) (las letras) graba / escribe / imprime.	delimits / determines. (a) delimits / reflects / discerns. (b) delimits / divides / distinguishes. (c) delimits / determines / brings to an end. (d) delimits / fixes / decides. (e) (letters) carves / writes / prints.	senses printed twice in the source; translated once
212749	paricchindana	(၁) ပိုင်းခြား-ပိုင်း ဖြတ်-ခြင်း။ (က) ပိုင်းခြား-ဆင်ခြင်-သိမြင်-ခြင်း။ (ခ) ပိုင်းခြား-ပိုင်းဖြတ်-အဆုံးသတ်-ခြင်း။ (ဂ) ပိုင်းခြား-ရေတွက်-ခြင်း။ (တိ) (၂) ပိုင်းခြား-ပိုင်းဖြတ်-တတ်သော၊ ပိုင်းခြား-ဆင် ခြင်-သိမြင်-တတ်သော။ (၃) ပိုင်းခြား-ပိုင်း ဖြတ်- ကြောင်း၊ ပိုင်းခြား- ဆင်ခြင်- သိမြင်-ကြောင်း။ (၁) ပိုင်းခြား-ပိုင်းဖြတ်-ခြင်း။ (က) ပိုင်း ခြား- ဆင်ခြင်- သိမြင်- ခြင်း။ (ခ) ပိုင်းခြား-ပရိစ္ဆိန္ဒနကိရိယာ ပိုင်းဖြတ်- အဆုံးသတ်- ခြင်း။ (ဂ) ပိုင်းခြား-ရေတွက်-ခြင်း။ (၂) ပိုင်း ခြား-ပိုင်းဖြတ်-တတ်သော၊ ပိုင်းခြား-ဆင်ခြင်-သိမြင်-တတ် သော။ (၃) ပိုင်းခြား-ပိုင်းဖြတ်-ကြောင်း၊ ပိုင်းခြား-ဆင်ခြင်-သိမြင်-ကြောင်း။ အာဟ။	(1) el delimitar / determinar. (a) el delimitar / reflexionar / discernir. (b) el delimitar / determinar / poner término. (c) el delimitar / contar. (adjetivo) (2) que suele delimitar / determinar; que suele delimitar / reflexionar / discernir. (3) la causa de delimitar / determinar; la causa de delimitar / reflexionar / discernir.	(1) delimiting / determining. (a) delimiting / reflecting / discerning. (b) delimiting / determining / bringing to an end. (c) delimiting / counting. (adjective) (2) apt to delimit / determine; apt to delimit / reflect / discern. (3) the cause of delimiting / determining; the cause of delimiting / reflecting / discerning.	senses printed twice in the source; translated once
212756	paricchindanti	(က) ပိုင်း ခြား-ပိုင်းဖြတ်-ကုန်၏။ (ခ) ပိုင်းခြား-ခွဲဝေ-ထူးပြားစေ-ကုန်၏။ ပရိစ္ဆိန္ဒတိ(က၊ခ)ကြည့်။ ပရိစ္ဆိန္ဒိတာဘာဝ	(a) delimitan / determinan. (b) delimitan / dividen / distinguen. Véase [[paricchindati]] (a, b).	(a) they delimit / determine. (b) they delimit / divide / distinguish. See [[paricchindati]] (a, b).	see-X left in the Burmese: ပရိစ္ဆိန္ဒတိ(က၊ခ)
212759	paricchindi	ပိုင်းခြား-ပိုင်းဖြတ်-ပြီ။ (က) ပိုင်းခြား-ဆင်ခြင်-သိမြင်-ပြီ။ (ခ) ပိုင်းခြား-ပိုင်းဖြတ်-အဆုံးသတ်-ပြီ။ (ဂ) ထွင်း ထု-ရေးသား-ပုံနှိပ်-ထားပြီ။ ပရိစ္ဆိန္ဒတိ (က၊ဂ၊ င)ကြည့်။	delimitó / determinó. (a) delimitó / reflexionó / discernió. (b) delimitó / determinó / puso término. (c) grabó / escribió / imprimió. Véase [[paricchindati]] (a, c, e).	delimited / determined. (a) delimited / reflected / discerned. (b) delimited / determined / brought to an end. (c) carved / wrote / printed. See [[paricchindati]] (a, c, e).	see-X left in the Burmese: ပရိစ္ဆိန္ဒတိ (က၊ဂ၊ င)
212762	paricchinditābhāva	ပိုင်း ခြင်း-ပိုင်းဖြတ်-အပ်သည်၏အဖြစ်၏ မရှိခြင်း။	la ausencia del hecho de ser delimitado / determinado.	the absence of the state of being delimited / determined.	'ပိုင်းခြင်း' read as 'ပိုင်းခြား' (misprint)
212771	paricchinnakammanidassana	ပိုင်းခြား-ပိုင်းဖြတ်-အပ်သော သံဃါ့ကံတို့ကို-ညွှန်ပြတတ်-ညွှန်ပြကြောင်းဖြစ်-သောသဒ္ဒါ။	la palabra que suele indicar / que es causa de indicar los *kamma* del *saṅgha* delimitados / determinados.	the word that is apt to indicate / is the means of indicating the *saṅgha*'s *kamma* delimited / determined.	⟦=kamma⟧ here is the Saṅgha's formal act (Vinaya)
212777	paricchinnabhālasamāpajjana	ပိုင်းခြားအပ်သော-အခါ-ကာလ-၌-ကောင်းစွာရောက်-ဝင်စား-ခြင်း။	el alcanzar plenamente / entrar en absorción en un momento / tiempo delimitado.	fully attaining / entering absorption at a delimited time / period.	headword 'paricchinnabhāla…' probably for 'paricchinnakāla…' (the Burmese has အခါ-ကာလ)
212784	paricchinnataṭa	ပိုင်းခြားအပ် သော-ကမ်းပါးစောက်-ကမ်းပါးပြတ်-ရှိသော (ထုံးအိုင်)။	que tiene la orilla escarpada / la orilla cortada a pico delimitada (el estanque).	having the steep bank / sheer bank delimited (a pond).	'ထုံးအိုင်' rendered 'pond' (literally 'lime pool'?)
212790	paricchinnadhammanidassana	ပိုင်း ခြားအပ်ပြီးသော တရားတို့ကို-ညွှန်ပြတတ်-ညွှန်ပြကြောင်းဖြစ်-။	que suele indicar / que es causa de indicar los estados ya delimitados.	apt to indicate / being the means of indicating the states already delimited.	text ends at '-ဖြစ်-' (probably 'သော သဒ္ဒါ', 'the word that ...', missing)
212823	paricchinnākāsarūpa	ပိုင်း ခြားအပ်သော - ဟင်းလင်းအပြင် - ကောင်း ကင်-ဟူသော ရုပ်။ ပရိစ္ဆိန္နာယုဘာ၀၀dဘာဝနမုခ(န) ပိုင်းခြားအပ်သော အသက်၏အဖြစ်ကို ထင်စွာပြခြင်းဟူသော-အဦး-အစ-ပဓါန။	el *rūpa* que es el espacio abierto / el cielo delimitado. *paricchinnāyubhāvavibhāvanamukha* (neutro) la entrada / el comienzo / lo principal que es el mostrar claramente el hecho de ser delimitada la vida.	the *rūpa* that is open space / the sky delimited. *paricchinnāyubhāvavibhāvanamukha* (neuter) the head / beginning / chief thing that is showing clearly the state of life being delimited.	a further headword is run on; it is garbled in the source ('ပရိစ္ဆိန္နာယုဘာ၀၀dဘာဝနမုခ') and restored by guess as ပရိစ္ဆိန္နာယုဘာဝဝိဘာဝနမုခ — check
212826	paricchinnuddesavāra	(ပရိ-စ္ဆေဒဝါရ)ဖြင့် ပိုင်းခြားအပ်ပြီးသော အနုသယ တို့၏ အမည်ကို- ညွှန်ပြ- ဟောကြား- အပ် သော ပါဠိ။	el texto pāḷi en que se indican / enseñan los nombres de los *anusaya* ya delimitados mediante el (*paricchedavāra*).	the Pāḷi text in which are indicated / taught the names of the *anusaya* already delimited by the (*paricchedavāra*).	hyphen: ပရိ-စ္ဆေဒဝါရ read as one word
212828	pariccheda	]o*õ 0*õ y&dapäa'g⟩-⟨'¢gwm"sm,muFoHj*[m;/ Op¸mo; y&d0wåõ$öç⟩ ⟨y#vH um@ r~od¬,mH/ o¬meH jyu&PH⟩ ⟨y0õg[ÖduÍö j*E¦oE¨,;}}/ wMw uma0s o*õ;?⟩ ⟨auma% 0*õ;? tvuFma& y&dapäa'g-⟩ ⟨p¸maomf? uxm,m rk'¢gw;? em#au tuF;?⟩ ⟨oH[dwm yk&mPma': t"sm,;? wa`EÅ⟩ ⟨y#vH? jAm[®aP um@rf? £wd[mao⟩ ⟨y0õ;? bma%s tm[édurf? {0raEsyd j*E¦-⟩ ⟨oE¨,; j*E¦aba' a^,m;/ ,xm- yg'⟩-⟨vrÁKuw&*Fo¬wm jyygXum'a,m}yd⟩ ⟨,xm,xrl[sm;/ 0gpoÜws/(-$A´uvÜj'Kr?⟩ ⟨$AÁgxõpdEÅmrPd/)⟩] (၁) ပရိစ္ဆေဒရုပ်၊ အာကာ-သဓါတ်၊ ပိုင်းခြားခြင်း, ပိုင်းခြားတတ်, ပိုင်းခြား အပ်သော ရုပ်တရား။ (၂) ပိုင်းခြား-ပိုင်းဖြတ်-အပ်သော (အရာ)၊ အပိုင်းအခြား၊ အခန်း၊ ကဏ္ဍ။ ယင်းကား- ပိုင်းခြားအပ်သော , ဝတ္ထုဒြပ်-စသည်ဖြင့် များပြား၏။ (၃) အပိုင်းအခြား၊ အတိုင်းအရှည်၊ ပမာဏ။ (၄) ပိုင်းခြား-ရေတွက်-ခြင်း၊ ပိုင်းခြား-ရေတွက်-ကြောင်း၊ အပိုင်းအခြား၊ အရေအတွက်။ (၅) အဆုံးအပိုင်းအခြား။ (၆) ပိုင်းခြားခြင်း၊ ပိုင်း ခြား၍ ယူခြင်း။ (၇) ပိုင်းပြတ်ရာ (နိဗ္ဗာန်)။ (၈) မွေးမြူ-စောင့်ရှောက်-အပ်သူ၊ အတွင်းလူ။ (၁) ပရိစ္ဆေဒရုပ်၊ အာကာသဓါတ်၊ ပိုင်း ခြားခြင်း, ပိုင်းခြားတတ်, ပိုင်းခြားအပ်သော ရုပ်တရား။ “စက္ခုဒသကာဒိ။ ”တိ အာဟ။ မတ္တ-သဒ္ဒေါ ဟိ ဝိသေသနိဝတ္တိအတ္ထော။ (၂) ပိုင်းခြား-ပိုင်းဖြတ်-အပ်သော (အရာ)၊ အပိုင်းအခြား၊ အခန်း၊ ကဏ္ဍ။ နာမရူပပရိစ္ဆေဒ။ ပရမတ္ထဝိနိစ္ဆယ။ သစ္စသင်္ခေပ။ (၃) အပိုင်းအခြား၊ အတိုင်းအရှည်၊ ပမာ ဏ။ (၄) ပိုင်းခြား-ရေတွက်-ခြင်း၊ ပိုင်းခြား-ရေတွက်- ကြောင်း၊ အပိုင်းအခြား၊ အရေ အတွက်။ “ဧကုပ္ပါဒါ”။ ဂဏနပရိစ္ဆေဒန္တိ ဧက-ဝီသတိသင်္ခါတံ သင်္ချာပရိစ္ဆေဒံ။ (၅) အဆုံးအပိုင်းအခြား။ (၆) ပိုင်းခြားခြင်း၊ ပိုင်းခြား၍ ယူခြင်း။ (၇) ပိုင်းပြတ်ရာ (နိဗ္ဗာန်)။ (၈) မွေးမြူ - စောင့်ရှောက် - အပ်သူ၊ အတွင်းလူ။ (ဤ၌ ဝိမာန၊ဋ္ဌ-နှင့်တကွ ဋီကာတို့၌ ပရိစ္ဆေဒေန စ-ဟု ပါဌ်ပျက်လျက် ရှိ၏။ ဝိသုဒ္ဓိ၊ ဋီ၊သျ-၌ ဤသို့ဆုံးဖြတ်သည်။ ဤ ဟူသော ပါဌ်ကို ဆင်ခြင်အပ်၏၊ ယသ-သဒ္ဒါသည် ကိတ္တိအနက်, ပရိဝါရအနက်တို့ကို သာ ဟော၏၊ ပရိစ္ဆေဒအနက်ကိုကား မဟော၊ ဤအရာ၌ ပရိစ္ဆေဒအနက်ဖြင့်လည်း အကျိုး မရှိ၊ ထို့ကြောင့် ပရိစ္ဆေဒေန စ-အရာ၌ ပရိဇနေန-ဟူ၍သာ ရှိသင့်၏၊ ၎င်းဖြင့် ပရိဝါရေန-ကို ထပ်၍ ဖွင့်သည်ဟု ယူအပ်၏။ ပရိဇနေန၊ အခြံအရံပုဂ္ဂိုလ်နတ်သမီးအပေါင်းဖြင့်-ဟု အနက်ပေးရာ၏။ ထို့ကြောင့် ဤနံပါတ် (၈)အနက်သည် ဤ၌ မပါသင့်ပေ။ ) ပရိစ္ဆေဒကထာ	(1) el *paricchedarūpa*; el *ākāsadhātu*; el estado de *rūpa* que es el delimitar, que suele delimitar, que es delimitado. (2) (la cosa) delimitada / determinada; el límite; la sección; el capítulo. Esto es múltiple según lo delimitado, la sustancia material y demás. (3) el límite; la extensión; la medida. (4) el delimitar / contar; la causa de delimitar / contar; el límite; el número. (5) el límite final. (6) el delimitar; el tomar tras delimitar. (7) aquello en que se corta por completo (*nibbāna*). (8) el que es criado / protegido; el allegado.	(1) the *paricchedarūpa*; the *ākāsadhātu*; the *rūpa* state that is delimiting, that is apt to delimit, that is delimited. (2) (the thing) delimited / determined; limit; section; chapter. It is manifold by what is delimited, material substance and so on. (3) limit; extent; measure. (4) delimiting / counting; the means of delimiting / counting; limit; number. (5) the final limit. (6) delimiting; taking having delimited. (7) that in which (things) are cut off (*nibbāna*). (8) one nourished / protected; an intimate.	senses (1)-(8) printed twice; translated once; the sentence 'ယင်းကား- ပိုင်းခြားအပ်သော , ဝတ္ထုဒြပ်-စသည်ဖြင့် များပြား၏' (in (2), first copy only) is unclear; hyphen: အာကာ-သဓါတ် read as one word; the compiler's closing note (left out) says sense (8) rests on a corrupt reading (paricchedena for parijanena) and should not be here
212835	paricchedakaraṇa	အပိုင်းအခြားကို ပြုခြင်း။ (တိ) (၂) အပိုင်း အခြားကို ပြုတတ်သော။ (၂) အောက်ပုဒ်-ကြည့်။	el hacer un límite. (adjetivo) (2) que suele hacer un límite. (2) Véase la entrada siguiente.	making a limit. (adjective) (2) apt to make a limit. (2) See the next headword.	marker (1) missing in the Burmese
212838	paricchedakāpekkha	ပိုင်းခြားတတ်သောကတ္တားကိုငဲ့ ခြင်းရှိသော။	que tiene en cuenta al agente que delimita.	having regard to the agent that delimits.	'ကတ္တား' is the grammatical agent
212844	paricchedajānanakapaññā	အပိုင်းအခြားကို။	… el límite.	… the limit.	truncated: only 'အပိုင်းအခြားကို' (the limit, as object); the rest (probably 'သိတတ်သော ပညာ', the wisdom that knows ...) is missing
212846	paricchedajānanappasaṅga	အပိုင်းအခြားကို သိခြင်း၌-ကပ်ငြိ-ယုံမှား-လျဥ်း ပါး-ခြင်း။	el adherirse / dudar / verse implicado en el conocer el límite.	clinging / doubting / being involved in knowing the limit.	rendering of 'ကပ်ငြိ-ယုံမှား-လျဥ်းပါး' for pasaṅga uncertain
212855	paricchedaniddesa	ပိုင်းခြား ခြင်း- အပိုင်းအခြား- ကို ညွှန်ပြကြောင်းဖြစ်။	que es causa de indicar el delimitar / el límite.	being the means of indicating delimiting / limit.	text ends at 'ဖြစ်' (probably 'သော သဒ္ဒါ', 'the word that ...', missing)
212862	paricchedaparicchinna	ပိုင်းခြား အပ်သော သမယအပိုင်းအခြားကို ပိုင်းခြား ခြင်း။ “ဧက။ ဒီပန”။	el delimitar el límite de tiempo delimitado.	delimiting the delimited limit of time.	'သမယ' (time, occasion) translated
212870	paricchedamatthaka	(ပြာသာဒ် အပြင်) အပိုင်းအခြား၏ အထက်။	(el exterior del palacio) la parte de arriba del límite.	(the outside of the palace) the top of the boundary.	'(ပြာသာဒ် အပြင်)' may mean the outside or the outer surface of the palace; sense uncertain
212872	paricchedarūpa	ပရိစ္ဆေဒရုပ်၊ (ရုပ်ကလာပ်တို့၏ အကြား အာကာသကိုပင် ရုပ်ကလာပ်အချင်းချင်း မရောယှက်အောင် ပိုင်းခြားတတ်, ပိုင်းခြားအပ်, ပိုင်းခြားခြင်းမျှ ဖြစ်သောကြောင့် ပရိစ္ဆေဒရုပ်ဟု ခေါ်သည်။	el *paricchedarūpa* (se llama *paricchedarūpa* porque el mismo espacio entre los *kalāpa* de *rūpa* es solo lo que delimita, lo delimitado, el delimitar, de modo que los *kalāpa* de *rūpa* no se mezclen unos con otros).	the *paricchedarūpa* (it is called *paricchedarūpa* because the very space between the *rūpa* *kalāpa* is merely what delimits, what is delimited, the delimiting, so that the *rūpa* *kalāpa* do not mix with one another).	the bracket is not closed in the source; closed at the end
212884	paricchedākāsakasiṇa	ပိုင်းခြားအပ်သော ကောင်းကင်ဟူ သော ကသိုဏ်း၊ ပရိစ္ဆေဒါကာသကသိုဏ်း၊ (ဤပရိစ္ဆေဒါကာသကသိုဏ်းသည် ကသိုဏ်း ၁၀-ပါးတွင် အာကာသကသိုဏ်းပင် ဖြစ် ပရိစ္ဆေဒါနုရူပ သည်။	el *kasiṇa* que es el cielo delimitado; el *paricchedākāsakasiṇa*; (este *paricchedākāsakasiṇa* es precisamente el *ākāsakasiṇa* entre los 10 *kasiṇa*).	the *kasiṇa* that is the delimited sky; the *paricchedākāsakasiṇa*; (this *paricchedākāsakasiṇa* is the very *ākāsakasiṇa* among the 10 *kasiṇa*).	the bracket is not closed in the source; closed at the end
212897	parijanakammakāra	အခြံ အရံလူနှင့် ကိုယ်ပိုင်အလုပ် လုပ်သူ။ (ဤပုဒ် နှစ်ပုဒ်သည် “ကမ္မကရ, ကမ္မ-ကာရ”ဟူ၍ အနည်းငယ်မျှသာ ကွဲသည်၊ ကမ္မကရ-သည် အခယူ အလုပ် သမားကို ဟော၍ ကမ္မကာရ-သည် ကိုယ် ပိုင်အလုပ် လုပ်သူကို ဟောသည်၊ ဝတ္ထု အကြောင်းအရာသည် အတူပင် ဖြစ်သည်၊ ထို့ကြောင့် “အခြံအရံလူများနှင့် အလုပ် သမား”ဟူသောအနက်ကို ဟောသည့် “ပရိ-ဇနကမ္မကရ”ဟူသော ရှေ့ပုဒ်သာ ပါဌ်မှန် ဖြစ်ရာ၏။	las personas del séquito y el que hace su propio trabajo.	the people of the retinue and one who does his own work.	the compiler's note (left out) says this form (kammakāra, one who works for himself) is a variant and the preceding parijanakammakara (kammakara, hired worker) is the correct reading
212901	parijapitvā	ရွတ်-ဖတ်-သရဇ္ဈာယ်-၍၊ မန္တာန်စုပ်၍၊ မန်း မှုတ်၍။	habiendo recitado / leído / repetido; habiendo musitado un mantra; habiendo ensalmado soplando.	having recited / read / rehearsed; having murmured a mantra; having charmed by incantation and blowing.	'မန္တာန်စုပ်' rendered 'murmured a mantra' (the sense of စုပ် here is unclear)
212902	parijappati	ရွတ်-ဖတ်-သရဇ္ဈာယ်-၏၊ မန္တာန်စုပ်၏၊ မန်းမှုတ်၏။	recita / lee / repite; musita un mantra; ensalma soplando.	recites / reads / rehearses; murmurs a mantra; charms by incantation and blowing.	'မန္တာန်စုပ်' rendered 'murmurs a mantra' (the sense of စုပ် here is unclear)
212903	parijappana	ရွတ်-ဖတ်-သရဇ္ဈာယ်-ခြင်း၊ မန္တာန်စုပ်ခြင်း၊ မန်းမှုတ်ခြင်း။	el recitar / leer / repetir; el musitar un mantra; el ensalmar soplando.	reciting / reading / rehearsing; murmuring a mantra; charming by incantation and blowing.	'မန္တာန်စုပ်' rendered 'murmuring a mantra' (the sense of စုပ် here is unclear)
212904	parijappanti	ရွတ်-ဖတ်-သရဇ္ဈာယ်-ကုန်၏၊ မန္တန်စုပ်ကုန်၏၊ မန်းမှုတ် ကုန်၏။ «S1»	recitan / leen / repiten; musitan un mantra; ensalman soplando. Véase [[parijappati]].	they recite / read / rehearse; they murmur a mantra; they charm by incantation and blowing. See [[parijappati]].	'မန္တန်စုပ်' rendered 'murmur a mantra' (the sense of စုပ် here is unclear)
212905	parijappamāna	ရွတ်-ဖတ်-သရဇ္ဈာယ်-တတ်သော၊ မန္တာန်စုပ်တတ်သော၊ မန်းမှုတ်တတ်သော။	que suele recitar / leer / repetir; que suele musitar un mantra; que suele ensalmar soplando.	apt to recite / read / rehearse; apt to murmur a mantra; apt to charm by incantation and blowing.	'မန္တာန်စုပ်' rendered 'murmur a mantra' (the sense of စုပ် here is unclear)
212906	parijappitvā	ရွတ်-ဖတ်-သရဇ္ဈာယ်-၍၊ မန္တာန်စုပ်၍၊ မန်းမှုတ်၍။	habiendo recitado / leído / repetido; habiendo musitado un mantra; habiendo ensalmado soplando.	having recited / read / rehearsed; having murmured a mantra; having charmed by incantation and blowing.	'မန္တာန်စုပ်' rendered 'murmured a mantra' (the sense of စုပ် here is unclear)
212907	parijappetvā	ရွတ်-ဖတ်-သရဇ္ဈာယ်-၍၊ မန္တာန်စုပ်၍၊ မန်းမှုတ်၍။	habiendo recitado / leído / repetido; habiendo musitado un mantra; habiendo ensalmado soplando.	having recited / read / rehearsed; having murmured a mantra; having charmed by incantation and blowing.	'မန္တာန်စုပ်' rendered 'murmured a mantra' (the sense of စုပ် here is unclear)
212908	parijambhati	ကွန့်မြူး, စမ္ပယ်၏။	retoza, se regocija.	frolics, revels.	'စမ္ပယ်' unclear (perhaps for စံပယ် / စံစား, 'enjoy'); rendered 'se regocija / revels'
212918	parijānanakiriyā	ပိုင်းခြား၍ သိခြင်းဟူသော -။	el … que es el conocer tras delimitar.	the … that is knowing having delimited.	truncated after 'ဟူသော -' (the noun, probably ကြိယာ 'action', is missing)
212939	parijānāmi	ပိုင်းခြား၍ သိ၏။ «S1»	conoce tras delimitar. Véase [[parijānāti]].	knows having delimited. See [[parijānāti]].	headword is 1st person (-mi), rendered 3rd as the Burmese (၏)
212961	parijita	ဖျက်ဆီး-ရှုိ့မြှူိက်-တို့ထိ-ကပ္ပိ-ခြင်း။	el destruir / incendiar / tocar / ‹ကပ္ပိ›.	destroying / setting on fire / touching / ‹ကပ္ပိ›.	garbled text: 'ရှုိ့မြှူိက်' read as ရှို့မြှိုက် (set on fire); 'ကပ္ပိ' unclear; the senses do not obviously fit parijita
212983	pariññā	(၁) ပိုင်းခြား၍ သိခြင်း၊ ပိုင်းခြား-ဆင်ခြင်-သိ မြင်-မှု၊ ပရိညာ။ ထိုပရိညာသည် , ပဟာနပရိညာအားဖြင့် သုံးပါးပြားသည်။ ထိုတွင် တေဘူမကရုပ်နာမ် ဓမ္မသင်္ခါရတို့ကို သာမညဝိသေသ, အဇ္ဈတ္တ-ဗဟိဒ္ဓ, လက္ခဏရသ ပစ္စုပဋ္ဌာန် ပဒဋ္ဌာန် စသည်တို့၏အစွမ်းဖြင့် အထူးထူး အပြားပြား ပိုင်းခြား သိမြင်မှုသည် ]ဉာတပရိညာ} မည် သည်။ ယင်းဉာတပရိညာသည် ဒိဋ္ဌိဝိသုဒ္ဓိ, ကင်္ခါဝိတရဏဝိသုဒ္ဓိအရာ၌ တည်သည်။ ရုပ် နာမ်ဓမ္မသင်္ခါရတို့ကို အနိစ္စစသော ၄၂-ပါး သော အခြင်းအရာတို့ဖြင့် ပိုင်းခြား သုံးသပ် ဆုံးဖြတ် ဆင်ခြင်မှုသည် ]တီရဏပရိညာ} မည် သည်။ ယင်းတီရဏပရိညာသည် , ဉာဏဒဿနဝိသုဒ္ဓိအရာ၌လည်း ကောင်း၊ သမ္မသနဉာဏ်မှစ၍ အနုလောမ ဉာဏ်တိုင်အောင်သော ဉာဏ်အရာ၌လည်း ကောင်း တည်သည်။ ရုပ်နာမ်ဓမ္မသင်္ခါရတို့၌ ဆန္ဒရာဂစသည်ကို ပယ်ဖျက်မှုသည် ]ပဟာနပရိညာ}မည်သည်။ (၂) လွန်မြောက်ခြင်း။ (တိ) (၃) ပိုင်းခြား၍ သိတတ်သော။ (၄) ပိုင်းခြား ၍ သိအပ်သော။ (၅) ပိုင်းခြား၍ သိရာ၊ လွန် မြောက်ရာ။ (၁) ပိုင်းခြား၍ သိခြင်း၊ ပိုင်းခြား-ဆင်ခြင်-သိမြင်-မှု။ (၂) လွန်မြောက်ခြင်း။ (၃) ပိုင်းခြား၍ သိ တတ်သော။ «S1» (၄) ပိုင်း ခြား၍ သိအပ်သော။	(1) el conocer discerniendo; el discernir / reflexionar / conocer y ver; *pariññā*. Esa *pariññā* se divide en tres: (…) *pahānapariññā*. De ellas, el conocer y ver discerniendo, uno por uno y en sus divisiones, los *dhammasaṅkhāra* *rūpanāma* *tebhūmaka* por medio de *sāmañña* *visesa*, *ajjhatta* / *bahiddha*, *lakkhaṇa* *rasa* *paccupaṭṭhāna* *padaṭṭhāna* y demás, se llama *ñātapariññā*. Esa *ñātapariññā* se asienta en el ámbito de *diṭṭhivisuddhi* y *kaṅkhāvitaraṇavisuddhi*. El discernir, examinar, decidir y reflexionar sobre los *dhammasaṅkhāra* *rūpanāma* por los 42 modos que comienzan por *anicca* se llama *tīraṇapariññā*. Esa *tīraṇapariññā* se asienta tanto en el ámbito de (…) *ñāṇadassanavisuddhi* como en el ámbito de los conocimientos que van desde el *sammasanañāṇa* hasta el *anulomañāṇa*. El abandonar y destruir el *chandarāga* y demás respecto de los *dhammasaṅkhāra* *rūpanāma* se llama *pahānapariññā*. (2) el trascender. (adjetivo) (3) que suele conocer discerniendo. (4) que ha de ser conocido discerniendo. (5) aquello en que se conoce discerniendo; aquello en que se trasciende. Véase [[pariññāñāṇa]].	(1) knowing by discerning; discerning / reflecting / knowing and seeing; *pariññā*. That *pariññā* is divided into three: (…) *pahānapariññā*. Of these, knowing and seeing by discerning, one by one and in their divisions, the *tebhūmaka* *rūpanāma* *dhammasaṅkhāra* by way of *sāmañña* *visesa*, *ajjhatta* / *bahiddha*, *lakkhaṇa* *rasa* *paccupaṭṭhāna* *padaṭṭhāna* and so on, is called *ñātapariññā*. That *ñātapariññā* stands in the domain of *diṭṭhivisuddhi* and *kaṅkhāvitaraṇavisuddhi*. Discerning, examining, deciding and reflecting on the *rūpanāma* *dhammasaṅkhāra* by the 42 modes beginning with *anicca* is called *tīraṇapariññā*. That *tīraṇapariññā* stands both in the domain of (…) *ñāṇadassanavisuddhi* and in the domain of the knowledges from *sammasanañāṇa* up to *anulomañāṇa*. Abandoning and destroying *chandarāga* and so on with regard to the *rūpanāma* *dhammasaṅkhāra* is called *pahānapariññā*. (2) transcending. (adjective) (3) apt to know by discerning. (4) to be known by discerning. (5) that in which one knows by discerning; that in which one transcends. See [[pariññāñāṇa]].	senses (1)-(4) printed a second time after sense (5), with «S1» after (3) of the repeat; translated once, «S1» put at the end; the list of the three pariññā looks stripped (only ⟦ပဟာနပရိညာ⟧ left, marked (…)), and something before ⟦ဉာဏဒဿနဝိသုဒ္ဓိ⟧ likely stripped too (marked (…)); the entry continues in 212984
212984	pariññā	«S1» (၅) ပိုင်းခြား ၍ သိရာ၊ လွန်မြောက်ရာ။ ပရိညာ၂ (ကြိ၊ ဝိ) [။ တွာ-ကို ယ-ပြု၊ ချေ။ = =။ ] ပိုင်းခြားသိ၍၊ ပိုင်းခြား ဆင် ခြင် သိမြင်၍။ ယ-ကာရလောပဝသေနာယံ နိဒ္ဒေသော “ပရိညာ”။	Véase también [[pariññaṭṭha]]. (5) aquello en que se conoce discerniendo; aquello en que se trasciende. (calificativo verbal) habiendo conocido discerniendo; habiendo discernido, reflexionado, conocido y visto.	See also [[pariññaṭṭha]]. (5) that in which one knows by discerning; that in which one transcends. (verbal qualifier) having known by discerning; having discerned, reflected, known and seen.	this row joins the tail of pariññā (1) (sense 5 repeated from 212983) with a second entry pariññā² (absolutive, from pariññāya); check whether sense (5) belongs here
212994	pariññāta	(၁) ပိုင်းခြား၍ သိခြင်း။ (တိ) (၂) ပိုင်းခြား၍သိအပ်သော။ (၁)  «S1»	(1) el conocer discerniendo. (adjetivo) (2) conocido discerniendo. (1) Véase [[pariññātattha]].	(1) knowing by discerning. (adjective) (2) known by discerning. (1) See [[pariññātattha]].	a stray '(1)' stands before «S1» at the end; kept as printed
213001	pariññātadhamma	ပိုင်းခြား၍ သိအပ်ပြီးသော တရားရှိသော၊ တရားကို ပိုင်း ခြား ဆင်ခြင် သိမြင်ပြီးသော၊ သူ။	que tiene los estados ya conocidos discerniendo; que ya ha discernido, reflexionado, conocido y visto los estados (dicho de una persona).	having states already known by discerning; who has already discerned, reflected on, known and seen the states (said of a person).	တရား read as 'states' (dhammas); could be 'the Teaching'
213011	pariññātavāra	ပရိညာတ သဒ္ဒါဖြင့် မှတ်သားအပ်သော ပါဠိရပ်၊ ပရိ-ညာတဝါရ။	el pasaje del texto pāḷi señalado por la palabra *pariññāta*; el *pariññātavāra*.	the passage of the Pāḷi text marked by the word *pariññāta*; the *pariññātavāra*.	hyphen: ပရိ-ညာတဝါရ read as one word
213034	pariññāpaññatti	ပိုင်းခြား၍ သိမှု-ပရိညာ-ကို အပြားအားဖြင့် သိစေခြင်း၊ ပရိညာပဋိဝေဓ ပရိညာပညတ်။	el hacer conocer por sus divisiones el conocer discerniendo / la *pariññā*; *pariññāpaṭivedha*; *pariññāpaññatti*.	making known by its divisions knowing by discerning / *pariññā*; *pariññāpaṭivedha*; *pariññāpaññatti*.	'ပရိညာပဋိဝေဓ ပရိညာပညတ်' printed without a separator; ⟦ပရိညာပဋိဝေဓ⟧ may be a stray (a neighbouring headword)
213037	pariññāpaṭikkhepa	ပိုင်းခြား ၍ သိမှု-ပရိညာ-ကို ပယ်မြစ်ခြင်း။ “အပရိ-ညာတ”။	el rechazar / negar el conocer discerniendo / la *pariññā*.	rejecting / denying knowing by discerning / *pariññā*.	ပယ်မြစ် (paṭikkhepa) rendered rechazar / reject
213038	pariññāpaṭivedha	(၁) ပိုင်း ခြား၍ သိခြင်းဟူသော ထိုးထွင်း၍ သိခြင်း။ (၂) ပိုင်းခြား၍ သိခြင်းအားဖြင့် ထိုးထွင်း၍ သိခြင်း။ (၃) ပိုင်းခြား၍ သိခြင်းအားဖြင့် ထိုး ထွင်း၍ သိအပ်သော။ (၄) ပိုင်းခြား၍ သိအပ်, ထိုးထွင်း၍ သိအပ်သော။ ဒုက္ခ-သစ္စန္တိအာဒီသု ပရိညာပဋိဝေဓန္တိအာဒိ ဘာဝ-နပုံသကဝစနံ။ (၄)  «S1»	(1) el conocer penetrando que es el conocer discerniendo. (2) el conocer penetrando por medio del conocer discerniendo. (3) que ha de ser conocido penetrando por medio del conocer discerniendo. (4) que ha de ser conocido discerniendo, que ha de ser conocido penetrando. (4) Véase [[pariññāpaṭivedhaṭṭha]].	(1) knowing by penetration that is knowing by discerning. (2) knowing by penetration by means of knowing by discerning. (3) to be known by penetration by means of knowing by discerning. (4) to be known by discerning, to be known by penetration. (4) See [[pariññāpaṭivedhaṭṭha]].	a stray '(4)' stands before «S1» at the end; kept as printed
213041	pariññāpahātabbatā	ပိုင်းခြား၍ သိသည်၏အဖြစ်, ပယ်အပ် သည်၏အဖြစ်။	el hecho de conocer discerniendo, el hecho de haber de ser abandonado.	the state of knowing by discerning, the state of being to be abandoned.	the Burmese has 'the state of knowing' (active) for the first member, beside the passive 'to be abandoned'; translated as printed
213043	pariññāpāragū	ပိုင်းခြား ၍ သိခြင်း- ပရိညာ-ဖြင့် ကမ်းတစ်ဖက်သို့ ရောက်သော၊ သူ။ (က) တီရဏပရိညာဖြင့် နိဗ္ဗာန်ဟူသော ကမ်းတစ်ဖက်သို့ ရောက်သော၊ သူ။ (ခ) ပရိညာသုံးပါးဖြင့် နိဗ္ဗာန်ဟူသော ကမ်းတစ်ဖက်သို့ ရောက်သော၊ သူ။ (ဂ) ဥပါ-ဒါနက္ခန္ဓာတို့ကို ပိုင်းခြား၍ သိခြင်းဖြင့် နိဗ္ဗာန် ဟူသော ကမ်းတစ်ဖက်သို့ ရောက်သော၊ သူ။	que ha llegado a la otra orilla por medio del conocer discerniendo / la *pariññā* (dicho de una persona). (a) que ha llegado a la otra orilla que es el *nibbāna* por medio de la *tīraṇapariññā* (dicho de una persona). (b) que ha llegado a la otra orilla que es el *nibbāna* por medio de las tres *pariññā* (dicho de una persona). (c) que ha llegado a la otra orilla que es el *nibbāna* por medio del conocer discerniendo los *upādānakkhandha* (dicho de una persona).	who has reached the further shore by means of knowing by discerning / *pariññā* (said of a person). (a) who has reached the further shore that is *nibbāna* by means of *tīraṇapariññā* (said of a person). (b) who has reached the further shore that is *nibbāna* by means of the three *pariññā* (said of a person). (c) who has reached the further shore that is *nibbāna* by knowing the *upādānakkhandha* by discerning (said of a person).	hyphen: ဥပါ-ဒါနက္ခန္ဓာ read as one word
213063	pariññāvāra	သုံးပါးကို ပြလျက် ဟောသော ပါဠိ။ (, ဓါတ်, , ဣန္ဒြေတို့ကို အကျဥ်းအားဖြင့် ပရိ-ညာသုံးပါးတို့ကို ပြလျက် ဟောသော ပါဠိ သည် ပရိညာဝါရ မည်၏။ ဤပရိညာဝါရ သည် , ဣန္ဒြိယယမိုက်တို့၌သာ ဖြစ်သည်။ ပရိညာဝါရ၌ ပစ္စုပ္ပန်, အတိတ်, အနာဂတ်, ပစ္စုပ္ပန်အတိတ်, ပစ္စုပ္ပန်အနာဂတ်, အတိတ် အနာဂတ်ဟူသော ကာလ ၆-ပါး, အနုလုံ, ပစ္စနိက် ဟူသော နည်းနှစ်ပါး, အဖြေတူသော ကြောင့်လည်းကောင်း, ပရိညာကိစ္စမည်သည် ပုဂ္ဂိုလ်အားသာ ဖြစ်၍ ဩကာသအား မဖြစ်, ပုဂ္ဂိုလ်သည်သာ ပိုင်းခြား၍သိခြင်းငှာ စွမ်းနိုင်၍ ဩကာသသည် မစွမ်းနိုင်သောကြောင့်လည်း ကောင်း ပုဂ္ဂလဝါရသာ ရသည်၊ ဘဗ္ဗပုထုဇဥ် ပုဂ္ဂိုလ် တစ်ယောက်, အဘဗ္ဗပုထုဇဥ်ပုဂ္ဂိုလ် တစ်ယောက်, အရိယာပုဂ္ဂိုလ် ရှစ်ယောက် အားဖြင့် ပုဂ္ဂိုလ်တစ်ကျိပ်ကို ဟောတော်မူ သည်။ ၁၂၁)။	el texto pāḷi que enseña mostrando las tres (…). El texto pāḷi que enseña mostrando brevemente las tres *pariññā* respecto de (…), los *dhātu*, (…), las *indriya*, se llama *pariññāvāra*. Este *pariññāvāra* se da solo en (…) los *indriyayamaka*. En el *pariññāvāra* se obtiene solo el *puggalavāra*, porque las seis clases de tiempo, a saber, presente, pasado, futuro, presente-pasado, presente-futuro y pasado-futuro, y los dos métodos, a saber, *anuloma* y *paccanīka*, tienen la misma respuesta, y porque la tarea de la *pariññā* corresponde solo a la persona y no al lugar (*okāsa*), ya que solo la persona es capaz de conocer discerniendo y el lugar no lo es; se enseñan diez personas: una persona *bhabbaputhujjana*, una persona *abhabbaputhujjana* y ocho personas *ariya*.	the Pāḷi text that teaches by showing the three (…). The Pāḷi text that teaches by showing in brief the three *pariññā* with regard to (…), the *dhātu*, (…), the *indriya*, is called *pariññāvāra*. This *pariññāvāra* occurs only in (…) the *indriyayamaka*. In the *pariññāvāra* only the *puggalavāra* is obtained, because the six kinds of time, namely present, past, future, present-past, present-future and past-future, and the two methods, namely *anuloma* and *paccanīka*, have the same answer, and because the task of *pariññā* belongs only to the person and not to the place (*okāsa*), since only the person is able to know by discerning and the place is not; ten persons are taught: one *bhabbaputhujjana* person, one *abhabbaputhujjana* person and eight *ariya* persons.	text begins truncated ('…the three'); several members of the lists stripped (marked (…)); hyphen: ပရိ-ညာ read as one word; ဣန္ဒြိယယမိုက် read as indriyayamaka
213080	pariḍahana	ထက်ဝန်းကျင် လောင်ကျွမ်းခြင်း။ အောက်ပုဒ်-ကြည့်။ ပရိဍဟနကိစ္စ(န) ထက်ဝန်းကျင် လောင်ကျွမ်းခြင်း-အမှု-ကိစ္စ။	el consumirse en llamas por todas partes. Véase la entrada siguiente. *pariḍahanakicca* (neutro): la tarea / función del consumirse en llamas por todas partes.	being consumed by fire all around. See the next headword. *pariḍahanakicca* (neuter): the task / function of being consumed by fire all around.	the row runs on into a further entry, ⟦ပရိဍဟနကိစ္စ⟧ (န), kept with its gloss; it may need its own row
213083	pariṇata	(ကိုယ်, နှုတ်တို့ဖြင့်) ညွတ်- ကိုင်း- ရှုိင်း- ပြီး သော။ (၂) ကြေကျက်လွယ်သော။ (၃) ရင့် ကျက်-ကြီးပွား-သော၊ ရင့်ကျက်-ကြီးပွား-ခြင်း သို့ ရောက်သော။ (၄) ပြောင်းလွဲ-ဖောက်ပြန်-သော၊ တစ်ပါးသော အခြင်းအရာအားဖြင့် ဖြစ်သော။ (၅) အမျိုးမျိုး ကွဲပြားသော။ (၁) (ကိုယ်, နှုတ်တို့ဖြင့်) ညွတ်-ကိုင်း-ရှုိင်း-ပြီးသော။ (အတ္တနော) ပရိဏာမေယျ။ (၂)ကြေကျက်လွယ် သော။ «S1» (၃) ရင့်ကျက်-ကြီးပွား-သော၊ ရင့်ကျက်- ကြီးပွား- ခြင်းသို့ ရောက်သော။ (၄) ပြောင်းလွဲ-ဖောက်ပြန်-သော၊ တစ်ပါးသော အခြင်းအရာ အားဖြင့် ဖြစ်သော။ (၅) အမျိုး မျိုး ကွဲပြားသော။	(1) (con el cuerpo y la palabra) ya inclinado / volcado / orientado. (2) fácil de digerir. (3) maduro / desarrollado; llegado a la madurez / al desarrollo. (4) cambiado / alterado; que ocurre de otro modo. (5) diferenciado de diversas maneras. Véase también [[pariṇatabhojī]].	(1) (with body and speech) already bent / inclined / turned towards. (2) easy to digest. (3) mature / grown; come to maturity / growth. (4) changed / altered; occurring in another way. (5) differentiated in various ways. See also [[pariṇatabhojī]].	senses (1)-(5) printed twice, the number (1) missing before the first copy; translated once, «S1» (after (2) of the repeat) moved to the end
213084	pariṇatakaṇikārādipuppha	ရင့်သော တောင်ဖက်ဝန်း (မဟာလှေခါး) စသော ပန်းပွင့်။	las flores de ‹တောင်ဖက်ဝန်း› (‹မဟာလှေခါး›) y demás, maduras.	the flowers of ‹တောင်ဖက်ဝန်း› (‹မဟာလှေခါး›) and so on, fully mature.	plant names ‹တောင်ဖက်ဝန်း› and ‹မဟာလှေခါး› left in Burmese (the Pāḷi kaṇikāra is usually Pterospermum acerifolium; not confirmed)
213087	pariṇatajayasumanapupphavaṇṇa	ရင့်သော-လယ်ခေါင် ရမ်း- မိုးစွေပန်း- ပွင့်အဆင်းနှင့် တူသော အဆင်းရှိသော။	que tiene un color semejante al color de la flor madura de ‹လယ်ခေါင်ရမ်း› / ‹မိုးစွေပန်း›.	having a colour like the colour of the mature flower of ‹လယ်ခေါင်ရမ်း› / ‹မိုးစွေပန်း›.	plant names ‹လယ်ခေါင်ရမ်း› / ‹မိုးစွေပန်း› (for jayasumana) left in Burmese
213090	pariṇatadvaya	ပရိဏတ-သိက္ခာပုဒ်-နှစ်ခုအပေါင်း (နိဿဂ္ဂိယ ပတ္တဝဂ် အဆုံးနှင့် သုဒ္ဓပါစိတ် သဟဓမ္မိကဝဂ် အဆုံး ပရိဏတဝယ သိက္ခာပုဒ်)။ ပရိဏတဒွယေ “အတ္တနော”။	el conjunto de las dos reglas de entrenamiento (*sikkhāpada*) *pariṇata* (la regla *pariṇata* al final del *pattavagga* de los *nissaggiya* y la del final del *sahadhammikavagga* de los *suddhapācittiya*).	the group of the two *pariṇata* training rules (*sikkhāpada*) (the *pariṇata* rule at the end of the *pattavagga* of the *nissaggiya* and the one at the end of the *sahadhammikavagga* of the *suddhapācittiya*).	'ပရိဏတဝယ သိက္ခာပုဒ်' in the bracket read as the ⟦ပရိဏတ⟧ rule(s) (misprint for ပရိဏတဒွယ?)
213092	pariṇatapaduma	ရင့်ကျက်-ကြီးရင့်-သော ပဒုမ္မာကြာ။ ပရိဏတပလ္လ၀၀ဏ္ဏ (တိ) ရင့်သော ရွက်ညွန့်အဆင်းနှင့် တူသော အဆင်းရှိသော။ ပရိဏတပလ္လ၀၀ဏ္ဏကာလ(ပု) ရင့်သော ရွက်ညွန့်အဆင်းနှင့် တူသောအဆင်းရှိရာ-အချိန်-အခါ-ကာလ။ တရုဏပလ္လ၀၀ဏ္ဏကာလေ ပဝတ္တံ ပရိဏတ-ပလ္လ၀၀ဏ္ဏကာလံ။	el loto *paduma* maduro / crecido. *pariṇatapallavavaṇṇa* (adjetivo): que tiene un color semejante al color de los brotes maduros. *pariṇatapallavavaṇṇakāla* (masculino): la hora / el momento / el tiempo en que se tiene un color semejante al color de los brotes maduros.	the mature / full-grown *paduma* lotus. *pariṇatapallavavaṇṇa* (adjective): having a colour like the colour of mature shoots. *pariṇatapallavavaṇṇakāla* (masculine): the hour / moment / time of having a colour like the colour of mature shoots.	the row runs on into two further entries (ids 213093–213094 are absent from the shard), kept with their glosses; in their headwords the digit '၀' was read as the letter ဝ
213101	pariṇamati	ရောက်-တည်ရှိ-၏။ (၂) ရင့်ကျက်၏၊ ရင့် ကျက်ခြင်းသို့ ရောက်၏။ (၃) ကြေ-ကျက်-လွယ်၏။ (၄) မှည့်ရင့်၏၊ အကျိုးပေး၏။ (၅) စွန့်-လွှတ်-၏။ (၆) ဖောက်ပြန်-ပြောင်းလွဲ-၏။ (၇) ညွတ်-ကိုင်း-၏။ (၁) သက်ရောက်- တည်ရှိ- ၏။ (၂) ရင့်ကျက်၏၊ ရင့်ကျက်ခြင်းသို့ ရောက်၏။ ပရိ-ပရိဏမနသီလ ဏမတီ။ (၃) ကြေ-ကျက်-လွယ်၏။ (၄) မှည့်ရင့်၏၊ အကျိုး ပေး၏။ (၅) စွန့်-လွှတ်-၏။ (၆) ဖောက်ပြန်-ပြောင်း လွဲ-၏။ (၇) ညွတ်-ကိုင်း-၏။	(1) llega / recae / permanece. (2) madura; llega a la madurez. (3) se digiere / asimila fácilmente. (4) madura; da su fruto. (5) renuncia a / suelta. (6) se altera / cambia. (7) se inclina / se vuelca.	(1) reaches / falls upon / remains. (2) matures; comes to maturity. (3) is easily digested / assimilated. (4) ripens; gives its fruit. (5) gives up / lets go. (6) alters / changes. (7) bends / inclines.	senses (1)-(7) printed twice, the number (1) missing before the first copy; (1) reads ရောက်-တည်ရှိ in the first copy, သက်ရောက်-တည်ရှိ in the second; translated once, merging both
213108	pariṇāma	(၁) ရင့်ကျက်ခြင်း။ (၂) ပြောင်းလွဲခြင်း။ (၃) ကင်းခြင်း။ (၄) စိတ် ညွတ်- အဓိဋ္ဌာန်- ခြင်း။ (၅) ရင့်ကျက်ရာ-အချိန်-အခါ။ (၁) ရင့်ကျက်ခြင်း။ (၂) ပြောင်းလွဲခြင်း။ (၃) ကင်းခြင်း။ (၄) စိတ်ညွတ်-အဓိဋ္ဌာန်-ခြင်း။ (၅) ရင့်ကျက်ရာ-အချိန်-အခါ။ «S1»	(1) el madurar. (2) el cambiar. (3) el estar libre de. (4) el inclinar la mente / el *adhiṭṭhāna*. (5) la hora / el momento de madurar. Véase [[pariṇāmakāla]].	(1) maturing. (2) changing. (3) being free from. (4) inclining the mind / *adhiṭṭhāna*. (5) the hour / moment of maturing. See [[pariṇāmakāla]].	senses (1)-(5) printed twice; translated once
213112	pariṇāmadukkha	ဖောက်ပြန် သောဆင်းရဲ။	el sufrimiento que cambia.	suffering that changes.	ဖောက်ပြန်သော ဆင်းရဲ read as 'suffering that changes' (the suffering of change)
213118	pariṇāmanasikkhāpada	ပရိဏာမနသိက္ခာပုဒ်၊ (သံဃါသို့ ညွတ်ပြီး သော လာဘ်ကို မိမိသို့ ညွတ်စေခြင်းနှင့် ပုဂ္ဂိုလ် တစ်ပါးသို့ ညွတ်စေခြင်းကြောင့် ပညတ်အပ် သော သိက္ခာပုဒ် ၂-ခု။	el *pariṇāmanasikkhāpada*; (las 2 reglas de entrenamiento establecidas por hacer inclinar hacia uno mismo y por hacer inclinar hacia otra persona una ganancia ya inclinada hacia el *saṅgha*).	the *pariṇāmanasikkhāpada*; (the 2 training rules laid down for causing a gain already inclined towards the *saṅgha* to be turned to oneself and for causing it to be turned to another person).	closing bracket missing in the source; supplied
213122	pariṇāmayamāna	လွန်စေသော။	que hace sobrepasar.	causing to pass beyond.	လွန်စေ (cause to pass beyond) is unexpected for pariṇāmayamāna; possibly a misprint for ညွတ်စေ (cause to bend)
213155	pariṇāyikā	ဦးစီး-ဦးဆောင် - အကြီးအမှူးဖြစ် -။ (ခ) ဦးစီး-ဦးဆောင်-စီမံခန့်ခွဲ-တတ် သော မိန်းမ။ «S1»	que es guía / líder / jefa -. (b) mujer que suele dirigir / guiar / administrar. Véase [[pariṇāyaka]].	being a guide / leader / chief -. (b) a woman apt to direct / lead / administer. See [[pariṇāyaka]].	sense (a) has no number and seems truncated ('…ဖြစ် -။')
213161	pariṇeti	ထက်ဝန်းကျင် မှ ဆောင်၏။ ပရိဏေတိ၂ (ကာ၊ကြိ) ပြီးစေ ၏။ ပရိဏေန္တိ(ကြိ) ထက်ဝန်းကျင် မှ ဆောင်ကုန်၏။	conduce desde todas partes. *pariṇeti* 2 (verbo causativo): lleva a término. *pariṇenti* (verbo): conducen desde todas partes.	leads from all around. *pariṇeti* 2 (causative verb): brings to completion. *pariṇenti* (verb): lead from all around.	the row runs on into two further entries (⟦ပရိဏေတိ⟧ 2 and ⟦ပရိဏေန္တိ⟧), kept with their glosses; label (ကာ၊ကြိ) rendered 'causative verb'
213162	pariṇeti	ကြည့်။	Véase.	See.	only 'ကြည့်။' (see) is left; its target is missing
213187	paritassissāma	တပ်မက်-တောင့်တ-ကုန်လတ္တံ့။ «S1»	se apegarán / anhelarán. Véase [[paritassati]] (1).	will be attached / will long. See [[paritassati]] (1).	the headword is 1st pl. future (-issāma), but the Burmese has ကုန်လတ္တံ့ (2nd/3rd); the Burmese followed
213233	paritosehi	နှစ်သက်-နှစ်သိမ့်-စေလော့။ «S1» ပရိတ္တ၁ (တိ) [ပရိ+ဒါ+တ။ ] ပရိတ္တ၁ ထက်ဝန်းကျင်မှ ပိုင်းဖြတ်-ပိုင်းခြား-အပ်သော။ (က) နည်းသော အတိုင်းအရှည်ရှိသော၊ နည်း သော၊ အနည်းငယ်သော။ (ခ) အစွမ်း-သတ္တိ-နည်းသော။ (ဂ) အဖိုးနည်းသော။ (ဃ) မပွား စေအပ်သော (ကာမာဝစရတရား)။ (င) တို တောင်းသော။ (စ) အားနည်းသော။ (ဆ) နုံ့နှေးသော။ (ဇ) သေးငယ်သော။ (ဈ) ယုတ် ညံ့သော။ (ည) ကျဥ်းမြောင်းသော။ (က) နည်းသော အတိုင်းအရှည်ရှိသော၊ နည်းသော၊ အနည်းငယ်သော။	¡complace / reconforta! Véase [[paritoseti]]. *paritta* 1 (adjetivo): delimitado / circunscrito desde todas partes. (a) que tiene una medida pequeña; poco; escaso. (b) de poca fuerza / poder. (c) de poco valor. (d) no desarrollado (los estados *kāmāvacara*). (e) corto. (f) débil. (g) torpe / lento. (h) pequeño. (i) inferior / vil. (j) estrecho.	please / comfort! See [[paritoseti]]. *paritta* 1 (adjective): delimited / circumscribed from all around. (a) having a small measure; little; slight. (b) of little strength / power. (c) of little value. (d) not developed (the *kāmāvacara* states). (e) short. (f) weak. (g) dull / slow. (h) small. (i) inferior / base. (j) narrow.	the row runs on from paritosehi into a new entry ⟦ပရိတ္တ⟧ 1 (adjective), kept with its gloss; its senses are printed a second time, from (a) here on into 213234–213235
213234	paritta	(ခ) အစွမ်း-သတ္တိ-နည်းသော။ (ဂ) အဖိုးနည်းသော။ (ဃ) မပွားစေအပ်သော (ကာမာဝစရတရား)။ ပရိတ္တာနီတိ အဝဍ္ဎို-တာနိ။ (င) တိုတောင်းသော။ (စ) အားနည်းသော။ (ဆ) နုံ့နှေးသော။ (ဇ) သေးငယ်သော။	(b) de poca fuerza / poder. (c) de poco valor. (d) no desarrollado (los estados *kāmāvacara*). (e) corto. (f) débil. (g) torpe / lento. (h) pequeño.	(b) of little strength / power. (c) of little value. (d) not developed (the *kāmāvacara* states). (e) short. (f) weak. (g) dull / slow. (h) small.	continues the second printing of paritta¹ senses from 213233 (a duplicate of what is translated there)
213235	paritta	(ဈ) ယုတ်ညံ့ သော။ ပရိတ္တေနာ။ (ည) ကျဥ်းမြောင်း သော။ ပရိတ္တ၂ (န) [ပရိ+တာ+တ] ပရိတ်၊ အရံအတား။	(i) inferior / vil. (j) estrecho. *paritta* 2 (neutro): la *paritta*; la protección / el resguardo.	(i) inferior / base. (j) narrow. *paritta* 2 (neuter): the *paritta*; protection / safeguard.	senses (i)-(j) end the duplicate of paritta¹; a new entry ⟦ပရိတ္တ⟧ 2 (neuter) begins in this row, kept with its gloss
213247	parittakammakaraṇa	ဆီး-ကာကွယ်-စောင့်ရှောက်-မှုကို ပြုခြင်း။ အထက် (၃) ပုဒ်ကြည့်။	el realizar el resguardo / la defensa / la protección. Véase la entrada de arriba (3).	performing warding off / defence / protection. See the headword above (3).	'see the headword above (3)' left in the Burmese: presumably ⟦ပရိတ္တကမ္မ⟧ sense (3)
213271	parittagotta	ကာမ-အမျိုး-အနွယ်။	el linaje / la estirpe de *kāma*.	the lineage / stock of *kāma*.	⟦ကာမ⟧ presumably stands for kāmāvacara (paritta = the limited, sense-sphere)
213274	parittaceta	ထက်ဝန်းကျင်မှ ပိုင်းဖြတ်အပ်သော စိတ်ရှိသော၊ ကျဥ်းမြောင်း သော စိတ်ရှိသော၊ သူ။ (ပရိတ္တစိတ္တ-ပုဒ်လည်း ကြည့်။	que tiene la mente delimitada desde todas partes; que tiene la mente estrecha (dicho de una persona). (Véase también [[parittacitta]].)	having a mind delimited from all around; having a narrow mind (said of a person). (See also [[parittacitta]].)	'see also ⟦ပရိတ္တစိတ္တ⟧' left in the Burmese; its closing bracket supplied
213288	parittattika	ပရိတ္တဟူသော အစပုဒ်ဖြင့် ရအပ်သော အမည်ရှိသော ပုဒ် ၃-ခုတို့၏အပေါင်း၊ ပရိတ္တတိက်။ (နည်းသော အာနုဘော်ရှိသော ပရိတ္တတရား, ပြန့်ပြော ပရိတ္တဒဿန သော အကျိုးရှိသောကြောင့် မြတ်သည်၏ အဖြစ်သို့ ရောက်သော မဟဂ္ဂတတရား, အတိုင်းအရှည်ပမာဏကို ပြုတတ်သည့် ကိလေသာမရှိသော အပ္ပမာဏတရား၊ ဤသုံး ပါးအပေါင်းကို ဟောသော မာတိကာပါဠိကို “ပရိတ္တတ္တိက = ပရိတ္တတိက်”ဟု ခေါ်သည်။	el conjunto de tres términos cuyo nombre se toma del término inicial *paritta*; el *parittattika*. (El texto pāḷi de la *mātikā* que enseña el conjunto de estos tres, los estados *paritta*, que tienen poco poder, los estados *mahaggata*, que han llegado a la excelencia por tener un fruto amplio, y los estados *appamāṇa*, que no tienen *kilesa* que pongan medida / límite, se llama «*parittattika* = *parittattika*».)	the group of three terms whose name is taken from the first term *paritta*; the *parittattika*. (The *mātikā* Pāḷi text teaching the group of these three, the *paritta* states, which have little power, the *mahaggata* states, which have reached excellence through having an ample fruit, and the *appamāṇa* states, which have no *kilesa* that set a measure / limit, is called “*parittattika* = *parittattika*”.)	closing bracket missing in the source; supplied
213303	parittapaccupaṭṭhāna	မာဝစရတရားဟု ဉာဏ်၌ ရှေးရှူထင်သော။	que se manifiesta ante el conocimiento como estado *kāmāvacara*.	manifesting itself to knowledge as a *kāmāvacara* state.	text begins 'မာဝစရ', read as ကာမာဝစရ
213308	parittapariyāya	ပရိတ္တ သဒ္ဒါ၏-ပရိယာယ်-၀ေ၀kစ်-ဖြစ်သော (အပ္ပ) သဒ္ဒါ။ အပ္ပ-သဒ္ဒဿ ပရိတ္တပရိယာယံ မနသိ ကတွာ အာဟ -တိ။	la palabra (*appa*) que es sinónimo / equivalente de la palabra *paritta*.	the word (*appa*) that is a synonym / equivalent of the word *paritta*.	'၀ေ၀kစ်' read as ဝေဝစ် (vevacana, synonym)
213325	parittalokāmisa	အနည်းငယ်သော လောက၌ရှိသည့် သုံးသပ်အပ်သော - အာမိသ - ကာမဂုဏ် ငါးပါး။	el *āmisa* / los cinco *kāmaguṇa* que existen en el mundo pequeño, que han de ser saboreados.	the *āmisa* / five *kāmaguṇa* found in the small world, which are to be relished.	သုံးသပ်အပ်သော read as 'to be relished'; it may mean 'to be examined / touched'
213330	parittavipākaviññāṇa	ကာမာဝစနဝိပါက် - ဝိညာဏ် - စိတ်။	el *viññāṇa* / la mente *vipāka* *kāmāvacara*.	the *kāmāvacara* *vipāka* *viññāṇa* / mind.	'ကာမာဝစန' read as ကာမာဝစရ (misprint)
213333	parittasaññī	သေးငယ် သော-အမှတ်-သညာ-ရှိသော၊ အတ္တ။ ပရိတ္တသုခ	que tiene una noción / *saññā* pequeña; el *atta*.	having a small notion / *saññā*; the *atta*.	'၊ အတ္တ' at the end probably names what the adjective describes (the self perceived as small); unclear
213346	parittaharitatiṇa	အနည်းငယ်စိမ်းသော မြက်သစ်ပင် ရှိရာဖြစ် သော။	que es un lugar con poca hierba y plantas verdes.	being a place with little green grass and plants.	'အနည်းငယ်စိမ်းသော' could also mean 'slightly green'
213349	parittāṇakiṭikā	မိုးကာကဲလား။	‹မိုးကာကဲလား›.	‹မိုးကာကဲလား›.	an object left in Burmese: မိုးကာ is 'rain-guard'; ကဲလား unclear (a screen or mat against rain?)
213355	parittābhā	(၁) နည်း သော-သေးငယ်သော-အရောင်-အဆင်း-ရှိ သော၊ ဗြဟ္မာ၊ ပရိတ္တာဘာဗြဟ္မာ။ ဤဗြဟ္မာ ကား ဒုတိယဈာန်သုံးဘုံတွင် တည်း။ ဒုတိယဈာန်သုံးဘုံကား --- ပရိတ္တာ-ဘာဘုံ, အပ္ပမာဏာဘာဘုံ, အာဘဿရာဘုံ တို့တည်း။ (ထီ) (၂) နည်း သော-သေးငယ်သော-အရောင်-အဆင်း-ရှိ သော ဗြဟ္မာတို့၏ နေရာဘုံ၊ ပရိတ္တာဘာဘုံ။	(1) el *brahmā* que tiene un brillo / color escaso / pequeño; el *brahmā* *parittābhā*. Este *brahmā* está en las tres *bhūmi* del segundo *jhāna*. Las tres *bhūmi* del segundo *jhāna* son la *bhūmi* *parittābhā*, la *bhūmi* *appamāṇābhā* y la *bhūmi* *ābhassarā*. (femenino) (2) la *bhūmi*, morada de los *brahmā* que tienen un brillo / color escaso / pequeño; la *bhūmi* *parittābhā*.	(1) the *brahmā* having slight / small radiance / colour; the *parittābhā* *brahmā*. This *brahmā* is among the three *bhūmi* of the second *jhāna*. The three *bhūmi* of the second *jhāna* are the *parittābhā* *bhūmi*, the *appamāṇābhā* *bhūmi* and the *ābhassarā* *bhūmi*. (feminine) (2) the *bhūmi*, dwelling of the *brahmā* having slight / small radiance / colour; the *parittābhā* *bhūmi*.	hyphen: ပရိတ္တာ-ဘာ read as one word
213371	parittāsubha	(၁) အနည်း ငယ် တင့်တယ်သော တခဲနက် ကိုယ်ရောင်ရှိ။ (ထီ) (၂) အနည်းငယ် တင့် တယ်သော တခဲနက် ကိုယ်ရောင်ရှိသော ဗြဟ္မာတို့၏ နေရာဘုံ၊ ပရိတ္တာသုဘာဘုံ၊ တတိယဈာန်သုံးဘုံတွင် အစဆုံးဘုံ။	(1) que tiene un resplandor corporal uniforme de poca belleza. (femenino) (2) la *bhūmi*, morada de los *brahmā* que tienen un resplandor corporal uniforme de poca belleza; la *bhūmi* *parittāsubhā*, la primera de las tres *bhūmi* del tercer *jhāna*.	(1) having an even bodily radiance of slight beauty. (feminine) (2) the *bhūmi*, dwelling of the *brahmā* having an even bodily radiance of slight beauty; the *parittāsubhā* *bhūmi*, the first of the three *bhūmi* of the third *jhāna*.	sense (1) ends '…ကိုယ်ရောင်ရှိ။', apparently truncated (probably '…ရှိသော ဗြဟ္မာ', the brahmā so described); တခဲနက် read as 'even, uniform'
213389	paridayhanti	လောင် ကျွမ်း -ပူလောင်-ကုန်၏။ «S1» ပရိဒယှမာန (တိ) လောင် ကျွမ်း-ပူလောင်-သော။ အောက်ပုဒ်-ကြည့်။	se consumen en llamas / arden. Véase [[paridayhati]]. *paridayhamāna* (adjetivo): que se consume en llamas / arde. Véase la entrada siguiente.	are consumed by fire / burn. See [[paridayhati]]. *paridayhamāna* (adjective): being consumed by fire / burning. See the next headword.	the row runs on into a further entry, ⟦ပရိဒယှမာန⟧ (တိ), kept with its gloss
213394	paridassati	ညွှန်ပြ-ပြောဆို-၏၊ မှာထား၏။ ပရိဒဿိ=ပရိဒဿေသိ (ကြိ) [+ဤ] ညွှန် ပြ-ပြောဆို-ပြီ၊ မှာထားပြီ။ အထက်ပုဒ်ကြည့်။	señala / dice; encarga. *paridassi* = *paridassesi* (verbo): ha señalado / dicho; ha encargado. Véase la entrada anterior.	points out / says; enjoins. *paridassi* = *paridassesi* (verb): has pointed out / said; has enjoined. See the preceding headword.	the row runs on into a further entry, ⟦ပရိဒဿိ⟧ = ⟦ပရိဒဿေသိ⟧ (ကြိ), kept with its gloss
213395	paridassi	ဝတ်ရုံလော့။ အောက်ပုဒ် ၂-ကြည့်။ ပရိဒဟတိ၁ (ကြိ) ပူလောင်-ပူပန်-လောင်ကျွမ်း-၏။ ပရိဒဟတိ၂ (ကြိ) ဝတ်ရုံ-ဝတ်ဆင်-၏။ ပရိဒဟန၁ (န၊ထီ) [+ယု] ပူလောင်-ပူပန်-လောင်ကျွမ်း- ခြင်း။ ပရိဒဟန၂ (န) [+ယု] ဝတ်ရုံခြင်း။ ပရိဒဟနကရ (တိ) ပူလောင်-ပူပန်- လောင်ကျွမ်း- မှုကို ပြုသော။ ပရိဒဟနသမတ္ထ (တိ) ပူ လောင်-ပူပန်-လောင်ကျွမ်း-ခြင်းငှာ စွမ်းနိုင် သော။ ပရိဒဟန္တ (တိ) ဝတ်ရုံ-ဝတ်ဆင်-သော။ ပရိဒဟန္တိ၁ (ကြိ) ပူလောင်-ပူပန်- လောင်ကျွမ်း- ကုန်၏။ «S1»	¡envuélvete! Véase la entrada siguiente 2. *paridahati* 1 (verbo): arde / se aflige / se consume en llamas. *paridahati* 2 (verbo): se envuelve / se viste. *paridahana* 1 (neutro, femenino): el arder / afligirse / consumirse en llamas. *paridahana* 2 (neutro): el envolverse. *paridahanakara* (adjetivo): que causa el arder / afligirse / consumirse en llamas. *paridahanasamattha* (adjetivo): capaz de arder / afligir / consumir en llamas. *paridahanta* (adjetivo): que se envuelve / se viste. *paridahanti* 1 (verbo): arden / se afligen / se consumen en llamas. Véase [[paridahati1]].	wrap yourself! See the next headword 2. *paridahati* 1 (verb): burns / is distressed / is consumed by fire. *paridahati* 2 (verb): wraps oneself / dresses. *paridahana* 1 (neuter, feminine): burning / being distressed / being consumed by fire. *paridahana* 2 (neuter): wrapping oneself. *paridahanakara* (adjective): causing burning / distress / consumption by fire. *paridahanasamattha* (adjective): able to burn / distress / consume by fire. *paridahanta* (adjective): wrapping oneself / dressing. *paridahanti* 1 (verb): burn / are distressed / are consumed by fire. See [[paridahati1]].	the headword is paridassi, but the gloss 'ဝတ်ရုံလော့' (wrap yourself!, an imperative) belongs to another entry, probably an imperative of paridahati; the row then runs on into eight further entries (ids 213396–213405 absent), kept with their glosses; «S1» at the end belongs to ⟦ပရိဒဟန္တိ⟧ 1; 'see the next headword 2' left in the Burmese
213427	paridīpayamāna	ရှားစွာဖော်ပြတတ်သော။	que suele exponer claramente.	apt to clearly set forth.	text begins 'ရှားစွာ' (probably 'ထင်ရှားစွာ' truncated)
213432	paridīpitadhammakkhandha	ရှားစွာ ဖော်ပြအပ်သော-ဓမ္မက္ခန္ဓာ-တရား အစု။	el *dhammakkhandhā* / conjunto de la Enseñanza expuesto claramente.	the *dhammakkhandhā* / body of the Teaching clearly set forth.	text begins 'ရှားစွာ' (probably 'ထင်ရှားစွာ' truncated)
213434	paridīpituṁ	ရှားစွာ- ဖော်ပြ- သိစေ-ခြင်းငှာ။ အာဒိ။	para exponer claramente / hacer saber.	in order to clearly set forth / make known.	text begins 'ရှားစွာ' (probably 'ထင်ရှားစွာ' truncated)
213435	paridīpetuṁ	ရှားစွာ- ဖော်ပြ- သိစေ-ခြင်းငှာ။ အာဒိ။	para exponer claramente / hacer saber.	in order to clearly set forth / make known.	text begins 'ရှားစွာ' (probably 'ထင်ရှားစွာ' truncated)
213441	paridīpessanti	ရှားစွာ-ဖော်ပြ-သိစေ-ကုန်လတ္တံ့။ «S1»	expondrán claramente / harán saber. Véase [[paridīpeti]].	they will clearly set forth / make known. See [[paridīpeti]].	text begins 'ရှားစွာ' (probably 'ထင်ရှားစွာ' truncated)
213442	paridubbala	ထက်ဝန်းကျင်-အား ငယ်- အားသေး- သော၊ အလွန် အားသေး သော။ ပရိဒေ၀၁ (ပု) [+ဏ။ ဒိဝေါ စု ကူဇပီဠနေ။ ] (၁) ငိုကြေး-မြည်တမ်း-ခြင်း။ (၂) ငိုကြေး-မြည်တမ်း-ကြောင်း တရား။ (တိ)(၃) ငိုကြေး-မြည်တမ်း-သော၊ သူ။ (၁)(၂) ၁၁၊၃၄၊ ၁၄၂၊ ၅၂-၃၊၁၄၃-၆-၄၃၉၊၄၄၈-အဘိ၊ပု။ ၁၃၊၂၈-၉၊၃၃-ပဋိသံ၊ ၁၂-၃-၄-၅-၆၊၃၇၊၅၆၊၅၈-၉၊၆၂-၃-၄-ဣတိဝုတ်။ သုတ္တနိ၊၃၂၇၊မဟာနိ။ ၈၈၊ ၁၃၄-၅-ဣတိဝုတ်၊ဋ္ဌ။ ၆၈၊ ၁၈၁- ဝဇိရ။ အံ၊ဋီ၊ ပရိဒေဝတိ ၃။ ) (၃) ပရိဒေ-ဝတာ-ကြည့်။ ပရိဒေ၀၂ (ကြိ) ငိုကြေး-မြည် တမ်း-လော့။ «S1»	débil / de poca fuerza por todas partes; sumamente débil. Véase [[paridevati]].	weak / feeble all round; exceedingly weak. See [[paridevati]].	text runs on into the articles ပရိဒေဝ 1 and ပရိဒေဝ 2 (ids 213443-213444 absent from the shard?); only the paridubbala definition translated; «S1» belongs to the run-on article ပရိဒေဝ 2, kept at the end
213445	paridevakāraṇa	ကြေး-မြည်တမ်း-ခြင်း၏ အကြောင်း။	la causa del llorar / lamentarse.	the cause of weeping / lamenting.	text begins 'ကြေး' (probably 'ငိုကြေး' truncated)
213451	paridevanakathā	ကြေး-မြည်တမ်း-အပ်သော စကား။	las palabras lloradas / lamentadas.	words wept / lamented.	text begins 'ကြေး' (probably 'ငိုကြေး' truncated)
213454	paridevanagāthā	ကြေး-မြည်တမ်း-အပ်သော ဂာထာ။	la *gāthā* llorada / lamentada.	the *gāthā* wept / lamented.	text begins 'ကြေး' (probably 'ငိုကြေး' truncated)
213457	paridevanākāra	ကြေး-မြည်တမ်း-သော- အခြင်းအရာ- အမူ အရာ။	el modo / el comportamiento de quien llora / se lamenta.	the manner / bearing of one weeping / lamenting.	text begins 'ကြေး' (probably 'ငိုကြေး' truncated)
213466	paridevapucchā	ပရိဒေဝ၏-ပရိဒေဝယတိ အမေး-ပုစ္ဆာ၊ ပရိဒေဝကို မေးခြင်း။	la pregunta / *pucchā* de *parideva* / *paridevayati*; el preguntar sobre *parideva*.	the question / *pucchā* of *parideva* / *paridevayati*; asking about *parideva*.	'ပရိဒေဝ၏-ပရိဒေဝယတိ' unclear: ပရိဒေဝယတိ may be a stray word; ပရိဒေဝ may be a proper name here
213471	paridevayamāna	ကြေး- မြည်တမ်း- သော၊ သူ။	que llora / se lamenta (dicho de una persona).	weeping / lamenting (said of a person).	text begins 'ကြေး' (probably 'ငိုကြေး' truncated)
213472	paridevayavho	ကြေး- မြည်တမ်း- ကုန်ပြီ။ «S1»	lloraron / se lamentaron. Véase [[paridevayati]].	they wept / lamented. See [[paridevayati]].	text begins 'ကြေး' (probably 'ငိုကြေး' truncated)
213482	paridevitasadda	ငိုကြေး-မြည်တမ်း -။	llorar / lamentarse.	weeping / lamenting.	truncated: 'ငိုကြေး-မြည်တမ်း -။' ends with a bare hyphen (probably '…သော အသံ' 'the sound of weeping' lost)
213486	paridevī	ငိုကြေး-မြည်တမ်း-ပြီ။ «S1» ပရိဒေဝီ၂ (တိ) [+ဏီ] ငိုကြေး-မြည်တမ်း-လေ့ရှိသော၊ သူ။	lloró / se lamentó. Véase [[paridevati]].	wept / lamented. See [[paridevati]].	text runs on into the article ပရိဒေဝီ 2 (adjective, id 213487 absent from the shard?); only the verb sense translated
213512	paridhovati	ကြော-သုတ်သင်-၏။	lava / limpia.	washes / cleans.	text begins 'ကြော' (probably 'ဆေးကြော' truncated)
213517	pariniṭṭhanti	ထက်ဝန်း ကျင်-အကြင်းမရှိ-ပြီးဆုံး-ပြီးစီး-ကုန်၏။ ပရိနိဋ္ဌာတိ-ပုဒ်ကြည့်။	por todas partes / sin resto, se acaban / se completan. Véase [[pariniṭṭhāti]].	all round / without remainder, they are finished / completed. See [[pariniṭṭhāti]].	'see X' (ပုဒ်ကြည့်) left in the text
213524	pariniṭṭhānakāla	ဝန်းကျင်-အကြင်းမရှိ-ပြီးဆုံး-ပြီးစီး-ရာအခါ။	el momento en que se acaba / se completa por todas partes / sin resto.	the time when it is finished / completed all round / without remainder.	text begins 'ဝန်းကျင်' (probably 'ထက်ဝန်းကျင်' truncated)
213526	pariniṭṭhāpana	ထက်ဝန်းကျင်-ပြီးဆုံး-ပြီးစီး-စေခြင်း။ (တိ)(၂) ထက်ဝန်းကျင်-ပြီးဆုံး-ပြီးစီး-စေတတ်သော (တဏှာ)။ (၂) အောက်ပုဒ်-ကြည့်။	(1) el hacer acabar / completar por todas partes. (adjetivo) (2) que suele hacer acabar / completar por todas partes (la *taṇhā*). (2) Véase la entrada siguiente.	(1) causing to be finished / completed all round. (adjective) (2) apt to cause to be finished / completed all round (said of *taṇhā*). (2) See the next headword.	sense number (1) not printed; supplied
213527	pariniṭṭhāpanaṭṭha	ထက်ဝန်း ကျင်-ပြီးဆုံး-ပြီးစီး-စေတတ်သည်၏-အဖြစ်-ဖြစ်စေခြင်း - ဟူသော အနက်သဘော။	el sentido de: el hecho de ser / el hacer que sea algo que suele hacer acabar / completar por todas partes.	the sense of: the state of being / causing to be what is apt to cause to be finished / completed all round.	'-အဖြစ်-ဖြစ်စေခြင်း' read as two alternatives (the state of being / causing to be); doubtful
213532	pariniṭṭhitaüddesa	ဝန်းကျင်-ပြီးဆုံး-ပြီးစီး-သော ပါဠိသင်ခြင်းရှိ သော၊ ပါဠိသင်ပြီးသော၊ သူ။	que tiene el aprendizaje del *pāl̤i* acabado / completado por todas partes; que ha terminado de aprender el *pāl̤i* (dicho de una persona).	whose learning of the *pāl̤i* is finished / completed all round; who has finished learning the *pāl̤i* (said of a person).	text begins 'ဝန်းကျင်' (probably 'ထက်ဝန်းကျင်' truncated)
213541	pariniṭṭhitalābha	ဝန်းကျင်- ပြီးဆုံး-ပြီးစီး- ပြီးသော (သင်္ကန်း) လာဘ်။	la ganancia (de hábitos) acabada / completada por todas partes.	the gain (of robes) finished / completed all round.	text begins 'ဝန်းကျင်' (probably 'ထက်ဝန်းကျင်' truncated)
213543	pariniṭṭhitavītikkama	ဝန်းကျင်-ပြီးဆုံး-ပြီးစီး-ပြီးသော-လွန်ကျူး-ကျော်နင်း-ခြင်း။ ကိဉ္စာပိ “သဉ္စိစ္စာ” “သဉ္စိစ္စာ”။	la transgresión / el traspaso acabado / consumado por todas partes.	the transgressing / overstepping finished / completed all round.	text begins 'ဝန်းကျင်' (probably 'ထက်ဝန်းကျင်' truncated)
213546	pariniṭṭhitasāla	ဝန်းကျင် ဆောက်လုပ်ပြီးစီးသော ဇရပ်။	el albergue cuya construcción está terminada por todas partes.	the rest-house whose building is finished all round.	text begins 'ဝန်းကျင်' (probably 'ထက်ဝန်းကျင်' truncated)
213547	pariniṭṭhitasikkha	ဝန်းကျင်-ပြီးဆုံး-ပြီးစီး-ပြီးသော ဖြည့်ကျင့်မှုရှိ သော၊ ဖြည့်ကျင့်မှုပြီးဆုံးသော၊ သူ။	que tiene la práctica de cumplimiento acabada / completada por todas partes; cuya práctica de cumplimiento ha terminado (dicho de una persona).	whose practice of fulfilment is finished / completed all round; whose practice of fulfilment has ended (said of a person).	text begins 'ဝန်းကျင်' (probably 'ထက်ဝန်းကျင်' truncated)
213558	parinipphādita	ဝန်းကျင်-ပြီးဆုံး-ပြီးစီး-စေအပ်သော။	hecho acabar / completar por todas partes.	caused to be finished / completed all round.	text begins 'ဝန်းကျင်' (probably 'ထက်ဝန်းကျင်' truncated)
213560	parinibbanti	(က) ငြိမ်း အေးကုန်၏။ (ခ) ပရိနိဗ္ဗာန်ပြုကုန်၏။ ပရိနိဗ္ဗာတိ (က၊ ခ) ကြည့်။	(a) se extinguen y se enfrían. (b) realizan el *parinibbāna*. Véase [[parinibbāti]] (a, b).	(a) they are extinguished and cooled. (b) they attain *parinibbāna*. See [[parinibbāti]] (a, b).	'see X' with sense letters left in the text
213564	parinibbātu	ပရိနိဗ္ဗာန် ဝင်စံပါလော့။ အထက်ပုဒ် (ခ) ကြည့်။	que entre en el *parinibbāna*. Véase la entrada anterior (b).	may he enter *parinibbāna*. See the preceding headword (b).	polite imperative (ပါလော့) rendered as 3rd-person jussive to match -tu; 'see' with sense letter left in the text
213566	parinibbātukāma	နိဗ္ဗာန်ပြုခြင်းငှာ အလိုရှိသော၊ သူ။	que desea realizar el *nibbāna* (dicho de una persona).	wishing to attain *nibbāna* (said of a person).	text begins 'နိဗ္ဗာန်' (probably 'ပရိနိဗ္ဗာန်' truncated)
213567	parinibbāna	(၁) ပရိနိဗ္ဗာန်- ပြု- ဝင်စံ- ခြင်း၊ ကိလေသာ, ခန္ဓာတို့၏ (အကြင်းမဲ့)-မဖြစ်-ကုန်ဆုံး-ပျက် စီး-ခြင်း။ (ယင်းပရိနိဗ္ဗာန်သည် ကိလေသ ပရိနိဗ္ဗာန်, ခန္ဓပရိနိဗ္ဗာန်, ဓါတ်တော်တို့၏ အကြင်းမဲ့ ပျက်စီးခြင်းဟုဆိုအပ်သော ဓါတု ပရိနိဗ္ဗာန်အားဖြင့် ၃-မျိုးရှိသည်၊ ထိုသုံးမျိုးတို့ ပရိနိဗ္ဗာန၁ တွင် ကိလေသပရိနိဗ္ဗာန်သည် ဘုရားဖြစ် တော်မူစ ဗောဓိပင်ရင်းကပင် ဖြစ်တော်မူခဲ့ သည်။ ခန္ဓပရိနိဗ္ဗာန်သည် ကုသိနာရုံပြည် မလ္လာမင်းတို့၏ ဥယျာဥ် အင်ကြင်းပင်ပျို နှစ်ပင် တို့၏ အကြား၌ ဖြစ်ခဲ့သည်။ ဓါတုပရိနိဗ္ဗာန် သည် နောင် သာသနာတော် ကွယ်ပျောက် သောအခါ ဗောဓိပင်၌ ဖြစ်လိမ့်မည်။ သာသနာတော် ဆုတ်ယုတ်ပျက်စီးသော အခါ လူ့ပြည်, နတ်ပြည်, နဂားပြည်တို့မှ ရှိရှိ သမျှ အားလုံးသော ဓါတ်တော်တို့သည် ရှေးဦးစွာ သီဟိုဠ်ကျွန်း မဟာစေတီ၊ ထိုမှ နာဂဒီပကျွန်း ရာဇာယတနစေတီ၊ ထိုမှ မဟာ ဗောဓိပင်သို့ ကြသွားတော်မူကြလိမ့်မည်။ မဟာဗောဓိပင်၌ ဓါတ်တော်အားလုံး စုရုံး၍ လက္ခဏာတော်ကြီးငယ် အသွယ်သွယ်တို့ဖြင့် တင့်တယ်သော တခဲနက်သော ရွှေဆင်းတု တော် ပုံဟန် ဖန်ဆင်းပြီးလျှင် ရောင်ခြည်တော် ၆-သွယ် ကွန့်မြူးလျက် ရေမီးအစုံအစုံသော တန်ခိုးပြာဋိဟာကို ပြတော်မူကာ ဗြဟ္မာ့ပြည် တိုင်အောင် အခိုးအလျှံ တက်စေလျက် တေဇောဓါတ် လောင်ကျွမ်းတော်မူကြလိမ့် မည်။ ရှင်တော်မြတ်ဘုရားသည် ကိုယ်တော် မြတ်၏နောက်မှ မာရ်နတ် တကောက်ကောက် လိုက်၍ တောင်းပန်နှောင့်ယှက်သောကြောင့် ခန္ဓပရိနိဗ္ဗာန် စံဝင်တော်မူသည် မဟုတ်ပေ၊ ကိုယ်တော်တိုင် ဆုံးမချေချွတ်မှ ကျွတ်သင့် သော ဗုဒ္ဓဝေနေယျသတ္တဝါများ မရှိသော ကြောင့် ကုဋေနှစ်သန်းလေးသိန်းသော သမာ ပတ်များကို ဝင်စားပြီးမှ ကိုယ်တော်မြတ်၏ ဆန္ဒတော်ဖြင့် ပရိနိဗ္ဗာန်စံဝင်တော်မူသည်။ ရိုသေလေးမြတ်စွာ ကိုးကွယ်ဆည်းကပ်မှု မပြုကြသောကြောင့် ဓါတ်တော်များ တေ-ဇောဓါတ်လောင်ကျွမ်းကာ ကွယ်ပျောက်ရ သည်။ ဓါတ်တော်များ တေဇော ဓါတ်လောင်ကျွမ်းပြီးမှ ဘုရားရှင်သာသနာ တော် ကွယ်ပျောက်သည်၊ သာသနာတော် မကွယ်ပျောက်မီ တစ်ပါးသောဘုရားရှင်တို့ ပွင့်ရိုးထုံးစံ မရှိချေ၊ တစ်ဆူသော ဘုရားရှင် သာသနာတော် ကွယ်ပျောက်ပြီးမှသာ တစ် ပါးသော ဘုရားရှင်တို့ ပွင့်တော်မူကြရသည်။ မြတ်စွာဘုရား ပရိနိဗ္ဗာန် စံဝင်တော်မူရာ ဌာနသည် နတ်လူအပေါင်း သွားရောက်ဖူး မြော် သံဝေဂယူသင့်သော သံဝေဇနိယ ၄-ဌာနတွင် တစ်ပါးအပါအဝင် ဖြစ်သည်။ ) (တိ) (၂) ပရိနိဗ္ဗာန်-ပြု-ဝင်စံ-သော၊ သူ။ (၃) ပရိနိဗ္ဗာန်-ပြု-ဝင်စံ-ရာဖြစ်သော (အခါ စသည်။ ပရိနိဗ္ဗာနကာလ	(1) el realizar / entrar en el *parinibbāna*; el no surgir (sin resto) / agotarse / perecer de los *kilesa* y los *khandha*. (Este *parinibbāna* es de tres clases: el *kilesaparinibbāna*, el *khandhaparinibbāna* y el *dhātuparinibbāna*, llamado la destrucción sin resto de las reliquias. De esas tres, el *kilesaparinibbāna* tuvo lugar al pie del árbol *bodhi*, en cuanto llegó a ser Buddha. El *khandhaparinibbāna* tuvo lugar entre los dos *sāla* jóvenes del jardín de los reyes *mallā*, en la ciudad de *kusinārā*. El *dhātuparinibbāna* tendrá lugar en el árbol *bodhi* más adelante, cuando desaparezca la *sāsana*. Cuando la *sāsana* decline y perezca, todas las reliquias que haya en el mundo de los seres humanos, en el mundo de los *deva* y en el mundo de los *nāga* irán primero al *mahācetiya* de la isla de *sīhaḷa*, de allí al *cetiya* *rājāyatana* de la isla de *nāgadīpa*, y de allí al gran árbol *bodhi*. Reunidas todas las reliquias en el gran árbol *bodhi*, formarán la figura de una imagen de oro macizo, hermosa con las diversas marcas mayores y menores; desplegando rayos de seis colores y mostrando el prodigio (*pāṭihāriya*) del agua y el fuego emparejados, y haciendo subir el humo y las llamas hasta el mundo de *brahmā*, serán consumidas por el *tejodhātu*. El Buddha no entró en el *khandhaparinibbāna* porque *māra* lo siguiera paso a paso suplicándole y molestándolo; como ya no había seres *buddhaveneyya* que debieran liberarse sólo por su propia instrucción, entró en el *parinibbāna* por su propia voluntad, tras haber entrado en dos millones cuatrocientos mil *koṭi* de *samāpatti*. Porque no se las honra, venera y rinde culto con respeto, las reliquias son consumidas por el *tejodhātu* y desaparecen. Sólo después de que las reliquias hayan sido consumidas por el *tejodhātu* desaparece la *sāsana* del Buddha; no es costumbre que aparezca otro Buddha antes de que desaparezca la *sāsana*; sólo después de desaparecer la *sāsana* de un Buddha aparece otro Buddha. El lugar donde el Buddha entró en el *parinibbāna* es uno de los cuatro lugares *saṁvejaniya*, a los que la multitud de *deva* y seres humanos debe ir a venerar y en los que debe tomar *saṁvega*.) (adjetivo) (2) que realiza / entra en el *parinibbāna* (dicho de una persona). (3) en que se realiza / se entra en el *parinibbāna* (el momento y demás).	(1) attaining / entering *parinibbāna*; the (remainderless) non-arising / exhaustion / perishing of the *kilesa* and the *khandha*. (This *parinibbāna* is of three kinds: *kilesaparinibbāna*, *khandhaparinibbāna* and *dhātuparinibbāna*, called the remainderless destruction of the relics. Of these three, *kilesaparinibbāna* took place at the foot of the *bodhi* tree, as soon as he became Buddha. *khandhaparinibbāna* took place between the two young *sāla* trees in the garden of the *mallā* kings, in the city of *kusinārā*. *dhātuparinibbāna* will take place at the *bodhi* tree in the future, when the *sāsana* disappears. When the *sāsana* declines and perishes, all the relics there are in the human world, the *deva* world and the *nāga* world will go first to the *mahācetiya* on the island of *sīhaḷa*, from there to the *rājāyatana* *cetiya* on the island of *nāgadīpa*, and from there to the great *bodhi* tree. All the relics gathered at the great *bodhi* tree will form the figure of a solid gold image, beautiful with the various major and minor marks; spreading rays of six colours and showing the wonder (*pāṭihāriya*) of paired water and fire, and sending smoke and flames up to the *brahmā* world, they will be consumed by the *tejodhātu*. The Buddha did not enter *khandhaparinibbāna* because *māra* followed him step by step, pleading with and pestering him; as there were no more *buddhaveneyya* beings who were to be delivered only by his own instruction, he entered *parinibbāna* of his own will, after entering two million four hundred thousand *koṭi* of *samāpatti*. Because they are not honoured, revered and worshipped with respect, the relics are consumed by the *tejodhātu* and disappear. Only after the relics have been consumed by the *tejodhātu* does the Buddha's *sāsana* disappear; it is not the rule for another Buddha to appear before the *sāsana* has disappeared; only after one Buddha's *sāsana* has disappeared does another Buddha appear. The place where the Buddha entered *parinibbāna* is one of the four *saṁvejaniya* places, where the multitude of *deva* and human beings should go to pay homage and take *saṁvega*.) (adjective) (2) attaining / entering *parinibbāna* (said of a person). (3) in which *parinibbāna* is attained / entered (the time and so on).	long encyclopaedic note translated in full; 'ကုဋေနှစ်သန်းလေးသိန်း' read as 2,400,000 koṭi; 'ရိုသေလေးမြတ်စွာ… မပြုကြသောကြောင့်' subject unstated (people), rendered impersonally
213569	parinibbānakathā	နိဗ္ဗာန်နှင့် စပ်၍ မေးမြန်း-ဖြေဆို-အပ်သော စကား။ ကထာဝတ္ထုပါဠိ၊၂၂-ဝဂ်၊ ၁-ကထာ။	las palabras preguntadas / respondidas en relación con el *nibbāna*.	words asked / answered in connection with *nibbāna*.	text begins 'နိဗ္ဗာန်' (probably 'ပရိနိဗ္ဗာန်' truncated)
213570	parinibbānakāraṇa	ငြိမ်း-အေး-စေခြင်း၏အကြောင်း။ (၂) ပရိ နိဗ္ဗာန်-ပြု-ဝင်စံ-ခြင်း၏ အကြောင်း။ (၁) (၁) ကြည့်။ (၂) “အပ္ပတိဋ္ဌိတကာရဏာ”တိ။	(1) la causa del hacer extinguirse / enfriarse. (2) la causa del realizar / entrar en el *parinibbāna*. (1) Véase (1).	(1) the cause of causing to be extinguished / cooled. (2) the cause of attaining / entering *parinibbāna*. (1) See (1).	sense number (1) not printed at the start, supplied; '(၁) (၁) ကြည့်' ('(1) see (1)') has lost the headword referred to
213571	parinibbānakāla	နိဗ္ဗာန်-ပြု-ဝင်စံ-ရာ အခါ။ (က) ပရိနိဗ္ဗာန် စံခါ နီးသော အခါ။ (ခ) ပရိနိဗ္ဗာန်ဝင်စံပြီးသော အခါ။	el momento en que se realiza / se entra en el *nibbāna*. (a) el momento cercano a entrar en el *parinibbāna*. (b) el momento tras haber entrado en el *parinibbāna*.	the time when *nibbāna* is attained / entered. (a) the time near to entering *parinibbāna*. (b) the time after having entered *parinibbāna*.	text begins 'နိဗ္ဗာန်' (probably 'ပရိနိဗ္ဗာန်' truncated)
213581	parinibbānaṭṭhāna	ပရိနိဗ္ဗာန် ဝင်စံတော်မူရာ အရပ်။	el lugar donde (el Buddha) entró en el *parinibbāna*.	the place where (the Buddha) entered *parinibbāna*.	subject implied by the honorific တော်မူ
213583	parinibbānadivasa	ပရိနိဗ္ဗာန် ဝင်စံတော်မူရာ နေ့၊ ပရိနိဗ္ဗာန်ပြုတော်မူသော နေ့။	el día en que (el Buddha) entró en el *parinibbāna*; el día en que realizó el *parinibbāna*.	the day on which (the Buddha) entered *parinibbāna*; the day on which he attained *parinibbāna*.	subject implied by the honorific တော်မူ
213585	parinibbānadhātu	နိဗ္ဗာန်ဝင်စံခြင်း-ငြိမ်းအေးခြင်း-သဘော၊ ပရိ နိဗ္ဗာနဓါတ်။	la naturaleza que es entrar en el *nibbāna* / extinguirse y enfriarse; el *parinibbānadhātu*.	the nature that is entering *nibbāna* / extinction and cooling; the *parinibbānadhātu*.	text begins 'နိဗ္ဗာန်' (probably 'ပရိနိဗ္ဗာန်' truncated)
213587	parinibbānapaññatti	နိဗ္ဗာန်စံခြင်း-ငြိမ်းအေးခြင်း-ကို အပြားအားဖြင့် သိစေတတ်သော ပညတ်၊ ပရိနိဗ္ဗာနပညတ်။ “ဥစ္ဆိန္နဘဝနေတ္တိကော”။	la *paññatti* que suele dar a conocer de diversos modos el entrar en el *nibbāna* / el extinguirse y enfriarse; la *parinibbānapaññatti*.	the *paññatti* apt to make known in its various aspects entering *nibbāna* / extinction and cooling; the *parinibbānapaññatti*.	text begins 'နိဗ္ဗာန်' (probably 'ပရိနိဗ္ဗာန်' truncated)
213589	parinibbānaparikamma	နိဗ္ဗာန်ဝင်စံခြင်း၏ ပရိကံ၊ ပရိနိဗ္ဗာန်ဝင်စံတော် မမူမီကာလကို ပိုင်းခြား၍ သမာပတ်ဝင်စားမှု။ “ပရိ-နိဗ္ဗာနပရိကမ္မ”။	el *parikamma* del entrar en el *nibbāna*; el entrar en *samāpatti* delimitando el tiempo anterior a entrar en el *parinibbāna*.	the *parikamma* of entering *nibbāna*; entering *samāpatti* after delimiting the time before entering *parinibbāna*.	text begins 'နိဗ္ဗာန်' (probably 'ပရိနိဗ္ဗာန်' truncated)
213591	parinibbānapariyāya	(၁) ငြိမ်းအေးစေခြင်း၏ အကြောင်း။ (၂) ပရိ နိဗ္ဗာန်ဝင်စံခြင်း၏- ၀ေ၀kစ်- ပရိယာယ်။	(1) la causa del hacer extinguir y enfriar. (2) el *pariyāya* del entrar en el *parinibbāna*.	(1) the cause of causing to be extinguished and cooled. (2) the *pariyāya* of entering *parinibbāna*.	encoding debris before ပရိယာယ် (perhaps 'ဝေဝုစ်' synonym, an alternative to it) not translated
213593	parinibbānamañca	ပရိနိဗ္ဗာန် ဝင်စံ ရာအခါ၌ (ကျိန်းစက်တော်မူသော) ညောင် စောင်း။ ပရိနိဗ္ဗာန်စံရာညောင်စောင်း။	el lecho (en que yace el Buddha) en el momento de entrar en el *parinibbāna*; el lecho en que entra en el *parinibbāna*.	the couch (on which the Buddha lies) at the time of entering *parinibbāna*; the couch on which he enters *parinibbāna*.	'(ကျိန်းစက်တော်မူသော)' is the honorific 'lying (of a Buddha or king)'; 'the Buddha' supplied
213598	parinibbānasabhāva	နိဗ္ဗာန်စံဝင်ခြင်း- ခန္ဓာတို့မှ ငြိမ်းအေးခြင်း-သဘောရှိသော။ «S1»	que tiene la naturaleza del entrar en el *nibbāna* / de la extinción y el enfriamiento respecto de los *khandha*. Véase [[parinibbānadhamma]] (b).	having the nature of entering *nibbāna* / of extinction and cooling from the *khandha*. See [[parinibbānadhamma]] (b).	text begins 'နိဗ္ဗာန်' (probably 'ပရိနိဗ္ဗာန်' truncated)
213600	parinibbānasamaya	နိဗ္ဗာန်စံတော်မူရာအခါ။	el momento en que (el Buddha) entra en el *nibbāna*.	the time when (the Buddha) enters *nibbāna*.	text begins 'နိဗ္ဗာန်' (probably 'ပရိနိဗ္ဗာန်' truncated)
213602	parinibbānasuttanta	ပရိ-နိဗ္ဗာနသုတ်။ ပရိနိဗ္ဗာနသုတ္တန္တပါဠိ၄၆၃	el sutta *parinibbāna*.	the *parinibbāna* sutta.	hyphen: ပရိ-နိဗ္ဗာန read as one word
213605	parinibbānābhāva	ပရိ-နိဗ္ဗာန်စံဝင်ခြင်း၏-မရှိခြင်း-မဖြစ်ခြင်း။	el no existir / no producirse el entrar en el *parinibbāna*.	the non-existence / non-occurrence of entering *parinibbāna*.	hyphen: ပရိ-နိဗ္ဗာန် read as one word
213607	parinibbānābhimukha	ပရိနိဗ္ဗာန်ဝင်စံခြင်း-၌-ငှာ- ရှေးရှု-သော၊ သူ။	orientado hacia / para el entrar en el *parinibbāna* (dicho de una persona).	facing towards / for entering *parinibbāna* (said of a person).	'-၌-ငှာ-' gives two case endings (locative / dative) as alternatives
213609	parinibbānāsannakāla	ပရိနိဗ္ဗာန်ဝင်စံခြင်း၏အနီး ဖြစ်သော အခါ၊ ပရိနိဗ္ဗာန်စံခါနီးသောအခါ။ ပရိနိဗ္ဗာန-ကာလ(က၊ခ)ကြည့်။	el momento cercano al entrar en el *parinibbāna*; el momento en que está próximo a entrar en el *parinibbāna*. Véase [[parinibbānakāla]] (a, b).	the time near to entering *parinibbāna*; the time when entering *parinibbāna* is near. See [[parinibbānakāla]] (a, b).	'see X' with sense letters left in the text; hyphen ပရိနိဗ္ဗာန-ကာလ read as one word
213624	parinibbāyatu	ငြိမ်းအေးပါစေ။ (ခ) ပရိနိဗ္ဗာန်ဝင်စံပါလော့။ အထက်ပုဒ်-ကြည့်။	(a) ojalá se extinga y se enfríe. (b) que entre en el *parinibbāna*. Véase la entrada anterior.	(a) may it be extinguished and cooled. (b) may he enter *parinibbāna*. See the preceding headword.	sense letter (a) not printed, supplied; polite imperative ပါလော့ rendered as 3rd-person jussive to match -tu
213625	parinibbāyatha	ပရိ-နိဗ္ဗာန်ဝင်စံပါကုန်လော့။ «S1»	entrad en el *parinibbāna*. Véase [[parinibbāyati]] (b).	enter *parinibbāna* (plural). See [[parinibbāyati]] (b).	hyphen: ပရိ-နိဗ္ဗာန် read as one word
213626	parinibbāyana	ငြိမ်းအေးခြင်း။ (ခ) ပရိနိဗ္ဗာန်ဝင်စံခြင်း။ (တိ) (၂) ပရိနိဗ္ဗာန်ဝင်စံရာအခါ။	(a) el extinguirse y enfriarse. (b) el entrar en el *parinibbāna*. (adjetivo) (2) el momento en que se entra en el *parinibbāna*.	(a) being extinguished and cooled. (b) entering *parinibbāna*. (adjective) (2) the time when *parinibbāna* is entered.	sense marks inconsistent in the print ((a) missing, (b), then (2)); (a) supplied
213630	parinibbāyanta	ငြိမ်းအေးသော၊ သူ။ (ခ) ပရိနိဗ္ဗာန်ဝင်စံသော၊ သူ။	(a) que se extingue y se enfría (dicho de una persona). (b) que entra en el *parinibbāna* (dicho de una persona).	(a) being extinguished and cooled (said of a person). (b) entering *parinibbāna* (said of a person).	sense letter (a) not printed, supplied
213631	parinibbāyanti	ငြိမ်းအေးကုန်၏။ (ခ) ပရိနိဗ္ဗာန်ဝင်စံကုန်၏။ «S1»	(a) se extinguen y se enfrían. (b) entran en el *parinibbāna*. Véase [[parinibbāyati]].	(a) they are extinguished and cooled. (b) they enter *parinibbāna*. See [[parinibbāyati]].	sense letter (a) not printed, supplied
213632	parinibbāyamāna	ပရိ-နိဗ္ဗာန် ဝင်စံသော၊ သူ။	que entra en el *parinibbāna* (dicho de una persona).	entering *parinibbāna* (said of a person).	hyphen: ပရိ-နိဗ္ဗာန် read as one word
213637	parinibbāyitabba	ပရိ-နိဗ္ဗာန်ပြုထိုက်သော၊ သူ။	digno de realizar el *parinibbāna* (dicho de una persona).	worthy to attain *parinibbāna* (said of a person).	hyphen: ပရိ-နိဗ္ဗာန် read as one word
213639	parinibbāyituṁ	ပရိ-နိဗ္ဗာန်ဝင်စံခြင်းငှာ။	para entrar en el *parinibbāna*.	in order to enter *parinibbāna*.	hyphen: ပရိ-နိဗ္ဗာန် read as one word
213645	parinibbāyissasi	ပရိနိဗ္ဗာန်ဝင်စံလတ္တံ့လော့။ «S1»	entrarás en el *parinibbāna*. Véase [[parinibbāyati]] (b).	you will enter *parinibbāna*. See [[parinibbāyati]] (b).	'ဝင်စံလတ္တံ့လော့': future with the imperative particle လော့; rendered as a 2nd-person future (headword -ssasi); perhaps a question (လော)
213646	parinibbāyissāmi	(က) ငြိမ်းအေးလတ္တံ့။ (ခ) ပရိနိဗ္ဗာန်ဝင်စံ လတ္တံ့။ «S1»	(a) se extinguirá y se enfriará. (b) entrará en el *parinibbāna*. Véase [[parinibbāyati]].	(a) will be extinguished and cooled. (b) will enter *parinibbāna*. See [[parinibbāyati]].	လတ္တံ့ (2nd/3rd person) printed under a 1st-person headword (-ssāmi); rendered as printed
213649	parinibbāyeyya	ငြိမ်းအေးရာ၏။ (ခ) ပရိနိဗ္ဗာန်ဝင်စံရာ၏။ «S1»	(a) se extinguiría y se enfriaría. (b) entraría en el *parinibbāna*. Véase [[parinibbāyati]].	(a) would be extinguished and cooled. (b) would enter *parinibbāna*. See [[parinibbāyati]].	sense letter (a) not printed, supplied
213650	parinibbāyeyyaṁ	ငြိမ်းအေးရာ၏။ (ခ) ပရိနိဗ္ဗာန် ဝင်စံရာ၏။ «S1»	(a) se extinguiría y se enfriaría. (b) entraría en el *parinibbāna*. Véase [[parinibbāyati]].	(a) would be extinguished and cooled. (b) would enter *parinibbāna*. See [[parinibbāyati]].	sense letter (a) not printed, supplied
213651	parinibbāyeyyuṁ	ပရိ-နိဗ္ဗာန် ဝင်စံကုန်ရာ၏။ «S1»	entrarían en el *parinibbāna*. Véase [[parinibbāyati]] (b).	they would enter *parinibbāna*. See [[parinibbāyati]] (b).	hyphen: ပရိ-နိဗ္ဗာန် read as one word
213652	parinibbāsi	(က) ငြိမ်း အေး၏။ (ခ) ပရိနိဗ္ဗာန်ဝင်စံ၏။ «S1»	(a) se extingue y se enfría. (b) entra en el *parinibbāna*. Véase [[parinibbāti]].	(a) is extinguished and cooled. (b) enters *parinibbāna*. See [[parinibbāti]].	present tense (၏) printed under an aorist headword; rendered as printed
213658	parinibbissati	ငြိမ်းအေးရလတ္တံ့။ (ခ) ပရိနိဗ္ဗာန်ဝင်စံရလတ္တံ့။ ပရိနိဗ္ဗာတိ (က၊ခ) ကြည့်။	(a) llegará a extinguirse y enfriarse. (b) llegará a entrar en el *parinibbāna*. Véase [[parinibbāti]] (a, b).	(a) will come to be extinguished and cooled. (b) will come to enter *parinibbāna*. See [[parinibbāti]] (a, b).	sense letter (a) not printed, supplied; 'see X' with sense letters left in the text
213659	parinibbassanti	(က) ငြိမ်း အေးကုန်လတ္တံ့။ (ခ) ပရိနိဗ္ဗာန်ပြုကုန်လတ္တံ့။ ပရိနိဗ္ဗာတိ (က၊ခ) ကြည့်။	(a) se extinguirán y se enfriarán. (b) realizarán el *parinibbāna*. Véase [[parinibbāti]] (a, b).	(a) they will be extinguished and cooled. (b) they will attain *parinibbāna*. See [[parinibbāti]] (a, b).	'see X' with sense letters left in the text
213660	parinibbuta	(၁)(က) ငြိမ်းအေးပြီးသော၊ သူ။ (ခ) ပရိနိဗ္ဗာန် ဝင်စံပြီးသော၊ သူ။ (၂) ပရိနိဗ္ဗာန်ဝင်စံပြီးရာ ဖြစ်သော။ (၁) (က) ငြိမ်းအေးပြီးသော၊ သူ။ (ခ) ပရိနိဗ္ဗာန်ဝင်စံပြီးသော၊ သူ။ (၂) ပရိနိဗ္ဗာန်ဝင်စံပြီးရာ ဖြစ်သော။ အောက်ပုဒ်-ကြည့်။	(1) (a) que se ha extinguido y enfriado (dicho de una persona). (b) que ha entrado en el *parinibbāna* (dicho de una persona). (2) en que se ha entrado en el *parinibbāna*. Véase la entrada siguiente.	(1) (a) extinguished and cooled (said of a person). (b) having entered *parinibbāna* (said of a person). (2) in which *parinibbāna* has been entered. See the next headword.	senses (1)-(2) printed twice in the source; translated once
213661	parinibbutakāla	ပရိ-နိဗ္ဗာန်ဝင်စံပြီးရာအခါ။	el momento en que se ha entrado en el *parinibbāna*.	the time when *parinibbāna* has been entered.	hyphen: ပရိ-နိဗ္ဗာန် read as one word
213663	parinibbutaṭṭhāna	ပရိနိဗ္ဗာန် ဝင်စံတော်မူရာအရပ်။ (က) ဘုရားရှင် ပရိ-နိဗ္ဗာန်ဝင်စံရာ ကုသိနာရုံ မလ္လာမင်းတို့၏ အင်ကြင်းတော။ (ခ) အရှင်ပစ္စေကဗုဒ္ဓါ ၅၀၀ ပရိနိဗ္ဗာန်ဝင်စံရာ ဗာရာဏသီပြည် နန္ဒမင်း တို့၏ ဥယျာဥ်။ (ဂ)အရှင်သာရိပုတ္တရာ ပရိ-ပရိနိဗ္ဗုတဒေသကာလဝိသေသဒဿန နိဗ္ဗာန်စံဝင်ရာ နာဠကရွာ မယ်တော်အိမ်။	el lugar donde (el Buddha) entró en el *parinibbāna*. (a) el bosque de *sāla* de los reyes *mallā* en *kusinārā*, donde el Buddha entró en el *parinibbāna*. (b) el jardín de los reyes *nanda* en la ciudad de *bārāṇasī*, donde los 500 venerables *paccekabuddha* entraron en el *parinibbāna*. (c) la casa de su madre en la aldea de *nāl̤aka*, donde el venerable *sāriputta* entró en el *nibbāna*.	the place where (the Buddha) entered *parinibbāna*. (a) the *sāla* grove of the *mallā* kings at *kusinārā*, where the Buddha entered *parinibbāna*. (b) the garden of the *nanda* kings in the city of *bārāṇasī*, where the 500 venerable *paccekabuddha* entered *parinibbāna*. (c) his mother's house in the village of *nāl̤aka*, where the venerable *sāriputta* entered *nibbāna*.	(c) 'ပရိ-…နိဗ္ဗာန်' split by a stray headword: read as ပရိနိဗ္ဗာန် but rendered as printed (⟦=nibbāna⟧); 'နန္ဒမင်းတို့' may be 'King Nanda and others'
213665	parinibbutadesakālavisesadassana	ပရိ-နိဗ္ဗာန်ဝင်စံတော်မူရာ အရပ်, အချိန်အခါ အထူးကို ပြကြောင်းစကား။ “ကုသိနာရာယံ”,။ ပရိနိဗ္ဗုတဒေသကာလဝိသေသဝစန၄၇၃	las palabras que muestran la particularidad del lugar y del tiempo en que (el Buddha) entró en el *parinibbāna*.	the words showing the particulars of the place and time at which (the Buddha) entered *parinibbāna*.	hyphen: ပရိ-နိဗ္ဗာန် read as one word
213666	parinibbutadesakālavisesavacana	ပရိ-နိဗ္ဗာန်ဝင်စံတော်မူရာ အရပ်, အချိန်အခါ အထူးကို ဆိုကြောင်းစကား။ “ကုသိနာရာယ” ,။	las palabras que dicen la particularidad del lugar y del tiempo en que (el Buddha) entró en el *parinibbāna*.	the words stating the particulars of the place and time at which (the Buddha) entered *parinibbāna*.	hyphen: ပရိ-နိဗ္ဗာန် read as one word
213670	parinibbutamañcaṭṭhāna	ပရိ-နိဗ္ဗာန်ဝင်စံရာ ညောင်စောင်းထားသောအရပ်၊ ပရိနိဗ္ဗာန်ဝင်စံသောအခါ ပူဇော်ခံရာအရပ်။ ဝိ၊ဋ္ဌ၁။	el lugar donde se colocó el lecho en que (el Buddha) entró en el *parinibbāna*; el lugar donde recibió veneración cuando entró en el *parinibbāna*.	the place where the couch was set on which (the Buddha) entered *parinibbāna*; the place where he received worship when he entered *parinibbāna*.	hyphen: ပရိ-နိဗ္ဗာန် read as one word
213671	parinibbutasadisa	ပရိ-နိဗ္ဗာန်ဝင်စံသောသူနှင့် တူသော၊ သူ။	semejante a quien entra en el *parinibbāna* (dicho de una persona).	like one who enters *parinibbāna* (said of a person).	hyphen: ပရိ-နိဗ္ဗာန် read as one word
213681	parinesi	ထက်ဝန်းကျင်-ထိုမှဤမှ-ဆွဲဆောင်-ဆွဲငင်-၏။ «S1»	por todas partes / de aquí para allá, atrae / arrastra. Véase [[parineti]] (b).	all round / hither and thither, draws / drags. See [[parineti]] (b).	present tense (၏) printed under an aorist headword; rendered as printed
213682	paripakka	(၁) (က) ရင့်ကျက်-ရင့်မာ-ခြင်း။ (ခ) ရင့်ရော်-ကြီးရင့်-အိုမင်း-ခြင်း။ (ဂ) ရင့် ကျက်-ကြေကျက်-ခြင်း။ (တိ) (၂) ရင့်ကျက် ခြင်းသို့ ရောက်သော၊ ရင့်ကျက်သော။ (က) ရင့်ကျက်-ရင့်မာ-သော။ (ခ) ရင့်ရော်-ကြီးရင့်-အိုမင်း-သော။ (ဂ) ရင့်ကျက်-ရင့်မှည့်-သော။ (၃) ရင့်ကျက်-ရင့်မှည့်-ရာဖြစ်သော။ (၄) ကျို ချက်အပ်-ကျက်-ကျ- သော။ (၅) ကြာမြင့်-ရှည်ကြာ-ဟောင်းနွမ်း-သော။ (၁) (က) ရင့်ကျက်-ရင့်မာ-ခြင်း။ (ခ) ရင့်ရော်-ကြီးရင့်-အိုမင်း-ခြင်း။ «S1» (ဂ) ရင့်ကျက် - ကြေကျက် - ခြင်း။ (၂) (က) ရင့်ကျက် - ရင့်မာ - သော။ (ခ) ရင့်ရော်-ကြီးရင့်-အိုမင်း-သော။ “မောဃဇိဏ္ဏော”။ (ဂ) ရင့်ကျက်-ရင့်မှည့်-သော။ (၃) ရင့်ကျက်-ရင့်မှည့်-ရာ ဖြစ်သော။ «S2» (၄) ကျိုချက်အပ်-ကျက်-ကျ-သော။ (၅) ကြာမြင့်-ရှည်ကြာ-ဟောင်းနွမ်း-သော။	(1) (a) el madurar / sazonarse. (b) el entrar en años / envejecer / hacerse viejo. Véase [[paripakkagata]]. (c) el madurar / digerirse. (adjetivo) (2) llegado a la madurez; maduro. (a) maduro / sazonado. (b) entrado en años / envejecido / viejo. (c) maduro / en sazón. (3) en que se madura / se está en sazón. Véase [[paripakkakāla]]. (4) hervido / cocido / hecho. (5) de mucho tiempo / de larga data / gastado.	(1) (a) maturing / seasoning. (b) growing old / ageing / becoming aged. See [[paripakkagata]]. (c) maturing / being digested. (adjective) (2) come to maturity; mature. (a) mature / seasoned. (b) grown old / aged / old. (c) mature / ripe. (3) in which it matures / ripens. See [[paripakkakāla]]. (4) boiled / cooked / done. (5) long-standing / of long duration / worn out.	senses (1)-(5) printed twice in the source (the second copy with «S1», «S2»); translated once, placeholders kept where the second copy has them
213693	paripakkanigguṇḍiphalasadisa	ရင့်ကျက်- ရင့်မှည့်- သော ကြောင်ပန်းသီးနှင့် တူသော၊ သူ။	semejante al fruto de ‹ကြောင်ပန်း› maduro / en sazón (dicho de una persona).	like a mature / ripe ‹ကြောင်ပန်း› fruit (said of a person).	plant ‹ကြောင်ပန်း› left in Burmese (the headword has nigguṇḍi, perhaps Vitex negundo; not confirmed)
213698	paripakkamānasa	ရင့်ကျက်-ရင့်မာ-သော စိတ်။ (တိ) (၂) ရင့် ကျက်သော စိတ်ရှိသော၊ သူ။	(1) la mente madura / sazonada. (adjetivo) (2) que tiene la mente madura (dicho de una persona).	(1) a mature / seasoned mind. (adjective) (2) having a mature mind (said of a person).	sense number (1) not printed, supplied
213704	paripakkavedanīya	ရင့် ကျက်-ဖြစ်ဆဲ-သော အတ္တဘော-ယခုဘဝ-၌ အကျိုးခံစားရသော ကံ။ (ပရိပက္ကဝေဒနီယကံ ဟူသည် ဒိဋ္ဌဓမ္မဝေဒနီယကံပင် ဖြစ်သည်၊ ပြု လုပ်ပြီး နောက် (၇) ရက်အတွင်း အကျိုးခံစား ရသောကံကို ပရိပက္ကဝေဒနီယကံဟု ခေါ်ဆို ရသည်။ ပထမအရွယ်၌ ပြုလုပ်ပြီးနောက် ပထမအရွယ်၌လည်းကောင်း, အရွယ်၌လည်းကောင်း အကျိုးခံစားရသော ကံကို ဒိဋ္ဌဓမ္မဝေဒနီယကံဟု ခေါ်ဆိုရသည်။ ) ” န္တိ။	el *kamma* cuyo fruto se experimenta en la existencia individual madurada / actual, en la *bhava* presente. (El *paripakkavedanīyakamma* es el mismo *diṭṭhadhammavedanīyakamma*; el *kamma* cuyo fruto se experimenta dentro de los (7) días siguientes a haberlo realizado se llama *paripakkavedanīyakamma*. El *kamma* que, realizado en la primera edad, da su fruto en la primera edad o en la edad … se llama *diṭṭhadhammavedanīyakamma*.)	*kamma* whose fruit is experienced in the matured / present individual existence, in the present *bhava*. (*paripakkavedanīyakamma* is the same as *diṭṭhadhammavedanīyakamma*; *kamma* whose fruit is experienced within (7) days of its being done is called *paripakkavedanīyakamma*. *kamma* that, done in the first period of life, bears its fruit in the first period or in the … period is called *diṭṭhadhammavedanīyakamma*.)	'ရင့်ကျက်-ဖြစ်ဆဲ-သော အတ္တဘော' read as 'matured / present existence'; in the note a word seems lost before 'အရွယ်၌' (second / middle period?)
213729	paripaŭhiṁsu	မေးမြန်း-စိစစ်-ပြောကြား-သိစေ-ကုန်၏။ «S1»	preguntan / examinan / dicen / hacen saber. Véase [[paripaŭhati]].	they ask / examine / tell / make known. See [[paripaŭhati]].	present tense (ကုန်၏) printed under an aorist headword; rendered as printed
213732	paripatati	ကျ၏။ (က) ပြိုကျ၏။ (ခ) လဲကျ-လိမ့်ကျ-၏။ (ဂ) လျော ကျ-နိမ့်ကျ-ရွေ့လျော-၏။ (ဃ) လျောကျ-ပျက်စီး-၏။ (င) လွင့်ကျ-လွင့်စင်-ကြေကျ-၏။ (စ) လွင့်စင်-ကွာကျ-၏။ (ဆ) ကျွတ်ကျ-ပြုတ် ကျ-၏။ (ဇ) ကျရောက်၏။ (က) ပြိုကျ၏။ (ခ) လဲကျ - လိမ့်ကျ - ၏။ ၂၅၄-၆- (ဂ) လျောကျ-နိမ့်ကျ-ရွေ့လျော-၏။ ပရိပတတီ။ (ဃ) လျောကျ-ပျက်စီး-၏။ ပရိပတိ (င) လွင့်ကျ-လွင့်စင်-ကြေကျ-၏။ (စ) လွင့်စင်-ကွာကျ-၏။ (ဆ) ကျွတ်ကျ-ပြုတ် ကျ-၏။ (ဇ) ကျရောက်၏။	cae. (a) se derrumba. (b) se cae / rueda. (c) se desliza / desciende / se desplaza. (d) se desliza / perece. (e) sale despedido / se dispersa / cae hecho pedazos. (f) se dispersa / se desprende. (g) se suelta / se cae. (h) sobreviene.	falls. (a) collapses. (b) falls down / rolls down. (c) slips down / sinks / shifts. (d) slips down / perishes. (e) is flung off / scatters / falls crushed. (f) scatters / comes apart. (g) comes loose / drops off. (h) befalls.	senses (a)-(h) printed twice in the source; translated once
213734	paripatanti	(က) လဲကျ-လိမ့်ကျ-ကုန်၏။ (ခ) လျောကျ-နိမ့်ကျ-ရွေ့ လျော-ကုန်၏။ ပရိပတတိ (ခ၊ဂ)ကြည့်။	(a) se caen / ruedan. (b) se deslizan / descienden / se desplazan. Véase [[paripatati]] (b, c).	(a) they fall down / roll down. (b) they slip down / sink / shift. See [[paripatati]] (b, c).	'see X' with sense letters left in the text
213736	paripati	(က) ပြိုကျပြီ (ခ) လဲကျ-လိမ့်ကျ-ပြီ။ (ဂ) လျောကျ-ပျက်စီး-ပြီ။ (ဃ) လွင့်ကျ-လွင့်စင်-ကြေကျ-ပြီ။ (င) လွင့်စင်-ကွာကျ-ပြီ။ ပရိပတတိ (က၊ခ၊ဃ၊င၊ စ၊)ကြည့်။	(a) se derrumbó. (b) se cayó / rodó. (c) se deslizó / pereció. (d) salió despedido / se dispersó / cayó hecho pedazos. (e) se dispersó / se desprendió. Véase [[paripatati]] (a, b, d, e, f).	(a) collapsed. (b) fell down / rolled down. (c) slipped down / perished. (d) was flung off / scattered / fell crushed. (e) scattered / came apart. See [[paripatati]] (a, b, d, e, f).	'see X' with sense letters left in the text (the letters do not match this article's own)
213740	paripatissati	လဲကျ-လိမ့်ကျ-လတ္တံ့။ (ခ) ကျရောက်လတ္တံ့။ ပရိပတတိ (ခ၊ ဇ) ကြည့်။	(a) se caerá / rodará. (b) sobrevendrá. Véase [[paripatati]] (b, h).	(a) will fall down / roll down. (b) will befall. See [[paripatati]] (b, h).	sense letter (a) not printed, supplied; 'see X' with sense letters left in the text
213741	paripantha	(၁) ထက်ဝန်း ကျင်မှ ဖြစ်သောလမ်း၊ ခရီးလမ်းဆုံ။ (၂) ပရိပန္ထ အနှောင့်အယှက်-ဘေးရန်။ (တိ) (၃) ဘေးရန် ဖြစ်ကြောင်း။ (၄) ဘေးရန်ရှိသော။ (၁) ထက်ဝန်းကျင်မှ ဖြစ်သော လမ်း၊ ခရီးလမ်းဆုံ။ “အာဂတာဂတာန”န္တိအာဒိနာ။ (၂) အနှောင့်အယှက်-ဘေးရန်။ (၃) ဘေးရန်ဖြစ် ကြောင်း။ «S1» (၄) ဘေးရန် ရှိသော။ အောက်ပုဒ်-ကြည့်။	(1) el camino que viene de todas partes; la encrucijada. (2) el estorbo / el peligro. (adjetivo) (3) causa de peligro. Véase [[paripanthī]] (2). (4) que tiene peligro. Véase la entrada siguiente.	(1) a road coming from all sides; a crossroads. (2) hindrance / danger. (adjective) (3) a cause of danger. See [[paripanthī]] (2). (4) having danger. See the next headword.	senses (1)-(4) printed twice in the source; translated once, «S1» kept where the second copy has it
213744	paripanthābhāva	အနှောင့် အယှက်-ဘေးရန်-၏ မရှိခြင်း။ ပရိပန္ထိက (တိ) ခရီးလမ်းဆုံ၌ တည်သော၊ လမ်းဆုံ- လမ်းမ- ၌ ထားအပ် သော၊ သူ၊ ကင်းစောင့်။ ဇာ၊ ပရိပါက၁။ ပရိပန္ထီ (ပု) [+ဏီ] (၁) အနှောင့်အယှက်-ဘေးရန်၊ (၂) ဘေးရန်ဖြစ် ကြောင်းနှင့်ယှဥ်-ဘေးရန်ပြုတတ်-သော၊ သူ၊ ရန်သူ။ ပန္ထ ဂတိယံ၊ စုရာဒိ။	la ausencia de estorbo / peligro.	the absence of hindrance / danger.	text runs on into the articles ပရိပန္ထိက and ပရိပန္ထီ (absent from the shard?); only the paripanthābhāva definition translated
213745	paripāka	(၁)(က) ရင့်ကျက်-ရင့်မာ-ခြင်း။ ထက်မြက်-သန့်ရှင်း-ခြင်း။ (ခ) ရင့်ရော်-ကြီးရင့်-ခြင်း။ (ဂ) ရင့်ကျက်-ကျေ ကျက်-ခြင်း။ (ဃ) ကျက်ခြင်း။ (တိ) (၂) (က) ရင့်ကျက်-ရင့်မာ-သော။ (ခ) ရင့်ရော်-ကြီးရင့်-ရာ ဖြစ်သော။ (၁) (က) ရင့်ကျက်-ရင့်မာ-ခြင်း၊ ထက် မြက်-သန့်ရှင်း-ခြင်း။ (ခ) ရင့်ရော်-ကြီးရင့်-ခြင်း။ ၂၄၄၊၂၇၇-အဘိ၊ဝိ။ (ဂ) ရင့်ကျက်-ကျေကျက်-ခြင်း။ (ဃ) ကျက်ခြင်း။ (၂) (က) ရင့်ကျက်- ရင့်မာ- သော။ (ခ) ရင့်ရော်-ကြီးရင့်-ရာ ဖြစ်သော။	(1) (a) el madurar / sazonarse; el agudizarse / purificarse. (b) el entrar en años / envejecer. (c) el madurar / digerirse. (d) el cocerse. (adjetivo) (2) (a) maduro / sazonado. (b) en que se entra en años / se envejece.	(1) (a) maturing / seasoning; becoming keen / pure. (b) growing old / ageing. (c) maturing / being digested. (d) being cooked. (adjective) (2) (a) mature / seasoned. (b) in which one grows old / ages.	senses (1)-(2) printed twice in the source; translated once
213764	paripākasithilabandhana	ရင့်ရော်-ကြီးရင့်-ခြင်းကြောင့်-လျော့-ကျွေခါနီး-သော အညှာရှိသော။	que tiene el pedúnculo flojo / a punto de desprenderse a causa de entrar en años / envejecer.	whose stalk is loose / about to drop because of growing old / ageing.	'ကျွေခါနီး' read as 'ကြွေခါနီး' (about to drop)
213775	paripācanalakkhaṇa	ရင့် ရော်-ကြီးရင့်-အိုမင်း-စေတတ်သည်၏အဖြစ်-စေခြင်း - လက္ခဏာရှိသော၊ တရား။	que tiene la *lakkhaṇā* del hecho de soler hacer / del hacer entrar en años / envejecer / hacerse viejo (el estado).	having the *lakkhaṇā* of the state of being apt to cause / of causing to grow old / age / become aged (said of a state).	'-စေတတ်သည်၏အဖြစ်-စေခြင်း' read as two alternatives; doubtful
213776	paripācanākāra	ချက်စေ-ပြီးစေ-စီရင်-အပ်သောအခြင်းအရာ။ (တိ) (၂) ရင့်ရော်-ကြီးရင့်-အိုမင်း-စေခြင်းဟူ သော အခြင်းအရာရှိသော၊ တရား။	(1) el modo de ser hecho cocinar / hecho completar / preparado. (adjetivo) (2) que tiene el modo que es hacer entrar en años / envejecer / hacerse viejo (el estado).	(1) the mode of being caused to be cooked / completed / prepared. (adjective) (2) having the mode that is causing to grow old / age / become aged (said of a state).	sense number (1) not printed, supplied
213782	paripācita	ရင့်ကျက်-ရင့်မာ-စေအပ်သော၊ ဆည်းပူး အပ် သော။ (ခ) ကျက်စေ-ပူစေ-အပ်သော။ (ဂ) ချက်စေ-စီရင်-အပ်သော။ (၂) ပြီးစီးစေအပ် သော။	(a) hecho madurar / sazonar; acumulado. (b) hecho cocer / calentar. (c) hecho cocinar / preparado. (2) hecho completar.	(a) caused to mature / season; accumulated. (b) caused to be cooked / heated. (c) caused to be cooked / prepared. (2) caused to be completed.	sense marks (1) and (a) not printed; the lettering is as in the print
213787	paripāceti	(က) ရင့်ကျက်- ရင့်မာ- စေ၏၊ အဆုံးသို့ ရောက်စေ၏။ (ခ) ရင့်ရော်-ကြီးရင့်-စေ၏၊ ပူစေ၏။ (ဂ) ရင့်ကျက်-ရင့်မှည့်-စေ၏။ (ဃ) ကျက်စေ-ကျေစေ-ချက်-၏။ (င) ချက်စေ-ပရိပါစေတိ စီရင်-၏။ (၂) ထက်ဝန်းကျင်-အချင်းခပ်သိမ်း-ပြီးစီးစေ၏။ (၁) (က) ရင့်ကျက်- ရင့်မာ- စေ၏၊ အဆုံးသို့ ရောက်စေ၏။ (ခ) ရင့်ရော်-ကြီးရင့်-စေ၏၊ ပူစေ၏။ (ဂ) ရင့်ကျက်-ရင့်မှည့်-စေ၏။ (ဃ) ကျက်စေ- ကျေစေ- ချက်- ၏။ (င) ချက်စေ-စီရင်-၏။ (၂) ထက်ဝန်းကျင်-အချင်းခပ်သိမ်း-ပြီး စီးစေ၏။	(1) (a) hace madurar / sazonar; hace llegar al fin. (b) hace entrar en años / envejecer; hace arder. (c) hace madurar / estar en sazón. (d) hace cocer / digerir / cocina. (e) hace cocinar / prepara. (2) por todas partes / por completo, hace completar.	(1) (a) causes to mature / season; brings to the end. (b) causes to grow old / age; causes to burn. (c) causes to mature / ripen. (d) causes to be cooked / digested / cooks. (e) has cooked / prepares. (2) all round / entirely, causes to be completed.	senses printed twice in the source; translated once
213788	paripācetuṁ	ကြီးရင့်စေခြင်းငှာ၊ (၂) ညွတ်စေခြင်းငှာ၊ (၁)။	para hacer envejecer; (2) para hacer inclinarse; (1).	in order to cause to grow old; (2) in order to cause to bend; (1).	sense numbers garbled in the print ('(2)' before the second gloss, a bare '(1)' at the end); text probably begins truncated
213791	paripācenti	(က) ရင့်ကျက်-ရင့်မာ-စေကုန်၏။ အဆုံးသို့ ရောက်စေကုန်၏။ (ခ) ရင့်ကျက်-ရင့်မှည့်-စေကုန်၏။ (ဂ) ချက်စေ-စီရင်-ကုန်၏။ (၂) ထက်ဝန်းကျင်-အခြင်းခပ်သိမ်း-ပြီးစီးစေကုန် ၏။ «S1»	(a) hacen madurar / sazonar; hacen llegar al fin. (b) hacen madurar / estar en sazón. (c) hacen cocinar / preparan. (2) por todas partes / por completo, hacen completar. Véase [[paripāceti]] (2).	(a) they cause to mature / season; they bring to the end. (b) they cause to mature / ripen. (c) they have cooked / prepare. (2) all round / entirely, they cause to be completed. See [[paripāceti]] (2).	sense number (1) not printed; lettering as in the print
213799	paripātita	ရောက်-ဖြစ်-စေအပ်သော။ (ခ) ကျစေ-ပစ်ချ-အပ်သော။ “ပရ-ပါတိတ”။	(a) hecho llegar / producir. (b) hecho caer / arrojado.	(a) caused to reach / arise. (b) caused to fall / thrown down.	sense letter (a) not printed, supplied
213803	paripāteti	ပြေး-ထွက်ပြေး-စေ၏။ (က) နှိပ်စက်-ဖျက် ဆီး-၏။ (ခ) အစဥ်လိုက်၏။ (၂) ကျ-လျှော ကျ-စေ၏။ (က) နှိမ်ချ၏။ (ခ) ပစ်ချ၏။ (၁) ပြေး-ထွက်ပြေး-စေ၏။ (က) နှိပ် စက်-ဖျက်ဆီး-၏။ (ခ) အစဥ်လိုက်၏။ ) ပရိပါတိံသူ။ (၂) ကျ-လျှောကျ-စေ၏။ (က) နှိမ်ချ၏။ (ခ) ပစ်ချ၏။	(1) hace correr / huir. (a) oprime / destruye. (b) persigue. (2) hace caer / descender. (a) abate. (b) arroja abajo.	(1) makes run / flee. (a) oppresses / destroys. (b) pursues. (2) makes fall / slip down. (a) brings low. (b) throws down.	senses printed twice in the source; translated once; sense number (1) supplied from the second copy
213807	paripātesi	ပြေး-ထွက်ပြေး-စေပြီ၊ အစဥ်လိုက်ပြီ။ (၂) ကျ-ပရိပါလန(ဋ္ဌ)တ္ထ လျှောကျ-စေပြီ၊ နှိမ်ချပြီ။ «S1»	(1) hizo correr / huir; persiguió. (2) hizo caer / descender; abatió. Véase [[paripāteti]].	(1) made run / flee; pursued. (2) made fall / slip down; brought low. See [[paripāteti]].	sense number (1) not printed, supplied
213813	paripālanattha	ဝန်းကျင်- စောင့်ရှောက်- ထိန်းသိမ်း- တတ် သော အနက်သဘော။ (၂) ထက်ဝန်းကျင်-စောင့်ရှောက်- ထိန်းသိမ်း- ခြင်း ဟူသော အကျိုး။ (-(၂)။	(1) el sentido que suele proteger / custodiar por todas partes. (2) el propósito que es proteger / custodiar por todas partes.	(1) the sense apt to protect / guard all round. (2) the purpose that is protecting / guarding all round.	text begins 'ဝန်းကျင်' (probably 'ထက်ဝန်းကျင်' truncated); sense number (1) not printed, supplied
213814	paripālanasamattha	ဝန်းကျင်- စောင့်ရှောက်- တားမြစ်- ခြင်းငှာ စွမ်းနိုင်သော၊ သူ။ “ဇောတိပါလော”။	capaz de proteger / impedir por todas partes (dicho de una persona).	able to protect / restrain all round (said of a person).	text begins 'ဝန်းကျင်' (probably 'ထက်ဝန်းကျင်' truncated)
213820	paripāletabba	ဝန်းကျင်-စောင့်ရှောက်-ထိန်းသိမ်း-အပ်သော။	que ha de ser protegido / custodiado por todas partes.	to be protected / guarded all round.	text begins 'ဝန်းကျင်' (probably 'ထက်ဝန်းကျင်' truncated)
213821	paripāleti	ဝန်းကျင်- စောင့်ရှောက်-ထိန်းသိမ်း- ၏။	protege / custodia por todas partes.	protects / guards all round.	text begins 'ဝန်းကျင်' (probably 'ထက်ဝန်းကျင်' truncated)
213822	paripālenta	ဝန်းကျင်-စောင့်ရှောက်-ထိန်းသိမ်း-သော၊ သူ။	que protege / custodia por todas partes (dicho de una persona).	protecting / guarding all round (said of a person).	text begins 'ဝန်းကျင်' (probably 'ထက်ဝန်းကျင်' truncated)
213823	paripālenti	ဝန်းကျင်-စောင့်ရှောက်-ထိန်းသိမ်း-ကုန်၏။ «S1»	protegen / custodian por todas partes. Véase [[paripāleti]].	they protect / guard all round. See [[paripāleti]].	text begins 'ဝန်းကျင်' (probably 'ထက်ဝန်းကျင်' truncated)
213824	paripāleyya	ဝန်းကျင်- စောင့်ရှောက်-ထိန်းသိမ်း- ရာ၏။ «S1»	protegería / custodiaría por todas partes. Véase [[paripāleti]].	would protect / guard all round. See [[paripāleti]].	text begins 'ဝန်းကျင်' (probably 'ထက်ဝန်းကျင်' truncated)
213825	paripāleyyaṁ	ဝန်းကျင်-စောင့်ရှောက်-ထိန်းသိမ်း-အံ့။ «S1»	protegeré / custodiaré por todas partes. Véase [[paripāleti]].	I shall protect / guard all round. See [[paripāleti]].	text begins 'ဝန်းကျင်' (probably 'ထက်ဝန်းကျင်' truncated); 1st-person future (အံ့) printed under an optative headword (-eyyaṁ); rendered as printed
213826	paripālesi	ဝန်းကျင်-စောင့်ရှောက်-ထိန်းသိမ်း-ပြီ။ «S1»	protegió / custodió por todas partes. Véase [[paripāleti]].	protected / guarded all round. See [[paripāleti]].	text begins 'ဝန်းကျင်' (probably 'ထက်ဝန်းကျင်' truncated)
213832	paripīl̤etvā	ဝန်းကျင်- နှိပ်စက်- ညှဥ်းဆဲ- ၍။	habiendo oprimido / atormentado por todas partes.	having oppressed / tormented all round.	text begins 'ဝန်းကျင်' (probably 'ထက်ဝန်းကျင်' truncated)
213837	paripucchatha	ထက်ဝန်းကျင်-ဆွေးနွေး-မေးမြန်း-ပြီ။ «S1»	por todas partes, discutió / preguntó. Véase [[paripucchati]].	all round, discussed / asked. See [[paripucchati]].	past (ပြီ) printed under a present/imperative 2nd-plural headword (-tha); rendered as printed
213848	paripucchā	(၁) အဖန်ဖန်-အထပ်ထပ်-ထက်ဝန်း ကျင်- ဆွေးနွေး- မေးမြန်း-ခြင်း၊ အဋ္ဌကထာ သင်ခြင်း။ (၂) အဖန်ဖန်-အထပ်ထပ်- ထက် ဝန်းကျင်-ဆွေးနွေး-မေးမြန်း-ကြောင်း စကား။ (က) အဋ္ဌကထာ။ (ခ) ထေရဝါဒ။ (၁) အဖန်ဖန်- အထပ်ထပ်- ထက်ဝန်း ကျင်- ဆွေးနွေး- မေးမြန်း-ခြင်း၊ အဋ္ဌကထာ သင်ခြင်း။ (၂) အဖန်ဖန်- အထပ်ထပ်- ထက်ဝန်း ကျင်- ဆွေးနွေး- မေးမြန်း- ကြောင်း စကား။ (က) အဋ္ဌကထာ။ အာဝဇ္ဇန္တဿာ။ အဖန်ဖန်-အထပ်ထပ်-ထက်ဝန်း ကျင်-ဆွေးနွေး-မေးမြန်း-ကြောင်း စကား။ ထေရဝါဒ။ ပရိပုစ္ဆာ၂ (ထီ) [ပရိပုစ္ဆာ+အ+အာ] (၁) အဖန်ဖန်-အထပ်ထပ်- ထက်ဝန်းကျင်- ဆွေးနွေး- မေး မြန်း-ခြင်းကြောင့်ဖြစ်သောစကား။ မေးအပ် သည်မှ နောက်၌ဖြစ်သော စကား၊ အဖြေ စကား။ (၂) အဋ္ဌကထာ သင်ခြင်းရှိသော-အဋ္ဌကထာ သင်ပြီးသော-ထေရီမ။ (၁) အဖန်ဖန်- အထပ်ထပ်- ထက်ဝန်း ကျင်-ဆွေးနွေး-မေးမြန်း-ခြင်းကြောင့်ဖြစ်သော စကား။ မေးအပ်သည်မှ နောက်၌ဖြစ်သော စကား၊ အဖြေစကား။	(1) el discutir / preguntar una y otra vez / reiteradamente / por todas partes; el estudiar el comentario. (2) las palabras que son causa de discutir / preguntar una y otra vez / reiteradamente / por todas partes: (a) el comentario. (b) la *theravāda*.	(1) discussing / asking repeatedly / again and again / all round; learning the commentary. (2) the words that are a cause of discussing / asking repeatedly / again and again / all round: (a) the commentary. (b) the *theravāda*.	senses printed two or three times; translated once. The text runs on into the article ပရိပုစ္ဆာ 2, whose sense (2) is the next line (id 213849); its sense (1) is only here and is left out
213849	paripucchā	“ပရိပုစ္ဆာ”။ “ပုစ္ဆာယ။ ”တိ။ (၂) အဋ္ဌကထာ သင်ခြင်းရှိသော- အဋ္ဌကထာ သင်ပြီးသော- ထေရီမ။	(2) que tiene el estudio del comentario / que ha estudiado el comentario (la *therī*).	(2) having the learning of the commentary / having learnt the commentary (said of a *therī*).	this line is the tail of the article ပရိပုစ္ဆာ 2 (its sense (1) 'words arising from repeated questioning; the answer' is printed inside id 213848); 'ထေရီမ' read as ထေရီ 'senior nun' with a stray မ, doubtful; label missing
213864	paripucchitasutta	ရုပ်,,ဝိညာဏ်တို့ကို ]ငါ, ငါ့ဥစ္စာ, ငါ ၏အတ္တ}ဟူ၍ အဖန်ဖန်ရှုမြင်အပ်ပါသလော-ဟု မေးမြန်းတော်မူအပ်သောသုတ်။ ္ဓသံယုတ်၊ ၂-ဝဂ်၊ ၆-သုတ်၊ ပရိပုစ္ဆေယျံ	el sutta en que (el Buddha) preguntó: «¿se ve una y otra vez el *rūpa* … el *viññāṇa* como “yo”, “lo mío”, “mi *atta*”?».	the sutta in which (the Buddha) asked: 'Are *rūpa* … *viññāṇa* repeatedly regarded as "I", "mine", "my *atta*"?'	'ရုပ်,,ဝိညာဏ်' read as an ellipsis (rūpa … viññāṇa, the five khandha)
213873	paripuṇṇa	(၁) ပြည့်စုံခြင်း။ (တိ) (၂)(က) ထက်ဝန်းကျင်ပြည့်သော၊ မယုတ် လျော့သော။ (ခ)ပြည့်ဖြိုးသော။ (ဂ)ထက်ဝန်း ကျင်- ပြည့်စုံ- လုံလောက်- စုံလင်- မချို့တဲ့-သော။ (ဃ) ပြည့်စုံ-စင်ကြယ်-သော။ (င) ပြည့်စုံ-မြင့်မြတ်-သော။ (စ) ထက်ဝန်းကျင်-ပြည့်စုံ-တိုးပွား-သော။ (၃)ပြည့်စုံစေအပ်သော။ (၄) ပြည့်စုံကြောင်းဖြစ်သော။ (၅) သိမ်းဆည်း အပ်သော။ (၆) ခြံရံအပ်သော။ (၁) ပြည့်စုံခြင်း။ «S1» (၂) (က) ထက်ဝန်းကျင် ပြည့်သော၊ မယုတ်လျော့ သော။ (ခ) ပြည့်ဖြိုးသော။ (ဂ) ထက်ဝန်းကျင်-ပြည့်စုံ-လုံလောက်-စုံလင်-မချို့တဲ့-သော။ (ဃ) ပြည့်စုံ-စင်ကြယ်-သော။ (င) ပြည့်စုံ-မြင့်မြတ်-သော။ (စ) ထက်ဝန်းကျင်-ပြည့်စုံ-တိုးပွား-သော။ ဝဍ္ဎိုတဓမ္မော။ (၃) ပြည့်စုံစေအပ်သော။ (၄) ပြည့်စုံကြောင်းဖြစ်သော။ (၅) သိမ်းဆည်းအပ် သော။ (၆) ခြံရံအပ်သော။	(1) la plenitud. Véase [[paripuṇṇattha]]. (adjetivo) (2) (a) lleno por todas partes; no menguado. (b) lozano. (c) por todas partes completo / suficiente / cabal / sin carencias. (d) completo / puro. (e) completo / excelente. (f) por todas partes completo / creciente. (3) hecho completar. (4) que es causa de plenitud. (5) recogido / guardado. (6) rodeado.	(1) fullness. See [[paripuṇṇattha]]. (adjective) (2) (a) full all round; not diminished. (b) plump / flourishing. (c) all round complete / sufficient / entire / without deficiency. (d) complete / pure. (e) complete / excellent. (f) all round complete / increasing. (3) caused to be completed. (4) being a cause of fullness. (5) gathered / stored up. (6) surrounded.	senses (1)-(6) printed twice in the source; translated once, «S1» kept where the second copy has it
213880	paripuṇṇakatthera	ပရိ-ပုဏ္ဏကထေရ်။ ဤမထေရ်သည် ဤကမ္ဘာမှ ပြန်၍ရေသည်ရှိသော် ကမ္ဘာတစ်သောင်း ရှစ် ထောင်ထက်၌ ပွင့်တော်မူသော ဓမ္မဒဿီ ဘုရားရှင်လက်ထက်တော်၌ အမျိုးကောင်း ယောကျာ်းဖြစ်၍ ဓမ္မဒဿီဘုရားရှင်၏ စေတီ တော်၌ မြတ်လေးပန်းတို့ကို အမွန်အမြတ် ကြည်ညိုဘွယ်ရာပြုပြင်၍ လှူဒါန်း ပူဇော်ခဲ့ လေသည်၊ ဤကောင်းမှုကံကြောင့် အပါယ် ၄-ပါး မလားမရောက်ရဘဲ ထူပသီခအမည်ရှိ သော စကြာဝတေးမင်းအဖြစ် ၁၆-ကြိမ်ဖြစ် ရလေသည်။ ငါတို့ ဘုရားရှင် လက်ထက် တော်၌ သာကီဝင်မင်းမျိုး၌ ဖြစ်၍ စည်းစိမ်ဥစ္စာ ကြယ်ဝချမ်းသာသောကြောင့် ]ပရိပုဏ္ဏက= မောင်ပြည့်စုံ} အမည်ဖြင့် ထင်ရှားခဲ့သည်။ နောင်အခါ ရှင်တော်ဘုရား၏ မွန်မြတ်သော အာဟာရကိုသာ သုံးဆောင်တော်မမူဘဲ ဆွမ်း ခံလှည့်လည်၍ ရရသမျှ ကောင်း, မကောင်း သော ဆွမ်းကို ဘုဥ်းပေးတော်မူ၍ နိဗ္ဗာန် ချမ်းသာကိုသာ ငဲ့ကွက်တော်မူခြင်းကို အတု လိုက်၍ သံဝေဂတရားဖြစ်ပွားကာ ရှင်တော် ဘုရားအထံ၌ ရဟန်းပြုလေသည်၊ ရဟန်း ပြုပြီးနောက် ကာယဂတာသတိကမ္မဋ္ဌာန်းကို ပွားများကာ ရဟန္တာဖြစ်တော်မူသည်။ ၁၅၄-၌ “ထမ္ဘာရောပကထေရ်”ဟု ဆို သည်။	el *thera* *paripuṇṇaka*. Este *thera*, en tiempos del Buddha *dhammadassī*, que apareció dieciocho mil eones atrás contando desde este eón, fue un hombre de buena familia y, tras arreglar flores de ‹မြတ်လေး› de modo excelente y digno de devoción, las ofreció en veneración en el *cetiya* del Buddha *dhammadassī*; por esta buena acción (*kamma*) no fue a parar a los cuatro *apāya* y llegó a ser 16 veces monarca universal (*cakkavatti*) con el nombre de *thūpasīkha*. En tiempos de nuestro Buddha nació en el linaje real de los *sākiya* y, por ser rico y próspero en bienes y riquezas, se hizo conocido con el nombre *paripuṇṇaka* (‹မောင်ပြည့်စုံ›, «el Colmado»). Más tarde, imitando al Buddha, que no tomaba sólo alimento exquisito sino que, andando a recibir limosna, comía la comida de limosna, buena o mala, que recibía, y sólo atendía a la felicidad del *nibbāna*, surgió en él el *saṁvega* y se hizo monje junto al Buddha; tras hacerse monje, cultivó el *kammaṭṭhāna* del *kāyagatāsati* y llegó a ser *rahantā*.	the *thera* *paripuṇṇaka*. In the time of the Buddha *dhammadassī*, who appeared eighteen thousand aeons ago counting back from this aeon, this *thera* was a man of good family and, having arranged ‹မြတ်လေး› flowers in an excellent and devotion-inspiring way, offered them in worship at the *cetiya* of the Buddha *dhammadassī*; because of this good deed (*kamma*) he did not go to the four *apāya* and became a universal monarch (*cakkavatti*) named *thūpasīkha* 16 times. In the time of our Buddha he was born in the royal lineage of the *sākiya* and, being rich and prosperous in wealth and possessions, became known by the name *paripuṇṇaka* (‹မောင်ပြည့်စုံ›, 'Master Full'). Later, following the example of the Buddha, who did not take only choice food but, going on alms-round, ate whatever alms-food, good or bad, he received, and looked only to the happiness of *nibbāna*, *saṁvega* arose in him and he became a monk under the Buddha; after becoming a monk he developed the *kammaṭṭhāna* of *kāyagatāsati* and became an *rahantā*.	hyphen: ပရိ-ပုဏ္ဏက read as one word; flower ‹မြတ်လေး› left in Burmese (unidentified); the Burmese nickname ‹မောင်ပြည့်စုံ› kept in ‹ › with a gloss
213884	paripuṇṇakalā	ပြည့်-မယုတ်လျော့-သော- အစိတ်အပိုင်း။ (တိ) မယုတ်လျော့သော အစိတ်အပိုင်းရှိ ပရိပုဏ္ဏကာယစိတ္တ သော။ (၁) အောက်ပုဒ်ကြည့်။	la parte llena / no menguada. (adjetivo) que tiene partes no menguadas. (1) Véase la entrada siguiente.	a full / undiminished part. (adjective) having undiminished parts. (1) See the next headword.	sense numbers not printed except the '(1)' before the cross-reference
213891	paripuṇṇakusala	အချင်း ခပ်သိမ်း-အခါခပ်သိမ်း-ပြည့်စုံသော ကုသိုလ် တရားရှိသော၊ သူ။	que tiene estados sanos completos en todos los aspectos / en todo momento (dicho de una persona).	having wholesome states complete in every respect / at all times (said of a person).	'အချင်းခပ်သိမ်း' read as 'in every respect'
213896	paripuṇṇakhandhasākhāpasākhāpañcaphalapaṭimaṇḍita	ပြည့်စုံသောပင်စည်, အခက်ကြီး, အခက်ငယ်, အသီးငါးလုံးတို့ဖြင့်-တန်ဆာဆင် အပ်-တင့်တယ်-သော။ (ဋ္ဌ-၌ ဝါကျသာ ရှိ။	adornado / embellecido con tronco, ramas mayores, ramas menores completos y cinco frutos. (En el comentario solo aparece la frase.)	adorned / made beautiful with a complete trunk, main branches, lesser branches and five fruits. (In the commentary there is only the sentence.)	the note '(ဋ္ဌ-၌ ဝါကျသာ ရှိ' read as 'in the commentary only the sentence (not the compound) occurs'; its closing bracket is missing in the source
213898	paripuṇṇagatta	ပြည့်စုံ-ပြည့် ပရိပုဏ္ဏဂုဏနာမ ဖြိုး-သော-ခန္ဓာကိုယ်-ရှိသော၊သူ။	que tiene un cuerpo completo / bien desarrollado (dicho de una persona).	having a complete / well-developed body (said of a person).	'ပြည့်...ဖြိုး' split by a running head, read as ပြည့်ဖြိုး
213906	paripuṇṇacatupārisuddhi	ပြည့်စုံသော သီလ ၄-ပါး၏ စင်ကြယ်ခြင်းရှိ သော၊ စင်ကြယ်သော သီလ ၄-ပါးနှင့် ပြည့် စုံသော၊ သူ။	que tiene completa la pureza de los cuatro *sīla*; dotado de los cuatro *sīla* puros (dicho de una persona).	having complete purity of the four *sīla*; endowed with the four pure *sīla* (said of a person).	label ထီ (feminine noun) but the gloss is adjectival
213917	paripuṇṇajaṅgha	ထက်ဝန်း ကျင်-ပတ်ဝန်းကျင်-ပြည့်ဖြိုးသော-သလုံး-မြင်း ပရိပုဏ္ဏတာဝစန ခေါင်း-ရှိသော၊ သူ။ တေနာဟ အာဒိ။	que tiene las pantorrillas / espinillas bien desarrolladas por todos los lados / todo alrededor (dicho de una persona).	having calves / shins well developed on all sides / all round (said of a person).	'မြင်း...ခေါင်း' split by a running head, read as မြင်းခေါင်း (shin)
213922	paripuṇṇattha	(၁) ပြည့်စုံ-လုံလောက်-ခြင်းအနက်။ (တိ) (၂) (က) ပြည့်စုံ သောအနက်ရှိသော။ (ခ) ပြည့်စုံခြင်းအနက် ရှိသော၊ ပြည့်စုံခြင်းအနက်ကို။ (၂) (က) အာဟ။ (ခ) သမ္ပန္နံ သာလိကေဒါရံ .... ဧတ္ထ ပရိပုဏ္ဏတ္ထော သမ္ပန္န-သဒ္ဒေါ။	(1) el significado de estar completo / ser suficiente. (adjetivo) (2) (a) que tiene un significado completo. (b) que tiene el significado de estar completo; el significado de estar completo.	(1) the meaning of being complete / sufficient. (adjective) (2) (a) having a complete meaning. (b) having the meaning of being complete; the meaning of being complete.	'ပြည့်စုံခြင်းအနက်ကို' (object case, no verb) rendered as a bare phrase
213929	paripuṇṇadhammakoṭṭhāsa	ပြည့်စုံသော တရားအဖို့အစု ရှိသော၊ သူ။	que tiene completas las porciones / el conjunto de los estados (dicho de una persona).	having complete portions / group of states (said of a person).	တရား read as 'states'; could be 'the Teaching'
213934	paripuṇṇanāmasiddhihetu	ပြည့်စုံသော နာမည်ပြီးစီးခြင်း၏ အကြောင်း။	la causa de la formación completa del nombre.	the cause of the complete formation of the name.	'နာမည်ပြီးစီးခြင်း' (nāmasiddhi) read as the grammatical formation of the noun
213941	paripuṇṇapaŭha	အပြည့်အစုံ မေးကြောင်း စကား၊ အပြည့်အစုံ ဖြေဆိုအပ် သော အနက်ကို သိမ်းယူကြောင်း အမေး စကား။	palabras con que se pregunta plenamente; palabras de pregunta con que se recoge el significado que ha de ser respondido plenamente.	words by which one asks in full; words of question by which one gathers the meaning to be answered in full.	headword printed 'paripuṇṇapaŭha' (for -pañha)
213942	paripuṇṇapaṭipadā	ပြည့်စုံ သော ရောက်ကြောင်း အကျင့်။	la práctica completa que es el medio para llegar (a la meta).	the complete practice that is the means of arriving (at the goal).	'(a la meta)' added to make sense of 'ရောက်ကြောင်း' ('means of reaching')
213953	paripaṇṇapātimokkhasīla	ပြည့်စုံသော၊ သူ။ ပါတိမောက္ခသီလနှင့် ပြည့် စုံသော၊ သူ။	completo (dicho de una persona). Dotado del *pātimokkhasīla* (dicho de una persona).	complete (said of a person). Endowed with the *pātimokkhasīla* (said of a person).	first gloss 'ပြည့်စုံသော၊ သူ' looks truncated; headword printed 'paripaṇṇa-'
213955	paripuṇṇapāramīpaccayasambhāra	ပြည့်စုံသော ပါရမီအကြောင်း အဆောက်အဦရှိသော၊ သူ။	que tiene completo el acopio de las *pāramī*, que son su causa (dicho de una persona).	having a complete accumulation of the *pāramī*, which are its cause (said of a person).	'ပါရမီအကြောင်း အဆောက်အဦ' (pāramī-paccaya-sambhāra) rendered loosely
213962	paripuṇṇabyañjana	ခပ်သိမ်း ပြည့်စုံသော သဒ္ဒါရှိသော။ (၂) အခါ ခပ်သိမ်း ပြည့်စုံသော ပုဒ်, ဗျည်းရှိသော။ (၃) အခါခပ်သိမ်း ပြည့်စုံသော အင်္ဂာကြီးငယ်ရှိ သော။ “ဗျဉ္ဇနေဟိ။ ဒေသေထာ”တိ။	(1) que tiene palabras completas en todo. (2) que tiene palabras y letras completas en todo momento. (3) que tiene los miembros mayores y menores completos en todo momento.	(1) having words complete in everything. (2) having words and letters complete at all times. (3) having the major and minor limbs complete at all times.	marker (1) missing in the source; 'ခပ်သိမ်း' at the start may be 'အခါခပ်သိမ်း' truncated
213964	paripuṇṇabhattabhājana	ပြည့်သော ထမင်း-ခွက်-အိုး။ ပရိပုဏ္ဏဘာဝဂ္ဂဟဏ (န) အခါခပ်သိမ်း ပြည့်စုံသည်၏ အဖြစ် ကို မှတ်ယူခြင်း။	cuenco / olla de arroz cocido llenos.	a full bowl / pot of cooked rice.	a further article is merged into this line: 'ပရိပုဏ္ဏဘာဝဂ္ဂဟဏ (န)' (paripuṇṇabhāvaggahaṇa) with its own gloss; left out here
213980	paripuṇṇarajanikarasadisaruciravaravadana	ပြည့်သောလ-လပြည့်-နှင့်တူသော တင့်တယ် ကောင်းမြတ်သော နှုတ်ခမ်းရှိသော၊ သူ။ «S1»	que tiene unos labios hermosos y excelentes semejantes a la luna llena / al plenilunio (dicho de una persona). Véase también [[rajanikara]].	having beautiful, excellent lips like the full moon / the moon at the full (said of a person). See also [[rajanikara]].	'နှုတ်ခမ်း' (lips) for -vadana (mouth, face)
213981	paripuṇṇarūpa	(၁) ပြည့်စုံသော ရုပ်။ (တိ) (၂) ပြည့်စုံသော ရုပ်သွင်သဏ္ဌာန်ရှိ သော။	(1) forma completa. (adjetivo) (2) que tiene una apariencia completa.	(1) complete form. (adjective) (2) having a complete appearance.	ရုပ် in (1) rendered 'form'; could be ⟦=rūpa⟧ (materiality)
213983	paripuṇṇalakkhaṇa	ပြည့်စုံသော- အမှတ်အသား- မှတ်ကြောင်း လက္ခဏာ-ရှိသော၊ ပြည့်စုံသော ကောင်းမှုရှင် ဟု မှတ်ကြောင်းလက္ခဏာရှိသော၊ သူ။ (ခ) ပြည့်စုံသော ယောကျာ်းမြတ်-အမှတ်အသား-မှတ်ကြောင်း လက္ခဏာ-ရှိသော၊ သူ။	que tiene completas las señales / *lakkhaṇā* por las que se reconoce; que tiene completas las *lakkhaṇā* por las que se lo reconoce como poseedor de méritos (dicho de una persona). (b) que tiene completas las señales / *lakkhaṇā* distintivas del hombre excelso (dicho de una persona).	having complete signs / *lakkhaṇā* by which one is recognised; having complete *lakkhaṇā* by which one is recognised as possessed of merit (said of a person). (b) having complete signs / *lakkhaṇā* distinctive of the excellent man (said of a person).	sense marker (a) missing in the source
213992	paripuṇṇavassasāmaṇera	ပြည့်သော- အသက်- နှစ်- ရှိ သော- သာမဏေ-ရှင်-ကိုယ်ရင်၊ အသက်-နှစ်- ၂၀- ပြည့်သော- သာမဏေ- ရှင်-ကိုယ်ရင်။ ပရိပုဏ္ဏဝိပါက	*sāmaṇera* / novicio / novicio que tiene cumplidos la edad / los años; *sāmaṇera* / novicio / novicio que ha cumplido 20 años de edad / años.	*sāmaṇera* / novice / novice having complete age / years; *sāmaṇera* / novice / novice who has completed 20 years of age / years.	ရှင် and ကိုယ်ရင် are two Burmese words for a novice; both rendered 'novice'
214000	paripuṇṇavissajjana	အပြည့်အစုံ ဖြေဆိုခြင်း။ (၂) ပြည့်စုံသော အဖြေ၊ (သန္နိဋ္ဌာန်, သံသယ ၂-ပုဒ်အနက်ကို အပြည့်အစုံ ပြုအပ်သောအဖြေ၊) ဝိဿဇ္ဇနာ။ (တိ) (၃) ပြည့်စုံသော တရား-ခန္ဓာ ၅-ပါး တရား-တို့ကို ဖြေဆိုခြင်းရှိသော၊ ပြည့်စုံသော တရားတို့ကို ဖြေဆိုရာဖြစ်သော။ (၂) ဧဝံ။	(1) el responder de modo completo. (2) respuesta completa (respuesta dada de modo completo al significado de las dos palabras *sanniṭṭhāna* y *saṁsaya*); *vissajjanā*. (adjetivo) (3) que tiene el responder sobre los estados completos / los estados que son los cinco *khandhā*; en que se responde sobre los estados completos.	(1) answering completely. (2) a complete answer (an answer given completely to the meaning of the two words *sanniṭṭhāna* and *saṁsaya*); *vissajjanā*. (adjective) (3) having the answering about complete states / the states that are the five *khandhā*; in which complete states are answered.	marker (1) missing in the source
214002	paripuṇṇavīriyapāramī	ပြည့်စုံသော အပြည့်အစုံရှိသော၊ သူ။	que tiene completo (…) en plenitud (dicho de una persona).	having complete (…) in full (said of a person).	text truncated: 'ပြည့်စုံသော အပြည့်အစုံရှိသော' lacks its noun (probably ဝီရိယပါရမီ)
214006	paripuṇṇaveda	ပြည့်စုံသော-ဗေဒင်-ဝေဒကျမ်း-ရှိသော၊ ဗေဒင်နှင့် ပြည့်စုံ သော၊ အလုံးစုံသော ဝေဒကျမ်းကို တတ် သော၊ သူ။	que tiene completos los *veda* / los libros del *veda*; dotado de los *veda*; que domina todos los libros del *veda* (dicho de una persona).	having complete *veda* / books of the *veda*; endowed with the *veda*; versed in all the books of the *veda* (said of a person).	ဗေဒင် (Burmese form of veda; also 'astrology') rendered ⟦=veda⟧
214009	paripuṇṇasaṅgaha	ပြည့်စုံ သော ရေတွက်ကြောင်းတရား (၊ ဓါတ်)။ အောက်ပုဒ်-ကြည့်။	el estado que es medio de cómputo completo (o *dhātu*). Véase la entrada siguiente.	the state that is a means of complete reckoning (or *dhātu*). See the following headword.	'(၊ ဓါတ်)' read as an alternative, 'or dhātu'
214028	paripuṇṇasarīra	(က) ပီတိ ဖြင့်ပြည့်သော-နှစ်သိမ့်သော-ခန္ဓာ-ကိုယ်-ရှိ သော၊ သူ။ (ခ) ကြီးငယ်တို့ဖြင့် ပြည့်စုံသော-ခန္ဓာ-ကိုယ်-ရှိ သော၊ အလုံးစုံ ပြည့်စုံညီညွတ်သော ခန္ဓာ ကိုယ်ရှိသော၊ သူ။	(a) que tiene un cuerpo / una figura lleno / colmado de *pīti* (dicho de una persona). (b) que tiene un cuerpo / una figura completo en (sus miembros) mayores y menores; que tiene un cuerpo completo y bien proporcionado en todo (dicho de una persona).	(a) having a body / frame filled / gladdened with *pīti* (said of a person). (b) having a body / frame complete in (its limbs) major and minor; having a body wholly complete and well proportioned (said of a person).	ခန္ဓာ-ကိုယ် (two words for 'body') rendered 'body / frame'
214038	paripuṇṇasīhal̤adāttasaṇṭhāna	ပြည့်စုံ-ကောင်း-သော သီဟိုဠ်တံစဥ်ပုံ- သဏ္ဌာန်- ရှိသော။	que tiene la forma / figura completa / buena de una hoz de *sīhaḷa*.	having the complete / fine shape / form of a *sīhaḷa* sickle.	တံစဥ် read as 'sickle' (dātta)
214048	paripuṇṇāparipuṇṇāyatanattabhāvanibbattaka	ပြည့်စုံသော အာယတနရှိသော-ခန္ဓာကိုယ်-အတ္တဘော,မပြည့်စုံသော အာယ-တနရှိသော-ခန္ဓာကိုယ်-အတ္တဘော-ကို ဖြစ် စေတတ်သော။ ပြည့်စုံသော အာယတန, မပြည့်စုံသော အာယတနရှိသော-ခန္ဓာကိုယ်-အတ္တဘော-ကို ဖြစ်စေတတ်သော။	que suele producir un cuerpo / una existencia individual que tiene *āyatana* completos y un cuerpo / una existencia individual que tiene *āyatana* incompletos. Que suele producir un cuerpo / una existencia individual que tiene *āyatana* completos o incompletos.	apt to produce a body / individual existence having complete *āyatana* and a body / individual existence having incomplete *āyatana*. Apt to produce a body / individual existence having complete or incomplete *āyatana*.	hyphen: အာယ-တန read as one word
214050	paripuṇṇāyatana	ပြည့်စုံသော အာယတန၊ (တိ) (၂) ပြည့်စုံ သော အာယတနရှိသော၊ အာယတနအပြည့် အစုံရှိသော၊ သူ။	(1) *āyatana* completo; (adjetivo) (2) que tiene *āyatana* completos; que tiene los *āyatana* en su plenitud (dicho de una persona).	(1) complete *āyatana*; (adjective) (2) having complete *āyatana*; having the *āyatana* in full (said of a person).	marker (1) missing in the source
214051	paripuṇṇāvayava	ပြည့်ဖြိုးသော- အစိတ်အပိုင်း- ကိုယ်အင်္ဂာ- ရှိ သော။ (ခ) ပြည့်စုံသော-အစိတ်-အပိုင်း-ရှိ သော။	(a) que tiene las partes / los miembros del cuerpo bien desarrollados. (b) que tiene completas las partes / porciones.	(a) having well-developed parts / limbs of the body. (b) having complete parts / portions.	marker (a) missing in the source
214052	paripuṇṇāsitasaṇṭhāna	ပြည့်စုံ-ကောင်း-သော တံစဥ်-ပုံ-သဏ္ဌာန်-ရှိသော။	que tiene la forma / figura de hoz completa / buena.	having the complete / fine shape / form of a sickle.	တံစဥ် read as 'sickle' (asita)
214053	paripuṇṇindriya	(က)ပြည့်စုံ စသည်အကြောင်းရှိသော တုန်လှုပ်ခြင်းမရှိ သော စက္ခုစသော ဣန္ဒြေနှင့်ပြည့်စုံသော၊ သူ။ (ခ) ပြည့်စုံသောသဒ္ဓါစသော ဣန္ဒြေရှိသော၊ စက္ခုစသောဣန္ဒြေကို သုံးသပ်ဆင်ခြင်သော ပုဂ္ဂိုလ်အားဖြစ်သော သဒ္ဓါစသောဣန္ဒြေနှင့် ပြည့်စုံသော၊ သူ။ (ဂ) ပြည့်စုံသော(မချို့တဲ့ သော) စက္ခုစသောဣန္ဒြေရှိသော၊ သူ။ “ပရိပုဏ္ဏိန္ဒြိယော”တိ။ (ခ) “ပရိပုဏ္ဏိန္ဒြိယော”တိ။	(a) dotado de las *indriya* que comienzan por el *cakkhu*, que no vacilan y que tienen por causa la plenitud, etc. (dicho de una persona). (b) que tiene completas las *indriya* que comienzan por la *saddhā*; dotado de las *indriya* que comienzan por la *saddhā*, que surgen en la persona que examina / considera las *indriya* que comienzan por el *cakkhu* (dicho de una persona). (c) que tiene completas (no deficientes) las *indriya* que comienzan por el *cakkhu* (dicho de una persona).	(a) endowed with the *indriya* beginning with *cakkhu*, which do not waver and have completeness etc. as their cause (said of a person). (b) having complete the *indriya* beginning with *saddhā*; endowed with the *indriya* beginning with *saddhā* that arise in the person who examines / considers the *indriya* beginning with *cakkhu* (said of a person). (c) having complete (not deficient) *indriya* beginning with *cakkhu* (said of a person).	sense (a) 'ပြည့်စုံ စသည်အကြောင်းရှိသော' reads awkwardly; rendering doubtful
214054	paripuṇṇūpasampada	ပြည့် စုံသော-ရဟန်းအဖြစ်-ရဟန်းခံခြင်း-ပဉ္စင်းခံ ခြင်း-ရှိသော၊ ဘိက္ခု ဘိက္ခုနီ ၂-ဌာနလုံး-၂-ဖက်သံဃါ၌ ရဟန်းခံသော၊ သူ(ဘိက္ခုနီမ)။	que tiene completas la condición monástica / la ordenación monástica / la ordenación plena; ordenada en los dos lugares enteros / en la *saṅgha* de ambas partes, de *bhikkhu* y de *bhikkhunī* (dicho de una persona) (una *bhikkhunī*).	having complete monastic status / monastic ordination / full ordination; ordained in both places entire / in the *saṅgha* of both sides, of *bhikkhu* and *bhikkhunī* (said of a person) (a *bhikkhunī*).	ရဟန်း (monk) here applied to a bhikkhunī: rendered 'monastic'
214055	paripuṇṇūpasampanna	ပြည့်စုံ စွာ-ရဟန်းအဖြစ်သို့ရောက်သော-ရဟန်းဖြစ် ၂-ဌာနလုံး၌ ရဟန်း ဖြစ်သော၊ သူ(ဘိက္ခုနီမ)။	que ha llegado de modo completo a la condición monástica / que es *rahanḥ*; ordenada en los dos lugares enteros (dicho de una persona) (una *bhikkhunī*).	who has completely arrived at monastic status / who is ordained; ordained in both places entire (said of a person) (a *bhikkhunī*).	chain 'ရဟန်းဖြစ် ၂-ဌာနလုံး၌' looks truncated (no -သော after ရဟန်းဖြစ်)
214058	paripūraka	ပြည့်စုံစေ- ဖြည့်ဆည်းပူး- ဖြည့်ကျင့်- တတ် သော၊ အပြည့်အစုံ ဖြည့်ကျင့်တတ်သော၊ တိုး ပွားအောင် ပြုတတ်သော၊ သူ။	que suele completar / colmar / cumplir; que suele cumplir plenamente; que suele hacer crecer (dicho de una persona).	apt to complete / supply / fulfil; apt to fulfil completely; apt to make grow (said of a person).	'ဖြည့်ဆည်းပူး' read as ဖြည့်ဆည်း (supply, fulfil)
214065	paripūrakāribhāvappasaṅga	အပြည့်အစုံ ဖြည့်ကျင့်ခြင်းကို ပြုလေ့ရှိ ပရိပူရကာရီ သူ၏အဖြစ်၌ လျဥ်းပါးကပ်ငြိ-ယုံမှား-ဖွယ် ရှိ ခြင်း။	el haber lugar a vincular / adherir / dudar respecto del hecho de ser alguien que suele cumplir plenamente.	there being occasion to connect / attach / doubt regarding the state of being one in the habit of fulfilling completely.	'လျဥ်းပါးကပ်ငြိ-ယုံမှား-ဖွယ်ရှိခြင်း' (for pasaṅga) rendered tentatively
214072	paripūraṇattha	ပြည့်စေ-ဖြည့်ကျင့်-ခြင်း အကျိုး။ (ခ) ပြည့်စုံစေ ခြင်း အကျိုး။ (တိ) (၂) ပြည်စုံစေခြင်း အနက်ရှိ။	(a) el beneficio de llenar / cumplir. (b) el beneficio de completar. (adjetivo) (2) que tiene el significado de completar.	(a) the benefit of filling / fulfilling. (b) the benefit of completing. (adjective) (2) having the meaning of completing.	markers (1) and (a) missing in the source; အကျိုး read as 'benefit' (attha); sense (2) ends without -သော; 'ပြည်စုံ' read as ပြည့်စုံ
214084	paripūrayamāna	ပြည့်စေတတ်သော။ (၂) ပြည့်စုံစေတတ် သော။ (၃) ပြည့်စုံစေ-ဖြည့်ကျင့်-တတ်သော။ (က) ဖြည့်ကျင့်-ထက်ဝန်းကျင်-စောင့်ရှောက်-စောင့် စည်း-တတ်သော။ (ခ) ဖြည့်ကျင့်-ထက်ဝန်းကျင် ပွားများ- မကျူးလွန်- တတ် သော၊ သူ။	(1) que suele llenar. (2) que suele completar. (3) que suele completar / cumplir. (a) que suele cumplir / proteger por todos los lados / guardar. (b) que suele cumplir / acrecentar por todos los lados / no transgredir (dicho de una persona).	(1) apt to fill. (2) apt to complete. (3) apt to complete / fulfil. (a) apt to fulfil / protect on all sides / guard. (b) apt to fulfil / increase on all sides / not transgress (said of a person).	marker (1) missing in the source
214085	paripūrayāmi	ပြည့် စုံစေ၏၊ ဖြည့်တင်းပေး၏။ «S1»	completa; rellena. Véase [[paripūrayati]] (d).	completes; fills up. See [[paripūrayati]] (d).	headword is 1st person (-mi); the Burmese ၏ is rendered in the 3rd person
214086	paripūrayi	ပြည့်စေပြီ။ (ခ) ပြည့်စုံစေပြီ။ ပရိပူရယတိ-(က၊ခ)ကြည့်။	(a) llenó. (b) completó. Véase [[paripūrayati]] (a, b).	(a) filled. (b) completed. See [[paripūrayati]] (a, b).	marker (a) missing in the source; 'see X' left in the Burmese
214091	paripūri	ပြည့်စုံ-လုံလောက်-ခြင်း။ «S1» ပရိပူရိ၂ (ကြိ) ပြည့်ပြီ။	el estar completo / ser suficiente. Véase [[paripūriattha]].	being complete / sufficient. See [[paripūriattha]].	the next article (paripūri 2, verb) is merged into this line; its gloss belongs to id 214092
214092	paripūri	ကြည့်။	Véase.	See.	text is only 'ကြည့်' (see) with no target; this verb's gloss 'ပြည့်ပြီ' (became full) is printed at the end of id 214091
214093	paripūriattha	ပြည့်စုံခြင်း အနက်ရှိသော၊ သဒ္ဒါ။ (ပါရိ-ပူရိအတ္ထော?)	que tiene el significado de estar completo (dicho de una palabra).	having the meaning of being complete (said of a word).	the source queries the reading with '(ပါရိ-ပူရိအတ္ထော?)'
214097	paripūtakāla	ပြည့်-ပြည့်စုံ-ရာ အချိန်အခါ။	el momento en que se llena / se completa.	the time when it is full / complete.	headword printed 'paripūtakāla' (probably paripūrita- or paripūra-)
214098	paripūritadasavidhacakkavattivatta	ပြည့်စုံစေ-ဖြည့်ကျင့်-အပ်ပြီးသော ၁၀-ပါးအပြားရှိသော စကြ-ဝတေးမင်း၏ ကျင့်ဝတ်ရှိသော၊ ၁၀-ပါးသော စကြဝတေးမင်းကျင့်ဝတ်ကို ဖြည့်ကျင့်ပြီး သော၊ သူ။	que tiene completados / cumplidos los deberes del rey *cakkavatti*, que son de diez clases; que ha cumplido los 10 deberes del rey *cakkavatti* (dicho de una persona).	having completed / fulfilled the duties of a *cakkavatti* king, which are of ten kinds; who has fulfilled the 10 duties of a *cakkavatti* king (said of a person).	hyphen: စကြ-ဝတေး read as one word
214105	paripūritābhibuddha	ပြည့်စုံ စွာ-တိုးပွား-ကြီးပွား-စေအပ်သော၊ ပြည့်စုံ စေ-ဖြည့်ကျင့်-အပ်သော-တိုးပွား-ကြီးပွား-ခြင်းရှိသော။ (ဝုဒ္ဓံ)။	completamente / acrecentado / engrandecido; que tiene un acrecentamiento / engrandecimiento completado / cumplido.	completely / increased / made great; having a completed / fulfilled increase / growth.	headword -abhibuddha is glossed as -abhivuddha (growth), as the note '(ဝုဒ္ဓံ)' suggests
214107	paripūrissanti	ပြည့်ကုန်လတ္တံ့။ (ခ) ပြည့်စုံကုန်လတ္တံ့။ ပရိပူရေတိ (က) (ခ) ကြည့်။	(a) se llenarán. (b) se completarán. Véase [[paripūreti]] (a) (b).	(a) will become full. (b) will become complete. See [[paripūreti]] (a) (b).	marker (a) missing in the source; 'see X' left in the Burmese
214111	paripūreti	ပြည့်၏။ (၂) ပြည်စုံ-လုံလောက်-၏။	(1) se llena. (2) se completa / es suficiente.	(1) becomes full. (2) becomes complete / sufficient.	marker (1) missing in the source; 'ပြည်စုံ' read as ပြည့်စုံ
214112	paripūreti	ပြည့်စေ၏။ (၂) (က) ပြည့်စုံ-လုံလောက်-စေ၏၊ ဖြည့်ကျင့်၏။ (ခ) တိုးပွားစေ-စောင့် ရှောက်-၏။	(1) llena. (2) (a) completa / hace suficiente; cumple. (b) hace crecer / protege.	(1) fills. (2) (a) completes / makes sufficient; fulfils. (b) makes grow / protects.	marker (1) missing in the source
214113	paripūretuṁ	ပြည့်စေ-ဖြည့်-ခြင်းငှာ။ (၂) (က) ပြည့်စုံ-ဖြစ်-စေခြင်းငှာ။ (ခ) ပြည့်စုံစေ-ဖြည့်စွက်-ခြင်းငှာ။ (ဂ) ပြည့်စုံစေ-ဖြည့်ကျင့်-ခြင်းငှာ။ “ဧကူနပဉ္စ-သတာန”။ (ခ) “ဝိညူဟီ”။ ပရိပူရေန္တ	(1) para llenar / rellenar. (2) (a) para completar / hacer surgir. (b) para completar / añadir. (c) para completar / cumplir.	(1) in order to fill / fill up. (2) (a) in order to make complete / make arise. (b) in order to complete / supplement. (c) in order to complete / fulfil.	marker (1) missing in the source
214120	paripūrenti	ပရိပူရေသုံ၂ ပြည့်စေ-ဖြည့်-ကုန်၏။ (၂) ပြည့်စုံ-လုံလောက်-စေကုန်၏။ (က) ဖြည့်ကျင့်-ကုန်၏။ (ခ) တိုး ပွားစေ-စောင့်ရှောက်-ကုန်၏။ «S1»	(1) llenan / rellenan. (2) completan / hacen suficiente. (a) cumplen. (b) hacen crecer / protegen. Véase [[paripūreti2]].	(1) fill / fill up. (2) complete / make sufficient. (a) fulfil. (b) make grow / protect. See [[paripūreti2]].	marker (1) missing in the source
214121	paripūremi	ပြည့်စုံ-လုံလောက်-စေ၏။ «S1»	completa / hace suficiente. Véase [[paripūreti]] (2).	completes / makes sufficient. See [[paripūreti]] (2).	headword is 1st person (-mi); the Burmese ၏ is rendered in the 3rd person
214122	paripūreyyaṁ	ဖြည့် ကျင့်အံ့။ ပရိပူရေတိ (၂) (က) ကြည့်။	cumpliré. Véase [[paripūreti]] (2) (a).	I shall fulfil. See [[paripūreti]] (2) (a).	rendered in the 1st person (-eyyaṁ, ...အံ့); 'see X' left in the Burmese
214124	paripūreyya	ပြည့်စေ-ဖြည့်-ရာ၏။ (၂) ပြည့်စုံ-လုံလောက်-စေရာ၏။ «S1»	(1) llenaría / rellenaría. (2) completaría / haría suficiente. Véase [[paripūreti]].	(1) would fill / fill up. (2) would complete / make sufficient. See [[paripūreti]].	marker (1) missing in the source
214125	paripūreyyāsi	ဖြည့်ကျင့်လော။ ပရိပူရေတိ(၂) (က) ကြည့်။	¿cumplirías? Véase [[paripūreti]] (2) (a).	would you fulfil? See [[paripūreti]] (2) (a).	'ဖြည့်ကျင့်လော' read as a question; with the optative -eyyāsi it may be the imperative လော့ ('you should fulfil'); 'see X' left in the Burmese
214126	paripūreyyuṁ	ဖြည့်ကျင့်ကုန်ရာ၏။ ပရိပူရေတိ (၂) (က) ကြည့်။	cumplirían. Véase [[paripūreti]] (2) (a).	would fulfil. See [[paripūreti]] (2) (a).	'see X' left in the Burmese
214127	paripūresiṁ	ဖြည့် ကျင့်ပြီ။ ပရိပူရေတိ (၂) (က) ကြည့်။	cumplí. Véase [[paripūreti]] (2) (a).	I fulfilled. See [[paripūreti]] (2) (a).	rendered in the 1st person (headword -esiṁ); 'see X' left in the Burmese
214130	paripūresuṁ	(၂) (က) ကြည့်။ ပရိပူရေသုံ၁ (ကြိ) [+ဏေ+ဥံ] ပြည့်ကုန်ပြီ။ «S1» ပရိပူရေသုံ၂ (ကာ၊ကြိ) [ပရိ+ပူရ+ဏေ+ဥံ၊ သ-အာဂုံ] (၁) ပြည့်စေ-ဖြည့်ကုန်ပြီ။ (၂) ဖြည့် ကျင့်-ကုန်ပြီ။ ပရိပူရေတိ (၁)(၂) (က) ကြည့်။	*paripūresuṁ* 1 (verbo): se llenaron. Véase [[paripūreti]] (1). *paripūresuṁ* 2 (verbo causativo): (1) llenaron / rellenaron. (2) cumplieron. Véase [[paripūreti]] (1) (2) (a).	*paripūresuṁ* 1 (verb): became full. See [[paripūreti]] (1). *paripūresuṁ* 2 (causative verb): (1) filled / filled up. (2) fulfilled. See [[paripūreti]] (1) (2) (a).	line has no label and holds two homograph articles (paripūresuṁ 1 and 2) with their headwords; 'see X' left in the Burmese
214131	paripūressati	ပြည့်လတ္တံ့။ (၂) ပြည့်စုံ-လုံလောက်-လတ္တံ့။ «S1»	(1) se llenará. (2) se completará / será suficiente. Véase [[paripūreti]] (1).	(1) will become full. (2) will become complete / sufficient. See [[paripūreti]] (1).	marker (1) missing in the source
214132	paripūressati	ပြည့်စေလတ္တံ့၊ ဖြည့်ကျင့်လတ္တံ့။ ပရိပူရေတိ (၂) (က) ကြည့်။	hará llenar; cumplirá. Véase [[paripūreti]] (2) (a).	will cause to fill; will fulfil. See [[paripūreti]] (2) (a).	'see X' left in the Burmese
214133	paripūressanti	(၁) ပြည့်စေ-ဖြည့်-ကုန်လတ္တံ့။ (၂) ဖြည့်ကျင့် ကုန်လတ္တံ့။ ပရိပူရေတိ (၁)(၂) (က) ကြည့်။	(1) llenarán / rellenarán. (2) cumplirán. Véase [[paripūreti]] (1) (2) (a).	(1) will fill / fill up. (2) will fulfil. See [[paripūreti]] (1) (2) (a).	'see X' left in the Burmese
214134	paripūressāma	ဖြည့်ကျင့်ကုန်လတ်အံ့။ ပရိပူရေတိ (၂) (က) ကြည့်။	cumpliremos. Véase [[paripūreti]] (2) (a).	we shall fulfil. See [[paripūreti]] (2) (a).	'see X' left in the Burmese
214135	paripūressāmi	(၁) ပြည့်စုံ-လုံလောက်-စေအံ့။ (၂) ဖြည့်ကျင့် အံ့။ ပရိပူရေတိ (၂) (က) ကြည့်။	(1) completaré / haré suficiente. (2) cumpliré. Véase [[paripūreti]] (2) (a).	(1) I shall complete / make sufficient. (2) I shall fulfil. See [[paripūreti]] (2) (a).	rendered in the 1st person (-ssāmi, ...အံ့); 'see X' left in the Burmese
214136	paripūrehi	ဖြည့် ကျင့်လော့။ ပရိပူရေတိ (၂) (က) ကြည့်။	¡cumple! Véase [[paripūreti]] (2) (a).	fulfil! See [[paripūreti]] (2) (a).	'see X' left in the Burmese
214163	paripphuṭa	ထက်ဝန်းကျင်-ပျံ့နှံ့-တွေ့ထိ-သော။ (ခ) ထက် ဝန်းကျင်- ဖြန့်-ပျံ့နှံ့- တိုးပွား-စေ- အပ်သော။ (ဂ) ထက်ဝန်းကျင်- ပြည့်- ပြည့်ဝ- ထင်ရှား-သော။ (ဃ) ထက်ဝန်းကျင်-ဖြန့်-တွေ့ထိ-အပ် သော။ (ဃ) အောက် ပုဒ်-ကြည့်။	(a) que se difunde / toca por todos los lados. (b) extendido / difundido / acrecentado por todos los lados. (c) lleno / pleno / manifiesto por todos los lados. (d) extendido / tocado por todos los lados. (d) Véase la entrada siguiente.	(a) pervading / touching on all sides. (b) spread / diffused / increased on all sides. (c) full / replete / manifest on all sides. (d) spread / touched on all sides. (d) See the following headword.	marker (a) missing in the source
214164	paripphuṭaviññāṇakicca	ထက်ဝန်းကျင်- ပြည့်-ပြည့်ဝ-ထင်ရှား- သော နေဝသညာနာသညာယတနစိတ်မှ တပါးသော ဝိညာဏဌိတိစိတ်၏-အလုပ်-ကိစ္စ။ ပရိပ္ဖုဋ-ဝိညာဏကိစ္စဝန္တု-ပုဒ်ကြည့်။	la labor / la función de la mente *viññāṇaṭhiti*, distinta de la mente *nevasaññānāsaññāyatana*, que está llena / plena / manifiesta por todos los lados. Véase [[paripphuṭaviññāṇakiccavantu]].	the work / function of the *viññāṇaṭhiti* mind, other than the *nevasaññānāsaññāyatana* mind, that is full / replete / manifest on all sides. See [[paripphuṭaviññāṇakiccavantu]].	'see X' left in the Burmese
214170	paripphoseti	ထက်ဝန်းကျင်-သွန်းလောင်း-ပတ်ဖျန်း-ဆွတ် ဖျန်း - ၏၊ ထက်ဝန်းကျင် တွေ့ထိစေ၏။	vierte / rocía / salpica por todos los lados; hace tocar por todos los lados.	pours / sprinkles / splashes on all sides; makes it touch on all sides.	'ပတ်ဖျန်း' read as ပက်ဖျန်း (sprinkle)
214175	pariplavanta	ရေပေါ်၌ ကြာ ရွက်ပမာ သမုဒြာရေလယ်၌ လှည်းဘီး သဏ္ဌာန်-ဝိုင်းဝိုင်းစက်စက်-ထင်ထင်ရှားရှား-တည်ရှိသော၊ ဇမ္ဗူဒီပါ လကျာ်တောင်ကျွန်း မြေအရပ်။	que está situada, como una hoja de loto sobre el agua, en medio de las aguas del océano, con forma de rueda de carro / bien redonda / clara y manifiesta (dicho de la tierra de *jambūdīpā*, el continente del sur).	lying, like a lotus leaf on the water, in the midst of the waters of the ocean, in the shape of a cart wheel / quite round / clear and manifest (said of the land of *jambūdīpā*, the southern continent).	the participle 'floating' is glossed by its referent, Jambudīpa
214178	paribajcyati	ဝန်းကျင်-တုတ်-နှောင်-ဖွဲ့-အပ်၏။ စာ။	es atado / amarrado / ligado por todos los lados.	is tied / bound / fastened on all sides.	headword printed 'paribajcyati' (paribajjhati)
214186	paribandhavidhamana	ဘေးရန်-အန္တရာယ်-ကို မှုတ်လွှင့် ပယ်ဖျောက်ခြင်း။ ပရိဗန္ဓဝိသုဒ္ဓိသမကာလဝိဘာဝိနီ (ထီ) [ပရိဗန္ဓ-ဝိသုဒ္ဓိသမကာလဝိဘာဝီ + ဣနီ] ဘေးရန်-ပရိဗာဟိယ အန္တရာယ်-မှ စင်ကြယ်ခြင်းကြောင့် တူမျှသော အချိန်ကာလ၌ တစ်ပြိုင်နက် ပြည့်စုံလေ့ရှိ သော တိုးပွားသော ဥပေက္ခာ။ အောက်ပုဒ်-ကြည့်။	el disipar / eliminar el peligro / obstáculo.	blowing away / removing danger / obstacle.	a further article is merged into this line: paribandhavisuddhisamakālavibhāvinī (ထီ), glossed as the growing ⟦ဥပေက္ခာ⟧ that is completed at the same time through purification from danger; left out here
214194	paribuddha	နှိပ်စက်-တားမြစ်-အပ် သော (သေနာသေန)။	oprimido / impedido (*senāsena*).	oppressed / prevented (*senāsena*).	'(သေနာသေန)' unclear: probably a quotation context ('army')
214210	paribbajiṁ	ရသေ့ပြုပြီ။ «S1»	me hice ermitaño. Véase [[paribbajati]] (2).	I became a hermit. See [[paribbajati]] (2).	rendered in the 1st person (headword -iṁ)
214212	paribbajissaṁ	ရသေ့ပြုပြီ။ «S1»	me hice ermitaño. Véase [[paribbajati]] (2).	I became a hermit. See [[paribbajati]] (2).	rendered in the 1st person; the Burmese gives a past (ပြုပြီ) for a -issaṁ headword (future / conditional)
214213	paribbajūpagata	(၁)သမ္မာဒိဋ္ဌိ ဆန္နပရိဗိုဇ်အဖြစ်သို့ ကပ်ရောက်တတ်သော၊ သူ။ (၂) သာသနာပြင်ပ နိဂဏ္ဌ၏တပည့် ပရိ-ဗိုဇ်အဖြစ်သို့ ကပ်ရောက်တတ်သော၊ သူ။ (၃) သာသနာ့ဝန်ထမ်း ဘုရားရှင်၏ တပည့်ရဟန်း အဖြစ်သို့ ကပ်ရောက်တတ်သော၊ သူ။ (၄) (ပါရာဇိကအာပတ် သင့်ပြီးပါလျက် ငါရဟန်း ဟု ဝန်ခံခြင်းကြောင့်)နာမမတ္တ ရဟန်းတု-ရဟန်းယောင်-အဖြစ်သို့ ကပ်ရောက်သော၊ သူ။	(1) que suele llegar a la condición de *channaparibbājaka* de *sammādiṭṭhi* (dicho de una persona). (2) que suele llegar a la condición de *paribbājaka*, discípulo de los *nigaṇṭha*, fuera de la *sāsana* (dicho de una persona). (3) que suele llegar a la condición de monje discípulo del Buddha, servidor de la *sāsana* (dicho de una persona). (4) que ha llegado a la condición de monje *nāmamatta* (solo de nombre) / imitación de monje / monje aparente (por declarar «soy monje» tras haber incurrido en una *āpatti* *pārājika*) (dicho de una persona).	(1) apt to arrive at the state of a *channaparibbājaka* of *sammādiṭṭhi* (said of a person). (2) apt to arrive at the state of a *paribbājaka*, a disciple of the *nigaṇṭha*, outside the *sāsana* (said of a person). (3) apt to arrive at the state of a monk, a disciple of the Buddha serving the *sāsana* (said of a person). (4) who has arrived at the state of a *nāmamatta* (in name only) monk / imitation monk / seeming monk (by declaring 'I am a monk' after incurring a *pārājika* *āpatti*) (said of a person).	hyphen: ပရိ-ဗိုဇ် read as one word
214215	paribbaje	ရဟန်းပြုရာ၏၊ ရဟန်းအဖြစ်ဖြင့်-သီတင်း သုံး-နေထိုင်-ရာ၏။ (၂) ရသေ့ပြုရာ၏၊ ရသေ့ အဖြစ်ဖြင့်-သီတင်းသုံး-နေထိုင်-ရာ၏။ (၃) ထွက်-ထွက်ခွာ-ဖဲခွာ-သွားရာ၏။ (၄) ထက် ဝန်းကျင်-ရှောင်ကြဥ်-ပယ်သတ်-ရာ၏။ «S1»	(1) se haría monje; residiría viviendo como monje. (2) se haría ermitaño; residiría viviendo como ermitaño. (3) saldría / partiría / se apartaría / se iría. (4) evitaría / abandonaría por todos los lados. Véase [[paribbajati]].	(1) would become a monk; would reside living as a monk. (2) would become a hermit; would reside living as a hermit. (3) would go out / depart / withdraw / go. (4) would avoid / abandon on all sides. See [[paribbajati]].	no label: its heading (paribbaje 2, verb) is printed at the end of id 214214; marker (1) missing in the source
214216	paribbajeyyaṁ	ရဟန်းပြုရာ ၏။ «S1»	me haría monje. Véase [[paribbajati]] (1).	I would become a monk. See [[paribbajati]] (1).	rendered in the 1st person (headword -eyyaṁ)
214223	paribbasāna	ထက်ဝန်းကျင်-အမြတ် ပရိဗ္ဗာဇက ဆုံးဟု စွဲလမ်း-စွဲယူ-၍ နေသော၊ သူ။	que vive aferrándose / apegándose (a algo) como lo más excelso por todos los lados (dicho de una persona).	living clinging / holding on (to something) as the most excellent on all sides (said of a person).	'အမြတ်...ဆုံး' split by a running head, read as အမြတ်ဆုံး
214224	paribbāja	(၁) ရသေ့-ရဟန်း-ပြုခြင်း၊ ရသေ့-ရဟန်း-၏ အဖြစ်၊ ရသေ့-ရဟန်း-ပြုကြောင်းတရား။ (၂) သာသနာဝန်ထမ်း ရဟန်း၊ ဘုရာရှင်၏ တပည့် ရဟန်း။ (၃) မိစ္ဆာအယူရှိသော ပရိဗိုဇ်၊ သာသနာပြင်ပ နိဂဏ္ဌ၏တပည့် ပရိဗိုဇ်။ (၄) ပါရာဇိကအာပတ် သင့်လျက် လူ့အသွင် မယူ ဘဲ နေသော သမဏမတ္တရဟန်း၊ ပါရာဇိက အာပတ် သင့်နေသော ရဟန်း။	(1) el hacerse ermitaño / monje; el hecho de ser ermitaño / monje; el estado que es medio para hacerse ermitaño / monje. (2) monje servidor de la *sāsana*; monje discípulo del Buddha. (3) *paribbājaka* de opinión errónea; *paribbājaka* discípulo de los *nigaṇṭha*, fuera de la *sāsana*. (4) monje *samaṇamatta* que vive sin tomar la apariencia de laico tras haber incurrido en una *āpatti* *pārājika*; monje que ha incurrido en una *āpatti* *pārājika*.	(1) becoming a hermit / monk; the state of being a hermit / monk; the state that is the means of becoming a hermit / monk. (2) a monk serving the *sāsana*; a monk who is a disciple of the Buddha. (3) a *paribbājaka* of wrong view; a *paribbājaka*, disciple of the *nigaṇṭha*, outside the *sāsana*. (4) a *samaṇamatta* monk who lives on without taking the guise of a layman after incurring a *pārājika* *āpatti*; a monk who has incurred a *pārājika* *āpatti*.	label တိ but the senses are nouns
214225	paribbājaka	ပရိဗိုဇ်၊ (က) လူ့ဘောင်မှ ထွက်ခွာရှောင်၍ သာသနာပ ရဟန်းအဖြစ်ဖြင့် ပြုကျင့်သူ၊ သာသနာပ ရဟန်း။ [ယင်းပရိဗိုဇ်သည် (၁) ဝတ်ဖြူစင် ကြယ်(အဝတ်)ဝတ်သော ဆန္နပရိဗ္ဗာဇက။ (၂) ခန္ဓာကိုယ် အောက်ပိုင်း၌ အဝတ်မဝတ်ဘဲ အထက်ပိုင်း၌သာ အဝတ်တစ်ထည်ကို လက် ကတီးကြား၌ သွင်းထား၍ ဝတ်သော အာဇီဝက။ (၃) လုံးဝအဝတ်မဝတ်သော အစေ-လကဟု သုံးမျိုးရှိသည်။ ] (ခ) (ကံစသည်ကို) ထွက် သွားစေ-မှုတ်လွှင့်-နှင်ထုတ်-တတ်သော၊ သူ။ ရဟန္တာ။ ပါစိတ်၊ တေန။ “ဒုက္ခဝေပက္က”။	*paribbājaka*; (a) persona que, tras dejar y apartarse de la vida de los laicos, practica en la condición de monje fuera de la *sāsana*; monje de fuera de la *sāsana*. [Ese *paribbājaka* es de tres clases: (1) el *channaparibbājaka*, que viste ropa blanca y limpia; (2) el *ājīvaka*, que no lleva ropa en la parte inferior del cuerpo y solo en la parte superior viste una prenda metida bajo la axila; (3) el *acelaka*, que no lleva ropa en absoluto.] (b) que suele hacer salir / disipar / expulsar (el *kamma* y demás) (dicho de una persona). El *arahant*.	*paribbājaka*; (a) one who, leaving and withdrawing from the lay life, practises in the state of a monk outside the *sāsana*; a monk outside the *sāsana*. [This *paribbājaka* is of three kinds: (1) the *channaparibbājaka*, who wears white, clean clothing; (2) the *ājīvaka*, who wears no cloth on the lower part of the body and on the upper part only a single cloth tucked under the armpit; (3) the *acelaka*, who wears no clothing at all.] (b) apt to make go away / blow away / drive out (*kamma* and so on) (said of a person). The *arahant*.	hyphen: အစေ-လက read as one word
214232	paribbajakapabbajjupagama	ပရိဗိုဇ်ရဟန်းအဖြစ်သို့ ကပ်ရောက် ခြင်း။	el llegar a la condición de monje *paribbājaka*.	arriving at the state of a *paribbājaka* monk.	headword printed 'paribbajaka-' (short a)
214240	paribbājakavatthu	ပရိဗိုဇ်၏-အကြောင်းအရာ-အဖြစ်အပျက်-ဝတ္ထု။ (၂) ပရိဗိုဇ်၏-ပစ္စည်း-ဥစ္စာ-ဝတ္ထု။ (၂) အောက်ပုဒ်ကြည့်။	(1) el asunto / el suceso / el relato del *paribbājaka*. (2) los bienes / la riqueza / el objeto del *paribbājaka*. (2) Véase la entrada siguiente.	(1) the matter / event / story of the *paribbājaka*. (2) the goods / wealth / object of the *paribbājaka*. (2) See the following headword.	marker (1) missing in the source
214248	paribbājakasāruppa	ပရိဗိုဇ်ရဟန်းအား သင့်လျော်-လျောက်ပတ်-ခြင်း ကာယိန္ဒြေ။	la compostura corporal que es adecuada / conveniente para el monje *paribbājaka*.	bodily composure that is fitting / suitable for a *paribbājaka* monk.	'ကာယိန္ဒြေ' (bodily deportment) read as the noun the '-ခြင်း' phrase qualifies
214260	paribbājikāvatthu	ဗိုဇ်မ-ရဟန်းမ-၏- အကြောင်းအရာ-ဝတ္ထု။	el asunto / el relato de la *paribbājikā* / monja.	the matter / story of the *paribbājikā* / nun.	text begins 'ဗိုဇ်မ' (for ပရိဗိုဇ်မ, truncated)
214266	paribbhamatu	မရပ်မတည်-ချာချာ-လည်လော့၊ ပတ်ချာလည်လော့၊ လှည့် လည်လော့၊ ကျင်လည်လော့။ «S1» ပရိဗ္ဘမန (န) [+ယု] (၁) ထက်ဝန်းကျင်-လှည့်လည်- လှည့်ပတ်- ခြင်း၊ မရပ်မတည် -ချာချာ-လည်-ပတ်ချာလည်-ခြင်း။ (တိ) (၂) ထက်ဝန်းကျင်-လှည့်လည်-လှည့်ပတ်-တတ် သော။ ပရိဗ္ဘမနကသတ္တ ၅၉။ ပရိဗ္ဘမနက (တိ) [ပရိဗ္ဘမန+က] ထက်ဝန်းကျင်-လှည့်လည် - လှည့်ပတ် - တတ်သော၊ မရပ် မတည်- ချာချာလည်- ပတ်ချာလည်-သော။ ပရိဗ္ဘမန(ကဏ္ဋက)ကဏ္ဍက (ပု) ချာချာလည်-ပတ်ချာလည်-သော-ဆူး-ငြောင့်-စူးရိုးတန်။ ပရိဗ္ဘမနကစက္က (န) ချာချာ လည်သော စက်။ ပရိဗ္ဘမနကသတ္တ (ပု) ကျင် လည်သောသတ္တဝါ။	¡gira sin detenerte / en redondo!; ¡da vueltas alrededor!; ¡vuélvete!; ¡deambula! Véase [[paribbhamati]]. *paribbhamana* (neutro): (1) el volverse / dar vueltas por todos los lados; el girar sin detenerse / en redondo / dar vueltas alrededor. (adjetivo) (2) que suele volverse / dar vueltas por todos los lados. *paribbhamanaka* (adjetivo): que suele volverse / dar vueltas por todos los lados; que gira sin detenerse / en redondo / alrededor. *paribbhamanakaṇḍaka* (masculino): espina / tocón / ‹စူးရိုးတန်› que gira en redondo / alrededor. *paribbhamanakacakka* (neutro): rueda que gira en redondo. *paribbhamanakasatta* (masculino): ser que deambula.	turn without stopping / round and round!; circle round!; revolve!; wander about! See [[paribbhamati]]. *paribbhamana* (neuter): (1) turning / going round on all sides; turning without stopping / round and round / circling round. (adjective) (2) apt to turn / go round on all sides. *paribbhamanaka* (adjective): apt to turn / go round on all sides; turning without stopping / round and round / round about. *paribbhamanakaṇḍaka* (masculine): a thorn / stump / ‹စူးရိုးတန်› that spins round and round / round about. *paribbhamanakacakka* (neuter): a wheel that spins round and round. *paribbhamanakasatta* (masculine): a being that wanders about.	five further articles (paribbhamana, paribbhamanaka, paribbhamanakaṇḍaka, paribbhamanakacakka, paribbhamanakasatta; ids 214267-214272 are absent from the shard) are merged into this line; translated here with their headwords; ‹စူးရိုးတန်› (a spike or stake?) unidentified
214278	paribbhamanta	ထက်ဝန်းကျင် လှည့်လည်သော။ (၂) ထက် ဝန်းကျင် လည်သော။ (၃) ထက်ဝန်းကျင် ကျင် လည်သော။ (၄) ထက်ဝန်းကျင်-လည်စေ-လှည့်-သော၊ သူ။ (၁) ထက်ဝန်းကျင် လှည့်လည်သော။ (၂) ထက်ဝန်းကျင် လည်သော။ (၃) ထက်ဝန်းကျင် ကျင်လည်သော။ (၄) ထက်ဝန်းကျင်-လည်စေ- လှည့်-သော၊ သူ။	(1) que se vuelve / da vueltas por todos los lados. (2) que gira por todos los lados. (3) que deambula por todos los lados. (4) que hace girar / da vueltas por todos los lados (dicho de una persona).	(1) revolving / going round on all sides. (2) turning on all sides. (3) wandering about on all sides. (4) making turn / turning on all sides (said of a person).	marker (1) missing in the first copy
214283	paribbhamasi	မရပ်မတည်-ချာချာ-လည်၏၊ ပတ်ချာလည်၏၊ ကျင်လည် ၏။ «S1»	gira sin detenerse / en redondo; da vueltas alrededor; deambula. Véase [[paribbhamati]].	turns without stopping / round and round; circles round; wanders about. See [[paribbhamati]].	headword is 2nd person (-si); the Burmese ၏ is rendered in the 3rd person
214287	paribbhamāmi	မရပ်မတည်-ချာချာ-လည်၏၊ ပတ်ချာလည်၏၊ ကျင်လည် ၏။ «S1»	gira sin detenerse / en redondo; da vueltas alrededor; deambula. Véase [[paribbhamati]].	turns without stopping / round and round; circles round; wanders about. See [[paribbhamati]].	headword is 1st person (-mi); the Burmese ၏ is rendered in the 3rd person
214288	paribbhamiṁ	မရပ်မတည်-ချာချာ-လည်ပြီ၊ ပတ်ချာလည်ပြီ၊ ကျင်လည်ပြီ။ «S1»	giré sin detenerme / en redondo; di vueltas alrededor; deambulé. Véase [[paribbhamati]].	I turned without stopping / round and round; I circled round; I wandered about. See [[paribbhamati]].	rendered in the 1st person (headword -iṁ)
214297	paribbhamenta	စေ-လှည့်ယမ်း-သော၊ သူ။	que hace girar / voltea / blande (dicho de una persona).	making turn / swinging / brandishing (said of a person).	text begins 'စေ-' (probably 'လည်စေ-', truncated)
214309	paribrūhana	ဝန်းကျင်-တိုးပွား-ကြီးပွား-ပွားများ-စေခြင်း။ (တိ) (၂) ထက်ဝန်းကျင်-တိုးပွား-ကြီးပွား-ပွား များ-စေတတ်သော။	(1) el hacer crecer / prosperar / multiplicar por todos los lados. (adjetivo) (2) que suele hacer crecer / prosperar / multiplicar por todos los lados.	(1) making grow / prosper / multiply on all sides. (adjective) (2) apt to make grow / prosper / multiply on all sides.	marker (1) missing in the source
214317	paribrūhitakusalamūla	ထက်ဝန်းကျင်-တိုးပွား-ကြီးပွား-ပွားများ-စေအပ်သော-ကုသိုလ်-ကောင်းမှု-တည်းဟူသော-မူလ-အရင်း-အမြစ်-ရှိသော၊ သူ။	que tiene la raíz / el origen / el fundamento que es lo sano / la buena acción, acrecentado / engrandecido / multiplicado por todos los lados (dicho de una persona).	having the root / origin / foundation that is the wholesome / good deeds, increased / made great / multiplied on all sides (said of a person).	ကုသိုလ်-ကောင်းမှု: sano (kusala as a quality) paired with 'good deed'
214323	paribrūhetuṁ	ထက်ဝန်းကျင်-တိုးပွား-ကြီးပွား-ပွား-စေ-ပွား များ-ခြင်းငှာ။ ပရိဗြူဟေတုကာမ-ပုဒ် ကြည့်။	para hacer crecer / prosperar / aumentar / multiplicar por todos los lados. Véase [[paribrūhetukāma]].	in order to make grow / prosper / increase / multiply on all sides. See [[paribrūhetukāma]].	'see X' left in the Burmese
214324	paribrūhetu	ဝန်းကျင်-တိုးပွား-ကြီးပွား-ပွားစေတတ်သော၊ သူ။	que suele hacer crecer / prosperar / aumentar por todos los lados (dicho de una persona).	apt to make grow / prosper / increase on all sides (said of a person).	label ပု but the gloss is adjectival (agent noun)
214327	paribrūhenta	ဝန်းကျင်-တိုးပွား-ကြီးပွား-စေအပ်-ပွား-စေ-ပွားများ-တတ်သော၊ သူ။	que suele acrecentar / engrandecer / aumentar / multiplicar por todos los lados (dicho de una persona).	apt to increase / make great / augment / multiply on all sides (said of a person).	the chain contains a stray passive '-စေအပ်-'
214329	paribrūhemi	ထက်ဝန်းကျင်- တိုးပွား-ကြီးပွား-ပွား- စေ၏၊ ပွားများ၏။ «S1»	hace crecer / prosperar / aumentar por todos los lados; multiplica. Véase [[paribrūheti]].	makes grow / prosper / increase on all sides; multiplies. See [[paribrūheti]].	headword is 1st person (-mi); the Burmese ၏ is rendered in the 3rd person
214340	paribhaṇḍa	(၁) (အပနံရံ၌ဖြစ် သော) အကျည်-ခုံမြင့်-အုတ်ခုံ၊ ကျဥ်းမြောင်း-သေးငယ်-သော-အကျည်-ခုံမြင့်-အုတ်ခုံ။ (၂) အနံအနားပတ်။ (၃) အဆင့်အာလိန်။ (၄) တောင်ခါးပန်း။ (၅) အခြံအရံ။ (၆) အပြေ အပြစ်ပြုခြင်း၊ လိမ်းကျံခြင်း။ (၁) (အပနံရံ၌ဖြစ်သော) အကျည်-ခုံမြင့်-အုတ်ခုံ၊ ကျဥ်းမြောင်း - သေးငယ် - သော အကျည်-ခုံမြင့်၊ အုတ်ခုံ။ တနုကမိဍ္ဎိုကာ ဝုစ္စတိ။ (၂) အနံအနားပတ်။ (၃) အဆင့်အာလိန်။ (ပဌမာ-လိန္ဒ-လည်းကြည့်။ ) (၄)တောင်ခါးပန်း။ “ပရိဘဏ္ဍ”။ (၅) အခြံအရံ။ (၆) အပြေအပြစ်ပြုခြင်း၊ လိမ်းကျံခြင်း။	(1) (situado al pie de la pared) zócalo / plataforma elevada / banco de ladrillo; zócalo / plataforma elevada / banco de ladrillo estrecho / pequeño. (2) reborde que rodea. (3) galería escalonada. Véase también [[paṭhamālinda]]. (4) faja de la montaña. (5) séquito. (6) el alisar; el enlucir.	(1) (at the foot of a wall) plinth / raised platform / brick bench; a narrow / small plinth / raised platform / brick bench. (2) a border running round. (3) a stepped verandah. See also [[paṭhamālinda]]. (4) the girdle of a mountain. (5) retinue. (6) smoothing; plastering.	the cross-reference '(ပဌမာ-လိန္ဒ-လည်းကြည့်။)' appears only in the second copy; 'တောင်ခါးပန်း' (mountain's girdle) and 'အဆင့်အာလိန်' (stepped verandah) rendered tentatively
214344	paribhaṇḍakaraṇa	အနံအနားပတ် တင်ခြင်း။ (၂) ထက်ဝန်း ကျင်-အပြေအပြစ်-ပြုခြင်း။	(1) el poner un reborde alrededor. (2) el alisar por todos los lados.	(1) putting on a border all round. (2) smoothing on all sides.	marker (1) missing in the source
214350	paribhaṇḍika	ထက်ဝန်း ကျင်-အပြေအပြစ်ပြု-လိမ်းကျံ-ခြင်းရှိသော။	que tiene el enlucir / alisar / untar por todo alrededor.	having plastering / smoothing / smearing all around.	hyphen chain read as 'all around' + three alternatives of the verb
214352	paribhava	မရို မသေ-မထီမဲ့မြင်-ပျက်ရယ်-ပြုခြင်း၊ နှိပ်စက်-လွှမ်းမိုး- ကဲ့ရဲ့- ရှုတ်ချ- ခြင်း။ (ပရိဘဝတိ-လည်းကြည့်။	el tratar sin respeto / con desprecio / con burla; el oprimir / dominar / reprochar / censurar. Véase también [[paribhavati]].	treating without respect / with contempt / with mockery; oppressing / overpowering / reproaching / censuring. See also [[paribhavati]].	'see also' left in the Burmese; ပျက်ရယ် read as ပြက်ရယ် (mock)
214361	paribhavappatta	နှိပ်စက်-လွှမ်း မိုး-ခြိမ်းခြောက်-ရေရွတ်-ကဲ့ရဲ့-ရှုတ်ချ-နှိမ်ချ-နှိပ်ချ- အထင်သေး- မထီမဲ့မြင်ပြု- ခြင်းသို့ ပရိဘဝိံသု ရောက်သော။ ပရိဘ၀၀စန (န) နှိပ်စက်-လွှမ်း မိုး-ခြိမ်းခြောက်-ရေရွတ်-ကဲ့ရဲ့-ရှုတ်ချ-နှိမ်ချ-နှိပ်ချ- အထင်သေး- မထီမဲ့မြင်ပြု- ကြောင်း စကား။ ပရိဘာသတီတိ -တိအာဒီဟိ ပရိဘ၀၀စနေဟိ ပရိဘာသတိ။	que ha llegado al oprimir / dominar / amenazar / increpar / reprochar / censurar / rebajar / humillar / menospreciar / despreciar (que ha caído en ello).	that has come to being the object of oppressing / overpowering / threatening / scolding / reproaching / censuring / belittling / putting down / underrating / despising.	the text runs on into another entry, ပရိဘ၀၀စန (n.) 'words of oppressing ... despising' (id 214362 absent from the shard), left out; please check the entry boundary
214363	paribhavasi	နှိပ်စက်-လွှမ်း မိုး-ခြိမ်းခြောက်-ရေရွတ်-ကဲ့ရဲ့-ရှုတ်ချ-နှိမ်ချ-နှိပ်ချ- အထင်သေး- မထီမဲ့မြင်ပြု- ၏။ «S1»	oprime / domina / amenaza / increpa / reprocha / censura / rebaja / humilla / menosprecia / desprecia. Véase [[paribhavati]].	oppresses / overpowers / threatens / scolds / reproaches / censures / belittles / puts down / underrates / despises. See [[paribhavati]].	2nd-person headword; the Burmese is unmarked, rendered in the 3rd person
214364	paribhavāmi	နှိပ်စက်-လွှမ်း မိုး-ခြိမ်းခြောက်-ရေရွတ်-ကဲ့ရဲ့-ရှုတ်ချ-နှိမ်ချ-နှိပ်ချ- အထင်သေး- မထီမဲ့မြင်ပြု- ၏။ «S1»	oprimo / domino / amenazo / increpo / reprocho / censuro / rebajo / humillo / menosprecio / desprecio. Véase [[paribhavati]].	I oppress / overpower / threaten / scold / reproach / censure / belittle / put down / underrate / despise. See [[paribhavati]].	1st-person headword (-mi) rendered in the 1st person
214366	paribhaviṁ	နှိပ်စက်-လွှမ်း မိုး-ခြိမ်းခြောက်-ရေရွတ်-ကဲ့ရဲ့-ရှုတ်ချ-နှိမ်ချ-နှိပ်ချ- အထင်သေး- မထီမဲ့မြင်ပြု- ပြီ။ «S1»	oprimí / dominé / amenacé / increpé / reproché / censuré / rebajé / humillé / menosprecié / desprecié. Véase [[paribhavati]].	I oppressed / overpowered / threatened / scolded / reproached / censured / belittled / put down / underrated / despised. See [[paribhavati]].	1st-person headword (-iṁ) rendered in the 1st person
214377	paribhāvanā	ဝန်းကျင်မှ-ဖြစ်-ပွား-စေခြင်း၊ ထုံမွှမ်းခြင်း။ (တိ) (၂) ထက်ဝန်းကျင်-ဖြစ်-ပွား-စေတတ်သော၊ ထုံမွှမ်းတတ်သော။	el hacer surgir / crecer desde todo alrededor; el impregnar. (adjetivo) (2) que suele hacer surgir / crecer por todo alrededor; que suele impregnar.	causing to arise / grow from all around; imbuing. (adjective) (2) apt to cause to arise / grow all around; apt to imbue.	sense (1) has no marker in the text
214388	paribhāsa	(၁) ရေရွတ်-မောင်းမဲ-ကြိမ်းမောင်း-ငေါက် ငန်း-ခြိမ်းခြောက်-ခြင်း။ (တိ) (၂) ရေရွတ်-မောင်းမဲ-ကြိမ်းမောင်း-ငေါက်ငန်း-ခြိမ်းခြောက် ကြောင်း (စကား)။ (၃) ရေရွတ်-မောင်းမဲ-ကြိမ်း မောင်း-ငေါက်ငန်း-ခြိမ်းခြောက်-တတ်သော၊ (၁)။	(1) el increpar / reñir / reprender / regañar / amenazar. (adjetivo) (2) (palabras) que increpan / riñen / reprenden / regañan / amenazan. (3) que suele increpar / reñir / reprender / regañar / amenazar.	(1) scolding / rebuking / reprimanding / chiding / threatening. (adjective) (2) (speech) that scolds / rebukes / reprimands / chides / threatens. (3) apt to scold / rebuke / reprimand / chide / threaten.	the label (adjective) stands before (2), which reads like a noun ('speech'); check
214390	paribhāsati	ရေရွတ်-မောင်းမဲ-ကြိမ်းမောင်း-ငေါက်ငန်း-ခြိမ်းခြောက်-ဆဲရေး-တတ်၏၊ လွှမ်းမိုး၍ ဆို ၏။ (၂) ကဲ့ရဲ့-ရှုတ်ချ-စွပ်စွဲ-ပြောဆို၏။ (၃) ပြက်ရယ် - ပြောင်လှောင် - ပြောဆို၏။ (၄) ဟော-ပြောဆို-ဆုံးမ-သွန်သင်-၏။ (၁) ရေရွတ်- မောင်းမဲ- ကြိမ်းမောင်း-ငေါက်ငန်း- ခြိမ်းခြောက်- ဆဲရေး- တတ်၏၊ လွှမ်းမိုး၍ ဆို၏။ ပရိဘာသတေ----။ ၄၀၊ပရိဘာသိံသု ---- ၂၉၂-၃-၄။ (၂) ကဲ့ရဲ့-ရှုတ်ချ-စွပ်စွဲ-ပြောဆို၏။ ပရိဘာသတီ တိ “အသဗ္ဗညူ”။ (၃) ပြက်ရယ် - ပြောင် လှောင်-ပြောဆို၏။ (၄) ဟော-ပြော ဆို-ဆုံးမ-သွန်သင်-၏။	(1) suele increpar / reñir / reprender / regañar / amenazar / insultar; habla dominando. (2) habla reprochando / censurando / acusando. (3) habla burlándose / mofándose. (4) enseña / exhorta / amonesta / instruye.	(1) is apt to scold / rebuke / reprimand / chide / threaten / abuse; speaks overbearingly. (2) speaks reproaching / censuring / accusing. (3) speaks mocking / jeering. (4) teaches / admonishes / exhorts / instructs.	senses (1)-(4) printed twice; translated once; the first (1) marker is missing
214392	paribhāsatha	ရွတ်-မောင်းမဲ-ကြိမ်းမောင်း-ငေါက်ငန်း-ခြိမ်း ခြောက်-ဆဲရေး-ကုန်၏၊ လွှမ်းမိုး၍ ဆိုကုန်၏။ «S1»	increpan / riñen / reprenden / regañan / amenazan / insultan; hablan dominando. Véase [[paribhāsati]] (1).	they scold / rebuke / reprimand / chide / threaten / abuse; they speak overbearingly. See [[paribhāsati]] (1).	text begins 'ရွတ်' (ရေရွတ် with its first syllable lost), read as ရေရွတ်; 2nd-person plural headword, rendered in the 3rd person as the Burmese is unmarked
214394	paribhāsanavatthu	ရွတ်-မောင်းမဲ-ကြိမ်းမောင်း-ငေါက်ငန်း-ခြိမ်း ခြောက်-ခြင်းတည်းဟူသော-အကြောင်း-ဝတ္ထု-အဋ္ဌုပ္ပတ်။	la causa / el relato / la ocasión que consiste en increpar / reñir / reprender / regañar / amenazar.	the cause / story / occasion that is scolding / rebuking / reprimanding / chiding / threatening.	text begins 'ရွတ်' (ရေရွတ် with its first syllable lost), read as ရေရွတ်
214396	paribhāsanīya	ရွတ်-မောင်းမဲ-ကြိမ်းမောင်း-ငေါက်ငန်း-ခြိမ်း ခြောက်- အပ်သော- ထိုက်သော၊ လွှမ်းမိုး၍ ဆိုအပ်သော၊ သူ။	que ha de ser / merece ser increpado / reñido / reprendido / regañado / amenazado; a quien se ha de hablar dominando (dicho de una persona).	to be / deserving to be scolded / rebuked / reprimanded / chided / threatened; to be spoken to overbearingly (said of a person).	text begins 'ရွတ်' (ရေရွတ် with its first syllable lost), read as ရေရွတ်
214398	paribhāsanti	ရေရွတ်-မောင်းမဲ-ကြိမ်းမောင်း-ငေါက်ငန်း-ခြိမ်းခြောက်-ဆဲရေး-ကုန်၏၊ လွှမ်းမိုး၍ ဆို ကုန်၏။ (၂) ပြက်ရယ်-ပြောင်လှောင်-ပြော ဆို-ကုန်၏။ «S1»	increpan / riñen / reprenden / regañan / amenazan / insultan; hablan dominando. (2) hablan burlándose / mofándose. Véase [[paribhāsati]].	they scold / rebuke / reprimand / chide / threaten / abuse; they speak overbearingly. (2) they speak mocking / jeering. See [[paribhāsati]].	sense (1) has no marker in the text
214399	paribhāsapaccaya	ရွတ်- မောင်းမဲ- ကြိမ်းမောင်း- ငေါက်ငန်း-ခြိမ်းခြောက်- ဆဲရေး- ခြင်းတည်းဟူသော အကြောင်း၊ လွှမ်းမိုး၍ ဆိုခြင်းတည်းဟူသော အကြောင်း။	la causa que consiste en el increpar / reñir / reprender / regañar / amenazar / insultar; la causa que consiste en el hablar dominando.	the cause that is scolding / rebuking / reprimanding / chiding / threatening / abusing; the cause that is speaking overbearingly.	text begins 'ရွတ်' (ရေရွတ် with its first syllable lost), read as ရေရွတ်
214402	paribhāsayiṁ	ရေရွတ်-မောင်းမဲ-ကြိမ်းမောင်း-ငေါက်ငန်း-ခြိမ်းခြောက်- ဆဲရေး- ပြီ၊ လွှမ်းမိုး၍ ဆိုပြီ။ «S1» ပရိဘာသိတ	increpé / reñí / reprendí / regañé / amenacé / insulté; hablé dominando. Véase [[paribhāsayati]].	I scolded / rebuked / reprimanded / chided / threatened / abused; I spoke overbearingly. See [[paribhāsayati]].	1st-person headword (-iṁ) rendered in the 1st person
214403	paribhāsasi	ရွတ်-မောင်းမဲ-ကြိမ်းမောင်း-ငေါက်ငန်း-ခြိမ်း ခြောက်-ဆဲရေး-၏၊ လွှမ်းမိုး၍ ဆို၏။ «S1»	increpa / riñe / reprende / regaña / amenaza / insulta; habla dominando. Véase [[paribhāsati]].	scolds / rebukes / reprimands / chides / threatens / abuses; speaks overbearingly. See [[paribhāsati]].	text begins 'ရွတ်' (ရေရွတ် with its first syllable lost), read as ရေရွတ်; 2nd-person headword, rendered in the 3rd person as the Burmese is unmarked
214406	paribhāsāmi	ရွတ်-မောင်းမဲ-ကြိမ်းမောင်း-ငေါက်ငန်း-ခြိမ်း ခြောက်-ဆဲရေး-၏၊ လွှမ်းမိုး၍ ဆို၏။ «S1»	increpo / riño / reprendo / regaño / amenazo / insulto; hablo dominando. Véase [[paribhāsati]].	I scold / rebuke / reprimand / chide / threaten / abuse; I speak overbearingly. See [[paribhāsati]].	text begins 'ရွတ်' (ရေရွတ် with its first syllable lost), read as ရေရွတ်; 1st-person headword (-mi) rendered in the 1st person
214408	paribhāsi	ရွတ်-မောင်းမဲ-ကြိမ်းမောင်း-ငေါက်ငန်း-ခြိမ်း ခြောက်-ဆဲရေး-ပြီ၊ လွှမ်းမိုး၍ ဆိုပြီ။ «S1»	increpó / riñó / reprendió / regañó / amenazó / insultó; habló dominando. Véase [[paribhāsati]].	scolded / rebuked / reprimanded / chided / threatened / abused; spoke overbearingly. See [[paribhāsati]].	text begins 'ရွတ်' (ရေရွတ် with its first syllable lost), read as ရေရွတ်
214412	paribhāsimhase	ပရိဘာသေတွာ ရေရွတ်- မောင်းမဲ- ကြိမ်းမောင်း- ငေါက်ငန်း-ခြိမ်းခြောက်-ဆဲရေး-ကုန်ပြီ၊ လွှမ်းမိုး၍ ဆို ကုန်ပြီ။ (၂) ပြက်ရယ်-ပြောင်လှောင်-ပြောဆို-ကုန်ပြီ။ «S1»	increpamos / reñimos / reprendimos / regañamos / amenazamos / insultamos; hablamos dominando. (2) hablamos burlándonos / mofándonos. Véase [[paribhāsati]].	we scolded / rebuked / reprimanded / chided / threatened / abused; we spoke overbearingly. (2) we spoke mocking / jeering. See [[paribhāsati]].	1st-person plural headword (-mhase) rendered in the 1st person; sense (1) has no marker
214414	paribhāsisaṁ	ရေရွတ်-မောင်းမဲ-ကြိမ်းမောင်း-ငေါက်ငန်း-ခြိမ်းခြောက်- ဆဲရေး- ပြီ၊ လွှမ်းမိုး၍ ဆိုပြီ။ «S1»	increpé / reñí / reprendí / regañé / amenacé / insulté; hablé dominando. Véase [[paribhāsati]].	I scolded / rebuked / reprimanded / chided / threatened / abused; I spoke overbearingly. See [[paribhāsati]].	1st-person headword (-saṁ) rendered in the 1st person
214418	paribhāseyyaṁ	ရွတ်-မောင်းမဲ-ကြိမ်းမောင်း-ငေါက်ငန်း-ခြိမ်း ခြောက်-ဆဲရေး-ရာ၏၊ လွှမ်းမိုး၍ ဆိုရာ၏။ «S1»	increparía / reñiría / reprendería / regañaría / amenazaría / insultaría; hablaría dominando. Véase [[paribhāsati]].	I would scold / rebuke / reprimand / chide / threaten / abuse; I would speak overbearingly. See [[paribhāsati]].	text begins 'ရွတ်' (ရေရွတ် with its first syllable lost), read as ရေရွတ်; 1st-person headword (-eyyaṁ) rendered in the 1st person
214419	paribhāseyya	ရွတ်-မောင်းမဲ-ကြိမ်းမောင်း-ငေါက်ငန်း-ခြိမ်း ခြောက်-ဆဲရေး-ရာ၏၊ လွှမ်းမိုး၍ ဆိုရာ၏။ «S1»	increparía / reñiría / reprendería / regañaría / amenazaría / insultaría; hablaría dominando. Véase [[paribhāsati]].	would scold / rebuke / reprimand / chide / threaten / abuse; would speak overbearingly. See [[paribhāsati]].	text begins 'ရွတ်' (ရေရွတ် with its first syllable lost), read as ရေရွတ်
214420	paribhāseyyuṁ	ရွတ်-မောင်းမဲ-ကြိမ်းမောင်း-ငေါက်ငန်း-ခြိမ်း ခြောက်-ဆဲရေး-ကုန်ရာ၏၊ လွှမ်းမိုး၍ ဆိုကုန် ရာ၏။ «S1»	increparían / reñirían / reprenderían / regañarían / amenazarían / insultarían; hablarían dominando. Véase [[paribhāsati]].	they would scold / rebuke / reprimand / chide / threaten / abuse; they would speak overbearingly. See [[paribhāsati]].	text begins 'ရွတ်' (ရေရွတ် with its first syllable lost), read as ရေရွတ်
214423	paribhijjamāna	ထက်ဝန်းကျင် - ယိုယွင်း - ပျက်စီး - သော။ အောက်ပုဒ်ကြည့်။	que se deteriora / se destruye por todo alrededor. Véase la entrada siguiente.	decaying / being destroyed all around. See the next headword.	'see the next headword' (အောက်ပုဒ်ကြည့်) left in the Burmese
214426	paribhijjitvā	ကွဲပြား-ပျက်စီး-၍၊ ချောပစ်-ကုန်းတိုက်-ခံရ၍။	habiéndose roto / destruido; habiendo sido objeto de calumnia / de chismes.	having broken apart / been destroyed; having been slandered / subjected to tale-bearing.	ချောပစ်-ကုန်းတိုက် read as slander / tale-bearing that sows division
214427	paribhindati	အချင်းခပ်သိမ်း ထက်ဝန်းကျင်-ဖျက်ဆီး-ဖျက် ခွဲ-၏။ (ခ) ဖျက်ဆီး-ဖျက်ခွဲ-၏။ ချောပစ်-ကုန်း တိုက်-၏။	destruye / quiebra enteramente, por todo alrededor. (b) destruye / quiebra; calumnia / siembra discordia con chismes.	destroys / breaks up utterly, all around. (b) destroys / breaks up; slanders / sows division by tale-bearing.	no (a) marker in the text before the first sense
214428	paribhindatha	ဖျက်ဆီး-ဖျက်ခွဲ-ကုန်၏။ ချောပစ်-ကုန်းတိုက်-ကုန်၏။ «S1»	destruyen / quiebran; calumnian / siembran discordia con chismes. Véase [[paribhindati]] (b).	they destroy / break up; they slander / sow division by tale-bearing. See [[paribhindati]] (b).	2nd-person plural headword, rendered in the 3rd person as the Burmese is unmarked
214429	paribhindāmi	ဖျက်ဆီး-ဖျက်ခွဲ-၏၊ ချောပစ်-ကုန်းတိုက်-၏၊ ပရိဘိန္ဒတိ (ခ) ကြည့်။	destruyo / quiebro; calumnio / siembro discordia con chismes. Véase [[paribhindati]] (b).	I destroy / break up; I slander / sow division by tale-bearing. See [[paribhindati]] (b).	1st-person headword (-mi) rendered in the 1st person; 'see X (b)' left in the Burmese
214432	paribhindituṁ	ဖျက်ဆီး-ဖျက်ခွဲ-ချောပစ်-ကုန်းတိုက်-ခြင်းငှာ။ အောက် ပုဒ်-ကြည့်။	para destruir / quebrar / calumniar / sembrar discordia con chismes. Véase la entrada siguiente.	in order to destroy / break up / slander / sow division by tale-bearing. See the next headword.	'see the next headword' left in the Burmese
214436	paribhindissāma	ဖျက် ဆီး-ဖျက်ခွဲ-ကုန်လတ္တံ့၊ ချောပစ်-ကုန်းတိုက်-ကုန်လတ္တံ့။ «S1»	destruiremos / quebraremos; calumniaremos / sembraremos discordia con chismes. Véase [[paribhindati]] (b).	we shall destroy / break up; we shall slander / sow division by tale-bearing. See [[paribhindati]] (b).	1st-person plural headword (-ssāma); the Burmese has the 2nd/3rd-person future ကုန်လတ္တံ့; rendered in the 1st person
214437	paribhindissāmi	ဖျက် ဆီး-ဖျက်ခွဲ-လတ္တံ့၊ချောပစ်-ကုန်းတိုက်-လတ္တံ့။ «S1»	destruiré / quebraré; calumniaré / sembraré discordia con chismes. Véase [[paribhindati]] (b).	I shall destroy / break up; I shall slander / sow division by tale-bearing. See [[paribhindati]] (b).	1st-person headword (-ssāmi); the Burmese has the 2nd/3rd-person future လတ္တံ့; rendered in the 1st person
214439	paribhindeyyāma	ဖျက်ဆီး-ဖျက်ခွဲ-ကုန်ရာ၏၊ ချောပစ်-ကုန်း တိုက်-ကုန်ရာ၏။ «S1»	destruiríamos / quebraríamos; calumniaríamos / sembraríamos discordia con chismes. Véase [[paribhindati]] (b).	we would destroy / break up; we would slander / sow division by tale-bearing. See [[paribhindati]] (b).	1st-person plural headword (-eyyāma) rendered in the 1st person
214440	paribhinna	ထက်ဝန်းကျင် ဖျက်ဆီးအပ်သော။ (ခ) ဖျက် ဆီး-ဖျက်ခွဲ-အပ်သော၊ ချောပစ်-ကုန်းတိုက်-အပ်သော။ (ဂ) ရောနှောအပ်သော။ (၂) (က) ထက်ဝန်းကျင် ပျက်စီးသော။ (ခ) ပေါက်ပြဲ သော။ (၁) (က) ထက်ဝန်းကျင် ဖျက်ဆီးအပ် သော။ (ခ) ဖျက်ဆီး-ဖျက်ခွဲ-အပ်သော၊ ချောပစ်-ကုန်း တိုက်-အပ်သော။ (ဂ) ရောနှောအပ်သော။ (၁၀၄-တို့၌ ဝိပရိဘိန္နံ-ဟု ရှိသည်။ ) (၂) (က) ထက်ဝန်းကျင် ပျက်စီးသော။ (ခ) ပေါက်ပြဲသော။	(1) (a) destruido por todo alrededor. (b) destruido / quebrado; calumniado / dividido con chismes. (c) mezclado. (2) (a) arruinado por todo alrededor. (b) reventado / desgarrado.	(1) (a) destroyed all around. (b) destroyed / broken up; slandered / divided by tale-bearing. (c) mixed. (2) (a) ruined all around. (b) burst / torn open.	senses printed twice; translated once; the first (1) (a) markers are missing
214443	paribhinnapurāṇagaṇḍa	ပရိဘုဉ္ဇတိ ပေါက်ပြဲ-ပျက်စီး-ရင့်မာ-သော-အိုင်းအမာ၊ ပေါက်ပြဲသော အမာဟောင်း။	el absceso endurecido reventado / deshecho / maduro; la vieja llaga reventada.	the hardened boil that has burst / broken / ripened; the old sore that has burst.	အိုင်းအမာ read as a hardened boil or abscess
214446	paribhuñja	သုံးဆောင်-အသုံးပြု-သုံးစွဲ-လော့။ (၂) သုံး ဆောင်-ခံစား-လော့။ (၃) သုံးဆောင်-ခံစား-မှီဝဲ-လော့။ (၄) ဘုဥ်းပေး-သုံးဆောင်-လော့။ (၅) စား - သုံးဆောင် - လော့။ (၆) သောက် လော့။ (၇) စားသောက်လော့။ အောက်ပုဒ်-ကြည့်။	(1) usa / emplea / utiliza. (2) usa / disfruta. (3) usa / disfruta / sírvete de. (4) toma el alimento / consume. (5) come / consume. (6) bebe. (7) come y bebe. Véase la entrada siguiente.	(1) use / make use of / employ. (2) use / enjoy. (3) use / enjoy / resort to. (4) partake of food / consume. (5) eat / consume. (6) drink. (7) eat and drink. See the next headword.	sense (1) has no marker in the text; 'see the next headword' left in the Burmese
214447	paribhuñjati	(၁) သုံးဆောင်- အသုံးပြု-သုံးစွဲ-၏။ (၂) သုံးဆောင်-ခံစား-၏။ (၃) သုံး ဆောင်- ခံစား- မှီဝဲ- ၏။ (၄) ဘုဥ်းပေး-သုံး ဆောင်-၏။ (ရဟန်းသံဃါ, သူတော်စင်တို့ကို ရည်။ (၅) စား-သုံးဆောင်-၏။ (လောကိယ-မဟာဇနကို ရည်။ ) (၆) သောက်သုံး၏။ (၇) စားသောက်၏။ (တိရစ္ဆာနဂတကို ရည်။ ) (၁) သုံးဆောင်- အသုံးပြု- သုံးစွဲ- ၏။ (မိလိန္ဒ။ ၃၅-၆-ကင်္ခါ၊ဋီ၊သစ်။ ခုဒ္ဒသိက္ခာ။ ပရိဘုဉ္ဇ ဝဇိရ။ ) (၂) သုံးဆောင် - ခံစား - ၏။ ပရိဘုဉ္ဇတိ (၃) သုံးဆောင်- ခံစား- မှီဝဲ- ၏။ (၄) ဘုဥ်းပေး-သုံးဆောင်-၏။ (ရဟန်း သံဃါ, သူတော်စင်တို့ကို ရည်။ (၃၂-ဣတိဝုတ်၊ဋ္ဌ။ ဝိ၊ ပရိဘုဉ္ဇတိ လင်္ကာရ၊ ဝိ၊သင်္ဂဟ။ ပရိဘုဉ္ဇ ၂၆၂၊၂၈၆၊၃၅၃-၃၇၀- ဝိ၊သင်္ဂဟ။ ) (၅) စား-သုံးဆောင်-၏။ (လောကိယ-မဟာဇနကို ရည်။ ဇာ၊ ပရိဘုဉ္ဇ ) (၆) သောက်သုံး၏။ “သပ္ပါဏက”။ ) (၇) စားသောက်၏။ (တိရစ္ဆာနဂတကို ရည်။	(1) usa / emplea / utiliza. (2) usa / disfruta. (3) usa / disfruta / se sirve de. (4) toma el alimento / consume (se refiere a los monjes del *saṅgha* y a las personas santas). (5) come / consume (se refiere a la gente común del mundo). (6) bebe. (7) come y bebe (se refiere a los animales).	(1) uses / makes use of / employs. (2) uses / enjoys. (3) uses / enjoys / resorts to. (4) partakes of food / consumes (said of the monks of the *saṅgha* and of holy persons). (5) eats / consumes (said of ordinary worldly people). (6) drinks. (7) eats and drinks (said of animals).	senses printed twice; translated once; ဘုဥ်းပေး (the honorific 'eat', of monks) rendered 'take food / partake'
214449	paribhuñjatha	(၁) သုံး ဆောင်- အသုံးပြု- သုံးစွဲ- ကုန်၏။ (၂) သုံး ဆောင်- ခံစား- ကုန်၏။ (၃) ဘုဥ်းပေး-သုံး ဆောင်-ကုန်၏။ «S1»	(1) usan / emplean / utilizan. (2) usan / disfrutan. (3) toman el alimento / consumen. Véase [[paribhuñjati]].	(1) they use / make use of / employ. (2) they use / enjoy. (3) they partake of food / consume. See [[paribhuñjati]].	2nd-person plural headword, rendered in the 3rd person as the Burmese is unmarked
214450	paribhuñjana	(၁) (က) သုံး ဆောင်-အသုံးပြု-သုံးစွဲ-ခြင်း။ (ခ)သုံးဆောင်-ခံစား-မှီဝဲ-ခြင်း။ (ဂ)ဘုဥ်းပေး-သုံးဆောင်-ခြင်း။ (ရဟန်းသံဃါ, သူတော်စင်များကို ရည်။ )(ဃ) စားသုံးခြင်း။ (လောကိယမဟာဇနကို ရည်။ ) (တိ) (၂) (က) သုံးဆောင်-ခံစား-တတ်သော။ (ခ) ဘုဥ်းပေး-သုံးဆောင်-တတ်သော။ (ဂ) စားသုံးတတ်သော။ (၁) (က) သုံးဆောင်- အသုံးပြု- သုံးစွဲ-ခြင်း။ (ခ) သုံးဆောင်-ခံစား-မှီဝဲ-ခြင်း။ (ဂ) ဘုဥ်း ပေး - သုံးဆောင် - ခြင်း။ (ရဟန်းသံဃါ, သူတော်စင်များကို ရည်။ (ဃ) စား သုံးခြင်း။ (လောကိယမဟာဇနကို ရည်။ (၂) (က) သုံး ဆောင်-ခံစား-တတ်သော။ (ခ) ဘုဥ်းပေး-သုံးဆောင်-တတ်သော။ (ဂ) စားသုံးတတ်သော။	(1) (a) el usar / emplear / utilizar. (b) el usar / disfrutar / servirse de. (c) el tomar el alimento / consumir (se refiere a los monjes del *saṅgha* y a las personas santas). (d) el comer (se refiere a la gente común del mundo). (adjetivo) (2) (a) que suele usar / disfrutar. (b) que suele tomar el alimento / consumir. (c) que suele comer.	(1) (a) using / making use of / employing. (b) using / enjoying / resorting to. (c) partaking of food / consuming (said of the monks of the *saṅgha* and of holy persons). (d) eating (said of ordinary worldly people). (adjective) (2) (a) apt to use / enjoy. (b) apt to partake of food / consume. (c) apt to eat.	senses printed twice; translated once
214464	paribhuñjanta	(၁) သုံးဆောင်-အသုံးပြု-သုံးစွဲ-သော။ (၂) သုံးဆောင်-ခံစား-တတ်သော။ (၃)သုံးဆောင်-ခံစား-မှီဝဲ-တတ်သော။ (၄) ဘုဥ်းပေး- သုံး ဆောင်-တတ်သော။ (ရဟန်းသံဃါ, သူတော် စင်များကို ရည်။ ) (၅) စားသုံးတတ်သော။ (လောကိယမဟာဇနကို ရည်။ ) (၆) သောက် သုံးတတ်သော၊ သူ။ (၁) သုံးဆောင်-အသုံးပြု-သုံးစွဲ-သော။ (၂) သုံးဆောင်-ခံစား-တတ်သော။ (၃) သုံးဆောင်-ခံစား-မှီဝဲ-တတ်သော။ မ၊ (၄) ဘုဥ်းပေး- သုံးဆောင်- တတ်သော။ (၅) စားသုံးတတ်သော။ (၆) သောက်သုံးတတ်သော၊ သူ။	(1) que usa / emplea / utiliza. (2) que suele usar / disfrutar. (3) que suele usar / disfrutar / servirse de. (4) que suele tomar el alimento / consumir (se refiere a los monjes del *saṅgha* y a las personas santas). (5) que suele comer (se refiere a la gente común del mundo). (6) que suele beber (dicho de una persona).	(1) using / making use of / employing. (2) apt to use / enjoy. (3) apt to use / enjoy / resort to. (4) apt to partake of food / consume (said of the monks of the *saṅgha* and of holy persons). (5) apt to eat (said of ordinary worldly people). (6) apt to drink (said of a person).	senses printed twice; translated once
214465	paribhuñjanti	(၁) သုံး ဆောင်- အသုံးပြု- သုံးစွဲ- ကုန်၏။ (၂) သုံး ဆောင်-ခံစား-ကုန်၏။ (၃) သုံးဆောင်-ခံစား-မှီဝဲ-ကုန်၏။ (၄) ဘုဥ်းပေး-သုံးဆောင်-ကုန် ၏။ (၅) စား-သုံးဆောင်-ကုန်၏။ (၆) သောက် သုံးကုန်၏။ ပရိဘုဉ္ဇတိ(၁-၂-၃-၄-၅-၆)ကြည့်။	(1) usan / emplean / utilizan. (2) usan / disfrutan. (3) usan / disfrutan / se sirven de. (4) toman el alimento / consumen. (5) comen / consumen. (6) beben. Véase [[paribhuñjati]] (1-2-3-4-5-6).	(1) they use / make use of / employ. (2) they use / enjoy. (3) they use / enjoy / resort to. (4) they partake of food / consume. (5) they eat / consume. (6) they drink. See [[paribhuñjati]] (1-2-3-4-5-6).	'see X (senses)' left in the Burmese
214466	paribhuñjantu	(၁) သုံး ဆောင်-အသုံးပြု-သုံးစွဲ-ကုန်လော့။ (၂) သုံး ဆောင်-ခံစား-ကုန်လော့။ (၃) ဘုဥ်းပေး-သုံး ဆောင်-ကုန်လော့။ (၄) စား-သုံးဆောင်-ကုန် လော့။ ပရိဘုဉ္ဇတိ (၁-၂-၄-၅) ကြည့်။	(1) que usen / empleen / utilicen. (2) que usen / disfruten. (3) que tomen el alimento / consuman. (4) que coman / consuman. Véase [[paribhuñjati]] (1-2-4-5).	(1) let them use / make use of / employ. (2) let them use / enjoy. (3) let them partake of food / consume. (4) let them eat / consume. See [[paribhuñjati]] (1-2-4-5).	'see X (senses)' left in the Burmese
214467	paribhuñjamāna	(၁) သုံး ဆောင်-အသုံးပြု-သုံးစွဲ-တတ်သော။ (၂) သုံး ဆောင်- ခံစား- မှီဝဲ-တတ်သော။ (၃) ဘုဥ်း ပေး-သုံးဆောင်-တတ်သော။ (ရဟန်းသံဃါ, သူတော်စင်များကို ရည်။ ) (၄) စားသုံးတတ် သော။ (လောကိယမဟာဇနကို ရည်။ ) (၅) သောက်သုံးတတ်သော၊ သူ။ (၆)သုံးဆောင်-အသုံးပြု-အပ်သော။ (၁) သုံးဆောင်-အသုံးပြု-သုံးစွဲ-တတ် သော။ (၂) သုံးဆောင်-ခံစား-မှီဝဲ-တတ်သော။ (၃) ဘုဥ်းပေး-သုံးဆောင်-တတ် သော။ (၄) စားသုံးတတ်သော။ (၅) သောက်သုံးတတ်သော၊ သူ။ (၆) သုံးဆောင်-အသုံးပြု-အပ် သော။	(1) que suele usar / emplear / utilizar. (2) que suele usar / disfrutar / servirse de. (3) que suele tomar el alimento / consumir (se refiere a los monjes del *saṅgha* y a las personas santas). (4) que suele comer (se refiere a la gente común del mundo). (5) que suele beber (dicho de una persona). (6) usado / empleado.	(1) apt to use / make use of / employ. (2) apt to use / enjoy / resort to. (3) apt to partake of food / consume (said of the monks of the *saṅgha* and of holy persons). (4) apt to eat (said of ordinary worldly people). (5) apt to drink (said of a person). (6) used / made use of.	senses printed twice; translated once
214469	paribhuñjasi	(၁) သုံး ဆောင်- အသုံးပြု- သုံးစွဲ- ၏။ (၂) စား-သုံး ဆောင်-၏။ «S1»	(1) usa / emplea / utiliza. (2) come / consume. Véase [[paribhuñjati]] (1-5).	(1) uses / makes use of / employs. (2) eats / consumes. See [[paribhuñjati]] (1-5).	2nd-person headword, rendered in the 3rd person as the Burmese is unmarked
214470	parañjassu	သုံးဆောင်-ခံစား-မှီဝဲ-လော့။ «S1»	usa / disfruta / sírvete de. Véase [[paribhuñjati]] (3).	use / enjoy / resort to. See [[paribhuñjati]] (3).	headword 'parañjassu' looks garbled (paribhuñjassu?); definition is an imperative
214473	paribhuñjāpessāma	သုံးဆောင်-အသုံးပြု-သုံးစွဲ-စေလတ္တံ့။ «S1»	haremos usar / emplear / utilizar. Véase [[paribhuñjāpeti]].	we shall cause to use / make use of / employ. See [[paribhuñjāpeti]].	1st-person plural headword (-ssāma); the Burmese has the 2nd/3rd-person future လတ္တံ့; rendered in the 1st person
214474	paribhuñjāma	(၁) သုံး ဆောင်- အသုံးပြု- သုံးစွဲ- ကုန်၏။ (၂) သုံး ဆောင်-ခံစား-မှီဝဲ-ကုန်၏။ «S1»	(1) usamos / empleamos / utilizamos. (2) usamos / disfrutamos / nos servimos de. Véase [[paribhuñjati]].	(1) we use / make use of / employ. (2) we use / enjoy / resort to. See [[paribhuñjati]].	1st-person plural headword (-āma) rendered in the 1st person
214475	paribhuñjāmi	(၁) သုံး ဆောင်-အသုံးပြု-သုံးစွဲ-၏။ (၂) ဘုဥ်းပေး-သုံး ဆောင်-၏။ (၃) စား- သုံးဆောင်- ၏။ «S1»	(1) uso / empleo / utilizo. (2) tomo el alimento / consumo. (3) como / consumo. Véase [[paribhuñjati]].	(1) I use / make use of / employ. (2) I partake of food / consume. (3) I eat / consume. See [[paribhuñjati]].	1st-person headword rendered in the 1st person (-mi)
214476	paribhuñjāhi	(၁) သုံး ဆောင်- ခံစား- လော့။ (၂) ဘုဥ်းပေး- သုံး ဆောင်-ပါလော့။ «S1»	(1) usa / disfruta. (2) toma, por favor, el alimento / consume. Véase [[paribhuñjati]].	(1) use / enjoy. (2) please partake of food / consume. See [[paribhuñjati]].	ပါလော့ (polite imperative) in (2) rendered 'por favor' / 'please'
214477	paribhuñji	(၁) သုံးဆောင်-အသုံးပြု-သုံးစွဲ-ပြီ။ (၂)ဘုဥ်းပေး-သုံးဆောင်-ပြီ။ (၃) စား-သုံးဆောင်-ပြီ။ ပရိဘုဉ္ဇတိ (၁-၄-၅)ကြည့်။	(1) usó / empleó / utilizó. (2) tomó el alimento / consumió. (3) comió / consumió. Véase [[paribhuñjati]] (1-4-5).	(1) used / made use of / employed. (2) partook of food / consumed. (3) ate / consumed. See [[paribhuñjati]] (1-4-5).	'see X (senses)' left in the Burmese
214478	paribhuñjiṁ	(၁) သုံးဆောင်-ခံစား-မှီဝဲ-ပြီ။ (၂) ဘုဥ်းပေး-သုံးဆောင်-ပြီ။ (၃)သောက်သုံးပြီ။ ပရိဘုဉ္ဇတိ(၃-၄-၆)ကြည့်။	(1) usé / disfruté / me serví de. (2) tomé el alimento / consumí. (3) bebí. Véase [[paribhuñjati]] (3-4-6).	(1) I used / enjoyed / resorted to. (2) I partook of food / consumed. (3) I drank. See [[paribhuñjati]] (3-4-6).	1st-person headword rendered in the 1st person (-iṁ); 'see X (senses)' left in the Burmese
214479	paribhuñjiṁsu	(၁)သုံးဆောင်-အသုံးပြု-သုံးစွဲ-ကုန်ပြီ။ (၂) သုံးဆောင်-ခံစား-ကုန်ပြီ။ (၃) သုံးဆောင်- ခံစား- မှီဝဲ-ကုန်ပြီ။ (၄) ဘုဥ်းပေး-သုံးဆောင်-ကုန်ပြီ။ (၅) စား-သုံးဆောင်-ကုန်ပြီ။ (၆) သောက်သုံး-ကုန်ပြီ။ ပရိဘုဉ္ဇတိ(၁-၂-၃-၄-၅-၆)ကြည့်။ ပရိဘုဉ္ဇိတဗ္ဗ (န) (၁) သုံးဆောင်-ခံစား-မှီဝဲ-ခြင်း။ (တိ) (၂) (က)သုံးဆောင်-အသုံးပြု-သုံးစွဲ-အပ်သော။ (ခ) သုံးဆောင်-ခံစား-မှီဝဲ-အပ်သော။ (ဂ) ဘုဥ်းပေး-သုံးဆောင်-အပ်သော။ (ရဟန်း သံဃါ, သူတော်စင်များကို ရည်။ ) (ဃ) စား သုံးအပ်သော။ (၃) သုံးဆောင်-ခံစား-မှီဝဲ-တတ်သော-သူ။	(1) usaron / emplearon / utilizaron. (2) usaron / disfrutaron. (3) usaron / disfrutaron / se sirvieron de. (4) tomaron el alimento / consumieron. (5) comieron / consumieron. (6) bebieron. Véase [[paribhuñjati]] (1-2-3-4-5-6).	(1) they used / made use of / employed. (2) they used / enjoyed. (3) they used / enjoyed / resorted to. (4) they partook of food / consumed. (5) they ate / consumed. (6) they drank. See [[paribhuñjati]] (1-2-3-4-5-6).	'see X (senses)' left in the Burmese; the text runs on into the entry ပရိဘုဉ္ဇိတဗ္ဗ, which is given again as the next line (id 214480), left out here
214480	paribhuñjatabba	သုံးဆောင် - ခံစား - မှီဝဲ - ခြင်း။ ဒီ၊ဋ္ဌ၁။ ပရိဘောဂတ္ထော ဟေတ္ထ ပါ-သဒ္ဒေါ၊ တဗ္ဗ-သဒ္ဒေါ စ ဘာဝသာဓနော။ (၂)(က) သုံးဆောင်-သုံးပြု-သုံးစွဲ-အပ်သော။ (ခ) သုံးဆောင်-ခံစား-မှီဝဲ-အပ်သော။ (ဂ) ဘုဥ်းပေး-သုံးဆောင်-အပ်သော။ (ဃ) စားသုံးအပ် သော။ (င) သောက်သုံးအပ်သော။ (၃) သုံးဆောင်- ခံစား- မှီဝဲ- တတ်သော၊ သူ။ (ကင်္ခါ၊) ပရိဘုဉ္ဇိတဗ္ဗဝတ္ထု	(1) el usar / disfrutar / servirse de. (2) (a) que ha de ser usado / empleado / utilizado. (b) que ha de ser usado / disfrutado / aprovechado. (c) que ha de ser tomado como alimento / consumido. (d) que ha de ser comido. (e) que ha de ser bebido. (3) que suele usar / disfrutar / servirse de (dicho de una persona).	(1) using / enjoying / resorting to. (2) (a) to be used / made use of / employed. (b) to be used / enjoyed / resorted to. (c) to be partaken of / consumed. (d) to be eaten. (e) to be drunk. (3) apt to use / enjoy / resort to (said of a person).	label missing; the copy of this entry in id 214479 gives (n.) for (1) and (adj.) for (2); headword paribhuñjatabba looks like paribhuñjitabba; (1) has no marker
214489	paribhuñjituṁ	(၁) သုံး ဆောင်- အသုံးပြု- သုံးစွဲ- ခြင်းငှာ။ (၂) သုံး ဆောင်- ခံစား- ကျင့်သုံး- ခြင်းငှာ။ (၃) သုံး ဆောင်-ခံစား-မှီဝဲ-ခြင်းငှာ။ (၄) ဘုဥ်းပေး-သုံး ဆောင်-ခြင်းငှာ။ (ရဟန်းသံဃါ, သူတော်စင် များကို ရည်။ ) (၅) စားသုံးခြင်းငှာ။ (လောကိယ မဟာဇနကို ရည်။ ) (၆) သောက်သုံး-သုံးစွဲ-ခြင်းငှာ။ (၇) စောင့်ရှောက်ခြင်းငှာ။ (၁) သုံးဆောင်-အသုံးပြု-သုံးစွဲ-ခြင်းငှာ။ (မိလိန္ဒ။ ၄၈၊ ကင်္ခါ။ ၁၇၃-ဝိ၊သင်္ဂဟ။ ဣတိဝုတ်၊၃၁၂-၅-၆၊ကင်္ခါ၊ဋီ၊ဟောင်း။ ) (၂) သုံးဆောင်-ခံစား-ကျင့် သုံး-ခြင်းငှာ။ (၃) သုံးဆောင်-ခံစား-မှီဝဲ-ခြင်းငှာ။ သံ၊ဋီ၁။ (၄) ဘုဥ်းပေး- သုံးဆောင်-ခြင်းငှာ။ (ရဟန်းသံဃါ, သူတော်စင်များကို ရည်။ (၅) စားသုံးခြင်းငှာ။ (လောကိယမဟာဇန ကို ရည်။ (၆) သောက်သုံးခြင်းငှာ။ (၇) စောင့်ရှောက်ခြင်းငှာ။	(1) para usar / emplear / utilizar. (2) para usar / disfrutar / practicar. (3) para usar / disfrutar / servirse de. (4) para tomar el alimento / consumir (se refiere a los monjes del *saṅgha* y a las personas santas). (5) para comer (se refiere a la gente común del mundo). (6) para beber / utilizar. (7) para proteger.	(1) in order to use / make use of / employ. (2) in order to use / enjoy / practise. (3) in order to use / enjoy / resort to. (4) in order to partake of food / consume (said of the monks of the *saṅgha* and of holy persons). (5) in order to eat (said of ordinary worldly people). (6) in order to drink / use. (7) in order to protect.	senses printed twice; translated once; (6) has သုံးစွဲ only in the first copy
214490	paribhuñjitukāma	သုံးဆောင်-သုံးစွဲ-အသုံးပြု-ခြင်းငှာ-အလိုရှိ-လို-သော။ (၂) သုံးဆောင်-ခံစား-မှီဝဲ-ခြင်းငှာ-အလိုရှိ-လို-သော။ (၃) ဘုဥ်းပေး-သုံးဆောင် ခြင်း-ငှာ- အလိုရှိ-လို- သော။ (ရဟန်းသံဃါ, သူတော်စင်များကို ရည်။ ) (၄) စားသုံး-ခြင်း ငှာ-အလိုရှိ-လို-သော။ (လောကိယမဟာဇန ကို ရည်။ ) (၅) သောက်သုံးခြင်းငှာ-အလိုရှိ-လို-သော၊ သူ။ (၁) သုံးဆောင်-အသုံးပြု-သုံးစွဲခြင်းငှာ-အလိုရှိ- လို- သော။ (၂) သုံးဆောင်-ခံစား-မှီဝဲ-ခြင်းငှာ-အလို ရှိ-လို-သော။ (၃) ဘုဥ်း ပေး-သုံးဆောင်း-ခြင်းငှာ- အလိုရှိ-လို-သော။ (ရဟန်းသံဃါ, သူတော်စင်များကို ရည်။ (၄) စားသုံး-ခြင်းငှာ-အလိုရှိ-လို-သော။ (လောကိယမဟာဇနကို ရည်။ (၅) သောက်သုံး ခြင်းငှာ-အလိုရှိ-လို-သော၊ သူ။	(1) que tiene deseo / que desea usar / utilizar / emplear. (2) que tiene deseo / que desea usar / disfrutar / servirse de. (3) que tiene deseo / que desea tomar el alimento / consumir (se refiere a los monjes del *saṅgha* y a las personas santas). (4) que tiene deseo / que desea comer (se refiere a la gente común del mundo). (5) que tiene deseo / que desea beber (dicho de una persona).	(1) having the wish / wishing to use / employ / make use of. (2) having the wish / wishing to use / enjoy / resort to. (3) having the wish / wishing to partake of food / consume (said of the monks of the *saṅgha* and of holy persons). (4) having the wish / wishing to eat (said of ordinary worldly people). (5) having the wish / wishing to drink (said of a person).	senses printed twice; translated once; the first (1) marker is missing
214491	paribhuñjitvā	သုံးဆောင်- အသုံးပြု- သုံးစွဲ-၍။ (၂) သုံး ဆောင်-ခံစား-မှီဝဲ-၍။ (၃) ဘုဥ်းပေး-သုံး ဆောင်-၍။ (ရဟန်းသံဃါ, သူတော်စင်များ ကို ရည်။ ) (၄) စားသုံး၍။ (လောကိယမဟာ-ဇနကို ရည်။ ) (၁) သုံးဆောင်- အသုံးပြု- သုံးစွဲ- ၍။ (၂) သုံးဆောင်- ခံစား- မှီဝဲ- ၍။ (၃) ဘုဥ်းပေး-သုံးဆောင်-၍။ (ရဟန်းသံဃါ, သူတော်စင် များကို ရည်။ ပရိဘုဉ္ဇိတွာ (၄) စားသုံး၍။ (လောကိယ မဟာဇနကို ရည်။	(1) habiendo usado / empleado / utilizado. (2) habiendo usado / disfrutado / habiéndose servido de. (3) habiendo tomado el alimento / consumido (se refiere a los monjes del *saṅgha* y a las personas santas). (4) habiendo comido (se refiere a la gente común del mundo).	(1) having used / made use of / employed. (2) having used / enjoyed / resorted to. (3) having partaken of food / consumed (said of the monks of the *saṅgha* and of holy persons). (4) having eaten (said of ordinary worldly people).	senses printed twice; translated once; the first (1) marker is missing
214493	paribhuñjimha	သုံးဆောင်-အသုံးပြု-သုံးစွဲ-ကုန်ပြီ။ (၂) စား-သုံးဆောင်-ကုန်ပြီ။ «S1»	(1) usamos / empleamos / utilizamos. (2) comimos / consumimos. Véase [[paribhuñjati]].	(1) we used / made use of / employed. (2) we ate / consumed. See [[paribhuñjati]].	1st-person plural headword (-mha) rendered in the 1st person; (1) has no marker
214497	paribhuñjisaṁ	(၁) ဘုဥ်းပေး-သုံးဆောင်-ပြီ။ (၂) သောက်သုံးပြီ။ «S1»	(1) tomé el alimento / consumí. (2) bebí. Véase [[paribhuñjati]].	(1) I partook of food / consumed. (2) I drank. See [[paribhuñjati]].	1st-person headword rendered in the 1st person (-saṁ)
214498	paribhuñjissati	သုံးဆောင်-အသုံးပြု-သုံးစွဲ-လတ္တံ့။ (၂) သုံး ဆောင်-ခံစား-မှီဝဲ-လတ္တံ့။ (၃) ဘုဥ်းပေး-သုံး ဆောင်-လတ္တံ့။ «S1»	(1) usará / empleará / utilizará. (2) usará / disfrutará / se servirá de. (3) tomará el alimento / consumirá. Véase [[paribhuñjati]].	(1) will use / make use of / employ. (2) will use / enjoy / resort to. (3) will partake of food / consume. See [[paribhuñjati]].	(1) has no marker
214499	paribhuñjissanti	သုံးဆောင်-အသုံးပြု-သုံးစွဲ-ကုန်လတ္တံ့။ (၂) ဘုဥ်းပေး-သုံးဆောင်-ကုန်လတ္တံ့။ (၃) စား-သုံးဆောင် - ကုန်လတ္တံ့။ «S1»	(1) usarán / emplearán / utilizarán. (2) tomarán el alimento / consumirán. (3) comerán / consumirán. Véase [[paribhuñjati]].	(1) they will use / make use of / employ. (2) they will partake of food / consume. (3) they will eat / consume. See [[paribhuñjati]].	(1) has no marker
214500	paribhuñjissasi	သုံးဆောင်-အသုံးပြု-သုံးစွဲ-လတ္တံ့။ (၂) သုံး ဆောင်-ခံစား-လတ္တံ့။ (၃) သုံးဆောင်-ခံစား-မှီဝဲ-လတ္တံ့။ (၄) ဘုဥ်းပေး-သုံးဆောင်-လတ္တံ့။ «S1»	(1) usará / empleará / utilizará. (2) usará / disfrutará. (3) usará / disfrutará / se servirá de. (4) tomará el alimento / consumirá. Véase [[paribhuñjati]].	(1) will use / make use of / employ. (2) will use / enjoy. (3) will use / enjoy / resort to. (4) will partake of food / consume. See [[paribhuñjati]].	(1) has no marker; 2nd-person headword, rendered in the 3rd person as the Burmese is unmarked
214501	paribhuñjissāma	သုံးဆောင်-အသုံးပြု-သုံးစွဲ-ကုန်လတ္တံ့။ (၂) သုံးဆောင်-ခံစား-ကုန်လတ္တံ့။ (၃) စား-သုံး ဆောင်-ကုန်လတ္တံ့။ «S1»	(1) usaremos / emplearemos / utilizaremos. (2) usaremos / disfrutaremos. (3) comeremos / consumiremos. Véase [[paribhuñjati]].	(1) we shall use / make use of / employ. (2) we shall use / enjoy. (3) we shall eat / consume. See [[paribhuñjati]].	(1) has no marker; 1st-person plural headword (-ssāma); the Burmese has ကုန်လတ္တံ့; rendered in the 1st person
214502	paribhuñjissāmi	သုံးဆောင်-အသုံးပြု-သုံးစွဲ-လတ္တံ့။ (၂) သုံး ဆောင်-ခံစား-လတ္တံ့။ (၃) သုံးဆောင်-ခံစား-မှီဝဲ-လတ္တံ့။ (၄) ဘုဥ်းပေး-သုံးဆောင်-လတ္တံ့။ (၅) စား-သုံးဆောင်-လတ္တံ့။ (၆) သောက်သုံး လတ္တံ့။ «S1»	(1) usaré / emplearé / utilizaré. (2) usaré / disfrutaré. (3) usaré / disfrutaré / me serviré de. (4) tomaré el alimento / consumiré. (5) comeré / consumiré. (6) beberé. Véase [[paribhuñjati]].	(1) I shall use / make use of / employ. (2) I shall use / enjoy. (3) I shall use / enjoy / resort to. (4) I shall partake of food / consume. (5) I shall eat / consume. (6) I shall drink. See [[paribhuñjati]].	(1) has no marker; 1st-person headword (-ssāmi); the Burmese has လတ္တံ့; rendered in the 1st person
214505	paribhuñjeyyaṁ	(၁) သုံး ဆောင်- ခံစားမှီဝဲ- ရာ၏။ (၂) စား- သုံး ဆောင်-ရာ၏။ «S1»	(1) usaría / disfrutaría / me serviría de. (2) comería / consumiría. Véase [[paribhuñjati]].	(1) I would use / enjoy / resort to. (2) I would eat / consume. See [[paribhuñjati]].	1st-person headword rendered in the 1st person (-eyyaṁ)
214507	paribhuñjeyyātha	(၁) သုံးဆောင်-အသုံးပြု-သုံးစွဲ-ကုန်ရာ၏။ (၂) သုံးဆောင်-ခံစား-မှီဝဲ-ကုန်ရာ၏။ «S1»	(1) usarían / emplearían / utilizarían. (2) usarían / disfrutarían / se servirían de. Véase [[paribhuñjati]].	(1) they would use / make use of / employ. (2) they would use / enjoy / resort to. See [[paribhuñjati]].	2nd-person plural headword, rendered in the 3rd person as the Burmese is unmarked
214508	paribhuñjeyyāma	သုံးဆောင်-အသုံးပြု-သုံးစွဲ-ကုန်ရာ၏။ «S1»	usaríamos / emplearíamos / utilizaríamos. Véase [[paribhuñjati]] (1).	we would use / make use of / employ. See [[paribhuñjati]] (1).	1st-person plural headword (-eyyāma) rendered in the 1st person
214509	paribhuñjeyyāmi	(၁) သုံးဆောင်-ခံစား-မှီဝဲ-ရာ၏။ (၂) ဘုဥ်း ပေး- သုံးဆောင်- ရာ၏။ «S1»	(1) usaría / disfrutaría / me serviría de. (2) tomaría el alimento / consumiría. Véase [[paribhuñjati]].	(1) I would use / enjoy / resort to. (2) I would partake of food / consume. See [[paribhuñjati]].	1st-person headword rendered in the 1st person (-eyyāmi)
214510	paribhuñjeyyuṁ	သုံးဆောင်-အသုံးပြု-သုံးစွဲ-ကုန်ရာ၏။ (၂) စား-သုံးဆောင်-ကုန်ရာ၏။ «S1»	(1) usarían / emplearían / utilizarían. (2) comerían / consumirían. Véase [[paribhuñjati]].	(1) they would use / make use of / employ. (2) they would eat / consume. See [[paribhuñjati]].	(1) has no marker
214511	paribhutta	(၁) (က) သုံးဆောင်-အသုံးပြု-သုံးနေ-ရာ။ (ခ) ဘုဥ်းပေး-သုံးဆောင်-ရာ(အချိန်)။ (ဂ) စားသုံးရာ(အချိန်)။ (၂) (က)သုံးဆောင်-ခံစား-ကြောင်း(နည်း)။ (ခ) ဘုဥ်းပေး-သုံး ဆောင်-ကြောင်း(နည်း)။ (တိ) (၃) (က) ဘုဥ်း ပေး-သုံးဆောင်-တတ်သော။ (ခ) စားသုံး တတ်သော၊ သူ။ (၄) (က) သုံးဆောင်-အသုံး ပြု- သုံးစွဲ- အပ်- အပ်ပြီး- သော။ (ခ) သုံး ဆောင်-ခံစား-အပ်သော။ (ဂ) ဘုဥ်းပေး--သုံးဆောင်-အပ်သော။ (ဃ) စားသုံးအပ် သော။ (င) စားမျိုအပ်သော။ (စ) စားသုံး-အပိုင်စား-အပ်သော။ (၁)(က)သုံးဆောင်-အသုံးပြု-သုံးနေရာ။ «S1» (ခ) ဘုဥ်းပေး-သုံး ဆောင်ရာ-(အချိန်)။ (ဂ)စားသုံးရာ(အချိန်) ပရိဘုတ္တကာလ-ကြည့်။ (၂)(က)သုံးဆောင်-ခံစား-ကြောင်း(နည်း)။ «S2» (ခ) ဘုဥ်းပေး-သုံးဆောင်-ကြောင်း(နည်း)။ «S3» (၃) (က)ဘုဥ်းပေး-သုံးဆောင် - တတ်သော၊ သူ။ (ခ) စားသုံးတတ်သော၊ သူ။ (၄) (က) သုံးဆောင်-အသုံးပြု-သုံးစွဲ- အပ်- အပ်ပြီး- သော။ (ခ) သုံး ဆောင်-ခံစား-အပ်သော။ ဣဒံ ဝုတ္တံ ယံ မယာ အဇ္ဇ ဧတရဟိ နိရောဓသမာပတ္တိသမာပဇ္ဇနဝသေန ဖလသမာပတ္တိသမာပဇ္ဇနဝသေန စ အစ္စန္တမေဝ သန္တံ ပဏီတံ နိဗ္ဗာနသုခံ ပရိဘုဉ္ဇိယမာနံ။ (ဂ) ဘုဥ်းပေး- သုံးဆောင်- အပ် သော။ (ဃ) စားသုံး အပ်သော။ (င) စားမျိုအပ်သော။ (စ) စားသုံး-အပိုင်စား-အပ်သော။	(1) (a) el lugar donde se usa / emplea / se mora. Véase [[paribhuttageha]]. (b) el (momento) en que se toma el alimento / consume. (c) el (momento) en que se come. Véase [[paribhuttakāla]]. (2) (a) la (manera) de usar / disfrutar. Véase [[paribhuttanaya]]. (b) la (manera) de tomar el alimento / consumir. Véase [[paribhuttanīhāra]]. (adjetivo) (3) (a) que suele tomar el alimento / consumir (dicho de una persona). (b) que suele comer (dicho de una persona). (4) (a) usado / empleado / utilizado / ya usado. (b) usado / disfrutado. (c) tomado como alimento / consumido. (d) comido. (e) comido / ingerido. (f) comido / disfrutado como feudo.	(1) (a) the place where one uses / makes use of / dwells. See [[paribhuttageha]]. (b) the (time) when one partakes of food / consumes. (c) the (time) when one eats. See [[paribhuttakāla]]. (2) (a) the (way) of using / enjoying. See [[paribhuttanaya]]. (b) the (way) of partaking of food / consuming. See [[paribhuttanīhāra]]. (adjective) (3) (a) apt to partake of food / consume (said of a person). (b) apt to eat (said of a person). (4) (a) used / made use of / employed / already used. (b) used / enjoyed. (c) partaken of / consumed. (d) eaten. (e) eaten / swallowed. (f) eaten / enjoyed as a fief.	senses printed twice; translated once, following the second copy, which carries the placeholders; 'see X' left in the Burmese; (4)(f) အပိုင်စား read as 'enjoy as a fief / appanage'
214514	paribhuttakāla	ဘုဥ်းပေး-သုံးဆောင်-ရာ အချိန်အခါ။ (၂) စားသုံးရာ အချိန်အခါ။	(1) el momento / la ocasión de tomar el alimento / consumir. (2) el momento / la ocasión de comer.	(1) the time / occasion for partaking of food / consuming. (2) the time / occasion for eating.	(1) has no marker
214528	paribhuttamadhupiṇḍikāhāra	ဘုဥ်းပေး - သုံး ဆောင်-အပ်ပြီးသော ပျားမုန့်ဆုပ် တည်းဟူ သော- အစာ-အာဟာရ- ရှိသော၊ ဘုရား။	que tiene como alimento / sustento el bollo de miel ya tomado / consumido (dicho del Buddha).	having as food / nourishment the honey-cake already partaken of / consumed (said of the Buddha).	ပျားမုန့်ဆုပ် read as a honey-cake (ball of honey and meal)
214530	paribhuttamahābodhivibhūsita	သုံးဆောင်-သုံးနေ -ရာ-ဗောဓိ-ညောင်-ပင်မြတ်ဖြင့် တန်းဆာ ဆင်အပ်သော။	adornado con el excelso árbol *bodhi* / higuera, donde se usa / se mora.	adorned with the excellent *bodhi* / fig tree, where one uses / dwells.	ညောင် (Ficus, the bodhi tree's genus) rendered 'higuera / fig'
214537	paribhuttūpakaraṇa	သုံးဆောင်- သုံးစွဲ- အသုံးပြု- အပ်သော အဆောက်အဦး၊ အသုံးအဆောင်။ «S1»	el equipamiento / los enseres usados / utilizados / empleados; los objetos de uso. Véase [[pari-bhogacetiya]] (a).	the equipment / articles used / employed / made use of; the things of use. See [[pari-bhogacetiya]] (a).	အဆောက်အဦး (usually 'building') read here as equipment
214542	paribhūtajātika	ကဲ့ရဲ့-ရှုတ်ချ-နှိပ်စက်-နှိပ်ချ-နှိမ်ချ-မထီမဲ့မြင်-မလေးမစား-ပြု-အပ်-ခံရသော- သဘောရှိ သော၊ သူ။ အောက်ပုဒ်ကြည့်။	que tiene la naturaleza de sufrir el ser reprochado / censurado / oprimido / humillado / rebajado / despreciado / tratado sin respeto (dicho de una persona). Véase la entrada siguiente.	having the nature of suffering being reproached / censured / oppressed / put down / belittled / despised / treated without respect (said of a person). See the next headword.	'see the next headword' left in the Burmese
214544	paribheda	ဝန်းကျင်-ပျက်စီး-ပြိုကွဲခြင်း။ (ခ)ပျက်စီး-ပြိုကွဲ-ရာ။	el arruinarse / desmoronarse alrededor. (b) el lugar donde algo se arruina / desmorona.	being ruined / crumbling all around. (b) the place where something is ruined / crumbles.	no (a) marker before the first sense
214551	paribhoga	(၁) (က) (ပစ္စည်းလေးပါး ကို) သုံးဆောင်-အသုံးပြု-သုံးစွဲ-ခြင်း။ (ခ) သုံးဆောင်- ခံစား- ခြင်း။ (ဂ) သုံးဆောင်-ခံစား-မှီဝဲ-ခြင်း။ (ဃ) ဘုဥ်းပေး-သုံးဆောင်-ခြင်း။ (င) စားသုံး-သုံးဆောင်-စားမျို-ခြင်း။ (စ) သောက်သုံးခြင်း။ (ဆ) သုံးဆောင်-အသုံး ပြု-သုံးစွဲ-ရာ။ (ဇ) ဘုဥ်းပေး-သုံးဆောင်-ရာ။ (အချိန်) (၂) အခါခပ်သိမ်း-သုံးဆောင်-အသုံး ပြု-သုံးစွဲ-အပ်သော၊ အသုံးအဆောင်။ (၃) ပရိဘောဂ ဘုဥ်းပေး-သုံးဆောင်-အပ်သော။ (၄) စား သုံး-စားမျို-အပ်သော။ (၅)သုံးဆောင်-ခံစား-မှီဝဲ-အပ်သော။ (၁) (က)(ပစ္စည်းလေးပါးကို)သုံးဆောင်-အသုံးပြု-သုံးစွဲခြင်း။ ပစ္စည်းလေးပါးကို သုံး ဆောင်ခြင်းမျိုးသည် --- (၁) ထေယျပရိ-ဘောဂ = ခိုးယူ သုံးဆောင်ခြင်း။ (၂) ဣဏပရိဘောဂ = ကြေးယူ သုံးဆောင်ခြင်း။ (၃) ဒါယဇ္ဇပရိဘောဂ = အမွေအနှစ်ကို သုံး ဆောင်ခြင်း။ (၄) သာမိပရိဘောဂ = ဥစ္စာ ပိုင်ရှင်အဖြစ်ဖြင့် သုံးဆောင်ခြင်းဟု ၄-မျိုး ရှိ သည်။ (၁) ဒုဿီလ (သီလမရှိသူတို့သည်) အများမြင်သော သံဃါ့အလယ်မှာပင် ထိုင် ၍ သုံးဆောင်လင့်ကစား ယင်းဒုဿီလတို့ ပစ္စည်း ၄-ပါးကို သုံးဆောင်ခြင်းမျိုးသည် “ထေယျပရိဘောဂ” မည်၏။ ဘုရားရှင် သာသနာမှာ သီလဝန္တ (သီလရှိသူ) ပုဂ္ဂိုလ်တို့ အားသာ ပစ္စည်း ၄-ပါးကို သုံးဆောင်ရန် ဘုရားရှင်ခွင့် ပြုထားသည်။ ဒုဿီလများအား လှူဒါန်းပူဇော်မှုသည် အကျိုးများမည် မဟုတ် မှန်း သိထားကြသော ဒါယကာများကလည်း သီလဝန္တများကိုသာ ပေးကမ်းလှူဒါန်းကြ သည်။ ယင်းသို့ ဘုရားရှင်လည်း ခွင့်မပြု, ဒါယကာများကလည်း လှူဒါန်းထားသည် မဟုတ်ပါဘဲလျက် သီလမရှိသူတို့ ပစ္စည်း ၄-ပါးကို သုံးဆောင်ခြင်းသည် ခိုးယူသုံးဆောင် သည်နှင့် တူသောကြောင့် “ထေယျပရိ-ဘောဂ”ဟု ခေါ်ဆိုရသည်။ (၂) သီလရှိ သောရဟန်းများသည် (သီလပင် ရှိလင့်ကစား ပဋိသင်္ခါယောနိသော-စသည်ဖြင့်) ပစ္စဝေက္ခဏာ မဆင်ခြင်ဘဲ ပစ္စည်း၄-ပါးကို သုံးဆောင် ခြင်းမျိုးသည် “ဣဏပရိဘောဂ = ကြေးယူ သုံးဆောင်ခြင်း” မည်၏။ အဘယ့်ကြောင့် ဆိုသော် အလှူခံဘက်က စင်ကြယ်ခြင်း (ဒက္ခိဏဝိသုဒ္ဓိ) မဖြစ်သောကြောင့် ဖြစ်ပါ သည်။ (၃) သေက္ခပုဂ္ဂိုလ် ၇-ယောက်တို့ ပစ္စည်း ၄-ပါးကို သုံးဆောင်ခြင်းမျိုးသည် “ဒါယဇ္ဇပရိဘောဂ = အမွေအနှစ်ကို သုံး ဆောင်ခြင်း” မည်၏။ ၎င်းသေက္ခပုဂ္ဂိုလ်တို့ သည် ဘုရားရှင့်သားတော်များ ဖြစ်ကြသည်။ အဖဥစ္စာ ပစ္စည်း၄-ပါးကို အမွေဆက် ဖြစ်ကြသဖြင့် အဖဘုရားရှင်၏ ဥစ္စာ ပစ္စည်း ၄-ပါးကို သုံးဆောင်နိုင်ကြသည်။ ဘုရားရှင့် ပစ္စည်းကို သုံးဆောင်ကြသလော? လူတို့ ပစ္စည်းကို သုံးဆောင်ကြသလော? ဟု မေး စရာ ရှိလာပါသည်။ ဘုရားရှင့်ပစ္စည်းကို သုံး ဆောင်ကြသည်ဟုပင် ဆိုရပါမည်။ မှန်ပါ သည်။ ရဟန်းတို့သည် ဘုရားရှင် ခွင့်မပြု သည်တို့ကို မသုံးဆောင်ကြပါ။ ခွင့်ပြုသည် တို့ကိုသာ သုံးဆောင်ကြပါသည်။ ရဟန်းတို့ သုံးဆောင်သော ပစ္စည်းမှန်သမျှသည် လူ ဒါယကာတို့ လှူဒါန်းထားတာဖြစ်လင့်ကစား ဘုရားရှင်ခွင့် ပြုထားသောကြောင့် ဘုရားရှင့် ပစ္စည်း မည်၏။ (၄) အာသဝကုန်ခန်း ရဟန္တာ ပုဂ္ဂိုလ်တို့ ပစ္စည်း ၄-ပါးကို သုံးဆောင်ခြင်း မျိုးသည် “သာမိပရိဘောဂ = ဥစ္စာပိုင်ရှင် အဖြစ်ဖြင့် သုံးဆောင်ခြင်းမျိုး” ဖြစ်ပါသည်။ တဏှာရာဂ မကင်းသော ပုဂ္ဂိုလ်များသည် ပစ္စည်း ၄-ပါးကို သုံးဆောင်ရာမှာ လိုချင် တပ်မက်မှု ရှိနေကြသေး၍ ပိုင်ရှင် အရှင် သခင် မဖြစ်နိုင်ကြပါ။ တဏှာလိုချင်တပ် မက်မှု၏ အစေအပါးသာ ဖြစ်ကြရသည်။ တဏှာရာဂကင်းပြီး ရဟန္တာများသည်ကား ပရိဘောဂ ပစ္စည်း ၄-ပါး အပေါ်မှာ လိုချင်တပ်မက်မှု ကင်းပြီးဖြစ်ရကား ယင်းတဏှာလိုချင် တပ် မက်မှု၏ အစေအပါးကျွန်အဖြစ်ကို ကျော် လွန် လွတ်မြောက်ပြီးလျှင် ကိုယ်ရှင်ကိုပင် ကိုယ်သခင် ဖြစ်ကြသည်။ မှန်ပါသည်၊ ရဟန္တာပုဂ္ဂိုလ်တို့သည် စက်ဆုပ်ရွံရှာဘွယ်ကို မစက်ဆုပ်မရွံရှာသော အခြင်းအရာအားဖြင့် ၎င်း, မစက်ဆုပ် မရွံရှာဘွယ်ရာကို (တပ်မက် မောစရာကို) စက်ဆုပ်ရွံရှာသော အခြင်း အရာအားဖြင့်၎င်း, ယင်း ၂-မျိုးလုံးကိုပင် အလယ်အလတ် လျစ်လျူရှုသော အခြင်း အရာအားဖြင့်၎င်း ဆင်ခြင် ပွားများလျက် ပစ္စည်း ၄-ပါးကို သုံးဆောင်နိုင်ကြသည်။ လှူဒါန်းသူဒါယကာတို့၏ စိတ်ဆန္ဒကို ဖြည့် ဆည်းနိုင်ကြသည်။ ထို့ကြောင့် ရဟန္တာတို့ ပစ္စည်း ၄-ပါးကို သုံးဆောင်ခြင်းမျိုးသည် “သာမိပရိဘောဂ = ပိုင်ရှင်အဖြစ်ဖြင့် သုံး ဆောင်ခြင်း”ဟု ခေါ်ဆိုရသည်။ ဆိုခဲ့ပြီး သော ၄-မျိုးတွင် အရိယာပုဂ္ဂိုလ်များအား သာမိပရိဘောဂနှင့် ဒါယဇ္ဇပရိဘောဂ နှစ်မျိုး ဖြစ်ပါသည်။ ဣဏပရိဘောဂ မဖြစ်နိုင်ပါ။ ထေယျပရိဘောဂ-ကား ပြောဘွယ်ရာမရှိ။ လုံးဝမဖြစ်ပါ။ ပုထုဇဥ်ပုဂ္ဂိုလ်တို့သည်လည်း ခေါင်းပါးသောအကျင့်၌ တည်ကြလျက် ပစ္စည်း ၄-ပါးအပေါ်၌ စွဲလမ်းတပ်မက်မှုကို ပယ်ဖျောက်နိုင်ကြကာ ယင်းပစ္စည်း ၄-ပါး၌ မကပ်ငြိ မတွယ်တာသော စိတ်ဖြင့် သုံး ဆောင်နိုင်ကြသည်။ ယင်းကဲ့သို့ သုံးဆောင် ခြင်းမျိုးကို သာမိပရိဘောဂဟု ခေါ်ဆိုကြရ မည်။ နောက်ပြီးတဖန် ယင်းပုထုဇဥ်များ သည်ပင် သီလနှင့်ပြည့်စုံကြ (သီလဝန္တဖြစ် ကြ)လျက် ပစ္စဝေက္ခဏာဆင်ခြင်သုံးဆောင် ခြင်းမျိုးသည် ဒါယကာတို့၏ အလိုဆန္ဒကို ပြည့်ဝစေရာ၌ မလွဲမသွေ ဖြည့်ဆည်းနိုင် သောကြောင့် ဒါယဇ္ဇပရိဘောဂဟု ခေါ်ဆိုနိုင် သည်။ ကလျာဏဖြစ်ပြီးပုထုဇဥ်တို့ကို သေက္ခ ပုဂ္ဂိုလ်၌ ပါဝင်သွင်းယူထားပြီးဖြစ်၍ ပြော ဘွယ်ရာမရှိပါ။ ထို့ကြောင့် ပုထုဇဥ်တို့အား လည်း ဥပစာ ပရိယာယ်အားဖြင့် သာမိ-ပရိဘောဂ, ဒါယဇ္ဇပရိဘောဂ ၂-မျိုးလည်း ဖြစ်နိုင်သည်ဟု ဆိုရသည်။ သီလရှိသော(သီလဝန္တ) ပုထုဇဥ်များ ပစ္စဝေက္ခဏာဆင်ခြင်၍ ပစ္စည်း ၄-ပါးကို သုံးဆောင်ခြင်းမျိုးသည် ဣဏ-ပရိဘောဂနှင့် ဆန့်ကျင်ဘက် (ဆင်ခြင် ပွား များခြင်းဟူသော ကြေးကင်း)သဖြင့် “အာ-ဏဏျပရိဘောဂ = ကြေးကင်းသဖြင့် သုံး ဆောင်ခြင်း” မည်သည်။ လူ့ဘောင်လောက မှာ ကြေးတင်ကြေးရှိသူသည် မိမိအလိုရှိတိုင်း သုံးဖြုန်းသွားလာခြင်း မဖြစ်နိုင်ပါ။ ဤအတူ ပင် သီလဝန္တရဟန်းများသည် ပစ္စဝေက္ခဏာ မဆင်ခြင်ဘဲ သုံးဆောင်ခြင်းမျိုးသည် ဆင်ခြင် ရမည့် ကြေးကျန်ရှိနေသဖြင့် လောကသုံးပါးမှ ထွက်မြောက်ခွင့် မရပါ။ ဆင်ခြင်ပွား၍ သုံး ဆောင်ခြင်းမျိုးသည်ကား ဆိုခဲ့ပြီး ကြေးမြီ များမှ ကင်းသဖြင့် လောကသုံးပါးမှ ထွက် မြောက်ခွင့် ရရှိရကား အာဏဏျပရိဘောဂ မည်ပါသည်။ ဤ အာဏဏျပရိဘောဂ-ကို ဆိုခဲ့ပြီး ပရိဘောဂ ၄-မျိုးမှ အလွတ်သီးခြား ပရိဘောဂဟုလည်း ဆိုနိုင်ပါသည်။ ဒါယဇ္ဇ-ပရိဘောဂတွင် ပါဝင်နိုင်သည်ဟုလည်း ဆို နိုင်ပါသည်၊ အဘယ့်ကြောင့်ဆိုသော် သီလရှိ သောရဟန်းသည် သိက္ခာသုံးပါးနှင့် ပြည့်စုံပြီး ပရိဘောဂ သည်ဖြစ်၍ သေက္ခပုဂ္ဂိုလ်ဟု ဆိုရမည်ဖြစ် သောကြောင့်တည်း။ တနည်း --- (၁) လဇ္ဇီပရိဘောဂ= အာပတ်သင့်သည်ကို ရှက်သူ(လဇ္ဇီ)နှင့် အတူ တကွ သုံးဆောင်ခြင်း။ (၂) အလဇ္ဇီပရိ-ဘောဂ = အာပတ်သင့်သည်ကို မရှက်သူ (အလဇ္ဇီ)နှင့် အတူတကွ သုံးဆောင်ခြင်း။ (၃) ဓမ္မိယပရိဘောဂ = တရားသဖြင့် ရအပ်သော ပစ္စည်းကို သုံးဆောင်ခြင်း။ (၄) အဓမ္မိယ-ပရိဘောဂ = မတရားသဖြင့် ရအပ်သော ပစ္စည်းကို သုံးဆောင်ခြင်းဟု ၄-မျိုးရှိသည်။ အလဇ္ဇီပုဂ္ဂိုလ်သည် လဇ္ဇီပုဂ္ဂိုလ်နှင့် အတူ တကွ သုံးဆောင်ခြင်းငှာ အပ်ပါသည်။ အာပတ်သင့်မှု မပြုရပါ။ လဇ္ဇီပုဂ္ဂိုလ်သည် အလဇ္ဇီပုဂ္ဂိုလ်နှင့် အလဇ္ဇီမှန်း မသိသေးသမျှ သုံးဆောင်နိုင်သည်။ မှန်ပါသည်။ မည်သူမျှ အစကတည်းက အလဇ္ဇီဖြစ်သည် မဟုတ်ပါ၊ ထို့ကြောင့် အလဇ္ဇီဖြစ်မှန်း သိသည့်အချိန် အခါမှာ “သင်တို့သည် ကာယဒွာရမှာရော ဝစီဒွာရမှာပါ ကျူးလွန်မှု ပြုနေကြပါသည်၊ ဤကဲ့သို့ မသင့်လျော်သည်များကို မပြုပါ လင့်”ဟု တားမြစ်ပြောဆိုရပါမည်၊ မနာယူ ဘဲ ဆက်လက်ကျူးလွန်နေပါလျက် ယင်း အလဇ္ဇီပုဂ္ဂိုလ်နှင့် အတူ သုံးဆောင်နေသူ သည် အလဇ္ဇီ ဖြစ်သွားတတ်ပါသည်။ မိမိ တပည့် အလဇ္ဇီ ဖြစ်မှန်းသိလျက် အတူ သုံးဆောင် နေထိုင်သော ဆရာသမားကို မြင်သူများက တားမြစ် ပြောဆိုကြရမည်၊ အကယ်၍ မရှောင်ကြဥ်ပါက ယင်းဆရာ သမားပါ အလဇ္ဇီပင် မည်၏။ သို့ဖြစ်၍ အလဇ္ဇီပုဂ္ဂိုလ်တစ်ယောက်တည်းက အလဇ္ဇီ အရာအထောင်ဖြစ်အောင် ပြုနိုင်ပါသည်။ အလဇ္ဇီပုဂ္ဂိုလ်က အခြားအလဇ္ဇီပုဂ္ဂိုလ် တစ်ယောက်နှင့် အတူ သုံးဆောင်ရာမှာ အာပတ်သင့်မှု မရှိပါ၊ လဇ္ဇီပုဂ္ဂိုလ်က လဇ္ဇီ ပုဂ္ဂိုလ်နှင့် သုံး ဆောင်ရာမှာလည်း အာပတ် မသင့်ပါ၊ ခတ္တိယဇာတ် အမျိုးမြတ်ကြသော မင်းသား ၂-ယောက်တို့ ရွှေခွက်တစ်ခုတည်း ၌ သုံးဆောင် စားသောက်ခြင်းနှင့် တူပါ သည်။ ၂-မျိုး ကို ပစ္စည်း ၄-ပါးဖြင့် မှတ်သားရမည်။ ပုဂ္ဂိုလ် ကလည်း အလဇ္ဇီ, ဆွမ်းကလည်း မတရား သဖြင့် ရအပ်သည်ဖြစ်လျှင် ပုဂ္ဂိုလ်ရော ဆွမ်းပါ ၂-မျိုးလုံးကို ကဲ့ရဲ့ရှုတ်ချရပါမည်၊ ပုဂ္ဂိုလ်က အလဇ္ဇီ, ဆွမ်းက တရားသဖြင့် ရအပ်သည်ဖြစ်လျှင် ပုဂ္ဂိုလ်ကို ကဲ့ရဲ့ရှုတ်ချ၍ ဆွမ်းကို မခံယူရပါ။ မဟာပစ္စရီကျမ်း၌ကား ဒုဿီလပုဂ္ဂိုလ် သံဃါထံမှ ဥဒ္ဒေသဘတ် စသည်ကို ရ၍ သံဃါအား ပြန်လည် လှူ ဒါန်းခဲ့ပါလျှင် ယင်းသံဃဘတ်-စသည်များ သည် ဒါယကာတို့ လှူအပ်သည်အတိုင်း (ယူ အပ်သောကြောင့်) မူရင်းသံဃါအားသာ ပြန်လည် ကျရောက်သောကြောင့် သုံးဆောင် ခြင်းငှာ အပ်သည်}ဟု ဆိုထားပါသည်။ ပုဂ္ဂိုလ် က လဇ္ဇီ, ဆွမ်းက မတရားသဖြင့် ရအပ်သည် ဖြစ်ပါလျှင် ဆွမ်းကို ကဲ့ရဲ့ရှုတ်ချလျက်။ ပုဂ္ဂိုလ်ကလည်း လဇ္ဇီ ဆွမ်းကလည်း တရားသဖြင့် ရအပ်သည်ဖြစ်လျှင် ခံယူ သုံး ဆောင်ခြင်းငှာ အပ်ပါသည်။ တနည်း (၁) ဓမ္မပရိဘောဂ = တရားကို သုံးဆောင်ခြင်း။ (၂) အာမိသပရိဘောဂ = ပစ္စည်းကို သုံးဆောင်ခြင်း} ဟု ၂-မျိုးရှိသည်။ ပရိဘောဂ ပစ္စည်း ၄-ပါးကို တကွသုံးဆောင်ထိုက်သော ပုဂ္ဂိုလ်မျိုး၌ တရားဓမ္မ အတူတကွ သုံးဆောင် ခြင်းလည်း အပ်ပါသည်၊ သုံးဆောင်နိုင်ပါ သည်။ ပိဋကတ်အစွန်အဖျားရှိ ကျမ်းဂန်များ သည် ရံခါ ယင်းကျမ်းကို ဆောင်သောပုဂ္ဂိုလ် တို့ ကွယ်လွန်သောအခါ ပျောက်ပျက်တတ် ပါသည်၊ တရားကို ချီးမြှင့်လိုသော (ဓမ္မာ-နုဂ္ဂဟ) အားဖြင့် အလဇ္ဇီပုဂ္ဂိုလ်ထံမှာပင် ၎င်း ကျမ်းမျိုးကို သင်ယူ ကြရပါသည်။ သာဓက ဝတ္ထုကား--- သီဟိုဠ်ကျွန်း သူခိုးဘေးကြီး ပေါ် ပေါက်သောအခါက မဟာနိဒ္ဒေသကို လေ့ လာဆောင်နိုင်သော ရဟန်းဟူ၍ တစ်ပါး တည်းသာရှိသည်။ ဤအခါ နိကာယ် ၄-ပါး ဆောင် တိဿမထေရ်၏ ဥပဇ္ဈာယ်ဆရာ မဟာတိပိဋကအမည်ရှိ မထေရ်က မဟာ-ရက္ခိတမထေရ်ကို “ငါ့ရှင် ဤအမည်ရှိ ရဟန်း ထံမှာ မဟာနိဒ္ဒေသကို သင်ယူပါချေ”ဟု အမိန့်ရှိပါသည်။ “ဤရဟန်းကား ယုတ်မာ သူပါ တည်း မသင်ယူ လိုပါ”ဟု ပြောဆို သည်တွင် “ငါ့ရှင် သင်ယူပါ၊ သင့်ဆီမှာ ငါတို့ ကိုယ်တိုင် သင်ယူပါမည်”ဟု အမိန့်ရှိလိုက် သောအခါ “အရှင်! သို့ဖြစ်လျှင် ကောင်းပြီ၊ အရှင်ဘုရားတို့ ကိုယ်တိုင် သင်ယူကြမည်ဆို လျှင် သူ့ဆီမှာ သင်ယူပါမည်”ဟု စိတ် ဆောက်တည်ပြီးလျှင် နေ့ညဥ့်ပတ်လုံး မပြတ် သင်ယူသည်ရှိသော် အပြီးဆုံးနေ့၌ ကုဋင် ညောင်စောင်းအောက်မှ မိန်းမကို မြင်တွေ့ သွားပါသည်။ “အရှင်ဘုရားတို့! ယခင်က ကြားဖူးရုံသာ ဖြစ်ခဲ့ပါသည်၊ အကယ်၍ ဤ ကဲ့သို့ ဒိဋ္ဌတွေ့မြင်ခဲ့ပါလျှင် ယုတ်မာသော ဤရဟန်းထံမှာ မဟာနိဒ္ဒေသကို သင်ယူဖြစ် မည် မဟုတ်ပါ”ဟု မဟာရက္ခိတမထေရ် ငြီး တွားပြောဆိုခဲ့ဖူးပါသည်။ ယင်းမဟာရက္ခိတ ရဟန်းတော်ထံမှာ မထေရ်အများ တဆင့် သင်ယူကြလျက် မဟာနိဒ္ဒေသကို မပျောက် ပျက်အောင် ထိန်းသိမ်း တည်တံ့စေခဲ့ကြပါ သည်။ (ခ) သုံးဆောင်ခံစားခြင်း။ “ဝိသ-ပရိဘောဂော”။ (ဂ) သုံးဆောင်-ခံစား-မှီဝဲ-ခြင်း။ (ဃ) ဘုဥ်း ပေး-သုံးဆောင်-ခြင်း။ (င) စားသုံး-သုံးဆောင်-စားမျို-ခြင်း။ (စ) သောက်သုံးခြင်း။ (ဆ) သုံးဆောင်ရာ-အသုံးပြု-သုံးစွဲ-ရာ။ (ဇ) ဘုဥ်းပေး -သုံးဆောင်-ရာ။ (၂) အခါခပ် သိမ်း-သုံးဆောင်-အသုံးပြု-သုံးစွဲ-အပ်သော၊ အသုံးအဆောင်။ (၃) ဘုဥ်း ပေး-သုံးဆောင်-အပ်သော။ (၄) စားသုံး-စားမျို-အပ် သော။ (၅) သုံးဆောင်-ခံ စား- မှီဝဲ- အပ်သော။	(1) (a) el usar / emplear / utilizar (los cuatro requisitos). Los modos de usar los cuatro requisitos son cuatro: (1) *theyyaparibhoga* = el uso como robo. (2) *iṇaparibhoga* = el uso como deuda. (3) *dāyajjaparibhoga* = el uso de una herencia. (4) *sāmiparibhoga* = el uso en calidad de dueño de los bienes. (1) Aunque los *dussīla* (los que no tienen *sīla*) usen (los requisitos) sentados en medio del *saṅgha*, a la vista de todos, ese uso de los cuatro requisitos por los *dussīla* se llama «*theyyaparibhoga*». En la *sāsanā* del Buddha, el Buddha ha permitido usar los cuatro requisitos solo a las personas *sīlavanta* (que tienen *sīla*). Y los donantes, que saben que lo que se dona y ofrece a los *dussīla* no dará mucho fruto, dan y donan solo a los *sīlavanta*. Así, aunque ni el Buddha lo ha permitido ni los donantes se lo han donado, los que no tienen *sīla* usan los cuatro requisitos; como ese uso es semejante a usar lo robado, se llama «*theyyaparibhoga*». (2) El uso de los cuatro requisitos por monjes que tienen *sīla* sin reflexionar con *paccavekkhaṇā* (aunque tengan *sīla*, sin reflexionar con *paṭisaṅkhāyoniso* y demás) se llama «*iṇaparibhoga* = el uso como deuda». ¿Por qué? Porque no se da la pureza del lado del que recibe la ofrenda (*dakkhiṇavisuddhi*). (3) El uso de los cuatro requisitos por las siete personas *sekkha* se llama «*dāyajjaparibhoga* = el uso de una herencia». Esas personas *sekkha* son hijos del Buddha. Como son herederos de los bienes del padre, los cuatro requisitos, pueden usar los bienes del padre, el Buddha, los cuatro requisitos. Cabe preguntar: ¿usan los bienes del Buddha, o usan los bienes de los laicos? Hay que decir que usan los bienes del Buddha. En efecto, los monjes no usan lo que el Buddha no ha permitido; usan solo lo que ha permitido. Todos los bienes que usan los monjes, aunque los hayan donado los donantes laicos, se llaman bienes del Buddha, porque el Buddha los ha permitido. (4) El uso de los cuatro requisitos por las personas *arahant*, cuyos *āsava* se han agotado, es «*sāmiparibhoga* = el uso en calidad de dueño de los bienes». Las personas no libres de *taṇhārāga*, al usar los cuatro requisitos, todavía tienen deseo y apego, y no pueden ser dueños, señores ni amos: solo son siervos del deseo y apego de *taṇhā*. Pero los *arahant*, libres ya de *taṇhārāga*, como están libres de deseo y apego hacia los cuatro requisitos de uso, han sobrepasado y se han liberado de la condición de siervos y esclavos de ese deseo y apego de *taṇhā*, y son dueños y señores de sí mismos. En efecto, las personas *arahant* pueden usar los cuatro requisitos reflexionando y cultivando: en el modo de no sentir repugnancia ni aversión ante lo repugnante, en el modo de sentir repugnancia y aversión ante lo no repugnante (lo que incita al apego), y en el modo de mirar con ecuanimidad, en el término medio, a ambos. Pueden colmar la intención de los donantes que donan. Por eso el uso de los cuatro requisitos por los *arahant* se llama «*sāmiparibhoga* = el uso en calidad de dueño». De los cuatro mencionados, a las personas *ariyā* les corresponden dos, *sāmiparibhoga* y *dāyajjaparibhoga*. *iṇaparibhoga* no les es posible; y del *theyyaparibhoga* no hay ni que hablar: no se da en absoluto. También las personas *puthujjana*, firmes en una práctica austera, pueden abandonar el aferramiento y el apego a los cuatro requisitos y usarlos con una mente que no se adhiere ni se aferra a ellos. Ese modo de uso ha de llamarse *sāmiparibhoga*. Además, cuando esos mismos *puthujjana*, dotados de *sīla* (siendo *sīlavanta*), usan (los requisitos) reflexionando con *paccavekkhaṇā*, ese uso puede llamarse *dāyajjaparibhoga*, porque colma sin falta el deseo de los donantes. De los *puthujjana* que ya son *kalyāṇa* no hay que hablar, pues ya están incluidos entre las personas *sekkha*. Por eso se dice que también a los *puthujjana*, en sentido figurado e indirecto, les pueden corresponder los dos, *sāmiparibhoga* y *dāyajjaparibhoga*. El uso de los cuatro requisitos por *puthujjana* que tienen *sīla* (*sīlavanta*), reflexionando con *paccavekkhaṇā*, es lo contrario del *iṇaparibhoga* (está libre de deuda por la reflexión y el cultivo), y se llama «*āṇaṇyaparibhoga* = el uso libre de deuda». En el mundo de los hombres, quien tiene deudas no puede gastar ni ir y venir a su antojo. Del mismo modo, en el uso sin reflexionar con *paccavekkhaṇā* por monjes *sīlavanta* queda la deuda de la reflexión debida, y no obtienen la libertad de salir de los tres mundos. Pero el uso con reflexión y cultivo, libre de esas deudas, obtiene la libertad de salir de los tres mundos, y por eso se llama *āṇaṇyaparibhoga*. Este *āṇaṇyaparibhoga* puede considerarse también un uso aparte, distinto de los cuatro mencionados; y también puede decirse que está incluido en el *dāyajjaparibhoga*, porque el monje que tiene *sīla* usa (los requisitos) dotado de los tres *sikkhā*, y ha de llamarse persona *sekkha*. Otra manera: hay cuatro: (1) *lajjīparibhoga* = el uso en común con quien siente vergüenza de incurrir en *āpatti* (*lajjī*). (2) *alajjīparibhoga* = el uso en común con quien no siente vergüenza de incurrir en *āpatti* (*alajjī*). (3) *dhammiyaparibhoga* = el uso de bienes obtenidos con justicia. (4) *adhammiyaparibhoga* = el uso de bienes obtenidos injustamente. Es lícito que una persona *alajjī* use (los requisitos) en común con una persona *lajjī*; no se incurre en *āpatti*. Una persona *lajjī* puede usar (los requisitos) con una persona *alajjī* mientras no sepa que es *alajjī*. En efecto, nadie es *alajjī* desde el principio; por eso, en el momento en que se sabe que lo es, hay que prohibírselo diciendo: «Estáis cometiendo transgresiones tanto en *kāyadvāra* como en *vacīdvāra*; no hagáis cosas tan impropias». Quien sigue usando (los requisitos) con esa persona *alajjī* aunque ella no escuche y siga transgrediendo, suele volverse *alajjī*. Al maestro que, sabiendo que su discípulo es *alajjī*, sigue usando (los requisitos) y viviendo con él, quienes lo vean deben prohibírselo; si no se aparta, también ese maestro se llama *alajjī*. Así, una sola persona *alajjī* puede hacer que haya cientos y miles de *alajjī*. Cuando una persona *alajjī* usa (los requisitos) con otra persona *alajjī*, no se incurre en *āpatti*; tampoco se incurre en *āpatti* cuando una persona *lajjī* los usa con una persona *lajjī*: es como dos príncipes de la noble casta *khattiya* que comen y beben de un mismo cuenco de oro. Los dos (modos restantes) han de entenderse respecto de los cuatro requisitos. Si la persona es *alajjī* y además la comida de limosna se ha obtenido injustamente, hay que reprobar a ambos, a la persona y a la comida. Si la persona es *alajjī* y la comida de limosna se ha obtenido con justicia, hay que reprobar a la persona y no aceptar la comida. Pero el tratado *mahāpaccarī* dice: si una persona *dussīla* obtiene del *saṅgha* una *uddesabhatta* y demás y la vuelve a donar al *saṅgha*, esas *saṅghabhatta* y demás, tal como las donaron los donantes (porque así se toman), vuelven a recaer solo en el *saṅgha* original, y por eso es lícito usarlas. Si la persona es *lajjī* y la comida de limosna se ha obtenido injustamente, reprobando la comida. Si la persona es *lajjī* y la comida de limosna se ha obtenido con justicia, es lícito aceptarla y usarla. Otra manera: hay dos: (1) *dhammaparibhoga* = el uso de la Enseñanza. (2) *āmisaparibhoga* = el uso de los bienes materiales. Con la clase de persona con quien es debido usar en común los cuatro requisitos de uso, también es lícito usar en común la Enseñanza; se la puede usar. Los textos de las partes marginales del *piṭaka* a veces se pierden cuando mueren las personas que los conservan; por el deseo de favorecer la Enseñanza (*dhammānuggaha*) hay que aprender esos textos incluso de una persona *alajjī*. El relato que lo ilustra: cuando en la isla de *Sīhaḷa* surgió el gran peligro de los ladrones, solo había un monje capaz de estudiar y conservar el *mahāniddesa*. Entonces el *thera* llamado *mahātipiṭaka*, preceptor (*upajjhāya*) del *thera* *tissa*, que conservaba los cuatro *nikāya*, ordenó al *thera* *mahārakkhita*: «Amigo, aprende el *mahāniddesa* con el monje de tal nombre». Cuando este dijo: «Ese monje es un hombre vil; no quiero aprender con él», le ordenó: «Amigo, apréndelo; nosotros mismos lo aprenderemos de ti». Entonces, resolviendo: «Venerable, siendo así, está bien; si vuestras reverencias mismas lo van a aprender, lo aprenderé con él», estudió sin interrupción día y noche, y el último día vio a una mujer debajo del lecho de la celda. El *thera* *mahārakkhita* se lamentó diciendo: «Venerables, antes solo lo había oído; si lo hubiera visto así con mis propios ojos, no habría aprendido el *mahāniddesa* con este monje vil». Muchos *thera* lo aprendieron a su vez de ese monje *mahārakkhita*, y conservaron y mantuvieron el *mahāniddesa* para que no se perdiera. (b) el usar / disfrutar. (c) el usar / disfrutar / servirse de. (d) el tomar el alimento / consumir. (e) el comer / consumir / ingerir. (f) el beber. (g) el lugar donde se usa / emplea / utiliza. (h) el (momento) en que se toma el alimento / consume. (2) que es siempre usado / empleado / utilizado; objeto de uso. (3) tomado como alimento / consumido. (4) comido / ingerido. (5) usado / disfrutado / aprovechado.	(1) (a) using / making use of / employing (the four requisites). There are four modes of using the four requisites: (1) *theyyaparibhoga* = use as theft. (2) *iṇaparibhoga* = use as a debt. (3) *dāyajjaparibhoga* = use of an inheritance. (4) *sāmiparibhoga* = use as the owner of the goods. (1) Even though the *dussīla* (those without *sīla*) use (the requisites) sitting in the midst of the *saṅgha*, in the sight of all, such use of the four requisites by the *dussīla* is called '*theyyaparibhoga*'. In the Buddha's *sāsanā* the Buddha has allowed only persons who are *sīlavanta* (who have *sīla*) to use the four requisites. And donors, knowing that what is given and offered to the *dussīla* will not bear much fruit, give and donate only to the *sīlavanta*. So, although the Buddha has not allowed it and the donors have not donated it to them, those without *sīla* use the four requisites; since such use is like using stolen goods, it is called '*theyyaparibhoga*'. (2) The use of the four requisites by monks who have *sīla* without reflecting with *paccavekkhaṇā* (even though they have *sīla*, without reflecting with *paṭisaṅkhāyoniso* and so on) is called '*iṇaparibhoga* = use as a debt'. Why? Because the purity on the side of the receiver of the offering (*dakkhiṇavisuddhi*) does not come about. (3) The use of the four requisites by the seven *sekkha* persons is called '*dāyajjaparibhoga* = use of an inheritance'. These *sekkha* persons are the Buddha's sons. Being heirs to the father's goods, the four requisites, they may use the goods of the father, the Buddha, the four requisites. The question arises: do they use the Buddha's goods, or the goods of lay people? It must be said that they use the Buddha's goods. Indeed, monks do not use what the Buddha has not allowed; they use only what he has allowed. All the goods that monks use, although lay donors have donated them, are called the Buddha's goods, because the Buddha has allowed them. (4) The use of the four requisites by *arahant* persons, whose *āsava* are exhausted, is '*sāmiparibhoga* = use as the owner of the goods'. Persons not free from *taṇhārāga*, in using the four requisites, still have desire and attachment, and cannot be owners, lords or masters: they are only servants of the desire and attachment of *taṇhā*. But the *arahant*, already free from *taṇhārāga*, being free from desire and attachment towards the four requisites of use, have gone beyond and been freed from being servants and slaves of that desire and attachment of *taṇhā*, and are their own owners and masters. Indeed, *arahant* persons can use the four requisites reflecting and cultivating: in the mode of feeling no disgust or aversion towards the disgusting, in the mode of feeling disgust and aversion towards the not disgusting (what invites attachment), and in the mode of looking on both with equanimity, in the middle. They can fulfil the intention of the donors who donate. Therefore the use of the four requisites by the *arahant* is called '*sāmiparibhoga* = use as owner'. Of the four mentioned, two belong to *ariyā* persons, *sāmiparibhoga* and *dāyajjaparibhoga*. *iṇaparibhoga* is not possible for them; and of *theyyaparibhoga* there is no need to speak: it does not occur at all. *puthujjana* persons too, established in austere practice, can abandon clinging and attachment to the four requisites and use them with a mind that does not stick or cling to them. Such use is to be called *sāmiparibhoga*. Further, when these same *puthujjana*, endowed with *sīla* (being *sīlavanta*), use (the requisites) reflecting with *paccavekkhaṇā*, such use can be called *dāyajjaparibhoga*, because it fulfils without fail the wish of the donors. Of *puthujjana* who are already *kalyāṇa* there is no need to speak, since they are already included among *sekkha* persons. Therefore it is said that for *puthujjana* too, in a figurative and indirect sense, the two, *sāmiparibhoga* and *dāyajjaparibhoga*, are possible. The use of the four requisites by *puthujjana* who have *sīla* (*sīlavanta*), reflecting with *paccavekkhaṇā*, is the opposite of *iṇaparibhoga* (free of debt through reflection and cultivation), and is called '*āṇaṇyaparibhoga* = use free of debt'. In the world of men, one who is in debt cannot spend and go about as he wishes. In the same way, when monks who are *sīlavanta* use (the requisites) without reflecting with *paccavekkhaṇā*, the debt of the due reflection remains, and they do not gain release from the three worlds. But use with reflection and cultivation, being free of those debts, gains release from the three worlds, and so is called *āṇaṇyaparibhoga*. This *āṇaṇyaparibhoga* may also be called a separate use, apart from the four mentioned; it may also be said to be included in *dāyajjaparibhoga*, because a monk who has *sīla* uses (the requisites) endowed with the three *sikkhā*, and must be called a *sekkha* person. Another way: there are four: (1) *lajjīparibhoga* = use in common with one who is ashamed of incurring an *āpatti* (*lajjī*). (2) *alajjīparibhoga* = use in common with one who is not ashamed of incurring an *āpatti* (*alajjī*). (3) *dhammiyaparibhoga* = use of goods obtained rightfully. (4) *adhammiyaparibhoga* = use of goods obtained wrongfully. It is allowable for an *alajjī* person to use (the requisites) in common with a *lajjī* person; no *āpatti* is incurred. A *lajjī* person may use (the requisites) with an *alajjī* person as long as he does not know that he is *alajjī*. Indeed, no one is *alajjī* from the start; so, when it becomes known that he is, he must be forbidden with the words: 'You are committing transgressions both in *kāyadvāra* and in *vacīdvāra*; do not do such improper things.' One who goes on using (the requisites) with that *alajjī* person, although he does not listen and goes on transgressing, tends to become *alajjī*. A teacher who, knowing that his pupil is *alajjī*, goes on using (the requisites) and living with him must be forbidden by those who see it; if he does not keep away, that teacher too is called *alajjī*. So a single *alajjī* person can make hundreds and thousands of *alajjī*. When an *alajjī* person uses (the requisites) with another *alajjī* person, no *āpatti* is incurred; nor is an *āpatti* incurred when a *lajjī* person uses them with a *lajjī* person: it is like two princes of the noble *khattiya* caste eating and drinking from one golden bowl. The (remaining) two are to be understood with regard to the four requisites. If the person is *alajjī* and the alms food too was obtained wrongfully, both, the person and the alms food, must be censured. If the person is *alajjī* and the alms food was obtained rightfully, the person must be censured and the alms food not accepted. But the treatise *mahāpaccarī* says: if a *dussīla* person obtains from the *saṅgha* an *uddesabhatta* and so on and gives it back to the *saṅgha*, that *saṅghabhatta* and so on, as it was donated by the donors (because it is taken so), falls back only to the original *saṅgha*, and so it is allowable to use it. If the person is *lajjī* and the alms food was obtained wrongfully, censuring the alms food. If the person is *lajjī* and the alms food was obtained rightfully, it is allowable to accept and use it. Another way: there are two: (1) *dhammaparibhoga* = use of the Teaching. (2) *āmisaparibhoga* = use of material goods. With the kind of person with whom it is fitting to use the four requisites of use in common, it is also allowable to use the Teaching in common; it may be used. The texts of the outlying parts of the *piṭaka* are sometimes lost when the persons who carry them die; out of the wish to support the Teaching (*dhammānuggaha*) such texts must be learnt even from an *alajjī* person. The illustrating story: when the great danger of robbers arose in the island of *Sīhaḷa*, there was only one monk able to study and carry the *mahāniddesa*. Then the *thera* named *mahātipiṭaka*, preceptor (*upajjhāya*) of the *thera* *tissa*, who carried the four *nikāya*, ordered the *thera* *mahārakkhita*: 'Friend, learn the *mahāniddesa* from the monk of such a name.' When he said, 'That monk is a vile man; I do not wish to learn from him,' he ordered: 'Friend, learn it; we ourselves will learn it from you.' Then, resolving, 'Venerable sir, if so, very well; if your reverences yourselves will learn it, I will learn it from him,' he studied without a break day and night, and on the last day he saw a woman under the bed of the cell. The *thera* *mahārakkhita* lamented, saying: 'Venerable sirs, before I had only heard of it; had I seen it thus with my own eyes, I would not have learnt the *mahāniddesa* from this vile monk.' Many *thera* learnt it in turn from that monk *mahārakkhita* and preserved and maintained the *mahāniddesa* so that it should not be lost. (b) using / enjoying. (c) using / enjoying / resorting to. (d) partaking of food / consuming. (e) eating / consuming / swallowing. (f) drinking. (g) the place where one uses / makes use of / employs. (h) the (time) when one partakes of food / consumes. (2) always used / made use of / employed; an article of use. (3) partaken of / consumed. (4) eaten / swallowed. (5) used / enjoyed / resorted to.	long essay in the entry, translated in full; senses printed twice, translated once following the second copy (the essay sits in its (1)(a)); hyphens read as one word: ထေယျပရိ-ဘောဂ, ဣဏ-ပရိဘောဂ, သာမိ-ပရိဘောဂ, အာ-ဏဏျပရိဘောဂ, ဒါယဇ္ဇ-ပရိဘောဂ, အလဇ္ဇီပရိ-ဘောဂ, အဓမ္မိယ-ပရိဘောဂ, ဓမ္မာ-နုဂ္ဂဟ, မဟာ-ရက္ခိတ; the sentence 'if the person is lajjī and the alms food wrongfully obtained, censuring the alms food' is truncated in the text; 'the (remaining) two are to be understood with regard to the four requisites' (၂-မျိုးကို ပစ္စည်း ၄-ပါးဖြင့် မှတ်သားရမည်) is a doubtful reading; 'the person must be censured and the alms food not accepted' is as printed (မခံယူရပါ), please check
214554	paribhogakāraṇa	ဘုဥ်းပေး - သုံးဆောင် - ခြင်းဟူသော အကြောင်း။ ပရိဘောဂပစ္စယ (၁) (ဂ)-ကြည့်။	la causa que es el tomar el alimento / consumir. Véase [[paribhogapaccaya]] (1) (c).	the cause that is partaking of food / consuming. See [[paribhogapaccaya]] (1) (c).	'see X (sense)' left in the Burmese
214555	paribhogakāla	သုံးဆောင်-အသုံးပြု-သုံးစွဲ-ရာ အချိန်အခါ။ (၂) သုံးဆောင်-ခံစား-မှီဝဲ-ရာ အချိန်အခါ။ (၃) ဘုဥ်းပေးသုံးဆောင်ရာ အချိန်အခါ။ (၄) စားသုံးရာ အချိန်အခါ။ (၂) “သစ္စ”။ (-(၄)။	(1) el momento / la ocasión de usar / emplear / utilizar. (2) el momento / la ocasión de usar / disfrutar / servirse de. (3) el momento / la ocasión de tomar el alimento / consumir. (4) el momento / la ocasión de comer.	(1) the time / occasion for using / making use of / employing. (2) the time / occasion for using / enjoying / resorting to. (3) the time / occasion for partaking of food / consuming. (4) the time / occasion for eating.	(1) has no marker
214563	paribhogajiṇṇa	ပရိဘောဂတဏှာ သုံးဆောင်-သုံးစွဲ-ဝတ်ရုံ-မရလောက်အောင်-ဟောင်းနွမ်း- ဆွေးမြေ့- သော။ (ခ) သုံး ဆောင်-သုံးစွဲ-ဝတ်ရုံ- သဖြင့်- ခြင်းကြောင့်-ဟောင်း နွမ်း-ဆွေးမြေ့-သော။	(a) gastado / deshecho hasta el punto de no poder usarse / utilizarse / vestirse. (b) gastado / deshecho por / a causa de haber sido usado / utilizado / vestido.	(a) worn / decayed so far that it cannot be used / employed / worn. (b) worn / decayed through / because of being used / employed / worn.	no (a) marker before the first sense
214566	paribhogatitthābhimukha	သုံးဆောင်-သုံးစွဲ-အသုံးပြု-ရာ ရေ ဆိပ်သို့ ရှေးရှုသော။	que se dirige al lugar de baño donde se usa / utiliza / emplea (el agua).	facing towards the bathing place where one uses / employs / makes use of (the water).	ရေဆိပ် (landing, bathing place) for tittha; '(the water)' added
214567	paribhogattha	သုံးဆောင်-အသုံးပြု-သုံးစွဲခြင်း-အကျိုး။ (ခ) သုံးနေခြင်းအကျိုး။ (ဂ) ဘုဥ်းပေး-သုံးဆောင်-ခြင်း အကျိုး။ (ဃ) စားသုံး-သုံးဆောင်-ခြင်း အကျိုး။ (င) သုံးဆောင်ခြင်းအကျိုး။ (တိ) (၂) သုံးဆောင်-ခံစား-ခြင်း အနက်ရှိသော။ (၁) (က) သုံးဆောင်- အသုံးပြု- သုံးစွဲ- ခြင်း အကျိုး။ (-ဝိ၊သင်္ဂဟ။ (ခ) သုံးနေခြင်း အကျိုး။ (ဂ) ဘုဥ်းပေး-သုံးဆောင်-ခြင်း အကျိုး။ (ဃ) စားသုံး-သုံး ဆောင်-ခြင်း အကျိုး။ (င) သောက်သုံးခြင်း အကျိုး။ (၂) သုံးဆောင်-ခံစား-ခြင်း အနက်ရှိသော။ ပရိဘောဂတ္ထော ဟိ အယံ ပါ-သဒ္ဒေါ။	(1) (a) el beneficio de usar / emplear / utilizar. (b) el beneficio de morar. (c) el beneficio de tomar el alimento / consumir. (d) el beneficio de comer / consumir. (e) el beneficio de beber. (adjetivo) (2) que tiene el sentido de usar / disfrutar.	(1) (a) the benefit of using / making use of / employing. (b) the benefit of dwelling. (c) the benefit of partaking of food / consuming. (d) the benefit of eating / consuming. (e) the benefit of drinking. (adjective) (2) having the sense of using / enjoying.	senses printed twice; translated once; (1)(e) reads 'using' in the first copy and 'drinking' in the second (followed here)
214573	paribhogapaccaya	(က) သုံးဆောင်-အသုံးပြု-သုံးစွဲ-အပ်သော ပစ္စည်း။ (ခ) သုံးဆောင်-အသုံးပြု-သုံးစွဲ-ခြင်း တည်းဟူသောအကြောင်း။ (ဂ) ဘုဥ်းပေး-သုံးဆောင်-ခြင်း တည်းဟူသောအကြောင်း။ (တိ) (၂) သုံးဆောင်- အသုံးပြု- သုံးစွဲ- ခြင်း တည်းဟူသော အကြောင်းရှိသော။ (ခ) ပရိဘောဂပတ္တ။	(a) los bienes usados / empleados / utilizados. (b) la causa que es el usar / emplear / utilizar. (c) la causa que es el tomar el alimento / consumir. (adjetivo) (2) que tiene como causa el usar / emplear / utilizar.	(a) the goods used / made use of / employed. (b) the cause that is using / making use of / employing. (c) the cause that is partaking of food / consuming. (adjective) (2) having as its cause using / making use of / employing.	no (1) marker before (a)
214580	paribhogapāti	စားသုံးရာခွက်၊ စားခွက်။ (ခ) အသုံး အဆောင် ခွက်၊ (က)။	el cuenco en que se come; el cuenco de comer. (b) el cuenco de uso.	the bowl one eats from; the eating bowl. (b) the bowl in use.	no (a) marker before the first sense
214598	paribhogarasa	ပရိဘောဂဝတ္ထ သုံးဆောင်- ခံစား- ခြင်းကြောင့်ဖြစ်သော-သာယာ-နှစ်သက်ဝမ်းမြောက်-ခြင်း။ (ခ) သုံး ဆောင်- ခံစား-မှီဝဲ- ခြင်းကြောင့်ဖြစ်သော သာယာနှစ်သက်-ဝမ်းမြောက်ခြင်း။	el deleite / la alegría / el gozo que surge del usar / disfrutar. (b) el deleite / la alegría / el gozo que surge del usar / disfrutar / servirse de.	the delight / pleasure / joy that arises from using / enjoying. (b) the delight / pleasure / joy that arises from using / enjoying / resorting to.	no (a) marker before the first sense
214600	paribhogalābha	အပ်သော-စည်းစိမ်း-ဥစ္စာ-အသုံးအဆောင်။	la riqueza / los bienes / los objetos de uso (obtenidos).	the wealth / goods / articles of use (obtained).	text begins 'အပ်သော' (probably ရအပ်သော 'obtained', truncated); စည်းစိမ်း read as စည်းစိမ်
214613	paribhogasukha	(၁) သုံး ဆောင်-ခံစား-ခြင်း၌-ချမ်းသာခြင်း-ချမ်းသာ သုခ။ (တိ) (၂) သုံးဆောင်-အသုံးပြု-သုံးစွဲ-ဝတ်ရုံ-ခြင်း၌ ချမ်းသား-ခြင်းရှိသော၊ သူ။	(1) el estar a gusto / el bienestar / *sukha* en el usar / disfrutar. (adjetivo) (2) que tiene bienestar en el usar / emplear / utilizar / vestir (dicho de una persona).	(1) being at ease / well-being / *sukha* in using / enjoying. (adjective) (2) having well-being in using / making use of / employing / wearing (said of a person).	ချမ်းသား in (2) read as ချမ်းသာ
214616	paribhogāraha	သုံးဆောင်-အသုံးပြု-သုံးစွဲ- ခြင်းငှာ- ထိုက်-လျောက်ပတ်-သင့်-သော။ (ခ) သုံးဆောင်-ခံစား-ခြင်းငှာ-ထိုက်-လျောက်ပတ်-သော။ (ဂ) ဘုဥ်းပေး-သုံးဆောင်-ခြင်းငှာ-ထိုက်-လျောက် ပတ်- သင့်- သော။ (ဃ) စားသုံး- ခြင်းငှာ-ထိုက်-လျောက်ပတ်-သင့်-သော။	(a) digno / apropiado / conveniente para usar / emplear / utilizar. (b) digno / apropiado para usar / disfrutar. (c) digno / apropiado / conveniente para tomarlo como alimento / consumirlo. (d) digno / apropiado / conveniente para comer.	(a) worthy / suitable / fit for using / making use of / employing. (b) worthy / suitable for using / enjoying. (c) worthy / suitable / fit to be partaken of / consumed. (d) worthy / suitable / fit for eating.	no (a) marker before the first sense
214632	parimajjati	(၁) ထက်ဝန်း ကျင်-ဟိုဟိုသည်သည်-သုံးသပ်-ကိုင်တွယ်-နိုင်၏။ (၂) ထက်ဝန်းကျင်-ဟိုဟိုသည်သည်-သုံးသပ်-ကိုင်တွယ်-၏။ (၃) သုတ်လိမ်း-ပွတ် သပ်-၏။ (၄) ပွတ်တိုက်၏။ (၅) (က) ဆုပ် နယ်-ပွတ်သပ်-၏။ (ခ) ဆုပ်နယ်-နှိပ်နယ်-နင်း နှိပ်-၏။ (၆) ပွတ်တိုက်-ဆေးကြော-၏။ (၇) ချောမွေ့-ချောညက်-၏။ (၈) သုံးသပ်-ဖြန့် လွှမ်း၏။ (၉) သုံးသပ်-ကြိတ်ချေ-နှလုံးသွင်း (၁) ထက်ဝန်းကျင်- ဟိုဟိုသည်သည်-တွေ့ထိ- ကိုင်တွယ်- နိုင်၏။ (၂) ထက်ဝန်းကျင်-ဟိုဟိုသည်သည်-သုံး သပ်-ကိုင်တွယ်-၏။ (၃) သုတ်လိမ်း-ပွတ်သပ်-၏။ (၄) ပွတ်တိုက်၏။ စက္ခုမတော ပုရိသဿ အပရိသုဒ္ဓေ အာဒါသေ မုခနိမိတ္တံ ဩလောကေန္တဿ နိမိတ္တံ န ပညာယတိ၊ သော။ (၅) (က) ဆုပ်နယ် - ပွတ်သပ် - ၏။ အာဟ။ ”န္တိ။ (ခ) ဆုပ်နယ်-နှိပ်နယ်-နင်းနှိပ်-၏။ အာဟ။ (၆) ပွတ်တိုက်-ဆေးကြော-၏။ “ပရိမဇ္ဇီ””။ ”န္တိ။ (၇) ချောမွေ့- ချောညက်- ၏။ (၈) သုံးသပ်-ဖြန့် လွှမ်း-၏။ (၉) သုံးသပ်-ကြိတ်ချေ-နှလုံး ပရိမဇ္ဇန္တ သွင်း-၏။	(1) puede acariciar / manejar por todo alrededor, aquí y allá. (2) acaricia / maneja por todo alrededor, aquí y allá. (3) unta / frota. (4) restriega. (5) (a) amasa / frota. (b) amasa / masajea presionando / presiona pisando. (6) restriega / lava. (7) es liso / pulido. (8) acaricia / extiende cubriendo. (9) examina / rumia / reflexiona.	(1) can stroke / handle all around, here and there. (2) strokes / handles all around, here and there. (3) smears / rubs. (4) scours. (5) (a) kneads / rubs. (b) kneads / presses and massages / treads and presses. (6) scours / washes. (7) is smooth / polished. (8) strokes / spreads over. (9) examines / ponders / takes to heart.	senses printed twice; translated once; in (1) the second copy has တွေ့ထိ 'touch' for သုံးသပ်; သုံးသပ် in (9) read as 'examine'
214633	parimajjatha	(၁) ထက်ဝန်း ကျင်-ဟိုဟိုသည်သည်-တွေ့ထိ-ကိုင်တွယ်-ကြကုန်လော့။ (၂) ဆုပ်နယ်-နှိပ်နယ်-နင်းနှိပ်-ကုန်လော။ «S1»	(1) tocad / manejad por todo alrededor, aquí y allá. (2) amasad / masajead presionando / presionad pisando. Véase [[parimajjati]].	(1) touch / handle all around, here and there. (2) knead / press and massage / tread and press. See [[parimajjati]].	2nd-person plural imperative headword; ကုန်လော in (2) read as the imperative ကုန်လော့ (misprint)
214634	parimajjana	(၁) ပွတ်တိုက်ခြင်း။ (၂) အဖန်ဖန် အထပ်ထပ် သုံးသပ်ခြင်း။ (တိ) (၃) ပွတ်တိုက်တတ်သော။ (၂၆၇-၌၊ဋီ၊သစ်။ ၂၀၇-၌ ပရိမဒ္ဒနမတ္တေနပိ-ဟု ရှိ ကြသည်။ (၃) အောက်ပုဒ်-ကြည့်။	(1) el restregar. (2) el acariciar / examinar una y otra vez. (adjetivo) (3) que suele restregar. (3) Véase la entrada siguiente.	(1) scouring. (2) stroking / examining again and again. (adjective) (3) apt to scour. (3) See the next headword.	'see the next headword' for sense (3) left in the Burmese
214636	parimajjanta	(၁) တွေ့ထိ-ကိုင်တွယ်-သုံးသပ်-သော၊ သူ။ (၂) ပွတ်သပ်-သုတ်သင်-ဆေးကြော-သော၊ သူ။ (၃) ရှင်းလင်း-သုတ်သင်-တံမြက်လှည်း-သော၊ သူ။ (၄) အဖန်ဖန် အထပ်ထပ် ပွတ် တိုက်သော၊ သူ။ (၅) ဆုပ်နယ်-ပွတ်သပ်-သုံး သပ်-သော၊ သူ။ (၁) တွေ့ထိ-ကိုင်တွယ်-သုံးသပ်-သော၊ သူ။ (၂) ပွတ်သပ်-သုတ်သင်-ဆေးကြော-သော၊ သူ။ (၃) ရှင်း လင်း-သုတ်သင်-တံမြက်လှည်း-သော၊ သူ။ (၄) အဖန်ဖန် အထပ်ထပ် ပွတ်တိုက်သော၊ သူ။ (၅) ဆုပ်နယ်- ပွတ်သပ်- သုံးသပ်-သော၊ သူ။ ပရိမဇ္ဇိတ	(1) que toca / maneja / acaricia (dicho de una persona). (2) que frota / limpia / lava (dicho de una persona). (3) que despeja / limpia / barre (dicho de una persona). (4) que restriega una y otra vez (dicho de una persona). (5) que amasa / frota / acaricia (dicho de una persona).	(1) touching / handling / stroking (said of a person). (2) rubbing / wiping / washing (said of a person). (3) clearing / wiping / sweeping (said of a person). (4) scouring again and again (said of a person). (5) kneading / rubbing / stroking (said of a person).	senses printed twice; translated once
214639	parimajjasi	ချောမွေ့-ချော ညက်-၏။ «S1»	es liso / pulido. Véase [[parimajjati]] (7).	is smooth / polished. See [[parimajjati]] (7).	2nd-person headword, rendered in the 3rd person as the Burmese is unmarked
214640	parimajjāmi	ထက်ဝန်းကျင်-ဟိုဟိုသည်သည်-သုံးသပ်-ကိုင်တွယ်-နိုင်၏။ «S1»	puedo acariciar / manejar por todo alrededor, aquí y allá. Véase [[parimajjati]] (1).	I can stroke / handle all around, here and there. See [[parimajjati]] (1).	1st-person headword (-mi) rendered in the 1st person
214646	parimajjitaṭṭhāna	ဆုပ်နယ်ရာ အရပ်။	el lugar donde se amasa (el cuerpo).	the place where one kneads (the body).	'(the body)' added: ဆုပ်နယ် is kneading / massage
214648	parimajjitvā	(၁) တွေ့ထိ-ကိုင်တွယ်-၍။ (၂) သုတ်သင်-ဆေးကြော-၍။ (၃) ရှင်းလင်း-သုတ်သင်-၍။ (၄) တံမြက် လှည်း၍။ (၅) ပွတ်သပ်-သုံးသပ်-၍။ (၆) ပွတ်သပ်-အချောသပ်-၍။ (၇) သုံးသပ်-ဆင် ခြင်-၍။ (၁) တွေ့ထိ-ကိုင်တွယ်-၍။ (၂) သုတ်သင်-ဆေးကြော-၍။ (၃) ရှင်းလင်း-သုတ်သင်-၍။ (၄) တံမြက်လှည်း၍။ (၅) ပွတ်သပ်-သုံးသပ်-၍။ အာဟ။ (၆) ပွတ်သပ် - အချောသပ် - ၍။ (၇) သုံးသပ်-ဆင် ခြင်-၍။	(1) habiendo tocado / manejado. (2) habiendo limpiado / lavado. (3) habiendo despejado / limpiado. (4) habiendo barrido. (5) habiendo frotado / acariciado. (6) habiendo frotado / alisado. (7) habiendo examinado / reflexionado.	(1) having touched / handled. (2) having wiped / washed. (3) having cleared / wiped. (4) having swept. (5) having rubbed / stroked. (6) having rubbed / smoothed. (7) having examined / reflected.	senses printed twice; translated once
214651	parimajjeyyaṁ	ဝန်းကျင်- ဟိုဟိုသည်သည်- သုံးသပ်- ကိုင် တွယ်-အံ့။ (၂) သုတ်သင်-ပွတ်တိုက်-ဆေး ကြော-အံ့။ «S1»	(1) acariciaré / manejaré alrededor, aquí y allá. (2) limpiaré / restregaré / lavaré. Véase [[parimajjati]].	(1) I shall stroke / handle around, here and there. (2) I shall wipe / scour / wash. See [[parimajjati]].	1st-person optative headword (-eyyaṁ); the Burmese has the future အံ့; rendered in the 1st person; (1) has no marker
214654	parimaṇḍala	အဝန်းအဝိုင်း၊ လုံးပတ်။ (တိ) (၂) ထက်ဝန်း ကျင် ဝန်းဝိုင်းသော။ (က) သီးသီး (ဘောလုံး) ကဲ့သို့ လုံးဝိုင်းသော။ (ခ) ကြက်ဥကဲ့သို့ ရှည် မျောမျော (ခပ်ယားယား) လုံးဝိုင်းသော။ (၃) စက်ဝိုင်းကဲ့သို့ ဝန်းဝိုင်းသော။ (၄) ထက်ဝန်း ကျင်-အဝန်းညီ-အနားညီ-သော။ (၅) ပြည့် စုံသော။ (၆) ပရိမဏ္ဍလပုဒ်၊ ပရိမဏ္ဍလသဒ္ဒါ။ (၁) အဝန်းအဝိုင်း၊ လုံးပတ်။ “ပရိမဏ္ဍလ”။ -န္တိ။ (၂) ထက် ဝန်းကျင် ဝန်းဝိုင်းသော။ (က) သီးသီး (ဘောလုံး)ကဲ့သို့ လုံးဝိုင်းသော။ (ခ) ကြက်ဥကဲ့သို့ ရှည်မျော မျော (ခပ်ယားယား) လုံးဝန်းသော။ (၃) စက်ဝိုင်းကဲ့သို့ ဝန်းဝိုင်းသော။ (၄) ထက်ဝန်းကျင်- အဝန်းညီ- အနား ညီ-သော။ (၅) ပြည့်စုံသော။ (၆) ပရိမဏ္ဍလပုဒ်၊ ပရိမဏ္ဍလသဒ္ဒါ။ အောက်ပုဒ်-ကြည့်။ (ပရိ-မဏ္ဍလသဒ္ဒ-လည်း ကြည့်။	(1) la redondez / el círculo; el contorno. (adjetivo) (2) redondo por todo alrededor. (a) redondo como una pelota. (b) redondo y alargado, algo ovalado, como un huevo de gallina. (3) redondo como una rueda. (4) de contorno parejo / de bordes parejos por todo alrededor. (5) completo. (6) la palabra *parimaṇḍala*; el término *parimaṇḍala*. Véase la entrada siguiente. Véase también [[parimaṇḍalasadda]].	(1) roundness / circle; circumference. (adjective) (2) round all around. (a) round like a ball. (b) round and elongated, somewhat oval, like a hen's egg. (3) round like a wheel. (4) even in circumference / even at the edges all around. (5) complete. (6) the word *parimaṇḍala*; the term *parimaṇḍala*. See the next headword. See also [[parimaṇḍalasadda]].	senses printed twice; translated once; (1) has no marker in the first copy; 'see the next headword' and 'see also X' left in the Burmese; hyphen: ပရိ-မဏ္ဍလသဒ္ဒ read as one word; သီးသီး before (ဘောလုံး) unclear, rendered with the bracketed 'ball'
214660	parimaṇḍalanivāsana	ပရိမဏ္ဍလနိဝါသနသိက္ခာပုဒ်။	la regla de entrenamiento *parimaṇḍalanivāsanasikkhāpud*.	the training rule *parimaṇḍalanivāsanasikkhāpud*.	the Burmese only names the rule (parimaṇḍalanivāsana-sikkhāpada); the name is kept whole in ⟦ ⟧ (its ending ပုဒ် is the Burmese form)
214661	parimaṇḍalapada	ပြည့်စုံ သောပုဒ်။ အောက်ပုဒ် (၂) ကြည့်။	la palabra completa. Véase la entrada siguiente (2).	the complete word. See the next headword (2).	'see the next headword (2)' left in the Burmese
214662	parimaṇḍalapadabyañjana	(၁) ပြည့်စုံ - မှန်ကန် - သော ပုဒ်, အက္ခရာရှိသော။ (၂) (က) ပြည့်စုံသော ပုဒ် တည်းဟူသော ဗျည်းရှိသော။ (ခ) ပြည့်စုံ သော ပုဒ်, ဝါကျရှိသော။ (၃) ပုဒ်တို့၌ ပြည့်စုံ ၁၀-ပါးရှိသော၊ စကား။	(1) que tiene palabras, letras completas / correctas. (2) (a) que tiene *byañjana* que son palabras completas. (b) que tiene palabras, frases completas. (3) que tiene las diez (perfecciones) completas en las palabras (dicho del habla).	(1) having complete / correct words, letters. (2) (a) having *byañjana* that are complete words. (b) having complete words, sentences. (3) having the ten (perfections) complete in its words (said of speech).	(3) ပုဒ်တို့၌ ပြည့်စုံ ၁၀-ပါးရှိသော looks elliptical: 'the ten (perfections)' supplied, check (cf. the ten byañjanabuddhi in id 214665)
214664	parimaṇḍalapārupana	ထက်ဝန်းကျင် အဝန်း(၃-ပါး) ညီစွာ ရုံခြင်း။	el cubrirse (con el manto) parejo en el contorno (los tres) por todo alrededor.	wrapping oneself (in the robe) evenly at the circles (the three) all around.	အဝန်း(၃-ပါး) 'the three circles' not explained in the text; '(in the robe)' added
214666	parimaṇḍalalakkhaṇa	ထက်ဝန်းကျင် အဝန်း(၃-ပါး)ညီစွာ ဝတ်ရုံခြင်း လက္ခဏာ။	la señal del vestirse / envolverse parejo en el contorno (los tres) por todo alrededor.	the mark of dressing / wrapping oneself evenly at the circles (the three) all around.	အဝန်း(၃-ပါး) 'the three circles' not explained in the text
214674	parimaddana	(၁) (မြေညက်စသည် ကို) ထက်ဝန်းကျင် နယ်ခြင်း။ (၂) ထက်ဝန်း ကျင်-ဆုပ်နယ်-နှိပ်နယ်-ခြင်း၊ ထက်ဝန်းကျင်-ဆုပ်နယ်-နှိပ်နယ်-ပေးရခြင်း။	(1) el amasar por todo alrededor (la tierra fina, etc.). (2) el amasar / masajear presionando por todo alrededor; el tener que ser amasado / masajeado por todo alrededor.	(1) kneading all around (fine earth and so on). (2) kneading / pressing and massaging all around; having to be kneaded / massaged all around.	ပေးရခြင်း in (2) read as 'having to be massaged'
214682	parimaddāpeyya	ထက်ဝန်းကျင်-ဆုပ်နယ်-နှိပ်နယ်-စေငြားအံ့။ «S1» (ကာ၊ ကြိ) [+ဥံ] ထက်ဝန်းကျင်-ဆုပ်နယ်-နှိပ်နယ်-စေကုန်ပြီ။ «S2»	haría amasar / masajear presionando por todo alrededor. Véase [[parimaddāpeti]]. (verbo causativo) hicieron amasar / masajear presionando por todo alrededor. Véase [[parimaddāpeti]].	would cause to knead / press and massage all around. See [[parimaddāpeti]]. (causative verb) they caused to knead / press and massage all around. See [[parimaddāpeti]].	the text runs on into a following entry with no headword (label ကာ၊ကြိ, a 3rd-plural aorist 'they caused to knead'), which carries «S2»; translated so that «S2» keeps its place; please check the entry boundary
214685	parimaddita	ထက်ဝန်းကျင်- ဆုပ်နယ်- ကြိတ်ချေ- အပ် သော။ (၂) အချင်းခပ်သိမ်း- နှိပ်နယ်- နှိပ် စက်-ဖျက်ဆီး-အပ်သော။ (၃) ထက်ဝန်းကျင်-ဉာဏ်ဖြင့်-ကြိတ်ချေ-ဆင်ခြင်သုံးသပ်-အပ် သော၊ ဝိပဿနာဉာဏ်ဖြင့် ဆင်ခြင်သုံးသပ် ရှုမှတ်အပ်သော၊ ရုပ်နာမ်ဓမ္မစသည်။ (၃)  «S1»	(1) amasado / triturado por todo alrededor. (2) presionado / oprimido / destruido completamente. (3) triturado / examinado con reflexión por todo alrededor mediante el conocimiento; examinado con reflexión y observado con el conocimiento de *vipassanā* (dicho de los fenómenos *rūpa* y *nāma* y demás). Véanse [[parimadditamahābhūta]], [[parimadditasaṅkhāra]].	(1) kneaded / crushed all around. (2) pressed / oppressed / destroyed completely. (3) crushed / examined with reflection all around by knowledge; examined with reflection and noted by *vipassanā* knowledge (said of the *rūpa* and *nāma* phenomena and so on). See [[parimadditamahābhūta]], [[parimadditasaṅkhāra]].	(1) has no marker
214688	parimadditabbadhamma	ထက်ဝန်း ကျင်-ဆုပ်နယ်-နှိပ်နယ်-အပ်သော သဘောရှိ သော။ ပရိမဒ္ဒိတဗ္ဗသဘာဝ (တိ) ထက်ဝန်းကျင်-ဆုပ်နယ်-နှိပ်နယ်-အပ်သော သဘောရှိသော။ ပရိမဒ္ဒိတမဟာဘူတ (တိ) ထက်ဝန်းကျင်-ဉာဏ်ဖြင့်-ကြိတ်ချေ-ဆင်ခြင်သုံးသပ်-အပ်သော မဟာဘုတ်ရှိ သော၊ မဟာဘုတ်တို့ကို အနိစ္စစသည်ဖြင့် ဆင်ခြင်သုံးသပ်တတ်သော၊ သူ။ ပရိမဒ္ဒိတသင်္ခါရ (တိ) ထက် ဝန်းကျင်- ဉာဏ်ဖြင့်- ကြိတ်ချေ- ဆင်ခြင် သုံးသပ် - အပ်သော သင်္ခါရတရားရှိသော၊ သင်္ခါရတရားတို့ကို အနိစ္စစသည်ဖြင့် ဆင် ခြင်သုံးသပ်တတ်သော၊ သူ။ (ကြိ၊ဝိ) (၁) ထက်ဝန်းကျင်-ကြိတ်ချေ-ဖျက်ဆီး-၍။ (၂) ထက်ဝန်းကျင်-နှိပ်နယ်-ချေဖျက်-သုံးသပ်-ဆင်ခြင်-၍၊ အနိစ္စစသည်ဖြင့် ဆင်ခြင်သုံးသပ် ၍။ (၃) ထက်ဝန်းကျင်-ကြိတ်ချေ-ဖျက်ဆီး-၍။ ပရိမဒ္ဒိယမာန (တိ) ထက် ဝန်းကျင်-ဆုပ်နယ်-ကြိတ်ချေ-ဖျက်ဆီး-အပ် သော။ ပရိမဒ္ဒေတွာ (ကြိ၊ဝိ) [၊ အ-ပစ္စည်းကို ဧ-ပြု] ထက်ဝန်းကျင်-နယ်-ချေ-၍။ ပရိမဒ္ဒေယျံ (ကြိ၊ ဝိ) ထက်ဝန်း ကျင် နင်းနယ်ကြိတ်ချေရာ၏။ «S1» ပရိမသတိ (ကြိ) [။ (⟨y&drÂ$wd⟩-သံ)] (က) ထက်ဝန်းကျင်-သုံးသပ်-စမ်းသပ်-တွေ့ထိ-၏။ (ခ) ထက်ဝန်းကျင်-သုံးသပ်-တွေ့ထိ-နိုင်၏။ (ဂ) သုံးသပ်- ပွတ်တိုက်-ဆေးကြော-၏။ (ဂ) (ပါဒတလံ) ပရိ-မဇ္ဇီ။	que tiene la naturaleza de haber de ser amasado / masajeado por todo alrededor. *parimadditabbasabhāva* (adjetivo) que tiene la naturaleza de haber de ser amasado / masajeado por todo alrededor. *parimadditamahābhūta* (adjetivo) que tiene los *mahābhūta* triturados / examinados con reflexión por todo alrededor mediante el conocimiento; que suele examinar con reflexión los *mahābhūta* como *anicca* y demás (dicho de una persona). *parimadditasaṅkhāra* (adjetivo) que tiene los estados *saṅkhāra* triturados / examinados con reflexión por todo alrededor mediante el conocimiento; que suele examinar con reflexión los estados *saṅkhāra* como *anicca* y demás (dicho de una persona). (calificativo verbal) (1) habiendo triturado / destruido por todo alrededor. (2) habiendo presionado / deshecho / examinado / reflexionado por todo alrededor; habiendo examinado con reflexión como *anicca* y demás. (3) habiendo triturado / destruido por todo alrededor. *parimaddiyamāna* (adjetivo) que es amasado / triturado / destruido por todo alrededor. *parimaddetvā* (calificativo verbal) habiendo amasado / triturado por todo alrededor. *parimaddeyyaṁ* (calificativo verbal) pisotearía y trituraría por todo alrededor. Véase [[parimaddati]] (2). *parimasati* (verbo) (a) palpa / tantea / toca por todo alrededor. (b) puede palpar / tocar por todo alrededor. (c) palpa / restriega / lava.	having the nature of being to be kneaded / massaged all around. *parimadditabbasabhāva* (adjective) having the nature of being to be kneaded / massaged all around. *parimadditamahābhūta* (adjective) having the *mahābhūta* crushed / examined with reflection all around by knowledge; apt to examine with reflection the *mahābhūta* as *anicca* and so on (said of a person). *parimadditasaṅkhāra* (adjective) having the *saṅkhāra* states crushed / examined with reflection all around by knowledge; apt to examine with reflection the *saṅkhāra* states as *anicca* and so on (said of a person). (verbal qualifier) (1) having crushed / destroyed all around. (2) having pressed / broken up / examined / reflected all around; having examined with reflection as *anicca* and so on. (3) having crushed / destroyed all around. *parimaddiyamāna* (adjective) being kneaded / crushed / destroyed all around. *parimaddetvā* (verbal qualifier) having kneaded / crushed all around. *parimaddeyyaṁ* (verbal qualifier) would tread and crush all around. See [[parimaddati]] (2). *parimasati* (verb) (a) feels / probes / touches all around. (b) can feel / touch all around. (c) feels / scours / washes.	the text runs on through about eight following entries (ids 214689-214696 are absent from the shard): parimadditabbasabhāva, parimadditamahābhūta, parimaddita-saṅkhāra, an absolutive with no headword (parimadditvā?), parimaddiyamāna, parimaddetvā, parimaddeyyaṁ (labelled ကြိ၊ဝိ though optative) and parimasati; translated whole with their headwords in ⟦ ⟧ so that «S1» (which belongs to parimaddeyyaṁ) keeps its place; please split at review
214699	parimasāmi	ထက်ဝန်း ကျင်-သုံးသပ်-တွေ့ထိ-အံ့။ «S1»	palparé / tocaré por todo alrededor. Véase [[parimasati]] (a).	I shall feel / touch all around. See [[parimasati]] (a).	1st-person headword (-mi); the Burmese has the future အံ့; rendered in the 1st person
214703	parimasissāmi	ထက်ဝန်းကျင်-သုံးသပ်-တွေ့ထိ-အံ့။ «S1»	palparé / tocaré por todo alrededor. Véase [[parimasati]] (a).	I shall feel / touch all around. See [[parimasati]] (a).	1st-person headword (-ssāmi); rendered in the 1st person
214705	parimaseyyaṁ	ဝန်းကျင်- သုံးသပ်- တွေ့ထိ- အံ့။ «S1»	palparé / tocaré alrededor. Véase [[parimasati]] (a).	I shall feel / touch around. See [[parimasati]] (a).	1st-person optative headword (-eyyaṁ); the Burmese has the future အံ့; rendered in the 1st person
214708	parimāṇattha	အတိုင်း အရှည် - အတိုင်းအတာ - အပိုင်းအခြား -အကန့်အသတ်-ပမာဏ-အနက်ရှိသော။ (၂) နှုိင်းယှဥ်ခြင်းအနက်ရှိသော၊ သဒ္ဒါ။	(1) que tiene el sentido de medida / extensión / límite / restricción / *pamāṇa*. (2) que tiene el sentido de comparación (dicho de una palabra).	(1) having the sense of measure / extent / limit / restriction / *pamāṇa*. (2) having the sense of comparison (said of a word).	(1) has no marker
214733	pariminana	ခြင်တွယ်-တိုင်းတာ-ကြောင်း (စိတ်တောင်း)။ အောက် ပုဒ်ကြည့်။	(la cesta de medida) que sirve para pesar / medir. Véase la entrada siguiente.	(the measuring basket) that serves for weighing / measuring. See the next headword.	'see the next headword' left in the Burmese
214738	parimukha	(၁) ရင်-ရင်ဘတ်-မွေးကို-ပယ်-နှုတ်-ခြင်း။ (၂)(က) ကမ္မဋ္ဌာန်းသို့ ရှေးရှု။ (ခ) ခံတွင်း-ပါးစပ်-၏ အနီး (နှာသီးဖျား (နှာ ခေါင်းဗုအဖျား) အထက်နှုတ်ခမ်းဖျား) အရပ်။ (တိ)(ဂ)(ထွက်သက်ဝင်သက်အာရုံကိုလည်း) သိမ်းယူတတ်, (ဆန့်ကျင်ဘက် သမ္မောသမှ လည်း) လွတ်မြောက်တတ်သော။ (၁) ရင်-ရင်ဘတ်-မွေးကို- ပယ်- နှုတ်-ခြင်း။ ၂၇၁-၂-၄-၅-၆၊ (က) ကမ္မဋ္ဌာန်းသို့ ရှေ့ရှု။ “ကမ္မဋ္ဌာနာဘိမုခ”။ ပရိမုခ (ခ) ခံတွင်း-ပါးစပ်-၏ အနီး (နှာသီးဖျား (နှာခေါင်းဗုအဖျား) အထက် နှုတ်ခမ်းဖျား) အရပ်။ အာဟ။ (ဂ)(ထွက်သက် ဝင်သက်အာရုံကိုလည်း) သိမ်းယူတတ်, (ဆန့် ကျင်ဘက် သမ္မောသမှလည်း) လွတ်မြောက် တတ်သော။ “ပရိဏာယိကာ”။	(1) el quitar / arrancar el vello del pecho / tórax. (2) (a) orientado hacia el *kammaṭṭhāna*. (b) el lugar cercano a la boca / los labios (la punta de la nariz (la punta del caballete), el borde del labio superior). (adjetivo) (c) que suele captar (también el objeto de la espiración y la inspiración) y liberarse (también de su opuesto, el *sammosa*).	(1) removing / plucking the hair of the chest / breast. (2) (a) facing towards the *kammaṭṭhāna*. (b) the place near the mouth / lips (the tip of the nose (the tip of the bridge), the edge of the upper lip). (adjective) (c) apt to take up (also the object of the out-breath and in-breath) and to be freed (also from its opposite, *sammosa*).	senses printed twice; translated once; ပယ် here is physical removal (of hair), rendered 'quitar / remove' rather than 'abandonar'
214747	parimuccasi	လွတ်-လွတ် မြောက်-၏။ «S1» ပရိမုစ္စိံ (ကြိ) [+ယ+ဣH] လွတ်-လွတ် မြောက်-ပြီ။ «S2»	queda libre / se libera. Véase [[parimuccati]]. *parimucciṁ* (verbo) quedé libre / me liberé. Véase [[parimuccati]].	gets free / is released. See [[parimuccati]]. *parimucciṁ* (verb) I got free / was released. See [[parimuccati]].	2nd-person headword, rendered in the 3rd person; the text runs on into the entry parimucciṁ, which carries «S2»; translated so that «S2» keeps its place, its 1st-person headword (-iṁ) rendered in the 1st person
214753	parimuccissasi	လွတ်-လွတ်မြောက်-လတ္တံ့။ «S1»	quedará libre / se liberará. Véase [[parimuccati]].	will get free / be released. See [[parimuccati]].	2nd-person headword, rendered in the 3rd person as the Burmese is unmarked
214754	parimuccisāmi	လွတ်-လွတ်မြောက်-လတ္တံ့။ «S1»	quedaré libre / me liberaré. Véase [[parimuccati]].	I shall get free / be released. See [[parimuccati]].	1st-person headword (-sāmi); the Burmese has the 2nd/3rd-person future လတ္တံ့; rendered in the 1st person
214756	parimucceyyaṁ	လွတ်-လွတ်မြောက်-ရာ၏။ «S1»	quedaría libre / me liberaría. Véase [[parimuccati]].	I would get free / be released. See [[parimuccati]].	1st-person headword (-eyyaṁ) rendered in the 1st person
214764	parimutti	ခပ်သိမ်းသော အခြင်းအရာအားဖြင့်-လွတ်-လွတ်မြောက်-ခြင်း။ (၂)လွတ်-လွတ်မြောက်-ကြောင်း။ (၁) ခပ်သိမ်းသော အခြင်းအရာ အားဖြင့်-လွတ်-လွတ်မြောက်-ခြင်း။ (၂) လွတ်-လွတ်မြောက်-ကြောင်း။	(1) el quedar libre / liberarse de todos los modos. (2) la causa de quedar libre / liberarse.	(1) getting free / being released in every way. (2) the cause of getting free / being released.	senses printed twice; translated once; the first (1) marker is missing
214765	parimusitabba	သတ်ပုတ်-ညှဥ်းဆဲ-ဖျက်ဆီး-အပ်သော။ အောက်ပုဒ်-ကြည့်။	que ha de ser golpeado / atormentado / destruido. Véase la entrada siguiente.	to be beaten / tormented / destroyed. See the next headword.	'see the next headword' left in the Burmese
214766	parimusitabbarūpa	ပုတ်-ညှဥ်းဆဲ-ဖျက်ဆီး-အပ်သော သဘော ရှိသော။ “မုသာ”။	que tiene la naturaleza de haber de ser golpeado / atormentado / destruido.	having the nature of being to be beaten / tormented / destroyed.	text begins 'ပုတ်' (probably သတ်ပုတ် as in the preceding entry)
214771	parimokkhasi	လွတ်-လွတ်မြောက်-၏။ «S1»	queda libre / se libera. Véase [[parimokkhati]].	gets free / is released. See [[parimokkhati]].	2nd-person headword, rendered in the 3rd person as the Burmese is unmarked
214779	parimocayi	လွတ်-လွတ်မြောက်-စေပြီ၊ လွှတ်ပြီ။ အထက် ပုဒ်-ကြည့်။	hizo quedar libre / liberó; soltó. Véase la entrada anterior.	caused to get free / released; let go. See the preceding headword.	'see the preceding headword' left in the Burmese
214780	parimocayi	လွတ်-လွတ်မြောက်-စေပြီ၊ လွှတ်စေပြီ။ အထက်ပုဒ်-ကြည့်။	hizo quedar libre / liberó; hizo soltar. Véase la entrada anterior.	caused to get free / released; caused to let go. See the preceding headword.	'see the preceding headword' left in the Burmese
214784	parimocāpana	လွတ်-လွတ်မြောက်-စေခြင်း၊ လွှတ်ခြင်း။ အောက် ပုဒ်-ကြည့်။	el hacer quedar libre / liberar; el soltar. Véase la entrada siguiente.	causing to get free / releasing; letting go. See the next headword.	'see the next headword' left in the Burmese
214788	parimocetuṁ	လွတ်-လွတ်မြောက် - စေခြင်းငှာ၊ လွှတ်ခြင်းငှာ။ အောက်ပုဒ်-ကြည့်။	para hacer quedar libre / liberar; para soltar. Véase la entrada siguiente.	in order to cause to get free / release; in order to let go. See the next headword.	'see the next headword' left in the Burmese
214792	parimocenta	လွတ်-လွတ်မြောက်-စေလိုသည်၏ အဖြစ်-လွတ်စေလိုခြင်း-ကြောင့်။ (တိ) (၂) လွတ်-လွတ်မြောက်-စေတတ်သော၊ လွှတ်တတ် သော၊ သူ။ (၁) လွတ်-လွတ်မြောက်-စေလို သည်၏ အဖြစ်- လွတ်စေလိုခြင်း-ကြောင့်။ ပရိယ။ (၂) လွတ်-လွတ်မြောက်-စေတတ်သော၊ လွှတ် တတ်သော၊ သူ။ «S1»	(1) a causa del hecho de desear hacer quedar libre / liberar / del desear que quede libre. (adjetivo) (2) que suele hacer quedar libre / liberar; que suele soltar (dicho de una persona). Véase también [[dassenta]].	(1) because of the state of wishing to cause to get free / release / wishing to set free. (adjective) (2) apt to cause to get free / release; apt to let go (said of a person). See also [[dassenta]].	senses printed twice; translated once; label ပု for a present participle
214793	parimoceyyaṁ	လွတ်-လွတ်မြောက်-စေရာ၏၊ လွှတ်ရာ၏။ «S1»	haría quedar libre / liberaría; soltaría. Véase [[parimoceti]].	I would cause to get free / release; I would let go. See [[parimoceti]].	1st-person headword (-eyyaṁ) rendered in the 1st person
214794	parimocesi	လွတ်-လွတ်မြောက်-စေ၏၊ လွှတ်၏။ «S1»	hace quedar libre / libera; suelta. Véase [[parimoceti]].	causes to get free / releases; lets go. See [[parimoceti]].	2nd-person headword, rendered in the 3rd person as the Burmese is unmarked
214797	parimocessāmi	လွတ်- လွတ်မြောက်- စေလတ္တံ့၊ လွှတ်လတ္တံ့။ «S1»	haré quedar libre / liberaré; soltaré. Véase [[parimoceti]].	I shall cause to get free / release; I shall let go. See [[parimoceti]].	1st-person headword (-ssāmi); the Burmese has the 2nd/3rd-person future လတ္တံ့; rendered in the 1st person
214799	pariyaṅka	ပလ္လင်။ ကစ္စည်း။	el trono / asiento.	the throne / seat.	ပလ္လင် (pallaṅka) rendered 'throne / seat'
214801	pariyatta	(၁) တားမြစ်ခြင်း။ (၂) အလို၊ ဆန္ဒ။ (၃) ရောင့် ရဲ-တင်းတိမ်-ခြင်း။ (တိ) (၄) စွမ်းနိုင်သော။ (၅) ပြည့်စုံလုံလောက်သော။ (၆) သင်ယူအပ် သော။ (၁) တားမြစ်ခြင်း။ ဟလန္တိ ဧတ္ထ ဟ-ကာရော နိပါတမတ္တော၊ အလန္တိ အတ္ထော။ (၂) အလို၊ ဆန္ဒ။ (၃) ရောင့်ရဲ -တင်းတိမ်-ခြင်း။ သတ္တျံ နိဝါရဏေ တိတ္တိယံ၊ ပရိယတ္တံ ယထိစ္ဆိတေ။ (၄) စွမ်းနိုင်သော။ (၅) ပြည့်စုံလုံလောက်သော။ “အလဂဒ္ဒေါ”။ (၆) သင်ယူအပ်သော။ ယာဝတာ မေ မန-	(1) la prohibición. (2) el deseo, *chanda*. (3) el contentamiento / la satisfacción. (adjetivo) (4) capaz. (5) completo / suficiente. (6) aprendido.	(1) prohibition. (2) wish, *chanda*. (3) contentment / satisfaction. (adjective) (4) able. (5) complete / sufficient. (6) learnt.	senses printed twice; translated once
214802	pariyatta	ပရိယတ္တ၂ (တိ) [ပရိ+အာ+ဒါ+တ။ ⟨(y,õmwå-⟩ ⟨oH)⟩] ထက်ဝန်းကျင်- ယူအပ်- ဝိုင်းရံ- ခြံရံ-ကာရံ-အပ်သော။ «S1»	tomado / rodeado / circundado / cercado por todo alrededor. Véase también [[ayopākārapariyanta]].	taken / surrounded / encircled / enclosed all around. See also [[ayopākārapariyanta]].	label missing; the text restates the headword as ပရိယတ္တ၂ (adjective), a second homonym
214806	pariyatti	(၁) သင်ယူခြင်း၊ ရွတ်ဖတ်- ရွတ်အံ-သရဇ္ဈာယ်-ခြင်း။ (၂) စွမ်းနိုင်ခြင်း။ (၃) ရောင့် ရဲ - တင်းတိမ်-ခြင်း။ (၄) သင်ယူအပ်သော-ပရိယတ္တိ-စာပေ၊ ဘုရားရှင်မုခပါဌ် စာပေ။ ပါဠိ, အဋ္ဌကထာ, ဋီကာ။ (၁) သင်ယူခြင်း၊ ရွတ်ဖတ် - ရွတ်အံ -သရဇ္ဈာယ်-ခြင်း။ (၂) စွမ်းနိုင်ခြင်း။ (၃)ရောင့်ရဲ-တင်းတိမ်-ခြင်း။ (၄) သင်ယူအပ်သော-ပရိယတ္တိ-စာပေ၊ ဘုရားရှင်မုခပါဌ် စာပေ။ ပါဠိ, အဋ္ဌကထာ, ဋီကာ။ အတ္ထကာမေန ပရိယာပုဏိတဗ္ဗတော, ဒိဋ္ဌဓမ္မိကာဒိပုရိသတ္တ-။	(1) el aprender; el recitar / repasar de memoria / salmodiar. (2) la capacidad. (3) el contentamiento / la satisfacción. (4) los textos *pariyatti* que se han de aprender; los textos pronunciados por boca del Buddha: el *pāl̤i*, el comentario, el subcomentario.	(1) learning; reciting / repeating by heart / chanting. (2) ability. (3) contentment / satisfaction. (4) the *pariyatti* texts to be learnt; the texts spoken by the Buddha's own mouth: the *pāl̤i*, commentary, subcommentary.	senses printed twice; translated once
214807	pariyattiattha	သင်ယူအပ် သော-ပရိယတ်-ဘုရားရှင်စာပေ-ပါဠိ, အဋ္ဌ-ကထာ, ဋီကာ-၏ အနက်။ (၂) သင်ယူအပ် သော-ပရိယတ်-ဘုရားရှင်စာပေ-ပါဠိ, အဋ္ဌ-ကထာ, ဋီကာ-ဟူသော အနက်ရှိသော။ (တိ) (၂) “မာ ပိဋကသမ္ပဒါနေနာ”။	(1) el sentido del *pariyatti* que se ha de aprender / de los textos del Buddha / del *pāl̤i*, el comentario y el subcomentario. (adjetivo) (2) que tiene el sentido del *pariyatti* que se ha de aprender / de los textos del Buddha / del *pāl̤i*, el comentario y el subcomentario.	(1) the meaning of the *pariyatti* to be learnt / the Buddha's texts / the *pāl̤i*, commentary and subcommentary. (adjective) (2) having the meaning of the *pariyatti* to be learnt / the Buddha's texts / the *pāl̤i*, commentary and subcommentary.	(1) has no marker; the label (တိ) stands after (2) at the end, moved before (2); hyphen: အဋ္ဌ-ကထာ read as one word
214813	pariyattiggahaṇa	ယတ် - ဘုရားရှင်စာပေ - ပါဠိ, အဋ္ဌကထာ, ဋီကာ-ကို သင်ယူခြင်း။	el aprender el *pariyatti* / los textos del Buddha / el *pāl̤i*, el comentario y el subcomentario.	learning the *pariyatti* / the Buddha's texts / the *pāl̤i*, commentary and subcommentary.	text begins 'ယတ်' (ပရိယတ် with its first syllables lost), read as ပရိယတ်
214814	pariyattiduggahaṇa	ယတ် - ဘုရားရှင်စာပေ - ပါဠိ, အဋ္ဌကထာ, ဋီကာ-ကို မကောင်းသဖြင့်-မကောင်းသော စိတ်ထားဖြင့်-သင်ယူခြင်း။	el aprender la *pariyatti* / la literatura del Buddha / el Pāḷi, los comentarios, los subcomentarios mal / con una mala disposición de la mente.	learning the *pariyatti* / the Buddha's literature / the Pāḷi, commentaries, subcommentaries badly / with a bad disposition of mind.	text begins 'ယတ်' (probably 'ပရိယတ်' truncated)
214822	pariyattidhammasaṅgāhaka	အကျဥ်းချုံး-ပေါင်း-စု-ယူအပ်-ရွတ်ဆို အပ်-သော-ပရိယတ်တရား-ဘုရားရှင်တရား-စာပေ-ပါဠိ, အဋ္ဌကထာ, ဋီကာတရား။	resumida / compilada / reunida / recogida / recitada: la Enseñanza *pariyatti* / la literatura doctrinal del Buddha / el Pāḷi, los comentarios, los subcomentarios.	summarised / compiled / collected / taken up / recited: the *pariyatti* Teaching / the Buddha's doctrinal literature / the Pāḷi, commentaries, subcommentaries.	label is adjective but the gloss is a noun phrase ('… that is summarised … the pariyatti Teaching'); check
214825	pariyattidhammārammaṇa	ပရိယတ်တရား-ဘုရားရှင် တရား-စာ ပေ-ပါဠိ,အဋ္ဌကထာ,ဋီကာတရား-တည်းဟူ သော အာရုံ - ရှိသော - ကို အာရုံပြုသော။ ပရိယတ္တိဓရ (တိ) ပရိယတ်-ဘုရားရှင်စာပေ-ပါဠိ, အဋ္ဌကထာ, ဋီကာ-ကို ဆောင်သော၊ သူ။	que tiene por objeto (de la mente) la Enseñanza *pariyatti* / la literatura doctrinal del Buddha / el Pāḷi, los comentarios, los subcomentarios; que toma como objeto la Enseñanza *pariyatti* / la literatura doctrinal del Buddha / el Pāḷi, los comentarios, los subcomentarios.	having as (mental) object the *pariyatti* Teaching / the Buddha's doctrinal literature / the Pāḷi, commentaries, subcommentaries; taking as object the *pariyatti* Teaching / the Buddha's doctrinal literature / the Pāḷi, commentaries, subcommentaries.	'အာရုံ - ရှိသော - ကို အာရုံပြုသော' read as two alternatives
214827	pariyattipaṭibhānavantu	အသိဉာဏ်တွင် ထင်ပေါ်လာ သော-ပရိယတ်-ဘုရားရှင် စာပေ-ပါဠိ, အဋ္ဌ-ကထာ, ဋီကာ-ရှိသော။ ပရိယတ်-ဘုရားရှင် စာပေ-ပါဠိ, အဋ္ဌကထာ, ဋီကာ-ကို တတ် ကျွမ်း သိနားလည်သော ဉာဏ်ရှိသော၊ သူ။	que tiene la *pariyatti* / la literatura del Buddha / el Pāḷi, los comentarios, los subcomentarios que se manifiesta en su conocimiento; que tiene el conocimiento que domina y entiende la *pariyatti* / la literatura del Buddha / el Pāḷi, los comentarios, los subcomentarios (dicho de una persona).	having the *pariyatti* / the Buddha's literature / the Pāḷi, commentaries, subcommentaries appearing in one's knowledge; having knowledge that is skilled in and understands the *pariyatti* / the Buddha's literature / the Pāḷi, commentaries, subcommentaries (said of a person).	hyphen: အဋ္ဌ-ကထာ read as one word
214833	pariyattippabheda	ပရိ-ယတ် - ဘုရားရှင် စာပေ - ပါဠိ, အဋ္ဌကထာ, ဋီကာ-၏ အထူးအပြား။	las clases de la *pariyatti* / la literatura del Buddha / el Pāḷi, los comentarios, los subcomentarios.	the varieties of the *pariyatti* / the Buddha's literature / the Pāḷi, commentaries, subcommentaries.	hyphen: ပရိ-ယတ် read as one word
214835	pariyattibāhusacca	များသော ကြားမြင်- အပ်သော- ပရိ ယတ်-ဘုရားရှင် စာပေ- ပါဠိ, အဋ္ဌကထာ, ဋီကာ-ရှိသူ၏အဖြစ်၊ ပရိယတ်- ဘုရားရှင် စာပေ-ပါဠိ, အဋ္ဌကထာ, ဋီကာ-၌ များသော အကြားအမြင်ရှိသူ၏အဖြစ်၊ အကြားအမြင် များခြင်း။ «S1»	el hecho de ser quien tiene mucha la *pariyatti* / la literatura del Buddha / el Pāḷi, los comentarios, los subcomentarios oída y vista; el hecho de ser quien tiene mucho saber en la *pariyatti* / la literatura del Buddha / el Pāḷi, los comentarios, los subcomentarios; el tener mucho saber. Véase también [[bāhusacca]].	the state of being one who has much the *pariyatti* / the Buddha's literature / the Pāḷi, commentaries, subcommentaries heard and seen; the state of being one who has much learning in the *pariyatti* / the Buddha's literature / the Pāḷi, commentaries, subcommentaries; having much learning. See also [[bāhusacca]].	hyphen: ကြားမြင်-အပ်သော read as one word
214836	pariyattibheda	ယူ-လေ့လာ-ခြင်း၏ အထူးအပြား။ (၂) သင် ယူ- လေ့လာ- အပ်သော ပါဠိ အထူးအပြား။ (၁) သင်ယူ-လေ့လာ-ခြင်း၏ အထူးအပြား။ (၂) သင်ယူ-လေ့လာ-အပ်သော ပါဠိ အထူးအပြား။ “ပရိယတ္တီ”။	(1) las clases del aprender / estudiar. (2) las clases del Pāḷi aprendido / estudiado.	(1) the varieties of learning / studying. (2) the varieties of the Pāḷi that is learned / studied.	senses printed twice in the source, the first copy truncated at the start ('ယူ-'); translated once
214845	pariyattisadda	ပရိယတ္တိ-သဒ္ဒါ-ပုဒ်။	la palabra / el vocablo *pariyatti*.	the word / term *pariyatti*.	'ပရိယတ္တိ-သဒ္ဒါ-ပုဒ်' read as 'the word / term pariyatti', not as three alternatives
214847	pariyattisaddhammappatirūpaka	အတုဖြစ်သော ပရိယတ်တရား၊ ဘုရားရှင်စာပေ - , ဋီကာ-တို့ကို အတုပြု ရေးထားသောတရား၊ အတု အရောင်တရား။	la Enseñanza *pariyatti* falsa; la enseñanza escrita imitando la literatura del Buddha / …, los subcomentarios; la enseñanza falsa, de apariencia engañosa.	the counterfeit *pariyatti* Teaching; teaching written in imitation of the Buddha's literature / …, subcommentaries; counterfeit teaching of false appearance.	text has 'ဘုရားရှင်စာပေ - , ဋီကာ': 'ပါဠိ, အဋ္ဌကထာ' seems to be missing
214849	pariyattisāsana	ပရိယတ်-ဘုရားရှင်စာပေ-ပါဠိ, အဋ္ဌကထာ, ဋီကာ-တည်းဟူသော အဆုံးအမ၊ ပရိယတ္တိ-သာသနာ။	la instrucción que es la *pariyatti* / la literatura del Buddha / el Pāḷi, los comentarios, los subcomentarios; el *pariyatti-sāsanā*.	the instruction that is the *pariyatti* / the Buddha's literature / the Pāḷi, commentaries, subcommentaries; the *pariyatti-sāsanā*.	hyphen: ပရိယတ္တိ-သာသနာ read as one word
214852	pariyattisutta	ပရိယတ်-ဘုရားရှင်စာပေ - , ဋီကာ-တည်းဟူသောသုတ်။ တတ္ထ “သာသနဝရ”။	el sutta que es la *pariyatti* / la literatura del Buddha / …, los subcomentarios.	the sutta that is the *pariyatti* / the Buddha's literature / …, subcommentaries.	text has 'ဘုရားရှင်စာပေ - , ဋီကာ': 'ပါဠိ, အဋ္ဌကထာ' seems to be missing
214853	pariyanta	(၁) အဆုံး၊ အပြီးအဆုံး၊ အဆုံး စွန်။ (၂) အစွန်း၊ အစွန်အဖျား၊ ကလနား။ (၃) အဆုံးအပိုင်းအခြား။ (၄) အပိုင်းအခြား၊ အကန့်အသတ်။ (၅)အထွတ်အထိပ်၊ အလွန် အကဲ။ (၆) ပျက်စီးခြင်း၊ အပျက်အစီး။ (၇) အကြင်းအကျန်။ (၈) အကွပ်တံကူ။ (၉) အကာ၊ ပျဥ်ချပ်။ (တိ) (၁၀) ယုတ်ညံ့သော၊ အယုတ်အညံ့။ (၁၁) ဝိုင်းရံ-ခြံရံ-ကာရံ-အပ် သော။ ပရိယန္တ၁ (၁) အဆုံး၊ အပြီးအဆုံး၊ အဆုံးစွန်။ (၂) အစွန်း၊ အစွန်အဖျား၊ ကလနား။ (၃) အဆုံးအပိုင်းအခြား။ (၄) အပိုင်းအခြား၊ အကန့်အသတ်။ (၅) အထွတ်အထိပ်၊ အလွန်အကဲ။ (၆) ပျက်စီးခြင်း၊ အပျက်အစီး။ (၇) အကြင်း အကျန်။ (၈) အကွပ်တံကူ။ “နိသိတခုရမယနေမိနာ”တိ။ (၉) အကာ၊ ပျဥ်ချပ်။ ဖလေဟီ-(ထလေဟိ၊ သီ)။ (၁၀) ယုတ်ညံ့သော၊ အယုတ်အညံ့။ (၁၁) ဝိုင်းရံ-ခြံရံ-ကာရံ-အပ်သော။ အဘိ၊ မဟာနိ။	(1) el fin; la conclusión; el extremo final. (2) el borde; la extremidad; ‹ကလနား›. (3) el límite final. (4) el límite; la restricción. (5) la cima; el colmo. (6) el perecer; la destrucción. (7) el resto. (8) ‹အကွပ်တံကူ›. (9) el tabique; la plancha de madera. (adjetivo) (10) vil; lo vil. (11) rodeado / circundado / cercado.	(1) the end; the conclusion; the final extreme. (2) the edge; the extremity; ‹ကလနား›. (3) the final limit. (4) the limit; the restriction. (5) the summit; the utmost. (6) perishing; destruction. (7) the remainder. (8) ‹အကွပ်တံကူ›. (9) the partition; the wooden plank. (adjective) (10) base; what is base. (11) surrounded / encircled / enclosed.	senses (1)-(11) printed twice; translated once. ‹ကလနား› (a border or edge?) and ‹အကွပ်တံကူ› (probably a rim or binding band; the quotation is of a wheel's felly) left in Burmese
214856	pariyanta	အစွန်အဖျား-ကလနား-၌ တည်သော။ ပရိယန္တ၅ (တိ) [သဟ+ပရိယန္တ၊ သပရိယန္တ-ဟု ဆိုလိုလျက် သ-ကို ချေထားသည်။ ] (၁) အပိုင်းအခြား-အကန့်အသတ်-ရှိသော။ (၂) အဆုံး-အပြီးအဆုံး-အဆုံးစွန်-ရှိသော။ သပရိယန္တာတိ ဝါ ဝတ္တဗ္ဗေ သ-ကာရလောပေါ ကတောတိ ဝေဒိတဗ္ဗော။	que está en el borde / la extremidad / ‹ကလနား›.	standing at the edge / extremity / ‹ကလနား›.	‹ကလနား› left in Burmese (a border or edge?). The text also carries a further article, 'ပရိယန္တ၅ (တိ)' (= sapariyanta: '(1) having a limit / restriction. (2) having an end / conclusion / final extreme'), left out
214862	pariyantagata	(၁) အဆုံး-အပြီးဆုံး-သို့ ရောက်သော။ (၂) အစွန် အဖျား-ကလနား-၌-ဖြစ်သော-ရှိသော။ (၃) အဆုံးအပိုင်းအခြားသို့ ရောက်သော။	(1) que ha llegado al fin / a la conclusión. (2) que surge / se halla en el borde / la extremidad / ‹ကလနား›. (3) que ha llegado al límite final.	(1) that has reached the end / conclusion. (2) arising / found at the edge / extremity / ‹ကလနား›. (3) that has reached the final limit.	‹ကလနား› left in Burmese (a border or edge?)
214872	pariyantaparikkhepa	အပိုင်းအခြားဖြစ်သော- အရံ- အကာ။ (၂) အဆုံး- အစွန်အဖျား- ဖြစ်သော- အဝန်း-အဝိုင်း။	(1) el cerco / el tabique que es el límite. (2) el contorno / el círculo que es el fin / la extremidad.	(1) the enclosure / screen that is the limit. (2) the circumference / circle that is the end / extremity.	sense (1) unnumbered in the source
214890	pariyāgāra	ထက်ဝန်းကျင် ဝိုင်းသော-တန်ဆောင်း-အကာအရံ-ရှိသော ကျောင်း၊ စမြင် (ဝရန်တာ) ၄-ဘက် လှည့် လည်၍ မိုးအပ်သောကျောင်း။	el monasterio que tiene un pabellón / un cercado que lo rodea por todos lados; el monasterio techado con aleros (veranda) que dan la vuelta por los cuatro lados.	the monastery having a pavilion / enclosure surrounding it on all sides; the monastery roofed with eaves (a veranda) running round all four sides.	'ထက်ဝန်းကျင် ဝိုင်းသော-တန်ဆောင်း-အကာအရံ' read as 'surrounding on all sides: pavilion / enclosure'; check
214891	pariyāti	(၁) သွား လာ-လှည့်လည်-၏။ (၂) ကုန်ဆုံး-ကုန်ခန်း-၏။ (၃) ပိုင်းခြား၍ သိ၏။ (၁) သွားလာ-လှည့်လည်-၏။ (၂) ကုန်ဆုံး-ကုန် ခန်း-၏။ (၃) ပိုင်းခြား၍ သိ၏။	(1) va y viene / da vueltas. (2) se agota / se consume. (3) conoce delimitando.	(1) goes about / wanders round. (2) is exhausted / used up. (3) knows by delimiting.	senses (1)-(3) printed twice; translated once
214894	pariyādakaphalārammaṇa	ကုန်ခန်းစေတတ်သော အဓိမောက္ခ စသော ၅-ပါးသော သီသ, ဖိုလ်ဟူသော ဂောစရသီသ, မဂ်ဖိုလ်၏ အာရုံဖြစ်သော နိဗ္ဗာန်ဟူသော ပဝတ္တသီသ။	las cinco *sīsa* que comienzan por *adhimokkha*, que suelen agotar; la *gocarasīsa* que es el *phala*; la *pavattasīsa* que es *nibbāna*, objeto (de la mente) del *magga* y del *phala*.	the five *sīsa* beginning with *adhimokkha*, apt to exhaust; the *gocarasīsa* that is *phala*; the *pavattasīsa* that is *nibbāna*, the (mental) object of *magga* and *phala*.	the ', ' between the three items read as ';'; 'ကုန်ခန်းစေတတ်သော' may qualify the whole list; check
214895	pariyādātuṁ	ထက်ဝန်းကျင် ပိုင်းခြား၍ ယူခြင်းငှာ၊ သိမ်းကျုံး ၍ ယူခြင်းငှာ၊ ကုန်ခန်းစေခြင်းငှာ။ (ခ) လွှမ်း မိုး- နှိပ်စက်- ခြင်းငှာ။ (ခ) ပရိယာဒါတု။	para tomar delimitando por todos lados; para tomar recogiéndolo todo; para agotar. (b) para dominar / oprimir.	in order to take by delimiting all round; in order to take by gathering up everything; in order to exhaust. (b) in order to overpower / oppress.	'(b)' follows an unmarked first sense
214896	pariyādāna	(၁) အကြင်းမဲ့ ယူခြင်း၊ သိမ်းကျုံး၍ ယူခြင်း၊ သိမ်းယူခြင်း၊ အကုန်ယူခြင်း။ (၂) ကုန်ခန်း-ကုန်ဆုံး-ခြင်း။ (၃) ကုန်ခန်းစေခြင်း။ (တိ) (၄) သိမ်းကျုံး၍ ယူကြောင်းဖြစ်သော (သဒ္ဒါ)။ (၅) ကုန်ခန်း ကြောင်းဖြစ်သော (တရား)။ (၆) သိမ်းကျုံး၍ ယူရာ။ (၇) ကုန်ခန်းစေတတ်သော။ (၁) အကြင်းမဲ့ယူခြင်း၊ သိမ်းကျုံး၍ ယူ ခြင်း၊ သိမ်းယူခြင်း၊ အကုန်ယူခြင်း။ (၂) ကုန်ခန်း-ကုန်ဆုံး-ခြင်း။ ပရိယာဒါန(ကင်္ခါ။ ၂၀၉)။ (၃) ကုန်ခန်းစေခြင်း။ ပရိယာဒါနာယာ။ ပရိယာဒါနဘာဇနီယ (၄) သိမ်းကျုံး၍ ယူကြောင်းဖြစ်သော (သဒ္ဒါ)။ «S1» (၅) ကုန် ခန်းကြောင်းဖြစ်သော (တရား)။ (၆) သိမ်းကျုံး၍ ယူရာ။ «S2» (၇) ကုန်ခန်းစေတတ်သော။ အောက်ပုဒ်လည်း ကြည့်။	(1) el tomar sin dejar resto; el tomar recogiéndolo todo; el apoderarse; el tomarlo todo. (2) el agotarse / consumirse. (3) el agotar. (adjetivo) (4) que es causa de tomar recogiéndolo todo (la palabra). Véase [[pariyādānavacana]]. (5) que es causa de agotamiento (el estado). (6) aquello en que se toma recogiéndolo todo. Véase [[pariyādānā-nubhāva]]. (7) que suele agotar. Véase también la entrada siguiente.	(1) taking without remainder; taking by gathering up everything; seizing; taking everything. (2) being exhausted / used up. (3) exhausting. (adjective) (4) being the cause of taking by gathering up everything (said of a word). See [[pariyādānavacana]]. (5) being the cause of exhaustion (said of a state). (6) that in which one takes by gathering up everything. See [[pariyādānā-nubhāva]]. (7) apt to exhaust. See also the next headword.	senses (1)-(7) printed twice, the first copy without the placeholders; translated once, «S1» and «S2» placed as in the second copy
214906	pariyādāya	ဝန်းကျင်မှ ယူဆောင်၍၊ သိမ်းကျုံးယူငင်၍။ (က) ကုန်ခန်းစေ၍။ (ခ) ကုန်လွန်စေ၍၊ လှည့်လည်-သွားလာ-၍။ (ဂ) ဆုတ်ယုတ်စေ ၍။ (ဃ) ထိမိ-တိုက်မိ-၍။ ထက်ဝန်းကျင်မှ ယူဆောင်၍၊ သိမ်းကျုံး ယူငင်၍။ (ဣတိဝုတ်။ ၂၀၇)။ (က) ကုန်ခန်းစေ၍။ (ခ) ကုန်လွန်စေ၍၊ လှည့်လည်-သွား လာ-၍။ (ဂ) ဆုတ်ယုတ်စေ၍။ (ဃ) ထိမိ-တိုက်မိ-၍။	habiendo tomado de alrededor; habiendo recogido y tomado todo. (a) habiendo agotado. (b) habiendo hecho transcurrir; habiendo dado vueltas / ido y venido. (c) habiendo hecho decaer. (d) habiendo tocado / chocado.	having taken from all round; having gathered up and taken everything. (a) having exhausted. (b) having caused to pass; having wandered round / gone about. (c) having caused to decline. (d) having touched / struck.	senses printed twice; translated once
214909	pariyādāyakaphalārammaṇa	ကုန်ခန်းစေတတ်သော အဓိမောက္ခ-စသော ၅-ပါးသောသီသ, ဖိုလ် ဟူသော ဂောစရသီသ, မဂ်ဖိုလ်၏အာရုံဖြစ် သော နိဗ္ဗာန်ဟူသော ပဝတ္တသီသ။	las cinco *sīsa* que comienzan por *adhimokkha*, que suelen agotar; la *gocarasīsa* que es el *phala*; la *pavattasīsa* que es *nibbāna*, objeto (de la mente) del *magga* y del *phala*.	the five *sīsa* beginning with *adhimokkha*, apt to exhaust; the *gocarasīsa* that is *phala*; the *pavattasīsa* that is *nibbāna*, the (mental) object of *magga* and *phala*.	the ', ' between the three items read as ';'; 'ကုန်ခန်းစေတတ်သော' may qualify the whole list; check
214921	pariyādinnasineha	ကုန်ခန်းစေအပ်ပြီးသော အစေးရှိသော။ ပရိယာဒိယတိ၁ (ကြိ) [ပရိ+အာ+ဒါ(ဒီ)+ယ+တိ] ထက်ဝန်းကျင်မှ ပိုင်းခြား၍ယူ၏၊ သိမ်းကျုံး ၍ယူ၏၊ သိမ်းယူ၏။ (က) ကုန်ဆုံး-ကုန်ခန်း-၏။ (ခ) ကုန်ဆုံး-ကုန်ခန်း-စေ၏။ (ဂ) လွှမ်း မိုး-နှိပ်စက်-၏။ (ဃ) ပျက်စီးစေ၏၊ ဖျက်ဆီး ပရိယာဒိယတိ၁ ထက်ဝန်းကျင်မှ ပိုင်းခြား၍ယူ၏၊ သိမ်း ကျုံး၍ယူ၏၊ သိမ်းယူ၏။ (ဣတိဝုတ်၊ဋ္ဌ။ ) (က) ကုန်ဆုံး- ကုန်ခန်း- ၏။ ပရိယာဒိယတီတိ ပရိက္ခီဏောတိ၊ ဒီ-သဒ္ဒဥှိ သဒ္ဒဝိဒူ ခယတ္ထံ ဝဒန္တိ။ (ခ) ကုန်ဆုံး-ကုန်ခန်း-စေ၏။	que tiene la savia ya agotada.	having its sap already exhausted.	the text runs on into the article 'ပရိယာဒိယတိ၁ (ကြိ)' (takes by delimiting from all round, gathers up, seizes; (a) ends / is exhausted; (b) exhausts; (c) overpowers / oppresses; (d) destroys), printed twice and continued in id 214922; left out here
214922	pariyādiyati	(ပေဋကော။ ) (ဂ)လွှမ်းမိုး-နှိပ်စက်-၏။ (ဃ) ပျက်စီးစေ၏၊ ဖျက်ဆီး၏။ ပရိယာဒိယေ-ယျာထာ။ ပရိယာဒိ(ဒီ)ယတိ၂ ထက်ဝန်းကျင်မှ ပိုင်းခြား၍ ယူအပ် ၏၊ သိမ်းကျုံး၍ ယူအပ်၏။ ကုန်ဆုံး-ကုန် ခန်း-စေအပ်၏။	(c) domina / oprime. (d) hace perecer; destruye. — (pasiva) es tomado delimitando de alrededor; es tomado recogiéndolo todo; se le hace acabar / agotar.	(c) overpowers / oppresses. (d) causes to perish; destroys. — (passive) is taken by delimiting from all round; is taken by gathering up everything; is made to end / be exhausted.	text is the tail of article ပရိယာဒိယတိ၁ (senses (c)-(d); the rest is run into id 214922's predecessor, 214921) followed by article ပရိယာဒိ(ဒီ)ယတိ၂ (passive); both translated, separated by '—'; label missing
214924	pariyādiyana	ဝန်းကျင်မှ ပိုင်းခြား၍ ယူခြင်း၊ သိမ်းကျုံး၍ ယူခြင်း၊ ကုန်ဆုံး-ကုန်ခန်း-စေခြင်း။ (တိ) (၂) ထက်ဝန်းကျင်မှ ပိုင်းခြား၍ ယူကြောင်း၊ သိမ်းကျုံး၍ ယူကြောင်း၊ သိမ်းယူကြောင်း၊ ကုန်စေကြောင်း (သဒ္ဒါ)။ မ၊ (-(၂) ပရိယာဒိယနဝစန-ကြည့်။	el tomar delimitando de alrededor; el tomar recogiéndolo todo; el hacer acabar / agotar. (adjetivo) (2) que es causa de tomar delimitando de alrededor; causa de tomar recogiéndolo todo; causa de apoderarse; causa de hacer acabar (la palabra). Para (2), véase *pariyādiyanavacana*.	taking by delimiting from all round; taking by gathering up everything; causing to end / to be exhausted. (adjective) (2) being the cause of taking by delimiting from all round; the cause of taking by gathering up everything; the cause of seizing; the cause of making end (said of a word). For (2), see *pariyādiyanavacana*.	sense (1) unnumbered; 'see' left in the Burmese
214929	pariyādiyanti	ထက်ဝန်းကျင်မှ ပိုင်းခြား၍ ယူကုန်၏၊ သိမ်း ကျုံး၍ ယူကုန်၏၊ ကုန်ဆုံး-ကုန်ခန်း-စေကုန် ၏။ «S1» ပရိယာဒိယန္တိ၂ ထက်ဝန်းကျင်မှ ပိုင်းခြား၍ ယူအပ် ကုန်၏၊ သိမ်းကျုံး၍ ယူအပ်ကုန်၏၊ သိမ်းယူ အပ်ကုန်၏၊ ကုန်ဆုံး-ကုန်ခန်း-စေအပ်ကုန် ၏။ «S2»	toman delimitando de alrededor; toman recogiéndolo todo; hacen acabar / agotar. Véase [[pariyādiyati1]]. (pasiva) son tomados delimitando de alrededor; son tomados recogiéndolo todo; son apoderados; se les hace acabar / agotar. Véase [[pariyādiyati2]].	they take by delimiting from all round; they take by gathering up everything; they cause to end / to be exhausted. See [[pariyādiyati1]]. (passive) they are taken by delimiting from all round; they are taken by gathering up everything; they are seized; they are made to end / be exhausted. See [[pariyādiyati2]].	text includes a second article 'ပရိယာဒိယန္တိ၂' (passive), rendered after «S1»
214932	pariyādiyiṁsu	ထက်ဝန်းကျင်မှ ပိုင်းခြား၍ ယူကုန်ပြီ၊ သိမ်း ကျုံး၍ ယူကုန်ပြီ၊ ကုန်ဆုံး-ကုန်ခန်း-စေကုန် ပြီ။ «S1» ပရိယာဒိယိတဗ္ဗ (တိ) ထက်ဝန်းကျင်မှ ပိုင်းခြား၍ ယူအပ်သော၊ သိမ်းကျုံး၍ ယူအပ်သော၊ သိမ်းယူအပ်သော၊ ကုန်ခန်းစေအပ်သော။	tomaron delimitando de alrededor; tomaron recogiéndolo todo; hicieron acabar / agotar. Véase [[pariyādiyati1]].	they took by delimiting from all round; they took by gathering up everything; they caused to end / to be exhausted. See [[pariyādiyati1]].	a further article 'ပရိယာဒိယိတဗ္ဗ (တိ)' (to be taken by delimiting from all round; to be gathered up; to be seized; to be exhausted) is run in; left out
214933	pariyādiyitabbacittapuggalavisaya	သိမ်းကျုံး၍ ပရိယာဒိယိတွာ ယူအပ်သော စိတ်, ပုဂ္ဂိုလ်လျှင် တည်မှီရာရှိ သော။	que tiene como base de apoyo la mente, la persona que ha de ser tomada recogiéndola toda (*pariyādiyitvā*).	having as its support the mind, the person to be taken by gathering it all up (*pariyādiyitvā*).	Pāḷi gloss 'ပရိယာဒိယိတွာ' printed inside the phrase; kept
214935	pariyādiyitvā	ထက်ဝန်းကျင်မှ ယူ၍၊ သိမ်းယူ၍။ (က) ကုန် ဆုံး-ကုန်ခန်း-စေ၍။ (ခ) ဆုတ်ယုတ်စေ၍။ (ဂ) ငြိမ်းအေးစေ၍။ (ဃ) လွှမ်းမိုး၍။ (င) ထုတ်ချင်းထွင်း၍။ ထက်ဝန်းကျင်မှ ယူ၍၊ သိမ်းယူ၍။ (က) ကုန်ဆုံး-ကုန်ခန်း-စေ၍။ (ခ) ဆုတ်ယုတ်စေ၍။ (ဂ) ငြိမ်းအေးစေ၍။ (ဃ) လွှမ်းမိုး၍။ (င) ထုတ်ချင်းထွင်း၍။	habiendo tomado de alrededor; habiendo recogido. (a) habiendo hecho acabar / agotar. (b) habiendo hecho decaer. (c) habiendo apaciguado. (d) habiendo dominado. (e) habiendo atravesado de parte a parte.	having taken from all round; having gathered up. (a) having caused to end / to be exhausted. (b) having caused to decline. (c) having calmed. (d) having overpowered. (e) having pierced right through.	senses printed twice; translated once
214943	pariyāpanna	(၁) (သံသ-ရာကို) ပိုင်းခြား၍ ရောက်လာသော၊ ပိုင်းခြား ထားသော သံသရာရှိသော၊ သူ။ (၂) (ပိုင်း ခြားတတ်သော တဏှာသည်) ပိုင်းခြား၍-ရောက်အပ်- ယူအပ်- သော (တရား)။ (၃) အတွင်းဝင်-အကျုံးဝင်-ပါဝင်-သော။ (၁) (သံသရာကို) ပိုင်းခြား၍ ရောက် လာသော၊ ပိုင်းခြားထားသော သံသရာရှိ သော၊ သူ။ (၂) (ပိုင်းခြားတတ်သော တဏှာသည်) ပိုင်းခြား၍- ရောက်အပ်- ယူအပ်- သော (တရား)။ “ဥပါဒိန္နာ”။ (၃) အတွင်းဝင် - အကျုံးဝင် - ပါဝင် - သော။	(1) que ha llegado delimitándolo (el *saṁsarā*); que tiene un *saṁsarā* delimitado (dicho de una persona). (2) (por la *taṇhā* que suele delimitar) alcanzado / tomado delimitando (el estado). (3) incluido / comprendido / contenido.	(1) that has come delimiting it (*saṁsarā*); having a delimited *saṁsarā* (said of a person). (2) (by *taṇhā*, which is apt to delimit) reached / taken by delimiting (said of a state). (3) included / comprised / contained.	senses printed twice; translated once
214948	pariyāpannasattapharaṇa	(တစ်ခုသော အရပ်၌) အကျုံးဝင်-အတွင်းဝင်-ပါဝင်-သော သတ္တဝါတို့ကို-ပျံ့နှံ့ စေ-ဖြန့်-ခြင်း။	el hacer extenderse / el difundir a los seres incluidos / comprendidos / contenidos (en un lugar).	pervading / spreading to the beings included / comprised / contained (in one place).	'ပျံ့နှံ့ စေ-ဖြန့်' read as 'cause to pervade / spread'
214952	pariyāpādenti	သေဆုံးခြင်းသို့ ရောက်စေကုန်၏။ အထက်ပုဒ်-ကြည့်။ ပရိယာပုဋ = ပရိယာပုတ (တိ) [+တ] သင်ယူ-သရဇ္ဈာယ်-အပ်သော။	hacen llegar a la muerte. Véase la entrada anterior.	they cause to come to death. See the preceding headword.	a further article is run in: 'ပရိယာပုဋ = ပရိယာပုတ (တိ)' (learned / recited); left out
214955	pariyāpuṇana	ယူ-လေ့ကျက်-သရဇ္ဈာယ်-ခြင်း။	el tomar / el memorizar / el recitar.	taking / memorising / reciting.	'ယူ' (take) may be 'သင်ယူ' (learn) with 'သင်' lost; rendered literally
214960	pariyāpuṇanti	သင်ယူကုန်၏။ (၂) ပြည့်စုံ-လုံလောက်-ကုန် ၏။ «S1»	aprenden. (2) están completos / son suficientes. Véase [[pariyāpuṇāti]].	they learn. (2) they are complete / sufficient. See [[pariyāpuṇāti]].	sense (1) unnumbered
214961	pariyāpuṇassu	သင်ယူလော့။ «S1»	aprende. Véase [[pariyāpuṇāti]].	learn. See [[pariyāpuṇāti]].	imperative
214962	pariyāpuṇāti	(၁) သင်ယူ၏။ (၂) ပြောဆို၏။ (၃) သိ၏။ (၄) ပြည့်စုံ-လုံလောက်-၏။ ပရိယာပုဏာတိ (၁) သင်ယူ၏။ (၂) ပြောဆို၏။ (၃) သိ၏။ ပရိယာပုဏာမီ။ (၄) ပြည့် စုံ- လုံလောက်- ၏။	(1) aprende. (2) dice. (3) conoce. (4) está completo / es suficiente.	(1) learns. (2) says. (3) knows. (4) is complete / sufficient.	senses printed twice; translated once
214963	pariyāpuṇātu	သင်ယူပါလော့။ «S1»	que aprenda. Véase [[pariyāpuṇāti]].	let him learn. See [[pariyāpuṇāti]].	imperative
214964	pariyāpuṇātha	သင်ယူကုန်လော့။ (၂) ပြောဆိုကုန်လော့။ «S1»	aprended. (2) hablad. Véase [[pariyāpuṇāti]].	learn (plural). (2) speak (plural). See [[pariyāpuṇāti]].	imperative; sense (1) unnumbered
214967	pariyāpuṇāma	ယူကုန်၏။ «S1»	tomamos. Véase [[pariyāpuṇāti]].	we take. See [[pariyāpuṇāti]].	1st person from the headword (-āma); 'ယူ' (take) may be 'သင်ယူ' (learn) with 'သင်' lost; rendered literally
214968	pariyāpuṇāmi	သိ၏။ «S1»	conozco. Véase [[pariyāpuṇāti]] (3).	I know. See [[pariyāpuṇāti]] (3).	1st person from the headword (-āmi)
214970	pariyāpuṇāhi	သင်ယူလော့။ «S1»	aprende. Véase [[pariyāpuṇāti]].	learn. See [[pariyāpuṇāti]].	imperative
214971	pariyāpuṇi	ယူပြီ။ «S1»	tomó. Véase [[pariyāpuṇāti]].	took. See [[pariyāpuṇāti]].	'ယူ' (take) may be 'သင်ယူ' (learn) with 'သင်' lost; rendered literally
214972	pariyāpuṇiṁ	ယူပြီ။ «S1»	tomé. Véase [[pariyāpuṇāti]].	I took. See [[pariyāpuṇāti]].	1st person from the headword (-iṁ); 'ယူ' (take) may be 'သင်ယူ' (learn) with 'သင်' lost; rendered literally
214973	pariyāpuṇiṁsu	ယူကုန်ပြီ။ «S1»	tomaron. Véase [[pariyāpuṇāti]].	they took. See [[pariyāpuṇāti]].	'ယူ' (take) may be 'သင်ယူ' (learn) with 'သင်' lost; rendered literally
214988	pariyāya	(၁) အကြောင်း။ (၂) အလှည့်-အကြိမ်။ (၃) တရား-ဒေသနာ။ (၄) ပရိယာယ်၊ လှည့်ပတ်-ရစ်သီ-၍ ပြောဆို ခြင်း။ (က) ၀ေ၀kစ်-ပရိယာယ်-စကားလှယ်။ (ခ) အရိပ်-အမြက်၊ အရိပ်အမြက်ပြုခြင်း။ (ဂ) နည်းပရိယာယ်-ဥပစာ။ (ဃ) အပ်အောင်ပြု ခြင်း၊ အပ်သောစကားသို့ အစဥ်လျှောက်သ ဖြင့် ကျင့်ခြင်း။ (င) သုတ္တန်နည်း။ (၅) အစဥ်၊ ဝန်းဝိုင်းသော- အစဥ်-အထပ်။ (၆) အကွဲ-အပြား။ (၇) အပိုင်းအခြား။ (၈) အဆုံး။ (၉) တံတိုင်း၊ ပတ်လည်အကာအရံ။ (၁၀) အစောင့် အရှောက်၊ အရံ - အတား။ (၁၁) အခွင့်-အလမ်း။ (၁၂) လှည့်ပတ်သွားလာကြောင်း ဖြစ်သောလမ်း၊ မြို့ပတ်လမ်း။ (၁၃) လှည့် လည်သွားလာရာ-ဘုံ-ဘဝ။ (၁၄) ထက်ဝန်း ကျင် လှည့်လည်၍ မိုးခြင်း။ (၁) အကြောင်း။ (၂) အလှည့် - အကြိမ်။ (၃) တရား-ဒေသနာ။ «S1» (၄) ပရိယာယ်၊ လှည့်ပတ်- ရစ်သီ- ၍ ပြောဆိုခြင်း။ (က) ၀ေ၀kစ်-ပရိယာယ်-စကား လှယ်။ ဂတ-သဒ္ဒေါ ဟိ ပကာရပရိယာယော။ (ခ) အရိပ် - အမြက်၊ အရိပ်အမြက်ပြု ခြင်း။ အာဒိ-ဝစနံ။ ပရိယာ-ယေနာပီ။ (ဂ) နည်းပရိယာယ်-ဥပစာ။ (ဃ) အပ်အောင်ပြုခြင်း၊ အပ်သော စကားသို့ အစဥ်လျှောက်သဖြင့် ကျင့်ခြင်း။ «S2» (င) သုတ္တန်နည်း။ (၅) အစဥ်၊ ဝန်းဝိုင်းသော - အစဥ် -အထပ်။ (၆) အကွဲ - အပြား။ ဧတေဟိ ပရိယာ-ယေဟီ။ (၇) အပိုင်းအခြား။ (၈) အဆုံး။ (၉) တံတိုင်း၊ ပရိယာယ၁ ပတ်လည် အကာအရံ။ သသမုဒ္ဒပရိယာယ။ (၁၀) အစောင့်အရှောက်၊ အရံ-အတား။ အတ္တပရိယာယ။ (၁၁) အခွင့်-အလမ်း။ (၁၂) လှည့်ပတ်သွားလာကြောင်းဖြစ် သော လမ်း၊ မြို့ပတ်လမ်း။ «S3» (၁၃) လှည့်လည်သွားလာရာ-ဘုံ-ဘဝ။ (၁၄) ထက်ဝန်းကျင် လှည့်လည်၍ မိုးခြင်း။	(1) la causa. (2) el turno / la vez. (3) la Enseñanza / la *desanā*. Véase también [[dhamma-pariyāya]]. (4) el *pariyāya*; el hablar dando rodeos / con circunloquios. (a) el sinónimo / *pariyāya* / la expresión alternativa. (b) el indicio / la insinuación; el hacer insinuaciones. (c) el método indirecto / la expresión figurada. (d) el hacer lícito; el obrar ateniéndose a las palabras lícitas. Véase [[pariyāyakathā]]. (e) el método de los *suttanta*. (5) la sucesión; la sucesión / la capa circundante. (6) la división / la clase. (7) el límite. (8) el fin. (9) la muralla; el cercado alrededor. (10) la protección; el cerco / la barrera. (11) la ocasión / la oportunidad. (12) el camino por el que se va y viene dando vueltas; el camino que rodea la ciudad. Véase [[anupariyāya-patha]]. (13) la *bhūmi* / el *bhava* en que se va y viene dando vueltas. (14) el techar dando la vuelta por todos lados.	(1) the cause. (2) the turn / occasion. (3) the Teaching / *desanā*. See also [[dhamma-pariyāya]]. (4) *pariyāya*; speaking in a roundabout way / with circumlocution. (a) the synonym / *pariyāya* / alternative expression. (b) the hint / suggestion; making hints. (c) the indirect method / figurative expression. (d) making allowable; acting in keeping with the words that are allowable. See [[pariyāyakathā]]. (e) the method of the *suttanta*. (5) the sequence; the encircling sequence / layer. (6) the division / kind. (7) the limit. (8) the end. (9) the wall; the enclosure all round. (10) protection; the fence / barrier. (11) the opportunity / chance. (12) the road by which one goes about in a circle; the road round the city. See [[anupariyāya-patha]]. (13) the *bhūmi* / *bhava* in which one goes about in circles. (14) roofing all the way round.	senses (1)-(14) printed twice, the first copy without the placeholders; translated once, «S1»-«S3» placed as in the second copy. '၀ေ၀kစ်' is garbled, read as ဝေဝုစ် (vevacana, synonym). (c) 'နည်းပရိယာယ်-ဥပစာ' rendered 'indirect method / figurative expression'; check
214990	pariyāyakathā	(၁) ပရိယာယ်အားဖြင့် ဆိုအပ်သောစကား။ (က) အရိပ်အမြက်အားဖြင့် ဆိုအပ်သော စကား။ (ခ) နည်းပရိယာယ်အားဖြင့် ဆိုအပ် သောစကား။ (ဂ) ၀ေ၀kစ်-ပရိယာယ်-စကား လှယ်-အားဖြင့် ဆိုအပ်သောစကား။ (၂) အပ် အောင်ပြုခြင်း - အပ်သောစကားသို့ အစဥ် လျှောက်၍ ကျင့်ခြင်း-ကို-ဆိုရာ-ဆိုကြောင်း-စကား။ (၃) အပ်သောအကြောင်း၏အစွမ်း ဖြင့် ဆိုအပ်သောစကား။ (၁) ပရိယာယ်အားဖြင့် ဆိုအပ်သော စကား။ (က) အရိပ်အမြက်အားဖြင့် ဆိုအပ် သော စကား။ (ခ) နည်းပရိယာယ် အားဖြင့် ဆိုအပ်သော စကား။ (ဂ) ၀ေ၀kစ်- ပရိယာယ်- စကား လှယ်-အားဖြင့် ဆိုအပ်သောစကား။ -တိအာဒိ။ (၂) အပ် အောင်ပြုခြင်း-အပ်သော စကားသို့ အစဥ် လျှောက်၍ ကျင့်ခြင်း-ကို-ဆိုရာ-ဆိုကြောင်း-စကား။ (၃) အပ်သောအကြောင်း၏ အစွမ်း ဖြင့် ဆိုအပ်သော စကား။ ပရိယာယ-သဒ္ဒေါ ဝါ ကာရဏေ၊ တသ္မာ ကပ္ပိယကာရဏဝသေန ဝုတ္တာ ကထာ ပရိယာယကထာ။	(1) las palabras dichas por medio del *pariyāya*. (a) las palabras dichas por medio de insinuaciones. (b) las palabras dichas por un método indirecto. (c) las palabras dichas por medio de sinónimo / *pariyāya* / expresión alternativa. (2) las palabras en que se habla / por las que se habla del hacer lícito / del obrar ateniéndose a las palabras lícitas. (3) las palabras dichas en virtud de una causa lícita.	(1) speech spoken by way of *pariyāya*. (a) speech spoken by way of hints. (b) speech spoken by an indirect method. (c) speech spoken by way of synonym / *pariyāya* / alternative expression. (2) the speech in which / by which one speaks of making allowable / of acting in keeping with the words that are allowable. (3) speech spoken by virtue of an allowable cause.	senses printed twice; translated once. '၀ေ၀kစ်' is garbled, read as ဝေဝုစ် (vevacana, synonym)
214991	pariyāyakamma	ပရိယာယ် ဖြစ်သော ကံ။ “အဗ္ဗောဟာရိကာ”။	el *kamma* que es *pariyāya*.	the *kamma* that is *pariyāya*.	sense of ကံ here (deed or formal act) unclear
214993	pariyāyati	(၁) လှည့် လည်-သွားလာ-၏။ (၂) ရောက်၏။ (၃) ဖြစ် ၏။ (၄) သိမ်းဆည်း၍ ဖြစ်၏၊ သိမ်းဆည်း၏။ (၅) ကြံစည်၏။ (၆) ဖြစ်စေ၏။ (၇) သိစေ၏။ (၈) အပ်အောင်ပြု၏။ (၁) လှည့်လည် - သွားလာ - ၏။ (ကင်္ခါ၊ဋီ၊သစ်။ ) (၂) ရောက်၏။ (၃) ဖြစ်၏။ (၄) သိမ်းဆည်း၍ ဖြစ်၏၊ သိမ်းဆည်း၏။ (၅) ကြံစည်၏။ (၆) ဖြစ်စေ၏။ (၇) သိစေ၏။ (၈) အပ်အောင်ပြု၏။	(1) da vueltas / va y viene. (2) llega. (3) surge. (4) surge recogiendo; recoge. (5) planea. (6) hace surgir. (7) hace saber. (8) hace lícito.	(1) goes round / goes about. (2) arrives. (3) arises. (4) arises by gathering; gathers. (5) plans. (6) causes to arise. (7) makes known. (8) makes allowable.	senses printed twice; translated once
214994	pariyāyadassana	ဝုစ်-ပရိယာယ်-စကားလှယ်-ကို ပြခြင်း။ ပရိ-ယာယဒဿနတ္ထန္တိ ၀ေ၀စန-ဒဿနတ္ထံ။	el mostrar el sinónimo / *pariyāya* / la expresión alternativa.	showing the synonym / *pariyāya* / alternative expression.	text begins 'ဝုစ်' (probably 'ဝေဝုစ်', synonym, truncated)
214996	pariyāyadukkha	ပရိယာယ် အားဖြင့် ဆိုအပ်သော-ဆင်းရဲ-ဒုက္ခ။ (အကျိုး ဒုက္ခ၏အမည်ကို အကြောင်းဇာတိစသည်၌ တင်စား၍ ဖလူပစာရအားဖြင့် “ဒုက္ခ”ဟု ဆို သည်။	el sufrimiento / *dukkha* dicho por medio del *pariyāya*. (Se le llama «*dukkha*» por *phalūpacāra*, aplicando el nombre del *dukkha* que es resultado a su causa, *jāti* y demás.)	suffering / *dukkha* spoken of by way of *pariyāya*. (It is called «*dukkha*» by *phalūpacāra*, applying the name of the *dukkha* that is the result to its cause, *jāti* and so on.)	closing bracket missing in the source; supplied
214997	pariyāyadesanā	ပရိယာယ်အားဖြင့် ဟောကြားအပ်သော -တရား-ဒေသနာ။ (က) အမြက်-ပရိယာယ်-အားဖြင့် ဟောကြားအပ်သော-တရား-ဒေသ နာ။ (ခ) ၀ေ၀kစ်-ပရိယာယ်-စကားလှယ်-အား ဖြင့်-ဟောကြားအပ်သော-တရား-ဒေသနာ။ (က) အမြက်-ပရိယာယ်-အားဖြင့် ဟောကြား အပ်သော-တရား-ဒေသနာ။ (ခ) ၀ေ၀kစ်-ပရိယာယ်-စကားလှယ် - အားဖြင့် - ဟောကြားအပ် သော-တရား-ဒေသနာ။ «S1»	la Enseñanza / *desanā* expuesta por medio del *pariyāya*. (a) la Enseñanza / *desanā* expuesta por medio de insinuación / *pariyāya*. (b) la Enseñanza / *desanā* expuesta por medio de sinónimo / *pariyāya* / expresión alternativa. Véase también [[nippariyāyadesanā]].	the Teaching / *desanā* taught by way of *pariyāya*. (a) the Teaching / *desanā* taught by way of hint / *pariyāya*. (b) the Teaching / *desanā* taught by way of synonym / *pariyāya* / alternative expression. See also [[nippariyāyadesanā]].	(a)-(b) printed twice; translated once. '၀ေ၀kစ်' is garbled, read as ဝေဝုစ် (vevacana, synonym)
215002	pariyāyana	လှည့်လည်-လှည့်ပတ်-ခြင်း။ (က) လှည့်လည်-သွားလာ-ခြင်း။ (ခ) လှည့်ပတ် ပြောဆိုခြင်း။ (က) လှည့်လည်-သွားလာ-ခြင်း။ (ခ) လှည့်ပတ်ပြောဆိုခြင်း။	el dar vueltas / el rodear. (a) el dar vueltas / el ir y venir. (b) el hablar con rodeos.	going round / circling. (a) going round / going about. (b) speaking in a roundabout way.	(a)-(b) printed twice; translated once
215004	pariyāyanāma	ပရိယာယ် ဖြစ်သော နာမည်။ ၀ေ၀kစ်-ပရိယာယ်-စကား လှယ်-ဖြစ်သော နာမည်။	el nombre que es *pariyāya*; el nombre que es sinónimo / *pariyāya* / expresión alternativa.	the name that is *pariyāya*; the name that is a synonym / *pariyāya* / alternative expression.	'၀ေ၀kစ်' is garbled, read as ဝေဝုစ် (vevacana, synonym)
215005	pariyāyanāmānurūpa	ပရိယာယ်ဖြစ်သော နာမည်အား-လျော် - လျောက်ပတ် - သော။	que se ajusta / conviene al nombre que es *pariyāya*.	conforming / suited to the name that is *pariyāya*.	hyphen: အား-လျော် read as one word
215007	pariyāyaniddesa	ယာယ်အားဖြင့် ညွှန်ပြခြင်း။	el indicar por medio del *pariyāya*.	pointing out by way of *pariyāya*.	text begins 'ယာယ်' (probably 'ပရိယာယ်' truncated)
215009	pariyāyantara	အကြောင်းတစ်ပါး၊ အကြောင်းတစ်မျိုး။ (၂) ပရိယာယ်တစ်ပါး၊ ပရိယာယ်တစ်မျိုး။ (၁) “တထာ”။ (၂) “အစ္ဆ” “ဝိပ္ပသန္န”န္တိ။	otra causa; otra clase de causa. (2) otro *pariyāya*; otra clase de *pariyāya*.	another cause; another kind of cause. (2) another *pariyāya*; another kind of *pariyāya*.	sense (1) unnumbered
215011	pariyāyantaradīpana	ပရိယာယန္တရဝိဘာဝနမုခ ယာယ်တစ်ပါးကို ပြကြောင်းဖြစ်သော(သဒ္ဒါ)။	que es causa de mostrar otro *pariyāya* (la palabra).	being the cause of showing another *pariyāya* (said of a word).	text has 'ယာယ်' (probably 'ပရိယာယ်' truncated)
215014	pariyāyantarabheda	ပရိယာယ်တစ်ပါး- အထူး- အပြား။	la clase de otro *pariyāya*.	the variety of another *pariyāya*.	hyphen: အထူး-အပြား read as one word (variety)
215021	pariyāyaparicchindakapaññā	ဒေသနာအားဖြင့် ပိုင်းခြား တတ်သော-အသိဉာဏ်-ပညာ။ (ပရိယာယသဒ္ဒါ ဒေသနာအနက်ဟော။ (က) ဟု မူကွဲရှိ။	el conocimiento / la *paññā* que suele delimitar por medio de la *desanā*. (La palabra *pariyāya* expresa el significado de *desanā*.)	knowledge / *paññā* apt to delimit by way of *desanā*. (The word *pariyāya* expresses the meaning *desanā*.)	bracket not closed in the source; the note on a variant reading, '(က) ဟု မူကွဲရှိ' ('there is a variant reading (a)'?), is unclear and left out
215025	pariyāyabhatta	ရက်- အလှည့်- အကြိမ်- အားဖြင့် စားဟန် ဆောင်ခြင်း။ (၂) နေ့ရက်-အလှည့်-အကြိမ်-အားဖြင့် ဆောင်အပ်သောဆွမ်း။ (၂)  «S1»	el aparentar comer por días / turnos / veces. (2) la comida de limosna llevada por días / turnos / veces. (2) Véase [[pariyāyabhattabhojana]].	pretending to eat by days / turns / rounds. (2) alms food brought by days / turns / rounds. (2) See [[pariyāyabhattabhojana]].	sense (1) unnumbered; 'ရက်' probably 'နေ့ရက်' truncated; sense (1) matches the next headword (…chadana); trailing '(၂) «S1»' kept as printed
215035	pariyāyavacana	ယာယ်ဖြစ်သော- သဒ္ဒါ- စကား။ (၂) ပရိ ယာယ်ဖြစ်သော သဒ္ဒါတို့၏ အနက်ကို-ပြဆို ခြင်း-ပြဆိုကြောင်း စကား။ (၃) ပရိယာယ် အားဖြင့်-ပြဆိုခြင်း- ပြဆိုအပ်သော စကား။ (၄) အကြောင်း- အလှည့်အကြိမ်- အားဖြင့်-ပြဆိုခြင်း- ပြဆိုကြောင်း စကား။ (၁) ပရိယာယ်ဖြစ်သော-သဒ္ဒါ-စကား။ (၂) ပရိယာယ်ဖြစ်သော သဒ္ဒါ တို့၏ အနက်ကို- ပြဆိုခြင်း- ပြဆိုကြောင်း စကား။ န္တိ “ဝိသံယောဂာယာ”။ (၃) ပရိ-ယာယ်အားဖြင့်- ပြဆိုခြင်း- ပြဆိုအပ်သော စကား။ (၄) အကြောင်း-အလှည့်အကြိမ်-အားဖြင့်-ပြဆို ခြင်း-ပြဆိုကြောင်း စကား။ ပရိယာယဝစန (ဣတိဝုတ်။ ၂၁၈)။	(1) la palabra / el vocablo que es *pariyāya*. (2) el exponer / las palabras con que se expone el significado de las palabras que son *pariyāya*. (3) el exponer / las palabras expuestas por medio del *pariyāya*. (4) el exponer / las palabras con que se expone por medio de la causa / del turno.	(1) the word / term that is *pariyāya*. (2) setting forth / the words by which is set forth the meaning of the words that are *pariyāya*. (3) setting forth / the words set forth by way of *pariyāya*. (4) setting forth / the words by which one sets forth by way of cause / turn.	senses printed twice, the first copy truncated at the start ('ယာယ်'); translated once. Hyphen: ပရိ-ယာယ် read as one word
215040	pariyāyavimutta	ပရိ-ယာယ်အားဖြင့် လွတ်သောပုဂ္ဂိုလ်။	la persona liberada por medio del *pariyāya*.	the person liberated by way of *pariyāya*.	hyphen: ပရိ-ယာယ် read as one word
215043	pariyāyavisesabodhana	ပရိယာယ်အထူးကို သိစေခြင်း။ ပရိယာယ၀ေ၀စနဝိသိဋ္ဌ (တိ) ပရိယာယ်, ၀ေ၀kစ်အားဖြင့် ထူး သော။ ပရိယာယ၀ေ၀စနဝိသိဋ္ဌာ ၀ေ၀စန-ဟာရဿ။	el hacer conocer la particularidad del *pariyāya*.	making known the distinction of *pariyāya*.	a further article is run in: 'ပရိယာယ၀ေ၀စနဝိသိဋ္ဌ (တိ)' (distinguished by pariyāya, synonym); left out
215045	pariyāyasaddadīpaka	၀ေ၀kစ်-ပရိယာယ်-စကားလှယ်-ဖြစ် သော သဒ္ဒါကို ပြတတ်သော (ကျမ်း)။ ၀ေ၀စနပကာသကန္တိ ပရိယာယသဒ္ဒဒီပကံ။	que suele mostrar las palabras que son sinónimo / *pariyāya* / expresión alternativa (el tratado).	apt to show the words that are synonym / *pariyāya* / alternative expression (said of a treatise).	'၀ေ၀kစ်' is garbled, read as ဝေဝုစ် (vevacana, synonym)
215046	pariyāyasarūpa	အလှည့်-အကြိမ်-သဘော။	la naturaleza del turno / de la vez.	the nature of turn / occasion.	'အလှည့်-အကြိမ်-သဘော' read as 'the nature of turn / occasion'
215049	pariyāyasīla	ယာယ်ဖြစ်သော-အကျင့်-သီလ။	la conducta / *sīla* que es *pariyāya*.	the conduct / *sīla* that is *pariyāya*.	text begins 'ယာယ်' (probably 'ပရိယာယ်' truncated)
215051	pariyāyahetu	ယာယ်ဖြစ်သော အကြောင်း။ “ပုဗ္ဗဘာဂမဂ္ဂော”။	la causa que es *pariyāya*.	the cause that is *pariyāya*.	text begins 'ယာယ်' (probably 'ပရိယာယ်' truncated)
215061	pariyāhata	(ဝိတက်ဖြင့်) ထက်ဝန်းကျင်မှ အစစွာ - တီး ခေါက်-ဆွဲဆောင်-ခြင်း၊ လှည့်ပတ်၍ ရှေးရှု-တီးခေါက်-ဆွဲဆောင်- ခြင်း၊ ကြံစည် - တွေး တော-ခြင်း။ (တိ) (၂) ကြံစည်-တွေးတော-အပ်သော။ (၁) တက္ကပရိယာဟတ။ (၂)  «S1»	(con el *vitakka*) el golpear / tocar / atraer primeramente desde todos lados; el dirigirse de frente / golpear / atraer dando vueltas; el pensar / reflexionar. (adjetivo) (2) pensado / reflexionado. (2) Véase [[takkapariyāhata]].	(with *vitakka*) striking / knocking / drawing in, first, from all round; facing / striking / drawing in by going round; thinking / reflecting. (adjective) (2) thought / reflected upon. (2) See [[takkapariyāhata]].	sense (1) unnumbered; 'အစစွာ' rendered 'first(ly)', uncertain; trailing '(၂) «S1»' kept as printed
215062	pariyāhanana	(ဝိတက် ဖြင့်) ထက်ဝန်းကျင်မှ အစစွာ တီးခေါက်ခြင်း၊ လှည့်ပတ်၍ ရှေးရှု တီးခေါက်ခြင်း၊ ကြံစည်-တွေးတော-ခြင်း။	(con el *vitakka*) el golpear primeramente desde todos lados; el golpear de frente dando vueltas; el pensar / reflexionar.	(with *vitakka*) striking first from all round; striking head-on by going round; thinking / reflecting.	'အစစွာ' rendered 'first(ly)', uncertain
215063	pariyāhananarasa	ထက်ဝန်းကျင်မှ အစစွာ တီးခေါက် လှည့်ပတ် ၍ ရှေ့ရှုတီးခေါက်ခြင်းကိစ္စရှိသော၊ ကြံစည်-တွေးတော-ခြင်း ကိစ္စရှိသော (ဝိတက်)။ «S1»	que tiene la función de golpear primeramente desde todos lados, de golpear de frente dando vueltas; que tiene la función de pensar / reflexionar (el *vitakka*). Véase también [[āhananapariyāhananarasa]].	having the function of striking first from all round, of striking head-on by going round; having the function of thinking / reflecting (said of *vitakka*). See also [[āhananapariyāhananarasa]].	'အစစွာ' rendered 'first(ly)', uncertain
215070	pariyuṭṭha	(၁)အားထုတ်ခြင်း၊ ထကြလုံ့လ၊ ဝီရိယ။ (၂)ထကြ-သောင်းကျန်း-ခြင်း။ (၃) လွှမ်းမိုး-နှိပ်စက်-ခြင်း။ (တိ) (၄) လွှမ်းမိုး - နှိပ်စက် - တတ်သော (ဒိဋ္ဌိ)။ (၁) အောက်ပုဒ်-ကြည့်။ (၃)  «S1» (၄)  «S2»	(1) el esforzarse; el esfuerzo diligente, *vīriya*. (2) el levantarse / el desmandarse. (3) el dominar / oprimir. (adjetivo) (4) que suele dominar / oprimir (la *diṭṭhi*). Para (1), véase la entrada siguiente. (3) Véase [[pariyuṭṭhāyī]] (1). (4) Véase [[pariyuṭṭhāyī]] (2).	(1) exerting oneself; rousing effort, *vīriya*. (2) rising up / running riot. (3) overpowering / oppressing. (adjective) (4) apt to overpower / oppress (said of *diṭṭhi*). For (1), see the next headword. (3) See [[pariyuṭṭhāyī]] (1). (4) See [[pariyuṭṭhāyī]] (2).	'ထကြ-သောင်းကျန်း' rendered 'levantarse / desmandarse' ('rising up / running riot') here and below; check
215075	pariyuṭṭhāti	ထကြ-သောင်းကျန်း-၏။ (က) ဖမ်းယူ-လုယက်-ဖျက်ဆီး-၏။ (ခ) လွှမ်းမိုး-နှိပ်စက်-၏။ (က) ဖမ်းယူ-လုယက်-ဖျက်ဆီး-၏။ (ခ) လွှမ်းမိုး-နှိပ်စက်-၏။ ---	se levanta / se desmanda. (a) apresa / saquea / destruye. (b) domina / oprime.	rises up / runs riot. (a) seizes / plunders / destroys. (b) overpowers / oppresses.	(a)-(b) printed twice; translated once
215076	pariyuṭṭhāna	(၁) အားထုတ် ခြင်း။ (၂) (က) (ကုသိုလ်ဖြစ်ခွင့်ကို) ကုန်ခန်း စေ၍ တည်ခြင်း၊ ထကြ-သောင်းကျန်း-ခြင်း၊ ထိုးကျင့်ခြင်း။ (ခ) ဖမ်းယူ-လုယက်-နှောင့် ယှက်-ဖျက်ဆီး-ခြင်း။ (ဂ) လွှမ်းမိုး-နှိပ်စက်-ခြင်း။ (၃) (က) ထကြ-သောင်းကျန်း-သော၊ ထိုးကျင့်သော။ (ခ) ဖမ်းယူ-လုယက်-နှောင့် ယှက်-ဖျက်ဆီး-တတ်သော။ (ဂ) လွှမ်းမိုး-နှိပ်စက်-တတ်သော။ (၄) လွှမ်းမိုး-နှိပ်စက်-အပ်သော။ (၅) လွှမ်းမိုး-နှိပ်စက်-ရာ။ (၁) အားထုတ်ခြင်း။ (၂) (က) (ကုသိုလ်ဖြစ်ခွင့်ကို) ကုန်ခန်း စေ၍ တည်ခြင်း၊ ထကြ-သောင်းကျန်း-ခြင်း၊ ထိုးကျင့်ခြင်း။ (ခ) ဖမ်းယူ-လုယက်-နှောင့်ယှက်-ဖျက်ဆီး-ခြင်း။ «S1» (ဂ) လွှမ်းမိုး-နှိပ်စက်-ခြင်း။ (၃) (က) ထကြ- သောင်းကျန်း- သော၊ ထိုးကျင့်သော။ (ခ) ဖမ်းယူ-လုယက်-နှောင့်ယှက်-ဖျက်ဆီး-တတ် သော။ (ဂ) လွှမ်းမိုး- နှိပ်စက်- တတ်သော။ (၄) လွှမ်း မိုး-နှိပ်စက်-အပ်သော။ «S2» (၅) လွှမ်းမိုး-နှိပ်စက်-ရာ။ «S3»	(1) el esforzarse. (2) (a) el permanecer agotando (la ocasión de que surja lo sano); el levantarse / el desmandarse; el acometer. (b) el apresar / saquear / perturbar / destruir. Véase [[pari-yuṭṭhānattha]]. (c) el dominar / oprimir. (3) (a) que se levanta / se desmanda; que acomete. (b) que suele apresar / saquear / perturbar / destruir. (c) que suele dominar / oprimir. (4) dominado / oprimido. Véase [[pariyuṭṭhānaṭṭhāyī]] (2). (5) aquello en que se domina / oprime. Véase [[pariyuṭṭhāna-ṭṭhāna]].	(1) exerting oneself. (2) (a) persisting by exhausting (the opportunity for the wholesome to arise); rising up / running riot; assailing. (b) seizing / plundering / harassing / destroying. See [[pari-yuṭṭhānattha]]. (c) overpowering / oppressing. (3) (a) rising up / running riot; assailing. (b) apt to seize / plunder / harass / destroy. (c) apt to overpower / oppress. (4) overpowered / oppressed. See [[pariyuṭṭhānaṭṭhāyī]] (2). (5) that in which one overpowers / oppresses. See [[pariyuṭṭhāna-ṭṭhāna]].	senses printed twice, the first copy without the placeholders; translated once, «S1»-«S3» placed as in the second copy. 'ထိုးကျင့်' rendered 'acometer / assail'; check
215079	pariyuṭṭhānaṭṭhāyī	လွှမ်းမိုး - နှိပ်စက် - တတ်သည်၏အဖြစ်ဖြင့် တည်လေ့ရှိသော။ (၂) (ဒိဋ္ဌိသည်) လွှမ်းမိုး-နှိပ်စက်-အပ်သည်၏အဖြစ်ဖြင့် တည်လေ့ရှိ သော။	que suele permanecer en el estado de dominar / oprimir. (2) que suele permanecer en el estado de ser dominado / oprimido (por la *diṭṭhi*).	in the habit of abiding in the state of overpowering / oppressing. (2) in the habit of abiding in the state of being overpowered / oppressed (by *diṭṭhi*).	sense (1) unnumbered
215084	pariyuṭṭhānapaṭipakkha	ကြ - သောင်းကျန်း - မှု၏ ဆန့်ကျင်ဘက် (သမာဓိ)။ (-	lo opuesto al levantarse / al desmandarse (el *samādhi*).	the opposite of rising up / running riot (said of *samādhi*).	text begins 'ကြ' (probably 'ထကြ' truncated)
215091	pariyuṭṭhānappahāna	ကြ-သောင်းကျန်း-မှုကို ပယ်ရှားခြင်း၊ ပရိယု-ဋ္ဌာနပဟာန်။	el abandonar el levantarse / el desmandarse; el *pariyuṭṭhānapahāna*.	abandoning the rising up / running riot; *pariyuṭṭhānapahāna*.	text begins 'ကြ' (probably 'ထကြ' truncated); hyphen: ပရိယု-ဋ္ဌာနပဟာန် read as one word
215097	pariyuṭṭhānasakkāyadiṭṭhi	ထကြ - သောင်းကျန်း -။ ဧဝံ “သာနုသယာ”။	el levantarse / el desmandarse …	rising up / running riot …	text breaks off after 'ထကြ - သောင်းကျန်း -' (probably '…-သော သက္ကာယဒိဋ္ဌိ' lost)
215098	pariyuṭṭhānasaṅkhāra	ကြ- သောင်းကျန်း- တတ်သော အကုသိုလ် စေတနာ။	la *cetanā* insana que suele levantarse / desmandarse.	the unwholesome *cetanā* apt to rise up / run riot.	text begins 'ကြ' (probably 'ထကြ' truncated)
215105	pariyuṭṭhānānusayappahānakicca	ပရိယုဋ္ဌာန်, အနု-သယတို့ကို ပယ်ခြင်း-အမှု-ကိစ္စ။ ပရိယုဋ္ဌာနီယ	la acción / la función de abandonar el *pariyuṭṭhāna* y el *anusaya*.	the act / function of abandoning *pariyuṭṭhāna* and *anusaya*.	hyphen: အနု-သယ read as one word
215113	pariyuṭṭhāmi	လွှမ်းမိုး-နှိပ်စက်-၏။ «S1»	domino / oprimo. Véase [[pariyuṭṭhāti]].	I overpower / oppress. See [[pariyuṭṭhāti]].	1st person from the headword (-mi)
215114	pariyuṭṭhāya	ကြ-သောင်းကျန်း-၍။ (၂) မြှေးယှက်-ရစ် ပတ်-၍။	habiéndose levantado / desmandado. (2) habiendo enredado / envuelto.	having risen up / run riot. (2) having entangled / wound round.	text begins 'ကြ' (probably 'ထကြ' truncated); sense (1) unnumbered
215117	pariyuṭṭhita	ကြ-သောင်းကျန်း-သော။ (ခ) ဖမ်းယူ - လု ယက်- နှောင့်ယှက်- ဖျက်ဆီး- တတ်သော။ (၂)(က) ထိုးကျင့်အပ်သော၊ လွှမ်းမိုး-နှိပ်စက်-အပ်သော၊ လွှမ်းမိုး-နှိပ်စက်-ခံရသော။ (ခ) ဖမ်းယူ-လုယက်-နှောင့်ယှက်-ဖျက်ဆီး-အပ် သော၊ ဖမ်းယူ- လုယက်- နှောင့်ယှက်- ဖျက် ဆီး-ခံရသော။ (ဂ) ပူးဝင်အပ်သော၊ ပူးဝင်ခံရ သော။ (ဃ) အစဥ်လိုက်အပ်သော၊ အစဥ် လိုက်ခံရသော။ (င) မြှေးယှက်အပ်သော၊ မြှေး ပရိယုဋ္ဌိတ ယှက်ခံရသော။ (၃) (က) လွှမ်းမိုး-နှိပ်စက်-ရာ(အခါ)။ (ခ) ဖမ်းယူ-လုယက်-နှောင့်ယှက်-ဖျက်ဆီး-ရာ (လမ်းခရီး)။ (၁) (က) ထကြ-သောင်းကျန်း - သော။ ပရိယုဋ္ဌိတာန။ (ခ)ဖမ်းယူ-လုယက်-နှောင့်ယှက်-ဖျက်ဆီး-တတ်သော။ «S1» (၂)(က) ထိုးကျင့်အပ်သော၊ လွှမ်းမိုး-နှိပ်စက်-အပ်သော၊ လွှမ်းမိုး-နှိပ်စက်-ခံရသော။ (ခ) ဖမ်းယူ-လုယက်-နှောင့်ယှက်- ဖျက်ဆီး- အပ်သော၊ ဖမ်းယူ-လုယက်- နှောင့်ယှက်- ဖျက်ဆီး- ခံရသော။ ပရိယုဋ္ဌိတာ(ဣတိဝုတ်။ ၂၂၄)။ (ဂ) ပူးဝင်အပ်သော၊ ပူးဝင်ခံရသော။ «S2» (ဃ) အစဥ်လိုက် အပ်သော၊ အစဥ်လိုက်ခံရသော။ (င) မြှေး ယှက်အပ်သော၊ မြှေးယှက်ခံရသော။ ပရိ-ယုဋ္ဌိတာန။ (၃) (က) လွှမ်းမိုး-နှိပ်စက်-ရာ(အခါ)။ «S3» (ခ) ဖမ်းယူ-လုယက်-နှောင့်ယှက်-ဖျက်ဆီး-ရာ (လမ်းခရီး)။ «S4»	(1) (a) que se levanta / se desmanda. (b) que suele apresar / saquear / perturbar / destruir. Véase [[pariyuṭṭhi-tacora]]. (2) (a) acometido; dominado / oprimido; que sufre ser dominado / oprimido. (b) apresado / saqueado / perturbado / destruido; que sufre ser apresado / saqueado / perturbado / destruido. (c) poseído; que sufre posesión. Véase [[pariyuṭṭhitacitta]] (2). (d) perseguido; que sufre persecución. (e) enredado; que sufre ser enredado. (3) (a) aquello en que se domina / oprime (el momento). Véase [[pariyuṭṭhitakāla]]. (b) aquello en que se apresa / saquea / perturba / destruye (el camino). Véase [[pariyuṭṭhitamagga]].	(1) (a) rising up / running riot. (b) apt to seize / plunder / harass / destroy. See [[pariyuṭṭhi-tacora]]. (2) (a) assailed; overpowered / oppressed; suffering being overpowered / oppressed. (b) seized / plundered / harassed / destroyed; suffering being seized / plundered / harassed / destroyed. (c) possessed; suffering possession. See [[pariyuṭṭhitacitta]] (2). (d) pursued; suffering pursuit. (e) entangled; suffering entanglement. (3) (a) that in which one overpowers / oppresses (the time). See [[pariyuṭṭhitakāla]]. (b) that in which one seizes / plunders / harasses / destroys (the road). See [[pariyuṭṭhitamagga]].	senses printed twice, the first copy truncated at the start ('ကြ-') and without the placeholders; translated once, «S1»-«S4» placed as in the second copy
215119	pariyuṭṭhitacitta	(၁) လွှမ်း မိုး-နှိပ်စက်-အပ်သော စိတ်ရှိသော၊ လွှမ်းမိုး-နှိပ်စက်-ခံရသော စိတ်ရှိသော၊ သူ။ (၂) ပူးဝင် အပ်သော စိတ်ရှိသော၊ ပူးဝင်ခံရသော စိတ် ရှိသော၊ သူ။ (၁) လွှမ်းမိုး-နှိပ်စက်-အပ်သော စိတ်ရှိသော၊ လွှမ်းမိုး-နှိပ်စက်-ခံရသော စိတ် ရှိသော၊ သူ။ (၂) ပူးဝင်အပ်သော စိတ်ရှိသော၊ ပူးဝင်ခံရသော စိတ်ရှိသော၊ သူ။	(1) que tiene la mente dominada / oprimida; que tiene la mente que sufre ser dominada / oprimida (dicho de una persona). (2) que tiene la mente poseída; que tiene la mente que sufre posesión (dicho de una persona).	(1) having a mind overpowered / oppressed; having a mind that suffers being overpowered / oppressed (said of a person). (2) having a mind possessed; having a mind that suffers possession (said of a person).	senses printed twice; translated once
215126	pariyudāsa	တူမျှသော (အလားတူ) အနက်ကို ယူ၍ နောက်ပုဒ် အနက်ကို တားမြစ်ခြင်း၊ ပရိယုဒါသပဋိ-သေဓ။	el negar el significado de la palabra posterior tomando un significado semejante (similar); el *pariyudāsapaṭisedha*.	negating the meaning of the latter word by taking a like (similar) meaning; *pariyudāsapaṭisedha*.	hyphen: ပရိယုဒါသပဋိ-သေဓ read as one word
215129	pariyeṭṭhi	(၁) ရှာမှီးခြင်း၊ အဖန်ဖန် ရှာမှီး ခြင်း။ (၂) ရှာမှီးကြောင်း (နေတ္တိ)။ (၁) ရှာမှီး ခြင်း၊ အဖန်ဖန် ရှာမှီးခြင်း။ ပရိ-ယေဋ္ဌီ။ (၂) ရှာမှီးကြောင်း(နေတ္တိ)။	(1) el buscar; el buscar una y otra vez. (2) aquello por lo que se busca.	(1) seeking; seeking again and again. (2) that by which one seeks.	senses printed twice; translated once. '(နေတ္တိ)' after (2) taken as a source tag (Netti) and left out
215131	pariyeṭṭhivepakka	မှီးခြင်းဟူသော အကျိုးရှိသော။	que tiene como resultado el buscar.	having seeking as its result.	text begins 'မှီး' (probably 'ရှာမှီး' truncated)
215134	pariyesa	ရှာမှီးလော့။ အောက်ပုဒ်-ကြည့်။	busca. Véase la entrada siguiente.	seek. See the next headword.	imperative
215136	pariyesatu	ရှာမှီးလော့။ «S1»	que busque. Véase [[pariyesati]].	let him seek. See [[pariyesati]].	imperative
215138	pariyesatha	ရှာမှီးကုန်လော။ «S1»	buscad. Véase [[pariyesati]].	seek (plural). See [[pariyesati]].	'လော' under an imperative headword read as the imperative 'လော့' (misprint)
215139	pariyesana	(၁) ရှာမှီးခြင်း။ (၂) ရှာမှီးကြောင်း။ (တိ) (၃) ရှာမှီး တတ်သော၊ သူ။ (၄) ရှာမှီးအပ်သော။ (၅) ရှာမှီးရာ(အခါ)။ (၁) ရှာမှီးခြင်း။ ပရိယေသနက။ (၂) ရှာမှီးကြောင်း။ (၃) ရှာမှီးတတ်သော။ (၄) ရှာမှီး အပ်သော။ «S1» (၅) ရှာမှီးရာ (အခါ)။ «S2»	(1) el buscar. (2) aquello por lo que se busca. (adjetivo) (3) que suele buscar (dicho de una persona). (4) buscado. Véase [[pariyesanāpadabandha]]. (5) aquello en que se busca (el momento). Véase [[pariyesanakāla]].	(1) seeking. (2) that by which one seeks. (adjective) (3) apt to seek (said of a person). (4) sought. See [[pariyesanāpadabandha]]. (5) that in which one seeks (the time). See [[pariyesanakāla]].	senses printed twice, the first copy without the placeholders; translated once, «S1»-«S2» placed as in the second copy
215145	pariyesanakkhetta	မှီးရာ- ခေတ်- အခါ။ ပရိယေသနဒုက္ခမူလ။	el período / el momento en que se busca.	the period / time in which one seeks.	text begins 'မှီး' (probably 'ရှာမှီး' truncated)
215155	pariyesanamattā	မှီးခြင်း၌ အတိုင်းအရှည်။	la medida en el buscar.	the measure in seeking.	text begins 'မှီး' (probably 'ရှာမှီး' truncated)
215166	pariyesanāraha	ရှာမှီးခြင်းငှာ ထိုက်သော။ «S1» ပရိယေသနုပါယ (ပု) ရှာ မှီးခြင်း၏အကြောင်း။	digno de ser buscado. Véase [[pariyesita]].	worthy of being sought. See [[pariyesita]].	a further article is run in: 'ပရိယေသနုပါယ (ပု)' (the means of seeking); left out
215167	pariyesanta	ရှာမှီးသော၊ ရှာဖွေ-စုံစမ်း-သော၊ သူ။ ပရိယေသန္တိ ပရိယေသန္တိ (ကြိ) [(ဧသ)+အ+အန္တိ] ရှာမှီးကုန်၏။ «S1»	que busca; que indaga / investiga (dicho de una persona). — *pariyesanti* (verbo): buscan. Véase [[pariyesati]].	seeking; searching / investigating (said of a person). — *pariyesanti* (verb): they seek. See [[pariyesati]].	a further article, 'ပရိယေသန္တိ (ကြိ)', is run in and carries the «S1»; rendered after '—'
215170	pariyesantu	ရှာမှီးကုန်လော့။ «S1»	que busquen. Véase [[pariyesati]].	let them seek. See [[pariyesati]].	imperative
215176	pariyesāma	ရှာမှီးကုန်၏။ «S1»	buscamos. Véase [[pariyesati]].	we seek. See [[pariyesati]].	1st person from the headword (-āma)
215177	pariyesāmi	မှီး၏။ «S1»	busco. Véase [[pariyesati]].	I seek. See [[pariyesati]].	1st person from the headword (-āmi); text begins 'မှီး' (probably 'ရှာမှီး' truncated)
215178	pariyesāhi	ရှာမှီးလော့။ «S1»	busca. Véase [[pariyesati]].	seek. See [[pariyesati]].	imperative
215180	pariyesiṁ	ရှာမှီးပြီ။ «S1»	busqué. Véase [[pariyesati]].	I sought. See [[pariyesati]].	1st person from the headword (-iṁ)
215184	pariyesitabba	မှီး - အပ် - သင့် - ထိုက် - သော။	que ha de ser buscado / que conviene / que merece ser buscado.	to be sought / fit / worthy to be sought.	text begins 'မှီး' (probably 'ရှာမှီး' truncated)
215188	pariyesituṁ	မှီးခြင်းငှာ။	para buscar.	in order to seek.	text begins 'မှီး' (probably 'ရှာမှီး' truncated)
215193	pariyesissaṁ	မှီးလတ်အံ့။ «S1»	buscaré. Véase [[pariyesati]].	I shall seek. See [[pariyesati]].	text begins 'မှီး' (probably 'ရှာမှီး' truncated)
215217	pariyogāl̤ha	ဝင်တတ်သော (ဉာဏ်)။ (၂) သက်ဝင်အပ် သော၊ ဉာဏ်ဖြင့် သက်ဝင်အပ်သော(တရား)။ (၂) ပရိယောဂာဠှေနာ။	que suele adentrarse (el conocimiento). (2) en que se ha adentrado; en que se ha adentrado con el conocimiento (el estado).	apt to enter into (said of knowledge). (2) entered into; entered into with knowledge (said of a state).	text begins 'ဝင်' (probably 'သက်ဝင်' truncated); sense (1) unnumbered
215218	pariyogāl̤hadhamma	ဝင်အပ်ပြီးသော သစ္စာတရားရှိသော၊ သစ္စာ တရားသို့ သက်ဝင်ပြီးသော၊ သူ။ «S1»	que tiene la *saccā* en que ya se ha adentrado; que ya se ha adentrado en la *saccā* (dicho de una persona). Véase también [[diṭṭhadhamma]].	having *saccā* already entered into; that has already entered into *saccā* (said of a person). See also [[diṭṭhadhamma]].	text begins 'ဝင်' (probably 'သက်ဝင်' truncated)
215219	pariyogāl̤hasaddhamma	သင်ဝင်အပ်ပြီးသော သူတော်ကောင်းတရား ရှိသော၊ သူတော်ကောင်းတရားသို့ သက်ဝင် ပြီးသော၊ သူ။	que tiene la Enseñanza de los hombres de bien en que ya se ha adentrado; que ya se ha adentrado en la Enseñanza de los hombres de bien (dicho de una persona).	having the Teaching of the good already entered into; that has already entered into the Teaching of the good (said of a person).	'သင်ဝင်' read as 'သက်ဝင်' (misprint)
215231	pariyodapentī	စင်-သန့်ရှင်း-စေသော ထေရီမ။ «S1»	la *therī* que hace inmaculado / limpio. Véase [[pariyo-dapenta]].	the *therī* who makes spotless / clean. See [[pariyo-dapenta]].	text begins 'စင်' (probably 'ဖြူစင်' truncated)
215237	pariyodātaṭṭha	စင်-သန့်ရှင်း-သော အနက်သဘော။	el significado de inmaculado / limpio.	the meaning of spotless / clean.	text begins 'စင်' (probably 'ဖြူစင်' truncated)
215241	pariyodātamagga	စင်-သန့်ရှင်း-သော အကြောင်း။ ပရိယော-ဒါတမဂ္ဂ။	la causa inmaculada / limpia.	the spotless / clean cause.	text begins 'စင်' (probably 'ဖြူစင်' truncated)
215250	pariyodhāya	ကာကွယ်-ပိတ်ဆို့-နှိမ်နင်း-၍။ (၂) (ထိုထို အကြောင်းကို) ထည့်သွင်း၍။ (၃) (အပြစ် ကို) ဖုံးလွှမ်း - ကာကွယ်-၍။	habiendo protegido / cerrado / reprimido. (2) habiendo introducido (tal o cual causa). (3) habiendo cubierto / protegido (la falta).	having protected / closed off / suppressed. (2) having put in (this or that cause). (3) having covered / shielded (the fault).	sense (1) unnumbered
215251	pariyonaddha	(၁) မြှေး ယှက်-ဖုံးလွှမ်း-တတ်သော၊ သူ။ (၂) မြှေး ယှက်-ဖုံးလွှမ်း-အပ်သော၊ ထက်ဝန်းကျင်မှ-မြှေးယှက်- ဖွဲ့စပ်- ရစ်ပတ်- ဖုံးလွှမ်း- အပ် သော။ (၃) မြှေးယှက်-ဖုံးလွှမ်း-ရာ (အခါ)။ (၃)  «S1»	(1) que suele envolver / cubrir (dicho de una persona). (2) envuelto / cubierto; envuelto / atado / enrollado / cubierto por todos lados. (3) aquello en que se envuelve / cubre (el momento). (3) Véase [[pari-yonaddhakāla]].	(1) apt to envelop / cover (said of a person). (2) enveloped / covered; enveloped / bound / wound / covered from all round. (3) that in which one envelops / covers (the time). (3) See [[pari-yonaddhakāla]].	trailing '(၃) «S1»' kept as printed
215254	pariyonandhati	မြှေး ယှက်- ဖွဲ့စပ်- ရစ်ပတ်- ဖုံးလွှမ်း- ၏။ (ပရိယောနဒ္ဓ-လည်း ကြည့်။	envuelve / ata / enrolla / cubre. (Véase también [[pariyonaddha]].)	envelops / binds / winds round / covers. (See also [[pariyonaddha]].)	'see also' left in the Burmese; closing bracket missing in the source, supplied
215258	pariyonandhantī	မြှေး ယှက်-ဖုံးလွှမ်း-သော မာလောနွယ်, ဒိဋ္ဌိ။ «S1»	que envuelve / cubre: la enredadera ‹မာလောနွယ်›, la *diṭṭhi*. Véase [[pari-yonandhanta]].	enveloping / covering: the ‹မာလောနွယ်› creeper, *diṭṭhi*. See [[pari-yonandhanta]].	‹မာလောနွယ်› left in Burmese (probably the māluvā creeper)
215259	pariyonandhāpetvā	မြှေးယှက် - ဖုံးလွှမ်း - စေ၍၊ သားရေဖြင့် ကျက်စေ၍။	habiendo hecho envolver / cubrir; habiendo hecho forrar con cuero.	having caused to envelop / cover; having caused to be covered with leather.	'ကျက်' in 'သားရေဖြင့် ကျက်စေ၍' uncertain; read as 'cover / bind'
215269	pariyonāhana	မြှေး ယှက်-နှောင်ဖွဲ့-ဖုံးလွှမ်း-တတ်သော။ ပရိယောသာန၁(တိ)[=သာ+ယု။ အာသယေ သော ဒိ နိသာန-နာသနေ အဝ ဩသိတေ။ ] (က) ပြီးဆုံး ခြင်း၊ အဆုံးအစွန်-အဖျား-နိဂုံး။ (ခ) နိဗ္ဗာန်။ (ဂ) အရဟတ္တဖိုလ်။	que suele envolver / amarrar / cubrir.	apt to envelop / tie / cover.	a further article is run in: 'ပရိယောသာန၁ (တိ)' ((a) completion; the end / extremity / conclusion; (b) nibbāna; (c) the fruit of arahantship); left out
215281	pariyosānaṅgabhāva	အဆုံးအစွန်ဖြစ်သော ကိုယ်အင်္ဂာ၏ အဖြစ်။	el hecho de ser el miembro del cuerpo que es el extremo final.	the state of being the bodily limb that is the very end.	ကိုယ်အင်္ဂါ read as 'bodily limb'; sense of the compound unclear
215289	pariyosānapañha	အဆုံးအစွန်ဖြစ်သော-အမေး-ပုစ္ဆာ-ပြဿနာ။	la pregunta / *pucchā* / cuestión que es la última.	the question / *pucchā* / problem that is the last.	label တိ (adjective) but glossed as a noun
215295	pariyosānabhaddaka	အဆုံး၌ ကောင်းသော၊ အဆုံး၌ ကောင်းခြင်းရှိသော (တရား)။	bueno al final; que tiene bondad al final (la Enseñanza).	good at the end; having goodness at the end (the Teaching).	(တရား) read as the Teaching
215304	pariyosānupacāra	အဆုံးစွန်ဖြစ်သော-ပြုကျင့်ဖွယ်အကျင့်-လုပ်ကျွေးခစားခြင်း-ပူဇော်ခြင်း-ဉာဏ်ပူဇော် ခြင်း၊ ဉာဏ်ပူဇော်ခ။ «S1»	la conducta que se ha de practicar / el servir y atender / el honrar / el honrar el conocimiento, que es el último; la ofrenda por el conocimiento. Véase también [[upacāra]].	the conduct to be practised / serving and attending / honouring / honouring knowledge, that is the last; the offering for knowledge. See also [[upacāra]].	ဉာဏ်ပူဇော်ခ read as an offering or fee honouring (a teacher's) knowledge; check
215331	parirakkhaṇeyya	စောင့်ရှောက်-စောင့် စည်း-အပ်သော။	que ha de ser protegido / resguardado.	to be protected / guarded.	label န (neuter) but glossed as an adjective
215373	parivajjayissaṁ	ရှောင်ကြဥ်-ရှောင်ရှား-စွန့်ပစ် - စွန့်ခွာ - ခဲ့ပြီ။ «S1»	evitó / eludió / desechó / dejó. Véase [[parivajjayati]].	avoided / shunned / cast off / forsook. See [[parivajjayati]].	Burmese gives a past (ခဲ့ပြီ) for a form that looks future/conditional (-issaṁ)
215411	parivaṭumabhāva	အဆုံး-အပိုင်းအခြား-၏ အဖြစ်။ ပြတ်ပြီးသော ဝဋ် ရှိသည်၏အဖြစ်။ ထက်ဝန်းကျင်မှ ပြတ်သည်၏အဖြစ်။ ဝဋ်တရား၌ တစ်ဖန် မလည်သောသဘော။ တစ်ဖန်လည်၍ မဖြစ်ပြန်သဘော။ ပရိဝဋုမ၁ (၂)အနက်, ပရိဝဋုမ၃ (၃)အနက်လည်းကြည့်။	el hecho de ser fin / límite. El hecho de tener el *vaṭṭa* cortado. El hecho de estar cortado por todos lados. La naturaleza de no volver a girar en el *vaṭṭa*. La naturaleza de no volver a surgir girando. Véanse también [[parivaṭuma]] 1, sentido (2), y *parivaṭuma* 3, sentido (3).	the state of being an end / limit. The state of having the *vaṭṭa* cut off. The state of being cut off on all sides. The nature of not turning again in the *vaṭṭa*. The nature of not arising again by turning. See also [[parivaṭuma]] 1, sense (2), and *parivaṭuma* 3, sense (3).	'see X' left in the Burmese with homograph and sense numbers
215412	parivaṭṭa	(၁) ပြန်လှန်စေ-လဲ လှယ်-လှည့်ပတ်-ခြင်း။ (တိ) (၂) လှည့်ပတ် ၍ အဆက်ဆက်ဖြစ်တတ်သော (ဆွေမျိုး)။ (၃) နှောင်ဖွဲ့တတ်သော (ဆွေမျိုး)၊ ဆွေမျိုး အသိုင်းအဝိုင်း။ (၄) အဆက်ဆက် - အစဥ် အဆက်-ဖြစ်သော။ (၅)ပြန်လည်-လှည့်ပတ်-ကြောင်း (တရား)။ (၁) ပြန်လှန်စေ-လဲလှယ်-လှည့်ပတ်-ခြင်း။ (တိ) (၂) လှည့်ပတ်၍ အဆက်ဆက် ဖြစ်တတ်သော (ဆွေမျိုး)။ (၃) နှောင်ဖွဲ့ တတ်သော(ဆွေမျိုး)၊ ဆွေမျိုးအသိုင်းအဝိုင်း။ အာဗန္ဓနဋ္ဌေနာတိ အာဒိနာ ပေမဝသေန ပရိစ္ဆေဒံ ကတွာ ဗန္ဓနဋ္ဌေန၊ ဧတေန အာဗန္ဓနတ္ထော ပရိဝဋ္ဋ-သဒ္ဒေါတိ ဒဿေတိ။ (၄) အဆက်ဆက်-အစဥ် အဆက်- ဖြစ်သော။ (ဝိ၊သင်္ဂဟ။ ) (၅) ပြန် လည်-လှည့်ပတ်-ကြောင်း (တရား)။	(1) el hacer volver / intercambiar / girar. (adjetivo) (2) que suele darse sucesivamente, girando (los parientes). (3) que suele atar (los parientes); el círculo de parientes. (4) que se da sucesivamente / en serie continua. (5) (el estado) que es causa de retornar / girar.	(1) causing to turn back / exchanging / turning round. (adjective) (2) apt to occur in succession, going round (kinsfolk). (3) apt to bind (kinsfolk); the circle of kinsfolk. (4) occurring in succession / in continuous series. (5) (the state) that is the cause of returning / turning round.	(တရား) in sense (5) read as 'state'
215418	parivaṭṭamāna	လည်းသော၊ ထိုမှ ဤမှ လူးလှိမ့်သော၊ သူ။ (၂) လည်ပတ်-လိမ့်-သော။	que se revuelca; que rueda de un lado a otro (dicho de una persona). (2) que gira / rueda.	rolling about; rolling this way and that (said of a person). (2) turning / rolling.	text begins 'လည်းသော' (probably 'လူးလည်းသော' truncated) and has no '(၁)'
215424	parivaṭṭeti	စေ၏၊ တိုက်ခတ်-တိုက်ခိုက်-၏။ ပရိဝဋ္ဋေသီ။	hace (…); golpea / ataca.	causes (…); strikes / attacks.	text begins 'စေ၏' (the verb before the causative is lost, probably truncated)
215425	parivaṭṭetvā	ပတ်-လည်ကျ-၍။ (၂) လှည့်ပတ်-ပြန်လှန်-လဲလှယ်-၍။ (၃) လူးလည်း၍၊ ထိုမှ ဤမှ လှိမ့်၍။ (၁) လည်ပတ် - လည်ကျ - ၍။ (၂) လှည့်ပတ်-ပြန်လှန်-လဲလှယ်-၍။ (၃) လူးလည်း၍၊ ထိုမှ ဤမှ လှိမ့်၍။	(1) habiendo girado / caído dando vueltas. (2) habiendo girado / revertido / intercambiado. (3) habiendo rodado; habiendo rodado de un lado a otro.	(1) having spun / fallen spinning. (2) having turned / reversed / exchanged. (3) having rolled about; having rolled this way and that.	first copy begins 'ပတ်-လည်ကျ-၍' (truncated); translated from the full second copy
215426	parivaṭṭenta	လည်းသော၊ ထိုမှ ဤမှ လူးလှိမ့်သော၊ သူ။ (၂) လှည့်ပတ်-လိမ့်-စေသော၊ သူ။	que se revuelca; que rueda de un lado a otro (dicho de una persona). (2) que hace girar / rodar (dicho de una persona).	rolling about; rolling this way and that (said of a person). (2) causing to turn / roll (said of a person).	text begins 'လည်းသော' (probably 'လူးလည်းသော' truncated) and has no '(၁)'
215427	parivaṭṭesi	စေပြီ၊ တိုက်ခတ်-တိုက်ခိုက်-ပြီ။ «S1»	hizo (…); golpeó / atacó. Véase [[parivaṭṭeti]].	caused (…); struck / attacked. See [[parivaṭṭeti]].	text begins 'စေပြီ' (the verb before the causative is lost, probably truncated)
215439	parivatta	(၁) လှည့်လည်-လှည့်ပတ်-သော(လှေစသည်)။ (၂) ပြောင်း လွဲ-ဖောက်ပြန်-သော။ (၃) လဲလှယ်-ဖလှယ်-အပ်သော။ (၄) ပရိဝတ္တာဟာရ၊ ဆန့်ကျင် ဘက် တရားတို့ကို- ပြန်လည်စေ-ပယ်-ခြင်း။ (၅) ပြန်လှန် သရဇ္ဈာယ်ခြင်း။ (၁) လှည့်လည်-လှည့်ပတ်-သော(လှေ စသည်)။ (၂) ပြောင်းလွဲ-ဖောက်ပြန်-သော။ (၃) လဲလှယ်-ဖလှယ်-အပ်သော။ သာရတ္ထ၊ ပရိဝတ္တက ၂။ (၄) ပရိဝတ္တာဟာရ၊ ဆန့်ကျင်ဘက်တရား တို့ ကို-ပြန်လည်စေ-ပယ်-ခြင်း။ (၅) ပြန်လှန် သရဇ္ဈာယ် ခြင်း။ «S1»	(1) que gira / da vueltas (una barca y demás). (2) que se altera / se trastoca. (3) cambiado / trocado. (4) el *parivattāhāra*; el hacer volver / abandonar los estados opuestos. (5) el recitar repasando en uno y otro sentido. Véase [[parivattadassana]].	(1) turning / revolving (a boat and so on). (2) changing / being perverted. (3) exchanged / bartered. (4) the *parivattāhāra*; the causing to turn back / abandoning of the opposite states. (5) reciting back and forth. See [[parivattadassana]].	sense (5) ပြန်လှန် သရဇ္ဈာယ်ခြင်း: 'reciting back and forth' or 'reciting in reverse order', check
215440	parivattaka	(၁) လှည့်လည်ခြင်း။ (တိ) (၂) လူးလည်း သော၊ ထိုမှ ဤမှ လူးလှိမ့်သော၊ သူ။ (၃) လှည့်ပတ်အပ်သော။ (၄) လဲလှယ်-ဖလှယ်-သော၊ သူ။ (၅) လဲလှယ်-ဖလှယ်-အပ်သော။ (၆) အပြန်အလှန် မွှေနှောက်အပ်သော။ (၁) လှည့်လည်ခြင်း။ (၂) လူးလည်း သော၊ ထိုမှ ဤမှ လူးလှိမ့်သော၊ သူ။ «S1» (၃) လှည့်ပတ်အပ် သော။ «S2» (၄) လဲလှယ်-ဖလှယ်-သော၊ သူ။ (၅) လဲလှယ်-ဖလှယ်-အပ်သော။ “ဒဿာမီ”။ (၆)အပြန်အလှန် မွှေနှောက်အပ်သော။	(1) el girar. (adjetivo) (2) que se revuelca; que rueda de un lado a otro (dicho de una persona). Véase [[pari-vattakajāta]]. (3) girado. Véase [[parivattakadvāra]]. (4) que cambia / intercambia (dicho de una persona). (5) cambiado / intercambiado. (6) removido en uno y otro sentido.	(1) turning. (adjective) (2) rolling about; rolling this way and that (said of a person). See [[pari-vattakajāta]]. (3) turned. See [[parivattakadvāra]]. (4) changing / exchanging (said of a person). (5) changed / exchanged. (6) stirred back and forth.	«S1», «S2» stand in the second copy of the senses; placed after senses (2) and (3)
215444	parivattakkhandha	လည်ကျ သော ခန္ဓာကိုယ်ရှိသော၊ သူ။	que tiene el cuerpo caído dando vueltas (dicho de una persona).	having a body that has fallen spinning (said of a person).	လည်ကျ သော ခန္ဓာကိုယ်: sense unclear ('twisted' or 'fallen rolling' body)
215447	parivattadassana	ပြန်လှန် သရဇ္ဈာယ်ခြင်းကို ပြခြင်း။	el mostrar el recitar repasando en uno y otro sentido.	the showing of reciting back and forth.	ပြန်လှန် သရဇ္ဈာယ်ခြင်း: 'reciting back and forth' or 'in reverse order', check
215448	parivattana	(၁) လည်-လည် ပတ်-ခြင်း။ (၂) လှည့်ပတ်-ပြောင်းလဲ-ခြင်း။ (၃) လဲလှယ်- ဖလှယ်- ခြင်း။ (၄) ပြန်ခြင်း၊ ဖောက်ပြန်-ပြောင်းလဲ-ခြင်း။ (၅) ပြောင်းရွှေ့-ပြောင်းလဲ-ခြင်း။ (၆) ပြန်လှန်ခြင်း၊ ထက် အောက် ပြောင်းပြန်လှန်ခြင်း။ (၇) လူးလည်း-လူးလှိမ့်-ခြင်း။ (၈) ပြန်လည်စေခြင်း၊ ပယ် ခြင်း။ (၉) ပရိဝတ္တာဟာရ၊ ဆန့်ကျင်ဘက် တရားတို့ကို-ပြန်လည်စေ-ပယ်-ခြင်း လက္ခ ဏာရှိသောဟာရ။ (၁၀) အလျင်အမြန်ဖြစ် ခြင်း။ (၁၁) လှည့်ပတ်၍ ပြောဟောခြင်း၊ ပရိယာယ်အားဖြင့် ပြောဟောခြင်း။ (၁၂) အပြန်အလှန် မွှေနှောက်ခြင်း။ (၁၃) ရွတ်ဆို စေခြင်း၊ ပို့ချခြင်း။ (၁၄) ပြန်လှည့်ခြင်း။ (၁၅) မြှောက်ချီ၍ ပစ်ချခြင်း။ (၁၆) လှိမ့်ချခြင်း။ (၁၇) အဆက်ဆက်-အစဥ်အဆက်-ဖြစ်ခြင်း။ (၁၈) ချည်ကို ရစ်ကြောင်းဖြစ်သော ဒုတ်ငယ် ယန္တြား၊ ဝင်ရိုး၊ ဒုတ်တန်။ (၁၉) ရွတ်ဆို-သရဇ္ဈာယ်- ခြင်း။ (တိ) (၂၀) ရွတ်ဆို-ပရိဝတ္တန သရဇ္ဈာယ်- အပ်သော။ (၂၁) လဲလှယ်-ဖလှယ်-အပ်သော။ (၁) လည်-လည်ပတ်-ခြင်း။ (၂) လှည့်ပတ်- ပြောင်းလဲ- ခြင်း။ (၃) လဲလှယ်-ဖလှယ်-ခြင်း။ (၄) ပြန်ခြင်း၊ ဖောက်ပြန် - ပြောင်းလဲ - ခြင်း။ (၅) ပြောင်းရွှေ့-ပြောင်းလဲ - ခြင်း။ (၆) ပြန်လှန် ခြင်း၊ ထက်အောက် ပြောင်းပြန်လှန်ခြင်း။ “သီဟော”။ (၇) လူးလည်း-လူးလှိမ့် - ခြင်း။ (၈) ပြန်လည်စေခြင်း၊ ပယ်ခြင်း။ (၉) ပရိဝတ္တာဟာရ၊ ဆန့် ကျင်ဘက်တရားတို့ကို- ပြန်လည်စေ- ပယ်-ခြင်း။ (၁၀) အလျင် အမြန်ဖြစ်ခြင်း။ (၁၁) လှည့်ပတ်၍ ပြောဟောခြင်း၊ ပရိယာယ်အားဖြင့် ပြောဟောခြင်း။ (၁၂) အပြန်အလှန် မွှေနှောက်ခြင်း။ (၁၃) ရွတ်ဆို စေခြင်း၊ ပို့ချခြင်း။ (၁၄) ပြန်လှည့်ခြင်း။ (၁၅) မြှောက်ချီ၍ ပစ်ချခြင်း။ «S1» (၁၆) လှိမ့်ချ ခြင်း။ (၁၇) အဆက် ဆက်- အစဥ်အဆက်- ဖြစ်ခြင်း။ (၁၈) ချည်ကို ရစ် ကြောင်းဖြစ်သော ဒုတ် ငယ်ယန္တြား၊ ဝင်ရိုး၊ ဒုတ်တန်။ (ဝိ၊သင်္ဂဟ။ ၄၁၇)။ (၁၉) ရွတ်ဆို-သရဇ္ဈာယ်-ခြင်း။ «S2» (၂၀) ရွတ်ဆို-သရဇ္ဈာယ်-အပ်သော။ «S3» (၂၁) လဲလှယ်-ဖလှယ်-အပ် သော။ «S4»	(1) el girar / dar vueltas. (2) el girar / cambiar. (3) el cambiar / intercambiar. (4) el volver; el trastocarse / cambiar. (5) el trasladar / cambiar. (6) el dar la vuelta; el voltear de arriba abajo. (7) el revolcarse / rodar. (8) el hacer volver; el abandonar. (9) el *parivattāhāra*; el *hāra* que tiene la característica de hacer volver / abandonar los estados opuestos. (10) el producirse rápidamente. (11) el exponer dando rodeos; el exponer por vía indirecta (*pariyāya*). (12) el remover en uno y otro sentido. (13) el hacer recitar; el enseñar. (14) el volverse. (15) el levantar y arrojar abajo. Véase [[parivattanattha]]. (16) el hacer rodar hacia abajo. (17) el darse sucesivamente / en serie continua. (18) el pequeño palo o mecanismo en que se enrolla el hilo; el eje; la vara. (19) el recitar / repasar. Véase [[parivattanakkhama]]. (adjetivo) (20) recitado / repasado. Véase [[parivattana-manta]]. (21) cambiado / intercambiado. Véase [[parivattanadhanadhañña]].	(1) turning / revolving. (2) turning round / changing. (3) exchanging / bartering. (4) returning; being perverted / changing. (5) shifting / changing. (6) turning over; turning upside down. (7) rolling about / rolling over. (8) causing to turn back; abandoning. (9) the *parivattāhāra*; the *hāra* that has the characteristic of causing to turn back / abandoning the opposite states. (10) occurring quickly. (11) speaking in a roundabout way; speaking indirectly (*pariyāya*). (12) stirring back and forth. (13) causing to recite; teaching. (14) turning back. (15) lifting up and throwing down. See [[parivattanattha]]. (16) rolling down. (17) occurring in succession / in continuous series. (18) the small stick or device on which thread is wound; the axle; the rod. (19) reciting / rehearsing. See [[parivattanakkhama]]. (adjective) (20) recited / rehearsed. See [[parivattana-manta]]. (21) exchanged / bartered. See [[parivattanadhanadhañña]].	«S1»–«S4» stand in the second copy of the senses; placed after senses (15), (19), (20), (21). The label (တိ) before (20) is given in the first copy only
215449	parivattanaka	(၂) လဲလှယ်-ဖလှယ်-အပ်သော။ (၁)  «S1» (၂)  «S2»	(2) cambiado / intercambiado. (1) Véase [[parivattanapāda]]. (2) Véase [[parivattanakadhana-dhañña]].	(2) exchanged / bartered. (1) See [[parivattanapāda]]. (2) See [[parivattanakadhana-dhañña]].	garbled: sense (2) printed before (1), and senses (1) and (2) are left with only their placeholders
215450	parivattanakathā	လှယ်-ဖလှယ်-ခြင်းကို ဆိုရာစကား၊ ပရိဝတ္တ-နကထာ။	las palabras que hablan del cambiar / intercambiar.	the talk that speaks of exchanging / bartering.	text begins 'လှယ်' (probably 'လဲလှယ်' truncated)
215452	parivattanakapāda	သောခြေရှိသော၊ သူ။	que tiene pies (…) (dicho de una persona).	having feet that (…) (said of a person).	truncated: text begins 'သောခြေရှိသော'; the adjective qualifying the feet is lost
215454	parivattanakāraṇa	ဖြစ် ခြင်း၏ အကြောင်း။	la causa del surgir.	the cause of arising.	text may be truncated at the start ('ဖြစ် ခြင်း၏ အကြောင်း')
215455	parivattanakīl̤ā	အောက် ပြောင်းပြန်လှန်သောအားဖြင့် ကစား ခြင်း၊ ကျွမ်းထိုး၍ ကစားခြင်း။	el jugar volteándose de arriba abajo; el jugar dando volteretas.	playing by turning upside down; playing by turning somersaults.	text begins 'အောက် ပြောင်းပြန်' (probably 'ထက်အောက်' truncated)
215461	parivattanadhanadhañña	လှယ်-ဖလှယ်-အပ်သော ဥစ္စာ စပါး။ ပရိ-ဝတ္တဓနဓညဝသေနာ။	la riqueza y el grano cambiados / intercambiados.	wealth and grain exchanged / bartered.	text begins 'လှယ်' (probably 'လဲလှယ်' truncated)
215466	parivattanappasaṅga	လဲလှယ်-ဖလှယ်-ခြင်း၌ ယုံမှား ငြိကပ်ခြင်း။	la sospecha y el quedar implicado en el cambiar / intercambiar.	suspicion and getting entangled in exchanging / bartering.	ယုံမှား ငြိကပ်ခြင်း: sense uncertain ('doubtful attachment' / 'consequence' for pasaṅga)
215473	parivattanasamattha	လှည့်လည်ခြင်းငှာ စွမ်းနိုင်သော။ (၂) ဖြစ်ခြင်း-ပြောင်းလွှဲခြင်း-ငှာ စွမ်းနိုင်သော။	capaz de girar. (2) capaz de surgir / cambiar.	able to revolve. (2) able to arise / change.	no '(၁)' before the first sense
215474	parivattanahāra	ပရိဝတ္တ-နဟာရ၊ ဆန့်ကျင်ဘက်တရားတို့ကို - လည် စေ- ပယ်- ခြင်း လက္ခဏာရှိသောဟာရ။	el *parivattanahāra*; el *hāra* que tiene la característica de hacer girar / abandonar los estados opuestos.	the *parivattanahāra*; the *hāra* that has the characteristic of causing to revolve / abandoning the opposite states.	hyphen: ပရိဝတ္တ-နဟာရ read as one word
215477	parivattanahārasampāta	ပရိဝတ္တနဟာရသမ္ပာတဝါရ။	el *parivattanahārasampātavāra*.	the *parivattanahārasampātavāra*.	the gloss only restates the headword in Pāḷi form
215478	parivattanahārānantara	ပရိဝတ္တနဟာရ၏-အခြားမဲ့-အခြား မရှိရာ-အခါ။	el momento inmediatamente siguiente / sin intervalo al *parivattanahāra*.	the time immediately following / without interval after the *parivattanahāra*.	label တိ (adjective) but glossed as a noun
215484	parivattamāna	လည်- လည်ပတ်- သော။ (၂) ဖောက်ပြန်-ပြောင်းလဲ-သော။ (၃) ထက်အောက် ပြောင်း ပြန်-ပြန်လှန်-အပ်သော။ (၄) လူးလည်း-လူး လှိမ့်-သော။ (၅) ပြန်လှည့် - နောက်ဆုတ်-သော။ (၆) ဖြစ်သော။ (၇) တုန်လှုပ်-ချောက် ချား-သော။ (၈) လည်ပတ်ကြောင်းဖြစ်သော (ဘီး)။ (၁) လည်-လည်ပတ်-သော။ (၂) ဖောက် ပြန်-ပြောင်းလဲ-သော။ (၃) ထက် အောက် ပြောင်းပြန်- ပြန်လှန်- အပ်သော။ (၄) လူး လည်း-လူးလှိမ့်-သော။ (၅) ပြန်လှည့်-နောက်ဆုတ်-သော။ (၆) ဖြစ်သော။ (၇) တုန် လှုပ်-ချောက်ချား-သော။ (၈) လည်ပတ်ကြောင်းဖြစ်သော (ဘီး)။	(1) que gira / da vueltas. (2) que se trastoca / cambia. (3) puesto de arriba abajo / invertido / volteado. (4) que se revuelca / rueda. (5) que se vuelve / retrocede. (6) que surge. (7) que tiembla / se estremece. (8) que es causa de girar (la rueda).	(1) turning / revolving. (2) being perverted / changing. (3) turned upside down / reversed / overturned. (4) rolling about / rolling over. (5) turning back / retreating. (6) arising. (7) trembling / quaking. (8) being the cause of revolving (a wheel).	the first copy lacks '(၁)'; translated from the full second copy
215486	parivattayati	ထက်ဝန်းကျင်မှ လှည့်လည်-သွားလာ-၏၊ စောက်ရှောက်၏။ (၂) လဲလှယ်-ဖလှယ်-၏။ (၃) သွားလာ၏။ (၁) ပဝတ္တယန္တီ တိ “မာ ”။	va y viene / da vueltas por todos lados; protege. (2) cambia / intercambia. (3) va y viene.	goes round / goes to and fro on all sides; protects. (2) exchanges / barters. (3) goes to and fro.	no '(၁)' before the first sense; 'စောက်ရှောက်' read as 'စောင့်ရှောက်' (protects), as in id 215489
215487	parivattayati	ပြောင်းလဲစေ၏။ (၂) ပြန်လည်စေ၏၊ ပယ် ၏။	hace cambiar. (2) hace volver; abandona.	causes to change. (2) causes to turn back; abandons.	no '(၁)' before the first sense
215488	parivattayanta	လှယ်-ဖလှယ်-သော၊ သူ။	que cambia / intercambia (dicho de una persona).	exchanging / bartering (said of a person).	text begins 'လှယ်' (probably 'လဲလှယ်' truncated)
215492	parivattayi	စေပြီ၊ ပယ်ပြီ။ «S1»	hizo (…); abandonó. Véase [[parivattayati2]].	caused (…); abandoned. See [[parivattayati2]].	text begins 'စေပြီ' (the verb before the causative is lost, probably truncated)
215497	parivattātikkama	ပရိဝါသ်ကျင့်သုံးခြင်းကို လွန်မြောက်သော၊ သူ။	que ha pasado más allá de la práctica del *parivāsa* (dicho de una persona).	having gone beyond the practice of *parivāsa* (said of a person).	gloss speaks of parivāsa although the headword is parivatta-; check the reading
215507	parivattita	(၁) ဖောက်ပြန်-ပြောင်းလဲ-သော။ (၂) လဲလှယ်-ဖလှယ်-အပ် သော။ (၃) ထက်အောက် ပြောင်းပြန်လှန် အပ်သော။ (၄) လည်စေ-လှည့်-အပ်သော။ (၅) ရွတ်ဆို-သရဇ္ဈာယ်-အပ်သော။ (၆) သင် ယူ- မှတ်သား- အပ်သော။ (၇) လည်စေ-ပယ်-အပ်သော။ (၈) ဖောက်ပြန်-ပျက်စီး-သော။ (၉) ကျင်လည်-ဖြစ်-ဖူးသော။ (၁၀) စွန့်ပစ်အပ်သော။ (၁) ဖောက်ပြန် - ပြောင်းလဲ - သော။ (၂) လဲလှယ်-ဖလှယ်-အပ်သော။ (၃) ထက်အောက် ပြောင်းပြန်လှန်အပ်သော။ (၄) လည်စေ-လှည့်-အပ်သော။ (၅) ရွတ်ဆို-သရဇ္ဈာယ်-အပ်သော။ (၆) သင်ယူ-မှတ်သား-အပ်သော။ (၇) လည်စေ-ပယ်-အပ် သော။ (၈) ဖောက်ပြန်-ပျက်စီး-သော။ «S1» (၉) ကျင်လည်-ဖြစ်-ဖူး သော။ «S2» (၁၀) စွန့် ပစ်အပ်သော။ «S3»	(1) trastocado / cambiado. (2) cambiado / intercambiado. (3) volteado de arriba abajo. (4) hecho girar / volteado. (5) recitado / repasado. (6) aprendido / memorizado. (7) hecho volver / abandonado. (8) trastocado / destruido. Véase [[parivattita-chavivaṇṇa]]. (9) que ha transitado / surgido antes. Véase [[parivattitapubbabhāva]]. (10) desechado. Véase [[parivattitabhāva]].	(1) perverted / changed. (2) exchanged / bartered. (3) turned upside down. (4) caused to revolve / turned. (5) recited / rehearsed. (6) learnt / memorised. (7) caused to turn back / abandoned. (8) perverted / destroyed. See [[parivattita-chavivaṇṇa]]. (9) having moved about / arisen before. See [[parivattitapubbabhāva]]. (10) cast off. See [[parivattitabhāva]].	«S1»–«S3» stand in the second copy of the senses; placed after senses (8)–(10). Sense (9) ကျင်လည်-ဖြစ်-ဖူးသော: reading uncertain
215511	parivattitapatta	လှယ်-ဖလှယ်-အပ်သောသပိတ်။	el cuenco de limosnas cambiado / intercambiado.	the alms bowl exchanged / bartered.	text begins 'လှယ်' (probably 'လဲလှယ်' truncated)
215514	parivattitabhāva	လှယ်-ဖလှယ်-အပ်သည်၏အဖြစ်။ (၂) စွန့် ပစ်အပ်သည်၏ အဖြစ်။	el hecho de ser cambiado / intercambiado. (2) el hecho de ser desechado.	the state of being exchanged / bartered. (2) the state of being cast off.	text begins 'လှယ်' (probably 'လဲလှယ်' truncated); no '(၁)' before the first sense
215519	parivattitvā	(၁) လည်-လည်ပတ်-၍။ (၂) လဲလှယ်-ဖလှယ်-၍။ (၃) လူးလည်း- လူးလှိမ့်- ၍။ (၄) ဖောက်ပြန်-ပြောင်းလဲ-၍။ (၅) လှည့်လည်၍။ (၆) ပြန် ဆို-ပြောင်းလဲ-၍။ (၇) လိမ့်၍။ (၈) ဖောက် ပြန်-ပျက်စီး-၍။ (၉) ပြောင်းရွှေ့၍။ (၁၀) ယို စီး၍။ (၁၁) ပြန်လှည့်၍။ (၁၂) ပြန်လည်-ဆုတ်နစ်-၍။ (၁၃) ဖောက်ပြန်ပြောင်းလဲ၍။ (၁) လည်-လည်ပတ်-၍။ (၂) လဲလှယ်-ဖလှယ်-၍။ (၃) လူးလည်း-လူးလှိမ့်-၍။ (၄) ဖောက်ပြန်-ပြောင်း လဲ-၍။ (၅) လှည့်လည် ၍။ (၆) ပြန်ဆို-ပြောင်းလဲ-၍။ (၇) လိမ့်၍။ (၈) ဖောက်ပြန်-ပျက်စီး-၍။ (၉) ပြောင်းရွှေ့၍။ (၁၀) ယိုစီး၍။ (၁၁) ပြန်လှည့်၍။ (၁၂) ပြန် လည်-ဆုတ်နစ်-၍။ (၁၃) ဖောက်ပြန်ပြောင်းလဲ၍။	(1) habiendo girado / dado vueltas. (2) habiendo cambiado / intercambiado. (3) habiéndose revolcado / habiendo rodado. (4) habiéndose trastocado / cambiado. (5) habiendo dado vueltas. (6) habiendo repetido / cambiado. (7) habiendo rodado. (8) habiéndose trastocado / destruido. (9) habiéndose trasladado. (10) habiendo rezumado. (11) habiéndose vuelto. (12) habiendo retornado / retrocedido. (13) habiéndose trastocado y cambiado.	(1) having turned / revolved. (2) having exchanged / bartered. (3) having rolled about / rolled over. (4) having been perverted / changed. (5) having turned round. (6) having repeated / changed. (7) having rolled. (8) having been perverted / destroyed. (9) having shifted. (10) having leaked. (11) having turned back. (12) having returned / receded. (13) having been perverted and changed.	sense (6) ပြန်ဆို: 'repeated' or 'translated', check
215521	parivattiyamāna	လဲလှယ် - ဖလှယ် - အပ်သော။ (၂) ထက် အောက် ပြောင်းပြန်လှန်အပ်သော။ (၃) ရွတ် ဆို-သရဇ္ဈာယ်-အပ်သော။ (၄) ပြောင်းရွှေ့ အပ်သော။	que es cambiado / intercambiado. (2) volteado de arriba abajo. (3) recitado / repasado. (4) trasladado.	being exchanged / bartered. (2) turned upside down. (3) recited / rehearsed. (4) shifted.	no '(၁)' before the first sense
215522	parivattiyamānarajatacakkasassirika	စေ - လှည့် - အပ်သော ငွေစက်ဝန်းကဲ့သို့ အသရေရှိသော။	que tiene esplendor como el disco de plata hecho girar / volteado.	having splendour like a silver disc caused to revolve / turned.	text begins 'စေ - လှည့်' (probably 'လည်စေ' truncated)
215524	parivattissati	လည်း-လူးလှိမ့်-လှုပ်ရှား-လတ္တံ့။ «S1»	se revolcará / rodará / se agitará. Véase [[parivattati]].	will roll about / roll over / stir. See [[parivattati]].	text begins 'လည်း' (probably 'လူးလည်း' truncated)
215527	parivattetabba	လဲလှယ်-ဖလှယ်-အပ်သော။ (၂) ပြန်-ဆန့် ကျင်ဘက်ပြု-အပ်သော။ (၂) ပရိဝတ္တေတဗ္ဗ။	que ha de ser cambiado / intercambiado. (2) que ha de ser vuelto / contrapuesto.	to be exchanged / bartered. (2) to be turned back / set in opposition.	no '(၁)' before the first sense
215529	parivatteti	လည်-လည်ပတ်-၏။ (၂) သွားလာ၏။ (၃) လဲလှယ်- ဖလှယ်- ၏။ (၃) ပရိဝတ္တေတီ။	gira / da vueltas. (2) va y viene. (3) cambia / intercambia.	turns / revolves. (2) goes to and fro. (3) exchanges / barters.	no '(၁)' before the first sense
215531	parivattetuṁ	လဲလှယ်-ဖလှယ်-ရောင်းဝယ်-ခြင်းငှာ။ (၂) လူး လည်း-လူးလှိမ့်-လှုပ်ရှား-မြှောက်ချီ-ခြင်းငှာ။ (၃) ပြန်လည်စေ-ပယ်-ခြင်းငှာ။ (၄) ပြန်လှည့် ခြင်းငှာ။ (၅) ထက်အောက် ပြောင်းပြန်လှန် ခြင်းငှာ။ (၆) ရွတ်အံ-ရွတ်ဆို-သရဇ္ဈာယ်-ခြင်းငှာ။ (၁) လဲလှယ်-ဖလှယ်-ရောင်းဝယ်-ခြင်း ငှာ။ (၂) လူးလည်း-လူးလှိမ့်-လှုပ်ရှား-မြှောက်ချီ-ခြင်း ငှာ။ (၃) ပြန်လည်စေ-ပယ်-ခြင်းငှာ။ (၄) ပြန်လှည့်ခြင်းငှာ။ (၅) ထက်အောက် ပြောင်းပြန်လှန်ခြင်းငှာ။ (၆) ရွတ်အံ-ရွတ်ဆို-သရဇ္ဈာယ်-ခြင်းငှာ။	(1) para cambiar / intercambiar / comprar y vender. (2) para revolcarse / rodar / agitarse / levantar. (3) para hacer volver / abandonar. (4) para volverse. (5) para voltear de arriba abajo. (6) para recitar de memoria / recitar / repasar.	(1) in order to exchange / barter / buy and sell. (2) in order to roll about / roll over / stir / lift up. (3) in order to cause to turn back / abandon. (4) in order to turn back. (5) in order to turn upside down. (6) in order to recite from memory / recite / rehearse.	the first copy lacks '(၁)'; translated from the full second copy
215532	parivattetukāma	လဲလှယ်-ဖလှယ်-ခြင်းငှာ အလိုရှိသော၊ သူ။ (၂) ပြန်လည်စေ-ပယ်-ခြင်းငှာ အလိုရှိသော၊ သူ။	que desea cambiar / intercambiar (dicho de una persona). (2) que desea hacer volver / abandonar (dicho de una persona).	wishing to exchange / barter (said of a person). (2) wishing to cause to turn back / abandon (said of a person).	no '(၁)' before the first sense
215533	parivattetvā	(၁) လည်-လည်ပတ်-၍၊ လိမ့်၍။ (၂) လဲ လှယ်-ဖလှယ်-၍။ ပရိဝတ္တေတွာ၂ (ကာကြိ၊ဝိ) (၁) လည်စေ-ပြန်-လှည့်-၍။ (၂) စွန့် ပစ်-ပယ်ခွာ-၍။ (၃) လည်စေ-ပြောဟော-ပို့ ချ-ဖွင့်ဆို-ရွတ်ဆို-သရဇ္ဈာယ်-၍။ (၄) လည် စေ-လှိမ့်-လှန်လှော-၍။ (၅) လူးလည်း-လူး လှိမ့်-၍။ (၆) ပြန်လှန်-ဆန့်ကျင်ဘက်ပြု-၍။ (၇) ဖြစ်စေ၍။ (၈) ပြောင်းရွှေ့၍။ (၉) ထက်အောက် ပြောင်းပြန်လှန်၍။ (၁၀) ဖောက်ပြန်၍။ (၁၁) စွန့်ပစ်-ပယ်ခွာ-၍။ (၁) လည်စေ-ပြန်-လှည့်-၍။ (၂) စွန့်ပစ်-ပယ်ခွာ-၍။ (၃) လည်စေ-ပြော ဟော-ပို့ချ-ဖွင့်ဆို- ရွတ်ဆို- သရဇ္ဈာယ်- ၍။	(1) habiendo girado / dado vueltas; habiendo rodado. (2) habiendo cambiado / intercambiado.	(1) having turned / revolved; having rolled. (2) having exchanged / bartered.	the article ⟦ပရိဝတ္တေတွာ⟧ 2 (causative) is run in after sense (2) and not translated here; its second copy continues in id 215534
215534	parivattetvā	(၄) လည်စေ-လှိမ့်-လှန်လှော-၍။ (၅) လူးလည်း-လူး လှိမ့်-၍။ (၆) ပြန်လှန်-ဆန့်ကျင်ဘက်ပြု-၍။ (၇) ဖြစ်စေ၍။ (၈) ပြောင်းရွှေ့၍။ (၉) ထက်အောက် ပြောင်းပြန်လှန်၍။ (၁၀) ဖောက်ပြန်၍။ (၁၁) စွန့်ပစ်-ပယ်ခွာ-၍။	(4) habiendo hecho girar / rodar / revuelto. (5) habiéndose revolcado / habiendo rodado. (6) habiendo vuelto / contrapuesto. (7) habiendo hecho surgir. (8) habiéndose trasladado. (9) habiendo volteado de arriba abajo. (10) habiéndose trastocado. (11) habiendo desechado / abandonado.	(4) having caused to turn / rolled / turned over. (5) having rolled about / rolled over. (6) having turned back / set in opposition. (7) having caused to arise. (8) having shifted. (9) having turned upside down. (10) having been perverted. (11) having cast off / abandoned.	tail of the second copy of ⟦ပရိဝတ္တေတွာ⟧ 2 (causative); its senses (1)–(3) are in id 215533's text
215535	parivattetha	လှယ်- ဖလှယ်- ကြကုန်လော။ «S1» ပရိဝတ္တေန္တ	¡cambiad / intercambiad! Véase [[parivattati1]].	exchange / barter (you all)! See [[parivattati1]].	…လော under an imperative headword read as the imperative လော့ (misprint); text begins 'လှယ်' (probably 'လဲလှယ်' truncated)
215536	parivattenta	(၁) လည်-လည်ပတ်-စေသော၊ လှည့်သော၊ သူ။ (၂) လဲလှယ်-ဖလှယ်-သော၊ သူ။ (၃) ဖြစ်စေလိုသော၊ သူ။ (၄) လည်စေ နိုင်သော၊ ပြောဟော-ပို့ချ-ဖွင့်ဆို-ရွတ်ဆို-သရဇ္ဈာယ်-သော၊ သူ။ (၅) လည်စေ-လှည့်-လှိမ့်-လှည့်လည်-သုံးသပ်- သော၊ သူ။ (၆) ထက်အောက် ပြောင်းပြန်လှန်သော၊ သူ။ (၇) ပြန်လှန်-ဆန့်ကျင်ဘက်ပြု-သော၊ သူ။ (၈) လည်၍ဖြစ်သော၊ သူ။ (၉) လူးလည်း-လူး လှိမ့်-သော၊ သူ။ (၁၀) ကူးခပ်သော၊ သူ။ (၁) လည်-လည်ပတ်-စေသော၊ လှည့် သော၊ သူ။ (၂) လဲလှယ်-ဖလှယ်-သော၊ သူ။ (၃) ဖြစ်စေလိုသော၊ သူ။ “ယံ ခေါ”တိအာဒိမာဟ။ (၄) လည်စေနိုင်သော၊ ပြောဟော-ပို့ချ-ဖွင့် ဆို-ရွတ်ဆို-သရဇ္ဈာယ်-သော၊ သူ။ (၅) လည်စေ- လှည့်- လှိမ့်-လှည့်လည်-သုံးသပ်-သော၊ သူ။ (၆) ထက်အောက် ပြောင်းပြန်လှန်သော၊ သူ။ (၇) ပြန်လှန်-ဆန့် ကျင်ဘက်ပြု-သော၊ သူ။ (၈) လည်၍ဖြစ်သော၊ သူ။ (၉) လူး လည်း-လူးလှိမ့်-သော၊ သူ။ (၁၀) ကူးခပ်သော၊ သူ။	(1) que hace girar / dar vueltas; que da vueltas (dicho de una persona). (2) que cambia / intercambia (dicho de una persona). (3) que desea hacer surgir (dicho de una persona). (4) que es capaz de hacer girar; que expone / enseña / explica / recita / repasa (dicho de una persona). (5) que hace girar / voltea / hace rodar / da vueltas / examina (dicho de una persona). (6) que voltea de arriba abajo (dicho de una persona). (7) que vuelve / contrapone (dicho de una persona). (8) que surge girando (dicho de una persona). (9) que se revuelca / rueda (dicho de una persona). (10) que nada (dicho de una persona).	(1) causing to turn / revolve; turning (said of a person). (2) exchanging / bartering (said of a person). (3) wishing to cause to arise (said of a person). (4) able to cause to turn; expounding / teaching / explaining / reciting / rehearsing (said of a person). (5) causing to turn / turning / rolling / turning round / examining (said of a person). (6) turning upside down (said of a person). (7) turning back / setting in opposition (said of a person). (8) arising by turning (said of a person). (9) rolling about / rolling over (said of a person). (10) swimming (said of a person).	sense (10) ကူးခပ်: 'swimming' or 'rowing'
215537	parivattenti	လည်-လည်ပတ်-ကုန်၏။ (၂) လဲလှယ်-ဖ လှယ်-ကုန်၏။ «S1»	giran / dan vueltas. (2) cambian / intercambian. Véase [[parivatteti1]].	they turn / revolve. (2) they exchange / barter. See [[parivatteti1]].	no '(၁)' before the first sense
215540	parivatteyya	ဖောက်ပြန်-ပြောင်းလဲ-ရာ၏။ (၂) လဲကျရာ ၏။ «S1»	se trastocaría / cambiaría. (2) caería. Véase [[parivattati]].	should be perverted / change. (2) should fall. See [[parivattati]].	no '(၁)' before the first sense
215542	parivatteyyaṁ	လှယ်-ဖလှယ်-ရောင်းဝယ်-ရာ၏။ «S1»	cambiaría / intercambiaría / compraría y vendería. Véase [[parivattati]].	should exchange / barter / buy and sell. See [[parivattati]].	text begins 'လှယ်' (probably 'လဲလှယ်' truncated)
215545	parivatteyyāsi	လည်စေရာ၏၊ ပြောဟော-ပို့ချ-ဖွင့်ဆို-ရွတ်ဆို-သရဇ္ဈာယ်-ရာ၏။ ပရိဝတ္တေတိ ၂-ကြည့်။	haría girar; expondría / enseñaría / explicaría / recitaría / repasaría. Véase [[parivatteti]] 2.	should cause to turn; should expound / teach / explain / recite / rehearse. See [[parivatteti]] 2.	'see X' left in the Burmese with a homograph number
215546	parivattesi	လှယ်-ဖလှယ်-ပြီ။ «S1»	cambió / intercambió. Véase [[parivatteti1]].	exchanged / bartered. See [[parivatteti1]].	text begins 'လှယ်' (probably 'လဲလှယ်' truncated)
215547	parivattesi	လည်စေ၏၊ ပြောဟော-ပို့ချ-ဖွင့်ဆို-ရွတ်ဆို-ရွတ်ဆို-သရဇ္ဈာယ်-၏။ «S1»	hace girar; expone / enseña / explica / recita / repasa. Véase [[parivatteti2]] (3).	causes to turn; expounds / teaches / explains / recites / rehearses. See [[parivatteti2]] (3).	'ရွတ်ဆို' printed twice in the chain, rendered once; the Burmese gives a present (၏) for an aorist headword
215549	parivattesiṁ	လှယ်-ဖလှယ်-ပြီ။ «S1»	cambió / intercambió. Véase [[parivatteti1]].	exchanged / bartered. See [[parivatteti1]].	text begins 'လှယ်' (probably 'လဲလှယ်' truncated)
215551	parivattessaṁ	လှယ် - ဖလှယ် - လတ်အံ့။ «S1»	cambiaré / intercambiaré. Véase [[parivatteti1]].	I shall exchange / barter. See [[parivatteti1]].	text begins 'လှယ်' (probably 'လဲလှယ်' truncated)
215555	parivattehi	လှယ်-ဖလှယ်-လော။ «S1»	¡cambia / intercambia! Véase [[parivatteti1]].	exchange / barter! See [[parivatteti1]].	…လော under an imperative headword read as the imperative လော့ (misprint); text begins 'လှယ်' (probably 'လဲလှယ်' truncated)
215556	parivattehi	လည်စေလော၊ ပြောဟော-ပို့ချ-ဖွင့်ဆို-ရွတ် ဆို-သရဇ္ဈာယ်-လော။ «S1»	¡haz girar!; ¡expón / enseña / explica / recita / repasa! Véase [[parivatteti2]].	cause to turn!; expound / teach / explain / recite / rehearse! See [[parivatteti2]].	…လော under an imperative headword read as the imperative လော့ (misprint)
215559	parivadentika	(၁) ငှက်အထူး၊ ငုံးငှက်။ (တိ) (၂) စောင်း၊ စောင်းတူရိယာအထူး။ (၁) ပရိဝဒေန္တိကာ။ ဍဲ။ ဎီ။	(1) una clase de ave; la codorniz. (adjetivo) (2) arpa; una clase de instrumento musical, el arpa.	(1) a kind of bird; the quail. (adjective) (2) harp; a kind of musical instrument, the harp.	စောင်း is the Burmese harp; the label (တိ) before sense (2) is as printed
215560	parivaritabba	ဖုံးလွှမ်း-ဝတ် ရုံ-အပ်သော၊ အပေါ်ရုံ။	que ha de ser cubierto / envuelto; la prenda exterior.	to be covered / wrapped; the outer wrap.	အပေါ်ရုံ read as 'outer wrap (garment)'; check
215562	parivasana	ထုံခြင်း၊ ကျခြင်း၊ ပရိဝသိတ ဖြစ်ခြင်း။	el impregnarse; el asentarse; el llegar a ser *parivasita*.	being imbued; settling; becoming *parivasita*.	ကျခြင်း: sense uncertain ('settling' / 'steeping')
215571	parivasitvā	ထိုင်၍၊ ကျင့်သုံး-ထုံမွှမ်း-၍။ (၂) ကျင့်သုံး၍၊ ပရိဝါသ်နေ၍။ (၃) ဝတ်ရုံ၍။	habiendo morado; habiendo practicado / impregnado. (2) habiendo practicado; habiendo permanecido en *parivāsa*. (3) habiéndose envuelto.	having dwelt; having practised / imbued. (2) having practised; having undergone *parivāsa*. (3) having wrapped oneself.	text begins 'ထိုင်၍' (probably 'နေထိုင်၍' truncated); no '(၁)' before the first sense
215572	parivasissāmi	ပရိဝါရ ကျင့်သုံးလတ်အံ့၊ ပရိဝါသ်နေလတ်အံ့။ «S1»	practicaré (el *parivāsa*); permaneceré en *parivāsa*. Véase [[parivasati]].	I shall practise (the *parivāsa*); I shall undergo *parivāsa*. See [[parivasati]].	'ပရိဝါရ ကျင့်သုံးလတ်အံ့': ပရိဝါရ read as a misprint for ပရိဝါသ်
215582	parivāragāthā	ပရိဝါပါဠိ ၌။ (-	en el texto pāḷi *parivāra*.	in the Pāḷi text *parivāra*.	truncated: the gloss breaks off after 'ပရိဝါပါဠိ ၌။ (-'
215590	parivāraṭṭhakathā	ပရိ-ဝါပါဠိတော်၏-အဖွင့်-အဋ္ဌကထာ။	la explicación / el comentario del texto pāḷi *parivāra*.	the explanation / commentary on the Pāḷi text *parivāra*.	hyphen: ပရိ-ဝါပါဠိတော် read as one word
215593	parivārattha	အခြံအရံ-အခြေ အရံ-ဖြစ်သော အကျိုး။ (တိ)(၂) အကာအရံ-အစောင့်အရှောက်-ဟူသော အနက်ရှိသော။	el beneficio que es el séquito / acompañamiento. (adjetivo) (2) que tiene el sentido de resguardo / protección.	the benefit that is a retinue / entourage. (adjective) (2) having the sense of protective enclosure / protection.	no '(၁)' before the first sense
215598	parivārapariyāya	ပရိ-ဝါရသဒ္ဒါ၏-၀ေ၀kစ်-ပရိယာယ်-စကားလှယ်။	los sinónimos / *pariyāya* / palabras equivalentes de la palabra *parivāra*.	the synonyms / *pariyāya* / equivalent words of the word *parivāra*.	'၀ေ၀kစ်' is garbled, read as ဝေဝစ် (synonym); hyphen: ပရိ-ဝါရသဒ္ဒါ read as one word
215618	parivārayitvā	ရံ-ဝိုင်းရံ-၍။	habiendo rodeado / circundado.	having surrounded / encircled.	text begins 'ရံ-' (probably 'ခြံရံ' truncated)
215636	parivārasambhārabhāva	အရံအကာ တန်းဆာ အဆောက် အဦး၏အဖြစ်။	el hecho de ser adorno y construcción del cercado.	the state of being the furnishing and structure of an enclosure.	အရံအကာ တန်းဆာ အဆောက်အဦး: sense of the phrase uncertain
215654	parivārīyati	ရံ-ဝိုင်းရံ-အပ်၏။	es rodeado / circundado.	is surrounded / encircled.	text begins 'ရံ-' (probably 'ခြံရံ' truncated)
215656	parivāretu	ခြံရံ-ဝိုင်း ရံ-လော။ «S1»	¡que rodee / circunde! Véase [[parivāreti]].	let him surround / encircle! See [[parivāreti]].	…လော under an imperative headword read as the imperative လော့ (misprint)
215657	parivāretvā	ခြံရံ-ဝိုင်းရံ-ပိတ်ဆို့-၍။ (ခ) ဆောင်၍။	habiendo rodeado / circundado / bloqueado. (b) habiendo llevado.	having surrounded / encircled / blocked. (b) having carried.	a sense '(ခ)' (b) with no '(က)' (a) before it
215659	parivāretha	ခြံရံ-ဝိုင်း ရံ-ကုန်လော။ «S1»	¡rodead / circundad! Véase [[parivāreti]].	surround / encircle (you all)! See [[parivāreti]].	…လော under an imperative headword read as the imperative လော့ (misprint)
215666	parivāressanti	ရံ-ဝိုင်းရံ-ကုန်လတ္တံ့။ «S1»	rodearán / circundarán. Véase [[parivāreti]].	they will surround / encircle. See [[parivāreti]].	text begins 'ရံ-' (probably 'ခြံရံ' truncated)
215667	parivāsa	(၁) ဖြစ်ခြင်း။ (၂) ဖြစ်စေခြင်း။ (၃) ကျင့်သုံး-ဆောက်တည်-နေ ထိုင် - အပ်သော ကျင့်ဝတ်၊ ပရိဝါသ်။ (၁)  «S1» (၃) ပရိဝါသ်ဟူသည် ညဥ့် ဖုံးလွှမ်းသော သံဃါဒိသိသ်ကို ပြေပျောက် ရန်အတွက် ကုစားကြောင်း ဝိနည်းကံ, သာ သနာပြင်ပ နဂ္ဂပရိဗိုဇ်ရဟန်းများ ဘုရား သာ သနာ၌ ရဟန်းပြုခွင့်ရရန်အတွက် ပြုကျင့် အပ်သော ဝိနည်းကံ ၂-မျိုးပင်တည်း။ ယင်းပရိဝါသ်သည် ပဋိစ္ဆန္နပရိဝါသ်, သု-ဒ္ဓန္တပရိဝါသ်, သမောဓါနပရိဝါသ်, အပ္ပဋိစ္ဆန္န ပရိဝါသ်အားဖြင့် ၄-ပါးအပြား ရှိသည်။ ထို တွင် သံဃါဒိသိသ်အာပတ်သင့်ခြင်း၊ သံဃါ ဒိသိသ်အာပတ်ဟု အမှတ်ရှိခြင်း၊ ပကတတ် ရဟန်းဖြစ်ခြင်း၊ ပကတတ်ရဟန်းဟု အမှတ် ရှိခြင်း၊ အာပတ်ကို ဒေသနာပြော၍ ထင်စွာ ပြုရာ၌ ဘေးရန်အန္တရာယ် မရှိခြင်း၊ ဘေးရန် အန္တရာယ် မရှိဟု အမှတ်ရှိခြင်း၊ အာပတ်ကို ဒေသနာပြော၍ ထင်စွာပြုခြင်းငှာ စွမ်းနိုင်ခြင်း၊ အာပတ်ကို ဒေသနာပြော၍ ထင်စွာပြုခြင်း ငှာ စွမ်းနိုင်၏ဟု အမှတ်ရှိခြင်း၊ အာပတ်ကို ဖုံးလွှမ်းလိုခြင်း၊ ဖုံးလွှမ်းခြင်း။ ဤအင်္ဂာ ၁၀-ချက်တို့ဖြင့် ညီညွတ်သည်ဖြစ်၍ ရဟန်းတပါး ပါးထံ၌ အာပတ်သင့်သောနေ့ အရုဏ်မတက် မီအတွင်း ဒေသနာပြောသောအားဖြင့် ထင် စွာမပြုအပ်သော ဂရုကအာပတ်သည် ညဥ့် ဖုံးလွှမ်းသော သံဃါဒိသိသ်အာပတ်မည်၏။ ထိုညဥ့်ဖုံးလွှမ်းသော သံဃါဒိသိသ်အာပတ် အား ဉတ်ကမ္မဝါစာဖြင့် ပေးအပ်သော ပရိ ဝါသ်သည် ပဋိစ္ဆန္နပရိဝါသ်မည်၏။ ၇၊၁၈-ဝိ၊သင်္ဂဟ။ ဖုံးလွှမ်းသောအာပတ်၏ ညဥ့်အားလုံး သို့မဟုတ် ညဥ့်တချို့တဝက်ကို မသိသော ရဟန်း, မအောက်မေ့နိုင်ရဟန်း, ယုံမှားသံသ ယဖြစ်သောရဟန်းတို့အား ဉတ်ကမ္မဝါစာ ဖြင့် ပေးအပ်သော ပရိဝါသ်သည် သုဒ္ဓန္တပရိ ဝါသ်မည်၏။ ထိုသုဒ္ဓန္တပရိဝါသ်သည်လည်း စူဠသုဒ္ဓန္တ, မဟာသုဒ္ဓန္တအားဖြင့် ၂-ပါးအပြား ရှိသည်။ ရဟန်းဖြစ်သည်မှ စ၍ ဒေသနာ ပြောကြား၍ ထင်ရှားပြုသည့်နေ့တိုင်အောင် သော ကာလအတွင်း၌ သင့်သောသံဃါဒိ သိသ်အာပတ်၏ ဖုံးလွှမ်းသော နေ့ရက်, ပက္ခ, လ, နှစ်တို့ကို အတိအကျသိသည်ဖြစ်အံ့၊ ထို ဖုံးလွှမ်းသည်ကို အတိအကျသိသော နေ့ရက်, ပက္ခ, လ, နှစ် အပိုင်းအခြားအတိုင်း ညဥ့်ဖုံး လွှမ်းသော သံဃါဒိသိသ်အာပတ်အား ဉတ် ကမ္မဝါစာဖြင့် ပေးအပ်သော ပရိဝါသ်သည် စူဠသုဒ္ဓန္တပရိဝါသ်မည်၏။ ရဟန်းဖြစ်သည့်နေ့မှ စ၍ ဒေသနာ ပြောကြား၍ ထင်ရှားပြုသည့်နေ့တိုင်အောင် ပရိဝါသ သော ကာလအတွင်း၌ သင့်သောသံဃါဒိ သိသ်အာပတ်၏ ဖုံးလွှမ်းသော ညဥ့်အပိုင်း အခြားကို အတိအကျ မသိသည်ဖြစ်အံ့၊ သို့ မဟုတ် တွေးတော ယုံမှား သံသယဖြစ်၍မူ လည်း နေအံ့၊ ရဟန်းဖြစ်သည့်နေ့မှ စ၍ ဒေသနာပြောကြား ထင်ရှားပြုသည့်နေ့တိုင် အောင် နေ့ရက်, ပက္ခ, လ, နှစ်-တို့ကို ရေ တွက်ပြီးလျှင် ထိုရေတွက်၍ရသော နေ့ရက်, ပက္ခ, လ, နှစ် အပိုင်းအခြားအတိုင်း ညဥ့်ဖုံး လွှမ်းသော သံဃါဒိသိသ်အာပတ်အား ဉတ် ကမ္မဝါစာဖြင့် ပေးအပ်သော ပရိဝါသ်သည် မဟာသုဒ္ဓန္တပရိဝါသ်မည်၏။ စူဠသုဒ္ဓန္တ, မဟာသုဒ္ဓန္တ ၂-ပါးအထူး။ စူဠသုဒ္ဓန္တပရိဝါသ်သည် ပေးထားအပ်သော ညဥ့်အပိုင်းအခြားထက် နေ့ရက်ပိုလွန်၍၎င်း၊ နေ့ရက်များကို လျော့၍၎င်း ပရိဝါသ် နေနိုင် သည်။ မဟာသုဒ္ဓန္တပရိဝါသ်သည် နေ့ရက် များကို လျော့၍သာ ပရိဝါသ် နေနိုင်သည်၊ နေ့ရက်ပိုလွန်၍ ပရိဝါသ်နေဖွယ်မရှိပြီ။ သမောဓါနပရိဝါသ်သည် ဩဓါနသ-မောဓါနပရိဝါသ်, အဂ္ဃသမောဓါနပရိဝါသ်, မိဿကသမောဓါနပရိဝါသ်အားဖြင့် ၃-ပါး ပြားသည်။ ညဥ့်ဖုံးလွှမ်းသောအားဖြင့် ပရိဝါသ်ကို ယူ၍ ပရိဝါသ်ဆောက်တည်ပြီးလျှင် ပရိဝါသ် ကို မချမီအတွင်း၌ ပရိဝါသ်ကျင့်ဆဲသော ရဟန်း, ပရိဝါသ်ကျင့်ပြီးသော မာနတ္တာရဟ ရဟန်း, မာနတ်ကျင့်ဆဲသော မာနတ္တစာရိက ရဟန်း, မာနတ်ကျင့်ပြီးသော အဗ္ဘာနာရဟ ရဟန်း-တို့အား အခြားသော သံဃါဒိသိသ် အာပတ် ထပ်သင့်၍ ညဥ့်ဖုံးလွှမ်း၏။ နောက် ထပ်သင့်သော အာပတ်သည် ပရိဝါသ်ပေး ထားသော ရှေးအာပတ်နှင့် ညဥ့်အညီအမျှ သော်လည်းကောင်း၊ ညဥ့်နည်း၍သော်လည်း ကောင်း ဖုံးလွှမ်းသည် ဖြစ်အံ့၊ မူလာယပဋိ-ကဿနကံဖြင့် ကျင့်သုံးပြီးသော ပရိဝါသ် ရက်၊ ကျင့်သုံးပြီးသော မာနတ်ရက်တို့ကို ချေ ဖျက်၍ နောက်ထပ်သင့်၍ ညဥ့်ဖုံးလွှမ်းသော အာပတ်တို့ကို မူလအာပတ်၌ ပေါင်း၍ နောက်ထပ်ပေးအပ်သော ပရိဝါသ်သည် ဩဓါနသမောဓါနပရိဝါသ်မည်၏။ နောက် ထပ်သင့်သောအာပတ်သည် ပရိဝါသ်ပေး ထားသော မူလအာပတ်ထက် ညဥ့်ပို၍ ဖုံး လွှမ်းပါမူ နောက်ထပ်သင့်သောအာပတ်ကို မူလအာပတ်ပြုလုပ်၍ နောက်ထပ်သင့်သော အာပတ်၌ ပဌမသင့်သောအာပတ်ကို ပေါင်း ၍ ပေးအပ်သော ပရိဝါသ်သည်လည်း ဩ-ဓါနသမောဓါနပရိဝါသ်မည်၏။ ညဥ့်အနည်း အများအားဖြင့် ဖုံးလွှမ်းအပ်သော ညဥ့်ရက် ခြင်း မတူသောအာပတ်တို့တွင် ညဥ့်အနည်း ငယ် ဖုံးလွှမ်းသောအာပတ်တို့ကို ညဥ့်အများ ဆုံး ဖုံးလွှမ်းအပ်သောအာပတ်၌ ပေါင်းထည့် ၍ အများဆုံးသော ညဥ့်အပိုင်းအခြား၏ အစွမ်းအားဖြင့် ညဥ့်အနည်းငယ် ဖုံးလွှမ်း သော အာပတ်တို့အတွက် ဉတ်ကမ္မဝါစာ ဖြင့် ပေးအပ်သော ပရိဝါသ်သည် အဂ္ဃသ-မောဓါနပရိဝါသ်မည်၏။ နာနာဝတ္ထုကြောင့်သင့်သော သံဃါဒိ သိသ်အာပတ်တို့ကို တပေါင်းတည်းပြု၍ ဉတ်ကမ္မဝါစာဖြင့် ပေးအပ်သော ပရိဝါသ် သည် မိဿကသမောဓါနပရိဝါသ်မည်၏။ ပရိဝါသ အဂ္ဃသမောဓါန, မိဿကသမောဓါန ၂-ပါးအထူး။ ညဥ့်အနည်းငယ် ဖုံးလွှမ်း သောအာပတ်တို့ကို ညဥ့်များစွာ ဖုံးလွှမ်း သောအာပတ်၌ ပေါင်း၍ ပေးအပ်သော ပရိဝါသ်သည် အဂ္ဃသမောဓါနပရိဝါသ်မည် ၏။ နာနာဝတ္ထုကအာပတ်တို့ကို တပေါင်း တည်းပြု၍ ပေးအပ်သောပရိဝါသ်သည် မိ-ဿကသမောဓါနပရိဝါသ်မည်၏။ တနည်း အားဖြင့် သဘာဂဝတ္ထု သံဃါဒိသိသ် အာပတ် တို့ကို တပေါင်းတည်းပြု၍ ပေးအပ် သောပရိဝါသ်သည် အဂ္ဃသမောဓါနပရိဝါသ် မည်၏၊ ဝိသဘာဂဝတ္ထုသံဃါဒိသိသ်အာပတ် တို့ကို တပေါင်းတည်းပြု၍ ပေးအပ်သော ပရိဝါသ်သည် မိဿကသမောဓါနပရိဝါသ် မည်၏။ ဝိ၊သင်္ဂဟ၊ဋီ။ အဂ္ဃသမောဓါန၏အစွမ်းအားဖြင့် ပရိ-ဝါသ်ကို ပေးအပ်သည်ရှိသော် အစရှိသော ပါဠိစကားဖြင့် , အာပတ်-တို့ကို ယူပြီးဖြစ်သော ကြောင့် ညဥ့်အနည်းငယ် ဖုံးလွှမ်းသော အာပတ်, ညဥ့်များစွာ ဖုံးလွှမ်းအပ်သော အာပတ်, သဘာဂဝတ္ထုကအာပတ်, ဝိသဘာဂ ဝတ္ထုကအာပတ် အားလုံးမှ စင်ကြယ် ထ မြောက်နိုင်၏။ မိဿကသမောဓါနပရိဝါသ် ဖြင့်လည်း အာပတ်တို့မှ စင်ကြယ် ထမြောက်နိုင်၏။ ညဥ့်မဖုံးလွှမ်းသော သံဃါဒိသိသ်အာ ပတ်ကို ညဥ့်ဖုံးလွှမ်းသော အာပတ်ပြုလုပ်၍ ဝိနည်းကံကို ပြု၏၊ ထိုသူ၏ သံဃါဒိသ်အာ ပတ်သည် ထ၏၊ အာပတ်ပြေပျောက်၏။ ညဥ့် ဖုံးလွှမ်းသောအာပတ်ကို ညဥ့်မဖုံးလွှမ်းသော အာပတ် ပြုလုပ်၍ ဝိနည်းကံကို ပြု၏၊ ထို ရဟန်း၏ အာပတ်သည် မထ။ ညဥ့်အနည်း ငယ် ဖုံးလွှမ်းသောအာပတ်ကို ညဥ့်များစွာ ဖုံး လွှမ်းသော အာပတ်ပြုလုပ်၍ ဝိနည်းကံကို ပြု ၏၊ ထိုရဟန်း၏ အာပတ်သည် ထ၏။ ညဥ့် များစွာဖုံးလွှမ်းသောအာပတ်ကို ညဥ့်အနည်း ငယ် ဖုံးလွှမ်းသောအာပတ်ပြုလုပ်၍ ဝိနည်း ကံကို ပြု၏၊ ထိုရဟန်း၏ အာပတ်သည် မထ။ တစ်ခုသောအာပတ်ကို များစွာသောအာပတ် ပြုလုပ်၍ ဝိနည်းကံကို ပြု၏၊ ထိုရဟန်း၏ အာပတ်သည် ထ၏။ များစွာသောအာပတ် ကို တစ်ခုသောအာပတ်ပြုလုပ်၍ ဝိနည်းကံ ကို ပြု၏၊ ထိုရဟန်း၏ အာပတ်သည် မထ ဟူ၍ အာပတ်မှ ထခြင်း၏လက္ခဏာကို သိ အပ်၏။ သံဃါဒိသိသ်အာပတ်သင့်၍ ညဥ့်ဖုံး လွှမ်းသဖြင့် ဝတ်ဆောက်တည်လိုသော ရဟန်းသည် သံဃါ့ထံသို့ ချဥ်းကပ်လျက် ၃-ကြိမ်ဆို၍ ပရိဝါသ်ကို တောင်းအပ်၏၊ သံဃါ က ဉတ်ကမ္မဝါစာဖြင့် ပရိဝါသ်ပေးပြီးသည် ၏ အဆုံး၌ ဟူ၍ နှစ်ဝါကျလုံးကို ဆို၍ လည်းကောင်း၊ တစ်ဝါကျကိုသာ ဆို၍လည်း ကောင်း ဝတ်ဆောက်ပြီးလျှင် ပရိဝါသ်ပေး သော သံဃါအား စသည်ဖြင့် ပရိဝါသ်ကို ပြောကြားအပ်၏၊ ထိုပြောကြားရာ၌ ပါဠိဘာသာဖြင့်ဖြစ်စေ၊ အခြားဘာသာဖြင့်ဖြစ်စေ ပြောကြားကောင်း ပရိဝါသ ပရိဝါသ်ဆောက်တည်၍ ပရိဝါသ်ကျင့် သုံးခြင်းသည် ဝတ်ကို မချမူ၍ ကျင့်သုံးခြင်း အနိက္ခိတ္တပရိဝါသ်, ဝတ်ကိုချ၍ ကျင့်သုံးခြင်း နိက္ခိတ္တပရိဝါသ်အားဖြင့် ၂-ပါးအပြားရှိသည်၊ အနိက္ခိတ္တပရိဝါသ် ကျင့်သော ရဟန်းသည် ဆောက်တည်ပြီးသော ဝတ်ကို မချမူ၍ အရုဏ်မီအတွင်း၌ သဟဝါသ, ဝိပ္ပဝါသ, အနာရောစန-ဟူသော ရတ္တိစ္ဆေဒအကြောင်း ၃-ပါးတို့ကို မဖြစ်စေဘဲ အရုဏ်တက်စေခြင်း သည် ပရိဝါသ် တစ်ရက်ကျင့်သုံးပြီးသည် မည်၏၊ ဤနည်းအတူ ကျင့်၍ ပရိဝါသ်ရက် တို့ကို ရေတွက်အပ်၏။ နိက္ခိတ္တပရိဝါသ်ကျင့်သော ရဟန်းသည် သံဃါက ပရိဝါသ်ပေးပြီးနောက်လည်း ကောင်း, သံဃါ့ထံ၌ ပရိဝါသ်ကို ဆောက် တည်၍ ပြောကြားပြီးလျှင် သံဃါ့ထံ၌ လည်းကောင်း, အခြားသောရဟန်းထံ၌ လည်းကောင်း ဟူ၍ နှစ်ဝါကျလုံးကို ဆို၍လည်း ကောင်း၊ တစ်ဝါကျကိုသာ ဆို၍လည်း ကောင်း ဝတ်ကို ချအပ်၏၊ ထို့နောက် အရုဏ်မတက်မီ ပကတတ်ရဟန်းအများနှင့် ဖြစ်စေ၊ ပကတတ်ရဟန်းတစ်ပါးနှင့်ဖြစ်စေ၊ ကျောင်းဝင်းပြင်ပသို့ ထွက်၍ ရဟန်းတို့၏ အသံမကြားရာ, မမြင်ရာ အရပ်သို့သွားပြီး လျှင် ဝတ်ဆောက်တည်၍ ပရိဝါသ်ကို ပြော ကြားပြီးနောက် ရတ္တိစ္ဆေဒအကြောင်း ၃-ပါး တို့ကို မဖြစ်စေဘဲ အရုဏ်တက်စေပြီးလျှင် အဖော်ရဟန်းတို့ထံ၌ ပရိဝါသ်ကို ချအပ်၏၊ အဖော်ဖြစ်သောရဟန်းတို့သည် တစ်စုံတစ်ခု သောကိစ္စဖြင့် မသိအောင် ပြန်သွားသည်ရှိ သော် အာရာမ်အတွင်းသို့ ဝင်၍ ရှေးဦးစွာ တွေ့မြင်အပ်သောရဟန်းကို ပရိဝါသ်ပြော ကြား၍ ဝတ်ကို ချအပ်၏၊ ဤသို့ကျင့်ခြင်း သည် ပရိဝါသ် တစ်ရက်ကျင့်ပြီးသည် မည် ၏။ ဤနည်းအတူ ကျင့်၍ ပရိဝါသ်ရက်တို့ ကို ရေတွက်အပ်၏။ ပရိဝါသ်ကျင့်သောရဟန်းသည် သဟ-ဝါသ, ဝိပ္ပဝါသ, အနာရောစန-ဟူသော ရတ္တိ-စ္ဆေဒအကြောင်း ၃-ပါးတို့ကို မဖြစ်စေမူ၍ ကျင့်ရသည်။ ရတ္တိစ္ဆေဒအကြောင်း ၃-ပါးတွင် တစ်ပါးပါးဖြစ်လျှင် ထိုဖြစ်သောနေ့အတွက် ပရိဝါသ်ကျင့်သုံးသောရက် မရေတွက်ရတော့ ပြီ။ ပရိဝါသ်ကျင့်သော ရဟန်းသည် ဝတ် မဆောက်တည်သော ပကတတ်ရဟန်း, ပရိ ဝါသ် ဆောက်တည်သောရဟန်း, ပရိဝါသ် ကျင့်ပြီးသော မာနတ္တာရဟရဟန်း, မာနတ် ကျင့်ဆဲသော မာနတ္တစာရိကရဟန်း, မာနတ် ကျင့်ပြီးသော အဗ္ဘာနာရဟရဟန်း-တို့နှင့် အမိုးတူသော ကျောင်း စေတီအိမ် ဗောဓိ အမ် စသည်တို့၌ အတူတကွ မအိပ်ကောင်း၊ အိပ်လျှင် သဟဝါသ ဖြစ်၏။ အရုဏ်တက်သောခဏ၌ ပကတတ် ရဟန်းနှင့် ကင်းကွာ၍ နေခြင်းသည် ဝိပ္ပဝါသ ဖြစ်၏၊ အနိက္ခိတ္တဝတ် ဆောက်တည်သော ရဟန်းအား အာရာမ်ရှိလျှင် ကျောင်းဝန်း အာရာမ်အတွင်း၊ အာရာမ်မရှိလျှင် အာရာမ် ထိုက်သောကျောင်းမှ ခဲနှစ်ကျအတွင်း၌ ပကတတ်ရဟန်းတစ်ပါးပါး ရှိနေလျှင် ဝိပ္ပဝါသ မဖြစ်၊ နိက္ခိတ္တဝတ် ဆောက်တည်သော ရဟန်းအား ကျောင်းဝန်းပြင်ပ၌ ၁၂-တောင် ပရိဝါသ အတွင်း ပကတတ်ရဟန်းတစ်ပါးပါး ရှိနေ လျှင် ဝိပ္ပဝါသ မဖြစ်၊ အာရာမ်ပြင်ပ၌ ပရိဝါသ် ပြောကြားပြီးနောက် ကိစ္စတစ်ခုခုဖြင့် မသိ အောင် အဖော်ဖြစ်သော ပကတတ်ရဟန်း တို့ တစ်ပါးမကျန် ပြန်သွားကြသော်လည်း ပကတတ်ရဟန်းတို့ ရှိ၏ဟူသော အမှတ်ဖြင့် နေခြင်းကြောင့် ဝိပ္ပဝါသ မဖြစ်။ အရုဏ်မတက်မီ ပရိဝါသ် မပြောကြားရ သေးသော အာဂန္တုကရဟန်းတို့အား ပရိ ဝါသ် မပြောကြားခြင်းသည် အနာရောစန ဖြစ်၏။ အနိက္ခိတ္တဝတ် ဆောက်တည်သော ရဟန်းသည် အာရာမ်အတွင်း၌ရှိသောရဟန်း အာရာမ်ထိုက်သော အရပ်၌ တည်သော ရဟန်း, မြင်အပ်သောရဟန်း, ပျို့အံခြင်း, ချောင်းဟန့်ခြင်း, ချေဆတ်ခြင်း စသည်ကို ပြု သောရဟန်း၏ အသံကို ကြားလျှင် ထိုအသံ ရှင်ရဟန်းတို့အား ပရိဝါသ် ပြောကြားအပ်၏။ နိက္ခိတ္တဝတ် ဆောက်တည်သောရဟန်းသည် အာရာမ်ပြင်ပတွင် ၁၂-တောင်အတွင်း၌ ရောက်ရှိသောရဟန်း, တွေ့မြင်သောရဟန်း, အသံကြားသောရဟန်းတို့အား ပြောကြား အပ်၏၊ မပြောကြားလျှင် အနာရောစန ဖြစ် ၏။ နာနာသံဝါသကရဟန်းတို့အား မပြော ကြားသော်လည်း အနာရောစန မဖြစ်။ ပရိဝါသ်နေသော ရဟန်းအချင်းချင်း တွေ့မြင်လျှင် ပရိဝါသ် ပြောကြားအပ်၏။ ပရိဝါသ် ပြောကြားပြီးသောရဟန်းကို နောက် နေ့တို့၌ တွေ့မြင်သော်လည်း ပရိဝါသ် ပြော ကြားရန် မလိုတော့ပြီ။ အနိက္ခိတ္တဝတ် ဆောက်တည်သောရဟန်းသည် အာရာမ် တွင်း အာရာမ်ထိုက်သောအရပ်၌ ရောက်ရှိ နေသော ရဟန်းအားလုံးတို့အား ပရိဝါသ် ပြောကြားအပ်၏။ နိက္ခိတ္တဝတ် ဆောက် တည်သောရဟန်းသည် အာရာမ်တွင်း အာ ရာမ်ထိုက်သောအရပ်၌ ရောက်ရှိနေသော ရဟန်းအားလုံးတို့အား ပြောကြားရန် မလို၊ တွေ့မြင်သောရဟန်း, အသံကြားသော ရဟန်း, ၁၂-တောင်အတွင်း၌ ရောက်ရှိနေ သောရဟန်းတို့အား ပရိဝါသ် ပြောကြားအပ် ၏။ တိတ္ထိဖြစ်ဖူးသောသူသည် ဘုရားသာသ နာ၌ ရဟန်းပြုလိုသည် ဖြစ်အံ့၊ ရဟန်းမပြုမီ ရှေ့အဖို့၌ ရှင်သာမဏေပြုပေး၍ ၄-လပတ် လုံး တိတ္ထိယပရိဝါသ်ကို ကျင့်သုံးခြင်းငှာ ဉတ် ကမ္မဝါစာဖြင့် ပေးအပ်သော ပရိဝါသ်သည် အပ္ပဋိစ္ဆန္နပရိဝါသ်မည်၏၊ ယင်းအပ္ပဋိစ္ဆန္နပရိ ဝါသ်ကို အထက်ပိုင်း၌သာ အဝတ်ဝတ်ဆင် သော အာဇီဝကနဂ္ဂပရိဗိုဇ်, အဝတ် လုံးဝ မဝတ်ဆင်သော အစေလကနဂ္ဂပရိဗိုဇ်တို့ အား ပေးအပ်သည်။ အဝတ်ဝတ်ဆင် ၍ လာသော နဂ္ဂပရိဗိုဇ်, သာကီဝင်မင်းမျိုး နဂ္ဂပရိဗိုဇ်, ရသေ့ ဖိုးသူတော် စသူတို့အား အပ္ပဋိစ္ဆန္နပရိဝါသ်ကို မပေးအပ်။ အပ္ပဋိစ္ဆန္နပရိဝါသ်ကို ကျင့်သောသူသည် ၈-ပါးသောဝတ်တို့ကို ၄-လပတ်လုံး မကျိုး မပျက်ရအောင် ဖြည့်ကျင့်အပ်၏။ တစ်ပါး ပရိဝါသကမ္မဝါစာနုသာရ ကျိုးပျက်လျှင် နောက်ထပ် ၄-လ ပြန်၍ ပရိ ဝါသ် ကျင့်ရပြန်၏။ (ကင်္ခါ။ ၁၄၅)။	(1) el surgir. (2) el hacer surgir. (3) la observancia que se ha de practicar / asumir / vivir; el *parivāsa*. (1) Véase [[bhavaṅgaparivāsa]]. (3) El *parivāsa* es de dos clases: el *kamma* del *vinaya* que sirve de remedio para eliminar un *saṅghādisesa* ocultado durante noches, y el *kamma* del *vinaya* que han de practicar los *paribbājaka* desnudos de fuera de la *sāsana* para obtener el permiso de hacerse monjes en la *sāsana* del Buddha. Ese *parivāsa* es de cuatro clases: *paṭicchannaparivāsa*, *suddhantaparivāsa*, *samodhānaparivāsa* y *appaṭicchannaparivāsa*. De ellos: el haber incurrido en una *āpatti* *saṅghādisesa*; el tener la noción de que es una *āpatti* *saṅghādisesa*; el ser un monje *pakatatta*; el tener la noción de ser un monje *pakatatta*; el no haber peligro / obstáculo para confesar la *āpatti* y hacerla manifiesta; el tener la noción de que no hay peligro / obstáculo; el ser capaz de confesar la *āpatti* y hacerla manifiesta; el tener la noción de ser capaz de confesar la *āpatti* y hacerla manifiesta; el desear ocultar la *āpatti*; el ocultarla. La *āpatti* grave que, reuniendo estos diez factores, no se ha hecho manifiesta confesándola ante algún otro monje antes de que salga el alba del día en que se incurrió en ella, se llama *āpatti* *saṅghādisesa* ocultada durante noches. El *parivāsa* que se otorga mediante la *ñattikammavācā* para esa *āpatti* *saṅghādisesa* ocultada durante noches se llama *paṭicchannaparivāsa*. El *parivāsa* que se otorga mediante la *ñattikammavācā* a los monjes que no conocen todas las noches, o parte de las noches, de la *āpatti* ocultada, a los monjes que no pueden recordarlas y a los monjes que están en duda / incertidumbre, se llama *suddhantaparivāsa*. Ese *suddhantaparivāsa* es también de dos clases: *cūl̤asuddhanta* y *mahāsuddhanta*. Si (el monje) conoce con exactitud los días, quincenas, meses y años durante los que ha ocultado la *āpatti* *saṅghādisesa* en que incurrió en el período que va desde que se hizo monje hasta el día en que la confiesa y la hace manifiesta, el *parivāsa* que se otorga mediante la *ñattikammavācā* para la *āpatti* *saṅghādisesa* ocultada durante noches, según el límite de días, quincenas, meses y años de ese ocultamiento conocidos con exactitud, se llama *cūḷasuddhantaparivāsa*. Si no conoce con exactitud el límite de las noches durante las que ha ocultado la *āpatti* *saṅghādisesa* en que incurrió en el período que va desde el día en que se hizo monje hasta el día en que la confiesa y la hace manifiesta, o bien vacila en duda / incertidumbre, el *parivāsa* que se otorga mediante la *ñattikammavācā* para la *āpatti* *saṅghādisesa* ocultada durante noches, contando los días, quincenas, meses y años desde el día en que se hizo monje hasta el día en que la confiesa y la hace manifiesta, según el límite de días, quincenas, meses y años así obtenido, se llama *mahāsuddhantaparivāsa*. La diferencia entre *cūl̤asuddhanta* y *mahāsuddhanta*: con el *cūḷasuddhantaparivāsa* se puede cumplir el *parivāsa* tanto excediendo en días el límite de noches otorgado como reduciendo los días. Con el *mahāsuddhantaparivāsa* solo se puede cumplir el *parivāsa* reduciendo los días; no ha lugar a cumplir el *parivāsa* excediendo en días. El *samodhānaparivāsa* es de tres clases: *odhānasamodhānaparivāsa*, *agghasamodhānaparivāsa* y *missakasamodhānaparivāsa*. A un monje que, habiendo tomado el *parivāsa* por (una *āpatti*) ocultada durante noches y habiéndolo asumido, está todavía practicando el *parivāsa* antes de dejarlo; a un monje *mānattāraha* que ha terminado el *parivāsa*; a un monje *mānattacārika* que está practicando el *mānatta*; o a un monje *abbhānāraha* que ha terminado el *mānatta*, le sobreviene otra *āpatti* *saṅghādisesa* y la oculta durante noches. Si la *āpatti* incurrida después está ocultada durante tantas noches como la *āpatti* anterior por la que se otorgó el *parivāsa*, o durante menos noches, el *parivāsa* que se otorga de nuevo anulando, mediante el *kamma* *mūlāyapaṭikassana*, los días de *parivāsa* ya practicados y los días de *mānatta* ya practicados, y uniendo a la *āpatti* original las *āpatti* incurridas después y ocultadas durante noches, se llama *odhānasamodhānaparivāsa*. Si la *āpatti* incurrida después está ocultada durante más noches que la *āpatti* original por la que se otorgó el *parivāsa*, el *parivāsa* que se otorga haciendo de la *āpatti* incurrida después la *āpatti* original y uniendo a ella la *āpatti* incurrida primero, también se llama *odhānasamodhānaparivāsa*. Entre *āpatti* que no son iguales en el número de noches durante las que se han ocultado, por ser pocas o muchas, el *parivāsa* que se otorga mediante la *ñattikammavācā* para las *āpatti* ocultadas durante pocas noches, uniéndolas a la *āpatti* ocultada durante el mayor número de noches, en virtud del límite de noches mayor, se llama *agghasamodhānaparivāsa*. El *parivāsa* que se otorga mediante la *ñattikammavācā* reuniendo en uno las *āpatti* *saṅghādisesa* incurridas por motivos diversos se llama *missakasamodhānaparivāsa*. La diferencia entre *agghasamodhāna* y *missakasamodhāna*: el *parivāsa* que se otorga uniendo las *āpatti* ocultadas durante pocas noches a la *āpatti* ocultada durante muchas noches se llama *agghasamodhānaparivāsa*. El *parivāsa* que se otorga reuniendo en uno las *āpatti* de motivos diversos se llama *missakasamodhānaparivāsa*. Dicho de otro modo: el *parivāsa* que se otorga reuniendo en uno las *āpatti* *saṅghādisesa* de motivo semejante se llama *agghasamodhānaparivāsa*; el *parivāsa* que se otorga reuniendo en uno las *āpatti* *saṅghādisesa* de motivo diferente se llama *missakasamodhānaparivāsa*. Por las palabras pāḷi que comienzan por «cuando se otorga el *parivāsa* en virtud del *agghasamodhāna*», puesto que se han tomado las *āpatti*, (el monje) puede purificarse y salir de todas ellas: la *āpatti* ocultada durante pocas noches, la *āpatti* ocultada durante muchas noches, la *āpatti* de motivo semejante y la *āpatti* de motivo diferente. También con el *missakasamodhānaparivāsa* puede purificarse y salir de las *āpatti*. Si se hace el *kamma* del *vinaya* tratando una *āpatti* *saṅghādisesa* no ocultada durante noches como *āpatti* ocultada durante noches, la *āpatti* *saṅghādisesa* de esa persona se levanta; la *āpatti* queda resuelta. Si se hace el *kamma* del *vinaya* tratando una *āpatti* ocultada durante noches como *āpatti* no ocultada durante noches, la *āpatti* de ese monje no se levanta. Si se hace el *kamma* del *vinaya* tratando una *āpatti* ocultada durante pocas noches como *āpatti* ocultada durante muchas noches, la *āpatti* de ese monje se levanta. Si se hace el *kamma* del *vinaya* tratando una *āpatti* ocultada durante muchas noches como *āpatti* ocultada durante pocas noches, la *āpatti* de ese monje no se levanta. Si se hace el *kamma* del *vinaya* tratando una sola *āpatti* como muchas *āpatti*, la *āpatti* de ese monje se levanta. Si se hace el *kamma* del *vinaya* tratando muchas *āpatti* como una sola *āpatti*, la *āpatti* de ese monje no se levanta: así ha de conocerse la característica del levantarse de la *āpatti*. El monje que, habiendo incurrido en una *āpatti* *saṅghādisesa* y habiéndola ocultado durante noches, desea asumir la observancia, ha de acercarse al *saṅgha* y pedir el *parivāsa* diciéndolo tres veces; al final, cuando el *saṅgha* ha otorgado el *parivāsa* mediante la *ñattikammavācā*, habiendo asumido la observancia pronunciando las dos frases (…), o solo una frase, ha de declarar el *parivāsa* con «al *saṅgha* que otorga el *parivāsa*…» y demás; en esa declaración está bien declarar tanto en lengua pāḷi como en otra lengua. El asumir el *parivāsa* y practicarlo es de dos clases: practicarlo sin dejar la observancia, el *anikkhittaparivāsa*, y practicarlo dejando la observancia, el *nikkhittaparivāsa*. Que el monje que practica el *anikkhittaparivāsa*, sin dejar la observancia asumida, haga que salga el alba sin dar lugar, antes del alba, a las tres causas de *ratticcheda* llamadas *sahavāsa*, *vippavāsa* y *anārocana*, se considera haber practicado un día de *parivāsa*; practicando de este mismo modo ha de contar los días de *parivāsa*. El monje que practica el *nikkhittaparivāsa* ha de dejar la observancia, después de que el *saṅgha* le haya otorgado el *parivāsa*, o después de haber asumido y declarado el *parivāsa* ante el *saṅgha*, ante el *saṅgha* o ante otro monje, pronunciando las dos frases (…) o solo una; después, antes de que salga el alba, junto con varios monjes *pakatatta* o con un monje *pakatatta*, sale fuera del recinto del monasterio y va a un lugar donde no se oiga la voz de los monjes ni se los vea; allí asume la observancia y declara el *parivāsa*; después, habiendo hecho que salga el alba sin dar lugar a las tres causas de *ratticcheda*, ha de dejar el *parivāsa* ante los monjes que lo acompañan. Si los monjes que lo acompañan se marchan por algún asunto sin que él lo sepa, ha de entrar en el *ārāma*, declarar el *parivāsa* al primer monje que vea y dejar la observancia; practicar así se considera haber practicado un día de *parivāsa*. Practicando de este mismo modo ha de contar los días de *parivāsa*. El monje que practica el *parivāsa* ha de practicarlo sin dar lugar a las tres causas de *ratticcheda* llamadas *sahavāsa*, *vippavāsa* y *anārocana*. Si se da una cualquiera de las tres causas de *ratticcheda*, ese día ya no se cuenta como día de práctica del *parivāsa*. El monje que practica el *parivāsa* no debe dormir junto con un monje *pakatatta* que no ha asumido la observancia, un monje que ha asumido el *parivāsa*, un monje *mānattāraha* que ha terminado el *parivāsa*, un monje *mānattacārika* que está practicando el *mānatta* o un monje *abbhānāraha* que ha terminado el *mānatta*, en un monasterio, una casa del *cetiya*, una casa del *bodhi* y demás que tengan el mismo techo; si duerme, se produce *sahavāsa*. Vivir separado de un monje *pakatatta* en el momento en que sale el alba es *vippavāsa*. Para el monje que ha asumido la observancia *anikkhitta*, si hay algún monje *pakatatta* dentro del recinto del *ārāma*, cuando hay *ārāma*, o, cuando no hay *ārāma*, dentro de dos tiros de piedra desde el monasterio que corresponde al *ārāma*, no se produce *vippavāsa*. Para el monje que ha asumido la observancia *nikkhitta*, si hay algún monje *pakatatta* dentro de doce codos fuera del recinto del monasterio, no se produce *vippavāsa*. Si, después de haber declarado el *parivāsa* fuera del *ārāma*, los monjes *pakatatta* que lo acompañan se marchan todos sin excepción por algún asunto sin que él lo sepa, tampoco se produce *vippavāsa*, porque él permanece con la noción de que hay monjes *pakatatta*. No declarar el *parivāsa* antes de que salga el alba a los monjes recién llegados a quienes aún no se ha declarado es *anārocana*. El monje que ha asumido la observancia *anikkhitta* ha de declarar el *parivāsa* a los monjes que están dentro del *ārāma*, a los monjes que se hallan en el lugar que corresponde al *ārāma*, a los monjes que ve y, si oye la voz de un monje que tiene arcadas, carraspea, estornuda y demás, a esos monjes dueños de la voz. El monje que ha asumido la observancia *nikkhitta* ha de declararlo a los monjes que llegan dentro de doce codos fuera del *ārāma*, a los monjes que ve y a los monjes cuya voz oye; si no lo declara, se produce *anārocana*. Aunque no lo declare a monjes *nānāsaṁvāsaka*, no se produce *anārocana*. Si monjes que están en *parivāsa* se ven unos a otros, han de declararse el *parivāsa*. Si en días posteriores ve a un monje a quien ya declaró el *parivāsa*, ya no es necesario declarárselo. El monje que ha asumido la observancia *anikkhitta* ha de declarar el *parivāsa* a todos los monjes que se encuentran dentro del *ārāma* y en el lugar que corresponde al *ārāma*. El monje que ha asumido la observancia *nikkhitta* no necesita declararlo a todos los monjes que se encuentran dentro del *ārāma* y en el lugar que corresponde al *ārāma*; ha de declarar el *parivāsa* a los monjes que ve, a los monjes cuya voz oye y a los monjes que se encuentran dentro de doce codos. Si alguien que fue *titthiya* desea hacerse monje en la *sāsana* del Buddha, el *parivāsa* que se le otorga mediante la *ñattikammavācā*, tras hacerle *sāmaṇera* antes de hacerse monje, para que practique durante cuatro meses completos el *titthiyaparivāsa*, se llama *appaṭicchannaparivāsa*. Ese *appaṭicchannaparivāsa* se otorga a los *paribbājaka* desnudos *ājīvaka*, que se visten solo en la parte superior, y a los *paribbājaka* desnudos *acelaka*, que no llevan ropa alguna. No se otorga el *appaṭicchannaparivāsa* a los *paribbājaka* desnudos que vienen vestidos, a los *paribbājaka* desnudos del linaje real de los *sākiya*, ni a ermitaños, ascetas laicos y demás. Quien practica el *appaṭicchannaparivāsa* ha de cumplir las ocho observancias durante cuatro meses completos sin romperlas ni quebrantarlas. Si rompe una, ha de volver a practicar el *parivāsa* otros cuatro meses.	(1) arising. (2) causing to arise. (3) the observance to be practised / undertaken / lived; *parivāsa*. (1) See [[bhavaṅgaparivāsa]]. (3) *parivāsa* is of two kinds: the *vinaya* *kamma* that serves as the remedy for removing a *saṅghādisesa* concealed for nights, and the *vinaya* *kamma* to be practised by naked *paribbājaka* from outside the *sāsana* in order to obtain leave to become monks in the *sāsana* of the Buddha. That *parivāsa* is of four kinds: *paṭicchannaparivāsa*, *suddhantaparivāsa*, *samodhānaparivāsa* and *appaṭicchannaparivāsa*. Among them: having incurred a *saṅghādisesa* *āpatti*; perceiving it as a *saṅghādisesa* *āpatti*; being a *pakatatta* monk; perceiving oneself as a *pakatatta* monk; there being no danger / obstacle to confessing the *āpatti* and making it manifest; perceiving that there is no danger / obstacle; being able to confess the *āpatti* and make it manifest; perceiving oneself as able to confess the *āpatti* and make it manifest; wishing to conceal the *āpatti*; concealing it. The grave *āpatti* that, fulfilling these ten factors, has not been made manifest by confessing it before some other monk before dawn breaks on the day it was incurred is called a *saṅghādisesa* *āpatti* concealed for nights. The *parivāsa* given by the *ñattikammavācā* for that *saṅghādisesa* *āpatti* concealed for nights is called *paṭicchannaparivāsa*. The *parivāsa* given by the *ñattikammavācā* to monks who do not know all the nights, or some of the nights, of the concealed *āpatti*, to monks who cannot remember them and to monks who are in doubt / uncertainty is called *suddhantaparivāsa*. That *suddhantaparivāsa* too is of two kinds: *cūl̤asuddhanta* and *mahāsuddhanta*. If (the monk) knows exactly the days, fortnights, months and years for which he has concealed a *saṅghādisesa* *āpatti* incurred in the period from becoming a monk to the day he confesses it and makes it manifest, the *parivāsa* given by the *ñattikammavācā* for the *saṅghādisesa* *āpatti* concealed for nights, according to the limit of days, fortnights, months and years of that concealment known exactly, is called *cūḷasuddhantaparivāsa*. If he does not know exactly the limit of the nights for which he has concealed a *saṅghādisesa* *āpatti* incurred in the period from the day he became a monk to the day he confesses it and makes it manifest, or else wavers in doubt / uncertainty, the *parivāsa* given by the *ñattikammavācā* for the *saṅghādisesa* *āpatti* concealed for nights, counting the days, fortnights, months and years from the day he became a monk to the day he confesses it and makes it manifest, according to the limit of days, fortnights, months and years so obtained, is called *mahāsuddhantaparivāsa*. The difference between *cūl̤asuddhanta* and *mahāsuddhanta*: with *cūḷasuddhantaparivāsa* one may undergo *parivāsa* both exceeding the given limit of nights by days and falling short by days. With *mahāsuddhantaparivāsa* one may undergo *parivāsa* only falling short by days; there is no undergoing *parivāsa* exceeding it by days. *samodhānaparivāsa* is of three kinds: *odhānasamodhānaparivāsa*, *agghasamodhānaparivāsa* and *missakasamodhānaparivāsa*. A monk who, having taken *parivāsa* for (an *āpatti*) concealed for nights and having undertaken it, is still practising *parivāsa* before laying it aside; a *mānattāraha* monk who has finished *parivāsa*; a *mānattacārika* monk who is practising *mānatta*; or an *abbhānāraha* monk who has finished *mānatta*, incurs another *saṅghādisesa* *āpatti* and conceals it for nights. If the *āpatti* incurred later is concealed for as many nights as the earlier *āpatti* for which *parivāsa* was given, or for fewer nights, the *parivāsa* given anew, cancelling by the *mūlāyapaṭikassana* *kamma* the days of *parivāsa* already practised and the days of *mānatta* already practised, and joining to the original *āpatti* the *āpatti* incurred later and concealed for nights, is called *odhānasamodhānaparivāsa*. If the *āpatti* incurred later is concealed for more nights than the original *āpatti* for which *parivāsa* was given, the *parivāsa* given by making the *āpatti* incurred later the original *āpatti* and joining to it the *āpatti* incurred first is also called *odhānasamodhānaparivāsa*. Among *āpatti* that are unequal in the number of nights for which they were concealed, being few or many, the *parivāsa* given by the *ñattikammavācā* for the *āpatti* concealed for few nights, joining them to the *āpatti* concealed for the greatest number of nights, by virtue of the greatest limit of nights, is called *agghasamodhānaparivāsa*. The *parivāsa* given by the *ñattikammavācā* combining into one the *saṅghādisesa* *āpatti* incurred on various grounds is called *missakasamodhānaparivāsa*. The difference between *agghasamodhāna* and *missakasamodhāna*: the *parivāsa* given by joining the *āpatti* concealed for few nights to the *āpatti* concealed for many nights is called *agghasamodhānaparivāsa*. The *parivāsa* given by combining into one *āpatti* on various grounds is called *missakasamodhānaparivāsa*. Put another way: the *parivāsa* given by combining into one *saṅghādisesa* *āpatti* on similar grounds is called *agghasamodhānaparivāsa*; the *parivāsa* given by combining into one *saṅghādisesa* *āpatti* on dissimilar grounds is called *missakasamodhānaparivāsa*. By the Pāḷi words beginning 'when *parivāsa* is given by way of *agghasamodhāna*', since the *āpatti* have been taken up, (the monk) can be purified and rise from all of them: the *āpatti* concealed for few nights, the *āpatti* concealed for many nights, the *āpatti* on similar grounds and the *āpatti* on dissimilar grounds. With *missakasamodhānaparivāsa* too he can be purified and rise from the *āpatti*. If the *vinaya* *kamma* is done treating a *saṅghādisesa* *āpatti* not concealed for nights as an *āpatti* concealed for nights, that person's *saṅghādisesa* *āpatti* is lifted; the *āpatti* is cleared. If the *vinaya* *kamma* is done treating an *āpatti* concealed for nights as an *āpatti* not concealed for nights, that monk's *āpatti* is not lifted. If the *vinaya* *kamma* is done treating an *āpatti* concealed for few nights as an *āpatti* concealed for many nights, that monk's *āpatti* is lifted. If the *vinaya* *kamma* is done treating an *āpatti* concealed for many nights as an *āpatti* concealed for few nights, that monk's *āpatti* is not lifted. If the *vinaya* *kamma* is done treating one *āpatti* as many *āpatti*, that monk's *āpatti* is lifted. If the *vinaya* *kamma* is done treating many *āpatti* as one *āpatti*, that monk's *āpatti* is not lifted: thus is the characteristic of rising from an *āpatti* to be known. A monk who, having incurred a *saṅghādisesa* *āpatti* and concealed it for nights, wishes to undertake the observance must approach the *saṅgha* and ask for *parivāsa*, saying it three times; at the end, when the *saṅgha* has given *parivāsa* by the *ñattikammavācā*, having undertaken the observance by saying the two sentences (…), or only one sentence, he must announce the *parivāsa* with 'to the *saṅgha* that gives *parivāsa*…' and so on; in that announcement it is proper to announce either in the Pāḷi language or in another language. Undertaking *parivāsa* and practising it is of two kinds: practising without laying aside the observance, *anikkhittaparivāsa*, and practising laying aside the observance, *nikkhittaparivāsa*. When the monk practising *anikkhittaparivāsa*, without laying aside the observance he has undertaken, lets dawn break without giving rise, before dawn, to the three causes of *ratticcheda* called *sahavāsa*, *vippavāsa* and *anārocana*, he is deemed to have practised one day of *parivāsa*; practising in the same way, he must count the days of *parivāsa*. The monk practising *nikkhittaparivāsa* must lay aside the observance, after the *saṅgha* has given him *parivāsa*, or after undertaking and announcing *parivāsa* before the *saṅgha*, before the *saṅgha* or before another monk, saying the two sentences (…) or only one; then, before dawn, with several *pakatatta* monks or with one *pakatatta* monk, he goes out of the monastery precinct to a place where the monks' voices are not heard and they are not seen; there he undertakes the observance and announces the *parivāsa*; then, having let dawn break without giving rise to the three causes of *ratticcheda*, he must lay aside the *parivāsa* before the monks accompanying him. If the accompanying monks go back on some business without his knowing, he must enter the *ārāma*, announce the *parivāsa* to the first monk he sees and lay aside the observance; practising thus is deemed to have practised one day of *parivāsa*. Practising in the same way, he must count the days of *parivāsa*. The monk practising *parivāsa* must practise without giving rise to the three causes of *ratticcheda* called *sahavāsa*, *vippavāsa* and *anārocana*. If any one of the three causes of *ratticcheda* occurs, that day is no longer counted as a day of practising *parivāsa*. The monk practising *parivāsa* must not sleep together with a *pakatatta* monk who has not undertaken the observance, a monk who has undertaken *parivāsa*, a *mānattāraha* monk who has finished *parivāsa*, a *mānattacārika* monk who is practising *mānatta* or an *abbhānāraha* monk who has finished *mānatta*, in a monastery, a *cetiya* house, a *bodhi* house and so on under the same roof; if he sleeps there, *sahavāsa* occurs. Living apart from a *pakatatta* monk at the moment dawn breaks is *vippavāsa*. For a monk who has undertaken the *anikkhitta* observance, if some *pakatatta* monk is within the *ārāma* precinct, where there is an *ārāma*, or, where there is no *ārāma*, within two stone's throws of the monastery that counts as the *ārāma*, *vippavāsa* does not occur. For a monk who has undertaken the *nikkhitta* observance, if some *pakatatta* monk is within twelve cubits outside the monastery precinct, *vippavāsa* does not occur. If, after he has announced the *parivāsa* outside the *ārāma*, the accompanying *pakatatta* monks all go back without exception on some business without his knowing, *vippavāsa* does not occur either, because he stays with the perception that *pakatatta* monks are there. Not announcing the *parivāsa* before dawn to newly arrived monks to whom it has not yet been announced is *anārocana*. The monk who has undertaken the *anikkhitta* observance must announce the *parivāsa* to the monks within the *ārāma*, to the monks standing in the place that counts as the *ārāma*, to the monks he sees, and, if he hears the voice of a monk retching, clearing his throat, sneezing and so on, to those monks whose voice it is. The monk who has undertaken the *nikkhitta* observance must announce it to the monks who arrive within twelve cubits outside the *ārāma*, to the monks he sees and to the monks whose voice he hears; if he does not announce it, *anārocana* occurs. Even if he does not announce it to *nānāsaṁvāsaka* monks, *anārocana* does not occur. If monks undergoing *parivāsa* see one another, they must announce the *parivāsa*. If on later days he sees a monk to whom he has already announced the *parivāsa*, there is no longer any need to announce it. The monk who has undertaken the *anikkhitta* observance must announce the *parivāsa* to all the monks present within the *ārāma* and in the place that counts as the *ārāma*. The monk who has undertaken the *nikkhitta* observance need not announce it to all the monks present within the *ārāma* and in the place that counts as the *ārāma*; he must announce the *parivāsa* to the monks he sees, to the monks whose voice he hears and to the monks present within twelve cubits. If someone who was a *titthiya* wishes to become a monk in the *sāsana* of the Buddha, the *parivāsa* given to him by the *ñattikammavācā*, after making him a *sāmaṇera* before he becomes a monk, so that he practises the *titthiyaparivāsa* for four full months, is called *appaṭicchannaparivāsa*. That *appaṭicchannaparivāsa* is given to the naked *ājīvaka* *paribbājaka*, who are clothed only on the upper part, and to the naked *acelaka* *paribbājaka*, who wear no clothes at all. *appaṭicchannaparivāsa* is not given to naked *paribbājaka* who come clothed, to naked *paribbājaka* of the royal *sākiya* lineage, nor to hermits, lay ascetics and so on. One who practises *appaṭicchannaparivāsa* must fulfil the eight observances for four full months without breaking or violating them. If he breaks one, he must practise *parivāsa* again for another four months.	sense (3) is a long Vinaya exposition, translated in full; ကံ in ဝိနည်းကံ / မူလာယပဋိကဿနကံ is the Saṅgha's formal act (⟦=kamma⟧ kept); where prep removed the Pāḷi formulas before 'ဟူ၍' and 'စသည်ဖြင့်' the gap is marked (…); ထ (rising from an āpatti) rendered 'se levanta' / 'is lifted'; ပျို့အံ rendered 'tener arcadas' / 'retching'; ဖိုးသူတော် rendered 'ascetas laicos' / 'lay ascetics'; the second '(၁) «S1»' kept where printed; hyphens: သု-ဒ္ဓန္တ, ဩဓါနသ-မောဓါန, မူလာယပဋိ-ကဿန, ရတ္တိ-စ္ဆေဒ, အဂ္ဃသ-မောဓါန, မိ-ဿက read as one word each
215671	parivāsakāraṇa	ဝါသ် ဆောက်တည်၍ ကျင့်သုံးခြင်းဟူသော အကြောင်း။	la causa que es el asumir y practicar el *parivāsa*.	the cause that is undertaking and practising *parivāsa*.	text begins 'ဝါသ်' (probably 'ပရိဝါသ်' truncated)
215674	parivāsadānakicca	ဝါသ်ပေးခြင်း-အမှု-ကိစ္စ။	el asunto / la tarea de otorgar el *parivāsa*.	the business / task of giving *parivāsa*.	text begins 'ဝါသ်' (probably 'ပရိဝါသ်' truncated)
215675	parivāsadānattha	ဝါသ်ပေးခြင်း အကျိုး။	el beneficio de otorgar el *parivāsa*.	the benefit of giving *parivāsa*.	text begins 'ဝါသ်' (probably 'ပရိဝါသ်' truncated)
215677	parivāsadānasiddhi	ဝါသ်ပေးခြင်း၏ ပြီးစီးခြင်း။	la consumación del otorgar el *parivāsa*.	the accomplishment of giving *parivāsa*.	text begins 'ဝါသ်' (probably 'ပရိဝါသ်' truncated)
215678	parivāsapaññāpana	ဝါသ်ကို သိစေခြင်း။	el hacer saber el *parivāsa*.	the making known of *parivāsa*.	text begins 'ဝါသ်' (probably 'ပရိဝါသ်' truncated)
215690	parivāsābhāva	ဝါသ်၏ မရှိခြင်း။ “ဆာဒနပစ္စယာပီ”တိ အာဒိ။	la ausencia de *parivāsa*.	the absence of *parivāsa*.	text begins 'ဝါသ်' (probably 'ပရိဝါသ်' truncated)
215693	parivāsāvasāna	ဝါသ်၏ အဆုံးအစွန်။	el final / extremo del *parivāsa*.	the end / close of *parivāsa*.	text begins 'ဝါသ်' (probably 'ပရိဝါသ်' truncated)
215694	parivāsita	ဖြစ်ပြီးသော၊ ပစ္စဝေက္ခဏာဝီထိ ခြားပြီးသော။ အောက် ပုဒ်-ကြည့်။	ya surgido; ya separado por un *paccavekkhaṇāvīthi*. Véase la entrada siguiente.	already arisen; already separated by a *paccavekkhaṇāvīthi*. See the next headword.	the text may be truncated at the start ('ဖြစ်ပြီးသော'); sense of 'ခြားပြီးသော' (separated / intervened) to check
215695	parivāsitaparikamma	ဖြစ်ပြီး-ပစ္စဝေက္ခဏာဝီထိ ခြားပြီး-သော ပွား များမှု ပရိကမ်။	el *parikamma*, el cultivo, ya surgido / ya separado por un *paccavekkhaṇāvīthi*.	the *parikamma*, the development, that has already arisen / is already separated by a *paccavekkhaṇāvīthi*.	the text may be truncated at the start ('ဖြစ်ပြီး-')
215696	parivāseti	ထိုင်စေ၏။	hace morar.	causes to dwell.	text begins 'ထိုင်စေ၏' (probably 'နေထိုင်စေ၏' truncated)
215697	parivāsesuṁ	ထိုင်စေကုန်ပြီ။ အထက်ပုဒ်-ကြည့်။	hicieron morar. Véase la entrada anterior.	they caused to dwell. See the preceding headword.	text begins 'ထိုင်စေ' (probably 'နေထိုင်စေ' truncated)
215701	parivitakkadassana	အကြံအစည်ကို ပြခြင်း။ (တိ) (၂) အကြံ အစည်ကို ပြတတ်သော။	el mostrar la intención. (adjetivo) (2) que suele mostrar la intención.	the showing of an intention. (adjective) (2) apt to show an intention.	no '(၁)' before the first sense
215703	parivitakkanattha	စည်-စဥ်းစား-ဆင်ခြင်-ခြင်း အနက်။	el sentido de planear / considerar / reflexionar.	the sense of planning / considering / reflecting.	text begins 'စည်' (probably 'ကြံစည်' truncated)
215720	parividitarūpādīnava	ပိုင်းခြား- သိမြင်- အပ်ပြီးသော ရုပ်၌ အပြစ်ဒေါသရှိသော၊ သူ။	que tiene el peligro en el *rūpa* ya discernido / conocido (dicho de una persona).	having discerned / known the danger in *rūpa* (said of a person).	the Burmese reads 'having danger in the rūpa already discerned / known'; attachment of 'discerned' (to rūpa or to the danger) to check
215742	parivisāmi	ကျွေးမွေး-ပြုစု-၏၊ လုပ်ကျွေး-မွေးမြူ-၏။ «S1»	alimento / atiendo; sirvo / sustento. Véase [[parivisati]].	I feed / tend; I serve / support. See [[parivisati]].	1st-person headword (-mi) rendered in the 1st person
215761	parivīmaṁsanasutta	ပရိဝီ-မံသနသုတ်။ ရဟန်းတို့! ဤသာသနာတော် ၌ ရဟန်းသည် စူးစမ်းဆင်ခြင်သည်ရှိသော် အထူးထူးအပြားပြား များလှစွာသော အိုခြင်း “ဇရာ” သေခြင်း “မရဏ” ဆင်းရဲခြင်း “ဒုက္ခ” သည် လောက၌ ရှိ၏၊ ဤဆင်းရဲဒုက္ခသည် အဘယ်တရားလျှင် အကြောင်း ရှိသနည်း၊ အဘယ်တရားလျှင် ဖြစ်ပေါ်ကြောင်း ရှိသ နည်း၊ အဘယ်တရားကြောင့် ဖြစ်သနည်း၊ အဘယ်တရားလျှင် အမွန်အစ ရှိသနည်း၊ အဘယ်တရားရှိသော် ဇရာမရဏ ဖြစ်သ နည်း၊ အဘယ်တရားမရှိသော် ဇရာမရဏ မဖြစ်သနည်း-ဟု စူးစမ်းဆင်ခြင်၏၊ ထိုရဟန်း သည် စူးစမ်းဆင်ခြင်သည်ရှိသော် ဤသို့ သိ ၏။ အထူးထူးအပြားပြား များလှစွာသော အို ခြင်း “ဇရာ” သေခြင်း “မရဏ”ဟု ဆိုအပ် သော ဆင်းရဲဒုက္ခသည် လောက၌ ဖြစ်၏၊ ဤဆင်းရဲဒုက္ခသည် ပဋိသန္ဓေနေမှု “ဇာတိ” လျှင် အကြောင်း ရှိ၏၊ ဇာတိလျှင် ဖြစ်ပေါ် ကြောင်း ရှိ၏၊ ဇာတိကြောင့် ဖြစ်၏၊ ဇာတိ လျှင် အမွန်အစ ရှိ၏၊ ဇာတိရှိသော် ဖြစ်၏၊ ဇာတိမရှိသော် ဇရာမရဏ မဖြစ်-ဟု သိ၏၊ ထိုရဟန်းသည် အိုခြင်း “ဇရာ” သေခြင်း “မရဏ”ကိုလည်း သိ၏၊ ဇရာမရဏ ဖြစ်ပေါ်ကြောင်းကိုလည်း သိ၏၊ ဇရာမရဏ၏ ချုပ်ရာကိုလည်း သိ၏၊ ဇရာ မရဏ၏ ချုပ်ရာနိဗ္ဗာန်သို့ ရောက်ခြင်းငှာ လျောက်ပတ်သောအကျင့်ကိုလည်း သိ၏။ ထိုသိသောအတိုင်း တရားသို့ အစဥ်လိုက် သည်ဖြစ်၍ ကျင့်၏၊ ဤရဟန်းသည် အချင်း ခပ်သိမ်း ဝဋ်ဆင်းရဲကုန်ခြင်းငှာ အိုခြင်း “ဇရာ” သေခြင်း “မရဏ” ချုပ်ခြင်းငှာ ကောင်းစွာကျင့် သော ရဟန်းမည်၏။ ဤသို့ စသည်ဖြင့် ပဋိ-စ္စသမုပ္ပါဒ် ၁၂-ပါးတို့၌ စူးစမ်းဆင်ခြင်ပုံကို ဟောကြားတော်မူသောသုတ်။ သံယုတ္တနိ-ကာယ၊ နိဒါနသံယုတ္တ၊ ၆-ဝဂ်၊ ၁-သုတ်၊	el *Parivīmaṁsanasutta*. “¡Monjes! En esta *sāsana*, cuando un monje investiga y reflexiona, investiga y reflexiona así: ‘el múltiple y variado envejecer (*jarā*), morir (*maraṇa*) y sufrir (*dukkha*) está en el mundo; este sufrimiento (*dukkha*), ¿qué estado tiene por causa?, ¿qué estado tiene por origen?, ¿a causa de qué estado surge?, ¿qué estado tiene por principio?, ¿existiendo qué estado se produce *jarāmaraṇa*?, ¿no existiendo qué estado no se produce *jarāmaraṇa*?’. Ese monje, al investigar y reflexionar, sabe así: ‘el múltiple y variado sufrimiento (*dukkha*) llamado envejecer (*jarā*) y morir (*maraṇa*) se produce en el mundo; este sufrimiento (*dukkha*) tiene por causa el tomar *paṭisandhi* (*jāti*); tiene por origen *jāti*; surge a causa de *jāti*; tiene por principio *jāti*; existiendo *jāti* se produce; no existiendo *jāti* no se produce *jarāmaraṇa*’. Ese monje conoce también el envejecer (*jarā*) y el morir (*maraṇa*); conoce también el origen de *jarāmaraṇa*; conoce también la cesación de *jarāmaraṇa*; conoce también la práctica apropiada para llegar a *nibbāna*, la cesación de *jarāmaraṇa*. Practica siguiendo en orden la Enseñanza tal como la ha conocido. Este monje se llama monje que practica bien para el agotamiento de todo el sufrimiento del *vaṭṭa*, para la cesación del envejecer (*jarā*) y el morir (*maraṇa*).” El sutta que enseña, de este modo y otros, la manera de investigar y reflexionar sobre los doce factores del *paṭiccasamuppāda*.	the *Parivīmaṁsanasutta*. “Monks! In this *sāsana*, when a monk investigates and reflects, he investigates and reflects thus: ‘the manifold and various ageing (*jarā*), dying (*maraṇa*) and suffering (*dukkha*) are in the world; this suffering (*dukkha*), what state has it as cause?, what state has it as origin?, because of what state does it arise?, what state has it as beginning?, when what state exists does *jarāmaraṇa* come to be?, when what state does not exist does *jarāmaraṇa* not come to be?’. That monk, investigating and reflecting, knows thus: ‘the manifold and various suffering (*dukkha*) called ageing (*jarā*) and dying (*maraṇa*) arises in the world; this suffering (*dukkha*) has as cause the taking of *paṭisandhi* (*jāti*); it has *jāti* as origin; it arises because of *jāti*; it has *jāti* as beginning; when *jāti* exists it comes to be; when *jāti* does not exist *jarāmaraṇa* does not come to be’. That monk knows ageing (*jarā*) and dying (*maraṇa*); he knows the origin of *jarāmaraṇa*; he knows the cessation of *jarāmaraṇa*; he knows the practice fit for reaching *nibbāna*, the cessation of *jarāmaraṇa*. He practises following the Teaching in order, as he has known it. This monk is called a monk who practises well for the exhaustion of all the suffering of the *vaṭṭa*, for the cessation of ageing (*jarā*) and dying (*maraṇa*).” The sutta that teaches, in this way and others, the manner of investigating and reflecting on the twelve factors of *paṭiccasamuppāda*.	hyphen: ပရိဝီ-မံသနသုတ် read as one word; hyphen: ပဋိ-စ္စသမုပ္ပါဒ် read as one word; the sutta name romanised as ⟦=Parivīmaṁsanasutta⟧
215767	parivīmaṁseyya	စမ်း-ကြည့်ရှု-ရှာဖွေ-ရာ၏၊ ကြံစည်-သုံးသပ်-ဆင်ခြင်-ရာ၏။ «S1»	investigaría / examinaría / buscaría; consideraría / sopesaría / reflexionaría. Véase [[parivīmaṁsati]].	would investigate / examine / search; would consider / review / reflect. See [[parivīmaṁsati]].	text begins 'စမ်း' (probably 'စူးစမ်း' truncated)
215769	parivuṭṭhāna	ထကြခြင်း။	el levantarse.	rising up.	'ထကြ' read as 'ထကြွ' (to rise up)
215771	parivuta	ခြံရံ-ဝိုင်းရံ-အပ်သော။ (ခ) ခြံရံ-ပိတ်ဆို့-လွှမ်း မိုး-ရစ်ပတ်-အပ်သော။ (က) ခြံရံ-ဝိုင်းရံ-အပ်သော။ (ခ) ခြံရံ-ပိတ်ဆို့-လွှမ်းမိုး-ရစ်ပတ်-အပ် သော။	(a) rodeado / cercado. (b) rodeado / obstruido / dominado / envuelto.	(a) surrounded / encircled. (b) surrounded / obstructed / overpowered / wrapped.	senses (a)-(b) printed twice in the source, the first (a) marker missing; translated once
215774	parivuttha	ကျင့်သုံးပြီးသော၊ သူ။ (၂) သိုးပုပ်-ကင်း-ပြီး သော။ (၃) ကျင့်သုံးအပ်ပြီးသော။ (၁) ကျင့် သုံးပြီးသော၊ သူ။ (၂) သိုးပုပ်-ကင်း-ပြီးသော။ (၃) ကျင့်သုံးအပ် ပြီးသော။	(1) que ha practicado (dicho de una persona). (2) que se ha vuelto rancio / podrido. (3) practicado.	(1) having practised (said of a person). (2) having gone stale / putrid. (3) practised.	senses (1)-(3) printed twice in the source, the first (1) marker missing; translated once; in (2) 'သိုးပုပ်-ကင်း-ပြီးသော' the element 'ကင်း' (free from) is unclear and left untranslated
215784	pariveṭhakapasibbaka	ရစ်ပတ်ကြောင်းဖြစ်သော - အိပ် - သိုအိမ်။ “အဏ္ဍကောသော”။	la bolsa / funda que sirve para envolver: ‘*aṇḍakoso*’.	the bag / case that serves for wrapping: ‘*aṇḍakoso*’.	'သိုအိမ်' read as a case or sheath; the quoted Pāḷi gloss 'အဏ္ဍကောသော' kept
215804	pariveṇavāsikā	ပရိဝုဏ်၌ - သီတင်းသုံး - နေထိုင် -။	(la mujer) que mora / reside en el *pariveṇa*.	(the woman) dwelling / residing in the *pariveṇa*.	text ends after 'နေထိုင်-' (the noun it qualifies is missing); 'la mujer' supplied from the feminine label
215805	pariveṇasammajjana	ဝုဏ်- ကျောင်းဝန်း- ကို တံမြက်လှည်းခြင်း။	el barrer el *pariveṇa* / el recinto del monasterio.	sweeping the *pariveṇa* / the monastery compound.	text begins 'ဝုဏ်' (probably 'ပရိဝုဏ်' truncated)
215814	parivesanā	(၁) ဆွမ်းကျွေး-ဆွမ်းလောင်း-အလှူပေး-ရာ ဌာန၊ ဆွမ်းစားဇရပ်, ဆွမ်း လောင်းဇရပ်, အလှူတင်းကုတ်။ (၂) ဆွမ်း-ထမင်း-ကျွေးခြင်း။ (၃) ဆွမ်းကျွေး-ဆွမ်း လောင်း-ရာကာလ။ (၁) ဆွမ်းကျွေး-ဆွမ်း လောင်း-အလှူပေး-ရာ ဌာန၊ ဆွမ်းစားဇရပ်, ဆွမ်းလောင်းဇရပ်, အလှူတင်းကုတ်။ (၂) ဆွမ်း-ထမင်း-ကျွေးခြင်း။ (၃) ဆွမ်းကျွေး-ဆွမ်းလောင်း-ရာကာလ။ အထက်ပုဒ်-ကြည့်။	(1) el lugar donde se da de comer a los monjes / se vierte la comida en sus cuencos / se hacen ofrendas; el pabellón donde los monjes toman la comida, el pabellón donde se ofrece la comida, el cobertizo de las ofrendas. (2) el dar la comida / el arroz a los monjes. (3) el momento de dar de comer a los monjes / de verter la comida en sus cuencos. Véase la entrada anterior.	(1) the place where the monks are fed / alms food is poured into their bowls / offerings are given; the rest-house where the monks take their meal, the rest-house where alms food is offered, the offering shed. (2) feeding alms food / rice to the monks. (3) the time of feeding the monks / of pouring alms food into their bowls. See the preceding headword.	senses (1)-(3) printed twice in the source; translated once
215822	parisakkati	(၁) အားထုတ်-ကြိုးစား-လုံ့လ ပြု-၏။ (၂) သည်းခံ၏။ (၃) တွားသွား၏။ (၁) အားထုတ်-ကြိုးစား-လုံ့လပြု-၏။ (၂) သည်းခံ ၏။ ဝိသက္ကတီ။ (၃) တွားသွား၏။ «S1»	(1) se esfuerza / se empeña / pone empeño. (2) soporta. (3) repta. Véase [[parisakkitvā]].	(1) strives / exerts himself / makes effort. (2) endures. (3) crawls. See [[parisakkitvā]].	senses (1)-(3) printed twice in the source; translated once
215826	parisakkanti	ထုတ်-ကြိုးစား-လုံ့လပြု-ကုန်၏။ «S1»	se esfuerzan / se empeñan / ponen empeño. Véase [[parisakkati]] (1).	they strive / exert themselves / make effort. See [[parisakkati]] (1).	text begins 'ထုတ်' (probably 'အားထုတ်' truncated)
215827	parisakkamāna	ထုတ်-ကြိုးစား-လုံ့လပြု-သော။	que se esfuerza / se empeña / pone empeño.	striving / exerting oneself / making effort.	text begins 'ထုတ်' (probably 'အားထုတ်' truncated)
215828	parisakkāmi	ထုတ်-ကြိုးစား-လုံ့လပြု-၏။ «S1»	me esfuerzo / me empeño / pongo empeño. Véase [[parisakkati]] (1).	I strive / exert myself / make effort. See [[parisakkati]] (1).	text begins 'ထုတ်' (probably 'အားထုတ်' truncated); 1st-person headword (-mi) rendered in the 1st person
215831	parisakkissāmi	အားထုတ်- ကြိုးစား- လုံ့လပြု- လတ္တံ့။ «S1»	se esforzará / se empeñará / pondrá empeño. Véase [[parisakkati]] (1).	will strive / exert himself / make effort. See [[parisakkati]] (1).	the Burmese has လတ္တံ့ (2nd/3rd person) for a 1st-person headword (-ssāmi); rendered as printed
215832	parisakkeyya	ထုတ်-ကြိုးစား-လုံ့လပြု-ရာ၏။ «S1»	se esforzaría / se empeñaría / pondría empeño. Véase [[parisakkati]] (1).	would strive / exert himself / make effort. See [[parisakkati]] (1).	text begins 'ထုတ်' (probably 'အားထုတ်' truncated)
215840	parisaṅkanta	မှား-သို့လော သို့လော တွေးတော-သံသယ ဖြစ်-အထင်လွဲမှား-သော။	que sospecha / cavila ‘¿será así, o así?’ / tiene *saṁsaya* / se forma una idea equivocada.	suspecting / wondering ‘is it so, or so?’ / having *saṁsaya* / misjudging.	text begins 'မှား' (probably 'ယုံမှား' truncated)
215844	parisaṅkāmi	မှား-သို့လော သို့လော တွေးတော-သံသယ ဖြစ်-အထင်လွဲမှား-၏။ «S1»	sospecho / cavilo ‘¿será así, o así?’ / tengo *saṁsaya* / me formo una idea equivocada. Véase [[parisaṅkati]].	I suspect / wonder ‘is it so, or so?’ / have *saṁsaya* / misjudge. See [[parisaṅkati]].	text begins 'မှား' (probably 'ယုံမှား' truncated); 1st-person headword (-mi) rendered in the 1st person
215845	parisaṅkita	ယုံမှား-သို့လော သို့လော တွေးတော-သံသ ယဖြစ်-အထင်လွဲမှား-အပ်သော။ (န) (၂) ယုံမှား-သို့လော သို့လော တွေးတော-သံသ ယဖြစ်-အထင်လွဲမှား-ခြင်း။ (၃) ယုံမှား-သံ သယ။ (၃)  «S1»	sospechado / cavilado ‘¿será así, o así?’ / objeto de *saṁsaya* / juzgado equivocadamente. (neutro) (2) el sospechar / el cavilar ‘¿será así, o así?’ / el tener *saṁsaya* / el formarse una idea equivocada. (3) la sospecha / la *saṁsaya*. (3) Véase [[parisaṅkitā-bhāva]].	suspected / wondered about ‘is it so, or so?’ / the object of *saṁsaya* / misjudged. (neuter) (2) suspecting / wondering ‘is it so, or so?’ / having *saṁsaya* / misjudging. (3) suspicion / *saṁsaya*. (3) See [[parisaṅkitā-bhāva]].	the marker (1) is missing before the first sense
215847	parisaṅkitabba	မှား-သို့လော သို့လော တွေးတော-သံသယ ဖြစ်-အထင်လွဲမှား-အပ်သော၊ အထင် မှားခံရသော။	sospechado / cavilado ‘¿será así, o así?’ / objeto de *saṁsaya* / juzgado equivocadamente; que sufre que se le juzgue mal.	suspected / wondered about ‘is it so, or so?’ / the object of *saṁsaya* / misjudged; suffering being misjudged.	text begins 'မှား' (probably 'ယုံမှား' truncated)
215857	parisajeṭṭhaka	ပရိသတ်-၌-၏-အကြီးအကဲ-ခေါင်းဆောင်-ဖြစ်သော၊ သူ။	que es el jefe / el guía en la / de la asamblea (dicho de una persona).	being the chief / the leader in / of the assembly (said of a person).	the hyphens '-၌-၏-' give the alternatives 'in' / 'of' the assembly
215859	parisajjhāsaya	သတ်၏- အလို- ဆန္ဒ- အဇ္ဈာသယ။	el deseo / la *chanda* / el *ajjhāsaya* de la asamblea.	the wish / *chanda* / *ajjhāsaya* of the assembly.	text begins 'သတ်' (probably 'ပရိသတ်' truncated)
215866	parisadūsaka	ပရိသတ် ကို-ဖျက်ဆီး-ကျက်သရေမဲ့စေ-တတ်သော၊ သူ။ (၁) အရုပ်ဆိုး - ကိုယ်လက်အင်္ဂာ မညီ ညွတ် - သော၊ သူ။ (၂) အရှက်မရှိသော။ (၂) အောက်ပုဒ်ကြည့်။	que suele arruinar / privar de esplendor a la asamblea (dicho de una persona). (1) feo / de miembros desproporcionados (dicho de una persona). (2) desvergonzado. (2) Véase la entrada siguiente.	apt to ruin / bring disgrace on the assembly (said of a person). (1) ugly / ill-proportioned in body and limbs (said of a person). (2) shameless. (2) See the next headword.	the unnumbered first gloss is followed by senses (1)-(2); structure as printed
215868	parisadosa	သတ်၌ဖြစ်သော အပြစ်၊ ပရိသတ်၏ အပြစ်။	la falta que surge en la asamblea; la falta de la asamblea.	the fault arising in the assembly; the fault of the assembly.	text begins 'သတ်' (probably 'ပရိသတ်' truncated)
215869	parisādosa	သတ်၌ဖြစ်သော အပြစ်၊ ပရိသတ်၏ အပြစ်။	la falta que surge en la asamblea; la falta de la asamblea.	the fault arising in the assembly; the fault of the assembly.	text begins 'သတ်' (probably 'ပရိသတ်' truncated)
215877	parisanna	ထက်ဝန်းကျင်မှ-စွတ်စိုစေ- သွန်းလောင်း- ဆွတ်ဖြန်း- သော။	que moja / vierte / rocía por todos lados.	wetting / pouring / sprinkling all around.	the Burmese has the active (-သော) for a past participle headword; rendered as printed
215880	parisapariyanta	သတ်၏ - အဆုံး - အစွန်။ (၂) ပရိသတ် ဟူသော-အဆုံး-အပိုင်းအခြား။ (၂) အောက်ပုဒ် ကြည့်။ ပရိသပါရိဝါသိယ	(1) el término / borde de la asamblea. (2) el término / límite que es la asamblea. (2) Véase la entrada siguiente.	(1) the end / edge of the assembly. (2) the end / limit that is the assembly. (2) See the next headword.	text begins 'သတ်' (probably 'ပရိသတ်' truncated); marker (1) missing
215882	parisapariyāpanna	သတ်၌ - အကျုံးဝင် - ပါဝင် - ဖြစ် - သော။	incluido / comprendido / que forma parte de la asamblea.	included / comprised / being part of the assembly.	text begins 'သတ်' (probably 'ပရိသတ်' truncated)
215884	parisapārivāsiya	သတ်၏ သိုးခြင်း။ ဤဝေါဟာရသည် ဝိနည်း ဝေါဟာရ ဖြစ်သည်၊ ရဟန်းတို့သည် တစ်စုံ တစ်ခုသော ပြုဖွယ်ကိစ္စဖြင့် သိမ်အတွင်း၌ စုဝေးကြ၏။ ထိုစဥ် မိုးရွာခြင်းစသော တစ်စုံ တစ်ခုသော အနှောင့်အယှက်နှင့် ကြုံလာ လျှင် “ကံပြုခြင်းငှာ အခွင့်မဟုတ်ကုန်၊ အခြား နေရာသို့ သွားကြကုန်စို့”ဟု ဆန္ဒကို မစွန့်ဘဲ ထသွားကြ၏၊ ဤသို့ဖြစ်ခြင်းသည် မူလသတ် မှတ်ထားသော အချိန်ကာလနှင့် နေရာဌာန ကို လွန်သောကြောင့် “သိုး”သည် မည်၏။ ယင်းကို ပရိသတ်၏ သိုးခြင်း (=ပရိသပါရိ-ဝါသိယ)ဟု ခေါ်သည်။	el ponerse rancia la asamblea. Este término es un término del *vinaya*: los monjes se reúnen dentro de la *sīmā* para algún asunto por hacer; si entonces sobreviene algún impedimento, como la lluvia, se levantan y se van diciendo ‘no es ocasión para hacer el *kamma*; vayamos a otro lugar’, sin renunciar a su *chanda*. Lo que sucede así se llama ‘rancio’ porque sobrepasa el tiempo y el lugar fijados originalmente. A eso se le llama el ponerse rancia la asamblea (=*parisapārivāsiya*).	the going stale of the assembly. This term is a *vinaya* term: the monks gather inside the *sīmā* for some business to be done; if some obstacle then arises, such as rain, they get up and go, saying ‘it is not the occasion to perform the *kamma*; let us go to another place’, without giving up their *chanda*. What happens thus is called ‘stale’ because it goes beyond the time and place originally fixed. That is called the going stale of the assembly (=*parisapārivāsiya*).	text begins 'သတ်' (probably 'ပရိသတ်' truncated); ကံ here is the Saṅgha's formal act (⟦=kamma⟧); ဆန္ဒ here is the Vinaya consent; hyphen: ပရိသပါရိ-ဝါသိယ read as one word
215888	parisappamāṇa	ပရိသတ် ၏-အတိုင်းအရှည်-ပမာဏ။	la medida / el tamaño de la asamblea.	the measure / size of the assembly.	the Burmese reads the headword as parisa-pamāṇa (the size of the assembly)
215899	parisamāpana	ပြီးစီး-ပြီးဆုံး-ခြင်း။ (၂) ပြီးဆုံးရာအခါ။ မာ အာမိသဒါယာဒါ။	el completar / concluir. (2) el momento en que se concluye.	completing / finishing. (2) the time of finishing.	marker (1) missing before the first sense
215900	parisamāpanattha	ပြီးဆုံးခြင်းအနက်။ (တိ) (၂) ပြီးဆုံးခြင်း အနက်ရှိသော (ဣတိသဒ္ဒါ)။ (၃) ပြီးစီးခြင်း အကျိုးရှိသော (ရတနတ္တယပဏာမ)။ (၂) နိဗ္ဗာနန္တိ ဝါ ဧတ္ထ ဣတိ-သဒ္ဒေါ အာဒိအတ္ထော။	el significado de concluir. (adjetivo) (2) que tiene el significado de concluir (la palabra *iti*). (3) que tiene el fruto de completar (el *ratanattayapaṇāma*).	the meaning of finishing. (adjective) (2) having the meaning of finishing (the word *iti*). (3) having the result of completing (the *ratanattayapaṇāma*).	marker (1) missing before the first sense; in (3) အကျိုး read as result (fruit), it may be 'purpose'
215915	parisavipatti	သတ်၏-ပျက်စီး-မပြည့်စုံ-ခြင်း။	el arruinarse / no ser perfecta la asamblea.	the assembly's being ruined / imperfect.	text begins 'သတ်' (probably 'ပရိသတ်' truncated)
215916	parisāvipatti	သတ်၏-ပျက်စီး-မပြည့်စုံ-ခြင်း။	el arruinarse / no ser perfecta la asamblea.	the assembly's being ruined / imperfect.	text begins 'သတ်' (probably 'ပရိသတ်' truncated)
215922	parisasampadā	ပရိသတ်၏ ပြည့်စုံခြင်း။ ပရိသ(သာ)သာရဇ္ဇဘယ (န) ပရိသတ်ကို-ကြောက်ရွံ့-ထိတ်လန့်-သော ဘေး။	la perfección de la asamblea. [*parisa(sā)sārajjabhaya* (neutro): el peligro de temer / asustarse ante la asamblea.]	the perfection of the assembly. [*parisa(sā)sārajjabhaya* (neuter): the danger of fearing / being frightened of the assembly.]	the article of the next headword (parisa(sā)sārajjabhaya, n.) is run on here; translated in square brackets, it belongs to 215923
215927	parisahati	သည်းခံ၏။ (၂) ထက်ဝန်းကျင်မှ-လွှမ်းမိုးနှိပ် စက်-နင်းနယ်ကြိတ်ချေ-၏။ (၃) ဖြစ်၏။ ပရိသဟန္တီ။	soporta. (2) domina y oprime / pisotea y aplasta por todos lados. (3) sucede.	endures. (2) overpowers and oppresses / tramples and crushes all around. (3) comes to be.	marker (1) missing before the first sense
215932	parisā	(၁) ပရိသတ်-လူစုလူဝေး-အပေါင်း အစု-အခြံအရံ။ (၂) ပရိသတ်၏အလယ်။ (၁) ပရိသတ်သည် ဘိက္ခု (=ရဟန်း) ပရိသတ်, ဘိက္ခုနီ (=ရဟန်းမ)ပရိသတ်, ဥပါသက(=လူ ဒါယကာ)ပရိသတ်, ဥပါသိကာ (=လူဒါယိ-ကာမ)ပရိသတ်-ဟုလည်းကောင်း (ဓါန်။ ခတ္တိယ (=မင်း, ရှင် ဘုရင်)ပရိသတ်, ဗြာဟ္မဏ(=ပုဏ္ဏား)ပရိသတ်, ဂဟပတိ(=သူဌေး သူကြယ်)ပရိသတ်, သမဏ (=ရှင် ရဟန်း)ပရိသတ်-ဟုလည်းကောင်း ၄-မျိုး ရှိ၏။ တစ်ဖန် (=မင်း, ရှင် ဘုရင်)ပရိသတ်, (=ပုဏ္ဏား) ပရိ သတ်, ဂဟပတိ(=သူဌေး သူကြယ်)ပရိသတ်, သမဏ(=ရှင် ရဟန်း)ပရိသတ်, စာတုမဟာရာဇိက(=စတုမဟာရာဇ်နတ်)ပရိသတ်, တာဝတိံသာ(=တာဝတိံသာနတ်)ပရိသတ်, မာရ (=မာရ်နတ်)ပရိသတ်, ဗြဟ္မ(=ဗြဟ္မာ)ပရိသတ် ဟုလည်းကောင်း (ဓါန်။ ) ခတ္တိယပရိသတ်, ဗြာဟ္မဏပရိသတ်, ဝေဿ (=ကုန်သည်)ပရိသတ်, သုဒ္ဒ (=သူ ဆင်းရဲ အလုပ်သမား) ပရိသတ်, ဘိက္ခု ပရိသတ်, ဘိက္ခုနီပရိသတ်, သာမဏေရ (=သာမဏေယောကျာ်း)ပရိသတ်, သာမဏေရီ (=သာမဏေမိန်းမ) ပရိသတ်-ဟု လည်းကောင်း ၈-မျိုး ပြား၏။ ထို့ပြင် အင်္ဂုတ္တရနိကာယ တိကနိပါတ် ပရိသဝဂ်၌ ရဟန်းပရိသတ် အမျိုးအစားတို့ကို ဖော် ပြပါအတိုင်း ၂-မျိုးစီ ခွဲခြား ဟောကြားထားခဲ့၏။ (က) ဥတ္တာန ပရိသတ် = ဣန္ဒြေစောင့်စည်းမှု မရှိသဖြင့် ပေါ်ပေါ်လွင်လွင် ထောင်ထောင်လွှားလွှား နေတတ်သော ပရိသတ်။ (ခ) ဂမ္ဘီရပရိသတ် = ဣန္ဒြေစောင့်စည်းမှုရှိ၍ လေးနက် တည် ကြည် ငြိမ်သက်သော ပရိသတ်။ (က) ဝဂ္ဂပရိသတ် = အချင်းချင်း ခိုက်ရန်ငြင်းခုန် ဖြစ်၍ မညီညွတ်သော ပရိသတ်။ (ခ) သမဂ္ဂ ပရိသတ် = ညီညွတ်စည်းလုံးသော ပရိသတ်။ (က) အနဂ္ဂဝတီပရိသတ် = ပစ္စည်းလာဘ် လာဘ ပေါများအောင်သာ အားထုတ်၍ ရဟန်းတရား အားမထုတ်သော ပရိသတ်။ (ခ) အဂ္ဂဝတီပရိသတ် = ပစ္စည်းလာဘ်ကို အလေးမမူ ဂရုမပြုဘဲ ရဟန်းတရားကိုသာ ကြိုစား အားထုတ်သော ပရိသတ်။ (က) အနရိယပရိသတ် = သစ္စာလေးပါးကို မသိ သေးသော ပုထုဇဥ်ပရိသတ်။ (ခ) အရိယ ပရိသတ် = သစ္စာလေးပါးကို သိမြင်ပြီးသော အရိယပရိသတ်။ (က) ပရိသာကသဋ ပရိသတ် = အဂတိလေးပါး လိုက်စားသဖြင့် အမှုိက်နှင့်တူသော ရှုပ်ပွေသော ပရိသတ်။ (ခ) ပရိသာမဏ္ဍပရိသတ် = အဂတိလေးပါး မလိုက်စားသဖြင့် တည်ကြည်သော သန့်ရှင်း သော ပရိသတ်။ (က) ဩက္ကာစိတဝိနီတ ပရိသတ် = နက်နဲ၍ အနှစ်သာရရှိသော လောကုတ္တရာတရားနှင့် စပ်ယှဥ်သော သုတ္တန်တရားကို ဟောကြားသည်ရှိသော် ကောင်းစွာ မနာကြားဘဲ (စိတ်မဝင်စားဘဲ) လောကီရေးနှင့် ပတ်သက်၍ ကဗျာဆန် သော သုတ္တန်တရားမျိုးကို ဟောကြားလျှင် ကောင်းစွာ နာကြားသော (စိတ်ဝင်စားသော) ပရိသတ်။ (ခ) ပဋိပုစ္ဆာဝိနီတပရိသတ် = လောကီရေးနှင့် ပတ်သက်၍ ကဗျာဆန် ပရိသာ သော သုတ္တန်တရားကို ဟောကြားသည်ရှိ သော် ကောင်းစွာ မနာကြားဘဲ (စိတ်မဝင် စားဘဲ) လေးနက်၍ အနှစ်သာရနှင့် ပြည့်စုံ သော လောကုတ္တရာတရားနှင့် စပ်ယှဥ်သော သုတ္တန်တရားကို ဟောကြားသည်ရှိသော် ကောင်းစွာ နာကြားမှတ်သားသော (စိတ်ဝင် စားသော) ပရိသတ်။ (က) သဒ္ဓမ္မဂရုပရိသတ် = ပစ္စည်းလာဘ်ကို လိုချင်မက်မော၍ ဒကာ, ဒကာမတို့၏ ထံ မှောက်ဝယ် အချင်းချင်း (မဟုတ်မမှန်သော ဂုဏ်တို့ကို) ဝါကြားပြောဆိုပြီး လာဘ်ကို ရှာကြံ စားသောက်သော ပရိသတ်။ (ခ) အာမိသဂရုပရိသတ် = ဒကာ, ဒကာမတို့၏ ထံမှောက်ဝယ် အချင်းချင်း၏ အမှန်တကယ်ရှိသော ဂုဏ်ကိုပင် မပြောဆို ဘဲ တရားသဖြင့် လှူဒါန်း-ရရှိ-သော ပစ္စည်း လာဘ်ကို တဏှာဖြင့် မမက်မောဘဲ နိဿ-ရဏပညာဖြင့် ဆင်ခြင်သုံးဆောင်သော ပရိသတ်။ (က) ဝိသမပရိသတ် = (တရား)နှင့် ဆန့်ကျင်သောကံတို့ကို ပြု လျက် ဓမ္မဝိနယမဟုတ်သော ကံတို့ကို ပျံ့နှံ့ ထင်ရှားအောင် ပြုလုပ်သော ပရိသတ်။ (ခ) သမပရိသတ် = ဓမ္မဝိနယနှင့် လျော်ညီသော ကံတို့ကိုသာ ပြုလုပ်၍ ပျံ့နှံ့ထင်ရှားအောင် ပြုသော ပရိသတ်။ (က) အဓမ္မိက ပရိသတ် = ဓမ္မဝိနယနှင့် ဆန့်ကျင်သော ကံ တို့ကို ပြုလုပ်သော ပရိသတ်။ (ခ) ဓမ္မိက ပရိသတ် = ဓမ္မဝိနယနှင့် လျော်ညီသောကံ တို့ကို ပြုလုပ်သော ပရိသတ်။ (က) အဓမ္မဝါဒိနီပရိသတ် = သံဃါ၌ အဓိကရုဏ်း တစ်ခုခုဖြစ်သောအခါ ထိုအဓိကရုဏ်းကို (တရားနှင့် ညီသည်ဖြစ်စေ, မညီသည်ဖြစ်စေ) အချင်းချင်း ညှိနှုိင်းတိုင်ပင်မှုမရှိဘဲ မှားယွင်း ဖောက်ပြန်သောအားဖြင့် ဤသည်သာလျှင် အမှန်ဟု ဇွတ်မှိတ်လျက် ဆုံးဖြတ်တတ်သော ပရိသတ်။ (ခ) ဓမ္မဝါဒိနီပရိသတ် = သံဃါ၌ အဓိကရုဏ်းဖြစ် လာသောအခါ ထိုအဓိက ရုဏ်းကို လက်ခံ၍ အချင်းချင်း ညှိနှုိင်းတိုင်ပင် လျက် ဤသည်သာလျှင် အမှန်ဟု တဖက် သတ် ဇွတ်မှိတ်လျက် မဆုံးဖြတ်ဘဲ သမာ သမတ် ယူဆဆုံးဖြတ်တတ်သော ပရိသတ်-ဟု ပရိသတ်အမျိုး အစားတို့ကို ၂-မျိုးစီ ခွဲ၍ ဟောကြားခဲ့သည်။ (၂၇၊ ၇၀-အဘိ၊ပု။ ပရိသာ ပေတ။ ၂၉၊၃၁-ဗုဒ္ဓဝံ။ ၁၂၊၇၈၊၉၄၊၂၂၈-မိလိန္ဒ။ ၄၂၊ ၈၉၊၁၀၇၊၁၁၅၊၁၂၃-ကင်္ခါ။ ၅၂-ဣတိဝုတ်၊ဋ္ဌ။ ၂၆၂၊ကင်္ခါ၊ဋီ၊ဟောင်း။ ၁၅-၂၊ ၅၆-၇၊၁၆၄၊၃၈၁- (သ္မိံဝိဘတ်ကို တိပြု, )--- ဝိ၊သင်္ဂဟ။ ) (၂) ပရိသတ်၏ အလယ်။ ပရိသတီ။	(1) la asamblea / la multitud / el conjunto / el séquito. La asamblea es de 4 clases: asamblea de *bhikkhu* (=monjes), asamblea de *bhikkhunī* (=monjas), asamblea de *upāsaka* (=donantes laicos), asamblea de *upāsikā* (=donantes laicas); y también asamblea de *khattiya* (=reyes, soberanos), asamblea de *brāhmaṇa* (=brahmanes), asamblea de *gahapati* (=ricos y acaudalados), asamblea de *samaṇa* (=monjes). A su vez, es de 8 clases: asamblea de (=reyes, soberanos), asamblea de (=brahmanes), asamblea de *gahapati* (=ricos y acaudalados), asamblea de *samaṇa* (=monjes), asamblea de *cātumahārājika* (=los *deva* de los Cuatro Grandes Reyes), asamblea de *tāvatiṁsā* (=los *deva* de *tāvatiṁsā*), asamblea de *māra* (=el *deva* *Māra*), asamblea de *brahma* (=*brahmā*); y también asamblea de *khattiya*, asamblea de *brāhmaṇa*, asamblea de *vessa* (=mercaderes), asamblea de *sudda* (=pobres, trabajadores), asamblea de *bhikkhu*, asamblea de *bhikkhunī*, asamblea de *sāmaṇera* (=novicios varones), asamblea de *sāmaṇerī* (=novicias). Además, en el *Parisavagga* del *Tikanipāta* del *aṅguttaranikāya* se enseñan las clases de asamblea de monjes, divididas de dos en dos, tal como se muestra: (a) la asamblea *uttāna* = la asamblea que, por no tener contención de las *indriya*, suele comportarse de modo llamativo y altanero. (b) la asamblea *gambhīra* = la asamblea que, teniendo contención de las *indriya*, es profunda, firme y serena. (a) la asamblea *vagga* = la asamblea que no está unida, porque sus miembros riñen y disputan unos con otros. (b) la asamblea *samagga* = la asamblea unida y concorde. (a) la asamblea *anaggavatī* = la asamblea que se esfuerza solo por que abunden los requisitos y las ganancias, y no se esfuerza en la práctica de monje. (b) la asamblea *aggavatī* = la asamblea que, sin dar peso ni importancia a los requisitos y las ganancias, se esfuerza solo en la práctica de monje. (a) la asamblea *anariya* = la asamblea de *puthujjana*, que aún no conocen las cuatro *saccā*. (b) la asamblea *ariya* = la asamblea de *ariya*, que ya han conocido y visto las cuatro *saccā*. (a) la asamblea *parisākasaṭa* = la asamblea confusa, semejante a la basura, porque sigue los cuatro *agati*. (b) la asamblea *parisāmaṇḍa* = la asamblea firme y pura, porque no sigue los cuatro *agati*. (a) la asamblea *okkācitavinīta* = la asamblea que, cuando se predica la enseñanza de los *suttanta* ligada a los estados *lokuttara*, profunda y llena de esencia, no escucha bien (no se interesa), pero cuando se predica una enseñanza de los *suttanta* de estilo poético, relativa a los asuntos mundanos, escucha bien (se interesa). (b) la asamblea *paṭipucchāvinīta* = la asamblea que, cuando se predica una enseñanza de los *suttanta* de estilo poético, relativa a los asuntos mundanos, no escucha bien (no se interesa), pero cuando se predica la enseñanza de los *suttanta* ligada a los estados *lokuttara*, profunda y dotada de esencia, escucha bien y retiene (se interesa). (a) la asamblea *saddhammagaru* = la asamblea que, codiciando y ansiando los requisitos y las ganancias, en presencia de los donantes y las donantes se jactan unos de otros (de virtudes que no son verdaderas) y buscan ganancias para comer y beber. (b) la asamblea *āmisagaru* = la asamblea que, en presencia de los donantes y las donantes, no habla ni siquiera de las virtudes realmente existentes de unos y otros, y que, sin codiciar con *taṇhā* los requisitos y las ganancias donados y obtenidos con rectitud, los usa reflexionando con la *nissaraṇapaññā*. (a) la asamblea *visama* = la asamblea que, realizando *kamma* contrarios a (la Enseñanza), hace que se difundan y se manifiesten *kamma* que no son *dhammavinaya*. (b) la asamblea *sama* = la asamblea que realiza solo *kamma* conformes al *dhammavinaya* y hace que se difundan y se manifiesten. (a) la asamblea *adhammika* = la asamblea que realiza *kamma* contrarios al *dhammavinaya*. (b) la asamblea *dhammika* = la asamblea que realiza *kamma* conformes al *dhammavinaya*. (a) la asamblea *adhammavādinī* = la asamblea que, cuando surge algún *adhikaraṇa* en el *saṅgha*, suele decidir ese *adhikaraṇa* (sea o no conforme a la Enseñanza) sin que sus miembros se consulten y deliberen entre sí, de modo errado y torcido, obstinadamente, diciendo ‘solo esto es lo verdadero’. (b) la asamblea *dhammavādinī* = la asamblea que, cuando surge un *adhikaraṇa* en el *saṅgha*, lo acepta, sus miembros se consultan y deliberan entre sí, y no decide de modo parcial y obstinado ‘solo esto es lo verdadero’, sino que suele juzgar y decidir con imparcialidad. Así se enseñan las clases de asamblea, divididas de dos en dos. (2) el medio de la asamblea.	(1) the assembly / the crowd / the group / the retinue. The assembly is of 4 kinds: the assembly of *bhikkhu* (=monks), the assembly of *bhikkhunī* (=nuns), the assembly of *upāsaka* (=lay male donors), the assembly of *upāsikā* (=lay female donors); and also the assembly of *khattiya* (=kings, sovereigns), the assembly of *brāhmaṇa* (=brahmins), the assembly of *gahapati* (=the rich and wealthy), the assembly of *samaṇa* (=monks). Again, it is of 8 kinds: the assembly of (=kings, sovereigns), the assembly of (=brahmins), the assembly of *gahapati* (=the rich and wealthy), the assembly of *samaṇa* (=monks), the assembly of *cātumahārājika* (=the *deva* of the Four Great Kings), the assembly of *tāvatiṁsā* (=the *deva* of *tāvatiṁsā*), the assembly of *māra* (=the *deva* *Māra*), the assembly of *brahma* (=*brahmā*); and also the assembly of *khattiya*, the assembly of *brāhmaṇa*, the assembly of *vessa* (=merchants), the assembly of *sudda* (=the poor, labourers), the assembly of *bhikkhu*, the assembly of *bhikkhunī*, the assembly of *sāmaṇera* (=male novices), the assembly of *sāmaṇerī* (=female novices). Moreover, in the *Parisavagga* of the *Tikanipāta* of the *aṅguttaranikāya* the kinds of assembly of monks are taught, divided two by two, as shown: (a) the *uttāna* assembly = the assembly that, having no restraint of the *indriya*, is apt to behave showily and haughtily. (b) the *gambhīra* assembly = the assembly that, having restraint of the *indriya*, is deep, steady and calm. (a) the *vagga* assembly = the assembly that is not united, its members quarrelling and disputing with one another. (b) the *samagga* assembly = the united and harmonious assembly. (a) the *anaggavatī* assembly = the assembly that strives only for requisites and gains to abound, and does not strive in the monk's practice. (b) the *aggavatī* assembly = the assembly that, giving no weight or regard to requisites and gains, strives only in the monk's practice. (a) the *anariya* assembly = the assembly of *puthujjana* who do not yet know the four *saccā*. (b) the *ariya* assembly = the assembly of *ariya* who have known and seen the four *saccā*. (a) the *parisākasaṭa* assembly = the confused assembly, like rubbish, because it follows the four *agati*. (b) the *parisāmaṇḍa* assembly = the steady and pure assembly, because it does not follow the four *agati*. (a) the *okkācitavinīta* assembly = the assembly that, when the *suttanta* teaching connected with *lokuttara* states, deep and full of essence, is preached, does not listen well (is not interested), but when a poetic kind of *suttanta* teaching about worldly matters is preached, listens well (is interested). (b) the *paṭipucchāvinīta* assembly = the assembly that, when a poetic *suttanta* teaching about worldly matters is preached, does not listen well (is not interested), but when the *suttanta* teaching connected with *lokuttara* states, deep and endowed with essence, is preached, listens well and retains it (is interested). (a) the *saddhammagaru* assembly = the assembly that, craving and longing for requisites and gains, boast of one another (of virtues that are not true) in the presence of male and female donors, and seek gains to eat and drink. (b) the *āmisagaru* assembly = the assembly that, in the presence of male and female donors, does not speak even of one another's truly existing virtues, and, not coveting with *taṇhā* the requisites and gains donated and obtained righteously, uses them reflecting with *nissaraṇapaññā*. (a) the *visama* assembly = the assembly that, performing *kamma* contrary to (the Teaching), makes *kamma* that are not *dhammavinaya* spread and become manifest. (b) the *sama* assembly = the assembly that performs only *kamma* in accordance with *dhammavinaya* and makes them spread and become manifest. (a) the *adhammika* assembly = the assembly that performs *kamma* contrary to *dhammavinaya*. (b) the *dhammika* assembly = the assembly that performs *kamma* in accordance with *dhammavinaya*. (a) the *adhammavādinī* assembly = the assembly that, when some *adhikaraṇa* arises in the *saṅgha*, is apt to decide that *adhikaraṇa* (whether or not it accords with the Teaching) without its members consulting and deliberating with one another, wrongly and perversely, obstinately, saying ‘this alone is true’. (b) the *dhammavādinī* assembly = the assembly that, when an *adhikaraṇa* arises in the *saṅgha*, accepts it, its members consult and deliberate with one another, and does not decide one-sidedly and obstinately ‘this alone is true’, but is apt to judge and decide impartially. Thus are the kinds of assembly taught, divided two by two. (2) the middle of the assembly.	senses (1)-(2) printed twice, the second time with a long note under (1); translated once, the note after (1); in the 8-fold list the Pāḷi names before '(=မင်း, ရှင်ဘုရင်)' and '(=ပုဏ္ဏား)' are missing; the descriptions of (a) ⟦သဒ္ဓမ္မဂရု⟧ and (b) ⟦အာမိသဂရု⟧ appear swapped, translated as printed; ⟦=kamma⟧ here is the Saṅgha's formal act; hyphens read as one word: ဥပါသိကာ's gloss 'လူဒါယိ-ကာမ', 'နိဿ-ရဏပညာ', 'အဓိက ရုဏ်း'
215933	parisākacavara	အမှုိက်နှင့် တူသော ပရိသတ်။ (အောက်ပုဒ်လည်း ကြည့်။	la asamblea semejante a la basura. (Véase también la entrada siguiente.)	the assembly like rubbish. (See also the next headword.)	the closing bracket is missing in the source
215938	parisāpadesa	သတ်ကို ညွှန်းခြင်း။	el señalar a la asamblea.	pointing to the assembly.	text begins 'သတ်' (probably 'ပရိသတ်' truncated)
215942	parisāvacara	သတ်-လူစုလူဝေး-၌ (သူတစ်ပါးအယူကို နှိပ် နင်း၍ မိမိအယူကို ထင်စွာပြလျက်) လှည့် လည်-ကျက်စား-သွားလာ-တတ်သော၊ ပရိ သတ်၌ ရဲရင့်သော၊ သူ။ (ခ) ပရိသတ်၌-အကျုံးဝင်-ပါဝင်-သော၊ သူ။ ပရိသိဉ္စန္တ	que suele andar / frecuentar / ir y venir por la asamblea / la multitud (refutando la opinión ajena y mostrando claramente la propia); que es intrépido en la asamblea (dicho de una persona). (b) incluido / comprendido en la asamblea (dicho de una persona).	apt to go about / frequent / move around in the assembly / crowd (crushing the views of others and showing his own clearly); bold in the assembly (said of a person). (b) included / comprised in the assembly (said of a person).	text begins 'သတ်' (probably 'ပရိသတ်' truncated); marker (a) missing before the first sense
215943	parisāvacaraka	သတ်-လူစုလူဝေး-၌ လှည့်လည်-ကျက်စား-သွားလာ-တတ်သော၊ သူ။	que suele andar / frecuentar / ir y venir por la asamblea / la multitud (dicho de una persona).	apt to go about / frequent / move around in the assembly / crowd (said of a person).	text begins 'သတ်' (probably 'ပရိသတ်' truncated)
215969	parisujjhissāmi	ထက်ဝန်းကျင်-အလုံးစုံ-စင်ကြယ်-သန့်ရှင်း-လတ္တံ့။ «S1»	será puro / limpio por todos lados / enteramente. Véase [[parisujjhati]].	will be pure / clean all around / entirely. See [[parisujjhati]].	the Burmese has လတ္တံ့ (2nd/3rd person) for a 1st-person headword (-ssāmi); rendered as printed
215970	parisuddha	(၁) သန့်ရှင်း-စင်ကြယ်-သော။ (၂) မရော မယှက်-သက်သက်-ဖြစ်သော။ (၃) (အပြစ် ဒေါသတို့မှ) လွတ်ကင်း - လွတ်မြောက် -သော။ (၂) မရောမယှက်- သက်သက်- ဖြစ် သော။ (၃) (အပြစ် ဒေါသတို့မှ) လွတ်ကင်း - လွတ်မြောက် -သော။	(1) limpio / puro. (2) sin mezcla / solo, sin más. (3) libre / liberado (de faltas y defectos).	(1) clean / pure. (2) unmixed / sheer. (3) free / released (from faults and defects).	senses (2)-(3) printed twice in the source; translated once
215974	parisuddhaosadhitāraka	အထူးသဖြင့်- သန့်ရှင်း- စင် ကြယ် - တောက်ပြောင် - သော သောက်ရှူး ကြယ်။	la estrella ‹သောက်ရှူး›, especialmente limpia / pura / resplandeciente.	the star ‹သောက်ရှူး›, especially clean / pure / shining.	star name 'သောက်ရှူးကြယ်' left in Burmese (osadhitārakā, the 'medicine star', often taken as the morning star: tentative)
215981	parisuddhakāyavacīpayoga	သန့်ရှင်း-စင်ကြယ်-သော ကိုယ်နှုတ်- နှင့်-ဖြင့်- ယှဥ်ခြင်း- အားထုတ် ခြင်း။ သန့်ရှင်း- စင်ကြယ်- သော ကိုယ်နှုတ် ပယောဂ။	el estar unido a / el esforzarse con un cuerpo y una palabra limpios / puros; el *payoga* de cuerpo y palabra limpio / puro.	being joined with / exerting oneself with clean / pure body and speech; the clean / pure *payoga* of body and speech.	the hyphens '-နှင့်-ဖြင့်-' (with / by means of) are rendered by one 'con' / 'with'
216006	parisuddhadassana	အထူးသဖြင့်-သန့်ရှင်း-စင်ကြယ်-ခြင်းကို ရှု မြင်တတ်သော။ (၂) သန့်ရှင်း - စင်ကြယ်-သော မြင်ခြင်းရှိသော။	que suele contemplar el ser especialmente limpio / puro. (2) que tiene una visión limpia / pura.	apt to behold being especially clean / pure. (2) having clean / pure seeing.	marker (1) missing before the first sense
216021	parisuddhapada	(၁) သန့်ရှင်း-စင် ကြယ်-သော ကုသိုလ်အစု။ (၂) ပရိသုဒ္ဓပုဒ်။	(1) el conjunto de lo sano, limpio / puro. (2) la palabra *parisuddha*.	(1) the clean / pure portion of the wholesome. (2) the word *parisuddha*.	in (2) 'ပရိသုဒ္ဓပုဒ်' read as 'the word parisuddha'
216024	parisuddhaparāmasana	သန့်ရှင်း - စင်ကြယ် - သော သုံးသပ်ခြင်း။	el palpar limpio / puro.	clean / pure touching.	'သုံးသပ်ခြင်း' may be 'stroking, touching' (parāmasana) or 'reviewing'; rendered 'touching'
216028	parisuddhapāramipūraṇāgamana	အကျိုးထူး၏ ဖြစ်ပေါ်လာ ကြောင်း-သန့်ရှင်း-စင်ကြယ်-သော ပါရမီဖြည့် ကျင့်မှုရှိသော (ကောဏာဂုံဘုရား)။	que tiene una práctica de cumplimiento de las *pāramī*, causa del surgir de frutos extraordinarios, limpia / pura (el Buddha *Koṇāgamana*).	having a practice of fulfilling the *pāramī*, the cause of the arising of extraordinary results, clean / pure (the Buddha *Koṇāgamana*).	the Burmese name 'ကောဏာဂုံ' romanised as ⟦=Koṇāgamana⟧
216076	parisuddhasāṭaka	သန့် ရှင်း-စင်ကြယ်-သော-အဝတ်-ပုဆိုး။	la tela / el paño de vestir limpio / puro.	the clean / pure cloth / garment.	'ပုဆိုး' (the Burmese man's wrap) rendered generically
216077	parisuddhasālipiṇḍasaṅkhacuṇṇapiṇḍavaṇṇa	[ပရိ-ပရိသုဒ္ဓသီလ သုဒ္ဓ+သာလိပိဏ္ဍ+သင်္ခစုဏ္ဏပိဏ္ဍ+ဝဏ္ဏ] သန့် ရှင်း-စင်ကြယ်-သော သလေးဆိုင် ခရုသင်း မှုန့်ဆိုင်နှင့် တူသော အဆင်းရှိသော။	que tiene un color semejante a una bola de arroz *saleḥ* y a una bola de polvo de caracola, limpias / puras.	having a colour like a clean / pure ball of *saleḥ* rice and ball of conch-shell powder.	'သလေး' (the fine rice variety, sāli) copied
216080	parisuddhasīla	(၁) သန့်ရှင်း-စင်ကြယ်-သော- အကျင့်- သီလ။ (တိ) (၂) သန့်ရှင်း-စင်ကြယ်-သော- အကျင့်-သီလရှိ သော။ (၁) သန့်ရှင်း- စင်ကြယ်- သော-အကျင့်-သီလ။ (၂) သန့်ရှင်း-စင်ကြယ်-သော- အကျင့်- သီလရှိသော။	(1) la conducta / la *sīla* limpia / pura. (adjetivo) (2) que tiene una conducta / una *sīla* limpia / pura.	(1) clean / pure conduct / *sīla*. (adjective) (2) having clean / pure conduct / *sīla*.	senses (1)-(2) printed twice in the source; translated once
216116	parisupaṭṭhāpaka	သတ်ကို လုပ်ကျွေးစေနိုင်သော၊ ပရိသတ် အလုပ်အကျွေးခံရသော၊ သူ။ ပါစိတ်ယော။	que puede hacer que la asamblea le sirva; que es servido por la asamblea (dicho de una persona).	able to have the assembly serve him; served by the assembly (said of a person).	text begins 'သတ်' (probably 'ပရိသတ်' truncated)
216128	pariseda	ထက်ဝန်းကျင်မှ အငွေ့ယူသော၊ ချွေးထွက်သော။	que toma vapor por todos lados; que suda.	taking steam all around; sweating.	the gloss is adjectival (-သော) under a masculine noun; rendered as printed
216129	parisedana	ထက်ဝန်းကျင် မှ (ကြက်)အငွေ့ကို-ယူ-ယူစေ-ခြင်း။	el tomar / hacer tomar el vapor (el pollo) por todos lados.	taking / causing to take the steam (a chicken) all around.	'(ကြက်)' (chicken) as printed; perhaps the thing steamed, or a misprint
216130	parisadita	(၁) ထက်ဝန်းကျင်မှ (ကြက်)အငွေ့ကို-ယူ-ယူစေ-အပ်သော။ (၂) နှူးနှပ်၍ ထား အပ်သော။	(1) al que se ha hecho tomar / dado el vapor por todos lados (el pollo). (2) dejado ablandar / macerar.	(1) caused to take / steamed all around (a chicken). (2) left to soften / steep.	'(ကြက်)' (chicken) as printed; in (2) 'နှူးနှပ်၍ ထားအပ်သော' read as 'kept after softening / steeping'
216135	parisādhayiṁ	ပရိသောဓေတိ သန့်ရှင်း-စင်ကြယ်- စေခဲ့ပြီ၊ သုတ်သင်ခဲ့ပြီ။ «S1»	hice limpio / puro; despejé. Véase [[parisodheti]].	I made clean / pure; I cleared away. See [[parisodheti]].	1st-person headword (-iṁ) rendered in the 1st person
216144	parisodhesiṁ	သန့်ရှင်း-စင်ကြယ်-စေပြီ၊ သုတ်သင်ခဲ့ပြီ။ «S1»	hice limpio / puro; despejé. Véase [[parisodheti]].	I made clean / pure; I cleared away. See [[parisodheti]].	1st-person headword (-siṁ) rendered in the 1st person
216158	parissaja	ထက်ဝန်းကျင်မှ ပြုစီရင်တတ်သော၊ သူ၊ အမှု လုပ်သမား၊ လုပ်သား။ (အချို့သော မူတို့၌ ပါရိဿဇ္ဇ-ဟု ရှိ၏။ ဆန္ဒာနုရက္ခဏဌာနဖြစ်၍ သ-၌ ဒွေဘော်ပြု၊ ဇ-တစ်လုံးချေကာ ပရိဿဇေ-ဟု ရှိနေ သည်။	que suele obrar / disponer por todos lados (dicho de una persona); el trabajador, el obrero. (En algunos textos se lee *pārissajja*.)	apt to act / arrange all around (said of a person); the worker, the labourer. (In some texts it reads *pārissajja*.)	the bracket opened before 'အချို့သော မူတို့၌' is not closed in the source
216161	parissajanti	ပွေ့ဖက်ကုန်၏။ (၂) ရစ်ပတ်-ငြိကပ်-ကုန်၏။ «S1»	abrazan. (2) envuelven / se adhieren. Véase [[parissajati]].	they embrace. (2) they wrap round / cling. See [[parissajati]].	marker (1) missing before the first sense
216172	parissamavinodana	ပင်ပန်းခြင်းကို ပယ်ဖျောက်ခြင်း။ (တိ) (၂) ပင်ပန်းခြင်းကို ပယ်ဖျောက်နိုင်သော။	el disipar el cansancio. (adjetivo) (2) que puede disipar el cansancio.	dispelling weariness. (adjective) (2) able to dispel weariness.	marker (1) missing before the first sense
216175	parissamākāra	ပန်းသောအခြင်းအရာ။	el modo de estar cansado.	the manner of being tired.	text begins 'ပန်း' (probably 'ပင်ပန်း' truncated)
216178	parissaya	ဘေးရန်။ ပရိဿယ၂ (တိ) [ပရိဿယ + အ] ဘေးရန်ရှိ သော။ «S1»	el peligro. *parissaya* 2 (adjetivo): que tiene peligro. Véase [[parissayabhāva]].	danger. *parissaya* 2 (adjective): having danger. See [[parissayabhāva]].	a second homonym (parissaya 2, adj.) is run on here; translated
216179	parissayana	ထက်ဝန်းကျင်မှ-ကိန်းဝပ်-နေ-တတ်သော၊ ပိုင်းခြား၍ ဖြစ် တတ်သော။ အောက်ပုဒ်-ကြည့်။	que suele morar / residir por todos lados; que suele surgir delimitadamente. Véase la entrada siguiente.	apt to dwell / reside all around; apt to arise in a delimited way. See the next headword.	'ပိုင်းခြား၍ ဖြစ်တတ်သော' (apt to arise delimiting) is unclear; rendered literally
216182	parissayapaṭipassaddhi	ငြိမ်းအေးပြီးသော ဘေးရန်ရှိရာ ဖြစ်သော ဘေးရန်-၏-မှ-တစ်ဖန်ငြိမ်းပြီးရာဖြစ်သော။ အထက်ပုဒ်-ကြည့်။	que es aquello en que hay peligros ya apaciguados; que es aquello en que se ha apaciguado de nuevo el / del peligro. Véase la entrada anterior.	being that in which there are dangers already calmed; being that in which there has been calming again of / from danger. See the preceding headword.	the hyphens '-၏-မှ-' give the alternatives 'of' / 'from' danger
216194	parissayavinaya	ရန်ကို ပယ်ဖျောက်တတ်သော၊ ဘေးရန်ကို ပယ်ဖျောက်ရာဖြစ်သော။	que suele disipar los peligros; que es aquello con que se disipan los peligros.	apt to dispel dangers; that is the means by which dangers are dispelled.	first gloss has ရန် alone (probably ဘေးရန် 'danger', as in the second)
216204	parissayādirahitamaggatā	ဘေးရန်စသည်မှ ကင်းသော လမ်းရှိသော။	que tiene un camino libre de peligros y demás.	having a road free from dangers and the like.	label (adjetivo) with an abstract -tā headword
216205	parissayābhāva	ဘေးရန်မရှိသည်၏အဖြစ်၊ ဘေးရန်မရှိခြင်း။ ပရိဿယာဘာ၀၀Dမံသနတ္ထ (ပု) ဘေးရန်မရှိသည်၏ အဖြစ်ကို စူးစမ်းခြင်းအကျိုး။	el hecho de no haber peligros; el no haber peligros.	the state of there being no dangers; there being no dangers.	a following article merged into the text (probably id 216206, missing from the shard): 'parissayābhāvavīmaṁsanattha (ပု) the benefit of investigating the absence of danger'; left out here
216213	parissāvanakāla	ရေစစ်ရာအခါ။ (ပါနီယပါဏကပရိဿာဝနကာလေ-ဟုလည်း သမာသ်ပုဒ် ရှိ၏။ သောက်ရေ၌ ပိုးငယ်တို့ကို စစ်ရာအခါ-ဟု ပြန်။	el momento de colar el agua. (Hay también el compuesto *pānīyapāṇakaparissāvanakāle*; se traduce 'el momento de colar los pequeños bichos del agua de beber'.)	the time of straining water. (There is also the compound *pānīyapāṇakaparissāvanakāle*; it is rendered 'the time of straining the small creatures out of drinking water'.)	the bracket is not closed in the source; closed here
216216	parissāvanatthika	ရေစစ်-ဖြင့်-ကို- အလိုရှိသော။	que desea un filtro de agua.	wanting a water strainer.	the case alternatives -ဖြင့်-ကို ('with' / object) are rendered once
216220	parissāvitaüdaka	စစ်အပ်သော မုဒရက်ရေ။	agua ‹မုဒရက်› colada.	strained ‹မုဒရက်› water.	‹မုဒရက်› unclear (the headword has only udaka 'water'); possibly a misprint
216233	parihara	ဆောင်လော့။ (က) ထိန်းသိမ်းလော့။ (ခ) ပယ်လော့။ «S1»	lleva. (a) custodia. (b) abandona. Véase [[pariharati]].	carry. (a) keep. (b) abandon. See [[pariharati]].	Burmese ဆောင်လော့ etc. are imperatives (-လော့) but the headword pariharati-form 'parihara' is the 2nd sg. imperative: Spanish written as imperative (lleva, custodia, abandona)
216234	pariharaṇa	(၁) ဆောင် ခြင်း။ (က) ဆောင်ယူခြင်း။ (ခ) ရွက်ဆောင် ခြင်း။ (ဂ) ကျင့်ဆောင်ခြင်း။ (ဃ) သုံးဆောင် ခြင်း။ (င) စောင့်ရှောက်ခြင်း။ (စ) လွယ်ခြင်း။ (ဆ) မွေးမြူခြင်း။ (ဇ) ရှောင်လွှဲခြင်း။ (ဈ) ရှောင်ကြဥ်ခြင်း။ (ည) ပယ်ခြင်း။ (ဋ) ရွတ်-ဖတ်-သရဇ္ဈာယ်-ပို့ချ-ခြင်း။ (ဌ) ပွေ့ချီ-ပွေ့ ပိုက်-ကောင်းစွာရောက်စေ-ခြင်း။ (ထီ) (၂) ပယ်တတ်သော မာယာ။ (တိ) (၃) ဆောင် တတ်သော။ (က) ဆောင်ယူတတ်သော။ (ခ) ဆောင်ယူသွားတတ်သော။ (ဂ) ပယ် တတ်သော။ (၄) ဆောင်အပ်သော။ (က) ဆောင်ယူအပ်သော။ (ခ) ရွတ် - ဖတ် -သရဇ္ဈာယ်-ပွားများ-အပ်သော။ (၅) ဆောင် ယူရာ။ (၁) ဆောင်ခြင်း။ (က) ဆောင်ယူ ခြင်း။ (ခ) ရွက်ဆောင် ခြင်း။ (ဂ) ကျင့် ဆောင်ခြင်း။ «S1» (ဃ) ပရိဟရဏ သုံးဆောင်ခြင်း။ (-ဝိ၊ သင်္ဂဟ။ (င) စောင့်ရှောက်ခြင်း။ (စ) လွယ်ခြင်း။ «S2» (ဆ) မွေးမြူခြင်း။ (ဇ) ရှောင်လွှဲခြင်း။ «S3» (ဈ) ရှောင်ကြဥ်ခြင်း။ (ည) ပယ်ခြင်း။ «S4» (ဋ) ရွတ်-ဖတ်-သရဇ္ဈာယ်-ပို့ချ-ခြင်း။ (ဌ) ပွေ့ချီ-ပွေ့ပိုက်-ကောင်းစွာရောက်စေ - ခြင်း။ (၂) ပယ်တတ်သော မာယာ။ (၃) ဆောင်တတ်သော။ “ပီတမလ္လော”။ (က) ဆောင်ယူ တတ်သော။ “ကိလေသာ”။ (ခ) ဆောင်ယူသွားတတ်သော။ «S5» (ဂ) ပယ်တတ်သော။ (၄)ဆောင်အပ် သော။ «S6» (က)ဆောင် ယူအပ်သော။ «S7» (ခ) ရွတ်-ဖတ်-သရဇ္ဈာယ်-ပွားများ- အပ်သော။ (၅) ဆောင်ယူရာ။ «S8»	(1) el llevar. (a) el llevar consigo. (b) el cargar. (c) el practicar. Véase [[pariharaṇasukara]]. (d) el usar. (e) el proteger. (f) el llevar colgado. Véase [[pariharaṇamūlaka]]. (g) el criar. (h) el esquivar. Véase [[pariharaṇattha]]. (i) el evitar. (j) el abandonar. Véase [[pariharaṇa-ttha]]. (k) el recitar / leer / repasar de memoria / enseñar. (l) el cargar en brazos / abrazar / hacer llegar bien. (femenino) (2) la *māyā* que suele abandonar. (adjetivo) (3) que suele llevar. (a) que suele llevar consigo. (b) que suele llevarse. Véase [[pariharaṇapugga-la]]. (c) que suele abandonar. (4) llevado. Véase [[pariharaṇakel̤i]]. (a) llevado consigo. Véase [[pariharaṇavāsī]]. (b) recitado / leído / repasado de memoria / cultivado. (5) aquello en que se lleva. Véase [[pariharaṇa-kāla]].	(1) carrying. (a) taking along. (b) carrying (a load). (c) practising. See [[pariharaṇasukara]]. (d) using. (e) protecting. (f) carrying slung. See [[pariharaṇamūlaka]]. (g) rearing. (h) evading. See [[pariharaṇattha]]. (i) avoiding. (j) abandoning. See [[pariharaṇa-ttha]]. (k) reciting / reading / rehearsing / teaching. (l) carrying in the arms / embracing / bringing well. (feminine) (2) *māyā* that is apt to abandon. (adjective) (3) apt to carry. (a) apt to take along. (b) apt to carry away. See [[pariharaṇapugga-la]]. (c) apt to abandon. (4) carried. See [[pariharaṇakel̤i]]. (a) taken along. See [[pariharaṇavāsī]]. (b) recited / read / rehearsed / cultivated. (5) that in which one carries. See [[pariharaṇa-kāla]].	senses printed twice in the source (a summary list, then again with the references); translated once; the labels (ထီ) (တိ) come from the first printing; in (2) ပယ် may mean 'evade, put off' rather than 'abandon'
216235	pariharaṇakapakkha	အဖန်ဖန်-ဆောင်-ဖြစ်စေ-အပ်သော-အဖို့-အစု-ဥပုသ်။	observado / hecho surgir una y otra vez: la porción / el grupo / el *uposatha*.	observed / made to arise again and again: the portion / group / *uposatha*.	ဆောင် read as 'observe' (the uposatha)
216238	pariharaṇakel̤i	ဆောင်ယူအပ်သော-မြူးထူး-ပျော်ပါး-ခြင်း၊ ဆောင်အပ်သော- ချစ်ခင်- စုံမက်- မြတ်နိုး-ခြင်း။	el retozar / divertirse que se lleva consigo; el amar / encariñarse / apreciar que se lleva consigo.	frolicking / amusing oneself that is carried along; loving / being fond / cherishing that is carried along.	sense of ဆောင် ('carried along', 'kept up') unclear here
216241	pariharaṇatāṇa	(ထို အကျိုးမဲ့-ကို-မှ) ရှောင်လွှဲခြင်း၊ စောင့်ရှောက် ခြင်း။	el esquivar (ese daño); el proteger (de ese daño).	evading (that harm); protecting (from that harm).	the bracket '(ထို အကျိုးမဲ့-ကို-မှ)' gives two case forms ('that harm' / 'from that harm'), distributed here over the two glosses
216242	pariharaṇattha	ရှောင်လွှဲခြင်းအကျိုး။ (ခ) ပယ်ခြင်းအကျိုး။	el beneficio de esquivar. (b) el beneficio de abandonar.	the benefit of evading. (b) the benefit of abandoning.	(b) without (a) in the source
216253	pariharati	ဆောင်၏။ (က) ဆောင်ယူ၏။ (ခ) ဆောင်ယူသွား၏။ (ဂ) ရွက်ဆောင်၏။ (ဃ) ကျင့်ဆောင်၏။ (င) သုံးဆောင်၏။ (စ) စောင့်ရှောက်၏။ (ဆ) ထိန်းသိမ်း၏။ (ဇ) လွယ်၏။ (ဈ) မွေး မြူ၏။ (ည) ရှောင်လွှဲ၏။ (ဋ) ရှောင်ကြဥ်၏။ (ဌ) ပယ်၏။ (ဍ) ဖြေ၏။ (ဎ) လှည့်လည်၏။ (ဏ) ရွတ်-ဖတ်-သရဇ္ဈာယ်-ပို့ချ-၏။ ဆောင်၏။ ပရိဟရတိ ၁၀။ (က) ဆောင်ယူ၏။ (ခ) ဆောင်ယူသွား၏။ (ဂ) ရွက်ဆောင်၏။ (ဃ) ကျင့်ဆောင်၏။ (င) သုံးဆောင်၏။ (စ) စောင့်ရှောက်၏။ ပရိ (ဆ) ထိန်းသိမ်း ၏။ ဇာ၊ ပရိဟရတိ ၁။ (ဇ) လွယ်၏။ (ဈ) မွေးမြူ၏။ (ည) ရှောင်လွှဲ၏။ (ဋ) ရှောင်ကြဥ်၏။ (ဌ) ပယ်၏။ ပဝိ၊သင်္ဂဟ။ (ဍ) ဖြေ ၏။ အာစရိယော “ယသ္မာ”။ “တတ္ထာ”။ နေတ္တိ၊ဋီ၊ (ဎ) လှည့်လည် ၏။ (ဏ) ရွတ်-ဖတ်-သရဇ္ဈာယ်-ပို့ချ-၏။	lleva. (a) lleva consigo. (b) se lleva. (c) carga. (d) practica. (e) usa. (f) protege. (g) custodia. (h) lleva colgado. (i) cría. (j) esquiva. (k) evita. (l) abandona. (m) responde. (n) da vueltas. (o) recita / lee / repasa de memoria / enseña.	carries. (a) takes along. (b) carries away. (c) carries (a load). (d) practises. (e) uses. (f) protects. (g) keeps. (h) carries slung. (i) rears. (j) evades. (k) avoids. (l) abandons. (m) answers. (n) goes round. (o) recites / reads / rehearses / teaches.	senses printed twice in the source (a summary list, then again with the references); translated once
216255	pariharanta	ဆောင်သော။ (က)ဆောင်ယူသော။ (ခ) ရွက်ဆောင်သော။ (ဂ) ကျင့်ဆောင် သော။ (ဃ) စောင့်ရှောက်သော။ (င) ထိန်း သိမ်းသော။ (စ) လွယ်သော။ (ဆ) ပြုစု-လုပ် ကျွေး-သော။ (ဇ) ရှောင်လွှဲသော။ (ဈ) ရှောင် ကြဥ်သော။ (ည) ပယ်သော။ (ဋ) ဖြေသော။ (ဌ) ရွတ်-ဖတ်-သရဇ္ဈာယ်-ပို့ချ-သော။ (ဍ) လျှို့ဝှက်သော။ (ဎ) ဝတ်သော။ ဆောင်သော။ (က) ဆောင်ယူသော။ (ခ) ရွက် ဆောင်သော။ (ဂ) ကျင့်ဆောင် သော။ (ဃ) စောင့်ရှောက်သော။ (င) ထိန်း သိမ်းသော။ (စ) လွယ်သော။ (ဆ) ပြုစု-လုပ် ကျွေး-သော။ (ဇ) ရှောင်လွှဲသော။ (ဈ) ရှောင်ကြဥ်သော။ (ည) ပယ်သော။ “သီဟဠဒီပ”န္တိအာဒိ-မာဟ။ (ဋ) ဖြေသော။ အာစရိယော “။ ”န္တိ အာဟ။ (ဌ) ရွတ် - ဖတ် -သရဇ္ဈာယ်-ပို့ချ- သော။ (ဍ) လျှို့ဝှက်သော။ “ဩဠာရိကံ ခေါ”တိအာဒိမာဟ။ (ဎ) ဝတ် သော။	que lleva. (a) que lleva consigo. (b) que carga. (c) que practica. (d) que protege. (e) que custodia. (f) que lleva colgado. (g) que atiende / sustenta. (h) que esquiva. (i) que evita. (j) que abandona. (k) que responde. (l) que recita / lee / repasa de memoria / enseña. (m) que oculta. (n) que viste.	carrying. (a) taking along. (b) carrying (a load). (c) practising. (d) protecting. (e) keeping. (f) carrying slung. (g) tending / supporting. (h) evading. (i) avoiding. (j) abandoning. (k) answering. (l) reciting / reading / rehearsing / teaching. (m) concealing. (n) wearing.	senses printed twice in the source (a summary list, then again with the references); translated once
216260	pariharasi	ဆောင်လော့။ (ခ) ရှောင်လွှဲလော့။ «S1»	lleva. (b) esquiva. Véase [[pariharati]].	carry. (b) evade. See [[pariharati]].	imperative (-လော့) given for a 2nd sg. present headword; (b) without (a) in the source
216261	pariharāma	(က) ဆောင် ကုန်အံ့။ (ခ) ထိန်းသိမ်းကုန်အံ့။ «S1»	(a) llevaremos. (b) custodiaremos. Véase [[pariharati]].	(a) we shall carry. (b) we shall keep. See [[pariharati]].	rendered in the 1st person plural after the headword (-āma); the Burmese has plain future ကုန်အံ့
216262	pariharāmi	ဆောင်၏။ (က) စောင့်ရှောက်၏။ (ခ) ထိန်းသိမ်း၏။ «S1»	llevo. (a) protejo. (b) custodio. Véase [[pariharati]].	I carry. (a) I protect. (b) I keep. See [[pariharati]].	rendered in the 1st person after the headword (-mi)
216264	parihariṁ	(က) ဆောင်ပြီ။ (ခ) သုံးဆောင်ပြီ။ «S1»	(a) llevé. (b) usé. Véase [[pariharati]].	(a) I carried. (b) I used. See [[pariharati]].	rendered in the 1st person after the headword (-iṁ)
216267	pariharitabba	ဆောင်အပ် သော။ (က)ဆောင်ယူအပ်သော။ (ခ)ဆောင် ယူသွားအပ်သော။ (ဂ) ရှောင်လွှဲအပ်သော။ (ဃ) ရှောင်ကြဥ်အပ်သော။ (င) ပယ်အပ် သော။ ဆောင်အပ်သော။ (က) ဆောင်ယူအပ်သော။ (ခ) ဆောင်ယူသွား အပ်သော။ (ဂ) ရှောင်လွှဲအပ်သော။ (ဃ) ရှောင် ကြဥ်အပ်သော။ “သိခရဏီသီ”။ (င) ပယ်အပ် သော။	que ha de ser llevado. (a) que ha de ser llevado consigo. (b) que ha de ser llevado lejos. (c) que ha de ser esquivado. (d) que ha de ser evitado. (e) que ha de ser abandonado.	to be carried. (a) to be taken along. (b) to be carried away. (c) to be evaded. (d) to be avoided. (e) to be abandoned.	senses printed twice in the source (a summary list, then again with the references); translated once
216269	pariharitabbapakkha	အဖန် ဖန်-ဆောင်-ဖြစ်စေ-အပ်သော-အဖို့-အစု-ဥပုသ်။ «S1»	que ha de ser observado / hecho surgir una y otra vez: la porción / el grupo / el *uposatha*. Véase [[pariharaṇakapakkha]].	to be observed / made to arise again and again: the portion / group / *uposatha*. See [[pariharaṇakapakkha]].	ဆောင် read as 'observe' (the uposatha)
216272	pariharitabbasūci	ပရိဟရိတုံ ဆောင်ယူအပ်သော-အပ်-ကညစ်-ဆံကြင်-ဆံထိုး။	la aguja / el ‹ကညစ်› / la horquilla / el pasador para el pelo que ha de ser llevado consigo.	the needle / ‹ကညစ်› / hairpin / hair-slide to be carried along.	‹ကညစ်› unidentified (some kind of pin); ဆံကြင်-ဆံထိုး rendered 'hairpin / hair-slide'
216273	pariharituṁ	ဆောင်ခြင်း ငှာ။ (က) ဆောင်ယူခြင်းငှာ။ (ခ) ဆောင်ယူ သွားခြင်းငှာ။ (ဂ) စောင့်ရှောက်ခြင်းငှာ။ (ဃ) ထိန်းသိမ်းခြင်းငှာ။ (င) ရှောင်လွှခြင်းငှာ။ (စ) ရှောင်ကြဥ်ခြင်းငှာ။ (ဆ) ပယ်ခြင်းငှာ။ (ဇ) ဖြေ ခြင်းငှာ။ (ဈ) ထည့်ထားခြင်းငှာ။ ဆောင်ခြင်းငှာ။ (က) ဆောင်ယူခြင်းငှာ။ (ခ) ဆောင်ယူသွားခြင်း ငှာ။ (ဂ) စောင့်ရှောက်ခြင်းငှာ။ (ဃ) ထိန်းသိမ်းခြင်းငှာ။ (င) ရှောင်လွှဲခြင်းငှာ။ အောက်ပုဒ်ကြည့်။ (စ) ရှောင်ကြဥ်ခြင်းငှာ။ ဧတေ။ (ဆ) ပယ် ခြင်းငှာ။ (ဇ) ဖြေခြင်း ငှာ။ (ဈ) ထည့်ထား ခြင်းငှာ။	para llevar. (a) para llevar consigo. (b) para llevarse. (c) para proteger. (d) para custodiar. (e) para esquivar. Véase la entrada siguiente. (f) para evitar. (g) para abandonar. (h) para responder. (i) para guardar dentro.	in order to carry. (a) to take along. (b) to carry away. (c) to protect. (d) to keep. (e) to evade. See the next headword. (f) to avoid. (g) to abandon. (h) to answer. (i) to put away inside.	senses printed twice in the source (a summary list, then again with the references); translated once; 'See the next headword' after (e) is in the second printing only
216275	pariharitvā	ဆောင်၍။ (က) ဆောင်ယူသွား၍။ (ခ) လွယ်၍။ (ဂ) ရှောင်လွှဲ၍။ (ဃ) ရှောင်ကြဥ်၍။ (င) ပယ် ၍။ (စ) ရွတ်- ဖတ်- သရဇ္ဈာယ်- ၍။ (ဆ) ထည့်ထား၍။ (ဇ) ခြံရံ၍။ (ဈ) သိမ်းဆည်း-သိုဝှက်-၍။ (ည) သိုမှီး၍။ ဆောင်၍။ (က) ဆောင်ယူသွား၍။ (ခ) လွယ်၍။ (ဂ) ရှောင်လွှဲ၍။ (ဃ) ရှောင် ကြဥ်၍။ (င) ပယ်၍။ ပါစိတ်၊ (စ) ရွတ်- ဖတ်- သရဇ္ဈာယ်- ၍။ (ဆ) ထည့်ထား၍။ (ဇ) ခြံရံ၍။ (ဈ) သိမ်းဆည်း-သိုဝှက်-၍။ တထာဂတဿ (ရီ)။ (ည) သိုမှီး၍။	habiendo llevado. (a) habiéndose llevado. (b) habiendo llevado colgado. (c) habiendo esquivado. (d) habiendo evitado. (e) habiendo abandonado. (f) habiendo recitado / leído / repasado de memoria. (g) habiendo guardado dentro. (h) habiendo rodeado. (i) habiendo guardado / escondido. (j) habiendo almacenado.	having carried. (a) having carried away. (b) having carried slung. (c) having evaded. (d) having avoided. (e) having abandoned. (f) having recited / read / rehearsed. (g) having put away inside. (h) having surrounded. (i) having stored / hidden away. (j) having hoarded.	senses printed twice in the source (a summary list, then again with the references); translated once
216281	parihariyamāna	ဆောင်အပ်သော။ (က) ကျင့်ဆောင်အပ် သော။ (ခ) စောင့်ရှောက်အပ်သော။ (ဂ) မွေး မြူအပ်သော။ (ဃ) ပွေ့ချီ-ပွေ့ပိုက်-ကောင်း စွာရောက်စေ-အပ်သော။ ဆောင်အပ်သော။ (က) ကျင့် ဆောင်အပ်သော။ (ခ) စောင့်ရှောက် အပ်သော။ (ဂ) မွေးမြူအပ်သော။ သကျရာဇ-ကုလေ ပဋိသန္ဓိံ ဂဟေတွာ တတ္ထ မဟာ-သမ္ပတ္တိယာ ပရိဟရိယမာနော အနုက္ကမေန ဘဒြယောဗ္ဗနံ အနုပါပုဏိ။ (ဃ) ပွေ့ချီ-ပွေ့ပိုက်-ကောင်း စွာရောက်စေ-အပ်သော။	llevado. (a) practicado. (b) protegido. (c) criado. (d) cargado en brazos / abrazado / hecho llegar bien.	being carried. (a) being practised. (b) being protected. (c) being reared. (d) being carried in the arms / embraced / brought well.	senses printed twice in the source (a summary list, then again with the references); translated once
216282	pariharīyamāna	ဆောင်အပ်သော။ (က) ကျင့်ဆောင်အပ် သော။ (ခ) စောင့်ရှောက်အပ်သော။ (ဂ) မွေး မြူအပ်သော။ (ဃ) ပွေ့ချီ-ပွေ့ပိုက်-ကောင်း စွာရောက်စေ-အပ်သော။ ဆောင်အပ်သော။ (က) ကျင့် ဆောင်အပ်သော။ (ခ) စောင့်ရှောက် အပ်သော။ (ဂ) မွေးမြူအပ်သော။ သကျရာဇ-ကုလေ ပဋိသန္ဓိံ ဂဟေတွာ တတ္ထ မဟာ-သမ္ပတ္တိယာ ပရိဟရိယမာနော အနုက္ကမေန ဘဒြယောဗ္ဗနံ အနုပါပုဏိ။ (ဃ) ပွေ့ချီ-ပွေ့ပိုက်-ကောင်း စွာရောက်စေ-အပ်သော။	llevado. (a) practicado. (b) protegido. (c) criado. (d) cargado en brazos / abrazado / hecho llegar bien.	being carried. (a) being practised. (b) being protected. (c) being reared. (d) being carried in the arms / embraced / brought well.	senses printed twice in the source (a summary list, then again with the references); translated once
216284	parihariyamānagabbha	စောင့်ရှောက်အပ်သော ကိုယ်ဝန်ရှိသော။	que tiene un embarazo que es protegido (dicho de una mujer).	having a pregnancy that is protected (said of a woman).	'(dicho de una mujer)' added from the sense; the Burmese has no သူ
216286	pariharissatha	ဆောင်ကုန်အံ့။ (ခ) ဆောင်ယူကုန်အံ့။ «S1»	llevarán. (b) llevarán consigo. Véase [[pariharati]].	will carry. (b) will take along. See [[pariharati]].	(b) without (a) in the source; person left unmarked (3rd plural) for a 2nd plural headword
216287	pariharissāma	ဆောင် ကုန်အံ့။ (က) ထိန်းသိမ်းကုန်အံ့။ (ခ) ရှောင် လွှဲကုန်အံ့။ «S1»	llevaremos. (a) custodiaremos. (b) esquivaremos. Véase [[pariharati]].	we shall carry. (a) we shall keep. (b) we shall evade. See [[pariharati]].	rendered in the 1st person after the headword (-āma)
216288	pariharissāmi	ဆောင် အံ့။ (က) ဆောင်ယူအံ့။ (ခ) သုံးဆောင်အံ့။ (ဂ) ထိန်းသိမ်းအံ့။ (ဃ) ရှောင်ကြဥ်အံ့။ «S1»	llevaré. (a) llevaré consigo. (b) usaré. (c) custodiaré. (d) evitaré. Véase [[pariharati]].	I shall carry. (a) I shall take along. (b) I shall use. (c) I shall keep. (d) I shall avoid. See [[pariharati]].	rendered in the 1st person after the headword (-āmi); the Burmese has plain အံ့
216292	parihareyyaṁ	(က) ဆောင် ရာ၏။ (ခ) ထိန်းသိမ်းရာ၏။ «S1»	(a) debería llevar. (b) debería custodiar. Véase [[pariharati]].	(a) I should carry. (b) I should keep. See [[pariharati]].	rendered in the 1st person after the headword (-eyyaṁ) in English; Spanish 'debería' serves both
216301	parihātabba	ပြုစု စောင့်ရှောက်ထိုက် သော။ (ပရိဟာတဗ္ဗာတိ ပရိဟရိတဗ္ဗာ-ဟု သီ၊သျာ မူအတိုင်း ရှိမှ ကောင်းမည်။	digno de ser atendido y protegido.	worthy to be tended and protected.	the dictionary notes the reading should be ပရိဟရိတဗ္ဗာ (see omitted)
216303	parihāna	(၁) ဆုတ်ယုတ်-ယုတ်လျော့-ခြင်း။ (၂) စွန့်ပယ်-စွန့်ပစ်-ခြင်း။ (တိ) (၃) ဆုတ်ယုတ်-ယုတ်လျော့-သော။ (၁) ဆုတ်ယုတ်-ယုတ်လျော့-ခြင်း။ (၂) စွန့်ပယ်-စွန့်ပစ်-ခြင်း။ (၃)  «S1»	(1) el decaer / disminuir. (2) el renunciar / desechar. (adjetivo) (3) que decae / disminuye. Véase [[parihānadhamma]].	(1) declining / diminishing. (2) renouncing / discarding. (adjective) (3) declining / diminishing. See [[parihānadhamma]].	senses printed twice in the source (a summary list, then again with the references); translated once
216306	parihānakāla	ဆုတ် ယုတ်-ယုတ်လျော့-ရာ-အခါ-ကာလ။ ဆုတ် ယုတ်-ယုတ်လျော့-သော-အခါ-ကာလ။	en que se decae / disminuye: el momento / la ocasión / el tiempo; en que se decae / disminuye: el momento / la ocasión / el tiempo.	in which one declines / diminishes: the moment / occasion / time; when one declines / diminishes: the moment / occasion / time.	the two glosses differ only in -ရာ and -သော
216308	parihānattha	ဆုတ်ယုတ်-ယုတ်လျော့-ခြင်း အကျိုး။	el beneficio del decaer / disminuir.	the benefit of declining / diminishing.	attha here perhaps 'purpose' rather than 'benefit'
216309	parihānadhamma	(၁) ဆုတ်ယုတ်-ယုတ်လျော့-ခြင်း သဘော။ (တိ) (၂) ဆုတ် ယုတ်-ယုတ်လျော့-ခြင်း သဘောရှိသော။ (၃) ပရိဟာနာသမ္ဘဝ ဆုတ်ယုတ် - ယုတ်လျော့ - သော - တရားရှိ သော၊ တရားမှ- ဆုတ်ယုတ်- ယုတ်လျော့-သော။ (၁) ဆုတ်ယုတ် - ယုတ်လျော့ - ခြင်း သဘော။ (၂) ဆုတ်ယုတ် -ယုတ်လျော့-ခြင်း သဘောရှိသော။ (၃) ဆုတ်ယုတ်- ယုတ်လျော့- သော- တရားရှိ သော၊ တရားမှ- ဆုတ်ယုတ်- ယုတ်လျော့-သော။	(1) la naturaleza del decaer / disminuir. (adjetivo) (2) que tiene la naturaleza del decaer / disminuir. (3) que tiene estados que decaen / disminuyen; que decae / disminuye respecto de los estados.	(1) the nature of declining / diminishing. (adjective) (2) having the nature of declining / diminishing. (3) having states that decline / diminish; declining / diminishing from the states.	senses printed twice in the source (a summary list, then again with the references); translated once
216313	parihāni	ဆုတ်ယုတ်-ယုတ် လျော့-ပျက်စီး-ခြင်း။ ပရိဟာနိ၂ (တိ) [ပရိဟာနိ + ဣ] ဆုတ်ယုတ်-ယုတ်လျော့ - ခြင်းရှိသော။ «S1»	el decaer / disminuir / perecer. *parihāni* 2 (adjetivo): que tiene el decaer / disminuir. Véase [[parihānidhamma]].	declining / diminishing / perishing. *parihāni* 2 (adjective): having declining / diminishing. See [[parihānidhamma]].	a second homograph article (parihāni 2, adjective) is printed in this text; translated, since «S1» follows it
216314	parihānikathā	ပရိဟာနိကထာ၊ ဆုတ်ယုတ်-ယုတ်လျော့-ခြင်း ကို ဆိုရာစကားရပ်။ (ပရိဟာနိဓမ္မော အပရိဟာနိဓမ္မော၊ ဒွေမေ ဘိက္ခဝေ ဓမ္မာ သေခဿ ဘိက္ခုနော ပရိဟာနာယ သံဝတ္တန္တိ၊ ပဉ္စိမေ ဘိက္ခဝေ ဓမ္မာ သမယဝိမုတ္တဿ ဘိက္ခုနော ပရိဟာနာယ သံဝတ္တန္တိ-စသော သုတ်တို့ကို မှီ၍ သမ္မိတိယဂိုဏ်း, ဝဇ္ဇိပုတ္တကဂိုဏ်း, သဗ္ဗ-တ္ထိဝါဒီဂိုဏ်း, အချို့သော မဟာသံဃိကဂိုဏ်း ပရိဟာနိဓမ္မ တည်းဟူသော ပရဝါဒီတို့သည် သကဒါဂာမ် ပုဂ္ဂိုလ်, အနာဂာမ်ပုဂ္ဂိုလ်, ရဟန္တာပုဂ္ဂိုလ်တို့၏ မိမိ မိမိတို့ ရရှိထားပြီးသော ဖိုလ်တို့မှ ဆုတ် ယုတ် လျောကျခြင်းကို ပြောဆိုကြ အယူရှိ ကြကုန်၏။ ထိုပရဝါဒီတို့၏ အယူဝါဒကို တွန်းလှန် ဖျက်ဆီးခြင်းငှာ ဤ “ပရိဟာနိကထာ”ကို ဟောတော်မူသည်။	*parihānikathā*; la sección de discurso que habla del decaer / disminuir. (Basándose en los suttas que comienzan por *parihānidhammo aparihānidhammo*; *dveme bhikkhave dhammā sekhassa bhikkhuno parihānāya saṁvattanti*; *pañcime bhikkhave dhammā samayavimuttassa bhikkhuno parihānāya saṁvattanti*, los *paravādī* que sostienen el *parihānidhamma* —la escuela *sammitiya*, la escuela *vajjiputtaka*, la escuela *sabbatthivādī* y algunos de la escuela *mahāsaṁghika*— dicen y sostienen que las personas *sakadāgāmī*, *anāgāmī* y *arahanta* decaen / caen de los *phala* que cada una ha obtenido. Para rebatir y destruir la doctrina de esos *paravādī* se expuso esta *parihānikathā*.)	*parihānikathā*; the section of discourse that speaks of declining / diminishing. (Relying on the suttas beginning with *parihānidhammo aparihānidhammo*; *dveme bhikkhave dhammā sekhassa bhikkhuno parihānāya saṁvattanti*; *pañcime bhikkhave dhammā samayavimuttassa bhikkhuno parihānāya saṁvattanti*, the *paravādī* who hold *parihānidhamma* —the *sammitiya* school, the *vajjiputtaka* school, the *sabbatthivādī* school and some of the *mahāsaṁghika* school— say and hold that *sakadāgāmī*, *anāgāmī* and *arahanta* persons decline / fall away from the *phala* each has attained. To repel and destroy the doctrine of those *paravādī*, this *parihānikathā* was taught.)	hyphen: သဗ္ဗ-တ္ထိဝါဒီ read as one word; the Pāḷi sutta openings are kept in ⟦ ⟧ because the Burmese sentence depends on them; the bracket is not closed in the source (closed here)
216330	parihāpana	ဆုတ်ယုတ်-ယုတ်လျော့-စေခြင်း။ (တိ) (၂) ဆုတ်ယုတ်-ယုတ်လျော့-စေအပ်သော။ (၂) အောက်ပုဒ်-ကြည့်။	el hacer decaer / disminuir. (adjetivo) (2) que se hace decaer / disminuir. (2) Véase la entrada siguiente.	causing to decline / diminish. (adjective) (2) made to decline / diminish. (2) See the next headword.	the first sense has no number (1) in the source
216335	parihāpitavāda	ဆုတ် ယုတ်-ယုတ်လျော့-စေအပ်သော ဝါဒရှိသော၊ မတိုးပွားစေအပ်သော ဝါဒရှိသော၊ အပယ် ဖျက်ခံရသော ဝါဒရှိသော၊ ရှုံးသော ဝါဒရှိ သော။	que tiene una doctrina hecha decaer / disminuir; que tiene una doctrina a la que no se hizo prosperar; que tiene una doctrina que ha sufrido ser rechazada y destruida; que tiene una doctrina perdedora.	having a doctrine made to decline / diminish; having a doctrine not made to grow; having a doctrine that has suffered being rejected and destroyed; having a losing doctrine.	ပယ် in အပယ်ဖျက်ခံရ rendered 'reject' (refutation), not 'abandon'
216343	parihāpemi	ဆုတ်ယုတ်-ပျက်စီး-စေ၏။ «S1»	hago decaer / perecer. Véase [[parihāpeti]].	I make decline / perish. See [[parihāpeti]].	rendered in the 1st person after the headword (-mi)
216357	parihāyāma	ဆုတ် ယုတ်-ပျက်စီး-ကုန်၏။ «S1»	decaemos / perecemos. Véase [[parihāyati]].	we decline / perish. See [[parihāyati]].	rendered in the 1st person after the headword (-āma)
216358	parihāyāmi	ဆုတ် ယုတ်-ပျက်စီး-၏။ «S1»	decaigo / perezco. Véase [[parihāyati]].	I decline / perish. See [[parihāyati]].	rendered in the 1st person after the headword (-āmi)
216369	parihāyissāma	ဆုတ်ယုတ်-ပျက်စီး-ကုန်လတ္တံ့။ «S1» ပရိဟာရ	decaerán / perecerán. Véase [[parihāyati]].	will decline / perish. See [[parihāyati]].	the Burmese has လတ္တံ့ (2nd/3rd person) for a 1st-person headword; the Burmese person followed (-āma)
216370	parihāyissāmi	ဆုတ်ယုတ်- ပျက်စီး- လတ္တံ့။ «S1»	decaerá / perecerá. Véase [[parihāyati]].	will decline / perish. See [[parihāyati]].	the Burmese has လတ္တံ့ (2nd/3rd person) for a 1st-person headword; the Burmese person followed (-āmi)
216374	parihāra	(၁) စောင့်ရှောက်-ထိန်းသိမ်း-ဆောင်ထား-ခြင်း။ (က) အစောင့် အရှောက်။ (ခ) အခြံအရံ။ (၂) ပယ်-ရှောင် လွှဲ-ဖြေဆို-ခြင်း၊ အဖြေ။ (၃) ပေးကမ်း-စွန့် ကြဲ-ခြင်း။ (တိ) (၄) (က) စောင့်ရှောက်-ထိန်း သိမ်း-ရာ ဖြစ်သော။ (ခ) စောင့်ရှောက်-ထိန်း သိမ်း-အပ်သော။ (၅) ရှောင်လွှဲ-အပ်-သင့်-ထိုက်-သော။ (၆) လှည့်လည်၍ သွားလာ-အပ်-သင့်-ထိုက်-သော။ (၇) ပယ်-ရှောင်လွှဲ-ဖြေဆို-ရာ-ကြောင်း-ဖြစ်သော။ (၁) (က) အစောင့်အရှောက်။ (၁) (ခ) အခြံအရံ။ ပရိဟာရဉ္စာ “ပရိဟာရော”။ (၂) ပယ်-ရှောင်လွှဲ-ဖြေဆို-ခြင်း၊ အဖြေ။ (၃) ပေးကမ်း-စွန့်ကြဲ-ခြင်း။ ပရိဟာရ။ (၄) (က) စောင့်ရှောက်-ထိန်းသိမ်း-ရာ ဖြစ်သော။ «S1» (ခ) စောင့်ရှောက်- ထိန်းသိမ်း- အပ်သော။ «S2» (၅) ရှောင်လွှဲ- အပ်-ပရိဟာရဒဿန သင့်-ထိုက်-သော။ «S3» (၆) လှည့်လည်၍ သွားလာ- အပ်- သင့်-ထိုက်-သော။ «S4» (၇)ပယ်-ရှောင်လွှဲ-ဖြေဆို- ရာ- ကြောင်း- ဖြစ်သော။ «S5»	(1) el proteger / custodiar / mantener. (a) la protección. (b) el séquito. (2) el rechazar / esquivar / responder; la respuesta. (3) el dar / repartir. (adjetivo) (4) (a) en que se protege / custodia. Véase [[parihārakhetta]]. (b) protegido / custodiado. Véase [[pari-hāraniyāma]]. (5) que ha de / conviene / merece ser esquivado. Véase [[parihārapatha]] (1). (6) por donde ha de / conviene / merece andarse dando rodeos. Véase [[parihārapatha]]. (7) que es aquello con que / la causa por la que se rechaza / esquiva / responde. Véanse [[parihāragāthā]], [[parihāravacana]].	(1) protecting / keeping / maintaining. (a) protection. (b) retinue. (2) rejecting / evading / answering; the answer. (3) giving / distributing. (adjective) (4) (a) in which one protects / keeps. See [[parihārakhetta]]. (b) protected / kept. See [[pari-hāraniyāma]]. (5) that must / ought to / deserves to be evaded. See [[parihārapatha]] (1). (6) by which one must / ought to / deserves to go about in a roundabout way. See [[parihārapatha]]. (7) that is the means / cause by which one rejects / evades / answers. See [[parihāragāthā]], [[parihāravacana]].	senses printed twice in the source (a summary list, then again with the references); translated once; ပယ် here rendered 'reject / rechazar' (refuting an objection), not 'abandon'
216377	parihārakhetta	စောင့် ရှောက် - ထိန်းသိမ်း - ရာ - ခေတ် - ကာလ။	en que se protege / custodia: el período / el tiempo.	in which one protects / keeps: the period / time.	ခေတ် (khetta) rendered 'period'; 'field, domain' is possible
216378	parihāragāthā	ပယ်-ဖြေဆို - ရာ - ကြောင်း - ဖြစ်သော ဂာထာ။	la *gāthā* que es aquello con que / la causa por la que se rechaza / responde.	a *gāthā* that is the means / cause by which one rejects / answers.	ပယ် here rendered 'reject / rechazar' (refuting an objection), not 'abandon'
216383	parihārapatha	(၁) ရှောင် လွှဲ- အပ်-သင့်-ထိုက်- သော- ခရီး- လမ်း ကြောင်း။ (ခရီးရေးမှတ်ကစားခြင်း, ပုရွက် ကြောင်းလိုက်တမ်း ကစားခြင်း။ ) (၂) လှည့် လည်၍ သွားလာ-အပ်-သင့်-ထိုက်-သော-ခရီး-လမ်းကြောင်း။ (၁) ရှောင်လွှဲ-အပ်-သင့်-ထိုက်-သော-ခရီး-လမ်းကြောင်း။ (ခရီး ရေး မှတ်ကစားခြင်း, ပုရွက်ကြောင်းလိုက်တမ်း ကစားခြင်း။ (၂) လှည့် လည်၍ သွားလာ-အပ်-သင့်-ထိုက်-သော-ခရီး-လမ်းကြောင်း။ ပရိဟာရဝစန	(1) el recorrido / el camino que ha de / conviene / merece ser esquivado. (El jugar trazando / marcando un recorrido, el jugar a seguir el rastro de las hormigas.) (2) el recorrido / el camino por donde ha de / conviene / merece andarse dando rodeos.	(1) the route / road that must / ought to / deserves to be avoided. (Playing by drawing / marking out a route, playing at following the track of the ants.) (2) the route / road along which one must / ought to / deserves to go about in a roundabout way.	senses printed twice in the source (a summary list, then again with the references); translated once; the game names in brackets rendered tentatively ('ခရီးရေးမှတ်ကစားခြင်း', 'ပုရွက်ကြောင်းလိုက်တမ်း ကစားခြင်း')
216387	parihāralābha	အပ်သော အစောင့်အရှောက်၊ အစောင့် အရှောက်ကို ရခြင်း။	la protección obtenida; el obtener protección.	protection obtained; obtaining protection.	text begins 'အပ်သော' (probably 'ရအပ်သော' truncated)
216389	parihāravacana	ပယ်-ရှောင် လွှဲ-ဖြေဆို-အပ်-ကြောင်းဖြစ်-သော စကား၊ အဖြေစကား။	las palabras que son causa de rechazar / esquivar / responder; las palabras de respuesta.	words that are the cause of rejecting / evading / answering; words of answer.	ပယ် here rendered 'reject / rechazar' (refuting an objection), not 'abandon'
216408	parihita	လူ့အဝတ်ကို-ဝတ်-ရုံ-သော၊ သူ။ ဒီ၊ ပရိဟီန။	que viste / se envuelve en la ropa de laico (dicho de una persona).	wearing / wrapped in a layman's clothes (said of a person).	လူ့အဝတ် read as 'lay clothes' (L106); 'human clothing' also possible
216422	parihīnattabhāva	ယုတ်လျော့- ပျက်စီး- သော အတ္တဘောရှိ သော။	que tiene un cuerpo disminuido / arruinado.	having a diminished / ruined body.	အတ္တဘော rendered 'cuerpo / body' (L084 also 'existencia individual')
216425	parihīnadesanā	ယုတ်လျော့ - မပြည့်စုံ -။	disminuida / incompleta.	diminished / incomplete.	text truncated: the noun (probably ဒေသနာ 'teaching') is missing after 'ယုတ်လျော့ - မပြည့်စုံ -'
216429	parihīnamanta	ယုတ်လျော့သော မန္တန်ရှိသော၊ သူ။	que tiene *manta* disminuidos (dicho de una persona).	having diminished *manta* (said of a person).	မန္တန် kept as ⟦=manta⟧ (spells / Vedic verses)
216444	paril̤āha	(၁) ထက်ဝန်းကျင်-ပူလောင်-ပူပန်-ခြင်း။ (၂) ထက်ဝန်းကျင်-ပူ လောင်-ပူပန်-တတ်သော တရား။ (၃) ထက် ဝန်းကျင်-ပူလောင်-ပူပန်-စေတတ်-ကြောင်း တရား။ (တိ) (၄) ပူလောင်-ပူအိုက်-ရာ ဖြစ် သော။ ပရိဠာဟော။ ပရိဠာဟော။ ပရိ-ဠာဟေဟီ။ ပရိဠာဟာ။ (တိ) (၄) အောက်ပုဒ်-ကြည့်။	(1) el arder / angustiarse por todos lados. (2) el estado que suele arder / angustiarse por todos lados. (3) el estado que es causa de hacer arder / angustiarse por todos lados. (adjetivo) (4) en que se arde / se sofoca de calor. (4) Véase la entrada siguiente.	(1) burning / being distressed all around. (2) a state apt to burn / be distressed all around. (3) a state that is a cause of making one burn / be distressed all around. (adjective) (4) in which one burns / swelters. (4) See the next headword.	'hacer arder / angustiarse' stands for 'causing to burn / be distressed'
216446	paril̤āhakilesasatasahassa	ထက်ဝန်း ကျင်-ပူလောင်-ပူပန်-တတ်သော တစ်သိန်း၊ ထက်ဝန်းကျင်-ပူလောင်-ပူပန်-စေ တတ်-ကြောင်းဖြစ်-သော ကိလေသာ တစ် သိန်း။ သဗ္ဗဒထရပရိဠာဟကိလေသသတ-သဟဿာနိ။	cien mil que suelen arder / angustiarse por todos lados; cien mil *kilesa* que son causa de hacer arder / angustiarse por todos lados.	a hundred thousand that are apt to burn / be distressed all around; a hundred thousand *kilesa* that are a cause of making one burn / be distressed all around.	the first gloss lacks its noun (probably ကိလေသာ, as in the second)
216447	paril̤āhaggahaṇa	ပရိ-ဠာဟသဒ္ဒါ။	la palabra *paril̤āha*.	the word *paril̤āha*.	hyphen: ပရိ-ဠာဟ read as one word
216465	paril̤āhalīnattavikkhepa	ပူလောင်-ပူပန်-တွန့်တို-ဆုတ် နစ်-မထင်ရှား-ခြင်း၏ ပျံ့လွင့်ခြင်း။	el dispersarse del arder / angustiarse / encogerse / hundirse / no manifestarse.	the scattering of burning / being distressed / shrinking / sinking / not being manifest.	the compound is probably a list (burning, sluggishness and distraction); the Burmese is rendered as printed
216468	paril̤āhavūpasama	လောင်-ပူပန်-ခြင်း၏ ငြိမ်းအေးခြင်း။	el sosegarse del arder / angustiarse.	the calming of burning / being distressed.	text begins 'လောင်' (probably 'ပူလောင်' truncated)
216475	paril̤āhasamaya	လောင်-ပူအိုက်-ရာ- အချိန်-အခါ-ကာလ။	en que se arde / se sofoca de calor: el momento / la ocasión / el tiempo.	in which one burns / swelters: the moment / occasion / time.	text begins 'လောင်' (probably 'ပူလောင်' truncated)
216480	paril̤āhūpasama	လောင်- ပူပန်- ခြင်းကို ငြိမ်းအေးစေသော။	que hace sosegarse el arder / angustiarse.	making burning / being distressed calm down.	text begins 'လောင်' (probably 'ပူလောင်' truncated)
216482	parul̤ha	ပေါက်ရောက်-ဖြစ်ပွား-သော။ (က) ရှည်လျားစွာ ပေါက်သော။ (ခ) ရှင်သန်-ကြီးထွား-သော။ ပရူဠှ၁၊ ပရူဠှ၂-တို့ကို လည်း ကြည့်။	brotado / crecido. (a) que ha crecido largo. (b) que vive / medra. Véanse también [[parūl̤ha]] (1), *parūl̤ha* (2).	sprouted / grown. (a) grown long. (b) living / thriving. See also [[parūl̤ha]] (1), *parūl̤ha* (2).	a 'see also' left in the Burmese ('ပရူဠှ၁၊ ပရူဠှ၂-တို့ကို လည်း ကြည့်')
216487	parūpakāranirata	သူတစ်ပါး၏-အသုံးအဆောင်-ပစ္စည်း-တို့ကို နှစ်သက်ခြင်းမရှိသော၊ သူ။	que no tiene deleite en los enseres / bienes de otros (dicho de una persona).	having no delight in the utensils / goods of others (said of a person).	the Burmese gloss fits upakaraṇa ('utensils') rather than the headword's upakāra ('help')
216499	parūpaghātattha	သူတစ် ပါးတို့ကို-နှိပ်စက်-ညှဥ်းဆဲ-သတ်ဖြတ်-ခြင်း ဟူသော အကျိုး။	el beneficio que es el oprimir / atormentar / matar a otros.	the benefit that is oppressing / tormenting / killing others.	attha here perhaps 'purpose' rather than 'benefit'
216512	parūpadesa	သူတစ်ပါးတို့၏-ညွှန်ကြား-လမ်းညွှန်-နည်းပေး-ခြင်း။ (တိ) (၂) သူတစ်ပါးတို့၏-ညွှန်ကြား-လမ်းညွှန်-နည်း ပေး-ခြင်းရှိသော။	el instruir / guiar / aconsejar de otros. (adjetivo) (2) que tiene el instruir / guiar / aconsejar de otros.	the instructing / guiding / advising of others. (adjective) (2) having the instructing / guiding / advising of others.	the first sense has no number (1) in the source
216524	parūpavāda	သူတစ်ပါးတို့၏-စွပ်စွဲ-ကဲ့ရဲ့-အပြစ် တင်-ခံရခြင်းမှ ကြောက်ခြင်း။ (အောက်ပုဒ်လည်း-ကြည့်။	el temor a ser acusado / censurado / culpado por otros. (Véase también la entrada siguiente.)	fear of being accused / censured / blamed by others. (See also the next headword.)	the bracket is not closed in the source (closed here)
216536	parūpahāra	(က) သူတစ်ပါး တို့က ယူဆောင်၍ သွားခြင်း။ (ခ) သူတစ်ပါး တို့ကို လွှဲချခြင်း၊ မိမိအပြစ်ဟု မထင်အောင် သူတစ်ပါးတို့အပေါ် ပုံချခြင်း။ (ဂ) သူတစ်ပါး တို့က ဆောင်ယူ ထည့်သွင်းထားခြင်း။ (ခ) (ဂ)  «S1»	(a) el llevarse (algo) otros. (b) el echar (la culpa) a otros; el cargarla sobre otros para que no se piense que es falta propia. (c) el haber llevado e introducido (algo) otros. (b) (c) Véase [[parūpahārakathā]].	(a) others carrying (something) away. (b) shifting (the blame) onto others; heaping it on others so that it is not thought to be one's own fault. (c) others having brought and put (something) in. (b) (c) See [[parūpahārakathā]].	the final '(ခ) (ဂ) «S1»' looks like the remains of a second printing of the senses; kept as printed
216537	parūpahārakathā	ပရူပဟာရစကား။ ပရူပဟာရစကားဟူသည် ပုဗ္ဗသေလိယ, အပရသေလိယဂိုဏ်းသားတို့ ၏ စကား ဖြစ်သည်၊ ထိုဂိုဏ်းသားတို့သည် အရဟတ္တမဂ်ကို မရရှိဘဲ ရရှိပြီဟူသော မှတ် ထင်မှုဖြင့်လည်းကောင်း, သူတစ်ပါးတို့ကို ဝါ ကြားလိုသော ကုဟကစိတ်ထားဖြင့်လည်း ကောင်း ရဟန္တာပုဂ္ဂိုလ်ဟူ၍ ဝန်ခံပြောဆိုကြ ကုန်၏၊ မိမိတို့၏ သုတ်လွတ်မှုကို သူတစ်ပါး တို့ မြင်၍ “ရဟန္တာပုဂ္ဂိုလ်အား ”ဟု တစ်ပါးသောပုဂ္ဂိုလ်တို့က မေးမြန်းသောအခါ မာနတ်၏အသင်းအပင်း နတ်တို့က ရဟန္တာအရှင်မြတ်တို့၏ ကိုယ် တွင်းသို့ သုက်ကို ဆောင်သွင်းသောကြောင့် သုက်ထွက်ရပေသည်ဟု သူတစ်ပါးတို့ကို လှည့်ဖြား ပြောဆိုသောစကား ဖြစ်သည်။	el discurso *parūpahāra*. El discurso *parūpahāra* es la doctrina de los miembros de las escuelas *pubbaseliya* y *aparaseliya*: esos miembros de la escuela, sin haber alcanzado el *arahattamagga*, por creer que lo han alcanzado, y por una disposición de ánimo *kuhaka* que desea jactarse ante otros, declaran ser personas *arahanta*; cuando otros ven su emisión de semen y otras personas preguntan '¿a una persona *arahanta* …?', es el discurso con que engañan a otros diciendo que el semen sale porque los *deva* del séquito de *māra* introducen semen en el cuerpo de los venerables *arahanta*.	the *parūpahāra* discourse. The *parūpahāra* discourse is the doctrine of the members of the *pubbaseliya* and *aparaseliya* schools: those members of the school, without having attained the *arahattamagga*, through thinking they have attained it, and through a *kuhaka* disposition wishing to boast before others, declare themselves *arahanta* persons; when others see their emission of semen and other persons ask 'to an *arahanta* person …?', it is the discourse by which they deceive others, saying that the semen comes out because the *deva* of *māra*'s retinue bring semen into the bodies of the venerable *arahanta*.	the quoted question '“ရဟန္တာပုဂ္ဂိုလ်အား ”' is truncated; မာနတ် read as မာရ်နတ် (Māra)
216538	parūpahāraṭṭhakathā	ပရူပဟာရဝါဒကို ဖွင့်ဆိုကြောင်း။ ပရူပ-ဟာရဋ္ဌကထာယံ။	(el comentario) que explica la doctrina *parūpahāravāda*.	(the commentary) that explains the *parūpahāravāda* doctrine.	'(el comentario)' supplied from the headword; the Burmese is 'that which explains'
216540	parūpārambha	(က) သူတစ်ပါးတို့ ကို-ကဲ့ရဲ့-ရှုတ်ချ-ခြင်း-ကြောင်း-စကား။ (ခ) သူတစ်ပါးတို့၏ စကားကို အပြစ်တင်ခြင်း။ ပရူ(ရု)ဠှ၁ (တိ) [ပ+ရုဟ+တ] ဖြစ်-ပေါက်-သော။ (က) ရှည်လျားသော။ (ခ) ရှင်သန်-ကြီးထွား-သော။ (ရု)ဠှ၂ (တိ) [ပရုဠှ+အ] ရှည်သော မုတ်ဆိတ် မွေးရှိသော၊ မုတ်ဆိတ်မွေး ဖုံးအုပ်နေသော ပါးစပ်။	(a) el censurar / denigrar a otros, o las palabras que son causa de ello. (b) el culpar las palabras de otros.	(a) censuring / denigrating others, or the words that are a cause of it. (b) finding fault with the words of others.	(a) the chain 'ကဲ့ရဲ့-ရှုတ်ချ-ခြင်း-ကြောင်း-စကား' rendered freely; two following articles (parūḷha 1 and 2, probably ids 216541-216542, missing from the shard) are merged into the text and left out
216544	parūl̤hakaccha	ရှည်လျားသော ချိုင်း(ဂျိုင်း)မွေးရှိသော၊ ချိုင်း(ဂျိုင်း)မွေး ရှည်သော (ရသေ့)။ အောက်ပုဒ်-ကြည့်။	que tiene largo el vello de las axilas; en que el vello de las axilas es largo (el *isi*). Véase la entrada siguiente.	having long armpit hair; whose armpit hair is long (a *isi*). See the next headword.	ရသေ့ kept as ⟦=isi⟧ (hermit)
216553	parūl̤hatagara	ရှင်သန်ကြီးထွား သော တောင်ဇလပ်ပန်းရှိသော ချုံ။ အထက် ပုဒ်-ကြည့်။	el matorral que tiene flores ‹တောင်ဇလပ်› que medran / crecen. Véase la entrada anterior.	a bush having ‹တောင်ဇလပ်› flowers that thrive / grow. See the preceding headword.	‹တောင်ဇလပ်› is the plant of the headword (tagara); not identified here
216557	pareta	(၁) တမလွန်ဘဝသို့ ပြောင်းသွားသောသူ (ကွယ်လွန်သူ)။ (တိ) (၂) အစဥ်လိုက်- နှိပ်စက်- အပ်သော။ (၂)  «S1»	(1) la persona que ha pasado a la existencia del más allá (el difunto). (adjetivo) (2) perseguido / oprimido. (2) Véase [[rāga-pareta]].	(1) a person who has passed on to the existence beyond (the deceased). (adjective) (2) pursued / oppressed. (2) See [[rāga-pareta]].	the final '(၂) «S1»' looks like the remains of a second printing of the senses; kept as printed
216561	paremi	သွားအံ့၊ သွားပေ တော့အံ့။ «S1»	iré; me iré ya. Véase [[pareti]].	I shall go; I shall go now. See [[pareti]].	rendered in the 1st person after the headword (-mi); the Burmese has plain အံ့
216562	parokkha	(၁) မျက်ကွယ်၊ မျက်ကွယ်ဖြစ် သော။ (ထီ) (၂) မျက်ကွယ်အနက်ကို ပြတတ် သော ဝိဘတ်၊ ပရောက္ခာဝိဘတ်။ ယင်းပ-ရောက္ခာဝိဘတ်သည် တဆင့်ကြားဖြစ်သော အရာ၌ သုံးစွဲသော ]အနုဿဝပရောက္ခာ}၊ မိမိ ပြုအပ်သောအမှုကို မေ့လျော့သောသူ, ဝန် မခံလိုသောသူတို့ ပြန်လည်မေးမြန်းသော အားဖြင့် သုံးစွဲသော ]ပဋိဝစနပရောက္ခာ} အား ဖြင့် ၂-မျိုးရှိသည်။ မိမိပြုအပ် သော အမှုကို မအောက်မေ့နိုင်သော အရာ, မိမိအပြစ်ကို ဖုံးကွယ်လိုသော အရာ, မြင် ခြင်းစသည်မရှိသော အရာတို့၌ ဝိဘတ်ကို အသုံးပြုကြသည်။	(1) lo que está fuera de la vista; que está fuera de la vista. (femenino) (2) la *vibhatti* que suele indicar el sentido de 'fuera de la vista'; la *vibhatti* *parokkhā*. Esa *vibhatti* *parokkhā* es de 2 clases: la *anussavaparokkhā*, usada en lo que se sabe de oídas, y la *paṭivacanaparokkhā*, usada por quienes han olvidado el acto que hicieron o no quieren admitirlo, al replicar preguntando. Se usa la *vibhatti* en el caso de no poder recordar el acto hecho por uno mismo, en el caso de querer ocultar la propia falta, y en los casos de no haber visto y demás.	(1) what is out of sight; being out of sight. (feminine) (2) the *vibhatti* that is apt to show the meaning 'out of sight'; the *parokkhā* *vibhatti*. That *parokkhā* *vibhatti* is of 2 kinds: the *anussavaparokkhā*, used of what is known by hearsay, and the *paṭivacanaparokkhā*, used by those who have forgotten a deed they did or do not wish to admit it, by way of asking back. The *vibhatti* is used where one cannot recall a deed one has done, where one wishes to hide one's own fault, and where there is no seeing and so on.	hyphen: ပ-ရောက္ခာ read as one word
216571	parodāmi	ငိုကြေး-မြည် တမ်း-၏။ «S1»	lloro / me lamento. Véase [[parodati]].	I weep / lament. See [[parodati]].	rendered in the 1st person after the headword (-āmi)
216573	parodittha	ငိုကြေး-မြည် တမ်း-ပြီ။ «S1» ပရောပဃါတ ပရောဒိတ္ထ၂ (ကြိ) [ ပ+ ] ငိုကြေး-မြည် တမ်း-ကြကုန်ပြီ။ «S2»	lloró / se lamentó. Véase [[parodati]]. *parodittha* 2 (verbo): lloraron / se lamentaron. Véase [[parodati]].	wept / lamented. See [[parodati]]. *parodittha* 2 (verb): they wept / lamented. See [[parodati]].	a second homograph article (parodittha 2, verb) is printed in this text; translated, since «S2» follows it
216586	paropaṇṇāsakusaladhammaparivāra	၅၀-ကျော် သော ကုသိုလ်တရား အခြံအရံရှိသော၊ ကုသိုလ်တရား ၅၀-ကျော် ခြံရံသောသူ။ ပရောပဏ္ဏာသကုသလဓမ္မ၀၀တ္ထာနကာလ (ပု) ၅၀-ကျော်သော ကုသိုလ်တရားတို့ကို-ပိုင်းခြား - မှတ်သား - သော အခါ။	que tiene como séquito los más de 50 estados sanos; la persona rodeada por más de 50 estados sanos.	having as retinue the more than 50 wholesome states; a person surrounded by over 50 wholesome states.	a following article (probably id 216587, missing from the shard) is merged into the text and left out
216596	paropara	တစ်ပါးနှင့် မိမိ၊ သူတစ်ပါးအတ္တဘော, မိမိ အတ္တဘော။ (တိ) (၂) အမြတ်, အယုတ်-အထက်, အနုံ့-ကောင်း, မကောင်း-သန့်ရှင်း, မသန့်ရှင်း-ဖြစ်သော။ (၃) အဝေး အနီး ဖြစ် သော။ (၁)(၂) ပရောပရာ။ (-။ (ပရောပရိယ-လည်း ကြည့်။	otro y uno mismo; la existencia individual de otro, la existencia individual propia. (adjetivo) (2) que es excelente, inferior / superior, torpe / bueno, malo / puro, impuro. (3) que es lejano, cercano. (Véase también [[paropariya]].)	another and oneself; another's individual existence, one's own individual existence. (adjective) (2) being excellent, inferior / superior, dull / good, bad / pure, impure. (3) being far, near. (See also [[paropariya]].)	the first sense has no number (1); a 'see also' left in the Burmese; the bracket is not closed in the source; in (2) အထက် ('superior') may stand for ထက် ('sharp'), as in 216606
216612	parosatajātaka	ပရောသတဇာတ်။ ပရောသဟဿဇာတက-နှင့် ယှဥ်ကြည့်။	el *parosata* *jātaka*. Compárese con el *parosahassajātaka*.	the *parosata* *jātaka*. Compare the *parosahassajātaka*.	a 'compare' reference left in the Burmese
216613	parosatapañha	ပရော-သတပဥှအမည်ရသော ဈာနသောဓနဇာတ်။	el *jhānasodhana* *jātaka*, llamado *parosatapaŭha*.	the *jhānasodhana* *jātaka*, called *parosatapaŭha*.	hyphen: ပရော-သတပဥှ read as one word
216614	parosatavagga	ပရော-သတဇာတ်ဖြင့် မှတ်အပ်သော ဇာတ်တော် ၁၀-တို့၏ အပေါင်းအစု၊ ပရောသတဝဂ်။ ဇာတကပါဠိ၊ ၁-နိပါတ၊ ၁၁-ဝဂ်။ ၂၄-	el conjunto / grupo de 10 *jātaka* designado por el *parosata* *jātaka*; el *parosata* *vagga*.	the set / group of 10 *jātaka* named after the *parosata* *jātaka*; the *parosata* *vagga*.	hyphen: ပရော-သတဇာတ် read as one word
216616	parosahassajātaka	ပရောသဟဿဇာတ်။ ဘုရား အလောင်း အာဿသရဗြဟ္မာကြီးသည် ဗြဟ္မာ့ဘုံမှ ဆင်းသက်၍ “ပြောဆိုအပ်သော စကား၏ အနက်ကို မသိသော လူပေါင်း ထောင်သောင်းမက စည်းဝေး၍ နှစ်ပေါင်း ရာထောင် ငိုကြေးနေသည်ထက် ပညာရှိ သော ယောကျာ်းတစ်ယောက်က ပို၍ မြတ် သည်”ဟု တပည့်ကြီးဖြစ်သူ အရှင်သာရိ-ပုတြာအလောင်း ရသေ့အား ချီးမွမ်းစကား ပြောဆိုသောဇာတ်၊ ၁-နိပါတ်၊ ၁၀-ဝဂ်၊ ၉-ဇာတ်။	el *parosahassa* *jātaka*. El *jātaka* en que el *bodhisatta*, el gran *brahmā* *āssasara*, descendiendo del *bhūmi* de *brahmā*, dirige palabras de elogio al *isi* que era el futuro venerable *sāriputrā*, su discípulo principal, diciendo: 'Un solo hombre sabio es más excelente que miles y decenas de miles de personas y más que, sin conocer el significado de lo dicho, se reúnen y lloran durante cientos y miles de años'.	the *parosahassa* *jātaka*. The *jātaka* in which the *bodhisatta*, the great *brahmā* *āssasara*, coming down from the *brahmā* *bhūmi*, speaks words of praise to the *isi* who was the future Venerable *sāriputrā*, his chief disciple, saying: 'One wise man is more excellent than thousands and tens of thousands of people and more who, not knowing the meaning of what was said, gather and weep for hundreds and thousands of years'.	hyphen: သာရိ-ပုတြာ read as one word; 'နှစ်ပေါင်း ရာထောင်' rendered 'hundreds and thousands of years' ('a hundred thousand years' also possible)
216617	parosahassajātakasadisa	ပရောသဟ-ဿဇာတ်နှင့် တူသော။	semejante al *parosahassa* *jātaka*.	like the *parosahassa* *jātaka*.	hyphen: ပရောသဟ-ဿဇာတ် read as one word
216621	parosahassasutta	ပရောသဟဿသုတ်၊ မြတ်စွာဘုရား သခင်သည် သာဝတ္ထိပြည် ဇေတဝန်ကျောင်း တော်၌ ၁၂၅၀-သော ရဟန်းတော်တို့အား နိဗ္ဗာန်နှင့်စပ်သော တရားစကားကို ဟော ကြားတော်မူသည်၊ ရဟန်းတော်တို့သည် မြတ်စွာဘုရား တရားစကားတော်ကို ရိုသေ စွာ နှလုံးသွင်း၍ ကောင်းစွာ နားစိုက် နာကြား ကြလေသည်၊ ထိုအခါ အရှင်ဝင်္ဂီသမထေရ် သည် ထိုခဏ ချက်ချင်းဖြစ်သော ပညာဖြင့် ဂာထာသီကုံး၍ ဘုရားရှင်အား လျှောက်ထား ချီးကျူးတော်မူလေသည်။	el *parosahassa* sutta: el Buddha, el Señor, en el monasterio *Jetavana* de la ciudad de *sāvatthi*, enseñó a 1250 monjes un discurso sobre el *dhamma* relacionado con el *nibbāna*; los monjes, atendiendo con respeto a la palabra del Buddha, la escucharon aplicando bien el oído; entonces el venerable *thera* *vaṅgīsa*, con la *paññā* surgida en aquel mismo instante, compuso *gāthā* y se las dirigió al Buddha, elogiándolo.	the *parosahassa* sutta: the Buddha, the Lord, in the *Jetavana* monastery in the city of *sāvatthi*, taught 1250 monks a talk on the *dhamma* connected with *nibbāna*; the monks, attending respectfully to the Buddha's words, listened with ears well inclined; then the venerable *thera* *vaṅgīsa*, with *paññā* arisen at that very moment, composed *gāthā* and addressed them to the Buddha, praising him.	တရားစကား rendered 'a talk on the ⟦=dhamma⟧'
216622	pala	(၁) ပိုလ်၊ ၄-ကျပ်သား။ (ဤ ]ပိုလ်}ဟူသော အသုံးအနှုန်းသည် ပါဠိ ကျမ်းဂန်များ၌ လာသော အချိန်အတွယ်ဆိုင် ရာ ဝေါဟာရတစ်ခု ဖြစ်သည်။ မြန်မာအဘိ ဓါန်၌ လသတ် (လ်)မပါဘဲ ]ပို}ဟု သုံးသည်။ တစ်ပိုလ်လျှင် ၄-ကျပ်သားရှိသည်ဟု ဆို သည်။ ) (၂) မျဥ်းကြိုး။	(1) el ‹ပိုလ်›, de 4 ‹ကျပ်သား›. (Este término, ‹ပိုလ်›, es un vocablo de pesos y medidas que aparece en los textos pāḷi. En el Diccionario Birmano se usa ‹ပို›, sin ‹လ› con asat (‹လ်›). Se dice que un ‹ပိုလ်› tiene 4 ‹ကျပ်သား›.) (2) el cordel para trazar líneas.	(1) the ‹ပိုလ်›, of 4 ‹ကျပ်သား›. (This term, ‹ပိုလ်›, is a word of weights and measures found in the Pāḷi texts. The Myanmar Dictionary uses ‹ပို›, without ‹လ› with asat (‹လ်›). One ‹ပိုလ်› is said to be 4 ‹ကျပ်သား›.) (2) a string for ruling lines.	‹ကျပ်သား› is the kyat (tical) weight and ‹ပိုလ်› the Burmese unit rendering pala; kept in Burmese
216624	palagaṇḍa	(၁) လက်သမား ဆရာ။ (၂) ပန်းရန်ဆရာ။ “ပလဂဏ္ဍော”။ (ဖလဂဏ္ဍ-လည်း ကြည့်။	(1) el maestro carpintero. (2) el maestro tallista de adornos. (Véase también [[phalagaṇḍa]].)	(1) a master carpenter. (2) a master ornamental carver. (See also [[phalagaṇḍa]].)	a 'see also' left in the Burmese; the bracket is not closed in the source; ပန်းရန်ဆရာ rendered 'ornamental carver'
216628	palaṇḍuka	ဏ္ဍုကမည်သော ကြက်သွန်၊ ထိုကြက်သွန် သည် ဖျော့တော့သောအဆင်းရှိ၍ ၁-မြှောင့် တည်းသာ ရှိသည်။ မဟာပစ္စရီကျမ်းတို့၌ ၃-မြှောင့်ဟု ဆိုသည်။	la cebolla llamada *ṇḍuka*; esa cebolla tiene un color pálido y tiene un solo diente. En textos como el *mahāpaccarī* se dice que tiene 3 dientes.	the onion called *ṇḍuka*; that onion has a pale colour and has only one clove. In texts such as the *mahāpaccarī* it is said to have 3 cloves.	text begins 'ဏ္ဍုက' (probably 'ပလဏ္ဍုက' truncated)
216648	palambabimbatamboṭṭha	တွဲလျားကျသော ကျီးအာသီးနှင့် တူ သော နီမြန်းသော နှုတ်ခမ်းရှိသော၊ သူ။	que tiene labios rojos semejantes al fruto ‹ကျီးအာ› que pende (dicho de una persona).	having red lips like the dangling ‹ကျီးအာ› fruit (said of a person).	‹ကျီးအာ› is the headword's bimba fruit; not identified here
216649	palambati	လှည့်ပတ်-ဖြားယောင်း-သွေးဆောင်-၏။ ပလလဏ္ဍုပက၊ န ပလောဘေယျာသီ”။	engaña / lisonjea / incita.	deceives / cajoles / entices.	the sense 'entice' fits palobheti (cf. the quotation 'န ပလောဘေယျာသီ') rather than the headword palambati
216651	palambhāmi	လှည့်ပတ်-ဖြားယောင်း- သွေးဆောင်- ပါ၏။ အထက် ပုဒ်-ကြည့်။	engaño / embauco / seduzco. Véase la entrada anterior.	I deceive / cheat / entice. See the preceding headword.	rendered in the 1st person (headword in -mi; Burmese ပါ၏)
216654	palambhesi	လှည့်ပတ်-ဖြားယောင်း-သွေး ဆောင်-ရာ၏။ «S1»	engañó / embaucó / sedujo. Véase [[palambhati]].	deceived / cheated / enticed. See [[palambhati]].	tense: rendered in the past, but the Burmese ending ရာ၏ is the optative ('would') (added after drafting)
216655	palaya	(၁) ကွယ်ပျောက်-ပျက် စီး-ကုန်ခမ်း-ခြင်း။ (၂) ကွယ်ပျောက်-ပျက်စီး-ကုန်ခမ်း-ရာ ကမ္ဘာ။ ဏော။	(1) el desaparecer / perecer / agotarse. (2) el eón en que se desaparece / perece / se agota.	(1) disappearing / perishing / coming to an end. (2) the aeon in which there is disappearing / perishing / coming to an end.	ကမ္ဘာ in (2) read as the world-age (dissolution); could be 'world'
216659	palata	ကြံသတ္တဝါ။ “ပလတာ”။ ပလသတ၃နှင့် ယှဥ်ကြည့်။ ပလဝတိ (ကြိ) [ပလု+အ+တိ] (၁) ကူး၏။ (၂) ပေါ်၏၊ ပေါလောမျော၏။ ပလဝန္တိ (ကြိ) [ပလု+အ+အန္တိ] ပေါ်ကုန်၏၊ ပေါ လောမျောကုန်၏။ အထက်ပုဒ်-ကြည့်။ ပလသတ၁ (န) (၁) ပိုလ်တစ်ရာ၊ ၄၀၀-ကျပ်သား၊ ၄-ပိဿာ။ (တုလာ (၄)ကိုလည်း ကြည့်။ ) ပလသတ၂ (တိ) [။ ပလသတ+ဏ] ပိုလ်တစ်ရာ (၄-ပိဿာ) အလေးချိန်ရှိသော (ပစ္စည်း)။ ပလသတ၃ (ပု) [+ဏ] ကြံ့။ “ပလတာ”။ (ဆဋ္ဌမူ၌ အထက်ပါ အတိုင်း ပြဆိုပြီး ပလတာ-နေရာ၌ သီဟိုဠ်မူ, ယိုးဒယားမူ, အင်္ဂလိပ်မူတို့တွင် ပလသတာ-တိ-ဟု ရှိကြောင်း အောက်ခြေမှတ်ချက်၌ ပြသည်။ ပလသတာ-၌ လ-၏အစိတ် အ၊ သ-၏အစိတ် အ-တို့ကို အာ-ပြု၊ တ-ကို ဒ-ပြု၍ “ပလာသာဒ”ဟု ရုပ်ပြီးနိုင်သည်။ ပလ-သတ-မှ သ-ကျေ၍ “ပလတ”ဟု ပြီးနိုင်သည် ဟု ဝိသောဓကဆရာတော်များ ယူဆဟန်ရှိ သည်။ ဤ၌ ဆဋ္ဌမူ အောက်ခြေမှတ်ချက်၌ ပြထားအပ်သော သီ၊ သျာ၊ ဣ-မူတို့အတိုင်း တည်ပုဒ် လုပ်ထားသည်။ ) ပလသတစမ္မ (န) ပိုလ်ချိန် တစ်ရာ အလေးချိန်ရှိသော သားရေ။ ပလသတပ္ပမာဏ (တိ) ပိုလ်တစ်ရာ အတိုင်းအရှည်ရှိသော။ «S1» ပလဠတိ (ကြိ) [ပ+လဠ+အ+တိ] အပြားအား ဖြင့်-တင့်တယ်-စမ္ပာယ်-၏၊ အမျိုးမျိုးသော အာရုံတို့ဖြင့် ခံစားပျော်ရွှင်၏။	el animal rinoceronte. Véase [[pala-sata2]].	the rhinoceros (animal). See [[pala-sata2]].	ကြံ read as ကြံ့ 'rhinoceros' (cf. ပလသတ၃: ကြံ့). The body runs on into the following headwords (ids 216660-216667 missing from the shard: palavati, palavanti, palasata 1-3, palasatacamma, palasatappamāṇa, palaḷati): only palata's own gloss translated; the rest needs splitting into its own rows; «S1» kept at the end to preserve the placeholder, but in the source it belongs to palasatappamāṇa
216676	palāpa	အကျိုးမရှိ-အချည်းနှီး-သော စကား၊ အဖျင်း စကား။ (တိ) (၂) အတွင်း၌-အနှစ်မရှိ-အဖျင်း ဖြစ်-ဖျင်း-သော၊ သူ။	palabras que no tienen provecho / vanas; palabras hueras. (adjetivo) (2) que no tiene meollo en su interior / que es grano vano / huero (dicho de una persona).	talk that is profitless / vain; idle talk. (adjective) (2) having no pith inside / being chaff / hollow (said of a person).	sense number (1) missing before the first sense
216679	palāpatumba	စပါးဖျင်းတို့၏ ၁-တုမ္ဗ ၄-ကွမ်းစား။ ပလာပိတ	un *tumba* de granos vanos de arroz con cáscara, 4 ‹ကွမ်းစား›.	one *tumba* of empty grains of paddy, 4 ‹ကွမ်းစား›.	‹ကွမ်းစား› is a Burmese measure of capacity, left in Burmese; '၁-တုမ္ဗ ၄-ကွမ်းစား' read as one tumba = 4 kwan-sa
216693	palāpetvā	(၁) ပြေး-ထွက်ပြေး-စေ၍၊ နှင်ထုတ်-မောင်း နှင်-၍။ (၂) စင်ကြယ်-ဖဲ-စေ၍၊ ပြာ၍။	(1) habiendo hecho correr / huir; habiendo expulsado / ahuyentado. (2) habiendo hecho limpiar / separar; habiendo aventado.	(1) having made run / flee; having expelled / driven out. (2) having caused to be cleaned / separated; having winnowed.	(2) ဖဲ read as 'separate' and ပြာ as 'winnow'; doubtful
216697	palāpema	ပြေး-ထွက်ပြေး-စေကုန်အံ့၊ နှင်ထုတ်-မောင်းနှင်-ကုန်အံ့။ «S1»	haremos correr / huir; expulsaremos / ahuyentaremos. Véase [[palāpeti]] (1).	we shall make run / flee; we shall expel / drive out. See [[palāpeti]] (1).	rendered in the 1st person plural (headword in -ma, Burmese ကုန်အံ့)
216698	palāpemi	ပြေး-ထွက်ပြေး-စေအံ့၊ နှင်ထုတ်-မောင်းနှင်-အံ့။ (၂) စင်ကြယ်စေအံ့။ «S1»	haré correr / huir; expulsaré / ahuyentaré. (2) haré limpio. Véase [[palāpeti]].	I shall make run / flee; I shall expel / drive out. (2) I shall make clean. See [[palāpeti]].	rendered in the 1st person (headword in -mi); sense number (1) missing
216700	palāpeyyāsi	ပြေး- ထွက်ပြေး- စေလော၊ နှင် ထုတ်- မောင်းနှင်- လော။ «S1»	¿haría correr / huir?; ¿expulsaría / ahuyentaría? Véase [[palāpeti]] (1).	would (you) make run / flee?; would (you) expel / drive out? See [[palāpeti]] (1).	လော read as a question (headword is not an imperative); it may be an exhortation (လော့)
216702	palāpesiṁ	ပြေး-ထွက်ပြေး- စေပြီ၊ နှင်ထုတ်- မောင်းနှင်- ပြီ။ «S1»	hice correr / huir; expulsé / ahuyenté. Véase [[palāpeti]] (1).	I made run / flee; I expelled / drove out. See [[palāpeti]] (1).	rendered in the 1st person (headword in -iṁ)
216704	palāpessāma	ပြေး - ထွက်ပြေး - စေကုန်အံ့၊ နှင် ထုတ်-မောင်းနှင်-ကုန်အံ့။ «S1»	haremos correr / huir; expulsaremos / ahuyentaremos. Véase [[palopeti]] (1).	we shall make run / flee; we shall expel / drive out. See [[palopeti]] (1).	rendered in the 1st person plural (headword in -ma)
216707	palāya	ပြေး-ထွက်ပြေး-ပါလော့။ အောက်ပုဒ်ကြည့်။	corre / huye. Véase la entrada siguiente.	run / flee! See the next headword.	label ကြိ၊ဝိ (absolutive) but the gloss is an imperative (ပါလော့)
216712	palāyana	ကြည့်။ ပလာယန၁ (န) [(ပလေ)+ယု] (၁) ပြေး-ထွက်ပြေး-ခြင်း။ (တိ) (၂) ပြေး-ထွက် ပြေး-သော၊ သူ။ ပလာယန၂ (န) [(ပလေ)+ဏေ+ယု] (၁) ပြေး-ထွက်ပြေး-စေခြင်း (တိ) (၂) ပြေး-ထွက်ပြေး-စေတတ်သော။ (၂)  «S1»	[1] (neutro) (1) el correr / huir. (adjetivo) (2) que corre / huye (dicho de una persona). [2] (neutro) (1) el hacer correr / huir. (adjetivo) (2) que suele hacer correr / huir. Véase [[palāyanatanti]].	[1] (neuter) (1) running / fleeing. (adjective) (2) running / fleeing (said of a person). [2] (neuter) (1) making run / flee. (adjective) (2) apt to make run / flee. See [[palāyanatanti]].	the row holds the two homographs palāyana 1 and 2 (both န, row label ကြိ), marked [1] [2] here; the text opens with a bare 'ကြည့်' whose object is lost (id 216711 missing); review whether to split
216715	palāyanakagantha	ပြေး သွား-ထွက်သွား-သော ကျမ်းဂန်။	el texto que se va corriendo / se marcha.	the text that runs off / goes away.	sense unclear (a text that 'runs away', perhaps one lost or dropped); rendered literally
216718	palāyanatanti	ပြေး-ထွက်ပြေး- စေတတ်- စေနိုင်- သော စောင်း ညှုိ့။ «S1»	el arpa hechizante que suele / puede hacer correr / huir. Véase [[palāyanamanta]].	the enchanting harp that is apt to / able to make (beings) run / flee. See [[palāyanamanta]].	စောင်းညှို့ read as 'enchanting harp (music)'; tanti is properly the string
216719	palāyanattha	(၁) ပြေး-ထွက်ပြေး-ပျံပြေး-ခြင်းဟူသော အကျိုး။ (၂) ပြေး-ထွက်ပြေး-စေခြင်းဟူသော အကျိုး။ ပလာယနမိဂ	(1) el propósito que es el correr / huir / huir volando. (2) el propósito que es el hacer correr / huir.	(1) the purpose that is running / fleeing / flying away. (2) the purpose that is making run / flee.	အကျိုး rendered 'purpose' (attha)
216721	palāyanabhaya	ပြေး-ထွက်ပြေး-မည်မှ ကြောက်ခြင်း။	el temer ante el correr / huir que se avecina.	fearing on account of the running / fleeing to come.	ပြေးမည်မှ ကြောက်ခြင်း: fear of an impending flight, or fear that someone will flee; unclear
216732	palāyanti	ပြေး-ထွက်ပြေး-ပျံပြေး-ကုန်၏။ ပလာယတိ (၁)(က)ကြည့်။	corren / huyen / huyen volando. Véase [[palāyati]] (1)(a).	they run / flee / fly away. See [[palāyati]] (1)(a).	'see X' left in the Burmese, with a sense number
216734	palāyantu	ပြေး-ထွက်ပြေး-စေကုန်သတည်း။ ပလာယတိ(၁)(က)ကြည့်။	que corran / huyan. Véase [[palāyati]] (1)(a).	let them run / flee. See [[palāyati]] (1)(a).	'see X' left in the Burmese, with a sense number; စေ read as the permissive of the imperative, not causative
216736	palāyasi	ပြေး-ထွက်ပြေး-ပျံပြေး-၏။ ပလာယတိ (၁) (က)ကြည့်။	corre / huye / huye volando. Véase [[palāyati]] (1)(a).	runs / flees / flies away. See [[palāyati]] (1)(a).	'see X' left in the Burmese, with a sense number
216737	palāyassu	ပြေး-ထွက်ပြေး-ပါလော့။ ပလာယတိ (၁) (က)ကြည့်။	corre / huye. Véase [[palāyati]] (1)(a).	run / flee! See [[palāyati]] (1)(a).	'see X' left in the Burmese, with a sense number
216738	palāyāmi	ပြေး-ထွက်ပြေး-၏။ ပလာယတိ (၁) (က) ကြည့်။	corro / huyo. Véase [[palāyati]] (1)(a).	I run / flee. See [[palāyati]] (1)(a).	rendered in the 1st person (headword in -mi); 'see X' left in the Burmese, with a sense number
216739	palāyi	ပြေး-ထွက်ပြေး-ပျံပြေး-ပြီ။ ပလာယတိ (၁) (က) ကြည့်။	corrió / huyó / huyó volando. Véase [[palāyati]] (1)(a).	ran / fled / flew away. See [[palāyati]] (1)(a).	'see X' left in the Burmese, with a sense number
216740	palāyiṁsu	ပြေး-ထွက်ပြေး-ပျံပြေး-ကုန်ပြီ။ ပလာယတိ(၁)(က) ကြည့်။	corrieron / huyeron / huyeron volando. Véase [[palāyati]] (1)(a).	they ran / fled / flew away. See [[palāyati]] (1)(a).	'see X' left in the Burmese, with a sense number
216743	palāyita	ပြေး - ထွက်ပြေး - စေအပ်ရာဖြစ်သော (အခါ)။ အောက်ပုဒ်-ကြည့်။	en que se ha de hacer correr / huir (el momento). Véase la entrada siguiente.	at which one is to be made to run / flee (the time). See the next headword.	the gloss (-အပ်ရာဖြစ်သော) fits palāyitabba, whose name ends the previous row; headword possibly misassigned
216746	palāyitadvaya	ပလာ-ယိတဇာတ် ၂-ခုအပေါင်း။ ပလာယိတ-ဒွယမ္ပိ စ။	el conjunto de los dos *palāyitajāt*.	the set of the two *palāyitajāt*.	hyphen: ပလာ-ယိတဇာတ် read as one word
216748	palāyitabba	ပြေး- ထွက်ပြေး- အပ်သော၊ သူ။	ante el que se ha de correr / huir (dicho de una persona).	to be run / fled from (said of a person).	gerundive of an intransitive verb (-အပ်သော); read as 'to be fled from'
216750	palāyiti	ပြေး-ထွက်ပြေး-လတ္တံ့။ ပလာယတိ(၁)(က)ကြည့်။	correrá / huirá. Véase [[palāyati]] (1)(a).	will run / flee. See [[palāyati]] (1)(a).	'see X' left in the Burmese, with a sense number
216753	palāyittha	ပြေး-ထွက်ပြေး-ပြီ။ ပလာယတိ(၁)(က)ကြည့်။	corrió / huyó. Véase [[palāyati]] (1)(a).	ran / fled. See [[palāyati]] (1)(a).	'see X' left in the Burmese, with a sense number
216755	palāyimhā	ပြေး-ထွက်ပြေး-ပြီ။ ပလာယတိ(၁)(က)ကြည့်။	corrimos / huimos. Véase [[palāyati]] (1)(a).	we ran / fled. See [[palāyati]] (1)(a).	rendered in the 1st person plural (headword in -mhā); 'see X' left in the Burmese, with a sense number
216756	palāyissati	ပြေး-ထွက်ပြေး-လတ္တံ့။ ပလာယတိ (၁)(က)ကြည့်။	correrá / huirá. Véase [[palāyati]] (1)(a).	will run / flee. See [[palāyati]] (1)(a).	'see X' left in the Burmese, with a sense number
216757	palāyissanti	(က) ပြေး- ထွက်ပြေး- ကြကုန်လတ္တံ့။ (ခ) ထွက်ပြေး - ကင်းပျောက် - ကြကုန်လတ္တံ့။ ပလာယတိ(၁)(က၊ခ)ကြည့်။	(a) correrán / huirán. (b) huirán / desaparecerán. Véase [[palāyati]] (1)(a, b).	(a) they will run / flee. (b) they will flee / vanish. See [[palāyati]] (1)(a, b).	'see X' left in the Burmese, with sense numbers
216758	palāyissāma	ပြေး- ထွက်ပြေး- ပျံပြေး- ကြကုန် လတ္တံ့။ ပလာယတိ(၁) (က)ကြည့်။	correrán / huirán / huirán volando. Véase [[palāyati]] (1)(a).	they will run / flee / fly away. See [[palāyati]] (1)(a).	Burmese future လတ္တံ့ (2nd/3rd person) although the headword is 1st plural (-ma); 'see X' left in the Burmese, with a sense number
216759	palāyissāmi	ပြေး-ထွက်ပြေး-အံ့။ ပလာယတိ(၁) (က)ကြည့်။	correré / huiré. Véase [[palāyati]] (1)(a).	I shall run / flee. See [[palāyati]] (1)(a).	rendered in the 1st person (headword in -mi, Burmese အံ့); 'see X' left in the Burmese, with a sense number
216763	palāyeyya	ပြေး-ထွက်ပြေး-ရာ၏။ ပလာယတိ(၁) (က) ကြည့်။	correría / huiría. Véase [[palāyati]] (1)(a).	would run / flee. See [[palāyati]] (1)(a).	'see X' left in the Burmese, with a sense number
216764	palāyeyyuṁ	ပြေး-ထွက်ပြေး-ကြကုန်ရာ၏။ ပလာယတိ (၁) (က)ကြည့်။	correrían / huirían. Véase [[palāyati]] (1)(a).	they would run / flee. See [[palāyati]] (1)(a).	'see X' left in the Burmese, with a sense number
216765	palāla	ကောက်ရိုး။ (တိ) (၂) ယုတ်ညံ့-ညံ့ဖျင်း-သော၊ သူ။ (၂)  «S1»	paja. (adjetivo) (2) vil / ruin (dicho de una persona). Véase [[palālabhūta]].	straw. (adjective) (2) base / worthless (said of a person). See [[palālabhūta]].	sense number (1) missing
216774	palālapiṭṭha	ကောက်ရိုး၏ ကျောက်ကုံး၊ ကောက်ရိုးပုံပြင်။	el lomo de la paja; la superficie del montón de paja.	the back of the straw; the surface of a straw heap.	ကျောက်ကုံး read as ကျောကုန်း 'back, ridge'
216775	palālapiṭṭhaka	ကောက် ရိုး၏ ကျောက်ကုံး၊ ကောက်ရိုးပုံပြင်။	el lomo de la paja; la superficie del montón de paja.	the back of the straw; the surface of a straw heap.	ကျောက်ကုံး read as ကျောကုန်း 'back, ridge'
216780	palālapīṭhaka	ကောက်ရိုးအင်းပျဥ်။ (၂) ကောက်ရိုးအင်းပျဥ် ကဲ့သို့ ပြု၍ ကိုယ်ခန္ဓာကို ညှဥ်းဆဲ နှိပ်စက် ခြင်းမှု၊ အရိုးအားလုံးကို မှုန့်မှုန့်ညက်ညက် ကြေမွစေလျက် ညှဥ်းဆဲ နှိပ်စက်ခြင်းအမှု။ (၂) ပလာလ-ပီဌက။	banqueta de paja. (2) el acto de torturar y atormentar el cuerpo dejándolo como una banqueta de paja; el acto de torturar y atormentar reduciendo todos los huesos a polvo fino.	straw stool. (2) the act of torturing and tormenting the body, making it like a straw stool; the act of torturing and tormenting by crushing all the bones to fine powder.	sense number (1) missing
216794	palālikā	ကောက်ရိုးမှုန်နှင့် ရောသော-စပါးဖျင်း-စပါး မှော်။	grano vano / broza de arroz mezclados con polvo de paja.	empty grain / paddy refuse mixed with straw dust.	hyphen after ရောသော read as a slip: 'mixed with straw dust' qualifies both alternatives
216795	palāsa	(၁) (၁) သစ်ရွက်။ (၂) ဖျော့တော့သော အဆင်းရှိသော သစ်ရွက်၊ သစ်ရွက်ဝါ၊ ရွက်ရော်၊ ရွက်ရင့်။ (၃) အမှော်၊ အဖျင်း၊ စပါးဖျင်း၊ အပြစ်ဒေါသ။ (၄) ဖြတ် တောက်-ပယ်ရှား-တတ်သူ၊ အပြိုင်-အတူ-ဂုဏ်ပြိုင် - ပြုသူ။ (၅) စိမ်းသော အဆင်း။ (၆) ပေါက်ရွက်၊ ပေါက်ဖက်။ (၁) သစ်ရွက်။ (၂) ဖျော့တော့သော အဆင်းရှိသော သစ်ရွက်၊ သစ်ရွက်ဝါ၊ ရွက်ရော်၊ ရွက်ရင့်။ (၃) အမှော်၊ အဖျင်း၊ စပါးဖျင်း၊ အပြစ် ဒေါသ။ (၄)ဖြတ်တောက်-ပယ်ရှား-တတ်သူ။ အပြိုင်-အတူ- ဂုဏ်ပြိုင်- ပြုသူ။ ပလာသေနာ။ (၅) စိမ်းသောအဆင်း။ (၆) ပေါက် ရွက်၊ ပေါက်ဖက်။ ပလာသာနီ။	(1) hoja (de árbol). (2) hoja de color pálido; hoja amarilla; hoja marchita; hoja vieja. (3) broza; grano vano; grano vano de arroz; falta. (4) el que suele cortar / suprimir; el que rivaliza / se equipara / compite en cualidades. (5) el color verde. (6) hoja de ‹ပေါက်›; hoja de ‹ပေါက်› para envolver.	(1) leaf. (2) a leaf of pale colour; yellow leaf; withered leaf; old leaf. (3) refuse; chaff; empty paddy; fault. (4) one who is apt to cut off / remove; one who rivals / puts himself level / competes in qualities. (5) green colour. (6) ‹ပေါက်› leaf; ‹ပေါက်› wrapping leaf.	‹ပေါက်› is Butea monosperma (flame of the forest), the palāsa tree; ပယ်ရှား rendered 'suprimir / remove' (disparaging, not abandonar)
216796	palāsa	ပေါက်ပင်။	el árbol ‹ပေါက်›.	the ‹ပေါက်› tree.	‹ပေါက်› is Butea monosperma, the palāsa tree
216797	palāsa	ပေါက်ပင်ကို အစိုး ရသောနတ်၊ ပေါက်ပင်စောင့်နတ်။	el *deva* que rige el árbol ‹ပေါက်›; el *deva* guardián del árbol ‹ပေါက်›.	the *deva* who has dominion over the ‹ပေါက်› tree; the *deva* guarding the ‹ပေါက်› tree.	‹ပေါက်› is Butea monosperma, the palāsa tree
216799	palāsadaṇḍa	ပေါက်သား၊ ပေါက်ကိုင်း။	madera de ‹ပေါက်›; rama de ‹ပေါက်›.	‹ပေါက်› wood; ‹ပေါက်› branch.	‹ပေါက်› is Butea monosperma, the palāsa tree
216800	palāsadevatā	ပေါက်ပင်ကို အစိုးရသော နတ်၊ ပေါက်ပင် စောင့်နတ်။	el *deva* que rige el árbol ‹ပေါက်›; el *deva* guardián del árbol ‹ပေါက်›.	the *deva* who has dominion over the ‹ပေါက်› tree; the *deva* guarding the ‹ပေါက်› tree.	‹ပေါက်› is Butea monosperma, the palāsa tree
216802	palāsantisalākā	ပေါက်သားတို့၏ အကြားအကြား၌ ပြု လုပ်အပ်သော ဝါးခြမ်းစိတ်။	las tablillas de bambú partido hechas entre los listones de ‹ပေါက်›.	the split-bamboo slats made between the ‹ပေါက်› sticks.	‹ပေါက်› is Butea monosperma, the palāsa tree
216803	palāsapaṇṇa	ပေါက်ရွက်၊ ပေါက်ဖက်။	hoja de ‹ပေါက်›; hoja de ‹ပေါက်› para envolver.	‹ပေါက်› leaf; ‹ပေါက်› wrapping leaf.	‹ပေါက်› is Butea monosperma, the palāsa tree
216804	palāsapatta	ပေါက်ရွက်၊ ပေါက်ဖက်။	hoja de ‹ပေါက်›; hoja de ‹ပေါက်› para envolver.	‹ပေါက်› leaf; ‹ပေါက်› wrapping leaf.	‹ပေါက်› is Butea monosperma, the palāsa tree
216805	palāsapattapuṭa	ပေါက် ရွက် - ပေါက်ဖက် - ဖြင့် ပြုလုပ်အပ်သော -အထုပ် - ခွက်၊ ပေါက်ဖက်ထုပ်၊ ပေါက်ဖက် ခွက်။	el paquete / cuenco hecho con hoja / hoja de envolver de ‹ပေါက်›; paquete de hoja de ‹ပေါက်›; cuenco de hoja de ‹ပေါက်›.	the packet / cup made of ‹ပေါက်› leaf / wrapping leaf; ‹ပေါက်›-leaf packet; ‹ပေါက်›-leaf cup.	‹ပေါက်› is Butea monosperma, the palāsa tree
216809	palāsamuṭṭhi	ကောက်ရိုး မှော်၊ ကောက်ရိုး-ဖွဲ-ဆုပ်၊ စပါး၊ အဖျင်းဆုပ်။	broza de paja; puñado de paja / de cascarilla; puñado de grano vano de arroz.	straw refuse; handful of straw / of husks; handful of empty paddy.	'စပါး၊ အဖျင်းဆုပ်' read as one phrase (handful of empty paddy)
216810	palāsayaṭṭhi	ပေါက်သား တောင်ဝှေး။	bastón de madera de ‹ပေါက်›.	walking stick of ‹ပေါက်› wood.	‹ပေါက်› is Butea monosperma, the palāsa tree
216812	palāsarukkha	ပေါက်ပင်။	el árbol ‹ပေါက်›.	the ‹ပေါက်› tree.	‹ပေါက်› is Butea monosperma, the palāsa tree
216813	palāsarukkhadaṇḍa	ပေါက်သား၊ ပေါက်ပင်ကိုင်း။	madera de ‹ပေါက်›; rama del árbol ‹ပေါက်›.	‹ပေါက်› wood; branch of the ‹ပေါက်› tree.	‹ပေါက်› is Butea monosperma, the palāsa tree
216814	palāsarukkhadevatā	ပေါက်ပင်ကို အစိုးရသောနတ်၊ ပေါက် ပင်စောင့်နတ်။	el *deva* que rige el árbol ‹ပေါက်›; el *deva* guardián del árbol ‹ပေါက်›.	the *deva* who has dominion over the ‹ပေါက်› tree; the *deva* guarding the ‹ပေါက်› tree.	‹ပေါက်› is Butea monosperma, the palāsa tree
216815	palāsavana	ပေါက်တော။	bosque de ‹ပေါက်›.	‹ပေါက်› forest.	‹ပေါက်› is Butea monosperma, the palāsa tree
216816	palāsasirisaphala	ပေါက်သီး, ကုက္ကိုသီး။ (ဆဋ္ဌမူ၌ “ပလာသသိရိဖလာဒိဒါရုနာ”ဟု ရှိသည်။ အနက်မရ။	fruto de ‹ပေါက်›, fruto de ‹ကုက္ကို›.	‹ပေါက်› fruit, ‹ကုက္ကို› fruit.	‹ပေါက်› is Butea monosperma; ‹ကုက္ကို› is probably sirīsa, Albizia lebbeck; the compiler's note says the Chaṭṭha reading gives no sense
216818	palāsādiasārarukkhakoṭṭana	ပေါက်ပင် စသော အနှစ်မရှိသော သစ်ပင်ကို-ထိုးဆွ-ထုနှက်-ခြင်း။	el hurgar / golpear un árbol sin duramen, como el ‹ပေါက်› y demás.	poking / beating a tree without heartwood, the ‹ပေါက်› and so on.	‹ပေါက်› is Butea monosperma, the palāsa tree
216830	palikhaṇanakāla	ဖြိုရာအခါ။	el momento en que se derriba.	the time when one pulls down.	ဖြိုရာအခါ: probably တူးဖြိုရာအခါ 'the time of digging up' with တူး lost
216831	palikhaṇati	တူးဖြို-နုတ်-ပယ်-၏။ ပလိခဏိ။	excava / arranca / elimina.	digs up / pulls out / removes.	ပယ် rendered 'elimina / removes' (physical removal), not abandonar
216832	palikhaṇiṁ	တူးဖြို-နုတ်ပယ်-ပြီ။ အထက်ပုဒ်ကြည့်။	excavé / extirpé. Véase la entrada anterior.	I dug up / extirpated. See the preceding headword.	rendered in the 1st person (headword in -iṁ)
216837	palikhanana	ပတ်ပတ်လည်-တူးဖြို-နုပယ်-ကြောင်းဖြစ်သော။ အောက်ပုဒ် ကြည့်။	que es el medio de excavar / extirpar todo alrededor. Véase la entrada siguiente.	that is the means of digging up / uprooting all around. See the next headword.	နုပယ် read as နုတ်ပယ်
216844	paligha	တံခါးကျည်၊ မင်းတုတ်။ ပလိဃ၂ (တိ) [ပလိဃ + ဏ] တံခါးကျည်-မင်း တုတ်-နှင့်တူသော အဝိဇ္ဇာစသည်။	[1] tranca de la puerta; barra de cierre. [2] (adjetivo) semejante a la tranca / barra de cierre: la *avijjā* y demás.	[1] door bar; cross-bar. [2] (adjective) like the door bar / cross-bar: *avijjā* and so on.	the row also holds the homograph paligha 2 (adjective; id 216845 missing), marked [1] [2] here; review whether to split
216850	palighaparivattaka	ခါးကျည်-မင်းတုတ်-ကဲ့သို့ လည်စေ၍ နှိပ် စက်ညှဥ်းဆဲခြင်း အမှု။	el acto de atormentar y torturar haciendo girar (el cuerpo) como una tranca / barra de cierre.	the act of tormenting and torturing by making (the body) turn like a door bar / cross-bar.	ခါးကျည် read as တံခါးကျည် (တံ lost)
216851	palighaparivattika	ခါးကျည်-မင်းတုတ်-ကဲ့သို့ လည်စေ၍ နှိပ် စက်ညှဥ်းဆဲခြင်း အမှု။ ပလိဃပရိဝတ္တိက။	el acto de atormentar y torturar haciendo girar (el cuerpo) como una tranca / barra de cierre.	the act of tormenting and torturing by making (the body) turn like a door bar / cross-bar.	ခါးကျည် read as တံခါးကျည် (တံ lost)
216854	palighugghāṭanā	ခါးကျည်-မင်းတုတ်-နှင့်တူသော အဝိဇ္ဇာကို-ပယ်နုတ်-ပယ်သတ်-ခြင်း။ (တိ) (၂) တံခါး ကျည်-မင်းတုတ်-နှင့်တူသော အဝိဇ္ဇာကို-ပယ်နုတ်-ပယ်သတ်-တတ်သော၊ သူ။	el abandonar / suprimir la *avijjā*, semejante a la tranca / barra de cierre. (adjetivo) (2) que suele abandonar / suprimir la *avijjā*, semejante a la tranca / barra de cierre (dicho de una persona).	abandoning / eliminating *avijjā*, which is like the door bar / cross-bar. (adjective) (2) apt to abandon / eliminate *avijjā*, which is like the door bar / cross-bar (said of a person).	ခါးကျည် read as တံခါးကျည် (တံ lost); sense number (1) missing
216856	palita	(၂)  «S1» ပလိတ၂ (တိ) [ပလိတ+အ] ဖြူသော- ဆံပင်-အမွေး-ရှိသော၊ ဆံပင်ဖြူ-အမွေးဖြူ-ရှိသော၊ သူ။	(2) Véase [[palitapāṭalisā-khāsadisa]]. (adjetivo) que tiene cabello / vello blanco; que tiene canas / vello cano (dicho de una persona).	(2) See [[palitapāṭalisā-khāsadisa]]. (adjective) having white head-hair / body-hair; having grey hair / grey body-hair (said of a person).	row has no label; it opens with a stray '(2) «S1»' (apparently the tail of the previous row) and then holds palita 2 (adjective)
216858	palitapāṭalisākhāsadisa	ဖွေးဖွေးဖြူသော သခွပ်ကိုင်းနှင့်တူသော။	semejante a una rama de ‹သခွပ်› de un blanco brillante.	like a brilliant white branch of ‹သခွပ်›.	‹သခွပ်› is the pāṭali tree (probably Stereospermum)
216859	palitapātubhāva	ပင်ဖြူ၏ ထင်ရှား-သည်၏အဖြစ်-ခြင်း။ ဆံ ပင်ဖြူ ပေါက်ရောက်ခြင်း။	el hecho de ser manifiestas / el manifestarse las canas; el brotar de las canas.	the state of being manifest / the becoming manifest of grey hair; the sprouting of grey hair.	ပင်ဖြူ read as ဆံပင်ဖြူ (ဆံ lost at the start)
216872	palibujjhanakilesa	တားမြစ်-နှောင်ဖွဲ့-နှောင့်ယှက်-နှိပ်စက်-တတ်။	que suele impedir / atar / estorbar / oprimir.	apt to hinder / bind / obstruct / oppress.	truncated: the noun after -တတ် (probably သော ကိလေသာ) is lost
216875	palibujjhitvā	မြစ်-နှောင့်ယှက်-၍၊ ကပ်ငြိ၍။	habiendo impedido / estorbado; habiéndose adherido.	having hindered / obstructed; having stuck to.	မြစ် read as တားမြစ် (တား lost)
216876	palibujjhissati	မြစ်-နှောင့်ယှက်-လတ္တံ့။ «S1»	impedirá / estorbará. Véase [[palibujjhati]].	will hinder / obstruct. See [[palibujjhati]].	မြစ် read as တားမြစ် (တား lost)
216877	palibuddha	တားမြစ်-နှောင့်ယှက်-နှိပ်စက်-အပ်သော။ (၂) နှောင်ဖွဲ့-ရစ်ပတ်-ဖွဲ့ယှက်-ပိတ်ဆို့-အပ် သော။ (၃) လိမ်းကျံအပ်-ငြိကပ်-သော။ (၄) ရစ်ပတ်-ဖွဲ့ယှက်- သော။ (၅) နှောင့်ယှက်-ဖျက်ဆီး-သော။ ပလိဗုဒ္ဓ (၁)။	impedido / estorbado / oprimido. (2) atado / envuelto / enredado / obstruido. (3) embadurnado / adherido. (4) que envuelve / enreda. (5) que estorba / destruye.	hindered / obstructed / oppressed. (2) bound / wrapped / entangled / blocked. (3) smeared / stuck. (4) wrapping / entangling. (5) obstructing / destroying.	sense number (1) missing
216891	palibundhanakilesa	တားမြစ်-နှောင်ဖွဲ့-နှောင့်ယှက်-နှိပ်စက်-တတ်။	que suele impedir / atar / estorbar / oprimir.	apt to hinder / bind / obstruct / oppress.	truncated: the noun after -တတ် (probably သော ကိလေသာ) is lost
216896	palibundhitvā	မြစ်- နှောင့်ယှက်- နှိပ်စက်-၍။	habiendo impedido / estorbado / oprimido.	having hindered / obstructed / oppressed.	မြစ် read as တားမြစ် (တား lost)
216897	palibundhenti	နှောင်ဖွဲ့-ရစ်ပတ်-ဖွဲ့ယှက်-ကုန်၏။ (၂) တား မြစ်-နှောင့်ယှက်-ကုန်၏။ «S1»	atan / envuelven / enredan. (2) impiden / estorban. Véase [[palibundheti]].	they bind / wrap / entangle. (2) they hinder / obstruct. See [[palibundheti]].	sense number (1) missing
216899	palibodha	(၁) တားမြစ်-နှောင့်ယှက်-နှိပ်စက်-နှောင်ဖွဲ့-တတ်-ကြောင်း ဖြစ်-သော တရား။ ကြောင့်ကြမှု၊ ပလိဗောဓ။ (ယင်းကြောင့်ကြမှု ပလိဗောဓသည် ကထိန် ၏ ပလိဗောဓ, ကမ္မဋ္ဌာန်း၏ ပလိဗောဓ-စသောအားဖြင့် များသောအပြား ရှိသည်၊ ထို တွင် ဟူ ၍ ကထိန်(ခင်းခြင်း)၏ ပလိဗောဓ ၂-မျိုး ပြား သည်။ မိမိနေမြဲကျောင်း၌ နေထိုင်ခြင်း, တဖန် ပြန်လာအံ့ဟူသော စိတ်ဖြင့် ခေတ္တဖဲသွားခြင်း သည် “အာဝါသပလိဗောဓ”မည်၏။ မပြုလုပ် ရသေားသင်္ကန်း, ပြုလုပ်၍မပြီးသောသင်္ကန်း, သင်္ကန်းရလတ္တံ့ဟူသော မျှော်လင့်ချက်, အလိုအာသာ မပြတ်သေးသော သင်္ကန်း သည် “စီဝရပလိဗောဓ”မည်၏။ ထိုမှ ကြင်းသော ကိလေသာ, ဒုစရိုက်တရား၊ တနည်း --- တဏှာ, ဒိဋ္ဌိတရားတို့သည် သတ္တဝါတို့အား သံသရာဝဋ်ဆင်းရဲမှ လွတ် မြောက်မှုကို မပေးမူ၍ သံသရာဝဋ်ဆင်းရဲ၌ နှောင်ဖွဲ့တတ်သောကြောင့် ပလိဗောဓ မည် ၏။ ရူပါရုံစသော အာရုံ ၅-ပါးသည် ပလိဗောဓ မည်၏။ အာဝါသပလိဗောဓ, ကုလပလိဗောဓ, လာဘပလိဗောဓ, ဂဏပလိဗောဓ, ကမ္မပလိ-ဗောဓ, အဒ္ဓါနပလိဗောဓ, ဉာတိပလိဗောဓ, အာဗာဓပလိဗောဓ, ဂန္ထပလိဗောဓ, ဣဒ္ဓိပါဒ-ပလိဗောဓ ဟူ၍ ကမ္မ ဋ္ဌာန်းစီးဖြန်းပွားများသော ယောဂီပုဂ္ဂိုလ်၏ အနှောင့်အယှက်ပြုတတ်သော တရား ၁၀-ပါး ပြား၏။ ပြုဖွယ်ကိစ္စများသောကျောင်း, ဘဏ္ဍာများစွာ သိုမှီးအပ်သောကျောင်း, ငဲ့ ကွက်ဖွယ် အကြောင်းတစ်စုံတစ်ရာရှိသော ကျောင်းသည် “အာဝါသပလိဗောဓ”မည်၏။ ဆွေမျိုးဉာတကာတို့သည်လည်းကောင်း, အလုပ်အကျွေးဒါယကာတို့သည်လည်းကောင်း “ကုသပလိဗောဓ”မည်၏။ ဆွမ်း, သင်္ကန်း, ပလိဗောဓ ကျောင်း, ဆေး ပစ္စည်း ၄-ပါး (လှူဒါန်းလာ သူ) ပေါများခြင်းသည် “လာဘပလိဗောဓ” မည်၏။ မိမိအထံ၌ သင် ကြားနေသော တပည့်များသည် “ဂဏပလိဗောဓ”မည်၏။ ပြုလုပ်ဖွယ်အမှုကိစ္စသည် “ကမ္မပလိဗောဓ” မည်၏။ ခရီးသွားရန်ရှိခြင်းသည် “အဒ္ဓါန-ပလိဗောဓ” မည်၏။ နာဖျားမကျန်းဖြစ်နေ သော ဆရာ, ဥပဇ္ဈာယ်ဆရာ, တပည့်, ဆရာ ဥပဇ္ဈာယ်တူ သီတင်းသုံးဘော်, မိခင်, ဖခင်, ဆွေမျိုးဉာတကာတို့သည် “ဉာတိပလိဗောဓ” မည်၏။ တစုံတရာ အနာရောဂာ ကပ်ရောက် ခြင်းသည် “အာဗာဓပလိဗောဓ” မည်၏။ အမြဲမပြတ် ပရိယတ်ကို ရွတ်ဖတ်သရဇ္ဈာယ် ခြင်းသည် “ဂန္ထပလိဗောဓ”မည်၏။ ပုထုဇဥ် ပုဂ္ဂိုလ်တို့၏ တန်ခိုးသည် “ဣဒ္ဓိပလိဗောဓ” မည်၏။ တန်ဆာဆင်ရခြင်း အလင်္ကာရပလိ-ဗောဓ, တင့်တယ်ပြေပြစ်အောင် ပြုပြင်ရခြင်း မဏ္ဍနပလိဗောဓ, ဆီလိမ်းရခြင်း တေလမက္ခန, ခေါင်းလျော်ရခြင်း ဓေါဝနပလိဗောဓ, ပန်းပန်ရခြင်း မာလာပလိဗောဓ, အမွှေး အကြိုင်နံ့သာတို့ဖြင့် လိမ်းကျံခြယ်သရခြင်း ဂန္ဓပလိဗောဓ, တရော်ကင်ပွန်းစသည် စိမ်ရ ခြင်း ဝါသနပလိဗောဓ, သဖန်းခါးသီး ရှာရ ခြင်း ဟရီဋကပလိဗောဓ, သျှိသျှားသီးရှာရ ခြင်း အာမလကပလိဗောဓ, ဆေးဆိုးရခြင်း ရင်္ဂပလိဗောဓ, သျှောင်ထုံးရခြင်း ဗန္ဓနပလိ-ဗောဓ, ဘီးဖြင့် ဖီးရခြင်း ကောစ္ဆပလိဗောဓ, ဆေတ္တာသည်တို့ဖြင့် ဆံပင်ကို ပြုပြင်ရခြင်း ဆံပင်ညှပ်ရခြင်း ကပ္ပပလိဗောဓ, ပြန်ဖြည်ရ ခြင်း ဆံပင်ရှင်းရခြင်း ဝိဇဋနပလိဗောဓ, သန်း ရှာရခြင်း ဦကာပလိဗောဓ, ဆံပင်ကျွတ်သော် စိုးရိမ်ရခြင်း ဝိလုနပလိဗောဓ ဟူ၍ ဆံပင် ထားခြင်း၏ ပလိဗောဓ ၁၆-ပါး ပြား၏။ ဤသို့ ပလိဗောဓသည် များ သော အပြားရှိ၏။ ) (၂) တားမြစ်- နှောင့်ယှက်- နှိပ်စက် -နှောင်ဖွဲ့-ခြင်း။ (တိ) (၃) တားမြစ်-နှောင့် ယှက်-နှိပ်စက်-နှောင်ဖွဲ့-အပ်သော။ (၁) အာယူဟနံ။ ကမ္မဋ္ဌာနဘာဝနံ ပလိဗုဒ္ဓေတိ ဥပရောဓေတိ ပဝတ္တိတုံ န ဒေတီတိ ပလိဗောဓေါ ရ-ကာရဿ လ-ကာရံ ကတွာ။	(1) el estado que suele / que es causa de impedir / estorbar / oprimir / atar; la preocupación; *palibodha*. (Este *palibodha*, que es preocupación, es de muchas clases, como el *palibodha* del *kaṭhina*, el *palibodha* del *kammaṭṭhāna*, etc.; entre ellos, el *palibodha* del *kaṭhina* (su extensión) es de dos clases. Residir en el monasterio donde uno vive habitualmente, o ausentarse por un tiempo con la intención de volver, se llama «*āvāsapalibodha*». El hábito aún no hecho, el hábito empezado y no terminado, la esperanza de obtener un hábito, el hábito cuyo deseo / anhelo aún no se ha cortado, se llama «*cīvarapalibodha*». Aparte de estos, los *kilesa* y los estados de *duccarita*; o bien, los estados de *taṇhā* y *diṭṭhi*, se llaman *palibodha* porque no conceden a los seres la liberación del sufrimiento del ciclo del *saṁsāra*, sino que suelen atarlos al sufrimiento del ciclo del *saṁsāra*. Los cinco objetos, que comienzan por el *rūpārammaṇa*, se llaman *palibodha*. Los estados que suelen estorbar a la persona *yogī* que cultiva / desarrolla el *kammaṭṭhāna* son de diez clases: *āvāsapalibodha*, *kulapalibodha*, *lābhapalibodha*, *gaṇapalibodha*, *kammapalibodha*, *addhānapalibodha*, *ñātipalibodha*, *ābādhapalibodha*, *ganthapalibodha*, *iddhipādapalibodha*. Un monasterio con muchas tareas por hacer, un monasterio en que se han acumulado muchos bienes, un monasterio que tiene algún motivo de preocupación, se llama «*āvāsapalibodha*». Los parientes y allegados, y los donantes que prestan servicio, se llaman «*kusapalibodha*». La abundancia de los cuatro requisitos (de quienes vienen a ofrecerlos): comida de limosna, hábito, vivienda monástica y medicinas, se llama «*lābhapalibodha*». Los discípulos que estudian junto a uno se llaman «*gaṇapalibodha*». Las tareas y asuntos por hacer se llaman «*kammapalibodha*». Tener que emprender un viaje se llama «*addhānapalibodha*». El maestro, el maestro *upajjhāya*, el discípulo, el compañero de vida monástica con el mismo maestro y *upajjhāya*, la madre, el padre y los parientes que están enfermos / indispuestos se llaman «*ñātipalibodha*». Ser afectado por alguna enfermedad se llama «*ābādhapalibodha*». Recitar / repasar continuamente la *pariyatti* se llama «*ganthapalibodha*». El poder de las personas *puthujjana* se llama «*iddhipalibodha*». Tener que adornarlo, *alaṅkārapalibodha*; tener que arreglarlo para que luzca / quede elegante, *maṇḍanapalibodha*; tener que untarlo de aceite, *telamakkhana*; tener que lavar la cabeza, *dhovanapalibodha*; tener que llevar flores, *mālāpalibodha*; tener que untarlo / adornarlo con perfumes y fragancias, *gandhapalibodha*; tener que remojar ‹တရော်›, ‹ကင်ပွန်း› y demás, *vāsanapalibodha*; tener que buscar frutos de ‹သဖန်းခါး›, *harīṭakapalibodha*; tener que buscar frutos de ‹သျှိသျှား›, *āmalakapalibodha*; tener que teñirlo, *raṅgapalibodha*; tener que atar el moño, *bandhanapalibodha*; tener que peinarlo con peine, *kocchapalibodha*; tener que arreglar el cabello con barberos, tener que cortar el cabello, *kappapalibodha*; tener que soltarlo, tener que desenredar el cabello, *vijaṭanapalibodha*; tener que buscar piojos, *ūkāpalibodha*; afligirse cuando se cae el cabello, *vilunapalibodha*: así se distinguen dieciséis *palibodha* del llevar el cabello. Así, el *palibodha* es de muchas clases.) (2) el impedir / estorbar / oprimir / atar. (adjetivo) (3) impedido / estorbado / oprimido / atado.	(1) the state that is apt to / is the cause of hindering / obstructing / oppressing / binding; worry; *palibodha*. (This *palibodha*, which is worry, is of many kinds, such as the *palibodha* of the *kaṭhina*, the *palibodha* of *kammaṭṭhāna*, and so on; among them, the *palibodha* of the *kaṭhina* (its spreading) is of two kinds. Living in the monastery where one habitually lives, or going away for a time with the thought of coming back, is called “*āvāsapalibodha*”. A robe not yet made, a robe begun and not finished, the expectation of getting a robe, a robe for which the wish / longing has not yet been cut off, is called “*cīvarapalibodha*”. Apart from these, the *kilesa* and the states of *duccarita*; or else the states of *taṇhā* and *diṭṭhi*, are called *palibodha* because they do not grant beings release from the suffering of the round of *saṁsāra* but are apt to bind them in the suffering of the round of *saṁsāra*. The five objects, beginning with the *rūpārammaṇa*, are called *palibodha*. The states apt to obstruct the *yogī* person who cultivates / develops *kammaṭṭhāna* are of ten kinds: *āvāsapalibodha*, *kulapalibodha*, *lābhapalibodha*, *gaṇapalibodha*, *kammapalibodha*, *addhānapalibodha*, *ñātipalibodha*, *ābādhapalibodha*, *ganthapalibodha*, *iddhipādapalibodha*. A monastery with many tasks to be done, a monastery in which many goods have been stored, a monastery that has some cause for concern, is called “*āvāsapalibodha*”. Relatives and kinsfolk, and the donors who attend on one, are called “*kusapalibodha*”. An abundance of the four requisites (from people coming to offer them) — alms food, robes, dwelling and medicine — is called “*lābhapalibodha*”. The pupils studying under one are called “*gaṇapalibodha*”. Tasks and business to be done are called “*kammapalibodha*”. Having a journey to make is called “*addhānapalibodha*”. The teacher, the *upajjhāya* teacher, the pupil, the fellow monk with the same teacher and *upajjhāya*, the mother, the father and relatives who are ill / unwell are called “*ñātipalibodha*”. Being struck by some illness is called “*ābādhapalibodha*”. Constantly reciting / rehearsing the *pariyatti* is called “*ganthapalibodha*”. The power of *puthujjana* persons is called “*iddhipalibodha*”. Having to adorn it, *alaṅkārapalibodha*; having to groom it so that it looks fine / neat, *maṇḍanapalibodha*; having to oil it, *telamakkhana*; having to wash the head, *dhovanapalibodha*; having to wear flowers, *mālāpalibodha*; having to anoint / decorate it with perfumes and scents, *gandhapalibodha*; having to steep ‹တရော်›, ‹ကင်ပွန်း› and so on, *vāsanapalibodha*; having to look for ‹သဖန်းခါး› fruit, *harīṭakapalibodha*; having to look for ‹သျှိသျှား› fruit, *āmalakapalibodha*; having to dye it, *raṅgapalibodha*; having to tie the topknot, *bandhanapalibodha*; having to comb it with a comb, *kocchapalibodha*; having the hair dressed by barbers, having the hair cut, *kappapalibodha*; having to let it down, having to untangle the hair, *vijaṭanapalibodha*; having to look for lice, *ūkāpalibodha*; being distressed when the hair falls out, *vilunapalibodha*: thus the *palibodha* of keeping hair are sixteen. Thus the *palibodha* is of many kinds.) (2) hindering / obstructing / oppressing / binding. (adjective) (3) hindered / obstructed / oppressed / bound.	the long bracketed note is the compiler's explanation and is translated. ⟦ကုသပလိဗောဓ⟧ kept as printed (for kulapalibodha); hyphens inside the Pāḷi compounds (ကမ္မပလိ-ဗောဓ, အဒ္ဓါန-ပလိဗောဓ, ဣဒ္ဓိပါဒ-ပလိဗောဓ, အလင်္ကာရပလိ-ဗောဓ, ဗန္ဓနပလိ-ဗောဓ) read as one word; the ten are listed with ⟦ဣဒ္ဓိပါဒပလိဗောဓ⟧ but explained as ⟦ဣဒ္ဓိပလိဗောဓ⟧; ⟦တေလမက္ခန⟧ printed without -ပလိဗောဓ; 'ထိုမှ ကြင်းသော' read as ကြွင်းသော ('apart from these'); 'ထိုတွင် ဟူ၍' read as 'among them'; a stray ⟦ပလိဗောဓ⟧ in the list of requisites left out; plant names ‹တရော်›, ‹ကင်ပွန်း› (soap-pod, Acacia concinna?), ‹သဖန်းခါး› (harīṭaka, myrobalan?), ‹သျှိသျှား› (āmalaka, emblic?) left in Burmese; 'it' in the hair list = the hair
216901	palibodhakara	မြစ်-နှောင့်ယှက်-ကြောင့်ကြ-ခြင်းကို ပြုတတ် သော။	que suele producir el impedimento / estorbo / preocupación.	apt to cause hindrance / obstruction / worry.	မြစ် read as တားမြစ် (တား lost)
216905	palibodhajāta	မြစ်-နှောင့်ယှက်-နှိပ်စက်-ကြောင့်ကြ-မှု၏ ဖြစ်ခြင်း။	el surgir del impedimento / estorbo / opresión / preocupación.	the arising of hindrance / obstruction / oppression / worry.	မြစ် read as တားမြစ် (တား lost)
216908	palibodhaṭṭhiti	နှောင့် ယှက်- တားမြစ်- ကြောင်းဖြစ်၍ အကျိုး၏ တည်ကြောင်း။	la causa de la permanencia del resultado, por ser causa de estorbo / impedimento.	the cause of the persistence of the result, being the cause of obstruction / hindrance.	sense unclear; rendered literally
216909	palibodhattha	မြစ်-နှောင့်ယှက်-နှိပ်စက်-ခြင်း အကျိုး။ (၂) နှောင်ဖွဲ့ခြင်းအနက်။ (တိ) (၃) တားမြစ် -နှောင့်ယှက်- နှိပ်စက်- ခြင်း အနက်ရှိသော။	el resultado del impedir / estorbar / oprimir. (2) el significado de atar. (adjetivo) (3) que tiene el significado de impedir / estorbar / oprimir.	the result of hindering / obstructing / oppressing. (2) the meaning of binding. (adjective) (3) having the meaning of hindering / obstructing / oppressing.	sense number (1) missing; မြစ် read as တားမြစ် (တား lost); အကျိုး in (1) rendered 'result' (attha: perhaps 'purpose')
216912	palibodhanaṭṭha	မြစ်- နှောင့်ယှက်- နှိပ်စက်- ခြင်း- အနက်-သဘော။	el significado / la naturaleza del impedir / estorbar / oprimir.	the meaning / nature of hindering / obstructing / oppressing.	မြစ် read as တားမြစ် (တား lost)
216915	palibodhamūla	မြစ်-နှောင့်ယှက်-နှိပ်စက်-တတ်သော မလွတ် မလပ်နေရခြင်း၏ အကြောင်း။ ပရိဗုန္ဓတိ ဥပရောဓေတီတိ ရ-ကာရဿ လ-ကာရံ ကတွာ ပလိဗောဓေါ။	la causa de tener que estar sin libertad ni desahogo, que suele impedir / estorbar / oprimir.	the cause of having to be neither free nor at leisure, which is apt to hinder / obstruct / oppress.	မြစ် read as တားမြစ် (တား lost)
216918	palibodhasīsa	တားမြစ်-နှောင့်ယှက်-နှိပ်စက်-ခြင်း လွန်ကဲ ပြဋ္ဌာန်းသော တဏှာ။ (၂) တားမြစ်-နှောင့် ယှက်-နှိပ်စက်-သော တရားတို့တွင် လွန်ကဲ ပြဋ္ဌာန်းသော တဏှာ။ ပလိဗောဓ-သီသ။	la *taṇhā*, sobresaliente y predominante en el impedir / estorbar / oprimir. (2) la *taṇhā*, sobresaliente y predominante entre los estados que impiden / estorban / oprimen.	*taṇhā*, pre-eminent and predominant in hindering / obstructing / oppressing. (2) *taṇhā*, pre-eminent and predominant among the states that hinder / obstruct / oppress.	sense number (1) missing
216923	palibodhitabāhavimokkha	[၊ ဤပုဒ်ကို သမာသ် ကြံသော် “ပလိဗောဓိတဗာဟဝိမောက္ခာ”ဟု ရှိရမည်၊ ပလိဗောဓိတဗာဟ-ကား ဗဟုဗ္ဗီဟိ တည်း၊ မြေ၏ ခန္ဓာကိုယ်ကောက်၊ ဝါကျကြံ သော် ပလိဗောဓိတဗာဟာ-တစ်ပုဒ်, ဝိမောက္ခော-တစ်ပုဒ်ယူ။ ] တားမြစ်-ချုပ်ကိုင်-အပ် သော လက်ရုံးရှိသော မြေ၏ ခန္ဓာကိုယ်မှ လွတ်မြောက်ခြင်း။ ပလိဗောဓေန္တ	el liberarse del cuerpo de la tierra, que tiene los brazos retenidos / sujetados.	release from the body of the earth, which has its arms held back / gripped.	sense unclear (whose arms are held, and 'the earth's body'); rendered literally
216935	palimpati	လိမ်းကျံ-ငြိကပ်-၏။ (အထူး သဖြင့်-လိမ်းကျံ-ငြိကပ်-၏။ ၄၅-၌ ပလိပ္ပတိ-ဟု ရှိသည်။	embadurna / se adhiere. (embadurna / se adhiere de modo especial.)	smears / sticks. (smears / sticks in a special way.)	the parenthesis is not closed in the source; closed here
216937	palirodha	(၁) တားမြစ်-ပိတ်ဆို့-တတ်သော၊ တားမြစ်- ပိတ်ဆို့-၍-တည်-ဆောင်-တတ်သော။ (၂) လိုချင်-တပ် မက်- ချစ်ခင်-နှစ်သက်-ဝမ်းမြောက်- တတ် သော၊ သူ။	(1) que suele impedir / obstruir; que suele permanecer / sostener tras impedir / obstruir. (2) que suele desear / apegarse / amar / deleitarse / alegrarse (dicho de una persona).	(1) apt to hinder / block; apt to stand / carry on having hindered / blocked. (2) apt to want / be attached / love / delight / rejoice (said of a person).	(1) second gloss 'တားမြစ်-ပိတ်ဆို့-၍-တည်-ဆောင်-တတ်သော' unclear; rendered literally
216938	paliveṭhana	(၁) ရစ်ပတ် ခြင်း။ (တိ) (၁) ရစ်ပတ်ကြောင်း။ (၂) ရစ်ပတ် တတ်သော။ (၂) အောက်ပုဒ်-ကြည့်။	(1) el envolver. (adjetivo) (1) que es medio de envolver. (2) que suele envolver. (2) Véase la entrada siguiente.	(1) wrapping. (adjective) (1) that is the means of wrapping. (2) apt to wrap. (2) See the next headword.	sense numbering garbled in the source ((1) twice, (2) twice); kept as printed
216948	paliveṭhitabāha	ရစ်ပတ်အပ် သော လက်မောင်းရှိသော၊ လက်မောင်းကို ရစ်ပတ်သော (မြေကိုယ်)။ (၂၁၂-၌ ပလိဗောဓိတ-ဟု ရှိသည်။	que tiene los brazos envueltos; que envuelve los brazos (el cuerpo de la tierra).	having wrapped arms; wrapping the arms (the body of the earth).	'(မြေကိုယ်)' 'the body of the earth', as in palibodhitabāhavimokkha (id 216923); sense unclear
216979	palujjanti	(က) ပျက်စီး ကုန်၏။ (ခ) ပျက်စီး-ပြတ်ကျ-ပြိုကျ-ပြိုလဲ-ကုန်၏။ ပလုဇ္ဇတိ(က၊ ဂ)ကြည့်။	(a) perecen. (b) perecen / se desprenden / se derrumban / se desploman. Véase [[palujjati]] (a, c).	(a) they perish. (b) they perish / break off / collapse / topple. See [[palujjati]] (a, c).	'see X' left in the Burmese, with sense letters
216985	palujjeyyuṁ	(က) ပျက် စီးကုန်ရာ၏။ (ခ) ပျက်စီး-ပြုတ်ကျ-ကျွတ်ကျ-ကုန်ရာ၏။ ပလုဇ္ဇတိ(က၊ ဃ)ကြည့်။	(a) perecerían. (b) perecerían / se caerían / se soltarían. Véase [[palujjati]] (a, d).	(a) they would perish. (b) they would perish / drop off / come loose. See [[palujjati]] (a, d).	'see X' left in the Burmese, with sense letters
216989	paluddha	ဝေစေ၍၊ ဖြားယောင်း- သွေးဆောင်- ၍။	habiendo hecho confundirse; habiendo engañado / seducido.	having bewildered; having deceived / enticed.	ဝေစေ၍ read as တွေဝေစေ၍ (တွေ lost)
216998	palemi	သွား၏၊ သွားအံ့။ «S1»	voy; iré. Véase [[paleti]] (a).	I go; I shall go. See [[paleti]] (a).	rendered in the 1st person (headword in -mi)
217008	palokita	ဖြစ်သော ပျက်စီးခြင်းရှိသော၊ ပျက်စီးခြင်းသဘောရှိ သော၊ သူ။	que tiene un perecer que se ha producido; que tiene la naturaleza de perecer (dicho de una persona).	having a perishing that has arisen; having the nature of perishing (said of a person).	the opening ဖြစ်သော may be the tail of a truncated phrase
217013	palobhana	ဝေစေခြင်း၊ ဖြားယောင်း-သွေးဆောင်-ခြင်း။ (တိ) (၂) တွေဝေစေတတ်သော၊ ဖြား ယောင်း-သွေးဆောင်-တတ်သော၊ သူ။	el hacer confundirse; el engañar / seducir. (adjetivo) (2) que suele hacer confundirse; que suele engañar / seducir (dicho de una persona).	bewildering; deceiving / enticing. (adjective) (2) apt to bewilder; apt to deceive / entice (said of a person).	ဝေစေခြင်း read as တွေဝေစေခြင်း (တွေ lost); sense number (1) missing
217017	palobhanattha	ဖြား ယောင်း-သွေးဆောင်-ခြင်း အကျိုး။	el propósito de engañar / seducir.	the purpose of deceiving / enticing.	အကျိုး rendered 'purpose' (attha)
217029	palobhiṁsu	ချင်-တွေဝေ-စေကုန်ပြီ၊ ဖြားယောင်းကုန်ပြီ။ «S1»	hicieron desear / confundirse; engañaron. Véase [[palobheti]].	they made (others) want / be bewildered; they deceived. See [[palobheti]].	ချင် read as လိုချင် (လို lost)
217035	palobhiyamāna	ချင်- တွေဝေ- စေအပ်- ဖြားယောင်း- သွေး ဆောင် - အပ်သော၊ သူ။ ပလောဘေတိ ၅၄။	incitado al deseo / hecho confundirse / engañado / seducido (dicho de una persona).	made to want / made bewildered / deceived / enticed (said of a person).	ချင် read as လိုချင် (လို lost)
217038	palobhetuṁ	ချင်-တွေဝေ-စေ-ဖြားယောင်း-သွေးဆောင်-ခြင်းငှာ။	para hacer desear / confundirse, para engañar / seducir.	in order to make (others) want / be bewildered, to deceive / entice.	ချင် read as လိုချင် (လို lost)
217041	palobhenta	ချင်-တွေဝေ-စေ-ဖြားယောင်း-သွေးဆောင်-သော၊ သူ။	que hace desear / confundirse, que engaña / seduce (dicho de una persona).	making (others) want / be bewildered, deceiving / enticing (said of a person).	ချင် read as လိုချင် (လို lost)
217045	palobheyyāma	လိုချင်-တွေဝေ-စေကုန်ရာ၏၊ ဖြား ယောင်း-သွေးဆောင်-ကုန်ရာ၏။ «S1»	haríamos desear / confundirse; engañaríamos / seduciríamos. Véase [[palobheti]].	we would make (others) want / be bewildered; we would deceive / entice. See [[palobheti]].	rendered in the 1st person plural (headword in -ma)
217063	pallaṅkapadesa	ဝယ်ဖွဲ့ခွေ နေရာအရပ်။	el lugar donde se está sentado con las piernas cruzadas.	the place where one sits cross-legged.	ဝယ်ဖွဲ့ခွေ read as ထက်ဝယ်ဖွဲ့ခွေ (ထက် lost)
217067	pallaṅkappamāṇa	ပလ္လင်အတိုင်းအရှည်ရှိသော။ (၂) ထက်ဝယ် ပလ္လင်-တင်ပလ္လင်ခွေ-အတိုင်းအရှည်ရှိသော။	que tiene la medida de un *pallaṅka*. (2) que tiene la medida de la postura de piernas cruzadas / de la postura *pallaṅka*.	having the size of a *pallaṅka*. (2) having the size of the cross-legged posture / of the *pallaṅka* posture.	sense number (1) missing
217083	pallaṅkasattāha	ရက်ပတ်လုံး ထက်ဝယ်ဖွဲ့ခွေနေခြင်း၊	el estar sentado con las piernas cruzadas durante días enteros.	sitting cross-legged for whole days.	probably ၇-ရက်ပတ်လုံး 'for seven whole days' (sattāha) with the number lost; the line ends in ၊
217090	pallaṅkābhujana	ထက်ဝယ်-တင်ပလ္လင်-ဖွဲ့ခွေခြင်း။ (ခ) ထက် ဝယ်-တင်ပလ္လင်ဖြင့်-ဖွဲ့ခွေနေရာအခါ။	el sentarse con las piernas cruzadas / en la postura *pallaṅka*. (b) el momento de estar sentado con las piernas cruzadas / en la postura *pallaṅka*.	sitting cross-legged / in the *pallaṅka* posture. (b) the time of sitting cross-legged / in the *pallaṅka* posture.	sense letter (a) missing
217095	pallattha	(၁) အိပ်ခြင်း၊ လျောင်းခြင်း၊ တုံး လုံးလှဲခြင်း။ (၂) သိမ်းပိုက်၍ နေခြင်း၊ သိမ်း ပိုက် ထိုင်နေခြင်း၊ အာယောဂပတ်ဖွဲ့ခြင်း။ (တိ) (၃) ပြန်လည်၍ ရောက်စေအပ်သော၊ သူ။ (၂)  «S1» (၃)  «S2»	(1) el dormir; el yacer; el tenderse rodando. (2) el estar sentado abrazándose; el estar sentado abrazado; el atarse con la banda *āyoga*. (adjetivo) (3) hecho volver (dicho de una persona). (2) Véase [[pallatthikā]]. (3) Véase [[pallatthita]].	(1) sleeping; lying down; rolling over. (2) sitting clasping oneself; sitting clasped; binding oneself with the *āyoga* band. (adjective) (3) made to return (said of a person). (2) See [[pallatthikā]]. (3) See [[pallatthita]].	(2) သိမ်းပိုက်၍ နေခြင်း read as sitting with the arms clasped (round the knees)
217104	pallaviṁ	ကပ်ရောက်ပြီ၊ တက် ရောက်ပြီ။ «S1» ပလ္လောမ	me aproximé; ascendí. Véase [[pallavati]].	I approached; I went up to. See [[pallavati]].	rendered in the 1st person (headword in -iṁ)
