id	iast	burmese	es	en	flag
113368	pha	ဗျည်း ၃၃-လုံးတို့တွင် ၂၂-လုံးမြောက် ဖ-အက္ခရာ၊ ဩဋ္ဌဇ-ဓနိတ-ဖဗျည်း။	la letra *pha*, la 22.ª de las 33 consonantes; la consonante *pha*, *oṭṭhaja* / *dhanita*.	the letter *pha*, the 22nd of the 33 consonants; the consonant *pha*, *oṭṭhaja* / *dhanita*.	ဩဋ္ဌဇ-ဓနိတ (labial, aspirate) are chained qualifiers of the consonant rather than alternatives
113369	pha	(၁) ယဇ်ပူဇော်မှုကို ပြီးစေခြင်း။ (၂) လေ။ «S1» (၃) ကြမ်းတမ်း-ထက်မြက်-သော စကား။ (၄) ဖုတ်ဖုတ်-ဝုတ်ဝုတ်-ဟူသောအသံ (ခွေးဟောင်သံ)။ (၅) အကျိုးမဲ့၊ အကျိုးမရှိ။	(1) el llevar a término la ofrenda sacrificial. (2) viento. Véase también [[phaggava]]. (3) palabras ásperas / cortantes. (4) el sonido ‹ဖုတ်ဖုတ်› / ‹ဝုတ်ဝုတ်› (el ladrido de un perro). (5) inútil; que no tiene beneficio.	(1) bringing the sacrificial offering to completion. (2) wind. See also [[phaggava]]. (3) harsh / cutting words. (4) the sound ‹ဖုတ်ဖုတ်› / ‹ဝုတ်ဝုတ်› (a dog's bark). (5) useless; without benefit.	sense 4: Burmese onomatopoeia for barking left in ‹›
113370	pha	(၁) ပ၏ ကာရိယ ဖ။ (၂) ဖာဓာတ်၏ ကာရိယဖ။	(1) *pha*, *kāriya* de *pa*. (2) *pha*, *kāriya* de la raíz *phā*.	(1) *pha*, the *kāriya* of *pa*. (2) *pha*, the *kāriya* of the root *phā*.	kāriya: grammatical term (the letter produced by substitution), kept in Pāḷi
113372	phaggava	ခွေးတောက်။	‹ခွေးတောက်›.	‹ခွေးတောက်›.	plant name ‹ခွေးတောက်› not identified
113373	phaggavakasāva	ခွေးတောက်ဖန်။	decocción astringente de ‹ခွေးတောက်›.	astringent decoction of ‹ခွေးတောက်›.	plant name ‹ခွေးတောက်› not identified
113374	phaggavapaṇṇa	ခွေးတောက်ရွက်။	hoja de ‹ခွေးတောက်›.	leaf of ‹ခွေးတောက်›.	plant name ‹ခွေးတောက်› not identified
113375	phaggavavalli	ခွေးတောက်နွယ်။	enredadera de ‹ခွေးတောက်›.	creeper of ‹ခွေးတောက်›.	plant name ‹ခွေးတောက်› not identified
113390	phaṇa	(၁) ပါးပျဉ်း။ (၂) ဘီး။	(1) capucha (de serpiente). (2) peine.	(1) hood (of a snake). (2) comb.	label တိ but both senses are nouns
113396	phaṇakicca	ဘီး၏ အမှုကိစ္စ။ ဖြီးခြင်း အမှုကိစ္စ(သျ)။	la función de un peine. La tarea de peinar.	the function of a comb. The task of combing.	source tag (သျ) dropped as a citation
113397	phaṇagabbha	ပါးပျဉ်းတိုက်။	el interior de la capucha.	the inside of the hood.	ပါးပျဉ်းတိုက် 'hood-chamber' rendered as the inside of the hood; tentative
113399	phaṇamatthaka	ပါးပျဉ်း၏အထက်၊ ပါးပျဉ်းပော်။	la parte superior de la capucha; lo alto de la capucha.	the top of the hood; the upper part of the hood.	ပါးပျဉ်းပော် read as ပါးပျဉ်းပေါ် (upper part); possible misprint
113402	phaṇahatthaka	ပါးပျဉ်းနှင့်တူသော လက်ရှိသော (သဒ္ဒတ္ထ)၊ အချင်းချင်းစပ်သော လက်ချောင်းရှိသော (အဓိပ္ပါယတ္ထ) လက်ချောင်းပူကပ်သော၊ သူ။ (လက်ပျစ်သောသူ။ သျ)။	que tiene manos semejantes a una capucha (*saddattha*); que tiene dedos unidos entre sí (*adhippāyattha*); que tiene los dedos pegados (dicho de una persona). (persona de manos palmeadas).	having hands like a hood (*saddattha*); having fingers joined to one another (*adhippāyattha*); having the fingers stuck together (said of a person). (a person with webbed hands).	source tag (သျ) dropped; လက်ချောင်းပူကပ် read as ပူးကပ် (stuck together)
113403	phaṇijjaka	ပင်စိမ်းရိုင်း၊ တောပင်စိမ်း။ နီဝမ်း-လည်းကြည့်။	albahaca silvestre; albahaca del bosque. Véase también ‹နီဝမ်း›.	wild basil; forest basil. See also ‹နီဝမ်း›.	'see also' left in the Burmese: ‹နီဝမ်း› (a plant name, not identified)
113407	phandana	ကြို့ပင်။	el árbol ‹ကြို့›.	the ‹ကြို့› tree.	tree name ‹ကြို့› not identified
113410	phandanajātaka	ဖန္ဒနဇာတ်၊ ကြို့ပင်စောင့်နတ်နှင့် ဝံနက်တို့၏ ခိုက်ရန်ဖြစ်သော ဇာတ်။	el *jātaka* *phandana*; el *jātaka* de la contienda entre el *deva* guardián del árbol ‹ကြို့› y un oso negro.	the *jātaka* *phandana*; the *jātaka* of the quarrel between the *deva* guarding the ‹ကြို့› tree and a black bear.	tree name ‹ကြို့› not identified; ဝံနက် read as 'black bear'
113411	phandanadevatā	ကြို့ပင်စောင့်နတ်။	el *deva* guardián del árbol ‹ကြို့›.	the *deva* guarding the ‹ကြို့› tree.	tree name ‹ကြို့› not identified
113412	phandanarukkha	ကြို့ပင်။	el árbol ‹ကြို့›.	the ‹ကြို့› tree.	tree name ‹ကြို့› not identified
113413	phandanasamīpa	ကြို့ပင်အနီး။	cerca del árbol ‹ကြို့›.	near the ‹ကြို့› tree.	tree name ‹ကြို့› not identified
113475	pharasuphaṇasaṇṭhāna	ပုဆိန်သွား-ပုဆိန်ပါးပျဉ်း-သဏ္ဌာန်ရှိသော။	que tiene la forma del filo de un hacha / de la hoja de un hacha.	having the shape of an axe-edge / an axe-blade.	ပုဆိန်ပါးပျဉ်း read as the flat blade of an axe (lit. 'axe-hood'); tentative
113480	pharāma	ပြန့်နှံ့စေကုန်၏၊ ဖြန့်ကုန်၏။ «S1»	impregnamos; extendemos. Véase [[pharati]].	we suffuse; we spread. See [[pharati]].	rendered in the 1st person plural from the Pāḷi ending -ma; the Burmese does not mark the person
113481	pharāmi	ပြန့်နှံ့စေ၏၊ ဖြန့်၏။ «S1»	impregno; extiendo. Véase [[pharati]].	I suffuse; I spread. See [[pharati]].	rendered in the 1st person singular from the Pāḷi ending -mi; the Burmese does not mark the person
113507	pharusabhūmibhāga	ကြမ်းတမ်းသော မြေအဖို့ရှိသော။	que tiene una porción de terreno áspera.	having a rough portion of ground.	label ပု but the gloss is adjectival
113525	pharusasaddappavatti	ဖရုသသဒ္ဒါ၏ဖြစ်ခြင်း။	el producirse de *pharusasaddā*.	the occurrence of *pharusasaddā*.	ဖရုသသဒ္ဒါ kept as Pāḷi: either 'a harsh sound' or 'the word pharusa'
113529	pharusālikarahita	ကြမ်းတမ်းချွတ်ယွင်းခြင်းမှ ကင်းသော။	libre de la aspereza y el defecto.	free from harshness and defect.	ကြမ်းတမ်းချွတ်ယွင်းခြင်း read as 'harshness and faultiness'; headword pharusālika unclear
113534	phala	(၁) အကျိုး။ (က) မူလအကျိုး၊ အကျိုးရင်း။ (ခ) အကျိုးဆက်၊ အကျိုးအာနိသင်။ (၂) ဖိုလ်၊ ဖိုလ်စိတ်။ (၃) (က) အသီး။ (ခ) အသီးအရသာ။ (၄) (ဆောက်စသည်တို့၏) အသွား။ (၅) ချိန်သီး။ «S1» (၆) အင်္ဂါဇာတ်။ (၇) ဝှေးစေ့။ (၈) ပျဉ်ချပ်။ (တိ) (၉) အသီးရှိသော၊ အသီးသီးသော။ «S2»	(1) resultado. (a) el resultado primario; el resultado original. (b) el resultado consecuente; el beneficio resultante. (2) *phala*; la mente de *phala*. (3) (a) fruto. (b) el sabor del fruto. (4) el filo (de un cincel, etc.). (5) pesa (de balanza). Véase [[phalagaṇḍa]]. (6) el órgano sexual. (7) testículo. (8) tablón. (adjetivo) (9) que tiene fruto; que da fruto. Véase [[phalarukkha]].	(1) result. (a) the primary result; the original result. (b) the consequent result; the resulting benefit. (2) *phala*; the *phala* mind. (3) (a) fruit. (b) the taste of the fruit. (4) the edge (of a chisel, etc.). (5) weight (of a balance). See [[phalagaṇḍa]]. (6) the sexual organ. (7) testicle. (8) plank. (adjective) (9) having fruit; bearing fruit. See [[phalarukkha]].	sense 5 ချိန်သီး read as a weight for weighing; tentative
113535	phalaka	(၁) ဒိုင်း၊ လွှား၊ ကာ။ (၂) ပျဉ်၊ ပျဉ်ချပ်။ (၃) (ရက်ကန်း) လိပ်။	(1) escudo; rodela; broquel. (2) tabla; tablón. (3) el enjulio (del telar).	(1) shield; buckler; guard. (2) board; plank. (3) the beam (of a loom).	sense 3 (ရက်ကန်း) လိပ် read as the loom's roller/beam; tentative
113569	phalakāvudha	ဒိုင်း-လွှား-ကာ-လက်နက်။	escudo / rodela / broquel / arma.	shield / buckler / guard / weapon.	hyphen chain ends in လက်နက် 'weapon'; phalakāvudha = shield and weapon
113572	phalakiriya	အကျိုးကြိယာ။	la *kiriya* del resultado.	the *kiriya* of the result.	ကြိယာ probably means 'verb' here (grammar: the verb of the result)
113573	phalakiriyāgabbha	အတွင်းငုပ်သော-အတွင်းဝင်သော-အကျိုးကြိယာရှိသော၊ အကျိုးကြိယာ အတွင်းငုပ်သော။	que tiene dentro, oculta / contenida, la *kiriya* del resultado; en que la *kiriya* del resultado está oculta dentro.	having the *kiriya* of the result hidden / contained within; in which the *kiriya* of the result is hidden within.	ကြိယာ probably means 'verb' here (grammar)
113574	phalakusala	(၁) ဖိုလ်ကုသိုလ်။ (တိ) (၂) ဖိုလ်၌လိမ္မာသော၊ သူ။ (၃) အသီး၌ လိမ္မာသော၊ သူ။	(1) lo sano de *phala*. (adjetivo) (2) hábil en *phala* (dicho de una persona). (3) hábil en frutos (dicho de una persona).	(1) the wholesome of *phala*. (adjective) (2) skilled in *phala* (said of a person). (3) skilled in fruits (said of a person).	sense 1 ဖိုလ်ကုသိုလ် unclear ('wholesome [state] of fruition'); kusala as a quality, not merit
113591	phalajāta	ဖြစ်-သီး-သော အသီး၊ အသီးမျိုး။ (ဇာတ်ဝတ္ထု)။	fruto surgido / brotado; clase de fruto. (relatos de *jātaka*).	fruit that has arisen / grown; kind of fruit. (jātaka stories).	(ဇာတ်ဝတ္ထု) looks like a source note; kept as '(jātaka stories)'
113596	phalaṭṭha	ဖိုလ်၌တည်သော၊ သူ။ (ဖလဋ္ဌာန်ပုဂ္ဂိုလ်)။	que está asentado en *phala* (dicho de una persona). (la persona *phalaṭṭha*).	established in *phala* (said of a person). (the *phalaṭṭha* person).	ဖလဋ္ဌာန် is a Burmese loanword form, romanised as phalaṭṭha; check
113599	phalaṭṭhakasamaṇa	ဖိုလ်၌တည်သောရဟန်း၊ ဖလဋ္ဌာန်းရဟန်း။	monje asentado en *phala*; monje *phalaṭṭha*.	monk established in *phala*; *phalaṭṭha* monk.	ဖလဋ္ဌာန်း is a Burmese loanword form, romanised as phalaṭṭha; check
113600	phalaṭṭhapuggala	ဖလဋ္ဌာန်ပုဂ္ဂိုလ်။	persona *phalaṭṭha*.	*phalaṭṭha* person.	ဖလဋ္ဌာန် is a Burmese loanword form, romanised as phalaṭṭha; check
113604	phalatisammuti	သီး၏ဟု-သမုတ်ခြင်း-ခော်ဝော်ခြင်း။	la designación / denominación «da fruto».	designating / calling it 'bears fruit'.	ခော်ဝော် read as ခေါ်ဝေါ် (calling, naming)
113605	phalatumba	အသီးဗူး၊ အသီးကျည် (သျ)။	calabaza para frutos; tubo para frutos.	gourd for fruit; tube for fruit.	source tag (သျ) dropped
113608	phalatthika	အသီး-ဖြင့်-ကို-အလိုရှိသော၊ သူ။	que desea fruto (dicho de una persona).	that desires fruit (said of a person).	the hyphens အသီး-ဖြင့်-ကို give two Burmese case constructions (instrumental / accusative) of one meaning; merged
113653	phalanirodhasodhanattha	အကျိုးချုပ်ခြင်းကို ပြီးစေခြင်းအကျိုးရှိသော။	que tiene como resultado el llevar a término la cesación del resultado.	having as its result the accomplishing of the cessation of the result.	the Burmese renders -sodhana- by ပြီးစေ 'accomplish'; check
113654	phalanivattaka	အကျိုးကို-နစ်စေတတ်-မဖြစ်စေတတ်-သော။	que suele hacer retroceder / no producir el resultado.	apt to make the result recede / not arise.	နစ်စေ read as 'make recede'; tentative
113656	phalanissita	ဖိုလ်-၌-ကို-မှီသော။	que se apoya en *phala*.	that depends on *phala*.	the hyphens ဖိုလ်-၌-ကို give two Burmese case constructions of one meaning; merged
113667	phalapañcaka	အကျိုးငါးပါး။	los cinco resultados.	the five results.	label တိ but the gloss is a noun
113668	phalapaññatti	ဤ (မ၊ဋီ၊၁။ ၁၃၃)ပုဒ်သည် ဗလပညတ္တိမှ ပျက်ယွင်းလာသော ပုဒ်ဖြစ်ဟန်ရှိသည်။	Esta palabra parece ser una forma corrompida de *balapaññatti*.	This word appears to be a corrupted form of *balapaññatti*.	editorial note, not a definition; citation (မ၊ဋီ၊၁။ ၁၃၃) dropped
113676	phalapabandha	အကျိုးအစဉ်အဆက်။ «S1»	la sucesión continua de resultados. Véase [[phalapabandhī]].	the continuous succession of results. See [[phalapabandhī]].	label တိ but the gloss is a noun
113682	phalapariyattidhamma	ဖိုလ်တရားပရိယတ္တိတရား။	el estado de *phala* y la *pariyatti*.	the *phala* state and the *pariyatti*.	ဖိုလ်တရားပရိယတ္တိတရား: two terms juxtaposed without a conjunction; 'and' supplied
113690	phalapāka	(၁) အသီး-မှည့်ခြင်း-ရင့်ခြင်း။ «S1» (တိ) (၂) အသီးကို ချက်အပ်သော။ «S2»	(1) la maduración / la sazón del fruto. Véase [[phalapākanta]]. (adjetivo) (2) cuyo fruto es cocido. Véase [[phalapākodaka]].	(1) the ripening / maturing of fruit. See [[phalapākanta]]. (adjective) (2) whose fruit is cooked. See [[phalapākodaka]].	sense 2 အသီးကို ချက်အပ်သော: 'in which fruit is cooked' also possible
113693	phalapākodaka	(ရှိန်းခိုပင်၏) အသီးကိုချက်အပ်သော-အသီးကို ချက်၍ပြုအပ်သော-အရည်။ «S1»	(del árbol ‹ရှိန်းခို›) líquido en que se ha cocido el fruto / hecho cociendo el fruto. Véase [[takapaṇṇi]].	(of the ‹ရှိန်းခို› tree) liquid in which the fruit has been cooked / made by cooking the fruit. See [[takapaṇṇi]].	tree name ‹ရှိန်းခို› not identified
113701	phalappakāsana	အကျိုးကို ပြတတ်သော။	que suele mostrar el resultado.	apt to show the result.	label တိ with a -na headword; gloss is adjectival
113741	phalavimutti	ဖိုလ်ဖြင့် (ကိလေသာမှ) လွတ်မြောက်ခြင်း၊ ဖိုလ်ဟူသော (ကိလေသာမှ) လွတ်မြောက်ခြင်း၊ ကိလေသာမှ လွတ်မြောက်ပြီးသော ဖိုလ်၊ ဖိုလ်နှင့်ယှဉ်သော (ကိလေသာမှ) လွတ်ခြင်း (သျ)။ «S1»	la liberación (de los *kilesa*) por medio de *phala*; la liberación (de los *kilesa*) que es *phala*; el *phala* ya liberado de los *kilesa*; la liberación (de los *kilesa*) asociada con *phala*. Véase también [[vimuttisāra]].	liberation (from the *kilesa*) by means of *phala*; the liberation (from the *kilesa*) that is *phala*; the *phala* already freed from the *kilesa*; the release (from the *kilesa*) associated with *phala*. See also [[vimuttisāra]].	source tag (သျ) dropped
113763	phalasamavāyapaccaya	အကျိုးညီညွတ်ခြင်း-အကျိုးပြည့်စုံခြင်း-အကျိုးဖြစ်ပော်ခြင်း-၏အကြောင်း။	la causa de la concordancia / la plenitud / el surgimiento del resultado.	the cause of the concord / completeness / arising of the result.	ဖြစ်ပော် read as ဖြစ်ပေါ် (arising)
113788	phalasalākā	သစ်သီးစာရေးတံ။	tablilla (de reparto) de fruta.	fruit ticket (stick).	စာရေးတံ read as the ticket-stick used for distributing by lot
113798	phalasuñña	အကျိုး (သစ္စာ)မှ ဆိတ်သော (တရား)။	(estado) vacío del resultado (verdad).	(a state) void of the result (truth).	(သစ္စာ) after အကျိုး: probably the truth that is the result; check
113801	phalahetu	(၁) အကျိုးအကြောင်း။ «S1» (တိ) (၂) အသီးဟူသော အကြောင်းရှိသော။	(1) resultado y causa. Véase [[phalahetusandhi]]. (adjetivo) (2) que tiene como causa el fruto.	(1) result and cause. See [[phalahetusandhi]]. (adjective) (2) having fruit as its cause.	sense 1 အကျိုးအကြောင်း: 'result and cause' or 'the cause of the result'
113808	phalānantaraṁ	ဖိုလ်၏အခြားမဲ့၌။	inmediatamente después de *phala*.	immediately after *phala*.	label ပု but the gloss is adverbial
113816	phalāpaṇa	သစ်သီးချေး။	mercado de frutas.	fruit market.	ချေး read as ဈေး (market)
113887	phaluppāda	(၁) အသီးဖြစ်ခြင်း။ (တိ)  «S1» (၂) အကျိုးကိုဖြစ်စေတတ်သော။ (တိ)  «S2»	(1) el surgir del fruto. (adjetivo) Véase [[phalatisammuti]]. (2) que suele producir el resultado. (adjetivo) Véase [[phaluppādapaccaya]].	(1) the arising of fruit. (adjective) See [[phalatisammuti]]. (2) apt to produce the result. (adjective) See [[phaluppādapaccaya]].	the (တိ) labels sit after each sense, not before sense 2; copied as printed
113897	phalūpacārasiddha	ဖလူပစာအာဖြင့်-ပြီးသော-ထင်ရှားသော။ «S1»	realizado / manifiesto por medio de *phalūpacā*. Véase [[pharaṇappakāra]].	accomplished / evident by way of *phalūpacā*. See [[pharaṇappakāra]].	အာဖြင့် read as အားဖြင့်
113898	phalūpajīvī	အကျိုးကိုမှီ၍ အသက်မွေးသော၊ သူ။	que se gana la vida apoyándose en el resultado (dicho de una persona).	that makes a living depending on the result (said of a person).	Burmese has အကျိုး (result/benefit); the headword may rather mean living on fruit (phala)
113908	phalliya	နှောပင်။ (ဇာတ်ဝတ္ထု)။	la planta ‹နှော›.	the ‹နှော› plant.	unidentified plant နှောပင်; source tag (ဇာတ်ဝတ္ထု) dropped
113909	phassa	(၁) အာရုံကိုတွေ့ထိတတ်သော သဘော။ တွေ့ထိကြောင်းသဘော။ တွေ့ထိခြင်း။ တွေ့ထိမှု၊ ဖဿစေတသိက်။	(1) la naturaleza que suele contactar con el objeto (de la mente). la naturaleza que es causa del contacto. el contactar. el contacto; el *phassa* *cetasika*.	(1) the nature apt to contact the object (of the mind). the nature that is the cause of contact. contacting. contact; the *phassa* *cetasika*.	only sense (1) is printed
113935	phassapaṭṭhāna	ဖဿပဋ္ဌာန်း။	*paṭṭhāna* del *phassa*.	*paṭṭhāna* of *phassa*.	ပဋ္ဌာန်း romanised as paṭṭhāna; sense (causal relation or the treatise) unclear
113946	phassappaṭivijānanā	(ကိုယ်ဖြင့်နှီးနှောခြင်း၌) အတွေ့အထိကို သိခြင်း။	(en la unión física) el conocer el contacto.	(in physical union) knowing the contact.	ကိုယ်ဖြင့်နှီးနှောခြင်း likely means sexual intercourse; rendered 'physical union'
113952	phassayiṁ	တွေ့ထိပြီ၊ မျက်မှောက်ပြုပြီ။ «S1»	toqué; realicé. Véase [[phasseti]].	I touched; I realised. See [[phasseti]].	rendered in the 1st person (aorist -iṁ)
113959	phassarāgaratta	အတွေ့၌တပ်မက်ခြင်ဖြင့် တပ်မက်မောသော၊ သူ။	apegado con pasión por el apegarse al contacto (dicho de una persona).	passionately attached through attachment to contact (said of a person).	တပ်မက်ခြင်ဖြင့် read as တပ်မက်ခြင်းဖြင့်
113990	phassābhisamaya	ဖဿချုပ်ခြင်း။	la cesación del *phassa*.	the cessation of *phassa*.	Burmese gives 'cessation'; abhisamaya is usually 'penetration'
114042	phārusa	ဖက်သက်သီး၊ ဖက်သက်တရော်သီး။	fruto de ‹ဖက်သက်›; fruto de ‹ဖက်သက်တရော်›.	‹ဖက်သက်› fruit; ‹ဖက်သက်တရော်› fruit.	plant name left in Burmese; ဖက်သက်(တရော်) is probably Grewia (phārusaka, cf. Grewia asiatica)
114043	phārusaka	(၁) ဖက်သက်တရော်ပင်။ (၂) လွန်ပင်။ (၃) ဖက်သက်သီး။ ဖက်သက်တရော်သီး။	(1) el árbol ‹ဖက်သက်တရော်›. (2) el árbol ‹လွန်›. (3) fruto de ‹ဖက်သက်›. fruto de ‹ဖက်သက်တရော်›.	(1) the ‹ဖက်သက်တရော်› tree. (2) the ‹လွန်› tree. (3) ‹ဖက်သက်› fruit. ‹ဖက်သက်တရော်› fruit.	plant name left in Burmese; ဖက်သက်(တရော်) is probably Grewia (phārusaka, cf. Grewia asiatica); လွန်ပင် unidentified
114045	phārusakasakaṭamissaka	(ဝိမာန၊ဋ္ဌ၊၂၆၈) ဟူသော ပါဌ်သည် "ဖရုသကသဋမိဿက"မှ ပျက်ယွင်းလာသော ပုဒ်ဖြစ်ဖွယ် ရှိသည်။ ပေ၊သျ။ -ကြည့်ပါ။	la lectura probablemente sea un término corrompido a partir de *pharusakasaṭamissaka*. Véase ‹ပေ၊သျ›.	the reading is probably a word corrupted from *pharusakasaṭamissaka*. See ‹ပေ၊သျ›.	editorial note, not a definition; citation (ဝိမာန၊ဋ္ဌ၊၂၆၈) dropped; ပေ၊သျ probably edition sigla, left in Burmese; 'see' formula left in the Burmese
114046	phārusakapāna	ဖက်သက်တရော်သီးအဖျော်၊ ဖက်သက်ဖျော်ရည်။	bebida de fruto de ‹ဖက်သက်တရော်›; zumo de ‹ဖက်သက်›.	‹ဖက်သက်တရော်› fruit drink; ‹ဖက်သက်› juice.	plant name left in Burmese; ဖက်သက်(တရော်) is probably Grewia (phārusaka, cf. Grewia asiatica)
114047	phārusakaphala	ဖက်သက်တရော်သီး။ «S1»	fruto de ‹ဖက်သက်တရော်›. Véase [[phārusakapāna]].	‹ဖက်သက်တရော်› fruit. See [[phārusakapāna]].	plant name left in Burmese; ဖက်သက်(တရော်) is probably Grewia (phārusaka, cf. Grewia asiatica)
114058	phālayāmi	ခွဲ၏။ «S1»	hiendo. Véase [[phāleti]].	I cleave. See [[phāleti]].	rendered in the 1st person (-mi)
114066	phālitakaṭṭha	ကွဲသောကနုတံ။	‹ကနုတံ› partido.	split ‹ကနုတံ›.	ကနုတံ unclear (the headword's kaṭṭha suggests a piece of wood); left in Burmese
114086	phālessāmi	ခွဲအံ့။ «S1»	henderé. Véase [[phāleti]].	I shall cleave. See [[phāleti]].	rendered in the 1st person (-ssāmi, future အံ့)
114088	phāsu	(၁) ချမ်းသာခြင်း။ (ကြိ၊ဝိ) ချမ်းသာစွာ။ (တိ) (၂) ချမ်းသာသော။ «S1»	(1) el estar cómodo. (calificativo verbal) cómodamente. (adjetivo) (2) cómodo. Véase [[phāsubhāvajānanakāla]].	(1) being at ease. (verbal qualifier) at ease. (adjective) (2) at ease. See [[phāsubhāvajānanakāla]].	label (ကြိ၊ဝိ) rendered (adverb)
114089	phāsu	နံရိုး။ ဖာသုကာ-ထောင့်ကွင်းကြည့်။	costilla. Véase [[phāsukā]]; véanse los corchetes.	rib. See [[phāsukā]]; see the square brackets.	'see X' and 'see the square brackets' (ထောင့်ကွင်းကြည့်) left in the Burmese; rendered literally
114090	phāsuka	(၁) ချမ်းသာခြင်း၊ (ကြိ၊ဝိ) ချမ်းသာစွာ။ (တိ) (၂) ချမ်းသာသော။	(1) el estar cómodo; (calificativo verbal) cómodamente. (adjetivo) (2) cómodo.	(1) being at ease; (verbal qualifier) at ease. (adjective) (2) at ease.	label (ကြိ၊ဝိ) rendered (adverb)
114100	phāsukā	(၁) နံရိုး။ (၂) (ကိလေသာတည်းဟူသော) အခြင်ရနယ်။	(1) costilla. (2) ‹အခြင်ရနယ်› (que son los *kilesa*).	(1) rib. (2) ‹အခြင်ရနယ်› (namely the *kilesa*).	အခြင်ရနယ် unclear, left in Burmese; probably the rafters of a house (cf. Dhp 154 sabbā te phāsukā bhaggā)
114120	phiyāritta	တက်မ,ထိုးဝါး။	remo de gobierno, pértiga.	steering oar, punting pole.	တက်မ read as the steering oar, ထိုးဝါး as the punting pole
114121	phiyārittabaddha	တက်မ,ထိုးဝါးတို့ဖြင့်-ဖွဲ့အပ်-ယှဉ်အပ်-သော၊ တက်မ,ထိုးဝါးတပ်ဆင်သော (လှေ)။	atado / unido con remo de gobierno, pértiga; provisto de remo de gobierno, pértiga (barca).	bound / joined with steering oar, punting pole; fitted with steering oar, punting pole (a boat).	တက်မ read as the steering oar, ထိုးဝါး as the punting pole
114122	phiyārittabandhana	တက်မ,ထိုးဝါးကို-ဖွဲ့ခြင်း-ယှဉ်ခြင်း-တပ်ဆင်ခြင်း။ «S1»	el atar / el unir / el montar el remo de gobierno, pértiga. Véase también [[phiyārittabaddha]].	binding / joining / fitting the steering oar, punting pole. See also [[phiyārittabaddha]].	တက်မ read as the steering oar, ထိုးဝါး as the punting pole
114123	phiyārittasampanna	တက်မ,ထိုးဝါးတို့နှင့် ပြည့်စုံသော။	provisto de remo de gobierno, pértiga.	furnished with steering oar, punting pole.	တက်မ read as the steering oar, ထိုးဝါး as the punting pole
114130	phuṭana	ခွဲခြင်း၊ စိပ်ခြင်း။	el hender; el dividir.	cleaving; dividing.	စိပ် read as စိတ် (divide into parts)
114132	phuṭasumanā	ပွင့်သောမြတ်လေးပန်း၊ မြတ်လေးပန်းပွင့်။	flor de ‹မြတ်လေး› abierta; flor abierta de ‹မြတ်လေး›.	open ‹မြတ်လေး› flower; ‹မြတ်လေး› blossom.	plant name မြတ်လေး left in Burmese; probably a jasmine (sumanā)
114149	phuṭṭhavisa	ထိခြင်းဖြင့် သင့်စေသော အဆိပ်ရှိသော၊ ထိရုံဖြင့် အဆိပ်သင့်စေတတ်သော (မြွေ)။ (အဆိပ်တက်ပုံစွဲ၍ မြွေလေးမျိုး အမည်ရပုံကို-ကြည့်ပါ)။	que tiene un veneno que afecta por el contacto; que suele envenenar con solo tocar (serpiente). (Véase cómo reciben su nombre las cuatro clases de serpientes según el modo en que sube el veneno).	having venom that takes effect by contact; apt to poison by mere touch (a snake). (See how the four kinds of snakes get their names according to the way the venom rises).	'see' left in the Burmese, pointing to no headword
114150	phuṭṭhasakalapadesa	သိအပ်သော အလုံးစုံသောအရပ်၊ အလုံးစုံထိအပ်သောအရပ်။	toda la región conocida; la región tocada en su totalidad.	the whole region that is known; the region touched in its entirety.	သိအပ်သော possibly a misprint for ထိအပ်သော (touched)
114159	phuṇati	(၁) ခါတွက်၏။ (၂) ဖရိုဖရဲကြဲ၏။	(1) sacude. (2) esparce desordenadamente.	(1) shakes out. (2) scatters in disorder.	ခါတွက် read as 'shake out' (uncertain)
114160	phunati	(၁) ခါတွက်၏။ (၂) ဖရိုဖရဲကြဲ၏။	(1) sacude. (2) esparce desordenadamente.	(1) shakes out. (2) scatters in disorder.	ခါတွက် read as 'shake out' (uncertain)
114161	phuṇanti	(၁) ခါတွက်ကုန်၏။ (၂) ဖရိုဖရဲကြဲကုန်၏။ «S1»	(1) sacuden. (2) esparcen desordenadamente. Véase [[phuṇati]].	(1) they shake out. (2) they scatter in disorder. See [[phuṇati]].	ခါတွက် read as 'shake out' (uncertain)
114162	phunanti	(၁) ခါတွက်ကုန်၏။ (၂) ဖရိုဖရဲကြဲကုန်၏။ «S1»	(1) sacuden. (2) esparcen desordenadamente. Véase [[phuṇati]].	(1) they shake out. (2) they scatter in disorder. See [[phuṇati]].	ခါတွက် read as 'shake out' (uncertain)
114195	phusanamukha	တွေ့ထိမှုကို အဦးမှုခြင်း။	el poner el contacto a la cabeza.	putting contact at the head.	အဦးမှုခြင်း read as အဦးမူခြင်း
114209	phusayiṁ	တွေ့ထိပြီ။ «S1»	toqué. Véase [[phusati]].	I touched. See [[phusati]].	rendered in the 1st person (aorist -iṁ)
114218	phusāmi	တွေ့ထိ၏။ «S1»	toco. Véase [[phusati]].	I touch. See [[phusati]].	rendered in the 1st person (-mi)
114222	phusiṁ	တွေ့ထိပြီ။ «S1»	toqué. Véase [[phusati]].	I touched. See [[phusati]].	rendered in the 1st person (aorist -iṁ)
114244	phusissaṁ	တွေ့ထိလတ္တံ့၊ တွေ့ထိအံ့။ «S1»	tocará; tocaré. Véase [[phusati]].	will touch; I shall touch. See [[phusati]].	second gloss (အံ့) rendered in the 1st person (-ssaṁ)
114247	phusissāmi	တွေ့ထိလတ္တံ့။ တွေ့ထိအံ့။ «S1»	tocará. tocaré. Véase [[phusati]].	will touch. I shall touch. See [[phusati]].	second gloss (အံ့) rendered in the 1st person (-ssāmi)
114253	phussa	ဖုသျှနက္ခတ်။ ဖုဿော=နက္ခတ္တံ။	la constelación *phushya*. *phusso* = *nakkhattaṁ*.	the *phushya* constellation. *phusso* = *nakkhattaṁ*.	ဖုသျှ is the Burmese (Sanskritised) spelling of the asterism Phussa, wrapped as a name
114254	phussa	(၁) ပြာသိုလ။ (၂) ဖုဿဘုရား။	(1) el mes de Pyatho. (2) el Buddha *phussa*.	(1) the month of Pyatho. (2) the Buddha *phussa*.	ပြာသိုလ = the Burmese month Pyatho (Dec–Jan), transliterated
114264	phussadevattheravāda	ဖုဿဒေဝမထေရ်၏အယူဝါဒ။	la opinión / doctrina (*vāda*) del *thera* *phussadeva*.	the view / doctrine (*vāda*) of the *thera* *phussadeva*.	အယူဝါဒ is one Burmese compound (view + vāda); rendered view / doctrine with vāda kept
114265	phussanakkhatta	ဖုသျှနက္ခတ်။ «S1»	la mansión lunar *phussa*. Véase [[phussavel̤uvalaṭṭhi]].	the lunar mansion *phussa*. See [[phussavel̤uvalaṭṭhi]].	ဖုသျှ is the Burmese spelling of the asterism Phussa; romanised ⟦=phussa⟧
114266	phussanakkhattayoga	ဖုသျှနက္ခတ်နှင့်ယှဉ်ခြင်း။ ဖုဿ-ထောင့်ကွင်း-ကြည့်ပါ။	la conjunción con la mansión lunar *phussa*. Véanse los corchetes en *phussa*.	the conjunction with the lunar mansion *phussa*. See the square brackets at *phussa*.	ဖုဿ-ထောင့်ကွင်း-ကြည့်ပါ ('see the square brackets under ဖုဿ') rendered literally
114268	phussamāsa	ပြာသိုလ။	el mes de Pyatho.	the month of Pyatho.	ပြာသိုလ = the Burmese month Pyatho (Dec–Jan), romanised
114269	phussamāsapuṇṇamā	ပြာသိုလပြည့်။	la luna llena del mes de Pyatho.	the full moon of the month of Pyatho.	ပြာသို = the Burmese month Pyatho, romanised
114274	phussaveṭhana	မင်္ဂလာရှိသော-ဦးရစ်-ခေါင်းပေါင်း။	turbante / tocado auspicioso.	auspicious turban / headdress.	hyphen chain read as 'auspicious' + two alternatives for veṭhana (ဦးရစ်-ခေါင်းပေါင်း)
114275	phussavel̤uvalaṭṭhi	ဖုသျှနက္ခတ်နှင့် ယှဉ်၍ပေါက်သော ဥသျှစ်ပင်ပျို။	retoño de ‹ဥသျှစ်› que brota en conjunción con la mansión lunar *phussa*.	young ‹ဥသျှစ်› tree that sprouts in conjunction with the lunar mansion *phussa*.	plant ဥသျှစ် kept; probably the bael tree (Aegle marmelos, Pāḷi beluva)
114278	phussasāṭaka	မင်္ဂလာပုဆိုး။	paño auspicioso.	auspicious cloth.	ပုဆိုး is a (man's) lower cloth / sarong
114279	phussita	(၁) ပွင့်သော။ «S1» (၂) ထိအပ်သော၊ ကိုက်သော။	(1) florecido. Véase [[phussitagga]]. (2) tocado; que muerde.	(1) blossomed. See [[phussitagga]]. (2) touched; biting.	ကိုက်သော: 'biting' or 'fitting / matching'; unsure which
114281	pheggu	(၁) ထအောင်း၊ ခအောင်း။ (၂) အကာ။	(1) ‹ထအောင်း›; ‹ခအောင်း›. (2) la albura.	(1) ‹ထအောင်း›; ‹ခအောင်း›. (2) sapwood.	ထအောင်း, ခအောင်း not identified (plant or wood names?)
114306	pheṇila	(၁) ပုတီးနက်။ (ကင်ပွန်းတော်။ ဓာန်၊သျ၊သစ်)။ (၂) အိမ်ဆီးသီး။	(1) ‹ပုတီးနက်› (‹ကင်ပွန်းတော်›). (2) el fruto ‹အိမ်ဆီး›.	(1) ‹ပုတီးနက်› (‹ကင်ပွန်းတော်›). (2) the ‹အိမ်ဆီး› fruit.	plant names kept: ပုတီးနက် / ကင်ပွန်းတော် probably a soapnut or soap-pod tree (pheṇila = Sapindus?); အိမ်ဆီးသီး unidentified; source tag ဓာန်၊သျ၊သစ် dropped
114320	phoṭitatūlapicu	ခါအပ်-ဖတ်အပ်-သော လဲ,ဝါဂွမ်း။	‹လဲ›, algodón en rama sacudido / batido.	shaken / beaten ‹လဲ›, cotton wool.	လဲ probably kapok / silk-cotton
114353	phosituṁ	(ဆိုးရည်ဖြင့်) တွေ့ထိ-ဖျန်း-ခြင်းငှါ၊ အစက်အပြောက်ပြုခြင်းငှါ။	(con tinte) para tocar / rociar; para hacer puntos y manchas.	(with dye) in order to touch / sprinkle; in order to make spots and specks.	label ဗျ not in the label table
114354	ba	ဗ-ဗျည်း၊	la consonante *ba*.	the consonant *ba*.	text ends with ၊, possibly truncated
114356	baka	(၁) ဗျိုင်း၊ ဥဗျိုင်း၊ ဗျိုင်းဖြူ။ (၂) ဗကမင်း။ (၃) ဗကဗြဟ္မာ။	(1) garza; ‹ဥဗျိုင်း›; garza blanca. (2) el rey *baka*. (3) *bakabrahmā*.	(1) heron; ‹ဥဗျိုင်း›; white egret. (2) King *baka*. (3) *bakabrahmā*.	ဥဗျိုင်း a heron species, not identified (pond heron?)
114357	bakagala	ဗျိုင်း-လည်ပင်း-လည်တန်။	cuello / pescuezo de garza.	heron's neck / throat.	hyphen chain read as 'heron' + two alternatives for gala
114365	bakula	ချယားပင်၊ ခရေပင်။	el árbol ‹ချယား›; el árbol ‹ခရေ›.	the ‹ချယား› tree; the ‹ခရေ› tree.	plant names kept: ခရေ = Mimusops elengi (bakula); ချယား unidentified
114384	bajjhasi	ငြိကပ်-တွယ်တာ-၏။ «S1»	se adhiere / se apega. Véase [[bajjhati]].	clings / attaches. See [[bajjhati]].	Pāḷi -si is 2nd person; the Burmese does not mark it, 3rd person written
114393	bajjhissāmi	နှောင်ဖွဲ့အပ်လတ္တံ့၊ နှောင်ဖွဲ့ခံရလတ္တံ့။ «S1»	será ligado; sufrirá ser ligado. Véase [[bajjhati]].	will be fettered; will suffer being fettered. See [[bajjhati]].	headword is 1st person (-āmi) but the Burmese has လတ္တံ့ (2nd/3rd); 3rd person written
114397	bantesaṁgotivacana	ဗန္တေ,သံဂေါဟု ရွတ်ဖတ်ခြင်း။	el recitar “*bante,saṁgo*”.	the reciting of “*bante,saṁgo*”.	the quoted words look like a mispronounced 'bhante saṅgho' (b for bh); copied as printed
114398	badara	(၁) ဆီး (ဇီး) ပင်။ (၂) ဆီး (ဇီး) သီး။	(1) azufaifo. (2) azufaifa.	(1) jujube tree. (2) jujube fruit.	ဆီး (variant spelling ဇီး, given in brackets, omitted) rendered jujube (Ziziphus)
114403	badaratittha	ဆီးပင်ဆိပ်။ «S1»	el embarcadero de los azufaifos. Véase [[badaratitthavihāravāsī]].	the jujube-tree landing. See [[badaratitthavihāravāsī]].	probably a place name (Badaratittha)
114408	badarapaṇḍu	ဆီးသီး-ရွမ်းပြင်း-မမှည့်တမှည့်၊ မှည့်ခါစဆီးသီး။	azufaifa / ‹ရွမ်းပြင်း› / a medio madurar; azufaifa que acaba de madurar.	jujube / ‹ရွမ်းပြင်း› / half-ripe; jujube just ripening.	ရွမ်းပြင်း unclear (perhaps 'turning yellow')
114420	badarasāl̤ava	(၁) ဆီးဖျော်ရည်။ (၂) ဆီးမှုန့်တို့ဖြင့် စီမံထားသော ခဲဖွယ်တစ်မျိုး၊ ဆီးယို၊ ဆီးထုပ်၊ ဆီးတော်ဖီ။	(1) bebida de azufaifa. (2) una clase de bocado preparado con polvo de azufaifa; confitura de azufaifa; paquete de azufaifa; caramelo de azufaifa.	(1) jujube drink. (2) a kind of snack prepared with jujube powder; jujube preserve; jujube packet; jujube toffee.	ဆီးယို / ဆီးထုပ် / ဆီးတော်ဖီ read as preserve / packet / toffee; tentative
114428	baddha	(၁) ဖွဲ့-နှောင်ဖွဲ့-အပ်သော။ (က) သမုတ်အပ်သော။ «S1» (ခ) စပ်သော၊ ဆက်သွယ်သော။ «S2» (ဂ) သီကုံး-စပ်ဆို-အပ်သော။ «S3» (ဃ) ပညတ်အပ်သော။ «S4» (င) ရစ်ပတ်-မြှေးရှက်-အပ်သော။ «S5» (စ) ပြုစီရင်အပ်သော။ (၂) တပ်နှစ်သက်သော စိတ်ရှိသော၊ တပ်နှစ်သက်သော၊ သူ။ (၃) နှောင်ဖွဲ့ကြောင်း၊ အနှောင်အဖွဲ့။ ကမ္မဗဒ္ဓ(န္ဓ)-ကြည့်။ (၄) ဖွဲ့ခြင်း၊ စပ်ခြင်း။ ကမ္မဗဒ္ဓ(န္ဓ)-ကြည့်။	(1) atado / ligado. (a) designado. Véase [[baddhasīmā]]. (b) unido; conectado. Véase [[baddhacara]]. (c) ensartado / compuesto. Véase [[baddhatta]]. (d) establecido. Véase [[baddhasikkhāpada]]. (e) enrollado / envuelto. Véase [[baddhajivhā]]. (f) hecho / preparado. (2) que tiene una mente apegada y complacida; apegado y complacido (dicho de una persona). (3) la causa de atadura; la atadura. Véase [[kammabaddha]] (*ndha*). (4) el atar; el unir. Véase [[kammabaddha]] (*ndha*).	(1) bound / fettered. (a) designated. See [[baddhasīmā]]. (b) joined; connected. See [[baddhacara]]. (c) strung together / composed. See [[baddhatta]]. (d) laid down. See [[baddhasikkhāpada]]. (e) wound round / wrapped. See [[baddhajivhā]]. (f) made / prepared. (2) having an attached and delighted mind; attached and delighted (said of a person). (3) the cause of bondage; bondage. See [[kammabaddha]] (*ndha*). (4) the binding; the joining. See [[kammabaddha]] (*ndha*).	two 'see ကမ္မဗဒ္ဓ(န္ဓ)' left in the Burmese (variant kammabandha); (a) သမုတ် = designated by formal agreement (sammata); (ပြုစီရင်) (f) = made / arranged
114431	baddhaüṇhīsapaṭṭa	ဖွဲ့-စည်းထား-အပ်သော သင်းကျစ်ပြား။	banda trenzada atada / ceñida.	tied / fastened braided band.	သင်းကျစ်ပြား read as a flat braided band; tentative
114432	baddhaka	မုံ့ဆုပ်။	bola de masa dulce.	ball of sweet dough.	မုံ့ဆုပ် read as a sweet dumpling / cake ball; tentative
114433	baddhakaccha	ဖွဲ့အပ်သော-အောက်ပိုး-ခါးတောင်း-ရှိသော၊ ခါးတောင်းကျိုက်ထားသော၊ သူ။	que tiene atado el paño inferior / el faldón; que lleva remangado y sujeto el faldón (dicho de una persona).	having the lower cloth / the loincloth tied; wearing the loincloth tucked up (said of a person).	chain read as 'bound' + two alternatives for kaccha (အောက်ပိုး, ခါးတောင်း); ခါးတောင်းကျိုက် = to tuck the lower cloth up between the legs
114448	baddhacakka	ဗဒ္ဓစက်။ «S1»	la rueda *baddha*. Véase también [[khaṇḍacakka]].	the *baddha* wheel. See also [[khaṇḍacakka]].	ဗဒ္ဓစက် unclear: စက် = wheel or machine; meaning not given
114449	baddhacakkamūla	ဗဒ္ဓစက်မူ။	la base de la rueda *baddha*.	the base of the *baddha* wheel.	ဗဒ္ဓစက်မူ unclear; မူ read as 'base / root'
114463	baddhadaṇḍavalaya	ဖွဲ့အပ်သောသစ်သားကွင်း၊ ထီးချက် (အချာ)။	anillo de madera atado; la corona del parasol (el eje).	bound wooden ring; the hub of an umbrella (the pivot).	ထီးချက် read as the ring / hub of an umbrella where the ribs meet; tentative
114473	baddhapiṇḍikamaṁsa	ဖွဲ့အပ်သောအသားစိုင်ရှိသော၊ သူ။	que tiene masas de carne atadas (dicho de una persona).	having bound lumps of flesh (said of a person).	literal; the compound likely means firm calf muscles
114516	baddhasīmā	(၁) ဖွဲ့-သမုတ်-အပ်သော သိမ်၊ ဗဒ္ဓသိမ်-ရှိသော။	(1) la *sīmā* atada / designada; que tiene una *baddhasīmā*.	(1) the *sīmā* bound / designated; having a *baddhasīmā*.	only sense (1) printed; the adjectival ဗဒ္ဓသိမ်-ရှိသော may be a second sense run in
114541	bandhaüṇhīsapaṭṭa	ဖွဲ့-စည်းထား-အပ်သောသင်းကျစ်ပြား။	banda trenzada atada / ceñida.	tied / fastened braided band.	သင်းကျစ်ပြား read as a flat braided band; tentative
114555	bandhatu	နှောင်ဖွဲ့-ဖမ်းဆီး-လော။ «S1»	¡que ligue / apresa! Véase [[bandhati]] (a).	let him bind / seize! See [[bandhati]] (a).	လော read as the imperative လော့
114556	bandhatha	နှောင်ဖွဲ့-ဖမ်းဆီးကြကုန်လော။ «S1»	¡ligad / apresad! Véase [[bandhati]] (a).	bind / seize (all of you)! See [[bandhati]] (a).	လော read as the imperative လော့ (2nd plural)
114557	bandhana	(၁) (က) ဖွဲ့ခြင်း၊ နှောင်ဖွဲ့ခြင်း။ (ခ) ဖွဲ့စပ်ခြင်း၊ တဲခြင်း။ (၂) ဖွဲ့တတ်သောတရား၊ အနှောင်အဖွဲ့။ (၃) ဖွဲ့ကြောင်း။ (၄) အစီအကုံးအနှုံးအဖွဲ့၊ ကဗျာ။ (၅) ကျော့ကွင်း။ (၆) အညှာ။ (၇) ခါးပန်းကြိုး။ (၈) လျှာ။ «S1» (၉) ထောင်၊ နှောင်အိမ်။ «S2» (တိ) (၁၀) နှောင်ဖွဲ့အပ်သော။	(1) (a) el atar; el ligar. (b) el unir; el ‹တဲ›. (2) el estado que suele atar; la atadura. (3) la causa del atar. (4) la ordenación y composición; el poema. (5) lazo. (6) pedúnculo. (7) cordón de la cintura. (8) lengua. Véase [[bandhanamūla]] (1). (9) cárcel; casa de reclusión. Véanse [[bandhanabaddha]], [[bandhanāmokkha]]. (adjetivo) (10) ligado.	(1) (a) the binding; the fettering. (b) the joining; the ‹တဲ›. (2) the state apt to bind; bondage. (3) the cause of binding. (4) arrangement and composition; a poem. (5) snare. (6) stalk. (7) waist-cord. (8) tongue. See [[bandhanamūla]] (1). (9) prison; house of confinement. See [[bandhanabaddha]], [[bandhanāmokkha]]. (adjective) (10) fettered.	တဲခြင်း unclear (perhaps တွဲခြင်း 'pairing, joining')
114575	bandhanapalibodha	(ဆံ) ထုံးရခြင်း၌ ကြောင့်ကြမှု၊ ဆံထုံးထုံးရခြင်းဒုက္ခ။ «S1»	(del cabello) la preocupación por tener que anudarlo; el *dukkha* de tener que hacerse el moño. Véase [[kocchapalibodha]].	(of the hair) the worry of having to knot it; the *dukkha* of having to tie a topknot. See [[kocchapalibodha]].	ဒုက္ခ here colloquial 'trouble, bother'; copied as Pāḷi
114623	bandhanti	(၁) (က) ဖွဲ့-နှောင်ဖွဲ့-ထုံး-ချည်တုပ်-ကုန်၏။ «S1» (ခ) တောစပ်ကုန်၏။ «S2» (ဂ) သီကုံးကုန်၏။ «S3» (၂) တော်စပ်ကုန်၏။ «S4»	(1) (a) atan / ligan / anudan / amarran. Véase [[bandhati]]. (b) ‹တောစပ်›. Véase [[bandhati]] (d). (c) ensartan. Véase [[bandhati]] (c). (2) están emparentados. Véase [[bandhati]] (h).	(1) (a) they bind / fetter / knot / tie up. See [[bandhati]]. (b) ‹တောစပ်›. See [[bandhati]] (d). (c) they string together. See [[bandhati]] (c). (2) they are related. See [[bandhati]] (h).	(b) တောစပ်ကုန်၏ unclear: perhaps a misprint for တော်စပ် (as in sense 2) or for a verb 'join'
114634	bandhasi	ဖွဲ့ချည်၏၊ ဖမ်း၏။ «S1»	ata; captura. Véase [[bandhati]] (a).	binds; seizes. See [[bandhati]] (a).	Pāḷi -si is 2nd person; the Burmese does not mark it, 3rd person written
114636	bandhassu	ဖွဲ့ချည်လော၊ ထုံးလော။ «S1»	¡ata!; ¡anuda! Véase [[bandhati]] (e).	bind!; knot! See [[bandhati]] (e).	လော read as the imperative လော့
114643	bandhāpetu	ဖွဲ့-ဖမ်းဆီး-စေလော။ «S1»	¡que haga atar / apresar! Véase [[bandhāpeti]].	let him cause to be bound / seized! See [[bandhāpeti]].	လော read as the imperative လော့
114645	bandhāpetha	ဖွဲ့ချည်ကြစေကုန်လော။ «S1»	¡haced atar! Véase [[bandhāpeti]].	cause (it) to be bound (all of you)! See [[bandhāpeti]].	လော read as the imperative လော့ (2nd plural)
114648	bandhāpesiṁ	ဖွဲ့-ဖမ်းဆီး-စေပြီ။ «S1»	hice atar / apresar. Véase [[bandhāpeti]].	I caused to be bound / seized. See [[bandhāpeti]].	1st person rendered (headword -iṁ)
114651	bandhāpessāma	ဖွဲ့-ဖမ်းဆီး-စေကုန်အံ့။ «S1»	haremos atar / apresar. Véase [[bandhāpeti]].	we shall cause to be bound / seized. See [[bandhāpeti]].	1st person rendered (headword -āma; Burmese အံ့)
114652	bandhāpessāmi	ဖွဲ့-ဖွဲ့ချည်-စေအံ့။ «S1»	haré atar / amarrar. Véase [[bandhāpeti]].	I shall cause to be bound / tied. See [[bandhāpeti]].	1st person rendered (headword -āmi; Burmese အံ့)
114653	bandhāma	ဖွဲ့ကြကုန်အံ့။ «S1»	ataremos. Véase [[bandhati]].	we shall bind. See [[bandhati]].	1st person rendered (headword -āma; Burmese ကုန်အံ့)
114654	bandhāmi	ဖွဲ့အံ့။ «S1»	ataré. Véase [[bandhati]].	I shall bind. See [[bandhati]].	1st person rendered (headword -āmi; Burmese အံ့)
114656	bandhāhi	ဖွဲ့လော။ «S1»	¡ata! Véase [[bandhati]].	bind! See [[bandhati]].	လော read as the imperative လော့
114666	bandhituṁ	(က) ဖွဲ့ချည်ခြင်းငှါ။ (ခ) ဖမ်းဆီးခြင်းငှါ။ (ဂ) သမုတ်ခြင်းငှါ။ (ဃ) ကျစ်ခြင်းငှါ။ «S1»	(a) para atar. (b) para apresar. (c) para designar. (d) para trenzar. Véase [[bandhanta]] (c).	(a) in order to bind. (b) in order to seize. (c) in order to designate. (d) in order to plait. See [[bandhanta]] (c).	label ဗျ not in the label table
114670	bandhissati	ဖွဲကလတ္တံ့။ «S1»	atará. Véase [[bandhati]].	will bind. See [[bandhati]].	ဖွဲကလတ္တံ့ garbled; read as ဖွဲ့လတ္တံ့
114671	bandhissāma	(က) ဖွဲ့-ဖွဲ့ချည်-ချည်တုပ်-ကုန်အံ့။ «S1» (ခ) သမုတ်ကုန်အံ့။ «S2»	(a) ataremos / amarraremos / maniataremos. Véase [[bandhati]]. (b) designaremos. Véase [[bandhati]] (d).	(a) we shall bind / tie / tie up. See [[bandhati]]. (b) we shall designate. See [[bandhati]] (d).	1st person rendered (headword -āma; Burmese ကုန်အံ့)
114672	bandhissāmi	(က) ဖွဲ့-ဖွဲ့ချည်-ချည်တုပ်-အံ့။ «S1» (ခ) သမုတ်အံ့။ «S2»	(a) ataré / amarraré / maniataré. Véase [[bandhati]]. (b) designaré. Véase [[bandhati]] (d).	(a) I shall bind / tie / tie up. See [[bandhati]]. (b) I shall designate. See [[bandhati]] (d).	1st person rendered (headword -āmi; Burmese အံ့)
114673	bandhu	(၁) ဆွေမျိုး၊ ဆွေမျိုးသားချင်း။ (၂) ဗြဟ္မာ။ «S1» (၃) လယ်ခေါင်ရန်း။ မိုးစွေပန်း၊ နေ့လယ်ပန်း။ (၄) ဘုရား။	(1) pariente; parientes y allegados. (2) *brahmā*. Véase [[bandhupādāpacca]]. (3) ‹လယ်ခေါင်ရန်း›. ‹မိုးစွေပန်း›; ‹နေ့လယ်ပန်း›. (4) el Buddha.	(1) relative; kinsfolk. (2) *brahmā*. See [[bandhupādāpacca]]. (3) ‹လယ်ခေါင်ရန်း›. ‹မိုးစွေပန်း›; ‹နေ့လယ်ပန်း›. (4) the Buddha.	plant names kept; probably the noon flower (bandhujīva, Pentapetes phoenicea); နေ့လယ်ပန်း = lit. 'midday flower'
114674	bandhuka	(၁) လယ်ခေါင်ရန်း၊ ဆွဲလဲပန်း။ မိုးစွေပန်း၊ နေ့လယ်ပန်း (တိ) (၂) ဆွေမျိုးစဉ်ဆက်လိုက်သော၊ မျိုးရိုးလိုက်သော။ «S1»	(1) ‹လယ်ခေါင်ရန်း›; ‹ဆွဲလဲပန်း›. ‹မိုးစွေပန်း›; ‹နေ့လယ်ပန်း›. (adjetivo) (2) que sigue la línea de parentesco; hereditario. Véase [[bandhukaroga]].	(1) ‹လယ်ခေါင်ရန်း›; ‹ဆွဲလဲပန်း›. ‹မိုးစွေပန်း›; ‹နေ့လယ်ပန်း›. (adjective) (2) following the line of kinship; hereditary. See [[bandhukaroga]].	plant names kept; probably the noon flower (Pentapetes phoenicea)
114675	bandhukapuppha	လယ်ခေါင်ရန်းပန်း။	flor de ‹လယ်ခေါင်ရန်း›.	‹လယ်ခေါင်ရန်း› flower.	plant name kept; probably the noon flower (Pentapetes phoenicea)
114678	bandhujīva	လယ်ခေါင်ရန်းပင်။	la planta ‹လယ်ခေါင်ရန်း›.	the ‹လယ်ခေါင်ရန်း› plant.	plant name kept; probably the noon flower (Pentapetes phoenicea)
114679	bandhujīvaka	(၁) လယ်ခေါင်ရန်းပန်း။ (၂) ဗန္ဓုဇီဝကမည်သူ။	(1) flor de ‹လယ်ခေါင်ရန်း›. (2) la persona llamada *bandhujīvaka*.	(1) ‹လယ်ခေါင်ရန်း› flower. (2) the person named *bandhujīvaka*.	plant name kept; probably the noon flower (Pentapetes phoenicea)
114680	bandhujīvakapuppha	လယ်ခေါင်ရန်းပန်း။	flor de ‹လယ်ခေါင်ရန်း›.	‹လယ်ခေါင်ရန်း› flower.	plant name kept; probably the noon flower (Pentapetes phoenicea)
114681	bandhujīvakapupphavaṇṇa	လယ်ခေါင်ရန်းပန်းပွင့် အဆင်းရှိသော။	que tiene el color de la flor de ‹လယ်ခေါင်ရန်း›.	having the colour of the ‹လယ်ခေါင်ရန်း› flower.	plant name kept; probably the noon flower (Pentapetes phoenicea)
114696	bandhūkapuppha	ပိတောက်။	‹ပိတောက်›.	‹ပိတောက်›.	plant name kept: ပိတောက် is the padauk (Pterocarpus); odd for bandhūka, check
114698	bandheyyaṁ	နှောင်ဖွဲ့အံ့။ «S1»	ligaré. Véase [[bandhati]].	I shall fetter. See [[bandhati]].	1st person rendered (headword -eyyaṁ; Burmese အံ့)
114700	bandheyyātha	နှောင်ဖွဲ့ကုန်ရာ၏။ «S1»	podrían ligar. Véase [[bandhati]].	they might fetter. See [[bandhati]].	Pāḷi -eyyātha is 2nd plural; the Burmese does not mark person, 3rd written
114703	babbujātaka	ဗဗ္ဗုဇာတ်။	*Babbujātaka*.	*Babbujātaka*.	title in Burmese loan form (ဗဗ္ဗုဇာတ်), romanised
114706	baraha	(မီးစာ၏) နယ်ပယ်ဒေသ။	(de la mecha) zona / región.	(of the wick) area / region.	နယ်ပယ်ဒေသ is one compound (area, region); sense of 'region of the wick' unclear
114707	bari	မြီးစည်း။ «S1»	penacho de la cola. Véase [[barihīna]].	tail plume. See [[barihīna]].	မြီးစည်း literally 'tail-bundle'; perhaps a peacock's tail plume or a whisk; tentative
114708	barihisa	သမန်းမြက်။ «S1»	hierba ‹သမန်း›. Véase también [[varahisa]].	‹သမန်း› grass. See also [[varahisa]].	plant name unidentified (barihisa = the sacrificial grass, perhaps kusa); tentative
114709	barihisattha	သမန်းမြက်အခင်းပြုလုပ်ခြင်းအကျိုး။	el beneficio de hacer un lecho de hierba ‹သမန်း›.	the benefit of making a spread of ‹သမန်း› grass.	plant name unidentified; အကျိုး here perhaps 'purpose' (attha)
114710	barihīna	မြီးစည်းဖြင့် ဖုံးလွှမ်းအပ်သော။	cubierto por penachos de la cola.	covered with tail plumes.	မြီးစည်း 'tail-bundle', as at bari; tentative
114716	balakaraṇīyavagga	ဗလကရဏီယဝဂ်။	*Balakaraṇīyavagga*.	*Balakaraṇīyavagga*.	title in Burmese loan form (-ဝဂ်), romanised
114722	balakusala	ဗိုလ်၌လိမ္မာသော၊ သူ။ «S1»	hábil en las tropas (dicho de una persona). Véase también [[khandhakusala]].	skilled in troops (said of a person). See also [[khandhakusala]].	ဗိုလ် here read as the army (military skill), not the faculties (bala); check
114736	balaja	ငါးပတ်။	pez ‹ငါးပတ်›.	‹ငါးပတ်› fish.	fish name unidentified
114737	balajamaccha	ငါးပတ်။ «S1»	pez ‹ငါးပတ်›. Véase [[balaja]].	‹ငါးပတ်› fish. See [[balaja]].	fish name unidentified
114741	balaṭṭha	ဗိုလ်၏အဖြစ်။	el hecho de ser soldado.	the state of being a soldier.	ဗိုလ် read as soldier / officer; check
114744	balati	အသက်-မွေး-ရှင်-တတ်၏။	suele sustentar la vida / vivir.	is apt to sustain life / to live.	hyphens read as အသက်မွေး / အသက်ရှင် (earn a living / live)
114747	baladasaka	အင်အား-ရှိသော-ကောင်းသော-ပြည့်သော-ဆယ်စုနှစ်၊ ဗလဒသကအရွယ်	la década en que la fuerza está presente / es buena / es plena; la edad *baladasaka*.	the decade in which strength is present / good / full; the *baladasaka* age.	final ။ missing in the source
114757	baladhana	ဗိုလ်ဟူသောဥစ္စာ။	la riqueza que son los *bala*.	the wealth that is the *bala*.	ဗိုလ် could be the faculties/powers or the army here
114759	baladhīra	ဗိုလ်၌လိမ္မာသော၊ သူ။	hábil en las tropas (dicho de una persona).	skilled in troops (said of a person).	ဗိုလ် read as the army, as at balakusala; check
114765	balanti	အသက်-မွေး-ရှင်-တတ်ကုန်၏။ «S1»	suelen sustentar la vida / vivir. Véase [[balati]].	they are apt to sustain life / to live. See [[balati]].	hyphens read as အသက်မွေး / အသက်ရှင်, as at balati
114770	balapada	ဗလပုဒ်။	la palabra *bala*.	the word *bala*.	ဗလပုဒ် read as 'the word bala'
114772	balapucchā	ဗိုလ်ကိုမေးခြင်း။	el preguntar por los *bala*.	asking about the *bala*.	ဗိုလ် could be the powers or the army here
114794	balavaṁ	အလွန်အကဲ။ ဗလဝံ အာယာသော ဥပါယာသော။ အဘိ၊ဋ္ဌ၊ ၂။ ၉၉။ ဗလဝံ သုဋ္ဌု စာတီဝါတိသယေ ကိမုတ သွတိ။ ဓာန်။ ၁၁၃၈။ «S1»	sumamente. *balavaṁ āyāso upāyāso*. *balavaṁ suṭṭhu cātīvātisaye kimuta svati*. Véase también [[basavasaddhā]].	exceedingly. *balavaṁ āyāso upāyāso*. *balavaṁ suṭṭhu cātīvātisaye kimuta svati*. See also [[basavasaddhā]].	label ဗျ (indeclinable) not in the label table; citations dropped
114798	balavaajjhāsaya	လွန်ကဲ-အားကြီး-သော အလိုဆန္ဒ။	deseo excesivo / muy fuerte.	excessive / very strong wish.	အလိုဆန္ဒ rendered as one word 'wish'
114800	balavaalobha	လွန်ကဲ-အားကြီး-သော အလောဘ၊ ခိုင်မြဲစွာဖြစ်သော မလိုခြင်မှု။	*alobha* excesivo / muy fuerte; el no desear que se da de manera firme.	excessive / very strong *alobha*; non-wanting that occurs firmly.	မလိုခြင်မှု read as မလိုချင်မှု (not wanting)
114810	balavakammānubhāva	အားကြီးသော ကံ၏အစွမ်းသတ္တိ	la potencia de un *kamma* poderoso.	the potency of a powerful *kamma*.	final ။ missing in the source
114835	balavaghaṭṭanā	အားကြီးသော-လွန်ကဲသော-ထိပါး-ချုပ်ချယ်-	fuerte / excesivo choque / constreñimiento …	strong / excessive impact / constraint …	definition truncated in the source (ends in a hyphen)
114846	balavañāṇa	အားကြီး-ထက်မြက်-သော ဉာဏ်ပညာရှိသော၊ သူ။	que tiene un conocimiento fuerte / agudo (dicho de una persona).	having strong / keen knowledge (said of a person).	ဉာဏ်ပညာ rendered as one word
114854	balavataratakka	အလွန်အားကြီးသော ကြံစည်မှု (ဝိတက်)	pensamiento sumamente poderoso (*vitakka*).	exceedingly powerful thought (*vitakka*).	final ။ missing in the source
114856	balavataradukkhattha	အလွန်အားကြီးသော ဆင်းရဲခြင်းအကျိုး။	el resultado del sufrimiento sumamente intenso.	the result of exceedingly intense suffering.	အကျိုး may here render attha 'sense' (dukkhattha), not 'result'
114866	balavateja	အားကြီး-ထက်မြက်-သော အခိုးအငွေ့ရှိသော၊ သူ။	que tiene una emanación fuerte / aguda (dicho de una persona).	having a strong / keen emanation (said of a person).	အခိုးအငွေ့ lit. 'vapour, fumes'; here perhaps heat, radiance or majesty (tejas)
114867	balavattha	မ၊ဋီ၊၂။ ၂၃၄-သည် ဗလတ္ထမှ ပျက်ယွင်းလာသော ပုဒ်ဖြစ်သည်။	es una palabra corrompida a partir de *balattha*.	it is a word corrupted from *balattha*.	the citation (မ၊ဋီ၊၂။၂၃၄) naming where the corrupt reading occurs was dropped; the sentence refers to it
114884	balavantabalībaddhayojita	အားကောင်းသော နွားလားနှင့်ယှဉ်သော၊ အားကောင်းသော နွားလားကသော။ «S1»	uncido a bueyes fuertes; tirado por bueyes fuertes. Véase [[goyutta]].	yoked to strong oxen; drawn by strong oxen. See [[goyutta]].	နွားလားကသော read as 'drawn by oxen'; check
114897	balavapaññatti	နေတ္တိ။ ၅၃-သည် ဗလပညတ္တိမှပျက်ယွင်းလာသော ပုဒ်ဖြစ်သည်။ «S1»	es una palabra corrompida a partir de *balapaññatti*. Véase [[balapaññatti]].	it is a word corrupted from *balapaññatti*. See [[balapaññatti]].	the citation (နေတ္တိ ၅၃) naming where the corrupt reading occurs was dropped; the sentence refers to it
114902	balavapāmojja	(၁) အားကြီးသော ဝမ်းမြောက်ခြင်း၊ အလွန်ဝမ်းမြောက်ခြင်း။ (တိ) (၂) အလွန်ဝမ်းမြောက်ခြင်းရှိသော၊ အလွန်ဝမ်းမြောက်ခြင်းရှိသော၊ အလွန်ဝမ်းမြောက်သော၊ သူ။	(1) fuerte alegría; el alegrarse mucho. (adjetivo) (2) que tiene mucha alegría; que tiene mucha alegría; muy alegre (dicho de una persona).	(1) strong gladness; being very glad. (adjective) (2) having great gladness; having great gladness; very glad (said of a person).	second gloss repeated in the source
114903	balavapāyāsa	များစွာသော ဃနာနို့ထမင်း။	abundante arroz con leche espeso.	plentiful thick milk-rice.	ဃနာ read as 'thick'
114904	balavapiyacitta	အားကြီးသော ချစ်စိမ်ရှိသော၊ သူ။	que tiene una mente de fuerte afecto (dicho de una persona).	having a mind of strong affection (said of a person).	ချစ်စိမ် read as ချစ်စိတ် (loving mind)
114920	balavabhatta	လွန်ကဲသော ထမင်း၊ အလွန်စားလွန်းသော ထမင်း(သျ)။	comida excesiva; comida de la que se come en exceso.	excessive food; food eaten to excess.	trailing (သျ) unclear, omitted
114974	balavasaṁvegābhitunnahadaya	အားကြီး-ပြင်းထန်-သော ထိတ်လန့်ခြင်းသည် ထိုးကျင့်နှိပ်စက်ခံရသော စိတ်နှလုံးရှိသော၊ သူ။	que tiene el corazón traspasado y oprimido por un sobresalto fuerte / intenso (dicho de una persona).	having a heart pierced and oppressed by strong / intense alarm (said of a person).	ထိုးကျင့် read as 'pierce' (ထိုးဆွ?); check
114986	balavasahāya	အားကောင်းသောသူငယ်ခြင်း။	amigo poderoso.	powerful friend.	သူငယ်ခြင်း read as သူငယ်ချင်း (friend)
114993	balavasokābhitunna	အားကြီးသော စိုးရိမ်ပူပန်မှုသည် ထိုးကျင့်နှိပ်စက်ခံရသော၊ သူ။	traspasado y oprimido por una fuerte pena y angustia (dicho de una persona).	pierced and oppressed by strong sorrow and anxiety (said of a person).	ထိုးကျင့် read as 'pierce', as at 114974
115002	balavahitacitta	သာရတ္ထ၊ ၃။ ၄၀၃-သည် ဗလဝပိယစိတ္တမှ ပျက်ယွင်းလာသော ပုဒ်ဖြစ်သည်။ «S1»	es una palabra corrompida a partir de *balavapiyacitta*. Véase [[balavapiyacitta]].	it is a word corrupted from *balavapiyacitta*. See [[balavapiyacitta]].	the citation (သာရတ္ထ ၃။၄၀၃) naming where the corrupt reading occurs was dropped; the sentence refers to it
115003	balavahirottappa	(၁) အားကြီးသော အရှက်အကြောက်ရှိသော၊ အလွန်ရှက်ကြောက်သော၊ သူ။	(1) que tiene fuerte vergüenza y temor; que se avergüenza y teme mucho (dicho de una persona).	(1) having strong shame and fear; greatly ashamed and afraid (said of a person).	label န but the gloss is adjectival; only sense (1) given
115009	balavābalava	အားရှိသည်ထက်အားရှိသော၊ အလွန်အားရှိသော၊ (အားရှိရာရာ၊သျ)။	que tiene más fuerza que lo que tiene fuerza; que tiene muchísima fuerza; (todo aquello que tiene fuerza).	having more strength than what has strength; having very great strength; (whatever has strength).	trailing tag သျ inside the bracket dropped (unexplained source tag)
115012	balavāmukha	(၁) ကြီးသော မျက်နှာဝရှိသောဝဲ၊ ကြီးသောဝဲ၊ ဗလဝါမုခဝဲ။ (တိ) (၂) ကြီးသောဝဲ-ဗလဝါမုခဝဲ-ရှိသော (သမုဒြာ) ဗလဝါမုခသမုဒ္ဒ-ကြည့်။ (၃) ကြီးကျယ်သော မျက်နှာရှိသောသူ။ «S1»	(1) remolino que tiene una gran boca; gran remolino; remolino *balavāmukha*. (adjetivo) (2) que tiene un gran remolino / un remolino *balavāmukha* (océano). Véase [[balavāmukhasamudda]]. (3) persona que tiene un rostro enorme. Véase [[bal̤avāmukha]].	(1) whirlpool with a great mouth; great whirlpool; *balavāmukha* whirlpool. (adjective) (2) having a great whirlpool / a *balavāmukha* whirlpool (ocean). See [[balavāmukhasamudda]]. (3) a person with an enormous face. See [[bal̤avāmukha]].	'see X' left in the Burmese (ဗလဝါမုခသမုဒ္ဒ-ကြည့်)
115013	bal̤avāmukha	(၁) ကြီးသော မျက်နှာဝရှိသောဝဲ၊ ကြီးသောဝဲ၊ ဗလဝါမုခဝဲ။ (တိ) (၂) ကြီးသောဝဲ-ဗလဝါမုခဝဲ-ရှိသော (သမုဒြာ) ဗလဝါမုခသမုဒ္ဒ-ကြည့်။ (၃) ကြီးကျယ်သော မျက်နှာရှိသောသူ။ «S1»	(1) remolino que tiene una gran boca; gran remolino; remolino *balavāmukha*. (adjetivo) (2) que tiene un gran remolino / un remolino *balavāmukha* (océano). Véase [[balavāmukhasamudda]]. (3) persona que tiene un rostro enorme. Véase [[balavāmukhayakkhinī]].	(1) whirlpool with a great mouth; great whirlpool; *balavāmukha* whirlpool. (adjective) (2) having a great whirlpool / a *balavāmukha* whirlpool (ocean). See [[balavāmukhasamudda]]. (3) a person with an enormous face. See [[balavāmukhayakkhinī]].	'see X' left in the Burmese (ဗလဝါမုခသမုဒ္ဒ-ကြည့်)
115046	balasata	ခွန်အားတရာ၊ ခွန်အားအရာ။	cien vigores; asunto de vigor.	a hundred strengths; a matter of strength.	ခွန်အားအရာ perhaps a misprint for ခွန်အားတရာ (a hundred strengths)
115054	balākajāti	ဗျိုင်းအောက်-ဗျိုင်းနှမ်း-မျိုး။ «S1»	la especie de las garzas ‹ဗျိုင်းအောက်› / ‹ဗျိုင်းနှမ်း›. Véase [[balākayoni]].	the species of the ‹ဗျိုင်းအောက်› / ‹ဗျိုင်းနှမ်း› herons. See [[balākayoni]].	bird names unidentified; ဗျိုင်း egret/heron, 'herons' tentative (balākā usually a crane)
115055	balākayoni	ဗျိုင်းအောက်-ဗျိုင်းနှမ်း-မျိုး။	la especie de las garzas ‹ဗျိုင်းအောက်› / ‹ဗျိုင်းနှမ်း›.	the species of the ‹ဗျိုင်းအောက်› / ‹ဗျိုင်းနှမ်း› herons.	bird names unidentified; 'herons' tentative
115056	balākā	ဗျိုင်းအောက်၊ ဗျိုင်းနှမ်း။	garza ‹ဗျိုင်းအောက်›; garza ‹ဗျိုင်းနှမ်း›.	‹ဗျိုင်းအောက်› heron; ‹ဗျိုင်းနှမ်း› heron.	bird names unidentified; 'heron' tentative (balākā usually a crane)
115057	balākāsakuṇikā	ဗျိုင်းအောက်-ဗျိုင်းနှမ်း-မ။ «S1»	hembra de la garza ‹ဗျိုင်းအောက်› / ‹ဗျိုင်းနှမ်း›. Véase [[balākā]].	female ‹ဗျိုင်းအောက်› / ‹ဗျိုင်းနှမ်း› heron. See [[balākā]].	bird names unidentified; 'heron' tentative
115058	balākinī	ဗျိုင်းအောက်မ၊ ဗျိုင်းနှမ်းမ။	hembra de la garza ‹ဗျိုင်းအောက်›; hembra de la garza ‹ဗျိုင်းနှမ်း›.	female ‹ဗျိုင်းအောက်› heron; female ‹ဗျိုင်းနှမ်း› heron.	bird names unidentified; 'heron' tentative
115070	balānurūpa	အစွမ်းသတ္တိအားလျော်သော၊ (ကြိ၊ဝိ) အစွမ်းရှိသလောက်။	conforme a la potencia; (calificativo verbal) en la medida de la propia potencia.	in keeping with one's power; (verbal qualifier) as far as one's power goes.	(ကြိ၊ဝိ) read as kiriyāvisesana, adverb
115075	bali	(၁) အခွန်အတုတ်။ (၂) ပူဇော်ဖွယ်၊ ဖလိနတ်စာ။ (၃) ပူဇော်ခြင်း။	(1) tributo. (2) objeto de ofrenda; ofrenda *bali* de comida para los *deva*. (3) el ofrendar.	(1) tax. (2) object of offering; *bali* food-offering for the *deva*. (3) making an offering.	ဖလိနတ်စာ read as ဗလိနတ်စာ
115083	balikammattha	ပူဇော်မှုပြုခြင်းအကျိုး၊ ဗလိနတ်စာတင်ခြင်းအကျိုး။	el beneficio de hacer ofrenda; el beneficio de presentar la ofrenda *bali* de comida para los *deva*.	the benefit of making an offering; the benefit of presenting the *bali* food-offering for the *deva*.	အကျိုး here perhaps 'purpose' (attha)
115090	balikaraṇattha	ပူဇော်မှုပြုခြင်းအကျိုး။	el beneficio de hacer ofrenda.	the benefit of making an offering.	အကျိုး here perhaps 'purpose' (attha)
115095	balikhaṇḍa	သီ၊ ဋီ၊ သစ်၊ ၂။ ၂၃၅-သည် ဗလိဒဏ္ဍမှ ပျက်ယွင်းလာသော ပုဒ်ဖြစ်သည်။	es una palabra corrompida a partir de *balidaṇḍa*.	it is a word corrupted from *balidaṇḍa*.	the citation (သီ၊ဋီ၊သစ် ၂။၂၃၅) naming where the corrupt reading occurs was dropped; the sentence refers to it
115096	balidaṇḍa	အခွန်အတုတ်ဒဏ်။	la pena del tributo.	the tax levy.	အခွန်အတုတ်ဒဏ် 'tax penalty / levy'; check
115099	balipaṭiggāhikadevatā	ဗလိနတ်စာ ခံယူသောနတ်၊ ရိုးရာနတ်။	el *deva* que recibe la ofrenda *bali* de comida; *deva* ancestral.	the *deva* who receives the *bali* food-offering; ancestral *deva*.	ရိုးရာနတ် 'hereditary / household spirit' rendered as ancestral ⟦=deva⟧
115115	balibherī	ဇာ၊ ဋ္ဌ၊ ၃။ ၁၄၈-သည် ဗလဘေရီမှ ပျက်ယွင်းလာသော ပုဒ်ဖြစ်သည်။	es una palabra corrompida a partir de *balabherī*.	it is a word corrupted from *balabherī*.	the citation (ဇာ၊ဋ္ဌ ၃။၁၄၈) naming where the corrupt reading occurs was dropped; the sentence refers to it
115120	balisādhaka	အခွန်အထုတ်ကို ပြီးစေတတ်သော၊ အခွန်အတုတ်ကောက်သော၊ သူ။	que suele completar la recaudación de tributos; que recauda tributos (dicho de una persona).	apt to complete the collection of taxes; collecting taxes (said of a person).	အခွန်အထုတ် read as အခွန်အတုတ်
115139	bavhāri	များစွာချီးမွမ်းခြင်းရှိသော (ဣရုဗေဒင်ကျမ်း)။ «S1»	que tiene mucha alabanza (el tratado *Iruveda*). Véase [[bavhārijjhā]].	having much praise (the *Iruveda* treatise). See [[bavhārijjhā]].	ဣရုဗေဒင် (the Ṛgveda) romanised as Iruveda; check form
115140	bavhārijjhā	ဣရုဗေဒင်ကို-သင်ယူ-သရဇ္ဈာယ်-တတ်သော၊ သူ။	que suele estudiar / recitar el *Iruveda* (dicho de una persona).	apt to study / to recite the *Iruveda* (said of a person).	ဣရုဗေဒင် romanised as Iruveda; check form
115143	bahala	(၁) အထု၊ ဒု၊ လုံးပတ်၊ ကိုယ်လုံးကိုယ်ထည်။ (တိ) (၂) ထူထပ်သော။ (က) အားကြီး-လွန်ကဲ-ထက်မြက်-ပြင်းထန်-သော၊ မကျဲမပါး-အဖြစ်များ-(ကိလေသာ,ဝေဒနာစသည်)။ (ခ) ပြစ်ချွဲသော (ရေစသည်)။ (ဂ) ကြီးမားသော (ထောင်စသည်)။ (ဃ) ဖူးဖူးရောင်သော။	(1) espesor; grosor; circunferencia; volumen del cuerpo. (adjetivo) (2) espeso. (a) fuerte / excesivo / agudo / intenso; no ralo / frecuente (*kilesa*, *vedanā* y demás). (b) viscoso (el agua y demás). (c) grande (mil y demás). (d) hinchado.	(1) thickness; bulk; girth; body size. (adjective) (2) thick. (a) strong / excessive / keen / intense; not sparse / frequent (*kilesa*, *vedanā* and so on). (b) viscous (water and so on). (c) great (a thousand and so on). (d) swollen.	(ထောင်စသည်) read as 'a thousand'; could be ထောင် 'prison' or 'height'
115153	bahalaghaṭapuṇṇa	(နခမ်း) တူသောရေပြည့်အိုး။ «S1»	(‹နခမ်း›) una olla llena de agua semejante. Véase [[visuddhi]].	(‹နခမ်း›) a like pot full of water. See [[visuddhi]].	bracketed (နခမ်း) unclear, possibly garbled; what တူသော ('like') refers to is unclear
115169	bahalatimira	ထူထပ်-အားကြီး-လွန်ကဲ-သော အမိုက်မှောင်ရှိသော၊ အမှောင်ထုရှိသော။ တိမိ(မီ)သိက-ကြည့်။	que tiene una oscuridad espesa / intensa / excesiva; que tiene una masa de oscuridad. Véase [[timisika]] (*timīsika*).	having thick / intense / excessive darkness; having a mass of darkness. See [[timisika]] (*timīsika*).	see-reference left in the Burmese, printed တိမိ(မီ)သိက with a variant; split into two forms
115170	bahalattaca	ထူတပ်သော အခွံအခေါက်ရှိသော (သစ်ပင်)။ ဗဟလတ (တ္တ) စ-ကြည့်။	que tiene una corteza gruesa (un árbol). Véase [[bahalataca]] (*bahalattaca*).	having thick bark (a tree). See [[bahalataca]] (*bahalattaca*).	see-reference left in the Burmese, printed ဗဟလတ (တ္တ) စ with a variant; split into two forms; ထူတပ် read as ထူထပ်
115180	bahalapalāpatumba	ထူထပ်-ကြမ်းတမ်း-သောစပါးဖျင်းတပြည်။	una medida (‹ပြည်›) de granza espesa / áspera.	one measure (‹ပြည်›) of thick / coarse chaff.	တပြည် = one pyi, a Burmese dry measure (tumba), kept in ‹›
115193	bahalamadhukatela	ပြစ်ချွဲသော သစ်မည်စည်ဆီ။	aceite espeso del árbol ‹မည်စည်›.	thick oil of the ‹မည်စည်› tree.	tree name မည်စည် kept; probably the madhuka tree (Madhuca longifolia), tentative
115194	bahalamadhukatelamakkhita	ပြစ်ချွဲသော သစ်မည်စည်ဆီဖြင့် လိမ်းကျံအပ်သော။	untado con aceite espeso del árbol ‹မည်စည်›.	smeared with thick oil of the ‹မည်စည်› tree.	tree name မည်စည် kept; probably the madhuka tree (Madhuca longifolia), tentative
115195	bahalamadhukatelavaṇṇa	ပြစ်ချွဲသော သစ်မည်စည်ဆီ အဆင်းရှိသော။	que tiene el color del aceite espeso del árbol ‹မည်စည်›.	having the colour of thick oil of the ‹မည်စည်› tree.	tree name မည်စည် kept; probably the madhuka tree (Madhuca longifolia), tentative
115234	bahikuṭṭa	(၁) နံရံ၏ ပြင်ဘက်၊ ပြင်ဘက်နံရံ။ (၂) နံရံမှ အပ၊ နံရံမျ ပြင်မအရပ်။	(1) el lado exterior del muro; muro exterior. (2) fuera del muro; el lugar fuera del muro.	(1) the outer side of the wall; the outer wall. (2) outside the wall; the place outside the wall.	sense (2) printed နံရံမျ ပြင်မအရပ်, read as နံရံမှ ပြင်ပအရပ် (misprints)
115235	bahikuṭṭamāna	နံရံပမှ တိုင်းတာခြင်း။ «S1»	el medir desde fuera del muro. Véase [[bāhirima]].	the measuring from outside the wall. See [[bāhirima]].	printed နံရံပမှ, read as နံရံ(ပြင်)ပမှ 'from outside the wall'
115250	bahijagati	ပြင်ပ-အကျည်-အုတ်ခုံ။ «S1»	exterior / ‹အကျည်› / plataforma de ladrillo. Véase también [[jagatī]].	outer / ‹အကျည်› / brick platform. See also [[jagatī]].	အကျည် unclear (perhaps a word for an enclosing terrace); the hyphen chain probably means 'outer enclosure / brick platform'
115251	bahijaṭā	ပြင်ပအရှုပ်အထွေး (မုချ)၊ ပြင်ပ၌ တပ်မက်တွယ်တာတတ်သော တဏှာ (ဥပစာ)။ «S1»	enredo exterior (sentido propio); *taṇhā* que suele apegarse y aferrarse a lo exterior (sentido figurado). Véanse [[antojaṭā]], [[jaṭā]].	outer tangle (literal sense); *taṇhā* apt to be attached and cling to what is outside (figurative sense). See [[antojaṭā]], [[jaṭā]].	(မုချ) and (ဥပစာ) rendered as 'literal' and 'figurative' sense
115261	bahitittha	ဆိပ်ကမ်းပြင်ဘက်၊ ဆိပ်ကမ်းပော်။	el lado exterior del embarcadero; sobre el embarcadero.	the outer side of the landing-place; on the landing-place.	second gloss printed ဆိပ်ကမ်းပော်, read as ဆိပ်ကမ်းပေါ် 'on the landing-place'
115281	bahiddhāpavesana	ပြင်ပအာရုံမဝင်ခြင်း။	el no entrar de un objeto exterior.	the non-entering of an external object.	the Burmese has the negative (မဝင်ခြင်း, not entering) though the headword (-pavesana) is positive; possibly an error or a context-bound gloss
115283	bahiddhābandhana	(၁) ပြင်ပအနှောင်အဖွဲ့။ (တိ) (၂) ပြင်ပအနှောင်အဖွဲ့ရှိသော၊ သူ။ ဗဟိဒ္ဓါသံယောဇန (တိ)-(၂)-ကြည့်။	(1) atadura exterior. (adjetivo) (2) que tiene ataduras exteriores (dicho de una persona). Véase [[bahiddhāsaṁyojana]] (adjetivo) (2).	(1) an external fetter. (adjective) (2) having external fetters (said of a person). See [[bahiddhāsaṁyojana]] (adjective) (2).	see-reference left in the Burmese, with a label and sense number
115285	bahiddhābhāva	(က) ဗဟိဒ္ဓအာရုံမဟုတ်ခြင်း။ (ခ) ဗဟိဒ္ဓကို အာရုံမပြုခြင်း။	(a) el no ser un objeto *bahiddha*. (b) el no tomar lo *bahiddha* como objeto.	(a) the not being a *bahiddha* object. (b) the not taking the *bahiddha* as object.	the Burmese glosses a negative (a-bhāva) under the headword bahiddhābhāva; presumably bahiddhā-abhāva
115287	bahiddhābhinivesa	ပြင်ပ-ဗဟိဒ္ဓ-သန္တာန်၌-နှလုံးသွင်းခြင်း-ကျင့်ခြင်း-ရှိသော၊ ဗဟိဒ္ဓအာရုံကို နှလုံးသွင်းခြင်းရှိသော (ဝိပဿနာပညာ)။ «S1»	que tiene, en el *santāna* exterior / *bahiddha*, el aplicar la atención / el practicar; que tiene el aplicar la atención a un objeto *bahiddha* (*vipassanāpaññā*). Véase también [[ajjhattābhinivesa]].	having, in the external / *bahiddha* *santāna*, attention / practice; having attention to a *bahiddha* object (*vipassanāpaññā*). See also [[ajjhattābhinivesa]].	hyphen chain ambiguous: read as (external / bahiddha) continuum, and (attention / practice)
115300	bahiddhāsaṁyojana	(၁) ပြင်ပ-ရူပအရူပဘုံ၌-နှောင်ဖွဲ့တတ်သောတရား၊ ပြင်ပအနှောင်အဖွဲ့ (ဥဒ္ဓမ္ဘာ-ဂိယသံယောဇဉ် ၅-ပါး)။ (တိ) (၂) ပြင်ပအနှောင်အဖွဲ့ရှိသော၊ သူ။	(1) estado que suele atar a lo exterior / a los *bhūmi* *rūpa* y *arūpa*; atadura exterior (los 5 *uddhambhāgiyasaṁyojana*). (adjetivo) (2) que tiene ataduras exteriores (dicho de una persona).	(1) a state apt to bind to the external / to the *rūpa* and *arūpa* *bhūmi*; an external fetter (the 5 *uddhambhāgiyasaṁyojana*). (adjective) (2) having external fetters (said of a person).	printed ဥဒ္ဓမ္ဘာ-ဂိယသံယောဇဉ်: the hyphen read as a line-break, not an alternative
115320	bahinikkhantadanta	(၁) ပြင်ပသို့ထွက်သောသွား။ အောက်ပုဒ်ကြည့်။ (တိ) (၂) ပြင်ပသို့ထွက်သော သွားရှိသော၊ သွားခေါသော၊ သူ။ «S1»	(1) diente que sale hacia fuera. Véase la entrada siguiente. (adjetivo) (2) que tiene dientes que salen hacia fuera; de dientes salidos (dicho de una persona). Véase [[asudanta]].	(1) a tooth sticking out. See the following headword. (adjective) (2) having teeth that stick out; buck-toothed (said of a person). See [[asudanta]].	'see the following headword' (အောက်ပုဒ်ကြည့်) left in the Burmese
115322	bahinikkhantavāta	ပြင်ပသို့ ထွက်လောလေ၊ ထွက်သက်လေ။	aire que sale hacia fuera; aire espirado.	air going out; out-breath.	printed ထွက်လောလေ, read as ထွက်သောလေ
115332	bahinidhi	ပြင်ဘက်ရွှေအိုး၊ တံခါးခုံ၊ ပြင်ဘက်၌ မြှူပ်ထားသော ရွှေအိုး။ «S1»	olla de oro exterior; umbral; olla de oro enterrada fuera. Véase [[bahiummāra]].	an outer pot of gold; threshold; a pot of gold buried outside. See [[bahiummāra]].	'threshold' (တံခါးခုံ) sits oddly among the gold-pot glosses; possibly misplaced
115384	bahisamāpannaparissamadosa	ပြင်ပမှရောက်လာခါစ ပင်ပန်းမှုအဖြစ်ဒေါသ၊ ပြင်ပမှ ဝင်လာခါစ ပင်ပန်းမှုအပြစ်ဒေါသ။	el defecto que consiste en el cansancio de quien acaba de llegar de fuera; el defecto / falta del cansancio de quien acaba de entrar de fuera.	the fault consisting in the fatigue of one just arrived from outside; the fault / defect of the fatigue of one just come in from outside.	ဒေါသ here read as dosa 'fault' (paired with အပြစ်), not hatred
115387	bahisayita	ပြင်ပ၌-ရူပအရူပဘုံ၌-ကိန်း-အပ်-သော၊ သူ။	que yace latente fuera / en los *bhūmi* *rūpa* y *arūpa* (dicho de una persona).	lying latent outside / in the *rūpa* and *arūpa* *bhūmi* (said of a person).	hyphenation ကိန်း-အပ်-သော odd; read as one verb 'lying latent'
115401	bahu	(၁) များစွာသော။ (၂) ကြီးလေးသော။ (၃) ထူထပ်သော။ (၄) ကြာမြင့်သော။ (ကြိ၊ဝိ) များစွာ၊ အကြိမ်များစွာ၊ အဆက်မပြတ်။	(1) numeroso. (2) grave. (3) espeso. (4) prolongado. (calificativo verbal) mucho; muchas veces; sin interrupción.	(1) many. (2) grave. (3) thick. (4) long-lasting. (verbal qualifier) much; many times; without interruption.	(ကြိ၊ဝိ) read as kiriyāvisesana 'adverb'
115406	bahuattha	(၁) အများဟူသော။ အောက်ပုဒ်-ကြည့်။ (တိ) (၂) အများဟူသော ရှိသော၊ အများကိုဟောသော။	(1) que es 'muchos'. Véase la entrada siguiente. (adjetivo) (2) que tiene (el significado) 'muchos'; que expresa 'muchos'.	(1) that is 'many'. See the following headword. (adjective) (2) having (the meaning) 'many'; expressing 'many'.	sense (1) looks truncated (noun omitted after အများဟူသော, probably 'meaning'); 'see the following headword' left in the Burmese; အများ may mean grammatical plural
115407	bahuatthavācaka	အများအနက်ကို ဟောတတ်သော။	que suele expresar el significado 'muchos'.	apt to express the meaning 'many'.	အများအနက် may mean 'plural meaning' (grammar)
115422	bahuka	များစွာ-များပြား-သော၊ သူ။ (ကြိ၊ဝိ) များစွာ။	mucho / abundante (dicho de una persona). (calificativo verbal) mucho.	many / abundant (said of a person). (verbal qualifier) much.	(ကြိ၊ဝိ) read as kiriyāvisesana 'adverb'
115428	bahukappa	များစွာကြံစီကြောင်းဖြစ်သော (ကျမ်း)။	que es causa de mucha reflexión (un tratado).	being a cause of much reflection (a treatise).	ကြံစီ read as ကြံစည် 'to reflect, plan'
115441	bahukāla	များစွာသော ကာလ၊ (ကြိ၊ဝိ) အချိန်များစွာ။	mucho tiempo; (calificativo verbal) durante mucho tiempo.	a long time; (verbal qualifier) for a long time.	(ကြိ၊ဝိ) read as kiriyāvisesana 'adverb'
115444	bahukuṭajasallakika	များစွာသော လက်ထုပ်,နပဲပင်တို့နှင့် ပြည့်စုံသော။	lleno de muchas plantas ‹လက်ထုပ်› y ‹နပဲ›.	full of many ‹လက်ထုပ်› and ‹နပဲ› plants.	plant names kept: လက်ထုပ် (kuṭaja, perhaps Holarrhena) and နပဲပင် (sallakī, perhaps Boswellia); tentative
115452	bahugandhamāla	များစွာသော နံ့သာပန်း။	muchos perfumes y flores.	many perfumes and flowers.	နံ့သာပန်း read as 'perfume and flowers' (gandha-māla); could be 'fragrant flowers'
115486	bahujanamanāpa	များစွာသော လူတို့၏ စိတ်နှလုံးကို ပွါးစေတတ်သော၊ သူ။ «S1»	que suele hacer crecer el ánimo de mucha gente (dicho de una persona). Véase también [[bahujanakanta]].	apt to make the hearts of many people grow (said of a person). See also [[bahujanakanta]].	ပွါးစေ 'make grow' is odd for manāpa 'pleasing'; perhaps a misprint for a word meaning 'gladden'
115508	bahutara	အလွန်များသော။ (ကြိ၊ဝိ) အလွန်များစွာ။	muy numeroso. (calificativo verbal) muchísimo.	very many. (verbal qualifier) very much.	(ကြိ၊ဝိ) read as kiriyāvisesana 'adverb'
115514	bahutādisa	များသော အကြောင်းတို့ဖြင့်-ထိုကဲ့သို့-အလားတူ-ရှုအပ်သော။	que ha de ser considerado de ese modo / semejante por muchas razones.	to be regarded thus / alike for many reasons.	hyphen chain unclear; read as 'by many reasons, thus / alike, to be regarded'
115520	bahuttaso	(ဇာ၊ ၁။ ၁၈၇။ ဇာ၊ ဋ္ဌ၊ ၃။ ၄၆၁) သည် ဗဟုဓာသော ဟူသော ပုဒ်မှ ပြောင်းလွဲလာသောပုဒ်ဖြစ်သည်။	es una palabra alterada a partir de la palabra *bahudhāso*.	is a word altered from the word *bahudhāso*.	citations (ဇာ၊ ၁။ ၁၈၇။ ဇာ၊ ဋ္ဌ၊ ၃။ ၄၆၁) dropped; the definition is a note on the word form
115555	bahunikkhanta	(၁) များစွာထွက်ပော်လာသော။ (၂) ကြာမြင့်သော ကာလကထွက်သွားသော၊ သူ။	(1) que ha salido en abundancia. (2) que partió hace mucho tiempo (dicho de una persona).	(1) having come forth in abundance. (2) having left a long time ago (said of a person).	ထွက်ပော် read as ထွက်ပေါ် 'come forth'
115558	bahunibbāna	များသောနိဗ္ဗာန်ရှိသော။	que tiene mucho Nibbāna.	having much Nibbāna.	odd gloss; nibbāna here may mean 'cooling, extinguishing' rather than the goal
115564	bahupaccaya	များစွာသော ပစ္စည်း။	muchos *paccaya*.	many *paccaya*.	ပစ္စည်း can mean requisites or conditions; kept as paccaya
115565	bahupaccayasamāyoga	များစွာသော ပစ္စည်းတို့၏ တစ်ပေါင်းတည်းယှဉ်ခြင်း။	el unirse en uno solo de muchos *paccaya*.	the joining together into one of many *paccaya*.	ပစ္စည်း can mean requisites or conditions; kept as paccaya (probably conditions here)
115575	bahupadumavicitrapuṇḍarīka	များစွာသောကြောနီ,ဆန်းကြယ်သော အဆင်းရှိသော ကြာဖြူရှိသော (ဗိမာန်)။	que tiene muchos lotos rojos y lotos blancos de color vistoso (un *vimāna*).	having many red lotuses and white lotuses of variegated colour (a *vimāna*).	ကြောနီ read as ကြာနီ 'red lotus'
115592	bahupāyāsa	များစွာသော နို့ဃနာ။	mucho arroz con leche.	much milk-rice.	နို့ဃနာ read as milk-rice (pāyāsa)
115595	bahupāroha	များသော မြစ်ပျဉ်းရှိသော။ «S1»	que tiene muchas raíces aéreas. Véase [[bahuputta]] (2).	having many aerial roots. See [[bahuputta]] (2).	မြစ်ပျဉ်း read as the aerial (prop) roots of a banyan-type tree
115596	bahupuñña	များသောကုသိုလ်ကောင်းမှု။	mucho mérito, buena acción.	much merit, good deed.	ကုသိုလ်ကောင်းမှု taken in the merit sense (puñña)
115603	bahuputtacetiya	(သာရတ္ထ၊၃။ ၄၅၀) သည် ဗဧုပုတ္တံ စေတိယံ (ဒီ၊၂။ ၈၂)မှ ပြောင်းလာသော ပုဒ်ဖြစ်သည်။	es una palabra que ha pasado desde *baeuputtaṁ cetiyaṁ*.	it is a word that has passed over from *baeuputtaṁ cetiyaṁ*.	a note, not a gloss: the headword (at Sāratthappakāsinī 3.450) derives from the phrase at Dīgha 2.82; citations dropped; ဗဧု is a misprint for ဗဟု, copied as printed
115605	bahuputtanigrodhamūla	ဗဟုပုတ္ထမည်သော ပညောင်ပင်၏အနီး။	la cercanía del baniano llamado *bahuputtha*.	the vicinity of the banyan tree named *bahuputtha*.	ဗဟုပုတ္ထ is a misprint for ဗဟုပုတ္တ, copied as printed
115624	bahubbīhisamāsa	ဗဟုဗ္ဗီဟိသမာသ်။	*bahubbīhisamāsa*.	*bahubbīhisamāsa*.	the definition is only the grammatical term, in Burmese loan form
115625	bahubuddhi	များစွာသော မာယာဉာဏ်ရှိသော၊ များစွာသော စိတ်ပညာရှိသော၊ သူ။	que tiene mucho ingenio astuto; que tiene mucha inteligencia (dicho de una persona).	having much crafty wit; having much intelligence (said of a person).	မာယာဉာဏ် (crafty wit) and စိတ်ပညာ (intelligence) translated as ordinary words
115629	bahubhaṇana	များစွာစကားပြောခြင်း၊ စကားများခြင်း။ «S1»	el hablar mucho; el ser de muchas palabras. Véase [[bahubhāṇa]].	speaking much; being of many words. See [[bahubhāṇa]].	စကားများ can also mean 'to quarrel'; taken here as 'wordy'
115633	bahubhaṇḍika	များသော-ဥစ္စာ-အသုံးအဆာင်-ရှိသော၊ သူ။	que tiene muchos bienes / enseres (dicho de una persona).	having much wealth / many belongings (said of a person).	အသုံးအဆာင် read as အသုံးအဆောင် (misprint)
115639	bahubhāṇa	များစွာစကားပြောခြင်း၊ စကားများခြင်း။	el hablar mucho; el ser de muchas palabras.	speaking much; being of many words.	စကားများ can also mean 'to quarrel'; taken here as 'wordy'
115641	bahubhāṇijātaka	ဗဟုဘာဏီဇာတ်။	el *bahubhāṇījātaka*.	the *bahubhāṇījātaka*.	a jātaka title only, in Burmese loan form (ဇာတ်)
115662	bahumacchera	များသော ငါးအမဲ။	mucho pescado y carne.	much fish and meat.	the gloss repeats the previous headword's (bahumacchamaṁsa); for macchera (avarice) it looks misplaced
115665	bahumaddarājakula	များစွာသော မဒ္ဒရာဇ်မင်းမျိုး။	muchos linajes reales *maddarāja*.	many royal lineages of the *maddarāja*.	မဒ္ဒရာဇ် (the Madda kings) romanised from its Burmese loan form
115692	bahula	(၁) ဗဟုလသဒ္ဒါ။ «S1» (တိ) (၂) များသော၊ များစွာသော။ (ကြိ၊ဝိ) များစွာ၊ အကြိမ်များစွာ။ (၃) များစွာယူတတ်သော၊ သူ။ ထောင့်ကွင်းနှင့် ဗာဟုလိက-ကြည့်ပါ။	(1) la palabra *bahula*. Véanse [[nīti]], [[sutta]]. (adjetivo) (2) mucho; numeroso. (calificativo verbal) mucho; muchas veces. (3) que suele tomar mucho (dicho de una persona). Véanse los corchetes y *bāhulika*.	(1) the word *bahula*. See [[nīti]], [[sutta]]. (adjective) (2) many; numerous. (verbal qualifier) much; many times. (3) apt to take much (said of a person). See the square brackets and *bāhulika*.	(ကြိ၊ဝိ) read as kiriyāvisesana, rendered (adverbio)/(adverb); 'see the square brackets and bāhulika' rendered literally
115693	bahulaāciṇṇa	ဗဟုလ+အာစိဏ္ဏ]	*bahula* + *āciṇṇa*.	*bahula* + *āciṇṇa*.	no definition, only the word analysis with a stray closing bracket; looks truncated
115694	bahulakilesa	များသော ကိလေသာရှိသော၊ သူ။ ဗဟလကိလေသ(တိ)- (၂)-ကြည့်။	que tiene muchas *kilesa* (dicho de una persona). Véase [[bahalakilesa]] (adjetivo) (2).	having many *kilesa* (said of a person). See [[bahalakilesa]] (adjective) (2).	'see X' left in the Burmese; ဗဟလ is a misprint for ဗဟုလ, copied as printed
115696	bahulagārava	များစွာရိုသေခြင်းရှိသော၊ သူ။ အတိဗ္ဗဂါရဝ,တိဗ္ဗဂါရဝတို့-ကြည့်။	que tiene mucho respeto (dicho de una persona). Véanse [[atibbagārava]], [[tibbagārava]].	having much respect (said of a person). See [[atibbagārava]], [[tibbagārava]].	'see X, Y' left in the Burmese
115702	bahulavācī	အများကို ဟောသော။ ကေဝလကပ္ပ-(၄,၅)-ကြည့်။	que expresa la pluralidad. Véase [[kevalakappa]] (4, 5).	expressing the plural. See [[kevalakappa]] (4, 5).	'see X' with sense numbers left in the Burmese
115713	bahulisāmañña	အကြိမ်များစွာ-ဆက်ဆံ-တူညီ-ဖြစ်-ခြင်း။	el relacionarse / ser igual / darse muchas veces.	being associated / alike / occurring many times.	hyphen chain အကြိမ်များစွာ-ဆက်ဆံ-တူညီ-ဖြစ်-ခြင်း is awkward; order of alternatives kept, reading uncertain
115726	bahulīkārasambhava	အကြိမ်များစွာ ပြုလုပ်မှု၏ ဖြစ်သင့်ခြင်း။	el ser probable el hacer muchas veces.	the likelihood of doing many times.	ဖြစ်သင့်ခြင်း (sambhava) rendered 'likelihood'; could also be 'fittingness'
115730	bahulomapāṇaka	များသော အမွေးရှိသောပိုး။	bicho que tiene mucho vello.	a creature having much hair.	ပိုး: insect, grub or worm
115735	bahuvacanabhummattha	ဗဟုဝုစ်သတ္တမီဝိဘက်အနက်။	el sentido de la *vibhatti* *sattamī* del *bahuvacana*.	the meaning of the *sattamī* *vibhatti* of the *bahuvacana*.	ဝိဘက် read as ဝိဘတ် (misprint)
115737	bahuvaṭṭalekhā	များစွာသော လုံးသောအရေး၊ များစွာသော အလုံးအပျောက်ကလေး။	muchos trazos redondos; muchas manchitas redondas.	many round strokes; many little round spots.	အလုံးအပျောက်ကလေး read as အလုံးအပြောက် (round spots); uncertain
115738	bahuvaṭṭisamodhāna	များစွာသော ရွက်လိပ်တို့၏ အစုအပေါင်း။ «S1»	el conjunto de muchos rollos de hojas. Véase también [[bahupattavaṭṭisamodhāna]].	the collection of many rolls of leaves. See also [[bahupattavaṭṭisamodhāna]].	ရွက်လိပ် (rolled leaves) for vaṭṭi; sense uncertain
115741	bahuvāra	များစွာသော အကြိမ်၊ (ကြိ၊ဝိ) အကြိမ်များစွာ။	muchas ocasiones; (calificativo verbal) muchas veces.	many occasions; (verbal qualifier) many times.	(ကြိ၊ဝိ) read as kiriyāvisesana, rendered (adverbio)/(adverb)
115756	bahuvidharūpa	များသောအပြားရှိသော-အမျိုးမျိုးသော-ရုပ်။	*rūpa* que tiene muchas clases / diverso.	*rūpa* having many kinds / various.	ရုပ် could here mean 'form, figure' rather than matter
115764	bahuvisaya	များသောအရာရှိသော။	que tiene muchos ámbitos.	having many spheres.	အရာ (thing, sphere) for visaya; 'ámbitos' is a choice
115768	bahuvedanīya	များသော အကျိုးရှိသော၊ များသောခန္ဓာရှိသော ဘဝ၌ ခံစားအပ်သော အကျိုးရှိသော။ (သမာန)။ များစွာသော ကာလပတ်လုံးခံစားအပ်သော အကျိုးရှိသော။	que tiene mucho resultado; que tiene un resultado que se experimenta en una existencia que tiene muchos *khandha*. Que tiene un resultado que se experimenta durante mucho tiempo.	having much result; having a result to be experienced in an existence that has many *khandha*. Having a result to be experienced for a long time.	the tag (သမာန) between the readings dropped as a source tag; unexplained
115769	bahuvedanīya	များစွာသော ဝေဒနာရှိသော၊ များစွာသော ဝေဒနာကိုဟောသော။ အောက်ပုဒ်ကြည့်။	que tiene muchas *vedanā*; que expone muchas *vedanā*. Véase la entrada siguiente.	having many *vedanā*; teaching many *vedanā*. See the following headword.	'see the headword below' (အောက်ပုဒ်ကြည့်) left in the Burmese
115773	bahuvelā	များစွာသောအချိန်ကာလ။ (ကြိ၊ဝိ) အချိန်ကြာမြင့်စွာ။	mucho tiempo. (calificativo verbal) durante largo tiempo.	much time. (verbal qualifier) for a long time.	(ကြိ၊ဝိ) read as kiriyāvisesana, rendered (adverbio)/(adverb)
115788	bahusappi	များစွာသော ထောပတ်ရှိသော။	que tiene mucha mantequilla.	having much butter.	ထောပတ်: butter or ghee
115791	bahusammataojavanta	များစွာသော သူတို့သည် သမုတ်အပ်သော ဩဇာမာတ်ရှိသော။	que tiene *ojā* reconocida por mucha gente.	having *ojā* acknowledged by many people.	ဩဇာမာတ် unclear (မာတ်); read as ojā, 'nutritive essence / potency'
115799	bahusita	များစွာသော သုတ်ကိုမှီသော။	que se apoya en muchos suttas.	relying on many suttas.	reads 'relying on many suttas'; the fit with the headword (bahusita) is doubtful
115808	bahussutaka	များသော အကြားအမြင်ရှိသူကလေး၊ ဗဧုဿုတရှင်ကလေး။	pequeña persona que tiene mucha erudición; pequeño poseedor de *baeussuta*.	a little person having much learning; a little possessor of *baeussuta*.	ကလေး (diminutive) kept as 'little'; ဗဧု is a misprint for ဗဟု, copied as printed
115823	bahussutika	ဗဟုဿုတိကဂိုဏ်း၊ ဗဟုဿုတိကဝါဒ၊ ဗဧုဿုတိကဆရာ့အနွယ်။ «S1»	la escuela *bahussutika*; la doctrina *bahussutika*; el linaje de los maestros *baeussutika*. Véanse también [[kassapika]], [[gokulika]].	the *bahussutika* school; the *bahussutika* doctrine; the lineage of the *baeussutika* teachers. See also [[kassapika]], [[gokulika]].	ဗဧု in the third name is a misprint for ဗဟု, copied as printed
115827	bahūtaso	များစွာရှိသော။	que existe en abundancia.	existing in abundance.	the gloss is adjectival; the headword (bahūtaso) looks adverbial
115846	bal̤isa	(က) ငါးမျှားချိပ် (မုချ)။ (ခ) ငါးမျှားချိပ်နှင့် တူသော ကာမဂုဏ် (ဥပစာ)။	(a) anzuelo (sentido propio). (b) *kāmaguṇa* semejante a un anzuelo (sentido figurado).	(a) fish-hook (literal sense). (b) *kāmaguṇa* like a fish-hook (figurative sense).	(မုချ) and (ဥပစာ) read as mukhya (literal) and upacāra (figurative)
115856	bākkula	(ဝိသုဒ္ဓိ၊၂။ ၇) သည် ဗာကုလမှ ပြောင်းလာသောပုဒ်ဖြစ်သည်။	es una palabra que ha pasado desde *bākula*.	it is a word that has passed over from *bākula*.	a note, not a gloss: the headword (at Visuddhimagga 2.7) derives from bākula; citation dropped
115864	bāttiṁsamahāpurisalakkhaṇa	သုံးဆယ့်နှစ်ပါးသော ယောက်ကျားမြတ် လက္ခဏာတော်။ (၁) မြေ၌နင်းသောအခါ ကောင်းစွာတည် ထိသော ညီညွတ်သည့် ဖဝါးတော်အပြင် ရှိခြင်း။ (၂) နှစ်ဖက်သော ခြေဖဝါးတော် အပြင်တို့၌ တစ်ထောင်သော အကန့်အကွက် ပုံတောင်း အချက်နှင့်တကွ ခပ်သိမ်းသော အခြင်းအရာတို့နှင့် ပြည့်စုံသော တစ်ရာ့ရှစ်ကွက် စက်အင်္ဂါ အမှတ်အသားရှိခြင်း။ (၃) ရှည်လျားသော ဖနောင့်တော် ရှိခြင်း။ (၄) ရှည်သွယ်သော ခြေချောင်းတော်,လက်ချောင်းတော်ရှိခြင်း။ (၅) နူးညံ့သိမ်မွေ့လှစွာသော လက်ဖဝါးတော် ခြေဖဝါးတော်အပြင်ရှိခြင်း။ (၆) လေသွန်နန်းတံခါး၌ စိုက်စီ၍ ထားအပ်သော ရွှေပွတ်လုံး (ဇာလီ) တိုင်ကဲ့သို့ ညီညွတ်စွာ အချောင်းအချောင်း အကြားစိပ်သော လက်ချောင်းတော်,ခြေချောင်းတော်ရှိခြင်း။ (၇) မြူမလိမ်တွယ် စဉ်းငယ်မြင့်သော ခြေဖမျက်တော်ရှိခြင်း။ (ဂ) ဧဏီမည်သော သားကောင်၏ သလုံးမြင်းခေါင်းနှင့်တူသော သလုံးမြင်းခေါင်းတော်ရှိခြင်း။ (၉) ရပ်တော်မူလျက်ပင် ကိုယ်တော်ကို မကိုင်းညွတ်ပဲလက်ဖဝါးတော်နှစ်ဖက်ဖြင့် ပုဆစ်ဒူးဝန်းတော်နှစ်ဖက်ကို သုံးသပ် ထိတွေ့နိုင်ခြင်း။ (၁၀) ဆဒ္ဒန်ဆင်မင်းပမာ အအိမ်ဖြင့် ဖုံးလွှမ်းအပ်သော ယောက်ကျားနိမိတ်ရှိတော်မူခြင်း။ (၁၁) သိင်္ဂီနိက် ရွှေစင်အဆင်းကဲ့သို့ ဝါဝင်းသော အရေတော်ရှိခြင်း။ (၁၂) သိမ်မွေ့သော အရေတော်ရှိခြင်း။ (ဤလက္ခဏာတော်ကြောင့် မြူအညစ်အကြေးတို့မလိမ်းကပ်နိုင်)။ (၁၃) မွေးညှင်းတွင်း တတွင်းတတွင်းလျှင် မွေးညှင်းတော် တပင်စီ တပင်စီသာ ပေါက်ရောက်ခြင်း။ (၁၄) မျက်နှာတော်ကို မော်၍ ဖူးသည့်ပမာ အထက်သို့သာ အဖျားကော့သည့် မွေးညှင်းတော်ရှိခြင်း။ (၁၅) ဗြဟ္မာမင်း၏ ကိုယ်ကဲ့သို့ ဖြောင့်မတ်သော ကိုယ်တော်ရှိခြင်း။ (၁၆) ခြေဖမိုးတော်နှစ်ဖက်,လက်ဖမိုးတော်နှစ်ဖက်,ပခုံးတော်နှစ်ဖက်,လည်ကုပ်တော်ဟု ဆိုအပ်သော ဤခုနစ်ဌာနတို့၌ ပြည့်ဖြိုးသော အသားတော်ရှိခြင်း။ (၁၇) ခြင်္သေ့မင်း၏ ရှေ့ပိုင်းကိုယ်ကဲ့သို့ အောင်မောင်း ပြည့်ဝသည့် ကိုယ်တော်ရှိခြင်း။ (၁၈) ရွှေပျဉ်ချပ်ပမာ ခါးတော်မှစ၍ အထက် လည်ကုပ်တော် တိုင်အောင် ရေစီးကြောင်း (အကြား) မထင် ပြည့်ဖြိုးစင်သော ကျောက်ကုန်းတော် ရှိခြင်း။ (၁၉) အရပ်တော်နှင့် အလံတော်ညီမျှ သဖြင့် ပညောင်ပင် အဝန်းကဲ့သို့ ဝန်းသော (လုံးချောသော) ကိုယ်တော်ရှိခြင်း။ (၂၀) ညီလည်း ညီညွတ်လုံးလည်း လုံးသော လည်တိုင်တော်ရှိခြင်း။ (၂၁) နှမ်းလုံးခန့်မျှ နည်းလှငယ်လှသော အရသာကိုသော်လည်း တစ်ကိုယ်တော်လုံးပျံ့နှံ့အောင် ဆောင်နိုင်သည့် ခုနစ်ထောင်သော အရသာကြောတို့ အဖျားချင်းအပ်လည်မှာ စွပ်လျက် ရှိခြင်း။ (၂၂) ခြင်္သေ့မင်း၏ မေးကဲ့သို့ (ပြုံးတော့မည့်အရိပ်သွေးနေသည့်) မေးတော်ရှိခြင်း။ (၂၃) သွားတော်ချောင်းရေ လေးဆယ် အစေ့ အငရှိတော်မူခြင်း။ (၂၄) ညီညွတ်သော သွားတော်ရှိခြင်း။ (၂၅) သွားတော်မကျဲမကွာ စေ့စပ်စွာရှိခြင်း။ (၂၆) သောက်ရှူးကြယ်ပမာလွန်စွာ စင်ကြယ် ဖြူဝင်းသော အရောင် တလက်လက် ထွက်သည့် စွယ်တော်လေးဆူရှိခြင်း။ (၂၇) ရှည်လျား,နူးညံ့,ပြန့်သောလျှာတော်ရှိခြင်း။ (၂၈) ဗြဟ္မာမင်း၏ အသံကဲ့သို့ အင်္ဂါရှစ်ပါးနှင့် ပြည့်စုံသည့် အသံတော်ရှိခြင်း။ (၂၉) အလွန်ညိုကြည်သည့် မျက်လုံးတော်ရှိခြင်း။ (၃၀) ဖွားသစ်စ နွားသူငယ်၏ မျက်မွေးကဲ့သို့ အလွန်နူးညံ့နုပျိုသည့် မျက်မွေးတော်ရှိခြင်း။ (၃၁) မျက်မှောင် (မျက်ခုံး) တော်နှစ်ဖက် အလယ်ချက်၌ ဥဏ္ဏလုံ=မွေးရှင်တော် ပေါက်ရောက်ခြင်း။ (၃၂) နဖူးတော်ဝယ် ပကတိ ပင်ကိုယ်အားဖြင့်ပင်သင်းကျစ်ရွှေပြား တပ်စီ၍ ထားသကဲ့သို့သင်းကျစ်အသားလွှာ ပါရှိခြင်း။ သုတ်မဟာဝါ မြန်မာပြန်၊ မဇ္ဈိမပဏ္ဏာသနိသျ-တို့၌ကြည့်ပါ။	las treinta y dos marcas del hombre excelso. (1) el tener plantas de los pies de superficie pareja, que al pisar el suelo se asientan bien y lo tocan. (2) el tener, en la superficie de ambas plantas de los pies, la marca de la rueda de ciento ocho casillas, con mil compartimentos, llanta y cubo, completa en todos sus aspectos. (3) el tener talones largos. (4) el tener dedos de los pies, dedos de las manos, largos y delgados. (5) el tener la superficie de las palmas de las manos y de las plantas de los pies suave y muy delicada. (6) el tener dedos de las manos, dedos de los pies, parejos y sin intersticios entre uno y otro, como los barrotes de oro torneados (celosía) colocados en fila en una ventana de palacio. (7) el tener tobillos algo elevados, a los que no se adhiere el polvo. (8) el tener pantorrillas semejantes a las pantorrillas del animal llamado *eṇī*. (9) el poder, estando de pie, sin inclinar el cuerpo, tocar y frotar con las palmas de ambas manos ambas rodillas. (10) el tener el órgano viril cubierto por una vaina, como el rey elefante *chaddanta*. (11) el tener una piel dorada y brillante como el color del oro puro *siṅgīnikkha*. (12) el tener una piel fina. (Por esta marca, el polvo y la suciedad no pueden adherirse). (13) el que en cada poro brote un solo vello, uno por uno. (14) el tener vellos cuyas puntas se curvan solo hacia arriba, como quien alza el rostro para contemplar. (15) el tener un cuerpo recto como el cuerpo del rey *brahmā*. (16) el tener carne plena en estos siete lugares, llamados los dos empeines, los dos dorsos de las manos, los dos hombros y la nuca. (17) el tener un cuerpo majestuoso y pleno como la parte delantera del cuerpo del rey león. (18) el tener una espalda plena y lisa, sin que se vea surco (hendidura) desde la cintura hasta la nuca, como una plancha de oro. (19) el tener un cuerpo redondo (bien torneado) como el contorno de un baniano, por ser iguales la estatura y la braza. (20) el tener un cuello tan parejo como redondo. (21) el tener los siete mil nervios del gusto, capaces de difundir por todo el cuerpo incluso un sabor tan pequeño como un grano de sésamo, unidos por sus puntas en la garganta. (22) el tener un mentón como el mentón del rey león (con el aire de estar a punto de sonreír). (23) el tener cuarenta dientes completos. (24) el tener dientes parejos. (25) el tener los dientes sin separaciones, bien juntos. (26) el tener cuatro colmillos que despiden un brillo resplandeciente, sumamente puro y blanco, como el lucero del alba. (27) el tener una lengua larga, suave, ancha. (28) el tener una voz dotada de ocho factores, como la voz del rey *brahmā*. (29) el tener ojos muy oscuros y claros. (30) el tener pestañas muy suaves y tiernas como las pestañas de un ternero recién nacido. (31) el que brote la *uṇṇā* = el vello sagrado en el punto medio entre las dos cejas (cejas). (32) el tener en la frente, por su propia naturaleza, una capa de carne en forma de banda, como si se hubiera colocado una banda de lámina de oro. Véanse la traducción birmana del *suttamahāvagga* y el *nissaya* del *majjhimapaṇṇāsa*.	the thirty-two marks of the excellent man. (1) having soles of even surface that, when treading the ground, rest well and touch it. (2) having, on the surfaces of both soles, the marks of a wheel of one hundred and eight sections, with a thousand compartments, rim and hub, complete in all its aspects. (3) having long heels. (4) having long, slender toes, fingers. (5) having the surface of the palms and soles soft and very delicate. (6) having fingers, toes even and without gaps between one and the next, like the turned golden rods (lattice) set in a row in a palace window. (7) having ankles set a little high, to which dust does not cling. (8) having calves like the calves of the animal named *eṇī*. (9) being able, while standing, without bending the body, to touch and stroke both knees with both palms. (10) having the male organ covered by a sheath, like the elephant king *chaddanta*. (11) having golden, shining skin like the colour of pure *siṅgīnikkha* gold. (12) having fine skin. (Because of this mark, dust and dirt cannot cling to it). (13) a single hair growing from each pore, one by one. (14) having body hairs whose tips curl only upwards, like one who lifts the face to gaze. (15) having a body as straight as the body of the *brahmā* king. (16) having full flesh in these seven places, called the two insteps, the two backs of the hands, the two shoulders and the nape. (17) having a body majestic and full like the front part of the body of the lion king. (18) having a back full and smooth, with no groove (furrow) visible from the waist up to the nape, like a plate of gold. (19) having a body round (well turned) like the circumference of a banyan tree, height and arm-span being equal. (20) having a neck both even and round. (21) having the seven thousand taste-nerves, able to spread through the whole body a taste even as small as a sesame seed, joined at their tips in the throat. (22) having a chin like the chin of the lion king (with the air of being about to smile). (23) having forty teeth complete. (24) having even teeth. (25) having the teeth without gaps, set close together. (26) having four eye-teeth that give off a shining radiance, exceedingly pure and white, like the morning star. (27) having a tongue long, soft, broad. (28) having a voice endowed with eight factors, like the voice of the *brahmā* king. (29) having very dark and clear eyes. (30) having eyelashes very soft and tender like the eyelashes of a newborn calf. (31) the *uṇṇā* = the sacred hair growing at the midpoint between the two brows (eyebrows). (32) having on the forehead, by its own nature, a layer of flesh in the form of a band, as if a band of gold plate had been set there. See the Burmese translation of the *suttamahāvagga* and the *nissaya* of the *majjhimapaṇṇāsa*.	(ဂ) before mark 8 read as (၈) (misprint); in (2) ပုံတောင်း / အချက် taken as rim / hub, uncertain; in (31) ဥဏ္ဏလုံ romanised as uṇṇā; in (32) သင်းကျစ် taken as 'band', uncertain; closing 'see' reference (Suttamahāvā Burmese translation, Majjhimapaṇṇāsa nissaya) rendered literally
115874	bāttiṁsākāra	သုံးဆယ့်နှစ်ပါးသော အကြောင်း။	los treinta y dos aspectos.	the thirty-two aspects.	အကြောင်း (usually 'cause, account') rendered 'aspects' for ākāra (the thirty-two parts of the body)
115880	bādhakattaniyāma	နှိပ်စက်တတ်သည်၏အဖြစ်၏-နှိပ်စက်တတ်သည်၏ အဖြစ်၏-နှိပ်စက်တတ်သည်၏အဖြစ်၌-မြဲခြင်း၊ အမြဲနှိပ်စက်ခြင်း။	el ser constante en el hecho de soler oprimir; el oprimir siempre.	being constant in the state of being apt to oppress; oppressing always.	the hyphen chain repeats နှိပ်စက်တတ်သည်၏အဖြစ် three times (garbled); rendered once
115885	bādhati	(၁) ညှဉ်းဆဲ-နှိပ်စက်-၏။ (၂) တားမြစ်၏။ (၃) ညောင်းညာ၏။	(1) atormenta / oprime. (2) impide. (3) se entumece.	(1) torments / oppresses. (2) prevents. (3) aches.	(3) ညောင်းညာ: to ache, be stiff or weary
115898	bādhayāmi	သတ်၏။ «S1»	mato. Véase [[bādheti]] (1).	I kill. See [[bādheti]] (1).	rendered in the 1st person to match the headword (-mi); the Burmese does not mark person
115903	bādhayissāmi	ဖွဲ့-ဖမ်း-အံ့။ «S1»	ataré / capturaré. Véase [[bādheti]] (2).	I shall bind / catch. See [[bādheti]] (2).	rendered in the 1st person to match the headword (-ssāmi) and the future အံ့
115926	bādhemi	နှိပ်စက်၏။ «S1»	oprimo. Véase [[bādheti]] (1).	I oppress. See [[bādheti]] (1).	rendered in the 1st person to match the headword (-mi); the Burmese does not mark person
115931	bārāṇasā	ဗာရာဏသာမြစ်။ ဗာရာဏသာ နာမ နဒီ။ ပဋိသံဋ္ဌ၊၂။ ၂၁၄။	el río *bārāṇasā*. *bārāṇasā nāma nadī*.	the river *bārāṇasā*. *bārāṇasā nāma nadī*.	a quoted Pāḷi phrase copied; citation (Paṭisambhidā commentary 2.214) dropped
115968	bāla	လူမိုက်တို့၌တည်သော (ဌာနူပစာ)၊ မိုက်သည်၏အဖြစ်ကို ပြုတတ်သော။	que reside en los necios (*ṭhānūpacā*); que suele producir el hecho de ser necio.	residing in fools (*ṭhānūpacā*); apt to produce the state of being foolish.	(ဌာနူပစာ) is the grammarians' figure 'naming by place' (metonymy), kept in Pāḷi
115979	bālakī	(၁) ဗာလကရွာဟူသော နေရာဌာန	(1) que tiene como lugar la aldea *bālaka*	(1) having the village *bālaka* as its place	the definition is truncated after 'the place that is Bālaka village'
115988	bālacodaka	မလိမ္မာ-ပညာမဲ့-မကျွမ်းကျင်-မိုက်-သော စောဒကပုဂ္ဂိုလ်။ ဗာလစောဒက၏ အင်္ဂါ၄-ပါးကို ပရိဝါမြန်မာပြန်၌ ကြည့်ပါ။	persona *codaka* insensata / sin sabiduría / inhábil / necia. Véanse los 4 factores del *bālacodaka* en la traducción birmana del *parivāra*.	a *codaka* person who is unwise / without wisdom / unskilled / foolish. See the 4 factors of the *bālacodaka* in the Burmese translation of the *parivāra*.	'see' reference to the Parivāra Burmese translation rendered literally; codaka = the accuser (Vinaya)
115997	bālajanāticālinī	ငယ်ရွယ်နုပျိုသူတို့ကို-အလွန်-လှုပ်ရှား-တုန်လှုပ်-စေတတ်သော။	que suele agitar / estremecer sumamente a los jóvenes.	apt to agitate / shake the young exceedingly.	the Burmese reads bāla here as 'the young', not 'fools'
115998	bālajanāticālī	ငယ်ရွယ်နုပျိုသူတို့ကို-အလွန်-လှုပ်ရှား-တုန်လှုပ်-စေတတ်သော။ «S1»	que suele agitar / estremecer sumamente a los jóvenes. Véase [[bālajanūpasevana]].	apt to agitate / shake the young exceedingly. See [[bālajanūpasevana]].	the Burmese reads bāla here as 'the young', not 'fools'
116010	bāladhamma	လူမိုက်တို့၏တရား။	los estados de los necios.	the states of fools.	တရား rendered 'states'; could be 'the way / practice of fools'
116021	bālaparivajjana	လူမိုက်-မှ-ကို-ရှောင်ကြဉ်ခြင်း။	el apartarse de / evitar a los necios.	keeping away from / avoiding fools.	the hyphens separate case markers (မှ 'from', ကို object), not words
116029	bālappasaṁsana	လူမိုက်တို့ ချီးမွမ်းခြင်း။	el elogio de los necios.	the praise of fools.	ambiguous: praise by fools or praise of fools
116041	bālamahājanalapāpanikamāyā	လူမိုက်များကို (အထင်မှား) ပြောဆိုစေသော-မျက်လှည့်-ပဉ္စလက် (ဝိညာဏက္ခန္ဓာ)။ «S1»	que hace hablar a los necios (con una idea equivocada): ilusionismo / engaño (el *viññāṇakkhandhā*). Véase [[bālalāpinī]].	that makes fools speak (under a false impression): conjuring trick / deception (the *viññāṇakkhandhā*). See [[bālalāpinī]].	hyphen chain read as relative clause + two alternatives (မျက်လှည့်-ပဉ္စလက်); the bracket names what the māyā stands for
116069	bālasāmika	မိုက်သောလင်။	marido necio.	foolish husband.	no word-class label in the input
116073	bālasūriyarasmi	တက်သစ်စ နေရောင်ခြည်။	los rayos del sol recién salido.	the rays of the newly risen sun.	no word-class label in the input
116080	bālācariyasevana	ဆရာမိုက်ကို မှီဝဲခြင်း။	el frecuentar a un maestro necio.	associating with a foolish teacher.	no word-class label in the input
116083	bālānukampaka	သနားတတ်သော လူမိုက်။	necio que suele compadecerse.	a fool apt to feel pity.	Burmese reads 'a fool who is compassionate'; the Pāḷi (bāla + anukampaka) could also mean 'one compassionate towards fools'
116084	bālāpadāna	လူမိုက်၏ သိသာထင်ရှားသောအကြောင်း။	la señal evidente y manifiesta del necio.	the evident and manifest sign of a fool.	အကြောင်း rendered 'señal / sign' (apadāna = characteristic); literally 'cause / account'
116100	bāvaribrāhmaṇa	ဗာဝရီပုဏ္ဏား။	el brahmán *bāvarī*.	the brahmin *bāvarī*.	no word-class label in the input
116101	bāvarībrāhmaṇa	ဗာဝရီပုဏ္ဏား။	el brahmán *bāvarī*.	the brahmin *bāvarī*.	no word-class label in the input
116105	bāvarī	ဗာဝရီပုဏ္ဏား။ (ယင်း ပုဏ္ဏားနှင့် ပတ်သက်သော မှတ်သားဘွယ် များကို သုတ္တံန။ ၄၂၉-၄၇၃၃။ သုတ္တန၊ဋ။ ၂။ ၂၅၃၀၀။ ၃၂၂။ အဠှိ။ ၁။ ၂၈။ စူဠနံ၊ဋ ။ ၅၃ နိ သုတ္တိန။ မြန်မာပြန်။ «S1» ) ဗာဝရီ ဖို့] ဗြာဟ္မဏော ဘောတော။ သုတ္တနိ။ ၃၃။ (-အပ၊၁။ ၃၉၅။ စူဠနိ။ ၅)။ )	el brahmán *bāvarī*. (Las cosas dignas de nota relativas a ese brahmán, en …; traducción birmana. Véase [[4va6-428]].) *bāvarī* … *brāhmaṇo bhoto*.	the brahmin *bāvarī*. (Things worth noting concerning that brahmin, in …; Burmese translation. See [[4va6-428]].) *bāvarī* … *brāhmaṇo bhoto*.	garbled OCR: the note's verb ('see') is missing, citations dropped; the Pāḷi quotation is broken ('ဗာဝရီ ဖို့]' unreadable, omitted as …)
116111	bāveru	ဗာဝေရတိင်း။ ဗာဝေရမာဂမာ (ဇာ၊ ၁။ ၁၁၃)တိ ဗာဝေရုရဋ္ဌံ အာဂတော။ ဇာ၊ဋ္ဌ၊ ၃။ ၁၁၇။	el país de *bāvera*. *bāveramāgamāti bāveruraṭṭhaṁ āgato*.	the country of *bāvera*. *bāveramāgamāti bāveruraṭṭhaṁ āgato*.	no word-class label in the input; 'တိင်း' read as တိုင်း (country); citations dropped
116115	bāhanta	(၁) ပြင်ပ-ဘေး-အစွန်း-ခဏ်း။ (က-ဝဂ်၊ အတွဲ-၆၊ နှာ၊ ၂၆၅-ကြည့်ပါ)။ (၂) လက်မောင်း၏ အထက်၌ ထားအပ်သော အစွန်း။	(1) exterior / lado / borde / ‹ခဏ်း›. (Véase la sección de *ka*, vol. 6, p. 265). (2) el borde colocado sobre el brazo.	(1) outside / side / edge / ‹ခဏ်း›. (See the *ka* section, vol. 6, p. 265). (2) the edge placed over the upper arm.	ခဏ်း unclear (OCR?); in-text cross-reference to the ka section, vol. 6 p. 265, kept
116117	bāhappadesa	အပေါင်-ဘောင်-အရပ်။ «S1»	el lugar de la vara / del varal. Véase [[bāhabandha]].	the place of the pole / shaft. See [[bāhabandha]].	အပေါင်-ဘောင် read as the pole / shaft of a cart (cf. 116118)
116142	bāhitvā	(က) စွန့်၍၊ အပပြု၍၊ ထုတ်ပယ်၍။ (ခ) ယုတ်နိမ့်သည်ကို ပြု၍။ (ဂ) လွှမ်းမိုးဘိစီးနှိပ်စက်၍။	(a) habiendo abandonado; habiendo excluido; habiendo expulsado. (b) habiendo rebajado. (c) habiendo dominado, aplastado y oprimido.	(a) having given up; having put outside; having expelled. (b) having made low. (c) having overpowered, crushed and oppressed.	no word-class label in the input
116149	bāhiraṁ	အပြင်အပ။	fuera; afuera.	outside; without.	label ဗျ (indeclinable) not in the brief's list
116154	bāhiraüdaka	အပြင်အပဖြစ်သောရေ။	agua externa.	external water.	no word-class label in the input
116157	bāhirakaākāsadhātuniddesa	အပဖြစ်သော အာကာသမာတ်ကို အကျယ်ညွှန်ပြရာအခန်း။	la sección que expone en detalle el *ākāsadhātu* externo.	the section explaining in detail the external *ākāsadhātu*.	'အာကာသမာတ်' read as အာကာသဓာတ် (misprint or OCR)
116166	bāhirakadhamma	အပြင်အပဖြစ်သောတရား။	la enseñanza externa.	outside teaching.	တရား read as 'teaching'; could be 'external states'
116168	bāhirakapabbajjā	သာသနာပရဟန်းအဖြစ်။	el estado de monje de fuera de la *sāsanā*.	the state of a monk outside the *sāsanā*.	no word-class label in the input
116199	bāhirattika	ဗာဟိရတိက်။	*bāhirattika*.	*bāhirattika*.	no word-class label; the definition only repeats the headword in Burmese form (ဗာဟိရတိက်)
116200	bāhirattha	(၁) အပြင်အပဖြစ်သော။ «S1» (၂) အပြင်အပဖြစ်သော ပုဒ်၏ရှိသော။	(1) que es externo. Véase también [[bahubbīhi]]. (2) que tiene … de una palabra externa.	(1) being external. See also [[bahubbīhi]]. (2) having … of an external word.	(2) looks truncated: probably ပုဒ်၏[အနက်]ရှိသော 'having the meaning of an external word' (cf. 116202)
116202	bāhiratthasamāsa	ပြင်ပဖြစ်သော ပုဒ်၏အနက်ရှိသော သမာသ်၊	el *samāsa* que tiene el significado de una palabra externa.	the *samāsa* having the meaning of an external word.	definition ends with ၊, may be truncated
116209	bāhiranidāna	အပြင်ပဖြစ်သော အကြောင်း၊ ဗာဟိရနိဒါန်း။	la causa externa; el *bāhiranidāna*.	the external cause; the *bāhiranidāna*.	'အပြင်ပဖြစ်သော' read as အပြင်အပဖြစ်သော
116218	bāhirapaccayantarasamavāya	အပြင်အပအကြောင်းတစ်ပါး၏ ညီညွတ်ခြင်း။	la concurrencia de otra causa externa.	the concurrence of another external cause.	no word-class label in the input
116243	bāhirabbhantaradhana	ပြင်ပဥစ္စာ,အတင်းဥစ္စာ။	riqueza externa, riqueza interna.	external wealth, internal wealth.	'အတင်း' read as အတွင်း (inner)
116245	bāhirabbhantarabbasa	ပြင်ပ ဥပစာ,အတွင်းဥပစာအပြား။	la división en *upacā* exterior, *upacā* interior.	the division into outer *upacā*, inner *upacā*.	headword 'bāhirabbhantarabbasa' looks garbled (cf. 116246 -bheda)
116253	bāhiramātikā	ဗာဟိရမာတိကာ။	*bāhiramātikā*.	*bāhiramātikā*.	the definition only repeats the headword in Burmese script
116255	bāhiraraṭṭha	ပြင်ပ-နိုင်ငံ-ခြား-တိုင်းပြည်။	país de fuera / extranjero.	outside / foreign country.	hyphens split နိုင်ငံ-ခြား (foreign) oddly; read as two alternatives
116256	bāhirarūpa	ဗာဟိရရုပ်။	*bāhirarūpa*.	*bāhirarūpa*.	the definition only repeats the headword in Burmese form
116266	bāhiravisaya	အပဖြစ်သောဘုံ။	el *bhūmi* externo.	the external *bhūmi*.	ဘုံ here probably 'region, domain' (visaya) rather than a plane of existence
116272	bāhirasammutimaraṇa	ပြင်ပဖြစ်သော လောက ဝေါဟာရအားဖြင့် သေဆုံးဖြင့်၊ သက်မဲ့တို့၏ လောကဝေါဟာရအားဖြင့် သေဆုံးခြင်း။	la muerte de lo externo según el uso convencional del mundo; la muerte de los seres inanimados según el uso convencional del mundo.	the death of what is external, in the conventional usage of the world; the death of inanimate things, in the conventional usage of the world.	'သေဆုံးဖြင့်' read as သေဆုံးခြင်း (misprint)
116274	bāhirasāsana	(က) သာသနာပ။ (ခ) သာသနပ ဖြစ်သူတို့၏အဆုံးအမ။	(a) fuera de la *sāsanā*. (b) la instrucción de los que están fuera de la *sāsanā*.	(a) outside the *sāsanā*. (b) the instruction of those outside the *sāsanā*.	'သာသနပ' in (b) read as သာသနာပ
116278	bāhirā	အပြင်အပ။ «S1»	fuera. Véase [[bāhiraṁ]].	outside. See [[bāhiraṁ]].	label ဗျ (indeclinable) not in the brief's list
116281	bāhirāyatanapariggahaṇa	အပြင်အပဖြစ်သော အာယတနကို သိမ်းဆည်းခြင်း။	el captar el *āyatana* externo.	grasping the external *āyatana*.	no word-class label in the input
116289	bāhirupādādhamma	အပဖြစ်သောတရား,ဥပါဒါရုပ်တရား။ ဒုကမာတိကာ၊ အဇ္ဈတ္တိကဒုက် အရကောက်-ကြည့်ပါ။	los estados externos, los estados que son *upādārūpa*. Véase [[dukamātikā]], la interpretación del *ajjhattikaduka*.	external states, states that are *upādārūpa*. See [[dukamātikā]], the interpretation of the *ajjhattikaduka*.	in-text 'see' left in the Burmese; အရကောက် rendered 'interpretation'
116294	bāhukā	ဗာဟုကာမြစ်။ ဗာဟကာယ ပ နဒိယာ ဗဟုဇနော ပါပကမ္မံ ကတံ ပဝါ ဟေတိ။ မ၊၁။ ၄၇။ (- မ၊ဋ္ဌ၊ ၁။ ၁၀၂။ မ၊ဋီ၊ ၁။ ၂၈၁။ ) [ချူ လို]	el río *bāhukā*. *bāhakāya pa nadiyā bahujano pāpakammaṁ kataṁ pavā heti*. ‹ချူ လို›	the river *bāhukā*. *bāhakāya pa nadiyā bahujano pāpakammaṁ kataṁ pavā heti*. ‹ချူ လို›	Pāḷi quotation copied as printed but looks garbled (bāhukāya pi … pavāheti?); trailing '[ချူ လို]' unreadable; citations dropped
116298	bāhuṭṭhi	လက်မောင်းရိုး။	hueso del brazo.	arm bone.	no word-class label in the input
116299	bāhudāru	သစ်သားဘောင်။	varal de madera.	wooden shaft.	ဘောင် read as 'shaft' (cf. 116117); could be 'frame'
116306	bāhubalī	လက်မောင်း-လက်ရုံး-အားနှင့် ပြည့်စုံသော၊ သူ။	dotado de la fuerza del brazo / del antebrazo (dicho de una persona).	endowed with the strength of the upper arm / of the forearm (said of a person).	no word-class label in the input
116333	bāhusaccapatta	အကြားမြင်များခြင်းသို့ ရောက်သော၊ သူ။	que ha llegado a la abundancia de erudición (dicho de una persona).	who has attained abundance of learning (said of a person).	'အကြားမြင်' read as အကြားအမြင်
116337	bāhusaccamapālamba	အကြားအမြင်များခြင်းဖြင့် ပြီးသော အမှီတံကဲရှိသော၊ သူ။	que tiene un apoyo / sostén formado por la abundancia de erudición (dicho de una persona).	having a support / prop consisting of abundance of learning (said of a person).	no word-class label; headword '-mapālamba' looks garbled (-m-upālamba?); အမှီတံကဲ read as 'support, prop'
116338	bāhusaccamahatta	များသောအကြားအမြင်ရှိသူတို့ အဖြစ်၏များသည်၏အဖြစ်၊ ဗဟုဿုတရှိသူတို့၏-များသည်၏အဖြစ်-များခြင်း။	el hecho de ser mucho del estado de quienes tienen mucha erudición; de quienes tienen *bahussuta*: el hecho de ser mucho / el ser mucho.	the state of being much of the condition of those who have much learning; of those who have *bahussuta*: the state of being much / being much.	convoluted Burmese, rendered literally; sense probably 'the greatness / abundance of the learned'
116344	bāhusaccānurūpa	အကြားအမြင်များခြင်းအားလျော်သော။ (ကြိ၊ဝိ) အကြားအမြင် များခြင်းအားလျော်စွာ။	conforme a la abundancia de erudición. (calificativo verbal) conforme a la abundancia de erudición.	in keeping with abundance of learning. (verbal qualifier) in keeping with abundance of learning.	in-text label (ကြိ၊ဝိ) 'verb qualifier' rendered (adverbio) / (adverb)
116345	bāhusamaṅgī	လက်ရုံးနှင့်ပြည့်စုံသော၊ သူ။	dotado de antebrazos (dicho de una persona).	endowed with forearms (said of a person).	no word-class label in the input
116349	bāhussacca	(ဝိ၊ဋ္ဌ၊၃။ ၅၆။ ဒီ၊ဋ္ဌ၊၂။ ၃၇၁) သည် ဗာဟုသစ္စ ပုဒ်မှ ပျက်ယွင်းလာသောပုဒ်ဖြစ်သည်။ «S1»	(en los lugares citados) es una forma corrompida de la palabra *bāhusacca*. Véase [[bāhusacca]].	(in the passages cited) it is a corrupt form of the word *bāhusacca*. See [[bāhusacca]].	no word-class label; citations dropped
116350	bāhussaccānubhāva	(ဒီ၊ဋ္ဌ၊၂။ ၈၃) သည် ဗာဟုသစ္စာနုဘာဝ ပုဒ်မှ ပျက်ယွင်းလာသောပုဒ်ဖြစ်သည်။ «S1»	(en el lugar citado) es una forma corrompida de la palabra *bāhusaccānubhāva*. Véase [[bāhusaccānubhāva]].	(in the passage cited) it is a corrupt form of the word *bāhusaccānubhāva*. See [[bāhusaccānubhāva]].	no word-class label; citation dropped
116351	bāhussaccānurūpa	(အဘိ၊ဋ္ဌ၊၃။ ၄၄၄) သည် ဗာ-ဟုသစ္စာနုရူပ-ပုဒ်မှ ပျက်ယွင်းလာသော ပုဒ်ဖြစ်သည်။ «S1»	(en el lugar citado) es una forma corrompida de la palabra *bāhusaccānurūpa*. Véase [[bāhusaccānurūpa]].	(in the passage cited) it is a corrupt form of the word *bāhusaccānurūpa*. See [[bāhusaccānurūpa]].	no word-class label; citation dropped; line-break hyphen in 'ဗာ-ဟုသစ္စာနုရူပ' removed
116352	bāhetvā	စွန့်၍၊ အပပြု၍၊ ထုတ်ပယ်၍၊ ပယ်နုတ်၍။	habiendo renunciado; habiendo excluido; habiendo expulsado; habiendo abandonado y extirpado.	having given up; having put outside; having expelled; having abandoned and removed.	label ကြိ၊ဝိ (verb qualifier) not in the brief's list
116360	bāl̤hatara	အထူးသဖြင့် လွန်ကဲပြင်းထန်သော။ (ကြိ၊ဝိ) အထူးသဖြင့် လွန်ကဲပြင်းထန်စွာ။	especialmente excesivo e intenso. (calificativo verbal) de modo especialmente excesivo e intenso.	especially excessive and intense. (verbal qualifier) especially excessively and intensely.	in-text label (ကြိ၊ဝိ) 'verb qualifier' rendered (adverbio) / (adverb)
116366	bāl̤hasati	လွန်ကဲ+မြဲမြံ-သော သတိရှိသော၊ သူ။	que tiene una *sati* extrema y firme (dicho de una persona).	having extreme and firm *sati* (said of a person).	'လွန်ကဲ+မြဲမြံ' printed with '+', read as two qualities
116373	bindutthanī	လုံးဝန်းသော-သားမြတ်-နို့-ရှိသော မိန်းမ။	mujer que tiene los senos / pechos redondos.	a woman having round breasts / bosom.	no word-class label in the input
116375	bindusantibhadraka	ဗိန္ဒုလုံးအစဉ်ဖြင့် ကောင်းသော (ကစားခြင်း)။	bueno por su serie de círculos *bindu* (juego).	good by its series of *bindu* circles (a game).	sense unclear; headword 'bindusantibhadraka' may be garbled
116377	bindusāra	ဗိန္ဒုသာရမင်း။	el rey *bindusāra*.	King *bindusāra*.	no word-class label in the input
116381	bimba	(၁) ကိုယ်ခန္ဓာ၊ အတ္တဘော။ (၂) ဆင်းတု၊ ရုပ်တု၊ အရုပ်၊ ဓာတ်ပုံ။ (၃) အဝန်းအဝိုင်း၊ လဝန်း၊ နေဝန်း။ (၄) ကျီးအာသီး။ (၅) ကျီးအာပင်။ «S1»	(1) cuerpo; existencia individual. (2) imagen sagrada; estatua; figura; fotografía. (3) círculo; disco de la luna; disco del sol. (4) el fruto ‹ကျီးအာ›. (5) la planta ‹ကျီးအာ›. Véase también [[bimboṭṭha]].	(1) body; individual existence. (2) sacred image; statue; figure; photograph. (3) circle; disc of the moon; disc of the sun. (4) the ‹ကျီးအာ› fruit. (5) the ‹ကျီးအာ› plant. See also [[bimboṭṭha]].	no word-class label; ကျီးအာ plant left in Burmese (possibly Coccinia grandis, ivy gourd — unverified)
116382	bimbaka	ရုပ်တု။	estatua.	statue.	no word-class label in the input
116383	bimbajāla	သံသတ်ပင်။	la planta ‹သံသတ်›.	the ‹သံသတ်› plant.	plant name သံသတ် left in Burmese, unidentified
116384	bimbijāla	သံသတ်ပင်။	la planta ‹သံသတ်›.	the ‹သံသတ်› plant.	plant name သံသတ် left in Burmese, unidentified
116385	bimbajālaka	သံသတ်ပင်။ «S1»	la planta ‹သံသတ်›. Véase [[bimbajālakasañchanna]].	the ‹သံသတ်› plant. See [[bimbajālakasañchanna]].	plant name သံသတ် left in Burmese, unidentified
116386	bimbajālakasañchanna	သံသတ်ပင်တို့ဖြင့် ဖုံးလွှမ်းအပ်သော။ «S1»	cubierto de plantas ‹သံသတ်›. Véase también [[bimbijālakasañchanna]].	covered with ‹သံသတ်› plants. See also [[bimbijālakasañchanna]].	plant name သံသတ် left in Burmese, unidentified
116388	bimbaphala	ကျီးအာသီး။ «S1»	el fruto ‹ကျီးအာ›. Véase [[bimboṭṭha]].	the ‹ကျီးအာ› fruit. See [[bimboṭṭha]].	ကျီးအာ left in Burmese (possibly Coccinia grandis — unverified)
116389	bimbaphalaṭṭhi	ကျီးအာသီးစေ့။	la semilla del fruto ‹ကျီးအာ›.	the seed of the ‹ကျီးအာ› fruit.	ကျီးအာ left in Burmese (possibly Coccinia grandis — unverified)
116393	bimbikā	ကျီးအာပင်။	la planta ‹ကျီးအာ›.	the ‹ကျီးအာ› plant.	ကျီးအာ left in Burmese (possibly Coccinia grandis — unverified)
116394	bimbikāphala	ကျီးအာသီး။	el fruto ‹ကျီးအာ›.	the ‹ကျီးအာ› fruit.	ကျီးအာ left in Burmese (possibly Coccinia grandis — unverified)
116395	bimbijāla	သံဥတ်ပင်။ «S1»	la planta ‹သံသတ်›. Véase [[bimbajāla]].	the ‹သံသတ်› plant. See [[bimbajāla]].	printed 'သံဥတ်', read as သံသတ် (cf. 116383–116386); plant unidentified
116396	bimbijālakapuppha	သံသတ်ပွင့်။	la flor ‹သံသတ်›.	the ‹သံသတ်› flower.	plant name သံသတ် left in Burmese, unidentified
116397	bimbijālakasañchanna	သံသတ်ပင်တို့ဖြင့် ဖုံးလွှမ်းအပ်သော။	cubierto de plantas ‹သံသတ်›.	covered with ‹သံသတ်› plants.	plant name သံသတ် left in Burmese, unidentified
116399	bimbisaka	လေးဖက်ကြက်သောထက်စည်။	tambor ‹ထက်စည်› con parche tensado por los cuatro lados.	a ‹ထက်စည်› drum with skin stretched on the four sides.	instrument ထက်စည် left in Burmese; 'ကြက်သော' read as ကြက်(တင်း) 'stretched'
116400	bimbisakavādaka	လေးဖက်ကြက်ထက်စည် တီးသော၊ သူ။	que toca el tambor ‹ထက်စည်› de parche tensado por los cuatro lados (dicho de una persona).	who beats the ‹ထက်စည်› drum with skin stretched on four sides (said of a person).	instrument ထက်စည် left in Burmese
116404	bimbisārapamukha	ဗိမ္ဗိသာရ အမှူးရှိသော၊ ဗိမ္ဗိသာရခေါင်းဆောင်သော။	que tiene a *bimbisāra* por jefe; encabezado por *bimbisāra*.	having *bimbisāra* as chief; led by *bimbisāra*.	no word-class label in the input
116405	bimbisārappamukha	ဗိမ္ဗိသာရ အမှူးရှိသော၊ ဗိမ္ဗိသာရခေါင်းဆောင်သော။	que tiene a *bimbisāra* por jefe; encabezado por *bimbisāra*.	having *bimbisāra* as chief; led by *bimbisāra*.	no word-class label in the input
116409	bimbī	(၁) ရွှေ။ «S1» (၂) ခန္ဓာကိုယ်၊ အတ္တဘော။ «S2» (၃) ဗိမ္ဗီ-သီတင်းသည်မ-ဥပါသိကာမ။ «S3»	(1) oro. Véase [[bimbisāra]]. (2) cuerpo; existencia individual. Véase [[bimbisāra]]. (3) *bimbī*, observante de los preceptos / *upāsikā*. Véase también [[bimba]].	(1) gold. See [[bimbisāra]]. (2) body; individual existence. See [[bimbisāra]]. (3) *bimbī*, a woman keeping the precepts / *upāsikā*. See also [[bimba]].	no word-class label; in (3) the hyphen chain is read as name + two alternatives
116410	bimboṭṭha	(၁) ကျီးအာသီးမှည့် အဆင်းကဲ့သို့ နီမြန်းသော နှုတ်ခမ်း။ «S1» (တိ) (၂) ကျီးအာသီးမှည့်အဆင်းကဲ့သို့ နီမြန်းသော နှုတ်ခမ်းရှိသော၊ နှုတ်ခမ်းနီသော၊ သူ။	(1) labio rojo como el color del fruto maduro ‹ကျီးအာ›. Véase [[bimboṭṭhasampanna]]. (adjetivo) (2) que tiene labios rojos como el color del fruto maduro ‹ကျီးအာ›; de labios rojos (dicho de una persona).	(1) lip red like the colour of the ripe ‹ကျီးအာ› fruit. See [[bimboṭṭhasampanna]]. (adjective) (2) having lips red like the colour of the ripe ‹ကျီးအာ› fruit; red-lipped (said of a person).	ကျီးအာ left in Burmese (possibly Coccinia grandis — unverified)
116411	bimboṭṭhasampanna	ကျီးအာသီးမှည့် အဆင်းရှိသော နှုတ်ခမ်းနှင့် ပြည့်စုံသော၊ သူ။	dotado de labios del color del fruto maduro ‹ကျီးအာ› (dicho de una persona).	endowed with lips of the colour of the ripe ‹ကျီးအာ› fruit (said of a person).	no word-class label; ကျီးအာ left in Burmese
116412	bimboṭṭhā	ကျီးအာသီးမှည့် အဆင်းကဲ့သို့ နီမြန်းသော နှုတ်ခမ်းရှိသော မိန်းမ၊ နှုတ်ခမ်းနီသော မိန်းမ။ «S1»	mujer que tiene labios rojos como el color del fruto maduro ‹ကျီးအာ›; mujer de labios rojos. Véase [[bimboṭṭha]].	a woman having lips red like the colour of the ripe ‹ကျီးအာ› fruit; a red-lipped woman. See [[bimboṭṭha]].	no word-class label; ကျီးအာ left in Burmese
116413	bimboṭṭhī	ကျီးအာသီးမှည့်အဆင်းကဲ့သို့ နီမြန်းသော နှုတ်ခမ်းရှိသော မိန်းမ၊ နှုတ်ခမ်းနီသော မိန်းမ။ «S1»	mujer que tiene labios rojos como el color del fruto maduro ‹ကျီးအာ›; mujer de labios rojos. Véase [[bimboṭṭha]].	a woman having lips red like the colour of the ripe ‹ကျီးအာ› fruit; a red-lipped woman. See [[bimboṭṭha]].	ကျီးအာ left in Burmese (possibly Coccinia grandis — unverified)
116414	bimbohana	ခေါင်းအုံး။	almohada.	pillow.	no word-class label in the input
116416	biraṇa	ဗြိတ်မြက်၊ မြက်မွေး။	la hierba ‹ဗြိတ်›; hierba aromática.	‹ဗြိတ်› grass; fragrant grass.	no word-class label; grass name ဗြိတ် left in Burmese (perhaps vetiver — unverified)
116417	bīraṇa	ဗြိတ်မြက်၊ မြက်မွေး။	la hierba ‹ဗြိတ်›; hierba aromática.	‹ဗြိတ်› grass; fragrant grass.	no word-class label; grass name ဗြိတ် left in Burmese (perhaps vetiver — unverified)
116418	bila	(၁) ချက်ဆား။ (၂) အဖို့၊ အစု၊ အပုံ။ (၃) တွင်း။ (၄) လိုဏ်ဂူ၊ တောင်ခေါင်း။ (၅) အပေါက်။ (၆) ပိန်းဥ။	(1) la sal ‹ချက်ဆား›. (2) parte; porción; montón. (3) hoyo. (4) cueva; caverna de montaña. (5) agujero. (6) el tubérculo ‹ပိန်းဥ›.	(1) ‹ချက်ဆား› salt. (2) share; portion; heap. (3) hole. (4) cave; mountain cavern. (5) opening. (6) the ‹ပိန်းဥ› tuber.	ချက်ဆား (a kind of salt) and ပိန်းဥ (probably taro) left in Burmese
116429	bilaṅgikabhāradvāja	ဆန်ပုန်းရည်ရောင်းသော ဘာရဒွါဇ။	*bhāradvāja*, el que vende caldo agrio de arroz.	*bhāradvāja* who sells sour rice-gruel.	no word-class label in the input
116430	bilajjhāsaya	အပေါက်အခေါင်းကို အလိုရှိသော။	que desea agujeros y cavidades.	desiring holes and hollows.	no word-class label in the input
116438	bilaso	အစုအစု၊ အပုံအပုံ။	porción por porción; montón por montón.	portion by portion; heap by heap.	no word-class label in the input
116439	bīlaso	အစုအစု၊ အပုံအပုံ။	porción por porción; montón por montón.	portion by portion; heap by heap.	no word-class label in the input
116441	bilāla	ဓာန်၊ ဋီ။ ၄၆၁။ ချက်ဆား။ «S1»	la sal ‹ချက်ဆား›. Véase también [[bila]] (1).	‹ချက်ဆား› salt. See also [[bila]] (1).	leading citation (ဓာန်၊ဋီ ၄၆၁) dropped; ချက်ဆား (a kind of salt) left in Burmese
116442	bilāli	ပိန်းဥ (ဇာတ်ဝတ္ထု)။	el tubérculo ‹ပိန်းဥ› (en un relato de *jātaka*).	the ‹ပိန်းဥ› tuber (in a *jātaka* story).	no word-class label; ပိန်းဥ (probably taro) left in Burmese
116443	bil̤āli	ပိန်းဥ (ဇာတ်ဝတ္ထု)။	el tubérculo ‹ပိန်းဥ› (en un relato de *jātaka*).	the ‹ပိန်းဥ› tuber (in a *jātaka* story).	ပိန်းဥ (probably taro) left in Burmese
116444	bilālikanda	ပိန်းဥ။ မျောက်ဥ။ «S1»	el tubérculo ‹ပိန်းဥ›. El tubérculo ‹မျောက်ဥ›. Véase [[bil̤āli]].	the ‹ပိန်းဥ› tuber. The ‹မျောက်ဥ› tuber. See [[bil̤āli]].	tubers ပိန်းဥ (probably taro) and မျောက်ဥ (a wild yam?) left in Burmese
116446	bilāl̤asaṅkhalikapārisuddhi	(ဝိ၊ဋ္ဌ၊၃။ ၃၄၃) သည် ဗိလာလသင်္ခလိကပါရိသုဒ္ဓိမှ ပျက်ယွင်းလာသော ပုဒ်ဖြစ်သည်။ «S1»	(en el lugar citado) es una forma corrompida de *bilālasaṅkhalikapārisuddhi*. Véanse [[bil̤āra]], [[bil̤āla]].	(in the passage cited) it is a corrupt form of *bilālasaṅkhalikapārisuddhi*. See [[bil̤āra]], [[bil̤āla]].	no word-class label; citation dropped
116447	billa	ဥသျှစ်သီး။ «S1»	el fruto ‹ဥသျှစ်›. Véase también [[billamattiya]].	the ‹ဥသျှစ်› fruit. See also [[billamattiya]].	ဥသျှစ် left in Burmese (probably bael, Aegle marmelos — unverified)
116448	billapakka	ဥသျှစ်သီးမှည့်။	el fruto maduro ‹ဥသျှစ်›.	the ripe ‹ဥသျှစ်› fruit.	ဥသျှစ် left in Burmese (probably bael — unverified)
116449	billapamāṇabhattabhojana	ဥသျှစ်သီး အတိုင်းအရှည်ရှိသော ဆွမ်းကို စားသော၊ သူ။ «S1»	que come comida de limosna del tamaño de un fruto ‹ဥသျှစ်› (dicho de una persona). Véase [[beluvāhāra]].	who eats alms food the size of a ‹ဥသျှစ်› fruit (said of a person). See [[beluvāhāra]].	ဥသျှစ် left in Burmese (probably bael — unverified)
116450	billamattiya	ဥသျှစ်သီး အတိုင်းအရှည်ရှိသော၊ ဥသျှစ်သီးလောက်ရှိသော။	que tiene el tamaño de un fruto ‹ဥသျှစ်›; tan grande como un fruto ‹ဥသျှစ်›.	having the size of a ‹ဥသျှစ်› fruit; as big as a ‹ဥသျှစ်› fruit.	ဥသျှစ် left in Burmese (probably bael — unverified)
116451	billarukkha	ဥသျှစ်ပင်။	el árbol ‹ဥသျှစ်›.	the ‹ဥသျှစ်› tree.	ဥသျှစ် left in Burmese (probably bael — unverified)
116453	bil̤aṅga	အိပ်မွေ့-ပင်-သီး။	la planta / el fruto ‹အိပ်မွေ့›.	the ‹အိပ်မွေ့› plant / fruit.	plant name အိပ်မွေ့ left in Burmese, unidentified
116454	bil̤aṅga	(အံ၊ ဋီ၊ ၃။ ၂၈၇)။ သည် ဗိလင်္ဂမှ ပျက်ယွင်းလာသော ပုဒ်ဖြစ်သည်။	(en el lugar citado) es una forma corrompida de *bilaṅga*.	(in the passage cited) it is a corrupt form of *bilaṅga*.	no word-class label; citation dropped
116455	bil̤aṅgathālika	(ဝိမတိ၊ ၁။ ၂၂၆)။ သည် ဗိလင်္ဂ-ထာလိကမှ ပျက်ယွင်းလာသော ပုဒ်ဖြစ်သည်။	(en el lugar citado) es una forma corrompida de *bilaṅga-thālika*.	(in the passage cited) it is a corrupt form of *bilaṅga-thālika*.	no word-class label; citation dropped; hyphen inside the Pāḷi kept as printed
116456	bil̤aṅgadutiya	(အံ၊ ၃။ ၁၉၅။ အံ၊ ဋ္ဌ၊ ၃။ ၂၆၇။ ဓမ္မ၊ ဋ္ဌ၊ ၂။ ၃၅၄။ အံ၊ ဋီ၊ ၃။ ၂၈၇)။ သည် ဗိလင်္ဂ-ဒုတိယမှ ပျက်ယွင်းလာသော ပုဒ်ဖြစ်သည်။	(en los lugares citados) es una forma corrompida de *bilaṅga-dutiya*.	(in the passages cited) it is a corrupt form of *bilaṅga-dutiya*.	no word-class label; citations dropped; hyphen inside the Pāḷi kept as printed
116457	bil̤āra	ကြောင်။	gato.	cat.	no word-class label in the input
116462	bil̤ārapada	တသုဝဏ်၊ ၅-ဓာရဏ၊ ရွေး ၂၀၀။	un *suvaṇṇa*; 5 *dhāraṇa*; 200 ‹ရွေး›.	one *suvaṇṇa*; 5 *dhāraṇa*; 200 ‹ရွေး›.	weight units; ရွေး (Burmese weight unit, ywe) left in Burmese
116463	bil̤ārapadaka	တသုဝဏ်၊ ၅-ဓာရဏ၊ ရွေး-၂၀၀။ «S1»	un *suvaṇṇa*; 5 *dhāraṇa*; 200 ‹ရွေး›. Véase [[bil̤ārapada]].	one *suvaṇṇa*; 5 *dhāraṇa*; 200 ‹ရွေး›. See [[bil̤ārapada]].	no word-class label; weight units; ရွေး (ywe) left in Burmese
116465	bil̤ārabhastā	ကြောင်သားရေအိတ်။	bolsa de piel de gato.	catskin bag.	no word-class label in the input
116468	bil̤ārivallikanda	ပိန်းဥ။ မျောက်ဥ။ «S1»	el tubérculo ‹ပိန်းဥ›. El tubérculo ‹မျောက်ဥ›. Véase [[bilāli]].	the ‹ပိန်းဥ› tuber. The ‹မျောက်ဥ› tuber. See [[bilāli]].	tubers ပိန်းဥ (probably taro) and မျောက်ဥ left in Burmese
116472	bil̤ālaggahaṇa	ဗိ-ဠာလ သဒ္ဒါကို ယူခြင်း။	el tomar la palabra *bil̤āla*.	taking the word *bil̤āla*.	line-break hyphen in 'ဗိ-ဠာလ' removed
116475	bil̤ālasaṅkhalikapārisuddhi	ကြောင်နှောင်သံကွင်းနှင့်တူသော ပါရိသုဒ္ဓိ။ ''ကေစိဝါဒ,အပရေဝါဒ'' များကို အောက်ပါ ကျမ်းများ၌-ကြည့်ပါ။	la *pārisuddhi* semejante a la argolla de hierro para atar gatos. Las “*kecivāda*, *aparevāda*”, véanse en los textos siguientes.	the *pārisuddhi* that is like the iron ring for tying up cats. For the “*kecivāda*, *aparevāda*”, see the following texts.	'see the following texts' but no texts follow (truncated or listed elsewhere); in-text 'see' kept
116477	bil̤āli	ပိန်းဥ။ မျောက်ဥ။ «S1»	el tubérculo ‹ပိန်းဥ›. El tubérculo ‹မျောက်ဥ›. Véase [[bilāli]].	the ‹ပိန်းဥ› tuber. The ‹မျောက်ဥ› tuber. See [[bilāli]].	tubers ပိန်းဥ (probably taro) and မျောက်ဥ left in Burmese
116478	bil̤ālidāyaka	ပိန်းဥလှူသူ။	el que dona tubérculos ‹ပိန်းဥ›.	one who donates ‹ပိန်းဥ› tubers.	ပိန်းဥ (probably taro) left in Burmese
116479	bil̤ālidāyakatthera	ပိန်းဥလှူသော မထေရ်၊ ဗိဠာလိဒါယကထေရ်။	el *thera* que donó tubérculos ‹ပိန်းဥ›; el *thera* *bil̤ālidāyaka*.	the *thera* who donated ‹ပိန်းဥ› tubers; the *thera* *bil̤ālidāyaka*.	ပိန်းဥ (probably taro) left in Burmese
116480	bil̤ikā	ဗဠစ်ဗဠစ်-ဟူသော စကား။ «S1»	la palabra “‹ဗဠစ်ဗဠစ်›”. Véase [[bil̤ibil̤ikā]].	the word “‹ဗဠစ်ဗဠစ်›”. See [[bil̤ibil̤ikā]].	ဗဠစ်ဗဠစ် is a Burmese onomatopoeia (chatter, babble), left in Burmese
116481	bil̤ibil̤ikathā	ဗဠစ်ဗဠစ်ပြောဆိုသောစကား။ «S1»	las palabras de quien parlotea “‹ဗဠစ်ဗဠစ်›”. Véase [[bil̤ibil̤ikā]].	the talk of one who chatters “‹ဗဠစ်ဗဠစ်›”. See [[bil̤ibil̤ikā]].	ဗဠစ်ဗဠစ် is a Burmese onomatopoeia (chatter, babble), left in Burmese
116482	bil̤ibil̤ikā	ဗဠစ်ဗဠစ်ပြောဆိုသော စကား။	las palabras de quien parlotea “‹ဗဠစ်ဗဠစ်›”.	the talk of one who chatters “‹ဗဠစ်ဗဠစ်›”.	ဗဠစ်ဗဠစ် is a Burmese onomatopoeia (chatter, babble), left in Burmese
116483	bīja	(၁) အကြောင်း။ (၂) မျိုးစေ့။ (က) ဘူတဂါမ်။ (ခ) ကောက်ပင်။ (၃) အင်္ဂါဇာတ်။ (၄) အဥ၊ ငှက်ဥ။ (၅) ဝှေးစေ့။	(1) causa. (2) semilla. (a) *bhūtagāma*. (b) planta de cereal. (3) órgano genital. (4) huevo; huevo de ave. (5) testículo.	(1) cause. (2) seed. (a) *bhūtagāma*. (b) cereal plant. (3) genital organ. (4) egg; bird's egg. (5) testicle.	ဘူတဂါမ် romanised bhūtagāma; odd as sub-sense (a) of 'seed' — check
116485	bījaka	(၁) မျိုးစေ့။ (၂) ဝှေးစေ့။ (၃) ယပ်ငယ်။ (တိ) (၄) ဗီဇဟမည်သော၊ သူ။	(1) semilla. (2) testículo. (3) abanico pequeño. (adjetivo) (4) llamado *bīja* (dicho de una persona).	(1) seed. (2) testicle. (3) small fan. (adjective) (4) named *bīja* (said of a person).	ဗီဇဟမည်သော looks garbled, probably for ဗီဇကဟုမည်သော 'named Bījaka'
116496	bījakosa	ကြာအချက်ကြာခွက်၊ ကြာနားဍောင်း၊ ကြာစေ့အိမ်။	la copa del loto; el ‹ကြာနားဍောင်း› (lit. pendiente del loto); la cápsula de semillas del loto.	the lotus cup; the ‹ကြာနားဍောင်း› (lit. lotus ear-stud); the lotus seed-case.	ကြာအချက်ကြာခွက် and ကြာနားဍောင်း: parts of the lotus seed-pod, exact botanical sense uncertain
116514	bījattha	(၁) မျိုးစေ့-အကျိုး-ကိစ္စ။ (၂) အကြောင်းမျိုးစေ့ဟူသောအနက်။	(1) semilla / beneficio / función. (2) el significado “semilla que es causa”.	(1) seed / benefit / function. (2) the meaning “seed that is a cause”.	(1) မျိုးစေ့-အကျိုး-ကိစ္စ: hyphen grouping unclear (perhaps 'the purpose / function of the seed')
116521	bījanavāta	ပယ်လေ။	aire del abanico.	the breeze of a fan.	ပယ်လေ read as a misprint for ယပ်လေ 'fan breeze'
116529	bījaniggahaṇa	ဗီဇနီသဒ္ဒါ။	la palabra *bījanī*.	the word *bījanī*.	definition 'the word bījanī' does not fit the headword bījaniggahaṇa; perhaps a note that it stands for bījanīgahaṇa
116530	bījaniggāha	ပယ်ကိုင်ခြင်း။	el sostener el abanico.	holding a fan.	ပယ်ကိုင်ခြင်း read as a misprint for ယပ်ကိုင်ခြင်း 'holding a fan'
116547	bījapacchi	မျိုးစေ့ထည့်သော-တောင်း-ခြင်း-ပလုံး၊ မျိုးစေ့တောင်း။	cesta / canasto / banasta en que se pone la semilla; cesta de semillas.	basket / creel / hamper in which seed is put; seed basket.	ခြင်း here read as a kind of basket, not the verbal-noun suffix; ပလုံး a lidded basket
116552	bījapūra	ရှောက်၊ ရှောက်ကြီး၊ ရှောက်ခါး။	cidro; cidro grande; cidro amargo.	citron; large citron; bitter citron.	ရှောက် rendered citron (Citrus medica); a tentative identification
116554	bījapūralatā	သလဲနွယ်။ ဗီဇပူရ-အမှာနှင့် ယှဥ်ကြည့်ပါ။	la enredadera ‹သလဲနွယ်›. Compárese con la nota de *bījapūra*.	the creeper ‹သလဲနွယ်›. Compare the note on *bījapūra*.	plant name သလဲနွယ် unidentified
116560	bījabhojana	(ရှေးကံဟောင်း) မျိုးစေ့ကို သုံးဆောင်သော၊ သူ။	(el antiguo *kamma* de antes) que consume la semilla (dicho de una persona).	(the old former *kamma*) consuming the seed (said of a person).	the bracket ရှေးကံဟောင်း presumably says what 'seed' stands for
116561	bījabhojī	(ရှေးကံဟောင်း) မျိုးစေ့ကို သုံးဆောင်လေ့ရှိသော၊ သူ။	(el antiguo *kamma* de antes) que suele consumir la semilla (dicho de una persona).	(the old former *kamma*) in the habit of consuming the seed (said of a person).	the bracket ရှေးကံဟောင်း presumably says what 'seed' stands for
116581	bījāma	ယပ်ခတ်ကုန်၏။ «S1»	abanicamos. Véase [[bījati]].	we fan. See [[bījati]].	1st person plural from the Pāḷi ending -āma; the Burmese marks the plural only
116583	bījāvāpana	နေတ္တိ၊ ဋီ။ ၇၆-သည် ဗီဇဝါပန-မှပျက်ယွင်းလာသောပုဒ်ဖြစ်သည်။	En *netti* *ṭī* 76 es una palabra corrompida a partir de *bījavāpana*.	In *netti* *ṭī* 76 it is a word corrupted from *bījavāpana*.	textual note; its citation kept because it is the subject of the note
116584	bījāvāpanattha	နေတ္တိ၊ဋ္ဌ။ ၁၁၇-သည် ဗီဇဝါပနတ္ထ-သီ၊ဋီ၊သစ်၊ ၁။ ၂၂၅-မှ ပျက်ယွင်းလာသောပုဒ်ဖြစ်သည်။	En *netti* *ṭṭha* 117 es una palabra corrompida a partir de *bījavāpanattha* (*sī* *ṭī* nueva, 1.225).	In *netti* *ṭṭha* 117 it is a word corrupted from *bījavāpanattha* (*sī* new *ṭī*, 1.225).	textual note; citations kept because they are its subject (သစ် 'new' = the new ṭīkā)
116611	bīraṇagaccha	ဗြိတ်မြက်ချုံရှိသော။ «S1»	que tiene matas de ‹ဗြိတ်မြက်›. Véase [[bīraṇatthambaka]].	having clumps of ‹ဗြိတ်မြက်›. See [[bīraṇatthambaka]].	‹ဗြိတ်မြက်›: the bīraṇa grass, probably vetiver (Andropogon muricatus); left in Burmese
116612	bīraṇatiṇa	ဗြိတ်မြက်၊ မြက်မွှေး၊ ဗိရဏ-ကြည့်။	‹ဗြိတ်မြက်›; hierba olorosa; véase *biraṇa*.	‹ဗြိတ်မြက်›; fragrant grass; see *biraṇa*.	‹ဗြိတ်မြက်›: the bīraṇa grass, probably vetiver (Andropogon muricatus); left in Burmese; 'see ဗိရဏ' left in the Burmese
116613	bīraṇatthamba	ဗြိတ်မြက်ချုံ။ «S1»	mata de ‹ဗြိတ်မြက်›. Véase [[bīraṇatthambaka]].	clump of ‹ဗြိတ်မြက်›. See [[bīraṇatthambaka]].	‹ဗြိတ်မြက်›: the bīraṇa grass, probably vetiver (Andropogon muricatus); left in Burmese
116614	bīraṇatthambaka	ဗြိတ်မြက်ချုံရှိသော။	que tiene matas de ‹ဗြိတ်မြက်›.	having clumps of ‹ဗြိတ်မြက်›.	‹ဗြိတ်မြက်›: the bīraṇa grass, probably vetiver (Andropogon muricatus); left in Burmese
116615	bīraṇatthambakasusāna	ဗြိတ်မြက်ချုံရှိသော သုသာန်။	el cementerio que tiene matas de ‹ဗြိတ်မြက်›.	the charnel ground that has clumps of ‹ဗြိတ်မြက်›.	‹ဗြိတ်မြက်›: the bīraṇa grass, probably vetiver (Andropogon muricatus); left in Burmese
116616	bīraṇatthambamaya	ဗြိတ်မြက်ချုံဖြင့်ပြီးသော။	hecho de matas de ‹ဗြိတ်မြက်›.	made of clumps of ‹ဗြိတ်မြက်›.	‹ဗြိတ်မြက်›: the bīraṇa grass, probably vetiver (Andropogon muricatus); left in Burmese
116617	bīraṇatthambhaka	(ဇာ၊ ၁။ ၅၆။ ဓမ္မ၊ ဋ္ဌ၊ ၂။ ၇၈။ ဇာ၊ ဋ္ဌ၊ ၂။ ၁၅၂) သည် ဗီရဏတ္ထမ္ဗကမှ ပျက်ယွင်းလာသော ပုဒ်ဖြစ်သည်။	(*jā* 1.56; *dhamma* *ṭṭha* 2.78; *jā* *ṭṭha* 2.152) es una palabra corrompida a partir de *bīraṇatthambaka*.	(*jā* 1.56; *dhamma* *ṭṭha* 2.78; *jā* *ṭṭha* 2.152) is a word corrupted from *bīraṇatthambaka*.	textual note; citations kept because they are its subject
116618	bīraṇatthambhamaya	(ဇာ၊ ဋ္ဌ၊ ၂။ ၁၅၂) သည် ဗီရဏတ္ထမ္ဗမယ-မှ ပျက်ယွင်းလာသောပုဒ်ဖြစ်သည်။	(*jā* *ṭṭha* 2.152) es una palabra corrompida a partir de *bīraṇatthambamaya*.	(*jā* *ṭṭha* 2.152) is a word corrupted from *bīraṇatthambamaya*.	textual note; citation kept because it is its subject
116619	bīraṇatthambhakasusāna	(ဇာ-ဋ္ဌ၊ ၂။ ၁၅၁) သည် ဗီရဏတ္ထမ္ဗကသုသာန-မှ ပျက်ယွင်းလာသော ပုဒ်ဖြစ်သည်။	(*jā* *ṭṭha* 2.151) es una palabra corrompida a partir de *bīraṇatthambakasusāna*.	(*jā* *ṭṭha* 2.151) is a word corrupted from *bīraṇatthambakasusāna*.	textual note; citation kept because it is its subject
116627	bukkabukka	ဗုက်ဗုက်၊ ဝုက်ဝုက်။	“buk buk”; “wuk wuk”.	“buk buk”; “wuk wuk”.	Burmese onomatopoeia (ဗုက်ဗုက်, ဝုက်ဝုက်) transliterated
116630	bujjha	သိလော။ «S1»	¿conoces? Véase [[bujjhati]].	do you know? See [[bujjhati]].	Burmese has interrogative လော; bujjha is an imperative, perhaps လော့ 'know!' was meant
116631	bujjhakārādhika	သိအပ်သော အခြင်းအရာလျှင် အလွန်အကဲရှိသော။	que sobresale en el aspecto que ha de ser conocido.	excelling in the aspect that is to be known.	sense of the gloss unclear
116644	bujjhanabhāva	သိလတ္တံ့သောသူ၏အဖြစ်၊ သိလတ္တံ့သောသဘော၊ လတ္တံ့သော အခြင်းအရာ။	el hecho de ser alguien que conocerá; la naturaleza de lo que conocerá; el modo que será.	the state of being one who will know; the nature of what will know; the mode that will be.	third gloss လတ္တံ့သော အခြင်းအရာ probably lacks သိ ('the mode of one who will know')
116649	bujjhamāna	(၁) (က) သိတတ်သော၊ သူ။ (ခ) သိလတ္တံ့သော၊ သူ။ (၂) ပွင့်တော်မူသော (ဘုရား)။	(1) (a) que suele conocer (dicho de una persona). (b) que conocerá (dicho de una persona). (2) que florece (el Buddha).	(1) (a) apt to know (said of a person). (b) who will know (said of a person). (2) blossoming (the Buddha).	ပွင့်တော်မူ is the honorific 'blossom' used of a Buddha's appearing
116652	bujjhassu	သိလော၊ ထိုးထွင်း၍သိလော။ «S1»	¡conoce!; ¡conoce penetrando! Véase [[bujjhati]] (1).	know!; know by penetrating! See [[bujjhati]] (1).	သိလော read as imperative (bujjhassu); the Burmese form လော is also interrogative
116655	bujjhāpessāmi	သိစေအံ့။	haré conocer.	I shall make known.	1st person from the Pāḷi ending; the Burmese does not mark person (-ssāmi; Burmese အံ့)
116656	bujjhāma	သိကုန်၏။ «S1»	conocemos. Véase [[bujjhati]] (1).	we know. See [[bujjhati]] (1).	1st person from the Pāḷi ending; the Burmese does not mark person (-āma)
116657	bujjhāmi	သိ၏။ «S1»	conozco. Véase [[bujjhati]] (1).	I know. See [[bujjhati]] (1).	1st person from the Pāḷi ending; the Burmese does not mark person (-āmi)
116658	bujjhiṁ	သိပြီ။ «S1»	conocí. Véase [[bujjhati]] (1).	I knew. See [[bujjhati]] (1).	1st person from the Pāḷi ending; the Burmese does not mark person (-iṁ)
116670	bujjhissāma	သိကုန်လတ္တံ့။ «S1»	conoceremos. Véase [[bujjhati]] (1).	we shall know. See [[bujjhati]] (1).	1st person from the Pāḷi ending; the Burmese does not mark person (-ssāma); the Burmese has လတ္တံ့, the 2nd/3rd-person future
116682	buddhaādāya	ဘုရား,သာသနာ။	Buddha, *sāsana*.	Buddha, *sāsana*.	gloss 'Buddha, sāsana' does not obviously fit buddhaādāya
116699	buddhakicca	ဘုရားရှင်တို့၏အလုပ်ကိစ္စ၊ ဘုရားရှင် နေ့စဉ် ပြုလုပ်နေကျကိစ္စ။ အဓိပ္ပါယ်အကျယ်ကို-သဂါထာဝဂ္ဂ၊ သံယုတ်ပါဠိတော်နိသျ၊ ဆဋ္ဌမူ၊ ပဌမအုပ်၊ ကျမ်းဦးနိဒါန်းတွင် ကြည့်ပါ။	las tareas de los Buddhas; las tareas que el Buddha realiza habitualmente cada día. Para el significado en detalle, véase la introducción inicial de *sagāthāvagga*, nissaya del texto pāḷi del *Saṁyutta*, edición del Sexto Concilio, volumen 1.	the tasks of the Buddhas; the tasks the Buddha habitually performs every day. For the meaning in full, see the opening introduction of *sagāthāvagga*, nissaya of the *Saṁyutta* Pāḷi text, Sixth Council edition, volume 1.	cross-reference to a Burmese nissaya edition kept as text
116713	buddhagarahī	ဘုရား-ကို-အား-အပြစ်တင်-ရှုတ်ချ-တတ်သော၊ သူ။	que suele reprochar / censurar al Buddha (dicho de una persona).	apt to blame / censure the Buddha (said of a person).	the alternatives ကို-အား are two case particles with the same sense; given once
116714	buddhagāthābhigīta	(သံ၊၁။ ၄၈) သည် ဗုဒ္ဓဂါထာဘိ-ဘီတမှ ပျက်ယွင်းလာသော ပုဒ်ဖြစ်ဟန်ရှိသည်။	(*saṁ* 1.48) parece ser una palabra corrompida a partir de *buddhagāthābhi-bhīta*.	(*saṁ* 1.48) appears to be a word corrupted from *buddhagāthābhi-bhīta*.	textual note; citation kept because it is its subject
116743	buddhaghosa	ဗုဒ္ဓဃောသအမည်ရှိသူ၊ အဋ္ဌကထာဆရာ ရှင်မဟာဗုဒ္ဓဃောသ။ (အတ္ထုပ္ပတ္တိကို ဝိသုဒ္ဓိမဂ်နိဿယပဌမအုပ် ဆဋ္ဌမူနိဒါန်း-ကြည့်ပါ)။	el que tiene el nombre *buddhaghosa*; el comentarista, el venerable *mahābuddhaghosa*. (Para su historia, véase la introducción de la edición del Sexto Concilio del nissaya del *Visuddhimagga*, volumen 1).	one named *buddhaghosa*; the commentator, the Venerable *mahābuddhaghosa*. (For his history, see the introduction to the Sixth Council edition of the *Visuddhimagga* nissaya, volume 1).	cross-reference to a Burmese nissaya edition kept as text
116751	buddhacarita	ဘုရားရှင်၏-အဖြစ်တော်-ဖြစ်စဉ် (ဗုဒ္ဓဝင်)။	la vida / la historia del Buddha (*buddhavaṁsa*).	the life / the story of the Buddha (*buddhavaṁsa*).	ဗုဒ္ဓဝင် (Burmese 'life of the Buddha' genre) romanised buddhavaṁsa
116767	buddhattapaccupaṭṭhāna	ဘုရားအဖြစ် (သဗ္ဗညုတဉာဏ်) ဟူသော အကျိုးရှိသော၊ ဘုရားအဖြစ်ကို ဖြစ်စေတတ်သော (သျ)။	que tiene como fruto el estado de Buddha (*sabbaññutañāṇa*); que suele hacer surgir el estado de Buddha.	having Buddhahood (*sabbaññutañāṇa*) as its fruit; apt to give rise to Buddhahood.	the source tag (သျ) (nissaya) dropped
116770	buddhattabyākaraṇaja	ဘုရားအဖြစ်ကို ဗျာဒိတ်စကားကြားခြင်းကြောင့် ဖြစ်သော (သျ)၊ ဘုရားဖြစ်လိမ့်မည်ဟူသော ဗျာဒိတ်တော်ကြောင့်ဖြစ်သော။	surgido por oír la palabra de predicción del estado de Buddha; surgido por la predicción “llegará a ser Buddha”.	arisen from hearing the word of prediction of Buddhahood; arisen from the prediction “he will become a Buddha”.	the source tag (သျ) (nissaya) dropped
116781	buddhadatta	ဘုရားရှု ပေးအပ်သော၊ သူ။ ဗုဒ္ဓဒတ္တမည်သူ။ «S1»	dado por el Buddha (dicho de una persona). El llamado *buddhadatta*. Véase [[buddhadatthācariya]].	given by the Buddha (said of a person). One named *buddhadatta*. See [[buddhadatthācariya]].	ဘုရားရှု read as a misprint for ဘုရားရှင်
116792	buddhadiṭṭhi	ဘုရားသာသနာ၊ ဘုရားရှင်မြတ်အပ်သော သာသနာ။	el *sāsana* del Buddha; el *sāsana* ennoblecido por el Buddha.	the Buddha's *sāsana*; the *sāsana* ennobled by the Buddha.	မြတ်အပ်သော 'ennobled' may be a misprint for မြင်အပ်သော 'seen' (diṭṭhi)
116820	buddhapaññatti	ဘုရားရှင်၏ ဉာဏ်ပညာတော်။ «S1»	el conocimiento y la *paññā* del Buddha. Véase [[buddhanetti]].	the Buddha's knowledge and *paññā*. See [[buddhanetti]].	gloss fits paññā rather than paññatti; perhaps a variant reading
116839	buddhapariṇāyaka	ဘုရား-အမှူးရှိ-အဦးပြု-ဦးဆောင်-သော။ ဗုဒ္ဓပ(ပ္ပ)မုခ-ကြည့်။	que tiene al Buddha como jefe / como el primero / como guía. Véase [[buddhapa(ppa)mukha]].	having the Buddha as chief / as the first / as leader. See [[buddhapa(ppa)mukha]].	'see buddhapa(p)pamukha' left in the Burmese
116847	buddhapitu	ဘုရား၏သခင်၊ ဘုရားခမည်းတော်။	el señor del Buddha; el padre del Buddha.	the Buddha's master; the Buddha's father.	သခင် 'master' probably a misprint for ဖခင် 'father'
116849	buddhapuñña	ဘုရားရှင်၏ ဘုန်းကံ။	la gloria y el *kamma* del Buddha.	the Buddha's glory and *kamma*.	ဘုန်းကံ is an idiom for glory arising from merit; ကံ kept as kamma per convention
116852	buddhapūjā	ဘုရား-အား-ကို-ပူဇော်ခြင်း။	la veneración al Buddha.	honouring the Buddha.	the alternatives အား-ကို are two case particles with the same sense; given once
116856	buddhappamukha	ဘုရား-အမှူးရှိ-အဦးပြု-ဦးဆောင်-သော။ ဗုဒ္ဓပ(ပ္ပ)မုခ-ကြည့်။	que tiene al Buddha como jefe / como el primero / como guía. Véase [[buddhapa(ppa)mukha]].	having the Buddha as chief / as the first / as leader. See [[buddhapa(ppa)mukha]].	'see buddhapa(p)pamukha' left in the Burmese
116885	buddhabhāvī	ဘုရားဖြစ်လတ္တံ့သော၊ သူ။ (ဘုရားလောင်း) ဗုဒ္ဓတန္တိ-(၁)-ကြည့်။	que llegará a ser Buddha (dicho de una persona). (*bodhisatta*) Véase [[buddhatanti]] (1).	who will become a Buddha (said of a person). (*bodhisatta*) See [[buddhatanti]] (1).	'see buddhatanti (1)' left in the Burmese
116894	buddhamanta	(၁) ဗုဒ္ဓမန္တန်၊ ဘုရားရှင်၏ ဗေဒင်တော်။ (၂) ဗုဒ္ဓမန္တန်၊ ဘုရားရှင်၏ လက္ခဏာကို ပြသောကျမ်း။	(1) *buddhamanta*; el *veda* del Buddha. (2) *buddhamanta*; el tratado que muestra las marcas del Buddha.	(1) *buddhamanta*; the Buddha's *veda*. (2) *buddhamanta*; the treatise showing the marks of the Buddha.	ဗေဒင် (Veda; in Burmese also astrology / divination) kept as veda
116912	buddharatanapaṇāma	ဘုရားရတနာ-အား-ကို-ရှိခိုးခြင်း။	el rendir homenaje a la Joya del Buddha.	paying homage to the Buddha Jewel.	the alternatives အား-ကို are two case particles with the same sense; given once
116917	buddharūpa	(၁) ဘုရားရှင်၏-အဆင်း-ရူပါရုံ။ (၂) ဘုရားရှင်၏ အသွင်သဏ္ဌာန်၊ ဘုရားဆင်းတု ဘုရားရုပ်ပုံတော်။ ။	(1) la apariencia / el *rūpārammaṇa* del Buddha. (2) el aspecto y la forma del Buddha; imagen del Buddha, retrato del Buddha.	(1) the appearance / the *rūpārammaṇa* of the Buddha. (2) the Buddha's aspect and form; Buddha image, portrait of the Buddha.	stray ။ at the end of the definition ignored
116929	buddhavagga	ဗုဒ္ဓဝဂ်။	*buddhavagga*.	*buddhavagga*.	title of a chapter, given in loanword form only
116930	buddhavacana	ဘရားစကားတော်။ (ပိဋကသုံးပုံ)။	la palabra del Buddha. (los tres *piṭaka*).	the word of the Buddha. (the three *piṭaka*).	ဘရား read as ဘုရား (misprint)
116934	buddhavacanateja	ဘုရား-စကားတော်-တရားတော်-၏ တန်ခိုး။	el poder del Buddha / de su palabra / de su Enseñanza.	the power of the Buddha / of his word / of his Teaching.	hyphens odd: ဘုရား-စကားတော်-တရားတော်-၏ read as three alternatives governed by ၏
116945	buddhavantu	(၁) သိခြင်းရှိသော၊ သိတတ်သော၊ သူ။	(1) que tiene conocimiento; que suele conocer (dicho de una persona).	(1) having knowing; apt to know (said of a person).	only sense (1) printed; (2) may be missing
116960	buddhaveda	ဘုရားဗေဒင်၊ ဗုဒ္ဓဗေဒင်။	el *veda* del Buddha; el *buddhaveda*.	the *veda* of the Buddha; the *buddhaveda*.	ဗေဒင် kept as veda; in Burmese it also means astrology / lore
116978	buddhasaddasiddhi	ဗုဒ္ဓသဒ္ဒါ၏ပြီးခြင်း။	la formación de la palabra *buddha*.	the formation of the word *buddha*.	ပြီးခြင်း (completion) read as the grammatical formation of the word
116981	buddhasantāna	ဘုရားသန္တာန်ဘုရားရှင်၏ခန္ဓာအစဉ်။	el *santāna* del Buddha; la continuidad de los *khandhā* del Buddha.	the *santāna* of the Buddha; the continuity of the Buddha's *khandhā*.	no ၊ printed between the two glosses
116983	buddhasantavana	ဘုရားကို ဘုရားဂုဏ်တော်ကို-ချီးမွမ်းခြင်း၊	el elogio del Buddha / de las virtudes del Buddha.	the praising of the Buddha / of the Buddha's virtues.	ends with ၊, possibly truncated; hyphen placement odd
116985	buddhasamaya	ဘုရားရှင်၏အယူ (သာသနာ)။	la creencia del Buddha (*sāsanā*).	the belief of the Buddha (*sāsanā*).	အယူ here renders samaya, i.e. doctrine; stem rendering 'belief' kept
116987	buddhasammata	အသိဉာဏ်ရှိသူဟု သမုတ်အပ်သော၊ ပညာရှိဟု သမုတ်အပ်သော၊ သူ။ ဗုဒ္ဓ-(၂,၁)-လည်းကြည့်။	considerado como alguien que tiene entendimiento; considerado sabio (dicho de una persona). Véase también [[buddha]] (2, 1).	reckoned as one who has understanding; reckoned as wise (said of a person). See also [[buddha]] (2, 1).	see-also with sense numbers (၂,၁) left in the Burmese
116997	buddhasāsanāvahāra	ဘုရားသာသနာ ဆောင်ယူခြင်း။	el llevar la *sāsanā* del Buddha.	the carrying of the *sāsanā* of the Buddha.	ဆောင်ယူ 'carry, take along'; avahāra may mean 'taking away'
117013	buddhasubodhitatā	(ဝိမတိ၊၁။ ၆၄)သည် ဗုဒ္ဓသုဗောဓိတာမှ ပျက်ယွင်းလာသော ပုဒ်ဖြစ်သည်။	es una palabra corrompida a partir de *buddhasubodhitā*.	is a word corrupted from *buddhasubodhitā*.	the dropped citation (Vimati 1.64) is the grammatical subject: the reading there is a corruption of buddhasubodhitā
117025	buddhāṇābhaya	ဘုရားရှင်အာဏာတော်-မှ-ကို-ကြောက်ခြင်း။	el temor por / a la autoridad del Buddha.	fear from / of the Buddha's authority.	the hyphens separate two case particles (မှ / ကို) as alternatives
117047	buddhānumata	ပညာရှိတိုခွင့်ပြုအပ်သော။	permitido por los sabios.	permitted by the wise.	တို read as တို့ (misprint)
117050	buddhānussatikammaṭṭhāna	ဗုဒ္ဓါနုဿတိကမ္မဋ္ဌာန်း။	*buddhānussatikammaṭṭhāna*.	*buddhānussatikammaṭṭhāna*.	definition is the headword in loanword form only
117067	buddhālapanavacana	ဘုရားရှင်တို့၏ ခော်ဝော်ကြောင်း-စကား-သဒ္ဒါ။	las palabras / los vocablos de interpelación de los Buddhas.	the words / terms of address of the Buddhas.	ခော်ဝော် read as ခေါ်ဝေါ် 'to address'; unclear whether the Buddhas address or are addressed
117069	buddhālāpa	ဘုရားရှင်တို့၏ ခော်ဝော်ခြင်း။	la interpelación de los Buddhas.	the addressing of the Buddhas.	ခော်ဝော် read as ခေါ်ဝေါ် 'to address'
117078	buddhi	တိုးပွါးခြင်း၊ ကြီးပွါးခြင်း။ ဗုဒ္ဓိအတ္ထ (၁) နှင့် ဗုဒ္ဓိကာရဏတို့ကြည့်။	el aumento; el crecimiento. Véanse [[buddhiattha]] (1) y *buddhikāraṇa*.	increase; growth. See [[buddhiattha]] (1) and *buddhikāraṇa*.	see-reference with a sense number left in the Burmese
117088	buddhinisāna	ဗညာကို ထက်အောင် သွေးခြင်း။	el afilar la *paññā* hasta que sea aguda.	whetting *paññā* until it is sharp.	ဗညာ read as ပညာ (misprint)
117102	buddhippavatti	အသိဉာဏ်-ပညာ-ဖြစ်ပော်ခြင်း။	el surgir del entendimiento / de la *paññā*.	the arising of understanding / of *paññā*.	ဖြစ်ပော် read as ဖြစ်ပေါ်
117113	buddhivohārajanaka	သိခြင်း၊ ခော်ဝော်ခြင်းကို ဖြစ်စေတတ်သော၊ အသိဉာဏ်သဒ္ဒါကို ဖြစ်စေတတ်သော။	que suele producir el conocer, el designar; que suele producir la palabra «entendimiento».	apt to produce knowing, designating; apt to produce the word 'understanding'.	ခော်ဝော် read as ခေါ်ဝေါ် 'to designate'
117115	buddhisaddanivattana	အသိဉာဏ်နှင့်သဒ္ဒါကို နစ်စေခြင်း။	el hacer hundirse el entendimiento y la palabra.	causing understanding and word to sink.	နစ် 'sink' for nivattana (turning back, ceasing); possibly a misprint
117116	buddhisampadā	အသိဉာဏ်-သညာ-၏ပြည့်စုံခြင်း၊ ပြည့်စုံသော ဉာဏ်ပညာ။	la plenitud del entendimiento / de la *saññā*; el conocimiento y la *paññā* plenos.	the completeness of understanding / of *saññā*; complete knowledge and *paññā*.	သညာ may be a misprint for ပညာ
117145	buddhūpasañhita	ဘုရားရှင်နှင့်စပ်ဆိုင်သော၊ ဘုရားရှင်ကို အကြောင်းပြု၍ ဖြစ်ပော်လာသော။	relacionado con el Buddha; que ha surgido a causa del Buddha.	connected with the Buddha; that has arisen on account of the Buddha.	ဖြစ်ပော် read as ဖြစ်ပေါ်
117152	bundikābaddha	ဗုန္ဒေန ပါဒေန သဟ ဧကာဗဒ္ဓါ အဋနိ ယဿ သော ဗုန္ဒိ ကာဗဒ္ဓေါ၊ ဧကာရဿိတ္တံ။ ဓာန်၊ဋီ။ ၃၁၀။ ] အခြေနှင့် တစပ်တည်း အပေါင်ရှိသော ညောင်စောင်း။ မသာရကော ဗုန္ဒိကာဗဒ္ဓေါ ကုဠီရပါဒကော အာဟစ္စပါဒကော။ ဝိ၊ ၂။ ၂၂၂၂၂ ၅၈၂၁၉။ (-ဝိ၊၄။ ၂၉၃။ ) ဗုန္ဒိကာဗဒ္ဓေါတိ အဋနီဟိ မဉ္စပါဒေ ဍုသာပေတွာ ပလ္လကံသခေပေန ကတော။ ဝိ၊ဋ္ဌ၊၃။ ၃၉။	*bundena pādena saha ekābaddhā aṭani yassa so bundi kābaddho. ekārassittaṁ..* el lecho que tiene los largueros unidos en una sola pieza con las patas. *masārako bundikābaddho kul̤īrapādako āhaccapādako..* *bundikābaddhoti aṭanīhi mañcapāde ḍusāpetvā pallakaṁsakhepena kato..*	*bundena pādena saha ekābaddhā aṭani yassa so bundi kābaddho. ekārassittaṁ..* a couch whose side-rails are joined in one piece with the legs. *masārako bundikābaddho kul̤īrapādako āhaccapādako..* *bundikābaddhoti aṭanīhi mañcapāde ḍusāpetvā pallakaṁsakhepena kato..*	Pāḷi quotations copied, citations dropped (one garbled: ၂၂၂၂၂ ၅၈၂၁၉, stray ]); ဗုန္ဒိ ကာဗဒ္ဓေါ split and ဍုသာပေတွာ / ပလ္လကံသခေပေန look corrupt; အပေါင် read as the bed's side-rail (aṭani)
117159	buli	ဗုလိမင်း။ အဿောသုံ ခေါ အလ္လကပ္ပကာ ဗုလယော ''ဘဂဝါ ကိရ ကုသိနာရာယံ ပရိနိဗ္ဗုတော''တိ။ ဒီ၊ ၂။ ၁၃၆။ (-၁၃၇)။	el rey *buli*. *assosuṁ kho allakappakā bulayo bhagavā kira kusinārāyaṁ parinibbutoti..*	the *buli* king. *assosuṁ kho allakappakā bulayo bhagavā kira kusinārāyaṁ parinibbutoti..*	Pāḷi quotation copied, citation dropped; the Bulis of Allakappa are a clan, the Burmese says မင်း (king / ruler)
117160	beda	သိကြောင်းအတတ်၊ ဗေဒင်။	el arte que es medio de conocimiento; el *veda*.	the art that is a means of knowing; the *veda*.	ဗေဒင် kept as veda; in Burmese it also means astrology
117161	bela	ရှောက်၊ ရှောက်ကြီး၊ ရှောက်ခါး။ «S1»	‹ရှောက်› (un cítrico); ‹ရှောက်ကြီး› (cítrico grande); ‹ရှောက်ခါး› (cítrico amargo). Véase [[bella]].	‹ရှောက်› (a citrus); ‹ရှောက်ကြီး› (large citrus); ‹ရှောက်ခါး› (bitter citrus). See [[bella]].	ရှောက် is a citrus (lime / citron); the three kinds are not identified; (large) and (bitter) are the literal sense of ကြီး and ခါး
117169	beluva	ဥသျှစ်သီး။	fruto del bael.	bael fruit.	ဥသျှစ် rendered 'bael' (Aegle marmelos) here and in the following beluva- rows
117172	beluvapakka	ဥသျှစ်သီးမျည့်။ «S1»	fruto maduro del bael. Véase [[beluva]].	ripe bael fruit. See [[beluva]].	မျည့် read as မှည့် (ripe)
117175	beluvapaṇḍu	ဥသျှစ်သီးမှည့်ကဲ့သို့ ဖျော့တော့သော အဆင်းရှိသော (စောင်း)။ «S1»	que tiene un color pálido como un fruto maduro de bael (el arpa). Véase [[beluvapaṇḍuvīṇā]].	having a pale colour like a ripe bael fruit (the harp). See [[beluvapaṇḍuvīṇā]].	စောင်း (the Burmese harp) renders vīṇā
117176	beluvapaṇḍuvīṇā	ဥသျှစ်သီးမှည့်ကဲ့သို့ ဖျော့တော့သော အဆင်းရှိသော စောင်း။	el arpa que tiene un color pálido como un fruto maduro de bael.	the harp having a pale colour like a ripe bael fruit.	စောင်း (the Burmese harp) renders vīṇā
117177	bel̤uvapaṇḍuvīṇā	ဥသျှစ်သီးမှည့်ကဲ့သို့ ဖျော့တော့သော အဆင်းရှိသော စောင်း။	el arpa que tiene un color pálido como un fruto maduro de bael.	the harp having a pale colour like a ripe bael fruit.	စောင်း (the Burmese harp) renders vīṇā
117189	bella	ရှောက်၊ ရှောက်ကြီး၊ ရှောက်ခါး။	‹ရှောက်› (un cítrico); ‹ရှောက်ကြီး› (cítrico grande); ‹ရှောက်ခါး› (cítrico amargo).	‹ရှောက်› (a citrus); ‹ရှောက်ကြီး› (large citrus); ‹ရှောက်ခါး› (bitter citrus).	ရှောက် is a citrus (lime / citron); the three kinds are not identified
117192	bojjha	(၁) သိအပ်သော သစ္စာလေးပါး။ (၂၀ ဗောဇ္ဈင်ကို ပွါးများခြင်း။	(1) las cuatro *saccā* que han de ser conocidas. (2) el cultivo de los *bojjhaṅga*.	(1) the four *saccā* that are to be known. (2) the developing of the *bojjhaṅga*.	(၂၀ read as (၂)
117194	bojjhaṅgakathāgati	ဗောဇ္ဈင်္ဂကထာလျှင် အလားရှိသော၊ ဗောဇ္ဈင်္ဂကထာနှင့် အလားတူသော။	que tiene como curso el *bojjhaṅgakathā*; que sigue el mismo curso que el *bojjhaṅgakathā*.	having the *bojjhaṅgakathā* as its course; following the same course as the *bojjhaṅgakathā*.	အလား (course, tendency) for gati; sense uncertain
117210	bojjhaṅgaparitta	ဗောဇ္ဈင်္ဂပရိတ်။	*bojjhaṅgaparitta*.	*bojjhaṅgaparitta*.	title given in loanword form only
117211	bojjhaṅgapucchā	ဗောဇ္ဈင်ကိုပေးခြင်း။ «S1»	el dar los *bojjhaṅga*. Véase [[balapucchā]].	giving the *bojjhaṅga*. See [[balapucchā]].	ပေး 'give' is probably a misprint for မေး 'ask' (pucchā)
117230	bojjhaṅgasaṁyutta	ဗောဇ္ဈင်္ဂသံယုတ်။	*bojjhaṅgasaṁyutta*.	*bojjhaṅgasaṁyutta*.	title given in loanword form only
117240	bodha	(၁) သိခြင်း၊ သိစေခြင်း၊ အသိဉာဏ်၊ မဂ်ဉာဏ်။ (၂၀ နိုးစေခြင်း၊ နှုိးခြင်း။ (တိ) (၃) သိတတ်သော၊ သူ။	(1) el conocer; el hacer conocer; el entendimiento; el *maggañāṇa*. (2) el hacer despertar; el despertar (a otro). (adjetivo) (3) que suele conocer (dicho de una persona).	(1) knowing; making known; understanding; the *maggañāṇa*. (2) causing to wake; waking (someone). (adjective) (3) apt to know (said of a person).	(၂၀ read as (၂)
117242	bodhakara	အနှုိးတော်၊ ဘုန်းတော်ဖွဲ့ကို သီဆို၍ နက်အခါမင်းကို နိုးစေသူ။	el despertador real; quien, cantando loas a la gloria (del rey), despierta al rey por la mañana.	the royal awakener; one who wakes the king in the morning by singing panegyrics of his glory.	နက်အခါ read as နံနက်အခါ 'morning'
117251	bodhanakiriyā	သိစေခြင်း-ကိရိယာ-အမူအရာ။	la *kiriyā* / la actitud de hacer conocer.	the *kiriyā* / the manner of making known.	ကိရိယာ here 'action', kept in Pāḷi
117274	bodhasi	သိစေပြီ။ «S1»	hizo conocer. Véase [[bodheti]].	made known. See [[bodheti]].	headword is a 2nd-person form (-si); rendered in the 3rd person as the Burmese does not mark person
117277	bodhiabhinīhārasaddhā	သဗ္ဗညုတဉာဏ်သို့ စိတ်ကို ဆောင်ကြောင်းဖြစ်သော သဒ္ဓါ၊ သဗ္ဗညုတဉာဏ်အတွက် ဆုတောင်းချက်ဟူသော ယုံကြည့်မှု။	la *saddhā* que es causa de dirigir la mente hacia el *sabbaññutañāṇa*; la confianza que es la aspiración al *sabbaññutañāṇa*.	the *saddhā* that is the cause of directing the mind towards the *sabbaññutañāṇa*; the confidence that is the aspiration for the *sabbaññutañāṇa*.	ယုံကြည့်မှု read as ယုံကြည်မှု
117279	bodhikaraṇīya	ဗောဓိဉာဏ်၏ပြုဖွယ်ကိစ္စ မဂ်ဉာဏ်အတွက်ပြုဖွယ်ကိစ္စ။	la tarea por hacer del *bodhiñāṇa*; la tarea por hacer para el *maggañāṇa*.	the task to be done by the *bodhiñāṇa*; the task to be done for the *maggañāṇa*.	no ၊ printed between the two glosses
117282	bodhikoṭṭhāsiya	ဗောဓိဉာဏ်အဖို့အစု၌ဖြစ်သော။ «S1»	que pertenece al grupo del *bodhiñāṇa*. Véase [[bodhipakkhiya]].	belonging to the group of the *bodhiñāṇa*. See [[bodhipakkhiya]].	label ကြိ (verb) but the definition is adjectival
117289	bodhijaggana	ဗောဓိမင်ကိုသုတ်သင် ရှင်းလင်းခြင်း။	el limpiar y despejar el árbol *bodhi*.	cleaning and clearing the *bodhi* tree.	ဗောဓိမင် read as ဗောဓိပင် (misprint)
117308	bodhipakkhavantu	ဗောဓိဉာဏ်အဖို့ရှိသော၊ ဗောဓိပက္ခိယ-ကြည့်။	que tiene parte en el *bodhiñāṇa*; véase *bodhipakkhiya*.	having a share in the *bodhiñāṇa*; see *bodhipakkhiya*.	see-reference left in the Burmese
117313	bodhipakkhiyadhammakoṭṭhāsa	ဗောခိပက္ခိယတရားအစု။	el grupo de los estados *bodhipakkhiya*.	the group of the *bodhipakkhiya* states.	ဗောခိ corrected to ဗောဓိ (misprint)
117334	bodhipariyāyasiddhi	ဗောဓိဉာဏ်ဟု ပရိယာယ်အားဖြင့်ပြီးခြင်း၊ ဥပစာအားဖြင့် ဗောဓိအမည်၏ပြီးစီးခြင်း။	el establecerse como *bodhiñāṇa* en sentido indirecto; la formación del nombre *bodhi* en sentido figurado.	being established as *bodhiñāṇa* in an indirect sense; the formation of the name *bodhi* in a figurative sense.	ပရိယာယ် (pariyāya) and ဥပစာ (upacāra) translated 'indirect' and 'figurative'
117344	bodhimaṇḍa	အရဟတ္တမဂ်ဉာဏ်သဗ္ဗညုတဉာဏ်-၏ကြည်လင်ရာ-ကိုရရှိရာ-ဌာန-ကာလ၊ ဗောဓိမဏ္ဍိုင်။	el lugar / el tiempo donde se esclarecen / donde se obtienen el *arahattamaggañāṇa* y el *sabbaññutañāṇa*; el *bodhimaṇḍa*.	the place / the time where the *arahattamaggañāṇa* and the *sabbaññutañāṇa* become clear / are obtained; the *bodhimaṇḍa*.	hyphen chain irregular: ကြည်လင်ရာ-ကိုရရှိရာ and ဌာန-ကာလ read as two pairs of alternatives
117375	bodhiropana	ဗောဓိပင်စိုက်ပျိုးရာ။ «S1»	el lugar donde se planta el árbol de la *bodhi*. Véase [[bodhiropanaṭṭhāna]].	the place where the *bodhi* tree is planted. See [[bodhiropanaṭṭhāna]].	the Burmese gives 'the place where' (-ရာ) for an action noun (ropana); rendered as printed
117381	bodhivandanattha	ဗောဓိပင်ကို ရှိခိုးခြင်းအကျိုး။	el beneficio de venerar el árbol de la *bodhi*.	the benefit of venerating the *bodhi* tree.	အကျိုး read as benefit (attha, from the headword)
117382	bodhivandanavagga	ဗောဓိဝန္ဒနာဂ်၊ အပဒါနပါဠိ။	el *bodhivandanavagga*; *apadānapāl̤i*.	the *bodhivandanavagga*; *apadānapāl̤i*.	print has ဗောဓိဝန္ဒနာဂ် (garbled for -ဝန္ဒနဝဂ်); romanised from the headword
117383	bodhivedi	ဗောဓိပွတ်တိုင်။	la balaustrada de postes del árbol de la *bodhi*.	the post railing of the *bodhi* tree.	ပွတ်တိုင် uncertain: turned posts / railing (vedi); check
117386	bodhisatta	ဘုရားအလောင်း။	el *bodhisatta*.	the *bodhisatta*.	ဘုရားအလောင်း (lit. 'Buddha-to-be') kept as bodhisatta throughout the shard
117389	bodhisattagabbha	ဘုရားလောင်း (ကန်းအောင်းသော) ကိုယ်ဝန်။	el embarazo (en que reside) del *bodhisatta*.	the pregnancy (in which there resides) the *bodhisatta*.	(ကန်းအောင်းသော) read as ကိန်းအောင်းသော 'residing'
117392	bodhisattaguṇapasaṁsita	ဘုရားလောင်းဂုဏ်ကို ချီးမွမ်းသော။	que alaba las virtudes del *bodhisatta*.	praising the virtues of the *bodhisatta*.	the Burmese is active ('praising'); the headword -pasaṁsita is passive
117403	bodhisattapadhānapariccheda	ဘုရားလောင်း၏-ပြင်းထန်စွာ ကမ္မဋ္ဌာန်းအားထုတ်မှု-ဒုက္ကရစရိယာ-အပိုင်းအခြား။	la sección del esfuerzo vigoroso en el *kammaṭṭhāna* / *dukkaracariyā* del *bodhisatta*.	the section on the bodhisatta's strenuous exertion in *kammaṭṭhāna* / *dukkaracariyā*.	အပိုင်းအခြား (pariccheda) taken as a section of a text, not 'limit'
117409	bodhisattabhūmi	ဘုရားလောင်း-ဘုံ-အဆင်းအတန်း၊ ဘုရားလောင်းတို့၏ ဖြစ်ရာဖြစ်သော ပါရမီဉာဏ်အဆောက်အဦ၊ ဘုရားလောင်းတို့၏ ဖြစ်ရာအခိုင်အတန့်။	el *bhūmi* / rango del *bodhisatta*; la edificación del conocimiento de las *pāramī*, en que llegan a ser los *bodhisatta*; la etapa en que existen los *bodhisatta*.	the *bhūmi* / rank of the *bodhisatta*; the building-up of the knowledge of the *pāramī*, in which bodhisattas come to be; the stage in which bodhisattas exist.	အခိုင်အတန့် read as အခိုက်အတန့် 'period, stage'
117422	bodhisattābhimukha	ဘုရားလောင်းသို့ ရှေးရှုသော၊ သူ။ (ကြိ၊ဝိ) ဘုရားလောင်းသို့ ရှေးရှု။	que se vuelve hacia el *bodhisatta* (dicho de una persona). (verbo, adverbio) de cara al *bodhisatta*.	turned towards the *bodhisatta* (said of a person). (verb, adverb) facing the *bodhisatta*.	label (ကြိ၊ဝိ) read as verb-qualifier, i.e. adverb; check
117460	bodhemi	သိစေအံ့။ «S1»	haré saber. Véase [[bodheti]].	I shall make known. See [[bodheti]].	1st person rendered (headword -mi; Burmese အံ့)
117461	bodheyyaṁ	သိစေအံ့။ «S1»	haré saber. Véase [[bodheti]].	I shall make known. See [[bodheti]].	1st person rendered (headword -eyyaṁ; Burmese အံ့)
117465	bodhessāmi	သိစေအံ့။ «S1»	haré saber. Véase [[bodheti]].	I shall make known. See [[bodheti]].	1st person rendered (headword -ssāmi; Burmese အံ့)
117466	bonda	[ဝဒ။ အောက်ပုဒ် ဆောင့်ကွင်း ကြည့်။ မုန+-ဒ။ ဝါစံ မုနာတိ သံာရတီတိ ဗောန္နော၊မုနဓာတ်ကို ဗုန်ပြု၊၉-ကိုဩ ဝုဒ္ဓိပြူ။ ဒ ပစ္စည်းသက်။ ပါရာ။ သျ၊ သစ်။ ၄။ ၂၉၆။ ] လေးလံထိုင်းမှိုင်းသူ၊ ထုံ-နု-ထိုင်း-အသောသူ။ (စကားစောင့်စည်းသူ။ ပါရာ၊ သျ၊ သစ်။ ) ဗောန္ဒော (ဝိ၊္ဌ၊၂။ ၂၀၆)တိ လော လော၊ ( လာဠော” ၂)၊ မန္ဒဓာတုကောတိ အတ္ထော။ သာရတ္ထ။ ၂၃၇၄။ ဝိမတိ၊၁။ ၃၀၂။	[*vada*. Véanse los corchetes de la entrada siguiente. *muna* + *da*. *vācaṁ munāti saṁāratīti bonno*; la raíz *muna* se hace *bun*; la *u* se refuerza (*vuddhi*) en *o*. Se añade el sufijo *da*.] quien es pesado y torpe; quien es obtuso / necio / torpe / mudo. (quien guarda sus palabras.) *bondo* *ti lo lo*, (*lāl̤o*), *mandadhātukoti attho*.	[*vada*. See the square brackets of the next headword. *muna* + *da*. *vācaṁ munāti saṁāratīti bonno*; the root *muna* is made *bun*; *u* is strengthened (*vuddhi*) to *o*. The suffix *da* is added.] one who is heavy and sluggish; one who is dull / stupid / sluggish / dumb. (one who guards his speech.) *bondo* *ti lo lo*, (*lāl̤o*), *mandadhātukoti attho*.	etymological bracket translated; ဝဒ unclear; print ၉ read as ဥ; source tags ပါရာ, သျ, သစ်, သာရတ္ထ, ဝိမတိ and numbers dropped as citations; the final Pāḷi quotation is garbled (လော လော, ”၂); 'Véanse los corchetes' renders ဆောင့်ကွင်း ကြည့်
117468	bya	(၁) ဝါစာသဒ္ဒါ၏ကာရီယ ဗျ (စကား)။ «S1» (၂) ဗျေဓာတ်၏ကာရိယ ဗျ။ «S2» (၃) ပစ္စည်း ဗျ။ «S3» (၄) သန္ဓိစပ် ဗျ-ဟု ၄-မျိုးရှိ၏။ «S4»	(1) *bya* (palabras), forma sustituta de la palabra *vācā*. Véase [[byappatha]]. (2) *bya*, forma sustituta de la raíz *bye*. Véase [[byati]]. (3) *bya*, sufijo. Véase [[dāsabya]]. (4) *bya* unido por *sandhi*; así hay 4 clases. Véanse [[byañjana]], [[byatireka]].	(1) *bya* (words), the substitute form of the word *vācā*. See [[byappatha]]. (2) *bya*, the substitute form of the root *bye*. See [[byati]]. (3) *bya*, a suffix. See [[dāsabya]]. (4) *bya* joined by *sandhi*; thus there are 4 kinds. See [[byañjana]], [[byatireka]].	ကာရီယ/ကာရိယ (kāriya) rendered 'substitute form'
117470	byakkhissaṁ	ဖြေဆိုအံ့။ «S1»	responderé. Véase [[byakkhati]].	I shall answer. See [[byakkhati]].	1st person rendered (headword -issaṁ; Burmese အံ့)
117473	byagga	(၁) အထူးသဖြင့်မြတ်သော။ (၂) အထူးထူးသော-အဖို့အစု-အာရုံ-ရှိသော၊ ပျံ့လွင့်သော (တရား)။	(1) especialmente excelente. (2) que tiene diversas porciones / diversos objetos; disperso (estado).	(1) especially excellent. (2) having diverse portions / objects; scattered (state).	label ပု, but the Burmese glosses are adjectival
117474	byagga	ကြည့်။ ] အဖို့အစု၊ အလုံးအခဲ။ «S1» ဗျ္ဇ (တိ) [ဝိ. အဂ္ဂ] (၁) အသူးသဖြင့ မြတ်သော။ () အထူးထူးသော - အဖို့ အစု-အာရုံ- ရှိသော၊ ပျံလွ်သော (တရား)။ (၁) ဗျဂ္ဂ်။ ကစ္စည်း။ ၅-။ (၂) နာနာရမ္မဏေ ပရိဗ္ဘမနေန ဝိဝိဓံ အဂ္ဂံ ဧတဿာတိ ဗျဂ္ဂေါ၊ ဝိက္ခေဒပါ။ ဒီ၊ဋီ၊ ၂။ ၃၃၂။ မ၊ဋီ၊ ၁။ ၃၈၉။ ဝိသုဒ္ဓါ၊ ဋီ၊ ၁။ ၁၅၀။ (သံ၊ ဋီ၊၂။ ၄၁၈။ )	Véase. ] porción; masa. Véase [[byaggatā]]. *byja* (adjetivo) [*vi*. *agga*] (1) especialmente excelente. () que tiene diversas porciones / grupos / objetos; disperso (estado). (1) *byagg*. (2) *nānārammaṇe paribbhamanena vividhaṁ aggaṁ etassāti byaggo*, *vikkhedapā*.	See. ] portion; mass. See [[byaggatā]]. *byja* (adjective) [*vi*. *agga*] (1) especially excellent. () having diverse portions / groups / objects; scattered (state). (1) *byagg*. (2) *nānārammaṇe paribbhamanena vividhaṁ aggaṁ etassāti byaggo*, *vikkhedapā*.	garbled spill: tail of a bracket, then the article of the adjective ဗျဂ္ဂ (cf. 117473) with its etymology; ဗျ္ဇ and ဝိက္ခေဒပါ (ဝိက္ခေပ?) garbled, '()' has no number; citations (ကစ္စည်း, ဒီ၊ဋီ, မ၊ဋီ, ဝိသုဒ္ဓါ၊ဋီ, သံ၊ဋီ) dropped
117475	byaggatā	အထူးထူးသော အဖို့အစုရှိသော လေ၏အဖြစ်၊ (လေ) အဖို့အစု-အလုံးအခဲ-၏အဖြစ်၊ (လေ) ထိုးကျင့်ခြင်း။	el hecho de ser viento que tiene diversas porciones; el hecho de (el viento) ser porción / masa; el golpear (del viento).	the state of being wind that has diverse portions; the state of (the wind) being portion / mass; the (wind's) thrusting.	(လေ) ထိုးကျင့်ခြင်း unclear; 'thrusting' tentative
117477	byaggha	(၁) ကျား။ (၂၀ ခြင်္သေ့။ (တိ) (၃) မြတ်သော။	(1) tigre. (2) león. (adjetivo) (3) excelente.	(1) tiger. (2) lion. (adjective) (3) excellent.	print (၂၀ read as (၂)
117480	byagghacammaonaddha	ကြားရေဖြင့် မြှေးရှက်အပ်သော၊ ကျား ရေကျက်ထားသော။	envuelto con piel de tigre; cosido con piel de tigre.	wrapped with tiger skin; sewn with tiger skin.	print ကြားရေ read as ကျားရေ
117501	byagghinasa	စွန်။ လင်းယုန်။ ဗျဂ္ဃိနသာ တိ သေနာ။ «S1»	milano. águila. *byagghinasā ti senā*. Véase también [[sena]].	kite. eagle. *byagghinasā ti senā*. See also [[sena]].	လင်းယုန် eagle / hawk
117503	byagghī	(၁) ဆင်ခရမ်း။ မြေပုံခရမ်း။ (၂) ကျားမ။ (တိ) (၃) ကျားနှင့်တူသော။ «S1»	(1) ‹ဆင်ခရမ်း›. ‹မြေပုံခရမ်း›. (2) tigresa. (adjetivo) (3) semejante a un tigre. Véase [[byagghīnisa]].	(1) ‹ဆင်ခရမ်း›. ‹မြေပုံခရမ်း›. (2) tigress. (adjective) (3) like a tiger. See [[byagghīnisa]].	two plant names left in Burmese: both are ခရမ်း (Solanum, eggplant kind); tentatively a wild Solanum (vyāghrī)
117511	byañjana	(၁) ဟင်း၊ ဟင်းလျာ။ (၂) နိမိတ်၊ အင်္ဂါဇာတ်။ (၃) အမှတ်တံဆိပ်၊ အမှတ်အသား၊ လက္ခဏာ။ (၄) အသွင်အပြင်၊ ဟန်အမူအရာ။ «S1» (၅) မျည်း၊ ကိုပြတတ်သော-အက္ခရာ-ဗျည်း-ပုဒ်-ဝါကျ-သဒ္ဒါ။ (၆) သဒ္ဒါအစီအရင်။ «S2»	(1) guiso; guisos. (2) signo; órgano sexual. (3) marca; señal; *lakkhaṇā*. (4) aspecto; porte y ademanes. Véase también [[gihibyañjana]]. (5) consonante; letra / consonante / término / oración / palabra que suele mostrar …. (6) la disposición gramatical. Véase [[byañjanavidhāna]].	(1) curry; curries. (2) sign; sexual organ. (3) mark; sign; *lakkhaṇā*. (4) appearance; bearing and gestures. See also [[gihibyañjana]]. (5) consonant; letter / consonant / term / sentence / word that is apt to show …. (6) grammatical arrangement. See [[byañjanavidhāna]].	(5) print မျည်း read as ဗျည်း; the object before ကိုပြတတ်သော is missing (probably the meaning)
117512	byañjanaatināmana	ယင်းလျာကို ကျော်လွန်စေခြင်း။	el hacer sobrepasar los guisos.	the causing to pass beyond the curries.	print ယင်းလျာ read as ဟင်းလျာ 'curries'
117519	byañjanachakka	ကို သိကြောင်းသဒ္ဒါ ၆-မျိုး။ «S1»	… las 6 clases de palabras que son causa de conocer. Véase [[byañjanatthavidu]].	… the 6 kinds of words that are the cause of knowing. See [[byañjanatthavidu]].	truncated: the object before ကို is missing
117525	byañjanatthapada	ဗျဉ္ဇနပဒ,အတ္ထပဒ။ အတ္ထပဒနှင့် ဗျဉ္ဇနပဒ-လည်းကြည့်။	*byañjanapada*, *atthapada*. Véanse también [[atthapada]] y [[byañjanapada]].	*byañjanapada*, *atthapada*. See also [[atthapada]] and [[byañjanapada]].	a see-also formula left in the Burmese (no placeholder); rendered as F003
117536	byañjananimittakovida	လက္ခဏာ၏အကြောင်း၌ လိမ္မာသော၊ လက္ခဏာတတ်ခြင်း၌ ကျွမ်းကျင်သော၊ သူ။	hábil en la causa de las *lakkhaṇā*; experto en el conocimiento de las *lakkhaṇā* (dicho de una persona).	skilled in the cause of the *lakkhaṇā*; expert in the knowledge of the *lakkhaṇā* (said of a person).	လက္ခဏာ here probably bodily marks (physiognomy)
117540	byañjanapada	ကိုသိကြောင်း ဖြစ်သောသဒ္ဒါ။ «S1»	la palabra que es causa de conocer …. Véase también [[byañjanatthapada]].	the word that is the cause of knowing …. See also [[byañjanatthapada]].	truncated: the object before ကိုသိကြောင်း is missing (probably the meaning)
117553	buñjanabuddhi	အက္ခရာ-သဒ္ဒါ-ကို ဖြစ်စေတတ်သော စိတ်၊ အက္ခရာ-သဒ္ဒါ-ကို ဖြစ်စေတတ်သော အသိဉာဏ်၊ (သိထိလ စသော) သဒ္ဒါ၌ လိမ္မာခြင်း၊ စိတ်ကြောင့် ကွဲပြားလာသော သဒ္ဒါ ၁၀-မျိုး။	la mente que suele producir las letras / palabras; el conocimiento que suele producir las letras / palabras; la habilidad en las palabras (como *sithila* y demás); las 10 clases de palabras que se diferencian a causa de la mente.	the mind that is apt to produce the letters / words; the knowledge that is apt to produce the letters / words; skill in the words (*sithila* and so on); the 10 kinds of words that come to differ because of the mind.	headword romanised as buñjanabuddhi; probably byañjanabuddhi
117557	byañjanamadhura	သဒ္ဒါအားဖြင့် ပြေပြစ်သာယာသော၊ ပြေပြစ်သာယာသော သဒ္ဒါရှိသော (စကား)၊ ကဏ္ဏသုခ-ကြည့်။	fluido y agradable por sus palabras; que tiene palabras fluidas y agradables (discurso); véase *kaṇṇasukha*.	smooth and pleasing in its words; having smooth and pleasing words (speech); see *kaṇṇasukha*.	a see-formula (ကဏ္ဏသုခ-ကြည့်) left in the Burmese; rendered as F001
117600	byañjenti	ပြတတ်ကုန်၏၊ ဗျဉ္ဇယတိ-ကြည့်။	suelen mostrar; véase *byañjayati*.	they are apt to show; see *byañjayati*.	a see-formula (ဗျဉ္ဇယတိ-ကြည့်) left in the Burmese; rendered as F001
117619	byattatara	အထူးသဖြင့်-အလွန်-လိမ္မာသော၊ သူ။ (၂) အထူးသဖြင့် ထင်ရှားသော။ (ကြိ၊ဝိ) အထူးသဖြင့် ထင်ရှားစွာ။	especialmente / sumamente hábil (dicho de una persona). (2) especialmente manifiesto. (verbo, adverbio) de modo especialmente manifiesto.	especially / exceedingly clever (said of a person). (2) especially manifest. (verb, adverb) especially manifestly.	sense (1) has no number in the print; label (ကြိ၊ဝိ) read as adverb
117620	byattaparicaya	လိမ္မကျွမ်းကျင်စွာ ဆည်းပူးလေ့လာခြင်း။ «S1»	el cultivar y estudiar con habilidad y destreza. Véase [[byattaparicayaṭṭha]].	the cultivating and studying with cleverness and skill. See [[byattaparicayaṭṭha]].	print လိမ္မကျွမ်းကျင်စွာ read as လိမ္မာကျွမ်းကျင်စွာ
117633	byattirūpa	ထင်ရှားခြင်းသဘော၊ ထင်ရှားစွာ ဖြစ်ပော်လာခြင်း သဘော၊ ဗျတ္တိရုပ်။	la naturaleza de manifestarse; la naturaleza de surgir de modo manifiesto; *byattirup*.	the nature of being manifest; the nature of arising manifestly; *byattirup*.	print ဖြစ်ပော် read as ဖြစ်ပေါ်
117647	byanta	(၁) ကင်းသောအဆုံးအပိုင်းအခြား။ «S1» (တိ) (၂) ကင်းသော အဆုံးအပိုင်းအခြားရှိသော။ ကင်းခြင်း။ «S2»	(1) el fin y límite eliminado. Véase [[byanti]]. (adjetivo) (2) que tiene el fin y límite eliminado. el estar libre. Véase [[byantīhonti]].	(1) the removed end and limit. See [[byanti]]. (adjective) (2) having the end and limit removed. the being free. See [[byantīhonti]].	ကင်းသော အဆုံးအပိုင်းအခြား unclear ('the end-limit that is removed' or 'free of end-limit'); check
117648	byanti	ကင်းသော အဆုံးအပိုင်းအခြားရှိသော။ ကင်းခြင်း။	que tiene el fin y límite eliminado. el estar libre.	having the end and limit removed. the being free.	as 117647
117649	byantī	ကင်းသော အဆုံးအပိုင်းအခြားရှိသော။ ကင်းခြင်း။	que tiene el fin y límite eliminado. el estar libre.	having the end and limit removed. the being free.	as 117647
117680	byabhicaraṇābhāva	လျဉ်းပါးဖွယ်-သံသယဖြစ်ဖွယ်-မရှိခြင်း။	el no haber motivo de implicación / de duda.	the absence of ground for involvement / for doubt.	လျဉ်းပါးဖွယ် (vyabhicāra, 'deviation, overlap') rendered literally as 'ground for involvement' throughout
117685	byabhicāranivattana	သံသယဖြစ်ဖွယ်ကို-နစ်စေခြင်း-တားမြစ်ခြင်း။	el hacer retroceder / el impedir el motivo de duda.	the causing to recede / the preventing of the ground for doubt.	နစ်စေခြင်း unclear (perhaps ဆုတ်နစ်စေခြင်း 'causing to recede'); tentative
117690	byabhicārī	(၁) အထူးအားဖြင့် ဌာယီဘာဝသို့ ရှေးရှုဖြစ်တတ်သော သဘော၊ ငုတ်ချီပော်ချီ ဖြစ်တတ်သော သဘော၊ (တိ) (၂) ဧကန်မဟုတ်သော၊ လျဉ်းပါးဖွယ်ရှိသော။	(1) la naturaleza que suele dirigirse especialmente al *ṭhāyībhāva*; la naturaleza que suele sumergirse y emerger; (adjetivo) (2) no absoluto; que tiene motivo de implicación.	(1) the nature that is apt to turn especially towards the *ṭhāyībhāva*; the nature that is apt to sink and surface; (adjective) (2) not absolute; having ground for involvement.	poetics (vyabhicāribhāva vs sthāyibhāva); ငုတ်ချီပော်ချီ read as ငုပ်ချီပေါ်ချီ 'sinking and surfacing'
117698	byayati	ဖြစ်၏။	llega a ser.	comes to be.	ဖြစ်၏ 'comes to be' for byayati is unexpected (vyaya = decay); rendered as printed
117720	byavaharanti	ခော်ဝော်ကုန်၏၊ ပြောဆိုကုန်၏။	llaman; hablan.	they call; they speak.	print ခော်ဝော် read as ခေါ်ဝေါ်
117727	byasanakaraṇa	ပျက်စီးခြင်းကိုပြုခြင်း၊ ပျက်စီးအောင်ပြုခြင်း။	el causar la destrucción; el obrar para la destrucción.	the causing of destruction; the acting so as to destroy.	label တိ, but the Burmese gives verbal nouns
117729	byasanattha	ပျက်စီးခြင်းအကျိုး။	el propósito de la destrucción.	the purpose of destruction.	အကျိုး here uncertain: result or purpose (attha)
117733	byasanappatti	ပျက်စီးခြင်းသို့ရောက်ခြင်း။	el llegar a la destrucción.	the reaching of destruction.	label တိ, but the Burmese gives a verbal noun
117747	byākaṁsu	ပြောကြားကုန်ပြီ၊ ဗျာကရောတိ-(၁)-ကြည့်။	declararon; véase *byākaroti* (1).	they declared; see *byākaroti* (1).	a see-formula with sense number (ဗျာကရောတိ-(၁)-ကြည့်) left in the Burmese
117753	byākaraṇa	(၁) ဖြေကြားခြင်း၊ ဟောကြားခြင်း၊ ဗျာဒိတ်ကြားခြင်း၊ ဖြေကြားအပ်-ဟောကြားအပ်-ဗျာဒိတ်ပေးအပ်-သော စကား၊ အဖြေ။ အနုဒီပနီခဏ်း၊ ဃောမှ-စု-ထိကြည့်ပါ။ (၂) ဗျာကရုဏ်းကျမ်း။ (၃) ဖြေကြားတတ်သော သူ။	(1) el responder; el exponer; el anunciar una predicción; palabras respondidas / expuestas / de predicción dada; la respuesta. Véase [[anudīpanī]], sección, desde *gho* hasta *cu*. (2) el tratado de gramática. (3) quien suele responder.	(1) the answering; the expounding; the announcing of a prediction; words answered / expounded / of a prediction given; the answer. See [[anudīpanī]], section, from *gho* to *cu*. (2) the grammar treatise. (3) one who is apt to answer.	ဗျာဒိတ် rendered 'prediction' (of Buddhahood); the cross-reference အနုဒီပနီခဏ်း၊ ဃောမှ-စု-ထိကြည့်ပါ is unclear (ခဏ်း = ခန်း?; ဃော…စု may be markers); ဗျာကရုဏ်းကျမ်း rendered 'grammar treatise'
117761	byākaraṇapakkha	ဖြေကြားခြင်းအဖို့၊ အဖြေတက်။	la parte del responder; el lado de la respuesta.	the part of answering; the side of the answer.	အဖြေတက် read as အဖြေဘက်
117762	byākaraṇapariccheda	ဗျာဒိတ်အပိုင်းအခြား။	la sección de la predicción.	the section on the prediction.	အပိုင်းအခြား (pariccheda) taken as a section of a text
117778	byākarāpessāmi	ဖြေကြားစေအံ့။	haré responder.	I shall make answer.	1st person rendered (headword -ssāmi; Burmese အံ့)
117779	byākariṁ	ဖတ်ကြားပြီ၊ ဖြေကြားပြီ။ «S1»	leí en voz alta; respondí. Véase [[byākaroti]] (1).	I read out; I answered. See [[byākaroti]] (1).	1st person rendered (headword -iṁ); ဖတ်ကြားပြီ 'read out' may be a misprint for ဖြေကြားပြီ
117785	byākarimha	ဖြေကြားကုန်ပြီ။ «S1»	respondimos. Véase [[byākaroti]] (1).	we answered. See [[byākaroti]] (1).	1st person rendered (headword -imha)
117788	byākarissasi	ဖြေကြားအံ့။ «S1»	responderá. Véase [[byākaroti]] (1).	will answer. See [[byākaroti]] (1).	headword is 2nd sg (-ssasi); Burmese အံ့ does not mark person; 3rd person written
117789	byākarissāmi	ဖြေကြားအံ့။ «S1»	responderé. Véase [[byākaroti]] (1).	I shall answer. See [[byākaroti]] (1).	1st person rendered (headword -ssāmi; Burmese အံ့)
117795	byākareyyāma	ဖြေကြားကုန်ရာ၏။ «S1»	responderíamos. Véase [[byākaroti]] (1).	we would answer. See [[byākaroti]] (1).	1st person rendered (headword -eyyāma)
117804	byākaroma	ဖြေကြား-ပြောဆို-ကုန်၏။ «S1»	respondemos / hablamos. Véase [[byākaroti]] (1).	we answer / speak. See [[byākaroti]] (1).	1st person rendered (headword -ma)
117805	byākaromi	ဖြေကြား-ပြောဆို-၏။ «S1»	respondo / hablo. Véase [[byākaroti]] (1).	I answer / speak. See [[byākaroti]] (1).	1st person rendered (headword -mi)
117812	byākāsiṁ	ပြောကြား-ပြောဆို-ပြီ။ «S1»	declaré / hablé. Véase [[byākaroti]] (1).	I declared / spoke. See [[byākaroti]] (1).	1st person rendered (headword -siṁ)
117817	byākuladosappahāyī	ရှုပ်ထွေးသော အပြစ်ဒေါသကို ပယ်သော။	que abandona la falta (*dosa*) confusa.	abandoning the confused fault (*dosa*).	ဒေါသ here a fault or defect (of composition?), not hatred
117832	byādhi	(၁) အနာရောဂါ။ (၂) ပန်းဥ၊ ပန်းမ။ ပန်းနု။	(1) enfermedad. (2) capullo de flor; ‹ပန်းမ›. Flor tierna.	(1) disease. (2) flower bud; ‹ပန်းမ›. Tender flower.	sense (2): ပန်းမ ('mother flower'?) unclear, left in Burmese
117837	byādhighātaka	ငုပင်။	el árbol ‹ငု›.	the ‹ငု› tree.	ငုပင်: tentatively Cassia fistula (golden shower tree)
117879	byāpagata	(အပ၊ဋ္ဌ၊၂။ ၁၁၈) သည် ဗျာပဂတမှ ပျက်ယွင်းလာသော ပုဒ်ဖြစ်သည်။ «S1»	es una palabra corrompida procedente de *byāpagata*. Véase [[byapagata]].	is a word corrupted from *byāpagata*. See [[byapagata]].	not a gloss: says the headword (Ap-a 2.118, citation dropped) is a corrupt reading
117880	byāpajja	ဒေါမနဿသည် ဖျက်ဆီးအပ်သော သဘော၊ စိတ်ဆင်းရဲမှု။	*domanassa*: el estado que es destruido; el sufrimiento de la mente.	*domanassa*: the state that is destroyed; suffering of the mind.	ဒေါမနဿသည် ဖျက်ဆီးအပ်သော သဘော: read as 'domanassa, the destroyed state'; could be 'the state destroyed by domanassa'
117892	byāpajjissāmi	ဖောက်ပြန်ပျက်စီးခြင်းသို့ ရောက်လတ္တံ့။ «S1»	llegará al trastorno y la destrucción. Véase [[byāpajjati]].	will reach derangement and destruction. See [[byāpajjati]].	headword is 1st sg. future (-issāmi) but the Burmese has လတ္တံ့ (2nd/3rd); kept 3rd
117894	byāpajjha	(ဒီ၊ဋီ၊၂။ ၂၅၅) သည် ဗျာပဇ္ဇမှ ပျက်ယွင်းလာသော ပုဒ်ဖြစ်သည်။	es una palabra corrompida procedente de *byāpajja*.	is a word corrupted from *byāpajja*.	not a gloss: says the headword (D-ṭ 2.255, citation dropped) is a corrupt reading
117895	byāpajjhābhāva	(အံ၊ဋ္ဌ၊၃။ ၁၂၄) သည် ဗျာပဇ္ဇာဘာဝမှ ပျက်ယွင်းလာသော ပုဒ်ဖြစ်သည်။	es una palabra corrompida procedente de *byāpajjābhāva*.	is a word corrupted from *byāpajjābhāva*.	not a gloss: says the headword (A-a 3.124, citation dropped) is a corrupt reading
117897	byāpattibhāvapaccupaṭṭhāna	ဖောက်ပြန်-ပျက်စီး-သည်၏အဖြစ်ဖြင့် ဉာဏ်အားရှေ့ရှုထင်သော။	que se presenta ante el conocimiento como el hecho de ser trastornado / destruido.	that appears before knowledge as the state of being deranged / destroyed.	ဉာဏ်အားရှေ့ရှုထင်သော = the paccupaṭṭhāna formula
117898	byāpadesa	ဗျာဟုညွှန်းပြခြင်း၊ ဗျာပြုခြင်း။	el señalar diciendo ‹ဗျာ›; el hacer ‹ဗျာ›.	pointing out by saying ‹ဗျာ›; making ‹ဗျာ›.	ဗျာ unclear (the prefix byā-? Burmese ဗျာ 'busy'?); literal rendering
117901	byāpanakiriyā	ပျံ့နှံ့ခြင်းကြိယာ။	la *kiriyā* de extenderse.	the *kiriyā* of pervading.	ကြိယာ here = action (possibly 'the verb' of pervading)
117914	byāpannavacīkammanta	ဖောက်ပြန်-ပျက်စီး-သော ဝိစီကံရှိသော၊ သူ။ «S1»	que tiene un *vacīkamma* trastornado / destruido (dicho de una persona). Véase [[byāpannakāyakammanta]].	having deranged / ruined *vacīkamma* (said of a person). See [[byāpannakāyakammanta]].	ဝိစီကံ read as ဝစီကံ (vacīkamma)
117928	byāpādapaṭikkhepa	ဗျာပါဒကိုပယ်ခြင်း။	el rechazar el *byāpāda*.	rejecting *byāpāda*.	ပယ် rendered rechazar / reject (paṭikkhepa)
117950	byāpādavikkhambhana	ဗျာပါဒကို-ပယ်ခွါ-ပျယ်ဖျောက်-ခြင်း။	el apartar / el suprimir el *byāpāda*.	setting aside / suppressing *byāpāda*.	ပျယ်ဖျောက် read as ပယ်ဖျောက်
117956	byāpādavivekavacana	ဗျာပါဒမှကင်းဆိတ်သည်ကို ဆိခြင်း။	el decir que se está libre y vacío de *byāpāda*.	saying that one is free and void of *byāpāda*.	ဆိခြင်း read as ဆိုခြင်း (saying)
117973	byāpādetabba	ပျက်စီးစေအပ်-ဖျက်ဆီးအပ်-သော။ အဗျာပဇ္ဇ-(၁-က,ခ)- ကြည့်။	que ha de ser hecho perecer / que ha de ser destruido. Véase [[abyāpajja]] (1-a, b).	to be caused to perish / to be destroyed. See [[abyāpajja]] (1-a, b).	see-reference left in the Burmese: အဗျာပဇ္ဇ (၁-က,ခ) ကြည့်
117977	byāpāra	(ကြံစည်၍)-အားစိုက်-အားထုတ်-ခြင်း၊ ကြောင့်ကြစိုက်ခြင်း၊ ဗျာပါရ၊ လုံ့လ၊ အလုပ်ကိစ္စ၊ ကြိယာ။ «S1»	(habiendo planeado) el esforzarse / el empeñarse; el ocuparse con solicitud; *byāpāra*; esfuerzo; trabajo, quehacer; *kiriyā*. Véase también [[byāpārantarasāpekkha]].	(having planned) exerting oneself / striving; taking pains; *byāpāra*; effort; work, business; *kiriyā*. See also [[byāpārantarasāpekkha]].	ကြိယာ here = activity, action
117981	byāpāyana	(ဝိသုဒ္ဓိ၊ဋီ၊၂။ ၁၇၅) သည် ဗျာပါရဏမှ ပျက်ယွင်းလာသော ပုဒ်ဖြစ်သည်။	es una palabra corrompida procedente de *byāpāraṇa*.	is a word corrupted from *byāpāraṇa*.	not a gloss: says the headword (Vism-ṭ 2.175, citation dropped) is a corrupt reading
118020	byābādhema	နှိပ်စက်ညှဉ်းဆဲကုန်အံ့။ «S1»	oprimiremos y atormentaremos. Véase [[byābādheti]].	we shall oppress and torment. See [[byābādheti]].	rendered 1st pl. (headword -ema; Burmese ကုန်အံ့)
118021	byābādhemi	နှိပ်စက်ညှဉ်းဆဲအံ့။ «S1»	oprimiré y atormentaré. Véase [[byābādheti]].	I shall oppress and torment. See [[byābādheti]].	rendered 1st sg. (headword -emi; Burmese အံ့)
118033	byāmappabhāparikkhepa	(၁) တလံမှလောက်သော ရောင်ခြည်တော်ဝန်း။ «S1» (တိ) (၂) တလံမျှလောက်သော ရောင်ခြည်တော်-ဖြင့် ခြံရံအပ်-အဝန်းရှိ-သော၊ သူ။	(1) el círculo de rayos de una braza. Véase [[byāmappabhāparikkhepavibhūsita]]. (adjetivo) (2) rodeado por los rayos / que tiene el círculo de los rayos de una braza (dicho de una persona).	(1) the fathom-wide circle of rays. See [[byāmappabhāparikkhepavibhūsita]]. (adjective) (2) surrounded by the rays / having the circle of the fathom-long rays (said of a person).	(1) တလံမှ read as တလံမျှ
118043	byāmamuṭṭhibandha	တလံမျှသော လက်ဆုပ်ဖြင့်ဖွဲ့သော။	atado con un puñado de una braza.	tied with a fist-grip of one fathom.	sense unclear: တလံမျှသော လက်ဆုပ်ဖြင့်ဖွဲ့သော (a fathom ... fist-bound?); literal rendering
118055	byāmohandhakārābhibhava	အလွန်တွေဝေခြင်းဟူသော အလွန်တွေဝေခြင်းဟူသော အမိုက်မှောင်သည် လွှမ်းမိုးနှိပ်စက်ခြင်း။ «S1»	el dominar y oprimir de la oscuridad que es el confundirse en extremo. Véase [[kāl̤apakkhūpama]].	the overpowering and oppressing by the darkness that is extreme bewilderment. See [[kāl̤apakkhūpama]].	the phrase အလွန်တွေဝေခြင်းဟူသော is printed twice; rendered once
118056	byāmohabhaya	အလွန်တွေဝေခြင်းမှကြောင်းခြင်း။	el temer a causa del confundirse en extremo.	fear arising from extreme bewilderment.	ကြောင်းခြင်း read as ကြောက်ခြင်း (fear), for bhaya
118061	byāyamāma	ပြင်းစွာအားထုတ်ကုန်အံ့။ «S1»	nos esforzaremos con vigor. Véase [[byāyāma]].	we shall strive vigorously. See [[byāyāma]].	rendered 1st pl. (headword -āma; Burmese ကုန်အံ့)
118063	byāyāma	အထူးသဖြင့် အားထုတ်ခြင်း၊ လုံ့လ။ အောက်ပုဒ်ကြည့်။	el esforzarse de modo especial; esfuerzo. Véase la entrada siguiente.	striving in a special way; effort. See the following headword.	see-reference in the Burmese: အောက်ပုဒ်ကြည့် ('see the headword below')
118066	byārosanā	ညှဉ်းဆဲခြင်း၊ ချုတ်ချယ်ခြင်း။	el atormentar; el reprimir.	tormenting; restraining.	ချုတ်ချယ် read as ချုပ်ချယ် (restrain, coerce)
118085	byāhara	(၁) ပြောဆိုလော။ «S1» (၂) ပြုလုပ်လော။ «S2»	(1) ¡habla! Véase [[byāharati]] (1). (2) ¡haz! Véase [[byāharati]] (2).	(1) speak! See [[byāharati]] (1). (2) do! See [[byāharati]] (2).	လော read as the imperative (လော့); could be interrogative
118086	byāhata	ပယ်ဖျောက်အပ်သော- ကင်းပျောက်သော- (မာန်ယစ်ခြင်းရှိသော) သူ။	eliminado / desaparecido (que tiene la embriaguez del orgullo) (dicho de una persona).	removed / gone (having the intoxication of pride) (said of a person).	structure unclear: ပယ်ဖျောက်အပ်သော- ကင်းပျောက်သော- (မာန်ယစ်ခြင်းရှိသော) သူ; perhaps 'one from whom pride-intoxication is removed'
118087	byāhara	(၁) ပြောဆိုလော။ «S1» (၂) ပြုလုပ်လော။ «S2»	(1) ¡habla! Véase [[byāharati]] (1). (2) ¡haz! Véase [[byāharati]] (2).	(1) speak! See [[byāharati]] (1). (2) do! See [[byāharati]] (2).	လော read as the imperative (လော့); could be interrogative
118092	byāharantu	ပြောဆိုကုန်လော။ «S1»	¡que hablen! Véase [[byāharati]] (1).	let them speak! See [[byāharati]] (1).	ကုန်လော read as the imperative (လော့)
118098	byāharissāmi	ပြောဆိုအံ့။ «S1»	hablaré. Véase [[byāharati]] (1).	I shall speak. See [[byāharati]] (1).	rendered 1st sg. (headword -issāmi; Burmese အံ့)
118103	byuppatti	(၁) အထူးဖြစ်တတ်သော သဒ္ဒါ။ (၂) အထူးထူး အပြားပြားကို ဖြစ်စေတတ်သော သဒ္ဒါ။ ဂါထာ၌-ကြည့်ပါ။	(1) palabra que surge de modo especial. (2) palabra que suele producir cosas diversas y variadas. Véase en la estrofa.	(1) a word that arises in a special way. (2) a word that is apt to produce diverse and various things. See in the verse.	ဂါထာ၌ ကြည့်ပါ 'see in the verse': which verse is not given
118105	byūyha	ယက်၍။	habiendo rastrillado.	having raked.	ယက် (weave / scratch / rake) read as 'rake, draw out'
118106	byūha	(၁) ထုတ်ခြင်းမထွင်းသော ခရီး၊ ဒိုးယိုမပေါက်သောလမ်း။ (၂) စစ်ဆင်ခြင်း၊ စစ်ဆင်ရေး။ (၃) ပေါင်းစုအပ်သော-ပေါင်းစုရာဖြစ်သော-အပေါင်း။ (၄) ထုတ်ခြင်း၊ ယက်ခြင်း။ (တိ) (၅) ပေါင်းစည်းစုရုံးစေတတ်သော၊ နှုိးဆော်တတ်သော၊ သူ။	(1) camino que no atraviesa de parte a parte; calle sin salida. (2) el disponer la batalla; operación militar. (3) el conjunto reunido / que es lugar de reunión. (4) el sacar; el rastrillar. (adjetivo) (5) que suele unir y reunir; que suele incitar (dicho de una persona).	(1) a road that does not pass through; a lane with no way out. (2) arraying for battle; military operation. (3) the collection that is gathered / that is a place of gathering. (4) taking out; raking. (adjective) (5) apt to unite and assemble; apt to urge on (said of a person).	(1) ထုတ်ခြင်းမထွင်းသော read as ထုတ်ချင်းမထွင်းသော (not pierced through); (4) ယက် read as 'rake'
118108	byūhati	ယက်၏။	rastrilla.	rakes.	ယက် read as 'rake, draw out'
118113	byūhitvā	ယက်၍။	habiendo rastrillado.	having raked.	ယက် read as 'rake, draw out'
118114	byūheyya	(ထေရ၊ဋ္ဌ၊၂။ ၂၀၆) သည် ဗြူဟေယျ-မှ ပျက်ယွင်းလာသော ပုဒ်ဖြစ်သည်။	es una palabra corrompida procedente de *brūheyya*.	is a word corrupted from *brūheyya*.	not a gloss: says the headword (Th-a 2.206, citation dropped) is a corrupt reading
118120	byomakesa	ပရမီသွာ။	*paramīsvā*.	*paramīsvā*.	ပရမီသွာ = Parameśvara (Śiva), Burmese form of a Sanskrit name
118122	bravitu	ဆိုလော။ «S1»	¡que diga! Véase [[bravīti]].	let him say! See [[bravīti]].	လော read as the imperative (လော့)
118135	brahma	(ပု) (၁) ဗြဟ္မာ၊ ဗြဟ္မာမင်း။ (၂) ဘုရား။ (၃) ပုဏ္ဏား။ (၄) မိဘ။ (၅) ဂဠုန်။ (၆) မဂ်တရား။ (၇) ဗြဟ္မာ့ပြည့်။ (၈) ဗြဟ္မဝိဟာရတရား။ (န) (၉) ဗေဒင်။ (၁၀) အကျင့်သီလ။ (တိ) (၁၁) အမြတ်၊ မြတ်သော၊ တိုးပွါးသော၊ ဖြူစင်သန့်ရှင်းသော။ (၁၂) ပွါးများအပ်ပြီးသော ဂုဏ်ရှိသော၊ သူ။ (ဘုရားလောင်း၊ ဗြဟ္မာမင်း)။	(masculino) (1) *brahmā*; el rey *brahmā*. (2) el Buddha. (3) brahmán. (4) padre y madre. (5) *garuḷa*. (6) el *magga*. (7) el mundo de *brahmā*. (8) el estado *brahmavihāra*. (neutro) (9) los Vedas. (10) la conducta de *sīla*. (adjetivo) (11) lo excelente; excelente; que crece; blanco y puro. (12) que tiene virtudes cultivadas (dicho de una persona) (el futuro Buddha, el rey *brahmā*).	(masculine) (1) *brahmā*; King *brahmā*. (2) the Buddha. (3) brahmin. (4) mother and father. (5) *garuḷa*. (6) the *magga*. (7) the world of *brahmā*. (8) the state of *brahmavihāra*. (neuter) (9) the Vedas. (10) the conduct of *sīla*. (adjective) (11) the excellent; excellent; growing; white and pure. (12) having cultivated virtues (said of a person) (the Buddha-to-be, King *brahmā*).	(7) ဗြဟ္မာ့ပြည့် read as ဗြဟ္မာ့ပြည် (Brahmā world)
118140	brahmakāyika	(၁) ဗြဟ္မာအပေါင်း၌ဖြစ်သော၊ ဗြဟ္မာအပေါင်းနှင့်ယှဉ်သော၊ ဗြဟ္မာဗိမာန်၌ဖြစ်သော၊ ဗြဟ္မာပြည်၌ဖြစ်သော၊ သူ။ (၂) ဗြဟ္မာအပေါင်း၏ နေရာဖြစ်သော။ ဗြဟ္မကာယိကဘူမိ်-ကြည့်။	(1) que surge en el conjunto de los *brahmā*; asociado con el conjunto de los *brahmā*; que surge en el *vimāna* de *brahmā*; que surge en el mundo de *brahmā* (dicho de una persona). (2) que es el lugar del conjunto de los *brahmā*. Véase [[brahmakāyikabhūmi]].	(1) arising in the company of the *brahmā*; associated with the company of the *brahmā*; arising in the *vimāna* of *brahmā*; arising in the world of *brahmā* (said of a person). (2) that is the place of the company of the *brahmā*. See [[brahmakāyikabhūmi]].	see-reference left in the Burmese (ဗြဟ္မကာယိကဘူမိ် ကြည့်); stray asat on ဘူမိ် dropped
118147	brahmagajjana	မြက်သောကျုံးဝါးခြင်း။	el rugido excelente.	the excellent roar.	မြက် read as မြတ် (excellent); ကျုံးဝါး read as ကြုံးဝါး (roar)
118160	brahmacariya	(၁) မြတ်-တိုးပွါး-ဖြူစင်-သန်ရှင်း-သော အကျင့်၊ မြတ်ကုန်သော သူတို့၏အကျင့်၊ မြတ်သောသူတို့ကျင့်အပ်သော အကျင့်၊ မြတ်သော နိဗ္ဗာန် အလို့ငှါ ကျင့်အပ်သော အကျင့်။ (၂) ဗြဟ္မာမင်းတို့၏အကျင့်။ (၃) မြတ်သော အကျင့်ကို ကျင့်သုံးခြင်း။ (က) ဒါန။ (ခ) သေယျာဝစ္စ။ (ဂ) ငါးပါးသီလ။ (ဃ) အပ္ပမညာ ၄-ပါး။ (င) မေထုန်မှ ရှောင်ကြဉ်မှု။ (စ) မိမိမယားဖြင့် ရောင့်ရဲတင်းတိမ်မှု၊ (ဆ) ဝီရိယ။ (ဇ) အဋ္ဌင်္ဂဥပုသ်။ (ဈ) အရိယာမဂ်။ (ည) သာသနာ။ (ဋ) ဓမ္မဒေသနာ။ (ဋ္ဌ) အဇ္ဈာသယ။ (ဍ) သမဏဓမ္မ=ရဟန်းတရား။ (ဎ) အာဘိသမာစာရိကသီလ။ (ဏ) လိင်္ဂဗြဟ္မစရိယများကို အရာအားလျော်စွာ ကောက်ယူရသည်။	(1) la práctica excelente / creciente / blanca / pura; la práctica de las personas excelentes; la práctica practicada por las personas excelentes; la práctica practicada para el excelente Nibbāna. (2) la práctica de los reyes *brahmā*. (3) el practicar la práctica excelente. (a) *dāna*. (b) *seyyāvacca*. (c) los cinco *sīla*. (d) las 4 *appamaññā*. (e) la abstención del acto sexual. (f) el contentarse con la propia esposa; (g) *vīriya*. (h) el *aṭṭhaṅguposatha*. (i) el *ariyamagga*. (j) *sāsanā*. (k) *dhammadesanā*. (l) *ajjhāsaya*. (m) *samaṇadhamma* = la conducta propia del monje. (n) *ābhisamācārikasīla*. (o) *liṅgabrahmacariya*; han de tomarse según el contexto.	(1) the excellent / growing / white / pure practice; the practice of excellent persons; the practice practised by excellent persons; the practice practised for the sake of excellent Nibbāna. (2) the practice of the *brahmā* kings. (3) practising the excellent practice. (a) *dāna*. (b) *seyyāvacca*. (c) the five *sīla*. (d) the 4 *appamaññā*. (e) abstention from sexual intercourse. (f) contentment with one's own wife; (g) *vīriya*. (h) the *aṭṭhaṅguposatha*. (i) the *ariyamagga*. (j) *sāsanā*. (k) *dhammadesanā*. (l) *ajjhāsaya*. (m) *samaṇadhamma* = the monk's proper conduct. (n) *ābhisamācārikasīla*. (o) *liṅgabrahmacariya*; these are to be taken according to context.	(1) သန်ရှင်း read as သန့်ရှင်း; (b) သေယျာဝစ္စ probably for ဝေယျာဝစ္စ (veyyāvacca), copied as printed; closing clause 'to be taken according to context' read as applying to the whole list (a)-(o)
118162	brahmacariyaggahaṇa	ဗြဟ္မစရိယကဒ္ဒါဖြင့် မယူခြင်း။	el no tomar(lo) con la palabra *brahmacariya*.	not taking (it) by the word *brahmacariya*.	ကဒ္ဒါ read as သဒ္ဒါ (word); မယူခြင်း 'not taking' is odd for -ggahaṇa, perhaps for ယူခြင်း
118174	brahmacariyaparāyaṇa	မြတ်သောအကျင့်လျှင်-ကိုးကွယ်-လည်းလျောင်း-ပုန်းအောင်း-မှီခို-အားထား-ရာရှိသော၊ မြတ်သော အကျင့်ကို ကျင့်သော၊ သူ။	que tiene la práctica excelente como refugio / lugar de reposo / escondite / apoyo / sostén; que practica la práctica excelente (dicho de una persona).	having the excellent practice as refuge / resting place / hiding place / support / reliance; practising the excellent practice (said of a person).	လည်းလျောင်း read as လဲလျောင်း (lie down, rest)
118175	brahmacariyaparāyana	မြတ်သောအကျင့်လျှင်-ကိုးကွယ်-လည်းလျောင်း-ပုန်းအောင်း-မှီခို-အားထား-ရာရှိသော၊ မြတ်သော အကျင့်ကို ကျင့်သော၊ သူ။	que tiene la práctica excelente como refugio / lugar de reposo / escondite / apoyo / sostén; que practica la práctica excelente (dicho de una persona).	having the excellent practice as refuge / resting place / hiding place / support / reliance; practising the excellent practice (said of a person).	လည်းလျောင်း read as လဲလျောင်း (lie down, rest)
118190	brahmacariyādhikāra	မြတ်သောအကျင့်ဟူသော လွန်ကဲသော ကောင်းမှုကုသိုလ်။	la buena acción y el mérito sobresalientes que son la práctica excelente.	the outstanding good deed and merit that is the excellent practice.	ကောင်းမှုကုသိုလ် rendered as merit (mérito), not sano
118194	brahmacariyesanā	မြတ်သော အကျင့်-အကျင့်မြတ်-ကို ရှားမှီးခြင်း။	el buscar la práctica excelente / la práctica noble.	seeking the excellent practice / the noble practice.	ရှားမှီး read as ရှာမှီး (seek)
118195	brahmacariyogadha	(က) (အရဟတ္တမက်ဟု ဆိုအပ်သော) မြတ်သောအကျင့်၏ တည်ရာဖြစ်သော (နိဗ္ဗာန်)။ (ခ) မြတ်သောအကျင့်သို့ သက်ဝင်၍ တည်သော (သုခ)။	(a) que es el lugar de asiento de la práctica excelente (llamada *arahattamagga*) (Nibbāna). (b) que permanece habiendo entrado en la práctica excelente (la felicidad).	(a) that is the place where the excellent practice (called *arahattamagga*) rests (Nibbāna). (b) that abides having entered into the excellent practice (happiness).	(a) အရဟတ္တမက် read as အရဟတ္တမဂ်
118197	brahmacāriabhipatthana	မြတ်သေအာကျင့်ကို ကျင့်လေ့ရှိသူတို့၏ လွန်ကဲသော တောင့်တခြင်း။	el anhelo excesivo de los que suelen practicar la práctica excelente.	the excessive longing of those in the habit of practising the excellent practice.	မြတ်သေအာကျင့် read as မြတ်သောအကျင့်
118202	brahmacārī	မြတ်သောအကျင့်ကို ကျင့်လေ့ရှိသော၊	que suele practicar la práctica excelente.	in the habit of practising the excellent practice.	definition ends with ၊ and no သူ / သည်: apparently truncated
118225	brāhmañña	(၁) မြတ်သည်၏အဖြစ်။ (၂) ပုဏ္ဏား၏အဖြစ်၊ ပုဏ္ဏားဇာတ်,ပုဏ္ဏားမျိုး။ (၃) ပုဏ္ဏားတို့၏တရား။ (တိ) (၄) မကောင်းမှုကို အပပြုပြီးသော၊ မြတ်သော ဘုရားထံ၌ဖြစ်သော၊ မြတ်သောဘုရား၏သားဖြစ်သော၊ မြတ်သော အရိယာမဂ်ကိုသိသော၊ သူ။ (၅) အရိယာပုဂ္ဂိုလ်ကို ပူဇော်တတ်သော၊ သူ။	(1) el hecho de ser excelente. (2) el hecho de ser brahmán; la casta brahmánica, el linaje brahmánico. (3) la ley de los brahmanes. (adjetivo) (4) que ha apartado las malas acciones; que surge junto al excelente Buddha; que es hijo del excelente Buddha; que conoce el excelente *ariyamagga* (dicho de una persona). (5) que suele venerar a los *ariyapuggala* (dicho de una persona).	(1) the state of being excellent. (2) the state of being a brahmin; brahmin caste, brahmin lineage. (3) the law of the brahmins. (adjective) (4) who has put away evil deeds; arising in the presence of the excellent Buddha; being a son of the excellent Buddha; knowing the excellent *ariyamagga* (said of a person). (5) apt to honour the *ariyapuggala* (said of a person).	(3) ပုဏ္ဏားတို့၏တရား rendered 'law of the brahmins'
118226	brahmañña	(၁) မြတ်သည်၏အဖြစ်။ (၂) ပုဏ္ဏား၏အဖြစ်၊ ပုဏ္ဏားဇာတ်,ပုဏ္ဏားမျိုး။ (၃) ပုဏ္ဏားတို့၏တရား။ (တိ) (၄) မကောင်းမှုကို အပပြုပြီးသော၊ မြတ်သော ဘုရားထံ၌ဖြစ်သော၊ မြတ်သောဘုရား၏သားဖြစ်သော၊ မြတ်သော အရိယာမဂ်ကိုသိသော၊ သူ။ (၅) အရိယာပုဂ္ဂိုလ်ကို ပူဇော်တတ်သော၊ သူ။	(1) el hecho de ser excelente. (2) el hecho de ser brahmán; la casta brahmánica, el linaje brahmánico. (3) la ley de los brahmanes. (adjetivo) (4) que ha apartado las malas acciones; que surge junto al excelente Buddha; que es hijo del excelente Buddha; que conoce el excelente *ariyamagga* (dicho de una persona). (5) que suele venerar a los *ariyapuggala* (dicho de una persona).	(1) the state of being excellent. (2) the state of being a brahmin; brahmin caste, brahmin lineage. (3) the law of the brahmins. (adjective) (4) who has put away evil deeds; arising in the presence of the excellent Buddha; being a son of the excellent Buddha; knowing the excellent *ariyamagga* (said of a person). (5) apt to honour the *ariyapuggala* (said of a person).	(3) ပုဏ္ဏားတို့၏တရား rendered 'law of the brahmins'
118234	brahmattabhāva	ဗြဟ္မာ၏-အတ္တတော-ခန္ဓာကိုယ်။	la existencia individual / el cuerpo de *brahmā*.	the individual existence / the body of *brahmā*.	အတ္တတော read as အတ္တဘော (attabhāva)
118235	brahmattabhāvasaññita	ဗြဟ္မာ၏ အတ္တကောဟု သမုတ်အပ်သော။	designado convencionalmente como la existencia individual de *brahmā*.	conventionally designated as the individual existence of *brahmā*.	အတ္တကော read as အတ္တဘော (attabhāva)
118267	brahmapatha	မြတ်သော-ခရီး-လမ်းစဉ်။ (က) ဗြဟ္မာ့ပြည်သွားရာခရီး၊ ဗြဟ္မာ့ပြည်ရောက်ကြောင်းလမ်းစဉ်။ (ခ) နိဗ္ဗာန်ခရီး၊ နိဗ္ဗာန်ရောက်ကြောင်းလမ်းစဉ်။ (၈) ဗြဟ္မဝိဟာရလမ်းစဉ်။ (ဃ) ဖလသမာပတ်လမ်းစဉ်။	el viaje / camino excelente. (a) el viaje por el que se va al mundo de *brahmā*; el camino que conduce al mundo de *brahmā*. (b) el viaje a Nibbāna; el camino que conduce a Nibbāna. (c) el camino del *brahmavihāra*. (d) el camino de la *phalasamāpatti*.	the excellent journey / path. (a) the journey by which one goes to the *brahmā* world; the path leading to the *brahmā* world. (b) the journey to Nibbāna; the path leading to Nibbāna. (c) the path of the *brahmavihāra*. (d) the path of *phalasamāpatti*.	the third sense marker is printed (၈), read as (ဂ) = (c)
118275	brahmaputta	ဗြဟ္မပုတ္တအဆိပ်။	el veneno *brahmaputta*.	the *brahmaputta* poison.	name of a poison, not identified
118278	brahmappatta	မြတ်သည်၏အဖြစ်တို့ရောက်သော၊ သူ။ ဗြဟ္မပ(ပ္ပ)တ္တ-ကြည့်။	que ha llegado al estado de ser excelente (dicho de una persona). Véase [[brahmapa(ppa)tta]].	who has reached the state of being excellent (said of a person). See [[brahmapa(ppa)tta]].	'see' left in the Burmese, with a variant spelling; တို့ printed for သို့
118284	brahmabhāvasādhaka	ဗြဟ္မာ၏အဖြစ်ကို ပြီးစေတတ်သော။ ဗြဟ္မပ(ပ္ပ)တ္တ-ကြည့်။	que suele llevar a cabo la condición de *brahmā*. Véase [[brahmapa(ppa)tta]].	apt to accomplish the state of *brahmā*. See [[brahmapa(ppa)tta]].	'see' left in the Burmese, with a variant spelling
118315	brahmalokāgamana	ဗြဟ္မာပြည်သို့ ကြွလာခြင်း။	el venir al mundo de *brahmā*.	the coming to the *brahmā* world.	ကြွ is honorific (coming of a noble or holy person)
118320	brahmalokūpapatti	ဗြဟ္မာပြည်သို့ ကပ်ရောက်ခြင်း၊ ဗြဟ္မာပြည်လာခြင်း။	el llegar hasta el mundo de *brahmā*; el venir al mundo de *brahmā*.	the arriving at the *brahmā* world; the coming to the *brahmā* world.	လာ (come) where 118317 has လား (go); possibly a misprint
118325	brahmavaḍḍhana	ဗြဟ္မာဍ္ဎနမြို့။	la ciudad de *brahmāḍḍhana*.	the city of *brahmāḍḍhana*.	name printed ဗြဟ္မာဍ္ဎန, probably for ဗြဟ္မဝဍ္ဎန
118326	brahmavaḍḍhananagara	ဗြဟ္မ-ဝဍ္ဎနမြို့။	la ciudad de *brahma-vaḍḍhana*.	the city of *brahma-vaḍḍhana*.	hyphen inside the name kept as printed; it is not an alternative
118332	brahmavatī	ဗြဟ္မာတီမည်သော မိန်းမ။	la mujer llamada *brahmātī*.	the woman named *brahmātī*.	name printed ဗြဟ္မာတီ, probably for ဗြဟ္မဝတီ
118333	brahmavatthu	မြဟ္မာတို့၏နေရာ၊ ဗြဟ္မာဘုံ။ «S1»	el lugar de los *brahmā*; la *bhūmi* de *brahmā*. Véase [[brahmaṭṭhāna]].	the place of the *brahmā*; the *brahmā* *bhūmi*. See [[brahmaṭṭhāna]].	first word printed မြဟ္မာ, read as ဗြဟ္မာ
118336	brahmavihāra	ဗြဟ္မာတို့၏ နေခြင်းနှင့်တူသော နေခြင်း၊ မြတ်ကုန်သော သူတို့၏ နေခြင်း၊ မြတ်သော နေခြင်း၊ ဗြဟ္မဝိဟာရတရား၊ ဗြဟ္မစိုရ်တရား။	el morar semejante al morar de los *brahmā*; el morar de los seres excelentes; el morar excelente; el estado *brahmavihāra*; el estado *brahmavihāra*.	a dwelling like the dwelling of the *brahmā*; the dwelling of excellent beings; the excellent dwelling; the *brahmavihāra* state; the *brahmavihāra* state.	the last two alternatives are the Pāḷi and the Burmese-loan forms (ဗြဟ္မစိုရ်) of the same term
118349	brahmavihārabhāvanāpharita	ဗြဟ္မဝိဟာရကာဝနာပြန့်နှံ့ရာဖြစ်သော။	que es el lugar por el que se extiende el *brahmavihārabhāvanā*.	that is the place over which the *brahmavihārabhāvanā* spreads.	printed ဗြဟ္မဝိဟာရကာဝနာ, read as ဗြဟ္မဝိဟာရဘာဝနာ
118352	brahmavihārasaññāgata	ဗြဟ္မဝိဟာရသညာ။	la *brahmavihārasaññā*.	the *brahmavihārasaññā*.	a noun given for an adjective headword (-saññāgata)
118358	brahmavihārānantaraṁ	ဗြဟ္မဝိဟာရ (ကို အကျယ်ပြပြီးသည်) ၏အခြားမဲ့၌။	inmediatamente después de (haber expuesto en detalle) el *brahmavihāra*.	immediately after (having set out in detail) the *brahmavihāra*.	label ဗျ (indeclinable) is not in the label table
118362	brahmasaṁyutta	ဗြဟ္မာတို့မေးလျှောက်သဖြင့် ဟောကြားအပ်သော သုတ်အပေါင်း၊ ဗြဟ္မသံယုတ်။ ဗြဟ္မသံယုတ္တဿ ပဌမေ-ကြည့်။	el conjunto de suttas expuestos a raíz de las preguntas de los *brahmā*; el *brahmasaṁyutta*. Véase [[brahmasaṁyuttassa paṭhame]].	the collection of suttas taught in answer to the questions of the *brahmā*; the *brahmasaṁyutta*. See [[brahmasaṁyuttassa paṭhame]].	'see' left in the Burmese
118373	brahmassaranipphatti	ဗြဟ္မာမင်းအသံနှင့်တူသော အသံ၏-ပြီး-	la consumación … de una voz semejante a la voz del rey *brahmā*.	the accomplishment … of a voice like the voice of King *brahmā*.	definition truncated after -ပြီး- (the alternatives of nipphatti are cut off)
118386	brahmipatta	ဗြဟ္မေရက်၊ ထောမ၌ ဗြဟ္မီကို သာကဘေဒ=ဟင်းရွက်တစ်မျိုး။	la hoja de ‹ဗြဟ္မေ›; *brahmī* se explica como *sākabheda* = una clase de hortaliza de hoja.	the leaf of ‹ဗြဟ္မေ›; *brahmī* is explained as *sākabheda* = a kind of leaf vegetable.	ရက် probably for ရွက် (leaf); plant ‹ဗြဟ္မေ› not identified (perhaps brāhmī, tentative); source tag ထောမ dropped
118387	brahmīpatta	ဗြဟ္မေရက်၊ ထောမ၌ ဗြဟ္မီကို သာကဘေဒ=ဟင်းရွက်တစ်မျိုး။	la hoja de ‹ဗြဟ္မေ›; *brahmī* se explica como *sākabheda* = una clase de hortaliza de hoja.	the leaf of ‹ဗြဟ္မေ›; *brahmī* is explained as *sākabheda* = a kind of leaf vegetable.	ရက် probably for ရွက် (leaf); plant ‹ဗြဟ္မေ› not identified (perhaps brāhmī, tentative); source tag ထောမ dropped
118400	brāhmaṇa	(၁) ပုဏ္ဏား၊ ဗြာဟ္မဏ။	(1) brahmán; *brāhmaṇa*.	(1) brahmin; *brāhmaṇa*.	only sense (1) is given
118445	brāhmaṇadhammikapabbajjā	ပုဏ္ဏားအကျင့်ရှိသော ရသေ့ရဟန်းအဖြစ်။	la condición de monje ermitaño que sigue la práctica brahmán.	the state of a hermit monk who follows the brahmin practice.	ရသေ့ရဟန်း read as hermit-monk (isi-pabbajita); ရဟန်း rendered monje per L102
118452	brāhmaṇapabbajjā	(၁) ပုဏ္ဏားအကျင့်ရှိသော ရသေ့ ရဟန်းအဖြစ်။ «S1» (၂) ပုဏ္ဏားမှ ဖြစ်လာသော ရသေ့ရဟန်းအဖြစ်၊ ပုဏ္ဏားမျိုး ရသေ့ရဟန်းအဖြစ်။	(1) la condición de monje ermitaño que sigue la práctica brahmán. Véase [[brāhmaṇadhammikapabbajjā]]. (2) la condición de monje ermitaño procedente de los brahmanes; la condición de monje ermitaño de linaje brahmán.	(1) the state of a hermit monk who follows the brahmin practice. See [[brāhmaṇadhammikapabbajjā]]. (2) the state of a hermit monk who came from the brahmins; the state of a hermit monk of brahmin lineage.	ရသေ့ရဟန်း read as hermit-monk; ရဟန်း rendered monje per L102
118486	brāhmaṇavagga	ဗြာဟ္မဏဝဂ်၊ ဘုရားထံရောက်လာသော ပုဏ္ဏားတို့အား။ (မေးမြန်းသည့် ပြဿနာအားလျော်စွာ) ဖြေဆို-ဟောကြား-ရာစကားစု-အကြောင်းဝတ္ထု။	el *brāhmaṇavagga*; el conjunto de palabras / relato en que se responde / enseña a los brahmanes que acudían al Buddha (de acuerdo con las cuestiones que planteaban).	the *brāhmaṇavagga*; the body of words / account in which the brahmins who came to the Buddha are answered / taught (in accordance with the questions they asked).	a full stop is printed after အား, splitting the sentence; read as one sentence
118497	brāhmaṇavādī	ဗြာဟ္မဏအယူဝါဒရှိသော၊ သူ။ ဗြာဟ္မဏ(တိ)-(၃)-ကြည့်။	que tiene la doctrina *brāhmaṇa* (dicho de una persona). Véase [[brāhmaṇa]] (adjetivo) (3).	holding the *brāhmaṇa* doctrine (said of a person). See [[brāhmaṇa]] (adjective) (3).	'see' left in the Burmese, with label and sense number
118502	brāhmaṇavesadhārī	ပုဏ္ဏားအသွင်ဆောင်သော၊ ပုဏ္ဏားယောဆောင်သော၊ သူ။	que adopta la apariencia de brahmán; que se hace pasar por brahmán (dicho de una persona).	bearing the appearance of a brahmin; who poses as a brahmin (said of a person).	ယော printed for ယောင် (guise)
118518	brāhmaṇisi	ပုဏ္ဏားမှဖြစ်လာသော ရသေ့ရဟန်း၊ ပုဏ္ဏားမျိုးရသေ့ရဟန်း။ «S1»	el monje ermitaño procedente de los brahmanes; el monje ermitaño de linaje brahmán. Véase también [[brāhmaṇapabbajita]].	a hermit monk who came from the brahmins; a hermit monk of brahmin lineage. See also [[brāhmaṇapabbajita]].	ရသေ့ရဟန်း read as hermit-monk; ရဟန်း rendered monje per L102
118519	brāhmaṇī	(၁) ပုဏ္ဏေးမ၊ ပုဏ္ဏားမ။ (၂) ဗြာဟ္မဏီမည်သော ရတနာတစ်မျိုး။	(1) la brahmina; la mujer brahmán. (2) una clase de gema llamada *brāhmaṇī*.	(1) a brahmin woman; a female brahmin. (2) a kind of gem called *brāhmaṇī*.	the gem ⟦ဗြာဟ္မဏီ⟧ is not identified
118525	bruvitu	ဆိုလော။ «S1»	que diga. Véase [[bravīti]].	let him say. See [[bravīti]].	imperative (-လော), 3rd person
118527	brūtha	ဆိုကုန်လော။ «S1»	que digan. Véase [[bravīti]].	let them say. See [[bravīti]].	imperative plural (-ကုန်လော); the headword is 2nd person plural, rendered in the 3rd
118528	brūmi	ဆို၏။ «S1»	digo. Véase [[bravīti]].	I say. See [[bravīti]].	1st-person headword (-mi) rendered in the 1st person; the Burmese has ဆို၏
118530	brūhakaraṇa	(အံ၊ဋီ၊၃။ ၁၉၀) သည် ဗျူဟ-ကရဏမှ ပျက်ယွင်းလာသောပုဒ်ဖြစ်သည်။	es una palabra corrompida a partir de *byūha-karaṇa*.	is a word corrupted from *byūha-karaṇa*.	the subject is the citation (AṄ-ṬĪ 3.190), dropped; the hyphen inside the Pāḷi is kept as printed
118538	brūhaya	တိုးပွါးစေလော။ «S1»	que haga aumentar. Véase [[brūheti]].	let him cause to increase. See [[brūheti]].	imperative (-လော), 3rd person; label ကာ၊ကြိ (causative verb)
118542	brūhayamāna	တိုးပွါးစေတတ်သော၊ သူ။ (ကြိ၊ဝိ) တိုးပွါးစေလျက်။	que suele hacer aumentar (dicho de una persona). (verbo, adverbio) haciendo aumentar.	apt to cause to increase (said of a person). (verb, adverb) causing to increase.	inner label (ကြိ၊ဝိ) not in the table; ဝိ read as adverbial (visesana), uncertain
118544	brūhi	ဆိုလော၊ ဟောတော်မူပါလော။ «S1»	que diga; que se digne enseñar. Véase [[bravīti]].	let him say; may he deign to teach. See [[bravīti]].	imperative (-လော); headword is 2nd person singular, rendered in the 3rd
118557	brūheyyāsi	တိုးပွါးစေရာ၏။ «S1»	haría aumentar. Véase [[brūheti]].	would cause to increase. See [[brūheti]].	headword is 2nd person singular (-eyyāsi), rendered in the 3rd
118559	brūhehi	တိုးပွါးစေလော့။ «S1»	que haga aumentar. Véase [[brūheti]].	let him cause to increase. See [[brūheti]].	imperative (-လော့); headword is 2nd person singular, rendered in the 3rd
118562	bha	ပိတုန်း။	el abejorro.	the bumblebee.	ပိတုန်း: a large black bee; identification approximate
118563	bha	ဘ,ဂိုဏ်း။	*bha*, el grupo.	*bha*, the group.	probably the prosodic foot bha-gaṇa (– ∪ ∪); tentative
118564	bhaṁsati	တွဲရရွဲဆွဲ၏။	pende colgando.	hangs dangling.	တွဲရရွဲဆွဲ read as 'hangs dangling'; uncertain
118572	bhakkhaya	ခဲစားလော။ «S1»	que coma. Véase [[bhakkheti]].	let him eat. See [[bhakkheti]].	imperative (-လော); headword is 2nd person singular, rendered in the 3rd
118577	bhakkhayāma	ခဲစားကုန်၏။ «S1»	comemos. Véase [[bhakkheti]].	we eat. See [[bhakkheti]].	1st-person headword (-āma) rendered in the 1st person; the Burmese has ခဲစားကုန်၏
118578	bhakkhayāmase	ခဲစားကုန်၏။ «S1»	comemos. Véase [[bhakkhati]].	we eat. See [[bhakkhati]].	1st-person headword (-āmase) rendered in the 1st person; the Burmese has ခဲစားကုန်၏
118581	bhakkhayissasi	ခဲစားရလတ္တံ့။ «S1»	llegará a comer. Véase [[bhakkheti]].	will get to eat. See [[bhakkheti]].	headword is 2nd person singular future; rendered in the 3rd (လတ္တံ့ is 2nd/3rd)
118585	bhakkhasādī	အစာအာဟာရ_ကို စားသော၊ သူ။	que come alimento *āhāra* (dicho de una persona).	who eats food, *āhāra* (said of a person).	a stray underscore is printed after အာဟာရ
118586	bhakkhasārī	(ဇာ၊၁။ ၃၆၁) သည် ဘက္ခသာဒီမှ ပျက်ယွင်းလာသော ပုဒ်ဖြစ်သည်။	es una palabra corrompida a partir de *bhakkhasādī*.	is a word corrupted from *bhakkhasādī*.	the subject is the citation (JĀ 1.361), dropped
118588	bhakkhāmi	ခဲစား၏။ «S1»	como. Véase [[bhakkhati]].	I eat. See [[bhakkhati]].	1st-person headword (-āmi) rendered in the 1st person; the Burmese has ခဲစား၏
118591	bhakkhitabbayuttaka	ခဲစားတိုက်သည်နှင့်ယှဉ်သော၊ ခဲစားထိုက်သော၊ စားကောင်းသော။	asociado con el ser digno de ser comido; digno de ser comido; bueno para comer.	connected with being fit to be eaten; fit to be eaten; good to eat.	တိုက် printed for ထိုက် (fit)
118596	bhakkhula	ခဲစားခြင်းငှါဖြစ်စေတတ်သူ၊ ခဲစားတတ်သူ (ဘီလူး-ရက္ခိုက်-စသည်။	el que suele disponer (algo) para comer; el que suele comer (*yakkha* / *rakkhasa* y demás).	one apt to make (something) be for eating; one apt to eat (*yakkha* / *rakkhasa* and so on).	closing bracket missing in the print; first alternative (ခဲစားခြင်းငှါဖြစ်စေတတ်သူ) unclear
118599	bhakkhesiṁ	ခဲစားပြီ။ «S1»	comí. Véase [[bhakkheti]].	I ate. See [[bhakkheti]].	1st-person headword (-iṁ) rendered in the 1st person; the Burmese has ခဲစားပြီ
118603	bhaga	(၁) ဘုန်းတော်။ (က) ဣဿရိယဘုန်းတော်=မိမိ စက်တော်ကို အစိုးရနိုင်နင်းခြင်း ဘုန်းတော်။ «S1» (ခ) ဓမ္မဘုန်းတော်=လောကုတ္တရာတရားနှင့် ပြည့်စုံတော်မူခြင်း ဘုန်းတော်။ «S2» (ဂ) ယသဘုန်းတော်=အခြံအရံ အကျော်အစောနှင့် ပြည့်စုံတော်မူခြင်းဘုန်းတော်။ «S3» (ဃ) သိရီဘုန်းတော်=လက္ခဏာတော် ကြီးငယ်အသွယ်သွယ်နှင့် ပြည့်စုံသဖြင့် လှပတင့်တယ်တော်မူခြင်း ဘုန်းတော်။ «S4» (င) ကာမဘုန်းတော်=အလိုရှိတိုင်းသော အတ္တဟိတ ပရဟိတကို ပြီးစီးစေနိုင်ခြင်း ဘုန်းတော်။ «S5» (စ) ပယတ္တဘုန်းတော်=အများ လေးစားလောက်သော လုံ့လဝီရိယနှင့် ပြည့်စုံခြင်းဘုန်းတော်။ «S6» (၂) လောကီ လောကုတ္တရာစည်းစိမ်။ «S7» (န) (၃) ဝစ္စမဂ်။ «S8» (၄) အင်္ဂါဇာတ်။	(1) la gloria. (a) la gloria *issariya* = la gloria de poder gobernar y dominar la propia mente. Véase [[issariya]]. (b) la gloria *dhamma* = la gloria de estar dotado de los estados *lokuttara*. Véase [[dhamma]]. (c) la gloria *yasa* = la gloria de estar dotado de séquito y fama. Véase [[yasa]]. (d) la gloria *sirī* = la gloria de ser hermoso y resplandeciente por estar dotado de las diversas marcas mayores y menores. Véase [[sirī]]. (e) la gloria *kāma* = la gloria de poder llevar a cabo el *attahita* y el *parahita* según se desee. Véase [[kāma]]. (f) la gloria *payatta* = la gloria de estar dotado de un esfuerzo *vīriya* digno del respeto de muchos. Véase [[payatta]]. (2) la prosperidad *lokiya* y *lokuttara*. Véase [[bhavaya]] (d). (neutro) (3) el ano. Véase [[bhagandalā]]. (4) el órgano sexual.	(1) glory. (a) the *issariya* glory = the glory of being able to govern and master one's own mind. See [[issariya]]. (b) the *dhamma* glory = the glory of being endowed with the *lokuttara* states. See [[dhamma]]. (c) the *yasa* glory = the glory of being endowed with retinue and fame. See [[yasa]]. (d) the *sirī* glory = the glory of being beautiful and splendid through being endowed with the various major and minor marks. See [[sirī]]. (e) the *kāma* glory = the glory of being able to accomplish *attahita* and *parahita* as one wishes. See [[kāma]]. (f) the *payatta* glory = the glory of being endowed with *vīriya* effort worthy of the respect of many. See [[payatta]]. (2) *lokiya* and *lokuttara* prosperity. See [[bhavaya]] (d). (neuter) (3) the anus. See [[bhagandalā]]. (4) the sexual organ.	in (a) စက်တော် read as စိတ်တော် (mind); uncertain
118604	bhagandara	ဘဂန္ဒိုရ်နာ၊ ဂရင်ဂျီနာ။ «S1»	la enfermedad *bhagandara*; la enfermedad ‹ဂရင်ဂျီ›. Véase [[bhagandarasaṁsaṭṭha]].	the *bhagandara* disease; the ‹ဂရင်ဂျီ› disease. See [[bhagandarasaṁsaṭṭha]].	bhagandara is usually the (anal) fistula; ‹ဂရင်ဂျီ› not identified, perhaps the same
118607	bhagandalā	ဘဂန္ဒိုရ်နာ၊ ဂရင်ဂျီနာ။	la enfermedad *bhagandara*; la enfermedad ‹ဂရင်ဂျီ›.	the *bhagandara* disease; the ‹ဂရင်ဂျီ› disease.	‹ဂရင်ဂျီ› not identified (fistula?)
118608	bhagandalābādha	ဘဂန္ဒိုရ်နာ၊ ဂရင်ဂျီနာ။	la enfermedad *bhagandara*; la enfermedad ‹ဂရင်ဂျီ›.	the *bhagandara* disease; the ‹ဂရင်ဂျီ› disease.	‹ဂရင်ဂျီ› not identified (fistula?)
118612	bhagava	(က) သီလစသောဂုဏ်တို့ကို-မှီဝဲ-တောင့်တ-တတ်သောဘုရား။ (ခဝ သိရီစသော ဘုန်းတော်တို့ကို-ထွေးအန်-စွန့်လွှတ်-တတ်သောဘုရား။ (ဂ) ဩကာသ လောက၏တင့်တယ်မှု၌ တပ်မက်ခြင်းကို-ထွေးအန်-ပယ်စွန့်-တတ်သောဘုရား။ (ဃ) လောကီ လောကုတ်စည်းစိမ်တို့ကို-မှီဝဲ-သုံးဆောင်-ခံစား-တတ်သော ဘုရား။ (င) သမာပတ်တို့ကို-မှီဝဲ-ဝင်စား-တော်မူသောဘုရား။ «S1» (စ) သဘာဝတရား-ကုသိုလ်,အကုသိုလ်စသောဘုရား-တို့ကို-ထွေးအန်-ပယ်စွန့်-တော်မူသောဘုရား။	(a) el Buddha que suele frecuentar / anhelar las virtudes que comienzan por *sīla*. (b) el Buddha que suele escupir / desechar las glorias que comienzan por *sirī*. (c) el Buddha que suele escupir / abandonar la pasión por el esplendor del *okāsa loka*. (d) el Buddha que suele frecuentar / usar / disfrutar la prosperidad *lokiya* y *lokuttara*. (e) el Buddha que frecuenta / entra en las *samāpatti*. Véase [[buddha]]. (f) el Buddha que escupe / abandona los estados *sabhāva* / los estados sanos o insanos y demás.	(a) the Buddha apt to frequent / long for the virtues beginning with *sīla*. (b) the Buddha apt to spit out / discard the glories beginning with *sirī*. (c) the Buddha apt to spit out / abandon passion for the splendour of the *okāsa loka*. (d) the Buddha apt to frequent / use / enjoy *lokiya* and *lokuttara* prosperity. (e) the Buddha who frequents / enters the *samāpatti*. See [[buddha]]. (f) the Buddha who spits out / abandons the *sabhāva* states / the wholesome or unwholesome states and so on.	marker (ခဝ printed for (ခ); in (f) စသောဘုရား read as စသောတရား (states)
118616	bhagavā	ဘာသုံးပါးတို့၌-တဏှာဟူသော သွားခြင်းကို-သွားတတ်သော တဏှာကို-ပျို့အန်-စွန့်ပစ်-တော်မူသော ဘုရား။ «S1»	el Buddha que ha vomitado / desechado la *taṇhā*, que suele ir, con el ir llamado *taṇhā*, en los tres *bhā*. Véase [[bhagavantu]].	the Buddha who has vomited / cast off *taṇhā*, which is apt to go, with the going called *taṇhā*, in the three *bhā*. See [[bhagavantu]].	etymological gloss bha-ga-vanta; the first two hyphens join its Pāḷi elements rather than alternatives; ဘာ presumably the three bhava
118617	bhagasadda	သဂ-သဒ္ဒါ။	la palabra *saga*.	the word *saga*.	သဂ probably printed for ဘဂ
118630	bhaginī	(၁) နှမ၊ အစ်မ၊ ညီမ။ (၂) မညှုိးပန်း။ ဥပသကာပင်။ စကားစိမ်း။	(1) la hermana; la hermana mayor; la hermana menor. (2) la flor ‹မညှုိး›. La planta ‹ဥပသကာ›. ‹စကားစိမ်း›.	(1) sister; elder sister; younger sister. (2) the ‹မညှုိး› flower. The ‹ဥပသကာ› plant. ‹စကားစိမ်း›.	three plant names not identified (မညှုိးပန်း perhaps globe amaranth, tentative)
118631	bhaginīmāla	မညှုိးပန်းပင်။ ဘဂိနိမာလာ မည်သော သစ်ပင်။ ဆင်နှာမောင်းပင်။	la planta de la flor ‹မညှုိး›. El árbol llamado *bhaginimālā*. La planta ‹ဆင်နှာမောင်း›.	the ‹မညှုိး› flower plant. The tree named *bhaginimālā*. The ‹ဆင်နှာမောင်း› plant.	plant names not identified (ဆင်နှာမောင်း 'elephant's trunk', perhaps Indian heliotrope, tentative)
118633	bhagī	ဘုန်းတော်ခြောက်ပါးနှင့် ပြည့်စုံတော်မူသော ဘုရား။ (ဘုန်းတော်၆-ပါးကို ဘဂ-ကြည့်ပါ)။	el Buddha dotado de las seis glorias. (Para las seis glorias, véase *bhaga*.)	the Buddha endowed with the six glories. (For the six glories, see *bhaga*.)	'see' left in the Burmese
118635	bhagīrasa	ဘဂီရသ မင်း။ ဒုဒိပေါ သာဂဝ ဖို] ရော သေလော၊ မုဒကိန္ဒော ဘဂီရသော။ ဇာ၊၂။ ၁၈၅။ ဇာ၊ဋ္ဌ၊ ၆။ ၁၂၃။ ဘဒု (၇) [ဘရျ+ဥ။ ဘ+ဂမု+ဥ။ ဘရဘီတိဘပု။ ဘံ ဝါ နက္ခတ္တံ ဂစ္ဆတိ ဇာနာတီတိ ဘဂု၊ ဥ။ ဓာန်၊ ဋိ။ ၁၀၉။ ] (၁) ဘာုရ=သ။ (၂၂ ဘဂုသာကီဝင်မင်းသား။ (၃) ဘဂု ထေရ်။ (ဘာုသာအီဝင်မင်းသားနှင့် ဘဂု ထေရ်သည် တယောက်တည်းဖြစ်၏၊ အခိုက် အတန့်မျှသာ ကွဲသည်။ ) (၁) ဝါသေဋ္ဌော ကဿပေါ ဘာ။ ဝိ၊၃။ ၃၄၃။ ဒီ၊၁။ ၉၇။ မ၊ ၂။ ၃၀၁။ (-အံ၊၂။ ၄၄၃။ ) (၂) အာနန္ဒော စ	el rey *bhagīrasa*. *dudipo sāgava phiu] ro selo. mudakindo bhagīraso*.	King *bhagīrasa*. *dudipo sāgava phiu] ro selo. mudakindo bhagīraso*.	garbled: the quoted Pāḷi verse is corrupt (copied as printed); after its citations the text runs into the etymology and article of bhagu (cf. 118636), with OCR damage, and is cut off; that part is not translated
118638	bhagga	(၁) ဘဂ္ဂမင်းသား။ (၂) ဘဂ္ဂတိုင်း။ (၃) ဘဂ္ဂမည်သူ။ (၄) ခန္ဒနတ်။ (၅) ဖျက်ဆီးခြင်း။ (တိ) (၆) ကုန်းသော၊ သူ။ (၇) ကွေးသော၊ သူ။ «S1» (၈) ဖျက်ဆီးအပ်သော။ (၉) ပျက်စီးသော၊ ချုပ်ဆုံးသော။ (၁၀) အရှိန်အစော်မဲ့သော၊ အားနည်းသော။	(1) el príncipe *bhagga*. (2) el país *bhagga*. (3) el llamado *bhagga*. (4) el *deva* *khanda*. (5) el destruir. (adjetivo) (6) encorvado (dicho de una persona). (7) curvado (dicho de una persona). Véase [[bhaggavibhagga]]. (8) destruido. (9) arruinado; cesado. (10) sin vigor; débil.	(1) the prince *bhagga*. (2) the country *bhagga*. (3) the one named *bhagga*. (4) the *deva* *khanda*. (5) the destroying. (adjective) (6) hunched (said of a person). (7) bent (said of a person). See [[bhaggavibhagga]]. (8) destroyed. (9) ruined; ceased. (10) lacking vigour; weak.	(4) ခန္ဒနတ် perhaps the deity Skanda; tentative
118641	bhaggakāya	ကုန်းသောကိုယ်ရှိသော၊ သူ။ ဘဂ္ဂ(တိ)-(၆)-ကြည့်။	que tiene el cuerpo encorvado (dicho de una persona). Véase [[bhagga]] (adjetivo) (6).	having a hunched body (said of a person). See [[bhagga]] (adjective) (6).	'see' left in the Burmese, with label and sense number
118647	bhaggapiṭṭhi	ကုန်းသောကျောက်ကုန်းရှိသော၊ ခါးကုန်းသော၊ သူ။	que tiene la espalda encorvada; jorobado (dicho de una persona).	having a hunched back; hunchbacked (said of a person).	ကျောက်ကုန်း read as ကျောကုန်း (hunched back)
118652	bhaggarīti	ကျိုးပျက်သော အစဉ်ရှိသော-အစဉ်ကျိုးပျက်သော-အပြစ်ဒေါသ၊ ဘဂ္ဂရီတိဒေါသ။	el defecto que tiene el orden quebrado / cuyo orden está quebrado; el *bhaggarītidosa*.	the fault having a broken order / whose order is broken; the *bhaggarītidosa*.	a fault of composition (poetics); here အပြစ်ဒေါသ is 'fault', not the mental factor dosa
118653	bhaggarītika	ကျိုးပျက်သော အစဉ်ရှိသော-အစဉ်ကျိုးပျက်သော-အပြစ်ဒေါသ၊ ဘဂ္ဂါရီတိ ဒေါသ။	el defecto que tiene el orden quebrado / cuyo orden está quebrado; el *bhaggārīti dosa*.	the fault having a broken order / whose order is broken; the *bhaggārīti dosa*.	a fault of composition (poetics); here အပြစ်ဒေါသ is 'fault', not the mental factor dosa
118654	bhaggava	ဘဂ္ဂဝ-အိုးထိန်း-သည်။	*bhaggava*, el alfarero.	*bhaggava*, the potter.	the hyphens join the name and its gloss, not alternatives
118660	bhaggasarīra	ကုန်းသောကိုယ်ရှိသော၊ ခါးကုန်းသော၊ သူ။ ဘဂ္ဂ-(တိ)-(၆)-ကြည့်။	que tiene el cuerpo encorvado; jorobado (dicho de una persona). Véase [[bhagga]] (adjetivo) (6).	having a hunched body; hunchbacked (said of a person). See [[bhagga]] (adjective) (6).	'see' left in the Burmese, with label and sense number
118662	bhagyavā	(ဝိ၊ဋ္ဌ၊၁။ ၉၅) သည် ဘာဂျဝါမှ ပျက်ယွင်းလာသော ပုဒ်ဖြစ်သည်။ «S1»	es una palabra corrompida a partir de *bhāgyavā*. Véase [[bhāgyavantu]].	is a word corrupted from *bhāgyavā*. See [[bhāgyavantu]].	the subject is the citation (VI-AṬṬHA 1.95), dropped
118663	bhaṅga	(ပု) (၁) (က) ပျက်စီးခြင်း၊ ချုပ်ပျောက်ခြင်း။ (ခ) ပျက်ဆဲ၊ ဘင်။ (၂) လှုိင်းတံပိုး။ (န) (၃) လျှော်သီး။ (၄) လျှော်ချည်။ (၅) ခေါမစသောချည်ငါးမျိုး ရော၍ ကျစ်ထားသောချည်၊ ဘန်ချည်။ (၆) ခေါမစသော ချည်ငါးမျိုးကို ရော၍ရက်အပ်သော-အဝတ်-သင်္ကန်း၊ ဘန်ချည်-အဝတ်-သင်္ကန်း။ (၇) လျှော်ချည်-အဝတ်-သင်္ကန်း။ (၈) ဝေဖန်-နှစ်ဖို့ခွဲ-အပ်သော။ (က) ချိုးဖဲ့အပ်သော။ «S1» (ခ) ကျိုးသော။ «S2»	(masculino) (1) (a) el perecer; el cesar. (b) el momento de estar pereciendo; *bhaṅga*. (2) el oleaje. (neutro) (3) el fruto del cáñamo. (4) el hilo de cáñamo. (5) el hilo trenzado mezclando cinco clases de hilo que comienzan por *khoma*; el hilo ‹ဘန်›. (6) la tela / el hábito tejido mezclando cinco clases de hilo que comienzan por *khoma*; la tela / el hábito de hilo ‹ဘန်›. (7) la tela / el hábito de hilo de cáñamo. (8) dividido / partido en dos. (a) quebrado. Véase [[bhaṅgodaka]]. (b) roto. Véase [[bhaṅgaṭṭhāna]].	(masculine) (1) (a) perishing; ceasing. (b) the moment of perishing; *bhaṅga*. (2) waves, surf. (neuter) (3) the hemp fruit. (4) hemp thread. (5) thread twisted from a mixture of five kinds of thread beginning with *khoma*; ‹ဘန်› thread. (6) cloth / robe woven from a mixture of five kinds of thread beginning with *khoma*; cloth / robe of ‹ဘန်› thread. (7) cloth / robe of hemp thread. (8) divided / split in two. (a) broken off. See [[bhaṅgodaka]]. (b) broken. See [[bhaṅgaṭṭhāna]].	လျှော် rendered hemp (it may be jute); ‹ဘန်› thread not identified
118693	bhaṅgānupassanāpariciṇṇanta	အင်္ဂါနုပဿနာကို လေ့ကျက်ပြီးသည်၏အဆုံး။	el final de haber practicado a fondo la *bhaṅgānupassanā*.	the end of having thoroughly practised the *bhaṅgānupassanā*.	printed အင်္ဂါနုပဿနာ, read as ဘင်္ဂါနုပဿနာ
118702	bhaṅgupagamana	ဘင်-ပျက်-စီးမှု-သို့ရှေးရှုကပ်ရောက်ခြင်း။	el dirigirse y llegar al *bhaṅga* / a la destrucción.	the facing towards and arriving at *bhaṅga* / destruction.	stray hyphen inside ပျက်-စီးမှု, not an alternative
118704	bhaṅgupaccheda	ဘင်မြတ်ခြင်း။	el cortarse del *bhaṅga*.	the cutting off of *bhaṅga*.	printed ဘင်မြတ်ခြင်း; မြတ် read as ပြတ် (cut off), tentative
118705	bhaṅguparama	(သံ၊ဋီ၊၂။ ၁၇၉) သည် ဘင်္ဂုပဂမန မှ ပျက်ယွင်းလာသော ပုဒ်ဖြစ်သည်။	es una palabra corrompida a partir de *bhaṅgupagamana*.	is a word corrupted from *bhaṅgupagamana*.	the subject is the citation (SAṂ-ṬĪ 2.179), dropped
118708	bhaṅguppāda	ဘင်နှင့်ဥပါဒ်၊ ပျက်ဆဲနှင့်ဖြစဆဲ။	el *bhaṅga* y el *uppāda*; el estar pereciendo y el estar surgiendo.	*bhaṅga* and *uppāda*; perishing and arising.	ဖြစဆဲ printed for ဖြစ်ဆဲ
118713	bhacca	(၁) မွေးမြူ-ကျွေးမွေး-ခြင်း။	(1) el criar / el alimentar.	(1) rearing / feeding.	only sense (1) given
118715	bhajati	(၁) (က) ဆည်ကပ်-မှီဝဲ-ကပ်ရောက်-၏။ (ခ) ဖွဲ့စပ်-ငြိကပ်-၏။ (၈) သွား၏။ (ဃ) သက်ဝင်၏၊ သွင်းယူ၏။ (၂) ဝေဖန်၏။	(1) (a) frecuenta / cultiva / se acerca a. (b) une / se adhiere. (c) va. (d) se adentra en; incorpora. (2) reparte.	(1) (a) associates with / cultivates / approaches. (b) joins / adheres. (c) goes. (d) enters into; takes in. (2) divides.	(၈) read as (ဂ) = (c); ဆည်ကပ် read as ဆည်းကပ်
118726	bhajasi	သွားလော။ သဇတိ-(၁,၈)-ကြည့်။	que vaya. Véase [[sajati]] (1, 8).	let him go. See [[sajati]] (1, 8).	see-X left in the Burmese; သဇတိ probably a misprint for ဘဇတိ (bhajati), and (၁,၈) probably (၁,ဂ) = sense 1c 'goes'
118748	bhajī	ဆည်းကပ်-မှီဝဲ-သော သူ (ဘုရား)။	persona que frecuenta / cultiva (el Buddha).	one who associates with / cultivates (the Buddha).	(ဘုရား) unclear: whether the Buddha is the one who associates or the one associated with
118772	bhajjiyate	(သုတ္တနိ၊ဋ္ဌ၊၂။ ၁၂၄)သည် ဘိဇ္ဇိယတေမှ ပျက်ယွင်းလာသော ပုဒ်ဖြစ်သည်။	palabra corrompida a partir de *bhijjiyate* (en el pasaje citado).	a word corrupted from *bhijjiyate* (in the passage cited).	citation (သုတ္တနိ၊ဋ္ဌ၊၂။ ၁၂၄) dropped
118775	bhañjaka	(ဝဇိရ။ ၅၂၉) သည် ကဉ္ဇနကမှ ပျက်ယွင်းလာသော ပုဒ်ဖြစ်သည်။	palabra corrompida a partir de *kañjanaka* (en el pasaje citado).	a word corrupted from *kañjanaka* (in the passage cited).	citation (ဝဇိရ။ ၅၂၉) dropped
118776	bhañjati	ချိုဖဲ့-ဖျက်ဆီး-၏။	rompe / destruye.	breaks / destroys.	ချိုဖဲ့ read as ချိုးဖဲ့
118778	bhañjatha	ချိုးဖဲ့-ဖျက်ဆီး-ကုန်လော။ (၂) ကျိုးပြီ။ «S1»	que rompan / destruyan. (2) se rompió. Véase [[bhañjati]].	let them break / destroy. (2) was broken. See [[bhañjati]].	sense (1) marker missing in the print
118780	bhañjanaka	(က) နှစ်မြှောင့်ရှိသော ကြက်သွန်နီ။ (တိ) (၂) ချိုင်းဖဲ့-ဖျက်ဆီး-တတ်သော။ «S1»	(a) cebolla roja que tiene dos aristas. (adjetivo) (2) que suele romper / destruir. Véase [[atthabhañjanaka]].	(a) red onion having two ridges. (adjective) (2) apt to break / destroy. See [[atthabhañjanaka]].	(က) probably for (၁); 'onion with two ridges' (နှစ်မြှောင့်ရှိသော ကြက်သွန်နီ) uncertain; ချိုင်းဖဲ့ read as ချိုးဖဲ့
118794	bhañjita	(၁) ဖျက်ဆီးအပ်သော။ သူ။ (၂) ချိုးအပ်-ခွေအပ်-သော။	(1) destruido (dicho de una persona). (2) roto / doblado.	(1) destroyed (said of a person). (2) broken / bent.	(1) '…သော။ သူ။' read as '…သော၊ သူ။'
118795	bhañjitakusalajjhāsaya	ဖျက်ဆီးအပ်ပြီးသော ကုသိုလ်ပြုလိုခြင်းရှိသော၊ ကုသိုလ်ပြုလိုခြင်း ကင်းသော၊ သူ။	que tiene destruido el deseo de hacer mérito; que carece del deseo de hacer mérito (dicho de una persona).	whose wish to do merit has been destroyed; devoid of the wish to do merit (said of a person).	ကုသိုလ်ပြု rendered as merit (mérito)
118809	bhaṭa	(၁) (က) မင်းမှုထမ်း၊ အခစား။ (ခ) စစ်သည်။ (၂) အခန်အတုပ်။ «S1» (တိ) (၃) မွေးမြူအပ်သော၊ သူ။ (၄) မွေးမြူတတ်သော၊ သူ။ ဘဋ(ဘတ)ပေါသီ-ကြည့်။	(1) (a) funcionario del rey; asalariado. (b) soldado. (2) ‹အခန်အတုပ်›. Véase [[bhaṭapatha]]. (adjetivo) (3) mantenido (dicho de una persona). (4) que suele mantener (dicho de una persona). Véase [[bhaṭaposī]] (*bhataposī*).	(1) (a) king's servant; hireling. (b) soldier. (2) ‹အခန်အတုပ်›. See [[bhaṭapatha]]. (adjective) (3) supported (said of a person). (4) apt to support (said of a person). See [[bhaṭaposī]] (*bhataposī*).	(2) အခန်အတုပ် unclear (perhaps wages / hire), left in Burmese; see-X ဘဋ(ဘတ)ပေါသီ left in the Burmese
118810	bhata	(၁) (က) မင်းမှုထမ်း၊ အခစား။ (ခ) စစ်သည်။ (၂) အခန်အတုပ်။ «S1» (တိ) (၃) မွေးမြူအပ်သော၊ သူ။ (၄) မွေးမြူတတ်သော၊ သူ။ ဘဋ(ဘတ)ပေါသီ-ကြည့်။	(1) (a) funcionario del rey; asalariado. (b) soldado. (2) ‹အခန်အတုပ်›. Véase [[bhaṭapatha]]. (adjetivo) (3) mantenido (dicho de una persona). (4) que suele mantener (dicho de una persona). Véase [[bhaṭaposī]] (*bhataposī*).	(1) (a) king's servant; hireling. (b) soldier. (2) ‹အခန်အတုပ်›. See [[bhaṭapatha]]. (adjective) (3) supported (said of a person). (4) apt to support (said of a person). See [[bhaṭaposī]] (*bhataposī*).	(2) အခန်အတုပ် unclear (perhaps wages / hire), left in Burmese; see-X ဘဋ(ဘတ)ပေါသီ left in the Burmese
118816	bhaṭi	(၁) ခန္ဒနတ်၊ ကဒဲနတ်။ «S1» (၂) မွေးမြူတတ်သူ၊ ဘဋိမည်သောရသေ့။ «S2»	(1) el *deva* *khanda*; el *deva* ‹ကဒဲ›. Véase [[bhaṭiputtagaṇa]] (1). (2) el que suele mantener; el ermitaño llamado *bhaṭi*. Véase [[bhaṭiputtagaṇa]] (2).	(1) the *deva* *khanda*; the *deva* ‹ကဒဲ›. See [[bhaṭiputtagaṇa]] (1). (2) one apt to support; the hermit named *bhaṭi*. See [[bhaṭiputtagaṇa]] (2).	ကဒဲနတ် unidentified (perhaps another name of Skanda), left in Burmese
118817	bhaṭiputta	(၁) ခန္ဒနတ်-ကဒဲနတ်-ကို ခစားသူ။ (၂) ဘဋိရသေ့၏သား၊ လိစ္ဆဝီမင်းသား။ «S1»	(1) el que sirve al *deva* *khanda* / al *deva* ‹ကဒဲ›. (2) hijo del ermitaño *bhaṭi*; príncipe *licchavī*. Véase [[bhaṭiputtaka]].	(1) one who serves the *deva* *khanda* / the *deva* ‹ကဒဲ›. (2) son of the hermit *bhaṭi*; a *licchavī* prince. See [[bhaṭiputtaka]].	ကဒဲနတ် unidentified, left in Burmese
118818	bhaṭiputtaka	(၁) ခန္ဒနတ်-ကဒဲနတ်-ကို ခစားသူ။ (၂) ဘဋိရသေ့၏သား၊ လိစ္ဆဝီမင်းသား။ «S1»	(1) el que sirve al *deva* *khanda* / al *deva* ‹ကဒဲ›. (2) hijo del ermitaño *bhaṭi*; príncipe *licchavī*. Véase [[kumārabhaṭika]].	(1) one who serves the *deva* *khanda* / the *deva* ‹ကဒဲ›. (2) son of the hermit *bhaṭi*; a *licchavī* prince. See [[kumārabhaṭika]].	ကဒဲနတ် unidentified, left in Burmese
118819	bhaṭiputtagaṇa	(၁) ခန္ဒနတ်-ကဒဲနတ်-ကို ခစားသူအပေါင်း။ (၂) လိစ္ဆဝီမင်းသားအပေါင်း။	(1) el conjunto de los que sirven al *deva* *khanda* / al *deva* ‹ကဒဲ›. (2) el conjunto de los príncipes *licchavī*.	(1) the group of those who serve the *deva* *khanda* / the *deva* ‹ကဒဲ›. (2) the group of *licchavī* princes.	ကဒဲနတ် unidentified, left in Burmese
118857	bhaṇe	(က) အချင်း၊ အမောင်။ (ခ) အချင်းတို့၊ အမောင်တို့။	(a) amigo; muchacho. (b) amigos; muchachos.	(a) friend; young man. (b) friends; young men.	forms of address (vocative), not verbs, despite the label
118864	bhaṇḍa	ဘဏ္ဍာည်သူ။ ဣဓာဟံ ဘန္တေ အဒ္ဒသံ ဘဏ္ဍဉ္စနာဓ ဘိက္ခုံ အာနန္ဒဿ သဒ္ဓိဝိဟာရိံ။ သံ၊၁။ ၄၀၆။	persona llamada *bhaṇḍa*. *idhāhaṁ bhante addasaṁ bhaṇḍañcanādha bhikkhuṁ ānandassa saddhivihāriṁ*.	a person named *bhaṇḍa*. *idhāhaṁ bhante addasaṁ bhaṇḍañcanādha bhikkhuṁ ānandassa saddhivihāriṁ*.	ဘဏ္ဍာည်သူ read as ဘဏ္ဍမည်သူ 'a person named Bhaṇḍa'; citation သံ၊၁။ ၄၀၆ dropped
118872	bhaṇḍakasata	ဥစ္စာတရာ၊ ဥစ္စာအရာ။	cien bienes; artículos de riqueza.	a hundred goods; articles of wealth.	ဥစ္စာအရာ possibly a misprint for ဥစ္စာတရာ 'a hundred goods'
118873	bhaṇḍakīṇanakiriyā	ဥစ္စာဘဏ္ဍာကို ငယ်ခြင်းကိရိယာ အမူအရာ။	la *kiriyā* / el proceder de comprar bienes.	the *kiriyā* / conduct of buying goods.	ငယ် read as ဝယ် 'buy'
118931	bhaṇḍamadhu	ချိုသော အရက်ဘဏ္ဍာ၊ အရပ်ချို။	licor dulce que se tiene como bien; licor dulce.	sweet liquor kept as goods; sweet liquor.	အရပ်ချို read as အရက်ချို 'sweet liquor'; အရက်ဘဏ္ဍာ unclear
118960	bhaṇḍāgāracīvara	(ဝိ၊သင်္ဂဟ။ ၂၄၇) သည် ဘဏ္ဍာဂါရိကစီဝရမှ ပြောင်းလာသောပုဒ် ဖြစ်သည်။ «S1»	palabra alterada a partir de *bhaṇḍāgārikacīvara* (en el pasaje citado). Véase [[bhaṇḍāgārikacīvara]].	a word altered from *bhaṇḍāgārikacīvara* (in the passage cited). See [[bhaṇḍāgārikacīvara]].	citation (ဝိ၊သင်္ဂဟ။ ၂၄၇) dropped
118971	bhaṇḍānurūpa	ဘဏ္ဍာအားလျော်သော။ (ကြိ၊ဝိ) ဘဏ္ဍာအားလျော်စွာ။	acorde con los bienes. (calificativo verbal) de acuerdo con los bienes.	befitting the goods. (verbal qualifier) in keeping with the goods.	(ကြိ၊ဝိ) read as the adverb label
118974	bhaṇḍi	(၁) ကုက္ကိုပင်။ (၂) ချေးပင်။ «S1»	(1) árbol ‹ကုက္ကို›. (2) planta ‹ချေး›. Véase [[tama]] (3).	(1) the ‹ကုက္ကို› tree. (2) the ‹ချေး› plant. See [[tama]] (3).	ကုက္ကိုပင် probably Albizia lebbeck (siris tree), left in Burmese; ချေးပင် unidentified, left in Burmese
118975	bhaṇḍika	(၁) ဘဏ္ဍာထုပ်။ (၂) ဘဏ္ဍိကကြက်သွန်၊ မာဂဓတိုင်း၌ဖြစ်သော ကြက်သွန်၊ အမြှောင့်များသော ကြက်သွန်။	(1) fardo de bienes. (2) cebolla *bhaṇḍika*; cebolla que se da en el país de *māgadha*; cebolla de muchas aristas.	(1) bundle of goods. (2) *bhaṇḍika* onion; onion grown in the *māgadha* country; onion with many ridges.	ကြက်သွန် rendered 'onion'; with lasuṇa it may be garlic, and အမြှောင့် 'ridges' may be cloves
118978	bhaṇḍikalasuṇa	ပြည့်စုံသော-အမြှောင့်များသော- ကြက်သွန်။ «S1»	cebolla completa / de muchas aristas. Véase también [[bhaṇḍika]] (2).	full / many-ridged onion. See also [[bhaṇḍika]] (2).	ကြက်သွန် rendered 'onion'; with lasuṇa it may be garlic, and အမြှောင့် 'ridges' may be cloves
118984	bhaṇḍila	ကုက္ကိုပင်။	árbol ‹ကုက္ကို›.	the ‹ကုက္ကို› tree.	ကုက္ကိုပင် probably Albizia lebbeck (siris tree), left in Burmese
118985	bhaṇḍu	(၁) ပျံလွှားငှက်။ (၂) ဦးပြည်းသူ၊ ခေါင်းတုံးသူ။	(1) ave ‹ပျံလွှား›. (2) persona rapada; persona pelada.	(1) the ‹ပျံလွှား› bird. (2) a shaven-headed person; a bald-headed person.	ပျံလွှားငှက် unidentified bird, left in Burmese
118986	bhaṇḍuka	(၁) ဦးပြည်းခေါင်းတုံး၏သား။ (၂) ဘဏ္ဍုကမည်သူ။	(1) hijo de un rapado / pelado. (2) persona llamada *bhaṇḍuka*.	(1) son of a shaven / bald-headed man. (2) a person named *bhaṇḍuka*.	(1) ဦးပြည်းခေါင်းတုံး has no hyphen in the print
118989	bhaṇḍukamma	(က) ဦးပြည်း-ခေါင်းတုံး-မူပြုခြင်း၊ ခေါင်းတုံးတုံးခြင်း၊ ခေါင်းရိတ်ခြင်း။ (ခ) ဆံဖြတ်ရန်-ခေါင်းတုံး ရိတ်ရန်-ပန်ကြားခြင်း။	(a) el rapar / pelar la cabeza; el pelar la cabeza al rape; el afeitar la cabeza. (b) el solicitar permiso para cortar el cabello / afeitar la cabeza.	(a) making shaven / bald; shaving the head bare; shaving the head. (b) requesting leave to cut the hair / shave the head.	မူပြုခြင်း read as မှုပြုခြင်း
119000	bhata	(၁) လုပ်ကျွေး-မွေးမြူ-အပ်သော၊ သူ။ ဘဋ (တိ) (၃) လည်းကြည့်။ (၂) ဖြည့်ကျင့်-ဆည်းပူး-အပ်သော။ «S1» (၃) ဆောင်အပ်သော။ ဘတပဋိယာဘတနှင့် ဘတဝဏ္ဏကိတ္တိ-ကြည့်။	(1) sostenido / mantenido (dicho de una persona). Véase también [[bhaṭa]] (adjetivo) (3). (2) cumplido / acumulado. Véase [[bhatavantu]]. (3) llevado. Véanse [[bhatapaṭiyābhata]] y [[bhatavaṇṇakitti]].	(1) kept / supported (said of a person). See also [[bhaṭa]] (adjective) (3). (2) fulfilled / accumulated. See [[bhatavantu]]. (3) carried. See [[bhatapaṭiyābhata]] and [[bhatavaṇṇakitti]].	see-X references left in the Burmese
119011	bhatavaṇṇakitti	ဆောင်အပ်သော ဂုဏ်သတင်းကျော်စောခြင်းကို ဆောင်သော၊ သူ။	que lleva la fama y el renombre llevados (dicho de una persona).	bearing the fame and renown that is borne (said of a person).	sense of ဆောင်အပ်သော 'borne' before ဂုဏ်သတင်း unclear
119065	bhattachanda	ထမင်းစား-လိုခြင်း၊ ထမင်းစားလိုသောဆန္ဒ။	el comer / querer; el deseo de comer.	eating / wanting; the wish to eat.	ထမင်းစား-လိုခြင်း: hyphen splits 'eat rice' and 'wanting'; probably one phrase 'wanting to eat'
119066	bhattacchanda	ထမင်းစား-လိုခြင်း၊ ထမင်းစားလိုသောဆန္ဒ။	el comer / querer; el deseo de comer.	eating / wanting; the wish to eat.	ထမင်းစား-လိုခြင်း: hyphen splits 'eat rice' and 'wanting'; probably one phrase 'wanting to eat'
119073	bhattattha	(၁) ထမင်း-အစာအာဟာရ-အကျိုး၊ ထမင်းစားခြင်းကိစ္စ။ (တိ) (၂) ထမင်း-ဖြင့်-ကို-အလိုရှိသော၊ သူ။	(1) el beneficio del arroz / la comida; la tarea de comer. (adjetivo) (2) que tiene necesidad de arroz / que desea arroz (dicho de una persona).	(1) the benefit of rice / food; the business of eating. (adjective) (2) in need of rice / wanting rice (said of a person).	(2) hyphenated case particles -ဖြင့်-ကို- read as two constructions: 'in need of rice' / 'wanting rice'
119079	bhattanimitta	(အံ၊ဋီ၊၁။ ၉၃) သည် ဘတ္တုနိမိတ္တ (သံ၊ ၃။ ၁၃၁) မှ ပျက်ယွင်းလာသောပုဒ်ဖြစ်သည်။ ပါဠိတော်ရှေ့နောက်စကားသွားကို ထောက်လျှင် ဘတ္တုနိမိတ္တံဟု ဝါကျရှိသော ပါဌ်သာသင့်သည်။ (ဘတ္တု၊ အရှင်သခင်၏။ နိမိတ္တံ၊ အရိပ်နိမိတ် အရိပ်အခြေကို-ဟု အနက်ပေး)။	palabra corrompida a partir de *bhattunimitta* (en el pasaje citado). Atendiendo al curso del texto canónico antes y después, solo es correcta la lectura con la frase *bhattunimittaṁ*. (*bhattu*: del señor y amo. *nimittaṁ*: la señal, el indicio; así se da el significado).	a word corrupted from *bhattunimitta* (in the passage cited). Judging by the run of the canonical text before and after, only the reading with the phrase *bhattunimittaṁ* is proper. (*bhattu*: of the lord and master. *nimittaṁ*: the sign, the indication; so the meaning is given).	citations (အံ၊ဋီ၊၁။ ၉၃) and (သံ၊ ၃။ ၁၃၁) dropped
119116	bhattabhuñjana	(၁) ဆွမ်းစားရာ (အခါ)။ (တိ) (၂) ထမင်းစားသော၊ သူ။ (တိ)  «S1»	(1) el (momento de) tomar el alimento de limosna. (adjetivo) (2) que come arroz (dicho de una persona). (adjetivo) Véase [[bhattabhuñjanasunakha]].	(1) (the time of) eating alms-food. (adjective) (2) eating rice (said of a person). (adjective) See [[bhattabhuñjanasunakha]].	stray (တိ) label before «S1» kept as printed
119123	bhattamattaka	ထမင်းအထက်၊ အထမင်းအပော်။	más allá del arroz; por encima del arroz.	beyond the rice; above the rice.	sense unclear; အထမင်းအပော် read as ထမင်းအပေါ်
119153	bhattasaṁkitti	ထမင်းအတွက် စုပေါင်းနှုိးဆော်ခြင်း	el convocar conjuntamente para la comida.	jointly calling people together for food.	no final ။ in the print
119154	bhattasaṅkhyā	ထမင်းဟူသော ရေတွက်ခြင်း။	el cómputo llamado «arroz».	the reckoning called 'rice'.	sense unclear: ထမင်းဟူသော ရေတွက်ခြင်း, perhaps a count of meals
119158	bhattasampadavinodana	ထမင်းယစ်ခြင်းကို ပယ်ဖျောက်ခြင်း။	el abandono y la eliminación de la embriaguez por el arroz cocido.	the abandoning and dispelling of intoxication with cooked rice.	headword spelled -sampada-, the definition reads sammada (food-intoxication)
119159	bhattasammadahetuka	ထမင်းယစ်ခြင်းလျှင်အကြောင်းရှိသော၊ ဘတ္တပရိဠာဟ-ကြည့်။	que tiene como causa la embriaguez por el arroz cocido; véase *bhattaparil̤āha*.	having intoxication with cooked rice as its cause; see *bhattaparil̤āha*.	'see' formula left in the Burmese text (ဘတ္တပရိဠာဟ-ကြည့်)
119172	bhattācchādaka	ထမင်း-အစာအာဟာရ-ကို မနှစ်သက်သော၊ အစာမကြေသော၊ နှုတ်မမြန်သော။ «S1»	que no gusta del arroz cocido / alimento; que no digiere la comida; que no es rápido de boca. Véase [[arocika]].	not delighting in cooked rice / food; not digesting food; not quick of mouth. See [[arocika]].	နှုတ်မမြန်သော literally 'not quick of mouth'; sense unclear (slow to eat? lacking appetite?)
119178	bhattānumodanāvasāna	[ ဘတ္တာနုမောဒန+အဝသာနဆွမ်းအနုမောာနာ၏အဆုံး။ သော ပိတံ ဘတ္တာနုမောဒနာဝသာနေ [နု န ပ တိတိ ] အနာဂတေ...ဘဝိဿဘိ ဗျာကာသိ။ ဗုဒ္ဓဝံ၊ဋ္ဌ။ ၂၃၁။	[*bhattānumodana+avasāna*] el fin de la *anumodanā* de la comida de limosna. *so pitaṁ bhattānumodanāvasāne* [*nu na pa titi*] *anāgate...bhavissabhi byākāsi*.	[*bhattānumodana+avasāna*] the end of the *anumodanā* for alms-food. *so pitaṁ bhattānumodanāvasāne* [*nu na pa titi*] *anāgate...bhavissabhi byākāsi*.	OCR garbled: opening bracket unclosed; ဆွမ်းအနုမောာနာ read as အနုမောဒနာ; the quoted Pāḷi (Buddhavaṁsa-aṭṭhakathā) is corrupt and copied as printed, incl. the fragment [နု န ပ တိတိ]
119185	bhatti	(၁) မှီဝဲ-ဆည်းကပ်-ခစား-ခြင်း။ (၂၀ ချစ်ခြင်း။ (၃) ဝေဖန်ခြင်း။ (၄) တဖို့-တစ်ဖက်-၌ ဆန်းကြယ်စွာပြုခြင်း။ «S1»	(1) el recurrir a / frecuentar / servir. (2) el amar. (3) el dividir. (4) el hacer de modo vistoso en una parte / un lado. Véase [[bhattikamma]].	(1) resorting to / attending on / serving. (2) loving. (3) dividing. (4) making ornately on one part / one side. See [[bhattikamma]].	'(၂၀' is a misprint for (၂); ဝေဖန် read as 'to divide' (it can also mean 'to criticise')
119188	bhattikata	ပြုအပ်သောဆည်းကပ်စားခြင်းရှိသော၊ ဆည်းကပ်ခစားခြင်းကိုပြုသော၊ သူ။	que tiene hecho el servicio; que presta servicio (dicho de una persona).	having service done; doing service (said of a person).	ဆည်းကပ်စားခြင်း probably a misprint for ဆည်းကပ်ခစားခြင်း (attendance, service)
119195	bhattu	(၁) အရှင်းလင်။ (၂) ဆောင်တတ်သူ။ (၃) မွေးမြူတတ်သူ။	(1) señor; marido. (2) quien suele sostener. (3) quien suele criar / mantener.	(1) lord; husband. (2) one who is apt to support. (3) one who is apt to rear / maintain.	(၁) printed အရှင်းလင်, read as အရှင်၊ လင် (lord; husband)
119209	bhattekadesa	ထမင်း၏တစိတ်တဒေသ၊ တစ်စိတ်တစ်ဒေသယောထမင်း။	una parte del arroz cocido; arroz cocido que es una parte.	a portion of cooked rice; cooked rice that is a portion.	ယောထမင်း read as (ဖြစ်)သောထမင်း; probable misprint
119218	bhadda	(ပု) (၁) ဘဒ္ဒမည်သူ။	(masculino) (1) persona llamada *bhadda*.	(masculine) (1) a person named *bhadda*.	only sense (1) printed; the neuter sense is missing
119219	bhadda	(၁) ဘဒြပိုဒ်နက္ခတ်နှင့် ယှဉ်သောလ၊ တော်သလင်းလ။ (တိ) (၂) ဘဒ္ဒနတ်ကို ကိုးကွယ်သော၊ သူ။	(1) el mes asociado con la constelación *bhaddapadā*; el mes de ‹တော်သလင်း›. (adjetivo) (2) que venera al *deva* *bhadda* (dicho de una persona).	(1) the month associated with the constellation *bhaddapadā*; the month of ‹တော်သလင်း›. (adjective) (2) worshipping the *deva* *bhadda* (said of a person).	ဘဒြပိုဒ် romanised as bhaddapadā; ‹တော်သလင်း› is the Burmese month Tawthalin (Aug–Sep), left in Burmese
119222	bhaddakañcana	ကောင်းမြတ်သောရွှေ၊ ဘဒ္ဒကဉ္စနာ-ကြည့်။	oro bueno y excelente; véase *bhaddakañcanā*.	good, excellent gold; see *bhaddakañcanā*.	'see' formula left in the Burmese text (ဘဒ္ဒကဉ္စနာ-ကြည့်)
119223	bhaddakañcanā	ကောင်းသော ရွှေအဆင်းနှင့်တူသော အဆင်းရှိသော မိဖုရား၊ ယသောရောမိဖုရား။ «S1»	la reina que tiene un color semejante al color del buen oro; la reina *yasoro*. Véase también [[yasodharā]].	the queen whose complexion resembles the colour of good gold; queen *yasoro*. See also [[yasodharā]].	ယသောရော is probably a misprint for ယသောဓရာ; copied as printed
119238	bhaddadāru	နတ်ထင်းပင်၊ ထင်းရှူးပင်။	cedro deodara; pino.	deodar cedar; pine.	နတ်ထင်းပင် tentatively identified as deodar (Cedrus deodara)
119240	bhaddanāma	ဘဒ္ဒသာမထေရ်။	el *thera* *bhaddasā*.	the *thera* *bhaddasā*.	name printed ဘဒ္ဒသာ, which does not match the headword bhaddanāma; possible misprint
119242	bhaddapada	ဘဒြပိုဒ် နက္ခတ်နှင့်ယှဉ်သောလ၊ တော်သလင်းလ။ «S1»	el mes asociado con la constelación *bhaddapadā*; el mes de ‹တော်သလင်း›. Véase [[bhaddapadapuṇṇamā]].	the month associated with the constellation *bhaddapadā*; the month of ‹တော်သလင်း›. See [[bhaddapadapuṇṇamā]].	‹တော်သလင်း› is the Burmese month Tawthalin (Aug–Sep), left in Burmese
119244	bhaddapadapuṇṇamā	တော်သလင်းလပြည့်။	la luna llena del mes de ‹တော်သလင်း›.	the full moon of the month of ‹တော်သလင်း›.	‹တော်သလင်း› is the Burmese month Tawthalin (Aug–Sep), left in Burmese
119246	bhaddapīṭha	(က) ကောင်းသော အင်းပျဉ်။ (ခ) ဘဒ္ဒပီဌလက္ခဏာတော်၊ ကောင်းသော အင်းပျဉ်ပုံသဏ္ဍာန် အမှတ်တံဆိပ်။	(a) buen asiento. (b) la marca sagrada *bhaddapīṭha*; señal distintiva con la forma de un buen asiento.	(a) a good seat. (b) the sacred mark *bhaddapīṭha*; a distinguishing sign in the shape of a good seat.	အင်းပျဉ် rendered 'seat' (a low stool or wicker seat)
119248	bhaddamutta	နွားမြေရင်းကြီး။	‹နွားမြေရင်းကြီး›.	‹နွားမြေရင်းကြီး›.	plant name left in Burmese; tentatively a large nut-grass (Cyperus sp.)
119249	bhaddamuttaka	နွားမြေရင်းကြီး။	‹နွားမြေရင်းကြီး›.	‹နွားမြေရင်းကြီး›.	plant name left in Burmese; tentatively a large nut-grass (Cyperus sp.)
119255	bhaddavaggiyakumāra	ဘဒ္ဓဝဂ္ဂမင်းသား။	el príncipe *bhaddhavagga*.	prince *bhaddhavagga*.	name printed ဘဒ္ဓဝဂ္ဂ (for ဘဒ္ဒဝဂ္ဂီ?); copied as printed
119259	bhaddavatika	(၁) ကောင်းသော-စည်း-စောင်းရန်း-ရှိသော	(1) que tiene una buena cerca / baranda.	(1) having a good fence / railing.	only sense (1) printed and the text has no final ။; possibly truncated
119278	bhaddārāma	ကောင်း-မြတ်-သော အရာမ်ကျောင်းတိုင်း။	recinto monástico (*ārāma*) bueno / excelente.	a good / excellent monastery park (*ārāma*).	ကျောင်းတိုင်း read as ကျောင်းတိုက် (monastery compound); တိုင်း would mean 'every'
119287	bhaddiya	(ပု) (၁) ဘဒ္ဒိယမည်သူ။	(masculino) (1) persona llamada *bhaddiya*.	(masculine) (1) a person named *bhaddiya*.	only sense (1) printed; the neuter sense is missing
119309	bhadrakamma	ကောင်းသောအမှု။ ဘဒြ(တိ)-(၂)-ကြည့်။	acción buena. Véase [[bhadra]] (adjetivo) (2).	a good deed. See [[bhadra]] (adjective) (2).	'see' formula with sense number left in the Burmese text (ဘဒြ(တိ)-(၂)-ကြည့်)
119323	bhadrāvudhapañha	ဘဒြဝုခပုဏ္ဏား၏ အမေးပြဿနာ။	la pregunta del brahmán *bhadravukha*.	the question of the brahmin *bhadravukha*.	name printed ဘဒြဝုခ, probably a misprint for ဘဒြာဝုဓ; copied as printed
119355	bhabbābhāsa	(က) အကျိုးပေးသော ကုသိုလ်ကို လွှမ်းမိုးနှိပ်စက်တားဆီးတတ်သော (အကုသိုလ်)။	(a) que suele dominar, oprimir e impedir lo sano que da fruto (lo insano).	(a) apt to overpower, oppress and obstruct the wholesome that gives fruit (the unwholesome).	only sense (a) printed
119358	bhama	(၁) ပြွန်၊ ရေပြွန်။ (၂) ပွတ်၊ ပွတ်စက်၊ ပွတ်ခုံ။ (၃) ချေးပင်။	(1) tubo; tubo de agua. (2) torno; máquina de tornear; banco de torno. (3) ‹ချေးပင်›.	(1) a tube; a water pipe. (2) a lathe; a turning machine; a lathe bench. (3) ‹ချေးပင်›.	(၃) ချေးပင် is an unidentified plant name, left in Burmese
119366	bhamanta	(က) လည်သော၊ ကျင်လည်သော၊ သူ။ (ခ) လယ်စေသော၊ သူ။ «S1»	(a) que gira; que circula (dicho de una persona). (b) que hace girar (dicho de una persona). Véanse [[bhamarikā]], [[bhamitā]].	(a) turning; circling (said of a person). (b) causing to turn (said of a person). See [[bhamarikā]], [[bhamitā]].	(ခ) printed လယ်စေသော, read as လည်စေသော; ကျင်လည် may also mean 'versed, skilled'
119373	bhamara	ပျား။ ပိတုန်း။	abeja. abejorro.	a bee. a bumblebee.	ပိတုန်း (a large black bee) rendered abejorro / bumblebee
119387	bhamarikā	ကျင် (ဂျင်)။	peonza.	a spinning top.	(ဂျင်) is a spelling variant of ကျင်, not rendered
119401	bhamukabheda	မျက်မှောင်၏ ပုံပျက်ခြင်း၊ မျက်မှောင်ကြုတ် (ကုတ်) ခြင်း။ «S1»	la deformación del entrecejo; el fruncir el ceño. Véase [[bhakuṭi]].	the distortion of the brow; frowning. See [[bhakuṭi]].	(ကုတ်) is a spelling variant of ကြုတ်, not rendered
119409	bhaya	(၁) ကြောက်ခြင်း၊ လန့်ခြင်း၊ ဘေး။ (က) ကြောက်တတ်သောစိတ်၊ ကြောက်လန့်ကြောင်းဖြစ်သောစိတ် (ဒေါသပြဓာန်းသောစိတ်)။ (ခ) (မကောင်းမှုမှ) ကြောက်လန့်ကြောင်းဖြစ်သော တရား (ဩတ္တပ္ပဉာဏ်)။ (၂) ကြောက်အပ်သော-ကြောက်မက်ဖွယ် ကောင်းသော-အာရုံဘေးရန်။	(1) el temer; el asustarse; peligro. (a) mente que suele temer; mente que es causa de temor y espanto (mente en que predomina *dosa*). (b) estado que es causa de temor y espanto (ante las malas acciones) (*ottappañāṇa*). (2) objeto y peligro temido / aterrador.	(1) fearing; being frightened; danger. (a) a mind apt to fear; a mind that is a cause of fear and fright (a mind in which *dosa* predominates). (b) a state that is a cause of fear and fright (of evil deeds) (*ottappañāṇa*). (2) an object and danger that is feared / terrifying.	(၂) hyphenation ambiguous (ကြောက်အပ်သော-ကြောက်မက်ဖွယ်ကောင်းသော-အာရုံဘေးရန်); read as two alternative adjectives on 'object and danger'
119410	bhayaïkkhaka	ဘေး-ကို-ဟု-ရှုတတ်သော၊ သူ။	que suele ver (algo) como peligro (dicho de una persona).	apt to regard (things) as danger (said of a person).	hyphenation garbled (ဘေး-ကို-ဟု-ရှုတတ်သော); '(algo)' supplied
119429	bhayañāṇa	(သင်္ခါရတို့ကို) ဘေးရန်-ကြောက်မက်ဖွယ်-ဟု-အားဖြင့်-ရှုသောဉာဏ်၊ ဘယဉာဏ်။	conocimiento que ve (los *saṅkhāra*) como peligro / como algo aterrador; *bhayañāṇa*.	knowledge that sees (the *saṅkhāra*) as danger / as something terrifying; *bhayañāṇa*.	hyphenation garbled (ဘေးရန်-ကြောက်မက်ဖွယ်-ဟု-အားဖြင့်-ရှုသော)
119467	bhayabherava	(၁) အလွန်-ကြောက်-ထိတ်လန့်-ခြင်း,အနည်းငယ်-ကြောက်-ထိတ်လန့်-ခြင်း။	(1) el temer / espantarse mucho, el temer / espantarse un poco.	(1) fearing / being frightened greatly, fearing / being frightened a little.	only sense (1) printed
119472	bhayabheravasutta	ဘယဘေရဝသုတ်၊ မဇ္ဈိမနိကာယ၊ မူလပဏ္ဏာသပါဠိ၊ ၁-ဝဂ်၊ ၄-သုတ်။	el sutta *bhayabherava*; *majjhimanikāya*, *mūlapaṇṇāsapāl̤i*, *vagga* 1, sutta 4.	the *bhayabherava* sutta; *majjhimanikāya*, *mūlapaṇṇāsapāl̤i*, *vagga* 1, sutta 4.	the canonical location (Majjhima Nikāya, Mūlapaṇṇāsa, vagga 1, sutta 4) is part of the definition, kept rather than dropped as a citation
119476	bhayabheravābhāva	ကြောက်ရွံ့ခြင်း ကြောက်မက်ဖွယ်-	el temor y lo aterrador…	fear and the terrifying…	text truncated after ကြောက်မက်ဖွယ်-; the rest of the definition (probably '… not existing') is missing
119490	bhayalomahaṁsa	ကြောက်ရွံ့သောကြောင့်-အမွေးတို့၏ ရွှင်ခြင်း-ကြက်သီးမွေးညင်းထခြင်း။	a causa del miedo, el alegrarse del vello / el ponerse la carne de gallina.	because of fear, the thrilling of the body hair / getting goose-flesh.	အမွေးတို့၏ ရွှင်ခြင်း literally 'the gladdening of the hairs' (hair standing on end)
119494	bhayavinodaka	ကြောက်ရွံ့-ထိတ်လန့်-မှုကို ပယ်ဖျောက်ခြင်း။ «S1»	el disipar el temor / espanto. Véase [[bhayavinodakahetusampādana]].	dispelling fear / fright. See [[bhayavinodakahetusampādana]].	label ပု with a verbal-noun definition (-ခြင်း)
119521	bhayasaraṇaṭṭha	ဘေးရန်ကို ညှဉ်းဆဲတတ်သော သဘော။	la naturaleza que suele atormentar al peligro.	the nature of being apt to torment danger.	headword -saraṇaṭṭha vs definition 'tormenting' (sāraka?); rendered as printed
119554	bhayupaddavakara	ဘေးဥာပ်းကို ပြုတတ်သော။	que suele causar peligros y calamidades.	apt to cause dangers and calamities.	ဘေးဥာပ်း read as ဘေးဥပဒ် (danger and calamity); misprint
119565	bharaṇa	(၁) မွေးမြူခြင်း။ (၂) ဆောင်ခြင်း၊ ပေးဆောင်ခြင်း၊ ယူဆောင်ခြင်း။ (၃) အဘိးအခ။	(1) el criar. (2) el llevar; el entregar; el traer. (3) precio.	(1) rearing. (2) bearing; handing over; bringing. (3) a price.	(၃) printed အဘိးအခ, read as အဘိုးအခ (price, fee)
119574	bharatatthera	ဘရဘမထေရ်။	el *thera* *bharabha*.	the *thera* *bharabha*.	name printed ဘရဘ, probably a misprint for ဘရတ; copied as printed
119579	bharabhara	ဘရ်ဘရ်ဟူသော အသံ။	el sonido ‹ဘရ်ဘရ်›.	the sound ‹ဘရ်ဘရ်›.	onomatopoeia (bhar bhar) left in Burmese
119580	bharassu	လုပ်ကျွေး-မွေးမြူ-လော၊ ကြီးပွါးစေလော။ «S1»	sustenta / mantén; haz prosperar. Véase [[bharati]] (1).	support / maintain; make prosper. See [[bharati]] (1).	လော read as the imperative (လော့) for the imperative headword; it could also be read as a question
119581	bharāmi	လုပ်ကျွေး-မွေးမြူ-၏။ «S1»	sustento / mantengo. Véase [[bharati]] (1).	I support / maintain. See [[bharati]] (1).	rendered in the 1st person from the headword ending -āmi; the Burmese (၏) does not mark person
119583	bharita	(၁) ပြည့်သော (သဒ္ဒတ္ထ)၊ ဆင်းရဲသော၊ သူ။ (၂) လုပ်ကျွေး-မွေးမြူ-တတ်သော၊ သူ။ (၃) လုပ်ကျွေး-မွေးမြူ-အပ်သော၊ သူ။	(1) lleno; afligido (dicho de una persona). (2) que suele sustentar / mantener (dicho de una persona). (3) sustentado / mantenido (dicho de una persona).	(1) full; afflicted (said of a person). (2) apt to support / maintain (said of a person). (3) supported / maintained (said of a person).	source tag (သဒ္ဒတ္ထ) after 'full' dropped; ဆင်းရဲသော may mean 'poor' or 'suffering'
119587	bharitvā	(၁) လုပ်ကျွေး-မွေးမြူ-၍။ (၂) လှော်၍။	(1) habiendo sustentado / mantenido. (2) habiendo remado.	(1) having supported / maintained. (2) having rowed.	(၂) လှော် may mean 'to row' or 'to fry'
119597	bhariyāpariccheda	မယားအပိုင်းအခြား၊ မယားအမည်ဖော်ပြချက်၊ မယားအမည်ကို ပိုင်းခြား၍သိခြင်း	la delimitación de las esposas; la enumeración de los nombres de las esposas; el conocer distinguiendo los nombres de las esposas.	the delimitation of wives; the listing of the names of wives; knowing the names of wives by distinguishing them.	the text has no final ။
119604	bharissaṁ	လုပ်ကျွေး-မွေးမြူ-လတ္တံ့။ «S1»	sustentará / criará. Véase [[bharati]] (1).	will support / will rear. See [[bharati]] (1).	headword is 1st person future but the print has လတ္တံ့ (2nd/3rd); rendered 3rd person as printed
119606	bharissatha	လုပ်ကျွေးမွေးမြူ-ကုန်လတ္တံ့။ «S1»	sustentarán / criarán. Véase [[bharati]] (1).	will support / will rear (plural). See [[bharati]] (1).	no hyphen in the print between လုပ်ကျွေး and မွေးမြူ; treated as alternatives as in the neighbouring rows; 3rd person plural written (headword is 2nd pl.)
119608	bharissāmi	လုပ်ကျွေး-မွေးမြူ-လတ္တံ့။ «S1»	sustentará / criará. Véase [[bharati]] (1).	will support / will rear. See [[bharati]] (1).	headword is 1st person future but the print has လတ္တံ့ (2nd/3rd); rendered 3rd person as printed
119621	bhallaka	ဘလ္လကမည်သော သံခဲ။	el metal ‹သံခဲ› llamado *bhallaka*.	the metal ‹သံခဲ› called *bhallaka*.	သံခဲ (lit. iron-lead) unidentified metal or ore; left in Burmese
119624	bhallātaka	(၁) ချေးပင်။ (၂) ချေးသီး။	(1) el árbol ‹ချေး›. (2) el fruto de ‹ချေး›.	(1) the ‹ချေး› tree. (2) the ‹ချေး› fruit.	ချေး: tentatively the marking-nut tree (Semecarpus anacardium), matching bhallātaka; unconfirmed
119625	bhallātadāyaka	ဘလ္လတဒါယကမထေရ်၊ ချေးသီးကို လှူသောမထေရ်။	el *thera* *bhallatadāyaka*; el *thera* que ofreció el fruto de ‹ချေး›.	the *thera* *bhallatadāyaka*; the *thera* who offered the ‹ချေး› fruit.	ချေး: tentatively the marking-nut tree (Semecarpus anacardium), matching bhallātaka; unconfirmed
119631	bhallī	ချေးပင်။ «S1»	el árbol ‹ချေး›. Véase [[bhallātaka]].	the ‹ချေး› tree. See [[bhallātaka]].	ချေး: tentatively the marking-nut tree (Semecarpus anacardium), matching bhallātaka; unconfirmed
119633	bhava	(၁) ဘဝ၊ အဆက်မပြတ်ဖြစ်ပော်နေသော ရုပ်နာမ်တရားစု၊ သံသရာ။ (၂) အကျိုးဖြစ်ကြောင်း ကံ၊ ကမ္မဘဝ။ (၃) ကမ္မဘဝကြောင့်ဖြစ်ပော်လာသော အကျိုးတရား၊ ဥပပတ္တိဘဝ။ (၄) အနာရောဂါပျောက်ကင်းမှု ဖြစ်ကြောင်း ဆေးပစ္စည်း။ (၅) (က) (သက်ရှိသက်မဲ့ သတ္တဝါသင်္ခါရတို့) ဖြစ်ရာဘုံ။ (ခ) ဗိမာန်။ (၆) အမြဲတည်၏ဟူသော အယူမှား၊ သဿတဒိဋ္ဌိ။ (၇) ထင်ရှားရှိသည်၏အဖြစ်။ (၈) ပြည့်စုံခြင်း။ (၉) ကြီးပွါး တိုးတက်ခြင်း၊ ကြီးပွါးတိုးတက်ကြောင်း။ (၁၀) ကောင်းမှုကုသိုလ်။ (၁၁) ကာမချမ်းသာ။ (၁၂) ဖြစ်ခြင်း၊ ဥပါဒ်ခြင်း။ (၁၃) ရောက်ခြင်း။ (တိ) (၁၄) ဖြစ်သော။ (၁၅) ဖြစ်ထိုက်-ဖြစ်လတ္တံ့-သော။ (၁၆) ထင်ရှားရှိသော၊ သူ။	(1) *bhava*; el conjunto de estados *rūpa* y *nāma* que siguen surgiendo sin interrupción; *saṁsarā*. (2) el *kamma* que es causa de resultado; *kammabhava*. (3) el estado resultante que surge a causa del *kammabhava*; *upapattibhava*. (4) el medicamento que es causa de la curación de la enfermedad. (5) (a) el *bhūmi* donde surgen (los seres y los *saṅkhāra*, animados e inanimados). (b) el *vimāna*. (6) la opinión errónea de que perdura para siempre; *sassatadiṭṭhi*. (7) el hecho de existir manifiestamente. (8) el ser completo. (9) el prosperar y progresar; la causa de prosperar y progresar. (10) la buena acción meritoria. (11) la dicha de los placeres sensuales. (12) el surgir; el originarse. (13) el llegar. (adjetivo) (14) que surge. (15) que merece surgir / que surgirá. (16) que existe manifiestamente (dicho de una persona).	(1) *bhava*; the collection of *rūpa* and *nāma* states that keep arising without interruption; *saṁsarā*. (2) the *kamma* that is the cause of a result; *kammabhava*. (3) the resultant state that arises because of *kammabhava*; *upapattibhava*. (4) medicine that is a cause of the cure of disease. (5) (a) the *bhūmi* where (beings and *saṅkhāra*, animate and inanimate) arise. (b) a *vimāna*. (6) the wrong view that it lasts forever; *sassatadiṭṭhi*. (7) the state of existing manifestly. (8) being complete. (9) prospering and progressing; the cause of prospering and progressing. (10) a meritorious good deed. (11) the happiness of sense pleasures. (12) arising; coming into being. (13) arriving. (adjective) (14) arising. (15) worthy to arise / that will arise. (16) existing manifestly (said of a person).	ဖြစ် rendered "surgir / arise" in (14)-(15); could be "ser / be"; (10) ကောင်းမှုကုသိုလ် taken as merit
119635	bhava	ဖြစ်လော။ «S1»	¡sé! Véase [[bhavati]] (1).	be! See [[bhavati]] (1).	ဖြစ်လော read as imperative
119646	bhavagamikamma	(ဝိသုဒ္ဓိ၊ ဋီ၊ ၁၊ ၄၆၀) ပုဒ်သည် ဘဝဂါမိကမ္မပုဒ်မှ ပျက်ယွင်းလာသော ပုဒ်ဖြစ်သည်။	Esta palabra es una forma corrompida de la palabra *bhavagāmikamma*.	This word is a corrupted form of the word *bhavagāmikamma*.	citation (Visuddhi-ṭīkā 1, 460) dropped; the article says the headword is a corrupt reading of bhavagāmikamma
119651	bhavagāmī	ဘဝသို့ရောက်တတ်သော (ဥပစာရတ္ထ)၊ ဘာသို့ရောက်စေတတ်သော (မုချတ္ထ)။ «S1»	que suele llegar al *bhava* (*upacārattha*); que suele llevar al *bhava* (*mukhyattha*). Véase [[bhavagāmikamma]].	apt to reach *bhava* (*upacārattha*); apt to lead to *bhava* (*mukhyattha*). See [[bhavagāmikamma]].	second gloss prints ဘာသို့, read as a misprint for ဘဝသို့
119661	bhavaggasamāpatti	ဘဝဂ်၌ဖြစ်သော သမာပတ်၊ နေဝသညာနာ-သညာယတနသမာပတ်။	la *samāpatti* que surge en el *bhavagga*; la *nevasaññānāsaññāyatanasamāpatti*.	the *samāpatti* that arises in *bhavagga*; *nevasaññānāsaññāyatanasamāpatti*.	the hyphen inside နေဝသညာနာ-သညာယတန is a line-break artefact, not an alternative
119663	bhavaṅga	(၁) ဘဝဟူသော အစိတ်အပိုင်း၊ ဘဝ၌ထည့်သွင်း ရေတွက်အပ်သော အစိတ်အပိုင်းတရားစု။ အကိုး-လည်းကြည့်ပါ။ (၂) ဘဝ၏အကြောင်း၊ ဘဝမပြတ်အောင် ဆက်စပ်ပေးသောစိတ်၊ ဘဝင်။	(1) la parte que es el *bhava*; el conjunto de estados que son partes contadas como incluidas en el *bhava*. Véase también [[akiuḥ]]. (2) la causa del *bhava*; la mente que conecta el *bhava* para que no se interrumpa; *bhavaṅga*.	(1) the part that is *bhava*; the collection of states that are parts counted as included in *bhava*. See also [[akiuḥ]]. (2) the cause of *bhava*; the mind that links *bhava* so that it is not cut off; *bhavaṅga*.	see-also target အကိုး unclear (perhaps a misprint for an aṅga headword)
119668	bhavaṅgagata	ဘဝင်သို့ရောက်သော၊ ဘဝင်ကျသော။	que ha llegado al *bhavaṅga*; que ha caído en el *bhavaṅga*.	that has reached *bhavaṅga*; that has lapsed into *bhavaṅga*.	ဘဝင်ကျ also means colloquially "to be satisfied"; rendered literally
119685	bhavaṅgapaññā	ဘဝင်နှင့်ယှဉ်သော- ဉာဏ်-ပညာ၊ ဘဝင်ပညာ။	el conocimiento / *paññā* asociado con el *bhavaṅga*; la *paññā* de *bhavaṅga*.	the knowledge / *paññā* associated with *bhavaṅga*; *bhavaṅga* *paññā*.	the print has a stray hyphen before ဉာဏ်; ဉာဏ်-ပညာ taken as alternatives
119692	bhavaṅgaparivāsa	ဘဝင်၏ အစွမ်းအားဖြင့် ထုံခြင်း၊ ဘဝင်ဟုဆိုအပ်သော ထုံခြင်း၊ ဘဝင်ကျခြင်း။	el quedar impregnado por el poder del *bhavaṅga*; el quedar impregnado llamado *bhavaṅga*; el caer en el *bhavaṅga*.	being steeped by the power of *bhavaṅga*; the steeping called *bhavaṅga*; lapsing into *bhavaṅga*.	ထုံ read as "be steeped / impregnated"; could also be "be numbed / dulled"
119697	bhavaṅgappabandha	ဘဝင်အစဉ်။ ဇီဝိတိန္ဒြိယပ(ပ္ပ)ဗန္ဓ-ကြည့်။	la sucesión del *bhavaṅga*. Véase [[jīvitindriyapa(ppa)bandha]].	the succession of *bhavaṅga*. See [[jīvitindriyapa(ppa)bandha]].	a "see" left in the Burmese (jīvitindriyapa(p)bandha, spelling variant in brackets)
119717	bhavaṅgavuṭṭhāna	ဘဝင်ဟူသောထခြင်း၊ ဘဝင်စိတ်ဖြစ်ခြင်း။	el levantarse que es el *bhavaṅga*; el surgir de la mente *bhavaṅga*.	the rising that is *bhavaṅga*; the arising of the *bhavaṅga* mind.	ဘဝင်ဟူသောထခြင်း ("the rising that is bhavaṅga") is odd for vuṭṭhāna; rendered literally
119759	bhavataṁ	ဖြစ်စေသတည်း၊ ဖြစ်လော။	¡que sea!; ¡sé!	may it be; be!	ဖြစ်စေသတည်း and ဖြစ်လော read as optative/imperative
119765	bhavataṇhābhibhūta	ဘဝတဏှာသည် နှိပ်စက်အပ်သော ဘဝတဏှာနှိပ်စက်ခံရသော၊ သူ။	oprimido por la *bhavataṇhā*; que sufre la opresión de la *bhavataṇhā* (dicho de una persona).	oppressed by *bhavataṇhā*; suffering the oppression of *bhavataṇhā* (said of a person).	no ၊ in the print between the first two glosses
119777	bhavattayapāka	ဘဝသုံပါးဟူသော အိုးဖုတ်ရာဌာန၊ အိုးဖုတ်ရာဌာနနှင့်တူသော ဘဝသုံးပါး။	el horno de alfarero que son los tres *bhava*; los tres *bhava*, semejantes a un horno de alfarero.	the potter's kiln that is the three *bhava*; the three *bhava*, resembling a potter's kiln.	ဘဝသုံပါး in the first gloss read as ဘဝသုံးပါး (misprint)
119783	bhavattha	ဘဝအကျိုး၊ ဘဝသစ်အကျိုး၊ နောင်ဘဝအကျိုး။	el beneficio del *bhava*; el beneficio de un nuevo *bhava*; el beneficio del *bhava* futuro.	the benefit of *bhava*; the benefit of a new *bhava*; the benefit of a future *bhava*.	အကျိုး taken as benefit (attha); could be result
119784	bhavatha	ဖြစ်ကြကုန်လော။ «S1»	¡sed! Véase [[bhavati]] (1).	be! (plural) See [[bhavati]] (1).	imperative plural (ကြကုန်လော); rendered 2nd person plural as the headword
119798	bhavadvaya	ဘဝနှစ်ပါးအပေါင်းဘဝနှစ်ပါး။	el conjunto de dos *bhava*; los dos *bhava*.	the pair of *bhava*; the two *bhava*.	no ၊ in the print between the two glosses
119799	bhavana	(၁) ဖြစ်ခြင်း။ (၂) တိုးပွါးခြင်း၊ ကြီးပွါးခြင်း။ (၃) စောင့်ရှောက်ရာ၊ ကိုးကွယ်-လည်းလျောင်း-ပုန်းအောင်း-မှီခို-အားထားရာ။ (၄) အိမ်၊ နန်းတော်။	(1) el surgir. (2) el aumentar; el prosperar. (3) el lugar de protección; el lugar donde refugiarse / acostarse / esconderse / ampararse / apoyarse. (4) la casa; el palacio.	(1) arising. (2) increasing; prospering. (3) the place of protection; the place for taking refuge / lying down / hiding / depending / relying. (4) a house; a palace.	လည်းလျောင်း read as လဲလျောင်း "lie down"
119800	bhavanakiriyā	ဖြစ်ခြင်းကိရိယာ။	la *kiriyā* del surgir.	the *kiriyā* of arising.	ကိရိယာ here may mean "verb" (the verb of becoming)
119813	bhavanikanticitta	ဘဝ၌-နှစ်သက်-တပ်မက်-စွဲလမ်း-သော စိတ်၊ ဘဝ-နိကန္တိစိတ်။	la mente que se deleita / se apega / se aferra al *bhava*; la mente de *bhavanikanti*.	the mind that delights / is attached / clings to *bhava*; the *bhavanikanti* mind.	the print hyphenates ဘဝ-နိကန္တိစိတ်; joined as one compound
119824	bhavaniyāma	ဘဝကို-မှတ်တတ်-မှတ်ကြောင်းဖြစ်-သော တရား၊ ဘဝ၏ မြဲကြောင်းဖြစ်သောတရား။	el estado que suele fijar / que es causa de fijar el *bhava*; el estado que es causa de la fijeza del *bhava*.	the state apt to fix / that is the cause of fixing *bhava*; the state that is the cause of the fixity of *bhava*.	မှတ် read as "fix, determine" (niyāma); literally "mark, note"
119833	bhavanissita	ဘဝ-ကို-၌-မှီသော။	que depende del *bhava* / que se apoya en el *bhava*.	depending on *bhava* / resting in *bhava*.	the hyphens offer two case particles (ကို accusative, ၌ locative) for one verb
119858	bhavantaraparicita	ဘဝတစ်ပါး၌ကုသိုလ်ကို အတူဆည်းပူးခဲ့ဖူးသော၊ သူ။	que ha cultivado junto con otros lo sano en otro *bhava* (dicho de una persona).	who has cultivated the wholesome together (with another) in another *bhava* (said of a person).	ကုသိုလ် could be meant as merit (mérito) here
119867	bhavantarānupagamana	(မ၊ဋီ၊၂။ ၉၄) သည် ကာဝန္တရာနုပဂမနမှ ပျက်ယွင်းလာသော ပုဒ်ဖြစ်သည်။	Esta palabra es una forma corrompida de la palabra *kāvantarānupagamana*.	This word is a corrupted form of the word *kāvantarānupagamana*.	citation (M-ṭī 2, 94) dropped; ကာဝန္တရာ… looks like a misprint (bhāvantarā…?); copied as printed
119868	bhavantaruppatti	(မူလဋီ၊၂။ ၃၈) သည် ဘာဝန္တရုပ္ပတ္တိ (အနုဋီ၊၂၊၄)မှ ပျက်ယွင်းလာသော ပုဒ်ဖြစ်သည်။	Esta palabra es una forma corrompida de la palabra *bhāvantaruppatti*.	This word is a corrupted form of the word *bhāvantaruppatti*.	citations (Mūla-ṭī 2, 38; Anu-ṭī 2, 4) dropped
119884	bhavapatthanākilesa	ဘဝကို တောင့်တမှုနှင့် အကြောင်းကိလေသာ။	el anhelar el *bhava* y el *kilesa* que es causa.	longing for *bhava* and the *kilesa* that is the cause.	Burmese looks garbled (…နှင့် အကြောင်းကိလေသာ); perhaps "the kilesa having longing for bhava as cause"
119900	bhavapariyosāna	ဘဝအဆုံးရှိသော။	que tiene el fin del *bhava*.	having the end of *bhava*.	ဘဝအဆုံးရှိသော: "having ⟦ဘဝ⟧ as its end" is also possible
119901	bhavaparil̤āha	ဘဝ၌ပူလောင်မှု၊ ဘဝကို အစွဲပြု၍ ဖြစ်သော ပူလောင်မှု။ ဘဝဆ(စ္ဆ)န္ဒ-လည်းကြည့်။	el ardor en el *bhava*; el ardor que surge por apego al *bhava*. Véase también [[bhavacha(ccha)nda]].	burning in *bhava*; the burning that arises through attachment to *bhava*. See also [[bhavacha(ccha)nda]].	a "see also" left in the Burmese (bhavacchanda, spelling variant in brackets)
119920	bhavabhogāmisattha	ဘဝ၌ စည်းစိမ်ဥစ္စာဟူသော အာမိသအကျိုး၊ ဘဝဟူသော အာမိသအကျိုးစည်းစိမ်ဟူသော အာမိသအကျိုး။ «S1»	el beneficio *āmisa* que es la riqueza y los bienes en el *bhava*; el beneficio *āmisa* que es el *bhava* y el beneficio *āmisa* que es la riqueza. Véase también [[bhavabhogattha]].	the *āmisa* benefit that is wealth and possessions in *bhava*; the *āmisa* benefit that is *bhava* and the *āmisa* benefit that is wealth. See also [[bhavabhogattha]].	no ၊ in the print between the last two phrases
119925	bhavamūla	(၁) ဘဝ၏အမြစ်၊ ဘဝ၏အကြောင်းရင်း၊ ဘဝဝဋ်မြစ်။ «S1» (၂) ဘဝဟူသော အကြောင်း၊ ဘဝလျှင်အကြောင်း။ (၃) ဘဝပုဒ်လျှင် မူလ၊ ဘဝမူ။ «S2»	(1) la raíz del *bhava*; la causa raíz del *bhava*; la raíz del *vaṭṭa* del *bhava*. Véase [[bhavamūlaka]] (1). (2) la causa que es el *bhava*; el *bhava* como causa. (3) la base que es la palabra *bhava*; la base *bhava*. Véase [[bhavamūlaka]] (2).	(1) the root of *bhava*; the root cause of *bhava*; the root of the *vaṭṭa* of *bhava*. See [[bhavamūlaka]] (1). (2) the cause that is *bhava*; *bhava* as cause. (3) the base that is the word *bhava*; the *bhava* base. See [[bhavamūlaka]] (2).	(3) မူလ / မူ taken as the base term of a method (mūlaka-naya)
119931	bhavayogayutta	ဘဝယောဂနှင့် ယှဉ်သော၊ ဘဝရာဂကို မယပ်ရသေးသော၊ သူ။	asociado con el *bhavayoga*; que aún no ha abandonado el *bhavarāga* (dicho de una persona).	associated with *bhavayoga*; who has not yet abandoned *bhavarāga* (said of a person).	မယပ် read as မပယ် (misprint)
119933	bhavayogavisaññoga	ဘဝယောဂမှ ကင်းကြောင်း။	la causa de estar libre del *bhavayoga*.	the cause of being free from *bhavayoga*.	ကင်းကြောင်း may mean simply "being free from"
119934	bhavayogavisaṁyoga	ဘဝယောဂမှ ကင်းကြောင်း။	la causa de estar libre del *bhavayoga*.	the cause of being free from *bhavayoga*.	ကင်းကြောင်း may mean simply "being free from"
119948	bhavarāgavajja	ဘဝရာဂသည် ကြဉ်အပ်သော၊ ဘဝရာဂမှ တစ်ပါးသော။	en que el *bhavarāga* queda excluido; distinto del *bhavarāga*.	from which *bhavarāga* is excluded; other than *bhavarāga*.	the Burmese passive (ဘဝရာဂသည် ကြဉ်အပ်သော) is odd; sense taken as "excluding bhavarāga"
119963	bhavavajja	ဘဝသည် ကြဉ်အပ်သော။	en que el *bhava* queda excluido.	from which *bhava* is excluded.	the Burmese passive (ဘဝသည် ကြဉ်အပ်သော) is odd; sense taken as "excluding bhava"
119970	bhavavippamokkhesī	ဘဝမှ လွတ်မြောက်ရာကို ရှာမီးသော၊ သူ။	que busca aquello en que uno se libera del *bhava* (dicho de una persona).	seeking that in which one is liberated from *bhava* (said of a person).	ရှာမီး read as ရှာမှီး (misprint)
119991	bhavasaṅkantiupagamanasabhāva	(မ၊ဋ္ဌ၊၂။ ၁၉။ မ၊ ဋီ၊ ၂။ ၉၄) သည် ဘာဝသင်္ကန္တိ ဥပဂမနသဘာဝမှ ပျက်ယွင်းလာသော ပုဒ် ဖြစ်သည်။ «S1»	Esta palabra es una forma corrompida de la palabra *bhāvasaṅkanti upagamanasabhāva*. Véase [[bhāvasaṅkantigamana]].	This word is a corrupted form of the word *bhāvasaṅkanti upagamanasabhāva*. See [[bhāvasaṅkantigamana]].	citations (M-a 2, 19; M-ṭī 2, 94) dropped
119992	bhavasaṅkantigamana	(အဘိ၊ဋ္ဌ၊၂။ ၄၅။ မူလဋီ၊ ၂။ ၃၈) သည် ဘာဝသင်္ကန္တိပမန (အနုဋီ၊ ၂။ ၄၂)မှ ပျက်ယွင်းလာသော ပုဒ်ဖြစ်သည်။	Esta palabra es una forma corrompida de la palabra *bhāvasaṅkantipamana*.	This word is a corrupted form of the word *bhāvasaṅkantipamana*.	citations (Abhi-a 2, 45; Mūla-ṭī 2, 38; Anu-ṭī 2, 42) dropped; ပမန looks like a misprint for ဂမန; copied as printed
119996	bhavasaṅkhepa	(၁) ဘဝအဖြစ်ဖြင့်-ချုံးခြင်း-သိမ်းယူခြင်း။ (၂) ဘဝသို့ပစ်ချအပ်သည်၏အဖြစ်၊ ဘဝသို့ ပစ်ချခံရခြင်း၊ ဘဝဖုံးလွှမ်းခြင်း။ «S1»	(1) el condensar / recoger en calidad de *bhava*. (2) el hecho de ser arrojado al *bhava*; el sufrir ser arrojado al *bhava*; el cubrimiento por el *bhava*. Véase [[bhavasaṅkhepagata]].	(1) condensing / gathering up as *bhava*. (2) the state of being cast into *bhava*; undergoing being cast into *bhava*; the covering by *bhava*. See [[bhavasaṅkhepagata]].	ဘဝဖုံးလွှမ်းခြင်း ambiguous: "being covered by bhava" or "bhava covering"
120012	bhavasamudita	(ဝိသုဒ္ဓိ၊ ၂။ ၂၂၉) သည်ဘဝသမ္မုဒိတ (ဣတိဝုတ်။ ၂၂၄) မှ ပျက်ယွင်းလာသော ပုဒ်ဖြစ်သည်။	Esta palabra es una forma corrompida de la palabra *bhavasammudita*.	This word is a corrupted form of the word *bhavasammudita*.	citations (Visuddhi 2, 229; Itivuttaka 224) dropped
120018	bhavasampattibhavanibbāna	နတ်ဗြဟ္မာဘဝလူ့ဘဝနိဗ္ဗာန်။	el *bhava* de *deva* y de *brahmā*, el *bhava* humano, Nibbāna.	the *deva* and *brahmā* *bhava*, the human *bhava*, Nibbāna.	no separators in the print; read as three items (deva/brahmā existence, human existence, Nibbāna)
120022	bhavasampadā	ဘဝ-နှင့်-၏-ပြည့်စုံခြင်း၊ ပြည့်စုံသော သုဂတိဘဝ။	el estar dotado de *bhava* / la plenitud del *bhava*; el *bhava* de *sugati* pleno.	being endowed with *bhava* / the fullness of *bhava*; the full *bhava* of *sugati*.	the hyphens offer two case particles (နှင့် "with", ၏ "of") for one noun
120038	bhavasota	ဘဝအ-လျဉ်၊ ဘဝတဏှာဟူသော အလျဉ်။ «S1»	el flujo del *bhava*; el flujo que es la *bhavataṇhā*. Véase también [[bhavasotānusārī]].	the stream of *bhava*; the stream that is *bhavataṇhā*. See also [[bhavasotānusārī]].	the hyphen in ဘဝအ-လျဉ် is a line-break artefact
120045	bhavassu	ဖြစ်လော။ «S1»	sé. Véase [[bhavati]] (1).	be. See [[bhavati]] (1).	ဖြစ်လော read as imperative, rendered 2nd person singular
120046	bhavahārita	ဘဝကို ဆောင်တတ်သော (သျ)။	que suele llevar el *bhava*.	apt to carry the *bhava*.	unexplained tag (သျ) dropped
120049	bhavātha	ဖြစ်ကုန်လော။ «S1»	sed. Véase [[bhavati]] (1).	be (plural). See [[bhavati]] (1).	ဖြစ်ကုန်လော read as imperative, rendered 2nd person plural
120052	bhavādīnavappaṭicchādanakicca	ဘဝ၏အပြစ်ကို ဖုံးလွမ်းခြင်းကိစ္စရှိသော။	que tiene la función de encubrir el defecto del *bhava*.	having the function of covering over the fault of the *bhava*.	ဖုံးလွမ်း read as ဖုံးလွှမ်း
120053	bhavādhiṭṭhāna	(နေတ္တိ။ ၁၀၁) သည် စာဂါဓိဋ္ဌာနမှ ပျက်ယွင်းလာသော ပုဒ်ဖြစ်ဟန်ရှိသည်။	parece ser una palabra corrompida a partir de *cāgādhiṭṭhāna*.	appears to be a word corrupted from *cāgādhiṭṭhāna*.	note on a corrupt reading; citation (Netti 101) dropped; no word-class label
120054	bhavādhimutta	ဘဝ၌-ညွတ်-ကိုင်း-ရှုိင်း-နှလုံးသွင်း-ကပ်ငြိ-သော၊ သူ။ «S1»	que se inclina / se dobla / se ladea / fija el corazón / se adhiere en el *bhava* (dicho de una persona). Véase [[bhavūpanīta]].	that inclines / bends / leans / sets the heart / clings to the *bhava* (said of a person). See [[bhavūpanīta]].	ရှုိင်း read as ရှိုင်း
120057	bhavābhava	(၁) ပြည့်စုံခြင်းပျက်စီးခြင်း။ (၂) ကြီးပွါးခြင်း ဆုတ်ယုတ်ခြင်း။ (၃) သဿတဒိဋ္ဌိ ဥစ္ဆေဒဒိဋ္ဌိ။ (၄) ကောင်းမှုမကောင်းမှု။ (၅) သုဂတိဘဝဒုဂ္ဂတိဘဝ။ (၆) ဘဝငယ် ဘဝကြီး။ (၇) ယုတ်သောဘဝ မြတ်သောဘဝ။ (၈) မြတ်သော ဆေးပစ္စည်း,အထူးသဖြင့် မြတ်သော ဆေးပစ္စည်း။ «S1» (၉) ဖြစ်ခြင်း ပျက်ခြင်း။ (၁၀) ဘဝ၌ မဖြစ်ခြင်း၊ အဘာဝပညတ်။ (၁၁) အဆက်ဆက် ဖြစ်လတ္တံ့သော ဘဝ၊ ဘဝအဆက်ဆက်။	(1) el estar completo y el perecer. (2) el crecimiento y el declive. (3) *sassatadiṭṭhi* y *ucchedadiṭṭhi*. (4) la buena acción y la mala acción. (5) *sugatibhava* y *duggatibhava*. (6) el *bhava* menor y el *bhava* mayor. (7) el *bhava* inferior y el *bhava* excelente. (8) el requisito medicinal excelente, el requisito medicinal especialmente excelente. Véase [[bhava]] (4). (9) el surgir y el desaparecer. (10) el no surgir en un *bhava*; *abhāvapaññat*. (11) el *bhava* que surgirá sucesivamente; *bhava* tras *bhava*.	(1) being complete and perishing. (2) growth and decline. (3) *sassatadiṭṭhi* and *ucchedadiṭṭhi*. (4) good deed and evil deed. (5) *sugatibhava* and *duggatibhava*. (6) the lesser *bhava* and the greater *bhava*. (7) the low *bhava* and the excellent *bhava*. (8) the excellent medicinal requisite, the especially excellent medicinal requisite. See [[bhava]] (4). (9) arising and passing away. (10) non-arising in a *bhava*; *abhāvapaññat*. (11) the *bhava* that will arise in succession; *bhava* after *bhava*.	sense (8) (ဆေးပစ္စည်း, medicinal requisite) unclear; paired nouns without hyphen joined with y / and
120059	bhavābhavagamanāsambhava	ဘဝငယ် ဘဝကြီးသို့ သွားခြင်း၏မဖြစ်သင့်ခြင်း။	el no ser posible el ir a *bhava* menores y mayores.	the not being possible of going to lesser and greater *bhava*.	မဖြစ်သင့်ခြင်း (asambhava) rendered 'not being possible'
120077	bhavābhisaṅkharaṇaṭṭha	(သံ၊ဋ္ဌ၊၃။ ၂၈၅) သည် ဘဝါဘိသင်္ခရဏဋ္ဌ (အံ၊ ဋ္ဌ၊ ၃။ ၂၅၀။ နေတ္တိ၊ ဋ္ဌ။ ၁၂၃)မှ ပျက်ယွင်းလာသောပုဒ်ဖြစ်သည်။	es una palabra corrompida a partir de *bhavābhisaṅkharaṇaṭṭha*.	is a word corrupted from *bhavābhisaṅkharaṇaṭṭha*.	note on a corrupt reading; citations dropped; no word-class label
120081	bhavābhisaṅkhāraṇaṭṭha	(ဒီ၊ ဋ္ဌ၊ ၂။ ၁၄၇) သည်ဘဝါဘိ သင်္ခရဏဋ္ဌ (အံ၊ ဋ္ဌ၊ ၃။ ၂၅၀။ နေတ္တိ၊ ဋ္ဌ။ ၁၂၃) မှ ပျက်ယွင်းလာသော ပုဒ်ဖြစ်သည်။	es una palabra corrompida a partir de *bhavābhi saṅkharaṇaṭṭha*.	is a word corrupted from *bhavābhi saṅkharaṇaṭṭha*.	note on a corrupt reading; citations dropped; Pāḷi copied with the print's space; no word-class label
120082	bhavāma	ဖြစ်ကုန်၏။ «S1»	somos. Véase [[bhavati]] (1).	we are. See [[bhavati]] (1).	rendered 1st person plural (headword -ma)
120083	bhavāmase	ဖြစ်ကုန်၏။ ဖြစ်ကုန်ရာ၏။ «S1»	somos. Seríamos. Véase [[bhavati]] (1).	we are. We should be. See [[bhavati]] (1).	rendered 1st person plural (headword -mase); ဖြစ်ကုန်ရာ၏ as optative
120084	bhavāmi	ဖြစ်၏၊ ဖြစ်ရလို၏။ «S1»	soy; deseo ser. Véase [[bhavati]] (1).	I am; I wish to be. See [[bhavati]] (1).	rendered 1st person singular (headword -mi)
120092	bhavāsi	(သံ၊ ၁။ ၁၉၉) သည် ဘဝါသီတိဘဝ (သံ၊ ဋ္ဌ၊ ၁။ ၂၆၃) အဖွင့်ကိ ုထောက်လျှင် ဘဝ ဟိမှပျက်ယွင်းလာသောပုဒ် ဖြစ်သည်။ «S1»	a juzgar por la explicación de *bhavāsītibhava*, es una palabra corrompida a partir de *bhava hi*. Véase [[bhavati]] (1).	judging by the explanation of *bhavāsītibhava*, it is a word corrupted from *bhava hi*. See [[bhavati]] (1).	note on a corrupt reading; citations dropped; ကိ ု read as ကို; no word-class label
120093	bhavāhi	ဖြစ်လော။ «S1»	sé. Véase [[bhavati]] (1).	be. See [[bhavati]] (1).	ဖြစ်လော read as imperative, rendered 2nd person singular
120094	bhaviṁ	ဖြစ်ပြီ။ «S1»	fui. Véase [[bhavati]] (1).	I was. See [[bhavati]] (1).	rendered 1st person singular (headword -iṁ); no word-class label
120095	bhaviṁsu	ဖြစ်ကုန်ပြီ။ «S1»	fueron. Véase [[bhavati]] (1).	they were. See [[bhavati]] (1).	no word-class label
120106	bhavissaṁ	ဖြစ်အံ့။ «S1»	seré. Véase [[bhavati]] (1).	I shall be. See [[bhavati]] (1).	ဖြစ်အံ့ rendered 1st person singular (headword -ssaṁ)
120110	bhavissatha	ဖြစ်ကုန်လတ္တံ့။ «S1»	serán. Véase [[bhavati]] (1).	they will be. See [[bhavati]] (1).	no word-class label
120117	bhavissamānasāra	ဖြစ်လတ္တံ့သော အနှစ်ရှိသော၊ အနှစ်ဖြစ်ပော်လတ္တံ့သော။	que tiene una esencia que será; en el que la esencia surgirá.	having an essence that will be; in which the essence will appear.	ပော် read as ပေါ်; အနှစ် (sāra) may mean heartwood here
120121	bhavissassa	အနာဂတ်-ဖြစ်လတ္တံ့-ဖြစ်သော (အနက်အား၊ အနက်၏)။	que es futuro / que será (al significado; del significado).	that is future / that will be (to the meaning; of the meaning).	the bracket gives the dative and genitive of the gloss; sense unclear
120122	bhavissāma	ဖြစ်ကုန်အံ့။ «S1»	seremos. Véase [[bhavati]] (1).	we shall be. See [[bhavati]] (1).	ဖြစ်ကုန်အံ့ rendered 1st person plural (headword -ssāma)
120123	bhavissāmi	ဖြစ်အံ့။ «S1»	seré. Véase [[bhavati]] (1).	I shall be. See [[bhavati]] (1).	ဖြစ်အံ့ rendered 1st person singular (headword -ssāmi)
120137	bhavūpapattihetu	ဘဝ၌ဖြစ်ခြင်း၏အကြောင်း။	la causa del surgir en un *bhava*.	the cause of arising in a *bhava*.	no word-class label
120143	bhaveyyaṁ	ဖြစ်လို၏။ «S1»	deseo ser. Véase [[bhavati]] (1).	I wish to be. See [[bhavati]] (1).	rendered 1st person singular (headword -yyaṁ); no word-class label
120146	bhaveyyātha	ဖြစ်ကုန်ရာ၏ ဘဝတိ-(၁)-ကြည့်။	serían. Véase [[bhavati]] (1).	they would be. See [[bhavati]] (1).	'see X' left in the Burmese (ဘဝတိ-(၁)-ကြည့်)
120147	bhaveyyāma	ဖြစ်ကုန်ရာ၏။ «S1»	seríamos. Véase [[bhavati]] (1).	we would be. See [[bhavati]] (1).	rendered 1st person plural (headword -yyāma)
120148	bhaveyyāsi	ဖြစ်လော။ «S1»	sé. Véase [[bha0ti]] (1).	be. See [[bha0ti]] (1).	ဖြစ်လော read as imperative, rendered 2nd person singular
120151	bhavokkamana	(၁) ဘဝသို့သက်ရောက်ခြင်း၊ ဘဝ၌ဖြစ်ခြင်း။ «S1» (၂) ဘဝသို့သက်ရောက်ကြောင်း၊ ဘာ၌ဖြစ်ကြောင်း။	(1) el entrar en el *bhava*; el surgir en un *bhava*. Véase [[bhavokkamanattha]]. (2) la causa del entrar en el *bhava*; la causa del surgir en un *bhava*.	(1) entering the *bhava*; arising in a *bhava*. See [[bhavokkamanattha]]. (2) the cause of entering the *bhava*; the cause of arising in a *bhava*.	ဘာ၌ in sense (2) read as ဘဝ၌
120155	bhavogha	(ဝဋ်ဆင်းရဲ၌) နစ်မြှူပ်စေတတ်-နစ်မြှူပ်တတ်-သော-လိုချင်တပ်မက်နှစ်သက်မှု၊ ဘဝ၌-နစ်မြှူပ်စေတတ်-နစ်မြှူပ်ကတ်-သောသဘော။ «S1»	(en el sufrimiento del *vaṭṭa*) el desear, la pasión y el deleite que suelen hacer hundirse / suelen hundirse; la naturaleza que suele hacer hundirse / suele hundirse en el *bhava*. Véase [[bhavāsava]].	(in the suffering of the *vaṭṭa*) the wanting, passion and delight apt to make sink / apt to sink; the nature apt to make sink / apt to sink in the *bhava*. See [[bhavāsava]].	နစ်မြှူပ်ကတ် read as နစ်မြှုပ်တတ်
120159	bhasati	စွန့်ပစ်ထိုက်၏။	merece ser desechado.	deserves to be thrown away.	gloss seems unrelated to bhasati 'barks'; rendered as printed
120160	bhasīyati	စွန့်ပစ်ထိုက်၏။	merece ser desechado.	deserves to be thrown away.	gloss seems unrelated to the headword; rendered as printed
120164	bhasma	(၁) ပြာ။ (တိ) (၂) ပြားနှင့်တူသော၊ ပြာသဖွယ်ဖြစ်သော (မုသာဝါဒ)။ «S1»	(1) ceniza. (adjetivo) (2) semejante a la ceniza; que es como ceniza (*musāvāda*). Véase también [[bhasmapuṭa]].	(1) ash. (adjective) (2) like ash; that is as ash (*musāvāda*). See also [[bhasmapuṭa]].	ပြားနှင့်တူသော read as ပြာနှင့်တူသော
120174	tasmapuṭavadhana	ပြာထုပ်ဖြင့် ညှဉ်းဆဲခြင်း။	el atormentar con una bolsa de ceniza.	tormenting with a bundle of ash.	headword romanised tasma-, apparently for bhasma-
120178	bhasmāchanna	(မ၊ဋ္ဌ၊၃။ ၂၀၆) သည် ဘသ္မဆန္နမှ ပျက်ယွင်းလာသောပုဒ်ဖြစ်သည်။	es una palabra corrompida a partir de *bhasmachanna*.	is a word corrupted from *bhasmachanna*.	note on a corrupt reading; citation dropped
120179	bhasmāpaṭicchanna	(အဘိ၊ ဋ္ဌ၊ ၂။ ၄၅၇။ မဟာနိ၊ ဋ္ဌ။ ၃၆၁)သည် ဘသ္မပဋိစ္ဆန္နမှ ပျက်ယွင်းလာသော ပုဒ်ဖြစ်သည်။	es una palabra corrompida a partir de *bhasmapaṭicchanna*.	is a word corrupted from *bhasmapaṭicchanna*.	note on a corrupt reading; citations dropped
120180	bhasmāmuṭṭhi	(ဇာ၊ ဋ္ဌ၊ ၇။ ၄)သည် ဘသ္မမုဋ္ဌိမှ ပျက်ယွင်းလာသော ပုဒ်ဖြစ်သည်။	es una palabra corrompida a partir de *bhasmamuṭṭhi*.	is a word corrupted from *bhasmamuṭṭhi*.	note on a corrupt reading; citation dropped
120217	bhākara	နေ၊ နေင်း။	el sol; el rey sol.	the sun; the lord sun.	နေင်း read as နေမင်း
120242	bhāgaso	အဖို့အစုအားဖြင်၊ အဖို့အစု အဖို့ အစု-ပြု၍-ထား၍။	por porciones; habiendo hecho / habiendo puesto porción por porción.	by portions; having made / having set it portion by portion.	အားဖြင် read as အားဖြင့်
120254	bhāgīrathī	ဘာဂီရထီမြစ်၊ မဟာဂင်္ဂါရစ်။	el río *bhāgīrathī*; el río *mahāgaṅgā*.	the river *bhāgīrathī*; the river *mahāgaṅgā*.	ရစ် read as မြစ် (river)
120259	bhāgyavantu	(လောကီလောကုတ္တရာချမ်းသာကိုပြီး စေတတ်သော) ကုသိုလ်ရှိတော်မူသော ဘုရား။ «S1»	(que suele producir la felicidad *lokiya* y *lokuttara*) el Buddha, que posee mérito. Véase también [[bhagavantu]].	(apt to bring about *lokiya* and *lokuttara* happiness) the Buddha, who possesses merit. See also [[bhagavantu]].	ကုသိုလ် rendered as merit (bhāgya); ဘုရား rendered 'the Buddha'
120260	bhāgyasampatti	ဘုန်းကံ-ကုသိုလ်ကံ-နှင့်ပြည့်စုံခြင်း။	el estar dotado de fortuna / *kamma* meritorio.	being endowed with fortune / meritorious *kamma*.	ဘုန်းကံ rendered 'fortune'; ကုသိုလ်ကံ as meritorious kamma
120261	bhāgyasampanna	ဘုန်းကံ-ကုသိုလ်ကံ-နှင့်ပြည့်စုံသော၊ သူ။	dotado de fortuna / *kamma* meritorio (dicho de una persona).	endowed with fortune / meritorious *kamma* (said of a person).	ဘုန်းကံ rendered 'fortune'; ကုသိုလ်ကံ as meritorious kamma
120264	bhājanakapāla	အိုးအုံ၊ အိုးကင်း။ «S1»	‹အိုးအုံ›; tiesto. Véase [[ghaṭikaṭāha]].	‹အိုးအုံ›; potsherd. See [[ghaṭikaṭāha]].	အိုးအုံ unclear, left in Burmese
120289	bhājanaloka	တည်ရာ-ဩကာသ-လောက။	el mundo que es soporte / *okāsa*.	the world that is the support / *okāsa*.	i.e. the okāsaloka, the receptacle world
120294	bhājanasaṅkhyā	အိုးဟူသော အရေအတွက်။	el número expresado como «olla».	the count expressed as 'pot'.	အိုးဟူသော အရေအတွက် unclear: perhaps 'the count in pots'
120300	bhājanīya	(၁) ဝေဖန်-ပိုင်းခြား-စိစစ်-အပ်သော။ (၂) ဝေဖန်ရာ။ «S1» (၃) ဝေဖန်ကြောင်း။	(1) que ha de ser repartido / delimitado / examinado. (2) el lugar donde se reparte. Véase [[bhājanīyaṭṭhāna]]. (3) la causa del repartir.	(1) to be distributed / delimited / examined. (2) the place where one distributes. See [[bhājanīyaṭṭhāna]]. (3) the cause of distributing.	ဝေဖန် rendered 'distribute' throughout; in Abhidhamma bhājanīya it may mean 'analyse'
120308	bhājaya	ဝေဖန်-ပေးသနား-ပါလော။ «S1»	reparte / otorga, por favor. Véase [[bhājeti]].	please distribute / bestow. See [[bhājeti]].	ပါလော read as polite imperative, rendered 2nd person singular
120318	bhājāpenta	ဝေဖန်နေသော၊ သူ။	que está repartiendo (dicho de una persona).	distributing (said of a person).	the Burmese lacks the causative -စေ of the headword; rendered as printed
120322	bhājita	(၁) ဝေဖန်-ပိုင်းခြား-အပ်-သင့်-သော။ (၂) ဝေဖန်ရာ။ «S1»	(1) repartido / delimitado / que conviene repartir. (2) el lugar donde se reparte. Véase [[bhājitaṭṭhāna]].	(1) distributed / delimited / fit to be distributed. (2) the place where one distributes. See [[bhājitaṭṭhāna]].	hyphen chain ဝေဖန်-ပိုင်းခြား-အပ်-သင့်-သော read as two pairs of alternatives
120324	bhājitanaya	ဝေဖန်အပ်သောနည်း။	el método repartido.	the distributed method.	ဝေဖန် here may mean 'analysed' (the method as analysed)
120328	bhājitasikkhāpada	ဝေဖန်-ပညတ်-အပ်သော သိက္ခာပုဒ်။	el *sikkhāpada* repartido / promulgado.	the *sikkhāpada* distributed / laid down.	sense of ဝေဖန် here unclear (the rule on distribution?)
120343	bhājetha	ဝေန်ကြကုန်လော။ «S1»	repartid. Véase [[bhājeti]] (a).	distribute (plural). See [[bhājeti]] (a).	ဝေန် read as ဝေဖန်; ကြကုန်လော read as imperative, rendered 2nd person plural
120345	bhājentu	ဝေဖန်ကြကုန်လော။ «S1»	que repartan. Véase [[bhājeti]] (a).	let them distribute. See [[bhājeti]] (a).	ကြကုန်လော read as imperative, rendered 3rd person plural
120346	bhājema	ဝေဖန်ကြကုန်အံ့။ «S1»	repartiremos. Véase [[bhājeti]] (a).	we shall distribute. See [[bhājeti]] (a).	ကုန်အံ့ rendered 1st person plural (headword -ema)
120354	bhājessāma	ဝေဖန်ကုန်လတ္တံ့။ «S1»	repartirán. Véase [[bhājeti]] (a).	they will distribute. See [[bhājeti]] (a).	the Burmese has the 2nd/3rd-person future (လတ္တံ့) against the 1st-person plural headword (-ssāma); rendered as printed
120355	bhājessāmi	ဝေဖန်အံ့။ «S1»	repartiré. Véase [[bhājeti]] (a).	I shall distribute. See [[bhājeti]] (a).	ဝေဖန်အံ့ rendered 1st person singular (headword -ssāmi)
120356	bhājehi	ဝေဖန်လော။ «S1»	reparte. Véase [[bhājeti]] (a).	distribute. See [[bhājeti]] (a).	ဝေဖန်လော read as imperative, rendered 2nd person singular
120364	bhāṇavārasata	ဘာဏဝါရတရား။	cien *bhāṇavāra*.	a hundred *bhāṇavāra*.	ဘာဏဝါရတရား read as ဘာဏဝါရတရာ (a hundred), as in the next headword
120366	bhāṇavārasuttanta	ဘာဏဝါရသုတ္တန်။	el *suttanta* *bhāṇavāra*.	the *bhāṇavāra* *suttanta*.	relation of the two words not explained by the Burmese
120409	bhāyatu	ကြောက်လန့်စေသတည်း။ «S1»	que tema. Véase [[bhāyati]].	let him fear. See [[bhāyati]].	စေသတည်း read as 3rd-person imperative
120429	bhāyāpesi	ကြောက်ရွံ့-ထိတ်လန့်-စေ၏၊ ခြောက်လှန်၏။ «S1»	hace temer / sobresaltarse; asusta. Véase [[bhāyeti]].	causes to fear / be alarmed; frightens. See [[bhāyeti]].	ခြောက်လှန် read as ခြောက်လှန့်; the Burmese has the present against an aorist headword
120430	bhāyāma	ကြောက်ရွံ့-ထိတ်လန့်-ကုန်၏။ «S1»	tememos / nos sobresaltamos. Véase [[bhāyati]].	we fear / are alarmed. See [[bhāyati]].	rendered 1st person plural (headword -āma)
120431	bhāyāmi	ကြောက်ရွံ့-ထိတ်လန့်-၏။ «S1»	temo / me sobresalto. Véase [[bhāyati]].	I fear / am alarmed. See [[bhāyati]].	rendered 1st person singular (headword -āmi)
120432	bhāyiṁ	ကြောက်ရွံ့-ထိတ်လန့်-၏။ «S1»	temo / me sobresalto. Véase [[bhāyati]].	I fear / am alarmed. See [[bhāyati]].	rendered 1st person singular (headword -iṁ); the Burmese has the present against an aorist headword
120443	bhāyissaṁ	ကြောက်ရွံ့ထိတ်လန့်-အံ့။ «S1»	temeré y me sobresaltaré. Véase [[bhāyati]].	I shall fear and be alarmed. See [[bhāyati]].	-အံ့ rendered 1st person singular (headword -ssaṁ)
120445	bhāyissāmi	ကြောက်ရွံ့-ထိတ်လန့်-အံ့။ «S1»	temeré / me sobresaltaré. Véase [[bhāyati]].	I shall fear / be alarmed. See [[bhāyati]].	-အံ့ rendered 1st person singular (headword -ssāmi)
120449	bhāyeyyaṁ	ကြောက်ရွံ့-ထိတ်လန့်-ရာ၏။ «S1»	temería / me sobresaltaría. Véase [[bhāyati]].	I would fear / be alarmed. See [[bhāyati]].	rendered 1st person singular (headword -yyaṁ)
120452	bhāra	(၁) ဝန်၊ ဝန်ထုပ်၊ တာဝန်။ (၂) အချိန်နှစ်ဆယ်၊ ဗိုလ်နှစ်ထောင်။ (တိ) (၃) ဝန်လေးသော။ (၄) ဝန်ကို -ဆောင်တတ်သော-ဆောင်ကြောင်း-ဆောင်ရာ (ဦးခေါင်းစသည်)။ «S1»	(1) carga; fardo; responsabilidad. (2) veinte ‹အချိန်›; dos mil ‹ဗိုလ်›. (adjetivo) (3) de carga pesada. (4) que suele llevar / el medio de llevar / aquello en que se lleva la carga (la cabeza y demás). Véase [[bhāraṭṭha]].	(1) burden; bundle; responsibility. (2) twenty ‹အချိန်›; two thousand ‹ဗိုလ်›. (adjective) (3) heavily laden. (4) apt to carry / the means of carrying / that on which is carried the burden (the head and so on). See [[bhāraṭṭha]].	sense (2): units of weight အချိန် and ဗိုလ် left in Burmese; (4) hyphen chain read as three alternatives
120458	bhāraṭṭhakathā	ဝန်ထုပ်ဝန်ပိုးကို ဆိုကြောင်းစကား။	las palabras que hablan del fardo y la carga.	the words that tell of the bundle and burden.	headword suggests 'commentary (aṭṭhakathā) on the burden'; rendered as printed
120469	bhāradha	တိုင်းပြည်ဝန်ကို ဆောင်တတ်သော မင်း၊ ဝန်ဆောင်မင်း၊ ဘာရမမင်း။	el rey que suele llevar la carga del reino; el rey que lleva la carga; el rey *bhārama*.	the king apt to bear the burden of the realm; the burden-bearing king; King *bhārama*.	ဘာရမ perhaps a misprint for ဘာရဓ (the headword)
120515	sārukacchavatthu	ဘာရုကစ္ဆမြို့သားအကြောင်း။	el relato del hombre de la ciudad de *bhārukaccha*.	the account of the man from the city of *bhārukaccha*.	Headword romanised sārukaccha- but the definition names Bhārukaccha; the index spelling may be wrong.
120517	bhāroharaṇa	ဝန်-ခန္ဓာပန်-ကိုချခြင်း။	el depositar la carga / la carga de los *khandhā*.	laying down the burden / the burden of the *khandhā*.	ခန္ဓာပန် read as ခန္ဓာဝန် (burden of the khandhas); probably a misprint.
120518	bhāva	(၁) (က) ဖြစ်ခြင်း၊ ထင်ရှားဖြစ်ခြင်း။ (ခ) (သွားခြင်း ချက်ခြင်းစသော) ကြိယာ၊ ဘော။ ဘာဝေန ဘာဝလက္ခဏတ္ထ-ကြည့်။ (၂) အလို၊ အလိုဆန္ဒ၊ အဇ္ဈာသယ၊ အဓိပ္ပါယ်။ (၃) သဘော၊ သဘာဝ၊ ဓမ္မတာ။ «S1» (၄) ချစ်ခြင်း။ (၅) ဘာဝရုပ်။ (၆) အသိဉာဏ်နှင့် သဒ္ဒါဖြစ်ပော်ကြောင်း၊ ဘော။ (၇) (က) စိတ်။ «S2» (ခ) စိတ်ဖြစ်ပုံအထူး၊ (ဂ) ကိုယ်၊ ခန္ဓာကိုယ်။ (၉) ရှိခြင်း။ «S3» (မာဂဓအဘိဓာန်။ ၈၁၇-၌ (၁) ပုဒ်။ (၂) ထင်ရှားဖြစ်ခြင်း။ (၃) အလို။ (၄) ကြိယာ။ (၅) သဘော။ (၆) စမ္ပယ်ခြင်း။ (၇) ဣတ္ထိန္ဒြေပုရိသိန္ဒြေ-အားဖြင့် ၇-နက် လာသည်)။	(1) (a) el llegar a ser; el surgir de manera manifiesta. (b) (el ir, el cocinar y demás) *kriyā*; *bhāva*. Véase [[bhāvena bhāvalakkhaṇattha]]. (2) deseo; deseo (*chanda*); *ajjhāsaya*; intención. (3) naturaleza; *sabhāva*; *dhammatā*. Véase también [[bhāvasaṅkantigamana]]. (4) el amar. (5) *bhāvarūpa*. (6) la causa del surgimiento del conocimiento y de la palabra; *bhāva*. (7) (a) mente. Véase [[bhāvadosa]]. (b) modo particular en que surge la mente; (c) cuerpo; cuerpo físico. (9) el existir. Véase [[abhāva]]. (En *māgadhaabhidhān* 817 aparece con 7 significados: (1) palabra. (2) el surgir de manera manifiesta. (3) deseo. (4) *kriyā*. (5) naturaleza. (6) el asociarse. (7) como *itthindriya* y *purisindriya*).	(1) (a) becoming; arising manifestly. (b) (going, cooking and so on) *kriyā*; *bhāva*. See [[bhāvena bhāvalakkhaṇattha]]. (2) wish; wish (*chanda*); *ajjhāsaya*; intention. (3) nature; *sabhāva*; *dhammatā*. See also [[bhāvasaṅkantigamana]]. (4) loving. (5) *bhāvarūpa*. (6) the cause of the arising of knowledge and of words; *bhāva*. (7) (a) mind. See [[bhāvadosa]]. (b) a particular mode in which the mind arises; (c) body; physical body. (9) existing. See [[abhāva]]. (In the *māgadhaabhidhān* 817 it occurs in 7 meanings: (1) word. (2) arising manifestly. (3) wish. (4) *kriyā*. (5) nature. (6) being associated. (7) as *itthindriya* and *purisindriya*).	ကြိယာ here means 'verb' (grammar) and ဘော is the grammatical bhāva; a 'see' left in the Burmese (ဘာဝေန ဘာဝလက္ခဏတ္ထ); (6) ဖြစ်ပော် read as ဖြစ်ပေါ်, sense unclear; sense (8) missing in the print; မာဂဓအဘိဓာန် is a book title.
120522	bhāvakalāpagajīvitindriya	ဘာဝရုပ်ကလာပ်၌ ပါဝင်သော ဇီဝိတိန္ဒြေ။	*jīvitindriya* incluido en el *bhāvarūpakalāpa*.	the *jīvitindriya* included in the *bhāvarūpakalāpa*.	Headword romanised bhāvakalāpaga- (no label); probably bhāvakalāpagata- as in the preceding entry.
120524	bhāvajotaka	ဘော-ကြိယာ-ကို ထွန်းပြတတ်သော။ «S1»	que suele manifestar el *bhāva* / la *kriyā*. Véase [[bhāvanapuṁsaka]].	apt to make manifest the *bhāva* / the *kriyā*. See [[bhāvanapuṁsaka]].	Grammar: ဘော is the grammatical bhāva, ကြိယာ = 'verb/action'.
120526	bhāvajotanapaccaya	ဘောအနက်ကို ထွန်းပြတတ်သော ပစ္စည်း။	sufijo que suele manifestar el significado de *bhāva*.	suffix apt to make manifest the meaning of *bhāva*.	ပစ္စည်း read as the grammatical suffix (paccaya).
120528	bhāvaññathatta	(၁) သဘောတရား၏-ဖောက်ပြန်-ပြောင်းလဲ-သည်၏အဖြစ်၊ သဘာဝ ပြောင်းလဲခြင်း လွန်ကဲသော ဘုတ်အပေါင်းအဖြစ်ပြောင်းလဲ ဖောက်ပြန်သွားခြင်း။ «S1» (၂) အလိုဆန္ဒ ဖောက်ပြန်ပြောင်းလဲခြင်း၊ အယူဝါဒ ပြောင်းလဲခြင်း။	(1) el hecho de ser pervertida / alterada la naturaleza de las cosas; el cambio del *sabhāva*, el transformarse y pervertirse en una multitud excesiva de *bhūta*. Véase también [[aññathatta]]. (2) el pervertirse y alterarse del deseo (*chanda*); el cambio de opinión y doctrina.	(1) the state of the nature of things being perverted / altered; the change of the *sabhāva*, the turning and perverting into an excessive host of *bhūta*. See also [[aññathatta]]. (2) the perverting and altering of wish (*chanda*); the change of view and doctrine.	လွန်ကဲသော ဘုတ်အပေါင်း ('an excessive host of bhūtas') is unclear; ဘုတ် read as bhūta (spirits).
120530	bhāvattha	(၁) ဖြစ်ခြင်း-ကြိယာ-။ (၂) သဘော-အဓိပ္ပါယ်-။ (၃) ဘော။ «S1»	(1) el llegar a ser / *kriyā*. (2) naturaleza / sentido. (3) *bhāva*. Véase [[bhāvajotana]].	(1) becoming / *kriyā*. (2) nature / meaning. (3) *bhāva*. See [[bhāvajotana]].	Grammar: ကြိယာ = 'verb/action', ဘော the grammatical bhāva.
120533	bhāvadassanattha	ဖြစ်ခြင်းကို ပြခြင်းအကျိုး။	el propósito de mostrar el llegar a ser.	the purpose of showing becoming.	အကျိုး read as 'purpose' (attha).
120540	bhāvanattha	(၁) ပွါးစေအပ်သော သဘော။ (၂) ဘာဝနာသဒ္ဒါ၏။ (တိ) (၃) ပွါးစေအပ်သော ရှိသော။ «S1»	(1) naturaleza que ha de ser desarrollada. (2) de la palabra *bhāvanā*. (adjetivo) (3) que tiene lo que ha de ser desarrollado. Véase [[bhāvanāpariññā]] (a).	(1) a nature to be developed. (2) of the word *bhāvanā*. (adjective) (3) having what is to be developed. See [[bhāvanāpariññā]] (a).	(2) ends in a bare genitive (ဘာဝနာသဒ္ဒါ၏) and looks truncated; (3) ပွါးစေအပ်သော ရှိသော is odd.
120541	bhāvanapuṁsaka	ကြိယာကို အထူးပြုတတ်သော နပုလ္လိင်သဒ္ဒါ။	palabra de género neutro que suele calificar al *kriyā*.	a neuter word apt to qualify the *kriyā*.	Grammar: ကြိယာ = 'verb'.
120546	bhāvanā	(၁) ဖြစ်စေခြင်း၊ စီးဖြန်းပွါးများခြင်း၊ ဘာဝနာ။ (၂) ပွါးစေခြင်း။ «S1» (၃) ပွါးများအားထုတ်ကြောင်း စေတနာ။ «S2» (၄) ကြိယာ၊ ဘာဝေတိကြိယာ။ (တိ) (၅)  ပွါးစေ-ပွါးများ-အပ်သော။ (၆) ပွါးစေတတ်သော။ «S3»	(1) el hacer surgir; el practicar asiduamente y cultivar; *bhāvanā*. (2) el desarrollar. Véase [[bhāvanāpaṭivedha]] (1). (3) *cetanā* que es causa del esfuerzo por cultivar. Véase también [[bhāvanāmaya]] (2). (4) *kriyā*; el *kriyā* *bhāveti*. (adjetivo) (5) desarrollado / cultivado. (6) que suele desarrollar. Véase también [[bodhiñāṇa]].	(1) causing to arise; assiduous practice and cultivation; *bhāvanā*. (2) developing. See [[bhāvanāpaṭivedha]] (1). (3) the *cetanā* that is the cause of striving to cultivate. See also [[bhāvanāmaya]] (2). (4) *kriyā*; the *kriyā* *bhāveti*. (adjective) (5) developed / cultivated. (6) apt to develop. See also [[bodhiñāṇa]].	(4) ကြိယာ = 'verb' (the verb bhāveti).
120574	bhāvanānaya	(၁) (သမထဝိပဿနာ) စီးဖြန်း-ပွါးများ-အားထုတ်-နည်း၊ စီးဖြန်း-ပွါးများ-အားထုတ်-ပုံအစီအစဉ်။	(1) (*samathavipassanā*) el método de practicar / cultivar / esforzarse; el orden de la manera de practicar / cultivar / esforzarse.	(1) (*samathavipassanā*) the method of practising / cultivating / striving; the sequence of the way of practising / cultivating / striving.	Only sense (1) is printed.
120583	bhāvanānupacaya	ဘာဝနာကို-အဖန်ဖန်-ပွါးစီးခြင်း-ဆည်းပူးခြင်း။	el cultivar / el practicar repetidamente la *bhāvanā*.	cultivating / practising *bhāvanā* again and again.	ပွါးစီးခြင်း is unusual (perhaps for ပွါးများခြင်း).
120585	bhāvanānubhāvasiddha	ဘာဝနာဋ္ဌ အာနုဘော်ကြောင့်ပြီးသော။	llevado a cabo por la potencia de la *bhāvanā*.	accomplished through the might of *bhāvanā*.	ဘာဝနာဋ္ဌ looks like a misprint (for ဘာဝနာ၏?).
120598	bhāvanāpakkha	အထက်မဂ် ၃-ပါး၏-အဖို့-အသက်အပင်း-ဘက်။	la parte / el partido / el lado de los 3 *magga* superiores.	the share / party / side of the 3 higher *magga*.	အသက်အပင်း read as အသင်းအပင်း ('party, faction'); probably a misprint.
120608	bhāvanāpabhāva	ဘာဝနာ၏ အစွမ်းသတ္တိ။	el poder de la *bhāvanā*.	the power of *bhāvanā*.	Labelled adjective (တိ) but glossed as a noun.
120614	bhāvanāparihāna	ဘာဝနာဋ္ဌ ဆုတ်ယုတ်ခြင်း။	el decaer de la *bhāvanā*.	the decline of *bhāvanā*.	ဘာဝနာဋ္ဌ looks like a misprint (for ဘာဝနာ၏?).
120618	bhāvanāpāra	ဘာဝနာ-ပျားများအားထုတ်မှု-၏ တစ်ဖက်ကမ်း-၏ အပြီးအဆုံး။ «S1»	la otra orilla / la conclusión de la *bhāvanā* / del esfuerzo por cultivar. Véase también [[abhiññāpāra]].	the further shore / the completion of *bhāvanā* / of striving to cultivate. See also [[abhiññāpāra]].	ပျားများ read as ပွါးများ (misprint).
120624	bhāvanāppadhāna	ပွါးစေတတ်သော လုံ့လ၊ ပွါးစေခြင်းငှါ ဖြစ်သောလုံ့လ၊ ပွါးစေသောပုဂ္ဂိုလ်အားဖြစ်သော လုံ့လ။ ဘာဝနာပ (ပ္ပ) ဓာန-ကြည့်။	esfuerzo que suele desarrollar; esfuerzo que tiene lugar para desarrollar; esfuerzo que surge en la persona que desarrolla. Véase [[bhāvanāpa (ppa) dhāna]].	effort apt to develop; effort that occurs in order to develop; effort that arises in the person who develops. See [[bhāvanāpa (ppa) dhāna]].	A 'see' left in the Burmese (bhāvanāpa(ppa)dhāna).
120627	bhāvanāphalayogya	ဘာဝနာအကျိုးအား လျောက်ပတ်သော။	apropiado para el fruto de la *bhāvanā*.	fitting for the fruit of *bhāvanā*.	Labelled neuter noun (န) but glossed as an adjective.
120636	bhāvanābhiyogasiddha	ဘာဝနာအားထုတ်မှုဖြင့် ပြီးစီးသော။ «S1»	llevado a cabo mediante el esfuerzo en la *bhāvanā*. Véase [[catupaccayasantosa]].	accomplished through striving at *bhāvanā*. See [[catupaccayasantosa]].	Labelled masculine noun (ပု) but glossed as an adjective.
120656	bhāvanāmayacitta	ဘာပနာဖြင့် ပြီးသောစိတ်၊ ဘာဝနာစိတ်။	mente producida por la *bhāvanā*; mente de *bhāvanā*.	mind produced by *bhāvanā*; mind of *bhāvanā*.	ဘာပနာ in the print read as ဘာဝနာ (misprint).
120683	bhāvanārāmaariyavaṁsapaṭipatti	ဘာဝနာ၌ မွေ့လျော်ခြင်းဟု ဆိုအပ်သော အရီယဝသအကျင့်။	la práctica del *ariyavaṁsa* llamada el deleitarse en la *bhāvanā*.	the *ariyavaṁsa* practice called delighting in *bhāvanā*.	အရီယဝသ in the print read as အရိယဝံသ (misprint).
120693	bhāvanāvisuddhi	ဘာဝနာ+စီးဖြန်းပွါးများမှု-၏ အထူးသဖြင့်စင်ကြယ်ခြင်း။	la pureza especial de la *bhāvanā* / del cultivo asiduo.	the special purity of *bhāvanā* / of assiduous cultivation.	The print has '+' between ဘာဝနာ and စီးဖြန်းပွါးများမှု; read as a hyphen (alternatives).
120718	bhāvanāsutta	ဘာဝနာသုတ်၊ ဘာဝနာတရားကို မဟာကြားရာသုတ်၊ ဘာဝနာပွါးသူနှင့် မပွါးသူတို့ထူးခြားပုံကို ဟောကြားသောသုတ်။	el *bhāvanāsutta*; el sutta donde se enseña la enseñanza de la *bhāvanā*; el sutta que enseña cómo se diferencian quien cultiva la *bhāvanā* y quien no la cultiva.	the *bhāvanāsutta*; the sutta in which the teaching of *bhāvanā* is taught; the sutta that teaches how one who cultivates *bhāvanā* differs from one who does not.	မဟာကြားရာ read as ဟောကြားရာ ('where it is taught'); probably a misprint.
120719	bhāvanāsuddhi	(ယောက်ကျား) အဖြစ်စင်ကြယ်ခြင်း၊ ယောက်ကျား၏ အဖြစ်ဖြင့် စင်ကြယ်ခြင်း။	la pureza del estado (de varón); el ser puro por el estado de varón.	purity of the state (of a male); being pure through the state of a male.	The gloss fits bhāva (sex) rather than bhāvanā; possibly belongs to bhāvasuddhi or is misplaced.
120723	bhāvaniddesa	(၁) ဘောဖြင့်ညွှန်ပြခြင်း၊ ဘာဝတဒ္ဓိတ်ကို ညွှန်ပြခြင်း။ (၂) သဘောတရားကို ညွှန်ပြခြင်း။	(1) el indicar mediante el *bhāva*; el indicar el *bhāvataddhita*. (2) el indicar la naturaleza de las cosas.	(1) indicating by means of the *bhāva*; indicating the *bhāvataddhita*. (2) indicating the nature of things.	Grammar: ဘော = the grammatical bhāva; ဘာဝတဒ္ဓိတ် = the bhāva taddhita suffix.
120729	bhāvanupanissaya	ဘာဝနာဟူသော-အားကြီးသော-မှီရာ-အကြောင်း။ «S1»	el poderoso / apoyo / causa que es la *bhāvanā*. Véase también [[dānupanissaya]].	the strong / support / cause that is *bhāvanā*. See also [[dānupanissaya]].	Labelled adjective (တိ) but glossed as a noun; the hyphens chain the upanissaya formula (strong support / cause) — reviewer may prefer 'la causa que es un fuerte apoyo'.
120733	bhāvantarānupagamana	အဖြစ်အထူးသို့ မကပ်ရောက်ခြင်းဖြစ်စဉ်တစ်မျိုးသို့ မကပ်ရောက်ခြင်း၊ သဘောအထူးသို့ မကပ်ရောက်ခြင်း။	el no llegar a un estado distinto, el no llegar a otro modo de proceso; el no llegar a una naturaleza distinta.	not arriving at a different state, not arriving at another kind of process; not arriving at a different nature.	A separator seems missing between မကပ်ရောက်ခြင်း and ဖြစ်စဉ်တစ်မျိုးသို့.
120737	bhāvappaccaya	ဘောအနက်၌ သက်သောပစ္စည်း၊ ဘောပစ္စည်း။	el sufijo que se aplica en el sentido de *bhāva*; el sufijo *bhāva*.	the suffix applied in the sense of *bhāva*; the *bhāva* suffix.	Grammar: ပစ္စည်း = suffix; ဘော = the grammatical bhāva.
120738	bhāvappaṭṭhāna	ဘော (ကြိယာ) ပြဋ္ဌာန်းခြင်းရှိသော (ပုဒ်)။ «S1»	(palabra) en la que predomina el *bhāva* (*kriyā*). Véase también [[bhāvappadhāna]].	(a word) in which the *bhāva* (*kriyā*) predominates. See also [[bhāvappadhāna]].	Grammar: ကြိယာ = 'verb/action'. Headword bhāvappaṭṭhāna is probably for bhāvappadhāna.
120744	bhāvaya	ဖြစ်စေလာ၊ ပွါးများလော၊ အောက်ပုဒ်-(၁)-ကြည့်။	¡haz surgir!; ¡cultiva! Véase la entrada siguiente (1).	cause to arise!; cultivate! See the following entry (1).	Imperative (2nd person marked by -လော; the print has ဖြစ်စေလာ); a 'see' left in the Burmese (the next headword, sense 1).
120750	bhāvayiṁ	ဖြစ်စေပြီ၊ ပွါးများပြီ၊ ပွါးစေပြီ။ «S1»	hice surgir; cultivé; desarrollé. Véase [[bhāvayati]] (1).	I caused to arise; I cultivated; I developed. See [[bhāvayati]] (1).	Rendered in the 1st person from the headword ending -iṁ; the Burmese does not mark person.
120756	bhāvayoga	(၁) သဘောတရား၏-ယှဉ်ကြောင်း-တစ်ပေါင်းတည်းဖြစ်ကြောင်း (ရုပ္ပနလက္ခဏစသည်)။ (၂) ဘာဝသဒ္ဒါနှင့်ယှဉ်သောပုဒ်၊ ဘာဝယုဂ်။	(1) la causa de la unión / la causa de la unidad de la naturaleza de las cosas (*ruppanalakkhaṇa* y demás). (2) palabra unida a la palabra *bhāva*; *bhāvayuga*.	(1) the cause of the conjunction / the cause of the oneness of the nature of things (*ruppanalakkhaṇa* and so on). (2) a word joined with the word *bhāva*; *bhāvayuga*.	ဘာဝယုဂ် romanised as bhāvayuga; possibly for bhāvayoga.
120757	bhāvalakkhaṇa	ကြိယာကိုမှတ်သားခြင်း၊ ကြိယာတစ်ပါးကို မှတ်သားကြောင်းကြိယာ၊ လက္ချကြိယာကို မှတ်သားကြောင်းလက္ခဏကြိယာ။	el marcar un *kriyā*; *kriyā* que sirve para marcar otro *kriyā*; el *lakkhaṇakriyā* que sirve para marcar el *lakkhyakriyā*.	marking a *kriyā*; a *kriyā* that serves to mark another *kriyā*; the *lakkhaṇakriyā* that serves to mark the *lakkhyakriyā*.	Grammar: ကြိယာ = 'verb/action' (the marking and the marked action of a locative absolute).
120758	bhāvalakkhaṇavacana	(မ၊ဋီ၊၃။ ၁၀၄) သည် လက္ခဏဝစနမှ ပြောင်းလာသောပုဒ်ဖြစ်သည်။	es una palabra transformada a partir de *lakkhaṇavacana*.	it is a word changed from *lakkhaṇavacana*.	Citation (မ၊ဋီ၊၃။ ၁၀၄) dropped; the sentence says the form at that passage is altered from lakkhaṇavacana.
120759	bhāvalopa	ဘာဝသဒ္ဓါကျေခြင်း။ «S1»	la elisión de la palabra *bhāva*. Véase [[bhāvappadhānaniddesa]].	the elision of the word *bhāva*. See [[bhāvappadhānaniddesa]].	သဒ္ဓါ in the print read as သဒ္ဒါ ('word').
120761	bhāvavacana	ဘော-ကြိယာ-ကို ဟောကြောင်းသဒ္ဒါ။	palabra que expresa el *bhāva* / la *kriyā*.	a word that expresses the *bhāva* / the *kriyā*.	Grammar: ကြိယာ = 'verb/action'.
120762	bhāvavantu	(တဒ္ဓိ) ဘောပစ္စည်းရှိသော၊ (တဒ္ဓိတ်) ဘောပစ္စည်းသက်ထားသော (တဒါရမ္ပဏတာပုဒ်)။ သုတ္တနိဒ္ဒေသ ''ကာလဘာဂေသု စ'' သုတ်အဖွင့်-ကြည့်ပါ။	(*taddhita*) que tiene el sufijo *bhāva*; (*taddhita*) al que se ha aplicado el sufijo *bhāva* (la palabra *tadārampaṇatā*). Véase la explicación de la regla *kālabhāgesu ca* en el *suttaniddesa*.	(*taddhita*) having the *bhāva* suffix; (*taddhita*) to which the *bhāva* suffix has been applied (the word *tadārampaṇatā*). See the explanation of the rule *kālabhāgesu ca* in the *suttaniddesa*.	A 'see' left in the Burmese (Suttaniddesa, rule 'kālabhāgesu ca'); the first (တဒ္ဓိ) lacks its final letter.
120765	bhāvavikappākāra	(လူအဖြစ်စသော) အပြစ်ကို အထူးကြံသော အခြင်းအရာ၊ ရဟန်းဘဝမှ အခြားသော ဘဝကို အထူးကြံစည်သော အခြင်းအရာ။	el modo de concebir especialmente un estado (el de laico y demás); el modo de pensar especialmente en otra condición distinta de la de monje.	the manner of specially conceiving a state (that of a layman and so on); the manner of specially thinking of another condition than that of a monk.	အပြစ် ('fault') read as အဖြစ် ('state'); probably a misprint.
120774	bhāvasattamī	ကြိယာ၏အစွမ်းဖြင့် ရအပ်သော သတ္တမီ၊ ဘာဝသတ္တမီ။ «S1»	el *sattamī* obtenido por el poder del *kriyā*; *bhāvasattamī*. Véase [[bhāvasattamīattha]].	the *sattamī* obtained through the force of the *kriyā*; *bhāvasattamī*. See [[bhāvasattamīattha]].	Grammar: ကြိယာ = 'verb/action'; sattamī = the locative case.
120778	bhāvasādhana	ဘာဝသဝင်၊ ဘာဝသာဓန။	‹ဘာဝသဝင်›; *bhāvasādhana*.	‹ဘာဝသဝင်›; *bhāvasādhana*.	ဘာဝသဝင် is unclear, perhaps a misprint for ဘာဝသာဓ် (bhāvasādhana); left in ‹ ›.
120790	bhāvābhāva	(၁) ရှိခြင်းမရှိခြင်း၊ ဖြစ်ခြင်း မဖြစ်ခြင်း။ (၂) ဖြစ်မှု၏ မရှိခြင်း။ (၂)  «S1»	(1) el existir y el no existir; el surgir y el no surgir. (2) la ausencia del surgir. (2) Véase [[bhāvābhāvadassana]].	(1) existing and not existing; arising and not arising. (2) the absence of arising. (2) See [[bhāvābhāvadassana]].	Sense number (2) is printed twice; the second one carries only the placeholder.
120802	bhāvitatta	(၁) (က) ပွါးများအပ်ပြီးသော ခန္ဓာကို အတ္တဘောရှိသော၊ သူ။ (ခ) ပွါးများအပ်ပြီးသော စိတ်နှလုံးရှိသော၊ သူ။ (ဂ) ပွါးများအပ်ပြီးသော သဘောတရားရှိသော၊ သူ။ (၂) ချီးမွမ်းအပ်သော သဘောရှိသော၊ သူ။	(1) (a) que tiene cultivado el cuerpo, la *attabhāva* (dicho de una persona). (b) que tiene cultivados la mente y el corazón (dicho de una persona). (c) que tiene cultivada la naturaleza (dicho de una persona). (2) que tiene una naturaleza alabada (dicho de una persona).	(1) (a) having a cultivated body, *attabhāva* (said of a person). (b) having a cultivated mind and heart (said of a person). (c) having a cultivated nature (said of a person). (2) having a praised nature (said of a person).	ခန္ဓာကို read as ခန္ဓာကိုယ် ('body'), probably a misprint.
120803	bhāvitattaññatara	ပွါးအပ်ပြီးသော ခန္ဓာကိုယ် အတ္တတောရှိသော သူတို့တွင် တစ်ယောက် အပါအဝင်ဖြစ်သော၊ သူ။ «S1»	que es uno de los que tienen cultivado el cuerpo, la *attabhāva* (dicho de una persona). Véase también [[bhāvitatta]].	being one among those who have a cultivated body, *attabhāva* (said of a person). See also [[bhāvitatta]].	အတ္တတော read as အတ္တဘော (misprint).
120818	bhāvitasammappadhāna	ပွါးများအပ်ပြီးသော သမ္မပ္ပဓာန်ရှိသော၊ သူ။ ဘာဝိတသတိပဋ္ဌာန (တိ)-(၂)-ကြည့်။	que tiene cultivado el *sammappadhāna* (dicho de una persona). Véase [[bhāvitasatipaṭṭhāna]] (adjetivo) (2).	having cultivated the *sammappadhāna* (said of a person). See [[bhāvitasatipaṭṭhāna]] (adjective) (2).	A 'see' left in the Burmese (bhāvitasatipaṭṭhāna, adjective, sense 2).
120824	bhāvidhammaniyāma	အနာဂတ်တရားဖြင့်-မဲ-မှတ်အပ်-သော။	determinado / marcado por un estado futuro.	determined / marked by a future state.	မဲ (lot, mark) read as 'determined'; uncertain.
120825	bhāvinī	(၁) သိင်္ဂါရရသဟူသော ဘဝရှိသော မိန်းမ။ (တိ) (၂) နောက်၌ ဧကန်ဖြစ်လတ္တံ့သော၊ လာလတ္တံ့သော။ «S1»	(1) mujer que tiene el *bhava* llamado *siṅgārarasa*. (adjetivo) (2) que ciertamente surgirá en el futuro; que vendrá. Véase [[bhāvi]] (1).	(1) a woman having the *bhava* called *siṅgārarasa*. (adjective) (2) that will certainly arise hereafter; that will come. See [[bhāvi]] (1).	(1) ဘဝ is probably ဘာဝ (bhāva, emotion); သိင်္ဂါရရသ = the erotic sentiment (śṛṅgāra-rasa) of poetics.
120834	bhāvīsaṁvaṭṭānupubbī	နောင်ပျက်လတ္တံ့သော အစဉ်။	la secuencia que perecerá en adelante.	the sequence that will perish hereafter.	Terse gloss of saṁvaṭṭa (world-dissolution); sense unclear.
120849	bhāvenabhāvalakkhaṇa	ကြိယာတစ်ပါးဖြင့် ကြိယာတစ်ပါးကို မှတ်သားခြင်း။ «S1»	el marcar un *kriyā* mediante otro *kriyā*. Véanse [[bhāvenabhāvalakkhaṇattha]], [[bhāvalakkhaṇa]].	marking one *kriyā* by means of another *kriyā*. See [[bhāvenabhāvalakkhaṇattha]], [[bhāvalakkhaṇa]].	Grammar: ကြိယာ = 'verb/action'.
120850	bhāvenabhāvalakkhaṇattha	ကြိယာတစ်ပါးဖြင့် ကြိယာတစ်ပါးကို မှတ်ကြောင်းဖြစ်သော အနက်၊ ဘာဝေနဘာဝလက္ခဏအနက်။	el significado por el cual un *kriyā* marca otro *kriyā*; el significado *bhāvenabhāvalakkhaṇa*.	the meaning by which one *kriyā* marks another *kriyā*; the *bhāvenabhāvalakkhaṇa* meaning.	Grammar: ကြိယာ = 'verb/action'.
120851	bhāventa	ဖြစ်စေ-ပွါးစေ-ပွါးများသော၊ သူ။ (ကြိ၊ဝိ) ဖြစ်စေ-ပွါးစေ-ပွါးများ-လျက်။	que hace surgir / desarrolla / cultiva (dicho de una persona). (verbo) haciendo surgir / desarrollando / cultivando.	causing to arise / developing / cultivating (said of a person). (verb) while causing to arise / developing / cultivating.	The inner label (ကြိ၊ဝိ) is rendered (verbo) / (verb); ဝိ is not in the label table.
120853	bhāvema	ဖြစ်စေ-ပွါးစေ-ပွါးများ-ကုန်၏။ «S1»	hacemos surgir / desarrollamos / cultivamos. Véase [[bhāveti]].	we cause to arise / develop / cultivate. See [[bhāveti]].	Rendered in the 1st person plural from the headword ending -ma; the Burmese does not mark person.
120854	bhāvemi	ဖြစ်စေ-ပွါးစေ-ပွါးများ-၏။ «S1»	hago surgir / desarrollo / cultivo. Véase [[bhāveti]].	I cause to arise / develop / cultivate. See [[bhāveti]].	Rendered in the 1st person from the headword ending -mi; the Burmese does not mark person.
120859	bhāvesiṁ	ဖြစ်စေ-ပွါးစေ-ပွါးများ-ပြီ။ «S1»	hice surgir / desarrollé / cultivé. Véase [[bhāveti]].	I caused to arise / developed / cultivated. See [[bhāveti]].	Rendered in the 1st person from the headword ending -iṁ; the Burmese does not mark person.
120893	bhāsamāna	(၁) ပြောဆိုခြင်းကြောင့်။ (တိ) (၂) ပြောဆို-ဟောကြား-ရွက်ဖတ်-သရဇ္ဈာယ်-တတ်သော၊ သူ။	(1) por causa del hablar. (adjetivo) (2) que suele hablar / exponer / leer en voz alta / recitar (dicho de una persona).	(1) because of speaking. (adjective) (2) apt to speak / preach / read aloud / recite (said of a person).	ရွက်ဖတ် read as ရွတ်ဖတ် (misprint).
120907	bhāsiṁ	ဟောကြားပြီ။ «S1»	enseñé. Véase [[bhāsati]].	I taught. See [[bhāsati]].	Rendered in the 1st person from the headword ending -iṁ; the Burmese does not mark person.
120920	bhāsitatthavibhāvana	ဟောအပ်သော ကို ထင်စွာပြခြင်း။ «S1»	el mostrar claramente lo enseñado. Véase también [[bhāsitattha]].	clearly showing what has been taught. See also [[bhāsitattha]].	A word is missing after ဟောအပ်သော (probably အနက်, 'the meaning').
120926	bhāsitapuma	ဟောဖူးသော ပုလ္လိင်ရှိသော၊ ပုလ္လိင်ကို ဟောဖူးသော။	que tiene el masculino ya expresado; que ha expresado el masculino.	having the masculine already expressed; that has expressed the masculine.	Grammar: ပုလ္လိင် = masculine gender (bhāsitapuṁska).
120936	bhāsitavaṇṇānusandhi	ပြောဆိုအပ်သော ဂုဏ်ကျေးဇူးနှင့် ဆက်စပ်သော။	relacionado con las virtudes / beneficios que han sido dichos.	connected with the virtues / benefits that have been spoken.	feminine noun glossed with an adjectival -သော phrase; ဂုဏ်ကျေးဇူး read as virtue / benefit
120946	bhāsimha	ပြောဆို-ဟောကြား-ကုန်ပြီ။ «S1»	hablaron / expusieron. Véase [[bhāsati]].	(they) spoke / expounded. See [[bhāsati]].	headword is 1st person plural (-mha); rendered in the unmarked 3rd person
120947	bhāsiya	ပြောဆို-ဟောကြား-၍ ဘာသိတွာ-ကြည့်။	habiendo hablado / expuesto. Véase [[bhāsitvā]].	having spoken / expounded. See [[bhāsitvā]].	see-reference left in the Burmese text
120949	bhāsisaṁ	ပြောဆိုပြီ။	hablé.	I spoke.	rendered in the 1st person from the headword ending (-saṁ); the Burmese does not mark person
120950	bhāsissaṁ	ဟောကြားပေအံ့။ «S1»	expondré. Véase [[bhāsati]].	I shall expound. See [[bhāsati]].	rendered in the 1st person from the headword ending (-ssaṁ) and the future in -အံ့
120954	bhāsissāma	ပြောဆိုကုန်အံ့။ «S1»	hablaremos. Véase [[bhāsati]].	we shall speak. See [[bhāsati]].	rendered in the 1st person plural from the headword ending (-ssāma) and the future in -အံ့
120955	bhāsissāmi	ပြောဆို-ဟောကြား-အံ့။ «S1»	hablaré / expondré. Véase [[bhāsati]].	I shall speak / expound. See [[bhāsati]].	rendered in the 1st person from the headword ending (-ssāmi) and the future in -အံ့
120958	bhāsu	ထွန်းလင်းတောက်ပခြင်း၊ အရောင်။ ဘာသုရ-(၂,၃)-ကြည့်။	el brillar / resplandecer; el color. Véase [[bhāsura]] (2, 3).	the shining / glowing; colour. See [[bhāsura]] (2, 3).	see-reference with sense numbers left in the Burmese text
120959	bhāsura	(၁) ပန်းဥ။ (၂) ကေသရာခြင်္သေ့။ (တိ) (၃) ပြိုးပြိုးပြက် တောက်ပသော အရောင်အဆင်းရှိသော။ (၄) စကားများသော၊ သူ။	(1) el capullo de flor. (2) el león de melena (*kesara*). (adjetivo) (3) que tiene un color / aspecto que resplandece centelleante. (4) hablador (dicho de una persona).	(1) a flower bud. (2) the maned lion (*kesara*). (adjective) (3) having a colour / appearance that glows flashing. (4) talkative (said of a person).	ကေသရာခြင်္သေ့ read as the kesara (maned) lion; ပန်းဥ read as flower bud
120969	bhāseyyaṁ	ပြောဆိုအံ့။ «S1»	hablaré. Véase [[bhāsati]].	I shall speak. See [[bhāsati]].	rendered in the 1st person from the headword ending (-eyyaṁ) and -အံ့
120976	bhāsehi	(ဝိသုဒ္ဓိ၊ဋီ၊၂။ ၂၃၈) သည် ဘာသေတိမှ ပျက်ယွင်းလာသော ပုဒ်ဖြစ်သည်။	es una palabra corrompida a partir de *bhāseti*.	is a word corrupted from *bhāseti*.	citation (Visuddhi-ṭīkā 2.238) dropped; the gloss is a note that the form is corrupt, not a meaning
120983	bhiṁsanakata	ကြောက်စေတတ်သည်၏အဖြစ်၊ ကြောက်မက်ဖွယ်။ ဘိံ သနကတ္တ-ကြည့်။	el hecho de atemorizar habitualmente; lo temible. Véase [[bhiṁsanakatta]].	the state of being apt to frighten; fearsomeness. See [[bhiṁsanakatta]].	see-reference left in the Burmese; the print has a space inside the headword (ဘိံ သနကတ္တ), closed up
120996	bhiṁsāpanavatthu	ကြောက်လန့်စေ-ခြောက်လှန့်-ခြင်းဟူသောအကြောင်း။	el caso que es el atemorizar / intimidar.	the case, namely frightening / intimidating.	အကြောင်း read as 'case / matter' (vatthu)
121000	bhiṁsāpetabbaka	ကြောက်လန့်စေအပ်သော၊ ခြောက်လှန့်ခံရသော၊ သူ။	atemorizado; intimidado (dicho de una persona).	frightened; intimidated (said of a person).	the headword is a future passive (-tabba-); the Burmese uses the plain passive
121007	bhiṁsāpesi	ကြောက်လန့်စေပြီ၊ ခြောက်လှန့်ပြီ၊ ဘိံသာပေတိ-ကြည့်။	atemorizó; intimidó; véase *bhiṁsāpeti*.	frightened; intimidated; see *bhiṁsāpeti*.	see-reference left in the Burmese text
121011	bhiṁsāpehi	ကြောက်လန့်စေလော၊ ခြောက်လှန့်လော။ «S1»	¡atemoriza!; ¡intimida! Véase [[bhisāpeti]].	frighten!; intimidate! See [[bhisāpeti]].	လော read as the imperative
121014	bhikkhaka	(၁) ဘိက္ခကပုဏ္ဏား။ (တိ) (၂) တောင်းတတ်သော၊ ဆွမ်း-ထမ်ငး-ကိုရှာမှီးတတ်သော၊ သူ။	(1) el brahmán *bhikkhaka*. (adjetivo) (2) que suele pedir; que suele buscar comida de limosna / alimento (dicho de una persona).	(1) the brahmin *bhikkhaka*. (adjective) (2) apt to beg; apt to seek alms food / food (said of a person).	ထမ်ငး is a misprint for ထမင်း (food)
121018	bhikkhattha	ဆွမ်းဟူသော အကျိုး။	el propósito que es la comida de limosna.	the purpose, namely alms food.	အကျိုး read as attha (purpose / benefit)
121027	bhikkhapaṭiggaṇhana	ဆွမ်း-ခံယူခြင်း။	el recibir la comida de limosna.	receiving alms food.	a stray hyphen after ဆွမ်း
121034	bhikkhassu	တောင်းလော။ «S1»	¡pide! Véase [[bhikkhati]].	beg! See [[bhikkhati]].	လော read as the imperative
121039	bhikkhācara	ဆွမ်းခံ သွားသော၊ သူ။ ဘိက္ခာစာရ(တိ)-(၄)-လည်းကြည့်။	que va a la ronda de limosna (dicho de una persona). Véase también [[bhikkhācāra]] (adjetivo) (4).	going on the alms round (said of a person). See also [[bhikkhācāra]] (adjective) (4).	see-also reference with sense number left in the Burmese text
121040	bhikkhācaraka	ဆွမ်းခံသွားသော၊ သူ။ ဘိက္ခာစာရ(တိ)-(၄)-လည်းကြည့်။	que va a la ronda de limosna (dicho de una persona). Véase también [[bhikkhācāra]] (adjetivo) (4).	going on the alms round (said of a person). See also [[bhikkhācāra]] (adjective) (4).	see-also reference with sense number left in the Burmese text
121041	bhikkhācaraṇa	(၁) ဆွမ်းခံလှည့်လည်ခြင်း။ (၂) ဆွမ်းခံလှည့်လည်ရာ။ «S1»	(1) el recorrer la ronda de limosna. (2) el lugar donde se recorre la ronda de limosna. Véase [[bhikkhācaraṇaṭṭhāna]].	(1) going round for alms. (2) the place where one goes round for alms. See [[bhikkhācaraṇaṭṭhāna]].	labelled adjective but both senses are nouns
121061	bhikkhācārattha	ဆွမ်းခံလှည့်လည်ခြင်းအကျိုး။	el propósito de recorrer la ronda de limosna.	the purpose of going round for alms.	အကျိုး read as attha (purpose / benefit)
121087	bhikkhāpaññatti	အမြဲဆွမ်းဝတ် တည်ထားအပ်ရာ ကျောင်းတိုက်။	el conjunto monástico donde está establecida la observancia perpetua de la comida de limosna.	the monastery compound where a perpetual alms-food observance is established.	labelled verb (ကြိ) but glossed as a noun; အမြဲဆွမ်းဝတ် read as a standing alms-food provision
121095	bhikkhāmi	တောင်း၏။ «S1»	pido. Véase [[bhikkhati]].	I beg. See [[bhikkhati]].	rendered in the 1st person from the headword ending (-mi); the Burmese does not mark person
121097	bhikkhāvacana	ဘိက္ခသဒ္ဒါ။ «S1»	la palabra *bhikkha*. Véase también [[bhikkhāpariyāya]].	the word *bhikkha*. See also [[bhikkhāpariyāya]].	the headword has bhikkhā-; the gloss writes ဘိက္ခ (short a)
121107	bhikkhuupasampadā	ရဟန်းပဉ္စင်းအဖြစ်။	la condición de monje plenamente ordenado.	the state of a fully ordained monk.	ရဟန်းပဉ္စင်း read as a fully ordained monk
121114	bhikkhukiriya	ရဟန်းတို့၏-အပြုအမူ-အမူအရာ။ (သျှ၊ သစ်)။ ရဟ်းတို့အမူအရာရှိသော၊ ရဟန်းအမူအရာရှိသော၊ သူ။	la conducta / el comportamiento de los monjes. Que tiene el comportamiento de los monjes; que tiene comportamiento de monje (dicho de una persona).	the conduct / demeanour of monks. Having the demeanour of monks; having a monk's demeanour (said of a person).	source tags (သျှ၊ သစ်) dropped; ရဟ်း is a misprint for ရဟန်း
121115	bhikkhukoṭi	ရဟန်းကုဋေ။	diez millones de monjes.	ten million monks.	ကုဋေ (koṭi) rendered as ten million
121131	bhikkhudhamma	ရဟန်းတရား၊ ရဟန်းကျင့်ဝတ်။	el *dhamma* de monje; la observancia de monje.	the monk's *dhamma*; the monk's observance.	ရဟန်းတရား: dhamma here in the sense of the monk's practice or rule
121137	bhikkhunikāla	ဘိက္ခနီမ ဖြစ်စဉ်အခါ။	el tiempo en que (se) era *bhikkhunī*.	the time when (one) was a *bhikkhunī*.	ဘိက္ခနီမ is a misprint for ဘိက္ခုနီမ
121138	bhikkhunīkāla	ဘိက္ခနီမ ဖြစ်စဉ်အခါ။	el tiempo en que (se) era *bhikkhunī*.	the time when (one) was a *bhikkhunī*.	ဘိက္ခနီမ is a misprint for ဘိက္ခုနီမ
121139	bhikkhunikhandhaka	ရဟန်းမိန်းမတို့၏ ပဗ္ဗဇ္ဇစသောကံ,သိက္ခာပုဒ်ဟူသော ပညတ်ကို ပြရာပါဠိ၊ ဘိက္ခုနီခန္ဓက။	el texto pāḷi que muestra la promulgación, a saber, los *kamma* que comienzan por la *pabbajja* y las *sikkhāpada* de las monjas; el *bhikkhunīkhandhaka*.	the Pāḷi text that sets out the ordinances, namely the *kamma* beginning with *pabbajja* and the *sikkhāpada* of the nuns; the *bhikkhunīkhandhaka*.	ကံ here is the Saṅgha's formal act (Vinaya sense)
121140	bhikkhunikkhandhaka	ရဟန်းမိန်းမတို့၏ ပဗ္ဗဇ္ဇစသောကံ,သိက္ခာပုဒ်ဟူသော ပညတ်ကို ပြရာပါဠိ၊ ဘိက္ခုနီခန္ဓက။	el texto pāḷi que muestra la promulgación, a saber, los *kamma* que comienzan por la *pabbajja* y las *sikkhāpada* de las monjas; el *bhikkhunīkhandhaka*.	the Pāḷi text that sets out the ordinances, namely the *kamma* beginning with *pabbajja* and the *sikkhāpada* of the nuns; the *bhikkhunīkhandhaka*.	ကံ here is the Saṅgha's formal act (Vinaya sense)
121143	bhikkhunīgocara	ဘိက္ခုနီမကျောင်းဟူသော ဆွမ်းခံရာရှိသော၊ ဘိက္ခုနီမကျောင်း၌ ဆွမ်းခံသော၊ သူ။	que tiene como lugar de limosna el monasterio de *bhikkhunī*; que recibe limosna en el monasterio de *bhikkhunī* (dicho de una persona).	having a *bhikkhunī* monastery as the place for alms; receiving alms at a *bhikkhunī* monastery (said of a person).	labelled neuter noun but glossed as an adjective
121148	bhikkhunidūsaka	ဘိက္ခုနီမကို-ဖျက်ဆီး-ဗလက္ကာရပြု-သူ။	el que corrompe / violenta a una *bhikkhunī*.	one who corrupts / violates a *bhikkhunī*.	labelled neuter noun; ဗလက္ကာရပြု (to use force, violate) rendered 'violentar'
121153	bhikkhunidūsanakakamma	ဘိက္ခုနီမကို ဖျက်ဆီးသောကံ။	el *kamma* de corromper a una *bhikkhunī*.	the *kamma* of corrupting a *bhikkhunī*.	ကံ here is the deed itself, not the Saṅgha's formal act
121154	bhikkhuniddesa	ဘိက္ခုသဒ္ဒါကို-ဘိက္ခုသဒ္ဒါ၏ အနက်ကို-အကျယ်ပြရာ။	el pasaje en que se expone en detalle la palabra *bhikkhu* / el significado de la palabra *bhikkhu*.	the passage setting out in detail the word *bhikkhu* / the meaning of the word *bhikkhu*.	headword bhikkhuniddesa is bhikkhu-niddesa, not bhikkhunī-
121158	bhikkhuniparipācita	ဘိက္ခနီမသည်-ထက်ဝန်းကျင်မှ ချက်စေအပ်-စီရင်အပ်သော၊ ဘိက္ခုနီမသည်-လှူဒါန်းစေအပ်သော-ဆွယ်အပ်သော။	que una *bhikkhunī* ha hecho cocinar por todas partes / preparado; que una *bhikkhunī* ha hecho ofrecer / ha inducido (a ofrecer).	caused by a *bhikkhunī* to be cooked all round / arranged; caused by a *bhikkhunī* to be offered / procured by her persuasion.	ဘိက္ခနီမ is a misprint for ဘိက္ခုနီမ; ဆွယ်အပ်သော read as 'induced, persuaded'
121161	bhikkhunipavāraṇā	ဘိက္ခုနီမတို့၏- ဖိတ်ကြားခြင်းကံ-ပဝါရဏာကံ။ «S1»	el *kamma* de invitación / el *kamma* de *pavāraṇā* de las *bhikkhunī*. Véase [[bhikkhuuposatha]].	the *kamma* of invitation / the *pavāraṇā* *kamma* of the *bhikkhunī*. See [[bhikkhuuposatha]].	ကံ here is the Saṅgha's formal act (Vinaya sense)
121164	bhikkhunibbacana	ဘိက္ခုသဒ္ဒါ၏ဝိဂြိုဟ်။ «S1»	el *viggaha* de la palabra *bhikkhu*. Véase [[bhikkhunibbacanattha]].	the *viggaha* of the word *bhikkhu*. See [[bhikkhunibbacanattha]].	headword is bhikkhu-nibbacana (the etymology of bhikkhu), not bhikkhunī-
121190	bhikkhunīagocara	ဘိက္ခုနီမကျောင်းဟူသော-မသင့်လျော်-မအပ်-သော- ကျက်စားရာ-ဆွမ်းခံအိမ်။ «S1»	el lugar de sustento / la casa de limosna no conveniente / no permitido que es el monasterio de *bhikkhunī*. Véase también [[agocara]].	an unsuitable / improper feeding ground / alms house, namely a *bhikkhunī* monastery. See also [[agocara]].	the hyphen chain interleaves two pairs of alternatives (unsuitable / improper; feeding ground / alms house)
121195	bhikkhunīdūsakakamma	ဘိက္ခုနီမကို ဖျက်ဆီးသောကံ၊ ဘိက္ခုနီဒူသကကံ။	el *kamma* de corromper a una *bhikkhunī*; el *bhikkhunīdūsaka* *kamma*.	the *kamma* of corrupting a *bhikkhunī*; the *bhikkhunīdūsaka* *kamma*.	ကံ here is the deed itself, not the Saṅgha's formal act
121204	bhikkhunīvibhaṅga	ဘိက္ခုနီဝိဘင်း၊ ဘိက္ခုနီသိက္ခာပုဒ်ကို အကျယ်ပြရာ။ အောက်ပုဒ်ကြည့်။	el *bhikkhunīvibhaṅga*; el texto que expone en detalle las *sikkhāpada* de las *bhikkhunī*. Véase la entrada siguiente.	the *bhikkhunīvibhaṅga*; the text setting out in detail the *sikkhāpada* of the *bhikkhunī*. See the next entry.	'see the entry below' (အောက်ပုဒ်ကြည့်) left in the Burmese
121219	bhikkhunovādaka	(၁) ဘိက္ခုနီမကို ဆုံးမခြင်း။ «S1» (တိ) (၂) ဘိက္ခနီမတို့ကို ဆုံးမတတ်သော၊ သူ။	(1) el amonestar a las *bhikkhunī*. Véase [[bhikkhunovādakatthika]]. (adjetivo) (2) que suele amonestar a las *bhikkhunī* (dicho de una persona).	(1) admonishing the *bhikkhunī*. See [[bhikkhunovādakatthika]]. (adjective) (2) apt to admonish the *bhikkhunī* (said of a person).	ဘိက္ခနီမ in sense 2 is a misprint for ဘိက္ခုနီမ
121226	bhikkhunovādakasammutikamma	ဘိက္ခုနောဝါဒကရဟန်းဟု သမုတ်ခြင်းကံ။	el *kamma* de designar a un monje como *bhikkhunovādaka*.	the *kamma* of appointing a monk as *bhikkhunovādaka*.	ကံ here is the Saṅgha's formal act (Vinaya sense)
121233	bhikkhupaṭiññā	(၁) ရဟန်းဟု ပန်ခံထားခြင်း။ (တိ) (၂) ရဟန်းဟုဝန်ခံခြင်းရှိသော၊ သူ။	(1) el haberse declarado monje. (adjetivo) (2) que tiene la declaración de ser monje (dicho de una persona).	(1) having declared oneself a monk. (adjective) (2) having the claim of being a monk (said of a person).	ပန်ခံ in sense 1 read as a misprint for ဝန်ခံ (claim, declare)
121234	bhikkhupaṭipāṭi	ရဟန်းအစဉ်၊ ရဟန်းတို့၏ ဝါစဉ်။	la fila de monjes; el orden de los monjes según sus años de ordenación.	the line of monks; the order of monks by their years of ordination.	ဝါစဉ် read as seniority by rains (vassa)
121236	bhikkhupadābhāva	သိက္ခုပုဒ်၏မရှိခြင်း။	la ausencia de la palabra *bhikkhu*.	the absence of the word *bhikkhu*.	print has သိက္ခုပုဒ်, read as a misprint for ဘိက္ခုပုဒ်
121241	bhikkhuparipācita	ရဟန်းသည်-ထက်ဝန်းကျင်မှ-ချက်စေအပ်-စီရင်အပ်-သော၊ ရဟန်းသည်-လှူဒါန်းစေအပ်သော-ဆွယ်အပ်သော။	que un monje ha hecho cocinar por todas partes / preparado; que un monje ha hecho ofrecer / ha inducido (a ofrecer).	caused by a monk to be cooked all round / arranged; caused by a monk to be offered / procured by his persuasion.	ဆွယ်အပ်သော read as 'induced, persuaded'
121243	bhikkhupavāraṇā	ရဟန်းတို့၏-ဖိတ်ကြားခြင်းကံ-ပဝါရဏာကံ။ «S1»	el *kamma* de invitación / el *kamma* de *pavāraṇā* de los monjes. Véase [[bhikkhuuposatha]].	the *kamma* of invitation / the *pavāraṇā* *kamma* of the monks. See [[bhikkhuuposatha]].	ကံ here is the Saṅgha's formal act (Vinaya sense)
121288	bhikkhusaṁghasamiti	ရဟန်းသံဃာ၏ စည်းဝေးရာ။	el lugar de reunión del *saṁghā* de monjes.	the meeting place of the *saṁghā* of monks.	labelled adjective but glossed as a noun
121291	bhikkhusata	ရဟန်းတရာ၊ ရဟန်းအရာ။	cien monjes; un centenar de monjes.	a hundred monks; one hundred monks.	ရဟန်းအရာ read with အရာ = a hundred
121295	bhikkhusatasahassasaddasāpekkha	ဘိက္ခုသတသဟဿသဒ္ဒါကို-ငဲ့ခြင်းရှိသော-ငဲ့သော။	que tiene referencia a / que se refiere a la palabra *bhikkhusatasahassa*.	having reference to / referring to the word *bhikkhusatasahassa*.	ငဲ့ read in the grammatical sense (sāpekkha, 'requiring, referring to')
121330	bhittikhila	န့ရံ၌-နှက်ထား-စိုက်ထား-သော-သစ်ငုတ်-တံသင်း။	el tocón de madera / la clavija clavado / hincado en la pared.	a wooden stump / peg driven / fixed into the wall.	န့ရံ is a misprint for နံရံ (wall)
121336	bhittinissita	နံရံ-၌-ကို-မှီသော။	apoyado en / contra la pared.	resting on / against the wall.	the hyphens separate two case particles (၌, ကို) of one noun
121337	bhittinissitaka	နံရံ၌--မှီ-နေသော။ «S1»	que está apoyado en la pared. Véase [[bhittilagga]].	resting against the wall. See [[bhittilagga]].	stray double hyphen in the print (နံရံ၌--မှီ-နေသော)
121341	bhittipariyanta	နံရံအပေါက်။ (သျ) နံရံအစွန်း။	el agujero de la pared. El borde de la pared.	a hole in the wall. The edge of the wall.	source tag (သျ) dropped; the two glosses are from different sources
121346	bhittibhūmisannissita	နံရံ-မြကို မှီသော။	que se apoya en la pared / el suelo.	resting on the wall / the ground.	မြ read as a misprint for မြေ (ground)
121359	bhinda	ဖောက်ခွဲလော။ «S1»	¡rompe! Véase [[bhindati]] (1-b).	break open! See [[bhindati]] (1-b).	လော read as the imperative
121361	bhindati	(၁) (က) ဖျက်ဆီး၏။ (ခ) ခွဲ-သင်းခွဲ-ဖောက်ခွဲ-၏။ (ဂ) ဖောက်ထွင်း၏။ (ဃ) စူးဝင်၏။ (င) ပြောဆို-မြွက်ကြား-၏။ (၂) ဝေဖန်၏။ (၃) ရောနှော၏။ (၄) ဖြေ (ဖြည်) ၏။ (၅) ထည့်၏။	(1) (a) destruye. (b) parte / causa división / rompe. (c) perfora. (d) penetra. (e) habla / pronuncia. (2) analiza. (3) mezcla. (4) desata (suelta). (5) pone dentro.	(1) (a) destroys. (b) splits / causes division / breaks open. (c) bores through. (d) penetrates. (e) speaks / utters. (2) analyses. (3) mixes. (4) unties (loosens). (5) puts in.	သင်းခွဲ read as causing division (schism); ဖြေ (ဖြည်) as untying / loosening
121372	bhindasi	ခွဲပြီ။ ဘိန္ဒတိ (၁) (ခ) ကြည့်။	partió. Véase [[bhindati]] (1) (b).	split. See [[bhindati]] (1) (b).	see-reference with sense numbers left in the Burmese text
121376	bhindāpeyya	(က) ဖျက်ဆီးစေရာ၏၊ အဖျက်ဆီးခိုင်းရာ၏။ ဘိန္ဒာပေတိ (၂) (က) ကြည့်။ (ခ) ခွဲစေရာ၏။ ဘိန္ဒာပေတိ (၂) (ခ) ကြည့်။	(a) haría destruir; mandaría destruir. Véase [[bhindāpeti]] (2) (a). (b) haría partir. Véase [[bhindāpeti]] (2) (b).	(a) would cause to destroy; would order to destroy. See [[bhindāpeti]] (2) (a). (b) would cause to split. See [[bhindāpeti]] (2) (b).	see-references with sense numbers left in the Burmese text
121377	bhindāpesi	ဖျက်ဆီးစေပြီ၊ အဖျက်ဆီးခိုင်းပြီ။ ဘိန္ဒာပေတိ (၂) (က) ကြည့်။	hizo destruir; mandó destruir. Véase [[bhindāpeti]] (2) (a).	caused to destroy; ordered to destroy. See [[bhindāpeti]] (2) (a).	see-reference with sense numbers left in the Burmese text
121378	bhindāpessāmi	ဖျက်ဆီးစေအံ့၊ အဖျက်ဆီးခိုင်းအံ့။ ဘိန္ဒာပေတိ (၂) (က) ကြည့်။	haré destruir; mandaré destruir. Véase [[bhindāpeti]] (2) (a).	I shall cause to destroy; I shall order to destroy. See [[bhindāpeti]] (2) (a).	rendered in the 1st person from the headword ending (-ssāmi) and -အံ့; see-reference left in the Burmese
121379	bhindāma	ပြောဆို-မြွက်ကြား-ကုန်အံ့။ ဘိန္ဒတိ (၁) (င) ကြည့်။	hablaremos / pronunciaremos. Véase [[bhindati]] (1) (e).	we shall speak / utter. See [[bhindati]] (1) (e).	rendered in the 1st person plural from the headword ending (-āma) and -ကုန်အံ့; see-reference left in the Burmese
121380	bhindāhi	ဖျက်ဆီးလော။ ဘိန္ဒတိ (၁) (က) ကြည့်။	¡destruye! Véase [[bhindati]] (1) (a).	destroy! See [[bhindati]] (1) (a).	လော read as the imperative; see-reference left in the Burmese
121381	bhindiṁ	(က) ဖျက်ဆီးပြီ။ ဘိန္ဒတိ (၁) (က) ကြည့်။ (ခ) ခွဲပြီ။ ဘိန္ဒတိ (၁) (ခ) ကြည့်။	(a) destruí. Véase [[bhindati]] (1) (a). (b) partí. Véase [[bhindati]] (1) (b).	(a) I destroyed. See [[bhindati]] (1) (a). (b) I split. See [[bhindati]] (1) (b).	rendered in the 1st person from the headword ending (-iṁ); see-references left in the Burmese
121382	bhindiṁsu	(က) ဖျက်ဆီးကုန်ပြီ။ ဘိန္ဒတိ (၁) (က) ကြည့်။ (ခ) ခွဲကုန်ပြီ။ ဘိန္ဒတိ (၁) (ခ) ကြည့်။	(a) destruyeron. Véase [[bhindati]] (1) (a). (b) partieron. Véase [[bhindati]] (1) (b).	(a) they destroyed. See [[bhindati]] (1) (a). (b) they split. See [[bhindati]] (1) (b).	'see X (sense)' left in the Burmese, rendered Véase ⟦X⟧ (…)
121383	bhindi	(က) ဖျက်ဆီးပြီ။ ဘိန္ဒတိ (၁) (က) ကြည့်။ (ခ) ခွဲ-သင်းခွဲ-ပြီ။ ဘိန္ဒတိ (၁) (ခ) ကြည့်။ (ဂ) ပြောဆို-မြွက်ကြား-ပြီ။ ဘိန္ဒတိ (၁) (င) ကြည့်။	(a) destruyó. Véase [[bhindati]] (1) (a). (b) partió / provocó un cisma. Véase [[bhindati]] (1) (b). (c) habló / pronunció. Véase [[bhindati]] (1) (e).	(a) destroyed. See [[bhindati]] (1) (a). (b) split / caused a schism. See [[bhindati]] (1) (b). (c) spoke / uttered. See [[bhindati]] (1) (e).	'see X (sense)' left in the Burmese, rendered Véase ⟦X⟧ (…); သင်းခွဲ read as 'cause a schism'
121384	bhindi	ဖျက်ဆီးပြီ။ ဘိန္ဒတိ-(၁) (က) ကြည့်။	destruyó. Véase [[bhindati]] (1) (a).	destroyed. See [[bhindati]] (1) (a).	'see X (sense)' left in the Burmese, rendered Véase ⟦X⟧ (…)
121388	bhindituṁ	(က) ဖျက်ဆီးခြင်းငှါ။ (ခ) ခွဲ-သင်းခွဲ-ခြားငှါ။	(a) para destruir. (b) para partir / provocar un cisma.	(a) in order to destroy. (b) in order to split / cause a schism.	ခြားငှါ read as a misprint for ခြင်းငှါ; label ပု is odd for an infinitive
121389	bhinditukāma	(က) ဖျက်ဆီးခြင်းငှါ အလိုရှိသော၊ သူ။ (ခဝ ခွဲ-သင်းခွဲ-ခြင်းငှါ အလိုရှိသော၊ သူ။	(a) que desea destruir (dicho de una persona). (b) que desea partir / provocar un cisma (dicho de una persona).	(a) wishing to destroy (said of a person). (b) wishing to split / cause a schism (said of a person).	'(ခဝ' read as a misprint for (ခ)
121390	bhindittha	ဖျက်ဆီးကုန်ပြီ။ ဘိန္ဒတိ (၁) (က) ကြည့်။	destruyeron. Véase [[bhindati]] (1) (a).	they destroyed. See [[bhindati]] (1) (a).	'see X (sense)' left in the Burmese, rendered Véase ⟦X⟧ (…); person unmarked, 3rd person written
121394	bhindivāla	ခက်ရင်း (ခရင်း)။	horquilla (‹ခရင်း›).	fork (‹ခရင်း›).	ခက်ရင်း tentatively read as a fork / forked weapon; (ခရင်း) is a spelling variant, kept in Burmese
121395	bhindivāl̤a	ခက်ရင်း (ခရင်း)။	horquilla (‹ခရင်း›).	fork (‹ခရင်း›).	ခက်ရင်း tentatively read as a fork / forked weapon; (ခရင်း) is a spelling variant, kept in Burmese
121396	bhindivālaka	ခက်ရင်း။	horquilla.	fork.	ခက်ရင်း tentatively read as a fork / forked weapon
121397	bhindivālappamāṇa	ခက်ရင်း-ပမာဏ-အတိုင်းအရှည်-ရှိသော။	que tiene el tamaño / la medida / la extensión de una horquilla.	having the size / measure / extent of a fork.	ခက်ရင်း tentatively read as a fork / forked weapon
121398	bhindissaṁ	ခွဲပြီ။ ဘိန္ဒတိ (၁) (ခ) ကြည့်။	partió. Véase [[bhindati]] (1) (b).	split. See [[bhindati]] (1) (b).	Burmese gives a past (ခွဲပြီ) for a 1st-person future/conditional form; rendered as given, 3rd person; 'see X (sense)' rendered Véase ⟦X⟧ (…)
121399	bhindissati	(က) ဖျက်ဆီးလတ္တံ့။ ဘိန္ဒတိ (၁) (က) ကြည့်။ (ခ) ခွဲ-သင်းခွဲ-လတ္တံ့။ ဘိန္ဒတိ (၁) (ခ) ကြည့်။ (ဂ) ဖြေ (ဖြည်) လတ္တံ့။ «S1»	(a) destruirá. Véase [[bhindati]] (1) (a). (b) partirá / provocará un cisma. Véase [[bhindati]] (1) (b). (c) desatará (‹ဖြည်›). Véase [[bhindati]] (4).	(a) will destroy. See [[bhindati]] (1) (a). (b) will split / cause a schism. See [[bhindati]] (1) (b). (c) will untie (‹ဖြည်›). See [[bhindati]] (4).	'see X (sense)' rendered Véase ⟦X⟧ (…); (ဖြည်) is a spelling variant of ဖြေ, kept in Burmese
121400	bhindissanti	ဖြေ (ဖြည်) ကုန်လတ္တံ့။ «S1»	desatarán (‹ဖြည်›). Véase [[bhindati]] (4).	they will untie (‹ဖြည်›). See [[bhindati]] (4).	(ဖြည်) is a spelling variant of ဖြေ, kept in Burmese
121401	bhindissāma	(က) ဖျက်ဆီးကုန်အံ့။ ဘိန္ဒတိ (၁) (က) ကြည့်။ (ခ) ခွဲ-သင်းခွဲ-ဖောက်ခွဲ-ကုန်အံ့။ ဘိန္ဒတိ (၁) (ခ) ကြည့်။	(a) destruiremos. Véase [[bhindati]] (1) (a). (b) partiremos / provocaremos un cisma / reventaremos. Véase [[bhindati]] (1) (b).	(a) we shall destroy. See [[bhindati]] (1) (a). (b) we shall split / cause a schism / break open. See [[bhindati]] (1) (b).	1st person (headword -ma, Burmese အံ့); 'see X (sense)' rendered Véase ⟦X⟧ (…)
121402	bhindissāmi	(က) ဖျက်ဆီးအံ့။ ဘိန္ဒတိ (၁) (က) ကြည့်။ (ခ) ခွဲ-သင်းခွဲ-ဖောက်ခွဲ-အံ့။ ဘိန္ဒတိ (၁) (ခ) ကြည့်။	(a) destruiré. Véase [[bhindati]] (1) (a). (b) partiré / provocaré un cisma / reventaré. Véase [[bhindati]] (1) (b).	(a) I shall destroy. See [[bhindati]] (1) (a). (b) I shall split / cause a schism / break open. See [[bhindati]] (1) (b).	1st person (headword -mi, Burmese အံ့); 'see X (sense)' rendered Véase ⟦X⟧ (…)
121403	bhinde	ဖျက်ဆီးရာ၏၊ လွန်ကျူးရာ၏။ ဘိန္ဒတိ (၁) (က) ကြည့်။	destruiría; transgrediría. Véase [[bhindati]] (1) (a).	would destroy; would transgress. See [[bhindati]] (1) (a).	'see X (sense)' rendered Véase ⟦X⟧ (…)
121404	bhindeti	ကွဲစေ၏၊ ခွဲ၏။	hace que se rompa; parte.	causes to break; splits.	label ကာ၊ကြိ (causative verb)
121406	bhindeyyaṁ	ဖျက်ဆီးအံ့။ ဘိန္ဒတိ (၁) (က) ကြည့်။	destruiré. Véase [[bhindati]] (1) (a).	I shall destroy. See [[bhindati]] (1) (a).	1st person (headword -eyyaṁ, Burmese အံ့); 'see X (sense)' rendered Véase ⟦X⟧ (…)
121407	bhindeyya	(၁) (က) ဖျက်ဆီးရာ၏။ ချွေချရာ၏။ ဘိန္ဒတိ (၁) (က) ကြည့်။ (ခ) ခွဲ-သင်းခွဲ-ရာ၏ ခွဲခြမ်းစိတ်ဖြာရာ၏။ ဘိန္ဒတိ (၁) (ခ) ကြည့်။ (ဂ) ပြောဆို-မြွက်ကြား-ရာ၏။ ဘိန္ဒတိ (၁) (င) ကြည့်။ (၂) ထည့်ရာ၏။ «S1»	(1) (a) destruiría. Haría caer. Véase [[bhindati]] (1) (a). (b) partiría / provocaría un cisma; dividiría y analizaría. Véase [[bhindati]] (1) (b). (c) hablaría / pronunciaría. Véase [[bhindati]] (1) (e). (2) pondría dentro. Véase [[bhindati]] (5).	(1) (a) would destroy. Would make fall. See [[bhindati]] (1) (a). (b) would split / cause a schism; would divide and analyse. See [[bhindati]] (1) (b). (c) would speak / utter. See [[bhindati]] (1) (e). (2) would put in. See [[bhindati]] (5).	ချွေချ read as 'make fall, strip off'; 'see X (sense)' rendered Véase ⟦X⟧ (…)
121408	bhindeyyāma	ခွဲ-သင်းခွဲ-ကုန်ရာ၏။ ဘိန္ဒတိ (၁) (ခ) ကြည့်။	partiríamos / provocaríamos un cisma. Véase [[bhindati]] (1) (b).	we would split / cause a schism. See [[bhindati]] (1) (b).	1st person (headword -ma); 'see X (sense)' rendered Véase ⟦X⟧ (…)
121409	bhindeyyuṁ	(၁) ခွဲ-သင်းခွဲ-ကုန်ရာ၏။ ဘိန္ဒတိ (၁) (ခ) ကြည့်။ (၂) ထည့်ကုန်ရာ၏။ «S1»	(1) partirían / provocarían un cisma. Véase [[bhindati]] (1) (b). (2) pondrían dentro. Véase [[bhindati]] (5).	(1) they would split / cause a schism. See [[bhindati]] (1) (b). (2) they would put in. See [[bhindati]] (5).	'see X (sense)' rendered Véase ⟦X⟧ (…)
121410	bhinna	(၁) မုန်။ «S1» (တိ) (၂) (က) ကွဲ-ပျက်-ပျက်စီး-သော။ (ခ) ပြတ်သော၊ ပြတ်နေသော။ «S2» (ဂ) ကွဲပြားမသင့်မြတ်-သော၊ သူ။ (ဃ) ကွဲပြား-ထူးခြား-သော။ «S3» (င) ဖောက်ခွဲ-ဖျက်ဆီးပြီးသော။ (၃) (က) ဖျက်ဆီးအပ်ပြီးသော။ (ခ) ခွဲ-သင်းခွဲ-အပ်ပြီးသော၊ သူ။ (ဂ) ပြောဆို-မြွက်ကြား-အပ်ပြီးသော။ (၄) ကွဲလတ္တံ့သော၊ သူ။	(1) secreción del celo (del elefante). Véase [[bhinnagal̤a]]. (adjetivo) (2) (a) roto / deshecho / destruido. (b) cortado; que está cortado. Véase [[bhinnaüppaladalaggasaṇṭhāna]]. (c) desunido y en discordia (dicho de una persona). (d) diferenciado / distinto. Véase [[bhinnaka]]. (e) que ha reventado / destruido. (3) (a) que ha sido destruido. (b) que ha sido partido / dividido por un cisma (dicho de una persona). (c) que ha sido hablado / pronunciado. (4) que se romperá (dicho de una persona).	(1) must (the elephant's rut fluid). See [[bhinnagal̤a]]. (adjective) (2) (a) broken / wrecked / destroyed. (b) cut; that is cut. See [[bhinnaüppaladalaggasaṇṭhāna]]. (c) disunited and at variance (said of a person). (d) differentiated / distinct. See [[bhinnaka]]. (e) that has burst open / destroyed. (3) (a) that has been destroyed. (b) that has been split / divided by a schism (said of a person). (c) that has been spoken / uttered. (4) that will break (said of a person).	မုန် = must of an elephant; '(del elefante)' added for clarity
121412	bhinnaüppaladalaggasaṇṭhāna	ပြတ်နေသော ကြာရွက်ဖျားသဏ္ဌာန်ရှိသော။ မဏိမဉ္ဇူတို့နှင့်ယှဉ်ကြည့်။	que tiene la forma de la punta de una hoja de loto cortada. Compárese con *maṇimañjū* y otros.	having the shape of the tip of a torn lotus leaf. Compare *maṇimañjū* and others.	မဏိမဉ္ဇူ taken as the title of a work (a cross-reference to compare)
121418	bhinnakālavisaya	ကွပြားသော ကာလလျှင်အရာရှိသော။	que tiene por ámbito un tiempo distinto.	whose domain is a distinct time.	ကွပြား read as a misprint for ကွဲပြား
121422	bhinnakilesamūla	ဖျက်ဆီးအပ်ပြီးသော ကိလေသာဝဋ်မြစ်ရှိသော၊ ကိလေသာဝဋိမြစ်ကို ဖျက်ဆီးပြီးသော၊ သူ။	que tiene destruida la raíz del *kilesavaṭṭa*; que ha destruido la raíz del *kilesavaṭṭa* (dicho de una persona).	whose root of the *kilesavaṭṭa* has been destroyed; that has destroyed the root of the *kilesavaṭṭa* (said of a person).	ကိလေသာဝဋိ in the second gloss read as a misprint for ကိလေသာဝဋ်
121423	bhinnakukkuṭaṇḍapūti	ကွဲသောကြက်ဥပုဒ်။	huevo de gallina roto y podrido.	broken, rotten hen's egg.	ပုဒ် read as a misprint for ပုပ် 'rotten'
121424	bhinnakula	ကွဲပြားသော အမျိုး။	familia dividida.	divided family.	ကွဲပြား here 'divided' or 'distinct'
121428	bhinnagaṇḍapil̤akā	ပေါက်ကွဲသော အိုင်းအမာ,ထွတ်မြင်းနာ။	absceso, forúnculo reventado.	burst boil, carbuncle.	အိုင်းအမာ and ထွတ်မြင်းနာ tentatively read as boil and carbuncle
121431	bhinnagal̤a	ယိုစီးသော မုန်ရှိသော၊ မုန်ယိုစီးသော သူ။	que tiene secreción de celo que fluye; aquel cuyo celo fluye (dicho de una persona).	having flowing must; one whose must flows (said of a person).	မုန် = an elephant's must; သူ here presumably the elephant
121433	bhinnaghara	ကွဲပြားသောအိမ်။	casa dividida.	divided house.	ကွဲပြား here 'divided' or 'distinct'
121439	bhinnajātika	ကွဲပြားသော ဇာတ်ရှိသော။	que tiene una clase distinta.	having a distinct class.	ဇာတ် (jāti) read as class / kind; could be birth
121440	bhinnajātiya	ကွဲပြားသော ဇာတ်ရှိသော။	que tiene una clase distinta.	having a distinct class.	ဇာတ် (jāti) read as class / kind; could be birth
121441	bhinnajātiyatthavacanīya	ကွဲပြားသော ဇာတ်ရှိသော အနက်ကို ဟောတတ်သော။	que suele expresar un significado de clase distinta.	apt to express a meaning of a distinct class.	ဇာတ် (jāti) read as class / kind (grammatical)
121450	bhinnadosa	(၁) ပျက်ကွက်သော အပြစ်။ (တိ) (၂) ပျက်စီးပြီးသော အပြစ် ဒေါသရှိသော၊ သူ။	(1) falta que ha fallado. (adjetivo) (2) que tiene ya destruida la falta, el *dosa* (dicho de una persona).	(1) a fault that has lapsed. (adjective) (2) whose fault, *dosa*, has been destroyed (said of a person).	sense (1) ပျက်ကွက်သော အပြစ် unclear ('lapsed/failed fault'); ဒေါသ here likely 'fault' rather than hatred
121464	bhinnapāsāṇamuṭṭhi	လက်နှင့် ဆုပ်ကိုင်ထားနိုင်လောက်သော ကျောက်ခဲကျိုး၊ လက်တဆုပ်စာကျောက်ခဲကျိုး။	trozo de piedra rota que se puede agarrar con la mano; un puñado de piedra rota.	a broken stone that can be held in the fist; a fistful of broken stone.	label တိ, but the gloss is a noun
121465	bhinnapiṭṭhi	နှစ်မြွာကွဲသောကျောက်ကုန်းရှိသော၊ သူ။ «S1»	que tiene la espalda partida en dos (dicho de una persona). Véase [[bhinnaüra]].	having a back split in two (said of a person). See [[bhinnaüra]].	ကျောက်ကုန်း read as a misprint for ကျောကုန်း 'back'
121469	bhinnabhaga	ပျက်စီးသော ကြက်သရေရှိသော၊ ကြက်သရေမရှိသော၊ သူ။	que tiene la fortuna destruida; sin fortuna (dicho de una persona).	whose fortune is destroyed; without fortune (said of a person).	ကြက်သရေ: fortune / auspiciousness / glory
121472	bhinnamada	ပေါက်ကွဲ-ယိုစီး-သော မုန်ရှိသော၊ မုန်ယိုသော၊ သူ။	que tiene la secreción de celo reventada / fluyente; cuyo celo fluye (dicho de una persona).	having bursting / flowing must; whose must flows (said of a person).	မုန် = an elephant's must; သူ here presumably the elephant
121477	bhinnamuggamatta	ကွဲသောပဲနောက်စေ့အတိုင်းအရှည်ရှိသော၊ ပဲနောက်စေ့ခြမ်းလောက်ရှိသော။	que tiene el tamaño de un grano de ‹ပဲနောက်› partido; del tamaño de medio grano de ‹ပဲနောက်›.	having the size of a split ‹ပဲနောက်› seed; the size of half a ‹ပဲနောက်› seed.	ပဲနောက် (a pulse; Pāḷi mugga, mung bean?) left in Burmese
121480	bhinnaruci	အလိုဆန္ဒ-အဇ္ဈာသယ-ကွဲပြားသော၊ အလိုဆန္ဒမတူသော၊ သူ။	de deseo / inclinación distintos; que no tiene los mismos deseos (dicho de una persona).	of distinct wish / disposition; not having the same wishes (said of a person).	အဇ္ဈာသယ (ajjhāsaya) translated as 'inclinación / disposition'
121483	bhinnaladdhikamata	ကွဲပြားသော အယူဝါဒ ရှိသူတို့၏	… de los que tienen una creencia distinta	… of those who hold a distinct belief	definition truncated (ends with the genitive ၏, no head noun)
121484	bhinnaliṅga	ကွဲပြားသော လိင်ရှိသော၊ လိင်ကွဲသော။	que tiene un género distinto; de género distinto.	having a distinct gender; of distinct gender.	လိင်: gender (grammatical) or sex
121497	bhinnasañña	(၁) ကွဲပြားသော အမည်သညာရှိသော၊ အမည်သညာကွဲပြားသော။ (၂) ကွဲ၏ဟုအမှတ်ရှိသော၊ ကွဲ၏ဟုမှတ်ထင်သော၊ သူ။	(1) que tiene una designación distinta; cuya designación es distinta. (2) que tiene la noción «se ha roto»; que piensa «se ha roto» (dicho de una persona).	(1) having a distinct designation; whose designation is distinct. (2) having the notion 'it is broken'; thinking 'it is broken' (said of a person).	အမည်သညာ in sense (1) read as 'name, designation' (saññā as a name)
121506	bhinnasabhāva	ထူးခြား-ကွဲပြား-သော သဘောရှိသော။	que tiene una naturaleza peculiar / distinta.	having a peculiar / distinct nature.	label ပု, but the gloss is adjectival
121508	bhinnasālibhattacāṭi	ကွဲအပ်သော သလေးထမင်းအိုး။	olla rota de arroz ‹သလေး› cocido.	a broken pot of cooked ‹သလေး› rice.	သလေး = a fine rice variety (Pāḷi sāli), left in Burmese
121524	bhinnāgata	ဘိန္နာဂတတိုင်း။	conforme a *bhinnāgata*.	as in *bhinnāgata*.	ဘိန္နာဂတတိုင်း unclear: 'as in bhinnāgata' (a type or figure?) or a region (တိုင်း) called Bhinnāgata
121530	bhinnādhikaraṇavisesana	ကွဲပြားသော-တည်ရာ-အနက်-ရှိသော ဝိသေသန။	*visesana* que tiene un soporte / significado distinto.	a *visesana* having a distinct substrate / meaning.	hyphen chain ကွဲပြားသော-တည်ရာ-အနက်- read as တည်ရာ / အနက် alternatives
121551	bhisa	(၁) ကြာစွယ်၊ ကြာရင်း၊ ကြာဥ၊ ကြာဖု။ (၂) သစ်ဥ၊ သစ်ဖု။	(1) rizoma de loto; raíz de loto; tubérculo de loto; nudo de loto. (2) tubérculo de planta; nudo de planta.	(1) lotus rhizome; lotus root; lotus tuber; lotus knob. (2) plant tuber; plant knob.	the lotus-part terms (ကြာစွယ်, ကြာရင်း, ကြာဥ, ကြာဖု) are approximate
121560	bhisati	ညှဉ်းဆဲတတ်၏။ ဘိသ-ထောင့်ကွင်းကြည့်။	suele atormentar. Véanse [[bhisa]], los corchetes.	is apt to torment. See [[bhisa]], the square brackets.	'see the square brackets' (ထောင့်ကွင်းကြည့်) rendered literally
121568	bhisāluva	ကြာစွယ်ပိန်းဥ။ «S1»	rizoma de loto y tubérculo de taro. Véase [[āluva]].	lotus rhizome and taro corm. See [[āluva]].	ပိန်းဥ tentatively identified as taro corm
121569	bhisāluvadāyaka	ကြာစွယ်ပိန်းဥလှူဘူးသူ။	el que alguna vez ofreció rizoma de loto y tubérculo de taro.	one who has once offered lotus rhizome and taro corm.	ပိန်းဥ tentatively identified as taro corm
121570	bhisi	(၁) ဘုံလျှူိ။ (၂) ခရီး။	(1) cojín. (2) viaje.	(1) cushion. (2) journey.	ဘုံလျှူိ read as a garbled ဘုံလျှို 'cushion, bolster'; sense (2) ခရီး 'journey' looks odd (Pāḷi bhisi also 'raft'): possibly a misprint
121571	bhisiupadhāna	ဘုံလျှူိအုံး။	cojín y almohada.	cushion and pillow.	ဘုံလျှူိ read as ဘုံလျှို 'cushion'; could be 'cushion-pillow' (one item)
121572	bhisicchavi	ဘုံလျှူိအရေ၊ ဘုံလျှူိအလွှမ်း၊ ဘုံလျှူိစွပ်။	piel del cojín; cubierta del cojín; funda del cojín.	skin of the cushion; covering of the cushion; case of the cushion.	ဘုံလျှူိ read as ဘုံလျှို 'cushion'
121573	bhisichavi	ဘုံလျှူိအရေ၊ ဘုံလျှူိအလွှမ်း၊ ဘုံလျှူိစွပ်။	piel del cojín; cubierta del cojín; funda del cojín.	skin of the cushion; covering of the cushion; case of the cushion.	ဘုံလျှူိ read as ဘုံလျှို 'cushion'
121574	bhisicchavipariyanta	ဘုံလျှူိရေ-ဘုံလျှူိအလွှမ်း-အဆုံးအပိုင်းအခြားရှိသော။	que tiene por límite final la piel / la cubierta del cojín.	having the skin / covering of the cushion as its outer limit.	ဘုံလျှူိ read as ဘုံလျှို 'cushion'
121575	bhisitthavikā	ဘုံလျှူိထည့်စရာ အိပ်၊ ဘုံလျှူိ စွပ်။	bolsa para meter el cojín; funda del cojín.	a bag to put the cushion in; cushion case.	အိပ် read as a misprint for အိတ် 'bag'; ဘုံလျှူိ read as ဘုံလျှို 'cushion'
121576	bhisidāna	ဘုံလျှူိကို ပေးလှူခြင်း၊ ဘုံလျှူိအလှူ။	el ofrecer un cojín; la ofrenda de un cojín.	offering a cushion; the offering of a cushion.	ဘုံလျှူိ read as ဘုံလျှို 'cushion'
121578	bhisisaṅkhepa	ဘုံလျှူိအသွင်သဏ္ဌာန်။	forma del cojín.	the shape of a cushion.	ဘုံလျှူိ read as ဘုံလျှို 'cushion'
121597	bhīmabhīma	အလွန်ကြောက်မက်ဖွယ်သော။ (ကြိ၊ဝိ) ကြောက်ကြောက်လန့်လန့်။	sumamente temible. (calificativo verbal) con miedo y sobresalto.	exceedingly fearsome. (verbal qualifier) in fear and fright.	label (ကြိ၊ဝိ) read as kriyāvisesana, rendered (adverbio) / (adverb)
121604	bhīyate	ကြောက်ခြင်း။	el tener miedo.	being afraid.	verb headword (ကြိ) glossed with a verbal noun (ခြင်း)
121605	bhīru	(၁) မိန်းမ။ (၂) ကြံညွတ် (ရှဉ့်မတက်)။ (၃) ကြောက်ခြင်း။ (တိ) (၄) ကြောက်ရွံ့တတ်သော၊ သူ။	(1) mujer. (2) ‹ကြံညွတ်› (‹ရှဉ့်မတက်›). (3) el tener miedo. (adjetivo) (4) que suele tener miedo (dicho de una persona).	(1) woman. (2) ‹ကြံညွတ်› (‹ရှဉ့်မတက်›). (3) being afraid. (adjective) (4) apt to be afraid (said of a person).	sense (2): plant names ကြံညွတ် / ရှဉ့်မတက် left in Burmese (perhaps Asparagus racemosus, Skt. bhīru; unconfirmed)
121625	bhukkaraṇa	ဘုတ်ဘုတ်-ဝုတ်ဝုတ်-ဟု အသံပြုခြင်း၊ ခွေးဟောင်ခြင်း။	el hacer el sonido ‹ဘုတ်ဘုတ်› / ‹ဝုတ်ဝုတ်›; el ladrar del perro.	making the sound ‹ဘုတ်ဘုတ်› / ‹ဝုတ်ဝုတ်›; a dog's barking.	Burmese onomatopoeia of barking kept in ‹…›
121626	bhukkaritvā	ဘုတ်ဘုတ်-ဝုတ်ဝုတ်-ဟု အသံပြု၍၊ ဟောင်၍။	habiendo hecho el sonido ‹ဘုတ်ဘုတ်› / ‹ဝုတ်ဝုတ်›; habiendo ladrado.	having made the sound ‹ဘုတ်ဘုတ်› / ‹ဝုတ်ဝုတ်›; having barked.	Burmese onomatopoeia of barking kept in ‹…›
121627	bhukkāra	ဘုတ်ဘုတ်ဟု ပြုအပ်သော အသံ၊ ခွေးဟောင်သံ။	sonido hecho diciendo ‹ဘုတ်ဘုတ်›; el ladrido del perro.	a sound made as ‹ဘုတ်ဘုတ်›; a dog's bark.	Burmese onomatopoeia of barking kept in ‹…›
121629	bhuja	(၁) လက်။ (၂) လက်မောင်း၊ လက်ရုံး။ (၃) အကောက်၊ အကွေ့၊ အတွန့်၊ အလိမ်။ «S1» (၄) ဘဇပတ်ပင်။ «S2» (တိ) (၅) ကောင်းသော၊ တင့်တယ်သော။ «S3»	(1) mano. (2) brazo; antebrazo. (3) curva; recodo; rizo; torsión. Véase [[bhujaga]]. (4) árbol ‹ဘုဇပတ်›. Véase [[bhujataca]]. (adjetivo) (5) bueno; hermoso. Véase [[bhujadassana]].	(1) hand. (2) upper arm; forearm. (3) curve; bend; curl; twist. See [[bhujaga]]. (4) the ‹ဘုဇပတ်› tree. See [[bhujataca]]. (adjective) (5) good; beautiful. See [[bhujadassana]].	ဘုဇပတ် (bhujapatta) left in Burmese; perhaps the Himalayan birch, unconfirmed
121639	bhujataca	ဘုဇပတ်ခေါက်။	corteza de ‹ဘုဇပတ်›.	‹ဘုဇပတ်› bark.	ဘုဇပတ် (bhujapatta) left in Burmese; perhaps the Himalayan birch, unconfirmed
121644	bhujapatta	ဘုဇပတ်ပင်။	árbol ‹ဘုဇပတ်›.	the ‹ဘုဇပတ်› tree.	ဘုဇပတ် (bhujapatta) left in Burmese; perhaps the Himalayan birch, unconfirmed
121645	bhujapattataca	ဘုဇပတ်ခေါက်။	corteza de ‹ဘုဇပတ်›.	‹ဘုဇပတ်› bark.	ဘုဇပတ် (bhujapatta) left in Burmese; perhaps the Himalayan birch, unconfirmed
121646	bhujapattavanaparikkhitta	ဘုဇပတ်ပင်တို့ဖြင့် ခြံရံအပ်သော။	rodeado de árboles ‹ဘုဇပတ်›.	surrounded by ‹ဘုဇပတ်› trees.	ဘုဇပတ် (bhujapatta) left in Burmese; perhaps the Himalayan birch, unconfirmed
121647	bhujayati	(နီတိ၊ ဓာ။ ၄၈)သည် ဘုဇီယတိမှ ပျက်ယွင်းလာသော ပုဒ်ဖြစ်သည်၊ ဘုဇိယတိ-ကြည့်။	(*nīti*, raíces, 48) es una palabra corrompida a partir de *bhujīyati*; véase *bhujiyati*.	(*nīti*, roots, 48) is a word corrupted from *bhujīyati*; see *bhujiyati*.	the citation (နီတိ၊ ဓာ။ ၄၈) is the subject of the sentence and was kept; ဓာ read as dhātu 'roots'; 'see X' left in the Burmese; ဘုဇီယတိ / ဘုဇိယတိ spelt two ways
121651	bhujahatthasaṅghaṭṭanasadda	လက်ချင်းခတ်သံ၊ လက်ပမ်းပေါက်ခတ်သံ၊ လက်ခမောင်းခတ်သံ။ «S1»	sonido de chocar las manos entre sí; sonido de dar palmadas con las manos ahuecadas; sonido de golpearse el brazo. Véase [[apphoṭana]].	the sound of hands striking each other; the sound of clapping with cupped hands; the sound of slapping one's upper arm. See [[apphoṭana]].	လက်ပမ်းပေါက်ခတ်သံ and လက်ခမောင်းခတ်သံ tentatively rendered
121653	bhujālaṅkāravisesa	လက်ကြပ်၊ လက်မောင်းဝတ် တန်ဆာအထူ။	brazalete; tipo especial de adorno que se lleva en el brazo.	armlet; a special kind of ornament worn on the arm.	အထူ read as a misprint for အထူး 'special'
121654	bhujissa	ကျွန်မဟုတ်သော၊ တော်လှန်ပြီးသော၊ မိမိအလိုအတိုင်း စိုးပိုင်သော၊ လွတ်လပ်သော၊ သူ။	que no es esclavo; emancipado; que dispone según su propia voluntad; libre (dicho de una persona).	not a slave; emancipated; ruling according to his own will; free (said of a person).	တော်လှန်ပြီးသော (lit. 'having overthrown / rebelled') read as 'emancipated'
121658	bhujissakaraṇa	ကျွန်မဟုတ်သည်၏ အဖြစ်ကို ပြုခြင်း၊ တော်လှန်ခြင်း။	el producir el hecho de no ser esclavo; la emancipación.	bringing about the state of not being a slave; emancipation.	တော်လှန်ခြင်း (lit. 'overthrowing') read as 'emancipation'
121660	bhujissatādāna	ကျွန်မဟုတ်သည်၏အဖြစ်-လွန်လပ်ခွင့်-ကို ပေးလှူခြင်း။	el conceder el hecho de no ser esclavo / el derecho a la libertad.	granting the state of not being a slave / the right to freedom.	လွန်လပ်ခွင့် read as a misprint for လွတ်လပ်ခွင့်
121664	bhujissabhāvakaraṇa	ကျွန်မဟုတ်သည်၏ အဖြစ်-လွတ်လပ်သူ၏အဖြစ်-ကို ပြုခြင်း။	el producir el hecho de no ser esclavo / el hecho de ser libre.	bringing about the state of not being a slave / the state of being free.	label တိ, but the gloss is a verbal noun (ခြင်း)
121666	bhujissamānusaka	ကျွန်မဟုတ်သော- တော်လှန်သော-ကိုယ်ကိုယ်ကို ပိုင်ဆိုင်သော- မိမိအလိုအတိုင်း စိုးပိုင်ခွင့်ရှိသော-သူ။	persona que no es esclava / emancipada / dueña de sí misma / con derecho a disponer según su propia voluntad.	a person who is not a slave / emancipated / owning himself / entitled to rule according to his own will.	တော်လှန်သော (lit. 'overthrowing / rebelling') read as 'emancipated'
121667	bhujissitthī	ကျွန်မဟုတ်သော မိန်းမ၊ တော်လှန်သော မိန်းမ။	mujer que no es esclava; mujer emancipada.	a woman who is not a slave; an emancipated woman.	တော်လှန်သော (lit. 'overthrowing / rebelling') read as 'emancipated'
121669	bhuñja	စားလော၊ ခံစားလော။ «S1»	que coma; que disfrute. Véase [[bhuñjati]].	let him eat; let him enjoy. See [[bhuñjati]].	imperative, person unmarked in the Burmese: 3rd person written
121673	bhuñjati	စား၏၊ ဘုဉ်းပေး၏၊ သုံးဆောင်၏၊ ခံစား၏။ (ဘောက္ခတိ၊ ဘောက္ခာမ၊ ဘောက္ခံ-တို့ကို ဘောက္ခတိ-ကြည့်)။	come; toma (alimento); consume; disfruta. (Para *bhokkhati*, *bhokkhāma*, *bhokkhaṁ*, véase *bhokkhati*).	eats; partakes (of food); consumes; enjoys. (For *bhokkhati*, *bhokkhāma*, *bhokkhaṁ*, see *bhokkhati*).	ဘုဉ်းပေး (the honorific verb for a monk's eating) rendered 'toma (alimento) / partakes'; 'see X' left in the Burmese
121675	bhuñjatha	စားကုန်လော၊ ခံစားကုန်လော။ «S1»	que coman; que disfruten. Véase [[bhuñjati]].	let them eat; let them enjoy. See [[bhuñjati]].	imperative, person unmarked in the Burmese: 3rd person written
121690	bhuñjanadānapaṭikkhepa	(မ၊ဋီ၊၃။ ၅၅) သည် ဘုဉ္ဇနနဟာနပဋိက္ခေပမှ ပျက်ယွင်းလာသော ပုဒ်ဖြစ်သည်။	(*ma*, *ṭī*, 3, 55) es una palabra corrompida a partir de *bhuñjananahānapaṭikkhepa*.	(*ma*, *ṭī*, 3, 55) is a word corrupted from *bhuñjananahānapaṭikkhepa*.	the citation (မ၊ဋီ၊၃။ ၅၅) is the subject of the sentence and was kept
121692	bhuñjananahānapaṭikkhepa	စားခြင်း,ရေချိုးခြင်းကို ပယ်မြစ်ခြင်း။	el rechazo del comer y del bañarse.	rejecting eating and bathing.	ပယ်မြစ် (paṭikkhepa) rendered rechazar / reject; could be 'prohibition'
121693	bhuñjananahānappaṭikkhepa	စားခြင်း,ရေချိုးခြင်းကို ပယ်မြစ်ခြင်း။	el rechazo del comer y del bañarse.	rejecting eating and bathing.	ပယ်မြစ် (paṭikkhepa) rendered rechazar / reject; could be 'prohibition'
121714	bhuñjasi	စား၏၊ ခံစား၏။ «S1»	come; disfruta. Véase [[bhuñjati]].	eats; enjoys. See [[bhuñjati]].	2nd-person headword, person unmarked in the Burmese: 3rd person written
121715	bhuñjase	စား၏၊ ဘုဉ်းပေး၏၊ သုံးဆောင်၏။ «S1»	come; toma (alimento); consume. Véase [[bhuñjati]].	eats; partakes (of food); consumes. See [[bhuñjati]].	ဘုဉ်းပေး (the honorific verb for a monk's eating) rendered 'toma (alimento) / partakes'
121716	bhuñjassu	စားလော၊ ခံစားလော။ «S1»	que coma; que disfrute. Véase [[bhuñjati]].	let him eat; let him enjoy. See [[bhuñjati]].	imperative, person unmarked in the Burmese: 3rd person written
121720	bhuñjāma	စားကုန်၏၊ ခံစားကုန်၏။ «S1»	comemos; disfrutamos. Véase [[bhuñjati]].	we eat; we enjoy. See [[bhuñjati]].	1st person (headword -ma)
121721	bhuñjāmi	စား၏၊ ခံစား၏။ «S1»	como; disfruto. Véase [[bhuñjati]].	I eat; I enjoy. See [[bhuñjati]].	1st person (headword -mi)
121722	bhuñjāhi	စားလော၊ ခံစားလော။ «S1»	que coma; que disfrute. Véase [[bhuñjati]].	let him eat; let him enjoy. See [[bhuñjati]].	imperative, person unmarked in the Burmese: 3rd person written; label တိ looks wrong for a verb
121723	bhuñjiṁ	စားပြီ။ «S1»	comí. Véase [[bhuñjati]].	I ate. See [[bhuñjati]].	1st person (headword -iṁ)
121725	bhuñji	စားပြီး၊ ခံစားပြီး။ «S1»	comió; disfrutó. Véase [[bhuñjati]].	ate; enjoyed. See [[bhuñjati]].	ပြီး read as ပြီ (past); as written it could mean 'having eaten'
121737	bhuñjituṁ	စား-သုံးဆောင်-ဘုဉ်းပေးခံစား-ခြင်းငှါ။	para comer / consumir / tomar (alimento).	in order to eat / consume / partake (of food).	ဘုဉ်းပေးခံစား rendered 'tomar (alimento) / partake'
121747	bhuñjimha	စားကုန်ပြီ။ «S1»	comimos. Véase [[bhuñjati]].	we ate. See [[bhuñjati]].	1st person (headword -mha)
121748	bhuñjimhā	စားကုန်ပြီ။ «S1»	comimos. Véase [[bhuñjati]].	we ate. See [[bhuñjati]].	1st person (headword -mhā)
121750	bhuñjissaṁ	စားအံ့၊ ခံစားအံ့။ «S1»	comeré; disfrutaré. Véase [[bhuñjati]].	I shall eat; I shall enjoy. See [[bhuñjati]].	1st person (headword -ssaṁ, Burmese အံ့)
121754	bhuñjissāma	စားကုန်အံ့။ «S1»	comeremos. Véase [[bhuñjati]].	we shall eat. See [[bhuñjati]].	1st person (headword -ma, Burmese အံ့)
121755	bhuñjissāmi	စားအံ့၊ သုံးဆောင်ခံစားအံ့။ «S1»	comeré; consumiré y disfrutaré. Véase [[bhuñjati]].	I shall eat; I shall consume and enjoy. See [[bhuñjati]].	1st person (headword -mi, Burmese အံ့)
121767	bhuñjeyyāma	စားကုန်ရာ၏။ «S1»	comeríamos. Véase [[bhuñjati]].	we would eat. See [[bhuñjati]].	1st person (headword -ma)
121779	bhuttapaccaya	စားခြင်း-ဘုဉ်းပေးခြင်း-သုံးဆောင်ခြင်း-ဟူသော အကြောင်း။	la causa que es el comer / el tomar alimento / el consumir.	the cause, namely eating / partaking of food / consuming.	ဘုဉ်းပေး (the honorific verb for a monk's eating) rendered 'tomar alimento / partaking of food'
121781	suttapātarāsakāla	နံနက်စာ စားပြီးသော အချိန်အခါ။	el momento en que se ha tomado la comida de la mañana.	the time when the morning meal has been taken.	headword romanised 'sutta-' here, presumably bhutta-
121795	bhuttātireka	စားပြီးထည်မှ-ကြွင်းကျန်သော-ပိုလျှံ	que queda / sobra después de haber comido.	remaining / left over after eating.	ထည်မှ read as a misprint for သည်မှ; the definition ends without သော and ။ (truncated?)
121810	bhutvāpagata	(က) ခံစားပြီး၍ ကင်းပြီးချုပ်ပြီးသော။ (ခဝ အစဉ်အားဖြင့် ရောက်ပြီး၍ ကင်းပြီး ချုပ်ပြီးသော။ အောက်ပုဒ်လည်းကြည့်။	(a) desaparecido y cesado tras haber experimentado. (b) desaparecido y cesado tras haber llegado según su orden. Véase también la entrada siguiente.	(a) gone and ceased after having experienced. (b) gone and ceased after having arrived in due order. See also the following headword.	'(ခဝ' read as a misprint for (ခ); ခံစား rendered 'experimentar / experience' here (Abhidhamma sense)
121811	bhutvāpagatuppanna	(က) ခံစားပြီး၍ ကင်းပြီးချုပ်ပြီးသော ဥပ္ပန္န။ (ခဝ အစဉ်အားဖြင့် ရောက်ပြီး၍ ကင်းပြီးချုပ်ပြီးသော ဥပ္ပန္န။	(a) *uppanna* desaparecido y cesado tras haber experimentado. (b) *uppanna* desaparecido y cesado tras haber llegado según su orden.	(a) *uppanna* gone and ceased after having experienced. (b) *uppanna* gone and ceased after having arrived in due order.	'(ခဝ' read as a misprint for (ခ); ခံစား rendered 'experimentar / experience' here (Abhidhamma sense)
121812	bhutvāvigata	(က) ခံစားပြီး၍ ကင်းပြီးချုပ်ပြီးသော (ဝိပါက်)။ (ခဝ ဖြစ်ပြီး၍ ကင်းပြီးချုပ်ပြီးသော (ကံ)။ အောက်ပုဒ်ကြည့်။	(a) desaparecido y cesado tras haber experimentado (el *vipāka*). (b) desaparecido y cesado tras haber surgido (el *kamma*). Véase la entrada siguiente.	(a) gone and ceased after having experienced (the *vipāka*). (b) gone and ceased after having arisen (the *kamma*). See the following headword.	'(ခဝ' read as a misprint for (ခ)
121815	bhubhukkaraṇa	ဘုဘု (ဘုတ်ဘုတ်,ဝုတ်ဝုတ်,)ဟု အသံပြုခြင်း၊ ဟောင်ခြင်း။	el hacer el sonido *bhubhu* (‹ဘုတ်ဘုတ်›, ‹ဝုတ်ဝုတ်›); el ladrar.	making the sound *bhubhu* (‹ဘုတ်ဘုတ်›, ‹ဝုတ်ဝုတ်›); barking.	Burmese onomatopoeia of barking kept in ‹…›
121816	bhubhutisaddakaraṇasunakha	ဘုဘု (ဘုတ်ဘုတ်,ဝုတ်ဝုတ်) ဟု-အသံပြုသော-ဟောင်သော-ခွေး။ «S1»	perro que hace el sonido *bhubhu* (‹ဘုတ်ဘုတ်›, ‹ဝုတ်ဝုတ်›) / que ladra. Véase [[bubhukka]].	a dog that makes the sound *bhubhu* (‹ဘုတ်ဘုတ်›, ‹ဝုတ်ဝုတ်›) / that barks. See [[bubhukka]].	Burmese onomatopoeia of barking kept in ‹…›
121819	bhummajāla	ဘုမ္ပဇာလအမည်ရှိသော၊ မြေ၌ရှိသော အကျိုးအပြစ်ကို-ထွန်းလင်းတောက်ပစေတတ်-သိကြောင်းဖြစ်-သော၊ မြေ၏ အကျိုးအပြစ်ကို သိသော။	llamado *bhumpajāla*; que suele hacer resplandecer / que es causa de conocer los beneficios y defectos que hay en la tierra; que conoce los beneficios y defectos de la tierra.	named *bhumpajāla*; apt to illuminate / being a means of knowing the advantages and faults in the earth; knowing the advantages and faults of the earth.	name spelt ဘုမ္ပဇာလ (ပ for မ), copied as printed
121824	bhummaṭṭhadevatā	မြေ၌တည်သောနတ်၊ ဘုမ္မစိုးနတ်။	*deva* que está en la tierra; *deva* que rige la tierra.	a *deva* standing on the earth; an earth-ruling *deva*.	ဘုမ္မစိုးနတ် rendered 'deva that rules the earth'
121839	bhummantalikkha	မြေကြတ် (ဘူမိကိတ်) ကောင်းကင်ကြိတ် (အန္တလိက္ခကိတ်) ဟောအတတ်၊ မြေ၏ အကျိုးအပြစ်,ကောင်းကင်၏ အကျိုးအပြစ်ကို သိသောအတတ်ပညာ။ «S1»	el arte de predecir los presagios de la tierra (‹ဘူမိကိတ်›) y los presagios del cielo (‹အန္တလိက္ခကိတ်›); la ciencia de conocer lo favorable y lo desfavorable de la tierra y lo favorable y lo desfavorable del cielo. Véase [[bhūmantalikkha]].	the art of foretelling earth portents (‹ဘူမိကိတ်›) and sky portents (‹အန္တလိက္ခကိတ်›); the science of knowing the good and bad (signs) of the earth and the good and bad (signs) of the sky. See [[bhūmantalikkha]].	မြေကြတ် / ကောင်းကင်ကြိတ် and the bracketed ...ကိတ် forms rendered 'portents' (tentative); the bracketed forms kept in Burmese.
121844	bhummavacananivattanakakāraṇa	သတ္တမီဝိဘတ်ကို ကားဖြစ်ခြင်း၏ အကြောင်း။	la causa de ‹ကားဖြစ်ခြင်း› la *sattamī* *vibhatti*.	the cause of the ‹ကားဖြစ်ခြင်း› of the *sattamī* *vibhatti*.	ကားဖြစ်ခြင်း unclear, probably garbled; the Pāḷi nivattana suggests 'excluding / turning back' the locative.
121853	bhusa	(၁) အလွန်အကဲ၊ အပြင်းအထန်။ (၂) စပါးဖျင်း။ ပွဲအဖျင်း၊ အနုပ်အဖွဲ။ အဖျင်း။ (၃) ကောက်ရိုး။ «S1» (တိ) (၄) အားကြီးသော၊ လွန်ကဲသော၊ ပြင်းထန်သော၊ ကြမ်းတမ်းသော။ အားကြီး-လွန်ကဲ-ပြင်းထန်-စွာ။	(1) exceso; vehemencia. (2) granzas de arroz. Cascarilla y granos vanos; desechos. Granos vanos. (3) paja. Véase [[bhusikā]]. (adjetivo) (4) fuerte, excesivo, intenso, áspero. Con fuerza / con exceso / con intensidad.	(1) excess; vehemence. (2) paddy chaff. Husks and empty grains; refuse. Empty grains. (3) straw. See [[bhusikā]]. (adjective) (4) strong, excessive, intense, rough. Strongly / excessively / intensely.	ပွဲအဖျင်း read as ဖွဲအဖျင်း (husks and empty grains).
121858	bhusapalāsa	စပါးဖျင်းဖွဲပြာ။	granzas de arroz y ceniza de cascarilla.	paddy chaff and husk ash.	စပါးဖျင်းဖွဲပြာ read as 'chaff and husk ash'; the Pāḷi palāsa (leaf) does not obviously match.
121862	bhusasobhamāna	အလွန်-လွန်စွာ-တင့်တယ်သော။ ဘုလ (တိ) (၄) ကြည့်။	sumamente / muy espléndido. Véase [[bhula]] (adjetivo) (4).	exceedingly / very splendid. See [[bhula]] (adjective) (4).	See-reference left in the Burmese; ဘုလ is probably a misprint for ဘုသ (bhusa, sense 4).
121863	bhusāgāra	ကောက်ရိုး-အိမ်-ကျောင်း-တဲ-အုံ။ အောက်ပုဒ်လည်းကြည့်။	casa / monasterio / choza / cobertizo de paja. Véase también la entrada siguiente.	straw house / monastery / hut / shed. See also the following headword.	အုံ rendered 'shed' (tentative); ကျောင်း rendered 'monastery'.
121864	bhusāgāraka	ကောက်ရိုး-အိမ်-ကျောင်း-တဲ-အုံ။	casa / monasterio / choza / cobertizo de paja.	straw house / monastery / hut / shed.	အုံ rendered 'shed' (tentative); ကျောင်း rendered 'monastery'.
121866	bhusika	စပါးဖျင်း။ ကောက်ရိုးမှော်။	granzas de arroz. Paja amontonada.	paddy chaff. Straw litter.	ကောက်ရိုးမှော် rendered 'straw litter' (tentative).
121875	bhūta	(၁) သစ်ပင်။ (၂) ရဟန္တာ။ (က) အရိယာ။ (၃) ခန္ဓာငါးပါးအပေါင်း။ (၄) သတ္တဝါ။ (၅) မဟာဘုတ်၊ ဘူတရုပ်။ (၆) (က) နတ်။ (ခ) ဖုတ်၊ တစ္ဆေ၊ ဘီလူး။ «S1» (၇) သဘော။ (တိ) (၈) ဖြစ်ပြီးသော၊ သူ။ (၉) ဖြစ်ဆဲသော၊ ထင်ရှားဖြစ်ပော်လာသော။ (၁၀) ရောက်သော။ (၁၁) တူသော။ (၁၂) ဟုတ်မှန်သော၊ မချွတ်ယွင်းသော၊ မဖောက်ပြန်သော။ (၁၃) ဘူတမည်သော၊ သူ။	(1) árbol. (2) *rahantā*. (a) *ariyā*. (3) el conjunto de los cinco *khandhā*. (4) ser vivo. (5) *mahābhūta*; *bhūtarūpa*. (6) (a) *deva*. (b) fantasma, espectro, *yakkha*. Véanse [[bhūtaggāha]], [[bhūtaviggahika]], [[bhūbhaviṭṭha]]. (7) naturaleza. (adjetivo) (8) que ha llegado a ser (dicho de una persona). (9) que está surgiendo; que surge manifiestamente. (10) que llega. (11) semejante. (12) verdadero; infalible; no desviado. (13) llamado *bhūta* (dicho de una persona).	(1) tree. (2) *rahantā*. (a) *ariyā*. (3) the aggregate of the five *khandhā*. (4) living being. (5) *mahābhūta*; *bhūtarūpa*. (6) (a) *deva*. (b) ghost, spectre, *yakkha*. See [[bhūtaggāha]], [[bhūtaviggahika]], [[bhūbhaviṭṭha]]. (7) nature. (adjective) (8) that has become (said of a person). (9) that is arising; that comes manifestly into being. (10) reaching. (11) resembling. (12) true; unerring; not deviating. (13) named *bhūta* (said of a person).	The sub-marker (က) under sense (2) has no (ခ) — as printed.
121877	bhūtakathana	(၁) ဟုတ်မှန်တိုင်းဆိုခြင်း။ (၂၀ ဝိသေသနကို ဆိုခြင်း။ (တိ) (၃) ဟုတ်မှန်တိုင်းဆိုသော။ အောက်ပုဒ်ကြည့်။	(1) el decir conforme a la verdad. (2) el decir un *visesana*. (adjetivo) (3) que dice conforme a la verdad. Véase la entrada siguiente.	(1) speaking according to the truth. (2) stating a *visesana*. (adjective) (3) speaking according to the truth. See the following headword.	Sense marker printed '(၂၀' — read as (၂).
121886	bhūtagarahaka	နတ်-စဘုမဟာရာဇ်နတ်-ကို ကဲ့ရဲ့သော၊ သူ။	que censura al *deva* / al *deva* *catumahārāja* (dicho de una persona).	that reviles the *deva* / the *catumahārāja* *deva* (said of a person).	စဘုမဟာရာဇ် read as a misprint for စတုမဟာရာဇ် (catumahārāja).
121923	bhūtatthavirahita	ဟုတ်မှန်သော အနက်သဘောမှကင်းသော။ အဘူတ (၂) (က) (ခ) ကြည့်။	libre del sentido verdadero. Véase [[abhūta]] (2) (a) (b).	devoid of the true sense. See [[abhūta]] (2) (a) (b).	See-reference left in the Burmese (အဘူတ with sense numbers).
121944	bhūtapaṭibaddhabhāvāvinivatti	မဟာဘုတ်နှင့်စပ်သည်၏အဖြစ်ကို မနစ်စေခြင်း။	el no hacer desaparecer el hecho de estar vinculado con los *mahābhūta*.	not causing the state of being connected with the *mahābhūta* to disappear.	မနစ်စေခြင်း literally 'not causing to sink'; rendered 'not causing to disappear'.
121947	bhūtaparamparasaṁghaṭṭenta	ဘတ်အဆက်ဆက်ထိခိုက်သော။	que choca con los *bhūta* en sucesión continua.	striking against the *bhūta* in continuous succession.	ဘတ် read as a misprint for ဘုတ် (bhūta).
121952	bhūtapasaṁsaka	နတ်စတုမဟာရာဇ်နတ်-ကို ချီးမွမ်းသော၊ သူ။ «S1»	que alaba al *deva* / al *deva* *catumahārāja* (dicho de una persona). Véase también [[bhūtagarahaka]].	that praises the *deva* / the *catumahārāja* *deva* (said of a person). See also [[bhūtagarahaka]].	Printed နတ်စတုမဟာရာဇ်နတ်- without the first hyphen; read as နတ်-စတုမဟာရာဇ်နတ်- as in bhūtagarahaka.
121964	bhūtappasāda	ဘူတရုပ်ကို ကြည့်စေတတ်သော။	que suele hacer claros los *bhūtarūpa*.	apt to make the *bhūtarūpa* clear.	ကြည့်စေ ('make look') read as ကြည်စေ ('make clear'), to fit pasāda.
121979	bhūtarocanāpatti	(ဒီ၊၂။ ၁၄၃) သည် ဘူတာရောစနာပတ္တိမှ ပျက်ယွင်းလာသောပုဒ်ဖြစ်သည်။	es una palabra corrompida a partir de *bhūtārocanāpatti*.	is a word corrupted from *bhūtārocanāpatti*.	The citation (ဒီ၊၂။ ၁၄၃) that is the subject of the sentence was dropped; the entry says the form at that place is a corruption.
121982	bhūtavatthu	ဟုတ်မှန်သော-အကြောင်း-ဝတ္ထု။	causa / base verdadera.	true cause / basis.	အကြောင်း-ဝတ္ထု could also be 'account / story'; rendered 'cause / basis'.
121987	bhūtavikāra	ဘုတ်-မဟာဘတ်-တို့၏ ဖောက်ပြန်ခြင်း။	la alteración de los *bhūta* / de los *mahābhūta*.	the alteration of the *bhūta* / of the *mahābhūta*.	မဟာဘတ် read as a misprint for မဟာဘုတ်.
122003	bhūtasaññī	ဟုတ်မှန်သော၊ အမှတ်သညာရှိသော၊ သူ။	que tiene una percepción (*saññā*) verdadera (dicho de una persona).	having a true perception (*saññā*) (said of a person).	Printed ဟုတ်မှန်သော၊ အမှတ်သညာရှိသော — the ၊ read as a stray mark, giving one phrase.
122015	bhūtādhipati	နတ်တို့၏အရှင်။ (က) သိကြားမင်း။ (ခဝ နတ်မင်း။	el señor de los *deva*. (a) el rey *sakka*. (b) rey de los *deva*.	the lord of the *deva*. (a) King *sakka*. (b) king of the *deva*.	Sense marker printed '(ခဝ' — read as (ခ).
122024	bhūtārocanasamuṭṭhāna	(၁၀ ဘူဟာရောစနသမုဋ္ဌာန်။ (တိ) (၂) ဘူတာရောစနသမုဋ္ဌာန်ရှိသော။ «S1»	(1) el *samuṭṭhāna* *bhūtārocana*. (adjetivo) (2) que tiene el *samuṭṭhāna* *bhūtārocana*. Véase también [[bhūtārocana]].	(1) the *bhūtārocana* *samuṭṭhāna*. (adjective) (2) having the *bhūtārocana* *samuṭṭhāna*. See also [[bhūtārocana]].	Sense marker printed '(၁၀' read as (၁); first ဘူဟာရောစန read as a misprint for ဘူတာရောစန and copied corrected.
122027	bhūtāvāsa	သစ်ဆိမ့်။	‹သစ်ဆိမ့်›.	‹သစ်ဆိမ့်›.	Unidentified tree name (သစ်ဆိမ့်) left in Burmese.
122033	bhūti	(၁) ဖြစ်ခြင်း။ (၂) ထင်ရှားရှိသည်၏ အဖြစ်၊ ထင်ရှားရှိခြင်း။ (၃၀ ပြည့်စုံခြင်း။ (၄) ကြီးပွါးခြင်း။ (ပု) (၅) ဘူတိမထေရ်၊ တိဿဘူတိမထေရ်။	(1) el surgir. (2) el hecho de existir manifiestamente; el existir manifiestamente. (3) el ser completo. (4) el prosperar. (masculino) (5) el *thera* *bhūti*; el *thera* *tissabhūti*.	(1) arising. (2) the state of manifestly existing; manifestly existing. (3) being complete. (4) prospering. (masculine) (5) the *thera* *bhūti*; the *thera* *tissabhūti*.	Sense marker printed '(၃၀' — read as (၃).
122035	bhūtiṇa	မြက်မွှေး၊ မြက်နံသာ။ အောက်ပုဒ်ကြည့်။	hierba aromática; hierba olorosa. Véase la entrada siguiente.	fragrant grass; scented grass. See the following headword.	မြက်နံသာ read as မြက်နံ့သာ, as in the next entries.
122049	bhūtupādāyabheda	(၁) ဘူတရုပ် ဥပါဒါရုပ်တို့၏အပြား။ (တိ) (၂၀ ဘူတရုပ်ဥပါဒါရုပ်အားဖြင့် ပြားသော၊ ဘူတရုပ် ဥပါဒါရုပ်အပြားရှိသော။	(1) la división de los *bhūtarūpa* y los *upādārūpa*. (adjetivo) (2) dividido en *bhūtarūpa* y *upādārūpa*; que tiene la división en *bhūtarūpa* y *upādārūpa*.	(1) the division of the *bhūtarūpa* and the *upādārūpa*. (adjective) (2) divided into *bhūtarūpa* and *upādārūpa*; having the division into *bhūtarūpa* and *upādārūpa*.	Sense marker printed '(၂၀' — read as (၂).
122053	bhūtupādāyarūpappakāra	ဘူတရူပ် ဥပါဒါရုပ်အပြား။	la división en *bhūtarūpa* y *upādārūpa*.	the division into *bhūtarūpa* and *upādārūpa*.	ဘူတရူပ် read as ဘူတရုပ်.
122067	bhūtesa	ပရမီသွာနတ်။	el *deva* *paramīsvā*.	the *deva* *paramīsvā*.	ပရမီသွာ is the Burmese form of Parameśvara (Śiva); copied as a name, it will not romanise to a Pāḷi form.
122069	bhūtopādāyabheda	ဘူတရုပ် ဥပါဒါရုပ်အပြား။ ရူပန္တိ ဘူတောပါဒါယ ဘေဒတော အဋ္ဌဝီသတိဝိဓံ ရူပံ။ ပဋိသံ၊ဋ္ဌ၊ ၁။ ၂၇၃။ ဝ ဘူနဟု	la división en *bhūtarūpa* y *upādārūpa*. *rūpanti bhūtopādāya bhedato aṭṭhavīsatividhaṁ rūpaṁ*. ‹ဝ ဘူနဟု›	the division into *bhūtarūpa* and *upādārūpa*. *rūpanti bhūtopādāya bhedato aṭṭhavīsatividhaṁ rūpaṁ*. ‹ဝ ဘူနဟု›	Pāḷi quotation copied; citation ပဋိသံ၊ဋ္ဌ၊ ၁။ ၂၇၃ dropped; trailing 'ဝ ဘူနဟု' unclear (a stray fragment, perhaps a variant note), kept in ‹ ›.
122099	bhūmattharaṇabhisi	မြေအခင်းအပော်၌ ခင်းအပ်သောဘုံလျှူိ။	el colchón (‹ဘုံလျှူိ›) extendido sobre la cobertura del suelo.	the mattress (‹ဘုံလျှူိ›) spread on top of the ground-covering.	ဘုံလျှူိ looks garbled; rendered 'mattress' from the Pāḷi bhisi (tentative). အပော် read as အပေါ်.
122105	bhūmantarapariccheda	(တရားတို့၏) မြစ်ရာအခိုက်အတန့်အထူး- အရပ်အထူး-အပိုင်းအခြား။	la delimitación de la ocasión particular en que surgen (los estados) / de la región particular.	the delimitation of the particular occasion in which (states) arise / of the particular region.	မြစ်ရာ read as a misprint for ဖြစ်ရာ.
122112	bhūmi	(၁) မြေ။ (၂) ဘုံ၊ ဗိမာန်။ (၃၀ အဖို့အစု။ (၄) အပိုင်းအခြား။ (၅) ဖြစ်ရာ။ (က) အကျိုးတရား၏ဖြစ်ရာ၊ အကြောင်း။ (ခ) ကိလေသာ၏ဖြစ်ရာ၊ အာရုံ၊ (ဂ) အဓိကရုဏ်းစသည်၏ဖြစ်ရာ။ (ဃ) နယ,ဟာရတို့၏ဖြစ်ရာ။ (၆) အခိုက်အတန့်၊ အဆင့်အတန်း။ ဗုဒ္ဓဘူမိ (၁) (က) (ခ) ကြည့်။	(1) la tierra. (2) *bhūmi*; *vimāna*. (3) porción; parte. (4) límite. (5) lugar de surgimiento: (a) el lugar de surgimiento del estado que es fruto; la causa. (b) el lugar de surgimiento de la *kilesa*; el objeto (de la mente). (c) el lugar de surgimiento del *adhikaraṇa* y demás. (d) el lugar de surgimiento de los *naya* y los *hāra*. (6) ocasión; nivel. Véase [[buddhabhūmi]] (1) (a) (b).	(1) the earth. (2) *bhūmi*; *vimāna*. (3) portion; share. (4) limit. (5) place of arising: (a) the place of arising of the resultant state; the cause. (b) the place of arising of *kilesa*; the object (of the mind). (c) the place of arising of *adhikaraṇa* and so on. (d) the place of arising of the *naya* and the *hāra*. (6) occasion; level. See [[buddhabhūmi]] (1) (a) (b).	Sense marker printed '(၃၀' read as (၃); see-reference left in the Burmese (ဗုဒ္ဓဘူမိ with sense numbers).
122113	bhūmi	ငါ့ရှင်။	¡amigo!	friend!	ငါ့ရှင် is the usual Burmese rendering of the address āvuso; odd for this headword labelled ကြိ.
122114	bhūmiādhāraka	မြေ အပြင်-မြေပော်-၌ ထားအပ်သော သပိတ်ခြေ။	el soporte del cuenco colocado sobre la superficie de la tierra / sobre el suelo.	the bowl-stand placed on the surface of the earth / on the ground.	မြေပော် read as မြေပေါ်.
122117	bhūmikamma	(၁) မြေအိမ်၌နေ၍ မန္တာန်စုပ်ခြင်းအတတ်။ (၂) မြေ၌ပြုအပ်သောအမှု။	(1) el arte de ‹စုပ်› conjuros morando en una casa de tierra. (2) la acción realizada en la tierra.	(1) the art of ‹စုပ်›-ing spells while dwelling in an earth-house. (2) the work done on the earth.	မန္တာန်စုပ်ခြင်း unclear (စုပ် 'suck, absorb'?); left in ‹ ›.
122118	bhūmikā	ဘုံအဆင့်၊ ဘုံအထပ်။	grado de la *bhūmi*; estrato de la *bhūmi*.	grade of *bhūmi*; tier of *bhūmi*.	ဘုံအဆင့် / ဘုံအထပ် may mean the tier / storey of a building (piso / storey) rather than bhūmi.
122151	bhūminiddesa	(အနုဋီ၊၁။ ၆၉)သည် ဘုမ္မနိဒ္ဒေသ (မူလဋီ၊၁။ ၆၃) မှ ပျက်ယွင်းလာသော ပုဒ်ဖြစ်သည်။	es una palabra corrompida a partir de *bhummaniddesa*.	is a word corrupted from *bhummaniddesa*.	Citations (အနုဋီ၊၁။ ၆၉) and (မူလဋီ၊၁။ ၆၃) dropped; the first is the subject of the sentence (the corrupt form occurs there).
122154	bhūmindharanāgabhavanavāsī	မြေ၌တည်သောနဂါး-ပြည်-ဘုံဗိမာန်-၌ နေသော၊ သူ။ အထက်ပုဒ်ကြည့်။	que mora en el reino / el *vimāna* de los *nāga* situado en la tierra (dicho de una persona). Véase la entrada anterior.	dwelling in the realm / *vimāna* of the *nāga* situated in the earth (said of a person). See the preceding headword.	ဘုံဗိမာန် read as one word ('palace, mansion') and rendered ⟦=vimāna⟧.
122156	bhūmindharanāgarājabhavana	ဘူမိန္ဓရနဂါးမင်း-ဘုံဗိမာန်-စည်းစိမ်။	el *vimāna* / la opulencia del rey de los *nāga* *bhūmindhara*.	the *vimāna* / splendour of the *nāga* king *bhūmindhara*.	ဘုံဗိမာန် read as one word ('palace, mansion') and rendered ⟦=vimāna⟧.
122198	bhūmisaṇhakaraṇīya	သစ်မျောက်လက်၊ (ပန်းရန်ကိုင်) သံလက်၊ သစ်လက်။	llana de madera; (la que sostiene el estucador) llana de hierro; llana de madera.	wooden float; (held by the plasterer) iron trowel; wooden trowel.	သစ်မျောက်လက် / သံလက် / သစ်လက် rendered as plasterer's float and trowels (tentative); ပန်းရန်ကိုင် read as 'held by the stucco worker'.
122199	bhūmisama	မြေနှင့်-ညီညွတ်-ညီမျှ-သော။ (ကြိ၊ဝိ) မြေနှင့်-အညီအညွတ်-ညီမျှစွာ။	nivelado / igualado con la tierra. (calificativo verbal) a nivel / igualado con la tierra.	level / even with the earth. (verbal qualifier) level / evenly with the earth.	Label (ကြိ၊ဝိ) inside the definition rendered '(adverbio)' / '(adverb)' (kiriyāvisesana); not in the brief's label table.
122206	bhūmisikkhā	မြေကြန်အတတ်၊ မြေ အကောင်း အဆိုး အကျိုး အပြစ်ကို သိသော အတတ်ပညာ။ «S1»	el arte de los presagios de la tierra; la ciencia de conocer lo bueno y lo malo, lo favorable y lo desfavorable de la tierra. Véase [[bhūmantalikkhakusala]].	the art of earth omens; the science of knowing the good and bad, the favourable and unfavourable (signs) of the land. See [[bhūmantalikkhakusala]].	မြေကြန် rendered 'earth omens' (tentative).
122247	bheka	ဘား (ဖား)။	rana.	frog.	Printed ဘား with the standard spelling ဖား in brackets.
122250	bhecchati	(က) ဖောက်ခွဲ-ဖျက်ဆီး-အံ့။ ဘိန္ဒတိ (၁) (က) လည်းကြည့်။ (ခ) စူးဝင်လတ္တံ့။ ဘိန္ဒတိ (၁) (ဃ) လည်းကြည့်။	(a) romperá / destruirá. Véase también [[bhindati]] (1) (a). (b) penetrará. Véase también [[bhindati]] (1) (d).	(a) will break / destroy. See also [[bhindati]] (1) (a). (b) will pierce. See also [[bhindati]] (1) (d).	See-references left in the Burmese (ဘိန္ဒတိ with sense numbers); future rendered in the 3rd person (-အံ့ unmarked, -လတ္တံ့).
122259	bhetha	ကြောက်လန့်ကုန်၏။ «S1»	se espantan. Véase también [[bhāyati]].	they are frightened. See also [[bhāyati]].	The Burmese marks the plural (ကုန်) but not the person; Pāḷi bhetha is 2nd plural. Rendered 3rd plural.
122260	bheda	(၁) အထူးအပြား၊ အထူးထူးအပြားပြား။ (၂) ကွဲပြားခြင်း၊ သင်းကွဲခြင်း။ (၃) ပျက်စီးခြင်း။ (၄) ဘေဒဥပါယ်၊ ရန်အောင်မြင်ကြောင်းနည်းလမ်း။ (၅) စူးဝင်မှု၊ စူးရှမှု။ «S1»	(1) distinción y división; distinciones y divisiones diversas. (2) el diferenciarse; el dividirse en facciones. (3) el perecer. (4) la estratagema *bheda*; método para vencer al enemigo. (5) el penetrar; la agudeza. Véase [[bhedavantu]].	(1) distinction and division; manifold distinctions and divisions. (2) becoming different; splitting into factions. (3) perishing. (4) the *bheda* stratagem; means of defeating an enemy. (5) piercing; sharpness. See [[bhedavantu]].	ဘေဒဥပါယ် rendered 'the ⟦ဘေဒ⟧ stratagem'.
122262	bhedakathā	လိင်,ဓာတ်စသည် ခွဲခြားပြဆိုကြောင်း စကား။	palabras que sirven para exponer distinguiendo el *liṅga*, la *dhātu* y demás.	words that serve to set forth by distinguishing *liṅga*, *dhātu* and so on.	လိင် and ဓာတ် are probably grammatical here (gender, verbal root).
122278	bhedaṇḍa	(အံ၊ဋီ၊၂။ ၁၆၅) သည် ဘေရဏ္ဍမှ ပျက်ယွင်းလာသော ပုဒ်ဖြစ်သည်။	‹အံ၊ဋီ၊၂။ ၁၆၅› es una forma corrompida de *bheraṇḍa*.	‹အံ၊ဋီ၊၂။ ၁၆၅› is a corrupt form of *bheraṇḍa*.	corrupt-form note: the citation (A. Ṭī. 2.165) is the subject of the sentence and is kept as printed in ‹›; no word-class label
122279	bhedaṇḍasakuṇī	(အံ၊ဋီ၊၂။ ၁၆၅) သည် ဘေရဏ္ဍသကုဏီမှ ပျက်ယွင်းလာသော ပုဒ်ဖြစ်သည်။	‹အံ၊ဋီ၊၂။ ၁၆၅› es una forma corrompida de *bheraṇḍasakuṇī*.	‹အံ၊ဋီ၊၂။ ၁၆၅› is a corrupt form of *bheraṇḍasakuṇī*.	corrupt-form note: the citation (A. Ṭī. 2.165) is the subject of the sentence and is kept as printed in ‹›; no word-class label
122283	bhedana	(၁) ပျက်စီးခြင်း။ (၂) ခွဲခြင်း။ (၃) ကွဲပြားခြင်း၊ သင်းကွဲခြင်း ဘေဒ (၂) ကြည့်။ (၄) ရောနှောခြင်း။ (၅) ခွဲခါးဝေဖန်ခြင်း။	(1) el perecer. (2) el partir. (3) el dividirse; el cisma. Véase [[bheda]] (2). (4) el mezclar. (5) el dividir y analizar.	(1) perishing. (2) splitting. (3) being divided; schism. See [[bheda]] (2). (4) mixing. (5) dividing and analysing.	'see X (sense)' left in the Burmese, rendered Véase ⟦X⟧ (…)
122290	bhedanapariyāya	ဘေဒနသဒ္ဒါ၏ပရိယာယ်။	el sinónimo de la palabra *bhedana*.	a synonym of the word *bhedana*.	ပရိယာယ် (pariyāya) read as 'synonym'
122295	bhedanasīla	ပျက်စီးလေ့ရှိသော။ အထက်ပုဒ်ကြည့်။	que suele perecer. Véase la entrada anterior.	apt to perish. See the preceding headword.	'see the preceding headword' left in the Burmese, rendered literally
122299	bhedanibandhana	ကွဲပြားခြင်းလျင် အကြောင်းရှိသော။	que tiene como causa la división.	having division as its cause.	no word-class label
122302	bhedantara	အထူးတစ်မျိုး၊ ဝိသေသန တစ်မျိုး။	otra clase de distinción; otra clase de *visesana*.	another kind of distinction; another kind of *visesana*.	တစ်မျိုး read as 'another kind' (bheda-antara)
122306	bhedappatti	ပျက်စီးခြင်းသို့ရောက်ခြင်း၊ ပျက်စီးခြင်း။	el llegar al perecer; el perecer.	coming to perishing; perishing.	label တိ (adjective) but the gloss is a verbal noun
122307	bhedappavaḍḍhana	ကွဲပြားမှကို တိုးပွါးစေတတ်သော။	que suele hacer crecer la división.	apt to increase division.	ကွဲပြားမှ read as a misprint for ကွဲပြားမှု
122311	bhedavacana	(၁) ကွဲပြားအောင် ပြုကြောင်းဖြစ်သော စကား၊ ကုန်းတိုက်စကား။ (၂) ကွဲပြားသကဲ့သို့ဆိုခြင်း၊ ကွဲပြားသကဲ့သို့ တင်စား၍ ဆိုထားသော စကား။ (၃) (သိက္ခာပုဒ်) ပျက်စီးမှုကို ဆိုကြောင်းစကား။	(1) palabras que provocan la división; palabras de cizaña. (2) el hablar como si hubiera división; palabras dichas como si hubiera división, por atribución figurada. (3) (*sikkhāpada*) palabras que expresan la ruptura.	(1) words that cause division; tale-bearing speech. (2) speaking as if there were division; words spoken as if there were division, by figurative attribution. (3) (*sikkhāpada*) words expressing the breaking.	sense 3: '(သိက္ခာပုဒ်) ပျက်စီးမှုကို ဆိုကြောင်းစကား' is terse; read as words that express the breaking (of a training rule)
122318	bhedavisamacchinuvikāradosa	ပျက်စီးခြင်း မညီမညွတ်ခြင်း,ကျိုးပေါက်ခြင်း ဟူသော ဖောက်ပြန်သော အပြစ်ရှိသော။	que tiene el defecto alterador consistente en el perecer, la desigualdad y la rotura.	having the fault of alteration, namely perishing, unevenness and breakage.	no word-class label; the headword (…visamacchinu…) looks garbled
122320	bhedavohāra	ပြားသကဲ့သို့ တင်စားခော်ဝော်ခြင်း။	el designar figuradamente como si fuera diverso.	designating figuratively as if it were diverse.	ခော်ဝော် read as ခေါ်ဝေါ် (to call, designate)
122336	bhedāpana	(၁) ဖျက်ဆီးစေခြင်း၊ အဖျက်ခိုင်းခြင်း။ အောက်ပုဒ်ကြည့်။ (၂) ဖောက်ခွဲစေခြင်း၊ ဖောက်ခွဲခိုင်းခြင်း။ «S1» (၃) သင်းကွဲစေခြင်း၊ သင်းခွဲခြင်း။	(1) el hacer destruir; el mandar destruir. Véase la entrada siguiente. (2) el hacer romper; el mandar romper. Véase [[bhedāpanavatthu]]. (3) el hacer que haya un cisma; el provocar un cisma.	(1) causing to destroy; ordering destruction. See the following headword. (2) causing to break open; ordering to break open. See [[bhedāpanavatthu]]. (3) causing a schism; splitting (the community).	'see the following headword' left in the Burmese, rendered literally
122338	bhedāpanavatthu	အဖောက်ခွဲခိုင်းခြင်းဟူသော အကြောင်း။	el asunto consistente en mandar romper.	the matter of ordering (something) to be broken open.	အကြောင်း read as 'matter, case' (vatthu)
122340	bhedāpekkha	(၁) (နှစ်ဖြာ) ကွဲပြားမှုကို ငဲ့သော။ (၂) အထူး-ဝိသေသန-ကို ငဲ့သော။	(1) (de dos modos) que atiende a la división. (2) que atiende a lo particular / al *visesana*.	(1) (in two ways) regarding division. (2) regarding what is particular / the *visesana*.	(နှစ်ဖြာ) 'twofold' is unexplained
122341	bhedāpeti	(၁) ဖျက်ဆီးစေ၏၊ အဖျက်ဆီးခိုင်း၏။ (၂၀ ဖောက်ခွဲစေ၏၊ အဖောက်ခွဲခိုင်း၏။	(1) hace destruir; manda destruir. (2) hace romper; manda romper.	(1) causes to destroy; orders destruction. (2) causes to break open; orders to break open.	'(၂၀' read as the misprint for (၂)
122347	bhedābhāva	(၁) အထူး-အပြား-မရှိခြင်း။ (၂) ပျက်စီးမှုမရှိခြင်း။ (၃၀ သင်းကွဲ-အုပ်စုကွဲပြား-မှုမရှိခြင်း။	(1) la ausencia de particularidad / distinción. (2) la ausencia de perecer. (3) la ausencia de cisma / división del grupo.	(1) the absence of particularity / distinction. (2) the absence of perishing. (3) the absence of schism / splitting of a group.	'(၃၀' read as the misprint for (၃)
122358	bhedūpacāra	ကွဲပြားသကဲ့သို့ တင်စားခော်ဝော်ခြင်း။	el designar figuradamente como si fuera diverso.	designating figuratively as if it were diverse.	ခော်ဝော် read as ခေါ်ဝေါ် (to call, designate)
122361	bhedopacāradassana	ကွဲပြားသကဲ့သို့ တင်စားခော်ဝော်မှုကို- ဘေဒူပစာကို-တွေ့မြင်ရခြင်း။	el ver la designación figurada como si fuera diverso / el *bhedūpacā*.	seeing the figurative designation as if it were diverse / the *bhedūpacā*.	ခော်ဝော် read as ခေါ်ဝေါ်
122362	bhedya	အထူးပြုအပ်သော၊ အထူးပြုခံရသော။ အောက်ပုဒ်ကြည့်။	que ha de ser calificado; que es calificado. Véase la entrada siguiente.	to be qualified; being qualified. See the following headword.	'see the following headword' left in the Burmese, rendered literally; အထူးပြု read in the grammatical sense 'qualify'
122364	bhemi	ကြောက်ရွံ့-ထိတ်လန့်-၏။ «S1»	temo / me aterro. Véase [[bhāyati]].	I fear / I am terrified. See [[bhāyati]].	1st-person headword (-mi) rendered in the 1st person
122365	bheraṇḍa	(၁) မြေခွေး။ (၂) ငှက်တစ်မျိုး၊ ငှက်ဆိုး။ အောက်ပုဒ်ကြည့်။	(1) chacal. (2) una clase de ave; ave de mal agüero. Véase la entrada siguiente.	(1) jackal. (2) a kind of bird; bird of ill omen. See the following headword.	'see the following headword' left in the Burmese, rendered literally; ငှက်ဆိုး read as 'bird of ill omen'
122367	bheraṇḍasakuṇarava	ငှက်ဆိုးသံ။ အထက်ပုဒ် (၂) (၃) ကြည့်။	el grito del ave de mal agüero. Véase la entrada anterior (2) (3).	the cry of the bird of ill omen. See the preceding headword (2) (3).	'see the preceding headword (senses)' left in the Burmese, rendered literally
122376	bheravarūpa	(၁) ကြောက်မက်ဖွယ်အဆင်း၊ ကြောက်စရာရုပ်။ (တိ) (၂၀ ကြောက်မက်ဖွယ် အဆင်းရူပါရုံရှိသော၊ သူ။	(1) una forma espantosa; una figura aterradora. (adjetivo) (2) que tiene una forma, un *rūpārammaṇa*, espantosa (dicho de una persona).	(1) a terrifying form; a frightful figure. (adjective) (2) having a terrifying form, a *rūpārammaṇa* (said of a person).	'(၂၀' read as the misprint for (၂)
122384	bhericamma	စည်ကြက်သော သားရေ။	el cuero que se tensa sobre el tambor.	the hide stretched over a drum.	စည်ကြက်သော read as 'stretched on the drum'
122394	bherivādakakula	စည်းတီးသမားအမျိုး။	el linaje de los tamborileros.	the family of drummers.	စည်းတီးသမား read as စည်တီးသမား (drummer)
122396	bherivādītasaññā	စည်တီးသံအမှတ်။	la señal del toque de tambor.	the signal of the drumbeat.	အမှတ် read as 'signal' (saññā as a sign), not 'perception'
122397	bherivīṇāsaṅghāṭa	စည်,စောင်းကြက်စရာသားရေ။	el cuero que se tensa sobre el tambor y el arpa.	the hide for stretching over drums and harps.	စောင်း (Burmese harp) rendered 'arpa / harp' for vīṇā
122400	bherisaññā	စည်သံအမှတ်။	la señal del sonido del tambor.	the signal of the sound of the drum.	အမှတ် read as 'signal' (saññā as a sign), not 'perception'
122405	bhesakal̤ā	ဘေသကဠာမည်သော၊ သူ။ အောက်ပုဒ်ကြည့်။	llamado *bhesakal̤ā* (dicho de una persona). Véase la entrada siguiente.	named *bhesakal̤ā* (said of a person). See the following headword.	'see the following headword' left in the Burmese, rendered literally
122406	bhesagal̤ā	ဘေသကဠာမည်သော၊ သူ။ အောက်ပုဒ်ကြည့်။	llamado *bhesakal̤ā* (dicho de una persona). Véase la entrada siguiente.	named *bhesakal̤ā* (said of a person). See the following headword.	'see the following headword' left in the Burmese, rendered literally; the gloss spells the name with က though the headword has -ga-
122414	bhebhajjakaraṇa	ဆေးအမှုပြုခြင်း။	el ejercer la labor de la medicina.	doing the work of medicine.	headword romanised bhebhajja-, apparently for bhesajja-
122428	bhesajjatela	ဆေးထီ၊ ဆေးဖြစ်အောင် ချက်ထားသောဆီ။	aceite medicinal; aceite cocido para que sea medicina.	medicinal oil; oil cooked so as to become a medicine.	ဆေးထီ read as a misprint for ဆေးဆီ (medicinal oil)
122436	bhesajjapaṭiggahaṇa	ဆေးခံယူခြင်း၊ ဆေးခံလောက်ရုံ။	el recibir medicina; lo justo para tomar la medicina.	accepting medicine; just enough for taking the medicine.	second gloss ဆေးခံလောက်ရုံ is unclear; read as 'just so much as to take the medicine'
122438	bhesajjapahoga	(၁) ဆေးဖော်စရာပစ္စည်း၊ ဆေးဘက်ဝင်ပစ္စည်း၊ ပရဆေးပစ္စည်း။ (၂) ဆေးကုသခြင်းလုံ့လပယောဂ။	(1) ingredientes para preparar medicina; sustancias de uso medicinal; ingredientes auxiliares de la medicina. (2) el esfuerzo y la aplicación en el tratamiento con medicina.	(1) ingredients for compounding medicine; substances of medicinal use; auxiliary medicinal ingredients. (2) effort and application in treatment with medicine.	ပရဆေး read as 'auxiliary / adjuvant medicine'
122440	bhesajjapariggahaṇa	ဆေးခံယူခြင်း၊ ဆေးခံလောက်ရုံ။	el recibir medicina; lo justo para tomar la medicina.	accepting medicine; just enough for taking the medicine.	second gloss ဆေးခံလောက်ရုံ is unclear; read as 'just so much as to take the medicine'
122447	bhesajjabala	ဘေး၏အစွမ်း။	el poder de la medicina.	the power of medicine.	ဘေး ('danger') read as a misprint for ဆေး ('medicine')
122456	bhesajjavatthu	ဆေးပေးသော ဝတ္ထု။	el relato de dar medicina.	the account of giving medicine.	ဝတ္ထု read as 'account, case'; could also be 'the object given as medicine'
122466	bhesajjasammata	ဆေးဟု-သမုတ်-ခော်ဝော်-ပညတ်-အပ်သော။	convenido / denominado / establecido como medicina.	agreed / called / laid down as medicine.	ခော်ဝော် read as ခေါ်ဝေါ်
122467	bhesajjasikkhāpada	ဘေသဇ္ဇသိက္ခာပုဒ်၊ ထောပတ် ဆီ ပျားစသော ဆေးပစ္စည်းများကို အကပ်ခံပြီးနောက် ၇-ရက်သာ ဘုဉ်းပေးကောင်းသည်၊ ၇-ရက်ကျော်လျှင် ပါစိတ်အာပတ်သင့်စေ'ဟု ပညတ်အပ်သော သိက္ခာပုဒ်။	*bhesajjasikkhāpud*; el *sikkhāpada* promulgado así: «tras recibir los requisitos medicinales como la manteca clarificada, el aceite, la miel, etc., es lícito consumirlos solo durante 7 días; si se superan los 7 días, se incurre en un *āpatti* *pācittiya*».	*bhesajjasikkhāpud*; the *sikkhāpada* laid down thus: 'after receiving medicinal requisites such as ghee, oil, honey and so on, one may eat them for 7 days only; beyond 7 days one incurs a *pācittiya* *āpatti*'.	ထောပတ် rendered ghee / manteca clarificada; the Burmese says ပါစိတ် (pācittiya) for what the Vinaya classes as nissaggiya pācittiya
122471	bhesajjodissa	ဆေးနာမည်ဖြင့် ခွင့်ပြုအပ်သော (ထောပတ်,ဆီဦး,ဆီ,ပျား,တင်လဲ)။	permitido con el nombre de medicina (manteca clarificada, mantequilla fresca, aceite, miel, melaza).	allowed under the name of medicine (ghee, fresh butter, oil, honey, molasses).	ဆီဦး read as fresh butter (navanīta), တင်လဲ as molasses (phāṇita)
122473	bho	အိုအချင်း၊ အိုအရှင်၊ အိုအချင်းတို၊ အိုအရှင်တို့။	¡oh, amigo!; ¡oh, señor!; ¡oh, amigos!; ¡oh, señores!	O friend; O sir; O friends; O sirs.	label ဗျ (indeclinable); အိုအချင်းတို read as a misprint for အိုအချင်းတို့
122474	bhokkhaṁ	ခံစားအံ့။ အောက်ပုဒ်ကြည့်။	disfrutaré. Véase la entrada siguiente.	I shall enjoy. See the following headword.	1st-person future headword (-ṁ) rendered in the 1st person; 'see the following headword' left in the Burmese, rendered literally
122476	bhokkhāma	စားကုန်အံ့။ အထက်ပုဒ်ကြည့်။	comeremos. Véase la entrada anterior.	we shall eat. See the preceding headword.	1st-person plural headword (-āma) rendered in the 1st person; 'see the preceding headword' left in the Burmese, rendered literally
122483	bhogaggahaṇa	ဘောဂသဒ္ဒါ။	la palabra *bhoga*.	the word *bhoga*.	the gloss gives only 'the word bhoga' (the mention of the word)
122496	bhogaparibyūl̤ha	စည်းစိမ်ဥစ္စာတို့သည်-ရောက်စေအပ်သော-တင်ပို့အပ်သော။	llevado / enviado por las riquezas.	brought / sent by wealth.	the Burmese (ရောက်စေအပ်သော-တင်ပို့အပ်သော with စည်းစိမ်ဥစ္စာတို့သည် as agent) is unclear; Pāḷi paribyūḷha suggests 'furnished / surrounded with wealth'
122499	bhogaparivaṭṭa	စည်းစိမ်ဥစ္စာ အသက်ဆက်၊ ဆွေစဉ်မျိုးဆက် (မှလာသော) စည်းစိမ်ဥစ္စာ။	la riqueza transmitida de vida en vida; la riqueza (que viene) de la sucesión de parientes y generaciones.	wealth handed down from life to life; wealth (coming) from the succession of kin and generations.	အသက်ဆက် read as 'succession of lives, inheritance'
122516	bhogamadamatta	စည်းစိမ်မာန်-ခနမာန်-ယစ်မူးသော၊ သူ။	ebrio del orgullo de la riqueza / de las posesiones (dicho de una persona).	intoxicated with pride of wealth / of possessions (said of a person).	ခနမာန် read as a misprint for ဓနမာန် (pride of possessions)
122528	bhogavatī	စည်းစိမ်ဥစ္စပြည့်စုံသောပြည်၊ ဘောဂဝတီပြည်၊ နဂါးပြည်။ အောက်ပုဒ်လည်းကြည့်။	el país lleno de riqueza; el país *bhogavatī*; el país de los *nāga*. Véase también la entrada siguiente.	the country full of wealth; the country *bhogavatī*; the country of the *nāga*. See also the following headword.	'see also the following headword' left in the Burmese, rendered literally; ဥစ္စ read as ဥစ္စာ
122531	bhogavāsinī	စည်းစိမ်ပေး၍ နေစေသော မယား၊ စည်းစိမ်ကြောင့် နေသောမယာ။ ။	la esposa a la que se hace vivir (con uno) dándole riqueza; la esposa que vive (con él) a causa de la riqueza.	a wife made to live (with one) by being given wealth; a wife who lives (with him) because of wealth.	မယာ read as မယား (wife); stray ။ at the end
122561	bhogika	စည်းစိမ်ခံစားခြင်းရှိသော၊ သူ။ အောက်ပုဒ်ကြည့်။	que tiene el disfrute de la riqueza (dicho de una persona). Véase la entrada siguiente.	having the enjoyment of wealth (said of a person). See the following headword.	'see the following headword' left in the Burmese, rendered literally
122564	bhoguppatti	(က) စည်းစိမ်ဥစ္စာ-ဖြစ်ခြင်း-ရခြင်း။ (ခ) စည်းစိမ်ဥစ္စာ-ဖြစ်ပော်ရာ-ထွက်ရာ။ «S1»	(a) el surgir / obtener la riqueza. (b) el lugar donde surge / se produce la riqueza. Véase [[bhogagāma]].	(a) the arising / obtaining of wealth. (b) the place where wealth arises / is produced. See [[bhogagāma]].	ဖြစ်ပော် read as ဖြစ်ပေါ်
122571	bhogūpakaraṇa	စည်းစိမ်ဥစ္စာ အဆောက်အဦ။	los enseres de la riqueza.	the equipment of wealth.	အဆောက်အဦ (building, structure) read as 'equipment' (upakaraṇa)
122581	bhojana	(၁) (က) စားအပ်သော အာဟာရ၊ စားဖွယ်၊ ဘောဇဉ်။ (ဘောဇဉ် ၅-ပါးကို ဘောဇနီယပုဒ်ကြည့်)။ (ခ) သုံးဆောင်အပ်သော (ပစ္စည်းလေးပါး)။ (၂) စားခြင်း။	(1) (a) el alimento que se come; lo comestible; la comida. (Para los cinco *bhojana*, véase la entrada *bhojanīya*.) (b) lo que se usa (los cuatro requisitos). (2) el comer.	(1) (a) nourishment that is eaten; what is eatable; food. (For the five *bhojana* see the headword *bhojanīya*.) (b) what is used (the four requisites). (2) eating.	'see the headword bhojanīya' left in the Burmese, rendered literally; ဘောဇဉ် kept as ⟦=bhojana⟧ only for the five Vinaya kinds
122584	bhojanakicca	ဆွမ်းဘုဉ်းပေး-ထမင်းစား-မှုကိစ္စ။	la tarea de tomar el alimento de limosna / comer.	the business of partaking of alms-food / eating a meal.	ဆွမ်းဘုဉ်းပေး-ထမင်းစား are the monastic and lay words for eating
122594	bhojanattha	(၁) စားဖွယ်ဘောဇဉ်ကို စားခြင်းအကျိုး။ (၂) စားဖွယ်ဘောဇဉ်-ဖြင့်-ကို-အလိုရှိခြင်း။	(1) el beneficio de comer la comida. (2) el necesitar / desear la comida.	(1) the benefit of eating food. (2) needing / wanting food.	-ဖြင့်-ကို- (instrumental / accusative) are case alternatives of the object; rendered 'need / want'
122595	bhojanatthika	ဘောဇဉ်-ဖြင့်-ကို-အလိုရှိသော၊ သူ။	que necesita / desea comida (dicho de una persona).	needing / wanting food (said of a person).	-ဖြင့်-ကို- (instrumental / accusative) are case alternatives of the object; rendered 'need / want'
122596	bhojanatthī	ဘောဇဉ်-ဖြင့်-ကို-အလိုရှိသော၊ သူ။	que necesita / desea comida (dicho de una persona).	needing / wanting food (said of a person).	-ဖြင့်-ကို- (instrumental / accusative) are case alternatives of the object; rendered 'need / want'
122604	bhojanapaṭikkhepa	စားဖွယ်ဘောဇဉ်ကို ပယ်မြစ်ခြင်း။	el rechazar la comida.	rejecting food.	ပယ်မြစ် read as 'reject, refuse' (paṭikkhepa)
122621	bhojanabhaṇḍa	ဘောဇဉ်ထည့်သော ဘဏ္ဍာ၊ ပွဲတော်အုပ်။	el recipiente para poner la comida; la bandeja cubierta de comida.	the vessel for holding food; the covered food tray.	ပွဲတော်အုပ် (a lidded royal food tray) rendered 'covered food tray'
122645	bhojanasālaṅgaṇa	ဆွမ်းစားကျောင်းယင်ပြင်။	el patio del refectorio.	the courtyard of the refectory.	ယင်ပြင် read as ရင်ပြင် (courtyard)
122646	bhojanasālā	ဆွမ်းညွန်ချရာဇရပ်၊ ဆွမ်းစားကျောင်း။	el pabellón donde se reparte el alimento de limosna; el refectorio.	the hall where alms-food is apportioned; the refectory.	ဆွမ်းညွန်ချ read as 'apportion and serve alms-food'
122661	bhojayamāna	စားစေသော၊ ကျွေးမွေးသော၊ သူ။ ဘောဇိယမာန-နှင့်ယှဉ်ကြည့်။	que hace comer; que alimenta (dicho de una persona). Compárese con *bhojiyamāna*.	causing to eat; feeding (said of a person). Compare *bhojiyamāna*.	'compare X' left in the Burmese, rendered literally
122662	bhojayiṁ	စားစေပြီ၊ ကျွေးမွေးပြီ။ «S1»	hice comer; alimenté. Véase [[bhojeti]].	I caused to eat; I fed. See [[bhojeti]].	1st-person aorist headword (-iṁ) rendered in the 1st person
122666	bhojayissāmi	စားစေအံ့၊ ကျွေးမွေးအံ့။ «S1»	haré comer; alimentaré. Véase [[bhojeti]].	I shall cause to eat; I shall feed. See [[bhojeti]].	1st-person future headword (-ssāmi) rendered in the 1st person
122674	bhojimha	စားစေကုန်ပြီ၊ ကျွေးမွေးခဲ့ပါကုန်ပြီ။ «S1»	hicimos comer; alimentamos. Véase [[bhojeti]].	we caused to eat; we fed. See [[bhojeti]].	1st-person plural aorist headword (-mha) rendered in the 1st person
122676	bhojissiya	တော်လှန်သူ၏အဖြစ်၊ ကျွန်အဖြစ်မှ လွတ်မြောက်ခြင်း။	el hecho de ser un sublevado; la liberación de la condición de esclavo.	the state of being a rebel; release from the condition of a slave.	တော်လှန်သူ ('rebel') is odd for bhujissa (a freed man); possibly a misprint for a word meaning 'free person'
122682	bhojetha	စားစေ-ကျွေးမွေး-ကုန်လော။ «S1»	¡haced comer / alimentad! Véase [[bhojeti]].	cause (them) to eat / feed (them)! See [[bhojeti]].	လော under an imperative headword (-tha) read as the imperative လော့ (misprint)
122685	bhojemi	စားစေအံ့၊ ကျွေးမွေးအံ့။ «S1»	haré comer; alimentaré. Véase [[bhojeti]].	I shall cause to eat; I shall feed. See [[bhojeti]].	1st-person headword (-mi) rendered in the 1st person; the Burmese gives a future (အံ့) for the present form
122686	bhojeyyaṁ	စားစေအံ့၊ ကျွေးမွေးအံ့။ «S1»	haré comer; alimentaré. Véase [[bhojeti]].	I shall cause to eat; I shall feed. See [[bhojeti]].	1st-person optative headword (-eyyaṁ) rendered in the 1st person, following the Burmese future (အံ့)
122688	bhojeyyāsi	စားစေ-ကျွေးမွေး-ရာ၏။ «S1»	haría comer / alimentaría. Véase [[bhojeti]].	would cause to eat / would feed. See [[bhojeti]].	headword is 2nd person (-eyyāsi); the Burmese does not mark person, so rendered without it
122690	bhojesiṁ	စားစေပြီ၊ ကျွေးမွေးပြီ။ «S1»	hice comer; alimenté. Véase [[bhojeti]].	I caused to eat; I fed. See [[bhojeti]].	1st-person aorist headword (-siṁ) rendered in the 1st person
122693	bhojessāma	စားစေကုန်အံ့၊ ကျွေးမွေးကုန်အံ့။ «S1»	haremos comer; alimentaremos. Véase [[bhojeti]].	we shall cause to eat; we shall feed. See [[bhojeti]].	1st-person plural future headword (-ssāma) rendered in the 1st person
122694	bhojessāmi	စားစေအံ့၊ ကျွေးမွေးအံ့။ «S1»	haré comer; alimentaré. Véase [[bhojeti]].	I shall cause to eat; I shall feed. See [[bhojeti]].	1st-person future headword (-ssāmi) rendered in the 1st person
122695	bhojehi	စားစေလော၊ ကျွေးမွေးလော။ «S1»	¡haz comer!; ¡alimenta! Véase [[bhojeti]].	cause (him) to eat!; feed (him)! See [[bhojeti]].	လော under an imperative headword (-hi) read as the imperative လော့ (misprint)
122697	bhojja	ဘောဇာဇာနီယ သိန္ဓောခြင်း။	el caballo de Sindh de pura raza *bhojājānīya*.	the thoroughbred Sindh horse *bhojājānīya*.	garbled: 'ဘောဇာဇာနီယ သိန္ဓောခြင်း' read with ခြင်း as a misprint for မြင်း (horse); no word-class label
122702	bhottukamyatā	စားခြင်းငှါ အလိုရှိခြင်း၊ စားလိုခြင်း။ «S1»	el deseo de comer; el querer comer. Véase [[kattukamyatā]].	the wish to eat; wanting to eat. See [[kattukamyatā]].	label တိ (adjective) but the gloss is a verbal noun
122708	bhovādika	ပုဏ္ဏား၊ ဘောဘောဟု ဆိုလေ့ရှိသူ။ အောက်ပုဒ်ကြည့်။	brahmán; el que suele decir «*bho* *bho*». Véase la entrada siguiente.	a brahmin; one in the habit of saying '*bho* *bho*'. See the following headword.	'see the following headword' left in the Burmese, rendered literally
