id	iast	burmese	es	en	flag
133104	ya	၄၁ လုံးသော အက္ခရာတို့တွင် ၃၄လုံးမြောက်-ဗျည်း ၃၃လုံးတို့တွင် ၂၆-လုံးမြောက်၊ ကဏ္ဌဇ စသောဌာန် ၆-မျိုးတို့တွင် အာစောက်အရပ်၌ဖြစ်သော တာလုဇဌာန်-ဝဂ်,အ-ဝဂ် ၂-မျိုးတို့တွင် အ-ဝဂ်အက္ခရာ၊ အ-ဝဂ် အက္ခရာ ၈-လုံးတို့တွင် ပဌမ-ဃောသ,အဃေယစတို့တွင် ဃောသ-ဇိဝှါမဇ္ဈစသော ကရိုဏ်း ၄မျိုးတို့တွင် ဇိဝှါမဇ္ဈာကရိုဏ်း သံဝုတ စသော ပယက် ၄မျိုးတို့တွင် အာစောက်အရပ်၌ လျှာလယ်ဖြင့် အနည်းငယ်ထိစေ၍ ရွတ်အပ်သော ဤသံဖုဋ္ဌ ပယတ်ပုဗ္ဗာသယဗျည်း ၂-မျိုးတို့တွင် နောက်သရကိုမှီသော ပရာသယဗျည်းအက္ခရာ။	entre las 41 letras, la 34.ª; entre las 33 consonantes, la 26.ª; entre los 6 lugares de articulación (*ṭhāna*) que comienzan por *kaṇṭhaja*, el lugar *tāluja*, que se produce en el paladar; entre sus 2 clases, *vagga* y *avagga*, letra *avagga*; entre las 8 letras *avagga*, la primera; entre *ghosa*, *agheya* y demás, *ghosa*; entre los 4 *karaṇa* que comienzan por *jivhāmajjha*, el *karaṇa* *jivhāmajjhā*; entre los 4 *payatana* que comienzan por *saṁvuta*, *īsaṁphuṭṭha*, que se pronuncia tocando ligeramente el paladar con el medio de la lengua; entre las 2 clases de consonantes, *pubbāsaya* y *parāsaya*, la letra consonante *parāsaya*, que se apoya en la vocal siguiente.	among the 41 letters, the 34th; among the 33 consonants, the 26th; among the 6 places of articulation (*ṭhāna*) beginning with *kaṇṭhaja*, the *tāluja* place, arising at the palate; of its 2 classes, *vagga* and *avagga*, an *avagga* letter; among the 8 *avagga* letters, the first; among *ghosa*, *agheya* and so on, *ghosa*; among the 4 *karaṇa* beginning with *jivhāmajjha*, the *jivhāmajjhā* *karaṇa*; among the 4 *payatana* beginning with *saṁvuta*, *īsaṁphuṭṭha*, pronounced by touching the palate lightly with the middle of the tongue; among the 2 classes of consonants, *pubbāsaya* and *parāsaya*, the *parāsaya* consonant letter, which rests on the following vowel.	⟦အဃေယ⟧ copied as printed, evidently a misprint for aghosa; 'ပဌမ-ဃောသ' read as 'the first; ghosa'; grammatical terms kept in Pāḷi
133105	ya	ဤ ယ-အက္ခရာသည် (၁)အခြားဗျည်းများနှင့် မရောဘဲ သူ့ချည်းသက်သက် တည် သော ယ=သုဒ္ဓ ယ၊ (၂) ယဗျည်း ၂-လုံးရော၍ တည်သော ယျ=မိဿက ယျ၊ (၃) က,ခ စသော အခြား ဗျည်းများနှင့် ယှဉ်တွဲ၍ တည်သော သံယောဝန္တ ယ-အက္ခရာဟုယ ၃-မျိုးရှိသည်။	esta letra *ya* es de 3 clases: (1) *ya* = *suddha* *ya*, que está sola, sin mezclarse con otras consonantes; (2) *yya* = *missaka* *yya*, que está formada por 2 consonantes *ya* mezcladas; (3) la letra *ya* *saṁyovanta*, que está unida a otras consonantes como *ka*, *kha* y demás.	this letter *ya* is of 3 kinds: (1) *ya* = *suddha* *ya*, standing on its own, unmixed with other consonants; (2) *yya* = *missaka* *yya*, standing as 2 *ya* consonants mixed; (3) the *saṁyovanta* letter *ya*, standing joined to other consonants such as *ka*, *kha* and so on.	'ဟုယ' read as ဟု (stray ယ)
133106	ya	လာသော	que viene.	that comes.	definition is only 'လာသော', evidently truncated
133112	ya	တစ်=၁ ခု သင်္ချာဟော ယ၊ အဂဏိတမချပိုင်း (၁) လည်းကြည့်	*ya* que expresa el número uno = 1. Véase también [[agaṇitamakhyapiuṅḥ]] (1).	*ya* expressing the number one = 1. See also [[agaṇitamakhyapiuṅḥ]] (1).	'see also' left in the Burmese; the target ⟦အဂဏိတမချပိုင်း⟧ is unclear (possibly a section title), copied as printed
133116	yaṁ	(၁) မရှိ။ နိပါတ်မျှ။ (၂) မ,မဟုတ်။ (၃) ယံ ကရေယျ-အကြင်ပြုရာ၏။ «S1»	(1) no hay. Es solo una partícula. (2) no; no es. (3) *yaṁ kareyya*: lo que haga. Véase [[ya]] (12).	(1) there is none. It is merely a particle. (2) not; is not. (3) *yaṁ kareyya*: whatever one would do. See [[ya]] (12).	sense (1) 'မရှိ။ နိပါတ်မျှ' may mean 'has no meaning of its own, a mere particle'
133117	yaṁ	(၁) အကြင် (စကား)။ (၂) အကြင် (အမေးပုစ္ဆာ) ကို။	(1) cual (palabra). (2) cual (pregunta), como objeto.	(1) which (word). (2) which (question), as object.	'ကို' marks the object: 'which (question)' in the accusative
133118	yaṁattha	(ပု)	(masculino).	(masculine).	definition is only the label (ပု); no gloss
133119	yaṁkiñci	နိပါတ် ာတု။ နီတိ။ ပာ။ ၃၇၁၅။ နိပါတ်ပုဒ်ပေါင်း။ ဘေဒာိန္ဒာ။ ၉။ ယတိဘိဉ္စိတ်-သံ။ ဇံကိံစိပါကဘ။ ကိမ် စ စိတ် စ ကိဉ္စိတ်။ ဒွန်သမာသ်။ အမရ၊ မီ၊ ၂၄။ ဂ-ဂါထာ။ သဘ္တတ၌ ကိဉ္စိတ်(ဒ)-ဟု တ်(ဒ် ဖ့လျ ၌သ ရျ ကီ၊ ရ- ရူ ဒ) ဆုံးသေ ပုဒ်ဖြစ် ည်၊။ ထိုကြောင့် ု့ရျ ့ချ် ဝဒံ ဝ ဝ ဝ ပါဠိ၌ ၎င်း ကိဉ္စိ ကောစိ...ကာသုစိ၊ ပုဒ်တို့ နောင် သရအစ ၌ရိသော ပုဒ်ရှိလျင် ဒ-လာ၍ သန္ဒီစပ်ရသသ်- ကိဉ္စံဒော၊ ကောစိဒေဝ....။ ] ၁) အလုံးစံ-ခပ်သိမ်း - အားလုံးသော။ ၂) အမှတ် တစ်စုံဘစ်ခု-အာျုံ--သော။ (၃) အနည်းငယ်သော။ (၁) ယံကိဉ္စီတိ သဗ္ဗေန သဗ္ဗံ သဗ္ဗသာ သဗ္ဗံ၊ အသေသံ နိဿေသံ ပရိယာဒိယနဝစနမေဘံ မပါ ရို့] ဟို ီ့၏] [ဋ [] ယံကိဉ္စီတိ။ မဟာနိ။ ဥာ။ (-စူဠနိ။ ၆ဂ။ ) ယံ ကိဉ္စီတိ အနဝသေသပရိယာဒါနံ။ အဘိ၊ဋ္ဌ၊ ၂၃။ (-ဥဒါန၊ဋ္ဌ။ ၉၀။ မူလဒ္ဒီ၊ ၂၄။ ) (၂) ဧတေသု ယံတိဉ္စိ ကိ။ အဘိ၊ဋ္ဌ၊ ၁။ ၁၀၆။ ကျ၊ ပြည်။ (၃) ယံ ဟိ ကိဉ္စီ (ပေဘ။ ၃၀) ဘိ ကိဉ္စိဒေဝ ဒေသယျဓဒ္ဓံ သမအဗြာဟ္မအာနံ ဒဘွာ တံ ဒက္ခိအံ မယှံ အာဒိသ။ ပေတ၊ဋ္ဌ။ ၆၄။ (-ဝိ။ ၄။ ၃၉။ ဝိ၊္ဌ၊၄။ ၄။ ) ဒွိ နို ၌မူ ့ူ ့ရျူ န န ချူ (ကိ သဒ္ဒါ သက်သက်သည် "အဘယ် ၅ ဒ ဣဋယူ ရ ဝ -ဘာ” ဟု အမေးစကားဖြစ်သည်၊ ကိံ ခြာ ၄ ၅ ၂၂၄၂၂ သူ ပုဒ်နောင် စိ-နိပါက်သတ်လျှင် ကိဉ္စ, ကာပိ “ ဝ ကဋံ ူ ိ့၍ူ ချူ ” ဟို ကောစိ စသည်ဖြစ်လာ၍ ၎င်းပုဒ် ချားသည် ၂မဏ- ရ ချ ် ဉူြ အပ္ပတွာ? အနည်းငယ်ဟူသော အနက် ကို ဟောသည်။ ကိဉ္စိ, ကာစိ ကောစိဘို့၏ ရှေ့၌ ယ-သဒ္ဒါ ထင်လျှင် ယံကိဉ္စ ယာကာစိ, နာမေ သောကောစိဟု ဖြစ်လာကြ၍ ၎င်းပုဒ်များ ျူ [][] ပရေ သည် သကလတ္ထဝါစက=အသုံးစုံ-ခပ်သိမ်း အားလုံး -ဟူသော အနက်ကို ဟောသည်။ စိန္တော ကာ ကော ကိံ သဒ္ဒေါ စ၊အပ္ပကတ္ထဿ ဝါစကော။ ယကာရယုတ္တော အာဒိမှိ၊ သကလတဉ္ထဿ ဝါစကော။ အယာဒိ စ အစိန္တော စ၊ ပုစ္ဆာဇောတကသညီတော။ နိရုတ္တိ။ ၂၃၄။ နိရုတ္တိမဉ္စူသာ။ နှာ-၁၆။ ပါကတ။ ၊ ဓာန်၌ (၁) အလုံးစုံသော။ ( ၂) မယှဉ်- အချည်းနှီး မရေတွက်အပ် သော။ နက်သည်။ အက်ပတေး-သက္ကတ၊ ဓာန်၌ကား ယတ်. ကိဉ္စိတ် ပုဒ်မျိုး အ လွန် ရှား ကြောင်း မှာ သည်။ အနက်မှာ ကိဉ္စိ-ကဲ့သို အနည်းငယ် အနက်ပင်ဖြစ်သည်။ လိင် ၃-ပါး၊ ဝိဘတ် ၇-သွယ်တို့ဖြင့် ဂိုဏ်းစဉ်ပုံကို အ-ဝဂ် ကျမ်း န်း၊ အပိင်း ၁၊ နှာ ၂၂. ၂၄-တိဉ် ကြ ၌။ ) ညွန်း ၍၍။ န ၂၂ ၂၄ ကြု ညံ ယံဘွံ [ ယံနတွံ ] ဟူးဟူးငြားငြား၊ ဟုတ်ဟုတ် ငြားငြား၊ အမှတ်မရှိတစ်စုံတစ်ခု၊(တော်သလို လျော်သလို၊ တော်စွာ လျော်စွာ ယုတ်ယုတ် မာမာ)။ ယံတွ (ဝိ၁။ ၂၄)န္တိ ဧတ္ထ ယန္တိ ဟီဠနတ္ထေ နိပါတော။ တွန္တိ တံ သဒ္ဒဿ ဝေဝစနံ။ ဒွီဘိပိ ယံ ဝါ တံ ဝါ ဟီဠိတံ အဝညာတန္တိ ဝုတ္တံ ဟောတိ။ ဝိ။ ဋ္ဌ။ ၁။ ၁၀၆။ ယံ တန္တိ နာယံ ဥဒ္ဒေသနိဒ္ဒေသော၊ ယထာ လောကေ ယံ ဝါ တံ ဝါတိ အဝညာတဝစနံ၊ ဧဝံ ဒဋ္ဌဗ္ဗံ။ သာရတ္ထ၊ ၂။ ၂၃။	partícula (*nipāta*). Agregado de partículas. En sánscrito *yatibhiñcit*. *kim ca cit ca kiñcit*; compuesto *dvanda*. En sánscrito es una palabra terminada en *kiñcit* (d); por eso, también en pāḷi, tras las palabras *kiñci koci...kāsuci*, si hay a continuación una palabra que empieza por vocal, aparece *da* y se unen en *sandhi*: *kiñcaṁdo*, *kocideva*.... (1) completo / todo / todos. (2) cualquier cosa sin distinción / … (3) poco. (1) *yaṁkiñcīti sabbena sabbaṁ sabbasā sabbaṁ. asesaṁ nissesaṁ pariyādiyanavacanamebhaṁ*. *yaṁ kiñcīti anavasesapariyādānaṁ*. (2) *etesu yaṁtiñci ki*. (3) *yaṁ hi kiñcī* … *kiñcideva desayyadhaddhaṁ samaabrāhmaānaṁ dabhvā taṁ dakkhiaṁ mayhaṁ ādisa*. (La palabra *ki* sola es palabra interrogativa: '¿qué?'; cuando tras ella se añade la partícula *ci*, resultan *kiñca*, *kāpi*, *koci* y demás, y esas palabras expresan el significado 'poco'. Si delante de *kiñci*, *kāci*, *koci* aparece la palabra *ya*, resultan *yaṁkiñca*, *yākāci*, *nāme sokoci*, y esas palabras expresan el significado *sakalatthavācaka* = completo / todo / todos.) *cinto kā ko kiṁ saddo ca. appakatthassa vācako.. yakārayutto ādimhi. sakalatañthassa vācako.. ayādi ca acinto ca. pucchājotakasaññīto..* En el diccionario prácrito: (1) todo. (2) desligado / vano / que no se cuenta. En el diccionario sánscrito de Apte, en cambio, se dice que las palabras del tipo *yat. kiñcit* son muy raras; el significado es, como *kiñci*, 'poco'. … *yaṁbhvaṁ* [*yaṁnatvaṁ*]: sea lo que sea; sea como sea; cualquier cosa sin distinción (como convenga, como cuadre; convenientemente, adecuadamente; más o menos). *yaṁtvanti ettha yanti hīl̤anatthe nipāto.. tvanti taṁ saddassa vevacanaṁ.. dvībhipi yaṁ vā taṁ vā hīl̤itaṁ avaññātanti vuttaṁ hoti..* *yaṁ tanti nāyaṁ uddesaniddeso. yathā loke yaṁ vā taṁ vāti avaññātavacanaṁ. evaṁ daṭṭhabbaṁ..*	particle (*nipāta*). A combination of particles. Sanskrit *yatibhiñcit*. *kim ca cit ca kiñcit*; a *dvanda* compound. In Sanskrit it is a word ending in *kiñcit* (d); therefore in Pāḷi too, after the words *kiñci koci...kāsuci*, when a word beginning with a vowel follows, *da* comes in and they are joined in *sandhi*: *kiñcaṁdo*, *kocideva*.... (1) entire / all / every. (2) anything whatever, without distinction / … (3) a little. (1) *yaṁkiñcīti sabbena sabbaṁ sabbasā sabbaṁ. asesaṁ nissesaṁ pariyādiyanavacanamebhaṁ*. *yaṁ kiñcīti anavasesapariyādānaṁ*. (2) *etesu yaṁtiñci ki*. (3) *yaṁ hi kiñcī* … *kiñcideva desayyadhaddhaṁ samaabrāhmaānaṁ dabhvā taṁ dakkhiaṁ mayhaṁ ādisa*. (The word *ki* on its own is a question word: 'what?'; when the particle *ci* is added after it, *kiñca*, *kāpi*, *koci* and so on result, and these words express the meaning 'a little'. When the word *ya* stands before *kiñci*, *kāci*, *koci*, *yaṁkiñca*, *yākāci*, *nāme sokoci* result, and these words express the meaning *sakalatthavācaka* = entire / all / every.) *cinto kā ko kiṁ saddo ca. appakatthassa vācako.. yakārayutto ādimhi. sakalatañthassa vācako.. ayādi ca acinto ca. pucchājotakasaññīto..* In the Prakrit dictionary: (1) all. (2) unconnected / vain / not counted. In Apte's Sanskrit dictionary, however, words of the type *yat. kiñcit* are said to be very rare; the meaning is, like *kiñci*, 'a little'. … *yaṁbhvaṁ* [*yaṁnatvaṁ*]: whatever it may be; however it may be; anything at all, without distinction (as suits, as fits; suitably, fittingly; more or less). *yaṁtvanti ettha yanti hīl̤anatthe nipāto.. tvanti taṁ saddassa vevacanaṁ.. dvībhipi yaṁ vā taṁ vā hīl̤itaṁ avaññātanti vuttaṁ hoti..* *yaṁ tanti nāyaṁ uddesaniddeso. yathā loke yaṁ vā taṁ vāti avaññātavacanaṁ. evaṁ daṭṭhabbaṁ..*	heavily garbled OCR: unreadable fragments (marked …) omitted, citations dropped; sense (2) partly illegible; several Pāḷi quotations garbled and copied as printed (e.g. ⟦ဒေသယျဓဒ္ဓံ⟧, ⟦နာမေ သောကောစိ⟧); the declension note is illegible; the article runs on into the yaṁtvaṁ entry (⟦ယံဘွံ⟧ = yaṁtvaṁ?)
133120	yaṁtvaṁ	ဟူးဟူးငြားငြား၊ ဟုတ်ဟုတ်ငြားငြား၊ အမှတ်မရှိ တစ်စုံတစ်ခု၊ (တော်သလိုလျော်သလို၊ တော်စွာ လျော်စွာ၊ ယုတ်ယုတ်မာမာ)။	sea lo que sea; sea como sea; cualquier cosa sin distinción; (como convenga, como cuadre; convenientemente, adecuadamente; más o menos).	whatever it may be; however it may be; anything at all, without distinction; (as suits, as fits; suitably, fittingly; more or less).	ဟူးဟူးငြားငြား / ဟုတ်ဟုတ်ငြားငြား and ယုတ်ယုတ်မာမာ are colloquial; renderings tentative
133123	yaṁyaṁadhimuttika	အကြင် အကြင် ရှုအပ်သည့် နှလုံးသွင်းခြင်းရှိသော။	que tiene la atención puesta en cualquier cosa, sea cual sea, que haya de contemplarse.	having attention set on whatever is to be contemplated, whatever it may be.	နှလုံးသွင်းခြင်း ('taking to heart', attention/inclination) rendered 'atención'; structure of the Burmese slightly unclear
133124	yaṁvātaṁvā	ဟူးဟူးငြားငြား၊ ဟုတ်ဟုတ်ငြားငြား၊ အမှတ်မရှိ တစ်စုံတစ်ခု။	sea lo que sea; sea como sea; cualquier cosa sin distinción.	whatever it may be; however it may be; anything at all, without distinction.	colloquial Burmese; renderings tentative
133125	yaka	အသည်း,အသဲ။ «S1»	hígado, hígado. Véanse [[yakapaṇḍa]], [[yakapel̤a]].	liver, liver. See [[yakapaṇḍa]], [[yakapel̤a]].	အသည်း and အသဲ are two Burmese words for liver, both kept
133126	yakana	အသည်း၊ အသဲ။ မူရင်းကြည့်ပါ။	hígado; hígado. Véase el original.	liver; liver. See the original.	'See the original' rendered literally; အသည်း / အသဲ are two Burmese words for liver
133127	yakanaṭṭhāna	အသည်း-အသဲ၏တည်ရာအရပ်။	el lugar donde se asienta el hígado / hígado.	the place where the liver / liver is situated.	အသည်း-အသဲ: two Burmese words for liver
133128	yakanapiṇḍa	အသည်း-အသဲတို့၏ ပေါင်း။ အသည်း-အသဲစိုင်။	el conjunto del hígado / hígado. La masa del hígado / hígado.	the aggregate of the liver / liver. The lump of the liver / liver.	အသည်း-အသဲ: two Burmese words for liver
133129	yakanapel̤a	(သီ၊ သျှာမူတို့၌ ယကပေဠ-ဟု ရှိ၏)။ «S1»	(en las ediciones cingalesa y siamesa se lee *yakapel̤a*). Véase [[yakanapiṇḍa]].	(the Sinhalese and Siamese editions read *yakapel̤a*). See [[yakanapiṇḍa]].	သီ, သျှာမူ read as the Sinhalese and Siamese editions
133130	yakanabhāga	အသည်း-အသဲဟူသော အဖို့။	la parte que es el hígado / hígado.	the part that is the liver / liver.	အသည်း-အသဲ: two Burmese words for liver
133131	yakanamaṁsa	အသည်း-အသဲ-တည်းဟူသော အသား။	la carne que es el hígado / hígado.	the flesh that is the liver / liver.	အသည်း-အသဲ: two Burmese words for liver
133132	yakanasaññita	အသည်း-အသဲ-ဟု ခော်ဝော်-သမုတ်-အပ်သော။	llamado / denominado / convenido como hígado / hígado.	called / named / conventionally designated as liver / liver.	ခော်ဝော် read as ခေါ်ဝေါ်; အသည်း-အသဲ: two Burmese words for liver
133133	yakapiṇḍa	အသည်း-အသဲ-တို့၏ အပေါင်း၊ အသည်း-အသဲ-စိုင်။	el conjunto del hígado / hígado; la masa del hígado / hígado.	the aggregate of the liver / liver; the lump of the liver / liver.	အသည်း-အသဲ: two Burmese words for liver
133135	yakkha	(၁)ဘုရား၊ ရဟန္တာ။ (၂) သိကြားမင်း။ (၃) နတ်။ (၄) ဘီလူး၊ ဘီလူးစစ်သူကြီး။ (၅) ငှက်ဘီလူး။ (၆) ဘီလူးကိုသတ်သော ရဟန်းဝတ္ထု။ (၇) ပြိတ္တာ။ (၈) ပုဂ္ဂိုလ်၊ သတ္တဝါ၊ ယျောက်း။ (၉) ယက္ခသံယုတ်။ မူရင်းကြည့်ပါ။	(1) el Buddha; *rahantā*. (2) el rey *Sakka*. (3) *deva*. (4) *yakkha*; general de los *yakkha*. (5) ave *yakkha*. (6) el relato del monje que mató a un *yakkha*. (7) *peta*. (8) persona; ser vivo; hombre. (9) el *Yakkhasaṁyutta*. Véase el original.	(1) the Buddha; *rahantā*. (2) King *Sakka*. (3) *deva*. (4) *yakkha*; a general of the *yakkha*. (5) a *yakkha* bird. (6) the story of the monk who killed a *yakkha*. (7) *peta*. (8) person; being; man. (9) the *Yakkhasaṁyutta*. See the original.	'See the original' rendered literally; ယျောက်း read as ယောက်ျား 'man'; ငှက်ဘီလူး 'ogre-bird' unclear
133137	yakkhakantāra	ဘီလူးရက္ခိုသ်-ရှိသော-ခရီးခဲ-ခက်ခဲသောခရီး။	camino arduo / camino difícil en que hay *yakkha* / *rakkhasa*.	a hard road / difficult road where there are *yakkha* / *rakkhasa*.	ရက္ခိုသ် read as rakkhasa; hyphen chain reordered for sense
133139	yakkhakulala	ဘီလူးဖြစ်သော စွန်ရဲ။ «S1»	milano rojo que es un *yakkha*. Véase [[yakkhakāka]].	a red kite that is a *yakkha*. See [[yakkhakāka]].	စွန်ရဲ rendered 'red kite' (perhaps the brahminy kite), tentative
133140	yakkhakoṭi	ဘီလူးပေါင်းတစ်ကုဋေ၊ ဘီလူးကုဋေ။	diez millones de *yakkha* en conjunto; diez millones de *yakkha*.	ten million *yakkha* in all; ten million *yakkha*.	ကုဋေ (koṭi) rendered 'ten million'
133142	yakkhagaṇasevita	ဘုမ္မစိုးနတ်အပေါင်းသည် မှီဝဲအပ်သော။ ]	frecuentado por la multitud de *deva* guardianes de la tierra.	frequented by the host of earth-guardian *deva*.	stray ']' at the end dropped; ဘုမ္မစိုးနတ် rendered 'earth-guardian deva'
133145	yakkhagahitaka	ယက္ခဂဟိတနှင့်တူ။	Mismo significado que [[yakkhagahita]].	Same meaning as [[yakkhagahita]].	'same meaning as X' left in the Burmese, not a placeholder
133158	yakkhadāsikamma	နတ်ကတော်-မှော်ကတော်=၏အမှူး။	el oficio de la médium de los *deva* / médium de la magia.	the work of a *deva* medium / magic medium.	အမှူး ('chief') read as အမှု ('work, business') to fit -kamma; နတ်ကတော် / မှော်ကတော် (female spirit medium, 'spirit wife') rendered 'medium'
133159	yakkhadāsī	နတ်၏ကျွန်မ၊ နတ်ဝင်မ၊ နတ်ကတော်။ မှော်ကတော်။	esclava de un *deva*; mujer poseída por un *deva*; médium de los *deva*. Médium de la magia.	a female slave of a *deva*; a woman possessed by a *deva*; a *deva* medium. A magic medium.	နတ်ကတော် / မှော်ကတော် (female spirit medium, 'spirit wife') rendered 'medium'
133162	yakkhadhūpa	ပွဲလျက်=ပွဲညက်၊ အင်တွဲ။	‹ပွဲလျက်› = ‹ပွဲညက်›; ‹အင်တွဲ›.	‹ပွဲလျက်› = ‹ပွဲညက်›; ‹အင်တွဲ›.	names of resins or incense substances, not identified (perhaps resin of Shorea / Dipterocarpus); left in Burmese
133180	yakkhabalikamma	နယ်တို့အား-ပူဇော်-ပသ-သောအမှု။	la acción de ofrendar / de hacer ofrendas / de propiciar a los *deva*.	the act of making offerings / offerings / propitiation to the *deva*.	နယ် read as နတ် (misprint)
133185	yakkhabhūta	မြေဘုတ်ဘီလူးနှင့် အခြားဘီလူး။	*yakkha* *bhūta* de la tierra y otros *yakkha*.	earth-*bhūta* *yakkha* and other *yakkha*.	မြေဘုတ် ('earth-bhūta', a ghoul) rendered tentatively
133188	yakkhamānamaddana	ဘီလူးတို့၏-မာန်-မာန-ကို-နှိပ်နင်း-နှိပ်ကွပ်-ခြင်း။	el humillar / el aplastar la *māna* / *māna* de los *yakkha*.	subduing / crushing the *māna* / *māna* of the *yakkha*.	မာန်-မာန are the loanword and the Pāḷi form of māna (conceit), both kept
133204	yakkhasata	ဘီလူးတို့၏ အညီအညွတ်-စည်းဝေး-ပေါင်းဆုံ-ရာအရပ် (ဘီလူးအစည်းအဝေး)	el lugar donde los *yakkha* se reúnen en concordia / se congregan / se juntan (asamblea de *yakkha*).	the place where the *yakkha* meet in concord / assemble / gather (an assembly of *yakkha*).	the definition is that of yakkhasannipāta / yakkhasamāgama; headword 'yakkhasata' (a hundred yakkhas?) may not match
133208	yakkhasūkara	ဘီလူးဝက်၊ ယက္ခကာက-ကြည့်	cerdo que es un *yakkha*; Véase [[yakkhakāka]].	a boar that is a *yakkha*; See [[yakkhakāka]].	'see X' left in the Burmese
133210	yakkhasenāpati	ဘီလူးစစ်သူကြီး။ မူရင်းကြည့်ပါ။	general de los *yakkha*. Véase el original.	a general of the *yakkha*. See the original.	'See the original' rendered literally
133214	yakkhābhāvakāraṇa	ကာရဏ	*kāraṇa*.	*kāraṇa*.	definition is only the Pāḷi word ကာရဏ, evidently truncated
133222	yakkhinibhaya	ဘီလူးမ-မှကြောင့်-ဖြစ်သော။ ဘေးအန္တရာယ်၊ ဘီလူးမဘေးအန္တရာယ်။	que proviene de / a causa de una *yakkhinī*. Peligro, desgracia; peligro, desgracia de una *yakkhinī*.	arising from / because of a *yakkhinī*. Danger, misfortune; danger, misfortune from a *yakkhinī*.	the full stop after ဖြစ်သော looks misplaced: read 'danger arising from a yakkhinī'
133223	yakkhinimātu	ဘီလူးမဟု ဆိုအပ်သော-မိခင်-အမိ၊ မိခင်-အမိ-ဘီလူးမ၊	madre / madre llamada *yakkhinī*; madre / madre *yakkhinī*.	mother / mother called *yakkhinī*; mother / mother *yakkhinī*.	မိခင်-အမိ: two Burmese words for mother, both kept
133226	yakkhinīmahābhūtasāmañña	ဘီလူးမ-ဘုတ်တစ္ဆေဟူသော မဟာဘုတ်နှင့် တူသည်၏ အဖြစ်။	el hecho de ser semejante al *mahābhūta*, que es una *yakkhinī* / un espectro.	the state of being like the *mahābhūta*, which is a *yakkhinī* / a spectre.	ဘုတ်တစ္ဆေ rendered 'spectre'
133230	yakkhisaññī	ယက္ခိ-သညာ+ဤ။ -ထီ-၌ ယက္ခသညိနီ။	*yakkhi*-*saññā*+*ī*. En femenino, *yakkhasaññinī*.	*yakkhi*-*saññā*+*ī*. In the feminine, *yakkhasaññinī*.	a morphological analysis, not a gloss
133243	yajataṁ	(၁) ပူဇော်-ယဇ်ပူဇော်-မီးပူဇော်-လော့။ (၂) ပေးကမ်း-လှူဒါန်း-စွန့်ကြဲ-လော့။	(1) ¡que venere / que ofrezca sacrificio / que ofrezca sacrificio al fuego! (2) ¡que dé / que done / que reparta!	(1) let him worship / offer sacrifice / offer sacrifice to the fire! (2) let him give / donate / distribute!	3rd person from the headword ending -taṁ
133246	yajatha	(သင်တို့) ပူဇော်ပေးလှူ-ပေးလှူ-လော။	(vosotros) ¡venerad y ofreced / ofreced!	(you) worship and offer / offer!	လော under the imperative -tha read as the imperative လော့ (misprint)
133247	yajana	(၁) ပူဇော်-ယဇ်ပူဇော်-မီးပူဇော်-ခြင်း၊ ဗလိနတ်စာပေးခြင်း၊ ယဇ်ပူဇော်ခံရအံ့သော အစီအရင်။ (၂) ပူဇော်-ပေးကမ်းအစီအရင်။	(1) el venerar / el ofrecer sacrificio / el ofrecer sacrificio al fuego; el dar a los *deva* el alimento de ofrenda (*bali*); el rito por el que se ha de recibir el sacrificio. (2) el rito de venerar / de dar.	(1) worshipping / offering sacrifice / offering sacrifice to the fire; giving the *deva* the offering-food (*bali*); the rite by which the sacrifice is to be received. (2) the rite of worshipping / giving.	ယဇ်ပူဇော်ခံရအံ့သော အစီအရင် unclear: 'the rite by which (a deity) will receive the sacrifice'?
133253	yajanattha	(၁) ပူဇော်-ယဇ်ပူဇော်-ဗလိနတ်စာပေး-ခြင်းအကျိုး။ (၂) ပူဇော်-ပေးကမ်း-လှူဒါန်း-စွန့်ကြဲ-ခြင်းအကျိုး။	(1) el beneficio del venerar / del ofrecer sacrificio / del dar la ofrenda *bali* a los *deva*. (2) el beneficio del venerar / del dar / del donar / del repartir.	(1) the benefit of worshipping / offering sacrifice / giving *bali* offerings to the *deva*. (2) the benefit of worshipping / giving / donating / distributing.	အကျိုး rendered 'benefit' (attha of the headword); could be 'result'
133261	yajamānayiṭṭhaṭṭhāna	ပူဇော်ဆဲ-ပူဇော်ပြီး-သောအရာ။ (မုဉ္စ-စေတနာ အပရစေတနာဖြစ်ရာဌာန)။	lo que se está venerando / lo ya venerado. (La ocasión en que surgen la *muñca*-*cetanā* y la *aparacetanā*).	what is being worshipped / what has been worshipped. (The occasion on which the *muñca*-*cetanā* and the *aparacetanā* arise).	ဌာန read as 'occasion'; the two volitions are at the moment of giving and after it
133262	yajasi	(သင်) ပူဇော်လတ္တံ့။	(tú) venerarás.	(you) will worship.	the Burmese gives a future (လတ္တံ့) for a present-tense headword
133283	yajitvā	(၁) ပူဇော်-ယဇ်ပူဇော်-ဗလိနတ် စာပေး-၍။ (၂) ပူဇော်-ပေးကမ်း-လှူဒါန်း	(1) habiendo venerado / ofrecido sacrificio / dado la ofrenda *bali* a los *deva*. (2) venerar / dar / donar…	(1) having worshipped / offered sacrifice / given *bali* offerings to the *deva*. (2) worship / give / donate…	sense (2) truncated
133297	yajuveda	(ပု) (၁)ယဇုဝေဒကျမ်း။ (န) (၂) ယဇုဗေဒင်အတတ်။	(masculino) (1) el libro *yajuveda*. (neutro) (2) el saber del *yajuveda*.	(masculine) (1) the *yajuveda* book. (neuter) (2) the lore of the *yajuveda*.	ယဇုဗေဒင်အတတ် (the Burmese form ဗေဒင်, 'Veda / astrology') romanised as yajuveda
133299	yajeyyaṁ	(ငါ) ပူဇော်-ပေးကမ်း-လှူဒါန်း-စွန့်ကြဲ-ရာ၏။	(yo) veneraría / daría / donaría / repartiría.	(I) would worship / give / donate / distribute.	1st person, marked (ငါ)
133304	yañce	(၁) အကြင် (လူမိုက်) မည်ပါလျက်။ (အကြင်အမည်ရှိသော ဇာတ်ဝတ္ထု) (၂) အကယ်၍ မ (သနား)လျှင်= နော စေ။	(1) aunque se llama tal (necio). (la historia *jātaka* que tiene tal nombre) (2) si no (se compadece) = *no ce*.	(1) although called such-and-such (fool). (the *jātaka* story having such a name) (2) if one does not (pity) = *no ce*.	sense (1) elliptical: bracketed words are the compiler's examples; meaning of the whole unclear
133305	yañña	(၁) ယဇ် (က) ပူဇော်-ပေးကမ်း-လှူဒါန်း- စွန့်ကြဲ- ခြင်း= ဒါန။ (ခ) အမြဲလှူဒါန်းခြင်း=နိစ္စဒါန (ဂ) သံဃိကကျောင်းလှူဒါန်းခြင်း=ဝိဟာရဒါန။ (ဃ) ရတနာ ၃-ပကားကို ကိုးကွယ်-ဆည်းကပ်ခြင်း သရဏဂုဏ် (ရတနာ ၃ ပါးအား အသက်ကို စွန့်လှူခြင်း)။ (င) (ကိုယ်နှင့်အသက် ငဲ့ကွက်သောတဏှာကို) စွန့်၍ စောင့်ရှောက်ဆောက်တည်အပ်သော ၅-ပါးသီလ။ (၂) ပူဇော်-ပေးကမ်း-လှူဒါန်း-စွန့်ကြဲ-အပ်သော ဝတ္ထုပစ္စည်း= ဒေယျဓမ္မ။ (၃) ယဇ်-(ဆန့်ကျင်ဘက်-နိဝရဏ-ကိလေသာတို့ကို) ပယ်ခွါ-ပယ်စွန့်-တတ်သော (က) ပဌမဈာန်စသော ဈာန် ၄-ပါး။ (ခ) ဝိပဿနာဉာဏ်။ (ဂ) အဘိညာဉ် ၆ပါး။ (ဃ) အာသဝက္ခယ-အရဟတ္တဖိုလ်-ဉာဏ်။ (၄) (ဘုရားလောင်း၏ လက္ခဏာကို ဖတ်သည့်) ယညမည်သော ပုဏ္ဏား။ (၅) ယညသုတ်။ (၅) မီး-နတ်-ယဇ်-ပူဇော်-ပသ-ခြင်း။ (၇) ယဇ်ထမင်း။ (၈) မီး-နတ်-ယဇ်-ပူဇော်ရာ။ (၉) ပူဇော်-ပေးကမ်း-လှူဒါန်း-စွန့်ကြဲ-ရာ။ (၁၀) ယဇ်ပူဇော်သည့် အစီအရင်ကို ပြဆိုသည့်ကျမ်း။	(1) sacrificio: (a) el venerar / el dar / el donar / el repartir = *dāna*. (b) el donar constantemente = *niccadāna*. (c) el donar un monasterio perteneciente al *saṅgha* = *vihāradāna*. (d) el venerar / el acudir a las 3 Joyas, la virtud del refugio (*saraṇa*) (el ofrendar la propia vida a las 3 Joyas). (e) los 5 preceptos de *sīla* guardados / observados tras renunciar (al *taṇhā* que se preocupa por el cuerpo y la vida). (2) los bienes venerados / dados / donados / repartidos = *deyyadhamma*. (3) sacrificio: que suele abandonar / desechar (sus opuestos, los *nivaraṇa* / *kilesa*): (a) los 4 *jhāna*, comenzando por el primer *jhāna*. (b) el conocimiento de *vipassanā*. (c) las 6 *abhiññā*. (d) el conocimiento de *āsavakkhaya* / del *arahattaphala*. (4) el brahmán llamado *yañña* (que leyó las marcas del *bodhisatta*). (5) el sutta *yañña*. (6) el venerar / el propiciar al fuego / a los *deva* / con sacrificio. (7) el arroz del sacrificio. (8) el lugar donde se venera al fuego / a los *deva* / con sacrificio. (9) el lugar donde se venera / se da / se dona / se reparte. (10) el tratado que expone el procedimiento para ofrecer sacrificio.	(1) sacrifice: (a) worshipping / giving / donating / distributing = *dāna*. (b) donating constantly = *niccadāna*. (c) donating a monastery belonging to the *saṅgha* = *vihāradāna*. (d) worshipping / resorting to the 3 Jewels, the virtue of refuge (*saraṇa*) (offering one's life to the 3 Jewels). (e) the 5 precepts of *sīla* guarded / observed after giving up (the *taṇhā* that is concerned for body and life). (2) the goods worshipped with / given / donated / distributed = *deyyadhamma*. (3) sacrifice: that is apt to abandon / cast off (its opposites, the *nivaraṇa* / *kilesa*): (a) the 4 *jhāna*, beginning with the first *jhāna*. (b) the knowledge of *vipassanā*. (c) the 6 *abhiññā*. (d) the knowledge of *āsavakkhaya* / of *arahattaphala*. (4) the brahmin named *yañña* (who read the marks of the *bodhisatta*). (5) the *yañña* sutta. (6) worshipping / propitiating the fire / the *deva* / with sacrifice. (7) sacrificial rice. (8) the place where the fire / the *deva* are worshipped / with sacrifice. (9) the place where one worships / gives / donates / distributes. (10) the treatise setting out the procedure for offering sacrifice.	the print numbers two senses (5); rendered (5) and (6). In (4) the Burmese ပုဏ္ဏား rendered brahmán. ရတနာ ၃-ပကား read as ရတနာ ၃-ပါး
133307	yaññaüpakkhara	အလှူဒါန၏ ပြီးပြည့်စုံကြောင်း-အသုံးအဆောင်-အဆောက်အသီ။	los medios para completar / los utensilios / las instalaciones de la ofrenda (*dāna*).	the means of completing / the utensils / the installations of the offering (*dāna*).	အဆောက်အသီ read as အဆောက်အဦ (misprint)
133308	yaññakamma	(၁) ပူဇော်-ပေးကမ်း-လှူဒါန်း-စွန့်ကြဲ-သောအမူ။ (၂) ပူဇော်-ယဇ်ပူဇော်-ဗလိနတ်စာပေး-သောအမု။	(1) la acción de venerar / dar / donar / repartir. (2) la acción de venerar / ofrecer sacrificio / dar la ofrenda *bali* a los *deva*.	(1) the act of worshipping / giving / donating / distributing. (2) the act of worshipping / offering sacrifice / giving *bali* offerings to the *deva*.	အမူ / အမု read as အမှု (misprints)
133317	yaññaṅga	ရေသဖန်းပင်။	el árbol ‹ရေသဖန်း› (Ficus racemosa).	the ‹ရေသဖန်း› tree (Ficus racemosa).	plant name: ရေသဖန်း tentatively identified as Ficus racemosa (cluster fig)
133319	yaññatanta	(၁) ယဇ်အစီအရင်ကို ဆိုရာကျမ်း။ (ယဇ်ပူဇော်ပုံ-အစီအရင်-နည်းစနစ်-စည်းကမ်း-ဥပဒေ-ကို အကျယ်ကိုပြဆိုသည့် ကျမ်း၊ (ယဇ်ပူဇော်ပုံ-အစီအရင်-နည်းစနစ်-စည်းကမ်း-ဥပဒေ-ကို အကျယ်ပြဆိုသည့်ကျမ်း)။ (၂) ယဇ်ပူဇော်ခြင်း၊ ယဇ်ပူဇော်သည့် အစီအရင်။	(1) el tratado que expone el procedimiento del sacrificio. (el tratado que expone por extenso la manera / el procedimiento / el método / las normas / las leyes del sacrificio; (el tratado que expone por extenso la manera / el procedimiento / el método / las normas / las leyes del sacrificio)). (2) el ofrecer sacrificio; el procedimiento del sacrificio.	(1) the treatise stating the procedure of sacrifice. (the treatise setting out at length the manner / procedure / method / rules / laws of sacrifice; (the treatise setting out at length the manner / procedure / method / rules / laws of sacrifice)). (2) offering sacrifice; the procedure of sacrifice.	the bracketed gloss is printed twice (duplication kept); brackets unbalanced in the print
133320	yaññattha	(၁) ယဇ်ပူဇော်-ဗလိနတ်စာပေး-ခြင်းအကျိုး။ (၂) ယဇ်ပူဇော်ရာအရပ် (ပြန်)၊ ယဇ်ပူဇော်အံ့ဟု စီရင်ရာအရပ် (သျ)၊ ယဇ်ပူဇော်-ဗလိနတ်စာပေး-ခြင်းဟူသော အကျိုး။	(1) el beneficio del ofrecer sacrificio / del dar la ofrenda *bali* a los *deva*. (2) el lugar donde se ofrece sacrificio; el lugar donde se dispone ofrecer sacrificio; el beneficio que es el ofrecer sacrificio / el dar la ofrenda *bali* a los *deva*.	(1) the benefit of offering sacrifice / of giving *bali* offerings to the *deva*. (2) the place where sacrifice is offered; the place where one arranges to offer sacrifice; the benefit that is offering sacrifice / giving *bali* offerings to the *deva*.	source tags (ပြန်) and (သျ) dropped; အကျိုး rendered 'benefit' (attha)
133321	yaññadatta	(၁) (ကောဏဂုံဘုရားရှင်၏ ခမည်းတော်)ယညဒတ္ထအမည်ရှိသော ပုဏ္ဏား၊ ယညဒတ္ထပုဏ္ဏာ ။ (၂) ယညဒတ်အမည်ရှိသော သတို့သား။	(1) el brahmán llamado *yaññadattha* (padre del Buddha *koṇāgamana*); el brahmán *yaññadattha*. (2) el joven llamado *yaññadatta*.	(1) the brahmin named *yaññadattha* (father of the Buddha *koṇāgamana*); the brahmin *yaññadattha*. (2) the young man named *yaññadatta*.	ပုဏ္ဏာ read as ပုဏ္ဏား; the name printed ယညဒတ္ထ (with -ttha), ယညဒတ် in (2)
133323	yaññadeva	အကြင်အကြင်ကိုသာလျှင်။	solo a cualquiera que sea.	only whichever (one) it may be.	အကြင်အကြင်ကိုသာလျှင် rendered freely: 'only (to) whichever / whoever'
133326	yaññapariyosāna	ယဇ်-ယဇ်ပူဇော်ခြင်း-၏-အဆုံး-ပြီးဆုံးရာကာလ။ ယညပရိယောသာနေ တေဓိတရံ ဒဿာမိ။ ဇာ၊ ဋ္ဌ၊ ၃။ ၄၉၁	el fin / el momento de conclusión del sacrificio / del ofrecer sacrificio. *yaññapariyosāne tedhitaraṁ dassāmi*.	the end / the time of completion of the sacrifice / of offering sacrifice. *yaññapariyosāne tedhitaraṁ dassāmi*.	citation dropped; the quotation's တေဓိတရံ perhaps for တေ ဓီတရံ
133328	yaññapuñña	ပူဇော်-ပေးကမ်း-လှူဒါန်း-စွန့်ကြဲ-ခြင်းဟူသော -ကုသိုလ်-ကောင်းမှု။	el mérito / la buena acción que es el venerar / el dar / el donar / el repartir.	the merit / good deed that is worshipping / giving / donating / distributing.	ကုသိုလ် here rendered mérito / merit (puñña)
133331	yaññamatthaka	ယဇ်-အထက်-အပော်။	lo alto / la parte superior del sacrificio.	the top / upper part of the sacrifice.	ယဇ်-အထက်-အပော် (အပော် read as အပေါ်): sense unclear, perhaps 'the head / chief of the sacrifice'
133339	yaññavara	မြတ်သောယဇ်ပူဇော်ခြင်းကို ပြရာဇာတ်၊ ဒုဓမ္မဓဇာတ်။	el *jātaka* que muestra el excelente ofrecer sacrificio; el *jātaka* *dudhammadha*.	the *jātaka* showing the excellent offering of sacrifice; the *dudhammadha* *jātaka*.	jātaka name ဒုဓမ္မဓ looks garbled; copied as printed
133340	yaññavāṭa	ဂ၁( ပေးလှူရာဇရပ်၊ အလှူတင်းကုပ်၊ အလှူမဏ္ဍပ်။ (၂) ယဇ်ပူဇော်ရာ-ဌာန-မြေ-မဏ္ဍပ်။	(1) el albergue donde se hacen donaciones; el cobertizo de las donaciones; el pabellón de las donaciones. (2) el lugar / el sitio / el terreno / el pabellón donde se ofrece sacrificio.	(1) the rest-house where donations are made; the donation shed; the donation pavilion. (2) the place / site / ground / pavilion where sacrifice is offered.	sense number printed 'ဂ၁(' read as (၁)
133351	yaññasutta	(၁) ယညသုတ်၊ ယဇ်ပူဇော်သည့်နည်းကိုပြ သော-သုတ်-ကျမ်းဂန်။	(1) el sutta *yañña*; el sutta / el texto que muestra el método de ofrecer sacrificio.	(1) the *yañña* sutta; the sutta / text showing the method of offering sacrifice.	only sense (1) printed
133355	yaññassāmi	ယဇ်-အဠှူ-၏-အရှင်-သခင်၊ ယဇ်-အလှူ-ကို ပိုင်ဆိုင်သူ၊ အလှူရှင်၊ အလှူဒါယကာ။	el señor / el dueño del sacrificio / de la donación; quien posee el sacrificio / la donación; el donante; el donante (*dāyaka*).	the lord / owner of the sacrifice / of the donation; one who owns the sacrifice / the donation; the donor; the donor (*dāyaka*).	အဠှူ read as အလှူ
133364	yaññārammaṇatā	လှူဖွယ်ဝတ္ထုပစ္စည်း-ဟူသော-လျှင်-အာ	los bienes para donar, que son precisamente el …	the goods for donation, which are precisely the …	truncated after အာ (probably အာရုံ: 'the state of having the donation goods as object')
133366	yaññupāsana	ယဇ်ကိုဆည်းကပ်-လုပ်ကျွေး-ခံစား-ခြင်း၊ ယဇ်၏ဂုဏ်ကို -ချီးကျူး-သိဒ္ဓိတင်-ခြင်း။	el acudir a / el servir / el disfrutar del sacrificio; el alabar / el consagrar las virtudes del sacrificio.	resorting to / serving / enjoying the sacrifice; praising / consecrating the virtues of the sacrifice.	သိဒ္ဓိတင် rendered 'consagrar / consecrate' (literally 'to set success'); uncertain
133374	yaññopavīta	ယညေ ပစိတံနှင့် အနက်တူ	Mismo significado que [[yaññe pacitaṁ]].	Same meaning as [[yaññe pacitaṁ]].	'same meaning as X' left in the Burmese; X looks garbled, probably ယညောပစိတ (yaññopacita)
133376	yaṭṭhi	(၁) တောင်ဝှေး (၂) တုတ်၊ လှံတံ။ (၃)နှင်တံ၊ တံဖျား၊ ကြိမ်လုံး၊ ကျာပွတ်၊ နွားကန်။ (၄) ပါးခေါင်း၊ ဝါးခြမ်းစိတ်။ (၅) ထိုးဝါး (ဗုဒ်၊ သျှဝ။ (၆) တံမြက်စည်းရိုး၊ (၇) အလံရိုး၊ အလံတိုင်။ (၈) ငှက် စသည့်ထောင်ရန်ကိုင်းတံ၊ ကိုင်းဖြတ်။ (၉)တိုင်းတာစရာ ပေတံ၊ ကိုက်တံ၊ ငါးစသည်။ (၁၀) တစ်တာ၊ ခုနစ်တောင်။	(1) bastón. (2) palo; asta de lanza. (3) aguijada; ‹တံဖျား›; vara de ratán; látigo; ‹နွားကန်›. (4) ‹ပါးခေါင်း›; tira de bambú partido. (5) pértiga (‹ထိုးဝါး›). (6) mango de escoba. (7) asta de bandera; mástil de bandera. (8) vara de trampa para cazar aves y demás; ‹ကိုင်းဖြတ်›. (9) vara de medir: regla de un pie, vara de una yarda, ‹ငါး› y demás. (10) un ‹တာ›, siete codos.	(1) walking stick. (2) stick; spear shaft. (3) goad; ‹တံဖျား›; rattan cane; whip; ‹နွားကန်›. (4) ‹ပါးခေါင်း›; strip of split bamboo. (5) pole (‹ထိုးဝါး›). (6) broomstick. (7) flagstaff; flagpole. (8) snare-stick for catching birds and so on; ‹ကိုင်းဖြတ်›. (9) measuring rod: foot-rule, yardstick, ‹ငါး› and so on. (10) one ‹တာ›, seven cubits.	several Burmese words left unrendered: တံဖျား (tip of a rod?), နွားကန် (ox-goad?), ပါးခေါင်း, ထိုးဝါး (poking/punting pole?), ကိုင်းဖြတ် (a kind of snare-stick), ငါး in (9) (misprint for ဝါး 'bamboo'?); source tags (ဗုဒ်၊ သျှဝ) dropped; တာ is a Burmese linear measure
133377	yaṭṭhiagga	ကိုင်းတံ-ကိုင်းဖြတ်-၏အဖျား။ ကိုင်းတံ-ကိုင်းဖြတ်-ဖျား။	la punta de la vara de trampa / ‹ကိုင်းဖြတ်›. punta de la vara de trampa / ‹ကိုင်းဖြတ်›.	the tip of the snare-stick / ‹ကိုင်းဖြတ်›. snare-stick / ‹ကိုင်းဖြတ်› tip.	ကိုင်းဖြတ် (a kind of snare-stick) left in Burmese
133380	yaṭṭhikoṭigamana	တောင်ဝှေး-စွန်-ဖျားဟူသော အကြောင်း ရှိသော သွားခြင်း၊ တောင်ဝှေး-စွန်း-ဖျား-ဖြင့် သွားခြင်း။	el andar que tiene por causa el extremo / la punta del bastón; el andar con el extremo / la punta del bastón.	going caused by the end / tip of the walking stick; going by the end / tip of the walking stick.	စွန် read as စွန်း
133383	yaṭṭhigahaṇakicca	တောင်ဝှေးကို-ဆွဲ-ကိုင်-ခြင်းကိစဿ။	la tarea de tirar del / asir el bastón.	the task of pulling / holding the walking stick.	ကိစဿ read as ကိစ္စ
133388	yaṭṭhidhaja	အရိုး-တပ်-ရှ-သောအလံ။	la bandera provista de / que tiene asta.	a flag fitted with / having a staff.	အရိုး-တပ်-ရှ (ရှ read as ရှိ)
133389	yaṭṭhipāsa	ကိုင်းဖြတ်-ကိုင်းတံ-၌ ဖွဲ့အပ်သော ကျော့ကွင်း။	el lazo atado a la vara de trampa / ‹ကိုင်းဖြတ်›.	the noose tied to the snare-stick / ‹ကိုင်းဖြတ်›.	ကိုင်းဖြတ် (a kind of snare-stick) left in Burmese
133390	yaṭṭhimatta	တစ်တာ (ခုနစ်-တောင်) အတိုင်းအရှည်ရှိသော။	que tiene la medida de un ‹တာ› (siete codos).	having the length of one ‹တာ› (seven cubits).	တာ is a Burmese linear measure
133391	yaṭṭhimadhuka	နွယ်ချို။	regaliz (‹နွယ်ချို›).	liquorice (‹နွယ်ချို›).	plant name နွယ်ချို tentatively identified as liquorice (Glycyrrhiza)
133392	yaṭṭhimadhukatela	နွယ်ချိုဆီ။	aceite de regaliz (‹နွယ်ချို›).	liquorice oil (‹နွယ်ချို›).	plant name နွယ်ချို tentatively identified as liquorice (Glycyrrhiza)
133393	yaṭṭhiluddaka	တုတ်-ညွှတ်ကွင်း-ကိုင်းဖြတ်-ကိုင်းတံ-ထောင်သောမုဆိုး၊ တုတ်-ညွတ်ကွင်း-ကိုင်းဖြတ်-ကိုင်းတံ-မုဆိုး။	el cazador que coloca palos / lazos corredizos / ‹ကိုင်းဖြတ်› / varas de trampa; el cazador de palos / lazos corredizos / ‹ကိုင်းဖြတ်› / varas de trampa.	the hunter who sets sticks / nooses / ‹ကိုင်းဖြတ်› / snare-sticks; the stick / noose / ‹ကိုင်းဖြတ်› / snare-stick hunter.	ကိုင်းဖြတ် (a kind of snare-stick) left in Burmese
133399	yataṁ	အားထုတ်လုံ့လပြု- ကြိုးကုတ်-စေ့ဆော်-ကြိုးပမ်း-ကြိုးစား-သော၊ သူသည်။	que se esfuerza / aplica diligencia / se empeña / se impulsa / se afana / intenta (dicho de una persona, como sujeto).	who strives / exerts himself / endeavours / urges himself on / labours / tries (said of a person, as subject).	သူသည် (nominative) rendered 'as subject'
133400	yatanto	အားထုတ်လုံ့လပြု- ကြိုးကုတ်-စေ့ဆော်-ကြိုးပမ်း-ကြိုးစား-သော၊ သူသည်။	que se esfuerza / aplica diligencia / se empeña / se impulsa / se afana / intenta (dicho de una persona, como sujeto).	who strives / exerts himself / endeavours / urges himself on / labours / tries (said of a person, as subject).	သူသည် (nominative) rendered 'as subject'
133401	yata	(၁) စောင့်စည်း-စောင့်ရှောက်-လုံခြုံစေ-သော၊ သူ။	(1) que contiene / guarda / protege (dicho de una persona).	(1) restraining / guarding / keeping secure (said of a person).	only sense (1) printed
133405	yatatta	(၁) အားထုတ်-ကြိုးစား-သောစိတ်ရှိသော၊ ဘာဝနာစီးဖြန်းခြင်း- လုံ့လ-ဝီရိယ-နှင့်ယှဉ်သော စိတ်ရှိသော၊ သူ။ (၂) စောင့်စည်း-စောင့်ရှောက်-လုံခြုံစေ-သောစိတ်ရှိသော၊ ဘာဝနာစီးဖြန်းခြင်း-လုံ့လ-ဝီရိယ-နှင့်ယှဉ်သောစိတ်ရှိသော၊ သူ။ (၃) ကြဉ်ပြီးသောစိတ်ရှိသော၊ သူ။ (၄) စောင့်စည်း-စောင့်ရှောက်-လုံခြုံစေ-ခြင်းသဘောရှိသော၊ သူ။	(1) que tiene una mente que se esfuerza / intenta; que tiene una mente asociada con el cultivo de la *bhāvanā* / el esfuerzo / el *vīriya* (dicho de una persona). (2) que tiene una mente que se contiene / se guarda / se protege; que tiene una mente asociada con el cultivo de la *bhāvanā* / el esfuerzo / el *vīriya* (dicho de una persona). (3) que tiene una mente que ya ha evitado (dicho de una persona). (4) que tiene la naturaleza de contenerse / guardarse / protegerse (dicho de una persona).	(1) having a mind that strives / tries; having a mind associated with cultivating *bhāvanā* / effort / *vīriya* (said of a person). (2) having a mind that restrains / guards / keeps secure; having a mind associated with cultivating *bhāvanā* / effort / *vīriya* (said of a person). (3) having a mind that has avoided (said of a person). (4) having the nature of restraining / guarding / keeping secure (said of a person).	(3) ကြဉ်ပြီးသော 'having avoided' has no object in the print
133406	yatatthā	အကြင်-အထူး-အပြား-သည်-ကို-ဖြင့်။	el cual / la distinción / la variedad (con las partículas de sujeto / de objeto / de instrumento).	which / the distinction / the variety (with the subject / object / instrumental particles).	hyphen chain အကြင်-အထူး-အပြား-သည်-ကို-ဖြင့် lists case particles; rendering tentative
133408	yatanacariyā	ဖြစ်စေတတ်သောအကျင့်။	la práctica que suele producir.	the practice that is apt to produce.	object of 'produce' not stated in the print
133412	yatavantu	အားထုတ်ခြင်း လုံ့လ. ဝီရိယ- ရှိသောသူ။ ယတဝါ စာဂဝါ စာထ၊ ဟိမဝိစ္စာဒယော ရဝါ။ နီတိ၊ ပဒ။ ၁၉၂။ .	que tiene esfuerzo, diligencia, *vīriya* (dicho de una persona). *yatavā cāgavā cātha. himaviccādayo ravā*.	having effort, diligence, *vīriya* (said of a person). *yatavā cāgavā cātha. himaviccādayo ravā*.	citation dropped; the quoted Pāḷi looks garbled, copied as printed
133414	yati	)[ယတ+ဣ။ ယတတီတိ ယတိ။ ရူ။ ၆၇၉။ (-ဓာန်၊ဋီ။ ၄၃၄။ ) ယတိ-သံ။ ဇဣ- ပါကတ။ ယံတတေ (ဝါယမတိ) ပောက္ခတ္ထန္တိ ယတိ။ , ဝ၂ နက္က နတ် ဂပ္ပဒ္ဒုမ။ ](၁) (နိဗ္ဗာန်အလို့ငှါ အားထုတ် သော၊ သူ။ (ရသေ့ရဟန်း) (၂) စောင့်စည်း တတ်သော၊သူ။ (ရသေ့ရဟန်း) (၃) စောင့် စည်းအပ်သော။ (၁) ဗဟုကာရဿ ယတိနံ ဝိပဿနာစာရနိပုလဗုဒ္ဓိနံ။ သံ၊ ဋ္ဌ၊။ ဝ။ သမထဝိပဿနာသု သဒ္ဒဒေပ ယတနတော စ ယတီနံ ဘိက္ခူနံ။ သံ၊ဋိ၊၂။ ၅၅၀။ (-ဒ္ဓဝံ၊ဋ္ဌ၊ ၃၆။ )(၂) မာရသေနဝိဃာတာယ၊ ပံသုကူလဓရော ယတိ။ ဝိသုဒ္ဓိ။ ။ ၆၁။ ကာယဝါစာ စိတ္တေယိ ယတော သံယတောတိ ယတိ။ ဝိသဒ္ဒိ၊မှီ၊ ၁။ ။ (- ခါ၊ သင်။ ကာ။ ) ( ) နိမိ နို မို့၊ [ ကတာ (ဘုတ္တနိ၊ဋ္ဌ၊ ၃။ ၂၀၉။ ဂကာန၊ဋ္ဌ။ ၄၀၈)-ကြည့်။	[*yata* + *i*. *yatatīti yati*. En sánscrito *yati*. En prácrito *jaï*. *yaṁtate (vāyamati) pokkhatthanti yati*. …] (1) que se esfuerza (por el *nibbāna*) (dicho de una persona). (ermitaño, monje) (2) que suele contenerse (dicho de una persona). (ermitaño, monje) (3) contenido. (1) *bahukārassa yatinaṁ vipassanācāranipulabuddhinaṁ*. *samathavipassanāsu saddadepa yatanato ca yatīnaṁ bhikkhūnaṁ*. (2) *mārasenavighātāya. paṁsukūladharo yati*. *kāyavācā citteyi yato saṁyatoti yati*. …	[*yata* + *i*. *yatatīti yati*. Sanskrit *yati*. Prakrit *jaï*. *yaṁtate (vāyamati) pokkhatthanti yati*. …] (1) who strives (for *nibbāna*) (said of a person). (hermit, monk) (2) apt to restrain himself (said of a person). (hermit, monk) (3) restrained. (1) *bahukārassa yatinaṁ vipassanācāranipulabuddhinaṁ*. *samathavipassanāsu saddadepa yatanato ca yatīnaṁ bhikkhūnaṁ*. (2) *mārasenavighātāya. paṁsukūladharo yati*. *kāyavācā citteyi yato saṁyatoti yati*. …	heavily garbled OCR: unreadable fragments (, ဝ၂ နက္က နတ် ဂပ္ပဒ္ဒုမ; ( ) နိမိ နို မို့ and a trailing 'see ကတာ (…)') omitted as …; citations dropped; several quotations garbled, copied as printed; ရသေ့ရဟန်း rendered 'ermitaño, monje'
133415	yati	ပုဒ်ဖြတ်-ရပ်တန့်-ကွပ်ကဲ-ထိန်းချုပ်-ခြင်း၊ (ဆန်းကျမ်းလာယတိ)။ (ယင်းယတိသည်-ဝစနတ္ထဇောတိကာဋီကာအလိုအားဖြင့် (က) ပါဒန္တယတိ။ (ခ) ပါဒမဇ္ဈယတိ-ဟူ၍ နှစ်မျိုးရှိ၏)။	la cesura / la pausa / el control / la contención (el *yati* de los tratados de prosodia). (Según el *vacanatthajotikāṭīkā*, ese *yati* es de dos clases: (a) *pādantayati*. (b) *pādamajjhayati*.)	the caesura / pause / control / restraint (the *yati* of the prosody treatises). (According to the *vacanatthajotikāṭīkā*, this *yati* is of two kinds: (a) *pādantayati*. (b) *pādamajjhayati*.)	ပုဒ်ဖြတ် ('cutting the verse-foot') rendered 'cesura / caesura'
133417	yatijana	ရဟန်းရှင်လူ။	monjes, novicios y laicos.	monks, novices and laymen.	ရဟန်းရှင်လူ read as ရဟန်း (monk), ရှင် (novice), လူ (layman)
133419	yatipota	ရဟန်းငယ်၊ ပဉ္စင်းငယ်၊ (စာသင်သားရဟန်းငယ်)။	monje joven; ‹ပဉ္စင်း› joven; (monje joven que estudia).	young monk; young ‹ပဉ္စင်း›; (young student monk).	ပဉ္စင်း (Burmese term for a fully ordained bhikkhu) left in Burmese
133421	yatihīna	(၁) ယတိဟိန ဒေါ၊ ပုဒ်ဖြတ်ခြင်းယတိမှ ယတ်လျော့သော အပြစ်ဒေါသ (ဝါကျဒေါသ- (၉)မျိုးတို့တွင် တစ်မျိုးအပါအဝင်ဖြစ်သည်။ (၂) ယတိဟီနဒေါသသည် ဖျက်ဆီးအပ်သော ယတိဟီန ဒေါသသင့်သော။ (ဝါကျ))။	(1) *yatihina do*: la falta (*dosa*) de quedarse corto respecto de la cesura, *yati* (es una de las (9) faltas de la oración, *vākyadosa*). (2) estropeado por la falta *yatihīnadosa*; que incurre en la falta *yatihīna dosa* (oración).	(1) *yatihina do*: the fault (*dosa*) of falling short of the caesura, *yati* (one of the (9) faults of a sentence, *vākyadosa*). (2) spoilt by the fault *yatihīnadosa*; incurring the fault *yatihīna dosa* (a sentence).	garbled and bracket-unbalanced: ယတိဟိန ဒေါ probably for ယတိဟီနဒေါသ; ဝါကျဒေါသ copied though ဝါကျ is a Burmese form
133423	yateti	(၁) ပြစ်မှား-ဖျက်ဆီး-ကျေးဇူးမဲ့ပြု-၏။ (၂) ကျေးဇူးပြု၏။	(1) ofende / destruye / hace daño. (2) hace un favor.	(1) offends / destroys / does harm. (2) does a favour.	ကျေးဇူးမဲ့ပြု ('does a disservice / acts ungratefully') rendered 'hace daño / does harm'; the two senses are opposites as printed
133425	yato	အာဟာရေဥဒရေယတော။ သံ၊ ၁။ ၁၇၅။ သုတ္တနိ။ ၂၉၁။ ယတော ပဇာနာတိ သဟေတုဓမ္မံ။ ဝိ၊ ၃။ ၂။ ဥဒါန။ ၇၈။ «S1»	*āhāreudareyato*. *yato pajānāti sahetudhammaṁ*. Véase [[yata]].	*āhāreudareyato*. *yato pajānāti sahetudhammaṁ*. See [[yata]].	only quotations and a cross-reference; citations dropped
133427	yatokutoci	အမှတ်မရှိ တစ်စုံတစ်ခုသော...မှ။ ယံ ကိဉ္စိ-လည်းကြည့်။	de algo cualquiera, sin determinar. Véase también [[yaṁ kiñci]].	from anything whatever, undetermined. See also [[yaṁ kiñci]].	'see also' left in the Burmese
133428	yatotatovā	(၁) အမှတ်မထား တစ်ပါးပါးသော (တရား-ဝတ္ထု-) ကြောင့်။ (၂) အမှတ်မထား။ တစ်ပါးပါးသော (တရား-ဝတ္ထု) အားဖြင့်။	(1) a causa de alguna (cosa / objeto) cualquiera, sin determinar. (2) sin determinar; por medio de alguna (cosa / objeto) cualquiera.	(1) because of some (thing / object) or other, undetermined. (2) undetermined; by means of some (thing / object) or other.	တရား-ဝတ္ထု rendered 'cosa / objeto' (dhamma / vatthu)
133429	yatodhi	(ထို အနာဂါမ်ရဟန်းသည်) အကြင်ကြောင့် အောက်မဂ်သုံးပါးကို (စွန့်အပ်ပြီ)။	(ese monje *anāgāmī*) por lo cual (ha abandonado) los tres *magga* inferiores.	(that *anāgāmī* monk) by which (has given up) the three lower *magga*.	sense odd: the lower three paths are 'given up' (surpassed); rendered literally
133436	yattakayattakaparamāyuppamāṇa	ယံယံအာယုပရိမာဏ-(ဒီ၊ ဋ္ဌ။ ၂။ ၈။ ဒီ၊ ဋီ၊ ၂။ ၁၀)-ကြည့်။	Véase [[yaṁyaṁāyuparimāṇa]].	See [[yaṁyaṁāyuparimāṇa]].	'see X' left in the Burmese; citations in the brackets dropped
133442	yatthakatthaci	အမှတ်မရှိ တစ်စုံတစ်ခုသော...၌။ (ဝိနည်းအရာဝယ် ၁၂-တောင်အရပ်ကို ယတ္ထကတ္ထစိ အရ အချို့နေရာ၌ ယူရသည်။ ဝဇီရ၊ ၃၀၅)။	en algún … cualquiera, sin determinar. (En materia de *vinaya*, según *yatthakatthaci*, en algunos lugares hay que entender un espacio de 12 codos.)	in some … or other, undetermined. (In *vinaya* matters, by *yatthakatthaci* a space of 12 cubits is to be understood in some places.)	citation (ဝဇီရ၊ ၃၀၅) dropped
133445	yatthakāmāvasāyitā	အလုံးစုံသော အရာ၌ (ကောင်းကင်ပျံခြင်းစသော) အလိုရှိအပ်သော ကိစ္စတို့ကို အလိုဆန္ဒအားဖြင့် - ပြီးစေခြင်းအလေ့ရှိသူ၏ အဖြစ်-ပြီးစေနိုင်သောဘုန်းတော်။	el hecho de ser quien suele realizar por su deseo / *chanda*, en todas las cosas, las tareas deseadas (volar por el cielo y demás) / el poder capaz de realizarlas.	the state of one who is in the habit of accomplishing by wish / *chanda*, in all things, the tasks desired (flying through the sky and so on) / the power able to accomplish them.	ဘုန်းတော် ('glory, power', honorific) rendered 'poder / power'
133448	yatra	အကြင်...၌။ (ယတြ ဟိနာမ-ကြည့်ဦး)။	en el cual …. (véase también *yatra hināma*).	in which …. (see also *yatra hināma*).	'see also' left in the Burmese
133450	yatrahināma	(၁) အကြင်...သည်...နိုင်ပါပေစွ-နိုင်ပါပေတယ်...နိုင်တော်မူပါပေစွ...နိုင်တော်မူပါပေတယ်။ (၂) အကြင်...သည် ရက်တုံ တိ၏ ရက်ပလေ။ (၃) အကြင် (မြတ်စွာဘုရားကို)...ကုန်ဘိ၏...ကြပါပေတယ်။ (၄) အကြင် (ယောက်ကျား)ကို ...ကုန်ဘိ၏..ရက်ကုန်ဘိ၏...ရက်ကြပလေ။ (၅) အကြင်..ကြောင့်...တုံဘိ၏...ရက်တုဘိ၏။ (၆) အကြင်...၌...တုံဘိ၏...ရက်တုံဘိ၏။ (၇) အကြင် (ဇာတိထင်ရှားရှိ) လတ်သော် ...တုဘိ၏...ရက်တုံဘိ၏...ရက်ပလေ။ (၈) အကြင်...တို့တွင် တုံဘိ၏-ရက်ပလေ။ (၉) ဝစနာလင်္ကာရ=ပဒပူရဏ (အနက်ထူးမရှိ)။ မူရင်းကြည့်ပါ။	(1) el cual … ¡cómo puede …! / ¡sí que puede …! … ¡cómo se digna poder …! / ¡sí que se digna poder …! (2) el cual … ¡cómo tiene el valor de …!, ¡cómo se atrevió! (3) a quien (al Buddha) … ¡cómo …!, ¡sí que …! (4) a quien (un hombre) … ¡cómo …!, ¡cómo tienen el valor de …!, ¡cómo se atrevieron! (5) a causa del cual … ¡cómo …!, ¡cómo tiene el valor de …! (6) en el cual … ¡cómo …!, ¡cómo tiene el valor de …! (7) cuando el cual (el nacimiento se manifiesta) … ¡cómo …!, ¡cómo tiene el valor de …!, ¡cómo se atrevió! (8) entre los cuales ¡cómo …! / ¡cómo se atrevió! (9) *vacanālaṅkāra* = *padapūraṇa* (sin significado especial). Véase el original.	(1) which … how indeed can …! / can indeed …! … how indeed he deigns to be able to …! / he indeed deigns to be able to …! (2) which … how can one have the heart to …!, how he dared! (3) whom (the Buddha) … how …!, indeed …! (4) whom (a man) … how …!, how they have the heart to …!, how they dared! (5) because of which … how …!, how one has the heart to …! (6) in which … how …!, how one has the heart to …! (7) when which (birth becomes manifest) … how …!, how one has the heart to …!, how one dared! (8) among which, how …! / how one dared! (9) *vacanālaṅkāra* = *padapūraṇa* (no special meaning). See the original.	the Burmese exclamatory endings (…နိုင်ပါပေစွ, …တုံဘိ၏, …ရက်ပလေ 'to have the heart to / dare') are rendered only approximately, with several misprints (ရက်တုံ တိ၏, တုဘိ၏); 'see the original' rendered literally
133454	yathatta	အကြင်-အထူး-အပြား-၏-အဖြစ်-ဖြစ်ရာ-ဖြစ်ကြောင်း။ (အကြင်-အထူး-အပြား-အားဖြင့် ဖြစ်ခြင်း)။	el hecho / aquello en que / aquello por lo que se es tal / de tal distinción / de tal variedad. (el ser de tal / de tal distinción / de tal variedad).	the state / that in which / that by which one is of such / such a distinction / such a variety. (being of such / such a distinction / such a variety).	hyphen chain rendered as printed; the sense is 'being of whatever kind'
133455	yathattā	အကြင်-အထူး-အပြား-သည်-ကို-ဖြင့်။	el cual / la distinción / la variedad (con las partículas de sujeto / de objeto / de instrumento).	which / the distinction / the variety (with the subject / object / instrumental particles).	hyphen chain အကြင်-အထူး-အပြား-သည်-ကို-ဖြင့် lists case particles; rendering tentative
133456	yathattha	မဖောက်မပြန် ဟုတ်မှန်သော-သဘောအနက်။ (သဘောတရားကို မလွန်-အလွန်အဟုတ်အမှန်။	el significado / el sentido no alterado, verdadero. (que no excede la naturaleza de las cosas / sumamente verdadero y real.	the unaltered, true meaning / sense. (not exceeding the nature of things / exceedingly true and real.	bracket unclosed in the print; မလွန်-အလွန် read as alternatives 'not exceeding / exceedingly'
133457	yathatthā	အကြင်-အထူး-အပြား-သည်-ကို-ဖြင့်-၌။	el cual / la distinción / la variedad (con las partículas de sujeto / de objeto / de instrumento / de lugar).	which / the distinction / the variety (with the subject / object / instrumental / locative particles).	hyphen chain lists case particles; rendering tentative
133460	yathā	(၁) အတူ=ပဋနဘာဂ။ (၂)ကဲ့သို့ဩပမ္ပ။ (၃) အကယ်၍လျှင်=ယဒိ။ (၄) အလွန်လျှင်=အတိဝိယ။ (၅) နိပါတ်မျှ=အနက်ထူးမရှိ။ (၆) လျော်စွာ,အလျှောက်=အနုရူပ။ (၇) အကြင် အကြင်,ဟူသမျှ,ဟူသ၍=ဝိစ္ဆာ။ (၈) အစဉ်=ပဋိပါဋိ။ (၉) မကျော်မလွန်,အတိုင်း=အနတိက္ကန္တ။ (၁၀) ပုံစံကား၊ အဘယ်နည်းဟူမူကား။ မူရင်းကြည့်ပါ။	(1) semejanza = *paṭanabhāga*. (2) como = *opampa*. (3) si = *yadi*. (4) sumamente = *ativiya*. (5) mera partícula (*nipāta*) = sin significado especial. (6) conforme, según = *anurūpa*. (7) cada uno, todo cuanto, en la medida en que = *vicchā*. (8) orden = *paṭipāṭi*. (9) sin exceder, conforme a = *anatikkanta*. (10) por ejemplo; ¿de qué manera? Véase el original.	(1) likeness = *paṭanabhāga*. (2) like = *opampa*. (3) if = *yadi*. (4) exceedingly = *ativiya*. (5) a mere particle (*nipāta*) = no special meaning. (6) in accordance with, according to = *anurūpa*. (7) each, whatever, as far as = *vicchā*. (8) order = *paṭipāṭi*. (9) not exceeding, according to = *anatikkanta*. (10) for example; in what way? See the original.	ပဋနဘာဂ probably for ပဋိဘာဂ (misprint), copied as printed; 'see the original' rendered literally
133461	yathā	(၁) အကြင်...ဖြင့်။ (၂) အကြင်...၌။ (၃) အကြင်အခါ၌။ (၄) အကြင်...အထူး-အပြား-အားဖြင့်။ (၅) အကြင်အခြင်းအရာအားဖြင့်။ (၆) အကြင်ကြောင့်၊ အကြင်အကြောင်းကြောင့်။ (၇) အကြင်မျှလောက်အတိုင်းအရှည်ရှိသော။ (ဂ) အကြင်သို့သဘောရှိသော။ (၉) အကြင်အကြင်ဆိုအပ်ခဲ့ပြီးသော အစီအရင်။ (၁၀) အကြင်အကြာင် မိမိဥစ္စာဖြစ်သော (၁၁) အမှတ်မရှိ တစ်စုံတစ်ခုသော၊ ဟုတ်ဟုတ် ညားညား သော။ မူရင်းကြည့်ပါ။	(1) por el cual …. (2) en el cual …. (3) en el momento en que. (4) por tal … / distinción / variedad. (5) por el modo en que. (6) a causa de lo cual; por la razón por la cual. (7) que tiene tal cantidad / medida. (8) que tiene tal naturaleza. (9) el procedimiento que se ha dicho en cada caso. (10) que es la propia riqueza de cada uno. (11) algo cualquiera, sin determinar; verdadero y apropiado. Véase el original.	(1) by which …. (2) in which …. (3) at the time when. (4) by which … / distinction / variety. (5) by the manner in which. (6) because of which; for the reason for which. (7) having such an amount / measure. (8) having such a nature. (9) the procedure stated in each case. (10) being each one's own property. (11) something or other, undetermined; genuine and proper. See the original.	sense (8) printed (ဂ); အကြာင် in (10) read as အကြင်; ဟုတ်ဟုတ် ညားညား in (11) rendered 'genuine and proper' (uncertain); 'see the original' rendered literally
133463	yathāakusala	မလိမ္မာသည့်-အလျောက်-အတိုင်း၊ အကြင် အကြင် မလိမ္မာ-မလိမ္မာသမျှ-သော။	conforme a / según la propia inhabilidad; todo lo inhábil / torpe que sea.	in accordance with / according to one's unskilfulness; however unskilled / clumsy it be.	the Burmese glosses akusala here as မလိမ္မာ 'unskilful', not ကုသိုလ်; rendered inhábil / unskilful, not insano
133465	yathāadhikata	အကြင်အကြင်လိုက်၍ စပ်အပ်သော၊ (ဝိသုဒ္ဓိ၊ ဋီ၊ သျ)။ အကြင်အကြင်ရအပ်-ရနိုင်သမျှ-သော။	que se une siguiendo cada caso. que se obtiene / todo lo que se puede obtener.	joined following each case. obtained / all that can be obtained.	source tag (ဝိသုဒ္ဓိ၊ ဋီ၊ သျ) dropped; the definition fits adhigata rather than adhikata (same text as the next entry)
133466	yathāadhigata	အကြင်အကြင်လိုက်၍ စပ်အပ်သော၊ (ဝိသုဒ္ဓိ၊ ဋီ၊ သျ)။ အကြင်အကြင်ရအပ်-ရနိုင်သမျှ-သော။	que se une siguiendo cada caso. que se obtiene / todo lo que se puede obtener.	joined following each case. obtained / all that can be obtained.	source tag (ဝိသုဒ္ဓိ၊ ဋီ၊ သျ) dropped
133468	yathāanuññāta	အကြင်အကြင် ခွင့်ပြုတော်မူအပ်-ခွင့်ပြုတိုင်း-သော။	que ha sido permitido / tal como fue permitido (en cada caso).	permitted / as it was permitted (in each case).	ခွင့်ပြုတော်မူ is honorific (permitted by the Buddha)
133478	yathāuddhata	အကြင် အကြင် အထက်သို့ဆောင်-မြှောက်ချီ-ကြွစေ-မ-အပ်သော။	que no ha sido llevado hacia arriba / alzado / elevado (en cada caso).	not carried upward / lifted / raised (in each case).	the negation မ- inside the chain looks stray (uddhata = raised); rendered as printed
133486	yathāovāda	အဆုံးအမအားလျော်စွာ၊ အဆုံးအတိုင်း။	conforme a la instrucción; según la instrucción.	in accordance with the instruction; according to the instruction.	အဆုံးအတိုင်း read as အဆုံးအမအတိုင်း
133491	yathākathaṁpana	(၁) အဘယ် သို့သောအပြားအားဖြင့်။ (၂) အဘယ်သို့သောအခြင်းအရာအားဖြင့်။ (၃) အဘယ်သို့သော အကြောင်းဖြင့်။ (၄) အဘယ်သို့သော အကြောင်းကြောင့်။ မူရင်းကြည့်ပါ။	(1) ¿por qué clase de variedad? (2) ¿de qué modo? (3) ¿por qué clase de medio? (4) ¿a causa de qué? Véase el original.	(1) by what kind of variety? (2) in what manner? (3) by what kind of means? (4) because of what? See the original.	'see the original' rendered literally
133492	yathākathaṁviya	(၁) အကြင်အကြင်ဆိုအပ်ခဲ့ပြီးသော အစီအရင်သည် အဘယ်ကဲ့သို့နည်း။ (၂) အကြင်အပြားသည် အဘယ်ကဲ့သို့နည်း။ မူရင်းကြည့်ပါ။	(1) ¿cómo es el procedimiento que se ha dicho en cada caso? (2) ¿cómo es tal variedad? Véase el original.	(1) what is the procedure stated in each case like? (2) what is such a variety like? See the original.	'see the original' rendered literally
133493	yathākathañca	အဘယ်သို့-အဘယ်ပုံ-ဘယ်လို-ဘယ်ပုံ-ဘယ်နည်း-အားဖြင့်။	de qué modo / de qué manera / cómo / de qué forma / por qué medio.	in what way / in what manner / how / in what form / by what method.	the chain doubles formal (အဘယ်သို့, အဘယ်ပုံ) and colloquial (ဘယ်လို, ဘယ်ပုံ, ဘယ်နည်း) forms
133498	yathākamma	(၁) ကံအားလျော်စွာ၊ ကံအလျောက်၊ ကံအတိုင်း။ (၂) အကြင် အကြာင် (ကုသိုလ်-အကုသိုလ်-ကာယ-ဝစီမနော)ကံ။	(1) conforme al *kamma*; según el *kamma*; de acuerdo con el *kamma*. (2) el *kamma* (sano / insano / *kāya* / *vacī*, *mano*) de cada cual.	(1) in accordance with *kamma*; according to *kamma*; in keeping with *kamma*. (2) each one's *kamma* (wholesome / unwholesome / *kāya* / *vacī*, *mano*).	အကြာင် read as အကြင်
133499	yathākammupaga	(၁) အကြင် အကြင် (ဆည်းပူးအပ်သော) ကံကြောင့် (ဘုံဘဝသို့) ရောက်သော (သတ္တဝါ)။ ကုသိုလ် အကုသိုလ် (ကံ) အားလျော်စွာ ဘုံဘဝသို့ ကပ်ရောက်သော (သတ္တဝါ) (ဝိ၊ ဝ။ သျှ)။ (၂) အကြင်အကြင်ကံ (အကျိုးဝိပါတ်ကို ဖြစ်စေတတ်သော စေတနာ) ကို သိတတ်သော ဉာဏ်။ ယထာကမ္မူပဂဉာဏ်။ မူရင်းကြည့်ပါ။	(1) (el ser) que llega (a un plano de existencia (*bhūmi*, *bhava*)) a causa del *kamma* (acumulado) de cada cual. (el ser) que llega a un plano de existencia (*bhūmi*, *bhava*) conforme al (*kamma*) sano o insano. (2) el conocimiento que conoce el *kamma* de cada cual (la *cetanā* que produce el resultado / *vipāka*). *yathākammūpagañāṇa*. Véase el original.	(1) (the being) that reaches (a plane of existence (*bhūmi*, *bhava*)) because of each one's (accumulated) *kamma*. (the being) that arrives at a plane of existence (*bhūmi*, *bhava*) in accordance with wholesome or unwholesome (*kamma*). (2) the knowledge that knows each one's *kamma* (the *cetanā* that produces the result / *vipāka*). *yathākammūpagañāṇa*. See the original.	source tag (ဝိ၊ ဝ။ သျှ) dropped; 'see the original' rendered literally
133500	yathākammūpaga	(၁) အကြင် အကြင် (ဆည်းပူးအပ်သော) ကံကြောင့် (ဘုံဘဝသို့) ရောက်သော (သတ္တဝါ)။ ကုသိုလ် အကုသိုလ် (ကံ) အားလျော်စွာ ဘုံဘဝသို့ ကပ်ရောက်သော (သတ္တဝါ) (ဝိ၊ ဝ။ သျှ)။ (၂) အကြင်အကြင်ကံ (အကျိုးဝိပါတ်ကို ဖြစ်စေတတ်သော စေတနာ) ကို သိတတ်သော ဉာဏ်။ ယထာကမ္မူပဂဉာဏ်။ မူရင်းကြည့်ပါ။	(1) (el ser) que llega (a un plano de existencia (*bhūmi*, *bhava*)) a causa del *kamma* (acumulado) de cada cual. (el ser) que llega a un plano de existencia (*bhūmi*, *bhava*) conforme al (*kamma*) sano o insano. (2) el conocimiento que conoce el *kamma* de cada cual (la *cetanā* que produce el resultado / *vipāka*). *yathākammūpagañāṇa*. Véase el original.	(1) (the being) that reaches (a plane of existence (*bhūmi*, *bhava*)) because of each one's (accumulated) *kamma*. (the being) that arrives at a plane of existence (*bhūmi*, *bhava*) in accordance with wholesome or unwholesome (*kamma*). (2) the knowledge that knows each one's *kamma* (the *cetanā* that produces the result / *vipāka*). *yathākammūpagañāṇa*. See the original.	source tag (ဝိ၊ ဝ။ သျှ) dropped; 'see the original' rendered literally
133502	yathākammūpagañāṇa	ယထာကမ္မူပဂဉာဏ်၊ အကြင် အကြင် (ဆည်းပူးအပ်သော) ကံကြောင့် (ဘုံဘဝသို့) ရောက်သော သတ္တဝါတို့ကို သိသောဉာဏ်။ မူရင်းကြည့်ပါ။	*yathākammūpagañāṇa*; el conocimiento que conoce a los seres que llegan (a un plano de existencia (*bhūmi*, *bhava*)) a causa del *kamma* (acumulado) de cada cual. Véase el original.	*yathākammūpagañāṇa*; the knowledge that knows beings that reach (a plane of existence (*bhūmi*, *bhava*)) because of each one's (accumulated) *kamma*. See the original.	'see the original' rendered literally
133503	yathākammūpagañāṇacatuttha	ယထာကမ္မူပဂဉာဏ်နှင့်ယှဉ်သော စတုတ္ထဈာန် ယထာကမ္မူပဂဉာဏ်နှင့် ယှဉ်သော စတုတ္ထဈာန်။	el cuarto *jhāna* asociado con el *yathākammūpagañāṇa*; el cuarto *jhāna* asociado con el *yathākammūpagañāṇa*.	the fourth *jhāna* associated with *yathākammūpagañāṇa*; the fourth *jhāna* associated with *yathākammūpagañāṇa*.	the definition is printed twice; duplication kept
133504	yathākammūpagata	(န)(၁) အကြင်အကြင်ကံ (အကျိုးဝိပါတ်ကိုဖြစ်စေတတ်သော စေတနာ) ကို သိတတ်သော ဉာဏ်။ (ပု) (၂) (က) အကြင်အကြင်ကံကြောင့် ဘုံဘဝသို့ရောက်သော သတ္တဝါ။ (ခ) ကုသိုလ် အကုသိုလ် (ကံ) အားလျော်စွာ ဘုံဘဝသို့ရောက်သော သတ္တဝါ။ (န)	(neutro) (1) el conocimiento que conoce el *kamma* de cada cual (la *cetanā* que produce el resultado / *vipāka*). (masculino) (2) (a) el ser que llega a un plano de existencia (*bhūmi*, *bhava*) a causa del *kamma* de cada cual. (b) el ser que llega a un plano de existencia (*bhūmi*, *bhava*) conforme al (*kamma*) sano o insano. (neutro)	(neuter) (1) the knowledge that knows each one's *kamma* (the *cetanā* that produces the result / *vipāka*). (masculine) (2) (a) the being that reaches a plane of existence (*bhūmi*, *bhava*) because of each one's *kamma*. (b) the being that reaches a plane of existence (*bhūmi*, *bhava*) in accordance with wholesome or unwholesome (*kamma*). (neuter)	a stray label (န) ends the definition; it may begin a sense lost in the print
133505	yathākammūpagata	(က) အကြင်အကြင်ကံကြောင့် ဘုံဘဝသို့ ရောက်သော သတ္တဝါကို သိတတ်သောဉာဏ်။ (ခ) ကုသိုလ်အကုသိုလ် (က) အားလျော်စွာ ဘုံဘဝသို့ကပ်ရောက်သော သတ္တဝါကို သိတတ်သောဉာဏ်။ ယထာကမ္မူပဂတံဉာဏံဒိဗ္ဗစက္ခုန္တိ၊ အာမန္တာ။ အဘိ၊ က။ ၁၉၃။	(a) el conocimiento que conoce al ser que llega a un plano de existencia (*bhūmi*, *bhava*) a causa del *kamma* de cada cual. (b) el conocimiento que conoce al ser que llega a un plano de existencia (*bhūmi*, *bhava*) conforme al (*kamma*) sano o insano. *yathākammūpagataṁñāṇaṁdibbacakkhunti. āmantā*.	(a) the knowledge that knows the being that reaches a plane of existence (*bhūmi*, *bhava*) because of each one's *kamma*. (b) the knowledge that knows the being that arrives at a plane of existence (*bhūmi*, *bhava*) in accordance with wholesome or unwholesome (*kamma*). *yathākammūpagataṁñāṇaṁdibbacakkhunti. āmantā*.	(က) in (b) read as (ကံ); citation dropped
133527	yathākkama	ယထာ+ကမ။ ပဒတ္တာနုတိက္က မေ ကမေ အနတက္ကမ္ပ ပဝတ္တန ယထာက္ကမ။ နတ၊ သုတ္တ။ နှာ။ ၉။ ကမာနုရူပံ ကမံ အနတိက္က မေတိ ဗျာကရဏံ။ ဂပ္ပဒ္ဒုမ ယထာကြမသံ။ ဇဟက္ကမ-ပြာ။ ] (၁) (က အစဉ် ချူ ရှီ] ဟု၍ အားလျော်စွာ၊ အစဉ်အတိုင်း။ (ခ အကြင် အကြင်ဘစဉ်၊ (၈) အစဉ်ကို မလွန်မူ၍။ (၂) အစဉ်။ (၁) (က) (ခ) (၇) ဧတာနိ ဟိ တီဏိ ပိဋလာနိ ယထာက္ကမံ အာဏာ ဝေါဟာရပရမတ္ထဒေသနာ, ယထာပရာဓ ယထာန္နလောမ ယထာဓမ္မသာသနာနိ သံဝရာ. သံဝရဒ်၌ဝိနိဝေဌန န-မရူပပရိစ္ဆေဒဘထာတိ စ ဝုစ္စန္တိ။ ဝိဋ္ဌ။ ၁။ ၁၃။ ဒီ၊ဋ္ဌ၊ ၁။ ၁၉။ အဘိ၊ဋ္ဌ၊ ၁။ ၂၂။ ဣမာ တာသံ ယထာက္ကမံ။ ပဋိသံ၊ဋ္ဌ၊ ၂၃၂၂။ ယထာက္ကမန္တ ယေန ကမေန ယာယ ပဋိပါဋိယာ တာ ဥဒီရိတာ။ ဣမာ တာသံ ပဋိပါဠီတိ အတ္ထော။ ပဋိသံ၊ဂဏ္ဌိ။ ၃၉၆။ ယထာက္ကမ (သင်္ဂဟ။ ၂၄) န္တိ ဝိဘက္ကာဒိ ဆပကိဏ္ဏကဝဇ္ဇီဝ-တံသဟိတကမာနုရူပတော။ ဝိဘာဝိနီ။ ၁၄။ ဒ ့]=] ့၏] ၂။ ယထ ာက္ကမ (ဝိဘာဝိနီ။ ) နိဣဋ္ဌ ဣဋ္ဌမဇ္ဈတ္တာရမ္မဏာနံ ကမာနုရူပတော၊ ကဒံ ဝါ အနတိဣမ္မာတိ အတ္ထာ။ မအိမဉ္ဇူ၊၁။ ၂၂၂။ ယထာဣမံ(သင်္ဂဟ။ ၄၆။ )သမထဝိပဿနာနုက္ကဒေန ပဝက္ခာဓိ။ ဝိဘာဝိနံ။ ၂၅၆။ ဧတေန ယောယော ကမော ယထာကမ၊ တေနာတိ အဘုံ ဒဿေတိ။ ကမဿ အနုရူပံ ကမံ ဝါ အနတိက္ခမော ယထာကဣမ န္နိ အတ္တောဝိ ယဒတိ။ က နေရ၍။ [ မဏိမဉ္ဇူ၊၂။ ၄၇၄။ (၂) ဧတေန...ကမော ဧဝ ဝါ ယထာက္ကမံ ယထာ သဒ္ဒဿ နိပါတမတ္တတ္တာ၊ တေနာတိ ဒဿေတိ။ မဏိမဉှူ၊ ၂၃၇၄။ ယထာဂဘ” (န) [ယယာ+-ဂတ။ ယထာဂဘသံ။ ] (၁) ဖြစ်မြဲ-ရှိ-တိုင်း၊ အလို ရတိုင်း။ (၂) သွားမြဲ-စီးမြ- တိုင်း။ (၁) ဟတ္ထိဒန္တော ဝါ ယံ ကိဉ္စိ ဝိသာဏံ ဝါ ဃတစ္ဆိတံ ယထာဂတမေဝ ဘာဇနီယံ။ ကင်္ခါ။ ၂၆၄။ (၂) ယထာဂတိက-ကြည့်း	[*yathā* + *kama*. *padattānutikka me kame anatakkampa pavattana yathākkama*. *kamānurūpaṁ kamaṁ anatikka meti byākaraṇaṁ*. En sánscrito *yathākrama*. En prácrito *jahakkama*.] (1) (a) … conforme a, según el orden. (b) en el orden de cada cual; … sin exceder el orden. (2) el orden. *etāni hi tīṇi piṭalāni yathākkamaṁ āṇā vohāraparamatthadesanā, yathāparādha yathānnaloma yathādhammasāsanāni saṁvarā. saṁvarad၌viniveṭhana na-marūpaparicchedabhathāti ca vuccanti*. *imā tāsaṁ yathākkamaṁ*. *yathākkamanta yena kamena yāya paṭipāṭiyā tā udīritā*. *imā tāsaṁ paṭipāl̤īti attho*. *yathākkama* … *nti vibhakkādi chapakiṇṇakavajjīva-taṁsahitakamānurūpato*. … *niiṭṭha iṭṭhamajjhattārammaṇānaṁ kamānurūpato. kadaṁ vā anatiimmāti atthā*. *yathāimaṁ* … *samathavipassanānukkadena pavakkhādhi*. *etena yoyo kamo yathākama. tenāti abhuṁ dasseti*. *kamassa anurūpaṁ kamaṁ vā anatikkhamo yathākaïma nni attovi yadati*. … (2) *etena...kamo eva vā yathākkamaṁ yathā saddassa nipātamattattā. tenāti dasseti*. *yathāgabha* (neutro) [*yayā* + *gata*. En sánscrito *yathāgabha*.] (1) según suele ocurrir / existir; según se desee. (2) según suele ir / fluir. (1) *hatthidanto vā yaṁ kiñci visāṇaṁ vā ghatacchitaṁ yathāgatameva bhājanīyaṁ*. (2) Véase [[yathāgatika]].	[*yathā* + *kama*. *padattānutikka me kame anatakkampa pavattana yathākkama*. *kamānurūpaṁ kamaṁ anatikka meti byākaraṇaṁ*. Sanskrit *yathākrama*. Prakrit *jahakkama*.] (1) (a) … in accordance with, according to the order. (b) in the order of each; … not exceeding the order. (2) order. *etāni hi tīṇi piṭalāni yathākkamaṁ āṇā vohāraparamatthadesanā, yathāparādha yathānnaloma yathādhammasāsanāni saṁvarā. saṁvarad၌viniveṭhana na-marūpaparicchedabhathāti ca vuccanti*. *imā tāsaṁ yathākkamaṁ*. *yathākkamanta yena kamena yāya paṭipāṭiyā tā udīritā*. *imā tāsaṁ paṭipāl̤īti attho*. *yathākkama* … *nti vibhakkādi chapakiṇṇakavajjīva-taṁsahitakamānurūpato*. … *niiṭṭha iṭṭhamajjhattārammaṇānaṁ kamānurūpato. kadaṁ vā anatiimmāti atthā*. *yathāimaṁ* … *samathavipassanānukkadena pavakkhādhi*. *etena yoyo kamo yathākama. tenāti abhuṁ dasseti*. *kamassa anurūpaṁ kamaṁ vā anatikkhamo yathākaïma nni attovi yadati*. … (2) *etena...kamo eva vā yathākkamaṁ yathā saddassa nipātamattattā. tenāti dasseti*. *yathāgabha* (neuter) [*yayā* + *gata*. Sanskrit *yathāgabha*.] (1) as it usually occurs / exists; as one wishes. (2) as it usually goes / flows. (1) *hatthidanto vā yaṁ kiñci visāṇaṁ vā ghatacchitaṁ yathāgatameva bhājanīyaṁ*. (2) See [[yathāgatika]].	heavily garbled OCR, and the text runs on into the next headword (yathāgata, from ယထာဂဘ” (န)): unreadable fragments (… ချူ ရှီ], ဒ ့]=] ့၏] ၂။, က နေရ၍ and stray sense numbers) omitted as …; citations dropped; the Pāḷi quotations are garbled and copied as printed; the closing 'see ယထာဂတိက' left in the Burmese. Needs checking against the scan
133532	yathāgatamagga	(က) ရှေးအဖို့၌ ကျင့်အပ်သောမဂ်၊ရှုေအဖို့၌ ကျင့်အပ်သော မဂ်အားလျော်သော လောကုတ္တရာမဂ်။ (ခ) ရှေးအဖို့၌ ဖြစ်သော မဂ်အားလျော်စွာ ဖြစ်တတ်သော မဂ်၊။	(a) el *magga* practicado en la fase previa; el *magga* supramundano (*lokuttara*) conforme al *magga* practicado en la fase previa. (b) el *magga* que suele surgir conforme al *magga* surgido en la fase previa.	(a) the *magga* practised in the preliminary stage; the supramundane (*lokuttara*) *magga* in accordance with the *magga* practised in the preliminary stage. (b) the *magga* that tends to arise in accordance with the *magga* arisen in the preliminary stage.	ရှုေ read as ရှေး; ရှေးအဖို့ rendered 'fase previa / preliminary stage' (pubbabhāga)
133542	yathāgahitasaññā	အကြင်အကြင် -ယူအပ်-မှည့်ခော်အပ်-ပြီးသော အမည်သညာ။	la denominación tal como se ha tomado / se ha dado por nombre.	the name just as taken / as given in naming.	မှည့်ခော် read as မှည့်ခေါ် 'to name'
133547	yathāgocara	အကြင်အကြင်သို့ ကျက်စားရာရှိသော၊ အမှတ်မရှိ တစ်စုံတစ်ခုသော ကျက်စားရာရှိသော။ ဟူးဟူးငြားငြားကျက်စားရာရှိသော၊ သူ။	que tiene un lugar que frecuenta, de cualquier clase; que tiene un lugar que frecuenta indistinto, uno cualquiera. que tiene un lugar que frecuenta, sea cual sea (dicho de una persona).	having a haunt of whatever kind; having an unspecified haunt, some one or other. having a haunt, whatever it may be (said of a person).	ဟူးဟူးငြားငြား read as ဟုတ်ဟုတ်ညားညား, rendered 'whatever it may be' (tentative)
133548	yathāgotta	အကြင်အကြင်သို့သော အမျိုး အနွယ်ရှိသော၊ အမှတ်မရှိ တစ်စုံတစ်ခုသော အမျိုးအနွယ်ရှိသော၊ ဟူးဟူးငြားငြားသော အနွယ် ရှိသော၊ သူ။	que tiene familia y linaje de cualquier clase; que tiene familia y linaje indistintos, uno cualquiera; que tiene un linaje, sea cual sea (dicho de una persona).	having family and lineage of whatever kind; having an unspecified family and lineage, some one or other; having a lineage, whatever it may be (said of a person).	ဟူးဟူးငြားငြား read as ဟုတ်ဟုတ်ညားညား, rendered 'whatever it may be' (tentative)
133550	yathācaranta	အကြင် (သဒ္ဓါအစရှိသောတရား) ဖြင့် -ကျင့်-ဖြစ်-လေ့-လေ့ရှိသော၊ သူ။	que suele / acostumbra practicar / conducirse con cualquier (estado que comienza por la *saddhā*) (dicho de una persona).	apt / in the habit of practising / conducting oneself with whatever (state, beginning with *saddhā*) (said of a person).	ဖြစ် rendered 'conduct oneself' (lit. 'be, become')
133553	yathācitta	(၁) အကြင်အခြင်းအရာအားဖြင့် ဖြစ်စေသော စိတ်ရှိသော။ (န) (၂) စိတ်အားလျော်စွာ။	(1) que tiene una mente que hace surgir (algo) de cualquier modo. (neutro) (2) de conformidad con la mente.	(1) having a mind that brings (something) about in whatever manner. (neuter) (2) in accordance with the mind.	sense (1) literal; its intent unclear
133554	yathācintita	(န) (၁) ကြံစည်အပ်သည် အားလျော် စွာ။ ကြံစည်တိုင်း။ (၂) အင်အကြင် ကြံစည်အပ်သော။ ကြံစည်အပ်တိုင်း-ကြံစည်သမျှ-သော။	(neutro) (1) de conformidad con lo pensado. según se piensa. (2) tal como se ha pensado. según se ha pensado / todo cuanto se piensa.	(neuter) (1) in accordance with what is thought. as one thinks. (2) just as thought. as thought / all that one thinks.	အင်အကြင် read as အကြင်အကြင် (misprint)
133555	yathājacca	အမှတ်မရှိ -တစ်စုံတစ်ခု-သောအမျိုးဇာတ်ရှိသော၊ ဟုတ်ဟုတ်ညားညားသော အမျိုးဇာတ်ရှိသော၊ သူ။	que tiene una casta indistinta / una cualquiera; que tiene una casta, sea cual sea (dicho de una persona).	having an unspecified caste / some caste or other; having a caste, whatever it may be (said of a person).	ဟုတ်ဟုတ်ညားညား rendered 'whatever it may be' (tentative)
133565	yathāṭhāna	(၁) အကြင်အကြင်-တည်ရာ-အရပ်-ဌာန။ (က) ခင်မြဲတိုင်းနေရာ။ (ခ) ထားမြဲတိုင်းနေရာ။ (ဂ) တည်-ရပ်-မြဲတိုင်းနေရာ။ (ဃ) နေမြဲတိုင်းနေရာ။ (င) ထိုင်မြဲတိုင်းနေရာ။ (၂) တည်ရာ-အရပ်-ဌာန-အားလျော်စွာ။	(1) el sitio donde está / la región / el lugar, cualquiera que sea. (a) el sitio donde siempre se extiende (la estera). (b) el sitio donde siempre se pone. (c) el sitio donde siempre se está / se detiene / permanece. (d) el sitio donde siempre se mora. (e) el sitio donde siempre se sienta. (2) de conformidad con el sitio donde está / la región / el lugar.	(1) the place where it stands / the region / the site, whichever it be. (a) the place where (the mat) is always spread. (b) the place where it is always put. (c) the place where one always stands / stops / stays. (d) the place where one always dwells. (e) the place where one always sits. (2) in accordance with the place where it stands / the region / the site.	ခင်မြဲ read as ခင်းမြဲ 'always spread' (misprint?)
133576	yathātathā	(၁) ဟုတ်ဟုတ်ညားညား-အမှတ်မရှိ-တစ်စုံတစ်ခု-သော-အခြင်းအရာ-အကြောင်း ဥပါယ်နည်းလမ်း-အားဖြင့်။ (၂) သင့်လျော်-လျောက်ပတ်-သော-အခြင်းအရာ-နည်းလမ်း-အားဖြင့်။ (၃) အမှန်အားဖြင့်။	(1) mediante un modo / una causa, recurso o método sea cual sea / indistinto / uno cualquiera. (2) mediante un modo / método apropiado / conveniente. (3) en verdad.	(1) by a manner / cause, means or method, whatever it may be / unspecified / some one or other. (2) by a fitting / suitable manner / method. (3) in truth.	ဟုတ်ဟုတ်ညားညား rendered 'whatever it may be' (tentative)
133586	yathādiṭṭhi	(၁) အကြင်အကြင် မိစ္ဆာအယူအား-လျော်-လျှောက်ပတ်-စွာ။ (၂) အယူအား-လျော်-လျှောက်ပတ်-သော။ (၄) အကြင် အကြင် မိစ္ဆာ အယူဝါဒ။ (၅) သင့်လျော်-လျှောက်ပတ်-သော-အယူ-အယူဝါဒ။	(1) de conformidad / de manera apropiada con cualquier opinión errónea. (2) conforme / apropiado a la opinión. (4) cualquier doctrina de opinión errónea. (5) la opinión / la doctrina apropiada / conveniente.	(1) in accordance / fittingly with whatever wrong view. (2) in conformity / fitting with the view. (4) whatever wrong-view doctrine. (5) a suitable / fitting view / doctrine.	sense numbers run (1) (2) (4) (5): no (3) in the print
133587	yathādiṭṭhi	(၁) ဖြစ်စေအပ်သော-လုံ့လ-ဝီရိယ-အား-သင့်လျော်-လျှောက်ပတ်-ကောင်းမြတ်-သော-အယူ-ဉာဏ်အမြင်-ရှိသော၊ သူ။ (၂) ဖြစ်စေအပ် ပြီးသော အပြားရှိသော-အယူ-ဉာဏ်အမြင်-ရှိသော၊ သူ။ (၃) ဖြစ်စေအပ်သော လုံ့လဝီရိယအား - သင့်လျော်-လျှောက်ပတ်-သော-အယူ-ဉာဏ်အမြင်-အားလျော်စွာဖြစ်သော-အမူအယာ - ကြိယာ-ရှိသော၊ သူ။	(1) que tiene una opinión / una visión de conocimiento apropiada / conveniente / excelente conforme al esfuerzo / *vīriya* que se ha hecho surgir (dicho de una persona). (2) que tiene una opinión / una visión de conocimiento que tiene las variedades que se han hecho surgir (dicho de una persona). (3) que tiene una conducta / *kriyā* que surge de conformidad con la opinión / la visión de conocimiento apropiada / conveniente al esfuerzo / *vīriya* que se ha hecho surgir (dicho de una persona).	(1) having a view / a vision of knowledge that is suitable / fitting / excellent in conformity with the effort / *vīriya* that has been aroused (said of a person). (2) having a view / a vision of knowledge that has the varieties that have been produced (said of a person). (3) having a demeanour / *kriyā* arising in accordance with the view / the vision of knowledge suitable / fitting to the effort / *vīriya* that has been aroused (said of a person).	obscure definitions rendered literally; ⟦ကြိယာ⟧ here = action / conduct, not 'verb'
133592	yathādhamma	(၁) (က) တရားတော်-ဝိနည်းတရား တော်-အား-လျော်-လျှောက်ပတ်-စွာ၊ တရားတော်-ဝိနည်းတရားတော်-အတိုင်း-နှင့်အညီ။ (ခ) သဘောအား-လျော်-လျောက်ပတ်-စွာ။ (ဂ) တရားသဘောအား-လျော်-လျောက်ပတ်-စွာ။ (၂)  (သိက္ခပုဒ်) ပါဠိတော်-ဘုရားစကားတော်-အား-လျော်-လျောက်ပတ်-စွာ၊ (သိက္ခာပုဒ်) ပါဠိတော်-ဘုရားစကားတော်-အတိုင်း-နှင့်အညီ။ (၃) ဓမ္မ,ဝိနယအား-လျော်-လျောက်ပတ်-စွာ၊ ဓမ္မ,ဝိနယအား- လျော်-လျောက်ပတ်စွာ၊ ဓမ္မဝိနယအတိုင်း၊ ဓမ္မဝိနယနှင့်အညီ။ (၄) အကြင်အကြင် (အဝိဇ္ဇာစသော) အကြောင်းတရား (သင်္ခါရစသော) အကျိုးတရား။ (၅) အကြောင်းတရား အကျိုးတရားအားလျော်စွာ။ (၆) ဟုတ်မှန်သော-သဘော-ဝတ္ထု။ မူရင်းကြည့်ပါ။	(1) (a) de conformidad / de manera apropiada con la Enseñanza / la Enseñanza del *vinaya*; según / en consonancia con la Enseñanza / la Enseñanza del *vinaya*. (b) de conformidad / de manera apropiada con la naturaleza. (c) de conformidad / de manera apropiada con la naturaleza de los fenómenos. (2) (la *sikkhāpada*) de conformidad / de manera apropiada con el texto pāḷi / la palabra del Buddha; (la *sikkhāpada*) según / en consonancia con el texto pāḷi / la palabra del Buddha. (3) de conformidad / de manera apropiada con *dhamma* y *vinaya*; de conformidad / de manera apropiada con *dhamma* y *vinaya*; según el *dhammavinaya*; en consonancia con el *dhammavinaya*. (4) cualesquiera estados causa (que comienzan por la *avijjā*) y estados resultado (que comienzan por los *saṅkhāra*). (5) de conformidad con los estados causa y los estados resultado. (6) la naturaleza / la cosa verdadera. Véase el original.	(1) (a) in accordance / fittingly with the Teaching / the Teaching of the *vinaya*; according to / in keeping with the Teaching / the Teaching of the *vinaya*. (b) in accordance / fittingly with nature. (c) in accordance / fittingly with the nature of phenomena. (2) (the *sikkhāpada*) in accordance / fittingly with the Pāḷi text / the word of the Buddha; (the *sikkhāpada*) according to / in keeping with the Pāḷi text / the word of the Buddha. (3) in accordance / fittingly with *dhamma* and *vinaya*; in accordance / fittingly with *dhamma* and *vinaya*; according to the *dhammavinaya*; in keeping with the *dhammavinaya*. (4) whatever causal states (beginning with *avijjā*) and resultant states (beginning with *saṅkhāra*). (5) in accordance with causal states and resultant states. (6) true nature / thing. See the original.	'see the original' rendered literally; sense (3) repeats a phrase as printed; 'y' / 'and' added between cause and result states in (4)
133596	yathādhammapaṭikārappatti	သုတ္တာန်အဘိဓမ္မာနှင့် ဝိနည်း တရားတော်အားလျော်စွာ ကုစားခြင်းသို့ ရောက်ခြင်း။	el llegar a la reparación de conformidad con la Enseñanza del *suttanta*, del *abhidhamma* y del *vinaya*.	the arriving at redress in accordance with the Teaching of the *suttanta*, the *abhidhamma* and the *vinaya*.	ကုစား rendered 'redress / reparación' (lit. remedy, cure)
133599	yathādhammavihārī	(၁) အကြင်သို့သဘောရှိသော တရားဖြင့် နေလေ့ရှိသော၊ သူ။ (၂) အကြင်သို့သဘောရှိသော သီလအစရှိသော တရားနှင့်ပြည့်စုံသည်ဖြစ် ၍ (ဒိဗ္ဗဝိဟာရ အစရှိသည်တို့၌မပြတ်) နေလေ့ရှိသော၊ သူ။ မူရင်းကြည့်ပါ။	(1) que suele morar con estados de tal o cual naturaleza (dicho de una persona). (2) que, dotado de estados de tal o cual naturaleza que comienzan por la *sīla*, suele morar (sin interrupción en el *dibbavihāra* y demás) (dicho de una persona). Véase el original.	(1) apt to dwell with states of such and such a nature (said of a person). (2) apt to dwell (without interruption in the *dibbavihāra* and so on), being endowed with states of such and such a nature beginning with *sīla* (said of a person). See the original.	'see the original' rendered literally
133600	yathādhammasaṁvaṇṇanā	တရားအားလျော်စွာ ဆုံးမရာဖြစ်သော အဘိဓမ္မာ- ပိဋကတ်။ (သာသနာတော်သည်- (၁) ယထာပရာဓသာသနာ=အပြစ်အားလျော် စွာ ဆုံးမရာဝိနည်းပိဋက၊ (၂) ယထာနုလောမသာသနာ=သတ္တဝါတို့၏ အလိုဆန္ဒနှလုံးသွင်း အားလျော်စွာ ဆုံးမရာ သုတ္တန်ပိဋက၊ (၃) ယထာဓမ္မသာသနာ=ပရမတ္ထတရားအားလျော်စွာ ဆုံးမရာ အဘိဓမ္မာပိဋကဟူ၍ သုံးရပ်ရှိ၏)။	el *abhidhammapiṭaka*, en el que se instruye de conformidad con los fenómenos. (La *sāsana* es de tres clases: (1) *yathāparādhasāsanā* = el *vinayapiṭaka*, en el que se instruye de conformidad con la falta; (2) *yathānulomasāsanā* = el *suttantapiṭaka*, en el que se instruye de conformidad con el deseo, la voluntad y la disposición de los seres; (3) *yathādhammasāsanā* = el *abhidhammapiṭaka*, en el que se instruye de conformidad con los estados *paramattha*.)	the *abhidhammapiṭaka*, in which one is instructed in accordance with phenomena. (The *sāsana* is of three kinds: (1) *yathāparādhasāsanā* = the *vinayapiṭaka*, in which one is instructed in accordance with the offence; (2) *yathānulomasāsanā* = the *suttantapiṭaka*, in which one is instructed in accordance with the wishes, desire and inclination of beings; (3) *yathādhammasāsanā* = the *abhidhammapiṭaka*, in which one is instructed in accordance with *paramattha* states.)	အဘိဓမ္မာ-ပိဋကတ် taken as one compound, not alternatives
133601	yathādhammasāsana	ယထာဓမ္မသာသနာ၊ ပရမတ္ထတရားအားလျော်စွာ ဆုံးမရာဖြစ်သော အဘိဓမ္မာ-ပိဋကတ်။ (သာသနာတော်သည် - (၁) ယထာပရာဓသာသနာ= အပြစ်အားလျော်စွာ ဆုံးမရာဝိနည်ပိဋက၊ (၂) ယထာနုလောမ သာသနာ= သတ္တဝါတို့၏  အလိုဆန္ဒနှလုံးသွင်းအားလျော်စွာ ဆုံးမရာ သုတ္တန်ပိဋက၊ (၃) ယထာဓမ္မသာသနာ =ပရမတ္ထ တရားအားလျော်စွာ ဆုံးမရာအဘိဓမ္မာပိဋကဟူ၍ သုံးရပ်ရှိ၏)။	*yathādhammasāsanā*; el *abhidhammapiṭaka*, en el que se instruye de conformidad con los estados *paramattha*. (La *sāsana* es de tres clases: (1) *yathāparādhasāsanā* = el *vinayapiṭaka*, en el que se instruye de conformidad con la falta; (2) *yathānulomasāsanā* = el *suttantapiṭaka*, en el que se instruye de conformidad con el deseo, la voluntad y la disposición de los seres; (3) *yathādhammasāsanā* = el *abhidhammapiṭaka*, en el que se instruye de conformidad con los estados *paramattha*.)	*yathādhammasāsanā*; the *abhidhammapiṭaka*, in which one is instructed in accordance with *paramattha* states. (The *sāsana* is of three kinds: (1) *yathāparādhasāsanā* = the *vinayapiṭaka*, in which one is instructed in accordance with the offence; (2) *yathānulomasāsanā* = the *suttantapiṭaka*, in which one is instructed in accordance with the wishes, desire and inclination of beings; (3) *yathādhammasāsanā* = the *abhidhammapiṭaka*, in which one is instructed in accordance with *paramattha* states.)	ဝိနည်ပိဋက read as ဝိနည်းပိဋက (misprint); အဘိဓမ္မာ-ပိဋကတ် taken as one compound
133603	yathādhikāra	(၁) အရာအားလျော်စွာ (၂) လွန်လွန်ကဲကဲ-ထူးထူးခြားခြား-ပြုလုပ်ခြင်း- (ဆုတောင်း-)အားလျော်စွာ။ မူရင်းကြည့်ပါ။	(1) de conformidad con el asunto. (2) de conformidad con el obrar sobremanera / de modo extraordinario / (la aspiración). Véase el original.	(1) in accordance with the matter. (2) in accordance with the acting exceedingly / in an extraordinary way / (the aspiration). See the original.	'see the original' rendered literally; sense (2) unclear
133605	yathādhigatadhamma	အကြင် အကြင်-ရအပ်-သိအပ်-ပြီးသောတရား။	el estado tal como se ha obtenido / conocido.	the state just as obtained / known.	တရား: 'state' or 'the Teaching'
133608	yathādhigatasaccadhammālambanī	အကြင်အကြင်-ရအပ်- သိအပ်-သော သစ္စာတရား-ကို အာရုံပြု-လျှင် မှီရာရှိ-သော။	que tiene como apoyo el tomar como objeto el estado *saccā* tal como se ha obtenido / conocido.	having as its support the taking as object of the *saccā* state just as obtained / known.	hyphen before လျှင် read as a joined phrase; structure uncertain
133609	yathādhigatasaccadhammālambinī	အကြင်အကြင်-ရအပ်- သိအပ်-သော သစ္စာတရား-ကို အာရုံပြု-လျှင် မှီရာရှိ-သော။	que tiene como apoyo el tomar como objeto el estado *saccā* tal como se ha obtenido / conocido.	having as its support the taking as object of the *saccā* state just as obtained / known.	hyphen before လျှင် read as a joined phrase; structure uncertain
133611	yathādhippāya	(၁) အလို-ဆန္ဒ-အားလျော်သော။ (န) (၂) အလို-ဆန္ဒ-အားလျော်စွာ၊ အလို-ဆန္ဒအတိုင်း။ (ပု) (၃) -အလို-ဆန္ဒ။ မူရင်းကြည့်ပါ။	(1) conforme al deseo / *chanda*. (neutro) (2) de conformidad con el deseo / *chanda*; según el deseo / *chanda*. (masculino) (3) el deseo / *chanda*. Véase el original.	(1) in conformity with one's wish / *chanda*. (neuter) (2) in accordance with one's wish / *chanda*; according to one's wish / *chanda*. (masculine) (3) wish / *chanda*. See the original.	'see the original' rendered literally
133612	yathādhippeta	(၁) အကြင်အကြင် အလိုရှိအပ်သော၊ အလိုရှိတိုင်းသော။ (၂) အကြင်အလိုရှိအပ်သော။ (၃) အလိုရှိအပ်သည်၏ အဖြစ်တည်းဟူသော အပြားရှိသော။ (န) (၄) အလိုဆန္ဒ-အားလျော်စွာ။ မူရင်းကြည့်ပါ။	(1) tal como se ha deseado; según se desea. (2) lo que se ha deseado. (3) que tiene la variedad que es el hecho de ser deseado. (neutro) (4) de conformidad con el deseo / *chanda*. Véase el original.	(1) just as wished for; as one wishes. (2) that which has been wished for. (3) having the variety that is the state of being wished for. (neuter) (4) in accordance with one's wish / *chanda*. See the original.	'see the original' rendered literally
133621	yathādhippetadhammasaṁvaṇṇanā	အကြင်အကြင်အလိုရှိအပ် သော တရားကို-ဖွင့်ရာ-ဖွင့်ကြောင်း-အဋ္ဌကဋ္ဌာ။	el comentario en que se explica / por el que se explica la Enseñanza tal como se ha querido decir.	the commentary in which is explained / by which is explained the Teaching just as intended.	အဋ္ဌကဋ္ဌာ read as အဋ္ဌကထာ (misprint); တရား rendered 'the Teaching' (or 'state')
133635	yathānagga	အဝတ်မဆည်းအချည်းစသည်းအတိုင်းဖြစ်သော၊ အဝတ်မဆီး အချည်းနှီးဖြစ်သော။	que está tal cual, sin vestido, desnudo; que está desnudo, sin vestido.	being just as one is, without clothing, bare; being naked, without clothing.	spelling garbled (အဝတ်မဆည်းအချည်းစသည်း, မဆီး); read as 'unclothed, bare'
133638	yathānāma	ဥပမာ ဘယ်ကဲ့သို့နည်းဟူမူ-နှုိင်းယှဉ်စရာဥပမာမည်သည်-ကား။	como ejemplo, si se pregunta cómo es / el símil de comparación es el siguiente.	for example, if one asks how it is / the simile for comparison is as follows.	introductory formula (yathā nāma), rendered literally
133644	yathāniddiṭṭha	အကြင်အကြင်ညွှန်ပြအပ်ပြီး-ညွှန်ပြ (ဟောကြား) အပ်တိုင်း-သော	tal como se ha indicado / según se ha indicado (enseñado).	just as pointed out / as has been pointed out (taught).	no final ။ in the print
133655	yathānivattha	ဝတ်မြဲတိုင်းသော ဝတ်မြဲတိုင်းသော အဝတ်ရှိသော၊ သူ။	que tiene el vestido tal como siempre se viste, tal como siempre se viste (dicho de una persona).	having clothing just as one always wears it, just as one always wears it (said of a person).	ဝတ်မြဲတိုင်းသော printed twice (dittography?)
133656	yathānivatthapāruta	(၁) အကြင်အကြင် ဝတ်ရုံအပ်သော၊ ဝတ်ရုံ အပ်တိုင်းသော။ ဝတ်ရုံမြဲဖြစ်သော (အဝတ်)။ (၂) ဝတ်မြဲတိုင်းရုံမြဲတိုင်းသော။ သူ။	(1) tal como se ha vestido y cubierto; según se viste y cubre. (el vestido) que se suele vestir y cubrir. (2) tal como siempre se viste y tal como siempre se cubre (dicho de una persona).	(1) just as dressed and wrapped; as one dresses and wraps. (the cloth) that is habitually worn and wrapped. (2) just as one always dresses and always wraps (said of a person).	stray ။ before သူ in (2)
133663	yathānuññāta	ယထာအနုညာတ-(ဝိ၊ ဋ္ဌ၊ ၂။ ၂၄၃)-ကြည့်။	Véase [[yathāanuññāta]].	See [[yathāanuññāta]].	'see X' left in the Burmese; citation (ဝိ၊ ဋ္ဌ၊ ၂။ ၂၄၃) dropped
133676	yathānulomadesanā	လျော်သောအလိုအနုသယစရိုနှလုံးသွင်းခြင်းတို့အားလျော်စွာ ဟောကြားတော်မူအပ်သော ဒေသနာ (=ယထာ-နုလောမဒေသနာ,သုတ္တာန်ဒေသနာ)။	la *desanā* enseñada de conformidad con el deseo, la *anusaya*, el *carita* y la disposición mental apropiados (= *yathā-nulomadesanā*, la *desanā* del *suttanta*).	the *desanā* taught in accordance with the suitable wish, *anusaya*, *carita* and mental disposition (= *yathā-nulomadesanā*, the *desanā* of the *suttanta*).	စရို read as စရိုက် (misprint); commas absent in the print
133677	yathānulomasāsana	(များသောအလို,အနုသယ,စရိုက်,နှလုံးသွင်းခြင်းရှိကုန်သော သတ္တဝါတို့ကို) လျော်သောအလို,အနုသယ,စရိုက်,သွန်သင်-ရာဖြစ်သော ပီဋက (=သုတ္တန်ပိဋက)။	el *piṭaka* en que se instruye (a los seres que tienen diversos deseos, *anusaya*, *carita* y disposiciones mentales) conforme al deseo, la *anusaya* y el *carita* apropiados (= el *suttantapiṭaka*).	the *piṭaka* in which (beings having many wishes, *anusaya*, *carita* and mental dispositions) are instructed in conformity with the suitable wish, *anusaya* and *carita* (= the *suttantapiṭaka*).	ပီဋက read as ပိဋက (misprint); the list before သွန်သင် seems truncated (no အားလျော်စွာ)
133678	yathānusandhi	ယထာနုသန္ဓေ။ (က) အကြင် အကြင်-အနုသန္ဓေ-ဆက်စပ်အပ်သော သုတ်ပုဒ်။ (ခ) အနုသန္ဓေ-ဆက်စပ်အပ်သော သုဒ်ပုဒ်-အားလျော် သော။ (ဂ) လျော်-သင့်လျော်-လျောက်ပတ်-သော-စကားစပ်-အနုသန္ဓေ။	*yathānusandhi*. (a) el pasaje del sutta que es *anusandhi* / que está enlazado, cualquiera que sea. (b) conforme al pasaje del sutta que es *anusandhi* / que está enlazado. (c) la conexión del discurso / el *anusandhi* apropiado / adecuado / conveniente.	*yathānusandhi*. (a) the sutta passage that is *anusandhi* / that is connected, whichever it be. (b) in conformity with the sutta passage that is *anusandhi* / that is connected. (c) the suitable / appropriate / fitting context of the discourse / *anusandhi*.	သုဒ်ပုဒ် read as သုတ်ပုဒ် (misprint)
133680	yathānusandhi	(၁) အသက်အပိုင်းအခြားအားလျော်သော။ (၂) အကြင်အကြင် အသက်အပိုင်းအခြား။ (၃) အစဉ်မပြတ်ဖွဲ့စပ်-မပြတ်-ဖြစ်ခြင်း အားလျော်သော။ (၄) အကြင်အကြင်-အစဉ်မပြတ်ဖွဲ့စပ်-မပြတ်ဖြစ်-ခြင်း။	(1) conforme a la duración de la vida. (2) cualquier duración de la vida. (3) conforme al enlazarse en orden sin interrupción / al suceder sin interrupción. (4) cualquier enlazarse en orden sin interrupción / suceder sin interrupción.	(1) in conformity with the span of life. (2) whatever span of life. (3) in conformity with the uninterrupted linking in sequence / uninterrupted occurring. (4) whatever uninterrupted linking in sequence / uninterrupted occurring.	senses (1)-(2) (life-span) may belong to another headword
133681	yathānusandhika	။ က-ပစ္စည်း သကတ္ထ။	el sufijo *ka*, *sakattha*.	the suffix *ka*, *sakattha*.	print begins with a stray ။; grammatical note: -ka suffix in its own sense (sakattha)
133687	yathānusiṭṭhapaṭipatti	အကြင်အကြင် တစ်ဆင့်ကြားအပ်သော စကားကို အဖန်တလဲလဲ အောက်မေ့ခြင်း။	el recordar una y otra vez las palabras oídas de otro, cualesquiera que sean.	the recollecting again and again of words heard from another, whatever they be.	definition matches the next headword (yathānussavānussaraṇa), not yathānusiṭṭhapaṭipatti; misplaced in the print or the index?
133690	yathāpakāra	အကြင်အကြင်သို့သော၊ အပြားရှိသော၊ အကြင်သို့သော အပြားအားဖြင့် တည်သော။ (၂) အကြင်သို့သဘောရှိသော။	de cualquier clase; que tiene variedad; que se mantiene con una variedad de tal clase. (2) que tiene una naturaleza de tal clase.	of whatever kind; having variety; standing with a variety of such a kind. (2) having a nature of such a kind.	no (1) printed before the first sense
133699	yathāpaṭiññā	ဝန်ခံခြင်းအားလျော်သော။	conforme al reconocimiento.	in conformity with the acknowledgement.	ဝန်ခံ rendered 'acknowledge' (also 'promise, undertake')
133701	yathāpaṭipanna	အကြင်အကျင့်ဖြင့် (ကို) ကျင့်သော။	que practica mediante la práctica (o la práctica misma) que sea.	practising by (or practising) whatever practice.	(ကို) given as an alternative case to ဖြင့်; rendered loosely
133720	yathāpadesa	ညွှန်ပြအပ်သော အမျိုးအားလျော်သော၊ အမျိုးအနွယ်အားလျော်သော၊ ညွှဲန်ကြား-ညွှန်ပြ-အပ်သည်-အားလျော်စွော-အတိုင်း။	conforme a la familia indicada; conforme a la familia y linaje; de conformidad con / según lo indicado / señalado.	in conformity with the family indicated; in conformity with family and lineage; in accordance with / according to what has been directed / indicated.	ညွှဲန်ကြား and အားလျော်စွော read as ညွှန်ကြား, အားလျော်စွာ (misprints)
133721	yathāpanna	အကြင်အကြင် -ရောက်-သင့်-အပ်-သော (အာပတ်)	(la *āpatti*) incurrida / que corresponda, cualquiera que sea.	(the *āpatti*) incurred / due, whichever it be.	no final ။ in the print
133728	yathāparādha	အပြစ်-အပြစ်-အားလျော်စွာ (အပြစ်ရှိသလို)။	de conformidad con la falta / la falta (según la falta que haya).	in accordance with the fault / the fault (as there is fault).	alternatives printed identically (အပြစ်-အပြစ်)
133738	yathāpariccheda	(၁) အကြင်အကြင် -ပိုင်းခြားအပ်-ပိုင်းခြားအပ်တိုင်း- သော (ကာလ)။ (န) (၂) အပိုင်းအခြား-အားလျော်စွာ-အတိုင်း။ (၃) အကြင်အကြင် ပြုအပ်ပြီးသောကာလအပိုင်းအခြား။ မူရင်းကြည့်ပါ။	(1) (el tiempo) tal como se ha delimitado / según se ha delimitado. (neutro) (2) de conformidad con / según el límite. (3) el límite de tiempo tal como se ha hecho. Véase el original.	(1) (the time) just as delimited / as has been delimited. (neuter) (2) in accordance with / according to the limit. (3) the time-limit just as made. See the original.	'see the original' rendered literally
133745	yathāpavatta	အကြင်အကြင်-ဖြစ်-တည်ရှီ-ဖြစ်-တည်ရှိ-တိုင်း-သော။	que surge / existe, tal como surge / existe.	arising / existing, just as it arises / exists.	တည်ရှီ read as တည်ရှိ (misprint)
133746	yathāpavattamāna	အကြင်အကြင် -ဖြစ်ဆဲဖြစ်-ဖြစ်နေဆဲတိင်း-သော။	tal como está ocurriendo / según sigue ocurriendo.	just as it is occurring / as it keeps occurring.	တိင်း read as တိုင်း (misprint)
133747	yathāpaviṭṭhasīmāsaṅkhyā	အကြင်အကြင်  ဝင်ရောက်ရာ (အပိုင်းအခြား) သိမ်ဟူ၍-ရေတွက်-ခော်ဝော်-ခြင်း၊ ဝင်အပ်သော အပြားရှိသော သိမ်အရေအတွက်။	el contar / llamar *sīmā* al (límite) en que se ha entrado, cualquiera que sea; el número de *sīmā* que tiene la variedad en que se ha entrado.	the counting / calling *sīmā* of the (boundary) one has entered, whichever it be; the number of *sīmā* having the variety that has been entered.	ခော်ဝော် read as ခေါ်ဝေါ် (misprint)
133748	pathāpaveṇī	အစဉ်အဆက်မှ ဆင်းလာသော ထုံးတမ်း ဥပဒေ အားလျော်စွာ၊ အစဉ်အဆက်အားဖြင့် ကျင့်သုံးလိုက်နာခဲ့သော-ထုံး-စံ-ဥပ့ဒေ-နှင့် အညီ။	de conformidad con la costumbre y ley transmitidas por sucesión; en consonancia con la costumbre / norma / ley practicada y observada por sucesión.	in accordance with the custom and law handed down in succession; in keeping with the custom / norm / law practised and observed in succession.	headword iast 'pathāpaveṇī' looks like a misreading of yathāpaveṇī; ဥပ့ဒေ read as ဥပဒေ
133749	yathāpasādana	ကြည်ညိုသည်အာလျေားစွာ၊ ကြည်ညိုသလို၊ ကြည်ညိုသည့်တိုင်း။	de conformidad con la devoción; como se siente devoción; según la devoción.	in accordance with one's devotion; as one is devoted; according to one's devotion.	အာလျေားစွာ read as အားလျော်စွာ (misprint)
133754	yathāpāl̤i	(ထိ) (၁) အကြင်အကြင် -ပါဠိ-ဟောကြားအပ်သော ပါဠိ။ (၂) ပါဠိ-ဘုရားစကားတော်-အားလျော်-လျှောက်ပတ်-စွာ။ မူရင်းကြည့်ပါ။	(femenino) (1) el texto pāḷi / enseñado, tal como es el texto pāḷi. (2) de conformidad / de manera apropiada con el texto pāḷi / la palabra del Buddha. Véase el original.	(feminine) (1) the Pāḷi text / taught, just as the Pāḷi text is. (2) in accordance / fittingly with the Pāḷi text / the word of the Buddha. See the original.	(ထိ) read as (ထီ); sense (1) obscure; 'see the original' rendered literally
133768	yathābala	(၁) ကာယဗလအားလျော်စွာဖြစ်သော (န) (၂) အစွမ်းသတ္တိအားလျော်စွာ။ (၃) ကာလဗလအားလျော်စွာ။ မူရင်းကြည့်ပါ။	(1) que es conforme al *kāyabala*. (neutro) (2) de conformidad con la fuerza y capacidad. (3) de conformidad con el *kālabala*. Véase el original.	(1) being in accordance with *kāyabala*. (neuter) (2) in accordance with one's strength and capacity. (3) in accordance with *kālabala*. See the original.	'see the original' rendered literally; no ။ after (1)
133770	yathābalasantosa	(၁) ကာယဗလအားလျော်စွာ (တရားနှင့်အညီ)-ရောင့်ရဲ-တင်းတိမ်-ခြင်း-ကြောင်းတရား။ (၂) ကာယဗလအားလျော်သော ပစ္စည်းဖြင့် (တရားနှင့်အညီ)-ရောင့်ရဲ-တင်းတိမ်-ခြင်း-ကြောင်းတရား။ မူရင်းကြည့်ပါ။	(1) el contentarse / el darse por satisfecho / el estado que es su causa, conforme al *kāyabala* (en consonancia con la Enseñanza). (2) el contentarse / el darse por satisfecho / el estado que es su causa, con requisitos conformes al *kāyabala* (en consonancia con la Enseñanza). Véase el original.	(1) being content / being satisfied / the state that is its cause, in accordance with *kāyabala* (in keeping with the Teaching). (2) being content / being satisfied / the state that is its cause, with requisites in conformity with *kāyabala* (in keeping with the Teaching). See the original.	'see the original' rendered literally; (တရားနှင့်အညီ) could mean 'lawfully'
133774	yathābhata	(၁) အကြင်အကြင်  ဆောင်ယူအပ်သော၊ ဆောင်ခဲ့တိုင်းသော။ (၂) အကြင်အကြင် -တင်ထား-ဆောင်ယူ-အပ်သော။ (၁) အထခေါ သော တန္တဝါယော ယထာဘတံ သုတ္တံတန္တေ ဥပနေတွာ။ ဝိ၊ ၁။ ၃၇၁။ (ဝိ၊ ၂။ ၃၃၉)။ (၂) ယထာဘတေန ဘဏ္ဍေန သတ္ထံပယာပေထ။ ဒီ၊၂။ ၂၇၄။ ယထာဘတေန ဘဏ္ဍေနာတိယံဝေါ တိဏကဋ္ဌောဒကဘဏ္ဍကံအာရောပိတံ၊ တေန ယထာဘတေန ယထာရောပိတေန၊ ယထာဂဟိတေနာတိ အတ္ထော။ ဒီ၊ ဋ္ဌ။ ၂။ ၄၀၀။ ယထာဘတေနာတိ သကဋေသု ယထာဋ္ဌပိတေန။ ဒီ၊ ဋီ၊ ၂။ ၃၅၅။	(1) tal como se ha traído; según se trajo. (2) tal como se ha cargado / traído. (1) *athakho so tantavāyo yathābhataṁ suttaṁtante upanetvā*. (2) *yathābhatena bhaṇḍena satthaṁpayāpetha*. *yathābhatena bhaṇḍenātiyaṁvo tiṇakaṭṭhodakabhaṇḍakaṁāropitaṁ*, *tena yathābhatena yathāropitena*, *yathāgahitenāti attho*. *yathābhatenāti sakaṭesu yathāṭṭhapitena*.	(1) just as brought; as was brought. (2) just as loaded / brought. (1) *athakho so tantavāyo yathābhataṁ suttaṁtante upanetvā*. (2) *yathābhatena bhaṇḍena satthaṁpayāpetha*. *yathābhatena bhaṇḍenātiyaṁvo tiṇakaṭṭhodakabhaṇḍakaṁāropitaṁ*, *tena yathābhatena yathāropitena*, *yathāgahitenāti attho*. *yathābhatenāti sakaṭesu yathāṭṭhapitena*.	Pāḷi quotations copied, citations dropped; ၊ inside the commentary quote rendered as commas between ⟦ ⟧
133780	yathābhiñña	အလိုအားလျော်စွာ၊ အလိုရှိတိုင်း။	de conformidad con el deseo; según se desee.	in accordance with one's wish; as one wishes.	the gloss (wish) does not obviously fit abhiñña; translated as printed
133789	yathābhirucita	(၁) အကြင်အကြင် -အလိုရှိ-နှစ်သက်-အပ်သော။ (၂) အလိုရှိ-နှစ်သက်-တိုင်းသော။ မူရင်းကြည့်ပါ။	(1) tal como se ha deseado / gustado. (2) según se desee / guste. Véase el original.	(1) just as wished / liked. (2) as one wishes / likes. See the original.	'see the original' rendered literally
133791	yathābhisaṅkhata	(၁) အကြင်အကြင် ပြုပြင်စီရင်အပ်သော။ (န) (၂) ပြုပြင်စီရင်အပ်သည် အားလျော်စွာ၊ ပြုပြင်စီရင်အပ်သည့်အတိုင်း။ (၃) ပြုပြင်စီရပ်အပ် သည်ကို မလွန်မူ၍။ မူရင်းကြည့်ပါ။	(1) tal como se ha preparado y dispuesto. (neutro) (2) de conformidad con lo preparado y dispuesto; según lo preparado y dispuesto. (3) sin sobrepasar lo preparado y dispuesto. Véase el original.	(1) just as prepared and arranged. (neuter) (2) in accordance with what has been prepared and arranged; as prepared and arranged. (3) without going beyond what has been prepared and arranged. See the original.	စီရပ် read as စီရင် (misprint); 'see the original' rendered literally
133793	yathābhucca	(၁) အကြင်အကြင်  ထင်ရှားရှိသော၊ မဖောက်မပြန်-ဟုတ်မှန်တိုင်း-သော၊ သဘောအားလျော်စွာဖြစ်သော။ (န) (၂) မဖောက်မပြန်၊ ဟုတ်မှန်သည်အားလျော်စွာ၊ ဟုတ်မှန်သည့်အတိုင်း၊ အမှန်အတိုင်း။ မူရင်းကြည့်ပါ။	(1) que existe manifiestamente, cualquiera que sea; que es sin desviación / tal como es verdadero; que se da de conformidad con la naturaleza. (neutro) (2) sin desviación; de conformidad con la verdad; tal como es verdadero; según la verdad. Véase el original.	(1) manifestly existing, whichever it be; unerring / just as is true; occurring in accordance with nature. (neuter) (2) unerringly; in accordance with the truth; just as is true; according to the truth. See the original.	'see the original' rendered literally
133795	yathābhuccaguṇa	မဖောက်မပြန်-ဟုတ်မှန်တိုင်း-သောဂုဏ်။ မဖောက်မပြန်-ဟုတ်မှန်သည် အားလျော်စွာ-ဖြစ်သောဂုဏ်။ မူရင်းကြည့်ပါ။	la cualidad sin desviación / tal como es verdadera. La cualidad que se da sin desviación / de conformidad con la verdad. Véase el original.	the quality that is unerring / just as is true. The quality that occurs unerringly / in accordance with the truth. See the original.	no label; 'see the original' rendered literally
133796	yathābhuccabrahmavohāraariyavohāra	မဖောက်မပြန်-ဟုတ်မှန်တိုင်း-အမှန်အတိုင်းဖြစ်- မှန်ကန်-သော ဗြဟ္မာတို့၏ ဝေါဟာရ (စကား) အရိယာပုဂ္ဂိုလ်တို့၏ ဝေါဟာရ (စကား)။	el *vohāra* (habla) de los *brahmā*, sin desviación / tal como es verdadero / conforme a la realidad / correcto; el *vohāra* (habla) de los *ariyapuggala*.	the *vohāra* (speech) of the *brahmā*, unerring / just as is true / in accordance with reality / correct; the *vohāra* (speech) of the *ariyapuggala*.	no label
133798	yathābhutta	(၁) အကြင်အကြင် -စာ-သုံးဆောင်-ခံစား-အပ်သော၊ စာ-သုံးဆောင်-ခံစာ-မြဲတိုင်သော။ (န) (၂) စား-သုံးဆောင်-ခံစား-အပ်သည်-အားလျော်စွာ-အလျောက်။ မူရင်းကြည့်ပါ။	(1) tal como se ha comido / consumido / disfrutado, cualquiera que sea; según siempre se come / consume / disfruta. (neutro) (2) de conformidad con / en función de lo comido / consumido / disfrutado. Véase el original.	(1) just as eaten / consumed / enjoyed, whichever it be; as it is always eaten / consumed / enjoyed. (neuter) (2) in accordance with / in proportion to what has been eaten / consumed / enjoyed. See the original.	no label; စာ read as စား, ခံစာ as ခံစား, မြဲတိုင် as မြဲတိုင်း (misprints); 'see the original' rendered literally
133799	yathābhūta	(န) (၁) (က) မဖောက်မပြန်၊ (ခ) ဟုတ်မှန်သည်-အားလျော်စွာ-အလျောက်-အတိုင်း၊ ဟုတ်မှန်တိုင်း၊ မှန်မှန်ကန်ကန်၊ မှန်ကန်စွာ။ (ဂ) သဘော-အားလျော်စွာ-အလျောက်-အတိုင်း။ (တိ) (၂) ဟုတ်မှန်သောအားဖြင့်-အမှန်အတိုင်း-မှန်ကန်စွာ-ဖြစ်သော၊ မဖောက်မပြန် မှန်သော သဘောရှိသော။ (၃) အကြင်သို့ သဘောရှိသော။ (၄) အကြင်အကြင်  (ဣရိယာပုတ်) အားဖြင့် ဖြစ်-ထင်ရှားရှိ-ပြည့်စုံ-သော။ မူရင်းကြည့်ပါ။	(neutro) (1) (a) sin desviación; (b) de conformidad con / conforme a / según la verdad; tal como es verdadero; con exactitud; correctamente. (c) de conformidad con / conforme a / según la naturaleza. (adjetivo) (2) que es de modo verdadero / conforme a la verdad / correctamente; que tiene la naturaleza de lo verdadero sin desviación. (3) que tiene la naturaleza que sea. (4) que se da / existe manifiestamente / está completo en el (*iriyāpatha*) que sea. Véase el original.	(neuter) (1) (a) unerringly; (b) in accordance with / in conformity with / according to the truth; just as is true; exactly; correctly. (c) in accordance with / in conformity with / according to nature. (adjective) (2) being in a true way / according to the truth / correctly; having the nature of what is true without deviation. (3) having whatever nature. (4) occurring / manifestly existing / complete in whatever (*iriyāpatha*). See the original.	no label; 'see the original' rendered literally
133800	yathābhūtañāṇa	(၁) သဘောအားလျော်စွာ သိအပ်သော နေယျအာရုံ၌ဖြစ်သော ဝိပဿနာဉာဏ်။ (၂) ယထာဘူတဉာဏ်၊ ယထာဘူတကျကျ-မဖောက်မပြန်-ဟုတ်မှန်သည့်အတိုင်း-ဟုတ်တိုင်းမှန်စွာ-မှန်မှန်ကန်ကန်-သဘောအားလျော်စွာ-သိတတ်သောဉာဏ်၊ မူရင်းကြည့်ပါ။	(1) el conocimiento de *vipassanā* que surge en el objeto *neyya*, que ha de conocerse de conformidad con su naturaleza. (2) *yathābhūtañāṇa*; el conocimiento que suele conocer exactamente conforme a la realidad / sin desviación / tal como es verdadero / con verdad / correctamente / de conformidad con la naturaleza. Véase el original.	(1) the knowledge of *vipassanā* that arises in the *neyya* object, which is to be known in accordance with its nature. (2) *yathābhūtañāṇa*; the knowledge apt to know exactly according to reality / unerringly / just as is true / truly / correctly / in accordance with nature. See the original.	'see the original' rendered literally
133803	yathābhūtadassana	(၁) မဖောက်မပြန်-ဟုတ်မှန်သည့်အတိုင်း- မှန်မှန်ကန်ကန်-သိမြင်ခြင်း။ (၂) မဖောက်မပြန်-ဟုတ်မှန်သည့်အတိုင်း-မှန်မှန်ကန်ကန်-သိမြင် တတ်သောဉာဏ်။ မူရင်းကြည့်ပါ။	(1) el conocer y ver sin desviación / tal como es verdadero / correctamente. (2) el conocimiento que suele conocer y ver sin desviación / tal como es verdadero / correctamente. Véase el original.	(1) the knowing and seeing unerringly / just as is true / correctly. (2) the knowledge apt to know and see unerringly / just as is true / correctly. See the original.	'see the original' rendered literally
133808	yathābhūtavādī	(၁) မဖောက်မပြန်-ဟုတ်မှန်သည့်အတိုင်း-မှန်မှန်ကန်ကန်-ပြောဆိုလေ့ရှိသော၊ သူ။	(1) que suele hablar sin desviación / tal como es verdadero / correctamente (dicho de una persona).	(1) in the habit of speaking unerringly / just as is true / correctly (said of a person).	only sense (1) is printed
133810	yathābhūtavilokana	မဖောက်မပြန်-ဟုတ်မှန်သည့်အတိုင်း -မှန်မှန်ကန်ကန်-ကြည့်ရှုခြင်း။	el mirar sin desviación / tal como es verdadero / correctamente.	the looking unerringly / just as is true / correctly.	no label
133811	yathābhūtavedī	မဖောက်မပြန်-ဟုတ်မှန်သည့်အတိုင်း -မှန်မှန်ကန်ကန်-သိလေ့ရှိသော၊ သူ။	que suele conocer sin desviación / tal como es verdadero / correctamente (dicho de una persona).	in the habit of knowing unerringly / just as is true / correctly (said of a person).	no label
133815	yathāmantapada	လက္ခဏမန္တန်ဟုဆိုအပ်သော ဝေဒ (ဗေဒင်) ကျမ်းစကားအားလျော်စွာ။	de conformidad con las palabras del texto del *veda* (Veda) llamado *lakkhaṇamanta*.	in accordance with the words of the text of the *veda* (Veda) called *lakkhaṇamanta*.	(ဗေဒင်) is the Burmese name of the Veda, rendered (Veda)
133818	yathāmitta	(၁) မိတ်ဆွေဖြစ်သည့်-အားလျော်စွာ-အလျောက်။ (၂) အကြင် အကြင်  မိတ်ဆွေ။ မူရင်းကြည့်ပါ။	(1) de conformidad con / en función del ser amigo. (2) el amigo que sea. Véase el original.	(1) in accordance with / in keeping with being a friend. (2) whatever friend. See the original.	'see the original' rendered literally
133821	yathāyācita	အကြင်အကြင်  တောင်းအပ်တိုင်းသော။	según se ha pedido.	as has been asked for.	no label
133822	yathāyācita	အကြင်အကြင်ရှုေရှုတောင်းပန်အပ်သော။	tal como se ha solicitado / suplicado.	just as requested / entreated.	ရှုေရှုတောင်းပန် read as ရှေ့ရှုတောင်းပန် (misprint)
133825	yathāyutta	(၁) ဟုတ်ဟုတ်ညားညားသော အမှုကိစ္စနှင့်ယှဉ်သော၊ အကြင်အကြင် အမှုကိစ္စနှင့်ယှဉ်သော၊ အကြင်အကြင် အမှုကိစ္စ-နှင့် -  ၌- ယှဉ်- သော၊ အကြင်အကြင်  အမှုကိစ္စ-နှင့်-၌-ယှဉ်-သော။ (၂) (က) အကြင်အကြင်  (နွားနှစ်ကောင်တို့ဖြင့်) - ယှဉ်အပ်-ကအပ်-သော၊ (ခ) ယှဉ်မြဲ,ကမြဲတိုင်းသော။ မူရင်းကြည့်ပါ။	(1) asociado con un asunto genuino; asociado con el asunto que sea; asociado con / en el asunto que sea; asociado con / en el asunto que sea. (2) (a) uncido / enganchado (con dos bueyes), cualquiera que sea; (b) tal como siempre se unce / engancha. Véase el original.	(1) connected with a genuine affair; connected with whatever affair; connected with / in whatever affair; connected with / in whatever affair. (2) (a) yoked / harnessed (with two oxen), whichever it be; (b) just as it is always yoked / harnessed. See the original.	sense (1) repeats its last alternative as printed; ယှဉ် read as 'connect' in (1) and 'yoke' in (2); 'see the original' rendered literally
133827	yathāratta	ညဉ့်အတိုင်း အရှည်အားလျော်စွာ (ကြီးစဉ်ငယ်လိုက်၊ ထေရ်စဉ်ဝါလိုက်)။	de conformidad con la duración medida en noches (por orden de mayor a menor; por orden de *thera*, según los *vassa*).	in accordance with the length measured in nights (in order from senior to junior; in order of *thera*, according to the *vassa*).	ညဉ့်အတိုင်း အရှည် read as 'length (of seniority) counted in nights'
133828	yathāraddha	အကြင်အကြင်  အားထုတ်အပ်သော။	tal como se ha emprendido.	just as undertaken.	no label
133832	yathāruci	(၁) အကြင်အကြင် -အလို-ဆန္ဒ။ (၂) အလို-ဆန္ဒ-အား-လျော်-လျောက်ပတ်-သော (အလို-ဆန္ဒ-အားလျော်-လျောက်ပတ်- စွာ)။	(1) el deseo / la voluntad, cualquiera que sea. (2) conforme / adecuado al deseo / a la voluntad (de conformidad con / en consonancia con el deseo / la voluntad).	(1) whatever wish / will. (2) in keeping with / suited to the wish / will (in accordance with / suitably to the wish / will).	label printed as ထီ၊န
133836	yathārutapāṭha	အကြင်အကြင်-ဆို-ဟောတော်မူ-အပ်သောပါဠိ။	el texto pāḷi tal como se ha dicho / enseñado.	the Pāḷi text just as said / taught.	no label
133840	yathālakkhaṇa	(မှတ်ကြောင်းဖြစ်သော) သုတ်အားလျော်စွာ။ (မှတ် ကြောင်းဖြစ်သော) သုတ်အတိုင်း။	de conformidad con el sutta (que sirve para reconocerlo). Según el sutta (que sirve para reconocerlo).	in accordance with the sutta (which serves to recognise it). According to the sutta (which serves to recognise it).	သုတ် here is probably a grammatical rule (sutta), not a discourse
133841	yathālaṅkata	အကြင်အကြင်  တန်ဆာဆင်အပ်သော (တန်ဆာ ဆင်အပ်တိုင်းသော)။	tal como se ha adornado (según se ha adornado).	just as adorned (as has been adorned).	no label
133844	yathāladdhasampattikittanamukha	အကြင်အကြင် ရအပ် သော စည်းစိမ်ချမ်းသာကို ပြောကြားခြင်းကို အဦးမူခြင်း။	el tomar como punto de partida el relato de las riquezas y el bienestar tal como se han obtenido.	the taking as a starting point of the account of the wealth and comfort just as obtained.	no label
133849	yathālābha	(၁) ရခြင်းအားလျော်စွာ။ (၂) ရသင့်သည့်အားလျော်စွာ၊ ရသင့်သလို။ (၃) အကြင်အကြင် ရအပ်သော။ မူရင်းကြည့်ပါ။	(1) de conformidad con la obtención. (2) de conformidad con lo que corresponde obtener; como corresponda obtener. (3) tal como se ha obtenido. Véase el original.	(1) in accordance with the obtaining. (2) in accordance with what should be obtained; as should be obtained. (3) just as obtained. See the original.	no label; 'see the original' rendered literally
133850	yathālābhanaya	ယထာလာဘနည်း၊ ရသင့်သည့်-အားလျော်စွာ-အတိုင်း (ရ-အပ်-သင့်-ထိုက်-သလို) ယူရသောနည်း။	*yathālābhanaya*; el método por el que se toma de conformidad con / según lo que corresponde obtener (como se obtiene / es obtenido / conviene / corresponde obtener).	*yathālābhanaya*; the method by which one takes in accordance with / according to what should be obtained (as is obtained / has been obtained / should / is due to be obtained).	no label
133851	yathālābhayojanā	အကြင်အကြင် ရ-အပ်- သင့်- ထိုက်- သော ဝိသေသျအနက်နှင့် (ဝိသေသနအနက်ကို) ယှဉ်စပ်ခြင်း။ ရသင့်သည်အားလျော် စွာ-ရသင့်သလို-အနက်ယောဇနာခြင်း၊ (ပုဒ်တို့၏ အနက်ကို ယှဉ်စပ်ခြင်း)။	el conectar (el significado *visesana*) con el significado *visesya* que se obtiene / es obtenido / conviene / corresponde obtener, cualquiera que sea. El hacer el *yojanā* del significado de conformidad con / como corresponda obtener (el conectar el significado de las palabras).	the connecting (of the *visesana* meaning) with whatever *visesya* meaning is obtained / has been obtained / should / is due to be obtained. The making of the *yojanā* of the meaning in accordance with / as it should be obtained (the connecting of the meaning of the words).	grammatical terms (qualified / qualifier) kept in Pāḷi
133852	yathālābhasantuṭṭha	အကြင်အကြင် ရအပ်-ရရသမျှ-သော ပ့စ္စည်းဖြင့် - ရောင့်ရဲ-တင်းတိမ်-သော၊ သူ။	contento / satisfecho con los requisitos obtenidos / todo lo que se obtenga, cualesquiera que sean (dicho de una persona).	content / satisfied with the requisites obtained / all that is obtained, whatever they be (said of a person).	no label; ပ့စ္စည်း read as ပစ္စည်း (misprint)
133853	yathālābhasantosa	(၁) ရခြင်းအားလျော်စွာ-ရောင့်ရဲ-တင်းတိမ်-ခြင်း-ကြောင်းတရား။ (၂) အကြင်အကြင် ရအပ်-ရရသမျှ-သော ပစ္စည်းဖြင့်-ရောင့်ရဲ-တင်းတိမ်-ခြင်း-ကြောင်းတရား။	(1) el contentarse / el darse por satisfecho / el estado que es su causa, de conformidad con lo obtenido. (2) el contentarse / el darse por satisfecho / el estado que es su causa, con los requisitos obtenidos / todo lo que se obtenga, cualesquiera que sean.	(1) being content / being satisfied / the state that is its cause, in accordance with what is obtained. (2) being content / being satisfied / the state that is its cause, with the requisites obtained / all that is obtained, whatever they be.	no label
133854	yathāliṅga	အကြင်အကြင်သို့သော-အသွင်အပြင်-ပုံသဏ္ဌာန်။	la apariencia / la forma, de la clase que sea.	the appearance / shape, of whatever kind.	no label
133859	yathāvajja	(၁) (ကန်းခြင်း,ကွေးကောက်ခြင်း,ခွင်ခြင်း စသော-) အကြင်အကြင် အပြစ်ဒေါ (အပြစ်ဒေါသအမျိုးမျိုးကိုပြ၍ ကုစားခြင်း)။ (၂) တီးမှုတ်အပ်သည့် အားလျော်စွာ၊ တီးမှုတ်အပ်သည့်-အလျောက်-အတိုင်း (စည်းကိုက်ဝါးကိုက်)။	(1) el defecto (la ceguera, la torcedura, la cojera y demás), cualquiera que sea (el curar mostrando los diversos defectos). (2) de conformidad con lo que se ha tocado; en función de / según lo que se ha tocado (ajustándose al compás).	(1) whatever defect (blindness, crookedness, lameness and so on) (the curing by showing the various defects). (2) in accordance with what has been played; in keeping with / according to what has been played (in time with the beat).	အပြစ်ဒေါ read as အပြစ်ဒေါသ (truncated); ခွင် tentatively 'lameness'; sense (2) takes vajja as 'to be played (music)'
133860	yathāvajjita	အကြင်အကြင်-ကြဉ်-မယ်-အပ်သော။	tal como se ha evitado / abandonado.	just as avoided / abandoned.	မယ် read as ပယ် (misprint?)
133863	yathāvatthuka	(၁) (ကာယ-ကာယပဋိဗဒ္ဓ-ဟု ဆိုအပ်သော) ဝတ္ထု အားလျော်စွာ။ (၂) (ပုဂ္ဂိုလ်သတ္တဝါဟု ဆိုအပ်သော) ဝတ္ထုအားလျော်စွာ။ (၃) အသုံးအဆောင် ဝတ္ထုပစ္စည်းအားလျော်စွာ။ (၄) အာပတ်သင့်ခြင်း၏ အကြောင်းဝတ္ထုအားလျော်စွာ။ (၅) (အာပတ် သင့်ရာခေတ်ဟု ဆိုအပ်သော) ဝတ္ထုအားလျော်စွာ။ မူရင်းကြည့်ပါ။	(1) de conformidad con el objeto (llamado *kāya* / *kāyapaṭibaddha*). (2) de conformidad con el objeto (llamado persona o ser). (3) de conformidad con los bienes materiales de uso. (4) de conformidad con el objeto que es causa de incurrir en *āpatti*. (5) de conformidad con el objeto (llamado el ámbito en que se incurre en *āpatti*). Véase el original.	(1) in accordance with the object (called *kāya* / *kāyapaṭibaddha*). (2) in accordance with the object (called a person or being). (3) in accordance with the material goods for use. (4) in accordance with the object that is the cause of incurring *āpatti*. (5) in accordance with the object (called the field in which *āpatti* is incurred). See the original.	Vinaya sense of vatthu (the object of an offence); ခေတ် rendered 'ámbito / field'; 'see the original' rendered literally
133866	yathāvapaṭipatti	မဖောက်မပြန်-ဟုတ်မှန်သည့်အတိုင်း- ကျင့်ကြံ-အားထုတ်-ခြင်း။	el practicar / el esforzarse sin desviación / tal como es verdadero.	the practising / striving unerringly / just as is true.	no label
133867	yāthāvapaṭipatti	မဖောက်မပြန်-ဟုတ်မှန်သည့်အတိုင်း- ကျင့်ကြံ-အားထုတ်-ခြင်း။	el practicar / el esforzarse sin desviación / tal como es verdadero.	the practising / striving unerringly / just as is true.	no label
133874	yathāvādī	ထီ-၌ ယထာဝါဒိနီ။ ယထာဝါဒီ-သက္ကတပိဋက။ ]အကြင်သို့သော-အပြား-အခြင်းအရာ-အားဖြင့် ပြောဆိုလေ့ရှိသော၊ သူ။	En femenino, *yathāvādinī*. *yathāvādī* — *sakkatapiṭaka*. Que suele hablar de la clase / modo / manera que sea (dicho de una persona).	In the feminine, *yathāvādinī*. *yathāvādī* — *sakkatapiṭaka*. In the habit of speaking in whatever kind / mode / manner (said of a person).	no label; opening note (ထီ-၌ … သက္ကတပိဋက ]) is a garbled grammatical/source note with a stray ']', Pāḷi copied
133876	yathāvālokadassana	မဖောက်မပြန်ဟုတ်မှန်သည့်အတိုင်း လောကုတ္တရာ ဉာဏ်အလင်း ရောင်ကို ပြတတ်သော။	que suele mostrar la luz del conocimiento *lokuttarā* sin desviación, tal como es verdadero.	apt to show the light of *lokuttarā* knowledge unerringly, just as is true.	no label
133877	yāthāvālokadassana	မဖောက်မပြန်ဟုတ်မှန်သည့်အတိုင်း လောကုတ္တရာ ဉာဏ်အလင်း ရောင်ကို ပြတတ်သော။	que suele mostrar la luz del conocimiento *lokuttarā* sin desviación, tal como es verdadero.	apt to show the light of *lokuttarā* knowledge unerringly, just as is true.	no label
133891	yathāvivaṭa	(၁) အကြင်အကြင် ဖွင့်အပ်ပြီးသော။	(1) tal como se ha abierto.	(1) just as opened.	only sense (1) is printed
133895	yathāviharanta	အကြင်အကြင် (သဒ္ဒါအစရှိသောတရား) ဖြင့် နေ-တတ်-လေ့ရှိ-သော၊ သူ။	que mora / suele morar / acostumbra morar mediante el (estado que comienza por *saddā*), cualquiera que sea (dicho de una persona).	dwelling / apt to dwell / in the habit of dwelling by means of whatever (state beginning with *saddā*) (said of a person).	သဒ္ဒါ is probably a misprint for သဒ္ဓါ (saddhā, faith), copied as printed
133897	yathāvihārī	အမှတ်မရှိ တစ်စုံတစ်ခုသော-ဟုတ်ဟုတ်ညားညားသော-အခြင်းအရာဖြင့်-နေ-နေလေ့ရှိ-သော၊ သူ။	que mora / suele morar de alguna manera / de una manera apropiada, sin fijarse (dicho de una persona).	dwelling / in the habit of dwelling in some manner / in a proper manner, without taking note (said of a person).	အမှတ်မရှိ ('without particular notice') uncertain
133898	yathāvihita	(၁) အကြင်သို့သော-အပြား-အခြင်းအရာ-အားဖြင့် ထားအပ်ပြီးသော။ (၂) အကြင်အကြင် ဟောကြားအပ်သော။ (၃) အကြင်အကြင် စီရင်အပ် သော။ မူရင်းကြည့်ပါ။	(1) tal como se ha puesto de la clase / manera que sea. (2) tal como se ha enseñado. (3) tal como se ha dispuesto. Véase el original.	(1) just as placed in whatever kind / manner. (2) just as taught. (3) just as arranged. See the original.	'see the original' rendered literally
133899	yathāvuḍḍha	(၁) အကြင်အကြင် -အသက်-သိက္ခာ-ဝါ-သီတင်း-ကြီးသောသူ။ (၂) အသက်-သိက္ခာ-ဝါ-သီတင်း-ကြီးသူတို့၏ အစဉ်ကြီးစဉ်ငယ်လိုက်၊ ထေရ်စဉ်ဝါလိုက်။ (၃) အသက်-သိက္ခာ-ဝါ-ကြီးသူတို့၏ အစဉ်ကို မလွန်မူ၍။ (၄) အသက်-သိက္ခာ-ဝါ-သီတင်း-ကြီးသည်-အားလျော်စွာ-အလျောက်။ မူရင်းကြည့်ပါ။	(1) la persona mayor en edad / *sikkhā* / *vassa* / observancia, cualquiera que sea. (2) por el orden de los mayores en edad / *sikkhā* / *vassa* / observancia, de mayor a menor, por orden de *thera* según los *vassa*. (3) sin sobrepasar el orden de los mayores en edad / *sikkhā* / *vassa*. (4) de conformidad con / en función de ser mayor en edad / *sikkhā* / *vassa* / observancia. Véase el original.	(1) whatever person senior in age / *sikkhā* / *vassa* / observance. (2) in the order of those senior in age / *sikkhā* / *vassa* / observance, from senior to junior, in order of *thera* according to the *vassa*. (3) without going beyond the order of those senior in age / *sikkhā* / *vassa*. (4) in accordance with / in keeping with being senior in age / *sikkhā* / *vassa* / observance. See the original.	သီတင်း rendered 'observance' (seniority counted by observances); 'see the original' rendered literally
133900	yathāvutta	(၁) အကြင်အကြင်-ပြော-ဆို--ဟော-အပ်ပြီး သော။ (၂) ပြော-ဆို-ဟော-အပ်ပြီးသော အပြားရှိသော။ (၃) ဟောတော်မူအပ်သည် အား လျော်စွာ၊ ဟောတော်မူသည့်အတိုင်း။	(1) tal como se ha hablado / dicho / enseñado. (2) que tiene la clase ya hablada / dicha / enseñada. (3) de conformidad con lo enseñado; según lo enseñado.	(1) just as spoken / said / taught. (2) having the kind already spoken / said / taught. (3) in accordance with what has been taught; as taught.	no label
133901	yathāvuttaaṭṭhārasadosa	အကြင်အကြင်  ဆိုအပ်ပြီး-ဆိုအပ်ပြီးသော အပြားရှိ-သော တစ်ဆယ့်ရှစ်ပါးသော အပြစ်ဒေါသ။ ပတိရူပ-သေနာသနေတိ ယထာဝုတ္တအဋ္ဌာရသဒေါသ-ဝဇ္ဇိတေ...သေနာသနေ။ ဝိသုဒ္ဓိ၊ ဋီ၊ ၁။ ၂၁၉။ (ယင်းတစ်ဆယ့်ရှစ်ပါးသော အပြစ်ဒေါသတို့ကား-(၁) ကြီးလွန်းသော ကျောင်း၏အဖြစ်။ (၂) ကျောင်းသစ်၏ အဖြစ်။ (၃) ဆွေးမြေ့သည်၏အဖြစ်။ (၄) လမ်းကိုမှီသည်၏အဖြစ်။ (၅) ကျောက်ရေကန်ရှိသော ကျောင်း၏အဖြစ်။ (၆) ဟင်းရွက်တောနီးသောကျောင်း၏ အဖြစ်။ (ရ) ပန်းဥယျာဉ်နီးသောကျောင်း၏အဖြစ်။ (ဂ) သစ်သီးဥယျာဉ်နီးသော ကျောင်း၏အဖြစ်။ (၉) လူတို့သည် တောင့်တချီးမွမ်းအပ်သော ကျောင်း၏အဖြစ်။ (၁၀) မြို့ရွာကိုမှီသော ကျောင်း၏ အဖြစ်။ (၁၁) ထင်းတောသစ်တောကို မှီသောကျောင်း၏အဖြစ်။ (၁၂) လယ်သဘောမတူသော ရန်သူပုဂ္ဂိုလ်တို့ ရရှိသောကျောင်း၏အဖြစ်။ (၁၃) သဘောမတူသော ရန်သူပုဂ္ဂိုလ်တို့ရှိသော ကျောင်း၏အဖြစ်။ (၁၄) ရေဆိပ် (သင်္ဘောဆိပ်စသည်) ကို မှီသော ကျောင်း၏အဖြစ်။ (၁၅) ပစ္စန္တရစ်ကိုမှီသော ကျောင်း၏အဖြစ်။ (၁၆) တိုင်းပြည့် အပိုင်းအခြားနယ်စပ်ကို မှီဗသာ ကျောင်း၏အဖြစ်။ (၁၇) မလျောက်ပတ်သော ကျောင်း၏အဖြစ်။ (၁၈) အဆွေခင်ပွန်းကောင်းကို မရခြင်း-အားဖြင့် ကျောင်း၏ အပြစ်ဒေါသ တစ်ဆယ့်ရှစ်ပါးရှိသည်။ ဝိသုဒ္ဓိ၊ ၁။ ၁၀၅။	los dieciocho defectos, de la clase ya dicha en cada caso. *patirūpa-senāsaneti yathāvuttaaṭṭhārasadosa-vajjite...senāsane*. (Esos dieciocho defectos son: (1) el hecho de ser un monasterio demasiado grande. (2) el hecho de ser un monasterio nuevo. (3) el hecho de estar ruinoso. (4) el hecho de estar junto a un camino. (5) el hecho de ser un monasterio con un estanque de piedra. (6) el hecho de ser un monasterio cercano a un bosque de hortalizas. (7) el hecho de ser un monasterio cercano a un jardín de flores. (8) el hecho de ser un monasterio cercano a un huerto de frutales. (9) el hecho de ser un monasterio que la gente anhela y alaba. (10) el hecho de ser un monasterio junto a una ciudad o aldea. (11) el hecho de ser un monasterio junto a un bosque de leña y de madera. (12) el hecho de ser un monasterio de campos que obtienen personas enemigas que no están de acuerdo. (13) el hecho de ser un monasterio donde hay personas enemigas que no están de acuerdo. (14) el hecho de ser un monasterio junto a un embarcadero (un puerto de barcos y demás). (15) el hecho de ser un monasterio junto a la región fronteriza. (16) el hecho de ser un monasterio junto a la frontera que limita el reino. (17) el hecho de ser un monasterio inadecuado. (18) por no conseguir buenos amigos: así el monasterio tiene dieciocho defectos.	the eighteen faults, of the kind stated in each case. *patirūpa-senāsaneti yathāvuttaaṭṭhārasadosa-vajjite...senāsane*. (These eighteen faults are: (1) being a monastery that is too large. (2) being a new monastery. (3) being dilapidated. (4) being next to a road. (5) being a monastery with a stone pond. (6) being a monastery near a grove of vegetables. (7) being a monastery near a flower garden. (8) being a monastery near a fruit orchard. (9) being a monastery that people long for and praise. (10) being a monastery next to a town or village. (11) being a monastery next to a forest of firewood and timber. (12) being a monastery of fields that hostile, disagreeing persons obtain. (13) being a monastery where there are hostile, disagreeing persons. (14) being a monastery next to a landing place (a harbour for ships and so on). (15) being a monastery next to the border region. (16) being a monastery next to the frontier that bounds the kingdom. (17) being an unsuitable monastery. (18) by not obtaining good friends: thus a monastery has eighteen faults.	no label; Pāḷi quotation copied, citations dropped; (ရ) (ဂ) read as (၇) (၈); item (12) is garbled (probably 'having fields', conflated with 13); မှီဗသာ read as မှီသော, တိုင်းပြည့် as တိုင်းပြည်; the opening '(' is never closed in the print
133902	yathāvuttakhaṇavantu	အကြင်အကြင် ဆိုအပ်ပြီး-ဆိုအပ်ပြီးသော အပြားရှိ-သော ခဏရှိသော။	que tiene un instante, de la clase ya dicha en cada caso.	having a moment, of the kind stated in each case.	no label
133908	yathāvuttappakāra	(၁) အကြင်အကြင် ဆိုအပ်ပြီးသော အပြားရှိ သော။ (ပု) (၂) အကြင်အကြင် ဆိုအပ်ပြီးသော အပြား။	(1) que tiene la clase ya dicha, cualquiera que sea. (masculino) (2) la clase ya dicha, cualquiera que sea.	(1) having whatever kind has been stated. (masculine) (2) whatever kind has been stated.	no label
133912	yathāvuttavāsanā	အကြင်အကြင် -ဆိုအပ်ပြီး- ဆိုအပ်ပြီး သောအပြားရှိ-သော ဝါသနာ (ကိလေသာကို ပွါးစေခြင်း)။	la *vāsanā* (el hacer crecer los *kilesa*), de la clase ya dicha en cada caso.	the *vāsanā* (the making the *kilesa* grow), of the kind stated in each case.	no label
133917	yathāvuttavīriyavekhadāna	အကြင်အကြင် -ဆိုအပ်ပြီး-ဆိုအပ်ပြီးသော အပြားရှိ-သောဝီရိယတည်းဟူသော စည်းကြိုး-ကိုပေး-ဖြင့် ဖွဲ့စည်း-ခြင်း။ (...ဝီရိယဖြင့်-ပြုစု-စောင့်ရှောက်မှုပေးခြင်း)။	el dar la cuerda / el atar con la cuerda que es *vīriya*, de la clase ya dicha en cada caso. (… el dar atención y protección mediante *vīriya*).	the giving of the cord / the binding with the cord that is *vīriya*, of the kind stated in each case. (… the giving of care and protection by means of *vīriya*).	hyphenation of စည်းကြိုး-ကိုပေး-ဖြင့် ဖွဲ့စည်း is unclear; headword 'vekha' probably veṭha (binding)
133922	yathāsaka	(၁) အကြင်အကြင် မိမိ၏ဥစ္စာ။ (၂) မိမိ၏ (မသိခြင်းဟူသော) ဥစ္စာ-အဖို့အစု။ (၃) မိမိ မိမိ။ မူရင်းကြည့်ပါ။	(1) los bienes propios, cualesquiera que sean. (2) los bienes / la porción propia (que es el no saber). (3) cada uno lo suyo. Véase el original.	(1) whatever are one's own goods. (2) one's own goods / share (namely not knowing). (3) each his own. See the original.	'see the original' rendered literally
133925	yathāsaṅkhyanaya	ယထာသင်္ချနည်း။ အရေအတွက်အားလျော်စွာ- အစဉ်အတိုင်း-ယူရသောနည်း)။	*yathāsaṅkhyanaya*. El método por el que se toma de conformidad con el número / según el orden.	*yathāsaṅkhyanaya*. The method by which one takes in accordance with the number / according to the order.	stray closing bracket in the print dropped
133929	yathāsaṇṭha	အကြင်အကြင် -တည်ရှိ-တည်မြဲ-သော၊ တည်ရှိ-တည်မြဲ-တိုင်းသော။	tal como permanece / persiste, cualquiera que sea; según permanece / persiste.	just as it stands / endures, whichever it be; as it stands / endures.	no label
133930	yathāsatti	(န) (၁) အစွမ်း သတ္တိ-အားလျော်စွာ-အလျောက်၊ အစွမ်းသတ္တိကို မလွန်မူ၍။ (ထီ) (၂) အကြင်သို့ သဘော ရှိသော အစွမ်းသတ္တိ။	(neutro) (1) de conformidad con / en función de la capacidad; sin sobrepasar la capacidad. (femenino) (2) la capacidad de la naturaleza que sea.	(neuter) (1) in accordance with / in proportion to one's capacity; without going beyond one's capacity. (feminine) (2) a capacity of whatever nature.	label printed as န၊ထီ
133931	yathāsatthusāsana	မြတ်စွာဘုရားရှင်၏-သာသနာတော်-အဆုံးအမ-အားလျော်စွာ။	de conformidad con el *sāsanā* / la instrucción del Buddha.	in accordance with the *sāsanā* / the instruction of the Buddha.	no label
133932	yathāsadda	ယထာသဒ္ဒါ။	*yathāsaddā*.	*yathāsaddā*.	the gloss only restates the Pāḷi (the word yathā)
133935	yathāsanthata	အကြင်-ခင်း-ယူစေ-ညွှန်ပြ-အပ်ပြီးသောကျောင်းအိပ်ရာနေရာ၊ ရှေးဦးစွာ ညွှန်ပြအပ်သော ကျောင်းအိပ်ရာနေရာ။	el lugar para dormir en el monasterio que se ha extendido / hecho tomar / asignado, cualquiera que sea; el lugar para dormir en el monasterio asignado en primer lugar.	whatever sleeping place in the monastery has been spread / caused to be taken / assigned; the sleeping place in the monastery assigned first.	no label
133939	yathāsandiṭṭha	(န) (က) မြင်ဘူးသည် အားလျော်စွာ။ (ဒီ၊ ၂။ သျ)၊ အကြင်-တွေ့ဆုံ၍ မြင်ဘူးအကပ်ကာမျှဖြစ်-အလွန်မမြဲ-အလွန် အကျွမ်းမဝင်-သော အဆွေခင်ပွန်း (မိတ်ဆွေ) ရှိရာအရပ်,ဌာန။ (ခ) အကျွမ်းမဝင် မမြင် ဘူးကာမျှသော အဆွေခင်ပွန်းအားလျော်သော (ဝိ၊ ၂။ သျ)။	(neutro) (a) de conformidad con lo que se ha visto antes; el lugar, sitio donde hay un amigo (compañero) con quien, al encontrarse, solo se ha visto de paso / no muy constante / no muy íntimo, cualquiera que sea. (b) conforme a un amigo no íntimo, solo visto de paso.	(neuter) (a) in accordance with what has been seen before; the place, site where there is a friend (companion) whom one has, on meeting, only seen in passing / not very constant / not very intimate, whichever it be. (b) in keeping with a friend not intimate, only seen in passing.	citations dropped; မြင်ဘူးအကပ်ကာမျှ read as 'only seen in passing'
133942	yathāsabhāva	(၁) မဖောက်မပြန်-ဟုတ်မှန်-မှန်ကန်-သော သဘောလက္ခဏာရှိသော။ (ပု) (၂) မဖောက်မပြန်- ဟုတ်မှန်-မှန်ကန်-သော သဘောလက္ခဏာ။ (၃) အကြင်အကြင် သဘောလက္ခဏာ။ (န) (၄) သဘောအားလျော်စွာ။ မူရင်းကြည့်ပါ။	(1) que tiene una naturaleza y característica sin desviación / verdadera / correcta. (masculino) (2) la naturaleza y característica sin desviación / verdadera / correcta. (3) la naturaleza y característica que sea. (neutro) (4) de conformidad con la naturaleza. Véase el original.	(1) having an unerring / true / correct nature and characteristic. (masculine) (2) the unerring / true / correct nature and characteristic. (3) whatever nature and characteristic. (neuter) (4) in accordance with nature. See the original.	'see the original' rendered literally
133945	yathāsamādiṭṭha	ညွှန်ကြားအပ်သည်အားလျော်စွာ။ (ညွှန်ကြားတိုင်း)။	de conformidad con lo indicado (según se indique).	in accordance with what has been directed (as directed).	no label
133948	yathāsamihita	အကြင်အကြင်  ပေါင်းစု၍ ထားအပ်သော။	tal como se ha juntado y puesto.	just as gathered together and placed.	no label
133949	yathāsamīhita	အကြင်အကြင်  ပေါင်းစု၍ ထားအပ်သော။	tal como se ha juntado y puesto.	just as gathered together and placed.	no label
133950	yathāsamuppanna	(၁) အကြင်အကြင် ကောင်းစွာဖြစ်သော။ (န) (၂) ကောင်းစွာဖြစ်သည်-အားလျော်စွာ-အတိုင်း။ မူရင်းကြည့်ပါ။	(1) que ha surgido bien, cualquiera que sea. (neutro) (2) de conformidad con / según lo que ha surgido bien. Véase el original.	(1) well arisen, whichever it be. (neuter) (2) in accordance with / according to what has well arisen. See the original.	'see the original' rendered literally
133952	yathāsambandha	(၁) အမှတ်သင်္ကေတ-အားလျော်စွာ-အတိုင်း။ (၂) အားလျော်စွာ။ မူရင်းကြည့်ပါ။	(1) de conformidad con / según la señal convenida. (2) de conformidad. Véase el original.	(1) in accordance with / according to the agreed sign. (2) in accordance. See the original.	no label; sense (2) looks truncated; 'see the original' rendered literally
133953	yathāsambhatta	(က) တကွ ဆည်းကပ်ဘူးသည်အားလျော်စွာ (ဒီ၊၂။ သျ)၊ အကြင်အကြင် -ကောင်းစွာ အတူတကွ သုံးဆောင်ခံစားဘူး-အလွန်ချစ်ကျွမ်းဝင်-မြဲမြံ-သော အဆွေခင်ပွန်း (မိတ်ဆွေ)ရှိရာအရပ်ဌာန။ (ခ) အကျွမ်းဝင်လှဆည်းကပ်ခလျက် တကွသုံးဆောင် စားသောက်ဘူသော အဆွေခင်ပွန်းအားလျော်သော (ဝိ၊၂။ သျ။ မူရင်းကြည့်ပါ)	(a) de conformidad con haberse frecuentado juntos; el lugar, sitio donde hay un amigo (compañero) con quien se ha usado y disfrutado bien en común / muy querido e íntimo / firme, cualquiera que sea. (b) conforme a un amigo muy íntimo con quien, frecuentándolo, se ha comido y bebido en común (Véase el original.)	(a) in accordance with having associated together; the place, site where there is a friend (companion) with whom one has well used and enjoyed things in common / very dear and intimate / steadfast, whichever it be. (b) in keeping with a very intimate friend with whom, associating, one has eaten and drunk in common (See the original.)	no label; citations dropped; ဆည်းကပ်ခလျက် read as ဆည်းကပ်လျက်, ဘူသော as ဘူးသော; 'see the original' rendered literally
133955	yathāsambhavayojanā	(က) ဖြစ်သင့်သည်ကို-ယှဉ်-ယှဉ်စေ-အနက်ယောဇနာ-ခြင်း။ (ခ) ဖြစ်သင့်သည်အားလျော်စွာ-ယှဉ်-ယှဉ်စေ-အနက်ယောဇနာ-ခြင်း။ မူရင်းကြည့်ပါ။	(a) el unir / hacer unir / hacer el *yojanā* del significado con lo que corresponde. (b) el unir / hacer unir / hacer el *yojanā* del significado de conformidad con lo que corresponde. Véase el original.	(a) the joining / causing to join / making the *yojanā* of the meaning with what is appropriate. (b) the joining / causing to join / making the *yojanā* of the meaning in accordance with what is appropriate. See the original.	'see the original' rendered literally
133958	yathāsāruppa	(၁) သင့်တင့်လျောက်ပတ်သည်အားလျော်စွာ။ (၂) အကြင်အကြင် သင့်တင့်လျောက်ပတ်-တင့်တယ်ခြင်းသို့ ရောက်စေတတ်-သော။ မူရင်းကြည့်ပါ။	(1) conforme a lo que es conveniente y apropiado. (2) que suele llevar a cualquier estado conveniente y apropiado / de gracia. Véase el original.	(1) in accordance with what is suitable and proper. (2) apt to lead to whatever state of propriety / of grace. See the original.	'See the original' rendered literally
133959	yathāsāruppasantosa	(၁)သင့်တင့်လျောက်ပတ်သည့်ပစ္စည်း အားလျော်စွာ-ရောင့်ရဲ-တင်းတိမ်ခြင်း။ (၂) အကြင်အကြင် -သင့်တင့်လျောက်ပတ်-တင့်တယ် ခြင်းသို့ ရောက်စေတတ်-သောပစ္စည်းဖြင့်-ရောင့်ရဲ-တင်းတိမ်-ခြင်း။ မူရင်းကြည့်ပါ။	(1) el contentarse / darse por satisfecho conforme a los requisitos convenientes y apropiados. (2) el contentarse / darse por satisfecho con cualquier requisito que suele llevar a un estado conveniente y apropiado / de gracia. Véase el original.	(1) the being content / satisfied in accordance with suitable and proper requisites. (2) the being content / satisfied with whatever requisites are apt to lead to a state of propriety / of grace. See the original.	'See the original' rendered literally; ပစ္စည်း read as 'requisite'
133961	yathāsīla	အမှတ်မရှိ တစ်စုံတစ်ခုသော အလေ့ ရှိသော၊ ဟုတ်ဟုတ်ညားညားသော အလေ့ရှိသော၊ သူ။	que tiene una costumbre cualquiera, sin discernimiento; que tiene la costumbre de lo que es cabal y genuino (dicho de una persona).	having some habit or other, without discrimination; having the habit of what is proper and genuine (said of a person).	အမှတ်မရှိ ('without noticing / at random') and ဟုတ်ဟုတ်ညားညား ('proper, genuine') read tentatively
133962	yathāsukha	ချမ်းသာသည့်-အားလျော်စွာ-အလျာက်- အတိုင်း၊ ချမ်းသာသလို၊ ချမ်းချမ်းသာသာ၊ အလိုရှိတိုင်း။	conforme a / de acuerdo con / según lo que es cómodo; como a uno le plazca; cómodamente; según se desee.	in accordance with / in keeping with / according to what is pleasant; as it pleases one; at ease; as one wishes.	အလျာက် read as အလျောက် (misprint)
133963	yathāsuta	(၁) အကြင်အကြင်  ကြားနာအပ်ပြီး သော။ (န) ကြားနာ-အပ်ပြီး-ဖူး-သည်-အားလျော်စွာ- အလျောက်-အတိုင်း။ မူရင်းကြည့်ပါ။	(1) cualquiera que ha sido oído. (neutro) conforme a / de acuerdo con / según lo que ha sido oído alguna vez. Véase el original.	(1) whatever has been heard. (neuter) in accordance with / in keeping with / according to what has once been heard. See the original.	the label (န) stands where (၂) is expected; 'See the original' rendered literally
133964	yathāsutta	(၁) သုတ်အားလျော်စွာ။ (၂) အကြင်အကြင် သုတ်။ မူရင်းကြည့်ပါ။	(1) conforme al sutta. (2) cualquier sutta. Véase el original.	(1) in accordance with the sutta. (2) whatever sutta. See the original.	'See the original' rendered literally
133966	yathāha	(၁) (ငါဆိုအပ်ပြီးသော အနက်ကို ပြီးစေတတ်သော) အဘယ်စကားကို (မြတ်စွာဘုရားသခင်) ဟောကြားတော်မူပါ သနည်း။ (၂) အကြင်-အပြား-အခြင်းအရာ-အားဖြင့် (ငါဆို၏၊ ထို-အပြား-အခြင်းအရာ-အားဖြင့်-ပါဠိတော်၌လည်း မြတ်စွာဘုရားသခင်) ဟောကြားတော်မူအပ်ပြီ။ (၃) အကြင်-အပြား-အခြင်းအရာ-အားဖြင့် (သုတ်အဘိဓမ္မာဝိနည်းကို သင်္ဂါယနာတင်ခြင်း အကျိုးငှါ ရဟန်းတို့အား အားထုတ်ခြင်းကို ဖြစ်စေပြီ၊ ထို-အပြား-အခြင်းအရာ-အားဖြင့် ပါဠိတော်၌လည်း မြတ်စွာ ဘုရားသခင်) ဟောကြားတော်မူအပ်ပြီ။ (၄) အကြင်စကားကို (ပါဠိတော်၌ မြတ်စွာ ဘုရား သခင်) ဟောကြားတော်မူပြီ၊ (ထိုစကားနှင့် ငါဆိုအပ်သော စကားသည် ညီညွှတ်နှီးနှော ၏)။ မူရင်းကြည့်ပါ။	(1) (que lleva a cabo el significado dicho por mí) ¿qué palabras enseñó (el Bienaventurado Buddha)? (2) del modo / de la manera en que (lo digo, de ese modo / de esa manera también en el texto canónico el Bienaventurado Buddha) lo ha enseñado. (3) del modo / de la manera en que (ha suscitado el esfuerzo de los monjes con el fin de llevar a cabo la *saṅgāyanā* del Sutta, el *abhidhammā* y el *vinaya*, de ese modo / de esa manera también en el texto canónico el Bienaventurado Buddha) lo ha enseñado. (4) las palabras que (en el texto canónico el Bienaventurado Buddha) ha enseñado, (con esas palabras concuerdan y armonizan las palabras dichas por mí). Véase el original.	(1) (accomplishing the meaning stated by me) what words did (the Blessed Buddha) teach? (2) in the way / manner in which (I say it, in that way / manner also in the canonical text the Blessed Buddha) has taught it. (3) in the way / manner in which (he has aroused the effort of the monks for the purpose of the *saṅgāyanā* of the Sutta, the *abhidhammā* and the *vinaya*, in that way / manner also in the canonical text the Blessed Buddha) has taught it. (4) the words which (in the canonical text the Blessed Buddha) has taught, (with those words the words said by me agree and accord). See the original.	1st person (ငါ) is marked in the Burmese and kept; in (1) the hyphenated အပြား-အခြင်းအရာ taken as two alternatives; 'See the original' rendered literally
133967	yathāhi	(၁) ကဲ့သို့၊ သကဲ့သို့။ (ဥပမာ=ပဋိဘာဂ) (၂) အကြင်အခြင်းအရာအားဖြင့်။ (အာကာရ)။ မူရင်းကြည့်ပါ။	(1) como; así como. (*upamā*=*paṭibhāga*) (2) del modo en que. (*ākāra*). Véase el original.	(1) as; just as. (*upamā*=*paṭibhāga*) (2) in whatever manner. (*ākāra*). See the original.	label ဗျ (indeclinable) not in the label table; 'See the original' rendered literally
133973	yathicchita	(၁) အကြင်အကြင် အလိုရှိအပ်သော။ (န) (၂) အလိုရှိတိုင်း၊ အလိုရှိသလောက်၊ အလိုရှိသရွေ့။ မူရင်းကြည့်ပါ။	(1) cualquiera que es deseado. (neutro) (2) según se desee; cuanto se desee; hasta donde se desee. Véase el original.	(1) whatever is wished for. (neuter) (2) as one wishes; as much as one wishes; as far as one wishes. See the original.	'See the original' rendered literally
133976	yathuddesa	(န) (၁) အကျဉ်းပြအပ်သည်အားလျော်စွာ၊ ဥဒ္ဒေသ အားလျော်စွာ။ (ပု) (၂) အကြင်အကြင်  အကျဉ်းပြအပ်သော (ဥဒ္ဒေသ)။ မူရင်းကြည့်ပါ။	(neutro) (1) conforme a lo expuesto en resumen; conforme al *uddesa*. (masculino) (2) cualquiera expuesto en resumen (*uddesa*). Véase el original.	(neuter) (1) in accordance with what was set out in brief; in accordance with the *uddesa*. (masculine) (2) whatever was set out in brief (*uddesa*). See the original.	'See the original' rendered literally
133977	yathupaṭṭhita	အကြင်အကြင် -အနီး၌ တည်-ဖြစ်ပော်လာ-ထင်လာ-သော။	cualquiera que se ha establecido cerca / que ha surgido / que se ha hecho manifiesto.	whatever has stood near / has arisen / has become manifest.	ဖြစ်ပော် read as ဖြစ်ပေါ် (misprint)
133984	yathūpapanna	အကြင်အကြင် ကပ်ရောက်အပ်သော။	cualquiera al que se ha llegado.	whatever has been arrived at.	ကပ်ရောက်အပ်သော literally 'arrived at'; for upapanna ('reborn') the sense may be 'wherever one has been reborn'
133985	yatheva	ကဲ့သို့သာလျှင်။	precisamente como.	just as.	label ဗျ (indeclinable) not in the label table
133986	yathodhi	(၁) အကြင်အကြင်(ကိလေသာမဂ်)အပိုင်းအခြား၊(ကိလေသာမဂ်)အပိုင်းအခြားအားလျော်စွာ။ (၂) အကြင်အကြင် အဖို့အစု၊ အဖို့အစုအားလျော်စွာ။	(1) cualquier límite (de los *kilesa* y los *magga*); conforme al límite (de los *kilesa* y los *magga*). (2) cualquier porción; conforme a la porción.	(1) whatever limit (of the *kilesa* and the *magga*); in accordance with the limit (of the *kilesa* and the *magga*). (2) whatever portion; in accordance with the portion.	(ကိလေသာမဂ်) read as 'kilesa and magga'; could be one compound
133987	yathodhika	အကြင်အကြင် အပိုင်းအခြားအားဖြင့် တည် သော (က) မိမိ၏ အပိုင်းအခြားအားဖြင့် တည်သော။ (ခ) မိမိ မိမိ၏ အပိုင်းအခြားအားဖြင့်တည်သော။ (ဂ)တည်မြဲတိုင်းသော အဖို့အစုရှိသော။	que permanece dentro de cualquier límite: (a) que permanece dentro de su propio límite. (b) que permanece cada uno dentro de su propio límite. (c) que tiene porciones tal como permanecen fijas.	standing within whatever limit: (a) standing within its own limit. (b) standing each within its own limit. (c) having portions as they stand fixed.	(c) တည်မြဲတိုင်းသော အဖို့အစုရှိသော read tentatively
133994	yadagga	(၁)အကြင်အဖို့အစု။ (၂) အကြင်အကြောင်း။ (၃) အကြင်အတိုင်းအရှည်ရှိသော (ဝတ္ထု) (၄) အကြင်-ယင်း-အခါမှစ၍။ (၅) အကြင်-အချိန်-အခါ-ကာလ-၌။ (၆) အကြင်-အခါ-နေ့ရက်-ကို အစပြု၍။	(1) cualquier porción. (2) cualquier causa. (3) (cosa) que tiene una medida cualquiera. (4) desde el momento en que / ese momento. (5) en el tiempo / momento / ocasión / época en que. (6) comenzando por el momento / día en que.	(1) whatever portion. (2) whatever cause. (3) (a thing) having whatever measure. (4) from the time when / that time on. (5) at the time / moment / occasion / period when. (6) beginning with the time / day when.	(3) ends without ။; (ဝတ္ထု) rendered 'thing'
133995	yadattha	အကြင်အကျိုးရှိသော၊ သူ။	que tiene cualquier beneficio (dicho de una persona).	having whatever benefit (said of a person).	အကျိုး could here mean 'purpose' (yad-attha, 'for which purpose')
134002	yadā	(၁) အကြင်-အခါ-ကာလ -ခဏ-၌၊ (၂) အကြင်ကြောင့်။ (၃) အကြင်...သည်။ မူရင်းကြည့်ပါ။	(1) en el tiempo / época / momento / instante en que; (2) por lo cual. (3) el cual … . Véase el original.	(1) at the time / period / moment / instant when; (2) because of which. (3) which … . See the original.	label ဗျ (indeclinable) not in the label table; 'See the original' rendered literally
134004	yadāsanna	အကြင်သေခါနီးကာလ၌-တစ်ဖန် အောက်မေ့ခြင်းငှါ စွမ်းနိုင်-တစ်ဖန်အောက်မေ့အပ်-ပြုအပ်သောကံ။	el *kamma* que, en el momento cercano a la muerte, puede ser recordado de nuevo / es recordado de nuevo / ha sido hecho.	the *kamma* which, at the time near death, is able to be recalled again / is recalled again / has been done.	the hyphenated chain read as three alternatives on the kamma; the leading အကြင် ('whatever') left implicit
134005	yadi	(၁) (သင်္ကာဝတ္ထာန) အကယ်၍ ...အံ့-လျှင်။ (၂) (ဝါသဒ္ဒတ္ထ) သော်လည်းကောင်း,ဖြစ်စေ။ (၃) (ယဒါ သဒ္ဒတ္ထ) အကြင်အခါ၌။ (၄) (ကာရဏတ္ထ) အကြင်ကြောင့်။ (၅) (အရုစိသံသူစန) အကယ်၍...အံ့၊ ဘိမူ၊ လျှင်။ (၆) အကြင်ရွေလောက်၊ အကြင်မျှလောက်။ (၇) (က) တစ်နည်းကား၊ ထိုမှ တစ်ပါး။ အပ၊၁။ သျ။ (ခ) ထိုမြို့။ (ဂ) ထိုသို့မဟုတ်။	(1) (*saṅkāvatthāna*) si acaso … / si … . (2) (*vāsaddattha*) ya sea …, o bien. (3) (*yadā saddattha*) en el momento en que. (4) (*kāraṇattha*) por lo cual. (5) (*arucisaṁsūcana*) si acaso …; si en verdad; si. (6) hasta donde; en la medida en que. (7) (a) de otro modo; aparte de eso. (b) esa ciudad. (c) no es así.	(1) (*saṅkāvatthāna*) if perchance … / if … . (2) (*vāsaddattha*) whether …, or. (3) (*yadā saddattha*) at the time when. (4) (*kāraṇattha*) because of which. (5) (*arucisaṁsūcana*) if perchance …; if indeed; if. (6) as far as; to the extent that. (7) (a) otherwise; apart from that. (b) that city. (c) not so.	label ဗျ (indeclinable); the Pāḷi sense labels in brackets copied; ဘိမူ read as 'if indeed'; ရွေလောက် read as ရွေ့လောက်; (7)(b) ထိုမြို့ 'that city' is odd here; citation အပ၊၁။ သျ။ dropped
134007	yadicchaka	(၁) (က) အကြင် အကြင် အလိုရှိရာဖြစ်သော-အခါ-ကာလ၊ အလိုရှိရာ-အချိန်- အခါ-တိုင်း။ (ခ) အကြင်အကြင်အလိုရှိ-အပ်-ရာဖြစ်-သော-အရပ်-ဌာန (ဈာန်) (၂) အကြင်အကြင် အလိုရှိအပ်သော၊ အလိုရှိအပ်တိုင်းသော (ဈာန်၊ ဥမာပတ်၊ သွားခြင်း)။ (၃) စိတ်အလိုဆန္ဒအားလျော်စွာ၊ အလိုဆန္ဒအတိုင်း၊ အလိုရှိတိုင်း။	(1) (a) el momento / tiempo que se desee; en cada hora / momento en que se desee. (b) el lugar / sitio que se desee (*jhāna*) (2) cualquiera que se desee; según se desee (*jhāna*, *samāpatti*, el ir). (3) conforme al deseo (*chanda*) de la mente; según el deseo (*chanda*); según se desee.	(1) (a) the time / period one wishes; at every hour / moment one wishes. (b) the place / site one wishes (*jhāna*) (2) whatever is wished for; as it is wished (*jhāna*, *samāpatti*, going). (3) in accordance with the wish (*chanda*) of the mind; according to the wish (*chanda*); as one wishes.	ဥမာပတ် read as သမာပတ် (misprint); (ဈာန်) after 'place' in (1)(b) is unclear; (1)(b) ends without ။
134010	yadicchita	(၁) အကြင် အကြင်အလိုရှိအပ်သော။ (န) (၂) အလိုအားလျော်စွာ၊ အလိုရှိတိုင်း။ မူရင်းကြည့်ပါ။	(1) cualquiera que es deseado. (neutro) (2) conforme al deseo; según se desee. Véase el original.	(1) whatever is wished for. (neuter) (2) in accordance with the wish; as one wishes. See the original.	'See the original' rendered literally
134013	yadidaṁ	(၁) နိပါတ-မတ္ထ=အနက်မရှိ။ (၂) ယင်း-၎င်း-ဆိုအပ်လတ္တံ့သော အရာမှာ။ (၃) ဤကဲ့သို့ (နိဒဿနတ္ထ)။ (၄) အကြင်သို့သဘောရှိသော (လိင်၃-ပါး၊ ဝုစ် ၂-ပါး)။ မူရင်းကြည့်ပါ။	(1) *nipāta*-*mattha* = sin significado. (2) eso / ello: lo que se va a decir. (3) así (*nidassanattha*). (4) que tiene tal naturaleza (3 géneros, 2 números). Véase el original.	(1) *nipāta*-*mattha* = without meaning. (2) that / it: what is about to be said. (3) thus (*nidassanattha*). (4) having such a nature (3 genders, 2 numbers). See the original.	label ဗျ (indeclinable); (1) is nipātamatta 'a mere particle'; (4) presumably: used in all 3 genders and both numbers; 'See the original' rendered literally
134014	yadipi	အကယ်၍မူလည်း...စေဦးတော့၊လင့်ကစား၊ အကယ်၍ကား...၏။	aun si …, déjese que sea; aunque; si en efecto … .	even if …, let it be; although; if indeed … .	label ဗျ (indeclinable); the concessive particles rendered approximately
134015	yanta	(၁) စက်ယန္တရာ။ (၂) ဘုံခုနစ်ဆင့်ရှိသော ပြာသာဒ်စသည်။ မူရင်းကြည့်ပါ။	(1) máquina. (2) palacio de siete pisos y demás. Véase el original.	(1) machine. (2) a palace of seven storeys and so on. See the original.	ဘုံ here is the storey of a building; 'See the original' rendered literally
134016	yanta	သွားတတ်သော၊ သူ။	que suele ir (dicho de una persona).	apt to go (said of a person).	the present participle yant 'going'
134017	yantaka	(၁) စက်ယန္တရား။ (၂) ကျည်ရှင်၊ မင်းဘုတ်ကြီး။	(1) máquina. (2) cerrojo; ‹မင်းဘုတ်ကြီး›.	(1) machine. (2) bolt; ‹မင်းဘုတ်ကြီး›.	ကျည်ရှင် read as 'bolt (of a door)'; မင်းဘုတ်ကြီး unidentified, left in Burmese
134018	yantaka	စက်ယန္တရားနျင့်တူသောဘင။	‹ဘင› semejante a una máquina.	‹ဘင› resembling a machine.	ဘင garbled or truncated (ဘင်? ဘဏ်?); နျင့် read as နှင့်
134019	yantagoṇa	စက်ယန္တရား (ဆီဘုံ) ၌ ကအပ်သော နွား။	buey uncido a la máquina (molino de aceite).	ox yoked to the machine (the oil mill).	ဆီဘုံ read as ဆီဆုံ 'oil mill' (misprint?)
134022	yantanāl̤ikā	ယန္တရား-စက်ကြည့်-ခွက်- (ပိုက်လုံး-ကျွတ်)။	máquina / ‹စက်ကြည့်› / vaso (tubo / conducto).	machine / ‹စက်ကြည့်› / cup (tube / pipe).	စက်ကြည့် unclear, left in Burmese; ကျွတ် read as 'pipe' tentatively
134024	yantapāsāṇa	(၁) စက်ယန္တရားဖြင့် ပစ်လွှတ်အပ်သော-ကျောက်-ကျည်ဆံ။ (၂) ကျောက်ယန္တရား။ (သားသမင်တို့ကို ထောင်သောဘိ)။ မူရင်းကြည့်ပါ။	(1) piedra / proyectil lanzado con una máquina. (2) máquina de piedra. (trampa para cazar ciervos y otros animales). Véase el original.	(1) stone / missile hurled by a machine. (2) stone machine. (a trap for catching deer and other animals). See the original.	ဘိ at the end of (2) read as a trap (ထောင်ချောက်?); 'See the original' rendered literally
134025	yantaphalaka	ယန္တရာ။ (၌ တပ်ဆင်အပ်သော) ပျဉ်။	tabla (instalada en la máquina).	plank (fitted in the machine).	a stray ။ after ယန္တရာ in the print
134026	yantabaddha	(၁) စက်ယန္တရားဖြင့်-ဖွဲ့-တမံတုတ်-အပ်သော။ (၂) စက်ယန္တရား၌ ဖွဲ့အပ်သော။ မူရင်းကြည့်ပါ။	(1) atado / represado con una máquina. (2) atado a una máquina. Véase el original.	(1) bound / dammed by a machine. (2) bound to a machine. See the original.	'See the original' rendered literally
134030	yantayutta	စက်ယန္တရား-နှင့် ယှသ်-၌ တပ်ဆင်ထားအပ်-သော။	unido con la máquina / instalado en la máquina.	joined with the machine / fitted in the machine.	ယှသ် read as ယှဉ် (misprint)
134032	yantayuttadvāra	စက် စက်ယန္တရား-နှင့်ယှသ်-၌ တပ်ဆင်ထားအပ်သောတံခါး။	puerta unida con una máquina / instalada en una máquina.	door joined with a machine / fitted in a machine.	စက် repeated in the print; ယှသ် read as ယှဉ်
134033	yantayoga	စက်ယန္တရား-နှင့်ယှသ်-၌ တပ်ဆင်-ခြင်း။	el unir con / instalar en una máquina.	the joining with / fitting in a machine.	ယှသ် read as ယှဉ်
134037	yantavāha	ကြံညှစ်ယန္တရား-စက်ယန္တရား-ကို မောင်းနျင်-တတ်ကျွး-နားလည်-သော၊ သူ။ ကြံညှစ်ယန္တရားမောင်းသမား။	que sabe manejar / es diestro en / entiende la prensa de caña de azúcar / la máquina (dicho de una persona). Operador de la prensa de caña de azúcar.	able to drive / skilled in / understanding the sugar-cane press / the machine (said of a person). Operator of the sugar-cane press.	မောင်းနျင် read as မောင်းနှင်, ကျွး as ကျွမ်း (misprints)
134044	yantahatthi	စက်ယန္တရားဆင် (ရုပ်၊ စက်ဆင်ရုပ်။ ရာဇာ)	elefante mecánico (figura; figura mecánica de elefante.)	mechanical elephant (figure; mechanical figure of an elephant.)	closing ရာဇာ read as a source tag and dropped; the bracket is not closed with ။ in the print
134046	yantācariya	စက်-ယန္တရား-ဆရာ။ (စက်ယန္တရား၌-တတ်ကျွမ်း-နားလည်-သူ)။	maestro de máquinas. (el que es diestro / entendido en máquinas).	master of machines. (one skilled / versed in machines).	the hyphens in စက်-ယန္တရား-ဆရာ split one compound and are not read as alternatives
134049	yantita	(၁)နှောင်ဖွဲ့-ဖွဲ့ချည်-(ထိန်းချုပ်-ကွပ်ကဲ)အပ်သော။ (၂) (ချောက်ချားစေအပ်သည်ဖြစ်၍) ချာချာလည်သော။ မူရင်းကြည့်ပါ။	(1) atado / amarrado / (refrenado / gobernado). (2) (por haber sido aterrado) que da vueltas y vueltas. Véase el original.	(1) bound / tied / (restrained / controlled). (2) (having been terrified) spinning round and round. See the original.	'See the original' rendered literally
134050	yantuṁ	သွားခြင်းငှါ၊စောင့်စည်းခြင်းငှါ။	para ir; para refrenar.	in order to go; in order to restrain.	two derivations (yā 'go', yam 'restrain') given together
134051	yantu	(၁) သွားကုန်လော့။ (၂) ရောက်စေကုန်သတည်း။ ရောက်ကြပါစေ။ မူရင်းကြည့်ပါ။	(1) ¡vayan! (2) que lleguen; ¡ojalá lleguen! Véase el original.	(1) let them go! (2) let them reach; may they reach! See the original.	label ဗျ (indeclinable) for an imperative verb form; ရောက်စေကုန်သတည်း read as optative 'let them reach'; 'See the original' rendered literally
134053	yantra	စက်ယန္တရား။ ယမု ဥပရမေ ယန္တံ၊ ယန္တံ။ ရူ။ ဒ၆၆။	máquina. *yamu uparame yantaṁ. yantaṁ*.	machine. *yamu uparame yantaṁ. yantaṁ*.	the grammatical derivation copied as Pāḷi; citation ရူ။ ဒ၆၆။ dropped
134063	yabbahula	(၁) အကြင်များသောကံ၊ အကြင်-မပြတ်-ပြု-မှီဝဲ-အပ်သောကံ။ (၂) အကြင်အားကြီးသောကံ။ မူရင်းကြည့်ပါ။	(1) el *kamma* que sea abundante; el *kamma* que ha sido constantemente hecho / cultivado. (2) el *kamma* que sea fuerte. Véase el original.	(1) whatever *kamma* is abundant; whatever *kamma* has been constantly done / cultivated. (2) whatever *kamma* is strong. See the original.	'See the original' rendered literally
134066	yama	(၁) စက္ခုစသော ဣန္ဒြေတို့ကို စောင့်စည်းခြင်း။ (၂) ယမသီလ (အမြဲစောင့်အပ်သော ၅-ပါးသီလ)။ မူရင်းကြည့်ပါ။	(1) el refrenar las *indriya* que comienzan por el *cakkhu*. (2) *yamasīla* (los cinco *sīla* que han de observarse siempre). Véase el original.	(1) the restraining of the *indriya* beginning with the *cakkhu*. (2) *yamasīla* (the five *sīla* to be observed always). See the original.	'See the original' rendered literally
134068	yama	ယမက အမည်ရှိသော နတ်။	el *deva* llamado *yamaka*.	the *deva* named *yamaka*.	the name ယမက under the headword yama is odd (Yāma?)
134071	yamaka	(က) အစုံပြုတတ်သော၊ (တန်ခိုးပြာဋိ-ဟာ)။ (ခ) အစုံအားဖြင့် ဖြစ်ခြင်းရှိရာဖြစ်သော၊ (တန်ခိုးပြာဋိဟာ)။ (ဂ) အစုံဖြစ်သောအားဖြင့် ကောင်းစွာဖြစ်သော ဆုတ်နစ်ခြင်း,ထွက်ကျခြင်း ရှိရာဖြစ်သော၊ (တန်ခိုးပြာဋိဟာ)။ (ဃ) ရေမီးအစုံဟု ဆိုအပ်သော တန်ခိုးပြာဋိ ဟာ။ မူရင်းကြည့်ပါ။	(a) que produce un par (el prodigio de poder sobrenatural). (b) en que tiene lugar el surgir como par (el prodigio de poder sobrenatural). (c) en que tienen lugar, al modo de un par, el retirarse y el brotar, que surgen bien (el prodigio de poder sobrenatural). (d) el prodigio de poder sobrenatural llamado «el par de agua y fuego». Véase el original.	(a) producing a pair (the miracle of supernormal power). (b) in which the arising as a pair takes place (the miracle of supernormal power). (c) in which there take place, as a pair, a withdrawing and an issuing forth, well arisen (the miracle of supernormal power). (d) the miracle of supernormal power called 'the pair of water and fire'. See the original.	(c) ဆုတ်နစ်ခြင်း,ထွက်ကျခြင်း read tentatively; ပြာဋိ-ဟာ hyphen in (a) is a line-break split; 'See the original' rendered literally
134072	yamaka	(၁) ယမကမည်သော ရဟန်း။ (၂) ယမကမည်သောနတ်။ (၃) ယမကသုတ်။ (၄) ယမကမည်သောတောင်။ (၅) သေခြင်း၏ အကြောင်းကို လွန်မြောက်တတ်သောမြတ်စွာဘုရား၊ (ဝါ) ယမမင်း၏ အာဏာနှံ့ရာ ဘုံသုံးရပ် ကို လွန်မြောက်တတ်သော မြတ်စွာဘုရား။ မူရင်းကြည့်ပါ။	(1) el monje llamado *yamaka*. (2) el *deva* llamado *yamaka*. (3) el sutta *yamaka*. (4) el monte llamado *yamaka*. (5) el Buddha, que supera la causa de la muerte; (o) el Buddha, que supera los tres *bhūmi* a los que alcanza la autoridad del rey *yama*. Véase el original.	(1) the monk named *yamaka*. (2) the *deva* named *yamaka*. (3) the *yamaka* sutta. (4) the mountain named *yamaka*. (5) the Buddha, who goes beyond the cause of death; (or) the Buddha, who goes beyond the three *bhūmi* reached by the authority of King *yama*. See the original.	'See the original' rendered literally
134073	yamaka	ယမကဝဂ်။ အနိစ္စဝဂ္ဂံ ယမကံ၊ သဗ္ဗံဝဂ္ဂံ ဇာတိဓမ္မံ။ သံ။ ၂။ ၂၅၉။ «S1»	el *vagga* *yamaka*. *aniccavaggaṁ yamakaṁ. sabbaṁvaggaṁ jātidhammaṁ*. Véase también [[yamakavagga]].	the *yamaka* *vagga*. *aniccavaggaṁ yamakaṁ. sabbaṁvaggaṁ jātidhammaṁ*. See also [[yamakavagga]].	citation သံ။ ၂။ ၂၅၉။ dropped
134074	yamaka	(က) ယမိုက်ကျမ်း။ (ကုသိုလ်နှင့် ကုသလမှုစသည့်အနက်အစုံ၊ အနုလောမ-ပဋိလောမပါဠိဓမ္မ အားဖြင့် သဒ္ဒါစုံ၊ အနုလောမပုစ္ဆာပဋိလောမပုစ္ဆာအားဖြင့်-ပုစ္ဆာအစုံ၊ဤသို့သုံးမျိုး အပြားအာဖြင့် အစုံအစုံပြု၍ ဟောကြားရာဖြစ်သည့် အဘိဓမ္မာခုနစ်ကျမ်းအနက် ခြောက်ခုမြောက် ယမိုက်ကျမ်း)။ (ခ) သေခြင်း၏ အကြောင်းကို လွန်မြောက် တတ်သော မြတ်စွာဘုရား၏ ဥစ္စာဖြစ်သည့် ယမိုက်ကျမ်း။ (ဂ) ယမမင်း၏ အာဏာနှံ့ရာဘုံသုံးရပ်ကို လွန်မြောက်တတ်သောမြတ်စွာဘုရားသည် ဟောကြား အပ်သည့်ယမိုက်ကျမ်း။ (ဃ)ယမမင်း၏ အာဏာနှံ့ရာဘုံသုံးရပ်ကို လွန်မြောက် ကြောင်းဖြစ်သည့် ယမိုက်ကျမ်း။ မူရင်းကြည့်ပါ။	(a) el libro *yamaka*. (el libro *yamaka*, sexto de los siete libros del *abhidhammā*, en que se enseña formando pares de estas tres clases: pares de significados, como lo sano y las acciones sanas; pares de expresiones mediante el *anuloma-paṭilomapāl̤idhamma*; pares de preguntas mediante la *anulomapucchā* y la *paṭilomapucchā*). (b) el libro *yamaka*, que es propiedad del Buddha, que supera la causa de la muerte. (c) el libro *yamaka* enseñado por el Buddha, que supera los tres *bhūmi* a los que alcanza la autoridad del rey *yama*. (d) el libro *yamaka*, que es causa de superar los tres *bhūmi* a los que alcanza la autoridad del rey *yama*. Véase el original.	(a) the *yamaka* book. (the *yamaka* book, sixth of the seven books of the *abhidhammā*, in which the teaching is given by forming pairs of these three kinds: pairs of meanings, such as the wholesome and wholesome deeds; pairs of expressions by the *anuloma-paṭilomapāl̤idhamma*; pairs of questions by the *anulomapucchā* and the *paṭilomapucchā*). (b) the *yamaka* book, which is the property of the Buddha, who goes beyond the cause of death. (c) the *yamaka* book taught by the Buddha, who goes beyond the three *bhūmi* reached by the authority of King *yama*. (d) the *yamaka* book, which is the cause of going beyond the three *bhūmi* reached by the authority of King *yama*. See the original.	ယမိုက် (Burmese form of the book title) romanised as yamaka; ကုသလမှု possibly a misprint for ကုသလမူလ (kusalamūla, the Mūlayamaka pair); အာဖြင့် read as အားဖြင့်; 'See the original' rendered literally
134075	yamakaaṭṭhakathā	ယမုက်အဋ္ဌကထာ၊ ယမိုက်ပါဠိတော် ၁၀-ကျမ်း၏ အနက်အဓိပ္ပါယ်ကို-ဖွင့်ပြရာ-ဖွင့်ပြကြောင်း- ဖြစ်သည့်-စကားရပ်-ကျမ်းဂန်။	comentario del *yamaka*; el discurso / tratado en que se explica / mediante el cual se explica el significado de los 10 libros del texto canónico *yamaka*.	commentary on the *yamaka*; the discourse / treatise in which is explained / by which is explained the meaning of the 10 books of the canonical *yamaka* text.	ယမုက် read as ယမိုက် (misprint); the chain ဖွင့်ပြရာ-ဖွင့်ပြကြောင်း-…-စကားရပ်-ကျမ်းဂန် read as two pairs of alternatives
134077	yamakakavāṭa	အစုံသော-တံခါး-တံခါးရွက်၊ တံခါးရွက်အစုံ၊ဆင်နားတံခါးပိတ်။	puertas / hojas de puerta en par; un par de hojas de puerta; puerta de dos hojas «oreja de elefante».	paired doors / door leaves; a pair of door leaves; an 'elephant-ear' double-leaf door.	ဆင်နားတံခါးပိတ် ('elephant-ear door') read as a double-leaf door
134078	yamakakavāṭayutta	အစုံသောတံခါးရွက်တို့နှင့်ယှသ်သော၊ တံခါးရွက်အစုံတပ်ဆင်အပ်သော (တံခါးမ)။	unido con un par de hojas de puerta; en que se ha instalado un par de hojas de puerta (la puerta principal).	joined with a pair of door leaves; fitted with a pair of door leaves (the main gate).	ယှသ် read as ယှဉ်
134079	yamakakīl̤āgol̤akasaṇṭhāna	အစုံ-စုံတွဲ-ကစားသော-ပလီလုံး-ဂော်လီလုံး-သဏ္ဌာန်ရှိသော၊ (အညှုိ့)။	que tiene la forma de un par / pareja de bolas / canicas de juego (los riñones).	having the shape of a pair / couple of play balls / marbles (the kidneys).	အညှုိ့ read as အညှို့ 'kidneys' (vakka)
134080	yamakagaṇanā	ယမကအရေအတွက်၊ ယမကကို ရေတွက်ခြင်း။	el cómputo de los *yamaka*; el contar los *yamaka*.	the count of the *yamaka*; the counting of the *yamaka*.	ယမက could mean 'pairs' or the Yamaka book here
134081	yamakagol̤aka	(သူငယ်တို့ကစားသည့်) အစုံသော-မုရည်းလုံး-ပလီလုံး-ဂော်လီလုံး၊မုရည်လုံး-ပလီလုံး-ဂော်လီလုံး-အစုံ။	(con que juegan los niños) bolitas ‹မုရည်း› / bolas / canicas en par; un par de bolitas ‹မုရည်› / bolas / canicas.	(with which children play) paired ‹မုရည်း› balls / balls / marbles; a pair of ‹မုရည်› balls / balls / marbles.	label ပု၊န (masculine, neuter); မုရည်း(လုံး) a kind of play ball, unidentified
134083	yamakañāṇamanthana	အစုံဖြစ်သောဉာဏ်-ဉာဏ်အစုံ-(အနုလုံပဋိလုံအားဖြင့် ဖြစ်သောဉာဏ်) ဖြင့် မွှေနှောက်ခြင်း။	el remover con el conocimiento que es par / con un par de conocimientos / (el conocimiento que surge en orden directo e inverso).	the churning with knowledge that is a pair / with a pair of knowledges / (knowledge arising in forward and reverse order).	အနုလုံပဋိလုံ rendered 'forward and reverse order'
134084	yamakatālakanda	အစုံသော-ထန်းဖု- ထန်းမြစ်-ထန်းပင်မြစ်-ထန်းညှောက်-ထန်းပင်ပေါက်၊ ဌန်းဖု-ထန်းမြစ်-ထန်း ပင်မြစ်-ထန်းညှောက်-ထန်းပင်ပေါက်-အစုံ။	tubérculo / raíz / raíz del tronco / brote / plantón de palmira en par; un par de tubérculos / raíces / raíces del tronco / brotes / plantones de palmira.	paired palmyra tuber / root / trunk root / sprout / seedling; a pair of palmyra tubers / roots / trunk roots / sprouts / seedlings.	label ပု၊န; ထန်း = palmyra palm (Borassus); ဌန်း read as ထန်း (misprint)
134086	yamakatālakkhandha	အစုံသောထန်းပင်၊ ဌန်းပင်အစုံ။ (ယမကတာလကန္ဒ-ဖြစ်သင့်၏)။	palmiras en par; un par de palmiras. (debería ser *yamakatālakanda*).	paired palmyra palms; a pair of palmyra palms. (should be *yamakatālakanda*).	ဌန်း read as ထန်း (misprint)
134092	yamakadevatā	ယမကနတ်။ အသမဒေဝတာ ယမကဒေဝတာ	el *deva* *yamaka*. *asamadevatā yamakadevatā*.	the *deva* *yamaka*. *asamadevatā yamakadevatā*.	the Pāḷi after the gloss has no ။ and no citation; possibly truncated
134094	yamakanatthukaraṇī	နှစ်မြွာသော နာနှပ်တံ (နျစ်ခုသော-အကျည်-ပြွန်-ရှိသော နှာနှပ်တံ)။	aplicador nasal de dos ramas (aplicador nasal que tiene dos cánulas / tubos).	two-branched nasal applicator (a nasal applicator having two nozzles / tubes).	နာနှပ်တံ / နှာနှပ်တံ read as the nasal-medicine applicator (natthukaraṇī); နျစ် read as နှစ်
134096	yamakapāṭihāriya	(၁) (ရေမီး)အစုံအစုသော တန်ခိုးပြာဋိဟာ။ (၂) (ရေမီး)အစုံအစုံသော တန်ခိုးပြာဋိဟာတို့ကို ပြရာကာလ။ မူရင်းကြည့်ပါ။	(1) el prodigio de poder sobrenatural en pares (de agua y fuego). (2) el tiempo en que se muestran los prodigios de poder sobrenatural en pares (de agua y fuego). Véase el original.	(1) the miracle of supernormal power in pairs (of water and fire). (2) the time when the miracles of supernormal power in pairs (of water and fire) are shown. See the original.	အစုံအစုသော read as အစုံအစုံသော; 'See the original' rendered literally
134103	yamakabhāra	အစုံ-နှစ်ခု-သော-ဝန်-ဝန်ထုပ်- ဝန်ပိုး (ဝတ္ထု)။	carga / fardo / bulto en par / doble (objeto).	paired / double load / bundle / burden (object).	(ဝတ္ထု) rendered 'object'
134104	yamakabhāva	အစုံ-နျစ်ခု-ယမက-ယမိုက်-၏အဖြစ်။	el hecho de ser un par / dos / *yamaka* / *yamaka*.	the state of being a pair / two / *yamaka* / *yamaka*.	နျစ် read as နှစ်
134109	yamakamahādvāra	အစုံသော တံခါးရွက်-တံခါးရွက်နှစ်ခု-တို့နှင့်ယှသ်သော ကြီးသောတံခါး၊ တံခါးရွက်အစုံ (နှစ်ခု) တပ်သော တံခါးမကြီး။	gran puerta unida con hojas en par / dos hojas; gran puerta principal a la que se fija un par (dos) de hojas.	great door joined with paired leaves / two leaves; great main gate fitted with a pair (two) of leaves.	ယှသ် read as ယှဉ်
134110	yamakamahānadī	အစုံ-နျစ်သွယ်-စီးသော-ကြီးစွာသောမြစ်-မြစ်ကြီး၊ မြစ်ကြီးနျစ်သွယ်။	gran río / río grande que corre en par / en dos ramales; dos ríos grandes.	great river / big river flowing as a pair / in two branches; two big rivers.	နျစ် read as နှစ်
134111	yamakamahāpāṭihāriya	(၁) (ရေမီး အစရှိသော) အစုံအစုံသောကြီးသော တန်ခိုးပြာဋိဟာတို့ကို ပြခြင်း။ (၂) (ရေမီးအစရှိသော) အစုံအစုံသော ကြီးသော တန်ခိုးပြာဋိဟာတို့ကို ပြရာကာလ။ မူရင်းကြည့်ပါ။	(1) el mostrar grandes prodigios de poder sobrenatural en pares (que comienzan por el agua y el fuego). (2) el tiempo en que se muestran grandes prodigios de poder sobrenatural en pares (que comienzan por el agua y el fuego). Véase el original.	(1) the showing of great miracles of supernormal power in pairs (beginning with water and fire). (2) the time when great miracles of supernormal power in pairs (beginning with water and fire) are shown. See the original.	'See the original' rendered literally
134113	yamakayamaka	(၁) အဆိုင် အဆိုင်-အပြိုင်အပြိုင်-ဖြစ်သော။ (၂) အစုံအစုံဖြစ်သော။ မူရင်းကြည့်ပါ။	(1) enfrentado uno con otro / rivalizando uno con otro. (2) que es en pares. Véase el original.	(1) facing each other / vying with each other. (2) being in pairs. See the original.	'See the original' rendered literally
134117	yamakavijjutā	အစုံသောလျှပ်စစ်နွယ်၊ လျှပ်စစ်နွယ်အစုံ၊ လျှပ်စစ်နွယ် ၂-ခု။	relámpago ramificado en par; un par de relámpagos ramificados; 2 relámpagos ramificados.	paired forked lightning; a pair of forked lightnings; 2 forked lightnings.	လျှပ်စစ်နွယ် ('lightning-creeper') rendered 'forked lightning'
134120	yamakasalākā	အစုံသော-ဒုတ်တံ-ပေါက်တံ။ ဒုတ်တံ-ဖောက်တံ၊ ဒုတ်တံ-ဖောက်တံ-အစုံ။	varilla / punzón en par. varilla / punzón; un par de varillas / punzones.	paired stick / piercer. stick / piercer; a pair of sticks / piercers.	ပေါက်တံ and ဖောက်တံ read as the same word
134121	yamakasalākādahana	အစုံသော-ဒုတ်တံ-ဖောက်တံ-ဖြင့် ထိုးဖောက်ခြင်း။	el perforar con varilla / punzón en par.	the piercing with paired stick / piercer.	dahana is 'burning'; the Burmese has ထိုးဖောက် 'pierce'
134122	yamakasahassa	တစ်ထောင်သော-အစုံ-ယမက- ယမိုက်၊ ယမ-က တစသောင်း။	mil pares / *yamaka* / *yamaka*; diez mil *yamaka*.	a thousand pairs / *yamaka* / *yamaka*; ten thousand *yamaka*.	ယမ-က တစသောင်း read as 'ten thousand yamaka' (တစ်သောင်း), which contradicts sahassa 'thousand'; possibly a misprint for တစ်ထောင်
134123	yamakasāla	အစုံသောအင်ကြင်းပင်။ အင်ကြင်းပင် အစုံ၊ အင်ကြင်းနှစ်ပင်။ (ဦးခေါင်းဘက်၌ အင်ကြင်းပင်အစဉ်အတန်းတစ်ခု၊ ခြေရင်းဘက်၌ တစ်ခု၊ ဤသို့တစ်စုံ၊ ထိုအတန်း၌လည်း ဦးခေါင်းဘက်တစ်ပင် ခြေရင်းဘက်၌တစ်ပင် ဤသို့တစ်စုံဖြစ်သည်)။	árboles sal en par; un par de árboles sal; dos árboles sal. (hacia el lado de la cabeza, una hilera de árboles sal; hacia el lado de los pies, otra; así, un par; y en esa hilera, un árbol hacia el lado de la cabeza y uno hacia el lado de los pies; así es un par).	paired sal trees; a pair of sal trees; two sal trees. (on the side of the head, one row of sal trees; on the side of the feet, one; thus a pair; and in that row, one tree on the side of the head and one on the side of the feet; thus it is a pair).	အင်ကြင်း = sal tree (Shorea robusta)
134127	yamakkhaya	(၁) ယမမင်း၏နေရာ= ငရဲဘုံ။ (၂) ယမမင်း၏ အိမ်-သေခြင်း။ မူရင်းကြည့်ပါ။	(1) la morada del rey *yama* = el *bhūmi* del infierno. (2) la casa del rey *yama* / el morir. Véase el original.	(1) the abode of King *yama* = the hell *bhūmi*. (2) the house of King *yama* / dying. See the original.	'See the original' rendered literally
134129	yamati	(၁) ရှောင်-ကြဉ်-ပျက်စီး-သေ-၏။ (၂) စောင့်စည်း၏။ မူရင်းကြည့်ပါ။	(1) evita / se abstiene / perece / muere. (2) se refrena. Véase el original.	(1) avoids / abstains / perishes / dies. (2) restrains himself. See the original.	'See the original' rendered literally
134133	yamana	(၁) စောင့်စည်းခြင်း။ (၂) အားထုတ်ခြင်း။ (၃)သေခြင်း။ မူရင်းကြည့်ပါ။	(1) el refrenar. (2) el esforzarse. (3) el morir. Véase el original.	(1) restraining. (2) exerting oneself. (3) dying. See the original.	'See the original' rendered literally
134134	yamaniddesakārī	ယမမင်း ညွှန်ကြားတိုင်းပြုလေ့ရှိသော၊	que suele actuar según lo que indica el rey *yama*.	in the habit of acting as King *yama* directs.	the text ends with ၊ (the closing သူ / သည် seems missing)
134137	yamaniyamādibrāhmaṇadhamma	ယမသီလ,နိယမသီလစသော-ပုဏ္ဏားတို့၏တရား။ ပဉ္စသီလ။	el *dhamma* de los brahmanes, que comienza por el *yamasīla* y el *niyamasīla*. *pañcasīla*.	the *dhamma* of the brahmins, beginning with the *yamasīla* and the *niyamasīla*. *pañcasīla*.	တရား here 'the practice / law of the brahmins'
134138	yamanivesana	(၁) ယမမင်း၏နေရာ ငရဲဘုံ။ (၂) ယမမင်း၏အိမ်-သေမင်း၏အိမ် (သေခြင်း)။ မူရင်းကြည့်ပါ။	(1) la morada del rey *yama*, el *bhūmi* del infierno. (2) la casa del rey *yama* / la casa del rey de la muerte (el morir). Véase el original.	(1) the abode of King *yama*, the hell *bhūmi*. (2) the house of King *yama* / the house of the king of death (dying). See the original.	'See the original' rendered literally
134139	yamapurisa	(၁) ယမမင်း၏ တမန်၊ သေမင်း တမန်၊ သေခြင်း။ (၂) ငရဲထိန်း။ (၃) ပြိတ္တာ။ မူရင်းကြည့်ပါ။	(1) el mensajero del rey *yama*; el mensajero del rey de la muerte; la muerte. (2) guardián del infierno. (3) *peta*. Véase el original.	(1) the messenger of King *yama*; the messenger of the king of death; death. (2) hell warden. (3) *peta*. See the original.	'See the original' rendered literally
134141	yamayati	ရှောင်ကြဉ်စေ၏။	hace evitar.	causes to avoid.	label ကာ၊ကြိ (causative verb) not in the label table
134145	yamaloka	(၁) ပြိတ္တာဘုံ။ (၁၂) အပယ်လေးဘုံ။ (၃) တမလွန်လောက။ မူရင်းကြည့်ပါ။	(1) el *bhūmi* de los *peta*. (2) los cuatro *bhūmi* de *apāya*. (3) el otro mundo. Véase el original.	(1) the *bhūmi* of the *peta*. (2) the four *bhūmi* of *apāya*. (3) the world beyond. See the original.	(၁၂) read as (၂) (misprint); 'See the original' rendered literally
134146	yamalokika	ပြိတ္တာ-လောက-ဘုံ-၌ဖြစ်သော။ သူ။	que existe en el mundo / *bhūmi* de los *peta* (dicho de una persona).	existing in the world / *bhūmi* of the *peta* (said of a person).	a ။ before သူ in the print
134147	yamavasa	(၁) ပြိတ္တာဘုံ (ပြိတ္တာ လောက)။ (၂) သေမင်းနိုင်ငံ (တမလွန်လောက)။ (၃) ငရဲ-ဘုံ-ပြည်-နိုင်ငံ။ မူရင်းကြည့်ပါ။	(1) el *bhūmi* de los *peta* (el mundo de los *peta*). (2) el reino del rey de la muerte (el otro mundo). (3) el *bhūmi* / país / reino del infierno. Véase el original.	(1) the *bhūmi* of the *peta* (the world of the *peta*). (2) the realm of the king of death (the world beyond). (3) the *bhūmi* / land / realm of hell. See the original.	'See the original' rendered literally
134148	yamavisaya	(၁) ပြိတ္တာဘုံ (ပြိတ္တာ လောက)။ (၂) သေမင်းနိုင်ငံ (တမလွန်လောက)။ (၃) ငရဲ-ဘုံ-ပြည်-နိုင်ငံ။ မူရင်းကြည့်ပါ။	(1) el *bhūmi* de los *peta* (el mundo de los *peta*). (2) el reino del rey de la muerte (el otro mundo). (3) el *bhūmi* / país / reino del infierno. Véase el original.	(1) the *bhūmi* of the *peta* (the world of the *peta*). (2) the realm of the king of death (the world beyond). (3) the *bhūmi* / land / realm of hell. See the original.	'See the original' rendered literally
134150	yamasādhana	(၁) (က) ယမမင်း-ငရဲမင်း-၏ အာဏာပျံ့နှံ့ရာ ဥဿာငရဲ။ (၁) ယမမင်း၏ အာဏာပျံ့နှံ့ရာ-ဌာန-ငရဲ။ (၂) သေမင်း၏နိုင်ငံ။ မူရင်းကြည့်ပါ။	(1) (a) el infierno *ussā*, al que alcanza la autoridad del rey *yama* / del rey del infierno. (1) el lugar / infierno al que alcanza la autoridad del rey *yama*. (2) el reino del rey de la muerte. Véase el original.	(1) (a) the *ussā* hell, reached by the authority of King *yama* / of the king of hell. (1) the place / hell reached by the authority of King *yama*. (2) the realm of the king of death. See the original.	ဥဿာ possibly a misprint for ဥဿဒ (ussada, the minor hells); the second (၁) is probably (ခ); 'See the original' rendered literally
134151	yamāmase	ပျက်စီးကုန်အံ့၊ သေကုန်အံ့၊ သေမင်းထံသို့ လားရကုန်အံ့။	pereceremos; moriremos; iremos junto al rey de la muerte.	we shall perish; we shall die; we shall go to the king of death.	1st person plural (headword -mase) rendered in the 1st person
134154	yamunā	[ ယမု န+ဥန+ အာ။ ယမု. ဥန+အာ။ ယမ+တုန+ အာ။ ယမု ဥပရမေ။ ဥနော။ ယမဿ ဘဂိနိ ဝါ ယမုနာ၊ ဘဝိ ဇျတ္ထေ၊ ဥနော။ ဓာန်၊ဋိ။ ၆ဂ ၂။ ယမေတိ ပါပံ နာသေတီတိ ယမုနာ၊ ဧကာ မဟာနဒီ။ ဏွာဒိ။ ဝဝာ။ ယစ္ဆတိ ဝိရမတိ ဂင်္ဂါယ ဓီတိ ယမုနာ။ ဂပ္ပဒ္ဒုမ။ ယမုနာ - သံ။ ဇမုဏာ၊ ဇာဏာ၊ ဇမှဏာ-ပါကတ။ ] ယမု မြစ်၊ အိန္ဒိယမြောက်ပိုင်း ၆ ထင်ရား ူနာမြစ်၊အိန္ဒ ပိုင်းတွင် ထင်ရှား သောမြစ်။ (ဗြိဟတ် ဟိန္ဒိကောသနှင့် အက်ပတေး တို့၌-ယမုနာ (ထိ) (ယမ+ဥန+အာ) (၁) ယမမင်း၏နှမ၊ ( ၂) အိန္ဒိယမြောက် ဝဲ့့ဟူဋ ဟဋယ့် [ဋ ဖိုင် ထင်ရှားသော ယမုနာမြစ်၊ (ဒ) ဒုရဂ နတ်သမီးဟူ၍ သုံးနက် လာသည်။ ) ယမုနာမြစ်သည်-ဂင်္ဂါ ယမုနာ, အစိရဝတီ သရဘူ မဟီ-ဟူသော မြစ်ကြီးငါးသွယ် ၆] ရ ၆] --။ ။ ေါရျ ရုျ ဌ တို့တွင် ဒုတိယမြစ်ဖြစ်သည်။ (ဝိ၊၄။ ၄ ၂၀။ သံ၊၁။ ၃၅၃။ အံ၊ ၂။ ၄၇၄) တနည်း - သိန္ဓု သရဿတီ,နဒီယ (=နန္ဒိယ), စန္ဒဘာဂါ, ယမုနာ, သရဘူ, မဟီဟူသော မြစ်ကြီး ဂ-သွယ်တို့တွင် ဆဋ္ဌမြစ်ဖြစ်သည်။ (အပ၊၁။ ၃၀။ အပ၊ဋ္ဌ၊၁။ ၂၅၉။ ) တနည်း-ဂင်္ဂ ] ယမုနာ, အစိရဝတီ, သရဘူ့မဟီ, သိန္ဓု, သရဿတိ, ဝေတြဝတိ, ဝီတံသာ, စန္ဒဘာဂါ-ဟူသော မြစ်ကြီး ၁၀သွယ်ဘို့တွင် ဒုတိယမြစ်ဖြစ်သည်။ (မိလိန္ဒ။ ၁၁၉။ ) ယင်း ယမုနာမြစ်သည် ဇမ္ဗူဒိပ်ကျန်းရှိ အနောတတ်အိုင်၏ တောင်ဘက်မျက်နှာမှ စတင်စီးဆင်းလေသည်၊ အနောတဘ်အိုင်ကို / ၅၀ ပုနာ ၂၂၂၂၂ လက်ယာရစ် ၃.ပတ် လှည့်လည်၍ စီးဆင်း ရာ အပ်ကို “အာဝဇ္ဇဂင်္ဂါဟု ခေါ်သည်။ ကျောက်သားအပြင်ဖြင့် ယူဇနာ ၆ဝတိုင် ြ ရုသုဋိဟု ဋီ. ဟ၃ဋ တိုင် ဖြောင့်ဖြောင့် တန်းတန်း စီးဆင်းရာ အရပ်ကို ကဏှဂင်္ဂါ ဟု ခေါ်သည်။ ကောင်းကင်ခရီးဖြင့် ယူဇနာ ၆၀-တိုင်တိုင် စီးဆင်းရာ အရပ်ကို ““ဣဒကာ သင်္ဂါ” ဟုခေါ် သည်။ တိယဂ္ဂဠမည်သော ကျောက် ရေကန်ကြီး၏ ကန်ပေါင်ကို ဖောက်ထွင်း ပြီး ကျောက်သားထဲသို့ စိမ့်ဝင် ယူဇနာ ၆၀-တိင်တိင် စီးဆင်းရာအရပ်ကို ““မဌဟလရှား” “ ူ းျူ ၂ ှိုင် ရျ ဂင်္ဂါ” ဟု ခေါ်သည်၊ ဥမင်လိုဏ်ခေ င်းဖြင့် ယူဇနာ ၆၀-တိုင်တိုင် စီးဆင်းရာအရပ်ကို “ဥမင်္ဂဂင်္ဂါဟု ခေါ်သည်၊ ဝိဉ အမည်ရှိ သော တောင်မီလာကို တိုက်ခတ်၍ လက် ၅-ချောင်းကဲ့သို့ မြစ်ကြီး ၅-သွယ်ဖြာ၍ စီး ဆင်းရာအရပ်ကို ဂင်္ဂါ, ယမုနာ, အစီရဝတိ, သ ဘူ, မဟီ-ဟု အသီးအသီးခေါ် လေသည်။ (မဋ္ဌ၊၃။ ၂၅-၆။ အဋ္ဌ။ ၃။ ၂၁၈-၂၀။ ဥဒါန၊ဋ္ဌ။ ၂၇၃-၄။ သုတ္တနိ၊ဋ္ဌ၊၂။ ၁၆၁-၂။ ) ယမုနာခြစ်သည် ပယာဂ (=ိဝေနီ) ဆိပ်ကမ်း၌တည်ရှိ၏။ (ဇာ၊ ၂။ ၂၃၀။ ) ယမုနာမြစ် အနီး၌ ဟိမဝန္တာတောင်တည် ရှိ၍ ယင်းမြစ် အောက်၌ နဂါးပြည် တည် ရှိလေသည်။ (ဇာ၊ ၂၂၃၁။ ဇာ၊ဋ္ဌ၊ ၇။ ၄၆။ ) ယမုနာမြစ် မကောင်းမှုကို ဆေးကြော သုတ်သင် - (မျောပစ်) ကြသည်။ (ဇာ၊ ၂။ ၂၃၀။ ) ယမုနာမြစ် နဂါးများ နေထိုင်ကြ သည်။ (ဒီ။ ၂။ ၂၀၇။ ဒီ၊ဋ္ဌ၊ ၂။ ၂၈၁။ ဒီ၊ဋီ၊ ၂။ ၂၄၁) မွေးဖွားပြီး အခါ မင်္ဂလာအသို့ငှာ (အနာရောဂါ ကင်းရွင်းရန် -အပါဋ္ဌ၊ ၂။ ၂၀၃။ ) ဗာကုလသတို့ သားကလေးကို ယမု နာမြစ်၌ ရေကစားစေကာ အထိန်းတော် များက ရေးချိုးပေးကြသည်။ (ပဋိသံ၊ဋ္ဌ၊ ၂။ ၂၇၉။ ) ယမုနာမြစ်ကမ်း၌ မထုရာမြိုနှင့် ကောသမ္ဗီမြိုများ တည်ရှိ၍ (ပဋိသံ၊ဋ္ဌ၊ ၂။ ၂၇၉။ ဟုခဤ ဤရ့ ပညောင်ပင်ကြီးလည်း တည်ရှိလေသည်။ (စရိယာ၊ဋ္ဌ။ ၁၁၇။ ဇာ၊ဋ္ဌ၊။ ၇။ ၁၃။ ) ယမုနာမြစ်သည် စိမ်းညိုသောရေရှိသည်၊ ယင်းမြစ်ကမ်း အနီးအပါး၌ ဥဒေါင်းများ ကြိုးကြာများ မြူးထူးပျော်ပါးကစားနေထိုင် ကြသည်။ (ဇာ၊၂။ ၂၂၂။ ဇာ၊ဋ္ဌ၊ ၇၁၆။ ) ဂင်္ဂါငါးနှင့် ယမုနာဝါးတို့ အချင်းချင်း အလှုပြိုင် ကြသည်။ (ဇာ၊၁။ ၅၄။ ဇာ၊ဋ္ဌ၊၂။ ၁၃၈၉။ ) / ဘူရိဒတ္တ နဂါးမင်းကြီးသည် ယမုနာမြစ် ကမ်းနား၌ အင်္ဂါလေးပါးနှင့် ပြည့်စုံသော ဥပုသ်သီလကို ဆောက်တည်သည်။ (စရိယာ၊ ဋ္ဌ။ ၁၁၃။ ဇာ၊ဋ္ဌ၊ ၇။ ၁၃။ ) ယင်း နဂါးမင်းကြီး၏ အလုပ်အကျေး နဂါးမဘို့သည် နဂါးမင်းကြီး၏ ပတ္တမြား ရတနာကြီးကို ယမုနာမြစ်သဲသောင်ပြင်၌ ချထား၍ပတ္တမြားရောင်ဖြင့် မြူးထူး ပျော်ပါး ကစားကြသည်။ (စရိယာ၊ဋ္ဌ။ ၁၁၉။ ) ဂင်္ဂါ, ယမုနာ-စသော မြစ်ကြီးငါးစင်း တို့သည် သတ္တဝါတို့၏ ရာဂစသော ကိလေသာ အညစ်ကြေးကို သုတ်သင်ခြင်းငှာ မစွမ်းနိုင် ကြပေ။ ဝိသုဒ္ဓိ၊၁။ ပုန စ ပရံ ဘိက္ခဝေ ယာကာစိ မဟာနဒီယော၊ သေယျထိဒံ၊ ဂင်္ဂါ, ယမုနာ, အစိရဝတီ, သရဘူ, မဟီ၊ တာ မဟာသမုဒ္ဒံ ပတ္တာ(ပတွာ) ဇဟန္တိ ပုရိမာနိ နာမ ဂေါတ္တာနိ မဟာသမုဒ္ဒေါတွေဝ သင်္ခ”ဂစ္ဆန္တိ။ ၁ ယမေန္တ ဝိ၄။ ၄ ၂၀။ အံ၊၃။ ၃၉။ ဥဒါန။ ၁၄၀။ သေယျ ထာပိ ဘိက္ခဝေ ယမုနာ နဒီ ပါစိနနိန္နာ ပါစိနပေါဏာ ပါစိနပဗ္ဘာရာ။ သံ၊၃။ ၃၀။ ယေ ကုဠီရာ သမုဒသိ၊ ဂင်္ဂါယ ယမုနာယ စ။ ဇာ၊ ၁။ ၇၀။ ဂင်္ဂါယ စရန္တိ၊ ယမုနာယ စရန္တိ။ ဝိ၊ဋ္ဌ။ ၁။ ၈၂။ ဋ္ဌ။ ၁။ ၃။ သံ၊ဋ္ဌ၊ ၁။ ၁၂။ ခုဒ္ဒက၊ ဌ။ ၅။ သံ၊ ၁။ ၃၅၃။ အံ၊၂။ ၄၇၄။ အပ၊ ၁။ ၃၀။ မိလိန္ဒ။ ၇၃၊၉၄၊၁၁၉။ )	[*yamu na+una+ ā*. *yamu. una+ā*. *yama+tuna+ ā*. *yamu uparame.. uno*. *yamassa bhagini vā yamunā. bhavi jyatthe. uno*. *yameti pāpaṁ nāsetīti yamunā. ekā mahānadī*. *yacchati viramati gaṅgāya dhīti yamunā*. *yamunā*: sánscrito; *jamuṇā. jāṇā. jamhaṇā*: prácrito.] el río *yamu*[…], […] famoso en el norte de la India; río famoso en la parte […] de la India. (En el Bṛhat Hindī Kośa y en Apte, *yamunā* (femenino) (*yama+una+ā*) aparece con tres significados: (1) la hermana del rey *yama*; (2) el río *yamunā*, famoso en el norte de la India […]; (3) la *devī* *duraga*.) El río *yamunā* es el segundo de los cinco grandes ríos, a saber, *gaṅgā*, *yamunā*, *aciravatī*, *sarabhū*, *mahī* […]. Según otra versión, es el sexto de los 7 grandes ríos, a saber, *sindhu*, *sarassatī*, *nadīya* (=*nandiya*), *candabhāgā*, *yamunā*, *sarabhū*, *mahī*. Según otra versión, es el segundo de los 10 grandes ríos, a saber, *gaṅga*, *yamunā*, *aciravatī*, *sarabhū*, *mahī*, *sindhu*, *sarassati*, *vetravati*, *vītaṁsā*, *candabhāgā*. Ese río *yamunā* comienza a fluir desde la cara sur del lago *anotatta*, en *jambudīpa*; el tramo en que fluye girando 3 veces hacia la derecha alrededor del lago *anotatta* […] se llama «*āvajjagaṅgā*». El tramo en que fluye recto y derecho sobre la superficie de la roca a lo largo de 60 *yojana* […] se llama *kaṇhagaṅgā*. El tramo en que fluye por el aire a lo largo de 60 *yojana* se llama «*idakā saṅgā*». El tramo en que, tras romper el dique del gran estanque de roca llamado *tiyaggal̤a*, se filtra en la roca y fluye a lo largo de 60 *yojana*, se llama «[…] *gaṅgā*»; el tramo en que fluye por un túnel a lo largo de 60 *yojana* se llama «*umaṅgagaṅgā*»; los tramos en que, tras chocar con el monte llamado *viña*, se divide en 5 grandes ríos como los 5 dedos de la mano y fluye, se llaman respectivamente *gaṅgā*, *yamunā*, *acīravati*, *sa bhū*, *mahī*. El río *yamunā* está en el vado de *payāga* (= ‹ိဝေနီ›). Cerca del río *yamunā* está el monte *himavantā*, y bajo ese río está el país de los *nāga*. En el río *yamunā* la gente lava / limpia (arroja a la corriente) sus malas acciones. En el río *yamunā* viven *nāga*. Tras su nacimiento, por buen augurio (para que estuviera libre de enfermedad), las nodrizas hicieron jugar en el agua del río *yamunā* al niño *bākula*, hijo de familia rica, y lo bañaron. En la orilla del río *yamunā* están las ciudades de *mathurā* y *kosambī*, y […] también hay un gran baniano. El río *yamunā* tiene aguas de color verde oscuro; en los alrededores de su orilla viven pavos reales y grullas, retozando alegremente. Los peces del *gaṅgā* y los peces del *yamunā* rivalizaron entre sí en belleza. El gran rey *nāga* *bhūridatta* observó, en la orilla del río *yamunā*, el *uposathasīla* dotado de cuatro factores. Las hembras *nāga* al servicio de ese gran rey *nāga* dejaron la gran joya de rubí del gran rey *nāga* sobre el banco de arena del río *yamunā* y retozaron alegremente a la luz del rubí. Los cinco grandes ríos, *gaṅgā*, *yamunā* y demás, no pueden limpiar la suciedad de los *kilesa* de los seres, que comienzan por el *rāga*. *puna ca paraṁ bhikkhave yākāci mahānadīyo. seyyathidaṁ. gaṅgā, yamunā, aciravatī, sarabhū, mahī. tā mahāsamuddaṁ pattā(patvā) jahanti purimāni nāma gottāni mahāsamuddotveva saṅkha”gacchanti*. *seyya thāpi bhikkhave yamunā nadī pācinaninnā pācinapoṇā pācinapabbhārā*. *ye kul̤īrā samudasi. gaṅgāya yamunāya ca*. *gaṅgāya caranti. yamunāya caranti*.	[*yamu na+una+ ā*. *yamu. una+ā*. *yama+tuna+ ā*. *yamu uparame.. uno*. *yamassa bhagini vā yamunā. bhavi jyatthe. uno*. *yameti pāpaṁ nāsetīti yamunā. ekā mahānadī*. *yacchati viramati gaṅgāya dhīti yamunā*. *yamunā*: Sanskrit; *jamuṇā. jāṇā. jamhaṇā*: Prakrit.] the river *yamu*[…], […] famous in northern India; a river famous in the […] part of India. (In the Bṛhat Hindī Kośa and in Apte, *yamunā* (feminine) (*yama+una+ā*) occurs in three senses: (1) the sister of King *yama*; (2) the river *yamunā*, famous in northern India […]; (3) the *devī* *duraga*.) The river *yamunā* is the second of the five great rivers, namely *gaṅgā*, *yamunā*, *aciravatī*, *sarabhū*, *mahī* […]. According to another account, it is the sixth of the 7 great rivers, namely *sindhu*, *sarassatī*, *nadīya* (=*nandiya*), *candabhāgā*, *yamunā*, *sarabhū*, *mahī*. According to another account, it is the second of the 10 great rivers, namely *gaṅga*, *yamunā*, *aciravatī*, *sarabhū*, *mahī*, *sindhu*, *sarassati*, *vetravati*, *vītaṁsā*, *candabhāgā*. That river *yamunā* begins to flow from the southern face of Lake *anotatta* in *jambudīpa*; the stretch where it flows circling Lake *anotatta* 3 times to the right […] is called '*āvajjagaṅgā*'. The stretch where it flows straight and level over the surface of the rock for 60 *yojana* […] is called *kaṇhagaṅgā*. The stretch where it flows through the sky for 60 *yojana* is called '*idakā saṅgā*'. The stretch where, having broken through the embankment of the great rock pool named *tiyaggal̤a*, it seeps into the rock and flows for 60 *yojana*, is called '[…] *gaṅgā*'; the stretch where it flows through a tunnel for 60 *yojana* is called '*umaṅgagaṅgā*'; the stretches where, having struck the mountain named *viña*, it divides into 5 great rivers like the 5 fingers of the hand and flows on, are called respectively *gaṅgā*, *yamunā*, *acīravati*, *sa bhū*, *mahī*. The river *yamunā* is at the ford of *payāga* (= ‹ိဝေနီ›). Near the river *yamunā* stands the *himavantā* mountain, and beneath that river lies the land of the *nāga*. In the river *yamunā* people wash / cleanse away (cast into the stream) their evil deeds. In the river *yamunā* *nāga* dwell. After his birth, for good fortune (so that he would be free from illness), the nurses made the child *bākula*, son of a wealthy family, play in the water of the river *yamunā* and bathed him. On the bank of the river *yamunā* stand the cities of *mathurā* and *kosambī*, and […] there is also a great banyan tree. The river *yamunā* has dark-green water; around its bank peacocks and cranes live, frolicking gaily. The fish of the *gaṅgā* and the fish of the *yamunā* vied with each other in beauty. The great *nāga* king *bhūridatta* kept, on the bank of the river *yamunā*, the *uposathasīla* endowed with four factors. The female *nāga* attending that great *nāga* king set down the great ruby gem of the great *nāga* king on the sandbank of the river *yamunā* and frolicked gaily in the ruby's light. The five great rivers, *gaṅgā*, *yamunā* and so on, cannot cleanse beings of the filth of the *kilesa* beginning with *rāga*. *puna ca paraṁ bhikkhave yākāci mahānadīyo. seyyathidaṁ. gaṅgā, yamunā, aciravatī, sarabhū, mahī. tā mahāsamuddaṁ pattā(patvā) jahanti purimāni nāma gottāni mahāsamuddotveva saṅkha”gacchanti*. *seyya thāpi bhikkhave yamunā nadī pācinaninnā pācinapoṇā pācinapabbhārā*. *ye kul̤īrā samudasi. gaṅgāya yamunāya ca*. *gaṅgāya caranti. yamunāya caranti*.	long encyclopedic entry with heavy OCR damage; illegible stretches marked […] (after ယမု, in the list of five rivers, in the Āvaṭṭa- and Kaṇha- stretches, in the name of the fourth stretch, before the banyan); source names (ဓာန်ဋီ, ဏွာဒိ, ဂပ္ပဒ္ဒုမ) and the unexplained ဝဝာ dropped, all citations dropped; ဂ-သွယ် read as 7 (၇); ဒုရဂ read as Durgā; ဝိဉ (the mountain) and ဣဒကာ သင်္ဂါ (Ākāsagaṅgā?) left as printed; ယမုနာဝါး read as ယမုနာငါး 'Yamunā fish'; နဂါးမဘို့ read as နဂါးမတို့; ပယာဂ (=ိဝေနီ) is presumably Triveṇī; the Pāḷi quotations copied with their misprints (သင်္ခ”ဂစ္ဆန္တိ); the rāga-kilesa sentence cites ဝိသုဒ္ဓိ၊၁
134155	yamunātīra	ယမုနာမြစ်ကမ်း-ကမ်းနား။ ဘဒ္ဒေအစံ မနုဿလောကံ ဂန္နာ ယမုနာတီရေ မဟာနိဂြောဓရုက္ခောအတ္ထိ။	la orilla / ribera del río *yamunā*. *bhaddeacaṁ manussalokaṁ gannā yamunātīre mahānigrodharukkhoatthi*.	the bank / shore of the river *yamunā*. *bhaddeacaṁ manussalokaṁ gannā yamunātīre mahānigrodharukkhoatthi*.	the Pāḷi example copied as printed (ဘဒ္ဒေအစံ, ဂန္နာ look misprinted)
134157	yameti	(၁) လုပ်ကျွေး၏။ (၂) နှောင်ဖွဲ့တတ်၏။ မူရင်းကြည့်ပါ။	(1) cuida y sustenta. (2) suele atar. Véase el original.	(1) tends and supports. (2) is apt to bind. See the original.	label ကာ၊ကြိ (causative verb); 'See the original' rendered literally
134161	yamel̤atekūla	ယမေဠက-ရွာ (စံ၊သျ)။	la aldea *yamel̤aka*.	the village *yamel̤aka*.	source tags (စံ၊သျ) dropped (probably edition sigla for this variant reading)
134162	yamel̤akekuṭa	ယမေဠက-ရွာ (စံ၊သျ)။	la aldea *yamel̤aka*.	the village *yamel̤aka*.	source tags (စံ၊သျ) dropped (probably edition sigla for this variant reading)
134163	yava	(၁) မုယောစပါး၊ ဂျုံဖြူ၊ စဇာစပါး၊ ဗာလီ။ (၂) ယဝမည်သောမင်း။ မူရင်းကြည့်ပါ။	(1) cebada; trigo blanco; grano ‹စဇာ›; “barley”. (2) el rey llamado *yava*. Véase el original.	(1) barley; white wheat; ‹စဇာ› grain; 'barley'. (2) the king named *yava*. See the original.	စဇာ unidentified grain, left in Burmese; ဗာလီ is the English loanword 'barley'; 'See the original' rendered literally
134164	yavaka	(ပု) (၁) မုယော-ဂျုံဖြူ-စဇာ-ဗာလီ-ထမင်း။ (န) (၂) မုယော-ဂျုံဖြူ-စဇာ-ဗာလီ-စာပးစိုက်ပျိုးရာ-လယ်-မြေ (မုယောခင်း)။ (ပု) (၃) မုယော-ဂျုံဖြူ-စဇာ-ဗာလီ-စပါး။ မူရင်းကြည့်ပါ။	(masculino) (1) comida de cebada / trigo blanco / ‹စဇာ› / “barley”. (neutro) (2) campo / terreno donde se siembra el grano de cebada / trigo blanco / ‹စဇာ› / “barley” (campo de cebada). (masculino) (3) grano de cebada / trigo blanco / ‹စဇာ› / “barley”. Véase el original.	(masculine) (1) cooked barley / white wheat / ‹စဇာ› / 'barley'. (neuter) (2) field / ground where barley / white wheat / ‹စဇာ› / 'barley' grain is sown (barley field). (masculine) (3) barley / white wheat / ‹စဇာ› / 'barley' grain. See the original.	label ပု၊န; စဇာ unidentified; ဗာလီ = 'barley'; စာပး read as စပါး; ထမင်း 'cooked grain, meal'; 'See the original' rendered literally
134166	yavakalāpa	(၁) မုယောစပါးစည်း။ မုယော ကောက်လှုိင်း၊ မုယောလှုိင်း။ (၂) မုယော-စပါးပင်-ကောက်ပင်-ကောက်ဆုပ်။ မူရင်းကြည့်ပါ။	(1) gavilla de cebada. haz de espigas de cebada; haz de cebada. (2) planta / mata de mies / manojo de espigas de cebada. Véase el original.	(1) sheaf of barley. bundle of barley ears; barley bundle. (2) barley plant / stalk of grain / handful of ears. See the original.	'See the original' rendered literally
134169	yavakalāpiya	(မုယောကောက်လှုိင်းအခင်းကို ပေးလှူသော)	(que dona un lecho de haces de cebada)	(donating a spread of barley bundles)	the definition is only a bracketed gloss, without ။
134176	yavakhādana	မုယောဆန်ကို-စား-သုံးဆောင်-ဘုဉ်းပေး-ခြင်း။	el comer / consumir / tomar el grano descascarillado de cebada.	eating / consuming / partaking of hulled barley.	label missing; ဘုဉ်းပေး is the honorific 'eat' said of monks, rendered tomar / partaking
134178	yavagodhumasīsa	မုယောစပါး၊ နတ်ကောက်စပါး တို့၏အနှံ့၊ မုယောစပါးနှံ့,နတ်ကောက်စပါးနှံ။	la espiga de la cebada y del trigo; espiga de cebada, espiga de trigo.	the ear of barley and of wheat; barley ear, wheat ear.	နတ်ကောက်စပါး read as wheat (godhuma)
134182	yavati	(၁) ရောနှော၏။ (၂) ပွါးစေ-သီး-၏။ မူရင်းကြည့်ပါ။	(1) mezcla. (2) hace crecer / fructifica. Véase el original.	(1) mixes. (2) causes to increase / bears fruit. See the original.	'See the original' rendered literally
134183	yavatthara	မုယော-မုယောစည်း-အခင်း၊ မုယော-မုယော စည်း-အခင်းကို ပေးလှူရခြင်း၊ (ထိုင်စရာမှ ယောကောက်လှုိင်း အခင်း)။	lecho de cebada / de gavillas de cebada; el poder donar un lecho de cebada / de gavillas de cebada; (un lecho de haces de cebada para sentarse).	a spread of barley / of barley sheaves; getting to donate a spread of barley / of barley sheaves; (a spread of barley bundles to sit on).	ထိုင်စရာမှ ယောကောက်လှုိင်း read as ထိုင်စရာ မုယောကောက်လှုိင်း (misprint?)
134187	yavanabhāsā	ယဝနမည်သောအရပ်-ယွန်းပြည်-၌- ဖြစ်သော ဘာသာ ၊ ယဝနတိုင်းသားတို့၏-ဘာသာ-စကား။	la lengua que se da en el lugar llamado *yavana* / el país ‹ယွန်း›; la lengua / el habla de los habitantes del país *yavana*.	the language arising in the place called *yavana* / the ‹ယွန်း› country; the language / speech of the people of the *yavana* country.	ယွန်းပြည် (Burmese name for the Yona country, also used of Lanna) left in Burmese
134190	yavaparimāṇa	မုယောစပါး-အတိုင်းအရှည်- ပမာဏ- ရှိသော (အတ္တ၊ အသက်၊ လိပ်ပြာကောင်)။	que tiene la medida / el tamaño de un grano de cebada (el *atta*; la vida; el alma).	having the measure / size of a barley grain (the *atta*; life; the soul).	လိပ်ပြာကောင် (the Burmese folk 'butterfly' soul) rendered alma / soul
134193	yavapāla	မုယောခင်းကို-စောင့်-စောင့် ရှောက်-တတ်သော၊ သူ။ မုယောခင်းကို စောင့်-စောင့်ရှောက်တတ်သော၊ သူ။ မုယောခင်းစောင့်-သမား-သူ။	que suele guardar / proteger el campo de cebada (dicho de una persona). que suele guardar / proteger el campo de cebada (dicho de una persona). guarda del campo de cebada / hombre de ese oficio / persona.	apt to guard / watch over the barley field (said of a person). apt to guard / watch over the barley field (said of a person). barley-field guard / man of that trade / person.	the first two glosses are identical in the print
134194	yavapālaka	(၁) (က) မုယောခင်းကို စောင့်-စောင့် ရှောက်တတ်သော၊ သူ။ မုယောခင်းစောင့် (ဆင်းရဲသား လူငယ်)။ (ခ) ဓမ္မဒဿီဘုရားလောင်းအား မြက်ရှစ်ဆုပ်လှူဒါန်းသော သီရိဝဍ္ဎုနလုလင်။ (ဂ) ပိယဒဿီဘုရားလောင်းအား မြက်ရှစ်ဆုပ်လှူဒါန်းသော သုဇာတလုလင်။ (၂) ယဝပါလကဝိမာနဝတ္ထု။ မူရင်းကြည့်ပါ။	(1) (a) que suele guardar / proteger el campo de cebada (dicho de una persona). guarda del campo de cebada (un joven pobre). (b) el joven *sīrivaḍḍhuna*, que donó ocho puñados de hierba al *bodhisatta* *dhammadassī*. (c) el joven *sujāta*, que donó ocho puñados de hierba al *bodhisatta* *piyadassī*. (2) el *yavapālakavimānavatthu*. Véase el original.	(1) (a) apt to guard / watch over the barley field (said of a person). barley-field guard (a poor young man). (b) the young man *sīrivaḍḍhuna*, who gave eight handfuls of grass to the *bodhisatta* *dhammadassī*. (c) the young man *sujāta*, who gave eight handfuls of grass to the *bodhisatta* *piyadassī*. (2) the *yavapālakavimānavatthu*. See the original.	'See the original' rendered literally
134199	yavamajjhaka	(၁) ယဝမဇ္ဈကရွာ။ (၂) ယဝမဇ္ဈကရွာ၌တည်သောအိမ်။ မူရင်းကြည့်ပါ။	(1) la aldea *yavamajjhaka*. (2) la casa situada en la aldea *yavamajjhaka*. Véase el original.	(1) the village *yavamajjhaka*. (2) the house standing in the village *yavamajjhaka*. See the original.	'See the original' rendered literally
134201	yavarāja	ယာမည်သောမင်း၊ ယဝမင်း။ «S1»	el rey llamado *yā*; el rey *yava*. Véase [[yava]] (2).	the king named *yā*; King *yava*. See [[yava]] (2).	ယာ probably a misprint for ယဝ; copied as printed
134204	yavalakkhaṇa	(အတွင်းဖက်အားဖြင့် လက်ဆစ်ခြေဆစ်၌ တည်သော) မုယောစပါး-စဇာစပါး-နှင့်တူသော လက္ခဏာတော်။	(situado, por el lado interior, en las articulaciones de los dedos de las manos y de los pies) el *lakkhaṇā* semejante a un grano de cebada / ‹စဇာ›.	(located, on the inner side, at the joints of the fingers and toes) the *lakkhaṇā* resembling a barley / ‹စဇာ› grain.	လက္ခဏာတော် is honorific (a bodily mark, presumably of the Buddha); စဇာ unidentified grain, left in Burmese
134207	yavasa	မြက်၊ နွားစားမြက်။	hierba; hierba que come el ganado.	grass; grass eaten by cattle.	label ပု၊န
134211	yavasika	မုယောခင်းစောင့်သော၊ သူ။ မုယောခင်းစောင့် (မြန်မာပြန်)။ (ကျွဲနွားစား) မြက်ပိုင်ရှင် (ဝီလျံ)။	que guarda el campo de cebada (dicho de una persona). guarda del campo de cebada (traducción birmana). propietario de hierba (que comen búfalos y vacas) (Williams).	guarding the barley field (said of a person). barley-field guard (Burmese translation). owner of grass (eaten by buffaloes and cattle) (Williams).	source notes (မြန်မာပြန်) and (ဝီလျံ, presumably Monier-Williams) kept as translated tags; the bracket (ကျွဲနွားစား) stands before မြက်ပိုင်ရှင် in the print
134214	yavodana	မုယော-ဂျုံဖြူ-စဇာ-ဗာလီ-ထမင်း။	comida de cebada / trigo blanco / ‹စဇာ› / “barley”.	cooked barley / white wheat / ‹စဇာ› / 'barley'.	စဇာ unidentified grain, left in Burmese; ဗာလီ is the English loanword 'barley'
134215	yasa	(၁) အခြံအရံ၊ အခြွေအရံပရိသတ်။ (၂) အကျော်အစော,ကျော်စော သံ,ကျော်စောခြင်း,ချီးမွမ်းခြင်း။ (၃) အခြံအရံ,အကျော်အစော။ (၄) ယသ ဘုန်းတော်၊ (လောကသုံးပါး၌ ပျံ့နှံ့သော ဟုတ်မှန်သည့် ဂုဏ်တော်တို့ကြောင့် ရအပ်သော အလွန်စင်ကြယ်သော ကျော်စောသံ)။ ။ (၅) လဘ်ပူဇော်သကာ။ (၆) စည်းစိမ်ဥစ္စာ။ (၇) အစိုးရခြင်း၊ အာဏာပြု-အာဏာထား-အမိန့်ပေး-စီမံခန့်ခွဲ-ခြင်း။ (၈) အစိုးရခြင်း,စည်းစိမ်ဥစ္စာနှင့် ပြည့်စုံခြင်း,ချီးမွမ်းခြင်း။ (၉) (နတ်တို့၏) ဘုန်းတန်ခိုး။ (၁၀) (အတ္တဘော ၏) အသရေ၊ ဘုန်းကျက်သရေ။ (၁၁) ယသသုတ်။ မူရင်းကြည့်ပါ။	(1) séquito; comitiva de acompañantes. (2) fama, sonido de la fama, el ser famoso, la alabanza. (3) séquito, fama. (4) la gloria *yasa* (la fama sumamente pura, obtenida por las verdaderas virtudes difundidas por los tres mundos). (5) ganancias y homenajes. (6) riqueza. (7) el gobernar; el ejercer autoridad / imponer autoridad / dar órdenes / administrar. (8) el gobernar, el estar dotado de riqueza, la alabanza. (9) (de los *deva*) gloria y poder. (10) (del cuerpo) el esplendor; la gloria y la majestad. (11) el sutta *yasa*. Véase el original.	(1) retinue; attendant following. (2) fame, the sound of fame, being famous, praise. (3) retinue, fame. (4) the *yasa* glory (the exceedingly pure fame, obtained through the true virtues spread through the three worlds). (5) gain and honour. (6) wealth. (7) ruling; exercising authority / wielding authority / giving orders / administering. (8) ruling, being endowed with wealth, praise. (9) (of the *deva*) glory and power. (10) (of the body) splendour; glory and majesty. (11) the *yasa* sutta. See the original.	လဘ် read as လာဘ် (lābha-sakkāra); a stray ။ after (4); ဘုန်းတော် / ဂုဏ်တော် honorific (presumably of the Buddha); အတ္တဘော rendered 'body' (L084); 'See the original' rendered literally
134218	yasa	(၁) ပဒုမုတ္တရဘုရားလောင်း၏) "ယသမည်သောပြာသာဒ်။ (၂) (ကဿပဘုရားလောင်း၏) "ယသ" မည် ပြာသာဒ်။ (၃) (မဟာသမယသုတ်လာ) "ယသ" မည်သောနတ်။ (၄) သုမေဃယသစကြဝတေးမင်း။ (၅) ကာကဏ္ဍကပုဏ္ဏား၏သား၊ အရှင်ယသ။ (၆) ယသသူဌေးစား၊ ယသထေရ်။ မူရင်းကြည့်ပါ။	(1) (del *bodhisatta* *padumuttara*) el palacio llamado «*yasa*». (2) (del *bodhisatta* *kassapa*) el palacio llamado «*yasa*». (3) (que aparece en el sutta *mahāsamaya*) el *deva* llamado «*yasa*». (4) el monarca universal *sumeghayasa*. (5) el hijo del brahmán *kākaṇḍaka*, el venerable *yasa*. (6) *yasa*, hijo de un rico mercader; el *thera* *yasa*. Véase el original.	(1) (of the *bodhisatta* *padumuttara*) the palace named '*yasa*'. (2) (of the *bodhisatta* *kassapa*) the palace named '*yasa*'. (3) (occurring in the *mahāsamaya* sutta) the *deva* named '*yasa*'. (4) the wheel-turning monarch *sumeghayasa*. (5) the son of the brahmin *kākaṇḍaka*, the Venerable *yasa*. (6) *yasa*, the rich merchant's son; the *thera* *yasa*. See the original.	brackets and quotes unbalanced in (1) of the print, normalised; သူဌေးစား read as သူဌေးသား; 'See the original' rendered literally
134219	yasakāma	(၁) အခြံအရံကို အလိုရှိသော၊ သူ။ (၂) အခြံအရံ,အကျော်အစောကို အလိုရှိသော၊ သူ။ မူရင်းကြည့်ပါ။	(1) que desea séquito (dicho de una persona). (2) que desea séquito, fama (dicho de una persona). Véase el original.	(1) desiring a retinue (said of a person). (2) desiring retinue, fame (said of a person). See the original.	'See the original' rendered literally
134222	yasakulaputtappamukha	ယသအမျိုးသား အမှူးရှိသော၊ ယသအမျိုးသားဦးစီးခေါင်းဆောင်သော။	que tiene como jefe al hijo de buena familia *yasa*; encabezado y dirigido por el hijo de buena familia *yasa*.	having the clansman *yasa* at its head; headed and led by the clansman *yasa*.	label missing
134225	yasagga	(၁) မြတ်သော-များသော-အခြံအရံ-အကျော်အစော။ (၂) (၃)မြတ်သော-များသော-အခြံအရံရှိသည်၏အဖြစ်။ မူရင်းကြည့်ပါ။	(1) excelente / abundante séquito / fama. (2) (3) el hecho de tener un séquito excelente / abundante. Véase el original.	(1) excellent / abundant retinue / fame. (2) (3) the state of having an excellent / abundant retinue. See the original.	(၂) (၃) printed together with one gloss; 'See the original' rendered literally
134226	yasaggapatta	(၁)အခြံအရံ-အကျော်အစော-၏ အထွတ် အထိပ်-မြတ်သည်၏အဖြစ်သို့ရောက်သော။ (၂) မြတ်သော-များသော- အခြံအရံ ရှိသည်၏ အဖြစ်သို့ ရောက်သော။ မူရင်းကြည့်ပါ။	(1) que ha llegado a la cumbre / al hecho de ser lo más excelso del séquito / de la fama. (2) que ha llegado al hecho de tener un séquito excelente / abundante. Véase el original.	(1) that has reached the pinnacle / the state of being foremost in retinue / fame. (2) that has reached the state of having an excellent / abundant retinue. See the original.	label missing; 'See the original' rendered literally
134227	yasaggappatta	(၁)အခြံအရံ-အကျော်အစော-၏ အထွတ် အထိပ်-မြတ်သည်၏အဖြစ်သို့ရောက်သော။ (၂) မြတ်သော-များသော- အခြံအရံ ရှိသည်၏ အဖြစ်သို့ ရောက်သော။ မူရင်းကြည့်ပါ။	(1) que ha llegado a la cumbre / al hecho de ser lo más excelso del séquito / de la fama. (2) que ha llegado al hecho de tener un séquito excelente / abundante. Véase el original.	(1) that has reached the pinnacle / the state of being foremost in retinue / fame. (2) that has reached the state of having an excellent / abundant retinue. See the original.	label missing; 'See the original' rendered literally
134229	yasajāta	စည်းစိမ်ဥစ္စာ(အခြံ-အရံအကျော်အစော)၏ ဖြစ်ခြင်း။	el surgimiento de la riqueza (séquito, fama).	the arising of wealth (retinue, fame).	label missing; the hyphen in အခြံ-အရံ looks misplaced
134232	yasattherappamukha	(၁) (သုဇာတာ၏သား) ယသထေရ် အမှူးရှိသော ယသထေရ်-ဦးစီး-ခေါင်းဆောင်-သော။ (၂) (ကာကဏ္ဍက ပုဏ္ဏား၏သား)ယသထေရ်အမှူးရှိသော၊ယသထေရ်-ဦးစီး-ခေါင်းဆောင်-သော။ မူရင်းကြည့်ပါ။	(1) (hijo de *sujātā*) que tiene como jefe al *thera* *yasa*; encabezado / dirigido por el *thera* *yasa*. (2) (hijo del brahmán *kākaṇḍaka*) que tiene como jefe al *thera* *yasa*; encabezado / dirigido por el *thera* *yasa*. Véase el original.	(1) (son of *sujātā*) having the *thera* *yasa* at its head; headed / led by the *thera* *yasa*. (2) (son of the brahmin *kākaṇḍaka*) having the *thera* *yasa* at its head; headed / led by the *thera* *yasa*. See the original.	'See the original' rendered literally
134233	yasattheramātu	ယသထေရ်၏-အမိ-မိခင်-မယ်တော်။	la madre / progenitora / señora madre del *thera* *yasa*.	the mother / birth-mother / lady mother of the *thera* *yasa*.	မယ်တော် is an honorific 'mother'
134234	yasada	သွပ်)။	cinc.	zinc.	the print reads only 'သွပ်)။' with a stray closing bracket; possibly truncated
134236	yasadattatthera	ယသဒတ္တထေရ်။ ဥပါရမ္ဘစိတ္တောတိ အာဒိကာ အာယသမ္မတော ယသဒတ္ထတ္ထေရဿ ဂါထား ထေရ၊ ဋ္ဌ၊ ၂။ ၆၇။ (ယသဒတ္တထေရ်ကား-မလ္လတိုင်း မလ္လမင်းမျိုး၌ဖြစ်၍ အရွယ်ရောက်လျှင် တက္ကသိုလ်ပြည်သို့သွား၍ ပညာသင်ကြားသည်။ သဘိယပရိဗိုဇ်နှင့်အတူ ခရီး လှည့်လည်သည်ရှိသော် သာဝတ္ထိမြို့သို့ရောက်၍ သဘိယပရိဇ်ကမေးသောပြဿနာတို့ကို ဘုရားရှင်က ဖြေကြားနေစဉ် "ရဟန်းဂေါတမအပော် အပြစ်တင်အံ့" ဟုကြံစည်နေလေသည်)။	el *thera* *yasadatta*. *upārambhacittoti ādikā āyasammato yasadatthattherassa gāthāḥ*. (El *thera* *yasadatta* nació en el país de *malla*, en el linaje real de *malla*, y, llegado a la edad adulta, fue a *takkasilā* y estudió. Mientras viajaba junto con el *paribbājaka* *sabhiya*, llegó a la ciudad de *sāvatthi*, y mientras el Buddha respondía a las preguntas que hacía el *paribbājaka* *sabhiya*, pensaba: «Reprocharé una falta al monje *gotama*»).	the *thera* *yasadatta*. *upārambhacittoti ādikā āyasammato yasadatthattherassa gāthāḥ*. (The *thera* *yasadatta* was born in the *malla* country, in the royal *malla* line, and, on coming of age, went to *takkasilā* and studied. While travelling with the *paribbājaka* *sabhiya*, he reached the city of *sāvatthi*, and while the Buddha was answering the questions the *paribbājaka* *sabhiya* asked, he was thinking: 'I shall find fault with the monk *gotama*').	the Pāḷi quotation copied as printed (ဂါထား with visarga, ယသဒတ္ထ-); citation dropped; ပရိဇ် read as ပရိဗိုဇ်, အပော် as အပေါ်; တက္ကသိုလ် romanised as takkasilā
134237	yasadāyaka	(၁) စည်းစိမ် ဥစ္စာကို ပေးတတ်သော၊ သူ။ (၂) အခြံအရံ-အကျော်အစော-ကို ပေးတတ်သော၊ သူ။ မူရင်းကြည့်ပါ။	(1) que suele dar riqueza (dicho de una persona). (2) que suele dar séquito / fama (dicho de una persona). Véase el original.	(1) apt to give wealth (said of a person). (2) apt to give retinue / fame (said of a person). See the original.	'See the original' rendered literally
134247	yasapaṭipakkha	(က) အကျော်အစော၏ ဆန့်ကျင်ဘက် ဖြစ်သော၊ အကျော်အစောမရှိသော။ (ခ) ဘုန်းတန်ခိုး၏ ဆန့်ကျင်ဘက်ဖြစ် သော၊ ဘုန်းတန်ခိုးမရှိသော။ မူရင်းကြည့်ပါ။	(a) que es lo opuesto de la fama; que no tiene fama. (b) que es lo opuesto de la gloria y el poder; que no tiene gloria ni poder. Véase el original.	(a) being the opposite of fame; having no fame. (b) being the opposite of glory and power; having no glory and power. See the original.	label missing; 'See the original' rendered literally
134248	yasapaṭilābha	(၁) အခြံအရံကိုရရှိခြင်း။ (၂) ဘဝ စည်းစိမ်-စည်းစိမ် ဥစ္စာကိုရခြင်း။ မူရင်းကြည့်ပါ။	(1) el obtener séquito. (2) el obtener los bienes de la existencia / la riqueza. Véase el original.	(1) obtaining a retinue. (2) obtaining the goods of existence / wealth. See the original.	'See the original' rendered literally
134252	yasapariyanta	အခြံအရံဝကြောင့်-၏ အစွမ်းဖြင့်-ပျက်စီးခြင်းအဆုံးအပိုင်းအခြားရှိသော။	que tiene como fin / límite la destrucción a causa del / por la fuerza del séquito.	having destruction as its end / limit because of / by force of retinue.	garbled: အခြံအရံဝကြောင့်-၏ အစွမ်းဖြင့် (ဝ stray); reading tentative
134253	yasaparivāra	စ-ဟုဆိုအပ်သောအခြံအရံ။	el séquito llamado *ca*.	the retinue called *ca*.	စ- looks truncated or misprinted (perhaps ယသ); copied as printed
134261	yasamatta	အခြံအရံမျှ၊ အနည်းငယ်သော အခြံ အရံ။	tan solo un séquito; un séquito pequeño.	a mere retinue; a small retinue.	label ထီ၊န
134264	yasamada	(၁)အစိုးရခြင်း (အာဏာပြု-အာဏာထား-အမိန့်ပေး -စီမံခန့်ခွဲ-ခြင်း)ကို စွဲ၍ဖြစ်သော-မာန်ယစ်-မာန်မူ-ခြင်း။ (၂) အခြံအရံ စည်း စိမ်ဥစ္စာကို စွဲ၍ဖြစ်သော-မာန်ယစ်-မာန်မူ-ခြင်း။ မူရင်းကြည့်ပါ။	(1) el embriagarse de orgullo / enorgullecerse, que surge aferrándose al gobernar (el ejercer autoridad / imponer autoridad / dar órdenes / administrar). (2) el embriagarse de orgullo / enorgullecerse, que surge aferrándose al séquito y la riqueza. Véase el original.	(1) being drunk with pride / being arrogant, arising from clinging to rule (exercising authority / wielding authority / giving orders / administering). (2) being drunk with pride / being arrogant, arising from clinging to retinue and wealth. See the original.	'See the original' rendered literally
134267	yasamahanta	(၁) များ-မြတ်-သော အခြံအရံရှိသော။ သူ၊	(1) que tiene un séquito abundante / excelso (dicho de una persona).	(1) having an abundant / excellent retinue (said of a person).	only sense (၁) printed; the print ends '။ သူ၊' (punctuation disordered)
134268	yasamahantappatta	များ-မြတ်-သော အခြံအရံများမြတ်-သည်၏ အဖြစ်သို့ ရောက်သော။	que ha llegado al hecho de tener un séquito abundante / excelso.	that has reached the state of having an abundant / excellent retinue.	label missing
134269	yasalābha	(၁) အခြံအရံ အကျော်အစောဟူသော လဘ်။ (၂) အခြံအရံ-အကျော်အစော-ကို ရခြင်း။ မူရင်းကြည့်ပါ။	(1) la ganancia que es el séquito y la fama. (2) el obtener séquito / fama. Véase el original.	(1) the gain, namely retinue and fame. (2) obtaining retinue / fame. See the original.	လဘ် read as လာဘ်; 'See the original' rendered literally
134270	yasalobha	စည်းစိမ်ဥစ္စာ-နျစ်သက်-တပ်မက်-ခြင်း။	el deleitarse en / apegarse a la riqueza.	delighting in / being attached to wealth.	နျစ်သက် read as နှစ်သက်
134272	yasavatī	ယသဝန္တု+ဤ။	*yasavantu+ī*.	*yasavantu+ī*.	label missing; the entry gives only the derivation
134273	yasavatīdevippamukha	ယသဝတီမိဖုရား။ အမှူးရှိသော၊	que tiene como jefa a la reina *yasavatī*.	having Queen *yasavatī* at its head.	punctuation disordered in the print (။ after မိဖုရား, ၊ at the end)
134281	yasavuḍḍhi	ယသောဝုဍ္ဎို-ကြည့်။	Véase [[yasovuḍḍhiu]].	See [[yasovuḍḍhiu]].	label missing; a 'see X' left in the Burmese, not a placeholder
134286	yasasā	ယသသာမည်သောနတ်၊ ယသသာနတ်။	el *deva* llamado *yasasā*; el *deva* *yasasā*.	the *deva* named *yasasā*; the *deva* *yasasā*.	headword feminine; နတ် rendered ⟦=deva⟧ per L101 (a devī may be meant)
134288	yasasīlavatī	အခြံအရံ,သီလ(အကျင့်)နှင့် ပြည့်စုံသော-သူမ-အမျိုးသမီး။ ရူပဝတီ၊ ဘောဂဝတီ၊ ယသသီလဝတီ တ တော။	ella / la mujer dotada de séquito, *sīla* (conducta). *rūpavatī. bhogavatī. yasasīlavatī ta to*.	she / the woman endowed with retinue, *sīla* (conduct). *rūpavatī. bhogavatī. yasasīlavatī ta to*.	the Pāḷi example ends in 'တ တော', unclear (truncated word or citation?); copied as printed
134289	yasasutta	အခြံအရံအကျော်အစောနှင့်ပတ်သက်၍ ဟောကြားအပ်သော သုတ်။ (ယသသုတ်ကို မြတ်စွာဘုရားဣစ္ဆာနဂ်လမ်ညသော ပုဏ္ဏားရွာအနီး ဣစ္ဆာနင်္ဂလတောအုပ်၌ သီတင်းသုံးတော်မူစဉ် ဟောကြားတော်မူသည်၊ ပုဏ္ဏားသူကြွယ်တို့၏ ခဲဖွယ်ဘာဇဉ်ကို ယူလာပြီး တံခါးမုခ်ပြင်ပ၌ ဆူညံနေကြသည်ကို အကြောင်းပြု၍ အလုပ်အကျွေး အရှင်နာဂိတကို "နာဂိတငါသည် အခြံအရံအကျော်အစောသည်လည်း ငါနှင့် မဆက်ဆံစေလင့်" ဟု မိန့်တော်မူပြီး အင်္ဂါ (၈) ချက်ပါသည့် တရားကို ဟောကြားတော်မူသည်)။	el sutta expuesto en relación con el séquito y la fama. (El Buddha expuso el sutta *yasa* mientras residía en el bosquecillo de *icchānaṅgala*, cerca de la aldea brahmánica llamada *icchānaṅgala*; con motivo de que los brahmanes y cabezas de familia, tras traer alimentos sólidos y blandos, hacían ruido fuera de la puerta, dijo a su asistente, el venerable *nāgita*: «*nāgita*, que ni el séquito ni la fama se asocien conmigo», y expuso una enseñanza de (8) factores).	the sutta taught concerning retinue and fame. (The Buddha taught the *yasa* sutta while dwelling in the *icchānaṅgala* grove near the brahmin village named *icchānaṅgala*; on the occasion of the brahmin householders, having brought hard and soft food, making a noise outside the gate, he said to his attendant, the Venerable *nāgita*: '*nāgita*, let neither retinue nor fame be associated with me', and taught a teaching of (8) factors).	ဣစ္ဆာနဂ်လမ်ညသော read as ဣစ္ဆာနင်္ဂလ မည်သော; ဘာဇဉ် as ဘောဇဉ်; the quoted saying is compressed in the print
134290	yasassimantu	(၁) များသော အခြံအရံရှိသော (သျှ)၊ များသော အခြံအရံရှိသည့် ပုဂ္ဂိုလ်နှင့် ပြည့်စုံသော။ (၂) တန်ခိုးနှင့် ပြည့်စုံသော၊ တန်ခိုးရှိသော၊ သူ။ မူရင်းကြည့်ပါ။	(1) que tiene un séquito abundante; dotado de personas que tienen un séquito abundante. (2) dotado de poder; que tiene poder (dicho de una persona). Véase el original.	(1) having an abundant retinue; endowed with persons who have an abundant retinue. (2) endowed with power; having power (said of a person). See the original.	source tag (သျှ) dropped; 'See the original' rendered literally
134293	yasassī	(၁) များသောအခြံအရံရှိသော၊ သူ။ (၂) ကျော်စောသံရှိသော၊ ထင်ရှားကျော်စောသော၊ သူ။ (၃) လာဘ်ပူဇော်သကာ အခြံအရံရှိသော၊ သူ။ (၄) ယသဿိမည်သော (ပစ္စေကဗုဒ္ဓါ)။ မူရင်းကြည့်ပါ။	(1) que tiene un séquito abundante (dicho de una persona). (2) que tiene fama; célebre y renombrado (dicho de una persona). (3) que tiene ganancias y homenajes y séquito (dicho de una persona). (4) el llamado *yasassi* (*paccekabuddha*). Véase el original.	(1) having an abundant retinue (said of a person). (2) having fame; well-known and famous (said of a person). (3) having gain and honour and a retinue (said of a person). (4) the one named *yasassi* (*paccekabuddha*). See the original.	'See the original' rendered literally
134294	yasassī	အခြံအရံ-အကျော်အစော-ကိုမှီသော။	que depende del séquito / de la fama.	depending on retinue / fame.	label missing
134305	yasuttara	(ပု) (၁) (ပဒုမဘုရားရှင်၏) ယသုတ္တ-မည်သော ပြာသာဒ်။ (ထီ) (၂) ယသုတ္တရာနတ်သမီး၊ ယသုတ္တရာ- မည်သော မိဖုရား။ မူရင်းကြည့်ပါ။	(masculino) (1) (del Buddha *paduma*) el palacio llamado *yasutta*. (femenino) (2) la *devī* *yasuttarā*; la reina llamada *yasuttarā*. Véase el original.	(masculine) (1) (of the Buddha *paduma*) the palace named *yasutta*. (feminine) (2) the *devī* *yasuttarā*; the queen named *yasuttarā*. See the original.	label missing; ယသုတ္တ probably truncated for ယသုတ္တရ; 'See the original' rendered literally
134311	yasodhara	(၁) သိဒ္ဓတ္ထမင်းသား၏ ကြင်ရာတော် ယသောဓရာမိဖုရား၊ ယသောဓရာထေရ်ရီ။ (၂) အနောမဒဿီ ဘုရားရှင်၏ မယ်တော်တ ယသောဓရာမိဖုရား။ (၃) (သုမေဓဘုရားရှင်၏ အလုပ်အကျွေးဒါယိကာမ) ယသောဓရာ။ (၄) (ကောဏ္ဍညဘုရားရှင်အား ဃနာနို့ဆွမ်းလှူသည့်) ယသောဓရာ သေဌေးသမီး။ (၅) ယသောဓရမည်သော-အရိယာပုဂ္ဂိုလ်။ (၆) ယသောဓရမည်သော မင်း။ (၇) ယသောဓရမည်သော စကြာမင်း။ မူရင်းကြည့်ပါ။	(1) la reina *yasodharā*, esposa del príncipe *siddhattha*; la *therī* *yasodharā*. (2) la reina *yasodharā*, madre del Buddha *anomadassī*. (3) (la benefactora que servía al Buddha *sumedha*) *yasodharā*. (4) (que ofreció al Buddha *koṇḍañña* comida de limosna con leche espesa) *yasodharā*, hija de un rico mercader. (5) el *ariyapuggala* llamado *yasodhara*. (6) el rey llamado *yasodhara*. (7) el monarca universal llamado *yasodhara*. Véase el original.	(1) Queen *yasodharā*, consort of Prince *siddhattha*; the *therī* *yasodharā*. (2) Queen *yasodharā*, mother of the Buddha *anomadassī*. (3) (the female supporter who attended the Buddha *sumedha*) *yasodharā*. (4) (who offered the Buddha *koṇḍañña* alms-food with thick milk) *yasodharā*, the rich merchant's daughter. (5) the *ariyapuggala* named *yasodhara*. (6) the king named *yasodhara*. (7) the wheel-turning monarch named *yasodhara*. See the original.	a stray တ after မယ်တော် in (2); ဃနာနို့ read as thick milk (milk-rice?); 'See the original' rendered literally
134312	yasodharanāma	ယသောဓရဟူသော-အမည်-နာမည်။ ယသောဓရ (၇) အနက်ကြည့်ပါ။	el nombre / apelativo *yasodhara*. Véase [[yasodhara]] (sentido 7).	the name / appellation *yasodhara*. See [[yasodhara]] (sense 7).	a 'see X' with a sense number left in the Burmese
134314	yasodharāpamukha	ယသောဓရာထေရီ-အမှူးရှိသော၊ ယသောဓရာထေရ်-ဦးစီး-ခေါင်းဆောင်-သော။	que tiene como jefa a la *therī* *yasodharā*; encabezado / dirigido por la *therī* *yasodharā*.	having the *therī* *yasodharā* at its head; headed / led by the *therī* *yasodharā*.	the second gloss writes ယသောဓရာထေရ်; read as therī
134321	yassati	(၁) ကြား-ပြောကြား-ချီးမွမ်း-အပ်၏။ (၂) ခြံရံအပ်၏။ မူရင်းကြည့်ပါ။	(1) es oído / proclamado / alabado. (2) es rodeado de séquito. Véase el original.	(1) is heard / proclaimed / praised. (2) is surrounded by a retinue. See the original.	label missing; 'See the original' rendered literally
134322	yahiṁ	(၁) အကြင်...သို့။ (၂) အကြင် ...၌။ မူရင်းကြည့်ပါ။	(1) a donde …. (2) en donde …. Véase el original.	(1) to where …. (2) in which …. See the original.	label ဗျ (indeclinable) not in the label table; 'See the original' rendered literally
134323	yāga	(၁)ပေး-စွန့်-လှူ-ပေးကမ်း-စွန့်ကြဲ-လှူဒါန်း-ခြင်း။ (၂) ပူဇော်အပ်သော ဝတ္ထု။ (က) ပစ္စည်း လေးပါ။ (ခ) တရား။ (၃) ပူဇော်ခြင်း။ (၄) မျိုးရိုးစဉ်ဆက် အမြဲလှူအပ်သော ဆွမ်းအလှူ။ (၅) ယဇ်၊ နတ်ပူဇော်-နတ်တင်-ယဇ်ပူဇော်-ခြင်း။ မူရင်းကြည့်ပါ။	(1) el dar / abandonar / donar / otorgar / repartir / ofrecer. (2) la cosa ofrecida en homenaje: (a) los cuatro requisitos. (b) la Enseñanza. (3) el rendir homenaje. (4) la ofrenda de comida de limosna que se da siempre, de generación en generación en el linaje. (5) sacrificio; el rendir culto a los *deva* / hacer ofrendas a los *deva* / ofrecer sacrificios. Véase el original.	(1) giving / relinquishing / donating / bestowing / distributing / offering. (2) the thing offered in homage: (a) the four requisites. (b) the Teaching. (3) paying homage. (4) the alms-food offering given always, generation after generation in the lineage. (5) sacrifice; worshipping the *deva* / making offerings to the *deva* / offering sacrifice. See the original.	ပစ္စည်း လေးပါ read as လေးပါး; တရား in (b) rendered 'the Teaching' (L001); 'See the original' rendered literally
134324	yāgagga	ယာဂုကို-စွန့်လှူ-ခံယူ-ရာအရပ်၊ ဇရပ်၊ တင်းကုပ်၊ ဆွမ်းစား-ဇရပ်-ကျောင်း။	el lugar donde se ofrecen / se reciben las gachas; albergue; cobertizo; comedor / albergue / monasterio para la comida de limosna.	the place where rice gruel is offered / received; rest-house; shed; refectory / rest-house / monastery for alms-food.	ယာဂု in the definition of yāgagga (perhaps for ယာဂ); ယာဂု rendered gachas / rice gruel
134327	yāgavadhādidīpikā	ယဇ်ပူဇော်ခြင်း,သတ္တဝါတို့ကို သတ်ခြင်း အစရှိသည်တို့ကို ပြတတ်သော (အခက်အလက်ဖြစ် သော -ဝေဒ-ဗေဒင်-ကျမ်း)။	que muestra el ofrecer sacrificios, el matar seres vivos y demás (el *veda* / ‹ဗေဒင်› / tratado que es una rama).	showing the offering of sacrifice, the killing of living beings and so on (the *veda* / ‹ဗေဒင်› / treatise that is a branch).	label missing; ဗေဒင် (Burmese form of veda, also 'astrology') left in Burmese; the bracketed gloss is compressed
134328	yāgasampadā	ယဇ်-အလှူ-၏ ပြည့်စုံခြင်း၊ ပြည့်စုံသော-ယဇ်-အလှူ၊ ပြည့်စုံသော ပူဇော်-ခြင်း-မူ။	la plenitud del sacrificio / de la ofrenda; el sacrificio / la ofrenda completos; el homenaje completo.	the fullness of the sacrifice / offering; a complete sacrifice / offering; a complete act of homage.	the hyphens in ပူဇော်-ခြင်း-မူ look misplaced
134332	yāgu	(၁) ယာဂု၊ ဆန်ပြုတ်- (က) သောက်အပ်သော ယာဂု။ (ခ) စားအပ်သော ခပ်ပြစ်ပြစ်ယာဂု။ (ဂ) နှမ်း,ဆန်,ပဲ သုံးမျိုးရော၍ ပြုလုပ်အပ်သော တေကဋုလယာဂု။ (၂) ယာဂုကို- လှူဒါန်း-ပေးကမ်း-ခြင်း။ (ဘေသဇ္ဇရတနာဝလိ-သိင်္ဂဓရတို့၌-(၁) ရေအနည်းငယ်၌ ဆန်ထည့်၍ ချက်အပ်မူ အန္န-ထမင်း။ (၂) ဆန်တစ်ဆ ရေလေးဆဖြင့် ကျိုချက်အပ်မူ-ဝိလေပိ-ထမင်းပျော့။ (၃) ဆန်တစ်ဆ ရေတစ်ဆယ့်လေးဆဖြင့် ကျို ချက်အပ်မူ၊ မဏ္ဍယာဂု-ကြည့်။ (၄) ဆန်တစ်ဆ ရေတစ်ဆယ့်ရှစ်ဆဖြင့် ကျိုချက် အပ်မူ၊ ယူသ-ဆန်ပြုတ်ရေကျဲဟု-အထူးဆိုသည်)။ မူရင်းကြည့်ပါ။	(1) *yāgu*; gachas de arroz: (a) el *yāgu* para beber. (b) el *yāgu* espeso, para comer. (c) el *tekaṭulayāgu*, hecho mezclando tres cosas: sésamo, arroz, legumbres. (2) el ofrecer / dar *yāgu*. (En el *bhesajjaratanāvali* y el *siṅgadhara*: (1) lo cocinado poniendo arroz en un poco de agua: *anna*, arroz cocido. (2) lo hervido con una parte de arroz y cuatro de agua: *vilepi*, arroz blando. (3) lo hervido con una parte de arroz y catorce de agua: véase *maṇḍayāgu*. (4) lo hervido con una parte de arroz y dieciocho de agua se llama especialmente *yūsa*, caldo claro de arroz.) Véase el original.	(1) *yāgu*; rice gruel: (a) *yāgu* to be drunk. (b) thick *yāgu*, to be eaten. (c) *tekaṭulayāgu*, made by mixing three things: sesame, rice, pulses. (2) offering / giving *yāgu*. (In the *bhesajjaratanāvali* and the *siṅgadhara*: (1) what is cooked by putting rice in a little water: *anna*, cooked rice. (2) what is boiled with one part rice to four of water: *vilepi*, soft rice. (3) what is boiled with one part rice to fourteen of water: see *maṇḍayāgu*. (4) what is boiled with one part rice to eighteen of water is specially called *yūsa*, thin rice broth.) See the original.	the source names (Bhaiṣajyaratnāvalī, Śārṅgadhara) and the Sanskrit terms copied in ⟦ ⟧; a 'see ⟦မဏ္ဍယာဂု⟧' left in the Burmese; 'See the original' rendered literally
134336	yāguul̤uṅka	တစ်ဟင်းချို၊ တစ်ယောက်ချို-မျှသော ယာဂု။	un cazo; gachas en la cantidad de un cucharón.	one ladleful; rice gruel amounting to one ladle.	တစ်ဟင်းချို read as a ladle / scoop measure (uncertain)
134337	yāgukāla	ယာဂု(ကျိုချက်-သောက်သုံး-သင့်သော-) ကာလ-အချိန်-အခါ၊	el tiempo / el momento / la ocasión (apropiado para hervir / tomar) de las gachas.	the time / hour / occasion (fit for boiling / drinking) of rice gruel.	label missing; the print ends with ၊
134343	yāgudāyaka	ယာဂုကို-စွန့်ကြဲ-ပေးလှူ-ပေးကမ်း-တတ်သော။ သူ။	que suele repartir / donar / dar gachas (dicho de una persona).	apt to distribute / donate / give rice gruel (said of a person).	a ။ before သူ in the print
134349	yāgupatta	(က) ယာဂုသပိတ်၊ ယာဂုထည့်ထားသည့် သပိတ်။ (ခ) ယာဂုခွက်၊ ယာဂုထည့်ထားသည့် ခွက်။ မူရင်းကြည့်ပါ။	(a) cuenco de limosna para gachas; cuenco de limosna en que se han puesto gachas. (b) taza de gachas; taza en que se han puesto gachas. Véase el original.	(a) alms-bowl for rice gruel; alms-bowl in which rice gruel has been put. (b) gruel cup; cup in which rice gruel has been put. See the original.	label ပု၊န; 'See the original' rendered literally
134352	yāgupāna	(၁) ယာဂုသောက်ရာကာလ။ (၂) ယာဂု သောက်ရာ-ဌာန-အရပ်။ (၃) ယာဂုသောက်ခြင်း။ မူရင်းကြည့်ပါ။	(1) el tiempo en que se beben las gachas. (2) el lugar / sitio en que se beben las gachas. (3) el beber gachas. Véase el original.	(1) the time at which rice gruel is drunk. (2) the place / spot where rice gruel is drunk. (3) drinking rice gruel. See the original.	'See the original' rendered literally
134354	yāgupīta	(၁) ယာဂုသောက်သော၊ သူ။ (၂) ယာဂု သောက်ရာ။ (န) (၃) ယာဂုသောက်ခြင်း။ မူရင်းကြည့်ပါ။	(1) que bebe gachas (dicho de una persona). (2) el lugar donde se beben gachas. (neutro) (3) el beber gachas. Véase el original.	(1) drinking rice gruel (said of a person). (2) the place where rice gruel is drunk. (neuter) (3) drinking rice gruel. See the original.	'See the original' rendered literally
134355	yāgupītakāla	ယာဂုသောက်ရာ-ကာလ- အချိန်-အခါ။ (၂) ယာဂုသောက်ခြင်း၏ ကာလ။ မူရင်းကြည့်ပါ။	el tiempo / el momento / la ocasión de beber gachas. (2) el tiempo del beber gachas. Véase el original.	the time / hour / occasion for drinking rice gruel. (2) the time of drinking rice gruel. See the original.	(၁) missing before the first sense; 'See the original' rendered literally
134363	yāgubhattasampādana	ယာဂု,ထမင်းက-ကို -ပြည့်စုံ စေခြင်း-စီရင်ခြင်း။	el hacer completo / el disponer las gachas, el arroz.	making complete / arranging rice gruel, rice.	garbled: ထမင်းက-ကို -ပြည့်စုံ စေခြင်း-စီရင်ခြင်း; reading tentative
134365	yāgubhājaka	ယာဂုကို-ဝေဘန်-ပိုင်းခါး-ခွဲဝေ-တတ်သော၊ သူ။	que suele repartir / dividir / distribuir las gachas (dicho de una persona).	apt to share out / divide / distribute rice gruel (said of a person).	ပိုင်းခါး read as ပိုင်းခြား
134366	yāgubhāvī	ယာဂုဖြစ်လတ္တံ့သော (ဝတ္ထု)။	que llegará a ser gachas (objeto).	that will become rice gruel (an object).	label missing
134371	yāguvelā	ယာဂု (သောက်-ဘုဉ်းပေး-သည့်) အချိန်-အခါ။	el tiempo / la ocasión (en que se beben / se toman) las gachas.	the time / occasion (at which one drinks / partakes of) rice gruel.	ဘုဉ်းပေး (honorific 'eat', of monks) rendered tomar / partake
134378	yācaṁ	(၁) တောင်း-တောင်းရမ်း-တောင်းခံ-သောသူ-အား-သည်။ «S1» (၂) တောင့်တ-ဆုတောင်း-ဆုပန်-သော မိန်းမ- သည်-တို့သည်။ «S2»	(1) a / el que pide / ruega / solicita. Véase [[yācanta]] (1). (2) la mujer / las mujeres que anhela / pide un don / suplica. Véase [[yācanta]] (4).	(1) to / the one who asks / begs / requests. See [[yācanta]] (1). (2) the woman / women who long / pray for a boon / entreat. See [[yācanta]] (4).	the case markers in the hyphen chains (-အား-သည်, -သည်-တို့သည်) rendered as alternatives
134379	yāca	(၁) တောင်း-တောင်းရမ်း-တောင်းခံ-အပ်သော (ပစ္စည်း,ဥစ္စာ)။ (၂) တောင်း-တောင်းရမ်း-တောင်းခံ-သင့်-ထိုက်-သော (ပစ္စည်းဥစ္စာ)။ (၃) တောင်း-တောင်းရမ်း-တောင်းခံ-ခြင်း။ (၄) တောင်း-တောင်းရမ်း-တောင်းခံ-သော၊ သူ။ (၅) တောင်းပန်-ရိုသေစွာ-တိုက်တွန်း-နှုိးဆော်-သော၊ သူ။ (၆) တောင်းပန်-ရိုသေစွာ-တိုက်တွန်း-နှုိးဆော်-ခြင်း။ (၇) ပေးကမ်း-လှူဒါန်း-ခြင်း။ မူရင်းကြည့်ပါ။	(1) pedido / rogado / solicitado (bienes, riqueza). (2) que conviene / merece pedir / rogar / solicitar (bienes y riqueza). (3) el pedir / rogar / solicitar. (4) que pide / ruega / solicita (dicho de una persona). (5) que suplica / insta respetuosamente / exhorta (dicho de una persona). (6) el suplicar / instar respetuosamente / exhortar. (7) el dar / donar. Véase el original.	(1) asked for / begged / requested (goods, wealth). (2) fit / deserving to be asked for / begged / requested (goods and wealth). (3) asking / begging / requesting. (4) asking / begging / requesting (said of a person). (5) entreating / respectfully urging / exhorting (said of a person). (6) entreating / respectfully urging / exhorting. (7) giving / donating. See the original.	label missing; 'See the original' rendered literally
134380	yāca	(နှုတ်မြွက်၍) တောင်း-တောင်းရမ်း-တောင်းခံ-လော့။ ယာစတိ (၁) (က) ကြည့်။	(pronunciándolo) ¡pide / ruega / solicita! Véase [[yācati]] (1) (a).	(uttering it) ask / beg / request! See [[yācati]] (1) (a).	label missing; imperative (လော့); a 'see X' with sense number left in the Burmese
134381	yācaka	(၁) တောင်း-တောင်းရမ်း-တောင်းခံ-သော၊ သူ။ (၂) (က) အလှူခံပုဂ္ဂိုလ်။ (ခ) သူတောင်းစား၊ ဖုန်းစား၊ သူဖုန်းစား၊ ဖုန်းတောင်း ယာစကာ။ (၃) (က) တောင်းပန်-ရိုသေစွာ-တိုက်တွန်း-နှုိးဆော်-သော၊ သူ။ (ခ) တောင်းပန်-ကန်တော့-သည်းခံစေ-သော၊ သူ။ (၄) တောင်း- တောင်းရမ်း-ခြင်း (သဒ္ဒတ္ထ)၊ -၍ ရ-အပ်သော (အဆောက်အဦး) (အဓိပ္ပါယတ္ထ-ဥပစာရတ္ထ)။ «S1» မူရင်းကြည့်ပါ။	(1) que pide / ruega / solicita (dicho de una persona). (2) (a) persona que recibe ofrendas. (b) mendigo; pordiosero; mendicante; *yācaka* que pide limosna. (3) (a) que suplica / insta respetuosamente / exhorta (dicho de una persona). (b) que pide perdón / rinde reverencia / pide indulgencia (dicho de una persona). (4) el pedir / rogar (*saddattha*); (edificio) obtenido tras pedir (*adhippāyattha* / *upacārattha*). Véase también [[yācana]] (c). Véase el original.	(1) asking / begging / requesting (said of a person). (2) (a) a recipient of offerings. (b) beggar; mendicant; pauper; begging *yācaka*. (3) (a) entreating / respectfully urging / exhorting (said of a person). (b) asking pardon / paying obeisance / asking forbearance (said of a person). (4) asking / begging (*saddattha*); (a building) obtained by asking (*adhippāyattha* / *upacārattha*). See also [[yācana]] (c). See the original.	label missing; ဖုန်းစား / သူဖုန်းစား (Burmese words for beggar) rendered as synonyms; 'See the original' rendered literally
134383	yācakajigucchā	-သောသူ (ဖုန်းတောင်းယာစကာ,အလှူခံပုဂ္ဂိုလ်) ကို- စက်ဆုပ်-ရွံရှာ-ခြင်း။	el aborrecer / sentir repugnancia hacia la persona que … (el *yācaka* que pide limosna o la persona que recibe ofrendas).	loathing / feeling disgust for the person who … (the begging *yācaka* or the recipient of offerings).	the definition begins with a truncated '-သောသူ' (the verb is missing)
134384	yācati	(၁) (က) (နှုတ်မြွက်၍)တောင်း-တောင်းရမ်း-တောင်းခံ-၏။ (ခ) (ကာယာဝိညတ်ဖြင့်) တောင်း-တောင်းရမ်း-တောင်းခံ-၏။ (၂) (က) တောင်း ပန်-ပန်ကြား-ခွင့်တောင်း-ရိုသေစွာတောင်း-၏။ (ခ) တောင်းပန်-ကန်တော့-၏။ (ခ) တောင်းပန်-ကန်တော့-သည်းခံစေ-၏။ (၃) တိုက်တွန်း-နှုိးဆော်-၏။ (စောဒနတ္ထ)။ (၄) တောင့်တ-မျှော်လင့်-အလိုရှိ-ဆန္ဒရှိ-ဆန္ဒပြု-၏။ (၅) မှီဝဲ-ဆည်းကပ်-၏။ (၆) (အမှတ်သညာကို) ပေး၏။ (၇) (ပေးပြီးဥစ္စာကိုပင်) တစ်ဖန်-ပြန်၍-တောင်း-တောင်းရမ်း-တောင်းခံ-၏။ မူရင်းကြည့်ပါ။	(1) (a) (verbalmente) pide / ruega / solicita. (b) (por *kāyaviññatti*) pide / ruega / solicita. (2) (a) suplica / ruega / pide permiso / pide respetuosamente. (b) pide perdón / rinde reverencia. (b) pide perdón / rinde reverencia / pide indulgencia. (3) insta / exhorta (*codanattha*). (4) anhela / espera / desea / tiene deseo / manifiesta deseo. (5) frecuenta / se allega a. (6) da (una señal). (7) (los bienes ya dados) de nuevo / otra vez pide / ruega / solicita. Véase el original.	(1) (a) (verbally) asks / begs / requests. (b) (by *kāyaviññatti*) asks / begs / requests. (2) (a) entreats / beseeches / asks leave / asks respectfully. (b) asks pardon / pays obeisance. (b) asks pardon / pays obeisance / asks forbearance. (3) urges / exhorts (*codanattha*). (4) longs / hopes / wishes / has desire / expresses desire. (5) resorts to / attends on. (6) gives (a sign). (7) (the goods already given) again / back asks / begs / requests. See the original.	(ခ) printed twice in (2); ကာယာဝိညတ် read as ကာယဝိညတ်; အမှတ်သညာ in (6) rendered 'sign' (could be 'name, designation'); 'See the original' rendered literally
134386	yācatha	(သင်တို့) တောင်းပန်-ရိုသေစွာ-တိုက်တွန်း-နှုိးဆော်-ကုန်၏။ «S1»	(vosotros) rogáis / respetuosamente / exhortáis / instáis. Véase [[yācati]] (2-a).	(you) entreat / respectfully / exhort / urge. See [[yācati]] (2-a).	2nd person plural marked by (သင်တို့)
134387	yācatha	တောင်း-တောင်းရမ်း-တောင်းခံ--ကုန်လော့-ကြချေ။ (	pedid / solicitad / demandad.	ask / beg / request (you, plural).	double hyphen before ကုန်လော့; plural imperative; text ends with a stray '(' , possibly truncated
134389	yācana	(၁) (က) (နှုတ်မြွက်၍)တောင်း-တောင်းရမ်း-တောင်းခံခြင်း။ (ခ) (ခ)(ကာယဝိညာတ်ဖြင့်) တောင်း-တောင်းရမ်း-တောင်းခံခြင်း။ (၂)(က) တောင်းပန်-ရိုသေစွာ တောင်းခြင်း။ (ခ) တောင်းပန်-တားမြစ်-ခြင်း။ (ဂ) တောင်းပန်-ရိုသေစွာ-တိုက်တွန်း-နှုိးဆော်ခြင်း (စောဒနတ္ထ)။ (၃) တိုက်တွန်း-နှုိးဆော်ခြင်း (စောဒနတ္ထ)။ (၄) တောင်း-တောင်းရမ်း-တောင်းခံ-သော၊ သူ။ (တောင်းခြင်း။ ဇာ၊ ၁။ ၁၀၄။ ဇာတ်၊ ဝတ္ထု၊ ၂၊ သျ၊ ၇၁၃-နှာ)။ (၅) တောင်း-တောင်းရမ်း-တောင်းခံအပ်သော-အရာ။ (၆) တောင်းပန်-ရိုသေစွာ-တိုက်တွန်း-နှုိးဆော်-အပ်သော။ (၇) တောင်းပန်-ရိုသေစွာ-တိုက်တွန်း-နှုိးဆော်-ကြောင်း ဖြစ်သော (စကား)။ (၈) တောင်း-တောင်းရမ်း-ခြင်း (သဒ္ဒတ္ထ)၊ တောင်းအပ် တောင်း၍ရအပ်-သော (အဆောက်အဦး) (အဓိပ္ပါယတ္ထ= ဥပစာရတ္ထ)။	(1) (a) (verbalmente) el pedir / solicitar / demandar. (b) (mediante *kāyaviññatti*) el pedir / solicitar / demandar. (2) (a) el rogar / pedir respetuosamente. (b) el rogar / prohibir. (c) el rogar / respetuosamente / exhortar / instar (*codanattha*). (3) el exhortar / instar (*codanattha*). (4) que pide / solicita / demanda (dicho de una persona). (El pedir). (5) la cosa pedida / solicitada / demandada. (6) rogado / respetuosamente / exhortado / instado. (7) (palabras) de rogar / respetuosamente / exhortar / instar. (8) el pedir / solicitar (*saddattha*); (el edificio) pedido, obtenido pidiéndolo (*adhippāyattha* = *upacārattha*).	(1) (a) (by word of mouth) asking / begging / requesting. (b) (by *kāyaviññatti*) asking / begging / requesting. (2) (a) entreating / asking respectfully. (b) entreating / forbidding. (c) entreating / respectfully / exhorting / urging (*codanattha*). (3) exhorting / urging (*codanattha*). (4) who asks / begs / requests (said of a person). (Asking). (5) the thing asked / begged / requested for. (6) entreated / respectfully / exhorted / urged. (7) (words) of entreating / respectfully / exhorting / urging. (8) asking / begging (*saddattha*); (a building) asked for, obtained by asking (*adhippāyattha* = *upacārattha*).	(ခ) printed twice in (1); ကာယဝိညာတ် read as kāyaviññatti; citations dropped
134390	yācanaka	(၁) တောင်း-တောင်းရမ်း-တောင်းခံ-သော၊ သူ။ (၂) သူတောင်းစား၊ ဖုန်းစား၊ သူဖုန်းစား၊ ဖုန်းတောင်းစား၊ ဖုန်းတောင်းယာစကာ။ (၃) အဋ္ဌိသေနဇာတ်။ မူရင်းကြည့်ပါ။	(1) que pide / solicita / demanda (dicho de una persona). (2) mendigo; pordiosero; indigente; limosnero; mendigo que pide limosna. (3) el *jātaka* de *aṭṭhisena*. Véase el original.	(1) who asks / begs / requests (said of a person). (2) beggar; mendicant; pauper; alms-beggar; begging mendicant. (3) the *aṭṭhisena* *jātaka*. See the original.	(2) is a list of five Burmese synonyms for 'beggar', rendered with varied words; 'See the original' rendered literally
134392	yācanaṭṭha	တိုက်တွန်း-နှုိးဆော်-ခြင်း။ အနက်သဘော။	el sentido de exhortar / instar.	the sense of exhorting / urging.	a ။ separates ခြင်း from အနက်သဘော; read as one phrase
134393	yācanattha	(၁) တောင်းပန်-ရိုသေစွာ-တိုက်တွန်း-နှုိးဆော်-ခြင်း အနက်ရှိ သော (သဒ္ဒါ,နိပါတ်)။ (ပု) (၂) တောင်းပန်-ရိုသေစွာ-တိုက်တွန်း-နှုိးဆော် ခြင်းအနက်။ (၃) တောင်းပန်-တားမြစ်-ခြင်း အကျိုး။ (၄)တောင်းပန်-ရိုသေစွာ တောင်း-ခြင်းအကျိုး။ မူရင်းကြည့်ပါ။	(1) (palabra, *nipāta*) que tiene el significado de rogar / respetuosamente / exhortar / instar. (masculino) (2) el significado de rogar / respetuosamente / exhortar / instar. (3) el beneficio de rogar / prohibir. (4) el beneficio de rogar / pedir respetuosamente. Véase el original.	(1) (word, *nipāta*) having the meaning of entreating / respectfully / exhorting / urging. (masculine) (2) the meaning of entreating / respectfully / exhorting / urging. (3) the benefit of entreating / forbidding. (4) the benefit of entreating / asking respectfully. See the original.	အကျိုး in (3)-(4) may mean 'purpose' (attha) rather than 'benefit'; 'See the original' rendered literally
134394	yācanapubbaka	တောင်းပန်-ရိုသေ စွာ-တိုက်တွန်း-နှုိးဆော်-ခြင်း။ ရှေးရှိသော။	que tiene como antecedente el rogar / respetuosamente / exhortar / instar.	having entreating / respectfully / exhorting / urging as its antecedent.	a stray ။ after ခြင်း; read as one phrase
134396	yācanayutta	တောင်းယူခြင်းငှါ-သင့်လျော်-ထိုက်တန်-သော၊ သူ။	apropiado / digno de que se le pida (dicho de una persona).	fit / worthy to be asked (said of a person).	တောင်းယူခြင်းငှါ could also mean 'fit to ask and receive'
134397	yācanayuttaka	တောင်းယူခြင်းငှါ-သင့်လျော်-ထိုက်တန်-သော၊ သူ။	apropiado / digno de que se le pida (dicho de una persona).	fit / worthy to be asked (said of a person).	တောင်းယူခြင်းငှါ could also mean 'fit to ask and receive'
134406	yācanānuguṇa	တောင်းပန်ခင်း-ရိုသေစွာ-တောင်းခြင်း-နှင့်-တူသော-ဂုဏ်- အစွမ်းသတ္တိ-ရှိ-သော။	que tiene la cualidad / capacidad semejante al rogar / pedir respetuosamente.	having a quality / power like entreating / asking respectfully.	ခင်း read as ခြင်း (misprint, twice in this shard)
134407	yācanicchā	တောင်းပန်ခင်း-ရိုသေစွာ-တောင်းခြင်း -ငှါ ဖြစ်သောအလိုဆန	el deseo que surge para rogar / pedir respetuosamente.	the wish arising for entreating / asking respectfully.	ခင်း read as ခြင်း; text ends 'အလိုဆန', truncated (အလိုဆန္ဒ?)
134408	yācanta	(၁) တောင်း-တောင်းရမ်း-တောင်းခံ -သော။ သူ၊ (၂) (က) တောင်းပန်-ရိုသေစွာ တောင်း-လိုသောသူ။ (ခ) တောင်းပန်-ကန်တော့-သည်းခံစေ-သော၊ သူ။ (ဂ) တောင်းပန်-ရိုသေစွာ-တိုက်တွန်း-နှုိးဆော်-လိုသော၊ သူ။ (၃) တိုက်တွန်း-နှုိးဆော်-သော၊ သူ။ (၄) တောင့်တသော၊ သူ မူရင်းကြည့်ပါ။	(1) que pide / solicita / demanda (dicho de una persona). (2) (a) persona que desea rogar / pedir respetuosamente. (b) que se disculpa / pide perdón con reverencia / pide indulgencia (dicho de una persona). (c) que desea rogar / respetuosamente / exhortar / instar (dicho de una persona). (3) que exhorta / insta (dicho de una persona). (4) que anhela (dicho de una persona). Véase el original.	(1) who asks / begs / requests (said of a person). (2) (a) a person who wishes to entreat / ask respectfully. (b) who apologises / begs pardon with obeisance / asks for forbearance (said of a person). (c) who wishes to entreat / respectfully / exhort / urge (said of a person). (3) who exhorts / urges (said of a person). (4) who longs for (said of a person). See the original.	punctuation in (1) reversed (။ သူ၊); 'See the original' rendered literally
134409	yācanti	(၁) (က) (နှုတ်မြွက်၍) တောင်း-တောင်းရမ်း-တောင်းခံ-ကုန်၏။ «S1» မူရင်းကြည့်ပါ။	(1) (a) (verbalmente) piden / solicitan / demandan. Véase [[yācati]] (1-a). Véase el original.	(1) (a) (by word of mouth) they ask / beg / request. See [[yācati]] (1-a). See the original.	'See the original' rendered literally
134410	yācamāna	(၁) တောင်း-တောင်းရမ်း-တောင်းခံ-သော၊ သူ။ (၂) (က) တောင်းပန်-ရိုသေစွာ တောင်း-လိုသော၊ သူ။ မူရင်းကြည့်ပါ (ခ) တောင်းပန်-ရိုသေစွာ-ထိုက်တွန်း-နှုိးဆော်-အပ်သော၊ သူ။	(1) que pide / solicita / demanda (dicho de una persona). (2) (a) que desea rogar / pedir respetuosamente (dicho de una persona). Véase el original. (b) rogado / respetuosamente / exhortado / instado (dicho de una persona).	(1) who asks / begs / requests (said of a person). (2) (a) who wishes to entreat / ask respectfully (said of a person). See the original. (b) entreated / respectfully / exhorted / urged (said of a person).	ထိုက်တွန်း read as တိုက်တွန်း (misprint); 'See the original' rendered literally
134411	yācamāna	တောင်းပန်-ရိုသေစွာ-ထိုက်တွန်း-နှုိးဆော်-အပ်သော၊ သူ။	rogado / respetuosamente / exhortado / instado (dicho de una persona).	entreated / respectfully / exhorted / urged (said of a person).	ထိုက်တွန်း read as တိုက်တွန်း (misprint)
134414	yācamāna	ယာစမာန (၂) (ဃ) အနက်ကြည့်။	Véase [[yācamāna]] (2) (d), el significado.	See [[yācamāna]] (2) (d), the meaning.	'see X' left in the Burmese; the yācamāna article in this shard (134410) has no (2) (d)
134415	yācayissati	[ ယာစယန္တိ-ကြည့် ယာစတ()( အကြည်။	[Véase [[yācayanti]]; *yācata* … véase.	[See [[yācayanti]]; *yācata* … see.	garbled: 'ယာစတ()( အကြည်' unreadable; 'see X' left in the Burmese
134417	yācayoga	(၁) တောင်းပန်-ရိုသေစွာ-တိုက်တွန်း-နှုိးဆော်-သော ဝေနေယျသတ္တဝါတို့နှင့်-ယှဥ်-အခါခပ်သိမ်း မကင်း-သော၊ သူ။ (ဘုရား)။ «S1» (၂) တောင်းပန်-ရိုသေစွာ-တိုက်တွန်း-နှုိးဆော်-ခြင်းငှါ သင့်လျော်တော်မူသော (ဘုရား)။ «S2» (၃) တောင်း-တောင်းရမ်း၊ တောင်းခံ-ခြင်းငှါ-ထိုက်-သင့်လျော်-သော၊ သူ။ «S3» တောင်း-တောင်းရမ်း-တောင်းခံ-ခြင်းငှါ သင့်လျော်-သော။ «S4» (၄) တောင်း-တောင်းရမ်း-တောင်းခံ-သောသူ (အလှူခံပုဂ္ဂိုလ်၊ ဖုန်းတောင်းယာစကာ)တို့နှင့်-ယှဥ်-အခါခပ်သိမ်း မကင်း-သော၊ သူ။ «S5» (၅) ပေးကမ်း-လှူဒါန်း-ခြင်းနှင့်-ယှဉ်-အခါခပ်သိမ်း-မကင်း-သော၊ သူ။ (ဒါယကာ)။ «S6»	(1) asociado con / en ningún momento libre de los seres *veneyya* que ruegan / respetuosamente / exhortan / instan (dicho de una persona). (El Buddha). Véase [[yāca]] (5). (2) apropiado para el rogar / respetuosamente / exhortar / instar (el Buddha). Véase [[yāca]] (6). (3) digno / apto / apropiado para el pedir / solicitar, demandar (dicho de una persona). Véase [[yāca]] (3). apropiado para el pedir / solicitar / demandar. Véanse [[sū]], [[yāca]] (3). (4) asociado con / en ningún momento libre de quienes piden / solicitan / demandan (receptores de donaciones, mendigos) (dicho de una persona). Véase [[yāca]] (4). (5) asociado con / en ningún momento libre del dar / donar (dicho de una persona). (El donante). Véase [[yāca]] (7).	(1) associated with / at no time free of the *veneyya* beings who entreat / respectfully / exhort / urge (said of a person). (The Buddha). See [[yāca]] (5). (2) fit for entreating / respectfully / exhorting / urging (the Buddha). See [[yāca]] (6). (3) worthy / fit / proper for asking / begging, requesting (said of a person). See [[yāca]] (3). fit for asking / begging / requesting. See [[sū]], [[yāca]] (3). (4) associated with / at no time free of those who ask / beg / request (recipients of gifts, beggars) (said of a person). See [[yāca]] (4). (5) associated with / at no time free of giving / donating (said of a person). (The donor). See [[yāca]] (7).	ဥ for ဉ in ယှဥ်; ဒါယကာ rendered 'donor'
134421	yācassu	(၁) (နှုတ်မြွက်၍) တောင်း-တောင်းရမ်း-တောင်းခံ-လော့-ချေ။ «S1» (၂) (က) တောင်းပန်-ရိုသေစွာ တောင်း-လော့-ချေ။ «S2» (ခ) တောင်းပန်-တားမြစ်လော့-ချေ။ «S3»	(1) (verbalmente) pide / solicita / demanda (imperativo). Véase [[yācati]]. (2) (a) ruega / pide respetuosamente (imperativo). Véase [[yācati]] (2-a). (b) ruega / prohíbe (imperativo). Véase [[yācati]] (2-a).	(1) (by word of mouth) ask / beg / request (imperative). See [[yācati]]. (2) (a) entreat / ask respectfully (imperative). See [[yācati]] (2-a). (b) entreat / forbid (imperative). See [[yācati]] (2-a).	'(imperativo)' added to disambiguate the Spanish form
134424	yācāpeti	(၁) တောင်း-တောင်းရမ်း-တောင်းခံ- စေ၏။ (၂) တောင်းပန်-ရိုသေစွာ-တိုက်တွန်း-နှုိးဆော်-စေ၏။ (၃) မှီဝဲ-ဆည်းကပ်-စေ၏။ (၄)ခွင့်တောင်း-ပန်ကြား-တောင်းပန်စေ၏။ မူရင်းကြည့်ပါ။	(1) hace pedir / solicitar / demandar. (2) hace rogar / respetuosamente / exhortar / instar. (3) hace frecuentar / acercarse a. (4) hace pedir permiso / solicitar / rogar. Véase el original.	(1) causes to ask / beg / request. (2) causes to entreat / respectfully / exhort / urge. (3) causes to resort to / associate with. (4) causes to ask leave / request / entreat. See the original.	'See the original' rendered literally
134425	yācāpetuṁ	တောင်း-တောင်းရမ်း-တောင်းခံ-စေခြင်း။ ငှါ။	para hacer pedir / solicitar / demandar.	in order to cause to ask / beg / request.	stray ။ before ငှါ
134426	yācāpetvā	(၁) (က) တောင်းပန်-ရိုသေစွာတောင်း-စေ၍။ (ခ) တောင်းပန်-ရိုသေစွာ-တိုက်တွန်း-နှုိးဆော်-စေ၍။ (၂) ခွင့်တောင်းပန်ကြား-တောင်းပန်-စေ၍။ မူရင်းကြည့်ပါ။	(1) (a) habiendo hecho rogar / pedir respetuosamente. (b) habiendo hecho rogar / respetuosamente / exhortar / instar. (2) habiendo hecho pedir permiso y solicitar / rogar. Véase el original.	(1) (a) having caused to entreat / ask respectfully. (b) having caused to entreat / respectfully / exhort / urge. (2) having caused to ask leave and request / entreat. See the original.	'See the original' rendered literally
134427	yācāpenta	) တောင်းပန်-ရိုသေစွာ-တိုက်တွန်း-နှုိးဆော်-စေသော၊ သူ။	que hace rogar / respetuosamente / exhortar / instar (dicho de una persona).	who causes to entreat / respectfully / exhort / urge (said of a person).	stray ')' at the start
134430	yācāma	(၁) (နှုတ်မြွက်၍) တောင်း-တောင်းရမ်း- တောင်းခံ-ကုန်၏။ «S1» (၂) (က) တောင်းပန်-ရိုသေစွာ-တောင်း-ကုန်၏။ «S2» (ခ) တောင်းပန်-ကန်တော့-သည်းခံစေ-ကုန်အံ့ (အနာဂတ်ကာလ)။ «S3» (ဂ) တောင်း ပန်-ရိုသေစွာ-တိုက်တွန်း-နှုိးဆော်-ကုန်၏။ «S4»	(1) (verbalmente) pedimos / solicitamos / demandamos. Véase [[yācati]] (1-a). (2) (a) rogamos / pedimos respetuosamente. Véase [[yācati]] (2-a). (b) nos disculparemos / pediremos perdón con reverencia / pediremos indulgencia (tiempo futuro). Véase [[yācati]] (2-b). (c) rogamos / respetuosamente / exhortamos / instamos. Véase [[yācati]] (2-a).	(1) (by word of mouth) we ask / beg / request. See [[yācati]] (1-a). (2) (a) we entreat / ask respectfully. See [[yācati]] (2-a). (b) we shall apologise / beg pardon with obeisance / ask for forbearance (future tense). See [[yācati]] (2-b). (c) we entreat / respectfully / exhort / urge. See [[yācati]] (2-a).	rendered in the 1st person plural (headword -ma)
134431	yācāmi	(၁) (ငါ) တောင်း-တောင်းခံ-၏။ «S1» (၂) (က) တောင်းပန်-ရိုသေစွာ-တောင်း-၏။ «S2» (ခ) တောင်းပန်-ရိုသေစွာ-တိုက်တွန်း-နှုိးဆော်-၏။ «S3» (၃) တိုက်တွန်း-နှုိးဆော်-၏။ «S4» (၄) ခွင့်တောင်း-ပန်ကြား-တောင်းပန်-၏။ «S5»	(1) (yo) pido / demando. Véase [[yācati]] (1-a). (2) (a) ruego / pido respetuosamente. Véase [[yācati]] (2-a). (b) ruego / respetuosamente / exhorto / insto. Véase [[yācati]] (2-a). (3) exhorto / insto. Véase [[yācati]] (3). (4) pido permiso / solicito / ruego. Véase [[yācati]] (2-a).	(1) (I) ask / request. See [[yācati]] (1-a). (2) (a) I entreat / ask respectfully. See [[yācati]] (2-a). (b) I entreat / respectfully / exhort / urge. See [[yācati]] (2-a). (3) I exhort / urge. See [[yācati]] (3). (4) I ask leave / request / entreat. See [[yācati]] (2-a).	1st person marked by (ငါ)
134432	yācāhi	(၁) (သင်) တောင်း-တောင်းခံ-လော့-ချေ။ «S1» (၂) (က) တောင်းပန်-ရိုသေစွာ-တောင်း-လော့- ချေ။ «S2» (ခ) တောင်းပန်-ရိုသေစွာ-တိုက်တွန်း-နှုိးဆော်-လော့-ချေ။ «S3»	(1) (tú) pide / demanda (imperativo). Véase [[yācati]] (1-a). (2) (a) ruega / pide respetuosamente (imperativo). Véase [[yācati]] (2-a). (b) ruega / respetuosamente / exhorta / insta (imperativo). Véase [[yācati]] (2-a).	(1) (you) ask / request (imperative). See [[yācati]] (1-a). (2) (a) entreat / ask respectfully (imperative). See [[yācati]] (2-a). (b) entreat / respectfully / exhort / urge (imperative). See [[yācati]] (2-a).	2nd person marked by (သင်); '(imperativo)' added to disambiguate the Spanish form
134433	yāciṁ	(၁) (က) တောင်းပန်-ရိုသေစွာ တောင်း-ပြီ။ «S1» (ခ) တောင်းပန်-ရိုသေစွာ-တိုက်တွန်း-နှုိးဆော်-ပြီ။ «S2»	(1) (a) rogué / pedí respetuosamente. Véase [[yācati]] (2). (b) rogué / respetuosamente / exhorté / insté. Véase [[yācati]] (2-b).	(1) (a) I entreated / asked respectfully. See [[yācati]] (2). (b) I entreated / respectfully / exhorted / urged. See [[yācati]] (2-b).	rendered in the 1st person (headword -iṁ); the Burmese does not mark the person; (1) has no (2)
134435	yāci	(၁) တောင်း-တောင်းရမ်း-တောင်းခံ-ပြီး။ «S1» (၂) (က) တောင်းပန်-ရိုသေစွာ-တောင်း-ပြီ။ ယာစတိ-(၂-က)-ကြည့်၊ (ခ) တောင်းပန်-တားမြစ်-ပြီ။ «S2» (ဂ) တောင်းပန်-ရိုသေစွာ-တိုက်တွန်း-နှုိးဆော်-ပြီ။ «S3» (၃) တိုက်တွန်း-နှုိးဆော်-ပြီ။ «S4» (၄) တောင့်တ-မျှော်လင့်-အလိုရှိ-ဆန္ဒရှိ-ဆန္ဒပြု-ပြီ။ «S5»	(1) pidió / solicitó / demandó. Véase [[yācati]] (1-a). (2) (a) rogó / pidió respetuosamente. Véase [[yācati]] (2-a); (b) rogó / prohibió. Véase [[yācati]] (2-b). (c) rogó / respetuosamente / exhortó / instó. Véase [[yācati]] (2-b). (3) exhortó / instó. Véase [[yācati]] (3). (4) anheló / esperó / deseó / tuvo el deseo / manifestó el deseo. Véase [[yācati]] (4).	(1) asked / begged / requested. See [[yācati]] (1-a). (2) (a) entreated / asked respectfully. See [[yācati]] (2-a); (b) entreated / forbade. See [[yācati]] (2-b). (c) entreated / respectfully / exhorted / urged. See [[yācati]] (2-b). (3) exhorted / urged. See [[yācati]] (3). (4) longed for / hoped / wished / had the wish / expressed the wish. See [[yācati]] (4).	ပြီး in (1) read as ပြီ; 'see X' left in the Burmese
134436	yācikā	တောင်းခြင်း (သဒ္ဒတ္တ)၊ တောင်း-တောင်း၍ ရ-အပ်သော (အဆောက်အဦ) (အဓိပ္ပါယတ္ထ-ဥပစာရတ္ထ)။ «S1»	el pedir (*saddatta*); (el edificio) pedido / obtenido pidiéndolo (*adhippāyattha* / *upacārattha*). Véanse [[yācana]], [[yācaka]] (4).	asking (*saddatta*); (a building) asked for / obtained by asking (*adhippāyattha* / *upacārattha*). See [[yācana]], [[yācaka]] (4).	သဒ္ဒတ္တ copied as printed, probably for သဒ္ဒတ္ထ
134437	yācita	(၁) (က) တောင်း-တောင်းရမ်း-တောင်းခံ-အပ်သော၊ သူ။ (ခ) (ဝစီဝိညတ်ဖြင့်,နှုတ်မြွက်၍) တောင်း-တောင်းရမ်း-တောင်းခံ-အပ်သော၊ သူ။ (ဂ) (ကယဝိညတ်-ဆွမ်းခံအကျင့်-အရိယာတို့၏ တောင်းခြင်း-ဖြင့်) တောင်း-တောင်းခံ-အပ်သော၊ သူ။ (၂) တောင်းပန်-ရိုသေစွာတောင်း-အပ်သော၊ (က) ဩဝါဒ၊ (ခ) ဆု။ (၃) (က) တောင်းပန်-ရိုသေစွာ-တိုက်တွန်း-နှုိးဆော်-အပ်သော၊သူ။ (ခ) အထူး-ရိုသေစွာ-ရှေးရှု-တောင်းပန်-တိုက်တွန်း-နှုိးဆော်-သော၊ သူ။ (၄) တိုက်တွန်း-နှုိးဆော်-အပ်သော၊ သူ။ (၅) ခွင့်တောင်း-ပန်ကြား-တောင်းပန်-အပ်သော၊ သူ။ (၆) တောင်း-တောင်းရမ်း-တောင်းခံ-အပ်သော၊ (ပစ္စည်း၊ ဥစ္စာ)။ (၇) (အခိုက်အတန့်-ခဏ-ခေတ္တ-တောင်းအပ်သော) ငှါ-ချေးငှါး-ငှါးရမ်း-အပ် သော (က) ပစ္စည်း,ဥစ္စာ (သပိတ်,သင်္ကန်း)။ (ခ) သူ (ရဟန်းရှင်လူ)။ (ဂ) တောင်း-တောင်းရမ်း-တောင်းခံ-တတ်သော၊ သူ (ရဟန်း)။ (၉) တောင်းပန်-ရိုသေစွာတောင်း-တတ်သော၊ သူ(ရဟန္တာ)။ (န) (၁၀) (အခိုက်အတန့်-ခဏခေတ္တ-တောင်းခြင်း) ငှါ-ချေးငှါး-ငှါးရမ်း-ခြင်း။ (၁၁) (က) တောင်းပန်-ရိုသေစွာ-တိုက်တွန်း-နှုိးဆော်-ခြင်း။ (ခ) အထူး-ရိုသေစွာ-ရှေးရှု-တောင်းပန်-တိုက်တွန်း-နှုိးဆော်-ခြင်း။ (၁၂) တောင်းပန်-ရိုသေစွာ-တိုက်တွန်း-နှုိးဆော်-ခြင်း-အပ်ရာ (အချိန်,အခါ)။ မူရင်းကြည့်ပါ။	(1) (a) pedido / solicitado / demandado (dicho de una persona). (b) (mediante *vacīviññatti*, verbalmente) pedido / solicitado / demandado (dicho de una persona). (c) (mediante *kāyaviññatti* / la práctica de ir por la comida de limosna / el pedir de los *ariyā*) pedido / demandado (dicho de una persona). (2) rogado / pedido respetuosamente: (a) amonestación; (b) gracia. (3) (a) rogado / respetuosamente / exhortado / instado (dicho de una persona). (b) que de modo especial / respetuosamente / dirigiéndose a él / ruega / exhorta / insta (dicho de una persona). (4) exhortado / instado (dicho de una persona). (5) a quien se pide permiso / solicita / ruega (dicho de una persona). (6) pedido / solicitado / demandado (bienes, posesiones). (7) (pedido por un momento / un instante / temporalmente) prestado / tomado en préstamo / alquilado: (a) bienes, posesiones (cuenco, hábito). (b) persona (monje o laico). (c) que suele pedir / solicitar / demandar (dicho de una persona) (un monje). (9) que suele rogar / pedir respetuosamente (dicho de una persona) (un *arahant*). (neutro) (10) (el pedir por un momento / temporalmente) el prestar / tomar en préstamo / alquilar. (11) (a) el rogar / respetuosamente / exhortar / instar. (b) el rogar / exhortar / instar de modo especial / respetuosamente / dirigiéndose a él. (12) (el tiempo, la ocasión) en que se ruega / respetuosamente / exhorta / insta. Véase el original.	(1) (a) asked / begged / requested (said of a person). (b) (by *vacīviññatti*, by word of mouth) asked / begged / requested (said of a person). (c) (by *kāyaviññatti* / the practice of going for almsfood / the asking of the *ariyā*) asked / requested (said of a person). (2) entreated / asked respectfully: (a) admonition; (b) boon. (3) (a) entreated / respectfully / exhorted / urged (said of a person). (b) who specially / respectfully / facing him / entreats / exhorts / urges (said of a person). (4) exhorted / urged (said of a person). (5) asked leave of / requested / entreated (said of a person). (6) asked / begged / requested (goods, possessions). (7) (asked for a moment / an instant / temporarily) lent / borrowed / hired: (a) goods, possessions (bowl, robe). (b) a person (monk or layman). (c) who is apt to ask / beg / request (said of a person) (a monk). (9) who is apt to entreat / ask respectfully (said of a person) (an *arahant*). (neuter) (10) (asking for a moment / temporarily) lending / borrowing / hiring. (11) (a) entreating / respectfully / exhorting / urging. (b) entreating / exhorting / urging specially / respectfully / facing him. (12) (the time, the occasion) when one is entreated / respectfully / exhorted / urged. See the original.	ကယဝိညတ် read as kāyaviññatti; numbering skips (8) and (ဂ) under (7) may be (8); ရဟန်းရှင်လူ read as 'monk or layman'; (12) ခြင်း-အပ်ရာ odd; 'See the original' rendered literally
134438	yācitaüpakaraṇa	တောင်း-ငှါးရမ်း-အပ်သော အဆောက်အဦ။	los enseres pedidos / alquilados.	the equipment asked for / hired.	အဆောက်အဦ read as 'equipment' (upakaraṇa), not 'building'
134440	yācitakabhaṇḍasadisa	ငှါးရမ်းအပ်သော-ပစ္စည်း-ဥစ္စာ-နျင့်တူသော။	semejante a los bienes / posesiones tomados en préstamo.	like borrowed goods / possessions.	နျင့် read as နှင့် (misprint)
134443	yācitakūpama	ငှါးရမ်းအပ်သော-ပစ္စည်း-ဥစ္စာ-ဟူသော ဥပမာရှိ-နျင့်တူ-သော။	que tiene por símil los bienes / posesiones tomados en préstamo / semejante a ellos.	having borrowed goods / possessions as its simile / resembling them.	နျင့် read as နှင့် (misprint)
134445	yācitabba	(၁) တောင်း-တောင်းခံ-သင့်-ထိုက်-သော (ပစ္စည်း,ဥစ္စာ)။ (၂) (က) တောင်းပန်-ရိုသေစွာ တောင်း-အပ်သော။ (ခ) တောင်းပန်-တားမြစ်-အပ်သော။ (ဂ) တောင်းပန်-ရိုသေစွာ-တိုက်တွန်း-နှုိးဆော်-အပ်သော။ (၃) ခွင့်တောင်း-ပန်ကြား-တောင်းပန်-အပ်သော။ (၄) တောင်း-တောင်းခံ-ခြင်း။ မူရင်းကြည့်ပါ။	(1) apropiado / digno de pedirse / demandarse (bienes, posesiones). (2) (a) que ha de ser rogado / pedido respetuosamente. (b) que ha de ser rogado / prohibido. (c) que ha de ser rogado / respetuosamente / exhortado / instado. (3) a quien se ha de pedir permiso / solicitar / rogar. (4) el pedir / demandar. Véase el original.	(1) fit / worthy to be asked / requested (goods, possessions). (2) (a) to be entreated / asked respectfully. (b) to be entreated / forbidden. (c) to be entreated / respectfully / exhorted / urged. (3) to be asked leave of / requested / entreated. (4) asking / requesting. See the original.	'See the original' rendered literally
134447	yācitabbakayutta	တောင်း-တောင်းခံ-ခြင်ငှါ သင့်လျော်သော-သူ။ «S1»	persona apropiada para pedir / demandar. Véase [[yācitabbaka]].	a person fit for asking / requesting. See [[yācitabbaka]].	ခြင်ငှါ read as ခြင်းငှါ (misprint)
134454	yācitave	တောင်း-ပန်-တားမြစ်-ခြင်းငှါ။	para pedir / rogar / prohibir.	in order to ask / entreat / forbid.	the hyphen in တောင်း-ပန် probably splits one word, တောင်းပန် 'entreat'
134456	yācitākāranidassana	တောင်းပန်-ရိုသေစွာ တိုက်တွန်း-ပုံ အခြင်းအရာကို-ပြတတ်-ပြကြောင်းဖြစ်-သော (စကား။ ဝါကျ)။	(palabras; frase) que suele mostrar / que sirve para mostrar el modo de rogar / exhortar respetuosamente.	(words; sentence) apt to show / serving to show the manner of entreating / respectfully exhorting.	(စကား။ ဝါကျ) has ။ for ၊
134458	yācituṁ	(၁) (က) (နှုတ်မြွက်၍) တောင်း-တောင်းရမ်း-တောင်းခံ-ခြင်းငှါ။ (ခ) (ကာယဝိညာတ်ဖြင့်) တောင်း-တောင်းရမ်း-တောင်းခံ-ခြင်းငှါ။ (၂) (က) တောင်းပန်-တားမြစ်-ခြင်းငှါ။ (ခ) တောင်းပန်-ရိုစွော-တိုက်တွန်းနှုိးဆော်ခြင်းငှါ။ မူရင်းကြည့်ပါ။	(1) (a) (verbalmente) para pedir / solicitar / demandar. (b) (mediante *kāyaviññatti*) para pedir / solicitar / demandar. (2) (a) para rogar / prohibir. (b) para rogar / respetuosamente / exhortar / instar. Véase el original.	(1) (a) (by word of mouth) in order to ask / beg / request. (b) (by *kāyaviññatti*) in order to ask / beg / request. (2) (a) in order to entreat / forbid. (b) in order to entreat / respectfully / exhort / urge. See the original.	ရိုစွော read as ရိုသေစွာ (misprint); 'See the original' rendered literally
134459	yācitukāma	(၁) တောင်းရမ်း-တောင်းခံ-ခြင်းငှါ အလိုရှိသော။ (၂)ခွင့်တောင်း-ပန်ကြား-တောင်းပန်ခြင်းငှါ အလိုရှိသော။ မူရင်းကြည့်ပါ။	(1) que desea solicitar / demandar. (2) que desea pedir permiso / solicitar / rogar. Véase el original.	(1) wishing to beg / request. (2) wishing to ask leave / request / entreat. See the original.	'See the original' rendered literally
134462	yācittha	တောင်းပန်-ရိုသေစွာတောင်း-ပြီ။ ယာစတိ (၂) (က) ကြည့်။	rogó / pidió respetuosamente. Véase [[yācati]] (2) (a).	entreated / asked respectfully. See [[yācati]] (2) (a).	'see X' left in the Burmese
134464	yācitvā	(၁) (က) (နှုတ်မြွက်၍) တောင်း-တောင်းရမ်း-တောင်းခံ-၍။ (ခ) (ကာယာဝိညာဏ်ဖြင့်) တောင်း-တောင်းရမ်း-တောင်းခံ-၍။ (၂) (က) တောင်းပန်-ရိုသေစွာတောင်း-၍။ (၃) အခိုက်အတံ့-ခဏခေတ္တ-တောင်း၍) ငှါး-ချေးငှါး-ငှါးရမ်း-၍။ (၄) ခွင့်တောင်း-ပန်ကြား-တောင်းပန်-၍။ (၅) တောင်းပန်-တောင်း-သကဲ့သို့ ပြု-ဟန်ဆောင်-အယောင်-ဆောင်-၍။ မူရင်းကြည့်ပါ။	(1) (a) (verbalmente) habiendo pedido / solicitado / demandado. (b) (mediante *kāyaviññatti*) habiendo pedido / solicitado / demandado. (2) (a) habiendo rogado / pedido respetuosamente. (3) (habiendo pedido por un momento / temporalmente) habiendo tomado prestado / en préstamo / alquilado. (4) habiendo pedido permiso / solicitado / rogado. (5) habiendo actuado / fingido / aparentado como si rogara / pidiera. Véase el original.	(1) (a) (by word of mouth) having asked / begged / requested. (b) (by *kāyaviññatti*) having asked / begged / requested. (2) (a) having entreated / asked respectfully. (3) (having asked for a moment / temporarily) having borrowed / taken on loan / hired. (4) having asked leave / requested / entreated. (5) having acted / feigned / pretended as though entreating / asking. See the original.	ကာယာဝိညာဏ် read as kāyaviññatti; opening bracket missing in (3); (2) has no (b); 'See the original' rendered literally
134465	yācimhā	(၁) (ငါတို့) တောင်း-တောင်းခံ-ကုန်ပြီ။ «S1» (၂) တောင်းပန်-ရိုသေစွာ-တိုက်တွန်း-နှုိးဆော်-ကုန်ပြီ။ «S2»	(1) (nosotros) pedimos / demandamos. Véase [[yācati]] (1-a). (2) rogamos / respetuosamente / exhortamos / instamos. Véase [[yācati]] (2-a).	(1) (we) asked / requested. See [[yācati]] (1-a). (2) we entreated / respectfully / exhorted / urged. See [[yācati]] (2-a).	1st person plural marked by (ငါတို့); past tense
134467	yāciyamāna	(၁) (က) တောင်း-တောင်းခံ-အပ်သော၊သူ။ (၂) (က) တောင်းပန်-ရိုသေစွာတောင်း-အပ်သော (ပဉ္စင်းအဖြစ်)။ (ခ) တောင်းပန်-ရိုသေစွာ-တိုက်တွန်း-နှုိးဆော်-အပ်သည်ရှိသော်။ (ဂ) တောင်းပန်-ရိုသေစွာ-တိုက်တွန်း-နှုိးဆော်-အပ်သော၊ သူ။ (ဃ) တောင်းပန်- တားမြစ်-အပ်သည် ရှိသော်။ (၃) တိုက်တွန်း-နှုိးဆော်-အပ်သော၊ သူ။ မူရင်းကြည့်ပါ။	(1) (a) pedido / demandado (dicho de una persona). (2) (a) rogado / pedido respetuosamente (para ser monje). (b) al ser rogado / respetuosamente / exhortado / instado. (c) rogado / respetuosamente / exhortado / instado (dicho de una persona). (d) al ser rogado / prohibido. (3) exhortado / instado (dicho de una persona). Véase el original.	(1) (a) asked / requested (said of a person). (2) (a) entreated / asked respectfully (to become a monk). (b) when being entreated / respectfully / exhorted / urged. (c) entreated / respectfully / exhorted / urged (said of a person). (d) when being entreated / forbidden. (3) exhorted / urged (said of a person). See the original.	ပဉ္စင်းအဖြစ် read as 'to become a monk (ordained)'; 'See the original' rendered literally
134468	yācīyamāna	(၁) (က) တောင်း-တောင်းခံ-အပ်သော၊သူ။ (၂) (က) တောင်းပန်-ရိုသေစွာတောင်း-အပ်သော (ပဉ္စင်းအဖြစ်)။ (ခ) တောင်းပန်-ရိုသေစွာ-တိုက်တွန်း-နှုိးဆော်-အပ်သည်ရှိသော်။ (ဂ) တောင်းပန်-ရိုသေစွာ-တိုက်တွန်း-နှုိးဆော်-အပ်သော၊ သူ။ (ဃ) တောင်းပန်- တားမြစ်-အပ်သည် ရှိသော်။ (၃) တိုက်တွန်း-နှုိးဆော်-အပ်သော၊ သူ။ မူရင်းကြည့်ပါ။	(1) (a) pedido / demandado (dicho de una persona). (2) (a) rogado / pedido respetuosamente (para ser monje). (b) al ser rogado / respetuosamente / exhortado / instado. (c) rogado / respetuosamente / exhortado / instado (dicho de una persona). (d) al ser rogado / prohibido. (3) exhortado / instado (dicho de una persona). Véase el original.	(1) (a) asked / requested (said of a person). (2) (a) entreated / asked respectfully (to become a monk). (b) when being entreated / respectfully / exhorted / urged. (c) entreated / respectfully / exhorted / urged (said of a person). (d) when being entreated / forbidden. (3) exhorted / urged (said of a person). See the original.	ပဉ္စင်းအဖြစ် read as 'to become a monk (ordained)'; 'See the original' rendered literally
134470	yācissāma	(၁) (က) (နှုတ်မြွက်၍) တောင်း-တောင်း ရမ်း-တောင်းခံ-ကုန်အံ့။ (ခ) (ကာယဝိညာဏ်ဖြင့်) ) တောင်း-တောင်းရမ်း-တောင်းခံ-ကုန်အံ့ံ။ ယာစတိ-(၁-က,ခ)-တို့ကြည့်။ မူရင်းကြည့်ပါ။	(1) (a) (verbalmente) pediremos / solicitaremos / demandaremos. (b) (mediante *kāyaviññatti*) pediremos / solicitaremos / demandaremos. Véanse [[yācati]] (1-a, b). Véase el original.	(1) (a) (by word of mouth) we shall ask / beg / request. (b) (by *kāyaviññatti*) we shall ask / beg / request. See [[yācati]] (1-a, b). See the original.	rendered in the 1st person plural (headword -ma); ကာယဝိညာဏ် read as kāyaviññatti; stray ')' and doubled ံ; 'see X' left in the Burmese; 'See the original' rendered literally
134471	yācissāmi	(၁) တောင်းရမ်း-တောင်းခံ-အံ့။ «S1» (၂) (က) တောင်းပန်-ရိုသေစွာ တောင်း-အံ့။ «S2» (ခ) တောင်းပန်-ရိုသေစွာ-တိုက်တွန်း-နှုိးဆော်-အံ့။ «S3»	(1) solicitaré / demandaré. Véase [[yācati]] (1-a). (2) (a) rogaré / pediré respetuosamente. Véase [[yāci]] (2-a). (b) rogaré / respetuosamente / exhortaré / instaré. Véase [[yācati]] (2-a).	(1) I shall beg / request. See [[yācati]] (1-a). (2) (a) I shall entreat / ask respectfully. See [[yāci]] (2-a). (b) I shall entreat / respectfully / exhort / urge. See [[yācati]] (2-a).	rendered in the 1st person (headword -mi)
134474	yāce	(၁) (နှုတ်မြွက်၍) တောင်း-တောင်းရမ်း-တောင်းခံ-ငြားအံ့။ ယာစတိ (၁) (က) ကြည့်။ (၂) တောင်းပန်-ရိုသေစွာတောင်း-ငြားအံ့။ ယာစတိ (၂) (က) ကြည့်။	(1) (verbalmente) pediría / solicitaría / demandaría. Véase [[yācati]] (1) (a). (2) rogaría / pediría respetuosamente. Véase [[yācati]] (2) (a).	(1) (by word of mouth) would ask / beg / request. See [[yācati]] (1) (a). (2) would entreat / ask respectfully. See [[yācati]] (2) (a).	'see X' left in the Burmese
134480	yāceyyāma	(၁) (နှုတ်မြွက်၍) တောင်း-တောင်းရမ်း-တောင်းခံ-ကုန်ငြားအံ့။ «S1» (၂) တောင်းပန်-ကန်တော့-သည်းခံစေ-လိုကုန်၏။ «S2»	(1) (verbalmente) pediríamos / solicitaríamos / demandaríamos. Véase [[yācati]] (1-a). (2) deseamos disculparnos / pedir perdón con reverencia / pedir indulgencia. Véase [[yācati]] (2-b).	(1) (by word of mouth) we would ask / beg / request. See [[yācati]] (1-a). (2) we wish to apologise / beg pardon with obeisance / ask for forbearance. See [[yācati]] (2-b).	rendered in the 1st person plural (headword -ma)
134481	yāceyyāsi	(၁) ) (နှုတ်မြွက်၍)တောင်း-တောင်းရမ်း-တောင်းခံ-ကုန်လော့။ «S1» (၂) တောင်းပန်-ရိုသေစွာ-တိုက်တွန်း-နှုိးဆော်-ငြားအံ့။ «S2» (၃) တောင့်တ-မျှော်လင့်-အလိုရှိ-ဆန္ဒရှိ-ဆန္ဒပြု-၏။ «S3»	(1) (verbalmente) pedid / solicitad / demandad (imperativo). Véase [[yācati]] (1-a). (2) rogaría / respetuosamente / exhortaría / instaría. Véase [[yācati]] (2-a). (3) anhela / espera / desea / tiene el deseo / manifiesta el deseo. Véase [[yācati]] (4).	(1) (by word of mouth) ask / beg / request (imperative, plural). See [[yācati]] (1-a). (2) would entreat / respectfully / exhort / urge. See [[yācati]] (2-a). (3) longs for / hopes / wishes / has the wish / expresses the wish. See [[yācati]] (4).	stray ')' in (1); (1) has the plural imperative ကုန်လော့ under a 2nd singular optative headword
134483	yāja	(၁) ပေး-ကမ်း-စွန့်-လှူ-ပေးကမ်း-ပေး လှူ-စွန့်ကြဲ-လှူဒါန်း-ခြင်း။ «S1» (၂) လှူဖွယ်ဝတ္ထု။ ယာဇယောဂ-(၂,၃)-ကြည့်။	(1) el dar / entregar / renunciar / donar / otorgar / ofrendar / repartir / hacer donación. Véase [[yājayoga]] (1). (2) los objetos de donación. Véase [[yājayoga]] (2, 3).	(1) giving / handing over / relinquishing / donating / bestowing / offering / distributing / making donation. See [[yājayoga]] (1). (2) the things to be given. See [[yājayoga]] (2, 3).	'see X' left in the Burmese
134484	yājaka	ယဇ်-နတ်-မီး-ပူဇော်သော၊ သူ။	que ofrece sacrificios / a los *deva* / al fuego (dicho de una persona).	who offers sacrifice / to the *deva* / to the fire (said of a person).	ယဇ် read as 'sacrifice' (yañña)
134486	yājayoga	(၁)-ပေးကမ်း-စွန့်-လှူ-ခြင်းနှင့်ယှသ်သော၊ သူ။ (၂) လှူဖွယ်ဝတ္ထု-တို့ကို-၌-အားထုတ်-လုံ့လပြု-ကြိုးကုတ်-လုံးပမ်း-ကြိုးပမ်း-ကြိုးစား-သော။ သူ။ (၃) အဖန်တလဲလဲ-အားထုတ်-လုံ့လပြု-ကြိုးကုတ်-လုံးပမ်း-ကြိုးစား-အပ်သော လှူဖွယ်ဝတ္ထု။ မူရင်းကြည့်ပါ။	(1) asociado con el dar / renunciar / donar (dicho de una persona). (2) que se esfuerza / pone empeño / se afana / lucha / procura / intenta respecto a / en los objetos de donación (dicho de una persona). (3) los objetos de donación en los que se ha esforzado / puesto empeño / afanado / luchado / intentado repetidamente. Véase el original.	(1) associated with giving / relinquishing / donating (said of a person). (2) who exerts himself / makes effort / strives / struggles / endeavours / tries with regard to / in the things to be given (said of a person). (3) the things to be given in which effort has been exerted / made / striven / struggled / tried repeatedly. See the original.	ယှသ် read as ယှဉ် (misprint); (2) ends ။ သူ။ for ၊ သူ။; 'See the original' rendered literally
134490	yāta	(၁) (ရှေးဦးစွာ ကျေးဇူးပြုသည်၏ အဖြစ်ဖြင့်) သွားသော၊ သူ။ ရှေးဦးစွာ ကျေးဇူးပြုသော၊ သူ။ (၂) ရောက်သော၊ သူ။ (၃) ကင်းသော၊ သူ။ (၄) သွားရာဖြစ်-သွားအပ်-သော (ခရီးလမ်း)။ (န) (၅) သွားခြင်း။ မူရင်းကြည့်ပါ။	(1) (por el hecho de haber hecho un favor primero) que ha ido (dicho de una persona); que ha hecho un favor primero (dicho de una persona). (2) que ha llegado (dicho de una persona). (3) libre (dicho de una persona). (4) (camino) por donde se va / transitado. (neutro) (5) el ir. Véase el original.	(1) (by having first done a kindness) who has gone (said of a person); who has first done a kindness (said of a person). (2) who has arrived (said of a person). (3) free (said of a person). (4) (a road) where one goes / gone along. (neuter) (5) going. See the original.	'See the original' rendered literally
134493	yātanā	(၁) ညှဉ်းဆဲ-ညှင်းပမ်း-နှိပ်စက်-နာကျင်စေ-ခြင်း။ (၂)  ညှဉ်းဆဲ-ညှင်းပမ်း-နှိပ်စက်-နာကျင်စေ-တတ်သော (ဆင်းရဲ)။ (၃၀ ) ညှဉ်းဆဲ-ညှင်းပမ်း-နှိပ်စက်-နာကျင်စေ-ကြောင်းဖြစ်သော (အမှု)။ မူရင်းကြည့်ပါ။	(1) el atormentar / torturar / oprimir / hacer sufrir. (2) (sufrimiento) que suele atormentar / torturar / oprimir / hacer sufrir. (3) (acción) que es causa de atormentar / torturar / oprimir / hacer sufrir. Véase el original.	(1) tormenting / torturing / oppressing / causing pain. (2) (suffering) apt to torment / torture / oppress / cause pain. (3) (a deed) that is a cause of tormenting / torturing / oppressing / causing pain. See the original.	(၃၀ ) read as (၃); 'See the original' rendered literally
134499	yāti	(၁) လာ-သွား-ကြွတော်မူ-၏။ (၂) ပျံ-ပျံသွား-၏။ (၃)ရောက် - ကပ်ရောက်-၏။ (၄) အစဉ်လိုက်၏။ (၅) လိုက်-လိုက်ပါ--၏။ (၆) ဖြစ်၏။ (၇) (က) ကင်း-ကင်းကွာ-ကင်းပျောက်-၏။ (ခ) ဖဲခွါ-ဖဲသွား-၏။ (ဂ) (သေခြင်းသို့) ရှေးရှုသွား၏။ (၉) ကပ်-ချဉ်းကပ်-၏။ (၁၀) (က) ဆည်းကပ်၏။ (ခ) သိ၏၊ အသိအမှတ်ပြု၏။ (၁၁) ရှေးရှု-ပြေး-ပြေးသွား-၏။ (၁၂) စီး-စီးသွား-စီးဝင်-၏။ (၁၃) ပြန်-ပြန်သွား-၏။ (၁၄) (အပြစ် ဒေါသမှ)ထွက်မြောက်၏။ (၁၅) သက်ဝင်ယုံကြည်၏။ မူရင်းကြည့်ပါ။	(1) viene / va / se digna ir. (2) vuela / se va volando. (3) llega / se acerca. (4) sigue en orden. (5) sigue / acompaña. (6) llega a ser. (7) (a) está libre / se separa / se desprende. (b) se aparta / se marcha. (c) va hacia (la muerte). (9) se acerca / se aproxima. (10) (a) frecuenta. (b) conoce; reconoce. (11) se dirige hacia / corre / se va corriendo. (12) fluye / se va fluyendo / desemboca. (13) vuelve / regresa. (14) sale / escapa (de la falta, del defecto). (15) cree con convicción. Véase el original.	(1) comes / goes / deigns to go. (2) flies / flies away. (3) arrives / comes near. (4) follows in turn. (5) follows / accompanies. (6) becomes. (7) (a) is free / is separated / is rid of. (b) moves away / departs. (c) heads towards (death). (9) approaches / draws near. (10) (a) resorts to. (b) knows; recognises. (11) heads towards / runs / runs off. (12) flows / flows away / flows into. (13) returns / goes back. (14) goes out / escapes (from fault, from defect). (15) believes with conviction. See the original.	numbering skips (8); double hyphen in (5); အပြစ် ဒေါသ in (14) read as 'fault, defect' (dosa), not 'anger'; ကြွတော်မူ is the honorific 'go'; 'See the original' rendered literally
134500	yātuṁ	(၁) သွား-သွားခြင်းငှါ-ရန်။ (၂) ပြေး-ပြေးသွား-ခြင်းငှါ-ရန်။ (၃) ဝင်-ခြင်းငှါ-ရန်။ မူရင်းကြည့်ပါ။	(1) ir / para ir / a fin de ir. (2) correr / para ir corriendo / a fin de ello. (3) para / a fin de entrar. Véase el original.	(1) to go / in order to go / so as to go. (2) to run / in order to run off / so as to. (3) in order / so as to enter. See the original.	the hyphenated alternatives are the verb and the two purposive particles ငှါ and ရန်; 'See the original' rendered literally
134501	yātukāma	ယာတုံ+ ကမု+ဏ။ ကမု ဣစ္ဆာကန္တီသု။ နီတိ၊ဓာတု။ ၃၃၁။ ] သွားခြင်းငှါ အလိုရှိ-သွားလိုသော၊သူ။ အဘိယာတုကာမောတိ အဘိဘဝနတ္ထာယ ယာတုကာမော။ ဒီ၊ဋ္ဌ၊ ၂။ ၁၀၆။ အံ၊ ဋ္ဌ၊၃။ ၁၅၅။	*yātuṁ* + *kamu* + *ṇa*. *kamu icchākantīsu*. ] que desea ir / quiere ir (dicho de una persona). *abhiyātukāmoti abhibhavanatthāya yātukāmo*.	*yātuṁ* + *kamu* + *ṇa*. *kamu icchākantīsu*. ] wishing to go / wanting to go (said of a person). *abhiyātukāmoti abhibhavanatthāya yātukāmo*.	grammatical analysis and a commentary quotation kept in Pāḷi; citations (Nīti, Dhātu; DA, AA) dropped; stray ']' copied
134505	yātrā	(၁) မစင်ကြယ် စက်ဆုပ်ဖွယ်သော ကိုယ်မှ) -ဖဲသွား-ထွက်မြောက်-ခြင်း၊ လွတ်ခြင်း၊ ထက်ဝန်းကျင်မှ လွတ်ခြင်း၊ ကောင်းစွာလွန်မြောက်ခြင်း။ (၂)(နိဗ္ဗာန်ကို-စွဲ-အစွဲပြု၍) သွားရခြင်း၊ ဘုံသုံးပါး ၌ဖြစ်သော ဝဋ်ဆင်းရဲမှ -ထွက်မြောက်-လွန်မြောက်-ရခြင်း။ (၃) စစ်ချီ-စစ်ထွက်-ခြင်း။ မူရင်းကြည့်ပါ။	(1) (del cuerpo impuro, repugnante) el apartarse / salir; el liberarse; el liberarse por todos lados; el trascender bien. (2) (tomando por apoyo / apoyándose en Nibbāna) el poder ir; el poder salir / trascender del sufrimiento del *vaṭṭa* que surge en los tres *bhūmi*. (3) el marchar a la guerra / salir en campaña. Véase el original.	(1) (from the impure, loathsome body) moving away / going out; being freed; being freed on all sides; transcending well. (2) (taking Nibbāna as support / relying on it) being able to go; being able to go out / transcend the suffering of *vaṭṭa* arising in the three *bhūmi*. (3) marching to war / going on campaign. See the original.	opening bracket missing in (1); 'See the original' rendered literally
134506	yātrā	မျှ-မျှတ-ခြင်း၊ (ဣရိယာပုတ် လေးပါးတို့၏ အပြတ်ခြင်း၊ ရှည်မြင့်စွာသော ကာလပတ်လုံး ဖြစ်ခြင်း၊ ရှည်မြင့်စွာသော ကာလပတ်လုံးဖြစ်ခြင်း)။	el sustentarse / mantenerse; (la no interrupción de las cuatro *iriyāpatha*; el durar por largo tiempo; el durar por largo tiempo).	subsisting / being sustained; (the non-interruption of the four *iriyāpatha*; lasting a long time; lasting a long time).	အပြတ်ခြင်း read as မပြတ်ခြင်း 'non-interruption' (yātrā = keeping up the postures); the last phrase is printed twice
134507	yātha	(၁) သွားကြ-ကုန်လော့-ကုန်။ «S1» (၂) ဆည်းကပ်ကြ-ကုန်လော့-ကုန်။ (၃) သိကြ-ကုန်လော့-ကုန်။ ယာတိ-(၁၀,၁၁)-ကြည့်။	(1) id. Véase [[yāti]] (1). (2) frecuentad. (3) sabed. Véase [[yāti]] (10, 11).	(1) go (plural). See [[yāti]] (1). (2) resort to (plural). (3) know (plural). See [[yāti]] (10, 11).	plural imperative; 'see X' left in the Burmese
134508	yāthāva	မ ဖောက်မပြန်-ဟုတ်မှန်-မှန်ကန်-သော။ (က) မဖောက်မပြန်-ဟုတ်မှန်-မှန်ကန်- သော သဘောရှိသော။ ဣတိဝုတ်။ ၂၂၄။ မြန်။ မဟာနိ။ ၅၈၊ ၂၂၄-၅။ သျှ။ မိုးထိ)။ (ခ) ထင်ရှားရှိသော။ (ဂ) မတုန်မလှုပ်သော။ မူရင်းကြည့်ပါ။	infalible / verdadero / correcto. (a) que tiene la naturaleza infalible / verdadera / correcta. (b) manifiestamente existente. (c) inconmovible. Véase el original.	unerring / true / correct. (a) having an unerring / true / correct nature. (b) manifestly existing. (c) unshakeable. See the original.	citations and source tags (ဣတိဝုတ်, မြန်, မဟာနိ, သျှ, မိုးထိ) dropped; stray ')'; 'See the original' rendered literally
134509	yāthāvaka	မဖောက်မပြန်-ဟုတ်မှန်-မှန်ကန်-သော (သဘောဖြစ်-သဘာဝျက-သော)။	infalible / verdadero / correcto (que es naturaleza / conforme a la naturaleza).	unerring / true / correct (that is its nature / in accord with nature).	'သဘာဝျက' garbled, read as သဘာဝကျ 'natural'
134512	yāthāvakavatthu	(၁) မဖောက်မပြန်-ဟုတ်မှန်-မှန်ကန်-သော သဘော (ဟိတ်-မဟုတ်သည်၏ အဖြစ် စသည်)။ ယာထာ၀ကဝတ္ထု ဝိဘာဝနာ-(၁)-ကြည့်။ (၂) မဖောက်မပြန်-ဟုတ်မှန်-မှန်ကန်-သော တည်ရာဝတ္ထု (ပစ္စည်းဝိညာဉ် စသော ဉာဏ်၏အာရုံ)။ ယာထာဝကဝတ္ထု ဝိဘာဝနာ-(၂)-ကြည့်။	(1) la naturaleza infalible / verdadera / correcta (el hecho de no ser *hetu*, y demás). Véase [[yāthāvakavatthu vibhāvanā]] (1). (2) la base infalible / verdadera / correcta (el objeto del conocimiento, como los cinco *viññāṇa*). Véase [[yāthāvakavatthu vibhāvanā]] (2).	(1) the unerring / true / correct nature (the state of not being a *hetu*, and so on). See [[yāthāvakavatthu vibhāvanā]] (1). (2) the unerring / true / correct base (the object of knowledge, such as the five *viññāṇa*). See [[yāthāvakavatthu vibhāvanā]] (2).	ပစ္စည်းဝိညာဉ် read as ပဉ္စဝိညာဉ် (as in the next article); ယာထာ၀က printed with the digit ၀, corrected to ဝ; 'see X' left in the Burmese
134513	yāthāvakavatthuvibhāvanā	(၁) မဖောက်မပြန်-ဟုတ်မှန်-မှန်ကန်-သော အနက် သဘော (ဟိတ်မဟုတ်သည်၏ အဖြစ်စသည်) ကို-ထင်စွာ-ထင်ရှား-ပြတတ် သော (ပညာ)။ (၂) မဖောက်မပြန်-ဟုတ်မှန်-မှန်ကန်သော တည်ရာဝတ္ထု (ပဉ္စဝိညာဉ်စသော ဉာဏ်အာရုံကို) ကို။ ထင်စွာ-ထင်ရှား-ပြတတ်သော (ပညာ)- (၃) မဖောက်မပြန်-ဟုတ်မှန်-မှန်ကန်သော အားဖြင့်-ဆက်ဆံ-တူ သည်၏ အဖြစ် (ဟိတ်မဟုတ်သည်၏ အဖြစ်စသည်) ဖြင့် ပဉ္စ-ဝိညာဉ်စသော ဉာဏ်၏တည်ရာ-ဝတ္ထု-အာရုံ-ကို -ထင်စွာ-ထင်ရှား -ပြတတ်သော (ပညာ)။ မူရင်းကြည့်ပါ။	(1) (la *paññā*) que suele mostrar clara / manifiestamente la naturaleza del significado infalible / verdadero / correcto (el hecho de no ser *hetu*, y demás). (2) (la *paññā*) que suele mostrar clara / manifiestamente la base infalible / verdadera / correcta (el objeto del conocimiento, como los cinco *viññāṇa*). (3) (la *paññā*) que suele mostrar clara / manifiestamente la base / el fundamento / el objeto del conocimiento, como los cinco *viññāṇa*, por el hecho de estar relacionado / ser semejante de modo infalible / verdadero / correcto (el hecho de no ser *hetu*, y demás). Véase el original.	(1) (the *paññā*) apt to show clearly / manifestly the unerring / true / correct nature of the meaning (the state of not being a *hetu*, and so on). (2) (the *paññā*) apt to show clearly / manifestly the unerring / true / correct base (the object of knowledge, such as the five *viññāṇa*). (3) (the *paññā*) apt to show clearly / manifestly the basis / base / object of knowledge, such as the five *viññāṇa*, through the state of being connected / alike in an unerring / true / correct way (the state of not being a *hetu*, and so on). See the original.	stray ။ and - in (2); ပဉ္စဝိညာဉ် 'the five viññāṇa' uncertain in this context; 'See the original' rendered literally
134517	yāthāvaṭṭha	မဖောက်မပြန်-ဟုတ်မှန်-မှန်ကန်သော-သဘော။ (ဟိတ်မဟုတ်သည်၏ အဖြစ် စသည်)။ ယထာဝကဝတ္ထု ဝိဘာဝနာ-(၁)-ကြည့်။	la naturaleza infalible / verdadera / correcta. (el hecho de no ser *hetu*, y demás). Véase [[yathāvakavatthu vibhāvanā]] (1).	the unerring / true / correct nature. (the state of not being a *hetu*, and so on). See [[yathāvakavatthu vibhāvanā]] (1).	'see X' left in the Burmese; ယထာ- spelled with short a here
134518	yāthāvatā	«S1» ယာထာဝတာယ သင်္ကပ္ပေါတိ သမ္မာသင်္ကပ္ပေါ။	Véase [[yāthā-vatatta]]. *yāthāvatāya saṅkappoti sammāsaṅkappo*.	See [[yāthā-vatatta]]. *yāthāvatāya saṅkappoti sammāsaṅkappo*.	only a Pāḷi gloss after the placeholder
134519	yāthāvadassana	မဖောက်မပြန်-ဟုတ်မှန်-မှန်ကန်သော-အားဖြင့်- မြင်ခြင်း-မြင်တတ်သောန်-နာမရူပါနံ။	el ver / que suele ver de modo infalible / verdadero / correcto *nāmarūpānaṁ*.	seeing / apt to see in an unerring / true / correct way *nāmarūpānaṁ*.	'မြင်တတ်သောန်' garbled (stray န်); the Pāḷi ⟦နာမရူပါနံ⟧ 'of mind and matter' appended
134525	yāthāvanicchaya	မဖောက်မပြန်-ဟုတ်မှန်သော အားဖြင့်-စွာ-ဆုံးဖြတ်တတ်သော ဉာဏ်။ (တစ်နည်း)မဖောက်မပြန်-ဟုတ်မှန်သော အားဖြင့်-စွာ -ဆုံးဖြတ်ခြင်း။	el conocimiento que suele decidir de modo infalible / verdadero. (Otra interpretación:) el decidir de modo infalible / verdadero.	the knowledge apt to decide unerringly / truly. (Alternatively:) deciding unerringly / truly.	-အားဖြင့်-စွာ are two adverbial particles given as alternatives; rendered once
134526	yāthāvaniyyānikakusaladiṭṭhi	မဖောက်မပြန်-ဟုတ်မှန်စွာ-(ဝဋ်ဆင်းရဲမှ) ထွက်မြောက်ကြောင်းဖြစ်-စေ-တတ်-သော ကုသိုလ်ဖြစ်သည့် ဒိဋ္ဌိ=ဉာစ်အမြင်။	la *diṭṭhi* = visión del conocimiento, que es sana, que suele ser causa / hacer salir (del sufrimiento del *vaṭṭa*) infalible / verdaderamente.	the *diṭṭhi* = vision of knowledge, which is wholesome, apt to be the cause / to cause emergence (from the suffering of *vaṭṭa*) unerringly / truly.	ဉာစ် read as ဉာဏ် (misprint)
134528	yāthāvanirutti	မဖောက်မပြန်-ဟုတ်မှန် -သဘာဝကျသော-နိရုတ္တိ-သဒ္ဒါ။ ထုတ်၍ ရွတ်ဆိုအပ်သော သဒ္ဒါ,မာဂဓသဒ္ဒါ၊ထုတ်၍ ရွတ်ဆိုအပ်သော သဒ္ဒါ,မာဂဓသဒ္ဒါ။	la *nirutti* / lengua infalible / verdadera / conforme a la naturaleza. La lengua pronunciada y recitada, la lengua *māgadha*; la lengua pronunciada y recitada, la lengua *māgadha*.	the unerring / true / natural *nirutti* / language. The language uttered and recited, the *māgadha* language; the language uttered and recited, the *māgadha* language.	the last phrase is printed twice
134530	yāthāvapaṭivedha	မဖောက်မပြန်-ဟုတ်မှန် သောအားဖြင့်-စွာ-ထိုးထွင်း၍ သိ-ခြင်း-တတ်သည်အဖြစ်။	el conocer penetrando / el hecho de soler conocer penetrando, de modo infalible / verdadero.	penetrating knowing / the state of being apt to know penetratingly, in an unerring / true way.	-အားဖြင့်-စွာ and -ခြင်း-တတ်သည် are alternative particles
134531	yāthāvappaṭivedha	မဖောက်မပြန်-ဟုတ်မှန် သောအားဖြင့်-စွာ-ထိုးထွင်း၍ သိ-ခြင်း-တတ်သည်အဖြစ်။	el conocer penetrando / el hecho de soler conocer penetrando, de modo infalible / verdadero.	penetrating knowing / the state of being apt to know penetratingly, in an unerring / true way.	-အားဖြင့်-စွာ and -ခြင်း-တတ်သည် are alternative particles
134533	yāthāvamāna	မဖောက်မပြန်-ဟုတ်မှန်-သော-မာန-မာန်-မာန်-မူခြင်း။	el *māna* / el orgullo / el enorgullecerse infalible / verdadero.	the unerring / true *māna* / conceit / being conceited.	sense unclear: 'true conceit' (māna perhaps 'measure' here)
134534	yāthāvalakkhaṇa	(၁)မဖောက်မပြန်-ဟုတ်မှန်-သော-သဘောလက္ခဏာရှိသော (အဒုဋ္ဌစိတ်)။	(1) que tiene el *lakkhaṇā* natural infalible / verdadero (la mente no corrompida).	(1) having an unerring / true natural *lakkhaṇā* (an uncorrupted mind).	(1) without (2); အဒုဋ္ဌစိတ် rendered 'uncorrupted mind'
134541	yāthāvasaññī	မဖောက် မပြန်-ဟုတ်မှန်-မတုန်လှုပ်သော-အမှတ်သညာ-မှန်ထင်ခြင်း-ရှိသော၊ သူ။	que tiene la percepción (*saññā*) / el concebir infalible / verdadero / inconmovible (dicho de una persona).	having an unerring / true / unshakeable perception (*saññā*) / conceiving (said of a person).	မှန်ထင်ခြင်း read as မှတ်ထင်ခြင်း 'conceiving'
134547	yāthāvasarasa	(၁)မဖောက် မပြန်-ဟုတ်မှန်သော မိမိသဘော။ (၂) မဖောက် မပြန်-ဟုတ်မှန်သော မိမိကိစ္စ။ မူရင်းကြည့်ပါ။	(1) la propia naturaleza infalible / verdadera. (2) la propia función infalible / verdadera. Véase el original.	(1) one's own unerring / true nature. (2) one's own unerring / true function. See the original.	'See the original' rendered literally
134549	yāthāvasarasabhūmi	မဖောက် မပြန်-ဟုတ်မှန်သောအားဖြင့်-စွာ-မိမိကိစ္စကို-ပြု-ပြီးစေရာဘုံ။	el *bhūmi* donde se hace / se lleva a término su propia función de modo infalible / verdadero.	the *bhūmi* where its own function is done / accomplished in an unerring / true way.	-အားဖြင့်-စွာ alternative particles rendered once
134550	yāthāvasarasalakkhaṇa	(၁)မဖောက် မပြန်-ဟုတ်မှန်သော မိမိ၏ကိစ္စ,သဘောလက္ခဏာ။ (၂) မိမိ၏ သဘောဝိသေသလက္ခဏာ,သာမညလက္ခဏာ။ (၃)  မဖောက် မပြန်-ဟုတ်မှန်သောမမိ၏ သဘောဟု ဆိုအပ်သော လက္ခဏာ။ မူရင်းကြည့်ပါ။	(1) la función, el *lakkhaṇā* natural propio, infalible / verdadero. (2) el *visesalakkhaṇā* de su propia naturaleza, el *sāmaññalakkhaṇā*. (3) el *lakkhaṇā* llamado su propia naturaleza infalible / verdadera. Véase el original.	(1) one's own unerring / true function, natural *lakkhaṇā*. (2) the *visesalakkhaṇā* of one's own nature, the *sāmaññalakkhaṇā*. (3) the *lakkhaṇā* called one's own unerring / true nature. See the original.	မမိ read as မိမိ (misprint); 'See the original' rendered literally
134551	yādikkha	အကြင်သို့-ရှုတတ်-ရှုအပ်-သော၊ အကြင်တို့သဘောရှိသော။	que aparenta / que se ve de cualquier modo; que tiene cualquier naturaleza.	that looks / is seen in whatever way; having whatever nature.	relative sense ('of whatever kind'); အကြင်တို့ read as အကြင်သို့ (misprint)
134552	yādicchaka	အကြင်အကြင်အလိုမှ-ဝစနတ္ထကို မငဲ့မူ၍ ဖြစ်ပော်-လာသော (နာမ်,အမည်)။ (တစ်နည်း) ဆိုလို ဆိုလိုသောအားဖြင့် လာသော (နာမ်)။ (ပါရာဂဏ္ဌိသစ် ၂။ ၂၄။ (၂) အကြင်အကြင်အလိုဖြင့် မှည့်ရုံမျှ ဝါကျနက်မူကင်း-သော (နာမ်-အမည်)။ (၃) အကြင် အကြင်အလိုဖြင့် ဖြစ်-ဗျုပ္ပတ္တိနိမိတ်,ပဝတ္တိနိမိတ်ကို မငဲ့မူ၍ ဖြစ်သော-(နာမ်,အမည်)။ (၄) အကြင်အကြင် အလိုဖြင့် ဖြစ်-ဟူးဟူးငြားငြား- ဟုတ်ဟုတ်ငြားငြား-အားဖြင့် ဖြစ်-သော (ဖြေကြားခြင်းစသည်)။ (၅) အကြင်အကြင်အလိုဖြင့်ဖြစ်-အလိုအလျောက်ဖြစ်-သော (ဆွမ်း,ထမင်း)။ (၆) အကြင်အကြင် အလိုရှိ-အာရာမ် စသည်တို့တွင် တစ်ခုခုကို ကြည့်ရှုလိုသော အချိန်၊ အခါ။ မူရင်းကြည့်ပါ။	(1) (nombre, apelativo) que surge / viene a voluntad de cada cual, sin atender al significado de la palabra (*vacanattha*). (Otra interpretación:) (nombre) que viene según lo que cada cual quiere decir. (2) (nombre / apelativo) solo puesto a voluntad de cada cual, libre del significado de la frase. (3) (nombre, apelativo) que surge a voluntad de cada cual sin atender al *byuppattinimit*, al *pavattinimit*. (4) (respuesta y demás) que surge a voluntad de cada cual / de cualquier manera / sea o no cierto. (5) (comida de limosna, arroz) que surge a voluntad de cada cual / espontáneamente. (6) el tiempo, la ocasión en que se desea mirar alguna cosa en el *ārāma* y demás. Véase el original.	(1) (a noun, a name) arising / coming at each one's wish, without regard to the meaning of the word (*vacanattha*). (Alternatively:) (a noun) coming according to what each one means to say. (2) (a noun / name) merely given at each one's wish, free of the meaning of the phrase. (3) (a noun, a name) arising at each one's wish without regard to the *byuppattinimit*, the *pavattinimit*. (4) (an answer and so on) arising at each one's wish / in whatever way / whether true or not. (5) (almsfood, rice) arising at each one's wish / of its own accord. (6) the time, the occasion when one wishes to look at something in the *ārāma* and so on. See the original.	ဖြစ်ပော် read as ဖြစ်ပေါ်; citation (ပါရာဂဏ္ဌိသစ်) dropped, its bracket unclosed; ဝါကျနက်မူကင်း in (2) uncertain; 'See the original' rendered literally
134558	yādisa	(၁) အကြင်သို့ ရှုတတ်-အကြင်သို့ရှုအပ်သော၊ အကြင်သို့ သဘောရှိသော။ (၂) အလွန်များစွာသော။ မူရင်းကြည့်ပါ။	(1) que aparenta / que se ve de cualquier modo; que tiene cualquier naturaleza. (2) muy numeroso. Véase el original.	(1) that looks / is seen in whatever way; having whatever nature. (2) very many. See the original.	relative sense ('of whatever kind'); 'See the original' rendered literally
134559	yādisaadhimuttika	အကြင်သို့-ရှုအပ်-သဘောရှိ-သော နှလုံးသွင်းခြင်းရှိသော၊ သူ (သုဘူတိစသောထေရ်)။	que tiene una inclinación de la mente que se ve de cualquier modo / tiene cualquier naturaleza (dicho de una persona) (*subhūti* y demás *thera*).	having an inclination of mind seen in whatever way / having whatever nature (said of a person) (*subhūti* and other *thera*).	နှလုံးသွင်းခြင်း read as 'inclination of mind' (adhimutti)
134560	yādisaka	(၁)  «S1» (န မေ ပိတာ ဝါ အထ ဝါ ပိ မာတာ၊ ဧတာဒိသာ ယာဒိသကော တုဝံသိ။ ဇာ၊ ၁။ ၃၆၅။ ဇာ၊ဋ္ဌ၊၅။ ၂၁။ ယာဒိသကော တွံ။ ထေရီ၊ဋ္ဌ။ ၂၀၆)။ (၂)  «S2» (တတ္ထ ယာဒိသကော တေသံ ဝဏ္ဏော ဟောတီ။ ဒီ၊ ၂၉၂။ အံ၊ ၃။ ၁၂၈။ မ၊ဋ္ဌ၊၁။ ၃၄၀။ ဒီ၊ ဋ္ဌ၊ ၂။ ၁၅၀။ အံ၊ဋ္ဌ၊၃။ ၂၄၆)	(1) Véase [[yādisa]] (1). (*na me pitā vā atha vā pi mātā. etādisā yādisako tuvaṁsi*. *yādisako tvaṁ*). (2) Véase [[yādisa]] (2). (*tattha yādisako tesaṁ vaṇṇo hotī*).	(1) See [[yādisa]] (1). (*na me pitā vā atha vā pi mātā. etādisā yādisako tuvaṁsi*. *yādisako tvaṁ*). (2) See [[yādisa]] (2). (*tattha yādisako tesaṁ vaṇṇo hotī*).	only Pāḷi quotations after the placeholders; citations dropped
134561	yādisakīdisa	ဟူးဟူးငြားငြား-ဟုတ်ဟုတ်ငြားငြား-သော၊ သူ။ (က) သာမာန်လူစားဖြစ်-လူများစုတွင် ပါဝင်သော၊ (ခ) မပြောပလောက်-အသေးအဖွဲဖြစ်-သော၊ (ဂ) မည်ကာမတ္တ-ဖြစ်ကတတ်ဆန်း-ဖြစ်သော။ (ဃ) ယုတ်ညံ့သော။ မူရင်းကြည့်ပါ။	cualquiera / sea como sea (dicho de una persona). (a) que es de gente común / que forma parte de la mayoría; (b) que no merece mención / insignificante; (c) meramente nominal / hecho de cualquier manera; (d) vil. Véase el original.	whoever / whatever (said of a person). (a) of the common sort / belonging to the majority; (b) not worth mentioning / trifling; (c) merely nominal / haphazard; (d) base. See the original.	ဟူးဟူးငြားငြား-ဟုတ်ဟုတ်ငြားငြား = 'whatever it may be'; 'See the original' rendered literally
134566	yādī	အကြင်သို့-ရှုတတ်-ရှုအပ်-သော၊ အကြင်သို့ သဘောရှိသော။	que aparenta / que se ve de cualquier modo; que tiene cualquier naturaleza.	that looks / is seen in whatever way; having whatever nature.	relative sense ('of whatever kind')
134567	yāna	(န) (၁) (အလိုရှိအပ် သော အရပ်-နိဗ္ဗာန်-သုဂတိဘုံ-သို့ရောက်ကြောင်း)ယာဉ်။ (က) ဆင်-မြင်း-ရထား-လှည်း-စသော ယာဉ် (၄)မျိုး၊ ၆-မျိုး)။ (ခ) ဆင်-မြင်း-ရထား-လှည်း-ထီး-ဖိနပ်စသော ဒါနဝတ္ထုယာဉ်။ (ဂ) ရဟန်းတော်များအား အပ်စပ်သော ထီး ဖိနပ်စသည်ယာဉ်။ (ဃ) သုစရိုက်တရားသုံးပါး,ဒါနတရားယာဉ်။ (င) အရိယာမဂ်ယာဉ်။ (စ) သမထယာဉ်။ (ဆ) ဝိပဿနာယာဉ်။ (ဇ) သမာပတ်ရှစ်ပါးယာဉ်။ (ဈ) ကောင်းသောအကျင့်,တည်ကြည်ခြင်းသမာဓိယာဉ်။ (ည) ဒါပါရမီယာဉ်။ (၂) သွားခြင်း၊ (၃) ရောက်ခြင်း၊ (၄) ကင်း-မဖြစ်-ခြင်း။ (ပု) (၅) သွားတတ်သောသူ။	(neutro) (1) vehículo (medio de llegar al lugar deseado / a Nibbāna / al *bhūmi* de *sugati*). (a) vehículos como el elefante / caballo / carro / carreta y demás, 4 clases, 6 clases. (b) vehículos que son *dānavatthu*, como el elefante / caballo / carro / carreta / sombrilla / sandalias y demás. (c) vehículos como la sombrilla, las sandalias y demás, permitidos a los monjes. (d) el vehículo de los tres *sucarita*, del *dāna*. (e) el vehículo del *ariyamagga*. (f) el vehículo de *samatha*. (g) el vehículo de *vipassanā*. (h) el vehículo de las ocho *samāpatti*. (i) el vehículo de la buena conducta, de la firmeza, el *samādhi*. (j) el vehículo de la *dānapāramī*. (2) el ir; (3) el llegar; (4) el estar libre / no surgir. (masculino) (5) persona que suele ir.	(neuter) (1) vehicle (means of reaching the desired place / Nibbāna / the *sugati* *bhūmi*). (a) vehicles such as the elephant / horse / chariot / cart and so on, 4 kinds, 6 kinds. (b) vehicles that are *dānavatthu*, such as the elephant / horse / chariot / cart / umbrella / sandals and so on. (c) vehicles such as the umbrella, sandals and so on, allowable to monks. (d) the vehicle of the three *sucarita*, of *dāna*. (e) the vehicle of the *ariyamagga*. (f) the vehicle of *samatha*. (g) the vehicle of *vipassanā*. (h) the vehicle of the eight *samāpatti*. (i) the vehicle of good conduct, of steadfastness, *samādhi*. (j) the vehicle of the *dānapāramī*. (2) going; (3) arriving; (4) being free / not arising. (masculine) (5) a person apt to go.	ဒါပါရမီ read as ဒါနပါရမီ (misprint); brackets in (a) unbalanced; ယာဉ် rendered 'vehicle' throughout
134568	yānaka	(၁) ငယ်သော-ယာဉ်-ရထား၊ ယာဉ်ငယ်,ရထားငယ်။ (၂) စက်ဆုပ်အပ်သော-ယာဉ်-လှည်း-ရထား၊ ယာဉ်အို,လှည်းအိုရထားအို။ (၃) ယာဉ်၊ လှည်းယာဉ်,ရထားယာဉ် (ယာဉ်အမျိုးမျိုး)။ မူရင်းကြည့်ပါ။	(1) vehículo / carro pequeño; vehículo pequeño, carro pequeño. (2) vehículo / carreta / carro despreciable; vehículo viejo, carreta vieja, carro viejo. (3) vehículo; vehículo de carreta, vehículo de carro (vehículos de diversas clases). Véase el original.	(1) small vehicle / chariot; small vehicle, small chariot. (2) contemptible vehicle / cart / chariot; old vehicle, old cart, old chariot. (3) vehicle; cart-vehicle, chariot-vehicle (vehicles of various kinds). See the original.	'See the original' rendered literally
134571	yānakaüpatthambhinī	လှည်းဦးထောက်ခွ၊လှည်ဦး၌ ထောက်သည့်ဒုတ်။	el puntal en horquilla de la delantera de la carreta; el palo que sostiene la delantera de la carreta.	the forked prop at the front of a cart; the stick propping up the front of a cart.	လှည်ဦး read as လှည်းဦး (misprint)
134572	yānakacakkanābhimatta	လည်းဘီးပုံတောင်း ပမာဏရှိသော။	que tiene el tamaño del cubo de la rueda de una carreta.	having the size of the hub of a cart wheel.	လည်းဘီး read as လှည်းဘီး (misprint); ပုံတောင်း read as 'hub' (nābhi)
134573	yānakathā	ယာဉ်နှင့်-စပ်-ပတ်သက်-သက်ဆိုင်- သော စကား၊ ယာဉ်ကို-စွဲ၍-အကြောင်းပြု၍ -ဖြစ်သော စကား	palabras relacionadas / conectadas / referentes a los vehículos; palabras que surgen apoyándose en / a causa de los vehículos.	talk connected / concerned / relating to vehicles; talk arising dependent on / on account of vehicles.	no final ။
134577	yānakārakula	(လှည်းစသည်) ယာဉ်-ရထား-ကို ပြုလုပ်တတ်သော-အမျိုးအနွယ်၊ယာဉ်လက်သမား-အမျိုး-အနွယ်။	el linaje que suele hacer vehículo / carro (carretas y demás); la familia / el linaje de carpinteros de vehículos.	the lineage apt to make vehicle / chariots (carts and so on); the family / lineage of vehicle-carpenters.	ယာဉ်လက်သမား-အမျိုး-အနွယ်: အမျိုး / အနွယ် taken as alternatives
134578	yānakāraputta	ယယာဉ်ရထားကို-ပြုလုပ်တတ်သော သူ၏သား၊ ယာဉ်လက်သမားသား။	el hijo de una persona que suele hacer vehículos / carros; hijo de carpintero de vehículos.	the son of a person apt to make vehicles / chariots; a vehicle-carpenter's son.	ယယာဉ် read as ယာဉ် (misprint)
134579	yānakāla	သွားအံ့သောအခါ (သွားရမည့် ကာလ)	el momento en que se irá (el tiempo en que se ha de ir).	the time when one will go (the time when one has to go).	no final ။
134582	yānagata	ယာဉ်သို့-ရောက်-တက်စီး-သော၊ ယဉ်ပော်၌-တည်-ထုင်-နေ-သော၊ သူ။	que ha llegado / subido montado a un vehículo; que está asentado / sentado / permanece sobre el vehículo (dicho de una persona).	that has reached / mounted and ridden a vehicle; that is placed / seated / staying on a vehicle (said of a person).	ယဉ်ပော် read as ယာဉ်ပေါ်, ထုင် as ထိုင် (misprints)
134586	yānattaya	(အနိစ္စ စသည့်-လက္ခဏာ-ဝိပဿနာ) ယာဉ်သုံးပါးတို့၏အပေါင်း။	el conjunto de los tres vehículos (las *lakkhaṇā* que comienzan por *anicca*, el *vipassanā*).	the collection of the three vehicles (the *lakkhaṇā* beginning with *anicca*, *vipassanā*).	hyphens in the bracket read as a sequence (the anicca-etc. characteristics, vipassanā), not alternatives
134587	yānattayamukha	(အနိစ္စစသည့်-လက္ခဏာ-ဝိပဿနာ)ယာဉ်သုံးပါးတို့၏ အပေါင်းကို -အဦးမူ-ပဓာနထား-ခြင်း။	el encabezar / poner como principal el conjunto de los tres vehículos (las *lakkhaṇā* que comienzan por *anicca*, el *vipassanā*).	putting at the head / setting as principal the collection of the three vehicles (the *lakkhaṇā* beginning with *anicca*, *vipassanā*).	hyphens in the bracket read as a sequence, not alternatives
134588	yānatthika	ယာဉ်ကို-ယာဉ်ဖြင့်-အလိုရှိသော။ သူ။	que desea un vehículo / (ir) en vehículo (dicho de una persona).	wanting a vehicle / (to go) by vehicle (said of a person).	ယာဉ်ကို-ယာဉ်ဖြင့်: accusative and instrumental given as alternatives; '(ir)' supplied
134590	yānadāna	ယာဉ်အလှူ၊ ယာဉ်ကိုပေးလှူ-ခြင်း-ကြောင်း စေတနာ။	la ofrenda de vehículos; la *cetanā* del ofrecer / que es causa del ofrecer vehículos.	the gift of vehicles; the *cetanā* of giving / that is the cause of giving vehicles.	-ခြင်း-ကြောင်း read as alternatives
134591	yānadukasiddhi	သမထဝိပဿနာယာဉ် ၂-ခုအပေါင်း။ (=ယာနဒု-က)၏ -ပြီးစီး-ပြည့်စုံ-ခြင်း။	el conjunto de los 2 vehículos, *samatha* y *vipassanā*. La culminación / el cumplimiento de (=*yānaduka*).	the collection of the 2 vehicles, *samatha* and *vipassanā*. The accomplishment / fulfilment of (=*yānaduka*).	ယာနဒု-က printed with a hyphen, copied as ယာနဒုက; the ။ splits one gloss oddly
134596	yānamukha	ယာဉ်သီး၊ ယာဉ်တို့၏ ရှေကပိုင်း (လှည်းဦးရထားဦး)။	la delantera del vehículo; la parte delantera de los vehículos (la delantera de la carreta, la delantera del carro).	the front of a vehicle; the front part of vehicles (the front of a cart, the front of a chariot).	ယာဉ်သီး read as ယာဉ်ဦး and ရှေက as ရှေ့က (misprints)
134601	yānavāhanapaṭikkhepa	(ရထားစသည့်)ယာဉ်,ဆင်,မြင်းတို့ကို	a los vehículos (carros y demás), elefantes, caballos…	vehicles (chariots and so on), elephants, horses…	definition truncated after the object (verb missing; the headword has paṭikkhepa 'rejection')
134612	yānika	(၁) (သမထ,ဝိပဿနာဟူသော) ယာဉ်ရှိသော။ ၊ သူ။ (၂) ယာဉ်ဖြင့်-လှည့်လည်-သွားလာ-သော၊ သူ။	(1) que tiene vehículo (el que es *samatha* y *vipassanā*) (dicho de una persona). (2) que recorre / va y viene en vehículo (dicho de una persona).	(1) having a vehicle (namely *samatha* and *vipassanā*) (said of a person). (2) going about / travelling by vehicle (said of a person).	stray ။ before ၊ သူ in (1)
134613	yānikata	(၁) (ကောင်းစွာက၍ထားသော) ယာဉ်နှင့်တူစွာ ပြုအပ်သော။ (၂) (အာဇာနည်မြင်းကအပ်သော) ယာဉ်ကဲ့သို့ ပြုအပ်သော။	(1) hecho semejante a un vehículo (bien enganchado y dispuesto). (2) hecho como un vehículo (enganchado por un caballo de pura raza).	(1) made like a vehicle (well harnessed and kept ready). (2) made like a vehicle (harnessed by a thoroughbred horse).	အာဇာနည်မြင်း rendered 'thoroughbred horse'
134617	yānugghāta	(လှည်းစသော) ယာဉ်၏-လှုပ်-ခုန်တက်၍သွား-ဆောင့်-ခြင်း (လှည်းထောက်-လှည်းမူး-ခြင်း)။	el sacudirse / avanzar dando botes / dar tumbos del vehículo (carreta y demás) (el atascarse / bambolearse de la carreta).	the shaking / going with jolts / bumping of a vehicle (a cart and so on) (the cart catching / reeling).	လှည်းထောက်-လှည်းမူး uncertain; rendered 'catching / reeling'
134618	yāpana	(၁) မျှ-မျှတ-ရှည်မြင့်စွာသော ကာလပတ်လုံးတည်-စေတတ်သော (ရှည်မြင့်စွာသော ကာလတိုင်အောင် ရောက်စေတတ်သော)။ (ထီ) (၂) မျှ-မျှတ-ရှည်မြင့်စွာသော ကာလပတ်လုံးတည်-ကြောင်း။ (န) (၃) မျှ-မျှတ-ရှည်မြင့်စွာသော ကာလပတ်လုံး တည်-ခြင်း။ (ရှည်မြင့်စွာသော ကာလတိုင်အောင်ရောက်စေခြင်း)။	(1) que suele hacer mantenerse / subsistir / permanecer por largo tiempo (que suele hacer llegar hasta un largo tiempo). (femenino) (2) la causa del mantenerse / subsistir / permanecer por largo tiempo. (neutro) (3) el mantenerse / subsistir / permanecer por largo tiempo. (El hacer llegar hasta un largo tiempo).	(1) apt to cause keeping going / subsisting / enduring for a long time (apt to make reach a long time). (feminine) (2) the cause of keeping going / subsisting / enduring for a long time. (neuter) (3) keeping going / subsisting / enduring for a long time. (Making reach a long time).	the labels (ထီ) (န) stand before senses (2) and (3)
134619	yāpana	မျှ-မျှတ-ရှည်မြင့်စွာသော ကလာပတ်လုံးတည်-ခြင်း အတိုင်းအရှည်ရှိသော (အာဟာရ)၊ မျှ-မျှတ-ရှည်မြင့်စွာသော ကာလပတ်လုံးတည်-လောက်ရုံသော (အာဟာရ)။	(alimento) que tiene la medida del mantenerse / subsistir / permanecer por largo tiempo; (alimento) que basta para mantenerse / subsistir / permanecer por largo tiempo.	(food) having the measure of keeping going / subsisting / enduring for a long time; (food) just enough for keeping going / subsisting / enduring for a long time.	ကလာ read as ကာလ (misprint)
134631	yāpanamattodanagāhaka	မျှတလောက်ရုံမျှသောဆွမ်းကို ယူတတ်သော၊	que suele tomar la comida de limosna que basta solo para subsistir.	apt to take alms food just enough to subsist on.	ends with ၊ (perhaps သူ missing)
134648	yāpita	(န) (၁)မျှတ-တည်-ခြင်း။	(neutro) (1) el subsistir / permanecer.	(neuter) (1) subsisting / abiding.	(1) without (2)
134650	yāpetabba	မျှတ-တည်-သော။	que subsiste / permanece.	subsisting / abiding.	active gloss for a -tabba form
134651	yāpetabbaroga	မျှတ-ဖြစ်-စေအပ်သော-အနာ-ရောဂါ။	la llaga / enfermedad que se ha de hacer subsistir / surgir.	the sore / disease to be made to subsist / arise.	sense unclear: perhaps a disease to be kept at bay (palliated)
134652	yāpeti	(၁)မျှတ-ဖြစ်-စေရှည်မြင့်စွာသော ကာလတိုင်အောင် ရောက်စေ-၏။ (၂) ဖြစ်-တည်-၏။ (၃) သွား-ရောက်-စေ၏။ (၄) တိုးပွါး-ပြည့်-စေ-၏။ မူရင်းကြည့်ပါ။	(1) hace subsistir / hace surgir / hace llegar hasta un largo tiempo. (2) surge / permanece. (3) hace ir / llegar. (4) hace aumentar / llenarse. Véase el original.	(1) makes subsist / makes arise / makes reach a long time. (2) arises / abides. (3) makes go / arrive. (4) makes increase / fill. See the original.	'See the original' rendered literally; a hyphen seems missing in (1) after စေ
134653	yāpetuṁ	(၁) မျှတ-ဖြစ်စေ-ခြင်းငှါ။ (၂) ရောက်စေ-ဆောင်-ဖြစ်စေ-ခြင်းငှါ။ ယာပေတိ-(၂,၄)-တို့ကိုလည်းကြည့်။	(1) para hacer subsistir / hacer surgir. (2) para hacer llegar / llevar / hacer surgir. Véase también [[yāpeti]] (2, 4).	(1) in order to make subsist / make arise. (2) in order to make arrive / carry / make arise. See also [[yāpeti]] (2, 4).	'see also' with sense numbers left in the Burmese
134655	yāpetvā	မျှတ-ဖြစ်စေ-၍။ ယာပေတိ-(၂,၄)-တို့လည်းကြည့်။	habiendo hecho subsistir / hecho surgir. Véase también [[yāpeti]] (2, 4).	having made subsist / made arise. See also [[yāpeti]] (2, 4).	'see also' with sense numbers left in the Burmese
134656	yāpetha	မျှတ-ဖြစ်စေ-သော၊ သူ။	que hace subsistir / hace surgir (dicho de una persona).	making subsist / making arise (said of a person).	a participle-style gloss for a verb (2nd pl. imperative/present) headword
134675	yāpya	(၁) ရပ်စောက်နာ၊ မတ်တတ်နာ၊ မျှ-မျှတ-သော၊ ရှည်မြင့်စွာသော ကာလပတ်လုံး ကိုယ်၌-ဖြစ်-တည်-နေ-စွဲကပ်-သော (အနာ)။ «S1» (၂) သောက်ရေ။ «S2» (၃) ယုတ်မာသူ၊ ယုတ်ညံ့သူ။ «S3»	(1) enfermedad estancada; enfermedad que se tiene en pie; (enfermedad) que se mantiene / subsiste, que surge / permanece / mora / se adhiere en el cuerpo por largo tiempo. Véase [[yāpyabyādhi]]. (2) agua para beber. Véase [[yāpyayāna]]. (3) persona vil; persona inferior. Véase [[yāpyayāna]].	(1) a stationary illness; an illness one bears standing; (an illness) that keeps going / subsists, that arises / abides / dwells / clings in the body for a long time. See [[yāpyabyādhi]]. (2) drinking water. See [[yāpyayāna]]. (3) a vile person; a base person. See [[yāpyayāna]].	ရပ်စောက်နာ, မတ်တတ်နာ read as a chronic, non-fatal illness (yāpya), rendered literally
134676	yāpyabyādhi	ယာပျအနာ၊ ရပ်စောက်နာ၊ မတ်တတ်နာ။	la enfermedad *yāpya*; enfermedad estancada; enfermedad que se tiene en pie.	the *yāpya* illness; a stationary illness; an illness one bears standing.	ရပ်စောက်နာ, မတ်တတ်နာ read as a chronic, non-fatal illness (yāpya), rendered literally
134677	yāpyayāna	(ယုတ်မာသောသူတို့သည် ဆောင်၍ သွားအပ်သော) ဝေ၊ ထမ်းစင်၊ ပါလကီ။	(llevado y conducido por gente vil) litera; andas; palanquín.	(carried and conveyed by base people) a litter; a sedan; a palanquin.	ဝေ read as a litter/hammock
134678	yāpyaroga	ရပ်စောက်နာ၊ မတ်တတ်နာ၊ မျှ-မျှတ-သော၊ ရှည်မြင့်စွာသော ကာလပတ်လုံး-သော၊ ရှည်မြင့်စွာသော ကာလပတ်လုံး- အသက်ရှည်သမျှ ကာလပတ်လုံး-ကိုယ်၌-ဖြစ်-တည်-စွဲကပ်-နေသော အနာ။ «S1»	enfermedad estancada; enfermedad que se tiene en pie; que se mantiene / subsiste; la enfermedad que surge / permanece / se adhiere / está en el cuerpo por largo tiempo / todo el tiempo que dura la vida. Véase [[yāpyarogī]].	a stationary illness; an illness one bears standing; keeping going / subsisting; an illness that arises / abides / clings / stays in the body for a long time / as long as life lasts. See [[yāpyarogī]].	ရပ်စောက်နာ, မတ်တတ်နာ read as a chronic, non-fatal illness (yāpya), rendered literally; the text repeats 'for a long time' garbled
134679	yāpyarogasadisa	ယာပျရောဂါ-ရပ်စောက်နာ-မတ်တတ်နာ-နှင့်တူသော။	semejante a la enfermedad *yāpya* / enfermedad estancada / enfermedad que se tiene en pie.	like the *yāpya* illness / stationary illness / illness one bears standing.	ရပ်စောက်နာ, မတ်တတ်နာ read as a chronic, non-fatal illness (yāpya), rendered literally
134680	yāpyarogī	ယာပျံ+ရောဂါ-ရပ်စောက်နာ-မတ်တတ်နာ-ရှိ-စွဲကပ်-သော၊ သူ။	que tiene / en quien se adhiere la enfermedad *yāpya* / enfermedad estancada / enfermedad que se tiene en pie (dicho de una persona).	having / clung to by the *yāpya* illness / stationary illness / illness one bears standing (said of a person).	ယာပျံ+ read as ယာပျ; ရပ်စောက်နာ, မတ်တတ်နာ read as a chronic, non-fatal illness (yāpya), rendered literally
134681	yāpyalakkhaṇa	မျှ-မျှတ-ခြင်းလက္ခဏာရှိသော၊ ကြာမြင့်စွာသော ကာလပတ်လုံးကိုယ်၌-ဖြစ်-တည်-စွဲကပ်-နေခြင်း လက္ခဏာရှိသော၊ ကြာမြင့်စွာသော ကာလပတ်လုံးကိုယ်၌-ဖြစ်-တည်-စွဲကပ်-နေခြင်းလက္ခဏာရှိသော၊ အနာ။	que tiene la *lakkhaṇā* del mantenerse / subsistir; que tiene la *lakkhaṇā* del surgir / permanecer / adherirse / estar en el cuerpo por largo tiempo; que tiene la *lakkhaṇā* del surgir / permanecer / adherirse / estar en el cuerpo por largo tiempo (dicho de una enfermedad).	having the *lakkhaṇā* of keeping going / subsisting; having the *lakkhaṇā* of arising / abiding / clinging / staying in the body for a long time; having the *lakkhaṇā* of arising / abiding / clinging / staying in the body for a long time (said of an illness).	the second gloss is printed twice
134682	yāpyāmaya	ယာပျရောဂါ,ရပ်စောက်နာ,မတ်တတ်နာ။	la enfermedad *yāpya*, enfermedad estancada, enfermedad que se tiene en pie.	the *yāpya* illness, stationary illness, illness one bears standing.	ရပ်စောက်နာ, မတ်တတ်နာ read as a chronic, non-fatal illness (yāpya), rendered literally
134683	yāma	ယာမာနတ်၊ နတ်ချမ်းသာသို့ ကောင်းစွာရောက်သော နတ်၊ ဆင်းရဲဒုက္ခ-ကင်း-မရှိ-သော နတ်၊ ယာမာဘုံ၌-နေ-ဖြစ်-သောနတ်၊ (ယာမာနတ်တို့သည် နတ်တို့၏ အရေအတွက်အားဖြင့် နတ်၌ဖြစ်သော နှစ်ပေါင်း ၂၀၀၀-အသက်အတိုင်းအရှည် ရှိ၏)။ မှတ်ချက်-ယာမာနတ်တို့၏ (၁) ရက်သည် လူတို့၏ နှစ် (၂၀၀)နှင့် ညီမျှသည်။ မူရင်းကြည့်ပါ။	el *deva* *yāmā*; el *deva* que ha llegado bien a la felicidad de los *deva*; el *deva* libre de / sin sufrimiento; el *deva* que mora / surge en la *bhūmi* *yāmā* (los *deva* *yāmā* tienen una duración de vida de 2000 años de los *deva*, según el cómputo de los *deva*). Nota: 1 día de los *deva* *yāmā* equivale a 200 años de los seres humanos. Véase el original.	the *yāmā* *deva*; the *deva* who has well attained the happiness of the *deva*; the *deva* free from / without suffering; the *deva* who dwells / arises in the *yāmā* *bhūmi* (the *yāmā* *deva* have a life span of 2000 *deva* years, by the reckoning of the *deva*). Note: 1 day of the *yāmā* *deva* equals 200 human years. See the original.	'See the original' rendered literally
134684	yāma	ယာမာနတ်တို့၏ နေရာ၊ ယာမာနတ်-ဘုံ-ပြည်။ (ယာမာနတ်ပြည်သည် နတ်ပြည်၆-ထပ်တို့တွင် ၃-ထပ်မြောက် နတ်ပြည် ဖြစ်၍ တာဝတိံသာနတ်ပြည်၏ အထက်ယူဇနာ ၄၂ဝဝဝကွာဝေးသောအရပ်၌ တည်ရှိ၏။ ယာမာနတ်ပြည်၌ နတ်မင်းကား သုယာမနတ်မင်းကြီးဖြစ်၏)။	el lugar de los *deva* *yāmā*; la *bhūmi* / el mundo de los *deva* *yāmā*. (El mundo de los *deva* *yāmā* es el tercero de los 6 niveles de mundos de los *deva*, y está situado en un lugar distante 42000 *yojana* por encima del mundo de los *deva* *tāvatiṁsā*. El rey de los *deva* en el mundo de los *deva* *yāmā* es el gran rey de los *deva* *suyāma*).	the abode of the *yāmā* *deva*; the *bhūmi* / world of the *yāmā* *deva*. (The world of the *yāmā* *deva* is the third of the 6 tiers of *deva* worlds, and is situated at a place 42000 *yojana* above the *tāvatiṁsā* *deva* world. The king of the *deva* in the world of the *yāmā* *deva* is the great *deva* king *suyāma*).	၄၂ဝဝဝ (with the letter ဝ for zero) read as 42000
134686	yāma	ယာမနတ်ရှိသူ၊ ယာမနတ်ကို ကိုးကွယ်ဆည်းကပ်သူ။	el que tiene al *deva* *yāma*; el que venera y sirve al *deva* *yāma*.	one who has the *yāma* *deva*; one who worships and attends on the *yāma* *deva*.	ယာမနတ် (short a) may be Yama rather than the Yāma devas
134687	yāma	ယာမ်၊ ဗဟိုရ်၊ (နေ့ညဉ့်၏)။ အဘို့,အစု,အစိတ်အပိုင်း,တစ်စိတ်တစ်ဒေသ (ခြောက်စိတ် တစ်စိတ်၊ ရှစ်စိတ် တစ်စိတ်)။ မူရင်းကြည့်ပါ။	vigilia; ‹ဗဟိုရ်› (del día y la noche). Parte, porción, fracción, sección (una de seis partes, una de ocho partes). Véase el original.	watch; ‹ဗဟိုရ်› (of the day and night). Part, portion, fraction, section (one of six parts, one of eight parts). See the original.	ဗဟိုရ် is a Burmese division of time (perhaps a three-hour watch), left in Burmese; 'See the original' rendered literally
134689	yāma	အရွယ်၊ အသက်အရွယ်။	edad; edad de la vida.	age; time of life.	label ကြိ (verb) on a noun gloss
134691	yāma	သွားကုန်၏၊သွားကုန်အံ့။ «S1»	vamos; iremos. Véase [[yāti]].	we go; we shall go. See [[yāti]].	rendered in the 1st person plural (headword in -ma)
134693	yāmakālika	ယာမ-ကာလိကဝတ္ထုယာမ်ဟုဆိုအပ်သော ကာလရှိ-ယာမ်ကာလပတ်လုံး ဘုဉ်းပေးသုံးဆောင်အပ်-သော ဝတ္ထု၊ အရုဏ်တက်သည်မှစ၍ ပစ္ဆိမယာမ်တိုင်အောင် (ရဟန်းတော်များ) ဘုဉ်းပေးသုံးဆောင်- အပ်-သင့်-ထိုက်-ကောင်း-သောဝတ္ထု၊ အနုလောမအဖျော်နှင့် တကွ အဖျော်ရှစ်ပါး ဖျော်ရည်ရှစ်မျိုး။ မူရင်းကြည့်ပါ။	*yāmakālikavatthu*; el objeto que tiene un tiempo llamado vigilia / que se ha de consumir durante una vigilia; el objeto que (los monjes) han de / conviene / es digno / es bueno consumir desde que despunta la aurora hasta la última vigilia; las ocho bebidas / los ocho jugos, junto con la bebida *anuloma*. Véase el original.	*yāmakālikavatthu*; an article having a time called a watch / to be consumed for a watch; an article that (monks) are to / should / may properly / may well consume from the rising of dawn to the last watch; the eight drinks / eight juices, together with the *anuloma* drink. See the original.	ယာမ-ကာလိကဝတ္ထု run into the following gloss without a break, copied as one Pāḷi compound; 'See the original' rendered literally
134698	yāmadevaloka	ယာမာနတ်-ဘုံ-ပြည်။ ဥပရိ စတုကာမာဝစရဒေဝ-လောကဋ္ဌာနေတိ ယာမဒေဝလောကာဒီနံ စတုန္နံ ပတိဋ္ဌာနဋ္ဌာနေ။	la *bhūmi* / el mundo de los *deva* *yāmā*. *upari catukāmāvacaradevalokaṭṭhāneti yāmadevalokādīnaṁ catunnaṁ patiṭṭhānaṭṭhāne*.	the *bhūmi* / world of the *yāmā* *deva*. *upari catukāmāvacaradevalokaṭṭhāneti yāmadevalokādīnaṁ catunnaṁ patiṭṭhānaṭṭhāne*.	line-break hyphen in ဒေဝ-လောက dropped in the Pāḷi quotation
134699	yāmadvaya	ယာမ်နှစ်ခုအပေါင်း (ပုရိမယာမ်,မဇ္ဈိမယာမ် နျစ်ခုအပေါင်း)။	el conjunto de dos vigilias (el conjunto de las dos, la primera vigilia y la vigilia media).	the pair of watches (the pair of the first watch and the middle watch).	နျစ် read as နှစ် (misprint)
134702	yāmayanta	ညဉ့်သုံးယာမ်ကို မှတ်သော ယန္တယားခွက်။	el vaso mecánico que marca las tres vigilias de la noche.	the mechanical cup marking the three watches of the night.	ယန္တယားခွက် perhaps a water clock
134703	yāmayantanāl̤ikā	ညဉ့်သုံးယာမ်ကို မှတ်သော ယန္တယားခွက်။	el vaso mecánico que marca las tres vigilias de la noche.	the mechanical cup marking the three watches of the night.	ယန္တယားခွက် perhaps a water clock
134705	yāmase	သွားကုန်၏။	vamos.	we go.	rendered in the 1st person plural (headword in -mase)
134709	yāmi	(၁) သွားအံ့။ «S1» (၂) ရောက်-ကပ်-ရောက်-၏။ «S2» (၃) ပြန်-ပြန်သွား-အံ့။ «S3»	(1) iré. Véase [[yāti]] (1). (2) llego / me acerco. Véase [[yāti]] (3). (3) volveré / regresaré. Véase [[yāti]] (14).	(1) I shall go. See [[yāti]] (1). (2) I arrive / approach. See [[yāti]] (3). (3) I shall return / go back. See [[yāti]] (14).	rendered in the 1st person (headword in -mi)
134710	yāmuna	(၁) ယမုနာမြစ်၌ ဖြစ်-ယမုနာမြစ်လျှင်နေရာရှိ-သော (ငါး)။ (၂) ယမုနာမြစ်၏ အောက်(နဂါးပြည်)၌ ဖြစ်သော (နဂါး)။ (၃)ယမုနာမြစ်မှ မနီး မဝေးသော အရပ်၌တည်သော (ဟိမဝန္တာတောင်)။ မူရင်းကြည့်ပါ။	(1) (pez) que surge en / tiene su morada en el río *yamunā*. (2) (*nāga*) que surge bajo el río *yamunā* (en el mundo de los *nāga*). (3) (el *himavantā*) situado en un lugar ni cerca ni lejos del río *yamunā*. Véase el original.	(1) (a fish) arising in / dwelling in the river *yamunā*. (2) (a *nāga*) arising beneath the river *yamunā* (in the *nāga* world). (3) (the *himavantā*) situated at a place neither near nor far from the river *yamunā*. See the original.	'See the original' rendered literally
134712	yāyaka	(၁) သွားတတ်သော၊ သူ။ (၂) ရောက်တတ်သော၊ သူ။ မူရင်းကြည့်ပါ။	(1) que suele ir (dicho de una persona). (2) que suele llegar (dicho de una persona). Véase el original.	(1) apt to go (said of a person). (2) apt to arrive (said of a person). See the original.	'See the original' rendered literally
134713	yāyati	(၁) သွား၏။ (၂)ရောက်၏။ မူရင်းကြည့်ပါ။	(1) va. (2) llega. Véase el original.	(1) goes. (2) arrives. See the original.	'See the original' rendered literally
134714	yāyati	သွား-ရောက်-ဆောင်-အပ်၏။	es ido / alcanzado / llevado.	is gone to / reached / carried.	passive verb (label ကမ္မ၊ကြိ)
134718	yāyamāna	(၁) သွားသော၊ သူ။ (၂) ဆောင်-မျှော-အပ်သော။ မူရင်းကြည့်ပါ။	(1) que va (dicho de una persona). (2) llevado / arrastrado. Véase el original.	(1) going (said of a person). (2) carried / swept along. See the original.	'See the original' rendered literally
134720	yāyita	သွားအပ်ပြီးရ (အခါ)	(el momento) en que se ha ido.	(the time) when one has gone.	ပြီးရ perhaps ပြီးရာ; no final ။
134727	yāva	(၁) (က) တိုင်အောင်၊ အပပြု၍၊ မနှံ့စေမူ၍။ (ခ) တိုင်အောင်၊ အတွင်းပြု၍၊ နှံ့စေ၍။ (၂) အကြင်မျှလောက်၊ အကြင်ရှေ့ကလောက်၊ အကြင်မျှလောက်၊ အကြင်ရွေ့ကလောက်၊ အကြင်မျှလောက်သော ကာလပတ်လုံး။ (၃) အကြင်သို့သော အတိုင်းအရှည်ရှိသော၊ အကြင်မျှလောက်သော။ (၄) (က) အတိုင်းအရှည်ကို လွန်၍၊ အတိုင်းထက် အလွန်၊ အလွန်။ (ခ) အလွန်၊ အလွန်လျှင်။ (ဂ) အလွန်-အလွန်လျှင်-မြဲမြံစွာ ပြု၍။ (၅) အပိုင်းအခြား-အစ-ပြု၍။ (၆) အဆုံး-အပိုင်းအခြား- ပြု၍။ (၇) အကြင်မျှလောက်သော အတိုင်းအရှည်ဖြင့်။ (၈) လွန်သော အတိုင်းအရှည်အားဖြင့်၊ (၉) အဆုံး-အပိုင်းအခြား-မရှိသော၊ အလုံးစုံသော။ (၁၀) အပုင်းအခြား၊ အကြင်မျှလောက်သော အပိုင်းအခြား။ (၁၁) ကောင်းစွာ။ (၁၂) ပဒပူရဏမတ္တ=ပုဒ်ပြည့်ရုံမျှ (အထူးမရှိ) (၁၃) သာ၊ လျှင်၊ သာလျှင် (အဝဓာရဏ)။ (၁၄) အထူးသဖြင့်။ အထူးအားဖြင့် (ဝိသေသ)။ မူရင်းကြည့်ပါ။	(1) (a) hasta; excluyendo; sin abarcar. (b) hasta; incluyendo; abarcando. (2) cuanto; en la medida en que; cuanto; en la medida en que; durante todo el tiempo que. (3) que tiene tal medida como; tanto como. (4) (a) sobrepasando la medida; más allá de la medida, sumamente. (b) sumamente; en sumo grado. (c) haciendo sumamente / en sumo grado / firmemente. (5) tomando como límite / comienzo. (6) tomando como fin / límite. (7) con la medida que sea. (8) con una medida excesiva; (9) sin fin / límite; todo. (10) límite; el límite que sea. (11) bien. (12) *padapūraṇamatta* = solo para completar la frase (sin sentido especial). (13) solo; precisamente; solo precisamente (*avadhāraṇa*). (14) especialmente. En particular (*visesa*). Véase el original.	(1) (a) up to; exclusive (making it outside); not reaching into it. (b) up to; inclusive (making it inside); reaching into it. (2) as much as; as far as; as much as; as far as; for as long as. (3) having such a measure as; as much as. (4) (a) exceeding the measure; beyond measure, exceedingly. (b) exceedingly; to the utmost. (c) doing exceedingly / to the utmost / firmly. (5) taking as limit / beginning. (6) taking as end / limit. (7) with whatever measure. (8) with an excessive measure; (9) without end / limit; all. (10) limit; whatever limit. (11) well. (12) *padapūraṇamatta* = merely filling out the phrase (no special sense). (13) only; just; only just (*avadhāraṇa*). (14) especially. In particular (*visesa*). See the original.	ရှေ့ကလောက် read as ရွေ့ကလောက်, အပုင်း as အပိုင်း (misprints); (8) ends with ၊; 'See the original' rendered literally
134732	yāvakappāvasāna	ကမ္ဘာဆုံးသည့်တိုင်အောင်	hasta que termine el eón.	until the aeon ends.	no final ။
134734	yāvakālika	ယာဝကာလိကာတ္တု၊ အကြင်မျှလောက်သော မွန်းတည့်အချိန်အခါရှိသော ဝတ္ထု။ အာရုဏ်တက်သည်မှစ၍ မွန်းတည့်သည့်အချိန်တိုင်အောင် (ရဟန်းတော်များ) ဘုဉ်းပေးသုံးဆောင်-အပ်-သင့်-ထိုက်-ကောင်း-သောဝတ္ထု။ မူရင်းကြည့်ပါ။	*yāvakālikavatthu*; el objeto cuyo tiempo dura hasta el mediodía. El objeto que (los monjes) han de / conviene / es digno / es bueno consumir desde que despunta la aurora hasta el mediodía. Véase el original.	*yāvakālikavatthu*; an article whose time lasts until midday. An article that (monks) are to / should / may properly / may well consume from the rising of dawn until midday. See the original.	ယာဝကာလိကာတ္တု read as ယာဝကာလိကဝတ္ထု, အာရုဏ် as အရုဏ် (misprints); 'See the original' rendered literally
134737	yāvakālikajjhoharaṇa	(၁) ယာဝကာလိကို-မျို-ခဲ-စား-ခြင်း။ (၂) ယာဝကာလိကကို-မျို-ခဲ-စား-ကြောင်း။ (စေတနာ)။ မူရင်းကြည့်ပါ။	(1) el tragar / masticar / comer el *yāvakālika*. (2) (la *cetanā*) que es causa del tragar / masticar / comer el *yāvakālika*. Véase el original.	(1) swallowing / chewing / eating the *yāvakālika*. (2) (the *cetanā*) that is the cause of swallowing / chewing / eating the *yāvakālika*. See the original.	(1) ယာဝကာလိ read as ယာဝကာလိက (misprint); 'See the original' rendered literally
134739	yāvakālikapatta	(က) ယာဝကာလိက ဖြစ်သော အရွက်,သစ်ရွက်။ (ခ) ယာဝကာလိက ဖြစ်သော-ချက်အပ်-ကျက်-သော အရွက်,သစ်ရွက်။	(a) la hoja, hoja de árbol, que es *yāvakālika*. (b) la hoja, hoja de árbol, que es *yāvakālika*, cocinada / cocida.	(a) a leaf, a tree leaf, that is *yāvakālika*. (b) a leaf, a tree leaf, that is *yāvakālika*, cooked / done.	in (b) the hyphen after ဖြစ်သော read as a sequence, not an alternative
134742	yāvakālikavajja	ယာဝကာလိကကို ကြဉ်သော၊ ယာဝကာလိကသည် ကြဉ်အပ်သော (စာရေးတံ)။	que excluye el *yāvakālika*; del que se ha de excluir el *yāvakālika* (palito de escritura).	excluding the *yāvakālika*; from which the *yāvakālika* is to be excluded (a writing stick).	စာရေးတံ 'writing stick' perhaps the ticket (salākā)
134743	yāvakālikavatthu	(၁) ယာဝကာလိကဖြစ်သော ပစ္စည်းဝတ္ထုရှိသော။ ထောပတ်စသည်။ (န) (၂) ယာဝကာလိကဖြစ်သော ပစ္စည်း ဝတ္ထု။ မူရင်းကြည့်ပါ။	(1) que tiene como objeto un artículo que es *yāvakālika*. Mantequilla y demás. (neutro) (2) el artículo que es *yāvakālika*. Véase el original.	(1) having as its object an article that is *yāvakālika*. Butter and so on. (neuter) (2) an article that is *yāvakālika*. See the original.	ထောပတ် (butter) given as the example, as printed; 'See the original' rendered literally
134748	yāvacarimālopa	အဆုံးဖြစ်သော ဆွမ်းလုပ်ကိုင်အောင်။ «S1»	hasta el último bocado de comida de limosna. Véase [[yāvacarimālopappahonaka]].	until the last mouthful of alms food. See [[yāvacarimālopappahonaka]].	ကိုင်အောင် read as တိုင်အောင် (misprint)
134750	yāvajīva	(၁) အသက်ရှည်သမျှကာလပတ်လုံး အသက်ရှိသမျှ ကာလပတ်လုံး၊ အသက်ရှိသရွေ့၊ အသက်ထက်ဆုံး။ (၂) အသက်-ဖြစ်-တည်-သည့်တိုင်အောင် (ပရိနိဗ္ဗာန်စံသည့်တိုင်အောင်)။ မူရင်းကြည့်ပါ။	(1) durante todo el tiempo que dure la vida, durante todo el tiempo que haya vida; mientras haya vida; hasta el fin de la vida. (2) mientras la vida exista / permanezca (hasta alcanzar el *parinibbāna*). Véase el original.	(1) for as long as life lasts, for as long as there is life; while there is life; until the end of life. (2) as long as life exists / lasts (until attaining *parinibbāna*). See the original.	'See the original' rendered literally
134751	yāvajīvaka	ယာဝဇီဝက။	*yāvajīvaka*.	*yāvajīvaka*.	the gloss only repeats the headword
134753	yāvajīvika	အသက်ရှည်သမျှ ကာလပတ်လုံး၊ အသက်ရှိသမျှ ကာလပတ်လုံး၊အသက်ရှိသရွေ့၊ အသက်ထက်ဆုံး။ မူရင်းကြည့်ပါ။	durante todo el tiempo que dure la vida, durante todo el tiempo que haya vida; mientras haya vida; hasta el fin de la vida. Véase el original.	for as long as life lasts, for as long as there is life; while there is life; until the end of life. See the original.	'See the original' rendered literally
134757	yāvajīvikavatthu	ယာဝဇီဝိကဖြစ်သော ပစ္စည်းဝတ္ထု။ ယာဝကာလိကဝတ္ထု-(၂)--ကြည့်။	el artículo que es *yāvajīvika*. Véase [[yāvakālikavatthu]] (2).	an article that is *yāvajīvika*. See [[yāvakālikavatthu]] (2).	'see' with a sense number left in the Burmese
134758	yāvajīvikasaṁsagga	ယာဝဇီဝိက၏-ရောနှော-ရောယှက်-ခြင်း-ရာ။	el mezclarse / entremezclarse / el lugar donde se mezcla el *yāvajīvika*.	the mixing / mingling / the place of mixing of the *yāvajīvika*.	-ခြင်း-ရာ read as alternatives (the act / the place)
134761	yāvaṇa	ကမျည်း၊ လောဗန်း။	‹ကမျည်း›; ‹လောဗန်း›.	‹ကမျည်း›; ‹လောဗန်း›.	two substance names left in Burmese; လောဗန်း perhaps benzoin or frankincense
134762	yāvana	ကမျည်း၊ လောဗန်း။	‹ကမျည်း›; ‹လောဗန်း›.	‹ကမျည်း›; ‹လောဗန်း›.	two substance names left in Burmese; လောဗန်း perhaps benzoin or frankincense
134763	yāvakataṁvātāvatakaṁvā	ဟူးဟူးငြားငြား-ဟုတ်ဟုတ်ငြားငြား -သော-အတိုင်းအရှည်ရှိသော။	que tiene una medida cualquiera / sea la que sea.	having any measure at all / whatever it may be.	ဟူးဟူးငြားငြား-ဟုတ်ဟုတ်ငြားငြား unclear idioms, rendered by sense
134767	yāvatatiya	(၁) သုံးကြိမ်မြောက်အောင်၊ သုံးကြိမ်တိုင်အောင်။ (၂) ယာဝ-တတိယကပဉ္စက။ (၃) သုံးကြိမ်မြောက်သော (ကင်္ခါ။ ၁၄၄။ သျှ။ ယော)။ သုံးကြိမ်တို့၏ ပြည့်ကြောင်းတိုင်အောင်သော	(1) hasta completar la tercera vez; hasta la tercera vez. (2) *yāvatatiyakapañcaka*. (3) de la tercera vez; hasta el completarse de las tres veces.	(1) until the third time is complete; up to the third time. (2) *yāvatatiyakapañcaka*. (3) of the third time; until the completion of three times.	ယာဝ-တတိယကပဉ္စက hyphen dropped; citation (ကင်္ခါ ၁၄၄ …) dropped; last phrase garbled, no final ။
134768	yāvatatiyaka	(၁) သုံးကြိမ်မြောက်အောင် ဉတ် ကမ္မဝါစာဖြင့် ဆိုဆုံးမခြင်း၌-သင့်-ဖြစ်-သော (အာပတ်)၊ ယာဝတတိယကဖြစ်သော (အာပတ်)။ (၂)  «S1» (၃) သုံးကြိမ်မြောက်အောင် ဉတ် ကမ္မဝါစာဖြင့် ဆိုဆုံးမခြင်း။ မူရင်းကြည့်ပါ။	(1) (la *āpatti*) en que se incurre / que surge en la amonestación con *ñatti* y *kammavācā* hasta la tercera vez; (la *āpatti*) que es *yāvatatiyaka*. (2) Véase [[yāvatatiyaka]] (1). (3) la amonestación con *ñatti* y *kammavācā* hasta la tercera vez. Véase el original.	(1) (the *āpatti*) incurred / arising in the admonition with *ñatti* and *kammavācā* up to the third time; (the *āpatti*) that is *yāvatatiyaka*. (2) See [[yāvatatiyaka]] (1). (3) admonition with *ñatti* and *kammavācā* up to the third time. See the original.	'See the original' rendered literally
134771	yāvatatiyakapada	ယာဝတတိယကပုဒ်၊  ယာဝတတတိယက (ဟူ၍ ရွတ်ဆိုအပ်သော)ပုဒ်၊ ယာဝတတိယကဟူသော ပုဒ်။ «S1»	la palabra *yāvatatiyaka*; la palabra (recitada como) *yāvatatiyaka*; la palabra que es *yāvatatiyaka*. Véase [[yāvatatiyakapadattha]].	the word *yāvatatiyaka*; the word (recited as) *yāvatatiyaka*; the word that is *yāvatatiyaka*. See [[yāvatatiyakapadattha]].	ယာဝတတတိယက read as ယာဝတတိယက (misprint)
134776	yāvatatiyānusāvana	(၁)သုံးကြိမ်-မြောက်အောင်-တိုင်အောင်-အဖန်တလဲလဲ-ပြောကြား-မေးစိစစ်-ကြောင်းစကား။ (၂) သုံးကြိမ်-မြောက်အောင်-တိုင်အောင်-အဖန်တလဲလဲ-ပြောကြား-မေးစိစစ်-ခြင်း။ မူရင်းကြည့်ပါ။	(1) las palabras que son causa del proclamar / interrogar repetidamente hasta completar / hasta la tercera vez. (2) el proclamar / interrogar repetidamente hasta completar / hasta la tercera vez. Véase el original.	(1) the words that are the cause of announcing / questioning repeatedly until the third time is complete / up to the third time. (2) announcing / questioning repeatedly until the third time is complete / up to the third time. See the original.	'See the original' rendered literally
134777	yāvatatiyānussāvana	(၁)သုံးကြိမ်-မြောက်အောင်-တိုင်အောင်-အဖန်တလဲလဲ-ပြောကြား-မေးစိစစ်-ကြောင်းစကား။ (၂) သုံးကြိမ်-မြောက်အောင်-တိုင်အောင်-အဖန်တလဲလဲ-ပြောကြား-မေးစိစစ်-ခြင်း။ မူရင်းကြည့်ပါ။	(1) las palabras que son causa del proclamar / interrogar repetidamente hasta completar / hasta la tercera vez. (2) el proclamar / interrogar repetidamente hasta completar / hasta la tercera vez. Véase el original.	(1) the words that are the cause of announcing / questioning repeatedly until the third time is complete / up to the third time. (2) announcing / questioning repeatedly until the third time is complete / up to the third time. See the original.	'See the original' rendered literally
134779	yāvatā	(၁) အကြင်မျှလောက်၊ အကြင်ရွေ့ကလောက်၊ အကြင်အတိုင်းအရှည်လောက်။ (၂) အကြင်အတိုင်းအရှည်ရှိသော။ (၃) အကြင်အတိုင်းအရှည်ရှိကုန်သော။ (၄) အကြင်၊ အကြင်သို့ သဘောရှိသော။ (၅) အလုံးစုံသော၊ ခပ်သိမ်းသော။ (၆) အကြင်အတိုင်းအရှည်ရှိသော။ (ကာလ)၌။ (၇) အတိုင်းအရှည်အားဖြင့်။ (၈) အကြင်အတိုင်းအရှည်အားဖြင့်။ (၉) အကြင်အကြောင်း-ဖြင့်-ကြောင့်။ (၁၀) အကြင်အတိုင်းအရှည်ရှိသောကြောင့်-ဖြင့်-ကြောင့်။ (၁၁) အကြင်အတိုင်းအရှည်ရှိသော အရပ်၌။ (၁၂) အကြင်အခါ၌။ မူရင်းကြည့်ပါ။	(1) cuanto; en la medida en que; en la medida que sea. (2) que tiene la medida que sea. (3) que tienen la medida que sea. (4) el cual; que tiene tal o cual naturaleza. (5) todo; entero. (6) que tiene la medida que sea; en (el tiempo). (7) por la medida. (8) por la medida que sea. (9) por / a causa de la razón que sea. (10) a causa de / por / a causa de tener la medida que sea. (11) en el lugar que tiene la medida que sea. (12) en el momento en que. Véase el original.	(1) as much as; as far as; to whatever measure. (2) having whatever measure. (3) having whatever measure (plural). (4) which; having such and such a nature. (5) all; whole. (6) having whatever measure; in (the time). (7) by measure. (8) by whatever measure. (9) by / because of whatever reason. (10) because of / by / because of having whatever measure. (11) in the place having whatever measure. (12) at the time when. See the original.	(6) has a stray ။ before (ကာလ)၌; 'See the original' rendered literally
134781	yāvatādohipi	အကြင်မျှလောက်၊ အကြင်ရွေကလောက်။	cuanto; en la medida en que.	as much as; as far as.	ရွေက read as ရွေ့က (misprint)
134788	yāvaticchaka	(၁) အကြင်မျှလောက်သော ကာလပတ်လုံး -အလိုဆန္ဒ-အလိုရှိသည်၊ အကြင် အကြင် အလိုရှိအပ်သော ကာလ၊ အလိုရှိသမျှကာလ။ (၂) ယာဝဒတ္ထ (၄) အနက်နှင့်တူ။ မူရင်းကြည့်ပါ။	(1) durante todo el tiempo que / (según) el deseo / se desee; el tiempo que se desee en cada caso; todo el tiempo que se desee. (2) Mismo significado que [[yāvadattha]] (4). Véase el original.	(1) for as long as / (according to) the wish / one wishes; whatever time is wished for; all the time one wishes. (2) Same meaning as [[yāvadattha]] (4). See the original.	the hyphen chain in (1) is awkward; 'same meaning as' with a sense number left in the Burmese; 'See the original' rendered literally
134790	yāvattaka	(၁)  «S1» (၂) အကြင်မျှလောက်၊ အကြင်ရွေကလောက်၊ အကြင်မျှလောက်သော ကာလပတ်လုံး။ မူရင်းကြည့်ပါ။	(1) Mismo significado que [[yāvataka]]. (2) cuanto; en la medida en que; durante todo el tiempo que. Véase el original.	(1) Same meaning as [[yāvataka]]. (2) as much as; as far as; for as long as. See the original.	ရွေက read as ရွေ့က (misprint); 'See the original' rendered literally
134792	yāvadattha	(၁) အကြင်မျှလောက်အကျိုးရှိသော။ (က) စားလိုသလောက်ယူ၍ စားနိုင်သော (ဆွမ်း)။ (ခ) အလိုအလျှောက်-မျှလောက်-စားလောက်-သော (ထမင်းစသည်)။ (ဂ) အန္တရာယ်မှ ကင်းလွတ်လောက်သော၊ တသူ-တလံ-လေးတောင်-ထက်မြင့်သော (သစ်ပင်)။ မူရင်းကြည့်ပါ။	(1) que tiene tanto beneficio como sea. (a) (comida de limosna) que se puede tomar y comer cuanto se quiera comer. (b) (arroz cocido y demás) que basta / basta para comer a voluntad. (c) (árbol) suficiente para librarse del peligro, más alto que un hombre / una braza / cuatro codos. Véase el original.	(1) having as much benefit as may be. (a) (alms food) that one can take and eat as much as one wants to eat. (b) (cooked rice and so on) enough / enough to eat at will. (c) (a tree) enough to escape danger, higher than a man / a fathom / four cubits. See the original.	အလိုအလျှောက် read as အလိုအလျောက် ('at will'); 'See the original' rendered literally
134793	yāvadatthacīvara	အလိုရှိတိုင်း-အလိုရှိသလောက်-အဓိဋ္ဌာန်မတင်-ဝိကပ္ပနာမပြု-ဘဲ သင်္ကန်းကို-ဆောင်ခြင်း-ဆယ်ရက်လွန်အောင် ထားခြင်း။	el llevar el hábito / el guardarlo más de diez días, según se desee / cuanto se desee, sin hacer *adhiṭṭhāna* / sin hacer *vikappanā*.	wearing the robe / keeping it beyond ten days, as one wishes / as much as one wishes, without making *adhiṭṭhāna* / without making *vikappanā*.	hyphen chain reordered for readability
134795	yāvadatthapavāraṇā	အလိုရှိတိုင်း-အလိုရှိသလောက်-စားပြီး၍-မြစ်-တားမြစ်-ပယ်-ခြင်း။	el rehusar / impedir / rechazar tras haber comido según se desee / cuanto se desee.	declining / refusing / rejecting after having eaten as one wishes / as much as one wishes.	ပယ် rendered rechazar / reject (refusal of further food, pavāraṇā)
134796	yāvadatthika	(၁)  «S1» (၂)  «S2»	(1) Véase [[yāvadatta]] (1-b). (2) Véase [[yāvadattacīvara]].	(1) See [[yāvadatta]] (1-b). (2) See [[yāvadattacīvara]].	placeholders only
134798	yāvadicchaka	(၁) အကြင်မျှလောက်ဘောဇဉ်ဖြင့် အလိုရှိသော၊ သုံးဆောင်လိုသလောက် သုံးဆောင်ပြီးသော၊ သူ။ (ဘုရားအမှူးရှိသော သံဃာတော်)။ (န) (၂) အကြင်မျှလောက်-အကြင်မျှလောက်-အလိုဆန္ဒ-အလိုရှိသည်၊ အလိုရှိတိုင်း။ (၃) ယာဝဒတ္ထ (၄) အနက်နှင့်တူ။ မူရင်းကြည့်ပါ။	(1) que desea la comida en la cantidad que sea; que ha consumido cuanto quería consumir (dicho de una persona). (El *saṅgha* encabezado por el Buddha). (neutro) (2) cuanto / cuanto / el deseo / se desee; según se desee. (3) Mismo significado que [[yāvadattha]] (4). Véase el original.	(1) wishing for food in whatever amount; having consumed as much as one wished to consume (said of a person). (The *saṅgha* headed by the Buddha). (neuter) (2) as much as / as much as / the wish / one wishes; as one wishes. (3) Same meaning as [[yāvadattha]] (4). See the original.	hyphen chain in (2) awkward; 'same meaning as' with a sense number left in the Burmese; 'See the original' rendered literally
134799	yāvade	(၁) ယာဝ (၂) အနက်နှင့်တူ။ (၂) အကြင်သို့သော အတိုင်းအရှည်ရှိသော (သမာပတ်)တို့ကို။ (၃) ယာဝတာ-(၄) အနက်နှင့်တူ။ (၄) အကြင်သို့သော အတိုင်းအရှည်ရှိသော အကျိုးငှါ။ မူရင်းကြည့်ပါ။	(1) Mismo significado que [[yāva]] (2). (2) a los (*samāpatti*) que tienen tal medida. (3) Mismo significado que [[yāvatā]] (4). (4) para el fin que tiene tal medida. Véase el original.	(1) Same meaning as [[yāva]] (2). (2) the (*samāpatti*) having such a measure (accusative). (3) Same meaning as [[yāvatā]] (4). (4) for a purpose having such a measure. See the original.	'same meaning as' with sense numbers left in the Burmese; 'See the original' rendered literally
134800	yāvadeva	(၁)အကြင်မျှ-အကြင်ရွေ့-လောက်သာလျှင်၊ အကြင်မျှလောက်သော ကာလတို့ပတ်လုံးသာလျှင်။ (၃) အလွန်၊ အလွန်လျှင်။ (၄) အကြင်မျှလောက်သော အကျိုးငှါသာလျှင်၊ ရုံသာလျှင်၊ သာလျှင်။ (၅) တိုင်အောင်၊ တိုင်အောင်သာလျှင်မျှ-ရွေကလောက်သာလျှင်၊ မူရင်းကြည့်ပါ။	(1) solo cuanto / en la medida en que; solo durante todo el tiempo que. (3) sumamente; en sumo grado. (4) solo para el fin que sea; solo lo justo; solo. (5) hasta; solo hasta / solo en la medida en que; Véase el original.	(1) only as much as / as far as; only for as long as. (3) exceedingly; to the utmost. (4) only for whatever purpose; just barely; only. (5) up to; only up to / only as far as; See the original.	sense (2) missing; ရွေက read as ရွေ့က; 'See the original' rendered literally
134801	yāvadhammasañcetanā	ဓမ္မရုံ၌ဖြစ်သော စေတနာတိုင်အောင်။	hasta la *cetanā* que surge en el *dhammārammaṇa*.	up to the *cetanā* arising in the *dhammārammaṇa*.	ဓမ္မရုံ read as dhammārammaṇa
134802	yāvana	ကမျည်းလောဗန် (ယွန်းပြည်=ဂရိတ်ပြည်၌ဖြစ်သော နံ့သာတစ်မျိုး)။ «S1»	‹ကမျည်းလောဗန်› (una clase de perfume que surge en el país de *yona* = Grecia). Véase [[yāvatā]].	‹ကမျည်းလောဗန်› (a kind of perfume arising in the *yona* country = Greece). See [[yāvatā]].	substance name left in Burmese (perhaps benzoin / frankincense)
134808	yāvasika	(၁) မုယောကို-ပေး-ကျွေး-သော၊ သူ။ (၂) မုယောအစာကို-ပေး-ကျွေး-သော၊ သူ။ (၃) မြက်ကို-ပေး-ကျွေး-သော၊ သူ။ (ဆင်စာ,မြင်းစာကျွေးသော၊ သူ)။ မူရင်းကြည့်ပါ။	(1) que da / alimenta con cebada (dicho de una persona). (2) que da / alimenta con pienso de cebada (dicho de una persona). (3) que da / alimenta con hierba (dicho de una persona). (El que da de comer a elefantes y caballos). Véase el original.	(1) giving / feeding barley (said of a person). (2) giving / feeding barley fodder (said of a person). (3) giving / feeding grass (said of a person). (One who feeds elephants and horses). See the original.	'See the original' rendered literally
134811	yāsi	(၁) လား-သွား-ကြတော်မူ-၏။ «S1» (၂) လိုက်-လိုက်ပါ-၏။ «S2»	(1) va / marcha. Véase [[yāti]] (1). (2) sigue / acompaña. Véase [[yāti]] (5).	(1) goes / departs. See [[yāti]] (1). (2) follows / accompanies. See [[yāti]] (5).	honorific plural ကြတော်မူ not rendered; 3rd person for a 2nd-person (-si) headword
134815	yiṭṭha	(၁) (က)ယဇ်ပူဇော်ခြင်း။ (ခ) ယဇ်ကြီးပူဇော်ခြင်း၏အကျိုး (ဥပစာ)။ (၂) (က) ယာဇ်ငယ်ပူဇော်ခြင်း။ (ခ) ယာဇ်ပူဇော်ခြင်း၏အကျိုး။ (ခ) ယဇ်ငယ်ပူဇော်ခြင်း၏အကျိုး (ဥပစာ)။ မူရင်းကြည့်ပါ။	(1) (a) el ofrecer sacrificio. (b) el fruto del ofrecer un gran sacrificio (sentido figurado). (2) (a) el ofrecer un pequeño sacrificio. (b) el fruto del ofrecer sacrificio. (b) el fruto del ofrecer un pequeño sacrificio (sentido figurado). Véase el original.	(1) (a) offering sacrifice. (b) the fruit of offering a great sacrifice (figurative sense). (2) (a) offering a small sacrifice. (b) the fruit of offering sacrifice. (b) the fruit of offering a small sacrifice (figurative sense). See the original.	(b) printed twice in (2); ယာဇ် / ယဇ် spelling varies; 'See the original' rendered literally
134816	yiṭṭhayāga	ယာဇ်ပူဇော်ခြင်း၊ ပူဇော်အပ်သောယာဇ်၊	el ofrecer sacrificio; el sacrificio ofrecido.	offering sacrifice; the sacrifice offered.	ends with ၊
134818	yiṭṭhuṁ	ပူဇော်-အလှူပေး-ခြင်းငှါ အလိုရှိသော၊ ပူဇော်-အလှူပေး-လိုသော၊ သူ။	que desea venerar / dar ofrenda; que quiere venerar / dar ofrenda (dicho de una persona).	wishing to worship / give offerings; wanting to worship / give offerings (said of a person).	the gloss suits yiṭṭhukāma (next headword), not the infinitive
134821	yuga	(၁)အစုံ၊ စုံတွဲ။ (၂) အစုံကိုယူခြင်း၊ ယှဉ်ပြိုင်-တူပြိုင်-တုဘက်ပြိုင်-ခြင်း။ မူရင်းကြည့်ပါ။	(1) par; pareja. (2) el tomar en pareja; el competir / rivalizar / igualarse. Véase el original.	(1) a pair; a couple. (2) taking as a pair; competing / rivalling / matching. See the original.	'See the original' rendered literally
134823	yuga	ဝိမုတ္တိယုဂစသော ခေတ် ၅-မျိး။	las 5 clases de época, que comienzan por *vimuttiyuga*.	the 5 kinds of era, beginning with *vimuttiyuga*.	မျိး read as မျိုး (misprint)
134828	yugagehaṅga	ဖွဲ့တင်အပ်သည့် အစုံအစုံသော အိမ်၏အစိတ်အပိုင်းလျှောက်(ယောက်)။	las partes de la casa, dispuestas por pares, que se atan y colocan arriba: ‹လျှောက်› (‹ယောက်›).	the parts of a house, in pairs, that are tied and set up: ‹လျှောက်› (‹ယောက်›).	လျှောက် (ယောက်) an unidentified building member (perhaps rafters), left in Burmese
134829	yugaggāha	တူမျှသော အကြီးအမှူး၏ အဖြစ်ကိုယူခြင်း၊ အစုံပြု၍ ယူခြင်း၊ အစုံယူခြင်း၊ အင်တူပြုခြင်း၊ တုဘက်ပြိုင်ခြင်း။	el tomar la condición de jefe igual; el tomar como pareja; el tomar en pareja; el igualarse en fuerza; el rivalizar.	taking the status of an equal leader; taking as a pair; taking in pairs; making oneself equal in strength; rivalling.	အင်တူပြု read as 'make equal in strength'
134836	yugacamma	ထမ်းပိုး၌တတ်သော သားရေကြိုး၊ သားရေထမ်းပိုးကြိုး (လှည်းစည်းတုံးသားရေကြိုး)။	la correa de cuero fijada en el yugo; la correa de cuero del yugo (la correa de cuero del madero de atadura de la carreta).	the leather strap fixed on the yoke; the leather yoke-strap (the leather strap of the cart's binding block).	တတ် read as တပ် (misprint); လှည်းစည်းတုံး uncertain
134839	yugaṭṭhapana	(မြင်းကို)ထမ်းပိုး-၌-တပ်-က-ကော့-ကောက်-ထားခြင်း၊ ထမ်းပိုးတင်ထားခြင်း။	el dejar (al caballo) fijado / enganchado / erguido / curvado en el yugo; el dejar puesto el yugo.	keeping (the horse) fixed / harnessed / arched / curved in the yoke; keeping the yoke put on.	hyphen chain တပ်-က-ကော့-ကောက် uncertain
134840	yuganaddha	(၁) ယာဂနဒ္ဓတရား၊ အစုံဖွဲ့-အစုံဖွဲ့-အပ်သော (သမထ,ဝိပဿနာ)။ (၂)ထမ်းပိုး၌-ဖွဲ့-က-အပ်သော (နွား)။ (၃) ထမ်းပိုး၌-ဖွဲ့-က-အပ်သော နွားနှင့်တူသော။ မူရင်းကြည့်ပါ။	(1) el estado *yuganaddha*; (*samatha*, *vipassanā*) unidos en pareja. (2) (buey) atado / uncido al yugo. (3) semejante a un buey atado / uncido al yugo. Véase el original.	(1) the *yuganaddha* state; (*samatha*, *vipassanā*) yoked as a pair. (2) (an ox) tied / harnessed to the yoke. (3) like an ox tied / harnessed to the yoke. See the original.	ယာဂနဒ္ဓ read as ယုဂနဒ္ဓ (misprint); အစုံဖွဲ့ printed twice; 'See the original' rendered literally
134841	yuganaddhakathā	ယုဂနဒ္ဓ-အစုံဖွဲ့အပ်သော (သမတ,ဝိပဿနာ)-တရားတို့ကိုဆိုရာစကား။	las palabras que tratan de los estados *yuganaddha* / unidos en pareja (*samatha*, *vipassanā*).	the talk dealing with the *yuganaddha* / paired states (*samatha*, *vipassanā*).	သမတ read as သမထ (misprint)
134842	yuganaddhakkama	ယုဂနဒ္ဓ-အစုံဖွဲ့အပ်သော (သမတ,ဝိပဿနာ)-တရားတို့၏ အစဉ်၊ ယုဂနဒ္ဓအစဉ်။	el orden de los estados *yuganaddha* / unidos en pareja (*samatha*, *vipassanā*); el orden *yuganaddha*.	the sequence of the *yuganaddha* / paired states (*samatha*, *vipassanā*); the *yuganaddha* sequence.	သမတ read as သမထ (misprint)
134843	yuganaddhaguṇa	(၁)အစုံဖွဲ့အပ်သည်၏ အဖြစ်တည်းဟူသော ဂုဏ်ရှိသော။ (၂)အစုံဖွဲ့အပ်သည်၏ အဖြစ်တည်းဟူသော ဂုဏ်။ မူရင်းကြည့်ပါ။	(1) que tiene la cualidad que es el hecho de estar unido en pareja. (2) la cualidad que es el hecho de estar unido en pareja. Véase el original.	(1) having the quality that is the state of being yoked as a pair. (2) the quality that is the state of being yoked as a pair. See the original.	'See the original' rendered literally
134846	yuganaddhaniddesa	ယုဂနဒ္ဓ-အစုံဖွဲ့အပ်သော (သမထ,ဝိပဿနာ-တရားတို့ကို-အကျယ်ပြ-ရာ-ကြောင်း-စကားရပ်၊ ယုဂနဒ္ဓနိဒ္ဒေသ)။	la expresión que es el lugar / la causa del exponer en detalle los estados *yuganaddha* / unidos en pareja (*samatha*, *vipassanā*); *yuganaddhaniddesa*.	the expression that is the place / cause of setting out in detail the *yuganaddha* / paired states (*samatha*, *vipassanā*); *yuganaddhaniddesa*.	brackets unbalanced in the source; balanced here
134847	yuganaddhapubbaṅgama	ယုဂနဒ္ဓတရားလျှင်-ရှေကသွား-ပြဌာန်းခြင်း-ရှိသော။	que tiene el ir delante / el predominio del estado *yuganaddha*.	having the *yuganaddha* state going ahead / predominating.	ရှေက read as ရှေ့က (misprint)
134852	yuganta	ကမ္ဘာပျက်ခြင်း၊ ပျက်ဆဲကပ်၊ ပျက်ဆဲကမ္ဘာ။	la destrucción del mundo; el *kappa* en destrucción; el mundo en destrucción.	the destruction of the world; the *kappa* being destroyed; the world being destroyed.	ကမ္ဘာ rendered mundo / world (the world destroyed at the aeon's end); ကပ် kept as ⟦=kappa⟧
134853	yugantakāla	ကမ္ဘာပျက်သော အခါ၊ ကမ္ဘာပျက်ရာကာလ။	el momento en que el mundo se destruye; el tiempo de la destrucción del mundo.	the time when the world is destroyed; the period of the world's destruction.	ကမ္ဘာ rendered mundo / world (the world destroyed at the aeon's end)
134854	yugantajalada	ကမ္ဘာပျက်-ကမ္ဘာပျက်အောင် ရွာသွန်းသော-မိုး၊ ကမ္ဘာကို ဖျက်ဆီးသော မိုး။ ယုဂန္တဇလဒါကာရ-ကည့်။	la lluvia de la destrucción del mundo / que cae hasta que el mundo se destruye; la lluvia que destruye el mundo. Véase [[yugantajaladākāra]].	the rain of the world's destruction / falling until the world is destroyed; the rain that destroys the world. See [[yugantajaladākāra]].	ကည့် read as ကြည့် (misprint); 'see' left in the Burmese; ကမ္ဘာ rendered mundo / world (the world destroyed at the aeon's end)
134855	yugantajaladākāra	ကမ္ဘာဖျက်-ကမ္ဘာပျက်အောင် ရွာသွန်းသော-မိုး-အသွင်-ပမာ၊ ကမ္ဘာကိုဖျက်ဆီးသောမိုး-အသွင်-ပမာ။	la apariencia / semejanza de la lluvia que destruye el mundo / que cae hasta que el mundo se destruye; la apariencia / semejanza de la lluvia que destruye el mundo.	the appearance / likeness of the rain that destroys the world / falling until the world is destroyed; the appearance / likeness of the rain that destroys the world.	ကမ္ဘာ rendered mundo / world (the world destroyed at the aeon's end)
134860	yugantavātābhighātapatita	ကမ္ဘာဖျက်လေသည်တိုက်ခတ်သဖြင့်-လည်း(လဲ)-ပြို-ကျသော။	derribado / desplomado / caído por haberlo golpeado el viento que destruye el eón.	fallen over / collapsed / fallen down through being struck by the aeon-destroying wind.	လည်း(လဲ): the bracket corrects the spelling to လဲ 'fall over'; rendered once
134861	yugandhara	ယုဂန္ဓိုရ်တောင်၊ မြင်းမိုရ်တောင်ကို ဝန်း (ဝိုင်း)ရံ၍ တည်သော တောင်စဉ် ၇-ထပ်တို့တွင် တစ်ခုသော တောင်။ မူရင်းကြည့်ပါ။	el monte *Yugandhara*; uno de los montes de las 7 cordilleras sucesivas que se alzan en torno (rodeando) al monte *Meru*. Véase el original.	Mount *Yugandhara*; one of the mountains of the 7 successive ranges that stand encircling (surrounding) Mount *Meru*. See the original.	ဝန်း (ဝိုင်း): spelling variant in brackets, rendered as a gloss; မူရင်းကြည့်ပါ rendered literally
134864	yugandhara	ရထား-လှည်း-အုပ်ဆုံ၊ ရထားမြင်း-နွား-က ရာအရပ် (ဓာန်၊ သျှ။ သစ်။ ၃၇၄)။ လှည်းဦးဆုံ၊ ရထား၌ နွားမြင်းပခုံးထမ်းရာ-ထမ်းပိုးခွင်-အရပ်။	la unión del yugo del carro / de la carreta; el lugar donde se uncen los caballos / bueyes del carro. La cabecera de la carreta; en el carro, el lugar donde bueyes y caballos cargan sobre los hombros / el lugar del arco del yugo.	the yoke-joint of a chariot / of a cart; the place where the chariot's horses / oxen are harnessed. The head of the cart; in a chariot, the place where the oxen and horses bear on their shoulders / the place of the yoke's bow.	source tag (ဓာန်၊ သျှ။ သစ်။ ၃၇၄) dropped; အုပ်ဆုံ, ဦးဆုံ read as the pole-yoke junction, ထမ်းပိုးခွင် as the yoke's bow: tentative
134875	yugandharavātavega	၊ယုဂန္ဓိုရ် တောင်မှလာသော လေ၏အဟုန်။ ယုဂန္ဓိုရ် လေ၏အဟုန်	el ímpetu del viento que viene del monte *Yugandhara*. El ímpetu del viento de *Yugandhara*.	the force of the wind that comes from Mount *Yugandhara*. The force of the *Yugandhara* wind.	stray ၊ at the start ignored
134876	yugapaṭibhāga	အစုံတူ၊ တူသော အစုံ၊ယှသ်ဖက်တူ။ ၊ပြိုင်ဖက်တူ။	par igual; par semejante; compañero igual; rival igual.	matched pair; a pair that is alike; equal partner; equal rival.	ယှသ်ဖက် read as ယှဉ်ဖက် (partner); stray ၊ ignored
134877	yugapatta	စွယ်တော်ပင် (ဓာန်၊ သျ၊ သစ်။ တောင်ပေါက်၊ ဓာန်၊ သျ)။ ပင်လယ်ကသစ် (ဓာန်၊သျ၊ စံထား)။	el árbol ‹စွယ်တော်› (‹တောင်ပေါက်›). ‹ပင်လယ်ကသစ်›.	the ‹စွယ်တော်› tree (‹တောင်ပေါက်›). ‹ပင်လယ်ကသစ်›.	plant names left in Burmese (စွယ်တော် probably Bauhinia, ပင်လယ်ကသစ် probably Erythrina, the coral tree: tentative); source tags (ဓာန်၊ သျ၊ သစ်), (ဓာန်၊ သျ), (ဓာန်၊သျ၊ စံထား) dropped; တောင်ပေါက် unclear (variety or source tag)
134879	yugapadesa	အစုံဖြစ်သောအရပ်၊ လှည်းအုပ်ဆုံအရပ်၊ လှည်းဦးဆုံရာအရပ်။	lugar que es un par; lugar de la unión del yugo de la carreta; lugar donde está la cabecera de la carreta.	place that is a pair; place of the yoke-joint of a cart; place where the head of the cart is.	အုပ်ဆုံ, ဦးဆုံ read as the pole-yoke junction: tentative
134880	yugaparamparā	(၁)အစုံတို့၏ အဆက်ဆက်၊ တစ်နည်း-ကာလအဆက်ဆက်။ (၂) ထမ်းပိုးအဆင့်ဆင့်။ မူရင်းကြည့်ပါ။	(1) la sucesión de los pares; de otro modo: la sucesión de los tiempos. (2) yugo tras yugo. Véase el original.	(1) the succession of pairs; alternatively: the succession of ages. (2) yoke after yoke. See the original.	မူရင်းကြည့်ပါ rendered literally
134882	yugamatta	ထမ်းပိုးတစ်ပြန်မျှ၊ ရထားထမ်းပိုးအတိုင်းအရှည်မျှ၊ လေးထောင့်ထမ်းပိုးအတိုင်းအရှည်မျှ။	solo un largo de yugo; solo la medida de un yugo de carro; solo la medida de un yugo de cuatro codos.	only a yoke's length; only the measure of a chariot yoke; only the measure of a four-cubit yoke.	လေးထောင့် ('four-cornered') read as လေးတောင် 'four cubits' (yugamatta = catuhattha in the commentaries): check
134883	yugamattadasa	ရထားထမ်းပိုးတစ်ပြန် (လေးထောင့်) မျှသာကြည့်လေ့ရှိသော၊ ထမ်းပိုးတစ်ပြန်မျှကြည့်သော။	que suele mirar solo a la distancia de un yugo de carro (cuatro codos); que mira solo a la distancia de un yugo.	in the habit of looking only a chariot-yoke's length ahead (four cubits); looking only a yoke's length ahead.	(လေးထောင့်) read as လေးတောင် 'four cubits': check
134890	yupala	အစုံ၊ စုံတွဲ၊ နျစ်ခုတွဲ။ ဣမာနိ တီဏိ ယုဂလာနိအပ္ပနာဝီထိတော ပုဗ္ဗဘာဂေ ဥပစာရဿ မုဒုမဇ္ဈာဓိမတ္တတာ ဝသေန ဝုတ္တာနိ။ ပဋိသံ၊ ဋ္ဌ၊ ၁။ ၂၂၀။ တသ္မာယေဝ ယုဂလာ ဟုတွာ အဂ္ဂိက္ခန္ဓဥဒကဓာရာ ပဝတ္တန္တိ။ ပဋိသံ၊ ဋ္ဌ၊ ၂။ ၁၂။ (-သီ၊ ဋီ၊ သစ်၊ ၂။ ၁၇၅)။ အာဇာနေယျ-ယုဂေါယုဂလကောဟုတွာ။ အနုဋီ၊ ၁၊ ၁၀၀။	par; pareja; conjunto de dos. *imāni tīṇi yugalāniappanāvīthito pubbabhāge upacārassa mudumajjhādhimattatā vasena vuttāni*. *tasmāyeva yugalā hutvā aggikkhandhaüdakadhārā pavattanti*. *ājāneyya-yugoyugalakohutvā*.	pair; couple; set of two. *imāni tīṇi yugalāniappanāvīthito pubbabhāge upacārassa mudumajjhādhimattatā vasena vuttāni*. *tasmāyeva yugalā hutvā aggikkhandhaüdakadhārā pavattanti*. *ājāneyya-yugoyugalakohutvā*.	headword 'yupala' looks like a romanisation error for yugala; နျစ် read as နှစ်; citations dropped
134891	yugalaka	အစုံ၊ စုံတွဲ၊ နျစ်ခုတွဲ။ ဣမာနိ တီဏိ ယုဂလာနိအပ္ပနာဝီထိတော ပုဗ္ဗဘာဂေ ဥပစာရဿ မုဒုမဇ္ဈာဓိမတ္တတာ ဝသေန ဝုတ္တာနိ။ ပဋိသံ၊ ဋ္ဌ၊ ၁။ ၂၂၀။ တသ္မာယေဝ ယုဂလာ ဟုတွာ အဂ္ဂိက္ခန္ဓဥဒကဓာရာ ပဝတ္တန္တိ။ ပဋိသံ၊ ဋ္ဌ၊ ၂။ ၁၂။ (-သီ၊ ဋီ၊ သစ်၊ ၂။ ၁၇၅)။ အာဇာနေယျ-ယုဂေါယုဂလကောဟုတွာ။ အနုဋီ၊ ၁၊ ၁၀၀။	par; pareja; conjunto de dos. *imāni tīṇi yugalāniappanāvīthito pubbabhāge upacārassa mudumajjhādhimattatā vasena vuttāni*. *tasmāyeva yugalā hutvā aggikkhandhaüdakadhārā pavattanti*. *ājāneyya-yugoyugalakohutvā*.	pair; couple; set of two. *imāni tīṇi yugalāniappanāvīthito pubbabhāge upacārassa mudumajjhādhimattatā vasena vuttāni*. *tasmāyeva yugalā hutvā aggikkhandhaüdakadhārā pavattanti*. *ājāneyya-yugoyugalakohutvā*.	နျစ် read as နှစ်; citations dropped
134895	yugasadda	ယုဂ-သဒ္ဒါ။ ယုဂ-သဒ္ဒေါ စေတ္တ ဧကသေသနယေန ဒဋ္ဌဗ္ဗော။ ကင်္ခါ၊ နီ၊ သစ်။ ၃၀၁။ ဧတံ ယုဂသဒ္ဒေန အာယုပ္ပမာဏဝစနံ အဘိလာပမတ္တံ။ သီ၊ ဋီ၊ သစ်၊ ၂။ ၂၈၄။ (-ဒီ၊ ဋီ၊ ၁။ ၃၁၄။ မ၊ ဋီ၊ ၃။ ၁၉၀)။	la palabra *yuga*. *yuga-saddo cetta ekasesanayena daṭṭhabbo*. *etaṁ yugasaddena āyuppamāṇavacanaṁ abhilāpamattaṁ*.	the word *yuga*. *yuga-saddo cetta ekasesanayena daṭṭhabbo*. *etaṁ yugasaddena āyuppamāṇavacanaṁ abhilāpamattaṁ*.	citations dropped
134898	yugal̤a	အစုံ၊ စုံတွဲ၊ နျစ်ခုတွဲ။	par; pareja; conjunto de dos.	pair; couple; set of two.	နျစ် read as နှစ်
134899	yugal̤aka	အစုံ၊ စုံတွဲ၊ နျစ်ခုတွဲ။	par; pareja; conjunto de dos.	pair; couple; set of two.	နျစ် read as နှစ်
134901	yugal̤abhūta	အစုံ-စုံတွဲ-နျစ်ခုတွဲဖြစ်၍ဖြစ်သော။	que existe habiéndose hecho par / pareja / conjunto de dos.	existing as having become a pair / couple / set of two.	နျစ် read as နှစ်
134907	yujjati	(၁) သင့်-သင့်လျော်-၏။ (က)မဆန့်ကျင်၊ (ခ) အသင်ယုတ္တိနှင့်တကွဖြစ်၏။ (၈) အသင့်ယုတ္တိနှင့်စပ်ယှဉ်-နှီးနှော-ညီညွတ်-၏။ (၂) ယဉ်၏ (တစ်ခုတည်း-တူသည်-၏ အဖြစ်သို့ရောက်၏)။ (၃) အားထုတ်-လုံ့လပြု-၏။ (၄) အညီအညွတ်ကောင်းစွာထား-တည်ကြည်-၏။ (ကောင်းစွာဆောင်၏။ နီတိ၊ ဓာတု။ ၂၂၄။ သျ။ ဗုဓ်)။	(1) conviene / es apropiado. (a) no se contradice; (b) está conforme a la razón debida. (c) se une / se mezcla / concuerda con la razón debida. (2) se une (llega al estado de ser uno solo / igual). (3) se esfuerza / pone empeño. (4) se asienta bien en armonía / es firme. (lleva bien.)	(1) is fitting / is suitable. (a) is not contradictory; (b) is in accord with proper reason. (c) is joined / is blended / agrees with proper reason. (2) is joined (reaches the state of being one / the same). (3) strives / makes effort. (4) is set well in harmony / is steady. (carries well.)	(၈) read as (ဂ); အသင်ယုတ္တိ read as အသင့်ယုတ္တိ; ယဉ်၏ read as ယှဉ်၏; source tags (နီတိ၊ ဓာတု။ ၂၂၄။ သျ။ ဗုဓ်) dropped
134908	yujjati	(၁) ယှသ်အပ်၏။ (၂) အညီအညွတ်ကောင်းစွာထား-ဖြစ်စေ-အပ်၏။ မူရင်းကြည့်ပါ။	(1) es unido. (2) es asentado bien en armonía / es hecho existir. Véase el original.	(1) is joined. (2) is well set in harmony / is caused to arise. See the original.	ယှသ် read as ယှဉ်; မူရင်းကြည့်ပါ rendered literally
134912	yujjana	(၁) သင့်-သင့်လျော်-ခြင်း။ (၂) သင့်-သင့်လျော်-သည်၏ အဖြစ်။ (၃) စပ်-ပေါင်းစပ်-ယှဉ်စပ်-သော။ တစ်နည်း-ယှဉ်စပ်သည်၏ အဖြစ်ဟူသော (အနက်သဘော)။ မူရင်းကြည့်ပါ။	(1) el ser conveniente / apropiado. (2) el hecho de ser conveniente / apropiado. (3) que se une / se combina / se asocia. De otro modo: (el sentido) que es el hecho de estar asociado. Véase el original.	(1) being fitting / suitable. (2) the state of being fitting / suitable. (3) that joins / combines / associates. Alternatively: (the meaning) that is the state of being associated. See the original.	label တိ although senses (1)-(2) are nouns; မူရင်းကြည့်ပါ rendered literally
134913	yujjanakiriyā	သင့်လျော်ခြင်း ကိရိယာ၊ ယုဇ္ဇန ကိရိယာ။ «S1»	la *kiriyā* del ser apropiado; *yujjana kiriyā*. Véase [[yujjanakiriyoga]].	the *kiriyā* of being suitable; *yujjana kiriyā*. See [[yujjanakiriyoga]].	ကိရိယာ here is the grammatical action (verb)
134914	yujjanakiriyoga	သင့်လျော်ခြင်း ကိရိယာ (ယုဇ္ဇန ကိရိယာ)နှင့်ယှဉ်ရာ။	aquello en que hay conexión con la *kiriyā* del ser apropiado (*yujjana kiriyā*).	that in which there is connection with the *kiriyā* of being suitable (*yujjana kiriyā*).	ကိရိယာ here is the grammatical action (verb)
134919	yujjamāna	(၁)သင့်-သင့်လျော်-သော (အနက်)။ (၂) ယှဉ်-ပေါင်းဆုံမိ-သော။ (၃)ယှဉ်-အပ်-သင့်-ထိုက်-သော။ မူရင်းကြည့်ပါ။	(1) que es conveniente / apropiado (sentido). (2) que se une / se encuentra junto. (3) que ha de / conviene / merece ser unido. Véase el original.	(1) that is fitting / suitable (meaning). (2) that is joined / meets together. (3) that is to be / fit to be / worthy to be joined. See the original.	မူရင်းကြည့်ပါ rendered literally
134920	yujjamānaka	(၁)သင့်-သင့်လျော်-သော။ (၂) ယှဉ်-အပ်-သင့်-ထိုက်-သော။ မူရင်းကြည့်ပါ။	(1) que es conveniente / apropiado. (2) que ha de / conviene / merece ser unido. Véase el original.	(1) that is fitting / suitable. (2) that is to be / fit to be / worthy to be joined. See the original.	မူရင်းကြည့်ပါ rendered literally
134921	yujjamānakavasa	(၁)ယှဉ်-အပ်-သင့်-ထိုက်-သော ပစ္စည်း၏အစွမ်း။ (၂)ယှဉ်-အပ်-သင့်-ထိုက်-သော ပစ္စယုပ္ပန်၏ အစွမ်း။ မူရင်းကြည့်ပါ။	(1) la fuerza del *paccaya* que ha de / conviene / merece ser unido. (2) la fuerza del *paccayuppanna* que ha de / conviene / merece ser unido. Véase el original.	(1) the force of the *paccaya* that is to be / fit to be / worthy to be joined. (2) the force of the *paccayuppanna* that is to be / fit to be / worthy to be joined. See the original.	ပစ္စည်း could also be the grammatical suffix (paccaya); မူရင်းကြည့်ပါ rendered literally
134923	yujjamānavasa	သင့်လျော်-ရသင့်-သော နိမိတ်ကို ယူခြင်း၏အစွမ်း။	la fuerza del tomar el *nimitta* apropiado / que conviene obtener.	the force of taking the *nimitta* that is suitable / that ought to be obtained.	နိမိတ် may be the ordinary 'sign, mark' here
134930	yujjha	(၁) စစ်ထိုး-အပ်-နိုင်-သော၊ တိုက်ခိုက်သိမ်းယူနိုင်သော။ (န) (၂) စစ်ထိုး-စစ်တိုက်-တိုက်ခိုက်-ခြင်း။ မူရင်းကြည့်ပါ။	(1) que ha de / puede ser combatido; que se puede atacar y conquistar. (neutro) (2) el guerrear / el hacer la guerra / el combatir. Véase el original.	(1) that is to be / can be fought; that can be attacked and taken. (neuter) (2) warring / making war / fighting. See the original.	မူရင်းကြည့်ပါ rendered literally
134932	yujjhati	(က)စစ်ထိုး-စစ်တိုက်-တိုက်ခိုက်-ခြင်း၏။ (ခ) ထိုးပစ်-ပုတ်ခတ်-၏။ (နံရံနှင့်)တိုက်၏။ ဆောင့်၏။ (ဂ) လက်ပမ်းသတ်-လက်ပမ်းလုံး-လက်ဝှေကသတ်-လက်ဝှေကထိုး-လက်သီးထိုး-၏။ (ဃ) ဝှေ့-ခွေ့-ခတ်-၏။ (င) (အစွယ်ဖြင့်)ထိုး၏။ (စ) (ကြက်)ခွပ်၏။ (ဆ) စကားစစ်ထိုး-ငြင်းခုံ-၏။ မူရင်းကြည့်ပါ။	(a) guerrea / hace la guerra / combate. (b) arremete / golpea; choca (contra una pared); da empellones. (c) lucha cuerpo a cuerpo / forcejea / boxea / pelea a puñetazos / da puñetazos. (d) topa / cornea / golpea. (e) hiere (con el colmillo). (f) pelea (el gallo). (g) disputa de palabra / discute. Véase el original.	(a) wars / makes war / fights. (b) thrusts / strikes; collides (with a wall); jolts. (c) wrestles / grapples / boxes / fights with fists / punches. (d) butts / gores / strikes. (e) gores (with the tusk). (f) fights (of a cock). (g) wars with words / disputes. See the original.	(a) printed ...တိုက်ခိုက်-ခြင်း၏, read as a verb; မူရင်းကြည့်ပါ rendered literally
134934	yujjhana	(၁) စစ်ထိုး-စစ်တိုက်-တိုက်ခိုက်-သော၊ သူ။ (န) (၂) စစ်ထိုး-စစ်တိုက်-ထိုးပစ်-ပုတ်ခတ်-တိုက်ခိုက်-ခြင်း။ (၃) စစ်ထိုး-စစ်တိုက်-ထိုးပစ်-ပုတ်ခတ်-တိုက်ခိုက်-ဝှေ့-ခွေ့-ခတ်-ရာ (ဌာန၊ ကာလ)။ မူရင်းကြည့်ပါ။	(1) que guerrea / hace la guerra / combate (dicho de una persona). (neutro) (2) el guerrear / hacer la guerra / arremeter / golpear / combatir. (3) donde o cuando se guerrea / hace la guerra / arremete / golpea / combate / topa / cornea / golpea (*ṭhāna*, *kāla*). Véase el original.	(1) warring / making war / fighting (said of a person). (neuter) (2) warring / making war / thrusting / striking / fighting. (3) where or when one wars / makes war / thrusts / strikes / fights / butts / gores / strikes (*ṭhāna*, *kāla*). See the original.	မူရင်းကြည့်ပါ rendered literally
134937	yujjhanakiriyā	စစ်ထိုး-စစ်တိုက်-တိုက်ခိုက်-ခြင်းကိရိယာ။	la *kiriyā* del guerrear / hacer la guerra / combatir.	the *kiriyā* of warring / making war / fighting.	ကိရိယာ here is the action (grammatical kiriyā)
134940	yujjanākāra	စစ်ထိုး-စစ်တိုက်-ဝှေ့-ခွေ့-သော အခြင်းအရာ,အမူအရာ။	el modo, la actitud de quien guerrea / hace la guerra / topa / cornea.	the manner, the bearing of warring / making war / butting / goring.	headword yujjanā- for yujjhanā- as printed
134941	yujjhanta	(၁) စစ်ထိုး-စစ်တိုက်-တိုက်ခိုက်-သော၊သူ။ (၂)ထိုးပစ်-ပုတ်ခတ်-သော၊ သူ။ (၃) လက်ပမ်းသတ်-လက်ပမ်းလုံး-လက်ဝှေကသတ်-လက်ဝှေကထို-လက်သီးထိုး-သော၊ သူ။ မူရင်းကြည့်ပါ။	(1) que guerrea / hace la guerra / combate (dicho de una persona). (2) que arremete / golpea (dicho de una persona). (3) que lucha cuerpo a cuerpo / forcejea / boxea / pelea a puñetazos / da puñetazos (dicho de una persona). Véase el original.	(1) warring / making war / fighting (said of a person). (2) thrusting / striking (said of a person). (3) wrestling / grappling / boxing / fighting with fists / punching (said of a person). See the original.	လက်ဝှေကထို read as လက်ဝှေ့ထိုး; မူရင်းကြည့်ပါ rendered literally
134945	yujjhasoṇḍa	(၁)စစ်ထိုး-စစ်တိုက်-တိုက်ခိုက်-ခြင်းဖြင့် မာန်မူသော၊ စစ်မာန်တက်သော။ (၂) စစ်ထိုး-စစ်တိုက်-တိုက်ခိုက်-ခြင်း၌-လိမ္မာ-သင်ကြားတတ်မြောက်ပြီး-သော။ (၃)စစ်ထိုး-စစ်တိုက်-တိုက်ခိုက်-ခြင်းကြူးသော။ မူရင်းကြည့်ပါ။	(1) que se enorgullece de guerrear / hacer la guerra / combatir; envalentonado para la guerra. (2) diestro / instruido y consumado en guerrear / hacer la guerra / combatir. (3) dado a guerrear / hacer la guerra / combatir. Véase el original.	(1) proud of warring / making war / fighting; puffed up for war. (2) skilled / trained and accomplished in warring / making war / fighting. (3) given to warring / making war / fighting. See the original.	မူရင်းကြည့်ပါ rendered literally
134948	yujjhāpetuṁ	(၁)စစ်ထိုး-စစ်တိုက်-စေခြင်း ငှါ။ (၂) စကားစစ်ထိုး-ငြင်းခုံ-စေခြင်းငှါ။ မူရင်းကြည့်ပါ။	(1) para hacer guerrear / hacer la guerra. (2) para hacer disputar de palabra / discutir. Véase el original.	(1) in order to cause to war / make war. (2) in order to cause to war with words / dispute. See the original.	မူရင်းကြည့်ပါ rendered literally
134971	yuñjati	(၁) (က)အားထုတ်-လွန်စွာ-အားထုတ်-လုံ့လပြု-၏ (ခ) လွန်စွာ-အားထုတ်-လုံ့လပြု-၍နေ၏။ (၂)ယှဉ်၏။ (၃) က-ယှဉ်က-၏။ (၄) စေ-စေခိုင်း-၏။ (၅) တိုက်တွန်း-နှုိးဆော်-လှုံ့ဆော်-၏။ (၆) ရ-ရအောင်အားထုတ်-၏။ (တောင်း၏။ ဗုဓ်၊ သျ)။ (၇)ကျင့်၏။ (၈) ဖွဲ့၏။ ချပ်ဝတ်တန်ဆာ-ဖြင့်ဖွဲ-ဆင်-၏။ မူရင်းကြည့်ပါ။	(1) (a) se esfuerza / se esfuerza mucho / pone empeño. (b) está esforzándose mucho / poniendo empeño. (2) se une. (3) unce / engancha. (4) manda / ordena. (5) insta / incita / estimula. (6) obtiene / se esfuerza por obtener. (pide.) (7) practica. (8) ata; ata / adorna con armadura y arreos. Véase el original.	(1) (a) strives / strives greatly / makes effort. (b) keeps striving greatly / making effort. (2) joins. (3) harnesses / yokes. (4) commands / orders. (5) urges / incites / stirs up. (6) obtains / strives to obtain. (asks for.) (7) practises. (8) binds; binds / arrays with armour and trappings. See the original.	source tags (ဗုဓ်၊ သျ) dropped; ဖွဲ read as ဖွဲ့; မူရင်းကြည့်ပါ rendered literally
134973	yuñjana	(၁)အားထုတ်-လုံ့လပြု-ခြင်း။ (၂) အားထုတ်-လုံ့လပြု-တတ်သော (ဝီရိယ)။ (၃) အားထုတ်-လုံ့လပြု-ရာ (အချိန်အခါ)။ (၄) ယှဉ်ခြင်း။ မူရင်းကြည့်ပါ။	(1) el esforzarse / poner empeño. (2) (el *vīriya*) que suele esforzarse / poner empeño. (3) (el tiempo) en que se esfuerza / pone empeño. (4) el unirse. Véase el original.	(1) striving / making effort. (2) (the *vīriya*) apt to strive / make effort. (3) (the time) at which one strives / makes effort. (4) joining. See the original.	မူရင်းကြည့်ပါ rendered literally
134974	yuñjanakāla	အားထုတ်-လုံ့လပြု-ရာ-ခြင်း၏-အချိန်,အခါ။	el tiempo, el momento en que se esfuerza / pone empeño / del esforzarse.	the time, the occasion at which one strives / makes effort / of striving.	-ရာ-ခြင်း၏- read as alternatives (at which / of)
134976	yuñjanta	အားထုတ်-လုံ့လပြု-သည်၏အဖြစ်။	el hecho de esforzarse / poner empeño.	the state of striving / making effort.	label တိ (participle) but the definition is a state noun, as printed
134977	yuñjanti	အားထုတ်-လုံ့လပြု-ကျင့်-သော၊ သူ။	que se esfuerza / pone empeño / practica (dicho de una persona).	striving / making effort / practising (said of a person).	verb headword (3rd plural) glossed as a participle, as printed
134983	yuñjitabba	(၁)ယှဉ်အပ်သော။ (၂)က-ယှဉ်က-အပ်သော။ (န) (၃)ယှဉ်ခြင်း။ မူရင်းကြည့်ပါ။	(1) que ha de ser unido. (2) que ha de ser uncido / enganchado. (neutro) (3) el unirse. Véase el original.	(1) to be joined. (2) to be harnessed / yoked. (neuter) (3) joining. See the original.	မူရင်းကြည့်ပါ rendered literally
134985	yuñjitvā	(၁)အားထုတ်-လုံ့လပြု-၍-ခြင်းကြောင့်။ (၂) (က) က-ယှဉ်က-၍။ မူရင်းကြည့်ပါ။	(1) habiéndose esforzado / puesto empeño / por el hecho de esforzarse. (2) (a) habiendo uncido / enganchado. Véase el original.	(1) having striven / made effort / because of striving. (2) (a) having harnessed / yoked. See the original.	(၂) has (က) with no (ခ); မူရင်းကြည့်ပါ rendered literally
134989	yuta	(၁) ယှဉ်သော၊ ပြည့်စုံသော၊ သူ။ (၂) အားထုတ်-အလွန်အားထုတ်-လုံ့လပြု-အလွန်လုံ့လပြု-သော၊သူ။ မူရင်းကြည့်ပါ။	(1) unido; dotado (dicho de una persona). (2) que se esfuerza / se esfuerza mucho / pone empeño / pone mucho empeño (dicho de una persona). Véase el original.	(1) joined; endowed (said of a person). (2) striving / striving greatly / making effort / making great effort (said of a person). See the original.	မူရင်းကြည့်ပါ rendered literally
134991	yutta	ယှသ်စေအပ်သော။	hecho unirse.	caused to be joined.	ယှသ် read as ယှဉ်
134992	yuttaājaññayāna	က,အပ်သော အာဇာနည်မြင်းယာဉ်,ရထား၊ အာဇာနည်မြင်းက,သော ယာဉ်,ရထား။	vehículo, carro de caballos de pura raza uncidos; vehículo, carro al que se uncen caballos de pura raza.	vehicle, chariot of harnessed thoroughbred horses; vehicle, chariot to which thoroughbred horses are harnessed.	အာဇာနည် (ājānīya) translated 'thoroughbred'
134993	yuttaājānīya	က-ကော့-ကောက်-အပ်သော အာဇာနည်မြင်း။	caballo de pura raza uncido / enganchado / aparejado.	thoroughbred horse harnessed / hitched / yoked.	က-ကော့-ကောက် read as three verbs of harnessing; exact nuances unclear
134994	yuttaka	(၁) သင့်-သင့်လျော်-လျောက်ပတ်-သော။ (၂) စပ်-ယှဉ်-သော။ (၃) (ရထား၌) တပ်-က-ကော့-ကောက်-အပ်သော၊ (မြင်း)။ မူရင်းကြည့်ပါ။	(1) conveniente / apropiado / adecuado. (2) conectado / unido. (3) sujeto / uncido / enganchado / aparejado (al carro); (caballo). Véase el original.	(1) fitting / suitable / appropriate. (2) connected / joined. (3) fixed / harnessed / hitched / yoked (to a chariot); (a horse). See the original.	မူရင်းကြည့်ပါ rendered literally
134995	yuttakatha	(၁)သင့်လျော်-လျောက်ပတ်-သော စကားရှိသော၊သူ။ (ထီ)(၂)သင့်လျော်-လျောက်ပတ်-သော စကား။ မူရင်းကြည့်ပါ။	(1) que tiene palabras apropiadas / adecuadas (dicho de una persona). (femenino) (2) palabras apropiadas / adecuadas. Véase el original.	(1) having suitable / appropriate speech (said of a person). (feminine) (2) suitable / appropriate speech. See the original.	မူရင်းကြည့်ပါ rendered literally
135000	yuttakāla	သင့်တင့်-သင့်တော်-သင့်လျော်-လျောက်ပတ်-သော-ရာ-အခါ-ကာလ။	el momento / tiempo que es, o en que es, decoroso / conveniente / apropiado / adecuado.	the occasion / time that is, or at which it is, seemly / fitting / suitable / appropriate.	-သော-ရာ- read as alternatives (that is / at which)
135002	yuttagamana	သင့်လျော်သော ပါဠိသွားရှိသော (ယှဉ်ထိုက်သော)တိတ်။	que tiene una marcha del texto pāḷi apropiada (que merece unirse) ‹တိတ်›.	having a suitable run of the Pāḷi text (worthy to be joined) ‹တိတ်›.	garbled: ပါဠိသွား ('course of the Pāḷi', or 'Pāḷi reading') and the final (ယှဉ်ထိုက်သော)တိတ် unclear; perhaps 'gait' (gamana) meant
135006	yuttajana	သင့်လျောက်-လျောက်ပတ်-သည်ကို ယူခြင်း။	el tomar lo conveniente / adecuado.	taking what is suitable / appropriate.	definition repeats yuttaggahaṇa and does not fit yuttajana ('suitable person'); သင့်လျောက် read as သင့်လျော်
135012	yuttataranaya	အထူးသဖြင့်-ပို၍-သာ၍-င့-သင့်တင့်-သင့်လျော်-လျောက်ပတ်-သောနည်း။	el método especialmente / más / aún más conveniente / decoroso / apropiado / adecuado.	the method that is especially / more / still more fitting / seemly / suitable / appropriate.	င့ read as သင့်
135014	yuttattha	(၁) ယှဉ်သောအနက်ရှိသော (၂) သင့်-သင့်လျော်-လျောက်ပတ်-သောအနက်ရှိသော။ မူရင်းကြည့်ပါ။	(1) que tiene un significado conexo. (2) que tiene un significado conveniente / apropiado / adecuado. Véase el original.	(1) having a connected meaning. (2) having a fitting / suitable / appropriate meaning. See the original.	မူရင်းကြည့်ပါ rendered literally
135020	yuttapaṭibhāna	(၁) (အကျိုးအကြောင်းနှင့်) စပ်သော ပဋိတာန်-ဉာဏ်-ပညာ-အား ထင်လာသည့်စကားရှိသော၊သူ။ (၂) (အကျိုးအကြောင်းနှင့်)စပ်သော-ပဋိဘာန်-ဉာဏ်-ညာ-ရှိသော၊ သူ။ မူရင်းကြည့်ပါ။	(1) que tiene palabras que se presentan al *paṭibhāna* / conocimiento / *paññā* ligado (a causa y efecto) (dicho de una persona). (2) que tiene *paṭibhāna* / conocimiento / *paññā* ligado (a causa y efecto) (dicho de una persona). Véase el original.	(1) having words that present themselves to the *paṭibhāna* / knowledge / *paññā* connected (with cause and effect) (said of a person). (2) having *paṭibhāna* / knowledge / *paññā* connected (with cause and effect) (said of a person). See the original.	ပဋိတာန် read as ပဋိဘာန်, ညာ as ပညာ; မူရင်းကြည့်ပါ rendered literally
135021	yuttappaṭibhāna	(၁) (အကျိုးအကြောင်းနှင့်) စပ်သော ပဋိတာန်-ဉာဏ်-ပညာ-အား ထင်လာသည့်စကားရှိသော၊သူ။ (၂) (အကျိုးအကြောင်းနှင့်)စပ်သော-ပဋိဘာန်-ဉာဏ်-ညာ-ရှိသော၊ သူ။ မူရင်းကြည့်ပါ။	(1) que tiene palabras que se presentan al *paṭibhāna* / conocimiento / *paññā* ligado (a causa y efecto) (dicho de una persona). (2) que tiene *paṭibhāna* / conocimiento / *paññā* ligado (a causa y efecto) (dicho de una persona). Véase el original.	(1) having words that present themselves to the *paṭibhāna* / knowledge / *paññā* connected (with cause and effect) (said of a person). (2) having *paṭibhāna* / knowledge / *paññā* connected (with cause and effect) (said of a person). See the original.	ပဋိတာန် read as ပဋိဘာန်, ညာ as ပညာ; မူရင်းကြည့်ပါ rendered literally
135022	yuttapatta	(၁) သင့်လျောက်-လျောက်ပတ်-သော၊ သင့်တင့်လျောက်ပတ်သော။ (၂) (က)သင့်လျော်လျောက်ပတ်ရာ၊ သင့်တင့် လျောက်ပတ်ရာ။ (ခ)(တရားစကားအား) သင့်လျော်သော ဝေနေယျ သတ္တဝါ တို့အား-သင့်တင့်-သင့်လျော်-လျောက်ပတ်-သော (အချိန်,အခါ,ကာလ)။	(1) apropiado / adecuado; decoroso y adecuado. (2) (a) donde es apropiado y adecuado; donde es decoroso y adecuado. (b) (el tiempo, momento, ocasión) decoroso / apropiado / adecuado para los seres *veneyya* aptos (para el discurso de la Enseñanza).	(1) suitable / appropriate; seemly and appropriate. (2) (a) where it is suitable and appropriate; where it is seemly and appropriate. (b) (the time, occasion, moment) seemly / suitable / appropriate for the *veneyya* beings fit (for the discourse of the Teaching).	သင့်လျောက် read as သင့်လျော်
135023	yuttappatta	(၁) သင့်လျောက်-လျောက်ပတ်-သော၊ သင့်တင့်လျောက်ပတ်သော။ (၂) (က)သင့်လျော်လျောက်ပတ်ရာ၊ သင့်တင့် လျောက်ပတ်ရာ။ (ခ)(တရားစကားအား) သင့်လျော်သော ဝေနေယျ သတ္တဝါ တို့အား-သင့်တင့်-သင့်လျော်-လျောက်ပတ်-သော (အချိန်,အခါ,ကာလ)။	(1) apropiado / adecuado; decoroso y adecuado. (2) (a) donde es apropiado y adecuado; donde es decoroso y adecuado. (b) (el tiempo, momento, ocasión) decoroso / apropiado / adecuado para los seres *veneyya* aptos (para el discurso de la Enseñanza).	(1) suitable / appropriate; seemly and appropriate. (2) (a) where it is suitable and appropriate; where it is seemly and appropriate. (b) (the time, occasion, moment) seemly / suitable / appropriate for the *veneyya* beings fit (for the discourse of the Teaching).	သင့်လျောက် read as သင့်လျော်
135024	yuttapattakāraṇa	သင့်လျောက်-လျောက်ပတ်-သော အကြောင်းရှိသော။	que tiene una razón apropiada / adecuada.	having a suitable / appropriate reason.	သင့်လျောက် read as သင့်လျော်
135025	yuttappattakāraṇa	သင့်လျောက်-လျောက်ပတ်-သော အကြောင်းရှိသော။	que tiene una razón apropiada / adecuada.	having a suitable / appropriate reason.	သင့်လျောက် read as သင့်လျော်
135028	yuttapattakāla	(၁)သင့်လျော်-လျောက်ပတ်-သော- ရာ-အချိန်-အခါ-ကာလ။ (၂) (တရားစကားအား) သင့်လျော်သော ဝေနေယျသတ္တဝါတို့အား-သင့်လျော်-လျောက်ပတ်-သော-အချိန်-အခါ-ကာလ။ မူရင်းကြည့်ပါ။	(1) el tiempo / momento / ocasión que es, o en que es, apropiado / adecuado. (2) el tiempo / momento / ocasión apropiado / adecuado para los seres *veneyya* aptos (para el discurso de la Enseñanza). Véase el original.	(1) the time / moment / occasion that is, or at which it is, suitable / appropriate. (2) the time / moment / occasion suitable / appropriate for the *veneyya* beings fit (for the discourse of the Teaching). See the original.	-သော-ရာ- read as alternatives; မူရင်းကြည့်ပါ rendered literally
135029	yuttappattakāla	(၁)သင့်လျော်-လျောက်ပတ်-သော- ရာ-အချိန်-အခါ-ကာလ။ (၂) (တရားစကားအား) သင့်လျော်သော ဝေနေယျသတ္တဝါတို့အား-သင့်လျော်-လျောက်ပတ်-သော-အချိန်-အခါ-ကာလ။ မူရင်းကြည့်ပါ။	(1) el tiempo / momento / ocasión que es, o en que es, apropiado / adecuado. (2) el tiempo / momento / ocasión apropiado / adecuado para los seres *veneyya* aptos (para el discurso de la Enseñanza). Véase el original.	(1) the time / moment / occasion that is, or at which it is, suitable / appropriate. (2) the time / moment / occasion suitable / appropriate for the *veneyya* beings fit (for the discourse of the Teaching). See the original.	-သော-ရာ- read as alternatives; မူရင်းကြည့်ပါ rendered literally
135032	yuttapada	ယှဉ်ဘက်ဖြစ်သောပုဒ်။	la palabra que es el término correlativo.	the word that is the correlative member.	ယှဉ်ဘက် 'the associated side' read as the correlative term: tentative
135037	yuttapayutta	(၁) အလွန်-ကောင်းစွာ ကြိုးစား-အားထုတ်-လုံ့လပြု-သော။ (၂) အကြိမ်ကြိမ်-အဖန်ဖန်-ကြိုးစား-အားထုတ်-လုံ့လပြု-သော၊ (ရှေကလုံ့လနောက်လုံ့လစပ်၍ မပြတ်အားထုတ်သော၊ ကောင်းသောလုံ့လဖြင့် ဉာဏဘာဝနာကို မပြတ်အားထုတ်သော)။	(1) que se empeña / se esfuerza / pone empeño muchísimo / bien. (2) que se empeña / se esfuerza / pone empeño una y otra vez / repetidamente; (que se esfuerza sin interrupción uniendo el esfuerzo anterior con el posterior; que se esfuerza sin interrupción en la *ñāṇabhāvanā* con buen esfuerzo).	(1) exceedingly / well endeavouring / striving / making effort. (2) again and again / repeatedly endeavouring / striving / making effort; (striving without break, joining the former effort to the later; striving without break at *ñāṇabhāvanā* with good effort).	ရှေက read as ရှေ့က
135038	yuttappayutta	(၁) အလွန်-ကောင်းစွာ ကြိုးစား-အားထုတ်-လုံ့လပြု-သော။ (၂) အကြိမ်ကြိမ်-အဖန်ဖန်-ကြိုးစား-အားထုတ်-လုံ့လပြု-သော၊ (ရှေကလုံ့လနောက်လုံ့လစပ်၍ မပြတ်အားထုတ်သော၊ ကောင်းသောလုံ့လဖြင့် ဉာဏဘာဝနာကို မပြတ်အားထုတ်သော)။	(1) que se empeña / se esfuerza / pone empeño muchísimo / bien. (2) que se empeña / se esfuerza / pone empeño una y otra vez / repetidamente; (que se esfuerza sin interrupción uniendo el esfuerzo anterior con el posterior; que se esfuerza sin interrupción en la *ñāṇabhāvanā* con buen esfuerzo).	(1) exceedingly / well endeavouring / striving / making effort. (2) again and again / repeatedly endeavouring / striving / making effort; (striving without break, joining the former effort to the later; striving without break at *ñāṇabhāvanā* with good effort).	ရှေက read as ရှေ့က
135046	yuttabalibadda	(ယန္တရားစက်၌)ယှဉ်-တပ်-က-ကော့-ကောက်-အပ်သောနွားလား၊ (ဥဿဘ)။	buey unido / sujeto / uncido / enganchado / aparejado (a la máquina), (*ussabha*).	ox joined / fixed / harnessed / hitched / yoked (to the machine), (*ussabha*).	ယန္တရားစက် 'machine' (a mill or press)
135047	yuttamaddava	သင့်လျော်-လျောက်ပတ်-သော နူးညံ့မှု၏ အဖြစ်၊ သင့်လျောက်-လျောက်ပတ်-သော နူးညံ့ခြင်း။	el hecho de la suavidad apropiada / adecuada; la suavidad apropiada / adecuada.	the state of suitable / appropriate softness; suitable / appropriate softness.	သင့်လျောက် read as သင့်လျော်
135049	yuttamaraṇa	(အနည်းယပူသော ကိုယ်ငွေ့နှင့်) ယှဉ်သော သေခြင်းရှိသော၊ သူ။ (သေပြီးခါစပုဂ္ဂိုလ်)	que tiene una muerte unida (a un poco de calor corporal) (dicho de una persona). (persona recién muerta)	having a death joined (with a little bodily warmth) (said of a person). (a person just dead)	အနည်းယပူသော read as အနည်းငယ်ပူသော 'slightly warm'
135050	yuttamuttapaṭibhāna	(၁)(က) အကျိုးအကြောင်းနျင့်စပ်- (သင့်လျော်လျောက်ပတ်)-လွတ်လွတ်ကျွတ်ကျွတ်-ဖြစ်သော- ပဋိဘာန်-ဉာစ်ပညာ-ရှိသော၊ အသင့်လွတ်လွတ်ဆိုနိုင်သော ပညာရှိ သော၊သူ။	(1) (a) que tiene *paṭibhāna* / conocimiento y *paññā* ligado a causa y efecto / (apropiado y adecuado) / libre y desenvuelto; que tiene *paññā* capaz de hablar con prontitud y soltura (dicho de una persona).	(1) (a) having *paṭibhāna* / knowledge and *paññā* that is connected with cause and effect / (suitable and appropriate) / free and unhindered; having *paññā* able to speak readily and freely (said of a person).	only (၁)(က) printed, perhaps truncated; နျင့် read as နှင့်, ဉာစ် as ဉာဏ်
135051	yuttamuttappaṭibhāna	(၁)(က) အကျိုးအကြောင်းနျင့်စပ်- (သင့်လျော်လျောက်ပတ်)-လွတ်လွတ်ကျွတ်ကျွတ်-ဖြစ်သော- ပဋိဘာန်-ဉာစ်ပညာ-ရှိသော၊ အသင့်လွတ်လွတ်ဆိုနိုင်သော ပညာရှိ သော၊သူ။	(1) (a) que tiene *paṭibhāna* / conocimiento y *paññā* ligado a causa y efecto / (apropiado y adecuado) / libre y desenvuelto; que tiene *paññā* capaz de hablar con prontitud y soltura (dicho de una persona).	(1) (a) having *paṭibhāna* / knowledge and *paññā* that is connected with cause and effect / (suitable and appropriate) / free and unhindered; having *paññā* able to speak readily and freely (said of a person).	only (၁)(က) printed, perhaps truncated; နျင့် read as နှင့်, ဉာစ် as ဉာဏ်
135063	yuttavācābhāsana	သင့်လျောက်-လျောက်ပတ်- သောစကားကို ပြောဆိုခြင်း။	el decir palabras apropiadas / adecuadas.	speaking suitable / appropriate words.	သင့်လျောက် read as သင့်လျော်
135065	yuttavāda	သင့်လျော်-လျောက်ပတ်-သောအယူဝါဒ။ ယုတ္တဝါဒံဝဒါမ။ မဟာနိ၊ ဋ္ဌ။	doctrina apropiada / adecuada. *yuttavādaṁvadāma*.	suitable / appropriate doctrine. *yuttavādaṁvadāma*.	citation (မဟာနိ၊ ဋ္ဌ) dropped
135066	yuttavādī	သင့်လျောက်-လျောက်ပတ်- သောစကားကို ပြောဆိုလေ့ရှိသော၊ သူ။	que suele decir palabras apropiadas / adecuadas (dicho de una persona).	in the habit of speaking suitable / appropriate words (said of a person).	သင့်လျောက် read as သင့်လျော်
135067	yuttavāha	ယှသ်ကပ်-က-ကော့-ကောက်-အပ်သော ဆင်ယာဉ်၊ မြင်းယာဉ်ရှိသော၊ ဆင်ယာဉ်မြင်းယာဉ်ကသော။	que tiene vehículos de elefantes y vehículos de caballos ajustados / uncidos / enganchados / aparejados; que lleva uncidos vehículos de elefantes y de caballos.	having elephant vehicles and horse vehicles fitted / harnessed / hitched / yoked; with elephant and horse vehicles harnessed.	ယှသ်ကပ် read as ယှဉ်ကပ်
135068	yuttasakuṇa	(အတောင်တို့နှင့်)ယှသ်သောငှက်၊ (အတောင်)ရှိသော ငှက်။	ave unida (a sus alas); ave que tiene (alas).	bird joined (with its wings); bird that has (wings).	ယှသ် read as ယှဉ်
135069	yuttasaññā	(ရဟန်းတရား၌)ယှသ်သောအမှတ်သညာ။	la percepción (*saññā*) unida (a la práctica del monje).	the perception (*saññā*) joined (with the monk's practice).	ယှသ် read as ယှဉ်; ရဟန်းတရား (samaṇadhamma) rendered 'the monk's practice'
135073	yuttasevaka	(များစွာသော ပရိသတ်နှင့်) ယှသ်လာ-ဆည်းကပ်လာ-သော၊ သူ။	que viene acompañado / que viene a servir (con un gran séquito) (dicho de una persona).	coming accompanied / coming to attend (with a large retinue) (said of a person).	ယှသ် read as ယှဉ်
135080	yuttāyuttalakkhaṇa	သင့်မသင့်သော လက္ခဏာ။	la característica de lo conveniente y lo inconveniente.	the characteristic of what is fitting and unfitting.	လက္ခဏာ translated 'characteristic'
135086	yuttāyuttivicāraṇa	(ထီ) (၁) သင့်မသင့်ကို-ရွေးချယ်-စိစစ်-စူးစမ်း-ဆင်ခြင်-ကြောင်း (သံဝဏ္ဏနာ)။ (ထီ၊ န) (၂) သင့်မသင့်ကို-ရွေးချယ်-စိစစ်-စူးစမ်း-ဆင်ခြင်-ခြင်း။ (ထီ)	(femenino) (1) (la *saṁvaṇṇanā*) que es el medio de escoger / examinar / indagar / reflexionar sobre lo conveniente y lo inconveniente. (femenino, neutro) (2) el escoger / examinar / indagar / reflexionar sobre lo conveniente y lo inconveniente. (femenino)	(feminine) (1) (the *saṁvaṇṇanā*) that is the means of selecting / scrutinising / investigating / reflecting on what is fitting and unfitting. (feminine, neuter) (2) selecting / scrutinising / investigating / reflecting on what is fitting and unfitting. (feminine)	trailing (ထီ) with nothing after it
135087	yuttāyuttivicāraṇalakkhaṇa	သင့်မသင့်ကို-ရွေးချယ်-စိစစ်-စူးစမ်း-ဆင်ခြင်-ခြင်းလက္ခဏာရှိသော။	que tiene la característica de escoger / examinar / indagar / reflexionar sobre lo conveniente y lo inconveniente.	having the characteristic of selecting / scrutinising / investigating / reflecting on what is fitting and unfitting.	လက္ခဏာ translated 'characteristic'
135089	yutti	(၁) အသင့်ယုတ္တိ၊ သင့်လျော် သောသဘော။ (၂)အကြောင်းယုတ္တိ၊ အကြောင်းဥပါယ်။ (၃) ယှဉ်ခြင်း။ (၄)နည်း၊ နည်းလမ်း၊ နည်းနာ၊ စနစ်။ (၅) ဈေးရုံ။ (၆) တရားတွေ့ခြင်း။ (၇)ယှသ်စေ-ခန့်-ထည့်သွင်း-အပ်ရာ(နေ့)။ မူရင်းကြည့်ပါ။	(1) la razón conveniente; la naturaleza apropiada. (2) la razón causal; la causa y el medio. (3) el unirse. (4) método; manera; procedimiento; sistema. (5) nave del mercado. (6) el encontrarse en litigio. (7) (el día) en que se hace unir / se nombra / se inscribe. Véase el original.	(1) fitting reason; the suitable nature. (2) causal reason; cause and means. (3) joining. (4) method; way; procedure; system. (5) market hall. (6) meeting in litigation. (7) (the day) on which one is caused to join / appointed / enrolled. See the original.	(၆) တရားတွေ့ခြင်း read as 'confronting at law'; could be 'finding the Dhamma'; ယှသ် read as ယှဉ်; မူရင်းကြည့်ပါ rendered literally
135090	yutti	ယုတ္တိတာရ၊ သင့်,မသင့်ကို စိစစ်ကြောင်း ဖြစ်သော-ဟာရ-သံဝဏ္ဏာအထူး။	*yuttihāra*; el *hāra* / la *saṁvaṇṇanā* especial que es el medio de examinar lo conveniente y lo inconveniente.	*yuttihāra*; the *hāra* / special *saṁvaṇṇanā* that is the means of examining what is fitting and unfitting.	ယုတ္တိတာရ read as ယုတ္တိဟာရ, သံဝဏ္ဏာ as သံဝဏ္ဏနာ
135093	yuttikata	(ကြေးသံစသည်ဖြင့်) ရောနှောအပ်သော ရွေ၊ အထည်ပျက်ရွှေ၊ ယုတ္တိကရွှေ၊ စပ်ရွှေ။	oro mezclado (con cobre y demás); oro de piezas deshechas; oro *yuttika*; oro aleado.	gold mixed (with copper and so on); gold from broken pieces; *yuttika* gold; alloyed gold.	ရွေ read as ရွှေ
135094	yuttikahāpaṇa	မင်းခစားတို့၏အရေအတွက်၌-ယှသ်စေ-ခန့်-ထည့်သွင်း-အပ်ရာနေ့ (အလုပ်ခန့်အပ်သောနေ့)၌ ရအပ်သော -အသပြာ-ငွေ-ပိုက်ဆံ-ဒင်္ဂါး။	el *kahāpaṇa* / la plata / el dinero / la moneda que se recibe el día en que se une / nombra / inscribe en el número de los servidores del rey (el día en que se nombra para el trabajo).	the *kahāpaṇa* / silver / money / coin received on the day one is joined / appointed / enrolled in the number of the king's servants (the day one is appointed to the work).	ယှသ် read as ယှဉ်; အသပြာ rendered ⟦=kahāpaṇa⟧
135101	yuttipakkha	ယုတ္တိ-သဘာဝ-ယုတ္တိ-အသင့်ယုတ္တိ- ၏-အဖို့-အစု-အပင်း-အသင်း။	la parte / el conjunto / el grupo / la asociación de la razón / la razón natural / la razón conveniente.	the portion / set / group / association of reason / natural reason / fitting reason.	ယုတ္တိ-သဘာဝ-ယုတ္တိ read as ယုတ္တိ / သဘာဝယုတ္တိ; အပင်း unclear (read as 'group'); stray space before ၏
135104	yuttippadhāna	ပြဓာန်းသော-အကြောင်းယုတ္တိ- အကြောင်းဥပါယ်၊ ပဓာန-အကြောင်းယုတ္တိ-အကြောင်းဥပါယ်။	la razón causal / el medio causal principal; la razón causal / el medio causal *padhāna*.	the principal causal reason / causal means; the *padhāna* causal reason / causal means.	ပြဓာန်း read as ပဓာန်း 'principal'
135126	yuttihārayojanā	(၁)ယုတ္တိဟာရကို ယှဉ်ခြင်း။ (၂) ယုတ္တိဖြင့် အလုံးစုံသော ဟာရတို့ကို ယှဉ်ခြင်း။	(1) el conectar el *yuttihāra*. (2) el conectar todos los *hāra* mediante la razón.	(1) connecting the *yuttihāra*. (2) connecting all the *hāra* by means of reason.	ယုတ္တိဖြင့် could be the Netti term yutti rather than 'reason'
135130	yuddha	(၁) ရိုက်နှက်-ပစ်ခတ်-ထိုး-ဝှေ့-သတ်ဖြတ်-တတ်သော- သူ။ (၂) ရိုက်နှက်-ပစ်ခတ်-ထိုး-ဝှေ့-သတ်ဖြတ်အပ်သော၊ သူ။ (၃) စစ်ထိုးခြင်း၊ ရိုက်နှက်-ပစ်ခတ်-ထိုး-ဝှေ့-သတ်ဖြတ်-ခြင်း (တိုက်ခိုက်မှုအမျိုးမျိုး)။ (န) (၄) စစ်ထိုး-စစ်တိုက်-ရာ-အရပ်၊ တိုက်ခိုက်မှု အမျိုးမျိုးကို ပြုလုပ်ရာအရပ်၊ စစ်မြေ ပြင်။ (၅) စစ်ထိုး-စစ်တိုက်-သော ဝတ္ထု။ မူရင်းကြည့်ပါ။	(1) que suele golpear / disparar / herir / topar / matar (dicho de una persona). (2) golpeado / disparado / herido / topado / matado (dicho de una persona). (3) el guerrear; el golpear / disparar / herir / topar / matar (combates de toda clase). (neutro) (4) el lugar donde se guerrea / hace la guerra; el lugar donde se libran combates de toda clase; el campo de batalla. (5) el asunto que guerrea / hace la guerra. Véase el original.	(1) apt to beat / shoot / stab / butt / kill (said of a person). (2) beaten / shot / stabbed / butted / killed (said of a person). (3) warring; beating / shooting / stabbing / butting / killing (fighting of every kind). (neuter) (4) the place where one wars / makes war; the place where fighting of every kind is done; the battlefield. (5) the matter that wars / makes war. See the original.	(၅) ဝတ္ထု unclear (thing, or story); မူရင်းကြည့်ပါ rendered literally
135135	yuddhakusala	စစ်ထိုး-စစ်တိုက်-ခြင်း၌-လိမ္မာ-ကျွမ်းကျင်-သော (စစ်တိုက်ကောင်းသော)။	hábil / experto en guerrear / hacer la guerra (buen guerrero).	skilled / expert in warring / making war (a good fighter).	kusala here 'skilled', not sano
135139	yuddhaṭṭhāna	စစ်ထိုး-စစ်တိုက်-လက်ဝှေကထိုးသတ်-ရာအရပ်။	el lugar donde se guerrea / se hace la guerra / se combate a puñetazos.	the place where one wages war / makes war / fights with the fists.	လက်ဝှေက read as လက်ဝှေ့ (boxing)
135140	yuddhattha	(၁)စစ်ထိုး-စစ်တိုက်-ခြင်း-ဖြင့်-ကို-အလိုရှိသော။ (ပု) (၂) စစ်ထိုး-စစ်တိုက်-ခြင်းအကျိုး။	(1) que desea, por / de, el guerrear / hacer la guerra. (masculino) (2) el beneficio de guerrear / hacer la guerra.	(1) desiring, by / for, waging / making war. (masculine) (2) the benefit of waging / making war.	-ဖြင့်-ကို- are alternative case particles; (2) အကျိုး could be 'result' or 'benefit/purpose'
135141	yuddhatthika	စစ်ထိုး-စစ်တိုက်-ခြင်း-ဖြင့်-ကို-အလိုရှိ သော စစ်ထိုး-စစ်တိုက်-လိုသော။	que desea, por / de, el guerrear / hacer la guerra; que quiere guerrear / hacer la guerra.	desiring, by / for, waging / making war; wanting to wage / make war.	-ဖြင့်-ကို- are alternative case particles
135146	yuddhabhūmi	(က) စစ်ထိုး-စစ်တိုက်-ရာ အရပ်၊စစ်မြေပြင်၊ စစ် တလင်း။ (ခ)လက်ဝှေ့ထိုး-လက်ဝှေကသတ်-ရာအရပ်၊ လက်ဝှေကပွဲ။	(a) el lugar donde se guerrea / se hace la guerra; el campo de batalla; la liza de la guerra. (b) el lugar donde se boxea / se combate a puñetazos; el combate de boxeo.	(a) the place where one wages war / makes war; the battlefield; the arena of war. (b) the place where one boxes / fights with the fists; the boxing match.	လက်ဝှေက read as လက်ဝှေ့ (boxing)
135149	yuddhamukha	စစ်ဦး၊ရှုေတန်းစစ်မျက်နှာ။	la vanguardia; el frente de batalla de primera línea.	the vanguard; the front-line battle front.	ရှုေတန်း read as ရှေ့တန်း (front line)
135152	yuddhasajja	စီရင်အပ်သော-စစ်ထိုး-စစ်တိုက်-ခြင်း။	el guerrear / hacer la guerra que ha sido dispuesto.	waging / making war that has been arranged.	hyphen after စီရင်အပ်သော unclear; adjective label but noun gloss (perhaps 'ready for battle')
135158	yuddhābhinandī	စစ်ထိုးခြင်း- ကို-၌ အလိုရှိ-နျစ်သက်-သော၊ စစ်ထိုးလိုလားသော။	que desea / se deleita en el guerrear; aficionado a la guerra.	desiring / delighting in warring; fond of war.	-ကို-၌ are alternative case particles, rendered by one preposition
135163	yudhañcayajātaka	ယုဓဉ္စယဇာတ်၊ ယုဓဉ္စယ မင်းသား၏အကြောင်းအရာကိုပြကြောင်ဖြစ်သည့်-စကား-ဇာတ်။	el *jātaka* *yudhañcaya*; el relato / *jātaka* que muestra la historia del príncipe *yudhañcaya*.	the *yudhañcaya* *jātaka*; the story / *jātaka* that shows the account of prince *yudhañcaya*.	ပြကြောင် read as ပြကြောင်း
135164	yudhañjaya	(ဘုရားလောင်း)ယုဓဉ္စယမင်းသား။	(el *bodhisatta*) el príncipe *yudhañcaya*.	(the *bodhisatta*) prince *yudhañcaya*.	headword yudhañjaya, gloss spells the name ယုဓဉ္စယ (-ñc-)
135166	yudhiṭṭhila	(၁) (သဗ္ဗဒတ္တ၏သား) ယုဓိဋ္ဌိလမင်းသား။ (၂) ယုဓိဋ္ဌိလအနွယ်ဖြစ်သော ကောရဗျ မင်း။ (၃) (ကဏှာ၏လင်ငါးယောက်တွင် တစ်ယောက်အပါအဝင် ဖြစ်သော) ယုဓိဋ္ဌိလမင်း။ (၄) ဓမ္မနတ်၏ သားဖြစ်သော ယုဓိဋ္ဌိလမင်းသား။ မူရင်းကြည့်ပါ။	(1) (hijo de *sabbadatta*) el príncipe *yudhiṭṭhila*. (2) el rey *korabya*, del linaje *yudhiṭṭhila*. (3) (uno de los cinco maridos de *kaṇhā*) el rey *yudhiṭṭhila*. (4) el príncipe *yudhiṭṭhila*, hijo del *deva* *dhamma*. Véase el original.	(1) (son of *sabbadatta*) prince *yudhiṭṭhila*. (2) the *korabya* king, of the *yudhiṭṭhila* lineage. (3) (one of the five husbands of *kaṇhā*) king *yudhiṭṭhila*. (4) prince *yudhiṭṭhila*, son of the *deva* *dhamma*. See the original.	'see the original' rendered literally
135172	yuva	(၁) ပျိုမျစ်နုနယ်-ငယ်ရွယ်-သူ။ ကလေးငယ်။ (၂) (က) လုလင်ပျို၊ လူပျို။ (ခ) ပဌမအရွယ်၌တည်သူ၊ အရွယ်ရောက်၍ အားအစွမ်းနှင့် ပြည့်စုံသူ။ (ပဌမအရွယ်၌တည်သောသူဟူသည် ၁၆-နျစ်မှ ၂၀-နှစ်ရှိသူ)။ မူရင်းကြည့်ပါ။	(1) persona joven y tierna / de corta edad. Niño pequeño. (2) (a) el mozo soltero; el soltero. (b) quien se halla en la primera edad; quien, llegado a la edad, está dotado de fuerza y vigor. (Quien se halla en la primera edad es quien tiene de 16 a 20 años). Véase el original.	(1) one who is young and tender / of tender age. A small child. (2) (a) young bachelor; bachelor. (b) one in the first stage of life; one who, having come of age, is endowed with strength and vigour. (One in the first stage of life is one aged from 16 to 20 years). See the original.	'see the original' rendered literally
135174	yuvaṇṇa	ဣဝန်,ဥဝဏ်။	*ivaṇṇa*, *uvaṇṇa*.	*ivaṇṇa*, *uvaṇṇa*.	ဣဝန် read as ဣဝဏ် (i-vaṇṇa); the grammatical vowel classes i and u
135180	yuvarāja	အိမ်ရှေကမင်း၊ ထီးနန်းလျာ၊ ထီးနန်းကို ဆက်ခံမည့်မင်းသား (ဥပရာဇာ)။	el príncipe heredero; el destinado al trono; el príncipe que sucederá en el trono (*uparājā*).	the crown prince; the one destined for the throne; the prince who will succeed to the throne (*uparājā*).	အိမ်ရှေက read as အိမ်ရှေ့
135181	yuvarājachattapaṭṭi	အိမ်ရှေ့ မင်းသား၏ အသုံးအဆောင်ဖြစ်သော ထီးဖြူတော် မင်္ဂလာ။	la ceremonia auspiciosa del parasol blanco real, que es insignia del príncipe heredero.	the auspicious ceremony of the royal white parasol, which is an insignia of the crown prince.	မင်္ဂလာ here read as the auspicious ceremony; could be 'the auspicious royal white parasol'
135183	yuvarājapaṭṭabandha	အိမ်ရှေ့မင်းသား၏ နဖူးသင်းကျစ် ပြားကို (နဖူး၌) ဖွဲ့ဆင်ခြင်းမင်္ဂဠာ။	la ceremonia auspiciosa de ceñir (en la frente) la placa trenzada de la frente del príncipe heredero.	the auspicious ceremony of binding (on the forehead) the crown prince's braided forehead plate.	နဖူးသင်းကျစ်ပြား (a frontlet / diadem band) rendered literally; မင်္ဂဠာ read as မင်္ဂလာ
135185	yuvāvatthā	ပျိုမျစ်သော-အခိုက်အတန့်-အရွယ်။	el período / la edad de juventud.	the youthful period / age.	chain ပျိုမျစ်သော-အခိုက်အတန့်-အရွယ် rendered 'youthful period / age'
135187	yūkā	သန်း (ကြောင်,ခွေး,ကြွက် စသည် တို့၏ ကိုယ်၌ရှိသော ကြောင်လှေး,ကြောင်သန်း၊ ခွေးလှေး,ခွေးသန်း၊ ကြွက် လှေး,ကြွက်သန်းစသည်)။	piojo (los que hay en el cuerpo del gato, el perro, la rata y demás: pulga de gato, piojo de gato; pulga de perro, piojo de perro; pulga de rata, piojo de rata y demás).	louse (those on the body of cats, dogs, rats and so on: cat flea, cat louse; dog flea, dog louse; rat flea, rat louse and so on).	လှေး read as 'flea' (tentative)
135189	yūthacara	အပေါင်း-အစေ့-အုပ်- လှည့်လည်သွားလာသော။	que anda / deambula en conjunto / grupo / manada.	going / wandering about in a collection / group / herd.	အစေ့ read as အစု (group)
135190	yūthajeṭṭha	ဆင်မင်း(ဆင်တို့၏-ရှေကဆောင်-အကြီး အကဲ-အရှင်သခင်)။	el rey de los elefantes (el guía / el mayor / el señor de los elefantes).	the king of the elephants (the leader / elder / lord of the elephants).	ရှေကဆောင် read as ရှေ့ဆောင်; the label is adjective
135193	yūthapati	(၁) ဆင်မင်း (ဆင်တို့၏-ရှေကဆောင်-အကြီးအကဲ-အရှင်သခင်)။ (၂)နွားမင်း (နွားတို့၏-ရှေ့ဆောင်-အကြီးအကဲ-အရှင်သခင်)။ (၃) မျောက်မင်း (မျောက်တို့၏-ရှေကဆောင်-အကြီးအကဲ-အရှင်သခင်)။ (၄) သမင်မင်း (သမင်တို့၏-ရှေကဆောင်-အကြီးအကဲ-အရှင်သခင်)။	(1) el rey de los elefantes (el guía / el mayor / el señor de los elefantes). (2) el rey de los bueyes (el guía / el mayor / el señor de los bueyes). (3) el rey de los monos (el guía / el mayor / el señor de los monos). (4) el rey de los ciervos (el guía / el mayor / el señor de los ciervos).	(1) the king of the elephants (the leader / elder / lord of the elephants). (2) the king of the cattle (the leader / elder / lord of the cattle). (3) the king of the monkeys (the leader / elder / lord of the monkeys). (4) the king of the deer (the leader / elder / lord of the deer).	ရှေကဆောင် read as ရှေ့ဆောင်
135199	yūthika	ဇွန်,စပယ်ပန်းကိုလှူသောထေရ်။	el *thera* que ofrece flores de ‹ဇွန်› o ‹စပယ်›.	the *thera* who offers ‹ဇွန်› or ‹စပယ်› flowers.	ဇွန်, စပယ် are two kinds of jasmine (စပယ် probably Jasminum sambac; tentative)
135200	yūthikapupphiya	ဇွန်,စပယ်ပန်းကို လှူသော၊ သူ။	que ofrece flores de ‹ဇွန်› o ‹စပယ်› (dicho de una persona).	who offers ‹ဇွန်› or ‹စပယ်› flowers (said of a person).	ဇွန်, စပယ် are two kinds of jasmine (tentative); label ကြိ (verb) does not fit the gloss
135201	yūthikā	ဇွန်-စပယ်-ပင်၊ ဇွန်-စပယ်-ပန်း။	la planta ‹ဇွန်› / ‹စပယ်›; la flor ‹ဇွန်› / ‹စပယ်›.	the ‹ဇွန်› / ‹စပယ်› plant; the ‹ဇွန်› / ‹စပယ်› flower.	ဇွန်, စပယ် are two kinds of jasmine (tentative)
135202	yūthikāpuppha	ဇွန်-စပယ်-ပန်း။	la flor ‹ဇွန်› / ‹စပယ်›.	the ‹ဇွန်› / ‹စပယ်› flower.	ဇွန်, စပယ် are two kinds of jasmine (tentative)
135204	yūpa	(၁)ယဇ်တိုင်၊ ယဇ်ပူဇော်ရန် သားငှက် တို့ကို ဖွဲ့ချည်ထားရာတိုင်။ (၂) ပြာသာဒ်။ (၃) ယဇ်တိုင်နှင့်တူသော၊ သူ။ (လောကသုံးပါး၌ ထင်ရှားကျော်ကြားသော၊ သူ)။ မူရင်းကြည့်ပါ။	(1) el poste sacrificial; el poste donde se atan animales y aves para ofrecerlos en sacrificio. (2) el palacio. (3) semejante al poste sacrificial (dicho de una persona). (Famoso / renombrado en los tres mundos (dicho de una persona)). Véase el original.	(1) the sacrificial post; the post to which beasts and birds are tied to be offered in sacrifice. (2) the palace. (3) like a sacrificial post (said of a person). (Famous / renowned in the three worlds (said of a person)). See the original.	ပြာသာဒ် (pāsāda, a spired palace) rendered 'palace'; 'see the original' rendered literally
135205	yūpattha	ယဇ်တိုင်ဟူသော-အကျိုး-အစီးအပွါး-အကျိုးစီးပွါး။	el beneficio / provecho / bienestar que es el poste sacrificial.	the benefit / advantage / welfare that is the sacrificial post.	odd gloss for yūpattha (perhaps 'for the purpose of the post'); rendered literally
135208	yūsa	(၁) အရည်၊ သနံရည်၊ အနာမှ ထွက်သောအရည်။ (၂) ပဲပြုတ်ရည်။ (၃) စွတ်ပြုတ်၊ ဆန်ပြုတ်။ (၄) သွေး။ (၅) ခြင်ဆီ၊ အဆီ။ မူရင်းကြည့်ပါ။	(1) líquido; ‹သနံရည်›; el líquido que sale de una llaga. (2) caldo de legumbres cocidas. (3) sopa; gachas de arroz. (4) sangre. (5) médula; grasa. Véase el original.	(1) liquid; ‹သနံရည်›; the fluid that comes out of a sore. (2) broth of boiled pulses. (3) soup; rice gruel. (4) blood. (5) marrow; fat. See the original.	‹သနံရည်› unclear (a serum or discharge?); 'see the original' rendered literally
135212	yūsamakkhita	(သနံရည်)အညစ်အကြေး-အရိအရွဲ-တို့ဖြင့် လိမ်းကျံအပ်သော။	untado de (‹သနံရည်›) suciedad / inmundicia.	smeared with (‹သနံရည်›) dirt / filth.	‹သနံရည်› unclear (a serum or discharge?)
135215	yenakāmaṁgama	(၁)အလိုရှိရာအရပ်မျက်နှာသို့ သွားနိုင်သော။ (၂) အလိုအတိုင်း-အလိုရှိသလို-သွားနိုင်သော။ မူရင်းကြည့်ပါ။	(1) capaz de ir hacia la dirección que desea. (2) capaz de ir según su deseo / como desea. Véase el original.	(1) able to go in the direction one wishes. (2) able to go according to one's wish / as one wishes. See the original.	'see the original' rendered literally
135216	yenavātenavā	အမှတ်မထား-ဟူးဟူး ငြားငြား-တစ်ပါးပါး-သောအရပ်ဖြင့်။	por un lugar no determinado / sea cual sea / uno u otro.	by an unspecified / whatever it may be / some one or other place.	ဟူးဟူးငြားငြား read as ဟုတ်ဟုတ်ညားညား, 'whatever it may be' (tentative, as earlier rows)
135217	yenicchaka	(၁)အကြင်အကြင်-အလိုရှိအပ်-အလိုရှိတိုင်း-သော လမ်းခရီး။ (၂) အကြင်အကြင်-အလိုရှိအပ်-အလိုရှိတိုင်း-သောလမ်းခရီး။ မူရင်းကြည့်ပါ။	(1) el camino cualquiera / deseado / que se desee. (2) el camino cualquiera / deseado / que se desee. Véase el original.	(1) whatever road / the road wished for / whichever road one wishes. (2) whatever road / the road wished for / whichever road one wishes. See the original.	senses 1 and 2 identical in the print; 'see the original' rendered literally
135225	yebhuyyanaya	ယေဘုယျနည်း၊ ဌာနီဖြင့် ဌာနကိုမှတ်၍ အများကိုဆိုသဖြင့် အနည်းကိုလည်းရသောနည်း။ မူရင်းကြည့်ပါ။	el método general; el método por el cual, señalando el *ṭhāna* mediante el *ṭhānī* y diciendo lo más, se obtiene también lo menos. Véase el original.	the general method; the method by which, marking the *ṭhāna* by the *ṭhānī* and stating the greater part, one obtains the lesser as well. See the original.	grammatical terms ဌာနီ / ဌာန kept; sense of the method unclear; 'see the original' rendered literally
135233	yebhuyyasikakamma	ယေဘုယျသိကကံ၊ ယေဘုယျသိကဝိနည်းကံ၊ ဓမ္မဝါဒီပုဂ္ဂိုလ်များရာသို့လိုက်၍ ပြုအပ်သော-ကံ-ဝိနည်းကံ။	el *yebhuyyasikakamma*; el *kamma* del *vinaya* *yebhuyyasika*; el *kamma* / el *kamma* del *vinaya* realizado siguiendo el lado donde las personas *dhammavādī* son mayoría.	the *yebhuyyasikakamma*; the *yebhuyyasika* *vinaya* *kamma*; the *kamma* / *vinaya* *kamma* performed by following the side where the *dhammavādī* persons are the majority.	kamma here the Saṅgha's formal act (Vinaya): settlement by majority vote
135234	yebhuyyasikākamma	ယေဘုယျသိကကံ၊ ယေဘုယျသိကဝိနည်းကံ၊ ဓမ္မဝါဒီပုဂ္ဂိုလ်များရာသို့လိုက်၍ ပြုအပ်သော-ကံ-ဝိနည်းကံ။	el *yebhuyyasikakamma*; el *kamma* del *vinaya* *yebhuyyasika*; el *kamma* / el *kamma* del *vinaya* realizado siguiendo el lado donde las personas *dhammavādī* son mayoría.	the *yebhuyyasikakamma*; the *yebhuyyasika* *vinaya* *kamma*; the *kamma* / *vinaya* *kamma* performed by following the side where the *dhammavādī* persons are the majority.	kamma here the Saṅgha's formal act (Vinaya): settlement by majority vote
135235	yebhuyyasikā	ယေဘုယျသိကာ သမထ၊ ယေဘုယျသိကဝိနည်းကံကို ပြုခြင်း။ (က) ဓမ္မဝါဒီပုဂ္ဂိုလ်တို့- များကြောင်း-များအောင်ပြုကြောင်း-ဖြစ်သော-စာရေးတံ-မဲဆန္ဒ-ကိုယူစေခြင်း (အမူအရာ) ကြိယာ။ (ခ) ဓမ္မဝါဒီပုဂ္ဂိုလ်တို့၏ များသည်၏ အဖြစ်ကို-ပြီး-ပြည့်စုံစေတတ် သော-စာရေးတံ-မဲဆန္ဒ-ကိုယူစေခြင်း (အမူအရာ) ကြိယာ။ (ဂ)ဓမ္မဝါဒီ ပုဂ္ဂိုလ်တို့၏ များသည်၏အဖြစ်ကို-မှီ-မှီ၍ဖြစ်- သော (ဝါဝိဒါဓိကရုဏ်းကို) ငြိမ်းအေးစေခြင်း (အမူအရာ) ကြိယာ။ (ယင်းယေဘုယျ သိကာသမထသည် အဓိကရုဏ်းလေးပါးကို ငြိမ်းအေးစေနိုင်သော သမထ (၇) ပါးတို့တွင် တစ်ပါး အပါအဝင်ဖြစ်သည်။ မူရင်းကြည့်ပါ။	el *yebhuyyasikā* *samatha*; el realizar el *kamma* del *vinaya* *yebhuyyasika*. (a) el hacer tomar las tablillas / los votos que son causa de que las personas *dhammavādī* sean mayoría / de hacerlas mayoría (conducta) *kiriya*. (b) el hacer tomar las tablillas / los votos que suelen completar / llevar a término el hecho de que las personas *dhammavādī* sean mayoría (conducta) *kiriya*. (c) el apaciguar (la *vivādādhikaraṇa*) que se produce apoyándose / en dependencia del hecho de que las personas *dhammavādī* sean mayoría (conducta) *kiriya*. (Este *yebhuyyasikāsamatha* es uno de los siete *samatha* que pueden apaciguar las cuatro *adhikaraṇa*. Véase el original.	the *yebhuyyasikā* *samatha*; performing the *yebhuyyasika* *vinaya* *kamma*. (a) the causing to take the tickets / votes that are the cause of the *dhammavādī* persons being the majority / of making them the majority (conduct) *kiriya*. (b) the causing to take the tickets / votes that bring to completion / fulfil the state of the *dhammavādī* persons being the majority (conduct) *kiriya*. (c) the settling (of the *vivādādhikaraṇa*) that arises relying on / in dependence on the state of the *dhammavādī* persons being the majority (conduct) *kiriya*. (This *yebhuyyasikāsamatha* is one of the seven *samatha* that can settle the four *adhikaraṇa*. See the original.	kamma here the Saṅgha's formal act; samatha = adhikaraṇasamatha (settlement of disputes); ဝါဝိဒါဓိကရုဏ်း read as ဝိဝါဒါဓိကရုဏ်း; closing bracket missing in print; 'see the original' rendered literally
135236	yebhuyyasikāsadda	ယေဘုယျသိကာ+ သဒ္ဒါ။	*yebhuyyasikā* + la palabra.	*yebhuyyasikā* + word.	'+' printed: the word ⟦ယေဘုယျသိကာ⟧ plus သဒ္ဒ
135237	yebhuyyena	(က)များသောအားဖြင့်။ (ခ) များစွာမပြတ်။	(a) en su mayor parte. (b) mucho, sin interrupción.	(a) for the most part. (b) much, without interruption.	label ဗျ (indeclinable) not in the brief's table
135242	yebhuyyenaparicchanna	များသောအားဖြင့် ကာရံအပ်ပြီး-ကာရံပြီး အစိတ်အပိုင်းများ-သော	que tiene en su mayor parte muchas partes cercadas / ya cercadas.	having for the most part many parts enclosed / already enclosed.	no final ။ in print
135244	yebhuyyenamarumba	များသောအားဖြင့် ကျောက်ပြုတ်ရှိသော။	que tiene en su mayor parte ‹ကျောက်ပြုတ်› (¿grava?).	having for the most part ‹ကျောက်ပြုတ်› (gravel?).	mineral name left in Burmese; 'gravel' tentative, as earlier rows
135247	yevāpanaka	ယောဝါပနဟူသောပုဒ်ဖြင့် ဟောအပ်-ယေဝါပနဟူ၍ ဟောခြင်းရှိ-သောတရား။	el estado enseñado con la palabra *yovāpana* / que tiene el ser enseñado como *yevāpana*.	the state taught by the word *yovāpana* / that has being taught as *yevāpana*.	ယောဝါပန probably a misprint for ယေဝါပန; copied as printed
135248	yevāpanakaṭṭhāna	ယောဝါပနကအရာ၊ ယေဝါပနက သဘော။	la cosa *yovāpanaka*; la naturaleza *yevāpanaka*.	the *yovāpanaka* thing; the *yevāpanaka* nature.	ယောဝါပနက probably a misprint for ယေဝါပနက; copied as printed
135249	yevāpanakadhamma	ယေဝါပနကတရား၊ ယေဝါပယ-ဟူသောပုဒ်ဖြင့်-ဟောအပ်-ယေဝါပနဟူ၍ ဟောခြင်းရှိ-သောတရား။	el estado *yevāpanaka*; el estado enseñado con la palabra *yevāpaya* / que tiene el ser enseñado como *yevāpana*.	the *yevāpanaka* state; the state taught by the word *yevāpaya* / that has being taught as *yevāpana*.	ယေဝါပယ probably a misprint for ယေဝါပန; copied as printed
135250	yevāpanakavinicchaya	ယေဝါပနကာလ၌ လာသော (အဓိမောက္ခဟူသော) ဆုံးဖြတ်ခြင်း။	la decisión (llamada *adhimokkha*) que aparece en el *yevāpanakāla*.	the deciding (called *adhimokkha*) that comes in the *yevāpanakāla*.	ယေဝါပနကာလ probably for ယေဝါပနက ('among the yevāpanaka'); copied as printed
135251	yevāpanakasikkhāpada	ယေဝါပနက သိက္ခာပုဒ်	el *sikkhāpada* *yevāpanaka*.	the *yevāpanaka* *sikkhāpada*.	no final ။ in print
135253	yevāpanasadda	ယေဝါဂနသဒ္ဒါ။ ပဒန္တရဘာဝဒဿနတ္ထော ဟိယေဝါပန-သဒ္ဒေါ။	la palabra *yevāgana*. *padantarabhāvadassanattho hiyevāpana-saddo*.	the word *yevāgana*. *padantarabhāvadassanattho hiyevāpana-saddo*.	ယေဝါဂန probably a misprint for ယေဝါပန; quoted Pāḷi copied as printed
135254	yoga	(၁) ဝဋ်ဆင်းရဲ၌ သတ္တဝါတို့ကို -ယှဉ်စေ-တုပ်နှောင်ဖွဲ့ချည်-တတ်သော တရား။ ယောဂတရား။ (၂) ယှသ်တတ သော၊ သူ။ (၃) ယှဉ်စေတတ်သော၊ သူ။ (၄) သင့်-လော်-လျောက်ပတ်-သော။ (၅) ကြိုးစား-အားထုတ်-လုံ့လပြု-သော။ (၆) ကြိုးစား-အားထုတ်-လုံ့လပြု-အပ်-သင့်-သော။ (၇) ယှဉ်-စပ်-အပ်သော။ (၈) ဆေးစီရင်-ဆေးဝါးဖော်စပ်-ထားအပ်သော။ (၉) (က) (၃၈-ပါးသော ကမ္မဋ္ဌာန်းအာရုံတို့၌) ယှဉ်ခြင်း၊ နှလုံး သွင်းခြင်း။ (ခ)(ကမ္မဋ္ဌာန်းဘာဝနာကို) အားထုတ်-အလွန်အားထုတ်-အကြိမ်ကြိမ် အဖန်ဖန် အားထုတ်-ခြင်း။ (ဂ) ယှဉ်-စပ်-ခြင်း။ (၁၀) ဖော်စပ်အပ်သော ဆေးဝါး။ (၁၁) အားထုတ်အပ်သော ကမ္မဋ္ဌာန်းဘာဝနာ။ (၁၂) အကြောင်းယုတ္တိ။ အကြောင်းဥပါယ်။ (၁၃) အသင့် ယုတ္တိ၊ (၁၄) နည်း၊ နည်းလမ်း။ (၁၅) အနှောင်အဖွဲ့၊ အလိုနိုင်ငံ။ (၁၆) ဈာန်။ (၁၇) (လူနတ်တို့၌ ဖြစ်သော) အသက်နှင့်အာရုံ ၅-ပါး ကာမဂုဏ် တရား။ (၁၈) ဉာဏ်ပညာ။ (၁၉) ဉာဏ်ဝီရိယ။ (၂၀) ဂါထာ,မန္တာန် (ဝိဇ္ဇာ) ကို-မန်း-မှုန်-စုပ်-စိပ်-ခြင်း စသော -လုံ့လပယောဂ-အစီအရင်။ (၂၁) အချိန် အခါ၊ သမယ။ (၂၂) သံယောဇဉ်။ (၂၃) ဘေးအန္တရာယ်။ (၂၄) ကံ,ကြမ္မာ,အမှု။ (၂၅) (အိမ်ကျောင်းတို့၏) အမိုး။ (၂၆) ယောဂခော် အဘိဓမ္မာ ကျမ်း။ (၂၇) (သဒ္ဒါကျမ်းလာ) သုတ်၊ သဒ္ဒါသုတ်။ (၂၈) သဒ္ဒါကျမ်းလာယောဂ ၃-ပါး။ (၂၉) ယောဂသုတ်။ မူရင်းကြည့်ပါ။	(1) el estado que suele uncir / atar y ligar a los seres al sufrimiento del *vaṭṭa*. El estado *yoga*. (2) que suele estar unido (dicho de una persona). (3) que suele unir (dicho de una persona). (4) adecuado / conveniente / apropiado. (5) que se esfuerza / se aplica / pone empeño. (6) en que se ha de / conviene esforzarse / aplicarse / poner empeño. (7) unido / combinado. (8) preparado como remedio / compuesto como medicamento. (9) (a) (en los 38 objetos de *kammaṭṭhāna*) el unirse; el fijar la mente. (b) (en la *kammaṭṭhānabhāvanā*) el esforzarse / esforzarse sobremanera / esforzarse una y otra vez. (c) el unir / combinar. (10) el medicamento compuesto. (11) la *kammaṭṭhānabhāvanā* en que uno se esfuerza. (12) la causa razonable. La causa y el medio. (13) lo apropiado y razonable; (14) el método; el procedimiento. (15) la atadura; el dominio del deseo. (16) *jhāna*. (17) (que se da en los seres humanos y los *deva*) la vida y los cinco objetos, los estados *kāmaguṇa*. (18) el conocimiento y la *paññā*. (19) el conocimiento y el *vīriya*. (20) el empeño (*payoga*) / el procedimiento de recitar / soplar / sorber / pasar las cuentas sobre estrofas y *manta* (*vijjā*), y demás. (21) el tiempo, la ocasión; *samaya*. (22) *saṁyojana*. (23) el peligro y el riesgo. (24) *kamma*, el destino, la acción. (25) (de casas y monasterios) el techo. (26) el tratado de *abhidhamma* llamado *yoga*. (27) (en los tratados de gramática) el *sutta*; el *sutta* de gramática. (28) los tres *yoga* de los tratados de gramática. (29) el *yogasutta*. Véase el original.	(1) the state that yokes / binds and ties beings to the suffering of the *vaṭṭa*. The *yoga* state. (2) apt to be joined (said of a person). (3) apt to join (said of a person). (4) fitting / proper / suitable. (5) striving / exerting oneself / making effort. (6) in which one should / ought to strive / exert oneself / make effort. (7) joined / combined. (8) prepared as a remedy / compounded as a medicine. (9) (a) (in the 38 objects of *kammaṭṭhāna*) joining; applying the mind. (b) (in the *kammaṭṭhānabhāvanā*) striving / striving exceedingly / striving again and again. (c) joining / combining. (10) compounded medicine. (11) the *kammaṭṭhānabhāvanā* at which one strives. (12) a reasonable cause. Cause and means. (13) what is fitting and reasonable; (14) method; procedure. (15) bond; the dominion of desire. (16) *jhāna*. (17) (arising in human beings and *deva*s) life and the five objects, the *kāmaguṇa* states. (18) knowledge and *paññā*. (19) knowledge and *vīriya*. (20) the effort (*payoga*) / procedure of reciting / blowing / sucking / telling beads over verses and *manta* (*vijjā*), and so on. (21) time, occasion; *samaya*. (22) *saṁyojana*. (23) danger and peril. (24) *kamma*, fate, deed. (25) (of houses and monasteries) the roof. (26) the *abhidhamma* treatise called *yoga*. (27) (in grammatical treatises) the *sutta*; the grammatical *sutta*. (28) the three *yoga* of the grammatical treatises. (29) the *yogasutta*. See the original.	(2) ယှသ်တတ read as ယှဉ်တတ်; (15) အလိုနိုင်ငံ 'dominion of desire' tentative; (17) sense unclear; (20) မှုန် read as မှုတ် 'blow'; (27) sutta = grammatical rule; 'see the original' rendered literally
135255	yogakamma	ကမ္မဋ္ဌာန်း-စီးဖြန်းမှု-အားထုတ်မှု။	el ejercitarse / el esforzarse en el *kammaṭṭhāna*.	practising / striving at *kammaṭṭhāna*.	chain ကမ္မဋ္ဌာန်း-စီးဖြန်းမှု-အားထုတ်မှု read as kammaṭṭhāna + two alternative verbal nouns
135259	yogakkhama	(၁) အား ထုတ်ခြင်းငှါ-စွမ်းနိုင်-သင့်လျော်-လျောက်ပတ်-သော။ (၂)ယှဉ်ခြင်းငှါ-ခံ့-သင့်လျော်-လျောက်ပတ်-သော။ မူရင်းကြည့်ပါ။	(1) capaz / adecuado / apropiado para esforzarse. (2) capaz de soportar / adecuado / apropiado para unirse. Véase el original.	(1) able / suitable / fit for striving. (2) able to bear / suitable / fit for being joined. See the original.	'see the original' rendered literally
135260	yogakkhema	(၁) ယောဂလေးပါးတို့ဖြင့်-ဘေး-ကုန်-ကင်း-ငြိမ်း-မရှိ--ရာဖြစ်သော၊ ယောဂလေးပါးတို့၏ ကုန်ရာဖြစ်သော၊ ယောဂလေးပါးတို့သည် မနှိပ်စက်အပ် သော၊ ယောဂလေးပါးတို့နှင့် မယှဉ်သော။ (က) အရဟတ္တဖိုလ်,နိဗ္ဗာန်။ (ခ) နိဗ္ဗာန်။ (ဂ) အရဟတ္တဖိုလ်။ (ဃ) စီးပွါးချမ်းသာ။ (၂) ယောဂလေးပါးတို့-မှ-ဖြင့်-ဘေး၏-ကုန်-ငြိမ်း-ခြင်း၊ ယောဂလေးပါး တို့၏ကင်း- ပျောက်-ချုပ်-ငြိမ်း-ခြင်း။ (၃) ကာယစိတ္တသုခ= ကိုယ်၏ချမ်းသာခြင်းစိတ်၏ ချမ်းသာခြင်း။ (၄) အန္တရာယ်မရှိခြင်း,ဘေးရန်မရှိခြင်း။	(1) en que, por los cuatro *yoga*, el peligro se ha agotado / está ausente / se ha apaciguado / no existe; que es donde se agotan los cuatro *yoga*; que no es oprimido por los cuatro *yoga*; no unido a los cuatro *yoga*. (a) el *arahattaphala*, *nibbāna*. (b) *nibbāna*. (c) el *arahattaphala*. (d) la prosperidad y la felicidad. (2) el agotarse / apaciguarse del peligro de / por los cuatro *yoga*; el estar libre / desaparecer / cesar / apaciguarse de los cuatro *yoga*. (3) *kāyacittasukha* = la felicidad del cuerpo, la felicidad de la mente. (4) la ausencia de peligros, la ausencia de peligros y enemigos.	(1) in which, through the four *yoga*, danger is exhausted / absent / appeased / non-existent; that is where the four *yoga* are exhausted; not oppressed by the four *yoga*; not joined to the four *yoga*. (a) the *arahattaphala*, *nibbāna*. (b) *nibbāna*. (c) the *arahattaphala*. (d) prosperity and happiness. (2) the exhaustion / appeasing of danger from / through the four *yoga*; being free from / the disappearance / cessation / appeasing of the four *yoga*. (3) *kāyacittasukha* = happiness of body, happiness of mind. (4) absence of dangers, absence of dangers and enemies.	chain ဘေး-ကုန်-ကင်း-ငြိမ်း-မရှိ read as 'danger exhausted / absent / appeased / non-existent'
135266	yogakkhemipariyāya	ယောဂလေးပါးတို့ဖြင့် ဘေး၏-ကုန်-ကင်း-ငြိမ်း-မရှိ-ရာ နိဗ္ဗာန်သို့ရှေးရှု။ ။	de cara a *nibbāna*, donde, por los cuatro *yoga*, el peligro se ha agotado / está ausente / se ha apaciguado / no existe.	facing towards *nibbāna*, where, through the four *yoga*, danger is exhausted / absent / appeased / non-existent.	headword repeated in next row with a different gloss; this gloss repeats yogakkhemābhimukha
135267	yogakkhemipariyāya	ယောဂလေးပါးတို့ဖြင့် ဘေး၏-ကုန်-ကင်း-ငြိမ်း-မရှိ-သော သူ၏အကြောင်းဖြစ်သော (တရား ဒေသနာ)	(el discurso de la Enseñanza) que trata de quien está libre del peligro por los cuatro *yoga*, en quien el peligro se ha agotado / está ausente / se ha apaciguado / no existe.	(the discourse of the Teaching) that is an account of one in whom, through the four *yoga*, danger is exhausted / absent / appeased / non-existent.	ES slightly expanded ('libre del peligro' duplicated); no final ။ in print
135269	yogakkhemī	(က) ယောဂလေးပါးတို့ဖြင့် ဘေး၏-ကုန်-ကင်း-ငြိမ်း-ခြင်းရှိသော၊ (ခ) ယောဂ လေးပါးတို့နှင့် မယှဉ်-မရှိ-သော၊ (ဂ) ယောဂလေးပါးတို့ဖြင့် ဘေး၏-ကုန်-ကင်း-ငြိမ်း-ရာ နိဗ္ဗာန်-သို့ရောက်-ကိုရ-သော၊ သူ။ မူရင်းကြည့်ပါ။	(a) en quien, por los cuatro *yoga*, hay agotamiento / ausencia / apaciguamiento del peligro; (b) no unido a / sin los cuatro *yoga*; (c) que ha llegado a / ha obtenido *nibbāna*, donde, por los cuatro *yoga*, el peligro se agota / está ausente / se apacigua (dicho de una persona). Véase el original.	(a) having, through the four *yoga*, exhaustion / absence / appeasing of danger; (b) not joined to / without the four *yoga*; (c) that has reached / obtained *nibbāna*, where, through the four *yoga*, danger is exhausted / absent / appeased (said of a person). See the original.	'see the original' rendered literally
135270	yogagocchaka	သဒ္ဒါအနက်အားဖြင့် အချင်းချင်းစပ်သည့်ယောဂဒုက်အစရှိသော ဒုတ်တို့၏-အပေါင်း-အစု၊ ပန်းပြွတ် နှင့် တူသည့် ယောဂဒုတ်အစရှိသော ဒုက်တို့၏-အပေါင်း-အစု၊	el conjunto / grupo de los *duka* que comienzan por el *yogaduka*, relacionados entre sí por el significado de las palabras; el conjunto / grupo de los *duka* que comienzan por el *yogaduka*, semejante a un ramillete de flores;	the collection / group of the *duka* beginning with the *yogaduka*, connected with one another by the meaning of the words; the collection / group of the *duka* beginning with the *yogaduka*, like a cluster of flowers;	ဒုတ် read as ဒုက် (duka); gloss ends with ၊ in print (truncated?)
135272	yogajānanasattha	(နက္ခတ်တို့နှင့်)ယှဉ်ခြင်းကို သိကြေင်းဖြစ်သောကျမ်း။	el tratado que es causa de conocer la conjunción (con las constelaciones).	the treatise that is the means of knowing conjunction (with the constellations).	သိကြေင်း read as သိကြောင်း
135273	yogaññū	အကြောင်းလုလ္လ-အကြောင်းဥပါယ်- ကိုသိသော၊ သူ။	que conoce el esfuerzo como medio / la causa y el medio (dicho de una persona).	who knows the means of effort / cause and means (said of a person).	လုလ္လ read as လုံ့လ (effort)
135274	yoganiya	(က) (အာရုံပြု၍) ယောဂတရားတို့သည် လွန်ကျူးကျော်နင်းပ-ယောဂ လေးပါးတို့၏ အာရုံဖြစ်-သော၊ တရား။ )(ခ) (ဝဋ်၌) ယှဉ်စေခြင်းကိုပြုခြင်း၌ ယှဉ်တတ်သော၊ တရား။ (ဂ) (ဝဋ်၌) ယှဉ်စေခြင်းငှါ-စွမ်းနိုင်-ထိုက်-သော၊ တရား။	(a) (tomándolo como objeto) que los estados *yoga* transgreden y pisotean / que es objeto de los cuatro *yoga* (dicho de un estado). (b) que suele unirse en el hacer unir (al *vaṭṭa*) (dicho de un estado). (c) capaz / digno de hacer unir (al *vaṭṭa*) (dicho de un estado).	(a) (taking it as object) that the *yoga* states transgress and trample on / that is the object of the four *yoga* (said of a state). (b) apt to join in causing to be joined (to the *vaṭṭa*) (said of a state). (c) able / fit to cause to be joined (to the *vaṭṭa*) (said of a state).	…သော၊ တရား rendered '(said of a state)'; stray ')' and ပ- in print
135278	yogabahula	အားထုတ်ခြင်းများသော၊ များသော အား (ထုတ်ခြင်းရှိသော၊ သူ)။	abundante en esfuerzo; (que tiene) mucho esfuerzo (dicho de una persona).	abounding in effort; (having) much effort (said of a person).	label ထီ (feminine) for an adjectival gloss; brackets split the word in print
135284	yogayutta	(၁) (မာရ်၏) အနှောင် အဖွဲ့၌ ယှဉ်သော။ (၂) (မာရ်၏) ကျော့ကွင်းဖြင့် ဖွဲ့ချည်အပ်သော။ (၃) ပွတ်ခုံ ပွတ်ကျည်၌ ပွတ်သော လုလ္လနှင့် ယှဉ်သော။ မူရင်းကြည့်ပါ။	(1) unido a la atadura (de *māra*). (2) atado con el lazo (de *māra*). (3) unido al esfuerzo de tornear en el torno. Véase el original.	(1) joined to the bond (of *māra*). (2) bound with the snare (of *māra*). (3) joined to the effort of turning on the lathe. See the original.	(3) လုလ္လ read as လုံ့လ; ပွတ်ခုံ ပွတ်ကျည် read as a turner's lathe (tentative); 'see the original' rendered literally
135285	yogayoga	လုလ္လအမျိုးမျိုး၊ အကြောင်း ဥပါယ် အမျိုး မျိုး။	esfuerzos de diversas clases; causas y medios de diversas clases.	efforts of various kinds; causes and means of various kinds.	လုလ္လ read as လုံ့လ (effort)
135287	yogavacanattha	ယှဉ်ခြင်းကို ဟောခြင်းအကျိုး။	el beneficio de enseñar el unirse.	the benefit of teaching joining.	အကျိုး here perhaps 'purpose / meaning' (attha)
135289	yogavasa	(၁) ဆေးဝါးစသော ပယောဂ၏-အစွမ်း-သတ္တိ။ (၂) ယှဉ်ခြင်း၏-အစွမ်း-သတ္တိ။ မူရင်းကြည့်ပါ။	(1) el poder / la eficacia del *payoga*, como medicinas y demás. (2) el poder / la eficacia del unirse. Véase el original.	(1) the power / efficacy of the *payoga*, such as medicines and so on. (2) the power / efficacy of joining. See the original.	'see the original' rendered literally
135293	yogavibhāga	(ပါဏိနီ။ ၂၊၃၊၂၂)။ သုတ်ကို-ဝေဖန်-နှစ် ဖြာပြု-ခြင်း၊ သုတ်သီးပြုခြင်း။	el dividir / partir en dos el *sutta*; el hacer un *sutta* separado.	dividing / splitting in two the *sutta*; making a separate *sutta*.	sutta = grammatical rule; citation (Pāṇini 2.3.22) dropped
135295	yogavihita	(က) ဉာဏ်-ပညာ-ဖြင့်-စီရင်- ညွှတ် စေ-ရင့်ကျက်စေ-အပ်သော။ (ခ) အကြောင်းဥပါယ်တံမျဉ်၌ လိမ္မာသော ပညာ ဖြင့်ပြီးစေအပ်သော။	(a) dispuesto / hecho inclinar / hecho madurar por el conocimiento / la *paññā*. (b) llevado a término por la *paññā* hábil en causas, medios y ‹တံမျဉ်›.	(a) arranged / made to incline / made to mature by knowledge / *paññā*. (b) accomplished by *paññā* skilled in causes, means and ‹တံမျဉ်›.	‹တံမျဉ်› unclear (perhaps a misprint)
135306	yogānubhāva	ကမ္မဋ္ဌာန်းစီးဖြန်းခြင်းဖြင့်-ဘာဝနာ-၏-အာနု-ဘော်-အစွမ်းသတ္တိ။	el poder / la fuerza y capacidad de la *bhāvanā*, por la práctica asidua del *kammaṭṭhāna*.	the power / strength and capacity of *bhāvanā*, through the assiduous practice of *kammaṭṭhāna*.	hyphenation garbled (ဖြင့်-ဘာဝနာ-၏-အာနု-ဘော်); read as 'the power (ānubhāva) of bhāvanā through kammaṭṭhāna practice'
135307	yogānuyoga	ဘာဝနကို မပြတ်အားထုတ်ခြင်း။	el esforzarse sin interrupción en la *bhāvana*.	striving uninterruptedly at *bhāvana*.	ဘာဝန copied as printed; probably ဘာဝနာ
135309	yogānurūpa	(၁)ယှဉ်သင့်သည်အားလျော်သော။ (၂) ကမ္မဋ္ဌာန်းစီးဖြန်းခြင်းအားလျော်သော၊ ကမ္မဋ္ဌာန်းစီးဖြန်းခြင်းငှါ သင့်လျော်သော။	(1) conforme a lo que conviene unir. (2) conforme a la práctica asidua del *kammaṭṭhāna*; apropiado para practicar asiduamente el *kammaṭṭhāna*.	(1) suited to what is fit to be joined. (2) suited to the assiduous practice of *kammaṭṭhāna*; fit for practising *kammaṭṭhāna* assiduously.	(1) ယှဉ်သင့်သည်အားလျော်သော read as 'suited to what should be joined'; tentative
135314	yogābhāva	ယှဉ်ခြင်းသို့ မရောက်သည်၏ အဖြစ်၊ ယှဉ်အပ်သောပုဒ်မရှိခြင်း။	el hecho de no llegar a la unión; el no haber palabra que se deba unir.	the state of not arriving at connection; the absence of a word to be connected.	second gloss read in the grammatical sense (yoga as syntactic connection)
135328	yogiṭṭha	ခဲပုပ်-သလွှဲမည်း။	‹ခဲပုပ်› / ‹သလွှဲမည်း›.	‹ခဲပုပ်› / ‹သလွှဲမည်း›.	mineral names left in Burmese: ခဲပုပ် perhaps a kind of lead, သလွှဲမည်း a black metal (tin?); tentative
135330	yoginī	ဂါထာကို-မန်းမှုတ်ခြင်း-စိပ်ခြင်း-အစီအရင်ရှိသော၊ မိန်းမ (နတ်ဘီလူးတို့၏ ကျွန်မ၊ ဇော်ဂိနီမ)။	que tiene la recitación de ensalmos / el rezo con cuentas / el ritual de los *gāthā* (dicho de una mujer) (sierva de los *deva* y los *yakkha*; ‹ဇော်ဂိနီမ›).	possessing the chanting / bead-telling / ritual of *gāthā* (said of a woman) (servant of the *deva* and *yakkha*; ‹ဇော်ဂိနီမ›).	ဇော်ဂိနီမ (Burmese 'yoginī', a sorceress) left in Burmese; နတ်ဘီလူး read as deva and yakkha
135332	yogī	(၁) ယောဂီပုဂ္ဂိုလ်- (ပ) (ကမ္မဋ္ဌာန်းဘာဝနာ၌) အားထုတ်-အလွန်အားထုတ်-တတ်-လေ့ရှိ-သော၊ သူ။ (ခ) ကမ္မဋ္ဌာန်းအားထုတ်ခြင်း၌ ယှဉ်သော၊ သူ။ (ဂ) အရိယာမဂ်ဟု ဆိုအပ်သော ယောဂတရားရှိသော၊ သူ။ (ဃ) စတုတ္ထဈာန်ရပြီး သော၊ သူ။ (၂) ယှဉ်တတ်-ယှဉ်လေ့ရှိ-သော (စေတသိတ်)။ မူရင်းကြည့်ပါ။	(1) persona *yogī*: (a) que suele / acostumbra esforzarse / esforzarse sumamente (en la *bhāvanā* de *kammaṭṭhāna*) (dicho de una persona). (b) asociado con el esfuerzo en el *kammaṭṭhāna* (dicho de una persona). (c) que tiene el estado *yoga* llamado *ariyamagga* (dicho de una persona). (d) que ha obtenido el cuarto *jhāna* (dicho de una persona). (2) que suele unirse / tiene el hábito de unirse (el *cetasika*). Véase el original.	(1) *yogī* person: (a) apt / wont to strive / strive exceedingly (at *kammaṭṭhāna* *bhāvanā*) (said of a person). (b) associated with striving at *kammaṭṭhāna* (said of a person). (c) having the *yoga* state called *ariyamagga* (said of a person). (d) having obtained the fourth *jhāna* (said of a person). (2) apt / wont to be associated (a *cetasika*). See the original.	(ပ) read as (က); 'see the original' rendered literally
135340	yogga	(၁) ထမ်းပိုး၌-ယှသ်စေ အပ်-ကအပ်-သောယာဉ်။ (က)ဆင်။ (ခ) မြင်း။ (ဂ)နွားလား။ (ဃ)မြင်းနွား စသည်။ (၂) ယာဉ်ရထား။ (၃) ဝီရိယ။ မူရင်းကြည့်ပါ။	(1) vehículo que ha de ser uncido al yugo / ‹ကအပ်›: (a) elefante. (b) caballo. (c) buey. (d) caballo, buey y demás. (2) vehículo y carro. (3) *vīriya*. Véase el original.	(1) a vehicle (draught animal) to be yoked to the yoke / ‹ကအပ်›: (a) elephant. (b) horse. (c) ox. (d) horse, ox and so on. (2) vehicle and chariot. (3) *vīriya*. See the original.	ယှသ် read as ယှဉ်; ကအပ် unclear, left in Burmese; 'see the original' rendered literally
135341	yogga	(န)(၁) အလေ့-အကျင့်=လေ့ကျင့်ခြင်း။ (၂) (ထုတ်ဆောင်ခြင်းငှါ) သင့်လျော်-လျောက်ပတ်-သည်၏ အဖြစ်။ (တိ) (၃) သင့်လျော်-လျောက်ပတ်-သော။ မူရင်းကြည့်ပါ။	(neutro) (1) el hábito / la práctica = el ejercitarse. (2) el hecho de ser apropiado / adecuado (para llevar a cabo). (adjetivo) (3) apropiado / adecuado. Véase el original.	(neuter) (1) habit / practice = training. (2) the state of being fitting / suitable (for carrying out). (adjective) (3) fitting / suitable. See the original.	'see the original' rendered literally
135342	yoggakaraṇabhūmibhūta	သင့်လျော်-လျောက်ပတ်-သည်ကို ပြုရာ-မြေ-ဘုံ-ဖြစ်၍ ဖြစ်သော။	que existe siendo el lugar donde se hace lo apropiado / adecuado / el suelo / la *bhūmi*.	existing as the place where what is fitting / suitable is done / the ground / the *bhūmi*.	hyphen chain ပြုရာ-မြေ-ဘုံ read as alternatives for 'ground'
135346	yoggapatha	လုံ့လ-ဝီရိယ-ဟူသော၊ အကြောင်း။	causa, es decir, el esfuerzo / el *vīriya*.	cause, namely effort / *vīriya*.	the ၊ after ဟူသော read as a misprint
135352	yoggācariya	ဆင်ဆရာ၊ မြင်းဆရာ၊ (ထမ်းပိုး၌-ယှသ်စေ အပ်-ကအပ်-သော ဆင်မြင်း စသည်တို့ကို -သင်ပြ-ဆုံးမ-တတ်သော ဆရာ)။	maestro de elefantes; maestro de caballos; (maestro que suele enseñar / adiestrar a los elefantes, caballos y demás, que han de ser uncidos / enganchados al yugo).	elephant trainer; horse trainer; (a teacher apt to teach / train elephants, horses and so on that are to be yoked / harnessed to the yoke).	ယှသ် read as ယှဉ်; ကအပ် read as 'harnessed' (Burmese က 'to hitch up'), tentative (left in Burmese at 135340)
135360	yogyattha	သင့်လျော်-လျောက်ပတ်-ခြင်း-သငည်၏ အဖြစ်-ဟူသော အနက်ရှိသော။	que tiene el significado de el ser apropiado / adecuado / el hecho de serlo.	having the meaning of being fitting / suitable / the state of being so.	သငည် read as သည်
135364	yogyapadesa	သင့်လျော်-လျောက်ပတ်ဝသော-အရပ်။	lugar apropiado / adecuado.	fitting / suitable place.	လျောက်ပတ်ဝသော read as လျောက်ပတ်သော
135367	yogyabhāvadassana	သင့်လျောက်-လျောက်ပတ်- သည်၏အဖြစ်ကို ပြခြင်း။	el mostrar el hecho de ser apropiado / adecuado.	showing the state of being fitting / suitable.	သင့်လျောက် read as သင့်လျော်
135371	yojana	(၁) ၄-ဂါဝုတ် တစ်ယူဇနာခရီး။ (၁၂မိုင် ၅ဖာလုံ ၅၄၀ ပေခရီး။ ၈မိုင် တစ်ယူဇနာဟူ၍လည်း ယူကြ၏၊ ဝီလာဝတီအလို အတောင်-ပေါင်း (၃၂၀၀၀)သုံးသောင်း နျစ်ထောင် ဝေးသော ခရီး)။ (၂) ရထားထမ်းပိုးပမာဏ (၄-တောင်)ကွာဝေးသောခရီး။ (၃) ယှဉ်-ယှသ်စပ်ခြင်း။ (၄)ယှသ်စေ-ဖွဲ့-ခြင်း။ (တိ) (၅)ယှသ်စေ-ဖွဲ့-တတ်သော (အနက်သဘော)	(1) distancia de una *yojana*, de 4 *gāvuta*. (una distancia de 12 millas, 5 furlongs y 540 pies. También se toma una *yojana* como 8 millas; según *vīlāvatī*, una distancia de 32 000 (treinta y dos mil) codos.) (2) distancia de la medida del yugo de un carro (4 codos). (3) el unir / conectar. (4) el hacer unir / atar. (adjetivo) (5) que suele hacer unir / atar (el significado).	(1) the distance of one *yojana*, of 4 *gāvuta*. (a distance of 12 miles, 5 furlongs and 540 feet. A *yojana* is also taken as 8 miles; according to *vīlāvatī*, a distance of 32,000 (thirty-two thousand) cubits.) (2) a distance of the measure of a chariot yoke (4 cubits). (3) joining / connecting. (4) causing to join / binding. (adjective) (5) apt to cause to join / to bind (the meaning).	ယှသ် read as ယှဉ်; နျစ် read as နှစ်; ဝီလာဝတီ taken as an unidentified source name; (အနက်သဘော) read as 'the meaning'
135374	yojanakicca	ယှဉ်စေ-ကော့-က-ခြင်းကိစ္စ။	la tarea del hacer unir / ‹ကော့› / enganchar.	the task of causing to join / ‹ကော့› / harnessing.	ကော့ (a harnessing verb?) left in Burmese; က read as 'to hitch up'
135375	yojanakkama	ယောဇနာအစဉ်၊ ယှဉ်စပ်ခြင်း-ယှသ်စပ်ပုံ-အစဉ်။	el orden de la *yojanā*; el orden del conectar / de la manera de conectar.	the order of the *yojanā*; the order of connecting / of the way of connecting.	ယှသ်စပ် read as ယှဉ်စပ်
135376	yojanagaṇana	များစွာသော ယဇနာ၊ ယူဇနာအမြောက် အမြား၊ ယူဇနာအရာ၊ ယူဇနာအထောင်။	muchas *yojana*; gran cantidad de *yojana*; cientos de *yojana*; miles de *yojana*.	many *yojana*; a great number of *yojana*; hundreds of *yojana*; thousands of *yojana*.	ယဇနာ read as ယူဇနာ
135381	yojanattha	(၁)(လှည်းရထားစသည်၏ နွ မြင်းစသည်ကို)ယှဉ်-တပ်-ကော့-ကောက်-က-ခြင်းအကျိုး။ (၂)(ပုဒ်စသည်တို့ကို) ယှဉ်စပ်ခြင်းအကျိုး။ (၃)(ဆေးစသည်၌) ရောနှော-ဖော်စပ်-ခြင်းအကျိုး။ (၄) ကောင်းသောအကျင့်၌ ယှသ်စေခြင်းအကျိုး။ (၅)ပုဒ် တို့ကို ယှဉ်စပ်ခြင်းဟူသော အနက်။ မူရင်းကြည့်ပါ။	(1) el beneficio de uncir / sujetar / ‹ကော့› / ‹ကောက်› / enganchar (los bueyes, caballos y demás de los carros, carruajes y demás). (2) el beneficio de conectar (las palabras y demás). (3) el beneficio de mezclar / combinar (en las medicinas y demás). (4) el beneficio de hacer unirse a la buena conducta. (5) el significado que es el conectar las palabras. Véase el original.	(1) the benefit of yoking / fastening / ‹ကော့› / ‹ကောက်› / harnessing (the oxen, horses and so on of carts, chariots and so on). (2) the benefit of connecting (words and so on). (3) the benefit of mixing / compounding (in medicines and so on). (4) the benefit of causing to be joined to good conduct. (5) the meaning that is connecting words. See the original.	နွ read as နွား, ယှသ် as ယှဉ်; ကော့, ကောက် (harnessing verbs?) left in Burmese; အကျိုး read as benefit/purpose (attha); 'see the original' rendered literally
135388	yojanaparama	(က) တစ်ယူဇနာအတိုင်းအရှည်ရှိသော။ (ခ) တစ်ဂါဝုတ်,ယူဇနာခွဲ,တစ်ယူဇနာအတိုင်းအရှည်ရှိသော။	(a) que tiene una extensión de una *yojana*. (b) que tiene una extensión de un *gāvuta*, una *yojana* y media, una *yojana*.	(a) having an extent of one *yojana*. (b) having an extent of one *gāvuta*, one and a half *yojana*, one *yojana*.	ယူဇနာခွဲ read as 'a yojana and a half'
135394	yojanamatta	တစ်ယူဇနာ-အတိုင်းအရှည်ရှိ-မျှ-ကွာဝေး-သော အရပ်။	lugar que tiene una extensión de / de apenas / distante una *yojana*.	a place having an extent of / of only / distant one *yojana*.	hyphen chain ရှိ-မျှ-ကွာဝေး read as alternatives
135397	yojanavitthāra	တစ်ယူဇနအကျယ်အဝန်းရှိသော၊ အကျယ်အဝန်းတစ်ယူဇနာရှိသော။	que tiene una *yojana* de extensión; cuya extensión es de una *yojana*.	having an extent of one *yojana*; whose extent is one *yojana*.	ယူဇန read as ယူဇနာ
135410	yojanā	(၁) ယှဉ်-စပ်-ခြင်း၊ ယှသ်စေခြင်း၊ ယောဇနာခြင်း။ (က) ပုဒ်တစ်ခုနှင့် တစ်ခုကို -ယှဉ်-စပ်-ခြင်း။ (ပဒယောဇနာ)။ (ခ) အနက်ယောဇနာ-ပါဠိကို အနက်ပြန်ဆို-ခြင်း။ (အတ္ထယောဇနာ)။ (ဂ) အဓိပ္ပါယ်ကို ယှဉ်စပ်-အဓိပ္ပါယ်ဖွင့်ဆို-ခြင်း (အဓိပ္ပါယယောဇနာ)။ (၂) ဝါကျတစ်ခုနှင့် တစ်ခု၏ -ယှဉ်-စပ်-ကြောင်း ဖြစ် သောအကျိုး။ (၃) အနက်သဒ္ဒါတို့ကို ယှဉ်စပ်ကြောင်းဖြစ်သော ယောဇနာကျမ်း။ မူရင်းကြည့်ပါ။	(1) el unir / conectar; el hacer unir; el hacer la *yojanā*. (a) el unir / conectar una palabra con otra. (*padayojanā*). (b) la *yojanā* del significado / el traducir el significado del *pāl̤i*. (*atthayojanā*). (c) el conectar el sentido / el explicar el sentido (*adhippāyayojanā*). (2) el beneficio que es causa de unir / conectar una oración con otra. (3) el tratado *yojanā*, que es causa de conectar los significados y las palabras. Véase el original.	(1) joining / connecting; causing to join; making the *yojanā*. (a) joining / connecting one word with another. (*padayojanā*). (b) the *yojanā* of the meaning / rendering the meaning of the *pāl̤i*. (*atthayojanā*). (c) connecting the sense / explaining the sense (*adhippāyayojanā*). (2) the benefit that is the cause of joining / connecting one sentence with another. (3) the *yojanā* treatise, which is the cause of connecting meanings and words. See the original.	ယှသ် read as ယှဉ်; 'see the original' rendered literally
135428	yojanikamadhukaṇḍa	တစ်ယူဇနာ-ပမာဏ-အတိုင်းအရှည်-ခန့်-လောက်-ရှိသော ပျား-သလက်-လဘို့။	panal / panal de miel de una medida / extensión de alrededor / aproximadamente una *yojana*.	honeycomb / comb of honey measuring about / approximately one *yojana* in size / extent.	ပျား-သလက်-လဘို့ read as ပျားသလက် / ပျားလဘို့, both 'honeycomb'
135430	yojanikavihāra	တစ်ယူဇနာ၌ တစ်ယူဇနာ၌-တစ်ယူဇနာတိုင်းတစ်ယူဇနာတိုင်း၌-တစ်ဆောင် တစ်ဆောင်သော ကျောင်း-ကျောင်းတစ်ဆောင်တစ်ဆောင်စီ။	monasterio de un edificio en cada *yojana* / en todas y cada una de las *yojana* / monasterios, un edificio cada uno.	monastery of one building in each *yojana* / in every single *yojana* / monasteries, one building each.	hyphen chain garbled; read as one monastery building at every yojana
135436	yojaniyaratanacaṅkoṭaka	တစ် ယူဇနာ-ပမာဏ-အတိုင်းအရှည်-ခန့်လောက်-ရှိသော ရတနာ- ပန်းတောင်း-ပန်းကပ်-ပန်းကလာပ်- ပန်းကြုတ်။	cesto de flores / bandeja de flores / fuente con pie para flores / cofre de flores, enjoyado, de una medida / extensión de alrededor / aproximadamente una *yojana*.	flower basket / flower tray / footed flower stand / flower casket, jewelled, measuring about / approximately one *yojana* in size / extent.	ရတနာ- read as 'jewelled'; ပန်းကလာပ် read as a footed flower stand, tentative
135446	yojayiṁsu	က-ယှဉ်က-ကုန်ပြီ။	engancharon / uncieron y engancharon.	hitched / yoked and hitched.	က-ယှဉ်က read as 'hitch / yoke and hitch' (Burmese က 'to hitch up')
135448	yojayi	က-ယှဉ်-က-ကုန်ပြီ။ «S1»	engancharon / uncieron y engancharon. Véase [[yojati]] (6).	hitched / yoked and hitched. See [[yojati]] (6).	plural ကုန် under a singular headword, rendered as printed
135461	yojita	(၁) ယှဉ်အပ်သော။ (၂) ဖွဲ့-ဖွဲ့ချည်-ချည်နှောင်-အပ်သော။ (၃) (ဆေးဝါး) ဖော်-ဖော်စပ်-အပ်သော။ (၄)တပ်-တပ်ဆင်-အပ်သော။ (၅)က-ယှဉ်က-အပ်လသော။ (၆) ရော-ရောနှော-အပ်သော။ (၇) ထောင်(ဖြန့်ခင်း) အပ်သော။ (၈) ဆင်ယင် အပ်သော။ (၉) ထည့်-ခပ်-အပ်သော။ (၁၀)စီရင်-ထင်ရှားပြ-အပ်သော။ (၁၁) ယှဉ်စေအပ်သော။ (၁၂) က-ယှဉ်-က-ရာ (အချိန်အခါ)။ (၁၃) ထောင်ရာ (အရပ်,ဌာန)။ (၁၄)ယှဉ်စေ-ခန့်-ထည့်သွင်း-အပ်ရာ(နေ့)။ (၁၅)ယှဉ်ကြောင်း (နည်း)။	(1) unido. (2) atado / amarrado / ligado. (3) (medicinas) preparado / compuesto. (4) sujetado / montado. (5) enganchado / uncido y enganchado. (6) mezclado / entremezclado. (7) tendido (extendido). (8) adornado. (9) puesto / echado. (10) dispuesto / mostrado claramente. (11) hecho unir. (12) (el momento, la ocasión) en que se engancha / se unce y engancha. (13) (el lugar, el sitio) donde se tiende. (14) (el día) en que se hace unir / se designa / se incorpora. (15) (el método) que es causa de unir.	(1) joined. (2) bound / tied / fastened. (3) (medicines) prepared / compounded. (4) fastened / fitted. (5) hitched / yoked and hitched. (6) mixed / mingled. (7) set (spread out). (8) adorned. (9) put in / ladled in. (10) arranged / clearly displayed. (11) caused to join. (12) (the time, the occasion) at which one hitches / yokes and hitches. (13) (the place, the site) where it is set. (14) (the day) on which one is caused to join / appointed / admitted. (15) (the method) that is the cause of joining.	(၅) ကအပ်လသော read as ကအပ်သော
135462	yojitakāla	က-ယှဉ်-က-ရာ -အချိန်,အခါ။ ။	el tiempo, la ocasión en que se engancha / se unce y engancha.	the time, the occasion at which one hitches / yokes and hitches.	stray ။ at the end
135463	yojitaṭṭhāna	ထောင်ရာအရပ်ဌာန။	lugar, sitio donde se tiende.	place, site where it is set.	ထောင် 'to set (a trap, a snare)', object not stated
135468	yojitayamaka	ယှသ်အပ် သော ယမက။	*yamaka* unido.	joined *yamaka*.	ယှသ် read as ယှဉ်
135470	yojitasaṁsāracakkāra	ယှဉ်သေ-တပ်ဆင်-အပ်သော သံသရာစက်၏အကန့်။ (ပုညာဘိသင်္ခါရစသည်)။	el segmento de la rueda del *saṁsarā* que ha sido hecho unir / montado. (*puññābhisaṅkhāra* y demás).	the segment of the wheel of *saṁsarā* that has been caused to join / fitted. (*puññābhisaṅkhāra* and so on).	ယှဉ်သေ read as ယှဉ်စေ; အကန့် 'segment' (Pāḷi ara, spoke)
135472	yojiya	အပ်- တပ်ဆင်- ၍။ ယန္တံ ယောဇိယဟံ တဒါ။ အပ၊ ၁။ ၃၈။	habiendo entregado / montado. *yantaṁ yojiyahaṁ tadā*.	having handed over / fitted. *yantaṁ yojiyahaṁ tadā*.	အပ်- read as 'hand over', unclear (possibly a stray passive marker); citation dropped
135474	yojīyati	(၁) ယှဉ်-စေ-အပ်၏။ (၂) ရောနှော-ရောစပ်-အပ်၏။ (၃) ပြင်ဆင်-ပြင်ဆင်ထား၊ ကောင်းစွာထား-အပ်၏။ မူရင်းကြည့်ပါ။	(1) es unido / es hecho unir. (2) es mezclado / combinado. (3) es preparado / dejado preparado; es bien puesto. Véase el original.	(1) is joined / is caused to join. (2) is mixed / blended. (3) is prepared / kept ready; is well placed. See the original.	'see the original' rendered literally
135476	yojetabba	(၁) ယှဉ်-အပ်-သင့်-ထိုက်-သော။ (က)ယှဉ်-ခွဲခြမ်းဝေဖန်-အပ်သော။ (ခ) ယှဉ်-စပ်-အပ်သော။ (ဂ)ယှဉ်-ယောဇနာ-အပ်သော။ မူရင်းကြည့်ပါ။	(1) que debe / conviene / merece ser unido. (a) que ha de ser unido / analizado. (b) que ha de ser unido / conectado. (c) que ha de ser unido / sometido a *yojanā*. Véase el original.	(1) to be / fit to be / worthy to be joined. (a) to be joined / analysed. (b) to be joined / connected. (c) to be joined / construed (*yojanā*). See the original.	'see the original' rendered literally
135478	yojeti	(၁)ယှဉ်၏။ (၂)က-ယှဉ်က-၏။ (၃)တပ်-တပ်ဆင်-၏။ (၄) စပ်-ယှဉ်စပ်-ပေါင်းစပ်-၏။ (၅) (ကျော့ကွင်းစသည်)ထောင်၏။ (၆) တိုက်- တွန်း-နှုိးဆော်-လှုံ့ဆော်-၏။ (၇) လွှတ်-စေလွှတ်-၏။ (ဂ) စေ-စေခိုင်း-၏။ (၉) ပြင်ဆင်-ပြင်ဆင်ထား၏။ (၁၀)ဖွဲ့၏။ (၁၁)ဖော်-ဖော်စပ်-၏။ (၁၂)ပြု-ပြုလုပ်-၏။ (၁၃)ပေါင်း-တစ်ပေါင်းတည်းပြု-၏။ မူရင်းကြည့်ပါ။	(1) une. (2) engancha / unce y engancha. (3) sujeta / monta. (4) conecta / junta / combina. (5) tiende (un lazo y demás). (6) incita / empuja / exhorta / estimula. (7) envía / despacha. (8) manda / ordena. (9) prepara / deja preparado. (10) ata. (11) compone / prepara. (12) hace / fabrica. (13) reúne / junta en uno. Véase el original.	(1) joins. (2) hitches / yokes and hitches. (3) fastens / fits. (4) connects / joins together / combines. (5) sets (a snare and so on). (6) urges / pushes / exhorts / incites. (7) sends / dispatches. (8) commands / orders. (9) prepares / keeps ready. (10) binds. (11) compounds / prepares. (12) does / makes. (13) gathers / makes into one. See the original.	(ဂ) read as (၈); 'see the original' rendered literally
135479	yojeti	(၁)ယှဉ်စေ၏(တည်စေသည်ထား-၏)။ (၂) စေးကပ်-ငြိတွယ်- စေ၏။ (သျ၊ ပြည်)။ (၃)တပ်ဆင်စေ-လှူဒါန်း-၏။ (၄) က-ယှဉ်က-စေ၏။ (၅) အားထုတ် -လုံ့လပြု-စေ၏။ မူရင်းကြည့်ပါ။	(1) hace unir (hace permanecer / pone). (2) hace adherirse / pegarse. (3) hace montar / dona. (4) hace enganchar / uncir y enganchar. (5) hace esforzarse / hacer esfuerzo. Véase el original.	(1) causes to join (causes to stand / places). (2) causes to stick / cling. (3) causes to fit / donates. (4) causes to hitch / yoke and hitch. (5) causes to strive / make effort. See the original.	source tag (သျ၊ ပြည်) dropped; 'see the original' rendered literally
135480	yojetuṁ	(၁)ယှဉ်ခြင်းငှါ (၂) က-ယှဉ်က-ခြင်းငှါ။ (၃)စပ်-ယှဉ်စပ်-ခြင်းငှါ။ (၄) ဖော်-ဖော်စပ်-ခြင်းငှါ။ (၅) စီရင်-စီမံ-ခြင်းငှါ။ မူရင်းကြည့်ပါ။	(1) para unir (2) para enganchar / uncir y enganchar. (3) para conectar / combinar. (4) para componer / preparar. (5) para disponer / organizar. Véase el original.	(1) in order to join (2) in order to hitch / yoke and hitch. (3) in order to connect / combine. (4) in order to compound / prepare. (5) in order to arrange / organise. See the original.	'see the original' rendered literally
135482	yojetukāma	(၁)(နွားတို့ကို)က-ယှဉ်က-လိုသောသူ။ (၂)ယှဉ်စေလိုသော၊သူ။ (၃)တိုက်တွန်း-နှုိးဆော်-လိုသော၊ သူ။ မူရင်းကြည့်ပါ။	(1) persona que desea enganchar / uncir y enganchar (los bueyes). (2) que desea hacer unir (dicho de una persona). (3) que desea incitar / exhortar (dicho de una persona). Véase el original.	(1) a person wishing to hitch / yoke and hitch (the oxen). (2) wishing to cause to join (said of a person). (3) wishing to urge / exhort (said of a person). See the original.	'see the original' rendered literally
135483	yojetvā	(၁)ယှသ်၍။ (၂) က-ယှဉ်က-၍။ (၃) တပ်-တပ်ဆင်-၍။ (၄) စပ်-ယှဉ်စပ်-၍။ (၅) (ကျော့ ကွင်းစသည်)ထောင်၍။ (၆)-တိုက်တွန်း-နှုိးဆော်-လှုံ့ဆော်-၍။ (၇)စေ-စေခိုင်း -၍။ (ဂ) ဖွဲ့-ဖွဲ့ချည်-၍။ (၉) ဖော်-ဖော်စပ်-၍။ (၁)ပြု-ပြုလုပ်-၍။ (၁၁) ပေါင်း-တစ်ပေါင်းတည်းပြု-၍။ (၁၂)ဖျော်၍။ (၁၃)ရော-ရောစပ်-ရောနှော-၍။ (၁၄) (မိမိနှလုံး၌) ကောင်းစွာထား၍။ (၁၅) ဖြစ်-ထင်-စေ၍။ (၁၆) စီရင်-စီမံ-၍။ (၁၇) တွဲ-ယှဉ်တွဲ-၍။ မူရင်းကြည့်ပါ။	(1) habiendo unido. (2) habiendo enganchado / uncido y enganchado. (3) habiendo sujetado / montado. (4) habiendo conectado / combinado. (5) habiendo tendido (un lazo y demás). (6) habiendo incitado / exhortado / estimulado. (7) habiendo mandado / ordenado. (8) habiendo atado / amarrado. (9) habiendo compuesto / preparado. (10) habiendo hecho / fabricado. (11) habiendo reunido / juntado en uno. (12) habiendo disuelto. (13) habiendo mezclado / combinado / entremezclado. (14) habiendo puesto bien (en el propio corazón). (15) habiendo hecho surgir / manifestarse. (16) habiendo dispuesto / organizado. (17) habiendo emparejado / unido en pareja. Véase el original.	(1) having joined. (2) having hitched / yoked and hitched. (3) having fastened / fitted. (4) having connected / combined. (5) having set (a snare and so on). (6) having urged / exhorted / incited. (7) having commanded / ordered. (8) having bound / tied. (9) having compounded / prepared. (10) having done / made. (11) having gathered / made into one. (12) having dissolved. (13) having mixed / blended / mingled. (14) having placed well (in one's own heart). (15) having caused to arise / appear. (16) having arranged / organised. (17) having paired / coupled. See the original.	ယှသ် read as ယှဉ်; (ဂ) read as (၈) and the second (၁) as (၁၀); 'see the original' rendered literally
135484	yojetvā	(၁)ယှဉ်၍။ (၂)က-ယှဉ်က-စေ၍။ မူရင်းကြည့်ပါ။ )	(1) habiendo unido. (2) habiendo hecho enganchar / uncir y enganchar. Véase el original.	(1) having joined. (2) having caused to hitch / yoke and hitch. See the original.	stray ')' at the end; 'see the original' rendered literally
135486	yojenta	(၁) ယှဉ်-ယှဉ်လို-သော၊ သူ။ (၂)က-ယှဉ် က-သော၊ သူ။ (၃)အားထုတ်-လုံ့လပြု-ကျင့်-သော၊ သူ။ (၄)တိုက်တွန်း-နှုိးဆော်-လှုံ့ဆော်-လိုသော၊ သူ။ (၅) (အာရုံ၌) အညီအမျှကောင်းစွာထားသော၊ သူ။ (၆) တပ်-တပ်ဆင်-သော၊ သူ။ (၇)ယှဉ်စေလိုသော၊ သူ။ မူရင်းကြည့်ပါ။	(1) que une / desea unir (dicho de una persona). (2) que engancha / unce y engancha (dicho de una persona). (3) que se esfuerza / hace esfuerzo / practica (dicho de una persona). (4) que desea incitar / exhortar / estimular (dicho de una persona). (5) que pone bien y equilibradamente (en el objeto) (dicho de una persona). (6) que sujeta / monta (dicho de una persona). (7) que desea hacer unir (dicho de una persona). Véase el original.	(1) joining / wishing to join (said of a person). (2) hitching / yoking and hitching (said of a person). (3) striving / making effort / practising (said of a person). (4) wishing to urge / exhort / incite (said of a person). (5) placing well and evenly (on the object) (said of a person). (6) fastening / fitting (said of a person). (7) wishing to cause to join (said of a person). See the original.	'see the original' rendered literally
135494	yojesiṁ	«S1» ]	Véase [[yojeti]] (1).	See [[yojeti]] (1).	stray ']' after the placeholder dropped
135495	yojesi	ယောဇေတိ-(၁,၂,၃,၄,၅)-တို့ကြည့်။	Véase [[yojeti]] (1, 2, 3, 4, 5).	See [[yojeti]] (1, 2, 3, 4, 5).	see-X with sense numbers left in the Burmese
135496	yojesi	ယောဇေတိ(၂) (၃) ကြည့်။	Véase [[yojeti]] (2) (3).	See [[yojeti]] (2) (3).	see-X with sense numbers left in the Burmese
135502	yotta	ကြိုးလွန်၊ လွန်ကြိုး။ (က)ရိုးရိုးကြိုး၊ (ခ)သားရေကြိုး၊ အလွန် ရှည်သောကြိုး။ (ဂ)သဲကြိုး။ (ဃ) ထမ်းပိုးကြိုး (နွားလည်နှင့် ထမ်းပိုးတုံးကို ဖွဲ့ထားသောကြိုး)။ (င) ကန်ကြိုး (လှည်းစသည်၌ ကသောအခါ နွားဇက်ကြိုး)။ (စ)(မြင်း)ဇက်ကြိုး။ (ဆ) (မြင်း)ဇက်ဖျားကြိုး၊ ဇက်ကြိုးဖျားမှ ကွင်းဇက်ကြိုး။ (ဇ)(လှေ) ရွက်ကြိုး၊ ကြိုး၊ လွန်၊ လွန်ကြိုး။ မူရင်းကြည့်ပါ]	cuerda gruesa; soga. (a) cuerda común; (b) correa de cuero; cuerda muy larga. (c) ‹သဲကြိုး›. (d) cuerda del yugo (cuerda que ata el cuello del buey al madero del yugo). (e) ‹ကန်ကြိုး› (la cuerda de la brida del buey cuando se engancha a un carro y demás). (f) rienda (del caballo). (g) extremo de la rienda (del caballo); rienda de anilla desde el extremo de la rienda. (h) cuerda de la vela (de un barco); cuerda; soga; cuerda gruesa. Véase el original.	thick rope; cable. (a) ordinary rope; (b) leather strap; very long rope. (c) ‹သဲကြိုး›. (d) yoke rope (the rope tying the ox's neck to the yoke beam). (e) ‹ကန်ကြိုး› (the ox's bridle rope when it is hitched to a cart and so on). (f) rein (of a horse). (g) rein end (of a horse); ring rein from the end of the rein. (h) sail rope (of a boat); rope; cable; thick rope. See the original.	kinds of rope သဲကြိုး, ကန်ကြိုး left in Burmese; stray ']' dropped; 'see the original' rendered literally
135504	yottaka	(၁)ကြိုး၊လွန်ကြိုး။ (၂) (သံ)ကိုက်။ (တစ်ဘက် စွန်းကိုင်၍ ဓားအစရှိသည်ကို ခြစ်တိုက်သော ပန်းပဲသမားတို့၏ သံကိုက်။ သျ)။ မူရင်းကြည့်ပါ။	(1) cuerda; cuerda gruesa. (2) tenazas (de hierro). (tenazas de hierro de los herreros, con las que, sujetando un extremo, se raspa y pule el cuchillo y demás.) Véase el original.	(1) rope; thick rope. (2) (iron) tongs. (the blacksmiths' iron tongs, with which, holding one end, the knife and so on is scraped and polished.) See the original.	source tag သျ dropped; 'see the original' rendered literally
135505	yottakahāpaṇa	ကြိုး-လွန်ကြိုး-ဖြင့်ဖွဲ့ချည်ခြင်းစသောအကြောင်းကြောင့်-ရ-သင့်ထိုက်သောအသပြာ,ဒင်္ဂါး။ ]	el *kahāpaṇa*, la moneda, que se obtiene / que corresponde por causa del atar con cuerda / cuerda gruesa y demás.	the *kahāpaṇa*, the coin, obtained / due on account of binding with rope / thick rope and so on.	stray ']' dropped; အသပြာ romanised as kahāpaṇa
135509	yodha	(၁)သူရဲ့၊ သူခက်း၊ စစ်သား၊ သူရဲကောင်း၊ စစ်သားကောင်း၊ စစ်ထိုး-စစ်တိုက်-သူ။ (၂) စစ်ထိုး-စစ်တိုက်-ခြင်း။ (၃) စစ်ထိုး-စစ်တိုက်-သော။ (၄)ယောဓာဇီဝသုတ် ၂-သုတ်။ မူရင်းကြည့်ပါ။	(1) guerrero; combatiente; soldado; héroe; buen soldado; el que combate / guerrea. (2) el combatir / guerrear. (3) que combate / guerrea. (4) los 2 *sutta* *yodhājīvasutta*. Véase el original.	(1) warrior; fighter; soldier; hero; good soldier; one who fights / wages war. (2) fighting / waging war. (3) fighting / waging war. (4) the 2 *yodhājīvasutta* *sutta*. See the original.	သူရဲ့ read as သူရဲ, သူခက်း as သူခက်; 'see the original' rendered literally
135511	yodhaka	သူရဲ-သူခက်-စစ်သား-ရုပ်။	figura de guerrero / combatiente / soldado.	figure of a warrior / fighter / soldier.	hyphen chain ending in ရုပ် read as 'figure of …'
135512	yodhakamma	သူရဲ-စစ်သား-၏-သည်-ပြုလုပ်အပ်သော-အမှု-ကိစ္စ၊ စစ်သားတို့အလုပ်။	la acción / el asunto hecho por los guerreros / soldados; el trabajo de los soldados.	the deed / business done by warriors / soldiers; the work of soldiers.	hyphens alternating only the particles ၏ / သည် merged
135525	yodhasadisa	သူရဲ-စစ်သား-ကာင်းနှင့်တူသော။	semejante a un buen guerrero / soldado.	like a good warrior / soldier.	ကာင်း read as ကောင်း
135526	yodhasampahāra	အပြင်းအထန်-ထိုး-ပစ်-ရိုက်နှက်-ခုတ်ထစ်-တတ်သော-သူရဲ-စစ်သား။	guerrero / soldado que suele golpear / disparar / apalear / tajar con violencia.	warrior / soldier apt to strike / shoot / beat / hack violently.	a masculine noun glossed as the soldier, not the fight; rendered as printed
135529	yodhājīva	(၁)စစ်ထိုး-စစ်တိုက်-ခြင်းဖြင့်-အသက်မွေးသော၊ စစ်ထိုး-စစ်တိုက်-ခြင်းဟူသော အသက်မွေးခြင်းရှိသော၊ စစ်ထိုး-စစ်တိုက်-ခြင်း ကိုမှီ၍ အသက်မွေးသော၊ သူ။ သူရဲ,စစ်သား,သူရဲကောင်း,စစ်သား ကောင်း။ (န)(၂) စစ်ထိုး-စစ်တိုက်-ခြင်းဖြင့်- ခြင်းဟူသော အသက်မွေးခြင်း။ (၃) ယောဓာဇီဝသုတ်။ «S1» မူရင်းကြည့်ပါ။	(1) que se gana la vida con el combatir / guerrear; que tiene como medio de vida el combatir / guerrear; que se gana la vida apoyándose en el combatir / guerrear (dicho de una persona). guerrero, soldado, héroe, buen soldado. (neutro) (2) el medio de vida que es el combatir / guerrear. (3) el *yodhājīvasutta*. Véase [[yodhājīvasutta]] (a). Véase el original.	(1) making a living by fighting / waging war; having fighting / waging war as livelihood; making a living in dependence on fighting / waging war (said of a person). warrior, soldier, hero, good soldier. (neuter) (2) the livelihood that is fighting / waging war. (3) the *yodhājīvasutta*. See [[yodhājīvasutta]] (a). See the original.	sense (2) garbled (…ခြင်းဖြင့်- ခြင်းဟူသော), read as the livelihood; 'see the original' rendered literally
135531	yodhājīvavagga	ယောဓာဇီဝဝဂ်။ (က) ယောဓာဇီဝသုတ်ကို အဦးအစထား၍ ဟောတော်မူသည့် ၁၃-သုတ်အပေါင်း။	*yodhājīvavagga*. (a) el conjunto de 13 *sutta* expuestos poniendo al comienzo el *yodhājīvasutta*.	*yodhājīvavagga*. (a) the group of 13 *sutta* taught with the *yodhājīvasutta* placed first.	(a) without (b)
135533	yodhājīvasutta	ယောဓာဇီဝသုတ်။ (က) သုံယုတ်၌လာသော ယောဓာဇီဝသုတ်။ (ခ) အင်္ဂုတ္ထရ်၌လာသော ယောဓာ ဇီဝ သုတ် ၄-သုတ်။ (က)သံယုတ္တ-နိကာပ၊	*yodhājīvasutta*. (a) el *yodhājīvasutta* que aparece en el *saṁyutta*. (b) los 4 *yodhājīvasutta* que aparecen en el *aṅguttara*.	*yodhājīvasutta*. (a) the *yodhājīvasutta* found in the *saṁyutta*. (b) the 4 *yodhājīvasutta* found in the *aṅguttara*.	သုံယုတ် read as သံယုတ်; trailing citation fragment '(က)သံယုတ္တ-နိကာပ၊' dropped (truncated)
135535	yodhājīvūpama	စစ်ထိုး-စစ်တိုက်-ခြင်းဖြင့်-အသက်မွေးခြင်းရှိ-အသက်မွေး-သော၊ သူရဲ,စစ်သားသူရဲကောင်း,စစ်သား ကောင်း။	que tiene su medio de vida / que se gana la vida con el combatir / guerrear; guerrero, soldado, héroe, buen soldado.	having one's livelihood / making a living by fighting / waging war; warrior, soldier, hero, good soldier.	gloss identical to yodhājīvika; nothing renders -ūpama ('like'); possibly shifted
135536	yodhikā	စမ္ပယ် (စံပယ်)ပင်။	planta de jazmín.	jasmine plant.	စမ္ပယ် (စံပယ်) read as jasmine (Jasminum sambac)
135537	yodhī	သူရဲ၊ သူခက်၊ စစ်သား၊ စစ်ထိုးသူ၊ စစ်တိုက်သူ။	guerrero; combatiente; soldado; el que combate; el que guerrea.	warrior; fighter; soldier; one who fights; one who wages war.	သူခက် read as 'fighter', as in 135509
135541	yona	ယောနတိုင်း၊ ယွန်း ပြည်၊ ပန်းပြည်၊ ယောပြည်၊ ဂရိပြည်။	la región de *yona*; el país ‹ယွန်း›; el país ‹ပန်း›; el país ‹ယော›; Grecia.	the region of *yona*; the ‹ယွန်း› country; the ‹ပန်း› country; the ‹ယော› country; Greece.	Burmese country names ယွန်း, ပန်း, ယော kept
135542	yonaka	(၁) ယောနတိုင်း၊ ယောနကတိုင်း၊ ဂရိတိုင်း။ (၂) ယောနတိုင်း၊ ယောနကတိုင်း၊ ဂရိတိုင်း။ (၂) ယောနတိုင်း၌-ဖြစ်-ဖွားမြင်-သော၊ ယောနတိုင်း-ဟူသော နေရာအရပ်ရှိသော၊ သူ။ (က) ယောနတိုင်းသား။ (ခ) ဓမ္မရက္ခိတထေရ်။ (ဂ)အမတ်။ (၃) ယောနတိုင်း၌ ဖြစ်သော-ယောနတိုင်းသားတို့ပြုလုပ်သော-ဖိနပ်၊ ယောနတိုင်းဖိနပ်။ (၄)ယောန တိုင်းသားနှင့်တူသော အရုပ်၊ ယောနတိုင်းသားရုပ်။ မူရင်းကြည့်ပါ။	(1) la región de *yona*; la región de *yonaka*; la región griega. (2) la región de *yona*; la región de *yonaka*; la región griega. (2) originado / nacido en la región de *yona*; que tiene como lugar la región de *yona* (dicho de una persona). (a) habitante de la región de *yona*. (b) el *thera* *dhammarakkhita*. (c) ministro. (3) calzado originado en la región de *yona* / hecho por los habitantes de la región de *yona*; calzado de la región de *yona*. (4) figura semejante a un habitante de la región de *yona*; figura de habitante de la región de *yona*. Véase el original.	(1) the region of *yona*; the region of *yonaka*; the Greek region. (2) the region of *yona*; the region of *yonaka*; the Greek region. (2) originating / born in the region of *yona*; having the region of *yona* as one's place (said of a person). (a) inhabitant of the region of *yona*. (b) the *thera* *dhammarakkhita*. (c) minister. (3) footwear originating in the region of *yona* / made by the inhabitants of the region of *yona*; footwear of the region of *yona*. (4) figure resembling an inhabitant of the region of *yona*; figure of an inhabitant of the region of *yona*. See the original.	sense (1) printed twice, the second numbered (2); 'see the original' rendered literally
135543	yonakaüpāhanā	ယောနတိုင်း၌ဖြစ်သော-ယောနတိုင်းသားတို့ပြုလုပ်အပ်သော-ဖိနပ်၊ ယောတိုင်းဖိနပ်။	calzado originado en la región de *yona* / hecho por los habitantes de la región de *yona*; calzado de la región de *yona*.	footwear originating in the region of *yona* / made by the inhabitants of the region of *yona*; footwear of the region of *yona*.	ယောတိုင်း read as ယောနတိုင်း
135548	yonakaraṭṭha	ယောနဂရိ-တိုင်း-နိုင်ငံ။	la región / el país de *yona*, Grecia.	the region / country of *yona*, Greece.	ယောနဂရိ read as ယောန + ဂရိ (Greece)
135554	yonakasukhumālinī	နူးညံ့-သိမ်မွေ့- သော- ယောန-ယောနကတိုင်းသူ (အမျိုးသမီး)၊ ယောန-ယောနက-တိုင်း-နိုင်ငံ-၌ မွေးဖွားသော-လျှင်-မွေးဖွားရာ-ရှိသော-နူးညံ့-သိမ်မွေ့-သည့်အမျိုးသမီး။	mujer delicada / refinada de la región de *yona* / *yonaka*; mujer delicada / refinada nacida / que tiene como lugar de nacimiento la región / el país de *yona* / *yonaka*.	delicate / refined woman of the region of *yona* / *yonaka*; delicate / refined woman born in / having as birthplace the region / country of *yona* / *yonaka*.	'မွေးဖွားသော-လျှင်-မွေးဖွားရာ' partly garbled; read as born in / having as birthplace
135555	yoni	(၁)(က)ခန္ဓာအဖို့အစု၊ ခန္ဓာအစု။ (ခ) ဇာတ်၊ အမျိုး။ (ဂ)ခတ္တိယစသောအမျိုး (အမျိုးလေးပါး)။ (ဃ) ပုဏ္ဏားမျိုး။ (င) တိရစ္ဆာန်မျိုး။ (စ) ကျွန်လေးမျိုး။ (ဆ) သယံဒါသကျွန်မျိုး။ (ဇ) ပဋိသန္ဓေ။ (ဈ) အတ္တဘော။ (၂)(က) အကြောင်း။ (ခ)တစ်ပါးသော အဖို့ရှိ-ဧကန်ဖြစ်-မချွတ်မယွင်း-သော အကြောင်း။ (ဂ)အစီအရင်၊ နည်းလမ်း၊ အကြောင်း၊ (အစီ အရင်နည်းလမ်း-အကြောင်း-မှန်၊သင့်သော-အစီအရင်-နည်းလမ်း အကြောင်း)။ (၃) အသင့်ဖြစ်-အလျော်ဖြစ်-သင့်လျော်-မဖောက်မပြန်-မှန်ကန်-သော-ဉာဏ်,ပညာ။ (၄)မိန်းမပဘာဝမဂ်၊ မိန်းမအင်္ဂါ၊ ဇာတ်။ မိန်းမကိုယ်။ မူရင်းကြည့်ပါ။	(1) (a) porción / conjunto de *khandha*; conjunto de *khandha*. (b) nacimiento; linaje. (c) linaje que comienza por los *khattiya* (los cuatro linajes). (d) linaje brahmán. (e) especie animal. (f) las cuatro clases de esclavo. (g) la clase de esclavo *sayaṁdāsa*. (h) *paṭisandhi*. (i) *attabhāva*. (2) (a) causa. (b) causa que es de una sola parte / cierta / infalible. (c) procedimiento; método; causa; (el procedimiento / método / causa verdadero, apropiado). (3) conocimiento, *paññā* apropiado / adecuado / conveniente / infalible / correcto. (4) conducto urinario femenino; órgano femenino; órgano genital. cuerpo de mujer. Véase el original.	(1) (a) portion / group of *khandha*; group of *khandha*. (b) birth; lineage. (c) lineage beginning with the *khattiya* (the four lineages). (d) brahmin lineage. (e) animal species. (f) the four kinds of slave. (g) the *sayaṁdāsa* kind of slave. (h) *paṭisandhi*. (i) *attabhāva*. (2) (a) cause. (b) cause that is one-sided / certain / unfailing. (c) procedure; method; cause; (the true, fitting procedure / method / cause). (3) knowledge, *paññā* that is apt / suitable / fitting / unerring / correct. (4) female urinary passage; female organ; genital organ. woman's body. See the original.	ပဘာဝမဂ် read as ပဿာဝမဂ်; ဇာတ် in (4) read as genital organ (အင်္ဂါဇာတ်); 'see the original' rendered literally
135560	yonija	(၁) (ပုဏ္ဏေးမ၏) ပဿဝ မဂ်-အင်္ဂါဇာတ်-ဖြင့်-ဖြစ်-ဖွားမြင်-မွေးဖွား-သော၊ သူ။ (၂)(အမျိုးလေးပါးတို့တွင်) အမှတ်မရှိ- တစ်ပါးပါး-သောအမျိုး၌ ဖြစ်သော၊ သူ။ (၃) (က)ပုဏ္ဏားမျိုးမှ ဖြစ်သော၊ အဆက်ဆက် စင်ကြယ်သော ပုဏ္ဏားမျိုးမှ ဖြစ်သော၊ သူ။ (ခ) ပုဏ္ဏားမျိုး၌ဖြစ်သော၊ သူ။ မူရင်းကြည့်ပါ။	(1) originado / nacido / dado a luz / nacido por el conducto urinario / el órgano genital (de la mujer brahmán) (dicho de una persona). (2) nacido en un linaje indistinto / cualquiera (de los cuatro linajes) (dicho de una persona). (3) (a) nacido de linaje brahmán; nacido de un linaje brahmán puro de generación en generación (dicho de una persona). (b) nacido en linaje brahmán (dicho de una persona). Véase el original.	(1) arisen / born / brought forth / born through the urinary passage / genital organ (of the brahmin woman) (said of a person). (2) born in an indeterminate / any lineage (among the four lineages) (said of a person). (3) (a) born of brahmin lineage; born of a brahmin lineage pure from generation to generation (said of a person). (b) born in brahmin lineage (said of a person). See the original.	'see the original' rendered literally
135561	yonijamattisambhavamatta	(၁) (အမျိုးလေးပါးတို့တွင်) အမှတ်မရှိ-တစ်ပါးပါး-သော အမျိုး၌ဖြစ်၍ အမိပုဏ္ဏေးမ၌ ဖြစ်သည်၏ အဖြစ်မျှ။ (၂) ပုဏ္ဏာမျိုး အဆက်ဆက်- စင်ကြယ်သော ပုဏ္ဏားမျိုးမှ ဖြစ်၍ အမိပုဏ္ဏေမမှ ဖြစ်သည်၏ အဖြစ်မျှ။	(1) el mero hecho de haber nacido de la madre brahmán, tras nacer en un linaje indistinto / cualquiera (de los cuatro linajes). (2) el mero hecho de haber nacido de la madre brahmán, tras nacer de linaje brahmán de generación en generación / de un linaje brahmán puro.	(1) the mere fact of having been born of a brahmin mother, having arisen in an indeterminate / any lineage (among the four lineages). (2) the mere fact of having been born of a brahmin mother, having arisen of brahmin lineage from generation to generation / of a pure brahmin lineage.	ပုဏ္ဏာမျိုး, ပုဏ္ဏေမ read as ပုဏ္ဏားမျိုး, ပုဏ္ဏေးမ; the hyphen in (2) splits one phrase, read as alternatives
135562	yonidosa	ပဿာဝမဂ်-အင်္ဂါဇာတ်-၌ ဖြစ်သောအပြစ် (အနာရောဂါစသည်)။ (၂)အမျိုးဇာတ်၌ အပြစ် (အမျိုးတစ်ပါးနှင့် ရောနှော ခြင်း)။	defecto que se produce en el conducto urinario / el órgano genital (enfermedad y demás). (2) defecto en el linaje de nacimiento (el mezclarse con otro linaje).	fault arising in the urinary passage / genital organ (disease and so on). (2) fault in the birth-lineage (mixing with another lineage).	no (1) printed before the first sense
135565	yonipadesa	ယောနိဝပဿဝမဂ်-အရပ်။	la zona de la *yoni* / del *passāvamagga*.	the region of the *yoni* / the *passāvamagga*.	ယောနိဝပဿဝမဂ် read as ယောနိ-ပဿာဝမဂ်
135567	yonimagga	(အမိ၏)ပဿာဝမဂ်လမ်၊ အင်္ဂါဇာတ်။	el conducto del *passāvamagga* (de la madre); el órgano genital.	the passage of the *passāvamagga* (of the mother); the genital organ.	လမ် read as လမ်း
135568	yonimukha	(အမိ၏)ပဿာဝမဂ်လမ်၊ အင်္ဂါဇာတ်ဝ၊ အင်္ဂါ ဇာတ်လမ်းကြောင်း။	el conducto del *passāvamagga* (de la madre); la abertura del órgano genital; el conducto del órgano genital.	the passage of the *passāvamagga* (of the mother); the opening of the genital organ; the passage of the genital organ.	လမ် read as လမ်း
135569	yonimukhābhimukha	(အမိ၏)ပဿာဝမဂ်လမ်၊ အင်္ဂါဇာတ်ဝ၊ အင်္ဂါ ဇာတ်လမ်းကြောင်းသို့-ရှေးရှု-တည့်တည့်ဖြစ်-သော။	dirigido / directamente orientado hacia el conducto del *passāvamagga* (de la madre), la abertura del órgano genital, el conducto del órgano genital.	facing / directly turned towards the passage of the *passāvamagga* (of the mother), the opening of the genital organ, the passage of the genital organ.	လမ် read as လမ်း
135573	yonisampaṭipādana	(အဏ္ဍဇစသော)အမျိုးဇာတ်-ယောနိ၊ ယောနိကို-သို့-ပြီးစေ-ရောက်စေ-တတ်သည်၏ အဖြစ်-ခြင်း။	el hecho de soler / el soler llevar a término / hacer llegar al linaje de nacimiento / a la *yoni* (*aṇḍaja* y demás).	the state of being apt / the being apt to bring to completion / to bring to the birth-lineage / the *yoni* (*aṇḍaja* and so on).	hyphens alternating only the particles ကို / သို့ merged
135578	yoniso	(၁)(သူရိယ-ဧကဓမ္မ-ဒုတိယ ဧကဓမ္မ-ပေယျာလဝဂ်-လာ) ယောနိသောမနသိကာရ သမ္ပဒါသုတ် ၆-သုတ်။ (ယောနိသော မနသိကာရသမ္ပဒါသုတ္တ-ကြည့်)။ (၂) အယောနိသော မနသိကာရသုတ်နှင့် ယောနိသောမနသိကာရသုတ် (အယောနိသောမနသိကာရ သုတ္တယောနိသောမနသိကာရသုတ္တတို့ကြည့်)။	(1) los 6 *sutta* *yonisomanasikārasampadāsutta* (que aparecen en el *sūriya*, el *ekadhamma*, el *dutiya ekadhamma* y el *peyyālavagga*). (Véase [[yoniso manasikārasampadāsutta]]). (2) el *ayonisomanasikārasutta* y el *yonisomanasikārasutta* (Véanse [[ayonisomanasikāra sutta]], [[yonisomanasikārasutta]]).	(1) the 6 *yonisomanasikārasampadāsutta* *sutta* (found in the *sūriya*, the *ekadhamma*, the *dutiya ekadhamma* and the *peyyālavagga*). (See [[yoniso manasikārasampadāsutta]]). (2) the *ayonisomanasikārasutta* and the *yonisomanasikārasutta* (See [[ayonisomanasikāra sutta]], [[yonisomanasikārasutta]]).	'see X' left in the Burmese, rendered Véase/See; the hyphens in (1) list vagga names, rendered as a list; the two cross-references in (2) printed run together, split
135580	yonisomanasikāra	(၁)သင့်-သင့်လျော်-မှန်ကန်-သော-အကြောင်း-နည်း လမ်း-အားဖြင့် (အကြောင်း-နည်းလမ်း-မှန်အားဖြင့်) ဖြစ်သော နှလုံးသွင်း ခြင်းရှိသော(ပညာ)။ (ပု)(၂)(သစ္စာလေးပါးကိုသိခြင်းအား) သင့်သော-သင့်လျော် သော-အသင့်-အလျော်-အားဖြင့် နှလုံးသွင်းခြင်း။ (ဘဝင်စိတ်ကို လည်စေတတ် သော-အာဝဇ္ဇာန်း]-မနောဒွါရိကဇော-စိတ်)။ (၃)သင့်-သင့်လျော်-မှန်ကန်-သော -အကြောင်း-နည်းလမ်း-အားဖြင့် (အကြောင်း-နည်းလမ်း-မှန်အားဖြင့်) နှလုံး သွင်းခြင်း (အနိစ္စ,ဒုက္ခ,အနတ္တ,အသုဘ-ဟု-အားဖြင့်-နှလုံးသွင်း-ရှုမှတ်-ခြင်း)။ (၄)သင့်-သင့်လျော်-မှန်ကန်-သော-အကြောင်း-နည်းလမ်း-အားဖြင့်- (အကြောင်း-နည်းလမ်း-မှန်အားဖြင့်)-နှလုံးသွင်းရာ(အခါ,ကာလ)။ မူရင်းကြည့်ပါ။	(1) (*paññā*) que tiene el atender producido por una causa / un método apropiado / conveniente / correcto (por una causa / un método correcto). (masculino) (2) el atender de manera apropiada / conveniente / adecuada / oportuna (para conocer las cuatro verdades). (la mente de *āvajjana* / de *javana* de la puerta mental, que suele hacer girar la mente *bhavaṅga*). (3) el atender por una causa / un método apropiado / conveniente / correcto (por una causa / un método correcto) (el atender / contemplar / observar como *anicca*, *dukkha*, *anatta*, *asubha*). (4) (el momento, el tiempo) en que se atiende por una causa / un método apropiado / conveniente / correcto (por una causa / un método correcto). Véase el original.	(1) (*paññā*) having attention arising by a fitting / suitable / correct cause / method (by a correct cause / method). (masculine) (2) attending in a fitting / suitable / apt / proper way (so as to know the four truths). (the *āvajjana* / mind-door *javana* mind, which is apt to turn the *bhavaṅga* mind). (3) attending by a fitting / suitable / correct cause / method (by a correct cause / method) (attending / contemplating / noting as *anicca*, *dukkha*, *anatta*, *asubha*). (4) (the time, the moment) at which one attends by a fitting / suitable / correct cause / method (by a correct cause / method). See the original.	stray ']' after အာဝဇ္ဇာန်း dropped; မနောဒွါရိကဇော rendered 'mind-door javana'; hyphens alternating ဟု / အားဖြင့် in (3) merged; 'see the original' rendered literally
135591	yonisomanasikārapubbaka	ယောနိသောမနသိကာရဟုဆိုအပ်သော-ရှေကသွား-ပြဓာန်းခြင်း-ရှိသော။	que tiene como precursor / como lo predominante lo que se llama *yonisomanasikāra*.	having what is called *yonisomanasikāra* as forerunner / as predominant.	ရှေကသွား read as ရှေ့သွား
135594	yonisomanasikārapurecārikahitapharaṇa	ယောနိသောမနသိကာရလျှင်-ရှေကသွား-ပြဓာန်းခြင်း-ရှိသည်ဖြစ်၍ အစီးအပွါးကိုပြီးစေတတ်သော (နူးညံ့သော စိတ်)။	(mente suave) que, teniendo la *yonisomanasikāra* como precursora / como lo predominante, suele producir el bienestar.	(soft mind) which, having *yonisomanasikāra* as forerunner / as predominant, is apt to bring about welfare.	ရှေကသွား read as ရှေ့သွား
135595	yonisomanasikārappaccaya	ယောနိ သောမနသိကာရ-ဟူသော-လျှင်-အကြောင်းရှိသော (ကုသိုလ်)။	(lo sano) que tiene como causa la *yonisomanasikāra*.	(the wholesome) having *yonisomanasikāra* as cause.	hyphens alternating only ဟူသော / လျှင် merged
135597	yonisomanasikārabahulīkāra	ယောနိသောမနသိကာရကို-ကြိမ်ဖန်းများစွာ-အဖန်တလဲလဲ-အထပ်ထပ်- ပြု -ဖြစ်စေ-ခြင်း။	el hacer / producir la *yonisomanasikāra* muchas veces / repetidamente / una y otra vez.	doing / producing *yonisomanasikāra* many times / repeatedly / again and again.	ကြိမ်ဖန်း read as ကြိမ်ဖန်
135602	yonisomanasikāravirahita	ယောနိသောမနသိကာရဟု ဆိုအပ်သော အာရုံ။	objeto llamado *yonisomanasikāra*.	object called *yonisomanasikāra*.	gloss fits the next headword (-visaya), not -virahita ('devoid of'); possibly shifted
135608	yonisomanasikārasampatti	ယောနိသော မနသိကာရ-နှင့်-၏-ပြည့်စုံခြင်း။	el estar dotado de / la plenitud de la *yonisomanasikāra*.	being endowed with / the fulfilment of *yonisomanasikāra*.	hyphens alternating the particles နှင့် / ၏ rendered as two readings
135609	yonisomanasikārasampadā	ယောနိသော မနသိကာရ-နှင့်-၏-ပြည့်စုံခြင်း၏။	el estar dotado de / la plenitud de la *yonisomanasikāra*.	being endowed with / the fulfilment of *yonisomanasikāra*.	hyphens alternating the particles နှင့် / ၏ rendered as two readings; trailing ၏ after ခြင်း read as a misprint
135610	yonisomanasikārasampadāsutta	ယောနိသောမနသိကာရသမ္ပဒါသုတ်၊ အာရုံတက်ခြင်းသည် နေထွက်မည့် ပုဗ္ဗနိမိတ် (ရှေးဦးဖြစ်ပော်သည့်အကြောင်း) ဖြစ်သကဲ့သို့ ယောနိသောမနသိကာရ နှင့် ပြည့်စုံခြင်းသည် မဂ္ဂင်ရှစ်ပါးတရားတော်ဖြစ်ပော်မည့် ပုဗ္ဗနိမိတ်	el *yonisomanasikārasampadāsutta*; así como el despuntar del alba es el *pubbanimitta* (la causa que aparece antes) de la salida del sol, el estar dotado de *yonisomanasikāra* es el *pubbanimitta* de la aparición de los estados de los ocho *maggaṅga*	the *yonisomanasikārasampadāsutta*; just as the dawn is the *pubbanimitta* (the cause that appears beforehand) of the sunrise, being endowed with *yonisomanasikāra* is the *pubbanimitta* of the arising of the states of the eight *maggaṅga*	truncated in the source; ဖြစ်ပော် read as ဖြစ်ပေါ်; အာရုံတက်ခြင်း read as dawn (အရုဏ်တက်ခြင်း)
135613	yonisomanasikārasutta	(၁) ယောနိ သောမနသိကာရသုတ်၊ အသင့်အားဖြင့် နှလုံးသွင်းသော သူအား မဖြစ်ပော်သေး သော ဗောဇ္ဈင်တရားများဖြစ်ပော်နိုင်ပုံနှင့် ဖြစ်ပော်ပြီးသော ဗောဇ္ဈင်တရားများ ပွါးများမှုပြည့်စုံနိုင်ပုံကို ဟော-သော-ရာ-သုတ်။	(1) el *yonisomanasikārasutta*; el *sutta* que expone / en que se expone cómo en quien atiende de modo apropiado pueden surgir los estados de *bojjhaṅga* aún no surgidos y cómo los estados de *bojjhaṅga* ya surgidos pueden llegar a la plenitud de su cultivo.	(1) the *yonisomanasikārasutta*; the *sutta* that teaches / in which is taught how, in one who attends appropriately, *bojjhaṅga* states not yet arisen can arise and how *bojjhaṅga* states already arisen can reach the fulfilment of their development.	ဖြစ်ပော် read as ဖြစ်ပေါ်; (1) without (2)
135614	yonisomanasikārahetuka	ယောနိသောမနသိကာရ-လျှင်-ဟု ဆိုအပ်သော-အကြောင်းရှိသော (ကုသိုလ်,ပသာဒ)	(lo sano, *pasāda*) que tiene como causa lo que se llama *yonisomanasikāra*.	(the wholesome, *pasāda*) having what is called *yonisomanasikāra* as cause.	hyphens alternating only လျှင် / ဟု merged
135616	yonisomanasikārābhāva	ယောနိသောမနသိကာရဒ မရှိခြင်း။	la ausencia de *yonisomanasikāra*.	the absence of *yonisomanasikāra*.	stray ဒ after the Pāḷi dropped
135617	yonisomanasikārayatta	ယောနိသောမနသိကာရစသောအကြောင်းနှင့်-စပ်-ဆက်စပ်-ဆက်သွယ်-သော။	unido / conectado / relacionado con la causa que comienza por la *yonisomanasikāra*.	joined / connected / related to the cause beginning with *yonisomanasikāra*.	gloss identical to 135615; nothing renders -yatta
135620	yonisosaṁvidhāna	(က)အသင့်- သင့်လျော်သော နှ ယောဗ္ဗညံ ၍-က-ကအားဖြင့်- ( သင့်- သင့်လျော် သော အကြောင်း နည်းလမ်း - အားဖြင့်) ဤ (အကြောင်း - နည်းလမ်း - မူန်အားဖြင့်) စီရင်-စီမံ-ပြုကျင့် ခြင်း။ (ခ) အကြောင်း နည်းလမ်း- မှန်ဖြစ်သော- စီရင်- စီမံ ပြုကျင့်-ခြင်း။ (က) (ခ) ယောနိသော သံဝိဓာနေန။ ထေရ။ ၂၇၁။ ထေရ၊ဋ္ဌ၊ ၂။ ၁၉။	(a) el disponer / organizar / practicar de manera apropiada / conveniente … (por una causa / un método apropiado / conveniente) (por una causa / un método correcto). (b) el disponer / organizar / practicar que es por una causa / un método correcto. (a) (b) *yoniso saṁvidhānena*.	(a) arranging / managing / practising in a fitting / suitable way … (by a fitting / suitable cause / method) (by a correct cause / method). (b) arranging / managing / practising by a correct cause / method. (a) (b) *yoniso saṁvidhānena*.	(a) garbled: 'နှ ယောဗ္ဗညံ ၍-က-ကအားဖြင့်' and a stray ဤ not rendered (the first looks like text from yobbañña); မူန် read as မှန်; citations ထေရ။ ၂၇၁ etc. dropped
135621	yonisosammappadhāna	(၁)အစီအရင်-နည်း လမ်း-အကြောင်း-မှန်အားဖြင့် ဖြစ်သောလုံ့လ,ဝီရိယ။ (၂)အစီအရင်-နည်းလမ်း -အကြောင်း-မှန်အားဖြင့် ဖြစ်သည့်အကြောင်းဖြစ်သောလုံ့လ,ဝီရိယ။ (အကျယ် ပါ)	(1) esfuerzo, *vīriya* que se produce por un procedimiento / método / causa correcto. (2) esfuerzo, *vīriya* que es causa de lo que se produce por un procedimiento / método / causa correcto. (extenso)	(1) effort, *vīriya* arising by a correct procedure / method / cause. (2) effort, *vīriya* that is the cause of what arises by a correct procedure / method / cause. (in full)	'(အကျယ် ပါ)' unclear, perhaps '(အကျယ်ကြည့်ပါ)' 'see the full account'; rendered literally
135626	yobbana	(၁)ပျိုနု-ပျိုမျစ်နုနယ်-သော။ (န) (၂) (က) ပျိုနု-ပျိုမျစ်နုနယ်-သည်၏ အဖြစ်၊ သိမြင်လိမ္မာသော အချိန်အခါ။ (ခ) ပျိုနု-ပျိုမျစ်နုနယ်-သည်၏ အဖြစ်၊ ပဌမအရွယ်။ (ဂ) ပျိုနု-ပျိုမျစ် နုနယ်သည်၏ အဖြစ်၊ အမှုကိစ္စကို ပြုလုပ်ဆောင်ရွက်နိုင်သော အချိန်အခါ။ (ဃ)ပျိုနု-ပျိုမျစ်နုနယ်-သည်၏အဖြစ်၊ ကိုယ်၏တင့်တယ်လှပသော ဂုဏ်။ (င)ပျိုနု-ပျိုမျစ်နုနယ်-သည်ဒ အဖြစ်- မာန်မူ-မာန်ယစ်ခြင်း။	(1) joven / tierno y lozano. (neutro) (2) (a) el hecho de ser joven / tierno y lozano; la época en que se es entendido y sensato. (b) el hecho de ser joven / tierno y lozano; la primera edad. (c) el hecho de ser joven / tierno y lozano; la época en que se pueden realizar los asuntos. (d) el hecho de ser joven / tierno y lozano; la cualidad de la belleza / hermosura del cuerpo. (e) el hecho de ser joven / tierno y lozano / el enorgullecerse / embriagarse de orgullo.	(1) young / youthful and tender. (neuter) (2) (a) the state of being young / youthful and tender; the time when one is knowing and sensible. (b) the state of being young / youthful and tender; the first age of life. (c) the state of being young / youthful and tender; the time when one can carry out affairs. (d) the state of being young / youthful and tender; the quality of the grace / beauty of the body. (e) the state of being young / youthful and tender / being proud / intoxicated with pride.	သည်ဒ in (e) read as သည်၏
135629	yobbanapatta	ပျိုနုသည်၏အဖြစ်လျှင်-ပျိုနုသော သူ၏ အဖြစ်ဟူသော-အကြောင်းရှိသော။	que tiene como causa el hecho de ser joven / el hecho de ser una persona joven.	having as cause the state of being young / the state of being a young person.	gloss identical to yobbananimitta; nothing renders -patta ('reached'); possibly shifted
135630	yobbanappatta	ပျိုနုသည်၏အဖြစ်လျှင်-ပျိုနုသော သူ၏ အဖြစ်ဟူသော-အကြောင်းရှိသော။	que tiene como causa el hecho de ser joven / el hecho de ser una persona joven.	having as cause the state of being young / the state of being a young person.	gloss identical to yobbananimitta; nothing renders -ppatta ('reached'); possibly shifted
135631	yobbanapīl̤aka	ပျိုနုသောအရွယ်၌-ဖြစ်ပော်-ပေါက်-သော-သွေးစုနာ-ထွတ်အိုင်းနာ၊ ဝက်ခြံ။	absceso sanguíneo / pústula que surge / brota en la edad joven; acné.	blood boil / pustule that arises / breaks out in youth; acne.	ဖြစ်ပော် read as ဖြစ်ပေါ်
135632	yobbannapīl̤aka	ပျိုနုသောအရွယ်၌-ဖြစ်ပော်-ပေါက်-သော-သွေးစုနာ-ထွတ်အိုင်းနာ၊ ဝက်ခြံ။	absceso sanguíneo / pústula que surge / brota en la edad joven; acné.	blood boil / pustule that arises / breaks out in youth; acne.	ဖြစ်ပော် read as ဖြစ်ပေါ်
135633	yobbanappatti	ပျိုနုသည်၏အဖြစ်-သောအရွယ်-သို့ရောက်ခြင်း။	el llegar a el hecho de ser joven / la edad joven.	reaching being young / the age of youth.	'ပျိုနုသည်၏အဖြစ်-သောအရွယ်' read as ပျိုနုသည်၏အဖြစ်-ပျိုနုသောအရွယ်
135646	ra	၄၁-လုံးသော အက္ခရာတို့တွင် ၃၅-လုံးမြောက်,ဗျည်း ၃၃-လုံးတို့တွင် ၂၇-လုံးမြောက်,ကဏ္ဍဇစသော ၆-မျိုးတို့တွင် လျှာထိပ် (=အထက်သွားဖုံးရင်း အစ အာထိပ်အရပ်)၌ ဖြစ်သော မုဒ္ဓဇ,ဝဂ်အက္ခရာ,အဝဂ် အက္ခရာ ၂-မျိုးတို့တွင် အဝင်္ဂ၊ အဝဂ်အက္ခရာ၈-လုံးတို့တွင် ဒုတိယ၊ ဃောသ,အဃောသ ၂-မျိုးတို့တွင် ဃောသ၊ ဇိဝှါမဇ္ဈစသော ကရိုဏ်း ၄-မျိုးတို့တွင် ဇိဝှေါပဂ္ဂကရိုဏ်း၊ ဝံဝုတစသော ပယတ် ၄-မျိုးတို့တွင် လျှာထိပ် (=အာထိပ်) အရပ်၌ လျှာဖျား၏အနီးအရစ်ဖြင့် စဉ်းငယ်ထိစေ၍ ရွတ်အပ်သော ဤသံဖုဋ္ဌ ပယတ်၊ ပုဗ္ဗာသယဗျည်း,ပရာသယဗျည်း ၂-မျိုးတို့တွင် နောက်သရကို မှီသော ဝရာသယဗျည်း။	entre las 41 letras, la 35.ª; entre las 33 consonantes, la 27.ª; entre las 6 clases que comienzan por *kaṇḍaja*, la *muddhaja*, que se produce en la punta de la lengua (= la parte alta del paladar, que comienza en la raíz de las encías de los dientes superiores); entre las 2 clases, letras de *vagga* y letras fuera de *vagga*, *avagga*; entre las 8 letras fuera de *vagga*, la segunda; entre las 2 clases, *ghosa* y *aghosa*, *ghosa*; entre los 4 *karaṇa* que comienzan por *jivhāmajjha*, el *karaṇa* *jivhopagga*; entre los 4 *payatana* que comienzan por *vaṁvuta*, el *payatana* *īsaṁphuṭṭha*, que se pronuncia tocando ligeramente la región de la punta de la lengua (= la parte alta del paladar) con el borde cercano a la punta de la lengua; entre las 2 clases, consonante *pubbāsaya* y consonante *parāsaya*, la consonante *parāsaya*, que se apoya en la vocal siguiente.	among the 41 letters, the 35th; among the 33 consonants, the 27th; among the 6 kinds beginning with *kaṇḍaja*, the *muddhaja*, produced at the tip of the tongue (= the top of the palate, beginning at the root of the gums of the upper teeth); among the 2 kinds, *vagga* letters and non-*vagga* letters, *avagga*; among the 8 non-*vagga* letters, the second; among the 2 kinds, *ghosa* and *aghosa*, *ghosa*; among the 4 *karaṇa* beginning with *jivhāmajjha*, the *jivhopagga* *karaṇa*; among the 4 *payatana* beginning with *vaṁvuta*, the *īsaṁphuṭṭha* *payatana*, pronounced by lightly touching the region of the tip of the tongue (= the top of the palate) with the edge near the tip of the tongue; among the 2 kinds, *pubbāsaya* consonant and *parāsaya* consonant, the *parāsaya* consonant, which rests on the following vowel.	the letter ra; အဝင်္ဂ read as အဝဂ္ဂ, ဝရာသယ as ပရာသယ; လျှာထိပ် 'tip of the tongue' as the place of a muddhaja looks like a slip for အာထိပ် (roof of the mouth), rendered as printed; ဝံဝုတ copied as printed (perhaps သံဝုတ); ကရိုဏ်း, ပယတ် romanised karaṇa, payatana
135647	ra	ဤ ရ-အက္ခရာသည် (၁) အခြားဗျည်းများနှင့်မရောဘဲ သူ့ချည်း သက် သက် တည်သော (သုဒ္ဓ) ရအက္ခရာ၊ (၂) က,ခစသော အခြားဗျည်းများနှင့် ယှသ်တွဲ၍ တည်သော (သံယောဂဝန္တ)ရ-အက္ခရာဟူ၍-၂-မျိုးရှိ၏။ ထိုတွင်- (၁) ရ-သည် (က) ပုဒ်အစ၌တည်သော ရ၊ (ခ) ပုဒ်၏အလယ်၌ တည်သော ရ၊ (ဂ) ပုဒ်၏အဆုံး၌တည်သော ရ-ဟူ၍ ၃-မျိုးရှိ၏။ မူရင်းကြည့်ပါ။	Esta letra *ra* es de 2 clases: (1) la letra *ra* (*suddha*) que está sola, por sí misma, sin mezclarse con otras consonantes; (2) la letra *ra* (*saṁyogavanta*) que está unida a otras consonantes como *ka*, *kha*. De ellas, (1) la *ra* es de 3 clases: (a) la *ra* que está al comienzo de la palabra; (b) la *ra* que está en medio de la palabra; (c) la *ra* que está al final de la palabra. Véase el original.	This letter *ra* is of 2 kinds: (1) the letter *ra* (*suddha*) standing alone, by itself, unmixed with other consonants; (2) the letter *ra* (*saṁyogavanta*) standing joined to other consonants such as *ka*, *kha*. Of these, (1) the *ra* is of 3 kinds: (a) the *ra* at the beginning of a word; (b) the *ra* in the middle of a word; (c) the *ra* at the end of a word. See the original.	ယှသ် read as ယှဉ်; 'see the original' rendered literally
135648	ra	လာသော (အာဂုမ်)ရ။ (ကစ္စည်း။ ၃၅။ နီတိ၊ သုတ္တ။ ၅၆)။	*ra* que se añade (*āgama*).	*ra* that comes in (*āgama*).	citations (ကစ္စည်း။ ၃၅။ နီတိ…) dropped
135650	ra	လိင်,ဓာတ်တို့နောင် စီရင်အပ်သော ပစ္စည်း ဖြစ်သော ရ။ ၎င်း-ရသည် (၁) တဒွိတ်ပစ္စည်း-ရ။ (၂) အာချာတ်ပစ္စည်း-ရ။ (၃)ကိတ်ပစ္စည်း-ရ-ဟူ၍ ၃-မျိုးရှိသည်။ ထိုတွင်-တဒွိတ်ပစ္စည်း ရ-သည် (က) သား,သမီး,အဆက် အနွှယ်ဟူသော အပစ္စ အနက်၊ (ခ) အထူးပြုသော ဝိသေသအနက်၊ (ဂ) ရှိရာ ဟူသော အဿတ္တိအနက်၊ (ဃ) အလိုရှိတတ်သော အတ္တိကအနက်တို့၌ ဖြစ်၏။ မူရင်းကြည့်ပါ။	*ra* que es un sufijo dispuesto tras *liṅga* y *dhātu*. Esa *ra* es de 3 clases: (1) el sufijo *taddhita* *ra*. (2) el sufijo *ākhyāta* *ra*. (3) el sufijo *kita* *ra*. De ellos, el sufijo *taddhita* *ra* aparece en: (a) el sentido *apacca*, es decir hijo, hija, descendencia; (b) el sentido *visesa*, que especifica; (c) el sentido *assatti*, es decir 'donde hay'; (d) el sentido *attika*, que suele desear. Véase el original.	*ra* that is a suffix placed after *liṅga* and *dhātu*. That *ra* is of 3 kinds: (1) the *taddhita* suffix *ra*. (2) the *ākhyāta* suffix *ra*. (3) the *kita* suffix *ra*. Of these, the *taddhita* suffix *ra* occurs in: (a) the *apacca* sense, namely son, daughter, descendant; (b) the *visesa* sense, specifying; (c) the *assatti* sense, namely 'where there is'; (d) the *attika* sense, apt to desire. See the original.	ပစ္စည်း here is the grammatical suffix (paccaya), rendered sufijo / suffix; 'see the original' rendered literally
135651	ra	ရာ,ရိ,ရီ,ရု,-ဓာတ်တို့၌ပါသော ရ-အက္ခရာ။ မူရင်းကြည့်ပါ။	la letra *ra* contenida en las *dhātu* *rā*, *ri*, *rī*, *ru*. Véase el original.	the letter *ra* contained in the *dhātu* *rā*, *ri*, *rī*, *ru*. See the original.	'see the original' rendered literally
135653	ra	နျစ်ခုသင်္ချာဟော ရ။	*ra* que expresa el número dos.	*ra* expressing the number two.	နျစ် read as နှစ်
135654	ra	(ပု) (၁) အလိုရှိခြင်း။ (၂)ရာဂမီး၊ မီး။ (န) (၃)မျက်နှာ။ မူရင်းကြည့်ပါ။	(masculino) (1) el desear. (2) el fuego de *rāga*; fuego. (neutro) (3) rostro. Véase el original.	(masculine) (1) desiring. (2) the fire of *rāga*; fire. (neuter) (3) face. See the original.	'see the original' rendered literally
135656	ra	ရွေ။	‹ရွေ›.	‹ရွေ›.	ရွေ unclear; perhaps ရွှေ 'gold'
135659	ra	ဆန်းကျမ်းလာရ-ဂိုဏ်း။	el *gaṇa* *ra* que aparece en los tratados de métrica.	the *ra* *gaṇa* found in the treatises on prosody.	ဂိုဏ်း read as the metrical gaṇa
135665	raṁsijālaparikkhitta	ရောင်ခြည်တော်တည်းဟူသော ကွန်ယက်-ကွန်ယက်နှင့်တူသောရောင်ခြည်တော်-တို့-ဖြင့်-သည်-ဝန်းရံအပ် သော။	rodeado por los rayos de luz, que son una red / semejantes a una red.	surrounded by the rays of light that are a net / like a net.	hyphens alternating only the particles တို့ / ဖြင့် / သည် merged
135669	raṁsijālasamujjala	ရောင်ခြည်တော်ကွန်ယက်တို့ဖြင့် ရောပြွမ်းသော ရောင်ခြည်တော်ကွန်ယက်ရှိသော။	que tiene una red de rayos de luz entremezclada con las redes de rayos de luz.	having a net of rays of light mingled with the nets of rays of light.	ရောပြွမ်း 'mingled' for samujjala ('blazing'); rendered as printed
135670	raṁsijālasamotthaṭa	ရောင်ခြည်တော်ကွန်ယက်-တို့-ဖြင့်-သည်-ဖုံးလွှမ်းအပ်သော၊ ဖုံးလွှမ်းသော ရောင်ခြည် တော်ကွန်ယက်ရှိသော။	cubierto por las redes de rayos de luz; que tiene una red de rayos de luz que cubre.	covered by the nets of rays of light; having a covering net of rays of light.	hyphens alternating only the particles တို့ / ဖြင့် / သည် merged
135673	raṁsiphusitāvel̤a	ရောင်ခြည်တော်=တို့-ဖြစ်သေည့်-တွေ့ထိအပ်သော-ဦးစိုက်-ပန်း-ဦးဆောက်ပန်း- ရှိသော။	que tiene una flor / guirnalda para la cabeza tocada por los rayos de luz.	having a head flower / head garland touched by the rays of light.	garbled: '=တို့-ဖြစ်သေည့်-' not rendered; ဦးစိုက်-ပန်း-ဦးဆောက်ပန်း read as head flower / head garland
135688	rakkha	(၁) စောင့်ရှောက်တတ်သော၊ သူ။ (ပု) (၂) စောင့်ရှောက်ခြင်း။ မူရင်းကြည့်ပါ။	(1) que suele proteger (dicho de una persona). (masculino) (2) el proteger. Véase el original.	(1) apt to protect (said of a person). (masculine) (2) protecting. See the original.	'see the original' rendered literally
135691	rakkhaṇa	(၁) စောင့်ရှောက်-ထိန်းသိမ်း-တတ်သော၊ သူ။ (၂) စောင့်ရှောက်-ထိန်းသိမ်း-လုံခြုံ စေ-အပ်သော။ (န) (၃) စောင့်ရှောက်-ရာ-ကြောင်း။ (၄) စောင့်ရှောက်ရာ (ကာလ,ဌာန)။ (ထီ၊န) (၅)ထိန်းသိမ်း-စောင့်ရှောက်-ခြင်း။ (၆) တားမြစ် ခြင်း။ မူရင်းကြည့်ပါ။	(1) que suele proteger / guardar (dicho de una persona). (2) protegido / guardado / puesto a salvo. (neutro) (3) el lugar en que / la causa por la que se protege. (4) (el tiempo, el lugar) en que se protege. (femenino, neutro) (5) el guardar / proteger. (6) el prohibir. Véase el original.	(1) apt to protect / guard (said of a person). (2) protected / guarded / made safe. (neuter) (3) the place where / the cause by which one protects. (4) (the time, the place) in which one protects. (feminine, neuter) (5) guarding / protecting. (6) forbidding. See the original.	'see the original' rendered literally
135693	rakkhaṇakamma	စောင့်ရှောက်တတ်သော-အမှု-ကံ။	acción / *kamma* que suele proteger.	deed / *kamma* apt to protect.	ကံ here in the everyday sense 'deed'
135698	rakkhaṇajjhāsaya	စောင့်ရှောက်ခြင်း၌+အလို-ဆန္ဒ။	el deseo / *chanda* de proteger.	the wish / *chanda* to protect.	stray '+' dropped
135699	rakkhaṇattha	(ပု)(၁)စောင့်ရှောက်ခြင်းဟူသော အကျိုး။	(masculino) (1) el beneficio que es el proteger.	(masculine) (1) the benefit that is protecting.	(1) without (2)
135702	rakkhaṇabhāva	စောင့်ရှောက်ခြင်း၌-အလို-ဆန္ဒ၊ စောင့်ရှောက်လိုခြင်း။	el deseo / *chanda* de proteger; el querer proteger.	the wish / *chanda* to protect; wanting to protect.	gloss looks like that of rakkhaṇajjhāsaya; nothing renders -bhāva
135704	rakkhaṇayogya	(ဣန္ဒြေတို့ကို) စောင့်ရှောက်- စောင့် စည်း -ခြင်း- ငှါ-၌-သင့်လျော်-လျောက်ပတ်-သော၊ သူ။	apropiado / adecuado para / en el guardar / refrenar (las *indriya*) (dicho de una persona).	fit / suited for / in guarding / restraining (the *indriya*) (said of a person).	hyphens alternating the particles ငှါ / ၌ rendered 'para / en'
135705	rakkhaṇayogyapuggalanidassana	စောင့် ရှောက်-စောင့်စည်း-ခြင်း-ငှါ-၌-သင့်လျော်-လျောက်ပတ်-သော ပုဂ္ဂိုလ်ကို ညွှန်ပြကြောင်း (သဒ္ဒါ)။	(palabra) que sirve para señalar a la persona apropiada / adecuada para / en el proteger / refrenar.	(word) serving to point out the person fit / suited for / in protecting / restraining.	hyphens alternating the particles ငှါ / ၌ rendered 'para / en'
135709	rakkhaṇābhabba	စောင့်ရှောက်ခြင်းငှါမထိုက်သော။	no digno de proteger.	not worthy of protecting.	ထိုက် 'worthy' for abhabba ('incapable'); rendered as printed
135714	rakkhati	(၁) စောင့်-စောင့်ရှောက်-၏။ တစ်ဖန်ပြန်၍ စောင့်ရှောက်၏။ (၂) ထက်ဝန်းကျင်မှ စောင့်ရှောက်၏။ (၃) ကြည့်ရှု-စောင်မ-၏။ (၄)လုံခြုံ-ကောင်းစွာလုံခြုံ-စေ၏။ (၅) (ဣန္ဒြေကို) စောင့်စည်း၏။ (၆) (သီလ) စောင့်ထိန်း-စောင့်သုံး-၏။ (၇) (နွား) ထိန်းကျောင်း၏။ (၈) (ဥစ္စာ)ကို ထိန်းသိမ်းစောင့်ရှောက်၏။ (၉) ထိန်း သိမ်းအုပ်ချုပ်၏။ အစိုးရ၏။ အစိုးရသည်၏ အဖြစ်ကို ပြုစေ၏။ အလိုသို့ လိုက်စေ၏။ (၁၀) ခြံရံ၏။ (၁၁) ကာကွယ်-အကာအကွယ်ပြု-၏။ (၁၂)ပိတ်-ပိတ်ဆို့ပိတ်ပင်-တားမြစ်-၏။ (၁၃) ဒဏ်ထား-ဒဏ်တပ်-၏။ (၁၄)(သွား) ခွင့် မပေး၊-ခွင့်မပြု။ (၁၅)ထင်စွာမပြ၊ ထင်စွာမပြု၊ မပြောဆို၊ မပြောကြား၊ ဖုံးကွယ် ထား၏။ ဖုံးလွှမ်းထား၏။ (၁၆) မကုန်ခမ်းအောင် ပြုလုပ်၏။ (၁၇) မပျက် စီးစေမူ၍ ပြောဆို၏။ (၁၈) မပျက်စီးစေတတ်၊ မဖျက်ဆီးတတ်။ (၁၉)ငံ့လင့်-ဆိုင်းငံ့-စောင့်ဆိုင်း-၏။ (၂၀) စောင့်သေး၏။ (ပါရာဇိက) အာပတ်မသင့်သေး။ မူရင်းကြည့်ပါ။	(1) guarda / protege. vuelve a proteger. (2) protege por todos lados. (3) cuida / ampara. (4) pone a salvo / pone bien a salvo. (5) refrena (las *indriya*). (6) observa / guarda (la *sīla*). (7) pastorea (el ganado). (8) guarda y protege (los bienes). (9) gobierna y administra. domina. hace ejercer el dominio. hace seguir su voluntad. (10) rodea. (11) defiende / da protección. (12) cierra / obstruye / prohíbe. (13) impone castigo / impone multa. (14) no da permiso / no permite (ir). (15) no muestra claramente; no hace manifiesto; no dice; no declara; mantiene oculto. mantiene cubierto. (16) hace que no se agote. (17) habla sin dejar que (algo) se pierda. (18) no suele estropear; no suele destruir. (19) espera / aguarda / demora. (20) aún guarda. aún no incurre en la *āpatti* (*pārājika*). Véase el original.	(1) guards / protects. protects again. (2) protects all around. (3) looks after / supports. (4) makes safe / makes well safe. (5) restrains (the *indriya*). (6) observes / keeps (the *sīla*). (7) tends (cattle). (8) keeps and protects (wealth). (9) rules and governs. holds sway. causes dominion to be exercised. causes to follow one's will. (10) surrounds. (11) defends / gives protection. (12) shuts / blocks / forbids. (13) imposes punishment / imposes a fine. (14) does not give leave / does not permit (to go). (15) does not show clearly; does not make manifest; does not say; does not declare; keeps hidden. keeps covered. (16) makes it not run out. (17) speaks without letting (something) be lost. (18) is not apt to spoil; is not apt to destroy. (19) waits / holds back / delays. (20) still keeps. does not yet incur the *pārājika* *āpatti*. See the original.	(17) မပျက်စီးစေမူ၍ ပြောဆို၏ unclear, rendered literally; 'see the original' rendered literally
135718	rakkhanaka	ရက္ခဏက	*rakkhaṇaka*.	*rakkhaṇaka*.	no definition, only a variant spelling of the headword
135733	rakkhasa	(၁) ရက္ခိုသ်သတ္တဝါ၊ ရက္ခိုသ်ဘီလူး၊ ရေစောင့်ဘီလူး။ (၂) ငရဲထိန်း။ မူရင်းကြည့်ပါ။	(1) ser *rakkhasa*; *yakkha* *rakkhasa*; *yakkha* guardián de las aguas. (2) guardián del infierno. Véase el original.	(1) *rakkhasa* being; *rakkhasa* *yakkha*; water-guarding *yakkha*. (2) warden of hell. See the original.	'see the original' rendered literally
135743	rakkhasī	(၁) ရက္ခိုသ်-မြေဘုတ်ဘီလူး-မ။ (၂) ရေစောင့်ဘီလူးမ။	(1) *yakkha* hembra *rakkhasa* / ‹မြေဘုတ်›. (2) *yakkha* hembra guardiana de las aguas.	(1) female *rakkhasa* / ‹မြေဘုတ်› *yakkha*. (2) female water-guarding *yakkha*.	မြေဘုတ် (an earth-dwelling ogre?) kept in Burmese
135745	rakkhā	(၁) အစောင့်အရှောက်၊ စောင့်ရှောက်ခြင်း။ (၂) (က) စောင့်ရှောက်တတ်သော၊ သူ။ (ခ) ရတနာသုတ်။ (ဂ) မောရသုတ်ပရိတ်။ (ဃ) တရား။ (င)ဒါန။ (စ) ဆင်,မြင်း,ရထား,ခြေသည်အပေါင်း။ (ဆ) သုစရိုက်တရား။ မူရင်းကြည့်ပါ။	(1) guardia; el proteger. (2) (a) que suele proteger (dicho de una persona). (b) el *ratanasutta*. (c) el *paritta* *morasutta*. (d) la Enseñanza. (e) *dāna*. (f) el conjunto de elefantes, caballos, carros e infantes. (g) los estados de *sucarita*. Véase el original.	(1) guard; protecting. (2) (a) apt to protect (said of a person). (b) the *ratanasutta*. (c) the *morasutta* *paritta*. (d) the Teaching. (e) *dāna*. (f) the group of elephants, horses, chariots and foot soldiers. (g) *sucarita* states. See the original.	(d) တရား read as the Teaching; could be dhamma / a state; 'see the original' rendered literally
135751	rakkhāpeti	(၁)စောင့်- စောင့်ရှောက်-စေ၏။ (၂)ထိန်း-ထိန်းကျောင်း-ထိန်းသိမ်းစောင့်ရှောက်- စေ ၏။ (၃) (သီလ) စောင့်ထိန်း- စောင့်သုံး-စေ၏။ မူရင်းကြည့်ပါ။	(1) hace guardar / proteger. (2) hace cuidar / pastorear / guardar y proteger. (3) hace observar / guardar (la *sīla*). Véase el original.	(1) causes to guard / protect. (2) causes to keep / tend / keep and protect. (3) causes to observe / keep (the *sīla*). See the original.	'see the original' rendered literally
135761	rakkhāvaraṇagutti	(က)စောင့်ရှောက်ခြင်း,တားမြစ်ခြင်းဟု ဆိုအပ်သော လုံခြုံစေခြင်း။ (ခ) စောင့်ရှောက်ခြင်း-သာလျှင် ဖြစ်သော-ဟူသော-တားမြစ်ခြင်း လုံခြုံစေခြင်း။ မူရင်းကြည့်ပါ။	(a) el poner a salvo llamado el proteger y el prohibir. (b) el prohibir / poner a salvo que es / que consiste solo en proteger. Véase el original.	(a) making safe, called protecting and forbidding. (b) forbidding / making safe which is / which consists only in protecting. See the original.	(b) hyphen chain unclear (-သာလျှင် ဖြစ်သော-ဟူသော-); 'see the original' rendered literally
135768	rakkhita	(၁) ထိန်းသိမ်းစောင့်ရှောက်-စောင့်ထိန်း-တတ်သော။ (၂) စောင့်ရှောက်-လုံခြုံ စေ-အပ်သော။ (၃) စောင့်ရှောက်-ထိန်းကျောင်း-အပ်ရာ(ဌာန)။ မူရင်းကြည့်ပါ။	(1) que suele guardar y proteger / custodiar. (2) protegido / puesto a salvo. (3) (lugar) donde se protege / se cuida. Véase el original.	(1) apt to keep and protect / watch over. (2) protected / made safe. (3) (place) where one protects / tends. See the original.	'see the original' rendered literally
135769	rakkhita	ရက္ခိတမည်သောသူ-(က)ရက္ခိတပစ္စေကဗုဒ္ဓါ၊(ခ)ရက္ခိတမထေရ်၊(ဂ)ဗုဒ္ဓရက္ခိတ မထေရ်၊ (ဃ) ရက္ခိတသတို့သား၊ (င) ရက္ခိတရသေ့၊ (စ) ရက္ခိတ ပုဏ္ဏား လု လင်၊ (ဆ)ရက္ခိတမည်သောကုန်းပြင်။ မူရင်းကြည့်ပါ။	persona llamada *rakkhita*: (a) el *paccekabuddha* *rakkhita*; (b) el *thera* *rakkhita*; (c) el *thera* *buddharakkhita*; (d) el joven de buena familia *rakkhita*; (e) el ermitaño *rakkhita*; (f) el joven brahmán *rakkhita*; (g) la meseta llamada *rakkhita*. Véase el original.	a person named *rakkhita*: (a) the *paccekabuddha* *rakkhita*; (b) the *thera* *rakkhita*; (c) the *thera* *buddharakkhita*; (d) the young gentleman *rakkhita*; (e) the hermit *rakkhita*; (f) the brahmin youth *rakkhita*; (g) the plateau named *rakkhita*. See the original.	(g) a place under 'person named'; ကုန်းပြင် read as plateau; 'see the original' rendered literally
135788	rakkhitabba	စောင့်ရှောက်-အပ်- သင့်- ထိုက်- သည်၏ အဖြစ်။	el hecho de haber de ser guardado / de convenir guardarlo / de merecer ser guardado.	the state of being to be guarded / fit to be guarded / worthy of being guarded.	label တိ, but the gloss is an abstract noun ('the state of being …').
135799	rakkhitamānasāna	စောင့်ရှောက်အပ်သော စိတ်နှလုံးရှိသော။	que tiene la mente guardada.	having a guarded mind.	စိတ်နှလုံး (mind-heart doublet) rendered as 'mind'.
135807	rakkhituṁ	(၁) စောင့်-စောင့်ရှောက်-ထိန်းသိမ်းခြင်းငှါ။ (၂) ကာကွယ်စောင့်ရှောက်-အကာအကွယ် ပြု-ခြင်းငှါ။ (၃) လုံခြုံစေခြင်းငှါ။ (၄) (ဣန္ဒြေ-နှုတ်-ကို) စောင့်စည်းခြင်းငှါ။ (၅) (သီလ) စောင့်ထိန်း- စောင့်သုံး-ခြင်းငှါ။ (၆) ထိန်းသိမ်း အုပ်ချုပ်ခြင်းငှါ။ (၇) (နွား) ထိန်းကျောင်းခြင်းငှါ။ «S1» မူရင်းကြည့်ပါ။	(1) para vigilar / guardar / custodiar. (2) para defender y guardar / dar protección. (3) para poner a salvo. (4) para refrenar (los *indriya* / la palabra). (5) para observar / cumplir (el *sīla*). (6) para controlar y gobernar. (7) para apacentar (las vacas). Véase también [[rakkhita]]. Véase el original.	(1) to watch / guard / keep. (2) to defend and guard / to give protection. (3) to make secure. (4) to restrain (the *indriya* / speech). (5) to observe / keep (*sīla*). (6) to control and govern. (7) to tend (cattle). See also [[rakkhita]]. See the original.	"See the original" rendered literally.
135809	rakkhitukāma	(၁)ထိန်းသိမ်း-စောင့်ရှောက်-ခြင်းငှါအလိုရှိသော၊ ထိန်းသိမ်း-စောင့်ရှောက်-လိုသော။ (၂) (သီလ) စောင့် ထိန်း-စောင့်ထိန်း-စောင့်သုံး-လိုသော။	(1) que desea custodiar / guardar; que quiere custodiar / guardar. (2) que quiere guardar / observar / cumplir (el *sīla*).	(1) wishing to keep / guard; wanting to keep / guard. (2) wanting to guard / observe / keep (*sīla*).	(2) first alternative printed 'စောင့် ထိန်း' (split), duplicating စောင့်ထိန်း; rendered 'guard'.
135822	rakkhīyanti	ရက္ခိ(ရက္ခီ)ယတိ-ကြည့်	Véase [[rakkhiyati]] (*rakkhīyati*).	See [[rakkhiyati]] (*rakkhīyati*).	'see X' left in the Burmese, printed ရက္ခိ(ရက္ခီ)ယတိ-ကြည့်; split into the two spellings. Label ကမ္မ၊ကြိ (passive verb).
135834	raghu	မင်း၊ ရှင်ဘုရင်။ ရဃ်တိပဝတ္တတိရာဇဓမ္မေတိ ရဃု၊ ရာဇာ။ ဏွာဒိ။ ၆။	rey; monarca. *raghtipavattatirājadhammeti raghu*, *rājā*.	king; monarch. *raghtipavattatirājadhammeti raghu*, *rājā*.	Pāḷi derivation copied; source tag ဏွာဒိ။ ၆ dropped as a citation.
135836	raṅga	(ပု)(၁) ပွဲသဘင် သီဆိုကပြရာအရပ်၊ ဇာတ်ရုံ၊ ရုပ်ရှင်ရုံ။ (၂)နျစ်သက်-တပ်မက်-ခြင်း။ (န) (၃) ဆိုးဆေး၊ အရောင်တင်-ခြင်း။ (၄) ဆေးဆိုး-အရောင်-တင်-ခြင်း။ (ပု) (၃) ဆိုးဆေးအရောင်-တင်-ခြင်း။ မူရင်းကြည့်ပါ။	(masculino) (1) fiesta / lugar donde se canta y se danza; teatro; sala de cine. (2) el deleitarse / el apegarse. (neutro) (3) tinte; el dar color. (4) el teñir / el dar color. (masculino) (3) tinte / el dar color. Véase el original.	(masculine) (1) festival / place where singing and dancing are performed; theatre; cinema. (2) delighting / being attached. (neuter) (3) dye; colouring. (4) dyeing / colouring. (masculine) (3) dye / colouring. See the original.	"See the original" rendered literally. Sense (3) numbered twice as printed; နျစ်သက် read as နှစ်သက်.
135837	raṅgakāra	ပန်းဆိုး-ဆေးသုတ်-ပန်းချီ-ဆေးဆိုးပန်းရိုက်-သမား။	pintor decorador / pintor de brocha / pintor artista / tintorero y estampador.	decorative painter / paint-applier / artist painter / dyer and printer.	ပန်းဆိုး rendered 'decorative painter'; uncertain.
135838	raṅgakkhama	(၁)ဆေးဆိုးခြင်းငှါခံ့+ဆေးဆိုး၍ဖြစ်နိုင်-သော။ (၂) နျစ်သက်-တပ်မက်-ခြင်းငှါခံ့သော။	(1) apto para el teñido + que se puede teñir. (2) apto para deleitarse / apegarse.	(1) fit for dyeing + that can be dyed. (2) fit for delighting / being attached.	'+' kept as printed; နျစ်သက် read as နှစ်သက်.
135850	raṅgājīva	ပန်းချီ-ပန်းဆိုး-သမား (ကချေသည်၊ သဘင်သည်)။	pintor / pintor decorador (bailarín, artista de espectáculos).	painter / decorative painter (dancer, entertainer).	ပန်းဆိုး rendered 'decorative painter'; uncertain.
135857	racayati	(၁)ပြု၏၊ စီရင် ရေးသား၏၊စီကုံးနှုံးဖွဲ့၏။ (၂)(ဆံပင်)ထုံးဖွဲ့၏။ ဆင်ယင်ထုံးဖွဲ့၏။ (၃) ပြုပြင် စီရင်-စီမံ-ခန့်ခွဲ-၏။ (၄)(ပန်း)သီကုံး၏။ (၅)တိုးပွါး-ပြည့်-စေ၏။ (အကျယ် ပါ)	(1) hace; compone y escribe; versifica. (2) recoge en moño (el cabello). Adorna y recoge en moño. (3) arregla / dispone / administra. (4) ensarta (flores). (5) hace crecer / llenar. (en extenso)	(1) makes; composes and writes; versifies. (2) ties up (the hair). Adorns and ties up. (3) arranges / organises / manages. (4) strings (flowers). (5) causes to increase / to be full. (at length)	final '(အကျယ် ပါ)' rendered literally '(at length)'; purpose unclear.
135862	racita	(၁) ပြည့်စေ-ဖြည့်အပ်သော။ (၂)ဆင်ယင်ထုံးဖွဲ့အပ်သော။ (၃)ပြုလုပ်အပ်သော။ (၄)စီရင် ရေးသားစီကုံးနှုံးဖွဲ့-အပ်သော။ (၅) ရေးဆွဲအပ်သော။ မူရင်းကြည့်ပါ။	(1) llenado / completado. (2) adornado y recogido en moño. (3) hecho. (4) compuesto y escrito / versificado. (5) dibujado. Véase el original.	(1) made full / filled. (2) adorned and tied up. (3) made. (4) composed and written / versified. (5) drawn. See the original.	"See the original" rendered literally.
135874	racchāgahaṇa	ရစ္ဆာသဒ္ဒလမ်းခရီးကို ယူခြင်း ရစ္ဆာဝါသိ-ကြည့်။	el tomar la palabra *racchā* como 'camino'. Véase [[racchāvāsi]].	taking the word *racchā* as 'road'. See [[racchāvāsi]].	"see X" left in the Burmese.
135880	raja	(၁) မြူ၊ မြူမှုန်၊ ရေမာဏုမြူ၊ အဏုမြူ၊ အညစ်အကြေး၊ ဖုံမှုန့်။ (၂) (က) ရာဂ စသော ကိလေသာဟူသော-မြူ-အညစ်အကြေး၊ မြူ-အညစ်အကြေး-နှင့်-တူသော ရာဂစသော ကိလေသာ။ (ခ) ဒုက္ခဝေဒနာကို ဖြစ်စေတတ်သော ကံ၊ အကုသိုလ်ကံ။ (ဂ)မေ့လျော့-သတိလွတ်-သတိကင်း-ခြင်း။ (၃)မြူနှင့်တူသော ကာမဂုဏ်။ (၄) မြူ-ဖုံ-သုတ်စရာ ပုဆိုးကြမ်း၊ ခြေသုတ်ပုဆိုး၊ ခြေသုတ်ခုံ။ (၅) သုတ်သွေး။ (၆)မိန်းမ တို့၏ ဥတုပန်း-ရာသီပန်း-ရာသီသွေး။ (၇) (မင်းတို့၏ ပကတိကြောင့် ဖြစ် သော သတ္တိ,ရာဇတမ-ဟူသော ဂုဏ် ၃-ခုတို့တွင် ဒုတိယဖြစ်သည့်) ရာဇ ဂုဏ်။ (၈) ပန်းဝတ်မှုန်၊ ပန်းဝတ်ဆံ။ မူရင်းကြည့်ပါ။	(1) polvo; partícula de polvo; polvo ‹ရေမာဏု›; polvo *aṇu*; suciedad; polvo fino. (2) (a) el polvo / la suciedad que es el *kilesa* que comienza por el *rāga*; el *kilesa* que comienza por el *rāga*, semejante al polvo / a la suciedad. (b) el *kamma* que suele producir *dukkhavedanā*; el *kamma* insano. (c) el olvido / la pérdida de la *sati* / la carencia de *sati*. (3) el *kāmaguṇa*, semejante al polvo. (4) paño basto para limpiar el polvo / la tierra; paño para limpiarse los pies; felpudo. (5) semen y sangre. (6) la menstruación / el flujo menstrual / la sangre menstrual de las mujeres. (7) la cualidad *rāja* (la segunda de las 3 cualidades *satti*, *rāja* y *tama*, que surgen de la *pakati* de los reyes). (8) polen; estambre. Véase el original.	(1) dust; dust particle; ‹ရေမာဏု› dust; *aṇu* dust; dirt; fine dust. (2) (a) the dust / dirt that is the *kilesa* beginning with *rāga*; the *kilesa* beginning with *rāga*, like dust / dirt. (b) the *kamma* apt to produce *dukkhavedanā*; unwholesome *kamma*. (c) forgetfulness / losing *sati* / lacking *sati*. (3) the *kāmaguṇa*, like dust. (4) coarse cloth for wiping off dust / dirt; foot-wiping cloth; foot-wiping mat. (5) semen and blood. (6) the menses / menstrual flow / menstrual blood of women. (7) the quality *rāja* (the second of the 3 qualities *satti*, *rāja* and *tama*, arising from the *pakati* of kings). (8) pollen; stamen. See the original.	"See the original" rendered literally. ရေမာဏုမြူ unclear (perhaps ပရမာဏု); (5) သုတ်သွေး may mean semen alone; (7) the Sāṅkhya guṇas (sattva, rajas, tamas), 'of kings' (မင်းတို့၏) as printed, perhaps a misprint.
135883	rajaka	(၁) ကဝါသည်။ ခဝါသည်၊ အဝတ်လျော်သူ။ ပင်းမင်းသမား၊ (၂) ပန်း ဆိုးသမား၊ ဆေးဆိုးပန်းရိုက်သမား၊ (၃) ခဝါထုပ်။	(1) lavandero. Lavandero; el que lava la ropa. ‹ပင်းမင်းသမား›; (2) tintorero; tintorero y estampador; (3) hato de ropa del lavandero.	(1) washerman. Washerman; one who washes clothes. ‹ပင်းမင်းသမား›; (2) dyer; dyer and printer; (3) washerman's bundle.	ပင်းမင်းသမား unclear; ပန်းဆိုးသမား rendered 'dyer' here (rajaka), whereas 135837 and 135850 have 'decorative painter': reviewer to unify.
135885	rajakattharaṇa	ကဝါ(ခဝါ)သည်တို့၏ အဝတ်ဖြင့် လှမ်း ရာ ဆိပ်(ကမ်း)၊ ကဝါ (ခဝါ) ဆိပ် ()။	el embarcadero (la orilla) donde los lavanderos tienden la ropa; el embarcadero de los lavanderos ().	the landing (bank) where the washermen spread out the clothes; the washermen's landing ().	empty () as printed.
135887	rajakadoṇi	ကဝါ(ခဝါ)သည်တို့၏-စကျင်- စကျင်- စည်ပိုင်း၊ ဆိုးရေစကျင်း၊ ဆိုးရေစည်ပိုင်း၊ ကဝါ(ခဝါ) ဖွပ်သောကျင်း။	la artesa / la artesa / la tina de los lavanderos; la artesa de tinte; la tina de tinte; la artesa en que lavan los lavanderos.	the trough / trough / tub of the washermen; dye trough; dye tub; the trough in which washermen wash.	စကျင် printed twice (read as စကျင်း, trough).
135897	rajata	(၁) (ပကတိ) ငွေ၊ငွေသား၊ ငွေစစ်။ (ငွေအမျိုးမျိုး)။ (၂) (က) အသပြာ၊ ပိုက်ဆုံ၊ ရွှေဒင်္ဂါး၊ငွေဒင်္ဂါး၊ ငွေစက္ကူ။ (ခ)ကြေးနီ  စသည်ဖြင့် ပြုလုပ်အပ်သော ပဲပိုက်ဆံ၊ ကြေးပြားပိုက်ဆုံ၊ (ဂ) သစ်သား-ဝါးခြမ်းစိတ်-ထန်းရွက်စသည်-ဖြင့် ပြုလုပ်အပ်သော-ပိုက်ဆုံ၊ (ဃ) ချိပ်-သစ်စေး-ဖြင့် ပြုလုပ်အပ်သောပိုက်ဆံ၊ (င) ရောင်းဝယ်ရာ၌ အသုံးပြုသော-အရိုး-သားရေ-သစ်သီးစေ့-ဖြင့်ပြုလုပ်အပ်သောပိုက်ဆံ၊ (ပိုက်ဆံအမျိုးမျိုး)။ (၃) (ပကတိ) ရွှေ၊ ရွေစစ်၊ရွှေစင်၊ ရွှေသား၊ ရွှေခေါက် (ရွှေအမျိုးမျိုး)၊ (၄) ဇာတရူပရဇတသုတ်၊ ရွှေငွေနှင့် စပ်လျဉ်း၍ ဟောထားသောသုတ်၊ (၎င်းရဇတ=(ငွေ) သည် လောကီရတနာခုနစ်ပါးတို့တွင် တစ်ပါးအပါအဝင်ဖြစ်သည် ဓာန်။ ၄၉၀။ တစ်နည်း လောကီရတနာ (၁၀) ပါးတို့တွင် တစ်ပါးအပါအဝင်ဖြစ်သည်၊ ဝိ၊ ၂။ မူရင်းကြည့်ပါ။	(1) (en sentido propio) plata; metal de plata; plata pura. (Diversas clases de plata). (2) (a) ‹အသပြာ›; dinero; moneda de oro; moneda de plata; papel moneda. (b) monedas menudas hechas de cobre y demás; monedas de chapa de cobre; (c) dinero hecho de madera / tiras de bambú / hojas de palmera y demás; (d) dinero hecho de laca / resina; (e) dinero usado en la compraventa, hecho de hueso / cuero / semillas; (diversas clases de dinero). (3) (en sentido propio) oro; oro puro; oro refinado; metal de oro; oro en hoja (diversas clases de oro); (4) el sutta *jātarūparajata*; el sutta enseñado en relación con el oro y la plata; (este *rajata* = (plata) es una de las 7 joyas mundanas. O bien, es una de las (10) joyas mundanas; Véase el original.	(1) (literally) silver; silver metal; pure silver. (Various kinds of silver.) (2) (a) ‹အသပြာ›; money; gold coin; silver coin; paper money. (b) small coins made of copper and so on; copper-plate coins; (c) money made of wood / bamboo strips / palm leaves and so on; (d) money made of lac / resin; (e) money used in buying and selling, made of bone / leather / seeds; (various kinds of money). (3) (literally) gold; pure gold; refined gold; gold metal; gold leaf (various kinds of gold); (4) the *jātarūparajata* sutta; the sutta taught concerning gold and silver; (this *rajata* = (silver) is one of the 7 worldly treasures. Alternatively, it is one of the (10) worldly treasures; See the original.	"See the original" rendered literally. အသပြာ is the Burmese name of the kahāpaṇa coin; ပိုက်ဆုံ read as ပိုက်ဆံ; citations ဓာန် 490 and ဝိ 2 dropped; opening parenthesis unclosed as printed.
135898	rajatakaṭāha	ငွေအိုး၊ ငွေဖျဉ်းအိုး။	olla de plata; olla ‹ဖျဉ်း› de plata.	silver pot; silver ‹ဖျဉ်း› pot.	ဖျဉ်း (a kind of vessel) unclear.
135920	rajatadvārakavāṭa	သွေတံခါးရွက်ရှိသော	que tiene hojas de puerta de plata.	having silver door-leaves.	သွေ read as ငွေ (silver).
135928	rajatapaṭṭavaṇṇavālukā	ငွေပြားအဆင်းကဲ့သို့သော အဆင်းရှိသော သဲ၊ ငွေအဆင်းနှင့် တူသော သဲ။ (ဇာတ်ဝတ္ထု)။	arena que tiene un color como el de una lámina de plata; arena semejante al color de la plata. (Relato *jātaka*).	sand having a colour like that of a silver sheet; sand like the colour of silver. (*jātaka* story).	(ဇာတ်ဝတ္ထု) is probably a source note.
135932	rajatapattaparikkhitta	ငွေရက်ငွေပြား-ဖြင့်-ခြံရံ-ဝန်းရံ-အပ်သော။	rodeado / cercado con tejido de plata y láminas de plata.	surrounded / encircled with silver weave and silver sheets.	ငွေရက် read as 'silver weave'.
135938	rajataparikkhita	ငွေ(ချည်)ဖြင့်-ပြု-ပြု-ပြုပြင်-ဆင်ယင်-အပ်သော။	hecho / hecho / arreglado / adornado con (hilo de) plata.	made / made / fashioned / adorned with silver (thread).	ပြု printed twice as alternatives.
135942	rajatapātī	ငွေပြာ-သာဒ်၊ငွေဖြင့်-ပြီး-ပြုလုပ်အပ်- သော ပြာသာဒ်။	palacio de plata; palacio terminado / hecho de plata.	silver palace; palace finished / made with silver.	gloss (palace) does not fit pātī (bowl); probably belongs to rajatapāsāda.
135953	rajatamaṇḍala	ငွေသပိတ်နှီးဝန်း၊ငွေပြား-ဝန်း-ဝိုင်း။	aro de plata para asentar el cuenco de limosnas; lámina / aro / círculo de plata.	silver ring-stand for the alms bowl; silver sheet / ring / circle.	reading of သပိတ်နှီးဝန်း (bowl ring-stand) and of the hyphenated ငွေပြား-ဝန်း-ဝိုင်း uncertain.
135958	rajatamayakaṇṇika	ငွေဖြင့်ပြီးသော အချက်ရှိသော။	que tiene un ‹အချက်› hecho de plata.	having a ‹အချက်› made of silver.	အချက် unclear here (kaṇṇikā: pericarp or pinnacle).
135988	rajana	(၁)ဆိုးရည်ခေါက် (ဆေးဆိုးစရာ သစ်ခေါက်,သစ်ခွံ) (၂)ဆေး ဆိုးခြင်း။ (၃)ဆေးဆိုးရာ(အချိန်၊ ဌာန၊)။ (၄)အညို၊အရွှေစသော) ဆိုးရည်။ (ဆိုးရည်သည်-(၁)မူလရဇန-အမြစ်ဆိုးရည်။ (၂) ခန္ဓရဇန=ပင်စည် ဆိုးရည်။ (၃) ထစရဇန=အခွံအခေါက်ဆိုးရည်။ (၄) ပတ္တရဇန=အရွက်ဆိုးရည်)။ (၅) ပုပ္ဖရဇန=အပွင့်ဆိုးရည်။ (၆) ဖလရဇန-အသီးဆိုးရည်-ဟူ၍ ၆-မျိုးရှိသည်။ မူရင်းကြည့်ပါ။	(1) corteza para tinte (corteza, cáscara de árbol para teñir) (2) el teñir. (3) (el tiempo; el lugar) donde se tiñe. (4) tinte (pardo; dorado y demás). (El tinte: (1) *mūlarajana* = tinte de raíz. (2) *khandharajana* = tinte de tronco. (3) *thacarajana* = tinte de corteza. (4) *pattarajana* = tinte de hoja). (5) *puppharajana* = tinte de flor. (6) *phalarajana* = tinte de fruto; así hay 6 clases. Véase el original.	(1) dye bark (bark, rind of trees for dyeing) (2) dyeing. (3) (the time; the place) where one dyes. (4) dye (brown; golden and so on). (Dye: (1) *mūlarajana* = root dye. (2) *khandharajana* = trunk dye. (3) *thacarajana* = bark dye. (4) *pattarajana* = leaf dye). (5) *puppharajana* = flower dye. (6) *phalarajana* = fruit dye; thus there are 6 kinds. See the original.	"See the original" rendered literally. (4) has an unopened parenthesis in the print, reordered; ထစရဇန as printed (for tacarajana).
135997	rajanakuṇḍa	ကျို-ချက်-ကျက်-ပြီးသားဆိုးရည်ထည့်စရာ- ဖျဉ်အိုး-အိုးကြီး။	la olla ‹ဖျဉ်› / la tinaja para poner el tinte ya hervido / cocido / hecho.	the ‹ဖျဉ်› pot / great jar for holding dye already boiled / cooked / done.	ဖျဉ်အိုး (a kind of pot) unclear.
136007	rajanattha	ဆိုးရည်ဟူသော အကျိုး။	el beneficio que es el tinte.	the benefit, namely dye.	attha here may rather mean 'purpose' (for the sake of dye).
136015	rajanabhājana	ဆိုးရည်-အိုး-ခွက်၊ဆိုးရည်ကျဲသော-အိုး-ခွက်။	la olla / el cuenco de tinte; la olla / el cuenco de tinte diluido.	the dye pot / bowl; the pot / bowl of thin dye.	ဆိုးရည်ကျဲသော read as 'thin (diluted) dye'; uncertain.
136016	rajanamakkhita	ဆိုးရည်(ချိပ်ရည်-ထိန်းညက်ရည်-) ဖြင့် လိမ်းကျံအပ်သော။	untado de tinte (jugo de laca / jugo de ‹ထိန်းညက်›).	smeared with dye (lac juice / ‹ထိန်းညက်› juice).	ထိန်းညက် (a dye substance) unidentified.
136019	rajanasantosa	(သင်္ကန်း)ဆေးဆိုးမှု၌ရောင့်ရဲခြင်း၊ (သင်္ကန်း)ဆေးဆိုးခြင်းဖြင့် ရောင့်ရဲခြင်း။ (သင်္ကန်းဆေးဆိုးလိုသော ရဟန်းသည် ဖအောင်း နက်စသည်ကို ရှာမှီး၍ ဆေးမဆိုးအပ်၊ သောမမည်သော သစ်ခေါက် စသည်တို့တွင်တစ်မျိုးမျိုးကို ရသည်ဖြစ်အံ့။ ထိုသစ်ခေါက်ဖြင့် ဆိုးအပ်၏၊ အကယ်၍ မရသည်ဖြစ်အံ့ တော၌လူတို့စွန့်ပစ်ထားအပ်သော ဆိုးရည်ခေါက်ကို ဖြစ်စေ၊ရဟန်းတို့ ကျိုချက်၍ စွန့်ပစ်ထားအပ်သော ဆိုးရည်ဖတ်ကို ဖြစ်စေ၊ ယူ၍ဆိုးအပ်၏။ ဤကဲ့သို့ သင်္ကန်းဆေးဆိုးခြင်းသည် ရဇနသန္တောသမည်၏)။	el contentamiento con el teñido (de los hábitos); el contentamiento en el teñir (los hábitos). (El monje que desea teñir sus hábitos no debe teñirlos buscando ‹ဖအောင်း›, ‹နက်› y demás; si obtiene alguna de las cortezas y demás llamadas ‹သောမ›, debe teñir con esa corteza; si no la obtiene, debe tomar y teñir con la corteza de tinte que la gente ha desechado en el bosque, o con el residuo de tinte que los monjes han hervido y desechado. Teñir así los hábitos se llama *rajanasantosa*).	contentment with the dyeing (of robes); contentment in dyeing (robes). (A monk who wishes to dye his robes should not dye them by searching for ‹ဖအောင်း›, ‹နက်› and the like; if he obtains one of the barks and so on called ‹သောမ›, he should dye with that bark; if he does not obtain it, he should take and dye with dye bark discarded by people in the forest, or with dye dregs boiled and discarded by monks. Dyeing robes in this way is called *rajanasantosa*.)	dye-plant names ဖအောင်း, နက် and သောမ unidentified (သောမမည်သော may be garbled).
136021	rajanasālā	သင်္ကန်းဆေးဆိုးရာစရပ်၊ ဆိုးရည်တင်း ကျပ်။	la sala donde se tiñen los hábitos; el cobertizo de tinte.	the hall where robes are dyed; dye shed.	တင်းကျပ် read as တင်းကုပ် (shed).
136023	rajanikara	လ၊ လမင်း၊ ရွှေယမင်း။	la luna; el astro lunar; la luna dorada.	the moon; the lord moon; the golden moon.	ရွှေယမင်း read as a poetic name of the moon.
136024	rajaniya	တပ်မက်-နျစ်သက်-ခြင်း၏ အကြောင်း။	la causa del apego / del deleite.	the cause of attachment / delight.	label တိ, but the gloss is a noun.
136025	rajanī	ရဇနိ ရာဂိနောအတြရဇနီ။ ယု၊ ဤ။ ဓာန်၊ ဋီ။ ၆၉။	*rajani rāginoatrarajanī*. (*yu*, *ī*).	*rajani rāginoatrarajanī*. (*yu*, *ī*).	no Burmese gloss: only a Pāḷi derivation with suffix tags ယု, ဤ; citation ဓာန်၊ ဋီ 69 dropped.
136039	rajanul̤uṅka	ဆိုးရေမှုတ်၊ ဆိုးရည်-ခပ်-မွေ့-သော မှုတ်။	cazo para el tinte; cazo con que se saca / se remueve el tinte.	dye scoop; scoop for drawing / stirring the dye.	မှုတ် read as a scoop (coconut-shell ladle); မွေ့ taken as 'stir' (မွှေ?), uncertain.
136043	rajapaṅkasamohita	(ကိလေသာတည်းဟူသော)မြူညွန်ကို ဆေးကြောစွန့်ချပြီးသော။	que ha lavado y desechado el polvo y el fango (que son los *kilesa*).	having washed away and cast off the dust and mire (that are the *kilesa*).	The Burmese 'having washed off' fits samūhata better than samohita; rendered as printed.
136050	rajayiṁ	တပ်စွန်းစေပြီ၊ ဆေးဆိုးပြီ။ «S1»	hice que se apegara / se manchara; teñí. Véase [[rajati]].	I caused to be attached / stained; I dyed. See [[rajati]].	rajayiṁ (-iṁ): rendered in the 1st person.
136062	rajassalā	ဥတုလာသော မိန်းမ၊ ဥတုပန်းပွင့်သော မိန်းမ။	mujer a la que le viene la menstruación; mujer que está menstruando.	a woman whose menses have come; a menstruating woman.	ဥတု here means the menses, not temperature or season.
136072	rajāpeyya	ဆေးဆိုးစေရာ၏။ စေဆိုးစေငြားအံ့။ «S1»	haría teñir. Haría teñir. Véase [[rajati]].	would cause to dye. Would cause to dye. See [[rajati]].	Second gloss printed စေဆိုးစေငြားအံ့, apparently a misprint for ဆေးဆိုးစေငြားအံ့.
136073	rajāpessatha	ဆေးဆိုးစေကုန်ပြီ။	hicieron teñir.	caused to dye (plural).	Burmese gives a past (…ကုန်ပြီ) for the future form rajāpessatha; rendered as printed.
136089	rajesiṁ	ထပ်စွန်းစေပြီ၊ ဆေးစွန်းစေပြီ။ «S1»	hice que se apegara; hice que se manchara de tinte. Véase [[rajati]].	I caused to be attached; I caused to be stained with dye. See [[rajati]].	rajesiṁ (-iṁ): rendered in the 1st person. ထပ်စွန်း read as တပ်စွန်း (misprint?).
136090	rajokiṇṇa	(၁) မြူမှုန်-ဖုံ-တို့ဖြင့် ရောပြွမ်းသော။ (န) (၂) မြူမှုန်-ဖုံ-တို့ဖြင့် ရောပြွမ်းရာ(ဌာန)။ (န) (၂)  «S1»	(1) mezclado con partículas de polvo / polvareda. (neutro) (2) el (sitio) mezclado con partículas de polvo / polvareda. (neutro) (2) Véase [[rajokiṇṇaṭhāna]].	(1) mixed with dust particles / powdery dust. (neuter) (2) the (site) mixed with dust particles / powdery dust. (neuter) (2) See [[rajokiṇṇaṭhāna]].	Garbled tail: '(န) (၂)' printed twice before «S1»; rendered as printed.
136112	rajohata	(၁) ဖျက်ဆီးအပ်သော မြူရှိသော၊ မြူတို့သည် ဖျက်ဆီးပြီးသော။ (၂) မြူတို့သည် ဖျက်ဆီးအပ်သော။ «S1»	(1) que tiene el polvo destruido; que el polvo ha destruido. (2) destruido por el polvo. Véase [[rajohatabhūmi]].	(1) having its dust destroyed; that the dust has destroyed. (2) destroyed by dust. See [[rajohatabhūmi]].	Sense (1) second gloss (မြူတို့သည် ဖျက်ဆီးပြီးသော) is ambiguous: agent 'dust' as printed, though 'whose dust is laid' may be meant.
136114	rajoharaṇa	(က) မြူအညစ်အကြေးကို-ဆောင်-ယူ-သုတ်သင်-ပွတ်တိုက်-သော အဝတ်စုတ်၊ (ခြေသုတ်ပုဆိုး)။ (ခ) မြူအညစ်အကြေးကို-ဆောင်-ယူ-ပယ်-သုတ်သင်-ပွတ်တိုက်-ကြောင်းဖြစ်သော အဝတ်စုတ်၊ (ခြေသုတ်ပုဆိုး)။	(a) trapo que lleva / toma / limpia / frota el polvo y la suciedad (paño para limpiarse los pies). (b) trapo que es medio para llevar / tomar / abandonar / limpiar / frotar el polvo y la suciedad (paño para limpiarse los pies).	(a) a rag that carries / takes / wipes / rubs off dust and dirt (foot-wiping cloth). (b) a rag that is a means of carrying / taking / abandoning / wiping / rubbing off dust and dirt (foot-wiping cloth).	ပယ် here means physical removal; L103 'abandonar / abandon' kept, 'quitar / remove' may read better.
136117	rajja	တပ်မက်-နှစ်သက်-ငြိကပ်-ခြင်း။ ရဇ္ဇိဿရ(၂)ကိုလည်းကြည့်။	el apegarse / deleitarse / adherirse. Véase también [[rajjissara]] (2).	being attached / delighting / clinging. See also [[rajjissara]] (2).	'See also X (2)' left in the Burmese; rendered.
136118	rajjakamma	မင်းသည် ပြုလုပ်အပ်သော-အမှု-ကိစ္စ။ မင်း-မှု-ကိစ္စ	los asuntos / las tareas que realiza el rey. Asuntos / tareas del rey.	the affairs / duties performed by the king. Royal affairs / duties.	Final ။ missing in the print.
136127	rajjagata	တိုင်းနိုင်ငံသို့ သွားသော၊ သူ။	que va al reino (dicho de una persona).	going to the kingdom (said of a person).	Label ကြိ (verb), but the gloss is adjectival.
136142	rajjana	(၁) တပ်မက်-နှစ်သက်-ငြိကပ်-ခြင်း။ (၂) တပ်မက်-နှစ်သက်-ငြိကပ်-ရာ(အရပ်)။ (၂) (တိ)  «S1» (၃) တပ်မက်-နှစ်သက်-တတ်သော။ «S2»	(1) el apegarse / deleitarse / adherirse. (2) el (lugar) donde uno se apega / deleita / adhiere. (2) (adjetivo) Véase [[rajjanaṭṭhāna]]. (3) que suele apegarse / deleitarse. Véase [[rajjanakilesa]].	(1) being attached / delighting / clinging. (2) the (place) where one is attached / delights / clings. (2) (adjective) See [[rajjanaṭṭhāna]]. (3) apt to be attached / delight. See [[rajjanakilesa]].	Sense (2) printed twice; the second '(2) (တိ) «S1»' has no gloss.
136147	rajjanattha	တပ်မက်-နှစ်သက်-ငြိကပ်-ခြင်းအကျိုး။	el beneficio del apegarse / deleitarse / adherirse.	the benefit of being attached / delighting / clinging.	အကျိုး read as attha 'benefit' (L014); could be 'result'.
136154	rajjantarāya	တိုင်းနိုင်ငံ-တိုင်းပြည်-အန္တရာယိ။	el peligro del reino / país.	the danger to the kingdom / country.	Printed အန္တရာယိ, read as အန္တရာယ် 'danger'.
136211	rajjuka	(၁) အလွန်မရှည်သော ကြိုး၊ တို-သေးငယ်-သောကြိုး။ (၂) လျှော်တို့ဖြင့် တစ်ကြိမ်ကျစ်အပ်သောကြိုး။ (၃) ကြိုးစွန်း ကြိုးဖျား။	(1) cuerda no muy larga; cuerda corta / pequeña. (2) cuerda trenzada una vez con cáñamo. (3) el cabo / extremo de la cuerda.	(1) a rope not very long; a short / small rope. (2) a rope twisted once from hemp. (3) the end / tip of a rope.	လျှော် taken as hemp / jute fibre.
136217	rajjugahaṇa	ရဇ္ဇုသဒ္ဒါ၊ ကြိုးကို ယူခြင်း။	la palabra *rajju*; el tomar la cuerda.	the word *rajju*; the taking of a rope.	first sense: gahaṇa as 'the mention of' the word rajju
136230	rajjuyanta	စက်ကြိုးယန္တရား ယန္တရားစက်ကြိုး။	mecanismo de cuerdas; cuerda de mecanismo.	rope machinery; machine rope.	the two glosses stand without ၊ between them; read as alternatives
136242	rañjana	(၁) တပ်မက်-နှစ်သက်-ခြင်း။ (၂) နှစ်သက်,ဝမ်းမြောက်စေ-ခြင်း-တတ်သည်၏အဖြစ်။ (၃) ဆေးဆိုးခြင်း။ (တိ) (၄) နှစ်သက်-တပ်မက်-တတ်သော။ «S1» (၅) နှစ်သက်-ဝမ်းမြောက်-စေတတ်သော။ (၆) ဆေးဆိုးအပ်သော။ «S2»	(1) el apego / el deleite. (2) el hacer que uno se deleite, se alegre / el hecho de soler hacerlo. (3) el teñido. (adjetivo) (4) que suele apegarse / deleitarse. Véase [[rañjanaṭṭha]] (3). (5) que suele hacer que uno se deleite / se alegre. (6) teñido. Véase [[rañjanacol̤aka]].	(1) attachment / delight. (2) the causing to delight, to rejoice / the state of being apt to do so. (3) dyeing. (adjective) (4) apt to be attached / to delight. See [[rañjanaṭṭha]] (3). (5) apt to cause delight / gladness. (6) dyed. See [[rañjanacol̤aka]].	sense (2): hyphens split ခြင်း and တတ်သည်၏အဖြစ် as alternatives
136244	rañjanacol̤aka	ဆေးဆိုးအပ်သော အဝတ်ပုဆိုး၊ ဆိုးရည်ကို ဖျက်သော အဝတ်ပုဆိုး။	tela teñida; tela que quita el tinte.	dyed cloth; cloth that removes the dye.	second gloss ဆိုးရည်ကို ဖျက်သော 'that destroys/removes the dye' unclear
136247	rañjanattha	(၁) ဆေးဆိုးခြင်း အကျိုး။ (၂) နှစ်သက်-ဝမ်းမြောက်စေတတ်သော-အနက်-သဘော။	(1) el fin / beneficio del teñido. (2) el significado / el sentido de 'que suele hacer que uno se deleite, se alegre'.	(1) the purpose / benefit of dyeing. (2) the meaning / sense 'apt to cause delight, gladness'.	အကျိုး here probably 'purpose' (attha); rendered fin / beneficio
136251	rañjanti	ရဉ္ဇတိ-(၁,၂)-ကြည့်။	Véase [[rañjati]] (1, 2).	See [[rañjati]] (1, 2).	'see X' left in the Burmese, with sense numbers
136252	rañjayati	ကြိုက်နှစ်သက်၏၊ နှစ်သိမ့်-ရောင့်ရဲ-ကျေနပ်-၏။	le agrada; está satisfecho / contento / conforme.	likes; is satisfied / content / pleased.	causative headword glossed by the Burmese with plain (non-causative) verbs
136254	rañjita	(၁) တပ်မက်-နှစ်သက်-တတ်သော။ (၂) ဆေးဆိုးအပ်သော။ (၃) လိမ်းကျံအပ်သော။	(1) que suele apegarse / deleitarse. (2) teñido. (3) untado.	(1) apt to be attached / delight. (2) dyed. (3) smeared.	(1) တတ်သော 'apt to' for a past participle is odd; perhaps 'attached / delighted'
136258	rañjituṁ	(၁) ဆေး-ဆိုး-သ-ခြင်းငှါ။ (၂) တပ်မက်-နှစ်သက်-ခြင်းငှါ။ ရဉ္ဇတိ-(၁,၂)-လည်းကြည့်။	(1) para pintar / teñir / colorear. (2) para apegarse / deleitarse. Véase también [[rañjati]] (1, 2).	(1) in order to paint / dye / colour. (2) in order to be attached / delight. See also [[rañjati]] (1, 2).	'see also X' left in the Burmese, with sense numbers
136259	rañjitvā	သုတ်လိမ်း-လိမ်းကျံ-၍။ ရဉ္ဇတိ-(၁,၂)-လည်းကြည့်။	habiendo untado / embadurnado. Véase también [[rañjati]] (1, 2).	having smeared / anointed. See also [[rañjati]] (1, 2).	'see also X' left in the Burmese, with sense numbers; the smearing sense is (4) of rañjati, not (1, 2)
136261	rañjeti	(၁) ငြိကပ်-ငြိတွယ်-စေ၏။ (၂) နှစ်သိမ့်-ရောင့်ရဲ-စေ၏။ (၃) တိုးတက်-ကြီးပွါးစေ၏။ (၄) တပ်စွန်းစေ၏၊ ဆေး-ဆိုး-သ-၏။ (၅) ချမ်းသာ-ပျို့-စေ၏။ (၆) မွေ့လျော်-ပျော်ပိုက်-စေ၏။	(1) hace adherirse / aferrarse. (2) hace estar satisfecho / contento. (3) hace progresar / prosperar. (4) hace quedar manchado; pinta / tiñe / colorea. (5) hace feliz / ‹ပျို့›. (6) hace complacerse / regocijarse.	(1) causes to stick / cling. (2) causes to be satisfied / content. (3) causes to progress / prosper. (4) causes to be stained; paints / dyes / colours. (5) makes happy / ‹ပျို့›. (6) causes to enjoy / rejoice.	(5) ပျို့ ('to feel nauseous') makes no sense here; perhaps a misprint (ပျော် 'happy'?), left in ‹›
136263	rañjenta	(၁) နှစ်သက်-တပ်မက်-စွဲလန်း-စေတတ်သော၊ သူ။ (၂) ငြိကပ်-ငြိတွယ်-စေတတ်သော၊ သူ။	(1) que suele hacer que uno se deleite / se apegue / se aferre (dicho de una persona). (2) que suele hacer que uno se adhiera / se aferre (dicho de una persona).	(1) apt to cause delight / attachment / clinging (said of a person). (2) apt to cause sticking / clinging (said of a person).	စွဲလန်း read as စွဲလမ်း 'cling'
136267	raññaṁ	(၁) မင်းတို့၏။ (၂) မင်းတို့တွင်။ (ရာဇကိုလည်း-ကြည့်)။ ။	(1) de los reyes. (2) entre los reyes. (Véase también [[rāja]].)	(1) of the kings. (2) among the kings. (See also [[rāja]].)	'see also X' left in the Burmese; stray ။ at the end dropped
136268	raññā	(၁) မင်းသည်။ (၂) မင်းနှင့်။ (၃) မင်းဖြင့်၊ မင်းကြောင့်။ «S1»	(1) el rey. (2) con el rey. (3) por el rey; a causa del rey. Véase también [[rāja]].	(1) the king. (2) with the king. (3) by the king; because of the king. See also [[rāja]].	(1) Burmese မင်းသည် marks the king as subject (agent)
136269	raññe	(၁) မင်း၌။ (၂) မင်းသည်။	(1) en el rey. (2) el rey.	(1) in the king. (2) the king.	(2) Burmese မင်းသည် marks the king as subject
136271	rañño	(၁) မင်း၏။ (၂) မင်းသည်။ (၃) မင်းနှင့်။ (၄) မင်းကို။	(1) del rey. (2) el rey. (3) con el rey. (4) al rey (objeto).	(1) of the king. (2) the king. (3) with the king. (4) the king (as object).	(2) Burmese မင်းသည် marks the king as subject
136274	raṭṭha	(၁) တိုင်းပြည်၊ တိုင်းနိုင်ငံ၊ တိုင်းကြီး၊ ပြည်ကြီး၊ မဟာဇနပုဒ်။ (၂) မဟာဇနပုဒ် (တိုင်းပြည်ကြီး)၏ တစ်စိတ်တစ်ဒေသ၊ ခရိုင်၊ နယ်ပယ်။ (၃) ပြွမ်းသော လူရှိ-လူတို့နှင့် ရောပြွမ်း-သော အရပ်ဌာန၊ လူတို့ နေထိုင်ရာအရပ်၊မြို့,ရွာဒေသ။ (၄) တိုင်း-ပြည်-နိုင်ငံ-သူ၊ သား။ (၅) တိုင်းပြည်မှ ထွက်သော အခွန်ဘဏ္ဍာ။	(1) país; reino; gran región; gran país; *mahājanapada*. (2) una parte del *mahājanapada* (gran país); distrito; territorio. (3) lugar donde hay gente abundante / mezclado con gente; lugar donde vive la gente; región de ciudades, aldeas. (4) habitante del país / reino / nación; hijo del país. (5) los impuestos y rentas que provienen del país.	(1) country; kingdom; great region; great land; *mahājanapada*. (2) a part of the *mahājanapada* (great land); district; territory. (3) place where there are many people / mixed with people; place where people live; region of towns, villages. (4) inhabitant of the country / kingdom / nation; son of the land. (5) the taxes and revenue that come from the country.	(4) တိုင်း-ပြည်-နိုင်ငံ-သူ၊ သား read as 'female / male inhabitant'; the hyphenation is loose
136286	raṭṭhapāla	(၁) ပဒုမုတ္တရဘုရားလက်ထက်"သဒ္ဓါပဗ္ဗဇိတဧတဒဂ်ဘွဲ့ရ" ရဋ္ဌပါလအမျိုးကောင်းသား၊ ရဋ္ဌပါလမထေရ်။ (၂) ငါတို့ ဂေါတမဘုရားမပွင့်မီက ရဋ္ဌပါလအမျိုးကောင်းသား။ (၃) ရဋ္ဌပါလသုတ်။	(1) en tiempos del Buddha *padumuttara*, el hijo de buena familia *raṭṭhapāla*, que obtuvo el título "*etadagga* de *saddhāpabbajita*"; el *thera* *raṭṭhapāla*. (2) el hijo de buena familia *raṭṭhapāla*, antes de la aparición de nuestro Buddha *gotama*. (3) el *raṭṭhapālasutta*.	(1) in the time of the Buddha *padumuttara*, the clansman *raṭṭhapāla*, who obtained the title "*etadagga* of *saddhāpabbajita*"; the *thera* *raṭṭhapāla*. (2) the clansman *raṭṭhapāla*, before the appearance of our Buddha *gotama*. (3) the *raṭṭhapālasutta*.	(1) the Burmese places the etadagga title in Padumuttara's time; kept as printed
136287	raṭṭhapāla	တိုင်းပြည်-တိုင်းနိုင်ငံ-ကို စောင့်ရှောက်တတ်သော (၁) အမျိုးအနွယ်၊ ရဋ္ဌပါလအမျိုးအနွယ်။ (၂) မင်း၊ ဘုရင်၊ ဘုရင်မ။ (၁)  «S1»	que suele proteger el país / reino: (1) linaje; el linaje *raṭṭhapāla*. (2) rey; monarca; reina. (1) Véase [[raṭṭhapāla]] (1).	apt to protect the country / kingdom: (1) lineage; the *raṭṭhapāla* lineage. (2) king; monarch; queen. (1) See [[raṭṭhapāla]] (1).	stray '(1)' before «S1» kept as printed; probably refers «S1» to sense 1
136292	raṭṭhapālattheraapadānavaṇṇanā	ရဋ္ဌပါလထေရာ အပဒါန အဖွင့်၊ ရဋ္ဌပါလတ္ထေရ အပဒါန်ကို ဖွင့်ဆို-ရာ-ကြောင်း-ဖြစ်သော ကျမ်း။	comentario al *raṭṭhapālatherā apadāna*; el texto que es el lugar / el medio de la explicación del *raṭṭhapālattheraapadāna*.	commentary on the *raṭṭhapālatherā apadāna*; the text that is the place / the means of explaining the *raṭṭhapālattheraapadāna*.	ထေရာ vs ထေရ spelling kept as printed
136296	raṭṭhapālasutta	ရဋ္ဌပါလသုတ်။ (သဒ္ဓါတရားဖြင့် ရဟန်းပြုသော ထေရ်တို့တွင် အမြင့်မြတ်ဆုံး ဧတဒဂ်ဘွဲ့ထူးကို ရရှိသော ရဋ္ဌပါလထေရ်သည် ဟောကြားအပ်သော သုတ်။	el *raṭṭhapālasutta*. (El sutta expuesto por el *thera* *raṭṭhapāla*, que obtuvo el título especial *etadagga* como el más excelso entre los *thera* que se hicieron monjes por *saddhā*.)	the *raṭṭhapālasutta*. (The sutta preached by the *thera* *raṭṭhapāla*, who obtained the special title *etadagga* as the foremost among the *thera* who became monks through *saddhā*.)	closing bracket missing in the Burmese; supplied
136301	raṭṭhapīl̤anakilesa	(မင်းမျိုးတို့က) တိုင်းသူပြည်သားကို (အခွန်ဘဏ္ဍာ ကောက်ခံခြင်းဖြင့်) ညှဉ်းပန်းနှိပ်စက်ခြင်းကြောင့် ဖြစ်သော-စိတ်ညစ်-စိတ်ပင်ပန်း-ခြင်း။	la aflicción mental / el agotamiento mental que surge por (por parte de los reyes) oprimir y atormentar a los habitantes del país (mediante la recaudación de impuestos).	the mental distress / mental weariness arising from (kings') oppressing and tormenting the people of the country (by levying taxes).	kilesa here in the non-technical sense of distress (စိတ်ညစ်)
136303	raṭṭhapūjita	(က) တိုင်းနိုင်ငံ၌ ပူဇော်အပ်သော၊ တိုင်းသူပြည်သားတို့သည် ပူဇော်အပ်သော။	(a) venerado en el país; venerado por los habitantes del país.	(a) honoured in the country; honoured by the people of the country.	(a) with no (b) following
136310	raṭṭhabhuñjanaka	တိုင်းပြည်မှ ထွက်သော အခွန်အတုတ်ကို စားတတ်သော၊ သူ။	que suele comer los tributos que provienen del país (dicho de una persona).	apt to eat the taxes that come from the country (said of a person).	စား 'eat' = to enjoy the revenue of
136312	raṭṭhamahantatā	ကြီးကျယ်-ကျယ်ဝန်း-သော တိုင်းပြည်၏အဖြစ်၊ တိုင်းပြည်-ကြိး-ကျယ်-သည်၏အဖြစ်။	el hecho de ser un país grande / extenso; el hecho de que el país sea grande / vasto.	the state of being a great / extensive country; the state of the country being great / vast.	ကြိး read as ကြီး
136328	raṭṭhādhipa	တိုင်းပြည်ကို အစိုးရသော မင်းတိုင်းပြည်-အကြီးအမှူး-ဦးစီးခေါင်းဆောင်။	el rey que gobierna el país; el jefe / el líder del país.	the king who rules the country; the chief / leader of the country.	no ၊ between မင်း and တိုင်းပြည်; read as two glosses
136338	raṇa	(၁) ငိုကြွေး-မြည်တမ်း-ကြောင်းဖြစ်သော (က) ရာဂ,ဒေါသ,မောဟ၊ (ခ) ကိလေသာ ၁၀-ပါး၊ (ဂ) အကုသိုလ် ဧကန်၊ မြဲသော အကုသိုလ်၊ အကုသိုလ် စေတသိက် ၁၄-ပါး။ (၂) (အကုသိုလ်၏ အကျိုးဖြစ်သော) ဒုက္ခစသော တရားများ၊ မှားယွင်း-ဖောက်ပြန်-သော အကျင့်တရားများ။ (၃) (က) စစ်ထိုး-စစ်တိုက်-ခြင်း။ (ခ) အရိယမဂ်ဟု ဆိုအပ်သော-စစ်ထိုး-စစ်တိုက်-ခြင်း။ (၄) မုန့်မုန့်ညက်ညက် ပြုခြင်း။ (၅) (သတ္တဝါတို့ကို) မုန့်မုန့်ညက်ညက်ပြု-နှိပ်စက်-တတ်သော ရာဂစသော တရား။ (၆) ကဲ့ရဲ့-အပြစ်တင်-ကြောင်းဖြစ်သော အပြစ်(ဇာတိ,ဇရာ,ဘင်)။ (၇) (က) မြူ၊ (ခ) ရာဂစသော ကိလေသာမြူ။ (ဂ) စစ်ထိုး-စစ်တိုက်-ရာ (မြေ) စစ်မြေ၊ စစ်မြေပြင်၊ စစ်တလင်း။ (၉) အသံ။ မူရင်းကြည့်ပါ။	(1) lo que es causa de llanto / lamento: (a) *rāga*, *dosa*, *moha*; (b) los 10 *kilesa*; (c) lo ciertamente insano; lo insano persistente; los 14 *cetasika* insanos. (2) (que son el fruto de lo insano) los estados que comienzan por *dukkha*; las prácticas erróneas / pervertidas. (3) (a) el combatir / guerrear. (b) el combatir / guerrear llamado *ariyamagga*. (4) el reducir a polvo fino. (5) los estados que comienzan por *rāga*, que suelen reducir a polvo / oprimir (a los seres). (6) la falta (*jāti*, *jarā*, *bhaṅga*) que es causa de reproche / censura. (7) (a) polvo; (b) el polvo de los *kilesa* que comienzan por *rāga*. (c) la (tierra) donde se combate / guerrea; campo de batalla; llanura de batalla; liza. (9) sonido. Véase el original.	(1) what is a cause of weeping / lamenting: (a) *rāga*, *dosa*, *moha*; (b) the 10 *kilesa*; (c) the certainly unwholesome; the persistent unwholesome; the 14 unwholesome *cetasika*. (2) (which are the fruit of the unwholesome) the states beginning with *dukkha*; wrong / perverted practices. (3) (a) fighting / waging war. (b) the fighting / waging war called *ariyamagga*. (4) the grinding to fine powder. (5) the states beginning with *rāga*, which are apt to grind to powder / oppress (beings). (6) the fault (*jāti*, *jarā*, *bhaṅga*) that is a cause of blame / reproach. (7) (a) dust; (b) the dust of the *kilesa* beginning with *rāga*. (c) the (ground) where one fights / wages war; battlefield; battle plain; battle arena. (9) sound. See the original.	'See the original' rendered literally; sense (8) missing: (7)(c) is probably (8); အကုသိုလ် ဧကန် / မြဲသော အကုသိုလ် read as 'certainly / persistently unwholesome', unsure
136341	raṇati	(၁) ငိုကြွေး-မြည်တမ်း-၏။ (၂) ကဲ့ရဲ့-အပြစ်တင်-အပြစ်ပြော-၏။ (၃) မုန့်မုန့်ညက်ညက်ပြု-နှိပ်စက်-၏။ (၄) အသံပြု-မြည်-အောင်-ငေါက်-ဟောက်-ဟိန်း-ဟီ-တွန်-ကူ-သာ-ပြော-ဆို-ဟော-၏။ (၅) သွား၏။	(1) llora / se lamenta. (2) reprocha / censura / habla mal. (3) reduce a polvo / oprime. (4) emite sonido / suena / grita / increpa / ladra / ruge / relincha / canta / arrulla / ‹သာ› / habla / dice / predica. (5) va.	(1) weeps / laments. (2) blames / reproaches / speaks ill. (3) grinds to powder / oppresses. (4) makes a sound / sounds / shouts / snaps / barks / roars / neighs / crows / coos / ‹သာ› / speaks / says / proclaims. (5) goes.	(4) the animal-sound verbs are approximate (ဟောက် bark/snore, ဟီ neigh, တွန် crow, ကူ coo); သာ unclear, left in ‹›
136345	raṇasadda	ရဏသဒ္ဒါ။	la palabra *raṇa*.	the word *raṇa*.	ရဏသဒ္ဒါ read as 'the word raṇa'; could be 'the sound (sadda) raṇa'
136347	raṇḍa	(၁) (သေစသည်) ကြူးသောသူ။ (ထီ) (၂) မုဆိုးမ၊ လင်ကွာ-လင်ကွဲ-မ။	(1) persona ‹ကြူး› (por muerte y demás). (femenino) (2) viuda; mujer separada / divorciada.	(1) person ‹ကြူး› (by death and so on). (feminine) (2) widow; woman separated / divorced from her husband.	(1) (သေစသည်) ကြူးသောသူ unclear; perhaps 'one bereaved (by a death etc.)'
136349	rata	(၁) မွေ့လျော်-ပျော်ပိုက်-သော။ (၂) အကြွင်းမဲ့-အမြဲ-အလွန်-အထူး-မွေ့လျော်-ပျော်ပိုက်-သော။ (၃) ကပ်ငြိ-တွယ်တာ-ခင်တွယ်-ခင်မင်-စုံမက်-သော။ (၄) ရောင့်ရဲ-တင်းတိမ်-ကျေနပ်-အားရ-သော။ (၅) ကြဉ်-ရှောင်ကြဉ်-ရှောင်ကွင်း-ရှောင်ရှား-သော။ (၆) (ကိလေသာဟူသော မြူးတူးပျော်ပါးခြင်းဖြင့်) မွေ့လျော်-ပျော်ပါး-ပျော်မြူး-သော။ (၇) ချစ်ခင်-တပ်စွန်း-စွဲလမ်း-သော။ (ဂ) မွေ့လျော်-ပျော်မွေ့-နှစ်လို-နှစ်သက်-အပ်သော။ (န) (၉) မွေ့လျော်-ပျော်ပါး-ပျော်မြူး-ခြင်း။ (၁၀) နှစ်သက်-ဝမ်းမြောက်-ခြင်း (ဒီပကနည်းစသည်)။	(1) que se complace / se deleita. (2) que se complace / se deleita sin reserva / siempre / sumamente / especialmente. (3) que se adhiere / se aferra / se encariña / tiene afecto / está prendado. (4) que está satisfecho / contento / conforme / saciado. (5) que evita / se abstiene / esquiva / rehúye. (6) que se complace / se divierte / se regocija (con el retozo llamado *kilesa*). (7) que ama / está teñido (de pasión) / está apegado. (8) en que uno se complace / se deleita / se agrada / se goza. (neutro) (9) el complacerse / divertirse / regocijarse. (10) el deleite / la alegría (según el método *dīpaka* y demás).	(1) enjoying / delighting. (2) enjoying / delighting without remainder / always / exceedingly / especially. (3) sticking / clinging / fond / affectionate / enamoured. (4) satisfied / content / pleased / gratified. (5) avoiding / abstaining / shunning / keeping away. (6) enjoying / sporting / frolicking (in the frolic called *kilesa*). (7) loving / stained (with passion) / attached. (8) to be enjoyed / delighted in / liked / loved. (neuter) (9) the enjoying / sporting / frolicking. (10) delight / gladness (by the *dīpaka* method and so on).	'(ဂ)' before the 8th sense read as (8); (7) တပ်စွန်း 'stained (with passion)'
136352	ratana	(၁) ရတနာ။ (၂) ဘုရား တရား သံဃာ ရတနာသုံးပါး။ (၃) နိဗ္ဗာန်၊ နိဗ္ဗာန်ရတနာ။ (၄) (က) တရား၊ တရားရတနာ။ (ခ) သူတော်ကောင်းတရား၊ သူတော်ကောင်းတရား ရတနာ။ (ဂ) ပရိယတ်တရား၊ ပရိယတ်တရားရတနာ။ (၅) ဗောဇ္ဈင်တရား၊ ဗောဇ္ဈင်တရားရတနာ ၇-ပါး။ (၆) ဗောဓိပက္ခိယတရား၊ ဗောဓိပက္ခိယတရား ရတနာ ၃၇-ပါး။ (၇) (က) ပညာ၊ ပညာရတနာ။ (ခ) အရိယမဂ်ပညာ၊ အရိယမဂ်ပညာရတနာ။ (ဂ) ပစ္စည်းလေးပါးနှင့် တရားတော်ရတနာ ၂-ပါး။ (၉) သက်ရှိ သက်မဲ့ရတနာ ၂-ပါး။ (၁၀) ဘုရားစသော ရတနာ ၅-ပါး။ (၁၁) သီလစသော ရတနာ ၅-ပါး။ (၁၁) သီလစသော ရတနာ ၇-ပါး။ (၁၂) ရောင်ခြည်တော်၊ ရောင်ခြည်ရတနာ။ (၁၃) ပုလဲစသော ရတနာ ၇-ပါး။ (၁၄) ပုလဲစသော ရတနာ ၁၀-ပါး။ (၁၅) ရွှေစသော ရတနာ ၆-ပါး။ (၁၆) ရွှေ,ငွေ,ပတ္တမြား။ (၁၇) ရွှေ။ (၁၈) ဇမ္ဗူရာဇ်ရွှေ။ (၁၉) ရွှေချည်၊ ရတနာ ရွှေချည်။ (၂၀) ရွှေအဆင်း။ (၂၁ ပတ္တမြား ဆံကျင်စသော မင်းဥစ္စာရတနာ ၄-ပါး။ (၂၂) သမီးရတနာစသော အလုံးစုံသော လက်ကောက် ပဏ္ဏာရတနာ။ (၂၃) စကြာမင်း၏ စကြာစသော ရတနာ ၇-ပါး။ (၂၄) ဆင်,မြင်း စသော ရတနာ ၅-ပါး။ (၂၅) မင်္ဂလာဆင်ဖြူတော်၊ မင်္ဂလာဆင်မြူရတနာ။ (၂၆) ပတ္တမြား၊ ပတ္တမြားရတနာ။ (၂၇) မိဖုရား၊ မိဖုရားရတနာ။ (၂၈) မြတ်သော သက်ရှိသက်မဲ့ပစ္စည်းဥစ္စာ။ (၂၉) နတ်သမီး၊ နတ်သမီးရတနာ။ (၃၀) ရတနာမိုး။ (၃၁) အတောင်၊ တစ်ထောင် (=၂-ထွာ)။ (၃၂) အသပြာ(ငွေစက္ကူစသည်)။ (၃၃) နီသော ဖလ်၊ ဖလ်နီ။ (၃၄) အဘိဓမ္မာ ၇-ကျမ်း။ (၃၅) ရတနသိက္ခာပုဒ်။ (၃၆) ရတနဒသက။ (၃၇) ရတနသုတ်။ မူရင်းကြည့်ပါ။	(1) joya. (2) las tres Joyas: el Buddha, la Enseñanza, el *saṅgha*. (3) Nibbāna; la Joya de Nibbāna. (4) (a) la Enseñanza; la Joya de la Enseñanza. (b) la enseñanza de las personas buenas; la joya de la enseñanza de las personas buenas. (c) la enseñanza de *pariyatti*; la joya de la enseñanza de *pariyatti*. (5) los estados de *bojjhaṅga*; las 7 joyas de los estados de *bojjhaṅga*. (6) los estados *bodhipakkhiya*; las 37 joyas de los estados *bodhipakkhiya*. (7) (a) *paññā*; la joya de *paññā*. (b) la *paññā* del *ariyamagga*; la joya de la *paññā* del *ariyamagga*. (c) las 2 joyas: los cuatro requisitos y la Enseñanza. (9) las 2 joyas, animadas e inanimadas. (10) las 5 joyas que comienzan por el Buddha. (11) las 5 joyas que comienzan por *sīla*. (11) las 7 joyas que comienzan por *sīla*. (12) los rayos (del Buddha); la joya de los rayos. (13) las 7 joyas que comienzan por la perla. (14) las 10 joyas que comienzan por la perla. (15) las 6 joyas que comienzan por el oro. (16) oro, plata, rubí. (17) oro. (18) oro *jambonada*. (19) hilo de oro; hilo de oro precioso. (20) el color del oro. (21) las 4 joyas del tesoro real que comienzan por el rubí y la horquilla. (22) la totalidad de las joyas de regalo (brazaletes), que comienzan por la joya-hija. (23) las 7 joyas del monarca universal, que comienzan por la rueda. (24) las 5 joyas que comienzan por el elefante, el caballo. (25) el real elefante blanco de buen augurio; la joya del elefante blanco de buen augurio. (26) rubí; la joya de rubí. (27) reina; la joya de reina. (28) bienes excelentes, animados e inanimados. (29) *devī*; la joya *devī*. (30) lluvia de joyas. (31) codo; un codo (= 2 palmos). (32) moneda (papel moneda y demás). (33) ‹ဖလ်› rojo; ‹ဖလ်› rojo. (34) los 7 libros del *abhidhammā*. (35) el *ratanasikkhāpada*. (36) el *ratanadasaka*. (37) el *ratanasutta*. Véase el original.	(1) gem. (2) the three Gems: the Buddha, the Teaching, the *saṅgha*. (3) Nibbāna; the Gem of Nibbāna. (4) (a) the Teaching; the Gem of the Teaching. (b) the teaching of the good; the gem of the teaching of the good. (c) the teaching of *pariyatti*; the gem of the teaching of *pariyatti*. (5) the *bojjhaṅga* states; the 7 gems of the *bojjhaṅga* states. (6) the *bodhipakkhiya* states; the 37 gems of the *bodhipakkhiya* states. (7) (a) *paññā*; the gem of *paññā*. (b) the *paññā* of the *ariyamagga*; the gem of the *paññā* of the *ariyamagga*. (c) the 2 gems: the four requisites and the Teaching. (9) the 2 gems, animate and inanimate. (10) the 5 gems beginning with the Buddha. (11) the 5 gems beginning with *sīla*. (11) the 7 gems beginning with *sīla*. (12) the rays (of the Buddha); the gem of rays. (13) the 7 gems beginning with the pearl. (14) the 10 gems beginning with the pearl. (15) the 6 gems beginning with gold. (16) gold, silver, ruby. (17) gold. (18) *jambonada* gold. (19) gold thread; precious gold thread. (20) the colour of gold. (21) the 4 gems of the royal treasure beginning with the ruby and the hairpin. (22) all the gift jewels (bracelets), beginning with the daughter-gem. (23) the 7 gems of the universal monarch, beginning with the wheel. (24) the 5 gems beginning with the elephant, the horse. (25) the auspicious royal white elephant; the gem of the auspicious white elephant. (26) ruby; the ruby gem. (27) queen; the queen gem. (28) excellent possessions, animate and inanimate. (29) *devī*; the *devī* gem. (30) a rain of gems. (31) cubit; one cubit (= 2 spans). (32) coin (paper money and so on). (33) red ‹ဖလ်›; red ‹ဖလ်›. (34) the 7 books of the *abhidhammā*. (35) the *ratanasikkhāpada*. (36) the *ratanadasaka*. (37) the *ratanasutta*. See the original.	'See the original' rendered literally; (8) missing, (11) printed twice; (18) ဇမ္ဗူရာဇ်ရွှေ tentatively jambonada gold; (21) closing ')' of the number missing; (22) သမီးရတနာ … လက်ကောက် ပဏ္ဏာရတနာ unclear; (25) ဆင်မြူ read as ဆင်ဖြူ; (31) တစ်ထောင် read as တစ်တောင် 'one cubit'; (33) ဖလ် unidentified (crystal? glass?), left in ‹›
136354	ratana	ရတနာ ၇-ပါးဖြင့်-ပြုလုပ်အပ်ပ-ပြီး-သော (ထီး)	hecho / acabado con las 7 joyas (sombrilla).	made / completed with the 7 gems (parasol).	ပြုလုပ်အပ်ပ read as ပြုလုပ်အပ်; no final ။
136356	ratanaagghiya	ရတနာဆိုင်း။ တစ်နည်း ဂုဏ်ပြုဧည်ခံရာ ရတနာ-မုခ်ပြာသာဒ်-မဏ္ဍပ်-တဲနန်း။ «S1»	festón de joyas. Otra manera: pórtico / palacio con chapitel / pabellón / pabellón provisional de joyas, donde se honra y recibe a los huéspedes. Véase [[agghiya]] (2).	festoon of gems. Alternatively: the gem gateway / spired pavilion / maṇḍapa / temporary pavilion where guests are honoured and received. See [[agghiya]] (2).	ရတနာဆိုင်း read as 'jewel festoon'; the chain မုခ်ပြာသာဒ်-မဏ္ဍပ်-တဲနန်း rendered as alternatives, unsure
136360	ratanakaraṇḍaka	ရတနာ-ထည့်-ထား-ရာ-ကြုတ်-ပခြုပ်-အစ်-အုတ်။	el cofre / la cesta con tapa / el estuche / ‹အုတ်› en que se meten / se guardan joyas.	the chest / lidded basket / casket / ‹အုတ်› in which gems are put / kept.	အုတ် 'brick' odd here; perhaps a misprint (အိတ် 'bag'?)
136362	ratanakūṭa	ရတနာဖြင့် ပြီးသော အထွက်၊ ရတနာအထွက်။	el remate hecho de joyas; remate de joyas.	the peak made of gems; gem peak.	အထွက် read as အထွတ် 'peak, finial' (kūṭa)
136363	ratanakūṭalaṅkata	ရတနာဖြင့် ပြီးသော အထွက်တို့ဖြင့်-တန်ဆာဆင်-တင့်တယ်စေ-အပ်သော။	adornado / embellecido con remates hechos de joyas.	adorned / beautified with peaks made of gems.	အထွက် read as အထွတ် 'peak, finial'
136364	ratanakoṭṭhāgāra	ရတနာ-ကျီ-ကျီကြ-ထိုက်-ဂိုဒေါင်။	el granero / el gran granero / el depósito / el almacén de joyas.	the granary / great granary / storehouse / warehouse of gems.	ကျီကြ read as 'great granary', ထိုက် as တိုက် 'storehouse'; unsure
136365	ratanakoṭṭhāgārakammika	ရတနာ-ကျီ-ကျီကြ-တိုက်-ဂိုဒေါင်-၌ အမှုလုပ်သူ,အမှုဆောင်။	el que trabaja, el encargado en el granero / el gran granero / el depósito / el almacén de joyas.	one who works, the officer in the granary / great granary / storehouse / warehouse of gems.	ကျီကြ read as 'great granary'
136371	ratanagopānasīvinaddha	ရတနာဖြင့် ပြီးသော-အခြင်ရနယ်-(ရတနာ-အခြင်-ရနယ်)တို့ဖြင့်-မြှေးယှက်-ဖွဲ့ချည်-အပ်သော။	entrelazado / atado con los cabrios hechos de joyas (joyas / ‹အခြင်› / ‹ရနယ်›).	interlaced / bound with the rafters made of gems (gems / ‹အခြင်› / ‹ရနယ်›).	အခြင်ရနယ် read as roof timbers (gopānasī 'rafters'); the Burmese words left in ‹›
136374	ratanagghiya	(က) ရွှေစေတီ၊ ရွှေဆင်းတု။ (ခ) ရွှေတုရိုဏ်းတိုင်။ «S1»	(a) *cetiya* de oro; imagen de oro. (b) pilar de arco de oro. Véase también [[agghiya]] (2).	(a) golden *cetiya*; golden image. (b) golden arch pillar. See also [[agghiya]] (2).	တုရိုဏ်း tentatively toraṇa 'arched gateway'
136375	ratanagghika	(က) ရွှေစေတီ၊ ရွှေဆင်းတု။ (ခ) ရွှေတုရိုဏ်းတိုင်။ «S1»	(a) *cetiya* de oro; imagen de oro. (b) pilar de arco de oro. Véase también [[agghiya]] (2).	(a) golden *cetiya*; golden image. (b) golden arch pillar. See also [[agghiya]] (2).	တုရိုဏ်း tentatively toraṇa 'arched gateway'
136376	ratanaghara	(၁) ရတနာဖြင့် ပြီးသော-ကျောင်း-ကျောင်းဆောင်၊ ရတနာကျောင်းဆောင်။ (ဘုရားသံဃာတော်တို့ သီတင်းသုံးနေထိုင်ရာ ဌာနကို ကျောင်းဟု ခော်၍ လူများနေထိုင်ရာ ဌာနကို အိမ်ဟု ခော်သည်)။ (၂) အဘိဓမ္မာ ၇-ကျမ်းကို-သုံးသပ်-ဆင်ခြင်-ရာ-ကျောင်း-ကျောင်းဆောင်၊ အဘိဓမ္မာကျောင်းဆောင်။ «S1»	(1) el monasterio / edificio monástico hecho de joyas; edificio monástico de joyas. (Al lugar donde residen el Buddha y el *saṅgha* se le llama 'monasterio', y al lugar donde vive la gente, 'casa'.) (2) el monasterio / edificio monástico donde se examinan / se contemplan los 7 libros del *abhidhammā*; edificio monástico del *abhidhammā*. Véase [[ratanā]] (1-34).	(1) the monastery / monastic building made of gems; gem monastic building. (The place where the Buddha and the *saṅgha* reside is called 'monastery', and the place where people live, 'house'.) (2) the monastery / monastic building where the 7 books of the *abhidhammā* are examined / contemplated; *abhidhammā* monastic building. See [[ratanā]] (1-34).	ခော် read as ခေါ် 'call'
136379	ratanagharasattāha	ရတနာဃရသတ္တာဟ၊ ရတနာဃရဖြင့် မှတ်အပ်သော ၇-ရက်၊ ရတနာကျောင်းဆောင်တော်၌ နေထိုင်တော်မူလျက် အဘိဓမ္မာ ပိဋကတ်ကို သုံးသပ်ဆင်ခြင်ရာ ၇-ရက်။	*ratanāgharasattāha*; los 7 días marcados por el *ratanāghara*; los 7 días en que, morando en el sagrado edificio de joyas, examinó / contempló el *abhidhammā* *piṭaka*.	*ratanāgharasattāha*; the 7 days marked by the *ratanāghara*; the 7 days in which, dwelling in the sacred gem building, he examined / contemplated the *abhidhammā* *piṭaka*.	subject (the Buddha) implied by the honorific, not stated
136381	ratanacaṅkama	(၁) (အပရာဇိတပလ္လင်တော်နှင့် ရပ်တော်မူရာ အရပ်ဌာနတို့၏ အကြား၌ ဘုရားရှင် (နတ်များ) ဖန်ဆင်းအပ်သည့်) ရတနာဆယ်ပါးဖြင့် ပြီးသော စင်္ကြံ၊ ရတနာစင်္ကြံ။ «S1» (၂) (ဆွေတော်မျိုးတော်တို့၏ မာန်မာနကို ချိုးနှိမ်ရန် ကောင်းကင်၌ ဘုရားရှင် ဖန်ဆင်းအပ်သည့်) ရတနာဆယ်ပါးဖြင့် ပြီးသော စင်္ကြံ၊ ရတနာစင်္ကြံ။ (၃) (တိတ္ထိတို့ကို နှိမ်နင်းရန် ကောင်းကင်၌ မြတ်စွာဘုရား (သိကြားမင်း) ဖန်ဆင်းအပ်သည့်) ရတနာဆယ်ပါးဖြင့် ပြီးသော စင်္ကြံ။ မူရင်းကြည့်ပါ။	(1) (creado por el Buddha (los *deva*) entre el trono *aparājita* y el lugar donde estuvo de pie) el sendero de paseo hecho de las diez joyas; sendero de joyas. Véase también [[ratanācaṅkamacetiya]]. (2) (creado por el Buddha en el cielo para quebrar el orgullo de sus parientes) el sendero de paseo hecho de las diez joyas; sendero de joyas. (3) (creado en el cielo por el Buddha (el rey *sakka*) para someter a los *titthiya*) el sendero de paseo hecho de las diez joyas. Véase el original.	(1) (created by the Buddha (the *deva*) between the *aparājita* throne and the place where he stood) the walkway made of the ten gems; gem walkway. See also [[ratanācaṅkamacetiya]]. (2) (created by the Buddha in the sky to crush the pride of his relatives) the walkway made of the ten gems; gem walkway. (3) (created in the sky by the Buddha (the king *sakka*) to subdue the *titthiya*) the walkway made of the ten gems. See the original.	'See the original' rendered literally; the bracketed alternatives '(the devas)', '(Sakka)' after the Buddha kept as printed
136399	ratanattaya	ဘုရား တရား သံဃာ ရတနာ ၃-ပါးအပေါင်း၊ ရတနာ ၃-ပါး။ မူရင်းကြည့်ပါ။	el conjunto de las 3 Joyas: el Buddha, la Enseñanza, el *saṅgha*; las 3 Joyas. Véase el original.	the group of the 3 Gems: the Buddha, the Teaching, the *saṅgha*; the 3 Gems. See the original.	'See the original' rendered literally
136421	ratanattayapaṇāmakaraṇa	(၁) ရတနာ ၃-ပါးအပေါင်း-၌-ကို-ညွတ်-ကိုင်း ရှုိင်း-ရှိခိုး၊-ခြင်းကို-ပြု-စီရင်-ခြင်း။ (၂) ရတနာ ၃-ပါးအပေါင်း-၌-ကို-ညွတ်-ကိုင်းရှုိင်း-ရှိခိုး-ခြင်းကို-ပြု-စီရင်-ကြောင်းစေတနာ(ကောင်းမှုထူး)။	(1) el hacer / realizar el inclinarse / postrarse / rendir homenaje ante / hacia el conjunto de las 3 Joyas. (2) la *cetanā* (buena acción especial) que es causa de hacer / realizar el inclinarse / postrarse / rendir homenaje ante / hacia el conjunto de las 3 Joyas.	(1) the making / performing of the bowing / prostrating / paying homage to / towards the group of the 3 Gems. (2) the *cetanā* (special good deed) that is a cause of making / performing the bowing / prostrating / paying homage to / towards the group of the 3 Gems.	stray ၊ inside the hyphen chain of (1) ignored
136422	ratanattayappaṇāmakaraṇa	(၁) ရတနာ ၃-ပါးအပေါင်း-၌-ကို-ညွတ်-ကိုင်း ရှုိင်း-ရှိခိုး၊-ခြင်းကို-ပြု-စီရင်-ခြင်း။ (၂) ရတနာ ၃-ပါးအပေါင်း-၌-ကို-ညွတ်-ကိုင်းရှုိင်း-ရှိခိုး-ခြင်းကို-ပြု-စီရင်-ကြောင်းစေတနာ(ကောင်းမှုထူး)။	(1) el hacer / realizar el inclinarse / postrarse / rendir homenaje ante / hacia el conjunto de las 3 Joyas. (2) la *cetanā* (buena acción especial) que es causa de hacer / realizar el inclinarse / postrarse / rendir homenaje ante / hacia el conjunto de las 3 Joyas.	(1) the making / performing of the bowing / prostrating / paying homage to / towards the group of the 3 Gems. (2) the *cetanā* (special good deed) that is a cause of making / performing the bowing / prostrating / paying homage to / towards the group of the 3 Gems.	stray ၊ inside the hyphen chain of (1) ignored
136425	ratanattayapaṇāmakiriya	ရတနတ္တယပဏာမကရဏ(၁) အနက်နှင့်တူ။	Mismo significado que [[ratanattayapaṇāmakaraṇa]] (1).	Same meaning as [[ratanattayapaṇāmakaraṇa]] (1).	cross-reference left in the Burmese with a sense number; rendered literally
136427	ratanattayapaṇāmapayojana	ရတနာ ၃-ပါးအပေါင်းကို ရှိခိုးကြောင်း စေတနာ (ကောင်းမှုထူး)၏ အကျိုး။ မူရင်းကြည့်ပါ။	el beneficio de la *cetanā* (buena acción especial) que es causa de rendir homenaje al conjunto de las 3 Joyas. Véase el original.	the benefit of the *cetanā* (special good deed) that is a cause of paying homage to the group of the 3 Gems. See the original.	'See the original' rendered literally
136428	ratanattayapaṇāmavacana	ရတနာသုံးပါးအပေါင်းကို ရှိခိုးခြင်းကို-ဆို-ခြင်း-ကြောင်းစကား(ဂါထာ)။	el decir / las palabras (versos) que son causa de decir el homenaje al conjunto de las 3 Joyas.	the saying / the words (verses) that are a cause of expressing homage to the group of the 3 Gems.	hyphen chain ဆို-ခြင်း-ကြောင်း read as 'saying / words that are the cause of saying'
136434	ratanattayapasāda	ရတနာ ၃-ပါးအပေါင်း၌ ကြည်ညို-ခြင်း-သော သဒ္ဓါတရား။	la devoción / la *saddhā* que siente devoción por el conjunto de las 3 Joyas.	the devotion / the *saddhā* that is devoted to the group of the 3 Gems.	hyphen ကြည်ညို-ခြင်း-သော read as 'devotion / saddhā that is devoted'
136435	ratanattayappasāda	ရတနာ ၃-ပါးအပေါင်း၌ ကြည်ညို-ခြင်း-သော သဒ္ဓါတရား။	la devoción / la *saddhā* que siente devoción por el conjunto de las 3 Joyas.	the devotion / the *saddhā* that is devoted to the group of the 3 Gems.	hyphen ကြည်ညို-ခြင်း-သော read as 'devotion / saddhā that is devoted'
136447	ratanattayavandanā	ရတနာ ၃-ပါးအပေါင်းကို-ရှိခိုး- ပူဇော် ချီးမွမ်းခြင်း။ သံဝဏ္ဏနာရမ္ဘေ ရတနတ္တယ ဝန္ဒနာ. သာရတ္ထ၊ ၁။ ၂။ ဒီ၊ဋီ၊ ၁။ ၁။ သီ၊ဋီ၊ သစ်၊၁။ ၂။ မ၊ဋီ၊၁။ ၁။ သံ၊ဋီ၊၁။ ၁။ နေတ္တိ၊ ဋီ။ ၁။ အာစရိယဿ ရတနတ္တယဝန္ဒနာ။ ကင် ဋီ၊ သစ်။ ၁၂၀။	el rendir homenaje / venerar / alabar al conjunto de las 3 Joyas. *saṁvaṇṇanārambhe ratanattaya vandanā*. *ācariyassa ratanattayavandanā*.	the paying homage to / honouring / praising the group of the 3 Gems. *saṁvaṇṇanārambhe ratanattaya vandanā*. *ācariyassa ratanattayavandanā*.	two quoted Pāḷi phrases kept; the citations after them dropped
136452	ratanattayasaddhā	ရတနာ ၃-ပါး-အပေါင်း-ဂုဏ်-ကို ယုံကြည်သော သဒ္ဓါတရား။	la *saddhā* que confía en el conjunto de las 3 Joyas / en sus virtudes.	the *saddhā* that trusts in the group of the 3 Gems / in its virtues.	hyphen chain ရတနာ ၃-ပါး-အပေါင်း-ဂုဏ်-ကို read as 'the group of the 3 Gems / its virtues'
136456	ratanattayāvaṇṇa	ရတနာ ၃-ပါးအပေါင်း၏ ကျေးဇူးမဲ့ကို ပြောဆိုခြင်း၊ ရတနာ ၃-ပါးအပေါင်းကို-ကဲ့ရဲ့-စွပ်စွဲ-ရှုတ်ချ-ခြင်း။	el hablar de la falta de valía del conjunto de las 3 Joyas; el censurar / acusar / denigrar al conjunto de las 3 Joyas.	the speaking of the worthlessness of the group of the 3 Gems; the blaming / accusing / denigrating of the group of the 3 Gems.	ကျေးဇူးမဲ့ rendered 'worthlessness'
136465	ratanadhana	ရတနာ ၇-ပါး ၁၁-ပါးတည်းဟူသော ဥစ္စာ။	la riqueza que consiste en las 7, las 11 joyas.	the wealth consisting of the 7, the 11 gems.	'ရတနာ ၇-ပါး ၁၁-ပါး' (7 and 11 gems) kept as printed
136466	ratanadhammakhuracakka	ရတနာစက်-ဓမ္မစက်-သင်ဓုန်းစက်။	la rueda de joyas / el *dhammacakka* / la rueda de navajas.	the gem wheel / the *dhammacakka* / the razor wheel.	ဓမ္မစက် romanised as dhammacakka; သင်ဓုန်း read as razor (khura)
136468	ratananāvā	ရတနာဖြင့် ပြီးသောလှေ၊ ရွှေငွေပတ္တမြား (မြ)ဖြင့် ပြီးသော လှေ။	barca hecha de joyas; barca hecha de oro, plata, rubí (esmeralda).	boat made of gems; boat made of gold, silver, ruby (emerald).	'(မြ)' emerald bracketed after ruby as printed
136473	ratananikūṭa	ရတနာအထွက်၊ ရတနာဖြင့် ပြီးသော အထွတ်၊ ဦးထိပ်၌ ပန်ဆင်အပ်သော ရတနာ၊ (ရတနာဖြင့်ပြီး-ရတနာဟူ-သော အလွန်မြင့်တက်သည့်အထွက်)။	cumbre de joyas; pináculo hecho de joyas; joya llevada como adorno en la coronilla; (cumbre sumamente elevada hecha de joyas / que es una joya).	summit of gems; pinnacle made of gems; gem worn as an ornament on the crown of the head; (an exceedingly lofty summit made of gems / that is a gem).	အထွက် read as အထွတ် (summit), twice
136474	ratanantara	(၁) အထူးထူး အပြားပြား အခြားတစ်ပါးသော ရတနာတို့-ရှိ-နှင့်ယှဉ်-သော (ဗိမာန်)။ (န) (၂) ရတနာတို့ဖြင့် ပြီးသော-ရတနာ-ဗိမာန်အတွင်း။ (၃) မြတ်သော ဗိမာန်-ဗိမာန်မြတ်-အတွင်း။	(1) (el *vimāna*) que tiene / está dotado de joyas diversas, variadas, de otras clases. (neutro) (2) el interior del *vimāna* hecho de joyas / del *vimāna* de joyas. (3) el interior del *vimāna* excelente / del excelente *vimāna*.	(1) (the *vimāna*) having / endowed with diverse, various, other kinds of gems. (neuter) (2) the inside of the *vimāna* made of gems / of the gem *vimāna*. (3) the inside of the excellent *vimāna* / of the excellent *vimāna*.	label (န) printed in place of the gender before sense (2) rendered (neutro)
136480	ratanapariyāya	ရတနသဒ္ဒါ၏-ပရိယာယ်-ဝေဝုစ်(အနက်တူသဒ္ဒါ)	el sinónimo / equivalente (palabra de igual significado) de la palabra *ratana*.	the synonym / equivalent (word of the same meaning) of the word *ratana*.	no final ။ in the print
136482	ratanaparisibbita	(၁) ရွှေချည်-ရေတနာရွှေချည်-ဖြင့် ချုပ်အပ်သော။ (၂) ရွှေဖြင့်-လိမ်းကျံ-ချ-ခြယ်စီ-အပ်သော။	(1) cosido con hilo de oro / hilo de oro de joyas. (2) untado / aplicado / decorado con oro.	(1) sewn with gold thread / gem gold thread. (2) smeared / applied / decorated with gold.	ရေတနာ read as a misprint of ရတနာ
136494	ratanappamāṇa	တစ်ထောင်အတိုင်းအရှည်ရှိသော (သစ်ခက်)။	(la rama) que tiene la medida de mil.	(the branch) having the measure of a thousand.	တစ်ထောင် 'a thousand' is probably a misprint of တစ်တောင် 'one cubit' (ratana as a measure); rendered as printed
136495	ratanappamāṇarukkhamayakūṭa	တစ်ထောင်အတိုင်းအရှည်ရှိသော သစ်သားဖြင့်ပြီးသော အထွတ်။ «S1»	pináculo hecho de madera que tiene la medida de mil. Véase [[ratanamattakaṇṇikarukkhanissanda]].	pinnacle made of wood having the measure of a thousand. See [[ratanamattakaṇṇikarukkhanissanda]].	တစ်ထောင် 'a thousand' is probably a misprint of တစ်တောင် 'one cubit'; rendered as printed
136501	ratanabhiṅgāra	(၁) ရတနာဖြင့် ပြီးသော ရေကရား၊ ရတနာရေကရား။ (၂) ရွှေဖြင့် ပြီးသော ရေကရား၊ ရွှေရကရား,ရေမြူတာ။	(1) jarra hecha de joyas; jarra de joyas. (2) jarra hecha de oro; jarra de oro, ‹ရေမြူတာ›.	(1) ewer made of gems; gem ewer. (2) ewer made of gold; golden ewer, ‹ရေမြူတာ›.	ရေမြူတာ, a vessel name, not identified; ရွှေရကရား read as ရွှေရေကရား
136503	ratanabhūmikittivhaya	ရတနာဘုံကျော် အမည်ရှိသော (အသောကာရုံကျောင်း)။	(el monasterio *asokāruṁ*) que tiene el nombre ‹ရတနာဘုံကျော်›.	(the *asokāruṁ* monastery) bearing the name ‹ရတနာဘုံကျော်›.	the Burmese name ရတနာဘုံကျော် ('famed gem realm') left in the Burmese
136506	ratanamañca	ရတနာဖြင့် ပြီးသော-ညောင်စောင်း,ခုတင်(ကုတင်)။	diván, cama (‹ကုတင်›) hecho de joyas.	couch, bed (‹ကုတင်›) made of gems.	(ကုတင်) is a spelling variant of ခုတင် 'bed', left in the Burmese
136507	ratanamaṇḍapa	ရတနာဖြင့် ပြီးသော မဏ္ဍပ်၊ ရတနာမဏ္ဍပ်။ မူရင်းကြည့်ပါ။	pabellón hecho de joyas; pabellón de joyas. Véase el original.	pavilion made of gems; gem pavilion. See the original.	'See the original' rendered literally
136509	ratanamaṇḍapamatthaka	ရတနာမဏ္ဍပ်-ထက်-ပော်။	lo alto / la parte superior del pabellón de joyas.	the top / the upper part of the gem pavilion.	ပော် read as အပေါ်
136511	ratanamatta	(၁) တစ်တောင်-အတိုင်းအရှည်ရှိမျှ-မျှလောက်-သော (သစ်သားအထွက)။ (ထီ၊န) (၂) တစ်တောင်-အတိုင်းအရှည်-မျှ-မျှလောက်။	(1) (el pináculo de madera) que mide un codo / tanto como un codo / aproximadamente un codo. (femenino, neutro) (2) la medida de un codo / tanto como un codo / aproximadamente un codo.	(1) (the wooden pinnacle) measuring one cubit / as much as a cubit / about a cubit. (feminine, neuter) (2) the measure of one cubit / as much as a cubit / about a cubit.	အထွက read as အထွတ် (pinnacle)
136512	ratanamattaanucaṅkama	တစ်တောင် အတိုင်းအရှည်ရှိသော-စင်္ကြံငယ်-စင်္ကြံမြှောင်-ရှိသော (စင်္ကြံမ,မင်္ကြံကြီး)။	(el sendero para caminar principal, el sendero para caminar grande) que tiene senderos pequeños / senderos estrechos que miden un codo.	(the main walking path, the great walking path) having small paths / narrow paths measuring one cubit.	မင်္ကြံကြီး read as စင်္ကြံကြီး
136513	ratanamattakaṇṇikarukkhanissanda	(၁) တစ်တောင်အတိုင်းအရှည်ရှိသော သစ်သားအထွက်-၏-ကို-လှူဒါန်းကြောင်း ကောင်းမှု၏-အကျိုးဆက်။ (၂) တစ်တောင်အတိုင်းအရှည်ရှိသော သစ်သားအထွက်-၏ -ကို လှူဒါန်းကြောင်း ကောင်းမှု၏-အကျိုးဆက်၏အဖြစ်။	(1) el resultado consecuente de la buena acción de donar el pináculo de madera que mide un codo. (2) el hecho de ser el resultado consecuente de la buena acción de donar el pináculo de madera que mide un codo.	(1) the consequent result of the good deed of donating the wooden pinnacle measuring one cubit. (2) the state of being the consequent result of the good deed of donating the wooden pinnacle measuring one cubit.	case alternatives -၏-ကို (of / to the pinnacle) rendered once; အထွက် read as အထွတ်
136515	ratanamattamakula	(အလယ်၌) တစ်တောင်-အတိုင်းအရှည်ရှိ-မျှလောက်-သော မီးစာရစ်စရာ-အငုံဖျက်-အထွက်ရှိသော (ရွှေခွက်)။	(la copa de oro) que tiene (en el centro) un remate / en forma de capullo / para enrollar la mecha, que mide un codo / aproximadamente un codo.	(the golden cup) having (in the middle) a top / bud-shaped / for winding the wick, measuring one cubit / about one cubit.	မီးစာရစ်စရာ-အငုံဖျက်-အထွက် unclear (wick-winding / bud-shaped / top or pinnacle); order of the chain changed
136516	ratanamattamakul̤a	(အလယ်၌) တစ်တောင်-အတိုင်းအရှည်ရှိ-မျှလောက်-သော မီးစာရစ်စရာ-အငုံဖျက်-အထွက်ရှိသော (ရွှေခွက်)။	(la copa de oro) que tiene (en el centro) un remate / en forma de capullo / para enrollar la mecha, que mide un codo / aproximadamente un codo.	(the golden cup) having (in the middle) a top / bud-shaped / for winding the wick, measuring one cubit / about one cubit.	မီးစာရစ်စရာ-အငုံဖျက်-အထွက် unclear (wick-winding / bud-shaped / top or pinnacle); order of the chain changed
136546	ratanavicittasuvaṇṇatoraṇa	ရတနာတို့ဖြင့် ဆန်းကြယ်သော ရွှေ-တုရိုဏ်း-တံခါးတိုင်။	oro / arco de entrada / pilar de puerta vistoso con joyas.	gold / gateway arch / gate pillar variegated with gems.	hyphen chain ရွှေ-တုရိုဏ်း-တံခါးတိုင် kept as printed; probably 'golden arch / gate pillar'
136550	ratanavilokanacārikā	(၁) ရတနာတို့ကို-ကြည့်ရှုဝ-လေ့လာ-စစ်ဆေး-ခြင်းငှါ-လှည့်လည်-သွားလာ-ခြင်း။ (၂) ရတနာတို့ကို-ကြည့်ရှု-လေလာ-စစ်ဆေး-၍-လှည့်လည်-သွားလာ-ခြင်း။	(1) el recorrer / andar de un lugar a otro para mirar / examinar / inspeccionar las joyas. (2) el recorrer / andar de un lugar a otro mirando / examinando / inspeccionando las joyas.	(1) the going about / wandering in order to look at / examine / inspect the gems. (2) the going about / wandering while looking at / examining / inspecting the gems.	ကြည့်ရှုဝ and လေလာ read as ကြည့်ရှု and လေ့လာ
136553	ratanasaṁyutta	ရွှေနှင့်-ယှဉ်စပ်-ရောစပ်-ရောစပ်ပြီးချက်လုပ်အပ်-သော။	unido / mezclado / mezclado y fundido con oro.	joined / mixed / mixed and worked (smelted) with gold.	ratana glossed here as gold (ရွှေ); ချက်လုပ် read as smelting / working
136556	ratanasata	(၁) အတောင်တစ်ရာရှိသော။ (န)  «S1» (၂) အတောင်တစ်ရာ။	(1) que tiene cien codos. (neutro) Véase [[ratanasatubbedha]]. (2) cien codos.	(1) having a hundred cubits. (neuter) See [[ratanasatubbedha]]. (2) a hundred cubits.	«S1» printed between the label (န) and sense (2); kept in place
136559	ratanasanniccaya	ရတနာ-အပေါင်း-အစုအပုံ။	joyas / conjunto / cúmulo.	gems / collection / heap.	hyphen chain ရတနာ-အပေါင်း-အစုအပုံ kept as printed: 'a collection / heap of gems'
136560	ratanasammata	ရတနာဟု-သမုတ်-ပညတ်-ခော်ဝော်-အပ်သော၊ (က) ပစ္စည်းဥစ္စာ(အတွင်း-အပ-အသုံးအဆောင်)။ (ခ) အသပြာ။ (ဂ) ပုလဲစသော ရတနာ ၆-ပါးမှ ကြွင်းသော အသပြာစသည်။	llamado / designado / denominado 'joya'; (a) bienes, riqueza (enseres internos / externos). (b) monedas. (c) las monedas y demás, lo que queda aparte de las 6 joyas que comienzan por la perla.	called / designated / named 'gem'; (a) goods, wealth (inner / outer articles of use). (b) coins. (c) coins and so on, what remains apart from the 6 gems beginning with the pearl.	ခော်ဝော် read as ခေါ်ဝေါ်; the inner / outer articles gloss is unclear
136571	ratanasuttavaṇṇanā	ရတနသုတ်၏ အဖွင့်၊ ရတနသုတ်ကို-ဖွင့်-ရာ-ကြောင်း-စကားအစဉ်(အဋ္ဌကထာ)။ မူရင်းကြည့်ပါ။	la explicación del *ratanasutta*; la secuencia de palabras (comentario) que es el lugar / el medio de explicar el *ratanasutta*. Véase el original.	the explanation of the *ratanasutta*; the sequence of words (commentary) that is the place / the means of explaining the *ratanasutta*. See the original.	'See the original' rendered literally
136585	ratanāval̤i	ရတနာရွှဲလုံး-ပုလဲလုံး-အစဉ်။ «S1»	hilera de cuentas de joyas / de perlas. Véase también [[ratanāvel̤a]].	string of gem beads / of pearls. See also [[ratanāvel̤a]].	ရတနာရွှဲလုံး unclear, read as ရတနာလုံး (gem beads)
136586	ratanāvali	ရတနာရွှဲလုံး-ပုလဲလုံး-အစဉ်။ «S1»	hilera de cuentas de joyas / de perlas. Véase también [[ratanāvel̤a]].	string of gem beads / of pearls. See also [[ratanāvel̤a]].	ရတနာရွှဲလုံး unclear, read as ရတနာလုံး (gem beads)
136592	ratanika	တစ်ထောင်(=နှစ်ထွာ)ရှိသော။	que tiene mil (= dos palmos).	having a thousand (= two spans).	တစ်ထောင် 'a thousand' is a misprint of တစ်တောင် 'one cubit' (= two spans); rendered as printed
136593	ratanuccaya	ရတနာသုတ်တို့ဖြင့် စီအပ်သော။	dispuesto con hileras de joyas.	arranged with strings of gems.	ရတနာသုတ် unclear (strings of gems?); the headword uccaya suggests 'heaps'
136594	ratanujjalamaṇḍapasannibhāsa	မဏ္ဍပ+သန္နိဘာသ (သန္နိကာသ”) ရတနာ တို့ဖြင့် ထွန်းလင်းတောက်ပသော မဏပ်နှင်, ု ရတ္တသုပသံဗျာန တူသော။ ရဘနုဇ္ဇလမဏ္ဍပသန္နိဘာသာ။ ဗုဒ္ဓဝံ၊ ဋ္ဌ။ ၂၉။ ဓာန်။ ၂၉-၃၀-၌ သဒိသတ္ထဟော သန္နိကာသသဒ္ဒါလာသည် ဖြစ်၍ ဤ၌....သန္နိကာသ-သာသင့်အွယ်ရှိသည်။ တစ်နည်း သန္နိဘာသ- ကို သန္နိဘ + အသ + အဟု ကြံသင့်သည်။ )	*maṇḍapa* + *sannibhāsa* (*sannikāsa*): semejante a un pabellón que brilla / resplandece con joyas. *rabhanujjalamaṇḍapasannibhāsā*. Puesto que la palabra *sannikāsa* aparece expresando el sentido de *sadisa*, aquí sería conveniente ...*sannikāsa*. O bien, *sannibhāsa* debería analizarse como *sannibha* + *asa* + *a*.	*maṇḍapa* + *sannibhāsa* (*sannikāsa*): like a pavilion that shines / blazes with gems. *rabhanujjalamaṇḍapasannibhāsā*. Since the word *sannikāsa* occurs expressing the sense of *sadisa*, here ...*sannikāsa* would be fitting. Alternatively, *sannibhāsa* should be analysed as *sannibha* + *asa* + *a*.	entry garbled: the fragment 'ု ရတ္တသုပသံဗျာန' omitted; quoted Pāḷi copied with its misprint (ရဘနု- for ratanu-); citations (Buddhavaṁsa commentary, Abhidhāna 29-30) dropped; stray ) at the end; 'သင့်အွယ်' read as သင့်လျော်
136600	rattaṁsakupasaṁbyāna	နီသော အတွင်းခံ အင်္ကီ်နှင့် အပော်ရုံရှိသော။	que tiene una camisa interior y un manto superior rojos.	having a red undershirt and upper wrap.	အင်္ကီ် and အပော်ရုံ read as အင်္ကျီ and အပေါ်ရုံ; whether 'red' covers both garments is unclear
136603	ratta	ညဉ့်၊ ည။	noche; noche.	night; night.	two Burmese words for night (ညဉ့်, ည)
136606	rattakañcuka	နီသော-ချပ်ဝတ်တန်ဆာ-ချပ်မိန်ညို-ရှိသော။	que tiene una armadura / coraza roja.	having red armour / a red cuirass.	ချပ်မိန်ညို unclear (a kind of mail coat?)
136607	rattakaṇavīramālā	နီသော-ကုလားဇလပ်ပန်း-နွယ်သာကီပန်း။	flores rojas de adelfa / de ‹နွယ်သာကီ›.	red oleander flowers / ‹နွယ်သာကီ› flowers.	ကုလားဇလပ် taken as oleander (kaṇavīra); နွယ်သာကီ not identified
136611	rattakambalapārupana	နီသော ကမ္ဗလာခြုံထည်။	manto de lana roja.	red woollen wrap.	label (တိ) but the gloss is a noun
136617	rattakambalasilā	နီသော ကမ္ဗလာကျောက်ဖျာ။	losa de piedra 'manta de lana' roja.	red 'woollen blanket' stone slab.	ကမ္ဗလာကျောက်ဖျာ is the stone seat named after a woollen blanket (cf. paṇḍukambalasilā)
136618	rattakimi	ပိုးပရန်၊ ပိုးကတ္တီပါ၊ သိကြားကွမ်းသွေးကောင်။	‹ပိုးပရန်›; ‹ပိုးကတ္တီပါ›; ‹သိကြားကွမ်းသွေးကောင်›.	‹ပိုးပရန်›; ‹ပိုးကတ္တီပါ›; ‹သိကြားကွမ်းသွေးကောင်›.	three insect names left in the Burmese; tentatively the red velvet mite (ပိုးကတ္တီပါ 'velvet insect')
136619	rattakuṭṭha	နီသော-နူနာ-ကုဋ္ဌနူနာ-နူနာအနီ။	rojo / lepra / lepra *kuṭṭha* / lepra roja.	red / leprosy / *kuṭṭha* leprosy / red leprosy.	hyphen chain kept as printed
136622	rattakuravaka	မညှုိးပန်းနီ၊ လိပ်ဆူးနီ၊ လိပ်ဆူးရွှေ။	‹မညှိုး› de flor roja; ‹လိပ်ဆူး› roja; ‹လိပ်ဆူး› dorada.	red-flowered ‹မညှိုး›; red ‹လိပ်ဆူး›; golden ‹လိပ်ဆူး›.	plant names left in the Burmese (kuravaka, tentatively Barleria)
136623	rattakuravakarukkha	မညှုိးပန်းနီပင်၊ လိပ်ဆူးနီပင်၊ လိပ်ဆူးရွှေပင်။	planta de ‹မညှိုး› de flor roja; planta de ‹လိပ်ဆူး› roja; planta de ‹လိပ်ဆူး› dorada.	red-flowered ‹မညှိုး› plant; red ‹လိပ်ဆူး› plant; golden ‹လိပ်ဆူး› plant.	plant names left in the Burmese (kuravaka, tentatively Barleria)
136624	rattakuravakavana	မညှုိးပန်းနီသော၊ လိပ်ဆူးနီတော၊ လိပ်ဆူးရွှေတော။	(el lugar) de ‹မညှိုး› de flor roja; bosque de ‹လိပ်ဆူး› roja; bosque de ‹လိပ်ဆူး› dorada.	(the place) of red-flowered ‹မညှိုး›; red ‹လိပ်ဆူး› grove; golden ‹လိပ်ဆူး› grove.	plant names left in the Burmese; the first alternative ends in သော, probably for …တော (grove)
136635	rattaṅkuravana	သံသတ်တော နီသော အညွန့်ရှိသော-သစ်ပင်အပေါင်း-သစ်တော။ ကြက်မောက်ပင် အပေါင်း၊ ကြက်မောက်တော။	bosque de ‹သံသတ်›: conjunto de árboles / bosque que tiene retoños rojos. Conjunto de árboles de ‹ကြက်မောက်›; bosque de ‹ကြက်မောက်›.	‹သံသတ်› forest: a collection of trees / a forest having red shoots. A collection of ‹ကြက်မောက်› trees; ‹ကြက်မောက်› forest.	tree names left in the Burmese; ကြက်မောက် tentatively rambutan; သံသတ် not identified
136641	rattacuṇṇa	ဟင်္သပဒါးမှုန့်၊ ဆုံးမှုန့်။	polvo de bermellón; polvo de ‹ဆုံး›.	vermilion powder; ‹ဆုံး› powder.	ဆုံးမှုန့် not identified (another red pigment?)
136651	rattaññū	နိဗ္ဗာန်တည်းဟူသော ရတနာကိုသိသော။ ရတ္တ(၂) (၃) ကြည့်။	que conoce la joya que es el *nibbāna*. Véase [[ratta]] (2) (3).	knowing the jewel that is *nibbāna*. See [[ratta]] (2) (3).	'see X' with sense numbers left in the Burmese, rendered literally
136652	rattaṭṭha	အနီဟူသော အနက်၊ တပ်မက်တတ်သည်၏အဖြစ်ဟူသော အနက်(သျ)။	el significado de «rojo»; el significado de «el hecho de soler apegarse».	the meaning 'red'; the meaning 'the state of being apt to be attached'.	unexplained tag (သျ) at the end dropped as a source tag
136659	rattadantāvaraṇa	နီသောနှုတ်သီး၊ နှုတ်ခမ်းနီ။	pico que es rojo; labio rojo.	a beak that is red; a red lip.	နှုတ်သီး (beak) for dantāvaraṇa 'lip' as printed
136674	rattapavālaṅkura	နီသော သန္တာ-ရွက်နု ရွက်ညွန့် သန္တာရွက်နုနီ၊ သန္တာရွက်ညွန့်နီ။	coral / hoja tierna, brote, de color rojo; hoja tierna de coral roja; brote de coral rojo.	coral / tender leaf, shoot, that is red; red coral tender leaf; red coral shoot.	hyphenation irregular (ရွက်နု ရွက်ညွန့် not joined); structure rendered as printed
136695	rattambaradhara	နီးမြန်းသော အဝတ်-သင်္ကန်း-အဝတ်နီ-သင်္ကန်းနီ-ကို-ဆောင်-ဝတ်ဆင်-ဝတ်ရုံ-သော။	que lleva / viste / se reviste de / se envuelve en tela / hábito de color rojo intenso / tela roja / hábito rojo.	bearing / wearing / dressed in / wrapped in deep red cloth / robe / red cloth / red robe.	နီးမြန်း read as နီမြန်း (misprint)
136698	rattarohitamaccha	နီသော ငါးကြင်း၊ ငါးကြင်းနီ။	pez ‹ငါးကြင်း› que es rojo; ‹ငါးကြင်း› rojo.	a ‹ငါးကြင်း› fish that is red; a red ‹ငါးကြင်း›.	ငါးကြင်း left in Burmese: a carp, probably Cirrhinus / Labeo sp. (tentative)
136708	rattavarakambala	နီးမြန်းသော-ကောင်းမြတ်-ကောင်းမွန်-သည့်-ကမ္ဗလာ(=သက္ကလတ်,သိုးမွေးထည်)၊ ကောင်းမွန်သည့် ကမ္မလာနီ။	manta *kambalā* (= paño, prenda de lana de oveja) de color rojo intenso, excelente / buena; buena manta *kammalā* roja.	a *kambalā* blanket (= broadcloth, woollen garment) of deep red colour, excellent / fine; a fine red *kammalā* blanket.	နီးမြန်း read as နီမြန်း (misprint); second spelling ကမ္မလာ copied as printed
136709	rattavarapaṁsukūla	နီးမြန်းသော-ကောင်းမြတ်-ကောင်းမွန်-သည့်-ပံ့သုကူသင်္ကန်း၊ ကောင်းမွန်သော ပံသုကူသင်္ကန်းနီ။	hábito *paṁsukūla* de color rojo intenso, excelente / bueno; buen hábito *paṁsukūla* rojo.	a *paṁsukūla* robe of deep red colour, excellent / fine; a fine red *paṁsukūla* robe.	နီးမြန်း read as နီမြန်း; ပံ့သုကူ / ပံသုကူ spelled both ways
136721	rattasāṇī	နီသော၊ တင်းတိမ်-ကန့်လန့်ကာ-လိုက်ကာ၊ တိမ်တိုက်နီ၊ ကန့်လန့်ကာနီ၊ လိုက်ကာနီ။	rojo; biombo / cortina / colgadura; masa de nubes roja; cortina roja; colgadura roja.	red; screen / curtain / hanging; red cloud mass; red curtain; red hanging.	တိမ်တိုက်နီ (red cloud mass) probably a misprint for တင်းတိမ်နီ (red screen); rendered as printed
136722	rattasāli	နီသော သလေး၊ သလေးနီ။	arroz fino que es rojo; arroz fino rojo.	fine rice that is red; red fine rice.	သလေး rendered 'fine rice' (sāli)
136727	rattasoṇa	နီသော ကြောင်လျှာပင်၊ ကြောင်လျှာနီပင်။	árbol ‹ကြောင်လျှာ› que es rojo; árbol ‹ကြောင်လျှာ› rojo.	a ‹ကြောင်လျှာ› tree that is red; a red ‹ကြောင်လျှာ› tree.	ကြောင်လျှာပင် left in Burmese; probably Oroxylum indicum (tentative)
136736	rati	(၁) မွေ့လျော်-မငြီးငွေ့-ပျော်ပိုက်-ပျော်မွေ့-ခြင်း။ (က) ဝိပဿနာနှင့် သမာပတ်ရှစ်ပါး။ (ခ) ဝိပဿနာနှင့် ယှဉ်သော ပီတိသုခ။ (ဂ) ဝိပဿနာနှင့် ပီတိသုခ။ (ဃ) သမထဝိပဿနာနှင့် ယှဉ်သော ပီတိသုခ။ (၂) (က) တရားတော်၌- (ခ) ဘာဝနာ၌- (ဂ) စတုတ္ထ ဈာန်နှင့် ယှဉ်သော ဖလသမာပတ်၌-(ဃ) ဈာန်၌- (င) ပစ္စည်းလေးပါး၌- (စ) တိရစ္ဆာနကထာ၌- (ဆ) ဝိဝေကနေက္ခမ္မတရားနှစ်မျိုး၌-(ဇ) နေက္ခမ္မစသော တရားလေးမျိုး၌-မွေ့လျော်-မငြီးငွေ့-ပျော်ပိုက်-ပျော်မွေ့-ခြင်း။ (၃) (က) ကာမဂုဏ်ငါးပါးတို့၌-(ခ) နတ်၌ဖြစ်သော ကာမဂုဏ် ငါးပါးတို့၌- (ဂ) ဣဋ္ဌာရုံ၌-မွေ့လျော်-မငြီးငွေ့-ပျော်ပါး-ပျော်မြူး-သာယာခြင်း(လောဘ)။ (၄) ကိလေသာကာမဖြင့်-မွေ့လျော်-မငြီးငွေ့-ပျော်ပါး-ပျော်မြူး-သာယာ-ခြင်း(လောဘ)။ (၅) အလွန်-မွေ့လျော်-နှစ်သက်-နှစ်လို-ခြင်း(ပီတိ)။ (၇) မွေ့လျော်-သာယာ-ကြောင်းဖြစ်သော-ချမ်းသာ-သုခဝေဒနာ။ (ဟေတုကတ္တုသာဓိလည်း သင့်သည်)။ (ဂ) (စိတ်)ပျော်ရွှင်-ရွှင်လန်း-ဝမ်းမြောက်က-ခြင်း(သောမနဿ)။ (၉) ကစား-မြူးတူး-ခြင်း။ (၁၀) မွေ့လျော်-နှစ်သက်-ဖွယ်။ မွေ့လျော်-နှစ်သက်-စေတတ်သော-ကျူးရင့်သံ-တွန်သံ။ (၁၂) နှစ်သက်ဝမ်းမြောက်ခြင်း (ပဒီပနည်းစသည်)။ (၁၃) မွေ့လျော်-သာယာ-ကြောင်းဖြစ်သော သုခနှင့်,သုခ၏ အကြောင်းဝတ္ထု။ (၁၄) ကြဉ်-ကြဉ်ရှောင်-ရှောင်ကွင်း-ရှောင်ရှား-ခြင်း။ (၁၅) ကပ်ငြိ-တွယ်တာ-ခင်တွယ်-ခင်မင်-စုံမက်-စွဲလမ်း-ခြင်း။ (၁၆) သာသနာတော်၌-မွေ့လျော်-ပျော်မွေ့-သည်ဟု ပြောဆိုသော ရဟန်း၏-အကြောင်းအရာ-ဝတ္ထု၊ အဘိရတိဝတ္ထု။ (၁၇) မေထုန်၊ မေထုန်အကျင့်။ (၁၈) (မွေ့လျော်-နှစ်သက်-ခြင်း) ရတိဋ္ဌာယိဘာဝ။ မူရင်းကြည့်ပါ။	(1) el deleitarse / el no hastiarse / el complacerse / el gozar. (a) la *vipassanā* y los ocho *samāpatti*. (b) el *pītisukha* asociado con la *vipassanā*. (c) la *vipassanā* y el *pītisukha*. (d) el *pītisukha* asociado con *samathavipassanā*. (2) (a) en la Enseñanza, (b) en la *bhāvanā*, (c) en el *phalasamāpatti* asociado con el cuarto *jhāna*, (d) en el *jhāna*, (e) en los cuatro requisitos, (f) en la *tiracchānakathā*, (g) en los dos estados *viveka* y *nekkhamma*, (h) en los cuatro estados que comienzan por *nekkhamma*: el deleitarse / el no hastiarse / el complacerse / el gozar. (3) (a) en los cinco *kāmaguṇa*, (b) en los cinco *kāmaguṇa* que se dan entre los *deva*, (c) en un objeto deseable: el deleitarse / el no hastiarse / el divertirse / el retozar / el recrearse (*lobha*). (4) el deleitarse / el no hastiarse / el divertirse / el retozar / el recrearse por medio de *kilesakāma* (*lobha*). (5) el deleitarse / complacerse / alegrarse sumamente (*pīti*). (7) el bienestar / la *sukhavedanā* que es causa del deleitarse / del recrearse. (También es apropiado el *sādhana* *hetukattu*). (8) el estar (la mente) contenta / animada / alegre (*somanassa*). (9) el jugar / el retozar. (10) lo que es de deleitar / de complacer. el canto / el reclamo que suele hacer deleitar / complacer. (12) el complacerse y alegrarse (el método *padīpa* y demás). (13) el *sukha* que es causa del deleitarse / del recrearse, y el objeto que es causa del *sukha*. (14) el evitar / el esquivar / el apartarse / el abstenerse. (15) el adherirse / el aferrarse / el encariñarse / el tener afecto / el apasionarse / el estar apegado. (16) la historia / el relato del monje que decía que se deleita / se complace en la *sāsanā*; el *abhirativatthu*. (17) *methuna*; la práctica de *methuna*. (18) (el deleitarse / el complacerse) *ratiṭṭhāyibhāva*. Véase el original.	(1) delighting / not being wearied / taking pleasure / enjoying. (a) *vipassanā* and the eight *samāpatti*. (b) *pītisukha* associated with *vipassanā*. (c) *vipassanā* and *pītisukha*. (d) *pītisukha* associated with *samathavipassanā*. (2) (a) in the Teaching, (b) in *bhāvanā*, (c) in the *phalasamāpatti* associated with the fourth *jhāna*, (d) in *jhāna*, (e) in the four requisites, (f) in *tiracchānakathā*, (g) in the two states *viveka* and *nekkhamma*, (h) in the four states beginning with *nekkhamma*: delighting / not being wearied / taking pleasure / enjoying. (3) (a) in the five *kāmaguṇa*, (b) in the five *kāmaguṇa* found among the *deva*, (c) in a desirable object: delighting / not being wearied / making merry / frolicking / relishing (*lobha*). (4) delighting / not being wearied / making merry / frolicking / relishing by way of *kilesakāma* (*lobha*). (5) exceedingly delighting / taking pleasure / being glad (*pīti*). (7) the well-being / *sukhavedanā* that is the cause of delighting / relishing. (The *hetukattu* *sādhana* is also fitting). (8) (the mind) being joyful / cheerful / glad (*somanassa*). (9) playing / frolicking. (10) what is to be delighted in / taken pleasure in. the song / call that causes delight / pleasure. (12) being pleased and glad (the *padīpa* method and so on). (13) the *sukha* that is the cause of delighting / relishing, and the object that is the cause of *sukha*. (14) avoiding / shunning / keeping away / abstaining. (15) sticking / clinging / becoming fond / being affectionate / being infatuated / being attached. (16) the story / account of the monk who said that he delights / takes pleasure in the *sāsanā*; the *abhirativatthu*. (17) *methuna*; the practice of *methuna*. (18) (delighting / taking pleasure) *ratiṭṭhāyibhāva*. See the original.	senses (6) and (11) missing, (ဂ) printed where (8) is expected; ဟေတုကတ္တုသာဓိ read as a grammatical note (hetukattu sādhana); ပဒီပနည်း kept as printed; 'see the original' rendered literally
136737	ratiattha	(၁) ပျော်ရွှင်-ရွှင်လန်း-ဝမ်းမြောက်-ခြင်း အကျိုးရှိသော (ကစားမြူးထူးခြင်း)။ (ပု) (၂) မွေ့လျော်-နှစ်သက်-ဝမ်းမြောက်-ခြင်း-အကျိုး-အတွက်။	(1) que tiene como beneficio el alegrarse / regocijarse / gozar (el jugar y retozar). (masculino) (2) para el beneficio / para el fin del deleitarse / complacerse / alegrarse.	(1) having rejoicing / cheerfulness / gladness as its benefit (playing and frolicking). (masculine) (2) for the benefit / for the sake of delighting / taking pleasure / rejoicing.	sense (2) ခြင်း-အကျိုး-အတွက် hyphenation unclear: read as 'for the benefit / sake of delighting …'
136758	ratipaṭikkhepa	မွေ့လျော်-ပျော်ပိုက်-ပျော်မွေ့-ခြင်းကို-ပယ်မြစ်ခြင်း-ပယ်မြစ်ကြောင်းဖြစ်သော သဒ္ဒါ။	palabra que es el rechazar / la causa de rechazar el deleitarse / complacerse / gozar.	a word that is the rejecting / the means of rejecting delighting / taking pleasure / enjoying.	ပယ်မြစ် in the sense of paṭikkhepa rendered rechazar / reject
136759	ratippaṭikkhepa	မွေ့လျော်-ပျော်ပိုက်-ပျော်မွေ့-ခြင်းကို-ပယ်မြစ်ခြင်း-ပယ်မြစ်ကြောင်းဖြစ်သော သဒ္ဒါ။	palabra que es el rechazar / la causa de rechazar el deleitarse / complacerse / gozar.	a word that is the rejecting / the means of rejecting delighting / taking pleasure / enjoying.	ပယ်မြစ် in the sense of paṭikkhepa rendered rechazar / reject
136761	ratipati	မာရ်နတ်၊ ကာမနတ်။	el *deva* *māra*; el *deva* *kāma*.	the *deva* *māra*; the *deva* *kāma*.	ကာမနတ် read as the god of love (Kāmadeva)
136763	rativaḍḍhana	(၁) မွေ့လျော်-နှစ်သက်-နှစ်လို-ခြင်းကို-ပွါး-တိုးပွါး-တိုးတက်-စေတတ်သော(တော)။ (ပု) (၂) ဝေဿဘူ ဘုရားလောင်း၏ ရတိဝဍ္ဎနမည်သော (ပြာသာဒ်)။ (၃) ဧကာဒသနိပါတ် ယုဓဉ္စယဇာတ်လာ သဗ္ဗဒတ္တမင်း၏ ရတိဝဍ္ဎနမည်သော (ပြာသာဒ်)။ (၄) သဋ္ဌိနိပါတ် သောဏကဇာတ်လာ အရိန္ဒမမင်း၏ ရတိ ဝဍ္ဎနမည်သော (ပြာသာဒ်)။ (၅) မဟာနိပါတ် မဟာနာရဒဇာတ်လာ ရုစာမင်းသမီး၏ ရတိဝဍ္ဎနမည်သော(ပြာသာဒ်)။	(1) que suele hacer crecer / aumentar / progresar el deleitarse / complacerse / alegrarse (un bosque). (masculino) (2) el (palacio) llamado *rativaḍḍhana* del *bodhisatta* *vessabhū*. (3) el (palacio) llamado *rativaḍḍhana* del rey *sabbadatta*, que aparece en el *yudhañcaya* *jātaka* del *ekādasanipāta*. (4) el (palacio) llamado *rati vaḍḍhana* del rey *arindama*, que aparece en el *soṇaka* *jātaka* del *saṭṭhinipāta*. (5) el (palacio) llamado *rativaḍḍhana* de la princesa *rucā*, que aparece en el *mahānārada* *jātaka* del *mahānipāta*.	(1) apt to make grow / increase / advance delighting / taking pleasure / rejoicing (a forest). (masculine) (2) the (palace) named *rativaḍḍhana* of the *bodhisatta* *vessabhū*. (3) the (palace) named *rativaḍḍhana* of King *sabbadatta*, in the *yudhañcaya* *jātaka* of the *ekādasanipāta*. (4) the (palace) named *rati vaḍḍhana* of King *arindama*, in the *soṇaka* *jātaka* of the *saṭṭhinipāta*. (5) the (palace) named *rativaḍḍhana* of Princess *rucā*, in the *mahānārada* *jātaka* of the *mahānipāta*.	ယုဓဉ္စယ copied as printed (the Yuvañjaya Jātaka, no. 460?)
136774	ratti	(၁) (က) ညဉ့်=ည၊ နေဝင်သည်မှ အရုဏ်တက်သည့်တိုင်အောင်ကာလ၊ (တစ်ညလုံး)။ (ခ) ညဉ့်၏ ပဌမယာမ်။ (ဂ) ညဉ့်၏ မဇ္ဈိမယာမ်။ (ဃ) ညဉ့်၏ ပစ္ဆိမယာမ်။ (င) ညဉ့်၏-ပဌမ-မဇ္ဈိမ-ယာမ်။ (စ) နေမွန်းတည့်မှ အရုဏ်တက်အထိကာလ။ (ဆ) နေ့နှင့် ည။ (၂) ဥပေက္ခာ ဝေဒနာဟူသော-ညဉ့်-ည။ မူရင်းကြည့်ပါ။	(1) (a) noche (= noche), el tiempo desde que se pone el sol hasta que sale la aurora (toda la noche). (b) la primera vigilia de la noche. (c) la vigilia media de la noche. (d) la última vigilia de la noche. (e) la primera / media vigilia de la noche. (f) el tiempo desde el mediodía hasta que sale la aurora. (g) el día y la noche. (2) la noche / noche que es la *upekkhā* *vedanā*. Véase el original.	(1) (a) night (= night), the time from sunset until dawn (the whole night). (b) the first watch of the night. (c) the middle watch of the night. (d) the last watch of the night. (e) the first / middle watch of the night. (f) the time from noon until dawn. (g) day and night. (2) the night / night that is *upekkhā* *vedanā*. See the original.	'see the original' rendered literally
136778	rattika	(န) (က) ညဉ့်၌ ပွင့်သော ပန်း၊ ညပန်း၊ ရတ္ထိကမည်သော ပန်း (မြတ်လေး၊ စံပယ်စသည်)။ (ပု) (၂) ရတ္တိပုပ္ဖိယထေရ်။ (ရတ္တိကမည်သော ညဉ့်ပန်းပွင့်ဖြင့် ဝိပဿီဘုရားရှင်အား ပူဇော်ခဲ့သော ထေရ်။	(neutro) (a) flor que se abre de noche; flor nocturna; flor llamada *ratthika* (‹မြတ်လေး›, jazmín y demás). (masculino) (2) el *thera* *rattipupphiya*. (el *thera* que rindió homenaje al Buddha *vipassī* con una flor nocturna llamada *rattika*.	(neuter) (a) a flower that blooms at night; night flower; the flower named *ratthika* (‹မြတ်လေး›, jasmine and so on). (masculine) (2) the *thera* *rattipupphiya*. (the *thera* who honoured the Buddha *vipassī* with a night-blooming flower named *rattika*.	sense markers mixed ((က) then (၂)); closing bracket missing in print; မြတ်လေး left in Burmese (a jasmine?); ရတ္ထိက / ရတ္တိက spelled both ways
136794	rattiṭṭhakāparicchinna	နီသော-အုတ်-အုတ်ခဲ-အုတ်နီ-အုတ်ခဲနီ-ဖြင့် ဖုံးလွှမ်းအပ်သော။	cubierto con ladrillo / bloque de ladrillo que es rojo / ladrillo rojo / bloque de ladrillo rojo.	covered with brick / brick block that is red / red brick / red brick block.	Burmese ဖုံးလွှမ်း 'covered' for paricchinna as printed
136809	rattinuṭṭhānadessī	(ရတ္တိနုဋ္ဌာနဒေဿီ=ညဉ့်အခါ ထကြွလုံ့လ မပြုခြင်းကို ရွံ့မုန်း-လေ့ရှိ-တတ်-သော(သဒ္ဒတ္ထ)။ ညဉ့်အခါ၌ ထလေ့ရှိသော၊ ညဉ့်အခါ၌ အထမပျင်းသော (အဓိပ္ပါယတ္ထ)မူရင်းကြည့်ပါ။	(*rattinuṭṭhānadessī* = que suele / tiende a aborrecer el no esforzarse en levantarse de noche (*saddattha*). que suele levantarse de noche; que no es perezoso para levantarse de noche (*adhippāyattha*). Véase el original.	(*rattinuṭṭhānadessī* = in the habit of / apt to loathe not making the effort to rise at night (*saddattha*). in the habit of rising at night; not lazy about rising at night (*adhippāyattha*). See the original.	opening bracket not closed in print; 'see the original' rendered literally
136810	rattindagopa	နီသော ပိုးပရံ၊ သိကြားကွမ်းသွေး-နတ်သမီး ကွမ်းသွေး-ကောင်။	‹ပိုးပရံ› que es rojo; el bicho ‹သိကြားကွမ်းသွေး› / ‹နတ်သမီး ကွမ်းသွေး›.	a ‹ပိုးပရံ› that is red; the ‹သိကြားကွမ်းသွေး› / ‹နတ်သမီး ကွမ်းသွေး› creature.	insect names left in Burmese (lit. 'Sakka's betel-spit' / 'devī's betel-spit'): indagopa, probably the red velvet mite (tentative)
136820	rattipārivāsiya	ကျင့်သုံးသပ်-ကင်းပျောက်-ကုန်ဆုံး-ပျက်ပြယ်-ပြီးသော-ညဉ့်၊ ညဉ့်-သိုး-ကျင့်သုံးပြီး-ကင်းပျောက်-ကုန်ဆုံး-ပျက်ပြယ်-ခြင်း။	la noche ya practicada / desaparecida / acabada / anulada; el haber pasado la noche / quedarse de un día para otro / haberse practicado / desaparecer / acabarse / anularse.	the night that has been practised / has disappeared / ended / lapsed; the passing of the night / being kept overnight / having been practised / disappearing / ending / lapsing.	obscure: ကျင့်သုံးသပ် unclear (misprint for ကျင့်သုံး?); hyphen chain rendered literally; sense perhaps 'kept overnight / lapsed by a night'
136823	rattipupphiya	ညပန်း-ရတ္တိပုပ္ဖအမည်ရှိသော လက်ထုပ်ကြီးပန်း-ကို ပေးလှူသော၊ သူ။ (ညဉ့်အခါ၌ ပွင့်လေ့ရှိသောကြောင့် ရတ္တိပုပ္ဖ အမည်ရှိသော လက်ထုတ်ကြီး ပန်းကို လှူခဲ့ဖူးသော မထေရ်)။	que ofrece una flor nocturna / la gran flor ‹လက်ထုပ်› llamada *rattipuppha* (dicho de una persona). (el *thera* que en otro tiempo ofreció la gran flor ‹လက်ထုတ်› llamada *rattipuppha* porque suele abrirse de noche).	offering a night flower / the great ‹လက်ထုပ်› flower named *rattipuppha* (said of a person). (the *thera* who once offered the great ‹လက်ထုတ်› flower named *rattipuppha* because it usually blooms at night).	plant name လက်ထုပ်ကြီး / လက်ထုတ်ကြီး (spelled both ways) left in Burmese
136855	ratha	(၁) ယာဉ်၊ ယာဉ်သာမည၊ (လှည်းယာဉ်,ရထားယာဉ်စသည်)။ (၂) (မြင်း) ရထား။ (၃) မဂ္ဂင်ရှစ်ပါးတည်းဟူသော ရထား။ (၄) ခန္ဓာကိုယ်တည်းဟူသော ရထား။ (၅) ရထားတပ်။ (၆) ရထားစီး အတတ်ပညာ။ (၇) အလိုဆန္ဒ။ (၈) ရထသုတ်။ (၉) ရထား-တု-ယောင်။ (၁၀) နတ်ရထား၊ သိကြားမင်း၏ ဝေဇယန္တာရထား။ မူရင်းကြည့်ပါ။	(1) vehículo; vehículo en general (vehículo de carreta, vehículo de carro y demás). (2) carro (de caballos). (3) el carro que son los ocho *maggaṅga*. (4) el carro que es el cuerpo. (5) tropa de carros. (6) el arte de conducir carros. (7) el deseo *chanda*. (8) el *rathasutta*. (9) carro / imitación / semejanza de carro. (10) carro de los *deva*; el carro *vejayantā* del rey *sakka*. Véase el original.	(1) vehicle; vehicle in general (cart, chariot and so on). (2) (horse) chariot. (3) the chariot that is the eight *maggaṅga*. (4) the chariot that is the body. (5) chariot troop. (6) the art of driving a chariot. (7) wish *chanda*. (8) the *rathasutta*. (9) chariot / imitation / semblance of a chariot. (10) chariot of the *deva*; the *vejayantā* chariot of King *sakka*. See the original.	'see the original' rendered literally; sense (9) ရထား-တု-ယောင် read as 'imitation chariot'
136860	rathakapparamukha	ရထားဦးဆုံ ထိပ်၊ ရထားအုပ်ဆုံ ထိပ်။	la punta de la unión delantera del carro; la punta de la unión del yugo del carro.	the tip of the chariot's front joint; the tip of the chariot's yoke joint.	ဦးဆုံ / အုပ်ဆုံ (parts of the chariot pole) rendered tentatively
136861	rathakubbaramukha	ရထားဦးဆုံ ထိပ်၊ ရထားအုပ်ဆုံ ထိပ်။	la punta de la unión delantera del carro; la punta de la unión del yugo del carro.	the tip of the chariot's front joint; the tip of the chariot's yoke joint.	ဦးဆုံ / အုပ်ဆုံ (parts of the chariot pole) rendered tentatively
136871	rathakubbara	(၁) ရထား-လှည်းဘီး-အကွပ်၊ တကူ။ (၂) ရထား-လှည်း-ရံတိုင်၊ လှည်းတံ၊ လက်တင်။	(1) aro de la rueda del carro / de la carreta; llanta. (2) poste lateral del carro / de la carreta; lanza de la carreta; barandilla.	(1) the rim of the chariot / cart wheel; felly. (2) the side post of the chariot / cart; cart pole; hand-rail.	တကူ and လက်တင် (cart parts) rendered tentatively
136872	rathakubbarasīsa	ရထား-လှည်း-ဝက်စွယ်ရင်း။	la base del ‹ဝက်စွယ်› del carro / de la carreta.	the base of the ‹ဝက်စွယ်› of the chariot / cart.	ဝက်စွယ် (lit. 'boar's tusk'), a part of the cart, left in Burmese
136876	rathacakkanemi	ရထား-လှည်း-ဘီ-အကွပ်။	aro de la rueda del carro / de la carreta.	the rim of the chariot / cart wheel.	ဘီ read as ဘီး (misprint)
136903	rathapākāra	ရထား-ရထားတပ်-တည်းဟူသော-အကာအရံ-တံတိုင်း-ရထား-ရထားတပ်-အကာအရံ-တံတိုင်း။	la protección / muralla que es el carro / la tropa de carros; carro / tropa de carros / protección / muralla.	the protection / rampart that is the chariot / the chariot troop; chariot / chariot troop / protection / rampart.	hyphen chain without a ၊ between the two parts; rendered as two alternatives
136904	rathapācana	ရထားနှင်တံ၊ ရထားလှံတန်။	aguijada del carro; asta de lanza del carro.	chariot goad; chariot spear-shaft.	ရထားလှံတန် rendered tentatively
136922	ratharakkha	ရထား၏ မယ်နကို စောင့်ရှောက်တတ်သော၊ သူ။ ရထားမယ်နစောင့်။	que suele proteger el ‹မယ်န› del carro (dicho de una persona). guardián del ‹မယ်န› del carro.	apt to guard the ‹မယ်န› of the chariot (said of a person). guard of the chariot's ‹မယ်န›.	မယ်န (a part of the chariot?) unclear; left in Burmese
136924	rathareṇu	(၁) ရထရေဏုမြူ၊ ကား,ရထားစသည်သွားသောအခါ ထသော-မြူ-ဖုံ။ (၂) ရထေရဏုမြူနှင့် တူသော မြူ။	(1) polvo *rathareṇu*; el polvo / la polvareda que se levanta cuando pasan coches, carros y demás. (2) polvo semejante al polvo *ratheraṇu*.	(1) *rathareṇu* dust; the dust / dust-cloud that rises when carts, chariots and so on go by. (2) dust resembling *ratheraṇu* dust.	sense (2) prints ရထေရဏု, probably a misprint for ရထရေဏု; copied as printed
136929	rathavayha	ရထား(လှည်း)ပေါင်းချုပ်။	conjunto ensamblado del carro (de la carreta).	the assembled whole of the chariot (cart).	ပေါင်းချုပ် unclear (assembly? total?); rendered tentatively
136937	rathavinīta	(၁) ဆုံးမအပ်ပြီးသော အာဇာနည်မြင်းကသော ရထား။ (န) (၂) ရတဝိနီတသုတ်။	(1) carro tirado por un caballo de raza ya adiestrado. (neutro) (2) el *rathavinītasutta*.	(1) a chariot drawn by a thoroughbred horse that has been trained. (neuter) (2) the *rathavinītasutta*.	sense (2) prints ရတဝိနီတသုတ် (misprint for ရထဝိနီတသုတ်)
136942	rathavimāna	ရထားဗိမာန်။	*vimāna* en forma de carro.	a chariot *vimāna*.	ရထားဗိမာန် read as a vimāna that is a chariot
136948	rathasandhi	ရထားအိမ်၏ ဝက်စွယ်နှင့် တကွ စပ်ရာ-အရပ်-ဌာန။	el lugar / sitio donde la caja del carro se une con el ‹ဝက်စွယ်›.	the place / site where the chariot body joins the ‹ဝက်စွယ်›.	ဝက်စွယ် (lit. 'boar's tusk'), a part of the cart, left in Burmese as in 136872
136976	rathika	ရထားဆရာ၊ ရထားမီး-သူရဲ-စစ်သား၊ ရထားစောင့်စသည်။	maestro de carros; guerrero / soldado ‹ရထားမီး›; guardián del carro y demás.	chariot master; ‹ရထားမီး› warrior / soldier; chariot guard and so on.	ရထားမီး probably a misprint for ရထားစီး ('chariot-riding'); left in Burmese
136988	rathūpatthambha	ရထားပွတ်တိုင်၊ ရထားရံတိုင်။	poste torneado del carro; poste lateral del carro.	the turned post of a chariot; the side post of a chariot.	ပွတ်တိုင် read as 'turned post'; tentative
136993	radati	ရေးခြစ်၏။	rasguña.	scratches.	ရေးခြစ် read as 'scratch, scrape'
136997	randha	(၁) အပေါက်,အခေါင်း,တွင်း။ (၂) ဂုဏ်တည်းဟူသော အပေါက်၊ အကျိုးမဲ့အပြစ် (တစ်စုံတစ်ယောက်၏-အားနည်းချက်-ပျော့ကွက်)။	(1) agujero, hueco, hoyo. (2) el agujero en cuanto a la virtud; falta dañina (la debilidad / el punto débil de alguien).	(1) hole, hollow, pit. (2) a hole as regards virtue; a harmful fault (someone's weakness / weak spot).	ဂုဏ်တည်းဟူသော အပေါက် ('a hole that is guṇa') read as a flaw in one's virtue; tentative
137001	randhagavesī	ကျေးဇူးမဲ့-အပေါက်အကြား-အပြစ်-အားနည်းချက်-ပျော့ကွက်-ကို ရှာလေ့ရှိသော၊ သူ။	que suele buscar lo perjudicial / la abertura / la falta / la debilidad / el punto débil (dicho de una persona).	in the habit of seeking what is harmful / an opening / a fault / a weakness / a weak spot (said of a person).	ကျေးဇူးမဲ့ (lit. 'without benefit') read as 'what is harmful'; tentative
137009	randhentu	နှိပ်စက်-မွှေနှောက်-စေကုန်သတည်း။ «S1» «S2»	que opriman / perturben. Véase [[randhayati]]. Véase también [[randhayuṁ]].	let them oppress / disturb. See [[randhayati]]. See also [[randhayuṁ]].	-စေကုန်သတည်း under the imperative -ntu read as jussive 'let them'; could be causative 'let them make … oppress'
137013	rabhati	အားထုတ်၏၊ အလွန်အကျိုးပြု၏။	se esfuerza; produce gran beneficio.	strives; does great good.	အလွန်အကျိုးပြု ('does much benefit') rendered literally; sense for rabhati unclear
137023	ramati	(၁) (က) (အထူးထူးသော ကာမဂုဏ်အာရုံတို့ဖြင့်) မြူးတူး-ပျော်ပါး-ကစား-၏။ (ခ) ကစား-ဝမ်းမြောက်-၏။ (၂) နှစ်သက်၏။ (၃) (က) (မကောင်းမှု၌) မွေ့လျော်-ပျော်ပိုက်-အလွန်မွေ့လျော်-အလွန်ပျော်ပိုက်-၏။ (ခ) (တော၌) မွေ့လျော်-ပျော်ပိုက်က-အလွန်မွေ့လျော်-ပျော်ပိုက်-၏။ (ဂ) (ဓမ္မရတိဖြင့်) မွေ့လျော်-ပျော်ပိုက်-အလွန်မွေ့လျော်-အလွန်ပျော်ပိုက်-၏။ (၄) (ကာမရတိဖြုင့်) မွေ့လျော်-ပျော်မြူး-ကာမဂုဏ်ခံစား-၏။	(1) (a) (con los diversos objetos de los *kāmaguṇa*) retoza / se divierte / juega. (b) juega / se alegra. (2) se complace. (3) (a) (en la mala acción) se deleita / se complace / se deleita sumamente / se complace sumamente. (b) (en el bosque) se deleita / se complace / se deleita sumamente / se complace. (c) (con el *dhammarati*) se deleita / se complace / se deleita sumamente / se complace sumamente. (4) (con el *kāmarati*) se deleita / retoza / disfruta de los *kāmaguṇa*.	(1) (a) (with the various objects of the *kāmaguṇa*) frolics / makes merry / plays. (b) plays / rejoices. (2) takes pleasure. (3) (a) (in evil deeds) delights / takes pleasure / delights exceedingly / takes exceeding pleasure. (b) (in the forest) delights / takes pleasure / delights exceedingly / takes pleasure. (c) (with *dhammarati*) delights / takes pleasure / delights exceedingly / takes exceeding pleasure. (4) (with *kāmarati*) delights / frolics / enjoys the *kāmaguṇa*.	(3b) ပျော်ပိုက်က and (4) ဖြုင့် read as misprints for ပျော်ပိုက် and ဖြင့်
137032	ramayatha	မွေ့လျော်ကြကုန်၏။	se deleitan.	they delight.	headword is 2nd pl. (-tha); the Burmese does not mark the person, rendered 3rd pl.
137049	ramāpesi	မွေ့လျော်-မြူးတူး-ပျော်ပါး-ကစား-စေ၏။	hace deleitar / retozar / divertirse / jugar.	causes to delight / frolic / make merry / play.	aorist headword (-esi) glossed with the present ၏; rendered as printed
137079	rambha	(၁) ကောက်ကျစ်စဉ်းလဲခြင်း။ (၂) မွေ့မည်သော သူ၊ (ဝေဿဘူမြတ်စွာဘုရား၏ မြတ်သော အလုပ်အကျွေး။	(1) la astucia y el engaño. (2) la persona llamada ‹မွေ့› (el excelente asistente del Buddha *vessabhū*).	(1) crookedness and deceit. (2) the person named ‹မွေ့› (the excellent attendant of the Buddha *vessabhū*).	name printed မွေ့, probably a misprint for ရမ္ဘ; bracket not closed in print
137080	rambhā	(က) ငှက်ပျောပင်။ (၂) ရမ္ဘမည်သော နတ်သမီး။ (၃) ပြည့်တန်ဆာ။ (၄) နွားတွန်သံ။ (၅) မဟာဒေဝ (သိဝ)နတ်၏ မယား ပဗ္ဗတီ နတ်သမီး။ ကပ္ပ-၌ မြေကြီး-ဟုလာ၏၊ ပါတက-၌ (၁) ငှက်ပျော်ပင်။ (၂) ရမ္ဘာမည်သော နတ်သမီး။ (၃) ဝေရောစနသိကြားမင်း၏ မိဖုရား။ (၄) ရာဝဏဘီလူး၏ မိဖုယားတစ်ယောက်၏ အမည်-ဟုလာ၏။ မူရင်းကြည့်ပါ။	(a) planta de plátano. (2) la *devī* llamada *rambha*. (3) prostituta. (4) el mugido de la vaca. (5) la *devī* *pabbatī*, esposa del *deva* *mahādeva* (*siva*). En el *kappa* aparece como «la tierra»; en el *pātaka* aparece como (1) planta de plátano. (2) la *devī* llamada *rambhā*. (3) la reina del rey *sakka* *verocana*. (4) el nombre de una de las reinas del *yakkha* *rāvaṇa*. Véase el original.	(a) banana plant. (2) the *devī* named *rambha*. (3) prostitute. (4) the lowing of a cow. (5) the *devī* *pabbatī*, wife of the *deva* *mahādeva* (*siva*). In the *kappa* it appears as 'the earth'; in the *pātaka* it appears as (1) banana plant. (2) the *devī* named *rambhā*. (3) the queen of King *sakka* *verocana*. (4) the name of one of the queens of the *yakkha* *rāvaṇa*. See the original.	(က) printed for (1); ငှက်ပျော်ပင် and မိဖုယား read as misprints; ကပ္ပ and ပါတက (source works?) copied as printed; 'see the original' rendered literally
137082	ramma	(ပု)(၁) ရမ္မမည်သော သူ။ (သောဘိတ မြတ်စွာဘုရား၏ အလုပ်အကျွေး အဂ္ဂုပဋ္ဌာက ဧတဒဂ်ရသူ)။ (၂) ပဒုမမြတ်စွာဘုရား၏ သားတော်ရမ္မ။ (၃) ဂေါတမဗုဒ္ဓ၏ ရမ္မမည်သော ပြာသာဒ်။ (န) (၄) သုမေဓာရသေ့၏ ဗျာဒိတ်ခံယူရာ ရမ္မမြို့။ (ထီ) (၅) ယုဓဉ္စယဇာတ်၌ လာသော သဗ္ဗတ္ထမင်း၏ နေပြည်တော်ရမ္မမြို့။ (ထီ) (၆) ရမ္မာမည်သော အမျိုးသမီး (သိဒ္ဓတ္ထဘုရား၏ မြတ်သော အလုပ်အကျွေး အဂ္ဂပဋ္ဌိကာ ဧတဒဂ်ရ ဒါယိကာမ)။	(masculino) (1) la persona llamada *ramma* (el asistente del Buddha *sobhita*, que obtuvo el *etadagga* como *aggupaṭṭhāka*). (2) *ramma*, hijo del Buddha *paduma*. (3) el palacio llamado *ramma* del Buddha *gotama*. (neutro) (4) la ciudad de *ramma*, donde el asceta *sumedhā* recibió la predicción. (femenino) (5) la ciudad de *ramma*, capital del rey *sabbattha*, que aparece en el *yudhañcaya* *jātaka*. (femenino) (6) la mujer llamada *rammā* (la donante que obtuvo el *etadagga* como *aggapaṭṭhikā*, excelente asistente del Buddha *siddhattha*).	(masculine) (1) the person named *ramma* (the attendant of the Buddha *sobhita*, who attained *etadagga* as *aggupaṭṭhāka*). (2) *ramma*, son of the Buddha *paduma*. (3) the palace named *ramma* of the Buddha *gotama*. (neuter) (4) the city of *ramma*, where the ascetic *sumedhā* received the prediction. (feminine) (5) the city of *ramma*, capital of King *sabbattha*, found in the *yudhañcaya* *jātaka*. (feminine) (6) the woman named *rammā* (the female donor who attained *etadagga* as *aggapaṭṭhikā*, excellent attendant of the Buddha *siddhattha*).	label တိ but senses are names; အဂ္ဂုပဋ္ဌာက / အဂ္ဂပဋ္ဌိကာ and ယုဓဉ္စယ copied as printed; king's name printed သဗ္ဗတ္ထ here, သဗ္ဗဒတ္တ in 137084
137084	rammaka	(ပု) (၁) ရမ္မကမည်သော ပုဏ္ဏား။ (၂) တန်ဆောင်မုန်းလ။ (၃) တန်ခူးလ။ (န) (၄) ယုဓဉ္စယဇာတ်လာ သဗ္ဗဒတ္တမင်း၏ နေပြည်တော် ရမ္မမြို့။	(masculino) (1) el brahmán llamado *rammaka*. (2) el mes de Tazaungmon. (3) el mes de Tagu. (neutro) (4) la ciudad de *ramma*, capital del rey *sabbadatta*, que aparece en el *yudhañcaya* *jātaka*.	(masculine) (1) the brahmin named *rammaka*. (2) the month of Tazaungmon. (3) the month of Tagu. (neuter) (4) the city of *ramma*, capital of King *sabbadatta*, found in the *yudhañcaya* *jātaka*.	Burmese month names romanised: Tazaungmon (≈ Kattika, Oct–Nov), Tagu (≈ Citta, Mar–Apr)
137085	rammakumāra	ရမ္မသတို့သား။	el joven *ramma*.	the young man *ramma*.	သတို့သား ('bridegroom; young man') rendered 'young man'
137087	rammatala	မွေ့လျော်-ပျော်ရွှင်-ဖွယ်ကောင်းသော အပြစ်။	superficie deleitable / alegre.	a delightful / joyful surface.	print has အပြစ် 'fault', read as အပြင် 'surface' as in 137088
137101	ravati	(၁) အသံပြု၏။ (၂) ပြောဆို၏။ (၃) မြည်တမ်း-အော်ဟစ်-၏။ (၄) မြည်-ဟီး-၏။ (၅) (ဂ) (ကြက်) တွန်၏။ (ခ) မြည်တွန်တောက်တီး၏။ (၆) (ဆင်) အော်၏။ ကြိုးကြာသံပြု၏။ (၇) မိုး-ချုန်း-ခြိမ်း-၏။ (ဂ) တော်လည်း (လဲ)၏။ မူရင်းကြည့်ပါ။	(1) hace sonido. (2) habla. (3) se lamenta / grita. (4) suena / retumba. (5) (c) (el gallo) canta. (b) chilla / parlotea. (6) (el elefante) barrita. hace el sonido de la grulla. (7) el cielo / truena / retumba. (c) ‹တော်လည်း (လဲ)၏›. Véase el original.	(1) makes a sound. (2) speaks. (3) laments / shouts. (4) sounds / roars. (5) (c) (the cock) crows. (b) screeches / chatters. (6) (the elephant) trumpets. makes the sound of the crane. (7) the sky / thunders / rumbles. (c) ‹တော်လည်း (လဲ)၏›. See the original.	Sense (5) opens with (ဂ), probably a misprint for (က); hyphen after မိုး in (7) kept as printed; last sub-sense တော်လည်း (လဲ)၏ unclear, left in Burmese; 'see the original' rendered literally.
137103	ravanaka	မြည်-တွန်ကျူး-အော်ဟစ်-တတ်သော၊ (ကျီ-ဥဩစသော ငှက)။	que suele sonar / cantar / gritar; (aves como el cuervo, el koel y demás).	apt to sound / call / shout; (birds such as the crow, the koel and so on).	Print has ကျီ-ဥဩ and ငှက, read as ကျီး (crow), ဥဩ (koel), ငှက် (bird).
137111	ravasi	မြည်-တွန်-၏ (ရဝတိလည်းကြည့်)။	suena / canta (Véase también [[ravati]]).	sounds / calls (See also [[ravati]]).	'See also ravati' left in the Burmese, rendered in place; headword is 2nd person (-si) but glossed in the 3rd as printed.
137126	ravissāmi	(၁) မြည်အံ့။ (၂) မြည်တမ်း-အော်ဟစ်-အံ့။ «S1»	(1) sonaré. (2) me lamentaré / gritaré. Véase también [[ravati]].	(1) I shall sound. (2) I shall lament / shout. See also [[ravati]].	1st person (headword -ssāmi) rendered in the 1st person.
137127	ravihaṁsa	ဟင်္သာ(ဝမ်းဘဲ)။	*haṅsā* (‹ဝမ်းဘဲ›).	*haṅsā* (‹ဝမ်းဘဲ›).	ဝမ်းဘဲ left in Burmese; tentatively the ruddy shelduck (tarro canelo).
137128	rasa	(၁) (က) အချဉ်စသော အရသာ၊ ရသာရုံ။ (ခ) ရသာရုံ တပ်မက်စွဲလမ်းသည့်တဏှာ။ (ဂ) အရသာသဖွယ်ဖြစ်သော တရား။ (၂) (ရှိခိုးခြင်း,ခရီးဦးကြိုဆိုခြင်း အစရှိသော) အမှု-ကိစ္စ-အကျင့်-ကျင့်ဝတ်။ (၃) (က (ရူပရုံစသည်၌) သာယာခြင်း၊ သာယာတတ်သည့် သောမနဿဝေဒနာ၊ (ပုထုဇဉ်တို့) သာယာအပ်သည့် သောမနဿဝေဒနာ။ (ခ) (အကျိုးအကြောင်းတို့၌) သာယာတတ်သည့် သောမနဿဝေဒနာ၊ (ပညာရှိတို့) သာယာအပ်သည့် သောမနဿဝေဒနာ။ (၄) သာယာ-ချစ်ခင်-နှစ်သက်-အပ်သော (ကာမဂုဏ် ၅-ပါး)။ (၅) (သစ်သီးစသည်တို့၏) အရည်၊ (၆) (ကြံ၊ ကြံ၇။ (၇) နို့ရည်။ (၈) သရက်။ (၉) အဖျော်။ (၁၀) သစ်စေး။ (၁၁) ထင်းရှးဆီ။ (၁၂) ရသဓာတ်။ (၁၃) (က) ပုဂ္ဂိုလ်ဒ) အမှုကိစ္စ။ (ခ) (ဖဿစသောတရားတို့၏) အမှုကိစ္စ။ (၁၄) ပြည့်စုံခြင်း။ (၁၅) (က) သာမညလက္ခဏာ၊ အများနှင့် ဆက်ဆံသည့် သဘောလက္ခဏာ (သုတ္တာနုလောမ=အလုံးစုံသော ဝိနည်းပါဠိတော်အားလျော်သည့် ပဟာပဒေသ ၄-ပါး)။ (ခ) သဘော။ (၁၆) အနှစ်၊ သုတ်ပါဠိ၏ အနှစ်။ (၁၇) ဂုဏ်၊ အကျိုး၊ အာနိသင်။ (၁၈) (က) ဩဇာ၊ ဩဇဂုဏ်၊ အစွမ်းသတ္တိ၊ ထန်းတောက်ပခြင်း။ (ခ) ဩဇာ၊ အခွန်အတုတ်၏ ပြည့်စုံခြင်း၊ ပြည့်စုံသည့် အခွန်အတုတ်။ (၁၉) အရောင်၊ ရောင်ခြည်တော်။ (၂၀) ပြဒါး။ (၂၁) အသက်။ (၂၂) ချမ်းသာသုခ။ (၂၃) ချုပ်,ပျက်ခြင်း။ (၂၄) ထင်ရှားရှိခြင်း။ (၂၅) (အလင်္ကာကျမ်းလာ သာယာအပ်သည့်) သိင်္ဂါရစသော ရသ ၉-ပါး။ (၂၆) ချစ်ခင်-နှစ်သက်-ချစ်ကျွမ်းဝင်ခြင်း။ (၂၇) ဆုတ်ယုတ်ခြင်း။ (၂၈) လုံ့လ၊ ဝီရိယ။ မူရင်းကြည့်ပါ။	(1) (a) el sabor, como lo ácido y demás; el objeto sabor (*rasārammaṇa*). (b) la *taṇhā* que se apega y aferra al objeto sabor. (c) un estado semejante al sabor. (2) (el saludar, el salir a recibir a quien llega y demás) acción / deber / práctica / norma de conducta. (3) (a) (en el objeto visible y demás) el deleitarse; la *somanassavedanā* que suele deleitarse; la *somanassavedanā* en que se deleitan (los *puthujjana*). (b) (en los efectos y las causas) la *somanassavedanā* que suele deleitarse; la *somanassavedanā* en que se deleitan (los sabios). (4) (los cinco *kāmaguṇa*) en que uno se deleita / que se aman / que agradan. (5) (de las frutas y demás) el jugo; (6) (caña de azúcar; ‹ကြံ၇›. (7) leche. (8) mango. (9) bebida. (10) resina de árbol. (11) aceite de trementina. (12) el elemento *rasa*. (13) (a) (de las personas) función. (b) (de *phassa* y demás estados) función. (14) el estar completo. (15) (a) *sāmaññalakkhaṇā*; la característica de naturaleza que es común a muchos (*suttānuloma* = los cuatro *pahāpadesa* conformes a todo el texto canónico del *vinaya*). (b) naturaleza. (16) esencia; la esencia del texto pāḷi de los suttas. (17) cualidad; beneficio; ventaja. (18) (a) *ojā*; la cualidad *oja*; poder / potencia; el resplandecer brillantemente. (b) *ojā*; la plenitud de los tributos; tributos completos. (19) brillo; rayos (sagrados). (20) mercurio. (21) vida. (22) bienestar, felicidad. (23) el cesar, el perecer. (24) el existir manifiestamente. (25) (en que uno se deleita, según los tratados de *alaṅkāra*) los nueve *rasa* que comienzan por *siṅgāra*. (26) el amar / agradar / tener afecto íntimo. (27) el decaer. (28) esfuerzo; *vīriya*. Véase el original.	(1) (a) taste, such as sourness and so on; the taste object (*rasārammaṇa*). (b) the *taṇhā* that is attached to and clings to the taste object. (c) a state resembling taste. (2) (paying homage, going out to welcome an arrival and so on) action / duty / practice / code of conduct. (3) (a) (in the visible object and so on) relishing; the *somanassavedanā* that is apt to relish; the *somanassavedanā* relished (by *puthujjana*). (b) (in effects and causes) the *somanassavedanā* that is apt to relish; the *somanassavedanā* relished (by the wise). (4) (the five *kāmaguṇa*) relished / loved / liked. (5) (of fruits and so on) juice; (6) (sugar cane; ‹ကြံ၇›. (7) milk. (8) mango. (9) drink. (10) tree resin. (11) turpentine. (12) the *rasa* element. (13) (a) (of persons) function. (b) (of *phassa* and other states) function. (14) completeness. (15) (a) *sāmaññalakkhaṇā*; the characteristic of a nature shared with many (*suttānuloma* = the four *pahāpadesa* conforming to the whole canonical text of the *vinaya*). (b) nature. (16) essence; the essence of the Pāḷi text of the suttas. (17) quality; benefit; advantage. (18) (a) *ojā*; the *oja* quality; power / potency; shining brilliantly. (b) *ojā*; fullness of taxes; full taxes. (19) radiance; (sacred) rays. (20) mercury. (21) life. (22) well-being, happiness. (23) ceasing, perishing. (24) being manifestly present. (25) (relished, as found in the treatises on *alaṅkāra*) the nine *rasa* beginning with *siṅgāra*. (26) loving / liking / intimate affection. (27) decline. (28) effort; *vīriya*. See the original.	Garbled print: (၃)(က missing bracket; (၆) '(ကြံ၊ ကြံ၇' unclear (sugar cane?); (၁၃)(က) 'ပုဂ္ဂိုလ်ဒ)' read as 'of persons'; ပဟာပဒေသ probably misprint for မဟာပဒေသ; ထန်းတောက်ပခြင်း read as ထွန်းတောက်ပ 'shining'; ရသဓာတ် (12) unclear (alchemical?); 'see the original' rendered literally.
137130	rasaka	(၁) စဖိုသည်။ (ထမင်းချက်သမား)။ «S1» (၂) အရသာရှိသော။ (၃) သတ္ထုဓာတ်ဆားပြဒါး။ (၄) အရည်။	(1) cocinero. (el que cuece el arroz). Véase también [[rasapiṇḍapāta]]. (2) que tiene sabor. (3) ‹သတ္ထုဓာတ်ဆားပြဒါး›. (4) jugo.	(1) cook. (one who cooks rice). See also [[rasapiṇḍapāta]]. (2) having flavour. (3) ‹သတ္ထုဓာတ်ဆားပြဒါး›. (4) juice.	(3) သတ္ထုဓာတ်ဆားပြဒါး left in Burmese: a mineral, perhaps a mercury salt (tentative).
137142	rasaggasaggā	(၁) မြတ်သော-ရသာကြော-အရသာကို ဆောင်တတ်သည့် အကြော၊ ရသာကြောမြတ်၊ အရသာကို ဆောင်တတ်သည့် အကြောမြတ်။ (၂) အထက်သို့ အဖျားလှည့်-အဖျားကော့-သော ရသာကြော။ (၃) ရသာကြော-အရသာကို ဆောင်တတ်သည့် အကြော-တို့၏-အဖျား-ထိပ်ဖျား။ «S1»	(1) excelentes conductos del gusto / conductos que suelen llevar el sabor; conductos del gusto excelentes; conductos excelentes que suelen llevar el sabor. (2) conductos del gusto cuyas puntas se vuelven / se curvan hacia arriba. (3) la punta / el extremo de los conductos del gusto / de los conductos que suelen llevar el sabor. Véase [[rasaggasaggī]].	(1) excellent taste channels / channels apt to convey taste; excellent taste channels; excellent channels apt to convey taste. (2) taste channels whose tips turn / curve upward. (3) the tip / the extremity of the taste channels / of the channels apt to convey taste. See [[rasaggasaggī]].	ကြော rendered 'conducto' / 'channel' (vein, sinew or nerve).
137143	rasaggasaggitā	(၁) မြတ်သော-ရသာကြော-အရသာကို ဆောင်တတ်သည့်အကြော-ရှိသူ၏ အဖြစ်။ (၂) အထက်သို့ အဖျားလှည့်-အဖျားကော့-သည့် ရသာကြောရှိသူ၏ အဖြစ်။ (၃) ရသာကြော-အရသာကို ဆောင်တတ်သည့် အကြော့-တို့၏-အဖျား-ထိပ်ဖျား-ရှိသူ၏အဖြစ်။	(1) el hecho de ser alguien que tiene excelentes conductos del gusto / conductos que suelen llevar el sabor. (2) el hecho de ser alguien que tiene conductos del gusto cuyas puntas se vuelven / se curvan hacia arriba. (3) el hecho de ser alguien que tiene la punta / el extremo de los conductos del gusto / de los conductos que suelen llevar el sabor.	(1) the state of one who has excellent taste channels / channels apt to convey taste. (2) the state of one who has taste channels whose tips turn / curve upward. (3) the state of one who has the tip / the extremity of the taste channels / of the channels apt to convey taste.	(3) print has အကြော့, read as အကြော.
137161	rasadāna	အရသာ-ရသာရုံ-ကို-ပေးကမ်း-လှူဒါန်း-ခြင်း။ အရသာ-ရသာရုံ-အလှူ။ (အရသာ-ရသာရုံကို-ပေးကမ်းလှူဒါန်း-စွန့်ကြဲ-သော ပုဂ္ဂိုလ်အား လူအားလုံးက ချစ်ခင်နှစ်သက်-မြတ်နိုး-၏။	el dar / ofrecer sabor / *rasārammaṇa*. la ofrenda de sabor / *rasārammaṇa*. (A la persona que da / ofrece / reparte sabor / *rasārammaṇa*, todo el mundo la ama / la estima.	giving / offering taste / the *rasārammaṇa*. the gift of taste / the *rasārammaṇa*. (The person who gives / offers / distributes taste / the *rasārammaṇa* is loved / cherished by everyone.	Opening bracket before the last sentence is not closed in the print.
137163	rasana	(န) (၁) အသံ။ (၂) သာယာခြင်း။ (၃) ဆုတ်ယုတ်ခြင်း။ (ထီ) (၄) ခါးပတ်၊ ခါးကြိုး၊ ခါးကြိုးတန်ဆာ။ (၅) ကြိုးသာမည။ (၆) ရသနာမည်သော နွယ်အထူး။ (ထီ) (န) (ရ) လျာ။	(neutro) (1) sonido. (2) el deleitarse. (3) el decaer. (femenino) (4) cinturón; cordón de cintura; adorno de cintura. (5) cuerda en general. (6) una enredadera especial llamada *rasanā*. (femenino) (neutro) (7) lengua.	(neuter) (1) sound. (2) relishing. (3) decline. (feminine) (4) belt; waist-cord; waist ornament. (5) cord in general. (6) a particular creeper called *rasanā*. (feminine) (neuter) (7) tongue.	Last sense number printed (ရ), read as (၇) = 7.
137164	rasanimitta	ရသနိမိတ်ရသာရုံဟု ဆိုအပ်သော-အကြောင်း-နိမိတ်။	la causa / el *nimitta* llamado *rasanimitta*, *rasārammaṇa*.	the cause / the *nimitta* called *rasanimitta*, *rasārammaṇa*.	Print runs ရသနိမိတ်ရသာရုံ together without a separator; read as two alternative names.
137181	rasarasa	(၁) လွန်မြတ်သော အရသာ၊ (ပဲနောက်,ပဲကြီးဟင်းထက် လွန်ကဲသော အရသာရှိသည့် ဟင်းဟူသမျှ)။ အရည်အရသာ။ (၂) ရသာရုံ-၌-ကို-သာယာခြင်း။	(1) sabor sumamente excelente; (todo guiso que tiene un sabor superior al del guiso de ‹ပဲနောက်› y de ‹ပဲကြီး›). el sabor del jugo. (2) el deleitarse (en / con) el *rasārammaṇa*.	(1) exceedingly excellent taste; (any curry with a taste surpassing that of ‹ပဲနောက်› and ‹ပဲကြီး› curry). the taste of juice. (2) relishing (in / on) the *rasārammaṇa*.	ပဲနောက် and ပဲကြီး left in Burmese: tentatively chickpea and lablab (or broad) bean.
137213	rasādhibhū	ရသာရုံကို-လွှမ်းမိုး-နှိပ်စက်-အပ်သော၊ သူ။	que domina / oprime el *rasārammaṇa* (dicho de una persona).	overpowering / oppressing the *rasārammaṇa* (said of a person).	Print has ရသာရုံကို (object) but the passive -အပ်သော; rendered active (abhibhū = overcomer); cf. the next entry, which is passive.
137216	rasānisaṁsa	သဘာဝဖြစ်သော-အကျိုး-အာနိသင်။	el fruto / el beneficio que es su naturaleza.	the fruit / the benefit which is its nature.	သဘာဝဖြစ်သော ('being the nature') unclear here: perhaps 'the natural benefit' or 'the benefit that is the essence'.
137217	rasānugiddha	အရသာ-ရသာရုံ-၌ တပ်မက်သော၊ ရသတဏှာ၏ အလိုသို့ လိုက်သော သော။	que se apega al sabor / al *rasārammaṇa*; que sigue el deseo de la *rasataṇhā*.	attached to taste / to the *rasārammaṇa*; following the wish of *rasataṇhā*.	Print ends 'လိုက်သော သော' (duplicated သော).
137221	rasāyatana	(အာယတန ၁၂-ပါးတို့တွင် ပါဝင်သည့်) ရသာယတန၊ (က) အရသာ-ရသာရုံ-ဟု ဆိုအပ်သော-(ဇိဝှါဝိဉာဏ်-လျက်သိ-စိတ်၏) လုံ့လပြုရာ-အားထုတ်ရာ-တည်နေရာ-စုဝေးရာ-ဖြစ်ပော်ရာ အကြောင်း။ (ခ) (ဇိဝှါဝိညာဏ်-လျက်သိ-စိတ်၏) လုံ့လပြုရာ-အားထုတ်ရာ-တည်နေရာ-စုဝေးရာ-ဖြစ်ပော်ရာ-အကြောင်း-ဖြစ်သည့်-အရသာ-ရသာရုံ။ (ဂ) ဇိဝှါဝိညာဏ်-လျက်သိ-စိတ်ကို တိုးချဲ့တတ်သည့်-အရသာ-ရသာရုံ။ (ဃ) ရှည်လျား-ကျယ်ပြန့်-သော-သံသရာဝဋ်ဆင်းရဲကို-ဆောင်-ဖြစ်စေ-တတ်သည့် အရသာ-ရသာရုံ။ မူရင်းကြည့်ပါ။	*rasāyatana* (uno de los 12 *āyatana*); (a) la causa llamada sabor / *rasārammaṇa*, lugar de esfuerzo / de aplicación / de permanencia / de reunión / de surgimiento (del *jivhāviññāṇa* / de la mente que conoce lamiendo). (b) el sabor / *rasārammaṇa* que es la causa, lugar de esfuerzo / de aplicación / de permanencia / de reunión / de surgimiento (del *jivhāviññāṇa* / de la mente que conoce lamiendo). (c) el sabor / *rasārammaṇa* que suele extender el *jivhāviññāṇa* / la mente que conoce lamiendo. (d) el sabor / *rasārammaṇa* que suele traer / producir el sufrimiento del ciclo del *saṁsāra*, largo / extenso. Véase el original.	*rasāyatana* (one of the 12 *āyatana*); (a) the cause called taste / *rasārammaṇa*, the place of exertion / of striving / of standing / of gathering / of arising (of *jivhāviññāṇa* / of the mind that knows by licking). (b) taste / *rasārammaṇa* that is the cause, the place of exertion / of striving / of standing / of gathering / of arising (of *jivhāviññāṇa* / of the mind that knows by licking). (c) taste / *rasārammaṇa* that is apt to extend *jivhāviññāṇa* / the mind that knows by licking. (d) taste / *rasārammaṇa* that is apt to bring / produce the suffering of the round of *saṁsāra*, long / wide. See the original.	'See the original' rendered literally.
137222	rasāyana	(၁) (မျက်စိ၏) အရသာကို ဖြစ်စေတတ်သော အဆင်း။ (၂) ရသဓာတ်-အသက်က-ကို-ဖြစ်စေ-ရှည်မြင့်စွာ-တည်စေ-တတ်သော အာယုဝဍ္ဎနဆေး။ မူရင်းကြည့်ပါ။	(1) la forma visible que suele producir sabor (para el ojo). (2) la medicina *āyuvaḍḍhana* que suele producir / hacer perdurar largamente el *rasadhātu* / la vida. Véase el original.	(1) the visible form that is apt to produce taste (for the eye). (2) the *āyuvaḍḍhana* medicine that is apt to produce / make long-lasting the *rasadhātu* / life. See the original.	(2) garbled hyphenation 'ရသဓာတ်-အသက်က-ကို-ဖြစ်စေ-ရှည်မြင့်စွာ-တည်စေ-'; 'see the original' rendered literally.
137233	rasāvhāyana	အရသာ-ရသာရုံ-ကို ခော်ယူခြင်း။	el llamar (por el nombre de) sabor / *rasārammaṇa*.	calling (by the name of) taste / *rasārammaṇa*.	Print ခော်ယူခြင်း read as ခေါ်ယူခြင်း 'calling'.
137243	rasūpahāra	အရသာ-ရသာရုံ-ကိုရှုေရှုဆောင်ခြင်း။	el ofrecer / presentar el sabor / el *rasārammaṇa*.	offering / presenting taste / the *rasārammaṇa*.	Print garbled 'ကိုရှုေရှုဆောင်ခြင်း', read as ရှေးရှုဆောင်ခြင်း 'bringing before'.
137260	rassa	(၁) ပု-တို-ကွ-မရှည်-နိမ့်-မမြင့်-သော။ (ထီ) (ပု) (၂) ပု-တို-ကွ-မရှည်-နိမ့်-မမြင့်-သောသူ။ လုပု၊ လူတို၊ လူကွ။ (န) (၃) ပု-တို-ကွ-မရှည်နိမ့်-မမြင့်-သော ဥစ္စာ-ဘဏ္ဍာ။ (ပု) (၅) တိုသော-တစ်မကြာ-မျက်စိတစ်မှိတ်-မျက်စိတဖွင့်-ကာလ။ (န) (ပု) (၆) ရဿ-အက္ခရာ-သရ။ (ရဿသဒ္ဒါ) (န) (၁) တို-ပု-သေးငယ်-သော အတိုင်းအရှည်။ (တိ) (၂) တို-ပု-သေးငယ်-သော အတိုင်းအရှည်ရှိသော။ (ပု) (၃) သမာန်းမျက်ဖြူ။ (၄) သမန်းမျက်တို(ထောမ)။ (တိ) (၁) သေးငယ်သော။ (၂) နည်းသော။ (၃) ပုကွသော။ (၄) အချည်းနှီးသော။ (ပု) (၅) လူပု,လူကွ။ (၆) လဟုအက္ခရာ။ (၇ရ) မိဿ,ပြိဿ,ကုံ,မိန်,ရာသီများ။ (န) (၈) ကျွန်းရွှေဝါ။ (၉) ပါလဒုဋ္ဌာ (ကောတ္ထုဘ)။ မူရင်းကြည့်ပါ။	(1) chaparro / corto / rechoncho / no largo / bajo / no alto. (femenino) (masculino) (2) persona chaparra / corta / rechoncha / no larga / baja / no alta. hombre chaparro; hombre bajo; hombre rechoncho. (neutro) (3) bienes / enseres chaparros / cortos / rechonchos / no largos bajos / no altos. (masculino) (5) el tiempo corto / de un momento / de un parpadeo / de un abrir de ojos. (neutro) (masculino) (6) letra / vocal *rassa*. (la palabra *rassa*) (neutro) (1) medida corta / chaparra / pequeña. (adjetivo) (2) que tiene una medida corta / chaparra / pequeña. (masculino) (3) ‹သမာန်းမျက်ဖြူ›. (4) ‹သမန်းမျက်တို›. (adjetivo) (1) pequeño. (2) poco. (3) chaparro y rechoncho. (4) vano. (masculino) (5) hombre chaparro, hombre rechoncho. (6) letra *lahu*. (7) los signos Aries, Tauro, Acuario, Piscis. (neutro) (8) ‹ကျွန်းရွှေဝါ›. (9) *pāladuṭṭhā* (*kotthubha*). Véase el original.	(1) squat / short / stunted / not long / low / not tall. (feminine) (masculine) (2) a squat / short / stunted / not long / low / not tall person. squat man; short man; stunted man. (neuter) (3) squat / short / stunted / not long low / not tall goods / property. (masculine) (5) a short time / a moment / the blink of an eye / the opening of an eye. (neuter) (masculine) (6) *rassa* letter / vowel. (the word *rassa*) (neuter) (1) a short / squat / small measure. (adjective) (2) having a short / squat / small measure. (masculine) (3) ‹သမာန်းမျက်ဖြူ›. (4) ‹သမန်းမျက်တို›. (adjective) (1) small. (2) little. (3) squat and stunted. (4) vain. (masculine) (5) squat man, stunted man. (6) *lahu* letter. (7) the signs Aries, Taurus, Aquarius, Pisces. (neuter) (8) ‹ကျွန်းရွှေဝါ›. (9) *pāladuṭṭhā* (*kotthubha*). See the original.	Messy print: no sense (4) in the first series; လုပု read as လူပု; မရှည်နိမ့် run together; source tag (ထောမ) dropped; '(၇ရ)' read as (7); zodiac signs မိဿ ပြိဿ ကုံ မိန် identified as Aries, Taurus, Aquarius, Pisces; သမာန်းမျက်ဖြူ, သမန်းမျက်တို (animals?) and ကျွန်းရွှေဝါ left in Burmese; 'see the original' rendered literally.
137262	rassaka	ရဿ-(၁,၂)-ကြည့်။	Véase [[rassa]] (1, 2).	See [[rassa]] (1, 2).	'See rassa (1, 2)' left in the Burmese, rendered in place.
137277	rassadaṇḍaka	(၁) တိုသော တုတ်ကလေး၊ တုတ်တိုကလေး၊ ကျည်းသား။ (၂) တိုသော-ဆောက်ပုတ်-လက်ရှိက်၊ ဆောင်ပုတ်-လက်ရိုက်-တို။	(1) palito corto; palito corto; ‹ကျည်းသား›. (2) mazo / maza de mano cortos; mazo / maza de mano cortos.	(1) short little stick; short little stick; ‹ကျည်းသား›. (2) short mallet / hand-hammer; short mallet / hand-hammer.	ကျည်းသား left in Burmese: perhaps the short stick of the tip-cat game (tentative); (2) print has လက်ရှိက် and ဆောင်ပုတ်, read as လက်ရိုက် and ဆောက်ပုတ်.
137282	rassapācana	တိုသော-နှင်တံ-တပြာ-လှံတံ၊ နှင်တံ-တပြာ-လှံတံ-တို။	aguijada / ‹တပြာ› / lanza cortas; aguijada / ‹တပြာ› / lanza cortas.	short goad / ‹တပြာ› / spear; short goad / ‹တပြာ› / spear.	တပြာ (an implement, perhaps a kind of goad or spear) left in Burmese.
137285	rassamuggara	တိုသော-ဆောက်ပုတ်-လက်ရုက်-တုတ်၊ ဆောက်ပုတ်-လက်ရိုက်-တုတ်-တို။	mazo / maza de mano / palo corto; mazo / maza de mano / palo corto.	short mallet / hand-hammer / club; short mallet / hand-hammer / club.	Print has လက်ရုက်, read as လက်ရိုက်.
137293	rassādi	(၁) ပု-တို-ကွ-သော ဥစ္စာ-အပိုင်းအခြား-အစိတ်-အတူ-အစ-ရှိသော (ဥစ္စာ,ဘဏ္ဍာ)။ (၂) ရဿသဒ္ဒါ-အပိုင်းအခြား-အစိတ်-အတူ-အစရှိသော (သဒ္ဒါ)။ (၃) ပု-တို-ကွ-သော မင်း-အပိုင်းအခြား-အစိတ်-အတူ-အစ-ရှိသော (ခတ္တိယပညတ်)။	(1) (bienes, enseres) que tienen como límite / parte / semejante / comienzo los bienes chaparros / cortos / rechonchos. (2) (palabras) que tienen como límite / parte / semejante / comienzo la palabra *rassa*. (3) (la designación *khattiya*) que tiene como límite / parte / semejante / comienzo al rey chaparro / corto / rechoncho.	(1) (goods, property) having squat / short / stunted goods as limit / part / like / beginning. (2) (words) having the word *rassa* as limit / part / like / beginning. (3) (the *khattiya* designation) having the squat / short / stunted king as limit / part / like / beginning.	The chain အပိုင်းအခြား-အစိတ်-အတူ-အစ renders the senses of -ādi (limit / part / like / beginning); structure uncertain.
137296	raha	(၁) ဆိတ်ကွယ်ရာ၊ ဆိတ်ငြိမ်ရာ၊ နား မျက်စိတို့၏ ဆိတ်ကွယ်ရာ၊ ဆိတ်ကွယ်-ဆိတ်ငြိမ်-ရာအရပ်။ (၂) ဖုံးလွှမ်းရာဖြစ်သော (အရပ်)။ (၃) ဖုံးလွှမ်းသော၊ သူ။ (၄) ဆိတ်ကွယ်ခြင်း။ (၅) မျက်ကွယ်၌ဖြစ်ခြင်း။ (၆) ဖုံးလွှမ်း-လျှူိ့ဝှက်-အပ်သော (အကျင့်သီလ)။ (၇) မျက်ကွယ်။ (၈) ရဟောနိသဇ္ဇ သိက္ခာပုဒ်။ (၉) (ဆိတ်ကွယ်ရာ၌ (နေသော) ဘိက္ခုနီရဟော နိသဇ္ဇသိက္ခာပုဒ်။ (၁၀) မာတုဂါမရဟော နိသဇ္ဇသိက္ခာပုဒ်။ (၁၁) ရဟောသညကတ္ထေရ အပဒါန်။ (န) (၁၂) ခါတွက်ခြင်း။ (၁၃) လျှူိ့ဝှက်ခြင်း။ (ရဟသ်) (န) (၁) ဆိတ်ကွယ်ရာ။ (၂) လုံခြုံရာ။ (၃) သင့်လျော် မှန်ကန်သည်၏အဖြစ်။ (၄) မွေ့လျော်ခြင်း (ထောမ)။ (၁) ဆိတ်ကွယ်ရာ။ (၂) လျှူိ့ဝှက်ရာဌာနအထူး။ (၃) မိန်းမတို့၏ (မေထုန်မှု)။ မူရင်းကြည့်ပါ။	(1) lugar retirado; lugar tranquilo; lugar oculto a los oídos y a los ojos; lugar retirado / tranquilo. (2) (lugar) que es donde se cubre. (3) que cubre (dicho de una persona). (4) el estar retirado. (5) el ocurrir fuera de la vista. (6) (la práctica del *sīla*) cubierta / ocultada. (7) fuera de la vista. (8) el *sikkhāpada* *rahonisajja*. (9) (el *sikkhāpada* *bhikkhunīraho nisajja* (sobre estar) en un lugar retirado. (10) el *sikkhāpada* *mātugāmaraho nisajja*. (11) el *apadāna* *rahosaññakatthera*. (neutro) (12) el ‹ခါတွက်›. (13) el ocultar. (*rahas*) (neutro) (1) lugar retirado. (2) lugar protegido. (3) el hecho de ser apropiado / correcto. (4) el deleitarse. (1) lugar retirado. (2) lugar especial oculto. (3) (la relación sexual) de las mujeres. Véase el original.	(1) secluded place; quiet place; place hidden from the ears and eyes; secluded / quiet place. (2) (place) that is where one covers. (3) covering (said of a person). (4) being secluded. (5) occurring out of sight. (6) (the practice of *sīla*) covered / concealed. (7) out of sight. (8) the *rahonisajja* *sikkhāpada*. (9) (the *bhikkhunīraho nisajja* *sikkhāpada* (on being) in a secluded place. (10) the *mātugāmaraho nisajja* *sikkhāpada*. (11) the *rahosaññakatthera* *apadāna*. (neuter) (12) ‹ခါတွက်›-ing. (13) concealing. (*rahas*) (neuter) (1) secluded place. (2) protected place. (3) the state of being fitting / correct. (4) delighting. (1) secluded place. (2) special hidden place. (3) (sexual intercourse) of women. See the original.	(9) opening bracket not closed in the print; (12) ခါတွက်ခြင်း unclear, left in Burmese; (ရဟသ်) presumably Sanskrit rahas, with a second unnumbered series after it; source tag (ထောမ) dropped; 'see the original' rendered literally.
137299	rahada	(၁) အိုင်၊ ရေအိုင်၊ နက်သော-ရေအိုင်-ရေအိုင်ကြီး။ (၂) (က) မြစ်။ (ခ) ကဏ္ဏဝေဏ္ဏမြစ်။ (ဂ) ယမုနာမြစ်။ (၃) သမုဒ္ဒရာ၊ ပင်လယ်။ (၄) (အာဋာနာဋမြို့ကဝယ် ယူဇနာငါးဆယ်ရှိသည့် ဓရဏီမည်သော) ရေကန်ကြီး၊ လေးထောင့်ကန်ကြီး။ (၅) အိုး၊ ရေအိုး၊ ရေအိုးကြီး။ (၆) ရေ။ (၇) (က) သံသရာရေအိုင်။ (ခ) ဩရမ္ဘာဂိယသံယောဇဉ် ရေအိုင်။ (၈) ရဟဒငရဲ။ (က) ကျင်ကြီးတွင်းငရဲ။ (ခ) ကျင်ကြီးကျင်ငယ်အိုင် ငရဲ။ (ဂ) သွေးပြည်အိုင်ငရဲ။ (၉) (က) အရိယမဂ်တရားရေအိုင်။ (ခ) နိဗ္ဗာန်တရားရေအိုင်။ မူရင်းကြည့်ပါ။	(1) lago; lago de agua; lago profundo / gran lago. (2) (a) río. (b) el río *kaṇṇaveṇṇa*. (c) el río *yamunā*. (3) océano; mar. (4) gran estanque (llamado *dharaṇī*, de cincuenta *yojana*, en la ciudad de *āṭānāṭa*); gran estanque cuadrado. (5) vasija; vasija de agua; gran vasija de agua. (6) agua. (7) (a) el lago del *saṁsarā*. (b) el lago de los *orambhāgiyasaṁyojana*. (8) el infierno *rahada*: (a) el infierno del pozo de excrementos. (b) el infierno del estanque de excrementos y orina. (c) el infierno del estanque de sangre y pus. (9) (a) el lago del estado del *ariyamagga*. (b) el lago del estado de Nibbāna. Véase el original.	(1) lake; lake of water; deep lake / great lake. (2) (a) river. (b) the river *kaṇṇaveṇṇa*. (c) the river *yamunā*. (3) ocean; sea. (4) great pond (named *dharaṇī*, fifty *yojana* in size, in the city of *āṭānāṭa*); great square pond. (5) pot; water pot; great water pot. (6) water. (7) (a) the lake of *saṁsarā*. (b) the lake of the *orambhāgiyasaṁyojana*. (8) the *rahada* hell: (a) the hell of the cesspit. (b) the hell of the pool of excrement and urine. (c) the hell of the pool of blood and pus. (9) (a) the lake of the *ariyamagga* state. (b) the lake of the state of Nibbāna. See the original.	(1) chain နက်သော-ရေအိုင်-ရေအိုင်ကြီး rendered 'deep lake / great lake'; 'see the original' rendered literally.
137300	rahadādīnava	နက်၍ ကျယ်ပြန့်သော ရေအိုင်ကြီး၏ အဖြစ်။	el hecho de ser un gran lago profundo y extenso.	the state of being a great, deep and wide lake.	Gloss does not reflect -ādīnava ('danger') in the headword; possibly misplaced or abridged.
137305	rahasi	«S1» ရဟောဂတ- (၁,၂,၃),ရဟ-(၂-၇)-တို့လည်းကြည့်။	Véase [[raho]] (3). Véanse también [[rahogata]] (1, 2, 3), *raha* (2-7).	See [[raho]] (3). See also [[rahogata]] (1, 2, 3), *raha* (2-7).	'See also rahogata, raha' left in the Burmese, rendered in place.
137308	rahassa	(၁) ဆိတ်ကွယ်-ဆိတ်ငြိမ်-ရာအရပ်၌ ဖြစ်သော လျှူိ့ဝှက်အပ်သော။ (က) အကြောင်းအရာ,စကား။ (ခ) ရိုက်နှက်ခြင်းစသော အမှု။ (ဂ) ။ (ခ) အမေးပြဿနာ။ (င) တိုင်ပင်ခြင်း။ (၂) ဖုံးလွှမ်းအပ်သော အရပ်၌-ဖြစ်-ပြုကျင့်အပ်-သော၊ လျှူိ့ဝှက်အပ်သော။ (က) မေထုန်အကျင့်=ရွာသူအကျင့်။ (ခ) ဝှေးစေ့။	(1) que ocurre en un lugar retirado / tranquilo; ocultado: (a) asunto, palabras. (b) acción como golpear y demás. (c) . (d) pregunta planteada. (e) el consultar. (2) que ocurre / se practica en un lugar cubierto; ocultado: (a) la práctica sexual (*methuna*) = la práctica de los aldeanos. (b) testículo.	(1) occurring in a secluded / quiet place; concealed: (a) matter, words. (b) an act such as beating and so on. (c) . (d) a question posed. (e) consulting. (2) occurring / practised in a covered place; concealed: (a) sexual practice (*methuna*) = the practice of villagers. (b) testicle.	Sub-sense (ဂ) is empty in the print and the next is lettered (ခ) again, read as (ဃ) = (d).
137309	rahassa	(၁) ဆိတ်ကွယ်-ဆိတ်ငြိမ်-ရာအရပ်၌ ပြု-လျှူိ့ဝှက်-အပ်သော အမှု။ (၂) ဆိတ်ကွယ်-ဆိတ်ငြိမ်-ရာအရပ်၌ဖြစ်-လျှူိ့ဝှက်အပ်-သော အမူအရာ။ (၁) (၂) ရာဟဿေယျက(၁) (၂) ကြည့်။	(1) acción hecha / ocultada en un lugar retirado / tranquilo. (2) comportamiento que ocurre / es ocultado en un lugar retirado / tranquilo. (1) (2) Véase [[rāhasseyyaka]] (1) (2).	(1) an act done / concealed in a secluded / quiet place. (2) behaviour occurring / concealed in a secluded / quiet place. (1) (2) See [[rāhasseyyaka]] (1) (2).	'See rāhasseyyaka (1) (2)' left in the Burmese, rendered in place.
137317	rahassakiriyaṭhānīya	လျှူိ့ဝှက်အပ်သော-အမှု-အမူအရာ-၏-တည်ရာ-အရပ်၊ လျှူိ့ဝှက်အပ်သော-အမှု-အမူအရာ-အား-လျောက်ပတ်သော။ ရာဟဿေယျက-(၁,၂)-ကြည့်။	el lugar de asiento / el sitio de la acción / del comportamiento ocultado; que es apropiado para la acción / el comportamiento ocultado. Véase [[rāhasseyyaka]] (1, 2).	the place where / the site where the concealed act / behaviour stands; suited to the concealed act / behaviour. See [[rāhasseyyaka]] (1, 2).	'See rāhasseyyaka (1, 2)' left in the Burmese, rendered in place.
137329	rahāyati	(၁) ဆိတ်ကွယ်ရာအရပ်၌ ဖြစ်ခြင်း-လျှူိ့ဝှက်ခြင်း-ကို ပြု၏၊ လျှူိ့ဝှက်၏။ (၂) ဆိတ်ကွယ်ခြင်းကို ပြု၏၊ တိုက်တွန်း၏။ (၃) မျက်ကွယ်၌ ဖြစ်ခြင်းကို ပြု၏၊ တိုက်တွန်း၏။ «S1»	(1) hace el ocurrir en un lugar retirado / el ocultar; oculta. (2) hace el retirarse; exhorta. (3) hace el estar fuera de la vista; exhorta. Véase también [[rahāyati]] (1).	(1) makes occurring in a secluded place / concealing; conceals. (2) makes withdrawal; urges. (3) makes being out of sight; urges. See also [[rahāyati]] (1).	တိုက်တွန်း၏ ('urges, exhorts') in (2) and (3) does not fit the sense; perhaps a misprint.
137330	rahita	(၁) ကင်းသော။ (၂) စွန့်-စွန့်ပစ်အပ်-အပ်-သော၊ သူ။ (၃) (လူတို့မှ) ကင်း-ကင်းဆိတ်-ဆိတ်ငြိမ်-လူသူမရှိ-ရာဖြစ်သော။ (က) တော၊ တောအုပ်ကြီး။ (ခ) အရပ်ဌာန။	(1) libre de. (2) renunciado / desechado (dicho de una persona). (3) que es un lugar libre / vacío / tranquilo / deshabitado (de personas): (a) bosque; gran bosque. (b) lugar, región.	(1) free from. (2) given up / cast off (said of a person). (3) that is a place free / empty / quiet / uninhabited (of people): (a) forest; great forest. (b) place, region.	(2) chain စွန့်-စွန့်ပစ်အပ်-အပ်-သော garbled; read as two alternatives.
137341	raho	(သက္ကတ၌ကား-ရဟသိကတ၊ ရဟဟီကတ၊ ရဟောဂတ-တို့ သမာသ်၌သာ သိ-ဟီ-ဟောပြီး ပုံပြသည် (၁) ဆိတ်ကွယ်-ဆိတ်ငြိမ်-ရာအရပ်၌။ (၂) ဆိတ်ကွယ်-ဆိတ်ငြိမ်-ရာကျောင်း၌။ (၃) မျက်ကွယ်၌။ (၁) ရဟောဂတ(၁)(၃)တို့ကြည့်။ (၂)  «S1» (၃) ရဟ(၂) (၇)ကြည့်။	(En sánscrito, en cambio, solo en compuestos, *rahasikata*, *rahahīkata*, *rahogata*, se muestra la forma terminada en *si* / *hī* / *ho* (1) en un lugar retirado / tranquilo. (2) en un monasterio retirado / tranquilo. (3) fuera de la vista. (1) Véase [[rahogata]] (1) (3). (2) Véase [[rahogata]] (2). (3) Véase [[raha]] (2) (7).	(In Sanskrit, however, only in compounds, *rahasikata*, *rahahīkata*, *rahogata*, is the form ending in *si* / *hī* / *ho* shown (1) in a secluded / quiet place. (2) in a secluded / quiet monastery. (3) out of sight. (1) See [[rahogata]] (1) (3). (2) See [[rahogata]] (2). (3) See [[raha]] (2) (7).	Opening bracket of the Sanskrit note never closed; the Sanskrit forms are copied in ⟦ ⟧ as printed; 'see rahogata, raha' left in the Burmese, rendered in place.
137343	rahokamma	(၁) ဖုံးလွှမ်းရာအရပ်၌ ပြုအပ်သော အမှု၊ မလျော်သော အကျင့်၊ မေထုန်အကျင့်။ (၂) လျှူိ့ဝှက်အပ်သော-အမှု-အမူအရာ။ «S1» ရာဟဿေယျက-(၁,၂)-လည်းကြည့်။	(1) acción hecha en un lugar cubierto; conducta indebida; la práctica sexual (*methuna*). (2) la acción / el comportamiento ocultado. Véase [[rāhasseyyaka]] (1). Véase también [[rāhasseyyaka]] (1, 2).	(1) an act done in a covered place; improper conduct; sexual practice (*methuna*). (2) concealed act / behaviour. See [[rāhasseyyaka]] (1). See also [[rāhasseyyaka]] (1, 2).	'See also rāhasseyyaka (1, 2)' left in the Burmese, rendered in place.
137344	rahogata	(၁) ဆိတ်ကွယ်-ဆိတ်ငြိမ်-လူသူတို့မှ ကင်းဆိတ်-လူသူမရှိ-ရာအရပ်သို့-ကပ်-ချဉ်းကပ်-သော၊ လူသူမရှိရာအရပ်၌ နေသော၊ သူ။ (၂) ဆိတ်ကွယ်-ဆိတ်ငြိမ်-လူသူတို့မှ ကင်း-လူသူမရှိ-ရာ ကျောင်းသို့-ကပ်-ချဉ်းကပ်-သော၊ ဝတ္ထုကာမတို့မှ ကိုယ်၏ ကင်းဆိတ်ခြင်း၌ ယှဉ်သော၊ သူ။ (၃) ဆိတ်ကွယ်-ဆိတ်ငြိမ်-ရာအရပ်၊ ဆိတ်ကွယ်-ဆိတ်ငြိမ်-ရာအရပ်၌။ (၄) ဆိတ်ကွယ်-ဆိတ်ငြိမ်-ရာအရပ်သို့-ကပ်-ချဉ်းကပ်-ရာ-ခြင်း။ (၅) ရဟောဂတသုတ်။ မူရင်းကြည့်ပါ။	(1) que se acerca / se aproxima a un lugar retirado / tranquilo / libre de gente / deshabitado; que vive en un lugar deshabitado (dicho de una persona). (2) que se acerca / se aproxima a un monasterio retirado / tranquilo / libre de gente / deshabitado; que está dotado del apartamiento del cuerpo respecto de los *vatthukāma* (dicho de una persona). (3) lugar retirado / tranquilo; en un lugar retirado / tranquilo. (4) el acercarse / el aproximarse / el lugar de acercarse a un lugar retirado / tranquilo. (5) el *rahogatasutta*. Véase el original.	(1) approaching / drawing near to a secluded / quiet / people-free / uninhabited place; living in an uninhabited place (said of a person). (2) approaching / drawing near to a secluded / quiet / people-free / uninhabited monastery; endowed with bodily seclusion from the *vatthukāma* (said of a person). (3) secluded / quiet place; in a secluded / quiet place. (4) approaching / drawing near / the place of approaching a secluded / quiet place. (5) the *rahogatasutta*. See the original.	'See the original' rendered literally.
137346	rahogatavagga	ရဟောဂတသုတ်-ဖြင့်-ကို-အဦးအစထား၍ ဟောသော-သုတ်အပေါင်း-သုတ်အစု။	el conjunto / el grupo de suttas enseñados comenzando por el *rahogatasutta*.	the collection / group of suttas taught beginning with the *rahogatasutta*.	Hyphenated case particles -ဖြင့်-ကို- (alternatives of construction only) merged.
137351	rahonisajjasikkhāpada	(ဘိက္ခုနီမ,မာတုဂါမတို့နှင့် အတူတကွ) ဆိတ်ကွယ်ရာအရပ်၌ နေခြင်းကြောင့် ပညတ်တော်မူအပ်သော သိက္ခာပုဒ်၊ ရဟောနိသဇ္ဇသိက္ခာပုဒ်။ (၂) မာတုဂါမရဟော နိသဇ္ဇသိက္ခာပုဒ်-ဟု နှစ်မျိုးရှိသည်။	el *sikkhāpada* promulgado a causa de estar en un lugar retirado (junto con *bhikkhunī* o con mujeres); el *sikkhāpada* *rahonisajja*. (2) el *sikkhāpada* *mātugāmaraho nisajja*: hay dos clases.	the *sikkhāpada* laid down on account of staying in a secluded place (together with *bhikkhunī* or with women); the *rahonisajja* *sikkhāpada*. (2) the *mātugāmaraho nisajja* *sikkhāpada*: there are two kinds.	Sense (1) not numbered in the print (presumably the bhikkhunī rule); ဘိက္ခုနီမ copied without the Burmese feminine -မ.
137352	rahonisajjasikkhāpadavaṇṇanā	ရဟောနိသဇ္ဇ-သိက္ခာပုဒ်-၏-ကို-ဖွင့်ကြောင်း-ဖြစ်သော-စကားအစဉ်-ဖွင့်ရာ-စကားရပ်-စကားစု(ရဟောနိသဇ္ဇသိက္ခာပုဒ်အဖွင့်-အဋ္ဌကထာ,ဋီကာ)။	la serie de palabras / el pasaje explicativo / la sección / el conjunto de palabras que explica el *sikkhāpada* *rahonisajja* (la explicación del *sikkhāpada* *rahonisajja*: comentario, subcomentario).	the sequence of words / explanatory passage / section / body of words explaining the *rahonisajja* *sikkhāpada* (the explanation of the *rahonisajja* *sikkhāpada*: commentary, subcommentary).	Long hyphen chain with case particles -၏-ကို- simplified; alternatives kept.
137357	rahonisajjāpatti	ဆိတ်ကွယ်ရာအရပ်၌ နေခြင်းကြောင့်-ရောက်-သင့်-သော အာပတ်၊ ရဟောနိနိသဇ္ဇအာပတ်။	la *āpatti* a la que se llega / en que se incurre por estar en un lugar retirado; la *āpatti* *rahonisajja*.	the *āpatti* reached / incurred through staying in a secluded place; the *rahonisajja* *āpatti*.	Print ရဟောနိနိသဇ္ဇ (dittography) read as ရဟောနိသဇ္ဇ.
137364	rahopekkha	(၁) ဆိတ်ကွယ်-ဆိတ်ငြိမ်-ရာအရပ်ကို-ငဲ့-တွယ်တာ-အလိုရှိ-သော၊ သူ။ (၂) ဆိတ်ကွယ်-ဆိတ်ငြိမ်-ခြင်းကို-ငဲ့-တွယ်တယ-အလိုရှိသော၊ သူ။	(1) que tiene en cuenta / se apega a / desea un lugar retirado / tranquilo (dicho de una persona). (2) que tiene en cuenta / se apega a / desea el estar retirado / tranquilo (dicho de una persona).	(1) regarding / attached to / desiring a secluded / quiet place (said of a person). (2) regarding / attached to / desiring being secluded / quiet (said of a person).	(2) print တွယ်တယ read as တွယ်တာ.
137366	rahopekkhanassādasambhava	(၁) ဆိတ်ကွယ်-ဆိတ်ငြိမ်-ရာအရပ်ကို-ငဲ့-တွယ်တာ-အလိုရှိ-ခြင်း၌ သာယာခြင်း၏ ဖြစ်သင့်ခြင်း။ (၂) ဆိတ်ကွယ်-ဆိတ်ငြိမ်-ခြင်းကို-၌-တွယ်တာ-အလိုရှိ-ခြင်း၌ သာယာခြင်း၏ဖြစ်သင့်ခြင်း။	(1) la posibilidad de que surja el deleite en el tener en cuenta / el apegarse a / el desear un lugar retirado / tranquilo. (2) la posibilidad de que surja el deleite en el apegarse a / el desear el estar retirado / tranquilo.	(1) the possibility of delight arising in regarding / being attached to / desiring a secluded / quiet place. (2) the possibility of delight arising in being attached to / desiring being secluded / quiet.	(2) print has -ကို-၌- where (1) has -ကို-ငဲ့-; case particles merged.
137383	rāga	(၁) (က) တပ်စွဲ-တပ်မက်-တပ်နှစ်သက်-ကပ်ငြိ-ခြင်း။ (ခ) တပ်စွဲ-တပ်မက်-တပ်နှစ်သက်-တတ်သော တရား။ (ဂ) တပ်စွဲ-တပ်မက်-တပ်နှစ်သက်-ကြောင်းဖြစ်သော တရား-ခြင်း၊ (လောဘ,တဏှာ ရမ္မက်)။ (၂) ဆေးဆိုးခြင်း။ (၃) ဆိုးဆေး-ရေ-မှုန့်။ (၄) ချစ်ခြင်း။ (၅) (ဆိုးအပ်သော) အရောင်အဆင်း၊ ဆေးရောင်။ (၆) ရာဂသုတ်။ မူရင်းကြည့်ပါ။	(1) (a) el aferrarse / el apasionarse / el deleitarse con apego / el adherirse. (b) el estado que suele aferrarse / apasionarse / deleitarse con apego. (c) el estado / el hecho que es causa de aferrarse / apasionarse / deleitarse con apego (*lobha*, *taṇhā*, deseo). (2) el teñir. (3) tinte / tinte líquido / tinte en polvo. (4) el amar. (5) color (teñido); color de tinte. (6) el *rāgasutta*. Véase el original.	(1) (a) clinging / lusting / delighting with attachment / sticking. (b) the state apt to cling / lust / delight with attachment. (c) the state / fact that is the cause of clinging / lusting / delighting with attachment (*lobha*, *taṇhā*, desire). (2) dyeing. (3) dye / liquid dye / powdered dye. (4) loving. (5) colour (dyed); the colour of a dye. (6) the *rāgasutta*. See the original.	ရမ္မက် (Burmese 'desire, lust') rendered 'deseo' / 'desire'; 'see the original' rendered literally.
137384	rāga	(၁) ရာဂရှိသော၊ သူ။ (၂) ဆိုးဆေး-ရေ-မှုန့်-နှင့်တူသော။ (၂) ရာဂ(၁) (၃)ကြည့်။ မူရင်းကြည့်ပါ။	(1) que tiene *rāga* (dicho de una persona). (2) semejante a tinte / tinte líquido / tinte en polvo. (2) Véase [[rāga]] (1) (3). Véase el original.	(1) having *rāga* (said of a person). (2) like dye / liquid dye / powdered dye. (2) See [[rāga]] (1) (3). See the original.	Sense (2) repeated; 'see rāga (1) (3)' left in the Burmese, rendered in place; 'see the original' rendered literally.
137388	rāgakiñcana	(က) ရာဂတည်းဟူသော-နှိပ်နင်း-နှောင့်ယှက်က-ကြောင့်ကြ-နှောင့်ဖွဲ့-ခြင်း။ သတ္တဝါတို့ကို နှိပ်နင်း-နှောင့်ယှက်-နှောင်ဖွဲ့-တတ်သည့် ရာဂ။ (ခ) ရာဂတည်းဟူသော တုန်လှုပ်ခြင်း၊ တုန်လှုပ်တတ်သည့် ရာဂ။	(a) el oprimir / el hostigar / el inquietar / el atar, que es el *rāga*; el *rāga* que suele oprimir / hostigar / atar a los seres. (b) el temblar que es el *rāga*; el *rāga* que suele hacer temblar.	(a) oppressing / harassing / troubling / binding, which is *rāga*; *rāga* apt to oppress / harass / bind beings. (b) the trembling that is *rāga*; *rāga* apt to make tremble.	Print နှောင့်ယှက်က and နှောင့်ဖွဲ့ read as နှောင့်ယှက် and နှောင်ဖွဲ့; (b) တုန်လှုပ်တတ်သည့် could also be 'apt to tremble'.
137390	rāgakkhaṇa	ရာဂ၏ (ဖြစ်ပော်ရာ) ခဏ၊ ရာဂဖြစ်ရာ အချိန်အခါ။	el instante (del surgimiento) del *rāga*; el momento en que surge el *rāga*.	the moment (of the arising) of *rāga*; the time when *rāga* arises.	Print ဖြစ်ပော် read as ဖြစ်ပေါ်.
137396	rāgacarita	ရာဂ-ရာဂစရိုက်-ပြော-များ-လွန်ကဲ-အားကြီး-သော၊ များသော-ရာဂ-ရာဂစရိုက်-ရှိသော၊ သူ။ (က) ရာဂ၏ အစွမ်းဖြင့် အာရုံ၌ ကျက်စားခြင်းရှိသော၊ သူ။ (ခ) ရာဂနှင့် တကွဖြစ်သည့် အလေ့အကျင့်ရှိသော၊ သူ။ (ဂ) ရာဂသည် ဖြစ်စေအပ်သော၊ သူ။ (ဃ) ရာဂဟူသော ပင်ကိုယ်သဘောရှိသော၊ သူ။ မူရင်းကြည့်ပါ။	en quien el *rāga* / el *rāgacarita* es abundante / numeroso / excesivo / fuerte; que tiene abundante *rāga* / *rāgacarita* (dicho de una persona). (a) que frecuenta el objeto por la fuerza del *rāga* (dicho de una persona). (b) que tiene una conducta habitual acompañada de *rāga* (dicho de una persona). (c) producido por el *rāga* (dicho de una persona). (d) que tiene el *rāga* como naturaleza innata (dicho de una persona). Véase el original.	in whom *rāga* / the *rāgacarita* is plentiful / many / excessive / strong; having abundant *rāga* / *rāgacarita* (said of a person). (a) roaming among objects by the force of *rāga* (said of a person). (b) having a habitual conduct accompanied by *rāga* (said of a person). (c) produced by *rāga* (said of a person). (d) having *rāga* as innate nature (said of a person). See the original.	Print ပြော in the chain read as ပေါ ('plentiful'); 'see the original' rendered literally.
137397	rāgacaritasatta	ရာဂ-ရာဂစရိုက်-ပြော-များ-လွန်ကဲ-အားကြီး-သော သတ္တဝါ။	ser vivo en quien el *rāga* / el *rāgacarita* es abundante / numeroso / excesivo / fuerte.	a being in whom *rāga* / the *rāgacarita* is plentiful / many / excessive / strong.	Print ပြော read as ပေါ ('plentiful'), as in the previous entry.
137412	rāgatama	ရာဂတည်းဟူသော-အမိုက်မှောင်-အမိုက်တိုက်-အမိုက်မှောင်-အမိုက်တိုက်-နှင့် တူသော ရာဂ။	la oscuridad / la densa oscuridad que es el *rāga*; el *rāga* semejante a la oscuridad / la densa oscuridad.	the darkness / dense darkness that is *rāga*; *rāga* like darkness / dense darkness.	Print runs both halves into one hyphen chain; split on the pattern of the neighbouring entries.
137413	rāgattha	ရာဂ-တပ်မက်ခြင်း-ဟူသော အကျိုး။	el beneficio que consiste en el *rāga* / el apasionarse.	the benefit consisting in *rāga* / lusting.	အကျိုး (attha) rendered 'benefit'; 'purpose' or 'result' also possible.
137422	rāgadosavadhī	ရာဂဒေါသတို့ဖြင့်-ညှဉ်းဆဲ-နှိပ်စက်က-သတ်ဖြတ်-တတ်သော မိန်းမ။	mujer que suele atormentar / oprimir / matar con el *rāga* y el *dosa*.	a woman apt to torment / oppress / kill with *rāga* and *dosa*.	Print နှိပ်စက်က read as နှိပ်စက်.
137439	rāgapaccaya	(၁) တပ်-နှစ်သက်-ခြင်းဟူသော အကြောင်း၊ ရာဂဟူသော အကြောင်း။ (၂) ရာဂ(ဖြစ်ပော်ခြင်း)၏ အကြောင်း။	(1) la causa que es el apegarse / el deleitarse; la causa que es el *rāga*. (2) la causa del *rāga* (de su surgimiento).	(1) the cause that is being attached / delighting; the cause that is *rāga*. (2) the cause of *rāga* (of its arising).	Print ဖြစ်ပော် read as ဖြစ်ပေါ်.
137440	rāgappaccaya	(၁) တပ်-နှစ်သက်-ခြင်းဟူသော အကြောင်း၊ ရာဂဟူသော အကြောင်း။ (၂) ရာဂ(ဖြစ်ပော်ခြင်း)၏ အကြောင်း။	(1) la causa que es el apegarse / el deleitarse; la causa que es el *rāga*. (2) la causa del *rāga* (de su surgimiento).	(1) the cause that is being attached / delighting; the cause that is *rāga*. (2) the cause of *rāga* (of its arising).	Print ဖြစ်ပော် read as ဖြစ်ပေါ်.
137454	rāgapadasambandha	(၁) ရာဂဟူသော ပုဒ်နှင့် စပ်ခြင်း။	(1) la conexión con la palabra *rāga*.	(1) the connection with the word *rāga*.	Only sense (1) is printed.
137457	rāgapariyuṭṭhāna	ရာဂ၏-ထကြွ-ထိုးကျင့်-နှိပ်စက်-ခြင်း။	el levantarse / el acometer / el oprimir del *rāga*.	the rising up / assailing / oppressing of *rāga*.	ထိုးကျင့် unclear, rendered 'assail' (perhaps ထိုးကျင်း / ထိုးကြွ).
137458	rāgapariyuṭṭhita	ရာဂ-ဖြင့်-သည်-နှိပ်စက်-ထိုးကျင့်-အပ်သော။ (က) ရာဂသည် ထကြွ၍ယူအပ်သော။ (ခ) ရာဂသည် ထက်ဝန်းကျင်မှ ပြွမ်းပြွမ်းထရာဖြစ်သော။ (ဂ) ထက်ဝန်းကျင်မှ-ပြွမ်းပြွမ်းထ-ဖြစ်ပော်-သော ရာဂရှိသော။ (ဃ) ရာဂကြောင့် ထက်ဝန်းကျင်ထသော။ (င) ရာဂဖြင့် လွှမ်းမိုး၍ တည်သော၊ မေထုန်ကို အလိုရှိသော။	oprimido / acometido por el *rāga*. (a) tomado por el *rāga* que se ha levantado. (b) en el que el *rāga* brota a borbotones por todas partes. (c) que tiene un *rāga* que por todas partes / brota a borbotones / surge. (d) que se agita por todas partes a causa del *rāga*. (e) que permanece dominado por el *rāga*; que desea el *methuna*.	oppressed / assailed by *rāga*. (a) seized by *rāga* that has risen up. (b) in which *rāga* wells up on all sides. (c) having *rāga* that on all sides / wells up / arises. (d) agitated on all sides because of *rāga*. (e) remaining overpowered by *rāga*; desiring *methuna*.	Case particles -ဖြင့်-သည်- merged; ထိုးကျင့် unclear ('assail'); print ဖြစ်ပော် read as ဖြစ်ပေါ်.
137468	rāgapeyyāla	ရာဂပေယျာလ၊ ရာဂ-ရာဂဟူသောပုဒ်-ဖြင့် မှတ်အပ်သော-ပေ-ယျာလ (=သင်္ခေပစကားရပ်-အကျဉ်း စကားရပ်)။ ရာဂ-ရာဂဟူသော ပုဒ်-၌ဟောအပ်သော-ပေယျာလ (=သင်္ခေပစကားရပ်-အကျဉ်းစကားရပ်)။	el *rāgapeyyāla*; el *peyyāla* designado por *rāga* / por la palabra *rāga* (= pasaje *saṅkhepa* / pasaje resumido). El *peyyāla* enseñado sobre *rāga* / la palabra *rāga* (= pasaje *saṅkhepa* / pasaje resumido).	the *rāgapeyyāla*; the *peyyāla* designated by *rāga* / by the word *rāga* (= *saṅkhepa* passage / abridged passage). The *peyyāla* taught on *rāga* / the word *rāga* (= *saṅkhepa* passage / abridged passage).	Print hyphenates ပေ-ယျာလ once; read as one word ပေယျာလ.
137481	rāgamadanimmāna	(က) ရာဂဖြင့် ယစ်-ရာဂတည်းဟူသော မာန်ယစ်-ခြင်းကို-နှိပ်နင်း-ဖျက်ဆီး-တတ်-ကြောင်းဖြစ်-သော။ (ခ) ရာဂတည်းဟူသော မာန်၏ ယစ်ကြောင်းဖြစ်သော။	(a) que suele / es causa de reprimir / destruir el embriagarse con el *rāga* / con el orgullo que es el *rāga*. (b) que es causa de la embriaguez del orgullo que es el *rāga*.	(a) apt to / being a cause of crushing / destroying intoxication with *rāga* / with the pride that is *rāga*. (b) being a cause of the intoxication of the pride that is *rāga*.	(b) 'cause of intoxication' seems to contradict (a) and the headword (-nimmadana?); hyphen chain rendered as printed.
137483	rāgamukha	ရာဂ၏ အကြောင်း ရာဂထိုးကျင့်ကြောင်း။	la causa del *rāga*; la causa de que el *rāga* acometa.	the cause of *rāga*; the cause of *rāga* assailing.	ထိုးကျင့် unclear, rendered 'assail' as in rāgapariyuṭṭhāna.
137490	rāgaratta	ရာဂဖြင့်-တပ်တပ်မက်-တပ်စွန်း-နှစ်သက်-သော၊ သူ။ (ကာမဂုဏ် ၅-ပါးတို့၌ တပ်-မက်မော-ဖွဲ့-မိန်းမော-သက်၍ တည်-ကပ်ငြိ-သော၊ သူ)။	apegado / apasionado / manchado / deleitado por el *rāga* (dicho de una persona). (que, apegado / codicioso / atado / embelesado / inmerso en los cinco *kāmaguṇa*, permanece / se adhiere (dicho de una persona)).	attached / lustful / stained / delighted through *rāga* (said of a person). (who, attached / greedy / bound / infatuated / immersed in the five *kāmaguṇa*, remains / clings (said of a person)).	Print တပ်တပ်မက် read as တပ်-တပ်မက် (cf. the next entry); the chain in brackets is loosely hyphenated.
137501	rāgavikkhepa	ရာဂကို အထူးထူး အပြားပြား ပစ်ပယ်တတ်သော။	que suele desechar el *rāga* de maneras diversas y variadas.	apt to cast off *rāga* in various and diverse ways.	Gloss (an adjective 'casting off rāga') does not fit the masculine noun -vikkhepa ('distraction, scattering').
137512	rāgavirāga	(ပု) (၁) ရာဂ၏-ကင်း-ကုန်းခန်း-ပျက်စီး-ခြင်း။ (၂) ရာဂကို-လွန်-လွန်မြောက်-ချုပ်ငြိမ်းခြင်း။ (၃) ရာဂ(တဏှာ)၏-ကင်းတပ်မက်ခြင်းကင်း-ချုပ်ငြိမ်း-ရာနိဗ္ဗာန်။ (တိ) (၄) ရာဂ(တဏှာ)၏-ကင်း-တပ်မက်ခြင်း ကင်း-ချုပ်ငြိမ်း-ကြောင်း။ (က) မဂ်,အရိယမဂ်။ (ခ) အနာဂါမိဖိုလ်၊ အနာဂါမိဖလသမာဓိ။ (ဂ) အရဟတ္တဖိုလ်၊ အရဟတ္တဖလသမာဓိ။	(masculino) (1) el estar libre / el agotarse / el perecer del *rāga*. (2) el ir más allá / el trascender / la cesación del *rāga*. (3) el *nibbāna*, donde el *rāga* (*taṇhā*) está ausente / donde la pasión está ausente / donde cesa. (adjetivo) (4) que es causa de estar libre / de estar libre de pasión / de la cesación del *rāga* (*taṇhā*): (a) el *magga*, el *ariyamagga*. (b) el *anāgāmiphala*; el *anāgāmiphalasamādhi*. (c) el *arahattaphala*; el *arahattaphalasamādhi*.	(masculine) (1) the being free / the exhaustion / the perishing of *rāga*. (2) the going beyond / the transcending / the cessation of *rāga*. (3) *nibbāna*, where *rāga* (*taṇhā*) is absent / where passion is absent / where it ceases. (adjective) (4) that is the cause of being free / of being free of passion / of the cessation of *rāga* (*taṇhā*): (a) the *magga*, the *ariyamagga*. (b) the *anāgāmiphala*; the *anāgāmiphalasamādhi*. (c) the *arahattaphala*; the *arahattaphalasamādhi*.	ကုန်းခန်း read as ကုန်ခန်း (exhaustion); (3)–(4) 'ကင်းတပ်မက်ခြင်းကင်း' garbled, read as 'free of passion'; (a)–(c) taken as the things that are the cause in (4)
137519	rāgavisevana	ရာဂ(တဏှာ)ဖြင့် ဆန့်ကျင်ဘက်ကို မှီဝဲခြင်း။	el frecuentar lo contrario por el *rāga* (*taṇhā*).	the resorting to the opposite through *rāga* (*taṇhā*).	ဆန့်ကျင်ဘက် 'the opposite' probably means the opposite sex; rendered literally
137525	rāgasaṅga	(က) ရာဂဟူသော-ကပ်ငြိ-တွယ်တာ-တတ်သော တရား၊ ကပ်ငြိ-တွယ်တာ-တတ်သော ရာဂ။ (ခ) ရာဂဟူသော-ကပ်ငြိ-တွယ်တာ-ကြောင်း တရား။ (ဂ) ရာဂဟူသော-ကပ်ငြိ-တွယ်တာ-ခြင်း။	(a) el estado que suele adherirse / apegarse, que es el *rāga*; el *rāga* que suele adherirse / apegarse. (b) el estado que es causa de adherirse / apegarse, que es el *rāga*. (c) el adherirse / apegarse que es el *rāga*.	(a) the state apt to cling / attach, namely *rāga*; *rāga* that is apt to cling / attach. (b) the state that is the cause of clinging / attaching, namely *rāga*. (c) the clinging / attaching that is *rāga*.	label ကြိ (verb), but every sense is a noun
137551	rāgātura	ရာဂ-ဖြင့်-ကြောင့်-ကြင်နာ-ဆင်းရဲပင်ပန်း-သော။	que, por / a causa del *rāga*, siente ternura / sufre y se fatiga.	that, by / because of *rāga*, feels tender / suffers and is wearied.	ကြင်နာ 'to feel tender affection' sits oddly among the alternatives for ātura (afflicted)
137569	rāgādimala	ရာဂအစရှိသော အညစ်အကြေး၊ (အညစ်အကြေးနှင့် တူသော ရာဂစသော တရား။	el *rāga* y demás impurezas; (los estados que comienzan por el *rāga*, semejantes a impurezas).	*rāga* and the other impurities; (the states beginning with *rāga*, resembling impurities).	closing bracket missing in the print; supplied
137584	rāgābhibhava	ရာဂ-လွှမ်းမိုး-နှိပ်စက်-ခြင်း။	el dominar / oprimir del *rāga*.	the overpowering / oppressing by *rāga*.	read with ရာဂ as the agent (no ကို); 'the overcoming of rāga' also possible
137595	rāguppattihetu	ရာဂုပ္ပတ္တိ ကာရဏနှင့် အနက်တူ။	mismo significado que *rāguppatti kāraṇa*.	same meaning as *rāguppatti kāraṇa*.	'same meaning as' left in the Burmese text (no «S» placeholder); rendered with the Pāḷi copied
137599	rāgussada	ရာဂ-ပြော-ပြန့်-ပြော-များ-ခြင်း။	el ser el *rāga* amplio / extenso / amplio / abundante.	the being wide / extensive / wide / abundant of *rāga*.	ပြော repeated in the hyphen chain (ပြော-ပြန့်-ပြော-များ), probably a misprint for ပြန့်ပြော-များ
137606	rāgūpanissayappahāna	ရာဂ၏-အားကြီးသော မှီရာ (ဖြစ်သော မဏ္ဍ,ဝိတူသန)ကို ပယ်ခြင်း။	el abandonar el apoyo poderoso del *rāga* (que son *maṇḍa*, *vitūsana*).	the abandoning of the strong support of *rāga* (namely *maṇḍa*, *vitūsana*).	⟦မဏ္ဍ⟧, ⟦ဝိတူသန⟧ look misprinted, probably maṇḍana, vibhūsana (adornment, ornament); copied as printed
137607	rāgūpaya	(က) ရာဂဟူသော ကပ်ရောက်ခြင်း။ (ခ) ရာဂဖြင့် ကပ်ရောက်ခြင်း။ (ဂ) တပ်ရောက်တတ်သော ရာဂ။	(a) el acercamiento que es el *rāga*. (b) el acercarse por medio del *rāga*. (c) el *rāga* que suele acercarse.	(a) the approaching that is *rāga*. (b) the approaching by means of *rāga*. (c) *rāga* apt to approach.	(c) တပ်ရောက် read as ကပ်ရောက် (approach), as in (a)–(b) and the next headword
137613	rāja	(၁) (ဦးထိပ်၌ အဘိသိက် ရေစင် သွန်းလောင်းအပ်ပြီးသော ခတ္တိယဇာတ်ရှိသည့်-) မင်း-ဘုရင်-ရှင်ဘုရင်။ (၂) (အဘိဘိက်ရေစင် သွန်းလောင်းအပ်ပြီးသော-)မင်း-ဘုရင်-ရှင်ဘုရင်(ဇာတ်အထူးမလို)။ (၃) (အဘိသိက် သွန်းလောင်းအပ်သည်ဖြစ်စေ,မသွန်းလောင်းအပ်သည်ဖြစ်စေ တိုင်းပြည်ကို အုပ်ချုပ်သည့်-)မင်း-အစိုးရ-ဘုရင်-ရှင်ဘုရင်။ (၄) မင်းချင်းယောက်ကျား၊ မင်းခစား၊ အရာရှိ။ (၅) အကြီးအကဲ၊ မြင့်မြတ်သည့်အရာ (သစ်ပင်စသည်)။ (၆) သေမင်း။ (၇) ဓမ္မရာဇသုတ်။ မူရင်းကြည့်ပါ။	(1) (de casta *khattiya*, sobre cuya cabeza se ha vertido el agua pura del *abhiseka*) rey / monarca / soberano. (2) (sobre quien se ha vertido el agua pura del *abhiseka*) rey / monarca / soberano (sin que importe la casta). (3) (que gobierna el país, se haya vertido o no sobre él el *abhiseka*) rey / gobernante / monarca / soberano. (4) servidor del rey; el que sirve al rey; funcionario. (5) jefe; cosa eminente (un árbol, etc.). (6) el rey de la muerte. (7) el sutta *dhammarāja*. Véase el original.	(1) (of the *khattiya* caste, on whose head the pure water of *abhiseka* has been poured) king / monarch / sovereign. (2) (on whom the pure water of *abhiseka* has been poured) king / monarch / sovereign (no particular caste required). (3) (who rules the country, whether or not *abhiseka* has been poured on him) king / ruler / monarch / sovereign. (4) king's man; one who serves the king; official. (5) chief; an eminent thing (a tree, etc.). (6) the king of death. (7) the *dhammarāja* sutta. See the original.	(2) အဘိဘိက် read as အဘိသိက်; 'မူရင်းကြည့်ပါ' (see the original) rendered literally
137621	rājakakudhabhaṇḍa	မင်းမြောက်တန်ဆာ၊ မင်းသို့ အခမ်းအနားဖြင့် ထွက်တော်မူသည့်အခါ ယူဆောင်၍ သွားအပ်သော ပစ္စည်းဥစာ (၅)မျိုး။ မင်းမြောက်တန်ဆာ (၅)ပါးကို ရာဇပုဒ်မှာ-ကြည့်ပါ။	las insignias reales; los 5 tipos de objetos que se llevan cuando el rey sale en ceremonia. Para las 5 insignias reales, véase *rāja*.	the royal insignia; the 5 kinds of articles carried when the king goes out in ceremony. For the 5 royal insignia, see *rāja*.	'see under the headword rāja' left in the Burmese; ဥစာ read as ဥစ္စာ
137653	rājagaha	(၁) ရာဇဂြိုဟ်မြို့၊ ရာဇဂြိုဟ်ပြည်။ (က) မန္ဓာတ်မင်း,မဟာဂေါဝိန္ဒပုဏ္ဏား အစရှိသော ပုဂ္ဂိုလ်သည် သိမ်းပိုက်အပ်သော-မြို့-ပြည်။ (ခ) မင်းသည် ဆောက်လုပ်စေအပ်သော အိမ်ရှိသည့်-မြို့-ပြည်။ (ဂ) (ဂိဇ္ဈကုဋ်,ပဏ္ဍဝ,ဝေဘာရ,ဣသိဂီလိ,ဝေပုလ္လဟူသော) တောင်မင်းတို့သည် ကာရံအပ်သော အိမ်နှင့် တူသည့်-မြို့-ပြည်၊ (ဃ) တင့်တယ် တောက်ပသော အိမ်ရှိသည့်-မြို့-ပြည်။ (င) ရန်သူ မင်းတို့ကို ဖမ်းယူရာဖြစ်သော-မြို့-ပြည်။ (စ) မင်းတို့၏-မြို့က-ပြည်။ (ဆ) တင့်တယ်တောက်ပသည်ဖြစ်၍ သတ္တဝါတို့သည် သိမ်းပိုက်အပ်သော-မြို့-ပြည်။ (၂) မင်းကျောင်း၊ အသောကမင်းကြီး၏ မိဖုရား ဆောက်လုပ်အပ်သော ကျောင်း။ မူရင်းကြည့်ပါ။	(1) la ciudad de *rājagaha*; el país de *rājagaha*. (a) la ciudad / el país ocupado por personas como el rey *mandhātā*, el brahmán *mahāgovinda* y demás. (b) la ciudad / el país que tiene casas mandadas construir por el rey. (c) la ciudad / el país semejante a una casa rodeada por los reyes de los montes (*gijjhakūṭa*, *paṇḍava*, *vebhāra*, *isigīli*, *vepulla*); (d) la ciudad / el país que tiene casas hermosas y resplandecientes. (e) la ciudad / el país donde se captura a los reyes enemigos. (f) la ciudad / el país de los reyes. (g) la ciudad / el país que, por ser hermoso y resplandeciente, es ocupado por los seres. (2) el monasterio del rey; el monasterio construido por la reina del gran rey *asoka*. Véase el original.	(1) the city of *rājagaha*; the country of *rājagaha*. (a) the city / country occupied by persons such as King *mandhātā*, the brahmin *mahāgovinda* and others. (b) the city / country having houses that the king had built. (c) the city / country resembling a house enclosed by the kings of mountains (*gijjhakūṭa*, *paṇḍava*, *vebhāra*, *isigīli*, *vepulla*); (d) the city / country having beautiful, shining houses. (e) the city / country where enemy kings are seized. (f) the city / country of kings. (g) the city / country that, being beautiful and shining, is occupied by beings. (2) the king's monastery; the monastery built by the queen of the great king *asoka*. See the original.	(f) မြို့က-ပြည် read as မြို့-ပြည်; 'မူရင်းကြည့်ပါ' (see the original) rendered literally
137658	rājagahanagaraparivattaka	(၁) ရာဇဂြိုဟ်မြို့ကို လက်ယာရစ်လှည့်လည်၍ သွားလာ။ (န) (၂) ရာဇဂြိုဟ်မြို့ကို လက်ယာရစ် လှည့်လည်၍ သွားခြင်း။	(1) que va y viene rodeando la ciudad de *rājagaha* por la derecha. (neutro) (2) el ir rodeando la ciudad de *rājagaha* por la derecha.	(1) going about circling the city of *rājagaha* to the right. (neuter) (2) the going round the city of *rājagaha* to the right.	(1) ends in the bare verb သွားလာ (no -သော); taken as adjectival
137678	rājagiriya	ရာဇဂိရိကမည်သော-အာစရိယဝါဒ-အယူ-ဝါဒ-ဂိုဏ်း၊ (နောက်ပော်-အာစရိယဝါဒ-ဗုဒ္ဓဘာသာဂိုဏ်း တစ်ခု၏ အမည်)။	*ācariyavāda* / opinión / doctrina / escuela llamada *rājagirika*; (nombre de una escuela budista / de un *ācariyavāda* posterior).	*ācariyavāda* / view / doctrine / school named *rājagirika*; (the name of a later *ācariyavāda* / Buddhist school).	the text names ⟦ရာဇဂိရိက⟧ under the headword rājagiriya; copied as printed
137683	rājagehābhimukha	မင်း-အိမ်-နန်းတော်-သို့ရှုေရှုသော၊ သူ။	que se dirige hacia el rey / la casa / el palacio (dicho de una persona).	facing towards the king / house / palace (said of a person).	ရှုေရှု read as ရှေးရှု (facing towards)
137686	rājaggha	မင်းအားထိုက်သော၊ ဥစ္စာ၊ မင်းအားပေးသင့်သော ဥစ္စာ။	digno del rey; bienes; los bienes que conviene dar al rey.	fit for the king; wealth; wealth that ought to be given to the king.	the ၊ after 'fit for the king' may be misplaced ('wealth fit for a king'); kept as printed
137690	rājaṅgaṇa	မင်းရင်ပြင် (နန်း-နန်းတော်-ရင်ပြင်-လွင်တီးခေါင်-လဟာပြင်-အရပ်။	la explanada real (el palacio / la explanada del palacio / el espacio abierto / el terreno al descubierto / el lugar).	the royal courtyard (the palace / the palace courtyard / the open space / the open ground / the place).	closing bracket missing in the print; supplied. The hyphen chain inside the bracket reads more like one phrase ('the open courtyard of the palace'); kept as alternatives
137694	rājañña	(၁) မင်းဇာတ်- မင်းမျိုး-မင်းနွယ်-ပြစ်သူ၊ မင်းသား။ အဘိသိက်မသွန်းရသေးသော မင်း၊ ဘုရင်ခံ။ (၂) ပါယာသိရာဇညအမည်ရှိသော မင်း။	(1) el que es de casta real / de linaje real / de estirpe real; príncipe. Rey sobre quien aún no se ha vertido el *abhiseka*; gobernador. (2) el rey llamado *pāyāsirājañña*.	(1) one who is of royal caste / royal lineage / royal stock; prince. A king on whom *abhiseka* has not yet been poured; governor. (2) the king named *pāyāsirājañña*.	ပြစ်သူ read as ဖြစ်သူ
137714	rājadhamma	မင်းကျင့်တရား မင်းတို့ကျင့်ဝတ်တရား။ မင်းကျင့်တရား ၁၀-ပါးကို ရာဇပုဒ်၌-ကြည့်ပါ။	el *dhamma* que practica el rey; el *dhamma* de la conducta de los reyes. Para los 10 *dhamma* que practica el rey, véase *rāja*.	the *dhamma* practised by the king; the *dhamma* of the conduct of kings. For the 10 *dhamma* practised by the king, see *rāja*.	'see under the headword rāja' left in the Burmese; တရား here 'rule / principle', kept as ⟦=dhamma⟧
137726	rājantepurappavesana	နန်းတော်တွင်းသို့ ဝင်ခြင်း၊ မင်း၏-အိမ်တော်-မောင်းမဆောင်-မိန်းမဆောင်-သို့ ဝင်ခြင်း။ မူရင်းကြည့်ပါ။	el entrar en el interior del palacio; el entrar en la residencia / el aposento de las concubinas / el aposento de las mujeres del rey. Véase el original.	the entering into the palace; the entering into the king's residence / concubines' quarters / women's quarters. See the original.	'မူရင်းကြည့်ပါ' (see the original) rendered literally
137727	rājapakati	(က) မင်းတို့၏-ပြကတေ့-သဘော။ (ခ) တိုင်းပြည်၏-ပကတိ-သဘော၊ ဖွယ်ရာ (ပြက်အင်္ဂါ)။ ရာဇပကတိ (၇)ပါးကို ရာဇပုဒ်-၌-ကြည့်ပါ။	(a) el estado habitual / la naturaleza de los reyes. (b) el estado habitual / la naturaleza del país; lo pertinente (‹ပြက်အင်္ဂါ›). Para los 7 *rājapakati*, véase *rāja*.	(a) the normal state / nature of kings. (b) the normal state / nature of the country; what pertains to it (‹ပြက်အင်္ဂါ›). For the 7 *rājapakati*, see *rāja*.	ပြကတေ့ read as pakati 'normal state'; ‹ပြက်အင်္ဂါ› unclear (perhaps 'the constituents' of the realm); 'see under the headword rāja' left in the Burmese
137744	rājaparisā	မင်း၏ ပရိသတ်၊ မင်းပရိဘတ်။	la asamblea del rey; la asamblea real.	the king's assembly; the royal assembly.	ပရိဘတ် read as ပရိသတ်
137749	rājapāricariyā	မင်း-ကို-၌-ခစား-လုပ်ကျွေး-ခြင်း၊ မင်း-ကို-၌-ခစား-လုပ်ကျွေး-ပုံ-နည်း)။	el servir / atender al rey; el modo / la manera de servir / atender al rey.	the serving / attending on the king; the way / manner of serving / attending on the king.	stray closing bracket at the end of the print, dropped
137753	rājapuñña	မင်း၏-ကုသိုလ်ကံ-ဘုန်းကံ။	el *kamma* meritorio / el *kamma* de gloria del rey.	the king's meritorious *kamma* / *kamma* of glory.	ကုသိုလ်ကံ taken as merit (the headword is puñña)
137756	rājaputtaka	အထက်ပုဒ်-ကြည့်။ «S1»	Véase la entrada anterior. Véase también [[rājaputta]].	See the preceding headword. See also [[rājaputta]].	'see the preceding headword' left in the Burmese beside «S1»
137761	rājaporisa	မင်းခစား၏ အဖြစ်၊ မင်ခစားအတတ်၊ (လက်နက်ဖြင့် မင်းမှုကိုပြု၍ ခစားခြင်း,လက်နက်နှင့် ကင်း၍ မင်းမှုကို ပြု၍ ခစားခြင်း)။	la condición de servidor del rey; el arte del servicio real (el servir haciendo el servicio del rey con armas, el servir haciendo el servicio del rey sin armas).	the state of being the king's servant; the art of royal service (serving by doing the king's service with weapons, serving by doing the king's service without weapons).	မင်ခစား read as မင်းခစား
137768	rājabhaṭa	မင်းခယောက်ကျား၊ မင်းမှုထမ်း အရာထမ်း၊ အမှုထမ်း၊ မင်းခစား၊ အစိုးရလခစား။ (ဘုရင့်-စစ်သား-စစ်သည်။ ဝီလျံ)။	servidor del rey; funcionario real, oficial; funcionario; servidor del rey; asalariado del gobierno. (soldado / guerrero del rey).	king's man; royal official, officer; official; king's servant; government employee. (the king's soldier / warrior).	source tag ဝီလျံ (Williams, presumably Monier-Williams) dropped
137769	rājabhaṭa	မင်းအားပေးသင့်သော အခွန်အတုတ်။	el tributo que conviene dar al rey.	the tax that ought to be given to the king.	အတုတ် read as အထုတ်
137770	rājabhaṭī	မင်း-၏ မှု-ထမ်း-မင်းခစား-အမျိုးသမီး-မိန်းမ။	la mujer / dama que está al servicio del rey.	the woman / lady in the king's service.	hyphen chain garbled (မင်း-၏ မှု-ထမ်း-မင်းခစား-အမျိုးသမီး-မိန်းမ); rendered by sense
137779	rājabhavanadvāra	မင်း-အိမ်တော်-နန်းတော်-၏-ပြည့်စုံ-တင့်တယ်-ခြင်း။	la plenitud / el esplendor de la residencia / el palacio del rey.	the perfection / splendour of the king's residence / palace.	the definition does not fit the headword (-dvāra, 'gate'); it repeats the next entry's (-vibhūti); translated as printed
137782	rājabhavanasobhā	မင်း-အိမ်တော်-နန်းတော်-၏ တင့်တယ်ခြင်း၊ ရာဇဘဝနဝိဘူတိ-ကြည့်။	el esplendor de la residencia / el palacio del rey; véase *rājabhavanavibhūti*.	the splendour of the king's residence / palace; see *rājabhavanavibhūti*.	'see rājabhavanavibhūti' left in the Burmese
137786	rājabhoga	(၁) မင်းသုံးဆောင်အပ်သော၊ မင်း၏ အသုံးအဆောင်ဖြစ်သော။ (ပု) (န) မင်း၏ သုံးဆောင်ခံစားခြင်း။ (၃) မင်းထံမှ ရအပ်သော-လခရိက္ခာ-အစာအာဟာရ-ရာထူး။ «S1»	(1) usado por el rey; que es enser del rey. (masculino) (neutro) el uso y disfrute del rey. (3) el sueldo y las provisiones / el alimento / el cargo recibido del rey. Véase [[rājabhoga]] (2).	(1) used by the king; being an article of the king's use. (masculine) (neuter) the king's use and enjoyment. (3) pay and provisions / food / office received from the king. See [[rājabhoga]] (2).	sense number (2) missing in the print after (ပု) (န)
137789	rājabhogga	ရာဇဘောဂ(၂) (၁) (က) (ခ) ကြည့်။	Véase [[rājabhoga]] (2) (1) (a) (b).	See [[rājabhoga]] (2) (1) (a) (b).	'see rājabhoga (2) (1) (a) (b)' left in the Burmese
137793	rājamagga	မင် လမ်း(လမ်းကျယ်ကြီး၊ လမ်းမကြီး၊ တာလမ်း၊ ပြလမ်း၊ လမ်းမတော်)။	el camino real (camino ancho, gran camino, calzada, ‹ပြလမ်း›, gran vía real).	the king's road (broad road, main road, causeway, ‹ပြလမ်း›, great royal road).	မင် read as မင်း; ‹ပြလမ်း› unclear (perhaps ပြည်လမ်း 'highway')
137803	rājamāna	မင်း၏-အတိုင်းအတာ-ပယ်။	la medida / ‹ပယ်› del rey.	the king's measure / ‹ပယ်›.	‹ပယ်› here is apparently a unit of measure, not ပယ် 'abandon'; unclear
137805	rājamāsa	ပဲကြီး၊ မင်းပဲ(ရွှေဥမင်၊ သျ)။ ပဲလွန်း။	‹ပဲကြီး› (legumbre grande); ‹မင်းပဲ› (‹ရွှေဥမင်›, ‹သျ›). ‹ပဲလွန်း›.	‹ပဲကြီး› (large bean); ‹မင်းပဲ› (‹ရွှေဥမင်›, ‹သျ›). ‹ပဲလွန်း›.	bean/pulse names left in Burmese; ‹ရွှေဥမင်› and ‹သျ› unclear (သျ possibly a source or dialect tag)
137812	rājarakkha	မင်းကို စောင့်ရှောက်တတ်သော၊ သူ။	que suele proteger al rey (dicho de una persona).	apt to protect the king (said of a person).	label ကြိ but the definition is adjectival
137818	rājarukkha	ငုပင်၊ ငုရွှေဝါပင်။ (ဖွားဘက်ပင်)။	el árbol ‹ငု›; el árbol ‹ငုရွှေဝါ›. (árbol ‹ဖွားဘက်›).	the ‹ငု› tree; the ‹ငုရွှေဝါ› tree. (‹ဖွားဘက်› tree).	tree names left in Burmese; ငု is probably Cassia fistula (tentative); ‹ဖွားဘက်ပင်› unclear (literally 'birth-companion tree')
137822	rājalīlā	မင်းတို့၏ တင့်တယ်စံပယ်ခြင်း။	el resplandecer y deleitarse de los reyes.	the splendour and enjoyment of kings.	label တိ but the definition is a noun
137827	rājavaṁsānurūpakiriya	ရာဇဝင်အား-သင့်လျော်-လျောက်ပတ်-လျော်ကန်-သော-အပြုအမူ-အမူအရာ။	la conducta / el comportamiento conveniente / apropiado / adecuado al linaje real.	conduct / behaviour befitting / suited / appropriate to the royal lineage.	ရာဇဝင် here read as 'royal lineage' (elsewhere 'chronicle')
137828	rājavaṁsānusāra	ရာဇဝင်သို့-အစဉ်လိုက်-အစဉ်လျှောက်-ခြင်း။	el seguir / el proceder conforme al linaje real.	the following / proceeding in accordance with the royal lineage.	ရာဇဝင် here read as 'royal lineage' (elsewhere 'chronicle')
137829	rājavagga	ရာဇဝဂ်။	*rājavagga*.	*rājavagga*.	a chapter title; the text it belongs to is not given
137845	rājavinaya	မင်းဒြပ်၊ ဝိနည်းဒြပ်၊ မင်းဟူသော အနက်၊ ဝိနည်းဟူသော အနက်။	la cosa «rey»; la cosa «*vinaya*»; el significado «rey»; el significado «*vinaya*».	the thing 'king'; the thing '*vinaya*'; the meaning 'king'; the meaning '*vinaya*'.	ဒြပ် (dabba) read as 'thing / substance'; apparently the two members of a dvandva rāja + vinaya
137857	rājasattha	ရာဇသတ်ကျမ်း၊ မင်းတို့-သုံးစွဲအပ်-လက်ကိုင်ပြု-သော ကျမ်း၊ (နိုင်ငံရေးသိပ္ပံ သျှတ္တရကျမ်း)။	el tratado *rājasattha*; el tratado que los reyes usan / tienen por guía; (tratado de ciencia política, ‹သျှတ္တရ›).	the *rājasattha* treatise; the treatise kings use / hold as their guide; (a treatise of political science, ‹သျှတ္တရ›).	‹သျှတ္တရ› probably Skt. śāstra (tentative)
137907	rājābhiseka	မင်းတို့၏ အဘိသိက်သွန်းခြင်း၊ မင်းအဖြစ် အဘိသိက် သွန်းခြင်း။ မူရင်းကြည့်ပါ။	la consagración (*abhiseka*) de los reyes; la consagración (*abhiseka*) como rey. Véase el original.	the consecration (*abhiseka*) of kings; consecration (*abhiseka*) as king. See the original.	'မူရင်းကြည့်ပါ' (see the original) rendered literally
137911	rājāyatana	(၁) နတ်မင်းကြီးတို့၏ နေရာအရပ်၊ နတ်မင်း၊ နတ်ကွန်း၊ နတ်နန်း။ (၂) လင်းလွန်းပင်။	(1) el lugar de morada de los grandes reyes de los *deva*; rey de los *deva*; santuario de los *deva*; palacio de los *deva*. (2) el árbol ‹လင်းလွန်း›.	(1) the dwelling place of the great *deva* kings; *deva* king; *deva* shrine; *deva* palace. (2) the ‹လင်းလွန်း› tree.	'နတ်မင်း' (deva king) in sense 1 looks out of place, perhaps a misprint; ‹လင်းလွန်း› left in Burmese (perhaps Buchanania, tentative)
137913	rājāyatanamūla	လင်းလွန်းပင်၏ အနီး။	la cercanía del árbol ‹လင်းလွန်း›.	the vicinity of the ‹လင်းလွန်း› tree.	‹လင်းလွန်း› tree left in Burmese
137914	rājāyatanarukkha	လင်းလွန်းပင်။ «S1»	el árbol ‹လင်းလွန်း›. Véase [[rājāyatana]].	the ‹လင်းလွန်း› tree. See [[rājāyatana]].	‹လင်းလွန်း› tree left in Burmese
137915	rājāyatanarukkhadevatā	လင်းလွန်ပင်စောင့်နတ်။	el *deva* guardián del árbol ‹လင်းလွန်း›.	the *deva* guarding the ‹လင်းလွန်း› tree.	print has လင်းလွန်ပင်, read as လင်းလွန်းပင်
137916	rājāyatta	မင်းနှင့်-စစ်-ပတ်သက်-ကသော။	relacionado / vinculado / concerniente al rey.	connected / linked / pertaining to the king.	print has စစ်-ပတ်သက်-ကသော; စစ် read as စပ် and ကသော as သော (misprints?)
137917	rājāyattasuṅka	မင်းနှစ် စပ်သော အခွန်အတုပ်။	el impuesto / el tributo relacionado con el rey.	the tax / toll connected with the king.	print has နှစ်, read as နှင့်
137923	rāji	(၁) အက်ကြောင်း၊ ကွဲကြောင်း။ (၂) (တော) စု-အုပ်-အပေါင်း။ (၃) (တော) ရေး-တန်း-အစဉ်အတန်း။ (၄) (လည်ပင်း)အရစ်၊ အရေး။ (၅) အကြောင်း၊ အကြောင်းရင်း။ (ငြင်းခုံခြင်း၊ ငြင်းခုံမှု)။	(1) grieta; hendidura. (2) (de bosque) el grupo / la agrupación / el conjunto. (3) (de bosque) la línea / la fila / la hilera. (4) (del cuello) anillo; pliegue. (5) causa; razón de fondo. (la disputa, la controversia).	(1) crack; fissure. (2) (of forest) group / cluster / collection. (3) (of forest) line / row / file. (4) (of the neck) ring; fold. (5) cause; root cause. (dispute, controversy).	sense 5 perhaps 'ground of a dispute'
137925	rājikaṭṭhi	မုံညင်းနက်စေ့။ မုန်ညင်းနီစေ့ (ဝဇီရ)မုန်ညင်းဖြူစေ့ (ရွှေဥမင်၊သျ)။	semilla de mostaza negra. Semilla de mostaza roja (‹ဝဇီရ›) semilla de mostaza blanca (‹ရွှေဥမင်›, ‹သျ›).	black mustard seed. Red mustard seed (‹ဝဇီရ›) white mustard seed (‹ရွှေဥမင်›, ‹သျ›).	‹ဝဇီရ›, ‹ရွှေဥမင်›, ‹သျ› unclear, perhaps source tags; print has both မုံညင်း and မုန်ညင်း
137934	rājisata	တစ်ရာသော-အရစ်-အရေးအကြောင်း၊ အရစ်-အရေးကြောင်း-တစ်ရာ။	cien franjas / líneas; franjas / líneas, cien.	a hundred stripes / lines; stripes / lines, a hundred.	the first hyphen follows the numeral တစ်ရာသော; read as 'a hundred' + alternatives
137935	rājisi	(၁) ရသေ့-ရဟန်း-မင်း။ ရသေ့ရဟန်းနှင့် တူသော တရားစောင့်သည့်မင်း။ (၂) မင်းအဖြစ်ကို စွန့်၍ ရသေ့ရဟန်းပြုသူ။	(1) rey ermitaño / monje. rey que guarda el *dhamma*, semejante a un ermitaño monje. (2) el que, abandonando la condición de rey, se hace ermitaño monje.	(1) hermit / monk king. a king who keeps the *dhamma*, like a hermit monk. (2) one who, giving up kingship, becomes a hermit monk.	ရသေ့-ရဟန်း-မင်း: hyphens read as alternatives qualifying 'king' (royal sage)
137937	rājī	(၁) ထွန်းတောက်ပသော(နတ်သမီး)။ «S1» (၂) ဝတ်မှုန်။ «S2»	(1) resplandeciente (*devī*). Véase [[rājīmatī]]. (2) polen. Véase [[rājīva]].	(1) shining (*devī*). See [[rājīmatī]]. (2) pollen. See [[rājīva]].	no label
137939	rājīmatī	ထွန်းတောက်ပသူဟူ၍ သိအပ်သော။	conocido como «quien resplandece».	known as 'one who shines'.	no label
137942	rājūpaṭṭhāka	မင်းကို-လုပ်ကျွေး-ခစား-သော၊ သူ၊ ဖမ်းခစား၊ မင်းမှုထမ်း။	que sirve / atiende al rey (dicho de una persona); ‹ဖမ်းခစား›; servidor del rey.	that serves / attends on the king (said of a person); ‹ဖမ်းခစား›; king's servant.	ဖမ်းခစား unclear (perhaps ပမ်းခစား, a courtier)
137943	rājupaṭṭhāna	(၁) မင်းကို-လုပ်ကျွေး-ခစား-ခြင်း။ (၂) မင်းကို-လုပ်ကျွေး-ခစားရာအရပ်။	(1) el servir / atender al rey. (2) el lugar donde se sirve / atiende al rey.	(1) serving / attending on the king. (2) the place where one serves / attends on the king.	no label
137944	rājūpaṭṭhāna	(၁) မင်းကို-လုပ်ကျွေး-ခစား-ခြင်း။ (၂) မင်းကို-လုပ်ကျွေး-ခစားရာအရပ်။	(1) el servir / atender al rey. (2) el lugar donde se sirve / atiende al rey.	(1) serving / attending on the king. (2) the place where one serves / attends on the king.	no label
137946	rājula	ရေမြွေ၊ မြွေနားပင်း။	serpiente de agua; ‹မြွေနားပင်း›.	water snake; ‹မြွေနားပင်း›.	no label; မြွေနားပင်း lit. 'deaf snake', species not identified
137947	rājila	ရေမြွေ၊ မြွေနားပင်း။	serpiente de agua; ‹မြွေနားပင်း›.	water snake; ‹မြွေနားပင်း›.	မြွေနားပင်း lit. 'deaf snake', species not identified
137950	rājūpajīva	မင်းကို မှီ၍ အသက်မွေးသော၊ သူ။	que vive dependiendo del rey (dicho de una persona).	that lives in dependence on the king (said of a person).	no label
137955	rājorodha	မင်းမိန်းမ-မောင်းမ-မိဖုရား (ကိုယ်လုပ်)။	la mujer / concubina / reina del rey (de su servicio personal).	the king's woman / concubine / queen (in personal attendance).	no label; (ကိုယ်လုပ်) read as 'in personal attendance' (a lesser consort)
137956	rājovāda	(၁) မင်း-အား-ကို-ဆုံးမခြင်း-ဆုံးမ-ရာ-ကြောင်း-ဆုံးမသည့်-စကား။ (၂) ရာဇောဝါဒသုတ်။	(1) el amonestar al rey / el lugar / el medio de amonestar / las palabras que amonestan. (2) el sutta *rājovāda*.	(1) admonishing the king / the place / the means of admonishing / words that admonish. (2) the *rājovāda* Sutta.	hyphens alternating case particles (အား/ကို) and suffixes merged
137957	rājovādajātaka	(က) မင်းတို့၏ ဂုဏ်ကျေးဇူးနှငူ့ စပ်သော စကားကို ပြောဆိုရာဇာတ်၊ ရာဇောဝါဒဇာတ်။	(a) el *jātaka* en que se pronuncian palabras relativas a las virtudes y favores de los reyes; el *jātaka* *rājovāda*.	(a) the *jātaka* in which words concerning the virtues and benefits of kings are spoken; the *rājovāda* *jātaka*.	sense (a) without (b); နှငူ့ read as နှင့်
137959	rājovādasutta	(၁) ဝိ၊ဋ္ဌ၊၃။ ၉။ ကင်္ခါ။ ၁၉၂-လာ ရာဇောဝါဒသုတ်။ (၂) သံ၊ဋ္ဌ၊၁။ ၁၅၄။ သံ၊ဋီ၊၁။ ၂၀၀-လာရာဇောဝါဒသုတ်။ (၃) ဇာ၊ဋ္ဌ၊၃။ ၄၁၇-လာ ရာဇောဝါဒသုတ်။ (၄) သာရတ္ထ၊၁။ ၁၆၉။ ဝိမတိ၊၁။ ၃၄-လာ ရာဇောဝါဒသုတ်။ မူရင်းကြည့်ပါ။	(1) el sutta *rājovāda* que aparece en el lugar citado. (2) el sutta *rājovāda* que aparece en el lugar citado. (3) el sutta *rājovāda* que aparece en el lugar citado. (4) el sutta *rājovāda* que aparece en el lugar citado. Véase el original.	(1) the *rājovāda* Sutta occurring at the cited place. (2) the *rājovāda* Sutta occurring at the cited place. (3) the *rājovāda* Sutta occurring at the cited place. (4) the *rājovāda* Sutta occurring at the cited place. See the original.	no label; citations (Vin-a, Kaṅkh, S-a, S-ṭ, Ja-a, Sārattha, Vimati) dropped, so each sense reads 'at the cited place'; 'see the original' literal
137961	rādha	(၁) ရာဓမထေရ်။ (၂) (ဧကနိပါတ်ရာဓဇာတ်လာ အာနန္ဒာအလောင်း) ရာဓကျေးငှက်။ (၃) (ဒုကနိပါတ်ရာဓဇာတ်လာ ဘုရားအလောင်း) ရာဓကျေးငှက်။ (၄) (စတုက္ကနိပါတ် ကာဠဗာဟုဇာတ်လာ ဘုရားအလောင်း) ရာဓကျေးငှက်။ (၅) ရာဓပုဏ္ဏား။ (၆) ရာဓသုတ်။ (၇) ရာဓဇာတ်။ (ရာဓ) (ပု) ကဆုန်လ။	(1) el *thera* *rādha*. (2) el loro *rādha* (el futuro *ānandā*, en el *jātaka* *rādha* del *ekanipāta*). (3) el loro *rādha* (el *bodhisatta*, en el *jātaka* *rādha* del *dukanipāta*). (4) el loro *rādha* (el *bodhisatta*, en el *jātaka* *kāl̤abāhu* del *catukkanipāta*). (5) el brahmán *rādha*. (6) el sutta *rādha*. (7) el *jātaka* *rādha*. (*rādha*) (masculino) el mes de Kason.	(1) the *thera* *rādha*. (2) the parrot *rādha* (the future *ānandā*, in the *rādha* *jātaka* of the *ekanipāta*). (3) the parrot *rādha* (the *bodhisatta*, in the *rādha* *jātaka* of the *dukanipāta*). (4) the parrot *rādha* (the *bodhisatta*, in the *kāl̤abāhu* *jātaka* of the *catukkanipāta*). (5) the brahmin *rādha*. (6) the *rādha* Sutta. (7) the *rādha* *jātaka*. (*rādha*) (masculine) the month of Kason.	ကဆုန်လ = Kason (Apr–May, Vesākha)
137962	rādhaanattasutta	ရာဓအနတ္တသုတ်၊ (ရာဓမထေရ်၏ တောင်းပန်ချက်အရ အနတ္တဖြစ်ကြသည့် ခြောက်ပါးသော-ဒွါရ-အာရုံ-ဝိညာဏ်-ဖဿ-ဝေဒနာ-တို့၌ တပ်နှစ်သက်မှု ဆန္ဒရာဂကို ပယ်သင့်ပုံ ဟောသော သုတ်)။	el sutta *rādhaanatta*; (el sutta que enseña cómo, a petición del *thera* *rādha*, se ha de abandonar el *chandarāga*, el apego deleitoso, hacia los seis *dvāra*, objetos, *viññāṇa*, *phassa* y *vedanā*, que son *anatta*).	the *rādhaanatta* Sutta; (the sutta teaching how, at the request of the *thera* *rādha*, one should abandon *chandarāga*, delighted attachment, towards the six *dvāra*, objects, *viññāṇa*, *phassa* and *vedanā*, which are *anatta*).	hyphens here list the six-fold sets (door, object, consciousness, contact, feeling), rendered as a list
137963	rādhaaniccasutta	ရာဓအနိစ္စသုတ်၊ (ရာဓထေရ်၏ တောင်းပန်ချက်အရ အနိစ္စဖြစ်ကြသည့်-ခြောက်ပါးသော-ဒွါရ-အာရုံ-ဝိညာဏ်-ဖဿ-ဝေဒနာ-တို့၌ တပ်နှစ်သက်မှု ဆန္ဒရာဂကိုပယ်သင့်ပုံ ဟောသော သုတ်)။	el sutta *rādhaanicca*; (el sutta que enseña cómo, a petición del *thera* *rādha*, se ha de abandonar el *chandarāga*, el apego deleitoso, hacia los seis *dvāra*, objetos, *viññāṇa*, *phassa* y *vedanā*, que son *anicca*).	the *rādhaanicca* Sutta; (the sutta teaching how, at the request of the *thera* *rādha*, one should abandon *chandarāga*, delighted attachment, towards the six *dvāra*, objects, *viññāṇa*, *phassa* and *vedanā*, which are *anicca*).	no label; hyphens here list the six-fold sets, rendered as a list
137965	rādhajātakavaṇṇanā	ရာဓဇာတ် အဖွင့်-အဋ္ဌကထာ-ဋီကာ၊ ရာဓဇာတ်-ကို-ဖွင့်ရာ-ဖွင့်ကြောင်း-စကားအစဉ်-စကားအစု-အဋ္ဌကထာ-ဋီကာ။	la explicación / el comentario / el subcomentario del *jātaka* *rādha*; aquello en que / por lo que se explica el *jātaka* *rādha*: la secuencia de palabras / el conjunto de palabras / el comentario / el subcomentario.	the explanation / commentary / subcommentary of the *rādha* *jātaka*; that in which / by which the *rādha* *jātaka* is explained: the sequence of words / body of words / commentary / subcommentary.	case particle ကို inside the hyphen chain merged
137967	rādhattheraapadāna	ရာဓထေရ်၏-အပဒါန်-အကြောင်းအရာ-အဋ္ဌုပ္ပတ်-ရှေးအကြောင်း-ကျင့်စဉ် (ယင်းကို ပြသော ပါဠိကိုလည်း ဥပစာအားဖြင့် ရာဓတ္ထေရအပဒါနဟု ခော်သည်)။	el *apadāna* / el relato / la *aṭṭhuppatti* / la historia antigua / la trayectoria de práctica del *thera* *rādha* (también al texto pāḷi que lo muestra se le llama, en sentido figurado, *rādhattheraapadāna*).	the *apadāna* / account / *aṭṭhuppatti* / ancient story / course of practice of the *thera* *rādha* (the pāḷi text that shows it is also called, figuratively, *rādhattheraapadāna*).	ခော် read as ခေါ် (to call)
137968	rādhattheraapadānavaṇṇanā	ရာဓတ္ထေရအပါဒါန်အဖွင့်-အဋ္ဌကထာ-ဋီကာ။ ရာဓတ္ထေရအပဒါန်ကို ဖွင့်ရာ-ဖွင့်ကြောင်း-ဖြစ်သော-စကား အစဉ်-စကားစု-စကားရပ်-အဋ္ဌကထာ-ဋီကာ။	la explicación / el comentario / el subcomentario del *rādhattheraapadāna*. aquello en que / por lo que se explica el *rādhattheraapadāna*: la secuencia de palabras / el conjunto de palabras / el pasaje / el comentario / el subcomentario.	the explanation / commentary / subcommentary of the *rādhattheraapadāna*. that in which / by which the *rādhattheraapadāna* is explained: the sequence of words / body of words / passage / commentary / subcommentary.	first mention spelt အပါဒါန် (misprint for အပဒါန်)
137971	rādhadukkhasutta	ရာဓဒုက္ခသုတ်၊ (ရာဓသုတ်၏ တောင်းပန်ချက်အရ ဒုက္ခဖြစ်ကြသည့်-ခြောက်ပါးသော-ဒွါရ-အာရုံ-ဝိညာဏ်-ဖဿ-ဝေဒနာ-တို့၌ တပ်နှစ်သက်မှုဆန္ဒရာဂကို ပယ်သင့်ပုံဟောသောသုတ်)။	el sutta *rādhadukkha*; (el sutta que enseña cómo, a petición del sutta *rādha*, se ha de abandonar el *chandarāga*, el apego deleitoso, hacia los seis *dvāra*, objetos, *viññāṇa*, *phassa* y *vedanā*, que son *dukkha*).	the *rādhadukkha* Sutta; (the sutta teaching how, at the request of the *rādha* Sutta, one should abandon *chandarāga*, delighted attachment, towards the six *dvāra*, objects, *viññāṇa*, *phassa* and *vedanā*, which are *dukkha*).	'at the request of the Rādha Sutta' (ရာဓသုတ်) is surely a misprint for ရာဓထေရ် (the thera Rādha), rendered as printed; hyphens list the six-fold sets
137984	rādheti	နှစ်သက်-နှစ်သိမ့်-အားရ-ကျေနပ်-စေ၏၊ အလိုဆန္ဒ၌ဖြစ်စေ-အလိုသို့လိုက်စေ-၏။	hace deleitarse / complacerse / quedar satisfecho / quedar contento; hace estar en el deseo / hace seguir el deseo.	causes to delight / be gratified / be satisfied / be content; makes be in accord with the wish / makes follow the wish.	label ကာ၊ကြိ read as causative verb
137986	rāma	(၁) (ကာမဂုဏ်ငါးပါး တဏှာဝိစရိုက်တရားတို့ဖြင့်) မွေ့လျော်-ပျော်ပါး-သော၊ သူ (သတ္တဝါ)။ (ပု) (၂) မွေ့လျော်-ပျော်ပါး-နှစ်သက်-ခြင်း။ (ပု)  «S1» မူရင်းကြည့်ပါ။	(1) que se deleita / regocija (con los cinco *kāmaguṇa* y los estados de *taṇhāvicarita*) (dicho de una persona) (ser vivo). (masculino) (2) el deleitarse / regocijarse / complacerse. (masculino) Véase [[ratikara]] (2). Véase el original.	(1) that delights / rejoices (in the five *kāmaguṇa* and the states of *taṇhāvicarita*) (said of a person) (a being). (masculine) (2) delighting / rejoicing / taking pleasure. (masculine) See [[ratikara]] (2). See the original.	တဏှာဝိစရိုက် read as taṇhāvicarita; 'see the original' literal
137987	rāma	(၁) (ဥဒကရသေ့၏ ဖခင်) ရာမရသေ့။ (၂) ရာမစကြဝတေးမင်း။ (၃) ဘုရားလောင်းရာမမင်း၊ ရာမပညာရှိ။ (၄) (ဗာရာဏသီပြည့်ရှင်) ရာမမင်း။ (၅) ဘုရားလောင်း၏ လက္ခဏာဖတ်သည့်) ရာမပုဏ္ဏား။ (၆) (ကောဏ္ဍညဘုရား၏) ရာမပြာသာဒ်။ (၇) ရာမလုလင်။ (၈) (ရာမာယဏကျမ်းလာ ဒသရထဘုရင်၏ သား) ရာမမင်း။ (၉) ရာမရွာ။ (၁၀) ဖရသုရာမ-(ဗိဿနိုးနတ်ကြီး ၆-ကြိမ်မြောက်ဝင်စားသူ)။ (၂)  «S1» (၈)  «S2» (၉)  «S3» (၁၀)  «S4»	(1) (padre del ermitaño *udaka*) el ermitaño *rāma*. (2) el rey *cakkavatti* *rāma*. (3) el rey *rāma*, el *bodhisatta*; el sabio *rāma*. (4) (señor de *bārāṇasī*) el rey *rāma*. (5) (que leyó las marcas del *bodhisatta*) el brahmán *rāma*. (6) (del Buddha *koṇḍañña*) el palacio *rāma*. (7) el joven *rāma*. (8) (hijo del rey *dasaratha*, en la obra *rāmāyaṇa*) el rey *rāma*. (9) la aldea de *rāma*. (10) *pharasurāma* (la sexta encarnación del gran *deva* Visnú). (2) Véase [[rāmanāmaka]]. (8) Véase también [[rāmapuraṇa]]. (9) Véanse [[rāmagāma]], [[rāmagāmaka]]. (10) Véase [[rāma]] (3).	(1) (father of the hermit *udaka*) the hermit *rāma*. (2) the *cakkavatti* king *rāma*. (3) King *rāma*, the *bodhisatta*; the wise man *rāma*. (4) (lord of *bārāṇasī*) King *rāma*. (5) (who read the marks of the *bodhisatta*) the brahmin *rāma*. (6) (of the Buddha *koṇḍañña*) the palace *rāma*. (7) the youth *rāma*. (8) (son of King *dasaratha*, in the *rāmāyaṇa*) King *rāma*. (9) the village of *rāma*. (10) *pharasurāma* (the sixth incarnation of the great *deva* Vishnu). (2) See [[rāmanāmaka]]. (8) See also [[rāmapuraṇa]]. (9) See [[rāmagāma]], [[rāmagāmaka]]. (10) See [[rāma]] (3).	(5) lacks its opening bracket; ဗိဿနိုး rendered Visnú / Vishnu
137989	rāmakappūra	ရာမပရုတ်၊ မြက်ပရုတ်။	alcanfor de *rāma*; alcanfor de hierba.	*rāma* camphor; grass camphor.	plants not identified (ရာမပရုတ်, မြက်ပရုတ်)
137991	rāmagāma	ရာမမည်သော ရွာ၊ ရွာမရွာ။	la aldea llamada *rāma*; la aldea de *rāma*.	the village called *rāma*; the village of *rāma*.	ရွာမရွာ read as ရာမရွာ (misprint)
137994	rāmaṇeyya	(၁) စိတ်နှလုံးကို မွေ့လျော်စေတတ်သော။ (၂) မွေ့လျော်ဖွယ်-ရှိ-ကောင်း-သော။ (န) (၃) မွေ့လျော်ဖွယ်၏ အဖြစ်၊ မွေ့လျော်ဖွယ်-ရှိ-ကောင်း-သည်၏ အဖြစ်။ (ပု) (၄) ရာမဏေယျကထေရ်။ «S1»	(1) que suele deleitar el corazón. (2) que tiene deleite / es deleitable. (neutro) (3) el hecho de ser deleitable; el hecho de tener deleite / ser deleitable. (masculino) (4) el *thera* *rāmaṇeyyaka*. Véase también [[rāmaṇeyyaka]] (1-4).	(1) apt to delight the heart. (2) having delight / delightful. (neuter) (3) the state of being delightful; the state of having delight / being delightful. (masculine) (4) the *thera* *rāmaṇeyyaka*. See also [[rāmaṇeyyaka]] (1-4).	-ရှိ-ကောင်း- (has / is good for) rendered 'que tiene deleite / es deleitable'
137995	rāmaṇeyyaka	(၁) မွေ့လျော်ဖွယ်-ရှိကောင်းသော၊ အရာဝတ္ထု (တော စသည်)။ (၂) မွေ့လျော်ခြင်း-ကို-ငှါ-ထိုက်-သော၊ မွေ့လျော်-ထိုက်-သင့်-သော၊ အရာဝတ္ထု။ (န) (၃) မွေ့လျော်ဖွယ်-ရှိ-ကောင်း-သည်၏အဖြစ်။ (ပု) (၄) (စိတ်နှလုံးကို မွေ့လျော်-ကြည်လင် ရွှင်လမ်း-စေတတ်သော) ရာမဏေယျကထေရ်။ (န) (၅) ရာမဏေယျကသုတ်။ «S1»	(1) que tiene deleite / es deleitable (dicho de una cosa: un bosque, etc.). (2) digno de deleite; digno / apropiado para deleitarse (dicho de una cosa). (neutro) (3) el hecho de tener deleite / ser deleitable. (masculino) (4) (que suele hacer deleitarse / serenarse y alegrarse el corazón) el *thera* *rāmaṇeyyaka*. (neutro) (5) el sutta *rāmaṇeyyaka*. Véase también [[rāmaṇeyyakasutta]].	(1) having delight / delightful (said of a thing: a forest, etc.). (2) worthy of delight; worthy / fit to be delighted in (said of a thing). (neuter) (3) the state of having delight / being delightful. (masculine) (4) (apt to make the heart delight / become clear and glad) the *thera* *rāmaṇeyyaka*. (neuter) (5) the *rāmaṇeyyaka* Sutta. See also [[rāmaṇeyyakasutta]].	sense 2: case particles ကို / ငှါ in the hyphen chain merged
137996	rāmaṇeyyaka	မွေ့လျော်-အပ်-ဖွယ်ကောင်း-သည်၏အဖြစ် ဟူသော-ဂုဏ်-အသရေ-အရောင်အဝါ-ရှိသော၊ ဝတ္ထု။	que tiene la cualidad / la gracia / el esplendor que consiste en ser deleitado / deleitable (dicho de una cosa).	having the quality / grace / splendour of being delighted in / delightful (said of a thing).	no label
137997	rāmaṇeyyakatthera	ရာမဏေယျကထေရ်။ «S1»	el *thera* *rāmaṇeyyaka*. Véase también [[rāmaṇeyyaka]] (4).	the *thera* *rāmaṇeyyaka*. See also [[rāmaṇeyyaka]] (4).	no label
137998	rāmaṇeyyakattheragāthā	ရာမဏေယျကထေရ် ရွတ်ဆိုအပ်သည့်ဂါထာ၊ ရာမဏေယျကတ္ထေရဂါထာ။	la estrofa recitada por el *thera* *rāmaṇeyyaka*; la *rāmaṇeyyakattheragāthā*.	the verse recited by the *thera* *rāmaṇeyyaka*; the *rāmaṇeyyakattheragāthā*.	no label
137999	rāmaṇeyyakattheragāthāvaṇṇanā	ရာမဏေယျကတ္ထေရဂါထာအဖွင့်-အဋ္ဌကထာ-ဋီကာ။ ရာမဏေယျကတ္ထေရဂါထာကို ဖွင့်ပြရာ-ဖွင့်ပြကြောင်း-စကားအစဉ်-စကားစု-စကားရပ်-အဋ္ဌကထာ-ဋီကာ။	la explicación / el comentario / el subcomentario de la *rāmaṇeyyakattheragāthā*. aquello en que / por lo que se explica la *rāmaṇeyyakattheragāthā*: la secuencia de palabras / el conjunto de palabras / el pasaje / el comentario / el subcomentario.	the explanation / commentary / subcommentary of the *rāmaṇeyyakattheragāthā*. that in which / by which the *rāmaṇeyyakattheragāthā* is explained: the sequence of words / body of words / passage / commentary / subcommentary.	no label
138002	rāmaṇeyyakasutta	ရာမဏေယျကသုတ်၊ (သိကြားမင်းအား ပူဇော်အပ်သည့် အရံ,ဥယျာဉ်,တော,သစ်ပင်စသည်တို့ လူသားတို့၏ မွေ့လျော်ဖွယ်ကောင်းသော သီလစသည်ကို မမီနိုင်ကြပုံ-ရဟန္တာအရှင်တို့ သီတင်းသုံးရာ အရပ်သည် ထိုအရှင်တို့၏ ဂုဏ်အရှိန်အဝါ အဟပ်ခံရသည့်အတွက် မွေ့လျော်ဖွယ်ကောင်းသော အရပ်ဒေသချည်းဖြစ်ရပုံကို ဘုရားရှင် ရှင်းလင်းဟောကြားသော သုတ်)။	el sutta *rāmaṇeyyaka*; (el sutta en que el Buddha explica claramente cómo los parques, jardines, bosques, árboles y demás ofrecidos a *sakka* no alcanzan la virtud deleitable (*sīla*) y demás de los seres humanos, y cómo el lugar donde moran los venerables *rahantā*, por recibir el reflejo del esplendor de sus virtudes, resulta ser siempre un lugar deleitable).	the *rāmaṇeyyaka* Sutta; (the sutta in which the Buddha explains clearly how parks, gardens, forests, trees and so on offered to *sakka* cannot match the delightful virtue (*sīla*) and so on of human beings, and how the place where the venerable *rahantā* dwell, touched by the radiance of their virtues, is always a delightful place).	'ပူဇော်အပ်သည့်' (offered to Sakka) as printed; အဟပ်ခံရ read as 'receiving the reflection / touch'
138003	rāmaṇeyyakasuttavaṇṇanā	ရာမာဏေယျကသုတ်အဖွင့် အဋ္ဌကထာ-ဋီကာ။ ရာမဏေယျကသုတ်အဖွင့် အဋ္ဌကထာ-ဋီကာ။ ရာမဏေယျကသုတ်-ကို-ဖွင့်ပြရာ-ဖွင့်ပြကြောင်း-ဖြစ်သော-စကားအစဉ်-စကားစု-စကားရပ်-အဋ္ဌကထာ-ဋီကာ။	la explicación, el comentario / el subcomentario del sutta *rāmāṇeyyaka*. la explicación, el comentario / el subcomentario del sutta *rāmaṇeyyaka*. aquello en que / por lo que se explica el sutta *rāmaṇeyyaka*: la secuencia de palabras / el conjunto de palabras / el pasaje / el comentario / el subcomentario.	the explanation, commentary / subcommentary of the *rāmāṇeyyaka* Sutta. the explanation, commentary / subcommentary of the *rāmaṇeyyaka* Sutta. that in which / by which the *rāmaṇeyyaka* Sutta is explained: the sequence of words / body of words / passage / commentary / subcommentary.	the gloss is repeated, first with ရာမာဏေယျက (misprint)
138008	rāmapurāṇa	ရာမပုရာဏ် ရာမမင်း၏-ရှေး-ဖြစ်စဉ်-အကြောင်းအရာ-အတ္ထုပ္ပတ်။	el *rāmapurāṇa*; la antigüedad / el curso de los hechos / el relato / la *atthuppatti* del rey *rāma*.	the *rāmapurāṇa*; the ancient history / course of events / account / *atthuppatti* of King *rāma*.	အတ္ထုပ္ပတ် = aṭṭhuppatti / atthuppatti, romanised as printed
138010	rāmasamma	(၁) ရာမသမ္မမည်သော သူ၊ ရာမသမ္မအလင်္ကာဆရာ။ (၂) ရာမသမ္မအလင်္ကာကျမ်း။ (၃) ရာမသမ္မဆရာစီရင်အပ်သည့် အလင်္ကာကျမ်း။	(1) la persona llamada *rāmasamma*; el maestro de *alaṅkāra* *rāmasamma*. (2) el tratado de *alaṅkāra* *rāmasamma*. (3) el tratado de *alaṅkāra* compuesto por el maestro *rāmasamma*.	(1) the person named *rāmasamma*; the *alaṅkāra* teacher *rāmasamma*. (2) the *rāmasamma* treatise on *alaṅkāra*. (3) the treatise on *alaṅkāra* composed by the teacher *rāmasamma*.	အလင်္ကာ (poetics / rhetoric) kept as ⟦=alaṅkāra⟧
138011	rāmā	(၁) (သုမေဓဘုရား၏ မြတ်သော တပည့်မ) ရာမာထေရီ။ (၂) (ဝေဿဘူဘုရား၏မြတ်သော တပည့်မ)ရာမာထေရီ။ (၃) (ပဒုမဘုရား၏ မြတ်သော တပည့်မ) ရာဝမာထေရီ။	(1) (discípula excelente del Buddha *sumedha*) la *therī* *rāmā*. (2) (discípula excelente del Buddha *vessabhū*) la *therī* *rāmā*. (3) (discípula excelente del Buddha *paduma*) la *therī* *rāvamā*.	(1) (excellent female disciple of the Buddha *sumedha*) the *therī* *rāmā*. (2) (excellent female disciple of the Buddha *vessabhū*) the *therī* *rāmā*. (3) (excellent female disciple of the Buddha *paduma*) the *therī* *rāvamā*.	no label; (3) ရာဝမာ probably a misprint for ရာမာ
138015	rāsaṭṭha	(၁) အစု-အပုံ-ဟူသော ။ (၂) များ-ကြီး-သောအစု-အပုံ-ဟူသော။ «S1» (၃) အစု-အပုံ-ဟူသော သဘော။	(1) que es un montón / una pila. (2) que es un montón / una pila abundante / grande. Véase [[rāsī]] (3). (3) la naturaleza que consiste en un montón / una pila.	(1) that is a heap / pile. (2) that is an abundant / great heap / pile. See [[rāsī]] (3). (3) the nature that consists in a heap / pile.	(1) ends in ဟူသော with no noun (truncated?)
138018	rāsantara	ရာသီ-အဖို့-အစု-တစ်ပါး။	otra categoría / porción / grupo.	another category / portion / group.	ရာသီ here = rāsi, rendered 'category'
138021	rāsi	(၁) ရာသိ၊ အပေါင်း၊ အစု၊ အပုံ။ (၂) စပါး-ဥစ္စာ-အစု-အပုံ၊ ဥစ္စာ-အစု-အပုံ။ «S1» (၃) များ-ကြီး-သော-အစု-အပုံ။ (၄) ၅-သုဝဏ်။ (၅) (မိဿ,ပြိဿ,မေထုန်,ကရကဋ်,သိဟ်,ကန်,တူ,ဗြိစ္ဆာ,ဓနု,မကာရ,ကုမ်,မိန်-ဟူသော) ၁၂-ရာသီ။ (၆) (အကြောင်း,အကျိုး,ကံ,ဝိပါက်) အဖို့(အလွှာ)။ (၇) ရာသိသဒ္ဒါ။ «S2» (၈) အပေါင်း-အစု-၏အဖြစ်။ «S3» (၉) ပေါင်း-စု-ပေါင်းစု-အပ်သော။ «S4» (၁၀) ပါသရာသီသုတ်။ (၁၁,၁၂) သင်္ချာ။ မူရင်းကြည့်ပါ။	(1) *rāsi*; conjunto; grupo; montón. (2) montón / pila de grano / de riqueza; montón / pila de riqueza. Véase [[rāsivaḍḍhaka]]. (3) montón / pila abundante / grande. (4) 5 *suvaṇṇa*. (5) los 12 signos del zodiaco (Aries, Tauro, Géminis, Cáncer, Leo, Virgo, Libra, Escorpio, Sagitario, Capricornio, Acuario, Piscis). (6) porción (estrato) (causa, resultado, *kamma*, *vipāka*). (7) la palabra *rāsi*. Véase [[rāsivevacana]]. (8) el hecho de ser un conjunto / grupo. Véase [[rāsikata]] (1). (9) juntado / reunido / agrupado. Véase [[rāsibhūta]] (2). (10) el sutta *pāsarāsī*. (11, 12) cálculo. Véase el original.	(1) *rāsi*; collection; group; heap. (2) heap / pile of grain / of wealth; heap / pile of wealth. See [[rāsivaḍḍhaka]]. (3) abundant / great heap / pile. (4) 5 *suvaṇṇa*. (5) the 12 signs of the zodiac (Aries, Taurus, Gemini, Cancer, Leo, Virgo, Libra, Scorpio, Sagittarius, Capricorn, Aquarius, Pisces). (6) portion (layer) (cause, result, *kamma*, *vipāka*). (7) the word *rāsi*. See [[rāsivevacana]]. (8) the state of being a collection / group. See [[rāsikata]] (1). (9) joined / gathered / grouped. See [[rāsibhūta]] (2). (10) the *pāsarāsī* Sutta. (11, 12) calculation. See the original.	(4) 5-သုဝဏ် a weight (suvaṇṇa); (5) Burmese sign names (မိဿ … မိန်) rendered with the Western names; (11,12) သင်္ချာ read as 'calculation'; 'see the original' literal
138026	rāsikata	(၁) အစု-အပုံ-၏ အဖြစ်ဖြင့်-ပြု-ထား-အပ်သော။ (၂) အစု-အပုံ-ပြု-ပြု၍-ထား-အပ်သော။	(1) hecho / puesto en forma de montón / pila. (2) hecho / puesto tras formar un montón / pila.	(1) made / placed in the form of a heap / pile. (2) made / placed after forming a heap / pile.	sense 2: hyphen chain ပြု-ပြု၍-ထား (make / having made / place) condensed
138027	rāsīkata	(၁) အစု-အပုံ-၏ အဖြစ်ဖြင့်-ပြု-ထား-အပ်သော။ (၂) အစု-အပုံ-ပြု-ပြု၍-ထား-အပ်သော။	(1) hecho / puesto en forma de montón / pila. (2) hecho / puesto tras formar un montón / pila.	(1) made / placed in the form of a heap / pile. (2) made / placed after forming a heap / pile.	no label; sense 2: hyphen chain ပြု-ပြု၍-ထား condensed
138029	rāsikaraṇa	(၁) အပေါင်း-အစု-ကိုပြုတတ်သော (ပညာ) (န)  ရာသိကရဏပညာ-ကြည့်။ (၂) အပေါင်း-အစု-ကို ပြုခြင်း။ (၃) အပေါင်း-အစု-ကို ပြုရာ(နေ့)။ «S1»	(1) (*paññā*) que suele hacer el conjunto / grupo (neutro). Véase [[rāsikaraṇapaññā]]. (2) el hacer el conjunto / grupo. (3) (el día) en que se hace el conjunto / grupo. Véase [[rāsikaraṇadivasa]].	(1) (*paññā*) apt to make the collection / group (neuter). See [[rāsikaraṇapaññā]]. (2) making the collection / group. (3) (the day) on which the collection / group is made. See [[rāsikaraṇadivasa]].	'see X' left in the Burmese
138030	rāsīkaraṇa	(၁) အပေါင်း-အစု-ကိုပြုတတ်သော (ပညာ) (န) ရာသိကရဏပညာ-ကြည့်။ (၂) အပေါင်း-အစု-ကို ပြုခြင်း။ (၃) အပေါင်း-အစု-ကို ပြုရာ(နေ့)။ «S1»	(1) (*paññā*) que suele hacer el conjunto / grupo (neutro). Véase [[rāsikaraṇapaññā]]. (2) el hacer el conjunto / grupo. (3) (el día) en que se hace el conjunto / grupo. Véase [[rāsikaraṇadivasa]].	(1) (*paññā*) apt to make the collection / group (neuter). See [[rāsikaraṇapaññā]]. (2) making the collection / group. (3) (the day) on which the collection / group is made. See [[rāsikaraṇadivasa]].	no label; 'see X' left in the Burmese
138037	rāsikārabhūta	(၁) အစုအပုံ-ဖြစ်အောင် ပြုအပ်သည ဖြစ်၍ဖြစ်သော။ (၂) အစု-အပုံ-ဖြစ်အောင် ပြုအပ်သည်၏အဖြစ်ဖြင့် ဖြစ်သော။ (၃) အစု-အပုံ-ဖြစ်အောင် ပြုအပ်သည်၏ အဖြစ်သို့ ရောက်သော။ «S1»	(1) que existe por haber sido hecho de modo que sea un montón / pila. (2) que existe en el estado de haber sido hecho de modo que sea un montón / pila. (3) que ha llegado al estado de haber sido hecho de modo que sea un montón / pila. Véase [[rāsika]] (1).	(1) existing through having been made into a heap / pile. (2) existing in the state of having been made into a heap / pile. (3) that has reached the state of having been made into a heap / pile. See [[rāsika]] (1).	(1) ပြုအပ်သည read as ပြုအပ်သည်
138040	rāsittaya	အဖို့အစု-၃-ခုပေါင်း။	el total de 3 porciones / grupos.	the sum of 3 portions / groups.	အဖို့အစု has no hyphen; rendered as two alternatives
138045	rāsībhūta	(၁) အပေါင်း-အစု-ဖြစ်၍ဖြစ်သော။ (၂) ပေါင်း-စု-ပေါင်းစု-အပ်သည်ဖြစ်၍ဖြစ်သော။ (၃) အပေါင်း-အစု-ဖြစ်၍ဖြစ်ရာဖြစ်သော (အချိန်အခါ)။ «S1»	(1) que existe habiendo llegado a ser un conjunto / grupo. (2) que existe habiendo sido juntado / reunido / agrupado. (3) (tiempo / ocasión) en que existe habiendo llegado a ser un conjunto / grupo. Véase [[rāsibhūtakāla]].	(1) existing, having become a collection / group. (2) existing, having been joined / gathered / grouped. (3) (the time / occasion) at which it exists, having become a collection / group. See [[rāsibhūtakāla]].	no label
138046	rāsibhūtakāla	အပေါင်း-အစုံ-ဖြစ်၍ဖြစ်ရာဖြစ်သော-အချိန်-အခါ။	el tiempo / la ocasión en que existe habiendo llegado a ser un conjunto / grupo.	the time / occasion at which it exists, having become a collection / group.	အစုံ read as အစု
138050	rāsiyasutta	ရာသိယသုတ် (ရာသိယရွာသူကြီးမေးမြန်းလျှောက်ထားချက်အရ အစွန်းရောက်တရားနှစ်မျိုးနှင့် အလယ် ကျင့်စဉ်တရားကို ဟောကြားတော်မူ၍ ကာမဂုဏ်ခံစားသည့် လူသား ၃-မျိုးရှိပုံနှင့် ကိုယ်ကို ပင်ပန်းနွမ်းနယ်အောင် ကျင့်သော ရဟန်း ၃-မျိုးရှိပုံကို ရှင်းလင်းဝေဖန်၍ ဟောကြားတော်မူပြီးနောက် အကြွင်းမရှိကိလေသာတို့ကို ဖျက်ဆီးမှု ၃-မျိုးရှိပုံကို ရှင်းလင်းဝေဖန်ဟောကြားတော်မူသောသုတ်)။	el sutta *rāsiya* (el sutta en que, según la petición y las preguntas del jefe de aldea *rāsiya*, se enseñan los dos extremos y la práctica del medio, y, tras explicar y analizar los tres tipos de seres humanos que gozan de los *kāmaguṇa* y los tres tipos de monjes que practican fatigando / agotando el cuerpo, se explican y analizan los tres modos de destruir sin residuo los *kilesa*).	the *rāsiya* Sutta (the sutta in which, following the request and questions of the village headman *rāsiya*, the two extremes and the middle practice are taught, and, after explaining and analysing the three kinds of human beings who enjoy the *kāmaguṇa* and the three kinds of monks who practise wearying / exhausting the body, the three ways of destroying the *kilesa* without remainder are explained and analysed).	တရား after 'extremes' and 'middle practice' not rendered separately; ပင်ပန်းနွမ်းနယ် (no hyphen) given as two words
138051	rāsiyasuttavaṇṇanā	ရာသိယသုတ် အဖွင့်၊ အဋ္ဌကထာဋီကာ (ရာသိကသုတ်-ကို-ဖွင့်ပြရာ-ဖွင့်ပြကြောင်း-ဖြစ်သော-စကားအစဉ်-စကားရပ်-အဋ္ဌကထာ-ဋီကာ)။	la explicación del sutta *rāsiya*, el comentario / subcomentario (aquello en que / por lo que se explica el sutta *rāsika*: la secuencia de palabras / el pasaje / el comentario / el subcomentario).	the explanation of the *rāsiya* Sutta, the commentary / subcommentary (that in which / by which the *rāsika* Sutta is explained: the sequence of words / passage / commentary / subcommentary).	second mention spelt ရာသိကသုတ် (misprint for ရာသိယ)
138056	rāsivinimutta	အပေါင်း-အစု-မှ လွတ်သော။	libre del conjunto / grupo.	free from the collection / group.	no label
138057	rāsivevacana	ရာသိသဒ္ဒါ၏-ဝေဝုစ်-ပရိယာသဒ္ဒါ-အနက်တူသဒ္ဒါ။	el sinónimo / la palabra *pariyāya* / la palabra de igual significado de la palabra *rāsi*.	the synonym / *pariyāya* word / word of the same meaning of the word *rāsi*.	ဝေဝုစ် (vevacana) rendered 'synonym'
138059	rāsisuññatapaccayabhāva	အပေါင်း-အစု-၏အဖြစ်,ကင်းဆိတ်သည်၏အဖြစ်,ပစ္စည်း-အကြောင်း-၏အဖြစ်။	el hecho de ser un conjunto / grupo, el hecho de estar vacío, el hecho de ser condición / causa.	the state of being a collection / group, the state of being empty, the state of being a condition / cause.	ပစ္စည်း here = paccaya, rendered 'condition'
138060	rāhasseyyaka	(၁) ဆိတ်ကွယ်-ဆိတ်ငြိမ်-ရာအရပ်၌-ပြုအပ်-ဖြစ်-လျှူိ့ဝှက်အပ်-သော အမှု-အမူအရာ-၏တည်ရာ-အရပ်၊)ဆိတ်ကွယ်-ဆိတ်ငြိမ်-ရာအရပ်၌-ပြုအပ်-ဖြစ်-လျှူိ့ဝှက်အပ်-သော-အမှု-အမူအရာ-ကို-အား-ထိုက်က-လျောက်ပတ်-သော။ (၂) ဆိတ်ကွယ်-ဆိတ်ငြိမ်-အရပ်၌ ကောင်းသော-အရာ-အမှု-ကို-အား-ထိုက်-လျောက်-ပတ်-သော။ (၃) မျက်ကွယ်၌ဖြစ်-ဆိတ်ကွယ်-လျှူိ့ဝှက်-ခြင်းကို ပြုရာဖြစ်သော။	(1) el lugar donde se asienta la acción / la conducta hecha / ocurrida / ocultada en un lugar apartado / tranquilo; digno de / apropiado para la acción / la conducta hecha / ocurrida / ocultada en un lugar apartado / tranquilo. (2) digno de / apropiado para una cosa / acción buena en un lugar apartado / tranquilo. (3) que es donde se hace el ocurrir fuera de la vista / el apartarse / el ocultarse.	(1) the place where the deed / behaviour done / occurring / concealed in a secluded / quiet place rests; worthy of / fitting for the deed / behaviour done / occurring / concealed in a secluded / quiet place. (2) worthy of / fitting for a good thing / deed in a secluded / quiet place. (3) that is where occurring out of sight / withdrawing / concealing is done.	stray ')' in (1) and misprints (ထိုက်က, လျောက်-ပတ်); case alternatives ကို-အား rendered as one preposition
138061	rāhu	(၁) ရာဟု၊ ရာဟုဂြိုဟ်၊ ရာဟုအသုရိန်၊ အသုရိန်နတ်။ (၂) စွန့်ကြဲ-ပေးကမ်း-ခြင်း။ «S1» မူရင်းကြည့်ပါ။	(1) *rāhu*; el planeta *rāhu*; el señor de los *asura* *rāhu*; el *deva* señor de los *asura*. (2) el renunciar / el dar. Véase [[rāhumantu]]. Véase el original.	(1) *rāhu*; the planet *rāhu*; *rāhu* the lord of the *asura*; the *deva* lord of the *asura*. (2) relinquishing / giving. See [[rāhumantu]]. See the original.	'see the original' rendered literally; sense (2) 'giving' unexplained
138062	rāhu	(၁) ဖမ်းယူတတ်သော ရာဟုအသုရိန်နှင့် တူသောသား။ (၂) ရာဟုဂြိုဟ်နှင့် တူသော အနှောင်အဖွဲ့အန္တရာယ်။	(1) un hijo semejante al señor de los *asura* *rāhu*, que suele apresar. (2) un peligro de atadura semejante al planeta *rāhu*.	(1) a son resembling *rāhu* the lord of the *asura*, who is apt to seize. (2) a danger of bondage resembling the planet *rāhu*.	သား read as 'son' (the Rāhula story); could also be 'animal'
138063	rāhugahaṇa	ရာဟု-ရာဟုဂြိုဟ်-အသုရိန်-ဖမ်းခြင်း၊ နေကြတ်-လကြတ်-ခြင်း။	la captura por *rāhu* / el planeta *rāhu* / el *asura*; el eclipse de sol / de luna.	the seizing by *rāhu* / the planet *rāhu* / the *asura*; the eclipse of the sun / of the moon.	no label
138064	rāhuggahaṇa	ရာဟု-ရာဟုဂြိုဟ်-အသုရိန်-ဖမ်းခြင်း၊ နေကြတ်-လကြတ်-ခြင်း။	la captura por *rāhu* / el planeta *rāhu* / el *asura*; el eclipse de sol / de luna.	the seizing by *rāhu* / the planet *rāhu* / the *asura*; the eclipse of the sun / of the moon.	no label
138066	rāhuggaha	(၁) ရာဟု-ရာဟုဂြိုဟ်-အသုရိန်-ဖမ်းခြင်း။ (၂) ရာဟု-ရာဟုဂြိုဟ်-အသုရိန်-ဖမ်းအပ်သော-(လ,နေ)။ (၃) ရာဟုဂြိုဟ်။	(1) la captura por *rāhu* / el planeta *rāhu* / el *asura*. (2) (la luna, el sol) apresados por *rāhu* / el planeta *rāhu* / el *asura*. (3) el planeta *rāhu*.	(1) the seizing by *rāhu* / the planet *rāhu* / the *asura*. (2) (the moon, the sun) seized by *rāhu* / the planet *rāhu* / the *asura*. (3) the planet *rāhu*.	no label
138069	rāhumantu	(၁) ရာဟုရှိသော၊ သူ။ (၂) စွန့်ကြဲ-ပေးကမ်း-ခြင်းရှိသော၊ သူ။	(1) que tiene *rāhu* (dicho de una persona). (2) que tiene el renunciar / el dar (dicho de una persona).	(1) having *rāhu* (said of a person). (2) having relinquishing / giving (said of a person).	sense (2) as in 138061 (2)
138071	rāhumukha	ရာဟုမုခမည်သော-ကံကြမ္မာ-ညှဉ်းပန်းမှု-နှိပ်စက်မှု၊ (ခံတွင်းဟင်းလင်းဖြစ်နေအောင် သဲချွန်ဖြင့် ထောက်ပြီးလျှင် အာခေါင်တွင်း၌ မီးထွန်းကာ ရာဟုခံတွင်းကဲ့သို့ ဖြစ်အောင်-ညှဉ်းပန်း-နှိပ်စက်က-ခြင်း။	el *kamma* / la tortura / la opresión llamada *rāhumukha*; (tras apuntalar la boca con un clavo para que quede abierta de par en par, encender fuego dentro del paladar y torturar / oprimir hasta que quede como las fauces de *rāhu*.	the *kamma* / torture / oppression called *rāhumukha*; (having propped the mouth with a spike so that it gapes wide open, lighting a fire inside the palate and torturing / oppressing until it is like the jaws of *rāhu*.	ကံကြမ္မာ here glosses kamma(kāraṇa), punishment; kept ⟦=kamma⟧. သဲချွန် read as သံချွန် 'iron spike' (misprint?); bracket not closed; ညှဉ်းပန်း-နှိပ်စက်က misprint
138072	rāhumukhakammakāraṇa	ရာဟုမုခမည်သော-ကံကြမ္မာ-ညှဉ်းပန်းမှု-နှိပ်စက်မှု၊ (ရာဟုခံတွင်းသို့ ရောက်နေသော နေမင်းနှင့် တူအောင် ညှဉ်းပန်းမှု-နှိပ်စက်မှု)။	el *kamma* / la tortura / la opresión llamada *rāhumukha* (tortura / opresión para que quede semejante al sol que ha entrado en las fauces de *rāhu*).	the *kamma* / torture / oppression called *rāhumukha* (torture / oppression to make one resemble the sun that has entered the jaws of *rāhu*).	no label; ကံကြမ္မာ glosses kamma(kāraṇa), punishment
138075	rāhumukhappaviṭṭha	ရာဟုခံတွင်းသို့ ဝင်သော။	que ha entrado en las fauces de *rāhu*.	that has entered the jaws of *rāhu*.	no label
138077	rāhula	(၁) (ဘုရားသားတော်) ရာဟုလ၊ ရာဟုလမင်းသား၊ ရာဟုလသာမဏေ၊ ရာဟုလထေရ်။ (၂) (ဆရာဖြစ်သော) ရာဟုလထေရ်။ (၃) မဇ္ဈိမပဏ္ဏာသဘိက္ခုဝဂ်လာ) မဟာရာဟုလောဝါဒသုတ်။ (၄) (ဥပရိပဏ္ဏာသ သဠာယတနဝဂ်လာ) စူဠရာဟုလောဝါဒသုတ်။ (၅) ရာဟုလသံယုတ်။ (၆) (ခန္ဓဝဂ္ဂသံယုတ်ထေရဝဂ်လာ) ရာဟုလသုတ်နှင့် ဒုတိယရာဟုလသုတ်။ (၇) (သဠာယတနဝဂ္ဂသံယုတ် လောကကာမဂုဏဝဂ်လာ) ရာဟုလောဝါဒသုတ်။ (၈) (အင်္ဂုတ္တရနိကာယ စတုက္ကနိပါတ် စတုတ္ထပဏ္ဏာသက သဉ္စေတနိယဝဂ်လာ) ရာဟုလုသတ်။ (၉) (သုတ္တနိပါတ် စူဠဝဂ်လာ) ရာဟုလသုတ်။ (၁၀) (ထေရဂါထာ စတုက္ကနိပါတ်လာ) ရာဟုလတ္ထေရ ဂါထာ။ မူရင်းကြည့်ပါ။	(1) (hijo del Buddha) *rāhula*; el príncipe *rāhula*; el *sāmaṇera* *rāhula*; el *thera* *rāhula*. (2) (que es maestro) el *thera* *rāhula*. (3) (del *Bhikkhuvagga* del *majjhimapaṇṇāsa*) el *Mahārāhulovādasutta*. (4) (del *Saḷāyatanavagga* del *uparipaṇṇāsa*) el *Cūḷarāhulovādasutta*. (5) el *Rāhulasaṁyutta*. (6) (del *Theravagga* del *Khandhavaggasaṁyutta*) el *Rāhulasutta* y el segundo *Rāhulasutta*. (7) (del *Lokakāmaguṇavagga* del *Saḷāyatanavaggasaṁyutta*) el *Rāhulovādasutta*. (8) (del *Sañcetaniyavagga* del *catutthapaṇṇāsaka* del *Catukkanipāta* del *aṅguttaranikāya*) el *Rāhulasutta*. (9) (del *Cūḷavagga* del *Suttanipāta*) el *Rāhulasutta*. (10) (del *Catukkanipāta* de la *theragāthā*) los versos *rāhulatthera gāthā*. Véase el original.	(1) (the Buddha's son) *rāhula*; prince *rāhula*; the *sāmaṇera* *rāhula*; the *thera* *rāhula*. (2) (who is a teacher) the *thera* *rāhula*. (3) (in the *Bhikkhuvagga* of the *majjhimapaṇṇāsa*) the *Mahārāhulovādasutta*. (4) (in the *Saḷāyatanavagga* of the *uparipaṇṇāsa*) the *Cūḷarāhulovādasutta*. (5) the *Rāhulasaṁyutta*. (6) (in the *Theravagga* of the *Khandhavaggasaṁyutta*) the *Rāhulasutta* and the second *Rāhulasutta*. (7) (in the *Lokakāmaguṇavagga* of the *Saḷāyatanavaggasaṁyutta*) the *Rāhulovādasutta*. (8) (in the *Sañcetaniyavagga* of the *catutthapaṇṇāsaka* of the *Catukkanipāta* of the *aṅguttaranikāya*) the *Rāhulasutta*. (9) (in the *Cūḷavagga* of the *Suttanipāta*) the *Rāhulasutta*. (10) (in the *Catukkanipāta* of the *theragāthā*) the verses *rāhulatthera gāthā*. See the original.	'see the original' rendered literally; (3) opening bracket missing; (8) ရာဟုလုသတ် read as ရာဟုလသုတ် (misprint)
138091	rāhulasaṅkhāta	ရာဟု-ဟု ဆိုအပ်သော (ဂြိုဟ်)။ «S1»	(planeta) llamado *rāhu*. Véase [[rāhuggaha]] (3).	(the planet) called *rāhu*. See [[rāhuggaha]] (3).	no label
138096	rāhulovāda	(၁) သံ၊၁။ ၄၃၉-၌ လာသည့် သားတော်ရာဟုလ-အား-ကို-ပေး-ပြောဟော-အပ်သော-အဆုံးအမ-ဩဝါဒ-တရား။ (၂) အံ၊၁။ ၄၈၃-၌လာသည့် သားတော်ရာဟုလ-အား-ကို-ပေး-ပြောဟော-အပ်သော-အဆုံးအမ-ဩဝါဒ-တရား။ (၃) မ၊၂။ ၇၇-၌ လာသည့် အမ္ဗလဋ္ဌိက ရာဟုလောဝါဒသုတ်(မ၊ဋ္ဌ၊၃။ ၉၀-လည်း-ကြည့်) (၄) သံ၊၁။ ၄၃၉-၌လာသည့် ရာဟုလသံယုတ်၊ သားတော်ရာဟုလ-အား-ကို-ပေး-ပြောဟော-အပ်သော-အဆုံးအမ-ဩဝါဒ-တရားကို ပြသည့် သံယုတ်။ (၅) မ၊၂။ ၈၃-၌လာသည့် မဟာရာဟုလောဝါဒသုတ်။ (၆) မ၊၃၊၃၂၄။ သံ၊၂၊၃၂၄-တို့၌ လာသည့် စူဠရာဟုလောဝါဒသုတ်။ တစ်နည်း-ရာဟုလောဝါဒသုတ်။	(1) la amonestación / la exhortación / la enseñanza dada / expuesta a su hijo *rāhula*. (2) la amonestación / la exhortación / la enseñanza dada / expuesta a su hijo *rāhula*. (3) el *ambalaṭṭhika rāhulovāda* sutta. (4) el *Rāhulasaṁyutta*; el *saṁyutta* que muestra la amonestación / la exhortación / la enseñanza dada / expuesta a su hijo *rāhula*. (5) el *Mahārāhulovādasutta*. (6) el *Cūḷarāhulovādasutta*; de otro modo, el *Rāhulovādasutta*.	(1) the admonition / exhortation / teaching given / spoken to his son *rāhula*. (2) the admonition / exhortation / teaching given / spoken to his son *rāhula*. (3) the *ambalaṭṭhika rāhulovāda* sutta. (4) the *Rāhulasaṁyutta*; the *saṁyutta* showing the admonition / exhortation / teaching given / spoken to his son *rāhula*. (5) the *Mahārāhulovādasutta*. (6) the *Cūḷarāhulovādasutta*; alternatively, the *Rāhulovādasutta*.	each sense opens 'found at <citation>'; citations dropped, so (1) and (2) now read alike (they differ only by source: S and A); (3) also drops a 'see also' commentary citation
138097	rāhulovādasadisa	(၁) သံ၊၁။ ၄၃၉-ဝယ် ရာဟုလသံယုတ်၌ လာသော-အနုသယ-အပဂတ-သုတ် (သံ၊၁။ ၄၄၄-)နှင့် တူသော။ (၂) မ၊၃။ ၃၂၄။ သံ၊၂။ ၃၂၄-တို့၌လာသည့်သားတော် ရာဟုလအား ပေးအပ်သော-အဆုံးအမ-ဩဝါဒ-တရား-နှင့် တူသော။	(1) semejante al sutta *anusaya* / *apagata* que aparece en el *Rāhulasaṁyutta*. (2) semejante a la amonestación / la exhortación / la enseñanza dada a su hijo *rāhula*.	(1) like the *anusaya* / *apagata* sutta found in the *Rāhulasaṁyutta*. (2) like the admonition / exhortation / teaching given to his son *rāhula*.	citations dropped (they located the passages); ⟦အနုသယ⟧-⟦အပဂတ⟧ read as two sutta names
138101	riccati	စွန့်-စွန့်ပယ်-၏။ «S1»	renuncia / abandona. Véase también [[riñcati]].	relinquishes / abandons. See also [[riñcati]].	no label
138106	riñcitvā	စွန့်ပယ်၍။ «S1»	habiendo abandonado. Véase también [[riñcati]].	having abandoned. See also [[riñcati]].	no label
138110	rite	ကင်း၍၊ ကြဉ်၍။	libre de; excluyendo.	free from; excluding.	label ဗျ (indeclinable) not in the brief's table
138111	ritta	(၁) (က) အချီးနှီး-ကင်းဆိတ်-ဗလာဖြစ်-လုံးဝမရှိ-သော။ (ခ) ဆိတ်သုဉ်းသော၊ အနှစ်သာရမှ ကင်းသော၊ အနှစ်သာရမရှိသော။ (ဂ) ကင်းဆိတ်-အသီးအခြားဖြစ်-သော။ (၂) ပယ်-စွန့်-အပ်သော။ (န) (၃) ထိုးဝါး၊ လှော်တတ်-ပဲ့တက်။ မူရင်းကြည့်ပါ။	(1) (a) vacío / desprovisto / sin nada / que no tiene nada en absoluto. (b) vacío; libre de esencia; que no tiene esencia. (c) desprovisto / separado. (2) abandonado / dejado. (neutro) (3) pértiga de barquero; remo / timón. Véase el original.	(1) (a) empty / void / bare / having nothing at all. (b) void; free from essence; having no essence. (c) void / separate. (2) abandoned / relinquished. (neuter) (3) punting pole; oar / rudder. See the original.	no label; 'see the original' rendered literally; ထိုးဝါး, လှော်တတ် (= လှော်တက်?), ပဲ့တက် read as boat-pole, oar, rudder
138113	rittakapotthaka	အချီးနှီး-ဗလာဖြစ်-စာလုံးဝမပါ-စားလုံးဝမရေးသားအပ်-သော-ပေ-ပုရပိုက်-စာအုပ်။	la hoja de palma / el manuscrito plegado / el libro vacío / sin nada / sin ninguna letra / en que no se ha escrito nada.	the palm leaf / folded manuscript / book that is empty / bare / without any letters / on which nothing has been written.	စားလုံးဝ read as စာလုံးဝ (misprint); ပုရပိုက် = parabaik, rendered 'folded manuscript'
138114	rittakaraṇḍa	အချီးနှီး-ဗလာဖြစ်-သော-ပန်းတောင်း-ပန်းကပ်-ကလပ်-ကြုတ်။	la cesta de flores / la bandeja de flores / la bandeja con pie / el cofre vacío / sin nada.	the flower basket / flower tray / footed tray / casket that is empty / bare.	ပန်းကပ်, ကလပ် rendered tentatively
138122	rittapurisa	(ဈာန်,မဂ်,ဖိုလ်မှ) အချီးနှီး-ဗလာဖြစ်-(ဈန်,မဂ်,ဖိုလ် တရားလုံးဝ-မရှိ-မရ)သော ယောက်ကျား။	el hombre vacío / sin nada (de *jhāna*, *magga*, *phala*) (que no tiene / no ha obtenido en absoluto los estados de *jhāna*, *magga*, *phala*).	a man empty / bare (of *jhāna*, *magga*, *phala*) (who has not / has not obtained at all the states of *jhāna*, *magga*, *phala*).	ဈန် read as ဈာန် (misprint)
138126	rittamuṭṭhi	အချီးနှီး-ဗလာဖြစ်-သော လက်ဆုပ်။	el puño vacío / sin nada.	a fist that is empty / bare.	no label
138127	rittamuṭṭhisadisa	အချီးနှီး-ဗလာဖြစ်-သော လက်ဆုပ်နှင့် တူသော။	semejante a un puño vacío / sin nada.	like a fist that is empty / bare.	no label
138129	rittassāda	အချီးနှီး-ကင်းဆိတ်-ဗလာဖြစ်-သော-သက်သော-သာယာ-ခြင်းရှိသော။	que tiene un deleite / un gusto vacío / desprovisto / sin nada.	having an enjoyment / delight that is empty / void / bare.	သက်သော unclear (misprint for သက်သာ?); rendered with သာယာ as 'enjoyment / delight'
138134	ripu	ရန်သူ။	enemigo.	enemy.	no label
138136	risa	ရိသသဒ္ဒါ။	la palabra *risa*.	the word *risa*.	no label
138141	rīti	(၁) ကြေးဝါ၊ တေးခပ်ပြာ။ (၂) အစဉ်။	(1) latón; ‹တေးခပ်ပြာ›. (2) orden / secuencia.	(1) brass; ‹တေးခပ်ပြာ›. (2) order / sequence.	တေးခပ်ပြာ unclear (a bluish bronze? misprint for ကြေး-?); left in Burmese
138143	ruṁ	ရုံဟူသော အသံ။	el sonido *ruṁ*.	the sound *ruṁ*.	no label
138144	ruṁ	ရုံ-အက္ခရာ။	la letra *ruṁ*.	the letter *ruṁ*.	no label
138145	rukkha	(၁) သစ်ပင်။ (၂) သစ်သား။ (၃) ကြမ်းတမ်းသောဝတ္ထု။ (၄) ရုက္ခသုတ်၊ ရုက္ခမူလိကသုတ်။	(1) árbol. (2) madera. (3) cosa áspera. (4) el *Rukkhasutta*; el *Rukkhamūlikasutta*.	(1) tree. (2) wood. (3) a rough thing. (4) the *Rukkhasutta*; the *Rukkhamūlikasutta*.	label တိ (adjective) though senses (1), (2), (4) are nouns
138148	rukkhakaṇikāra	အပင်မျိုးဖြစ်သော မဟာလှေကားပင်။	el árbol ‹မဟာလှေကား›, que es de especie arbórea.	the ‹မဟာလှေကား› tree, which is of the tree kind.	plant name left in Burmese (kaṇikāra; tentatively Pterospermum acerifolium)
138149	rukkhakaliṅgara	သစ်သားတို၊ သစ်သားစ၊ သစ်သားအသေးအဖွဲ။	trozo corto de madera; astilla de madera; pedacitos de madera.	a short piece of wood; a chip of wood; small bits of wood.	no label
138150	rukkhakal̤iṅgara	သစ်သားတို၊ သစ်သားစ၊ သစ်သားအသေးအဖွဲ။	trozo corto de madera; astilla de madera; pedacitos de madera.	a short piece of wood; a chip of wood; small bits of wood.	no label
138155	rukkhakhāṇu	သစ်ငုတ်။	tocón.	tree stump.	no label
138157	rukkhapahana	သစ်တော-သစ်ပင်-တို့ဖြင့် ဝင်နိုင်ခဲသောအရပ်။	lugar de difícil entrada a causa del bosque / los árboles.	a place hard to enter because of forest / trees.	headword rukkhapahana probably for rukkhagahana
138161	rukkhaṅkura	သစ်ညွှန့်၊ သစ်ပင်၏-အညွန့်-အညှောက်။	brote de árbol; el brote / el retoño de un árbol.	a tree shoot; the shoot / sprout of a tree.	no label
138163	rukkhaṅgapañha	သစ်ပင်၏-အင်္ဂါ-အစိတ်အပိုင်း-ကို မေးသည့်-အမေးပုစ္ဆာ-ပြဿနာ။	la pregunta / el problema que interroga sobre los miembros / las partes de un árbol.	the question / problem asking about the limbs / parts of a tree.	label တိ (adjective) though the gloss is a noun
138167	rukkhacchalli	သစ်ခွံ၊ သစ်ခေါက်။	corteza de árbol; corteza.	tree bark; bark.	no label
138170	rukkhacchāyā	သစ်ပင်၏ အရိပ်၊ သစ်ပင်ရိပ်၊ သစ်ရိပ်။	la sombra de un árbol; sombra de árbol; sombra de los árboles.	the shade of a tree; tree shade; the shade of trees.	no label
138171	rukkhachāyā	သစ်ပင်၏ အရိပ်၊ သစ်ပင်ရိပ်၊ သစ်ရိပ်။	la sombra de un árbol; sombra de árbol; sombra de los árboles.	the shade of a tree; tree shade; the shade of trees.	no label
138172	rukkhacchedaka	သစ်ပင်ကို-ဖြတ်-ချိုင်-တတ်သော၊ သူ။	que suele cortar / talar árboles (dicho de una persona).	apt to cut / fell trees (said of a person).	no label
138173	rukkhacchedana	(၁) သစ်ပင်ကို-ဖြတ်-ချိုင်-သော၊ သူ။ (န)  «S1» (၂) သစ်ပင်ကို-ဖြတ်-ချိုင်-ခြင်း။ (၃) သစ်ပင်ကို-ဖြတ်-ချိုင်-ရာ (အခါ,ကာလ)။	(1) que corta / tala árboles (dicho de una persona). (neutro) Véase [[rukkhacchedanavatthu]]. (2) el cortar / talar árboles. (3) (el momento, el tiempo) en que se cortan / talan árboles.	(1) that cuts / fells trees (said of a person). (neuter) See [[rukkhacchedanavatthu]]. (2) cutting / felling trees. (3) (the time, the period) when trees are cut / felled.	no label
138174	rukkhacchedanavatthu	ရုက္ခစ္ဆေဒနဝတ္ထု၊သစ်ပင်ကို-ဖြတ်-ချိုင်-သော ရဟန်းတို့၏ ဝတ္ထု။	el *rukkhacchedanavatthu*; el relato de los monjes que cortaban / talaban árboles.	the *rukkhacchedanavatthu*; the story of the monks who cut / felled trees.	no label
138185	rukkhaṭṭha	သစ်ပင်၌တည်သော၊ သစ်ပင်ပော်၌တည်-သော။	que está en un árbol; que está sobre un árbol.	standing in a tree; standing on a tree.	ပော် read as ပေါ် 'on' (misprint)
138186	rukkhaṭṭhaka	သစ်ပင်၌တည်သော၊ သစ်ပင်ပော်၌ဖြစ်သော။ «S1»	que está en un árbol; que se da sobre un árbol. Véase [[rukkhapaṭibaddha]].	standing in a tree; occurring on a tree. See [[rukkhapaṭibaddha]].	ပော် read as ပေါ် 'on' (misprint)
138187	rukkhaṭṭhakadibbavimāna	သစ်ပင်-သစ်ကိုင်းသစ်ခက်-၌ တည်သော နတ်ဘုံ ဗိမာန်။	la *bhūmi* y *vimāna* de los *deva* situado en un árbol / en las ramas y ramitas.	the *deva* *bhūmi* and *vimāna* situated in a tree / on its branches and twigs.	no label; ဘုံဗိမာန် (abode-mansion) rendered as ⟦=bhūmi⟧ and ⟦=vimāna⟧
138188	rukkhaṭṭhakavimāna	သစ်ပင်၌ တည်သော ဘုံဗိမာန်၊ သစ်ပင်ပော်၌ တည်သော ဘုံဗိမာန်။ «S1»	la *bhūmi* y *vimāna* situado en un árbol; la *bhūmi* y *vimāna* situado sobre un árbol. Véase [[rukkhapaṭibaddha]].	the *bhūmi* and *vimāna* situated in a tree; the *bhūmi* and *vimāna* situated on a tree. See [[rukkhapaṭibaddha]].	ဘုံဗိမာန် rendered as ⟦=bhūmi⟧ and ⟦=vimāna⟧; ပော် read as ပေါ်
138191	rukkhataca	သစ်ခွံ,သစ်ခေါက်။	corteza de árbol, corteza.	tree bark, bark.	no label
138192	rukkhattaca	သစ်ခွံ,သစ်ခေါက်။	corteza de árbol, corteza.	tree bark, bark.	no label
138193	rukkhatacavattha	လျော်တေ၊ သစ်ခွံ-သစ်ခေါက်-ဖြင့်-ပြီး-ယက်လုပ်-သော-အဝတ်-အထည်။	‹လျော်တေ›; la ropa / la tela hecha / tejida con corteza de árbol / corteza.	‹လျော်တေ›; clothing / cloth made / woven from tree bark / bark.	no label; လျော်တေ (a coarse fibre cloth?) left in Burmese; -ပြီး- read as part of 'made' (ပြုလုပ်?)
138194	rukkhattacavattha	လျော်တေ၊ သစ်ခွံ-သစ်ခေါက်-ဖြင့်-ပြီး-ယက်လုပ်-သော-အဝတ်-အထည်။	‹လျော်တေ›; la ropa / la tela hecha / tejida con corteza de árbol / corteza.	‹လျော်တေ›; clothing / cloth made / woven from tree bark / bark.	no label; လျော်တေ (a coarse fibre cloth?) left in Burmese; -ပြီး- read as part of 'made' (ပြုလုပ်?)
138195	rukkhatacchana	(၁) သစ်သ-သစ်ပင်-ကို-ဖြတ်-ရွေ-ခြင်း။ (၂) သစ်-သစ်ပင်-ကို-ဖြတ်-ရွေ-ရာ။ «S1»	(1) el cortar / cepillar madera / árboles. (2) el lugar donde se corta / cepilla madera / árboles. Véanse [[rukkhatacchanakāla]], [[rukkhatacchanaṭhāna]].	(1) cutting / planing wood / trees. (2) the place where wood / trees are cut / planed. See [[rukkhatacchanakāla]], [[rukkhatacchanaṭhāna]].	သစ်သ read as သစ် (misprint)
138201	rukkhathambha	သစ်တိုင်၊ သစ်သားတိုင်။	poste de madera; pilar de madera.	wooden post; timber pillar.	no label
138204	rukkhadevatā	သစ်ပင်၌ တည်သောနတ်။ သစ်ပင်စောင့်နက်။	*deva* que mora en un árbol. *deva* guardián de árbol.	a *deva* abiding in a tree. A tree-guardian *deva*.	နက် read as နတ် (misprint)
138209	rukkhanimitta	ရုက္ခနိမိတ်၊ သစ်ပင်နိမိတ်၊ သစ်ပင်အမှတ်အသား။ မူရင်းကြည့်ပါ။	el *rukkhanimitta*; el *nimitta* de árbol; la señal de árbol. Véase el original.	the *rukkhanimitta*; the tree *nimitta*; the tree mark. See the original.	'see the original' rendered literally
138212	rukkhantara	(၁) သစ်ပင်၏-အကြား-အလတ်၊ သစ်ပင်-ကြို-ကြား၊ သစ်ပင်လယ်။ (၂) သစ်ပင်အထူး။	(1) el espacio / el medio entre los árboles; el hueco / el intervalo entre árboles; entre los árboles. (2) un árbol distinto.	(1) the space / middle between trees; the gap / interval between trees; among the trees. (2) a distinct tree.	(2) သစ်ပင်အထူး 'a special / distinct tree' (antara = other)
138228	rukkhapāṇikā	(ပန်းရံသုံး) သစ်သားလက်၊ သစ်လက်။	(usada por los albañiles) mano de madera; mano de madera.	(used by masons) wooden hand; wood hand.	a mason's tool, probably a wooden float / trowel
138231	rukkhapāroha	သစ်ပင်၏-ပါးပျဉ်း-မြစ်ပျဉ်း။	los contrafuertes / las raíces tabulares de un árbol.	the buttresses / buttress roots of a tree.	pāroha usually 'aerial root, offshoot'; the Burmese has buttress roots
138237	rukkhabila	သစ်ခေါင်း၊ သင်ပစ်၏-အပေါက်-အခေါင်း။	hueco de árbol; el agujero / el hueco de un árbol.	a tree hollow; the hole / hollow of a tree.	သင်ပစ် read as သစ်ပင် (misprint)
138240	rukkhamūla	(၁) သစ်ပင်၏ အနီး။ (မွန်းတည့်ချိန်၌ သစ်ပင်ရိပ်ကျရောက်၍ လေတိတ်သော အခါ၌ သစ်ရွက်များ ကျရာအရပ်)။ (၂) သစ်ပင်ရင်း၊ သစ်ပင်အောက်။ (၃) သစ်ပင်ရင်းတည်းဟူသော ကျောင်း။	(1) la proximidad de un árbol (el lugar donde caen las hojas cuando, al mediodía, cae la sombra del árbol y el viento está en calma). (2) el pie del árbol; debajo del árbol. (3) la morada que es el pie de un árbol.	(1) the vicinity of a tree (the place where the leaves fall when, at noon, the tree's shade falls and the wind is still). (2) the foot of a tree; beneath a tree. (3) the dwelling that is the foot of a tree.	no label; ကျောင်း (senāsana) rendered 'morada / dwelling'
138246	rukkhamūlikaṅga	သစ်ပင်၏-အနီး-အောက်-၌ နေလေ့ရှိသော သူ၏ အကြောင်း၊ ရုက္ခမူဓုတင်။ မူရင်းကြည့်ပါ။	la causa de quien suele morar junto a / bajo un árbol; el *rukkhamūladhutaṅga*. Véase el original.	the cause of one in the habit of dwelling near / under a tree; the *rukkhamūladhutaṅga*. See the original.	'see the original' rendered literally; အကြောင်း here glosses aṅga (factor)
138247	rukkharāsi	သစ်ပင်တို့၏-အပေါင်း-အစုအဝေး။	el conjunto / la agrupación de árboles.	the collection / assemblage of trees.	no label
138248	rukkharuhā	ကျီးပေါင်း။	‹ကျီးပေါင်း›.	‹ကျီးပေါင်း›.	plant name left in Burmese (a parasitic plant on trees, tentatively Loranthus)
138253	rukkhavati	သစ်သားဝင်းထရံ၊ သစ်ပင်-သစ်သား-ဟူသော-စည်း-စောင်ရန်း။	cerca de madera; el cerco / la empalizada que es de árboles / de madera.	a wooden fence; the fence / enclosure that is of trees / of wood.	စောင်ရန်း unclear (misprint?); rendered 'enclosure'
138258	rukkhaviṭapantara	သစ်ခွကြား၊ သစ်ပင်၏ ခွကြား။	el hueco de la horcadura de árbol; el hueco de la horcadura de un árbol.	the space in a tree fork; the space in the fork of a tree.	no label
138260	rukkhavinibaddha	သစ်ပင်ကို ဖွဲ့ချည်ကြောင်းဖြစ်သော။ «S1»	que sirve para atar a un árbol. Véase [[rukkhavinibaddharajju]].	that serves to tie to a tree. See [[rukkhavinibaddharajju]].	no label
138262	rukkhavirahita	သစ်ပင်-မှ-ကင်း-မရှိ-သော။	libre de / sin árboles.	free from / without trees.	no label
138266	rukkhavecacana	ရုက္ခသဒ္ဒါ၏-ဝေဝုစ်-ပရိယာယ်-စကားလှယ်။	el sinónimo / *pariyāya* / la palabra sustituta de la palabra *rukkha*.	the synonym / *pariyāya* / substitute word of the word *rukkha*.	ဝေဝုစ် (vevacana) rendered 'synonym'
138267	rukkhavohāra	(က) သစ်ပင်ဟူသော-အမည်-ဝေါဟာရ။ (ခ) သစ်ပင်ဟု ခော်ဝော်ခြင်း။	(a) el nombre / el término «árbol». (b) el llamar «árbol».	(a) the name / term 'tree'. (b) calling (it) 'tree'.	ခော်ဝော် read as ခေါ်ဝေါ် (misprint)
138268	rukkhasakuṇanaya	ရုက္ခသကုဏနည်း။ (ငှက်သည် မိမိနားသော သစ်ပင်မရှိသော် လူကပြောင်းရွှေ့မပေးရဘဲ သူ့အလိုလိုသာလျှင် အခြားသစ်ပင်သို့ ပြောင်းရွှေ့နားနေသကဲ့သို့ နိဂ္ဂဟိတ်သည်လည်း မိမိမှီရာ သရမရှိသည်ရှိသော် သုတ်ဖြင့် မကပ်ရဘဲ အနီးရှိ အခြားသရတစ်လုံးသို့ သူ့အလိုလိုကပ်သည်ကို ဆိုကြောင်းဖြစ်သော နည်း)။	el *rukkhasakuṇanaya* (el método que expresa que, así como un pájaro, cuando no tiene árbol en que posarse, sin que nadie lo traslade, por sí solo se muda a otro árbol y se posa en él, así también el *niggahīta*, cuando no hay vocal en que apoyarse, sin ser unido por una regla, se une por sí solo a otra vocal cercana).	the *rukkhasakuṇanaya* (the method that states that, just as a bird, when there is no tree for it to perch on, without anyone moving it, of its own accord moves to another tree and perches there, so too the *niggahīta*, when there is no vowel for it to rest on, without being attached by a rule, attaches of its own accord to another vowel nearby).	သုတ် here = a grammatical rule (sutta), rendered 'regla / rule'
138270	rukkhasaṅghātamaya	သစ်သား-အသား-အပေါင်း-ပေါင်းစုံ-ဖြင့်-ပြီး-ပြုလုပ်အပ်-ဆောက်လုပ်အပ်-သော။	acabado / hecho / construido con un conjunto / ensamblaje de maderas.	finished / made / built from an assemblage / combination of timbers.	the alternatives သစ်သား-အသား (wood / timber) rendered once as 'maderas / timbers'
138275	rukkhasamudācāra	သစ်ပင်ဟူသော-ဝေါဟာရ-ခော်ဝော်ပြောဆိုခြင်း။ (သစ်ပင်၏ အမည်ကို နတ်၌ တင်စား၍ ခော်ဝော်ပြောဆိုခြင်း)။	el término / el llamar y decir «árbol». (el llamar y decir aplicando en sentido figurado el nombre del árbol al *deva*).	the term / calling and saying 'tree'. (calling and saying by figuratively applying the name of the tree to the *deva*).	no label; ခော်ဝော် read as ခေါ်ဝေါ် (misprint)
138280	rukkhasākhāchedana	သစ်ကိုင်း-သစ်ခတ်-ကို-ဖြတ်-ချိုင်-ခြင်း။	el cortar / talar ramas / ramitas.	cutting / chopping branches / twigs.	သစ်ခတ် read as သစ်ခက် (misprint)
138286	rukkhasunakha	(၁) သစ်တက်ခွေး။ (၂) ရှဉ့်နက်။	(1) perro trepador de árboles. (2) ardilla negra.	(1) tree-climbing dog. (2) black squirrel.	(1) သစ်တက်ခွေး literally 'tree-climbing dog' (a civet or similar?)
138289	rukkhasūci	သစ်သားတံခါးချင် (ကျင်)၊ သစ်သားတံကျင်၊ သစ်သားမင်းတုပ်။	cerrojo de madera para puerta; tranca de madera; barra transversal de madera.	wooden door bolt; wooden bar; wooden cross-bar.	the printed correction တံခါးချင် (ကျင်) not reproduced; မင်းတုပ် read as a cross-bar
138290	rukkhasūcidvāra	သစ်သား တံခါးချင်(ကျင်) သစ်သား တံကျင်-သစ်သား မင်းတုပ်-ကို-သွင်း-လျှူိ-၍ ပြုလုပ်အပ်သော တံခါး။ (ဝဲယာနှစ်ဘက်တွင် တိုင်စိုက်၍ ၎င်းတိုင်တို့၌ အပေါက်ဖောက်ကာ အလယ်၌ တံကျင် နှစ်ချောင်းသော်လည်းကောင်း၊ သုံးချောင်းသော်လည်းကောင်း လျှူိ၍ ပြုလုပ်အပ်သော တံခါး၊ ယခုခေတ် တောရွာရှိ နွားခြံစသည်တို့၌ အသုံးပြုကြသေးသည်)။	puerta hecha insertando / pasando cerrojos de madera / trancas de madera / barras transversales de madera. (puerta hecha plantando postes a ambos lados, izquierdo y derecho, perforando esos postes y pasando por el medio dos o tres trancas; todavía se usa hoy en los corrales de ganado y demás de las aldeas del bosque).	a door made by inserting / threading wooden bolts / wooden bars / wooden cross-bars. (a door made by planting posts on both sides, left and right, boring holes in those posts and threading two or three bars through the middle; still used nowadays in cattle pens and the like in forest villages).	the printed correction တံခါးချင်(ကျင်) not reproduced; မင်းတုပ် read as a cross-bar
138293	rukkhasobhā	သစ်သားတို့၏ လှပတင့်တယ်ခြင်း။	la belleza y el esplendor de las maderas.	the beauty and splendour of timbers.	သစ်သား 'wood' perhaps for သစ်ပင် 'tree' (headword rukkhasobhā)
138294	rukkhādani	ကျီးပေါင်း။	‹ကျီးပေါင်း›.	‹ကျီးပေါင်း›.	plant name left in Burmese (a parasitic plant on trees, tentatively Loranthus)
138299	rukkhāroha	သစ်ပင်ပော်သို့ တက်သော သူ။ သစ်ပင်တက် သမား။	quien sube a un árbol. Trepador de árboles.	one who climbs up a tree. A tree climber.	ပော် read as ပေါ် (misprint)
138300	rukkhārohana	သင်ပင်ပေါ်သိ့ တက်ခြင်း။ တာဝ တာသံ လတာနံ ဥဇုကံ ရုဗ္ဏာရောဟနံ ဝိယ။ အဋ္ဌ၊ ၂။ ၁၉၂။	el subir a un árbol. *tāva tāsaṁ latānaṁ ujukaṁ rubṇārohanaṁ viya*.	climbing up a tree. *tāva tāsaṁ latānaṁ ujukaṁ rubṇārohanaṁ viya*.	misprints in the Burmese (သင်ပင်ပေါ်သိ့ for သစ်ပင်ပေါ်သို့) and in the quotation (ရုဗ္ဏာ- for ရုက္ခာ-?), copied as printed; citation dropped
138302	rukkhālaka	သစ်သား-ကိုက်-ညှပ်။ (ကောက်သော သစ်ဝါးတို့ကို ဖြောင့်ဖို့ရန် သစ်သားဖြင့် ပြုလုပ်အပ်သော-ကိုက်-(ညှပ်)-ကို "ရုက္ခလက"ဟု ခော်သည်)။	prensa / tenaza de madera. (La prensa (tenaza) hecha de madera para enderezar maderas y bambúes torcidos se llama «*rukkhalaka*»).	wooden press / clamp. (The press (clamp) made of wood for straightening crooked timber and bamboo is called '*rukkhalaka*').	ကိုက် (a straightening jig?) rendered tentatively as 'press'; ခော် read as ခေါ်
138308	rukkhopama	ရုက္ခောပမသုတ်၊ (သစ်ပင်လျှင် ဥပမာရှိသော သုတ်။ (သစ်ပင်ကို ဥပမာပြု၍ ဟောအပ်သောသုတ်)။	el *Rukkhopamasutta*; (el sutta que tiene por símil un árbol. (el sutta expuesto tomando el árbol como símil).	the *Rukkhopamasutta*; (the sutta having a tree as simile. (the sutta taught taking the tree as a simile).	bracket not closed; label တိ (adjective) though the gloss is a noun
138310	ruca	(ပု) (၁) ထွန်းလင်းတောက်ပခြင်း (န) ရုစဂ္ဂတိ-ကြည့်။ (၂) ရွှေတုံးရွှေခဲ။ (၃) ရုစမည်သော၊ သူ။ (ပု)	(masculino) (1) el resplandecer. (neutro) Véase [[rucaggati]]. (2) lingote de oro, pepita de oro. (3) llamado *ruca* (dicho de una persona). (masculino)	(masculine) (1) shining. (neuter) See [[rucaggati]]. (2) gold ingot, gold nugget. (3) named *ruca* (said of a person). (masculine)	'see X' left in the Burmese, rendered; gender labels placed as printed
138311	rucaka	(န) (၁) ရွှေတုံး,ရွှေခဲ၊ ရွှေပျဉ်ချပ်,ရွှေချပ်,ရွှေပြား။ «S1» (၂) နှစ်သက်-အပ်-ဖွယ်ဖြစ်-သော။ (ပု) (၃) ရှောက်၊ရှုေကကြီး။ (န)	(neutro) (1) lingote de oro, pepita de oro; plancha de oro, lámina de oro, hoja de oro. Véase [[ruca]] (2). (2) que agrada / agradado / digno de agrado. (masculino) (3) ‹ရှောက်›, ‹ရှုေကကြီး›. (neutro)	(neuter) (1) gold ingot, gold nugget; gold plate, gold sheet, gold leaf. See [[ruca]] (2). (2) pleasing / liked / delightful. (masculine) (3) ‹ရှောက်›, ‹ရှုေကကြီး›. (neuter)	(3) plant names left in Burmese (tentatively citron / lime); ရှုေကကြီး garbled, probably ရှောက်ကြီး; gender labels placed as printed
138318	rucādevatā	ရုစာ ရ ၆ “၄ ချာ ဟု၍။ “ မည်သော မင်္ဂလာသစ်ပင်၌-ဖြစ်-စောင့်သောနတ်၊ (ရုက္ခစိုးနတ်မင်း)။ တဒါ ရုစာဒေဝတာ အာနန္ဒော အဟောသိ။ ဇာ၊ ဋ္ဌ၊ ၁။ ၄၆၉။	el *deva* que surge en / custodia el árbol auspicioso llamado *rucā*; (el rey *deva* que gobierna el árbol). *tadā rucādevatā ānando ahosi*.	the *deva* arising in / guarding the auspicious tree named *rucā*; (the *deva* king ruling the tree). *tadā rucādevatā ānando ahosi*.	garbled OCR after ရုစာ ('ရ ၆ “၄ ချာ ဟု၍။ “') omitted; citation dropped
138320	ruci	(၁) နှစ်သက်တတ်သော (က) ပညာ၊ (ခ) အယူ၊ (ဂ) အလိုဆန္ဒ၊ (၂) နှစ်သက်-အပ်-ဖွယ်ကောင်း-သော သာသနာ။ (၃) နှစ်သက်အပ်သော အယူ (မိစ္ဆာအယူ)။ (၄) ကောင်းသော။ (၅) အရောင်။ (၆) နှစ်သက်ခြင်း။ (၇) အလွန်မွေ့လျော်ခြင်း။ (၈) ဖြူသော အဆင်း။ (၉) ရှုချင်စဖွယ်-ဖြစ်-ရှိ-သော။ မူရင်းကြည့်ပါ။	(1) (a) la *paññā*, (b) la opinión, (c) el deseo (*chanda*), que suelen complacerse; (2) la *sāsana* apreciada / agradable / digna de agrado. (3) la opinión apreciada (opinión falsa). (4) bueno. (5) brillo. (6) el agrado. (7) el deleitarse sobremanera. (8) aspecto blanco. (9) que es / resulta / tiene algo atractivo de ver. Véase el original.	(1) (a) *paññā*, (b) view, (c) wish (*chanda*), that are apt to delight; (2) the *sāsana* that is liked / pleasing / delightful. (3) a view that is liked (wrong view). (4) good. (5) lustre. (6) delight. (7) great enjoyment. (8) white appearance. (9) that is / becomes / has what is attractive to look at. See the original.	'see the original' rendered literally
138321	ruci	(၁) (ကောဏ္ဍည ဘုရားလောင်း၏) ရုစိမည်သော ကြင်ယာတော် (မိဖုရား)။ (၂) (သုစိန္တိတထေရ်၏ အလောင်း။ (၃) (ဝေဿဘူဘုရားလောင်း၏) ရုစိမည်သော ပြာသာဒ်။	(1) (del *bodhisatta* *koṇḍañña*) la consorte (reina) llamada *ruci*. (2) (existencia anterior del *thera* *sucintita*. (3) (del *bodhisatta* *vessabhū*) el palacio llamado *ruci*.	(1) (of the *bodhisatta* *koṇḍañña*) the consort (queen) named *ruci*. (2) (a former existence of the *thera* *sucintita*. (3) (of the *bodhisatta* *vessabhū*) the palace named *ruci*.	no label; (2) bracket not closed
138324	rucika	(၁) နှစ်သက်အပ်သော။ (ပု) (၂) နှစ်သက်ခြင်း။	(1) apreciado. (masculino) (2) el agrado.	(1) liked. (masculine) (2) delight.	no label
138338	rucimantu	နှစ်သက်ဖွယ်-အရောင်-အဆင်း-ရှိသော (မလင်္ဂဘုရားလောင်း၏) ရုစိမာပြာသာဒ်။	que tiene agradable brillo / aspecto: (del *bodhisatta* *malaṅga*) el palacio *rucimā*.	having delightful lustre / appearance: (of the *bodhisatta* *malaṅga*) the palace *rucimā*.	⟦မလင်္ဂ⟧ copied as printed, probably a misprint for မင်္ဂလ (Maṅgala)
138341	rucira	(ပု) (၁) ရုစိရနတ်။ (န) (၂) ရုစိရဇာတ်။ (ထီ) (၃) ရုစိရာဂါထာ။	(masculino) (1) el *deva* *rucira*. (neutro) (2) el *Rucirajātaka*. (femenino) (3) los versos *rucirāgāthā*.	(masculine) (1) the *deva* *rucira*. (neuter) (2) the *Rucirajātaka*. (feminine) (3) the *rucirāgāthā* verses.	no label
138343	ruciragatta	နှစ်သက်ဖွယ်ကောင်းသည့် ကိုယ်အင်္ဂါရှိသော၊ သူ။	que tiene un cuerpo de miembros agradables (dicho de una persona).	having a body with delightful limbs (said of a person).	no label
138348	ruciradhamma	စင်ကြယ်သော တရားရှိသော၊ သူ။	que tiene estados puros (dicho de una persona).	having pure states (said of a person).	တရား here could be 'states / qualities' or 'the Teaching'
138349	ruciranavakanakakaṭakamakuṭakuṇḍaladhara	ပြိုးပြိုးပြက်ပြက် အရောင်ရှိ၍ သစ်လွင်သည့် ရွှေလက်ကောက်,မကိုင်သရဖူ,နားတောင်း ဝတ်ဆင်သော၊ သူ။	que lleva brazaletes de oro, corona y adornos de oreja, nuevos y de color centelleante (dicho de una persona).	wearing gold bracelets, a crown and ear ornaments, new and of glittering colour (said of a person).	no label
138352	ruciravel̤uriya	နှစ်သက်ဖွယ် ကောင်းသော ကြောင်မျက်ရွှဲတိုင်(=သီတိုင်)တို့ဖြင့်-ပြီး-ဆောက်လုပ်အပ်-သော၊ (သုဓမ္မာသဘင်)။	(la sala de asamblea *sudhammā*) acabada / construida con agradables pilares de ojo de gato (= ‹သီတိုင်›).	(the *sudhammā* assembly hall) finished / built with delightful cat's-eye pillars (= ‹သီတိုင်›).	သီတိုင် unclear, left in Burmese
138353	rucirasobha	နှစ်သက်ဖွယ်ကောင်း၍ တင့်တယ်သော၊ တင့်တယ်ကောင်းမြတ်သော။	agradable y hermoso; hermoso y excelente.	delightful and comely; comely and excellent.	no label
138356	ruccati	(၁) နှစ်သက်-အလိုရှိ-၏။ (၂) အပ်စပ်-သင့်လျော်-၏။	(1) se complace / desea. (2) es adecuado / conveniente.	(1) delights / wishes. (2) is fitting / suitable.	no label
138357	ruccati	နှစ်သက်-အလိုရှိ-စေ၏၊ နှစ်သက်ခြင်း-အလိုဆန္ဒ-ကိုဖြစ်စေ၏။	hace complacerse / desear; produce el agrado / el deseo (*chanda*).	causes to delight / to wish; produces delight / wish (*chanda*).	no label
138363	ruccanaka	(၁) နှစ်သက်-အလိုရှိ-အပ်သော။ (န) (၂) နှစ်သက်-အလိုရှိ-အပ်သော။ (န) (၂) နှစ်သက်-အလိုရှိ-အပ်ရာ (ဌာန)။ (န)  «S1»	(1) querido / deseado. (neutro) (2) querido / deseado. (neutro) (2) aquello en que uno se deleita / que uno desea (lugar). (neutro) Véase [[ruccanakaṭhāna]].	(1) delighted in / wished for. (neuter) (2) delighted in / wished for. (neuter) (2) that which is delighted in / wished for (place). (neuter) See [[ruccanakaṭhāna]].	sense (2) printed twice, the first apparently a repeat of (1); kept as printed
138371	ruccasi	နှစ်သက်-အလိုရှိ-၏။ «S1»	se deleita / desea. Véase [[ruccati]].	delights / wishes. See [[ruccati]].	headword is 2nd person (-si); the Burmese does not mark person, rendered 3rd
138372	ruccāma	နှစ်သက်-အလိုရှိ-ကုန်၏။ «S1»	nos deleitamos / deseamos. Véase [[ruccati]].	we delight / wish. See [[ruccati]].	1st person plural headword (-āma) rendered in the 1st person; the Burmese has ကုန်၏
138378	ruccissati	နှစ်သက်က-အလိုရှိ-လတ္တံ့။	se deleitará / deseará.	will delight / wish.	နှစ်သက်က has a stray က, read as နှစ်သက်
138381	rucchati	ငိုလတ္တံ့။	llorará.	will weep.	present-tense headword glossed with a future (လတ္တံ့); kept as printed
138384	rujana	(၁) နာကျင်ခြင်း။ (၂) နှိပ်စက်ညှဉ်းဆဲ-တတ်သည်၏အဖြစ်-ခြင်း။	(1) el sentir dolor. (2) el hecho de soler oprimir / atormentar.	(1) being in pain. (2) the state of being apt to oppress / torment.	(2) ends -အဖြစ်-ခြင်း, a redundant double nominaliser; rendered once
138391	rujjaka	စောင်းတီးသမား၊ စောင်းသမား၊ (စောင်းသံကို မြည်စေတတ်-(စောင်း) တီးတတ်-သူ။	tañedor de arpa; arpista; (el que suele hacer sonar el arpa / suele tañer (el arpa).	harp player; harpist; (one who is apt to make the harp sound / apt to play (the harp).	no word-class label; the outer bracket is never closed in the print; စောင်း is the Burmese harp
138394	rujjanaṭṭha	နာကျင်တတ်သော-အနက်-သဘော။	el significado / sentido de soler doler.	the meaning / sense of being apt to hurt.	hyphens here chain adjective and noun rather than alternatives; read as 'the meaning / sense "apt to hurt"'
138397	rujjanākāra	နာကျင်ကုန်၏။	sienten dolor.	they are in pain.	gloss (a plural verb, 'they are in pain') does not fit the masculine noun -ākāra; possibly misplaced from rujjanti
138399	rujjhati	(၁) ပိတ်ဆို့-ချုပ်-၏။ (၂) နာကျင်-ကိုက်ခဲ-၏။ ထိုးကျင့်-ဆင်းရဲ-ခြင်းကို ဖြစ်စေ၏။	(1) se obstruye / se detiene. (2) duele / da punzadas. Produce punzadas / sufrimiento.	(1) is obstructed / is stopped. (2) hurts / aches. Produces stinging / suffering.	ထိုးကျင့် read as ထိုးကျင် 'stinging pain'
138408	ruṇṇamukha	ငိုယိုသူ၊ ငိုသော မျက်နှာရှိသော၊ သူ။ မျက်ရည်နှင့် မျက်ခွက်ရှိသူ။	el que llora; que tiene el rostro lloroso (dicho de una persona). El que tiene lágrimas en las cuencas de los ojos.	one who weeps; having a weeping face (said of a person). One who has tears in the eye sockets.	မျက်ရည်နှင့် မျက်ခွက်ရှိသူ literally 'one having tears and eye sockets'; read as tear-filled eyes
138411	rutajānanasattha	(သားငှက်တို့၏) အသံကို-သိရာ-သိ-ကြောင်း-ဖြစ်သော-ကျမ်းဂန်။	tratado que es aquello por lo que se conoce / se conoce / la causa de conocer el sonido (de los animales y las aves).	treatise that is that by which one knows / knows / the cause of knowing the sounds (of beasts and birds).	hyphenated chain သိရာ-သိ-ကြောင်း rendered as printed; the middle element looks redundant
138415	rutti	သားရေအိတ်၊ ဖားဖို၊ ရွတ်တီး။ မူရင်းကြည့်ပါ။	odre de cuero; fuelle; ‹ရွတ်တီး›. Véase el original.	leather bag; bellows; ‹ရွတ်တီး›. See the original.	‹ရွတ်တီး› unidentified (perhaps a transliterated foreign word); 'see the original' rendered literally
138418	rudati	(၁) ငို၏။ (၂) (က) (အသံပြုလျက်)-ငိုကြွေး-မြည်တမ်း-ညီးတွား-၏။ မျက်ရည်ကို ယိုစေ၏။ စီး-ယို မျက်ရည မြည်တမ်း၏။ (ခ) သည်းခံ၏။ «S1»	(1) llora. (2) (a) (con voz) llora a gritos / se lamenta / gime. Hace brotar las lágrimas. Corren / brotan las lágrimas, se lamenta. (b) soporta. Véase también [[ruṇṇa]].	(1) weeps. (2) (a) (aloud) wails / laments / moans. Makes tears flow. Tears run / flow, laments. (b) endures. See also [[ruṇṇa]].	စီး-ယို မျက်ရည မြည်တမ်း၏ garbled (မျက်ရည for မျက်ရည်); (b) သည်းခံ၏ 'endures' is unexpected under rudati, kept as printed
138431	rudda	(၁) မုဆိုး၊ (၂) (အလင်္ကာ ကျမ်းလာ) ရုဒ္ဒရသ။ (၃) ရုဒ္ဒနတ်။ (၄) ရုဒ္ဒကျမ်း။ («S1»)	(1) cazador; (2) el *ruddarasa* (que aparece en los tratados de poética). (3) el *deva* *rudda*. (4) el tratado *rudda*. (Véase también [[ludda]].)	(1) hunter; (2) the *ruddarasa* (found in the treatises on poetics). (3) the *deva* *rudda*. (4) the *rudda* treatise. (See also [[ludda]].)	မုဆိုး read as 'hunter' (it can also mean 'widower'); ရုဒ္ဒရသ is the furious sentiment (raudra rasa) of poetics
138435	rudradāma	ရုဒြဒါမ မည်သော၊ သူ။ (ရုဒြဒါမဘုရင်)။ မူရင်းကြည့်ပါ။	llamado *rudradāma* (dicho de una persona). (el rey *rudradāma*). Véase el original.	called *rudradāma* (said of a person). (King *rudradāma*). See the original.	'see the original' rendered literally
138441	rudhita	(အမှတ်မရှိတစ်ခုခုသော) အနာ-အမာ။	llaga / cicatriz (una cualquiera, sin señal distintiva).	sore / scar (any one, without a distinguishing mark).	(အမှတ်မရှိတစ်ခုခုသော) unclear; read as 'some unspecified'
138460	rupitacitta	ထိပါး-နှိပ်စက်-နှောက်ရှက်-နာကျင်စေ-အပ်သော စိတ်ရှိသော၊ သူ။	que tiene una mente afectada / oprimida / molestada / hecha sufrir dolor (dicho de una persona).	having a mind affected / oppressed / troubled / made to suffer pain (said of a person).	နှောက်ရှက် read as နှောက်ယှက် 'trouble'
138462	ruppati	(၁) ဖောက်ပြန်၏။ (၂) စိုးရိမ်၏။ (၃) ထိတ်လန့်၏။ (၄) ထိပါး-အမျက်ထွက်-၏။ (၆) ထင်၏။ (၇) (မိမိအကျိုး၏ သဘောကို) ပြုတတ်၏။ မူရင်းကြည့်ပါ။	(1) se altera. (2) se inquieta. (3) se sobresalta. (4) se ofende / se enoja. (6) parece. (7) suele hacer (la naturaleza de su propio beneficio). Véase el original.	(1) is altered. (2) is anxious. (3) is startled. (4) takes offence / becomes angry. (6) appears. (7) is apt to do (the nature of its own benefit). See the original.	sense (5) missing in the print; (7) unclear; 'see the original' rendered literally
138481	rumbhanta	ပိတ်ဆိုတတ်သော။	que suele obstruir.	apt to block.	ပိတ်ဆို read as ပိတ်ဆို့
138487	ruru	(၁) (သားသမင်အမျိုး) ဆတ်သတ္တဝါ။ (၂) ရုရုမည်သော (သား) ဆတ်မင်း။ ရုရုဆတ်မင်း။ (၃) ရုရုမိဂရာဇစရိယာ။ (ထောမ-၌ သမင်အထူး။ ကောတ္ထုဘ-၌	(1) (de la especie de los venados) el animal ciervo sambar. (2) el rey de los ciervos sambar llamado *ruru*. El rey ciervo sambar *ruru*. (3) *rurumigarājacariyā*. (una especie particular de venado. En *kotthubha*	(1) (of the deer kind) the sambar deer. (2) the sambar-deer king called *ruru*. The *ruru* sambar-deer king. (3) *rurumigarājacariyā*. (a particular kind of deer. In *kotthubha*	ဆတ် taken as sambar deer, သမင် as deer (venado), tentative; source tag ထောမ dropped; text truncated after ကောတ္ထုဘ-၌ (itself probably a source tag)
138501	ruhati	(၁) စည်ပင်တုံးပွါး၏။ (၂) တည်၏။ (၃) အထက်သို့ တက်-ပေါက်ရောက်-ပေါက်ပွါး-၏။ (၄) ရောက်၏။ (၅) ပြည့်စုံ၏။ (၆) အသားနုတတ်၏။	(1) prospera / crece. (2) permanece. (3) sube / brota / se propaga hacia arriba. (4) llega. (5) se completa. (6) suele crecerle carne nueva.	(1) flourishes / grows. (2) stands. (3) rises / sprouts / spreads upward. (4) arrives. (5) is complete. (6) is apt to grow new flesh.	(1) စည်ပင်တုံးပွါး: တုံး looks like a misprint (for တိုး?), read as 'flourishes, grows'
138503	ruhana	(၁) ရောက်-ထမြောက်-အောင်မြင်-ခြင်း။ (၂) ပေါက်ရောက်-ပြကတေ့ အတိုင်းဖြစ်-ခြင်း။ (၃) အသားနုတက်ခြင်း။ (၄) ပေါက်ရောက်-စည်ပင်-ပြန့်ပွါး-ရာအရပ်။ (၄)  «S1»	(1) el llegar / el elevarse / el tener éxito. (2) el brotar / el volver al estado natural. (3) el crecer carne nueva. (4) el lugar donde brota / prospera / se extiende. (4) Véase [[ruhanaṭhāna]].	(1) arriving / rising / succeeding. (2) sprouting / returning to the natural state. (3) the growing of new flesh. (4) the place where it sprouts / flourishes / spreads. (4) See [[ruhanaṭhāna]].	sense number (4) printed twice
138505	ruhanaṭhāna	ပေါက်ရောက်က-စည်ပင်-ပြန့်ပွါး-ရာအရပ်။	el lugar donde brota / prospera / se extiende.	the place where it sprouts / flourishes / spreads.	ပေါက်ရောက်က has a stray က, read as ပေါက်ရောက်
138511	ruhā	နေစာမြက်၊ မြေစာမြက်။	‹နေစာမြက်›; ‹မြေစာမြက်›.	‹နေစာမြက်›; ‹မြေစာမြက်›.	two grass names (မြက် 'grass'); မြေစာမြက် perhaps မြေဇာမြက်, Bermuda grass (Cynodon dactylon, Skt. dūrvā), tentative; နေစာမြက် unidentified
138526	ruhiruppādakakamma	(ဘုရားရှင်အား) သွေးစိမ်း-ထွက်-တည်-အောင်ပြု-သော-ကံ-အမှု-ကိစ္စ၊ ရုတိရုပ္ပါဒကကံ။	(al Buddha) el *kamma* / acto / asunto de hacer que la sangre viva brote / se acumule; el *ruhiruppādakakamma*.	(to the Buddha) the *kamma* / deed / act of causing live blood to come out / collect; the *ruhiruppādakakamma*.	the print has ရုတိရုပ္ပါဒကကံ, read as ruhi-
138531	ruheyya	ပေါက်ရောက်-စည်ပင်-ပြန့်ပွါး-ကြီးပွါး-ရာဒ။	brotaría / prosperaría / se extendería / crecería.	would sprout / flourish / spread / grow.	ending ရာဒ read as ရာ၏
138535	rul̤hatiṇa	(၁)ကောင်းစွာဖြစ်-ပေါက်ပွါး-ပေါက်ရောက်-ကညွန့်အညှောက်ပေါက်-သောမြက်ပင်။ (တိ)  «S1» (၂) ကောင်းစွာဖြစ်-ပေါက်ပွါး-ပေါက်ရောက်-အညွန့်အညှောက်ပေါက်-သော မြက်ပင်ရှိသော။	(1) hierba bien desarrollada / brotada / crecida / que ha echado brotes y retoños. (adjetivo) Véase [[rul̤hatiṇacaraṇa]]. (2) que tiene hierba bien desarrollada / brotada / crecida / que ha echado brotes y retoños.	(1) grass well developed / sprouted / grown / that has put forth shoots and buds. (adjective) See [[rul̤hatiṇacaraṇa]]. (2) having grass well developed / sprouted / grown / that has put forth shoots and buds.	ကညွန့် in (1) read as အညွန့်
138536	rul̤hatiṇacaraṇa	ကောင်းစွာဖြစ်-ပေါက်ပွါး-ပေါက်ရောက်-အညွန့်အညှောက်ပေါက်-သော-မြက်ပော်-မြက်တော-၌-လှည့်လည်-သွားလာ-ခြင်း။	el vagar / ir y venir sobre la hierba / en el herbazal de hierba bien desarrollada / brotada / crecida / que ha echado brotes y retoños.	wandering / going about on the grass / in the grassland of grass well developed / sprouted / grown / that has put forth shoots and buds.	မြက်ပော် read as မြက်ပေါ် 'on the grass'
138540	rul̤hāhaṅkāra	အလွန်အကျူး-လွန်လွန်ကဲကဲ-စွမ်းရည်သတ္တိ လုံ့လဝီရိယရှိကြောင်းကို ပြဆိုရာ-စကား-အလင်္ကာ၊ ရဲရင့်-လုံ့လဝီရိယရှိ-ခြင်းကို ပြဆိုသော စကားတို့ဖြင့် တန်ဆာဆင်၍ ဖွဲ့ဆိုအပ်သော-ကဗျာ-လင်္ကာ-ဝါကျ။	la expresión / las palabras / la figura retórica que muestran que se tiene capacidad y esfuerzo y energía en exceso / sobremanera; la frase / el poema / verso compuesto y adornado con palabras que muestran el ser valiente / tener esfuerzo y energía.	the expression / words / figure of speech showing that one has ability and effort and energy to excess / beyond measure; the sentence / poem / verse composed and adorned with words showing being bold / having effort and energy.	hyphenated chains here mix alternatives and sequence; order of the last chain (ကဗျာ-လင်္ကာ-ဝါကျ) slightly rearranged in Spanish
138547	rul̤hī	(၁) တက်-တွင်-သော သဒ္ဒါ (အတွင်ရုဠှီသဒ္ဒါ)။ (၂) တင်စားအပ်သော သဒ္ဒါ (အတင်ရုဠှီသဒ္ဒါ)။ (၃) ထင်ရှားသော (အထင်ရုဠှီသဒ္ဒါ)။ မူရင်းကြည့်ပါ။	(1) palabra que ha surgido / se ha hecho corriente (palabra *rul̤hī* por uso corriente). (2) palabra aplicada en sentido figurado (palabra *rul̤hī* por traslación). (3) manifiesta (palabra *rul̤hī* por notoriedad). Véase el original.	(1) a word that has arisen / become current (*rul̤hī* word by currency). (2) a word applied figuratively (*rul̤hī* word by transfer). (3) evident (*rul̤hī* word by evidence). See the original.	the bracketed Burmese class names အတွင်/အတင်/အထင် ရုဠှီသဒ္ဒါ rendered by sense; 'see the original' rendered literally
138549	rūpa	(၁) ရုပ်၊ (၂) အကြောင်း။ (၃) ခန္ဓာကိုယ်။ (၄) အဆင်း။ (၅) ပုံသဏ္ဌာန်။ (၆) သဘော၊ သဘာဝ။ (၇) ရုပ်ပုံ=ရုပ်တု။ (၈) အရုပ်။ (၉) ဖောက်ပြန်သော အာရုံ။ (၁၀) ရူပတဏှာ။ (၁၁) ရူပရာဂ။ (၁၂) အတု=အတု=ပုံတူ။ (၁၃) ဖောက်ပြန်ခြင်းသဘော။ (၁၄) အရေအတွက်=အတိုင်းအရှည် အပိုင်းအခြား။ (၁၅) ထူးမရှိ။ (၁၆) ပစ္စည်း၊ ဥစ္စာ၊ ဘဏ္ဍာ။ (၁၇) အပေါင်း၊ အစု။	(1) *rūpa*; (2) causa. (3) cuerpo. (4) forma visible. (5) figura. (6) naturaleza; *sabhāva*. (7) imagen = estatua. (8) figura. (9) objeto que se altera. (10) *rūpataṇhā*. (11) *rūparāga*. (12) imitación = imitación = retrato. (13) la naturaleza de alterarse. (14) número = medida, límite. (15) ‹ထူးမရှိ›. (16) bienes; riqueza; tesoro. (17) conjunto; grupo.	(1) *rūpa*; (2) cause. (3) body. (4) visible form. (5) shape. (6) nature; *sabhāva*. (7) image = statue. (8) figure. (9) an object that alters. (10) *rūpataṇhā*. (11) *rūparāga*. (12) imitation = imitation = likeness. (13) the nature of altering. (14) number = measure, limit. (15) ‹ထူးမရှိ›. (16) goods; wealth; treasure. (17) collection; group.	(15) ထူးမရှိ 'nothing different / no distinction' unclear as a sense, left in Burmese; (12) prints အတု twice
138551	rūpa	ရူပဈာန်၊ ရူပါဝစရသမာပတ်။ ရူပသညာ ၂-အနက်လည်းကြည့်။	*rūpajhāna*; *rūpāvacarasamāpatti*. Véase también [[rūpasaññā]] (sentido 2).	*rūpajhāna*; *rūpāvacarasamāpatti*. See also [[rūpasaññā]] (sense 2).	'see also X, sense 2' left in the Burmese, rendered literally
138554	rūpa	(၁) (က) ရုပ်ရှိသော ဘဝ၊ ရူပဘဝ။ (ခ) ရူပဈာန်ရှိသော ဘဝ၊ ရူပဘဝ။ (၂) ရုပ်ရှိသော-ဗြဟ္မာ-သတ္တဝါ၊ ရူပဗြဟ္မာ။ (၃) သရုပ်အနက်။ (၄) ဥဒါဟရုပ်၊ ပုံစံ။ (၅) ပန်းထိမ်သည်၊ ပန်းထိမ်ဆရာ။ မူရင်းကြည့်ပါ။	(1) (a) existencia que tiene *rūpa*; *rūpabhava*. (b) existencia que tiene *rūpajhāna*; *rūpabhava*. (2) *brahmā* / ser que tiene *rūpa*; *rūpabrahmā*. (3) el sentido de naturaleza propia. (4) ejemplo; modelo. (5) orfebre; maestro orfebre. Véase el original.	(1) (a) existence having *rūpa*; *rūpabhava*. (b) existence having *rūpajhāna*; *rūpabhava*. (2) *brahmā* / being having *rūpa*; *rūpabrahmā*. (3) the sense of own nature. (4) example; model. (5) goldsmith; master goldsmith. See the original.	no word-class label; (3) သရုပ်အနက် read as 'the sense "own nature" (sarūpa)', unsure; 'see the original' rendered literally
138556	rūpaka	(၁) အရုပ်။ (၂) ရုပ်တူ၊ ရုပ်တု။ (၃) တူသော။ (၄) (အရာဝတ္ထုနှစ်ခုကို အတူကဲ့သို့ တင်စား၍ ပြောဆိုအပ်သော) ရူပကအလင်္ကာ။ မူရင်းကြည့်ပါ။	(1) figura. (2) retrato; estatua. (3) semejante. (4) (que habla en sentido figurado de dos cosas como si fueran iguales) la figura *rūpakaalaṅkā*. Véase el original.	(1) figure. (2) likeness; statue. (3) resembling. (4) (speaking figuratively of two things as if alike) the *rūpakaalaṅkā* figure. See the original.	'see the original' rendered literally
138563	rūpakamma	ဖောက်ပြန်သော အမှု။	acción que se altera.	an act that alters.	ဖောက်ပြန်သော အမှု 'an altering / perverse act' fits the headword poorly (rūpakamma may mean image-making); rendered as printed
138565	rūpakalāpa	ရုပ်ကလာပ်၊ ရုပ်ကလာပ်စည်း၊ ရုပ်အုပ်စု။ ရုပ်တို့၏-အပေါင်း-အစု-အဖွဲ့-အစည်း။ မူရင်းကြည့်ပါ။	*rūpakalāpa*; haz de *rūpakalāpa*; grupo de *rūpa*. El conjunto / grupo / agrupación / haz de los *rūpa*. Véase el original.	*rūpakalāpa*; *rūpakalāpa* bundle; group of *rūpa*. The collection / group / cluster / bundle of the *rūpa*. See the original.	'see the original' rendered literally
138572	rūpakāya	ရူပကာယ ကိုယ်ခန္ဓာရုပ်တို့၏-အပေါင်း-အစု။ မူရင်းကြည့်ပါ။	*rūpakāya*; el conjunto / grupo de los *rūpa* del cuerpo. Véase el original.	*rūpakāya*; the collection / group of the bodily *rūpa*. See the original.	'see the original' rendered literally
138573	rūpakāyaguṇa	ရူပကာယ-ကိုယ်ခန္ဓာ-တော်၏-ဂုဏ်ကျေးဇူး။	las virtudes del *rūpakāya* / cuerpo augusto.	the virtues of the *rūpakāya* / august body.	တော် (honorific) rendered 'augusto'; presumably the Buddha's body
138599	rūpakoṭṭhāsa	ရုပ်တို့၏-အဖို့-အစု။	la porción / parte de los *rūpa*.	the portion / share of the *rūpa*.	no word-class label
138601	rūpakkhandha	ရူပက္ခန္ဓာ-(က) အတိတ်,အနာဂတ်,ပစ္စုပ္ပန်စသော ရုပ်ဟူသော-အဖို့-အစု-အပုံ-အပေါင်း။ (ခ) အတိတ်,အနာဂတ်,ပစ္စုပ္ပန်စသော ရုပ်တို့၏-အဖို့-အစု-အပေါင်း။ မူရင်းကြည့်ပါ။	*rūpakkhandhā*: (a) la porción / grupo / montón / conjunto que es el *rūpa* pasado, futuro, presente y demás. (b) la porción / grupo / conjunto de los *rūpa* pasados, futuros, presentes y demás. Véase el original.	*rūpakkhandhā*: (a) the portion / group / heap / collection that is *rūpa*, past, future, present and so on. (b) the portion / group / collection of *rūpa*, past, future, present and so on. See the original.	'see the original' rendered literally
138602	rūpakkhandhagaṇanā	ရူပက္ခ-ဟူ၍ ရေတွက်ခြင်း။ ရူပက္ခန္ဓာ၏ အဖြစ်ဟူသော ရေတွက်ကြောင်း၊ ရူပက္ခန္ဓာ၏ အဖြစ်ဖြင့် ရေတွက်ခြင်း။	el contar como *rūpakkha*. El medio de cuenta que es el hecho de ser *rūpakkhandhā*; el contar en calidad de *rūpakkhandhā*.	counting as *rūpakkha*. The means of counting that is the state of being *rūpakkhandhā*; counting as being *rūpakkhandhā*.	ရူပက္ခ looks truncated (for ရူပက္ခန္ဓ); copied as printed
138603	rūpakkhandhagocara	ရူပက္ခန္ဓာလျှင်-ကျယ်စား-ဖြစ်-ရာ အာရုံရှိသော။	que tiene como objeto, lugar de pasto / de ocurrencia, el *rūpakkhandhā*.	having the *rūpakkhandhā* as object, the range / field of occurrence.	ကျယ်စား read as ကျက်စား 'range, pasture' (gocara)
138607	rūpakkhandhaniddesavaṇṇanā	ရူပက္ခန္ဓနိဒ္ဒေသကို ဖွင့်-ရာ-ကြောင်း-ဖြစ်သည့် စကားရပ်၊ ရူပက္ခန္ဓနိဒ္ဓေသအဖွင့်။	el pasaje que es aquello en que / por lo que se explica el *rūpakkhandhaniddesa*; la explicación del *rūpakkhandhaniddhesa*.	the passage that is that in which / by which the *rūpakkhandhaniddesa* is explained; the explanation of the *rūpakkhandhaniddhesa*.	second ရူပက္ခန္ဓနိဒ္ဓေသ misprinted (ဓေ for ဒေ), copied as printed
138618	rūpakkhandhasabhāga	ရူပက္ခန္ဓာနှင့် တူသော အဖို့အစုရှိသော၊ ရူပက္ခန္ဓာနှင့် သဘောတူသော။	que tiene una porción semejante al *rūpakkhandhā*; de naturaleza semejante a la del *rūpakkhandhā*.	having a portion like the *rūpakkhandhā*; of a nature like that of the *rūpakkhandhā*.	no word-class label
138621	rūpagaṇanā	(၁) ရုပ်ကို ရေတွက်ခြင်း။ (၂) (မုန့်စသည်တို့၏) ရုပ်ဝတ္ထု-ပုံသဏ္ဌာန်-အရေအတွက်။	(1) el contar los *rūpa*. (2) (de los pasteles y demás) la figura / forma / cantidad.	(1) counting *rūpa*. (2) (of cakes and so on) the figure / shape / number.	in (1) ရုပ် may mean figures (counting as a craft) rather than rūpa
138623	rūpagata	လက်၌ တင်ထားအပ်သော (အညစ်အကြေးကင်းသည့်)-ပတ္တမြား-ဖလ်။	(sin impurezas) rubí / cristal colocado en la mano.	(free of impurities) ruby / crystal placed in the hand.	ပတ္တမြား-ဖလ် read as ruby / crystal (phalika); the hyphen may instead join one item
138626	rūpagaruka	(က) ရူပါရုံ၌ အလေးအမြတ်ပြုသော၊ သူ။ (ခ) (စိတ်ဖြင့်) ရူပါရုံ၌-ညွတ်-ကိုင်း-ရှုိင်း-သော။ (ဂ) ရူပါရုံကို ကြည့်ရှုခြင်း၌ လေ့ကျက်အပ်ပြီးသော။ (ဃ) ရူပါရုံဖြင့် ဆွဲငင်အပ်သော စိတ်နှလုံးရှိသော၊ သူ။	(a) que tiene en gran estima el *rūpārammaṇa* (dicho de una persona). (b) (con la mente) inclinado / volcado / propenso hacia el *rūpārammaṇa*. (c) ejercitado en mirar el *rūpārammaṇa*. (d) que tiene la mente arrastrada por el *rūpārammaṇa* (dicho de una persona).	(a) holding the *rūpārammaṇa* in high regard (said of a person). (b) (with the mind) bent / inclined / leaning towards the *rūpārammaṇa*. (c) practised in looking at the *rūpārammaṇa*. (d) having a mind drawn by the *rūpārammaṇa* (said of a person).	ရှုိင်း printed with vowel signs in wrong order (ရှိုင်း)
138631	rūpagga	(၁) မြတ်သော ရုပ်၊ ရုပ်မြတ်။ (၂) ကောင်း-မြတ်-သော-အဆင်း။ «S1»	(1) *rūpa* excelente; *rūpa* noble. (2) forma visible buena / excelente. Véase [[rūpaggappatta]].	(1) excellent *rūpa*; noble *rūpa*. (2) good / excellent visible form. See [[rūpaggappatta]].	no word-class label
138634	rūpaggahaṇakāla	အဆင်း-ရူပါရုံ-ကိုယူရာ-အခါ-ကာ။	el momento / tiempo en que se toma la forma visible / el *rūpārammaṇa*.	the moment / time at which visible form / the *rūpārammaṇa* is taken.	ကာ read as a truncated ကာလ (time)
138637	rūpacitta	အရုပ်ဖြင့် ဆန်းကြယ်သော။	adornado / variado con figuras.	adorned / variegated with figures.	no word-class label; ဆန်းကြယ် (one word) given two renderings
138640	rūpajanakapaccaya	ရုပ်ကို ဖြစ်စေတတ်သော ကံကို-အဦး-ပဓာန-ပြုခြင်း။	el poner como primero / principal el *kamma* que suele producir *rūpa*.	making the *kamma* apt to produce *rūpa* first / chief.	same definition as the next headword (-sīsa); it does not fit -paccaya
138644	rūpajātimantakulāpadesa	(က) အဆင်း,ဇာတ်,ဗေဒင်,အမျိုးကို ညွှန်ပြခြင်း။ (ခ) ညွန်ပြကြောင်းဖြစ်သော အဆင်း,ဇာတ်,ဗေဒင်,အမျိုး။	(a) el indicar la apariencia, el nacimiento, los Vedas, el linaje. (b) la apariencia, el nacimiento, los Vedas, el linaje, que son medio de indicación.	(a) pointing out appearance, birth, the Vedas, family. (b) appearance, birth, the Vedas, family, which are the means of pointing out.	ဇာတ် read as birth (could be caste); ဗေဒင် as the Vedas (manta)
138661	rūpaṭṭhavohāra	ရုပ်၏ သဘော-ရူပ-ဟူသော-အမည်ဝေါဟာရ။ (ရူပဿ အတ္ထော ရူပဋ္ဌော-ဟူ၍ မပြားသော်လည်း ပြားသကဲ့သို့ ဆဋ္ဌီတပ္ပုရိသ်သမာသ် အစွမ်းအားဖြင့် ဆိုအပ်သော ဝေါဟာရ)။ «S1»	la naturaleza del *rūpa* / el nombre o término llamado *rūpa*. (Término dicho en virtud del compuesto *chaṭṭhītappurisasamāsa*, como si se analizara *rūpassa attho rūpaṭṭho*, aunque no se analiza así). Véase [[rūpaṭṭha]].	the nature of *rūpa* / the name or term called *rūpa*. (A term used by force of the *chaṭṭhītappurisasamāsa*, as if it were resolved *rūpassa attho rūpaṭṭho*, though it is not so resolved). See [[rūpaṭṭha]].	the hyphen chain ရုပ်၏ သဘော-ရူပ-ဟူသော-အမည်ဝေါဟာရ is hard to split; read as 'the term rūpa(ṭṭha), meaning the nature of rūpa'
138662	rūpataṇhā	(၁) ရူပါရုံ၌ တပ်မက်မှု၊ ရူပါရုံ၌-ဖြစ်-တပ်မက်-သည့် တဏှာ၊ ရူပတဏှာ။ (၂) ရူပဘဝ-ရူပဘဝ-ရူပဘုံ-၌-ပြင်းစွာတပ်မက်မှု၊ ရူပဘဝ-ရူပဘုံ-လျှင် အာရုံရှိသည့် တဏှာ၊ ရူပတဏှာ။	(1) la pasión por el *rūpārammaṇa*; la *taṇhā* que surge en / se apasiona por el *rūpārammaṇa*; *rūpataṇhā*. (2) la pasión intensa por la *rūpabhava* / *rūpabhava* / el *rūpabhūmi*; la *taṇhā* que tiene como objeto la *rūpabhava* / el *rūpabhūmi*; *rūpataṇhā*.	(1) passion for the *rūpārammaṇa*; the *taṇhā* arising in / impassioned with the *rūpārammaṇa*; *rūpataṇhā*. (2) intense passion for the *rūpabhava* / *rūpabhava* / *rūpabhūmi*; the *taṇhā* that has the *rūpabhava* / *rūpabhūmi* as object; *rūpataṇhā*.	ရူပဘဝ printed twice in (2)
138664	rūpatammatta	အဆင်း-ရူပါရုံ-ဟူသော ထိုအတိုင်းအရှည်ရှိသော။ «S1»	que tiene esa sola medida, que es la forma visible / el *rūpārammaṇa*. Véanse también [[tammatta]], [[rūpatampatta]], [[tammatta]].	having just that measure, namely visible form / the *rūpārammaṇa*. See also [[tammatta]], [[rūpatampatta]], [[tammatta]].	adjectival gloss under a န label
138668	rūpathaddhatta	ရုပ်၏ ကြမ်းတမ်းခက်ထန်သည်၏ အဖြစ်။	el hecho de ser áspero y rígido el *rūpa*.	the state of *rūpa* being coarse and rigid.	no word-class label
138669	rūpadakkha	(န) (၁) ဟုတ်မှန်သော သဘောလက္ခဏာကို-ရှု-မြင်-သိမြင်-ခြင်း။ (ဝိနည်းအဆုံးအဖြတ်ကို-ရှုမြင်-သိမြင်-ခြင်း)။ (၂) ဝိနည်း အဆုံးအဖြတ်၌ လိမ္မာသော၊ သူ။	(neutro) (1) el contemplar / ver / discernir la naturaleza y característica verdaderas. (El contemplar / discernir la decisión del *vinaya*). (2) hábil en la decisión del *vinaya* (dicho de una persona).	(neuter) (1) contemplating / seeing / discerning the true nature and characteristic. (Contemplating / discerning the *vinaya* ruling). (2) skilled in the *vinaya* ruling (said of a person).	a neuter sense (1) under a တိ headword
138671	rūpadassana	(၁) အဆင်း-ရူပါရုံ-ကို-ကြည့်-ရှု-မြင်-ခြင်း။ (၂) အဆင်း-ရူပါရုံ-ကို-(သဘောအားဖြင့်) ထင်ရှား-ထင်လင်း-စေခြင်း။ (တိ) (၃) အဆင်း-ရူပါရုံ-ကို မြင်တတ်သော။ (၄) ရူပါရုံ၊ မြင်အပ်သော ရူပါရုံ။ (၅) သရုပ်-တရားကိုယ်-ကို သိမြင်ခြင်း။ «S1»	(1) el mirar / contemplar / ver la forma visible / el *rūpārammaṇa*. (2) el hacer (por su naturaleza) manifiesta / clara la forma visible / el *rūpārammaṇa*. (adjetivo) (3) que suele ver la forma visible / el *rūpārammaṇa*. (4) *rūpārammaṇa*; el *rūpārammaṇa* visto. (5) el conocer / ver la naturaleza propia / el estado mismo. Véase [[rūpadassanapaccaya]].	(1) looking at / contemplating / seeing visible form / the *rūpārammaṇa*. (2) making (by its nature) visible form / the *rūpārammaṇa* manifest / clear. (adjective) (3) apt to see visible form / the *rūpārammaṇa*. (4) *rūpārammaṇa*; the *rūpārammaṇa* that is seen. (5) knowing / seeing the own-form / the state itself. See [[rūpadassanapaccaya]].	no word-class label
138673	rūpadassanakāla	အဆင်း-ရူပါရုံ-ကို-ကြည့်-ရှု-မြင်-ခြင်း၏-ရာ-ကာလ။	el tiempo del mirar / contemplar / ver la forma visible / el *rūpārammaṇa*.	the time of looking at / contemplating / seeing visible form / the *rūpārammaṇa*.	'၏-ရာ-ကာလ' garbled; read as 'the time of'
138674	rūpadassanapaccaya	(ထိုထိုသမာဓိ၏) သရုပ်-တရားကိုယ်-ကို သိမြင်ခြင်း၏အကြောင်း။	la causa del conocer / ver la naturaleza propia / el estado mismo (de cada *samādhi*).	the cause of knowing / seeing the own-form / the state itself (of each *samādhi*).	no word-class label
138681	rūpadiṭṭhi	ရူပ-ဓာတ်-ဘုံ-၌ အကျုံးဝင်သော-မိစ္ဆာဒိဋ္ဌိ-မိစ္ဆာအယူ။	la *micchādiṭṭhi* / opinión errónea incluida en el *rūpa* / *dhātu* / *bhūmi*.	the *micchādiṭṭhi* / wrong view included in the *rūpa* / *dhātu* / *bhūmi*.	ရူပ-ဓာတ်-ဘုံ probably spells out rūpadhātu / rūpabhūmi
138683	rūpadessī	အဆင်း-ရူပါရုံ-ကို(စက်ဆုပ်) ရွှံမုန်း-လေ့ရှိ-တတ်-သော၊ သူ။	que (con asco) aborrece / suele aborrecer / tiende a aborrecer la forma visible / el *rūpārammaṇa* (dicho de una persona).	who (with disgust) loathes / habitually loathes / is apt to loathe visible form / the *rūpārammaṇa* (said of a person).	ရွှံ read as ရွံ (loathe)
138684	rūpadosa	အဆင်း-ရူပါရုံ-၌ဖြစ်သော-အပြစ်-ဒေါသ-အနာအဆာ။	la falta / *dosa* / el defecto que hay en la forma visible / el *rūpārammaṇa*.	the fault / *dosa* / blemish in visible form / the *rūpārammaṇa*.	ဒေါသ here is dosa 'fault', not hatred
138686	rūpadhammanibbatti	ရုပ်တရားတို့၏ ဖြစ်ခြင်း။	el surgir de los *rūpa*.	the arising of *rūpa*.	label ကြိ (verb) on a noun gloss
138688	rūpadhammapariyā	(က) ရုပ်တရားတို့ကို ပိုင်းခြား၍ သိခြင်း၊ (ခ) ကပ်ရောက်အပ်သော ရုပ်တရားဟု ဆိုအပ်သော ဝိညာဏ်၏ တည်ရာကို ပိုင်းခြား၍ သိခြင်း၊ (ဂ) ဝိညာဏ်၏ တည်ရာဖြစ်သည့် ကပ်ရောက်အပ်သော ရုပ်တရားကို ပိုင်းခြား၍ သိခြင်း။	(a) el conocer los *rūpa* delimitándolos; (b) el conocer, delimitándolo, el soporte del *viññāṇa* llamado *rūpa* al que se ha llegado; (c) el conocer, delimitándolo, el *rūpa* al que se ha llegado, que es el soporte del *viññāṇa*.	(a) knowing *rūpa* by delimiting them; (b) knowing, by delimiting it, the support of *viññāṇa* called the *rūpa* that has been approached; (c) knowing, by delimiting it, the *rūpa* that has been approached, which is the support of *viññāṇa*.	no word-class label; the headword (-pariyā) may be truncated (-pariññā?)
138690	rūpadhammapavatti	ရုပ်တရားတို့၏ ဖြစ်ခြင်း။	el surgir de los *rūpa*.	the arising of *rūpa*.	no word-class label
138702	rūpadhātupariyāpanna	ရူပဓာတ်-ရူပဘုံ-၌ အကျုံးဝင်သော။ ရူပရောဂါ။	incluido en el *rūpadhātu* / *rūpabhūmi*. *rūparogā*.	included in the *rūpadhātu* / *rūpabhūmi*. *rūparogā*.	stray ရူပရောဂါ ('rūpa-disease') after the gloss, unexplained; copied as printed
138703	rūpadhātumūlaka	ရူပဓာတ်လျှင်အကြောင်းရင်းရှိသော။	que tiene como causa raíz el *rūpadhātu*.	having the *rūpadhātu* as root cause.	no word-class label
138705	rūpadhāturāgavinibandha	(သံ၊ ျ၉။ မဟာနိ။ ၁၅ ၂) န္တိ ရူပဓာတုမှိ မဂေန ဝိနိဗဒ္ဓံ။ သံ၊ဋ္ဌ၊၂။ ၂၃၈။ မဟာနိ၊ဋ္ဌ။ ၂၆၈။ ရို့	*nti rūpadhātumhi magena vinibaddhaṁ*.	*nti rūpadhātumhi magena vinibaddhaṁ*.	no Burmese definition: only garbled citations (dropped) and a truncated Pāḷi quotation, copied; stray ရို့ at the end dropped; no word-class label
138710	rūpana	ပြအပ်သော (စကား)။	(palabras) mostradas.	shown (words).	adjectival gloss under a န label
138712	rūpanandātherī	ရူပနန္ဒာထေရီ၊ ရူပနန္ဒာဘိက္ခုနီမ၊ (ဈာန်အရာ၌ ဧတဒဂ်ဘွဲ့ထူးရသည့် ရဟန္တာမ)။ မူရင်းကြည့်ပါ။	*rūpanandātherī*; la *bhikkhunī* *rūpanandā* (*arahant* que recibió el título distinguido de *etadagga* en materia de *jhāna*). Véase el original.	*rūpanandātherī*; the *bhikkhunī* *rūpanandā* (an *arahant* who received the distinguished title of *etadagga* in the matter of *jhāna*). See the original.	'see the original' rendered literally
138714	rūpanāgadanta	ရူပါရုံတည်းဟူသော ဆင်စွယ်ကောက်။	el colmillo de elefante curvo que es el *rūpārammaṇa*.	the curved elephant tusk that is the *rūpārammaṇa*.	nāgadanta is a peg shaped like an elephant's tusk; ဆင်စွယ်ကောက် rendered literally
138715	rūpaniṭṭha	ရူပါရုံ၌ဖြစ်သော အလိုဆန္ဒ၏-ပြီး-ပြည့်စုံ-ခြင်း။	el cumplirse / completarse del deseo (*chanda*) que surge en el *rūpārammaṇa*.	the fulfilment / completion of the wish (*chanda*) arising in regard to the *rūpārammaṇa*.	noun gloss under a တိ label
138724	rūpanimittassādasaṁyojanasaṁyutta	ရူပနိမိတ်ကို သာယာခြင်းဟူသော သံယောဇဉ်နှင့် ယှဉ်သော။	asociado con el *saṁyojana* que es el disfrutar del *rūpanimitta*.	associated with the *saṁyojana* that is enjoyment of the *rūpanimitta*.	no word-class label
138731	rūpanirodha	(၁) ရုပ်-ရူပက္ခန္ဓာ-၏-ချုပ်-ချုပ်ငြိမ်း-ပျောက်ပျက်က-ခြင်း။ (၂) ရုပ်-ရူပက္ခန္ဓာ-၏-ချုပ်-ချုပ်ငြိမ်း-ပျောက်ပျက်-ရာ-ကြောင်း (နိဗ္ဗာန်)။	(1) la cesación / el aquietarse / el desaparecer del *rūpa* / *rūpakkhandhā*. (2) la causa en que cesa / se aquieta / desaparece el *rūpa* / *rūpakkhandhā* (el *nibbāna*).	(1) the cessation / stilling / vanishing of *rūpa* / the *rūpakkhandhā*. (2) the cause in which *rūpa* / the *rūpakkhandhā* ceases / is stilled / vanishes (*nibbāna*).	stray က after ပျောက်ပျက် in (1)
138732	rūpanirogominī	ရုပ်-ရူပက္ခန္ဓာ-၏ ချုပ်ရာ နိဗ္ဗာန်သို့-သွား-ရောက်-ကြောင်း (အကျင့်)။	(la práctica) que es la causa de ir / llegar al *nibbāna*, donde cesa el *rūpa* / *rūpakkhandhā*.	(the practice) that is the cause of going / reaching to *nibbāna*, where *rūpa* / the *rūpakkhandhā* ceases.	headword rūpanirogominī looks like a misprint for rūpanirodhagāminī
138738	rūpapaccaya	ရုပ်ဟူသော-အကြောင်း-အထောက်အပံ့။	la causa / el apoyo que es el *rūpa*.	the cause / support that is *rūpa*.	no word-class label
138739	rūpappaccaya	ရုပ်ဟူသော-အကြောင်း-အထောက်အပံ့။	la causa / el apoyo que es el *rūpa*.	the cause / support that is *rūpa*.	no word-class label
138744	rūpapaṭipakkha	ရုပ်၏ ဆန့်ကျင်ဘက်ဖြစ်သော၊ (နာမ်တရား)။	que es lo opuesto al *rūpa*; (el estado *nāma*).	being the opposite of *rūpa*; (the *nāma* state).	no word-class label
138747	rūpapaṭibaddhavutti	ရုပ်နှင့်-စပ်-စပ်သွယ်-ဆက်စပ်-သော ဖြစ်ခြင်းရှိသော။	que tiene un surgir unido / conectado / vinculado con el *rūpa*.	having an occurrence joined / connected / linked with *rūpa*.	no word-class label
138748	rūpappaṭibaddhavutti	ရုပ်နှင့်-စပ်-စပ်သွယ်-ဆက်စပ်-သော ဖြစ်ခြင်းရှိသော။	que tiene un surgir unido / conectado / vinculado con el *rūpa*.	having an occurrence joined / connected / linked with *rūpa*.	no word-class label
138749	rūpapaṭibaddhavuttitā	ရုပ်နှင့်-စပ်-စပ်သွယ်-ဆက်စပ်-သော ဖြစ်ခြင်းရှိသည်၏ အဖြစ်။	el hecho de tener un surgir unido / conectado / vinculado con el *rūpa*.	the state of having an occurrence joined / connected / linked with *rūpa*.	no word-class label
138750	rūpappaṭibaddhavuttitā	ရုပ်နှင့်-စပ်-စပ်သွယ်-ဆက်စပ်-သော ဖြစ်ခြင်းရှိသည်၏ အဖြစ်။	el hecho de tener un surgir unido / conectado / vinculado con el *rūpa*.	the state of having an occurrence joined / connected / linked with *rūpa*.	no word-class label
138757	rūpapaṭisandhika	ရုပ်လျှင် ပဋိသန္ဓေရှိသော (သတ္တဝါ)၊ (ရုပ်ဖြင့် ပဋိသန္ဓေနေသော သတ္တဝါ၊ ရုပ်ပဋီသန္ဓေရှိသော သတ္တဝါ)။	(ser) cuyo *paṭisandhi* es solo el *rūpa*; (ser que toma *paṭisandhi* con el *rūpa*; ser que tiene *rūpapaṭisandhi*).	(a being) whose *paṭisandhi* is *rūpa* alone; (a being that takes *paṭisandhi* with *rūpa*; a being that has *rūpapaṭisandhi*).	ပဋီသန္ဓေ misspelt with long ī in the last phrase
138761	rūpapaṇṇatti	ရုပ်-ဖြင့်-ကိုစွဲ၍-သတ္တဝါဟု-ပညတ်-ခော်ဝော်-အပြားအားဖြင့် သိစေ-ခြင်း။	el hacer conocer por sus distinciones, designando / nombrando ‘ser’, por medio del / apoyándose en el *rūpa*.	making known by distinctions, designating / calling it ‘a being’, by means of / relying on *rūpa*.	ခော်ဝော် read as ခေါ်ဝေါ် (to call)
138762	rūpapatiṭṭha	ရုပ်တည်ရာရှိသော၊ ရုပ်-လျှင်-ဟူသော-တည်ရာရှိသော၊ (ဝိညာဏ်)။	que tiene como soporte el *rūpa*; que tiene un soporte que es el *rūpa* (dicho del *viññāṇa*).	having *rūpa* as its support; having a support that is *rūpa* (said of *viññāṇa*).	no word-class label
138763	rūpappatiṭṭha	ရုပ်တည်ရာရှိသော၊ ရုပ်-လျှင်-ဟူသော-တည်ရာရှိသော၊ (ဝိညာဏ်)။	que tiene como soporte el *rūpa*; que tiene un soporte que es el *rūpa* (dicho del *viññāṇa*).	having *rūpa* as its support; having a support that is *rūpa* (said of *viññāṇa*).	no word-class label
138770	rūpapabbhāra	ရူပါရုံ၌ ရှုိင်း(ကိုင်းရှုိင်း)သော။ «S1»	inclinado (propenso) hacia el *rūpārammaṇa*. Véase [[rūpaninna]].	leaning (inclined) towards the *rūpārammaṇa*. See [[rūpaninna]].	adjectival gloss under a ပု label; ရှုိင်း printed for ရှိုင်း
138771	rūpapamāṇa	(န) (၁) ရုပ်တို့၏-အတိုင်းအရှည်-ပမာဏ။ (၂) ရူပကာယ-လုံးရပ်သဏ္ဌာန်-ရုပ်ပုံသဏ္ဌာန်-အရပ်အမောင်း-ဟူသော-လျှင်-အတိုင်းအရှည်-ပမာဏ။ (၃) (က) ရူပကာယ-လုံးရပ်သဏ္ဌာန်-ရုပ်ပုံသဏ္ဌာန်-အရပ်အမောင်း-လျှင်-အတိုင်းအရှည်-ပမာဏ-ရှိသော၊ သူ။ (ခ) ရူပကာယ-လုံးရပ်သဏ္ဌာန်-ရုပ်ပုံသဏ္ဌာန်-အရပ်အမောင်း-၌-အတိုင်းအရှည်-ပမာဏ-ကို ယူ၍ ကြည်ညိုသော၊ သူ။ (ဂ) ရူပကာယ-လုံးရပ်သဏ္ဌာန်-ရုပ်ပုံသဏ္ဌာန်-အရပ်အမောင်း-ကို-ပမာဏ-အလေးဂရု-ပြုသော၊ သူ။ မူရင်းကြည့်ပါ။	(neutro) (1) la extensión / medida de los *rūpa*. (2) la extensión / medida que es precisamente el *rūpakāya* / la complexión / la figura / la estatura. (3) (a) que tiene como extensión / medida el *rūpakāya* / la complexión / la figura / la estatura (dicho de una persona). (b) que siente devoción tomando la extensión / medida en el *rūpakāya* / la complexión / la figura / la estatura (dicho de una persona). (c) que toma como medida / da importancia al *rūpakāya* / la complexión / la figura / la estatura (dicho de una persona). Véase el original.	(neuter) (1) the extent / measure of *rūpa*. (2) the extent / measure that is precisely the *rūpakāya* / build / figure / stature. (3) (a) having the *rūpakāya* / build / figure / stature as extent / measure (said of a person). (b) gaining confidence by taking the extent / measure in the *rūpakāya* / build / figure / stature (said of a person). (c) taking as measure / giving weight to the *rūpakāya* / build / figure / stature (said of a person). See the original.	'see the original' rendered literally
138772	rūpappamāṇa	(န) (၁) ရုပ်တို့၏-အတိုင်းအရှည်-ပမာဏ။ (၂) ရူပကာယ-လုံးရပ်သဏ္ဌာန်-ရုပ်ပုံသဏ္ဌာန်-အရပ်အမောင်း-ဟူသော-လျှင်-အတိုင်းအရှည်-ပမာဏ။ (၃) (က) ရူပကာယ-လုံးရပ်သဏ္ဌာန်-ရုပ်ပုံသဏ္ဌာန်-အရပ်အမောင်း-လျှင်-အတိုင်းအရှည်-ပမာဏ-ရှိသော၊ သူ။ (ခ) ရူပကာယ-လုံးရပ်သဏ္ဌာန်-ရုပ်ပုံသဏ္ဌာန်-အရပ်အမောင်း-၌-အတိုင်းအရှည်-ပမာဏ-ကို ယူ၍ ကြည်ညိုသော၊ သူ။ (ဂ) ရူပကာယ-လုံးရပ်သဏ္ဌာန်-ရုပ်ပုံသဏ္ဌာန်-အရပ်အမောင်း-ကို-ပမာဏ-အလေးဂရု-ပြုသော၊ သူ။ မူရင်းကြည့်ပါ။	(neutro) (1) la extensión / medida de los *rūpa*. (2) la extensión / medida que es precisamente el *rūpakāya* / la complexión / la figura / la estatura. (3) (a) que tiene como extensión / medida el *rūpakāya* / la complexión / la figura / la estatura (dicho de una persona). (b) que siente devoción tomando la extensión / medida en el *rūpakāya* / la complexión / la figura / la estatura (dicho de una persona). (c) que toma como medida / da importancia al *rūpakāya* / la complexión / la figura / la estatura (dicho de una persona). Véase el original.	(neuter) (1) the extent / measure of *rūpa*. (2) the extent / measure that is precisely the *rūpakāya* / build / figure / stature. (3) (a) having the *rūpakāya* / build / figure / stature as extent / measure (said of a person). (b) gaining confidence by taking the extent / measure in the *rūpakāya* / build / figure / stature (said of a person). (c) taking as measure / giving weight to the *rūpakāya* / build / figure / stature (said of a person). See the original.	no word-class label; 'see the original' rendered literally
138775	rūpapariccheda	(၁) ရုပ်တို့ကို ပိုင်းခြားတတ်သော။ (၂) ရုပ်တို့သည် ပိုင်းခြားအပ်သော။ (၃) ရုပ်တို့ကို ပိုင်းခြားခြင်း။ (၄) ရုပ်တို့၏ အပိုင်းအခြား။ «S1»	(1) que suele delimitar los *rūpa*. (2) delimitado por los *rūpa*. (3) el delimitar los *rūpa*. (4) el límite de los *rūpa*. Véase [[rūpaparicchedalakkhaṇa]].	(1) apt to delimit *rūpa*. (2) delimited by *rūpa*. (3) delimiting *rūpa*. (4) the limit of *rūpa*. See [[rūpaparicchedalakkhaṇa]].	adjectival senses (1)-(2) under a ပု label
138779	rūpaparipākalakkhaṇa	(က) ရုပ်တို့၏- ကျင့်ကျက်-ရင့်ရော်-အိုမင်း-ဟောင်း-ဆွေးမြေ့-ခြင်းလက္ခဏာရှိသော။ (ခ) ရုပ်တို့၏-ရင့်ကျက်-ရင့်ရော်-အိုမင်း-ဟောင်း-ဆွေးမြေ့-ခြင်းဟူ၍ မှတ်အပ်သော။	(a) que tiene la característica del madurar / sazonarse / envejecer / desgastarse / descomponerse de los *rūpa*. (b) reconocido como el madurar / sazonarse / envejecer / desgastarse / descomponerse de los *rūpa*.	(a) having the characteristic of the maturing / ripening / ageing / wearing out / decaying of *rūpa*. (b) recognised as the maturing / ripening / ageing / wearing out / decaying of *rūpa*.	ကျင့်ကျက် in (a) read as ရင့်ကျက် (misprint)
138780	rūpaparibhoga	ရူပါရုံ-၌-ကို-သုံးဆောင်-ခံစား-ခြင်း။	el usar / disfrutar el *rūpārammaṇa*.	using / enjoying the *rūpārammaṇa*.	the case alternatives ၌-ကို ('in' / object) collapse into one Spanish construction
138782	rūpapariyantappakāsana	ရုပ်တို့၏-အစွန်း-အဆုံး-အပိုင်း-အခြား-ကိုပြခြင်း။	el mostrar el borde / el fin / el límite de los *rūpa*.	showing the edge / end / limit of *rūpa*.	အပိုင်း-အခြား is one word (limit) split by a hyphen; rendered once
138783	rūpapariyantappakāsanarasa	(ဤကား ရုပ်တို့၏ အောက်အဖို့၊ ဤကားအထက်အဖို့၊ ဤကားရှုေနောက်ဝဲယာ ဖီလာအဖို့ဟု) ရုပ်တို့၏-အစွန်း-အဆုံး-အပိုင်းအခြား-ကိုပြခြင်း ကိစ္စရှိသော။	(así: ‘esta es la parte inferior de los *rūpa*, esta la parte superior, esta la parte delantera, trasera, izquierda, derecha, transversal’) que tiene la función de mostrar el borde / el fin / el límite de los *rūpa*.	(thus: ‘this is the lower part of the *rūpa*, this the upper part, this the front, back, left, right, transverse part’) having the function of showing the edge / end / limit of *rūpa*.	ရှုေနောက် read as ရှေ့နောက် (front and back)
138785	rūpapariyesanā	ရူပါရုံကို-ရှာမှီး-ရှာဖွေ-ခြင်း။	el buscar / indagar el *rūpārammaṇa*.	seeking / searching for the *rūpārammaṇa*.	no word-class label
138787	rūpaparil̤āha	ရူပါရုံ၌-ဖြစ်သော-ပူလောင်-လောင်မြိုင်-ခြင်း၊ ရူပါရုံကို အာရုံပြု၍ဖြစ်သော-ပူလောင်-လောင်မြိုက်-ခြင်း။	el arder / abrasarse que surge en el *rūpārammaṇa*; el arder / abrasarse que surge tomando como objeto el *rūpārammaṇa*.	the burning / scorching that arises in regard to the *rūpārammaṇa*; the burning / scorching that arises taking the *rūpārammaṇa* as object.	no word-class label; လောင်မြိုင် / လောင်မြိုက် spelt differently in the two phrases
138793	rūpapātubhāva	(၁) အရုပ်-ရုပ်ပုံ-၏-ထင်ရှား-ဖြစ်ခြင်း-သည်၏အဖြစ်။ (၂) ရုပ်၏ ထင်ရှားဖြစ်ပော်လာခြင်း။	(1) el hecho de manifestarse / surgir la imagen / la figura. (2) el surgir manifiesto del *rūpa*.	(1) the state of the image / the figure becoming manifest / arising. (2) the manifest arising of *rūpa*.	sense 1: hyphen between ထင်ရှား and ဖြစ်ခြင်း read as alternatives (pātu / bhāva)
138824	rūpabhoga	(၁) ရူပါရုံ-၌-ကို-သုံးဆောင်-ခံစား-ခြင်း။ (၂) အဆင်းနှင့် စည်းစိမ်ဥစ္စာ။ «S1»	(1) el disfrutar / experimentar el *rūpārammaṇa*. (2) la apariencia y las riquezas. Véase [[rūpabhogakulasampatti]].	(1) the enjoying / experiencing of the *rūpārammaṇa*. (2) appearance and wealth. See [[rūpabhogakulasampatti]].	sense 1: hyphenated case particles ၌-ကို merged
138826	rūpamatta	(န) (၁) (က) ရုပ်မျှ။ (ခ) အဆင်း-ရူပါရုံ-ရူပါယတန-မျှ။ «S1» (၂) အဆင်း-ရူပါရုံ-၌-ယစ်-မာန်ယစ်-မူးယစ်-သော၊ သူ။ အဆင်းမာန်ယစ်သော၊ သူ။	(neutro) (1) (a) solo el *rūpa*. (b) solo el color / el *rūpārammaṇa* / el *rūpāyatana*. Véase también [[rūpamattārammaṇarasa]]. (2) embriagado / embriagado de orgullo / ebrio por la apariencia / el *rūpārammaṇa* (dicho de una persona); embriagado de orgullo por su apariencia (dicho de una persona).	(neuter) (1) (a) mere *rūpa*. (b) mere colour / *rūpārammaṇa* / *rūpāyatana*. See also [[rūpamattārammaṇarasa]]. (2) intoxicated / intoxicated with pride / drunk with appearance / the *rūpārammaṇa* (said of a person); intoxicated with pride in appearance (said of a person).	sense 2: hyphenated case particle ၌ merged
138834	rūpamariyādapaccupaṭṭhāna	ရုပ်တို့၏ အပိုင်းအခြားမျှ ဖြစ်၍ (ဉာဏ်အား)ရှုေရှုထင်သော။	que se presenta de frente (al conocimiento) como mero límite de los *rūpa*.	that appears face to face (to knowledge) as the mere limit of *rūpa*.	ရှုေရှုထင် read as ရှေးရှုထင် (appearing face to face, paccupaṭṭhāna)
138835	rūpamariyādāpaccupaṭṭhāna	ရုပ်တို့၏ အပိုင်းအခြားမျှ ဖြစ်၍ (ဉာဏ်အား)ရှုေရှုထင်သော။	que se presenta de frente (al conocimiento) como mero límite de los *rūpa*.	that appears face to face (to knowledge) as the mere limit of *rūpa*.	ရှုေရှုထင် read as ရှေးရှုထင် (appearing face to face, paccupaṭṭhāna)
138846	rūpayobbanalāl̤ita	အဆင်းအရွယ်၌-တပ်မက်-နှစ်သက်က-ခြင်း။	el apegarse a / deleitarse en la apariencia y la juventud.	being attached to / delighting in appearance and youth.	နှစ်သက်က read as နှစ်သက်
138847	rūparakkha	(မြို့၏) အဆင်းအာရုံ-ရူပါရုံ-ကို စောင့်ရှောက်တတ်သော၊ သူ။	que suele guardar el objeto visible / el *rūpārammaṇa* (de la ciudad) (dicho de una persona).	apt to guard the visible object / the *rūpārammaṇa* (of the city) (said of a person).	sense unclear: 'guarding the visible forms (of the city)' rendered literally
138852	rūparasa	အဆင်းအာရုံ-ရူပါရုံ-၌-ကို-သာယာခံစားခြင်း-သာယာခံစားတတ်သော စေတသိက သုခဝေဒနာ။	la *sukhavedanā* *cetasika* que es el deleitarse en el objeto visible / el *rūpārammaṇa* / que suele deleitarse en él.	the *cetasika* *sukhavedanā* that is the relishing of the visible object / the *rūpārammaṇa* / that is apt to relish it.	hyphenated case particles ၌-ကို merged
138854	rūparāga	(၁) ရူပဘုံ၌-တပ်မက်-နှစ်သက်-တတ်သော ရာဂ(ဆန္ဒရာဂ)။ (၂) ရူပါရုံ၌-တပ်မက်-နှစ်သက်-ခြင်း။ (၃) ရူပကာယ-ခန္ဓကိုယ်-၌-တပ်မက်-နှစ်သက်-ခြင်း။	(1) el *rāga* (*chandarāga*) que suele apegarse a / deleitarse en el *rūpabhūmi*. (2) el apegarse a / deleitarse en el *rūpārammaṇa*. (3) el apegarse a / deleitarse en el *rūpakāya* / el cuerpo.	(1) the *rāga* (*chandarāga*) apt to be attached to / delight in the *rūpabhūmi*. (2) being attached to / delighting in the *rūpārammaṇa*. (3) being attached to / delighting in the *rūpakāya* / the body.	sense 3: ခန္ဓကိုယ် read as ခန္ဓာကိုယ်
138871	rūpavavatthāna	ရုပ်ကို-ပိုင်းခြား-မှတ်သား-ဆုံးဖြတ်-ခြင်း-တတ်သော ပညာ။	la *paññā* que es el delimitar / registrar / determinar el *rūpa* / que suele hacerlo.	the *paññā* that is the delimiting / noting / determining of *rūpa* / that is apt to do so.	hyphen between ခြင်း and တတ်သော read as alternatives
138879	rūpavitakka	ရူပဝိတက်၊ အဆင်းအာရုံ-ရူပါရုံ-၌-ကြံစည်တတ်သော ဝိတက်၊ ရူပါရုံလျှင် အာရုံလျှင်ရှိသော။	el *rūpavitakka*; el *vitakka* que suele pensar en el objeto visible / el *rūpārammaṇa*; que tiene como objeto el *rūpārammaṇa*.	*rūpavitakka*; the *vitakka* apt to think about the visible object / the *rūpārammaṇa*; having the *rūpārammaṇa* as object.	last clause has a doubled လျှင် and no noun
138904	rūpavisesana	(န) (၁) ရူပဟူသော ဝိသေသန၊ ရူပသဒ္ဒါ(ရုပ်)ဟူသော ဝိသေသန။ (တိ)  «S1» (၂) ရူပဟူသော ဝိသေသနရှိသော၊ ရူပသဒ္ဒါ(ရုပ်)ဟူသော ဝိသေသနရှိသော။ (န)	(neutro) (1) el calificativo *rūpa*; el calificativo que es la palabra *rūpa* (*rūpa*). (adjetivo) Véase [[rūpavisesanayoga]]. (2) que tiene el calificativo *rūpa*; que tiene el calificativo que es la palabra *rūpa* (*rūpa*). (neutro)	(neuter) (1) the qualifier *rūpa*; the qualifier that is the word *rūpa* (*rūpa*). (adjective) See [[rūpavisesanayoga]]. (2) having the qualifier *rūpa*; having the qualifier that is the word *rūpa* (*rūpa*). (neuter)	a stray label (န) closes the article
138922	rūpasaññā	ရူပဝစရဈာန် ထိုဈာန်၏ အာရုံ ကသိုဏ်းရုပ်။	el *rūpāvacarajhāna*; el *rūpa* del *kasiṇa*, objeto de ese *jhāna*.	the *rūpāvacarajhāna*; the *kasiṇa* *rūpa*, the object of that *jhāna*.	ရူပဝစရဈာန် read as ရူပါဝစရဈာန်; the two parts are not separated by ၊ in the print
138923	rūpasaññā	(က) (ရူပါဝစရဈာန်၌ ထိုဈာန်နှင့်တကွဖြစ်သော အမှတ်သညာ၊) ရူပါဝစရဈာန်။ ရူပသညာ(၁) (ခ) ကြည့်။ (ခ) (ကသိုဏ်းရုပ်၌ဖြစ်သော အမှတ်သညာ၊) ကသိုဏ်းရုပ်ကို အာရုံပြုသော ရူပါဝစရဈာန်။	(a) (la *saññā* que surge junto con ese *jhāna* en el *rūpāvacarajhāna*;) el *rūpāvacarajhāna*. Véase [[rūpasaññā]] (1) (b). (b) (la *saññā* que surge respecto del *rūpa* del *kasiṇa*;) el *rūpāvacarajhāna* que toma como objeto el *rūpa* del *kasiṇa*.	(a) (the *saññā* arising together with that *jhāna* in the *rūpāvacarajhāna*;) the *rūpāvacarajhāna*. See [[rūpasaññā]] (1) (b). (b) (the *saññā* arising with regard to *kasiṇa* *rūpa*;) the *rūpāvacarajhāna* taking *kasiṇa* *rūpa* as object.	'see X' left in the Burmese: ရူပသညာ(၁)(ခ) ကြည့်; အမှတ်သညာ rendered as ⟦သညာ⟧
138924	rūpasaññā	(၁) ရူပါရုံ၌ဖြစ်သော သညာ၊ ရူပါရုံကို အာရုံပြု၍ ဖြစ်သော သညာ။ (၂) ပထဝီစသော ကသိုဏ်းရုပ်၌ဖြစ်သော သညာ။ (၃) ရုပ်၌ တပ်မက်ခြင်းကင်းသော သညာ။ (၄) (မိမိဆံ အစရှိသော) အဇ္ဈတ္တကသိုဏ်းရုပ်၌ ဖြစ်သော ဥပစာရဈာန်သညာ။ (၄)  «S1»	(1) la *saññā* que surge respecto del *rūpārammaṇa*; la *saññā* que surge tomando como objeto el *rūpārammaṇa*. (2) la *saññā* que surge respecto del *rūpa* del *kasiṇa* que comienza por *pathavī*. (3) la *saññā* libre del apego al *rūpa*. (4) la *saññā* del *upacārajhāna* que surge respecto del *rūpa* del *ajjhattakasiṇa* (que comienza por el propio cabello). (4) Véase [[rūpasaññī]] (1).	(1) the *saññā* arising with regard to the *rūpārammaṇa*; the *saññā* arising by taking the *rūpārammaṇa* as object. (2) the *saññā* arising with regard to *kasiṇa* *rūpa* beginning with *pathavī*. (3) the *saññā* free from attachment to *rūpa*. (4) the *upacārajhāna* *saññā* arising with regard to *ajjhattakasiṇa* *rūpa* (beginning with one's own hair). (4) See [[rūpasaññī]] (1).	sense number (၄) is printed twice; the second stands before «S1»
138938	rūpasadda	(၁) ရူပ-သဒ္ဒါ။ (၂) ရူပါရုံ,သဒ္ဒါရုံ။	(1) la palabra *rūpa*. (2) el *rūpārammaṇa* y el *saddārammaṇa*.	(1) the word *rūpa*. (2) the *rūpārammaṇa* and the *saddārammaṇa*.	sense 2 reads rūpa-sadda as 'form and sound'
138951	rūpasabhāgasaṅgaha	ရုပ္ပနလက္ခဏာ-ဟူသော တူသော အပို့အစုအားဖြင့် ပေါင်း၍ ယူခြင်း။	el reunir y tomar en cuanto grupo semejante que es el *ruppanalakkhaṇā*.	gathering and taking as the similar group that is the *ruppanalakkhaṇā*.	အပို့ read as အဖို့
138958	rūpasamaññā	ရုပ်ဟူသော-အမည်-သညာ။	el nombre / la denominación *rūpa*.	the name / the appellation *rūpa*.	သညာ here in the sense of a name (samaññā), translated
138959	rūpasamaññāsabbhāva	ရုပ်ဟူသော-အမည်-သညာ-၏ ထင်ရှားရှိသည်၏အဖြစ်။	el hecho de existir manifiestamente el nombre / la denominación *rūpa*.	the state of the name / the appellation *rūpa* being manifestly present.	သညာ here in the sense of a name (samaññā), translated
138963	rūpasamāpatti	ရူပ-ရူပါဝစရ-သမာပတ်၊ (သမာပတ္တိ-ကြည့်)။	la *samāpatti* *rūpa* / *rūpāvacara* (Véase [[samāpatti]]).	the *rūpa* / *rūpāvacara* *samāpatti* (See [[samāpatti]]).	'see X' left in the Burmese: (သမာပတ္တိ-ကြည့်)
138988	rūpasampanna	(၁) အဆင်းနှင့် ပြည့်စုံသော၊ အဆင်းလှသော၊ သူ။ (၂) ရူပကာယနှင့် ပြည့်စုံသော၊ သူ။ (ကိုယ်လုံးကိုယ်ပေါက် ကောင်းသော၊ သူ။	(1) dotado de belleza; de hermosa apariencia (dicho de una persona). (2) dotado de *rūpakāya* (dicho de una persona) (de buena complexión, dicho de una persona).	(1) endowed with beauty; beautiful in appearance (said of a person). (2) endowed with *rūpakāya* (said of a person) (of good build, said of a person).	the print leaves the last parenthesis unclosed
138991	rūpasambhava	ရူပါရုံကြောင့်ဖြစ်သော၊ ရူပါရုံလျှင် အာရုံရှိသော၊ ရူပါရုံကို အာရုံပြုသော။	que surge a causa del *rūpārammaṇa*; que tiene como objeto el *rūpārammaṇa*; que toma como objeto el *rūpārammaṇa*.	arising because of the *rūpārammaṇa*; having the *rūpārammaṇa* as object; taking the *rūpārammaṇa* as object.	label ပု but the gloss is adjectival
138999	rūpasahagata	(၁) (က) (ပထဝီကသိုဏ်းစသော) ကသိုဏ်းရုပ်နှင့် တကွ (အာရုံပြုသော အားဖြင့်)ဖြစ်သော။ (ခ) (ပထဝီကသိုဏ်းစသော) ကသိုဏ်း-ရုပ်-နိမိတ်-လျှင် အာရုံရှိသော။ (၂) (က) ရူပဈာန်ကို မှီသော။ (ခ) ရူပဈာန်လျှင်- အာရုံရှိသော။	(1) (a) que surge junto con el *rūpa* del *kasiṇa* (que comienza por el *pathavīkasiṇa*) (en cuanto lo toma como objeto). (b) que tiene como objeto el *kasiṇa* / el *rūpa* / el *nimitta* (que comienza por el *pathavīkasiṇa*). (2) (a) que depende del *rūpajhāna*. (b) que tiene como objeto el *rūpajhāna*.	(1) (a) arising together with *kasiṇa* *rūpa* (beginning with the *pathavīkasiṇa*) (by way of taking it as object). (b) having as object the *kasiṇa* / *rūpa* / *nimitta* (beginning with the *pathavīkasiṇa*). (2) (a) dependent on *rūpajhāna*. (b) having *rūpajhāna* as object.	sense 1b: ကသိုဏ်း-ရုပ်-နိမိတ် may be one chained term (the kasiṇa-rūpa sign) rather than alternatives
139003	rūpasāmañña	သုတိ-ရုပ်သွင်-တူသည်၏အဖြစ်။	el hecho de ser iguales el sonido / la forma.	the state of being alike in sound / in form.	grammatical sense (likeness of sound / form of words) assumed; သုတိ read as 'sound'
139008	rūpasārī	အဆင်းဟူသော အနှစ်သာရရှိသော၊ ပုဏ္ဏေးမ၊ ရူပသာရီပုဏ္ဏေးမ၊ ရူပသာရီပုဏ္ဏေးမ။ မူရင်းကြည့်ပါ။	que tiene la esencia que es la apariencia; la brahmina; la brahmina *rūpasārī*; la brahmina *rūpasārī*. Véase el original.	having the essence that is appearance; the brahmin woman; the brahmin woman *rūpasārī*; the brahmin woman *rūpasārī*. See the original.	'see the original' (မူရင်းကြည့်ပါ); ရူပသာရီပုဏ္ဏေးမ printed twice
139009	rūpasiddhi	ရုပ်ပြီးခြင်း။	la formación del *rūpa*.	the formation of *rūpa*.	ရုပ် may here mean a word-form (grammar: rūpasiddhi)
139010	rūpasippa	ပန်းထိမ်-အတတ်-ပညာ။	la orfebrería / el arte / el saber (del orfebre).	goldsmithing / the craft / the skill (of the goldsmith).	hyphens ပန်းထိမ်-အတတ်-ပညာ may be a chain ('the art and skill of the goldsmith') rather than alternatives
139012	rūpasutta	ရူပသုတ်။ (က) ရူပါရုံအစရှိသော အာရုံ ၆-ပါးတို့၌ လိုချင် တပ်မက်မှု ဆန္ဒရာသည် စိတ်၏ ညစ်ညူးမှုမည်၏။ ယင်းဆန္ဒရာဂကို ပယ်အပ်ပြီးသော ရဟန်း၏ စိတ်သည် ထွက်မြောက်ခြင်းသို့ ညွတ်၏ ထွက်မြောက်ခြင်း၌ အထုံရပြီးသော စိတ်သည် ထူးသော ဉာဏ်ဖြင့် သိ၍ မျက်မှောက်ပြုအပ်သော တရားတို့၌ ပြုရန် သင့်လျော်သည်ဖြစ်၍ ထင်၏ဟု ဟောတော်မူသည့် သုတ်။	el *rūpasutta*. (a) el *sutta* en que se enseñó así: el *chandarāga*, el deseo y el apego respecto de los seis objetos que comienzan por el *rūpārammaṇa*, se llama contaminación de la mente. La mente del monje que ha abandonado ese *chandarāga* se inclina hacia la salida; la mente que ha adquirido la impregnación de la salida, siendo apta para lo que ha de hacerse respecto de los estados que han de realizarse conociéndolos con un conocimiento superior, se hace manifiesta.	the *rūpasutta*. (a) the *sutta* in which it was taught thus: the *chandarāga*, the desire and attachment towards the six objects beginning with the *rūpārammaṇa*, is called a defilement of the mind. The mind of the monk who has abandoned that *chandarāga* inclines towards escape; the mind that has acquired the impression of escape, being fit for what is to be done with regard to the states to be realised by knowing them with superior knowledge, becomes manifest.	ဆန္ဒရာ read as ဆန္ဒရာဂ; only (က), no (ခ); ထွက်မြောက်ခြင်း rendered 'salida / escape' (nekkhamma?); final clause (ပြုရန် သင့်လျော်သည်ဖြစ်၍ ထင်၏) uncertain
139038	rūpābhighāta	(က) ရူပါရုံ-အဆင်းအာရုံ-၌ (စက္ခုပသာဒ၏)ရှုေရှုထိခိုက်ခြင်း။ (ခ) ရူပါရုံ-အဆင်းအာရုံ-၏ (စက္ခုပသာဒ၌)ရှုေရှုထိခိုက်ခြင်း။ «S1»	(a) el choque frontal (del *cakkhupasāda*) con el *rūpārammaṇa* / el objeto visible. (b) el choque frontal del *rūpārammaṇa* / el objeto visible (con el *cakkhupasāda*). Véase [[rūpābhighātārahabhūtappasādalakkhaṇa]].	(a) the face-on impact (of the *cakkhupasāda*) upon the *rūpārammaṇa* / the visible object. (b) the face-on impact of the *rūpārammaṇa* / the visible object (upon the *cakkhupasāda*). See [[rūpābhighātārahabhūtappasādalakkhaṇa]].	ရှုေရှု read as ရှေ့ရှု (face-on)
139039	rūpābhighātāraha	(က) ရူပါရုံ-အဆင်းအာရုံ-၌ (စက္ခုပသာဒ၏)ရှုေရှုထိခိုက်ခြင်း-ကို-ငှါ-ထိုက်သော။ (ခ) ရူပါရုံ-အဆင်းအာရုံ-၏ (စက္ခုပသာဒ၌)ရှုေရှုထိခိုက်ခြင်း-ကို-ငှါ-ထိုက်သော။ «S1»	(a) digno del choque frontal (del *cakkhupasāda*) con el *rūpārammaṇa* / el objeto visible. (b) digno del choque frontal del *rūpārammaṇa* / el objeto visible (con el *cakkhupasāda*). Véase [[rūpābhighātārahabhūtappasādalakkhaṇa]].	(a) worthy of the face-on impact (of the *cakkhupasāda*) upon the *rūpārammaṇa* / the visible object. (b) worthy of the face-on impact of the *rūpārammaṇa* / the visible object (upon the *cakkhupasāda*). See [[rūpābhighātārahabhūtappasādalakkhaṇa]].	ရှုေရှု read as ရှေ့ရှု; hyphenated case particles ကို-ငှါ merged
139040	rūpābhighātārahabhūtappasāda	(က) ရူပါရုံ-အဆင်းအာရုံ-၌ (စက္ခုပသာဒ၏)ရှုေရှုထိခိုက်ခြင်း-ကို-ငှါ-ထိုက်သော မဟာဘုတ်တို့ကို ကြည်လင်စေခြင်း။ (ခ) ရူပါရုံ-အဆင်းအာရုံ-၏ (စက္ခုပသာဒ၌)ရှုေရှုထိခိုက်ခြင်း-ကို-ငှါ-ထိုက်သော မဟာဘုတ်တို့ကို ကြည်လင်စေခြင်း။ «S1»	(a) el hacer claros a los *mahābhūta* dignos del choque frontal (del *cakkhupasāda*) con el *rūpārammaṇa* / el objeto visible. (b) el hacer claros a los *mahābhūta* dignos del choque frontal del *rūpārammaṇa* / el objeto visible (con el *cakkhupasāda*). Véase [[rūpābhighātārahabhūtappasādalakkhaṇa]].	(a) the making clear of the *mahābhūta* worthy of the face-on impact (of the *cakkhupasāda*) upon the *rūpārammaṇa* / the visible object. (b) the making clear of the *mahābhūta* worthy of the face-on impact of the *rūpārammaṇa* / the visible object (upon the *cakkhupasāda*). See [[rūpābhighātārahabhūtappasādalakkhaṇa]].	ရှုေရှု read as ရှေ့ရှု; hyphenated case particles ကို-ငှါ merged
139041	rūpābhighātārahabhūtappasādalakkhaṇa	(က) ရူပါရုံ-အဆင်းအာရုံ-၌ (စက္ခုပသာဒ၏)ရှေ့ရှုထိခိုက်ခြင်း-ကို-ငှါ-ထိုက်သော မဟာဘုတ်တို့ကို ကြည်လင်စေခြင်း လက္ခဏာရှိသော။ (ခ) ရူပါရုံ-အဆင်းအာရုံ-၏ (စက္ခုပသာဒ၌)ရှုေရှုထိခိုက်ခြင်း-ကို-ငှါ-ထိုက်သော မဟာဘုတ်တို့ကို ကြည်လင်စေခြင်း လက္ခဏာရှိသော။	(a) que tiene como característica el hacer claros a los *mahābhūta* dignos del choque frontal (del *cakkhupasāda*) con el *rūpārammaṇa* / el objeto visible. (b) que tiene como característica el hacer claros a los *mahābhūta* dignos del choque frontal del *rūpārammaṇa* / el objeto visible (con el *cakkhupasāda*).	(a) having as its characteristic the making clear of the *mahābhūta* worthy of the face-on impact (of the *cakkhupasāda*) upon the *rūpārammaṇa* / the visible object. (b) having as its characteristic the making clear of the *mahābhūta* worthy of the face-on impact of the *rūpārammaṇa* / the visible object (upon the *cakkhupasāda*).	ရှုေရှု in (b) read as ရှေ့ရှု; hyphenated case particles ကို-ငှါ merged
139047	rūpābhimukha	(န) (၁) ရူပါရုံသို့ရှုေရှု။ (တိ) (၂) ရူပါရုံသို့ရှုေရှုသော။ (တိ)  «S1»	(neutro) (1) de cara al *rūpārammaṇa*. (adjetivo) (2) que está de cara al *rūpārammaṇa*. (adjetivo) Véase [[rūpābhimukhabhāvapaccupaṭṭhāna]].	(neuter) (1) facing the *rūpārammaṇa*. (adjective) (2) that faces the *rūpārammaṇa*. (adjective) See [[rūpābhimukhabhāvapaccupaṭṭhāna]].	ရှုေရှု read as ရှေ့ရှု; a stray (တိ) stands before «S1»
139053	rūpāyatana	(၁) ရူပါယတန-(က) အဆင်းအာရုံ-ရူပါရုံ-ဟု ဆိုအပ်သော (စက္ခုဝိညာဏ်-မြင်သိ-စိတ်၏) လုံ့လပြုရာ-အားထုတ်ရာ-တည်နေရာ-စုဝေးရာ-ဖြစ်ပော်ရာ-အကြောင်း။ (ခ) (စက္ခုဝိညာဏ်-မြင်သိ-စိတ်၏)လုံ့လပြုရာ-အားထုတ်ရာ-တည်နေရာ-စုဝေးရာ-ဖြစ်ပော်ရာ-အကြောင်း-ဖြစ်သည့်-အဆင်းအာရုံ-ရူပါရုံ။ (ဂ) (စက္ခုဒွါရနှင့် ရူပါရုံတို့၌) ဖြစ်သည့် စက္ခုဝိညာဏ်-မြင်သိ-စိတ်ကိုတိုးချဲ့တတ်သည့်-အဆင်းအာရုံ-ရူပါရုံ။ (ဃ) ရှည်လျား-ကျယ်ပြန့်သော သံသရာ ဝဋ်ဆင်းရဲကို-ဆောင်-ဖြစ်စေ-တတ်သည့်-အဆင်းအာရုံ-ရူပါရုံ၊ (အာယတန ၁၂-ပါး တို့တွင် ပါဝင်သည့်) ရူပါယတန။ မူရင်းကြည့်ပါ။	(1) *rūpāyatana*: (a) el lugar de esfuerzo / el lugar de aplicación / el lugar de permanencia / el lugar de reunión / el lugar de surgimiento / la causa (de la *cakkhuviññāṇ* / la mente que ve y conoce), llamado objeto visible / *rūpārammaṇa*. (b) el objeto visible / el *rūpārammaṇa* que es el lugar de esfuerzo / el lugar de aplicación / el lugar de permanencia / el lugar de reunión / el lugar de surgimiento / la causa (de la *cakkhuviññāṇ* / la mente que ve y conoce). (c) el objeto visible / el *rūpārammaṇa* que suele extender la *cakkhuviññāṇ* / la mente que ve y conoce, que surge (en la *cakkhudvāra* y el *rūpārammaṇa*). (d) el objeto visible / el *rūpārammaṇa* que suele traer / producir el sufrimiento del *vaṭṭa* del *saṁsarā* largo / extenso; el *rūpāyatana* (incluido entre los 12 *āyatana*). Véase el original.	(1) *rūpāyatana*: (a) the place of striving / the place of exertion / the place of abiding / the place of gathering / the place of arising / the cause (of *cakkhuviññāṇ* / the mind that sees and knows), called the visible object / the *rūpārammaṇa*. (b) the visible object / the *rūpārammaṇa* that is the place of striving / the place of exertion / the place of abiding / the place of gathering / the place of arising / the cause (of *cakkhuviññāṇ* / the mind that sees and knows). (c) the visible object / the *rūpārammaṇa* apt to extend the *cakkhuviññāṇ* / the mind that sees and knows, which arises (in the *cakkhudvāra* and the *rūpārammaṇa*). (d) the visible object / the *rūpārammaṇa* apt to bring / produce the suffering of the *vaṭṭa* of the long / extensive *saṁsarā*; the *rūpāyatana* (included among the 12 *āyatana*). See the original.	'see the original' (မူရင်းကြည့်ပါ); ဖြစ်ပော်ရာ read as ဖြစ်ပေါ်ရာ; the -ရာ chain rendered as alternatives; sense (1) has no (2)
139059	rūpāyatanapariyāya	ရူပါယတနသဒ္ဒါ၏ ပရိယာယ်။	el sinónimo de la palabra *rūpāyatana*.	the synonym of the word *rūpāyatana*.	ပရိယာယ် (pariyāya) read as 'synonym'; could be 'way of expression'
139063	rūpāyatanavajja	ရူပါယတန-သည်-ကို-ကြဉ်-တတ်-အပ်-သော။	que excluye el *rūpāyatana* / del que se ha de excluir el *rūpāyatana*.	excluding the *rūpāyatana* / from which the *rūpāyatana* is to be excluded.	hyphens pair the particles သည်/ကို and တတ်/အပ် (active/passive); rendered as two readings
139067	rūpāyatta	ရုပ်-၌-အား-နှင့်-စပ်-သော။	relacionado con el *rūpa*.	connected with *rūpa*.	hyphenated case particles ၌-အား-နှင့် merged
139068	rūpāyattavuttitā	ရုပ်-၌-အား-နှင့်-စပ်သော ဖြစ်ခြင်းရှိသည်၏ အဖြစ်၊ စပ်သော ဖြစ်ခြင်း။	el hecho de tener una ocurrencia relacionada con el *rūpa*; la ocurrencia relacionada.	the state of having an occurrence connected with *rūpa*; connected occurrence.	hyphenated case particles ၌-အား-နှင့် merged
139073	rūpārammaṇattha	ရူပါရုံဟူသော အကျိုး။	el beneficio que es el *rūpārammaṇa*.	the benefit that is the *rūpārammaṇa*.	အကျိုး (attha) read as 'benefit'; could be 'meaning' or 'purpose'
139074	rūpārāma	ရူပါရုံလျှင်-မွေ့လျော်-ပျော်ပိုက်-ရာရျိသော၊ ရူပါရုံ၌-မွေ့လျော်ပျော်ပိုက်-ရာရှိသော။	que tiene al *rūpārammaṇa* como lugar de deleite / de complacencia; que tiene su lugar de deleite y complacencia en el *rūpārammaṇa*.	having the *rūpārammaṇa* as its place of delight / of pleasure; having its place of delight and pleasure in the *rūpārammaṇa*.	ရာရျိ read as ရာရှိ
139080	rūpārūpajīvitindriya	ရုပ်ဇီဝိတ နာမ်ဇီဝိတန္ဒြေ (ရုပ်သက်-နာမ်သက်-ဣန္ဒြေ)။	el *rūpajīvita* y el *nāmajīvitindriya* (el *indriya* de la vida del *rūpa* / de la vida del *nāma*).	*rūpajīvita* and *nāmajīvitindriya* (the *indriya* of the life of *rūpa* / of the life of *nāma*).	ရုပ်ဇီဝိတ lacks -indriya in the print
139087	rūpārūpadhammapariggāhaka	ရုပ်-နာမ်-တရားတို့ကို သိမ်းဆည်း-ရာ-ကြောင်း-၏အဖြစ်။	el hecho de ser el lugar / la causa de captar los estados *rūpa* / *nāma*.	the state of being the place / the cause of grasping *rūpa* / *nāma* states.	same headword as the previous id, but this definition is an abstract noun (…-ttā?); headword may be misprinted
139106	rūpārūpāvacaravipāka	ရူပါဝစရ-အရူပါဝစရ-အကျိုး-ဝိပါတ်စိတ်။	la mente resultante / *vipāka* *rūpāvacara* / *arūpāvacara*.	the *rūpāvacara* / *arūpāvacara* resultant / *vipāka* mind.	ဝိပါတ် read as ဝိပါက်
139107	rūpārūpāhāra	ရုပ်-နာမ်-အာဟာရ-ရုပ်-နာမ်-ဟူသောအကြောင်းတရား (အာဟာရ ၄-ပါးတို့တွင် ကဗဠှီကာရာဟာရသည် ရုပ်အာဟာရမည်၏၊ ဖဿာဟာရ,မနောသဉ္စေတနာဟာရ,ဝိညာဏာဟာရတို့သည် နာမ်အာဟာရ မည်ကုန်၏)။	el *āhāra* *rūpa* / *nāma*; el estado causal que es *rūpa* / *nāma* (entre los 4 *āhāra*, el *kabal̤hīkārāhāra* se llama *rūpāhāra*; el *phassāhāra*, el *manosañcetanāhāra* y el *viññāṇāhāra* se llaman *nāmāhāra*).	*rūpa* / *nāma* *āhāra*; the causal state that is *rūpa* / *nāma* (among the 4 *āhāra*, *kabal̤hīkārāhāra* is called *rūpāhāra*; *phassāhāra*, *manosañcetanāhāra* and *viññāṇāhāra* are called *nāmāhāra*).	ကဗဠှီကာရာဟာရ copied as printed (usual spelling ကဗဠီကာရာဟာရ)
139112	rūpāvacara	(က) ရူပဘုံ-ရူပဝစရဘုံ-၌-ကျင်လည်-ဖြစ်-ရာ ဖြစ်သော တရား။ (ဘုံ,စိတ်စသည်)။	(a) el estado que es el lugar donde se frecuenta / se surge en el *rūpabhūmi* / el *rūpāvacarabhūmi*. (el *bhūmi*, la mente y demás).	(a) the state that is the place of frequenting / arising in the *rūpabhūmi* / the *rūpāvacarabhūmi*. (the *bhūmi*, the mind and so on).	ရူပဝစရဘုံ read as ရူပါဝစရဘုံ; sense (a) has no (b)
139113	rūpāvacara	ရူပဘုံ-ရူပဝစရဘုံ-၌(ပဋိသန္ဓေကို)ဖြစ်စေတတ်သော၊ (စိတ်,သမာဓိစသည့်တရား)။	que suele producir (el *paṭisandhi*) en el *rūpabhūmi* / el *rūpāvacarabhūmi*; (los estados como la mente, el *samādhi* y demás).	apt to produce (*paṭisandhi*) in the *rūpabhūmi* / the *rūpāvacarabhūmi*; (states such as the mind, *samādhi* and so on).	ရူပဝစရဘုံ read as ရူပါဝစရဘုံ
139116	rūpāvacarakamma	ရူပဘုံ-အရူပဘုံ-၌ (ပဋိသန္ဓေကို) ဖြစ်စေတတ်သော ကံ၊ ရူပါဝစရကုသိုလ်ကံ။	el *kamma* que suele producir (el *paṭisandhi*) en el *rūpabhūmi* / el *arūpabhūmi*; el *kamma* sano *rūpāvacara*.	the *kamma* apt to produce (*paṭisandhi*) in the *rūpabhūmi* / the *arūpabhūmi*; *rūpāvacara* wholesome *kamma*.	အရူပဘုံ under rūpāvacarakamma: possibly a misprint for ရူပါဝစရဘုံ
139130	rūpāvacaracuti	ရူပစုတိ၊ ရူပါဝစရစုတိ။ (ရူပါဝစရစုတိသည် ရူပါပဝစရဝိပါက်စိတ် ၅-ခု,ဇီဝိတနဝကကလာပ်ရုပ်ဟု ဆိုအပ်သော အသညသတ်စုတိအားဖြင့် ပေါင်း ၆-ပါးရှိသည်)။	la *rūpacuti*; la *rūpāvacaracuti*. (la *rūpāvacaracuti* es de 6 clases en total: las 5 mentes *vipāka* *rūpāpavacara* y la *asaññasattacuti*, llamada *jīvitanavakakalāparūpa*).	*rūpacuti*; *rūpāvacaracuti*. (*rūpāvacaracuti* is of 6 kinds in all: the 5 *rūpāpavacara* *vipāka* minds and the *asaññasattacuti*, called *jīvitanavakakalāparūpa*).	ရူပါပဝစရ copied as printed; read ရူပါဝစရ
139132	rūpāvacarajjhāna	ရူပဝစရဈာန်။ «S1»	el *rūpāvacarajhāna*. Véase [[rūpajjhāna]].	the *rūpāvacarajhāna*. See [[rūpajjhāna]].	ရူပဝစရဈာန် read as ရူပါဝစရဈာန်
139133	rūpāvacarajhāna	ရူပဝစရဈာန်။ «S1»	el *rūpāvacarajhāna*. Véase [[rūpajjhāna]].	the *rūpāvacarajhāna*. See [[rūpajjhāna]].	ရူပဝစရဈာန် read as ရူပါဝစရဈာန်
139141	rūpāvacarapaṭisandhi	ရူပါဝစရပဋိသန္ဓေ။ (ရူပါဝစရပဋိသန္ဓေသည် ရူပါပဝစရဝိပါက် စိတ် ၅-ပါး,အသညသတ် ပဋိသန္ဓေအားဖြင့် ၆-ပါးရှိသည်)။	el *rūpāvacarapaṭisandhi*. (el *rūpāvacarapaṭisandhi* es de 6 clases: por las 5 mentes *vipāka* *rūpāpavacara* y el *paṭisandhi* de los *asaññasatta*).	the *rūpāvacarapaṭisandhi*. (the *rūpāvacarapaṭisandhi* is of 6 kinds: by way of the 5 *rūpāpavacara* *vipāka* minds and the *paṭisandhi* of the *asaññasatta*).	ရူပါပဝစရ copied as printed; read ရူပါဝစရ
139147	rūpāvacarabrahma	ရူပါဝစရဗြဟ္မာ၊ ရူပဗြဟ္မာ၊ ရူပ ၁၅-ဘုံ၌ ဖြစ်သော ဗြဟ္မာ။ မူရင်းကြည့်ပါ။	el *rūpāvacarabrahmā*; el *rūpabrahmā*; el *brahmā* que surge en los 15 *bhūmi* *rūpa*. Véase el original.	the *rūpāvacarabrahmā*; the *rūpabrahmā*; the *brahmā* arising in the 15 *rūpa* *bhūmi*. See the original.	'see the original' (မူရင်းကြည့်ပါ); 15 ရူပ planes as printed (elsewhere 16)
139151	rūpāvacarabhūmi	ရူပါဝစရဘုံ၊ ရူပဘုံ။ မူရင်းကြည့်ပါ။	el *rūpāvacarabhūmi*; el *rūpabhūmi*. Véase el original.	the *rūpāvacarabhūmi*; the *rūpabhūmi*. See the original.	'see the original' (မူရင်းကြည့်ပါ)
139152	rūpāvacaramagga	ရူပါဝစရဈာန်၊ ရူပါဝစရဈာန်ဟူသော-မဂ်-အကြောင်း၊ အကြောင်းဖြစ်သော ရူပါဝစရဈာန်။	el *rūpāvacarajhāna*; el *magga* / la causa que es el *rūpāvacarajhāna*; el *rūpāvacarajhāna* que es causa.	the *rūpāvacarajhāna*; the *magga* / the cause that is the *rūpāvacarajhāna*; the *rūpāvacarajhāna* that is a cause.	မဂ် here means 'way, means' rather than the supramundane path
139165	rūpāvatāra	ရူပါဝစရတရား၌-သက်ဝင်-အကျုံးဝင်-ခြင်း။	el adentrarse / quedar incluido en los estados *rūpāvacara*.	entering into / being included in the *rūpāvacara* states.	the headword is rūpāvatāra but the definition names ရူပါဝစရတရား; kept as printed
139170	rūpāsā	ရူပါရုံ၌-လိုချင်-တောင့်တ-မက်မော-သောတဏှာ။	la *taṇhā* que desea / anhela / codicia el *rūpārammaṇa*.	the *taṇhā* that wants / longs for / covets the *rūpārammaṇa*.	label is adjective (တိ) but the definition is a noun phrase
139178	rūpindriya	ရုပ်ဣန္ဒြေ၊ ဣန္ဒြေဖြစ်သော ရုပ်တရား။ (ရုပ်ဣန္ဒြေသည်-စက္ခုန္ဒြေ,သောတိန္ဒြေ,ဃာနိန္ဒြေ ဇီဝိန္ဒြေ,ကာသိန္ဒြေ,ဣတ္ထိန္ဒြေ,ပုရိသိန္ဒြေ,ဇီဝိတိန္ဒြေ (ဇီဝိတိန္ဒြေသည် ရုပ်နာမ်နှစ်ပါး ရောနေသော ဣန္ဒြေဖြစ်သည်)။ ဟူ၍ ၈-ပါးရှိ၏။	el *rūpindriya*; el estado *rūpa* que es *indriya*. (los *rūpindriya* son 8, a saber: *cakkhundriya*, *sotindriya*, *ghānindriya*, *jivhindriya*, *kāyindriya*, *itthindriya*, *purisindriya*, *jīvitindriya* (el *jīvitindriya* es un *indriya* en que se mezclan ambos, el *rūpa* y el *nāma*)).	the *rūpindriya*; the *rūpa* state that is an *indriya*. (the *rūpindriya* are 8, namely: *cakkhundriya*, *sotindriya*, *ghānindriya*, *jivhindriya*, *kāyindriya*, *itthindriya*, *purisindriya*, *jīvitindriya* (the *jīvitindriya* is an *indriya* in which both *rūpa* and *nāma* are mixed)).	misprints corrected in romanisation: ဇီဝိန္ဒြေ read as ဇိဝှိန္ဒြေ (jivhindriya), ကာသိန္ဒြေ read as ကာယိန္ဒြေ (kāyindriya)
139179	rūpindriyapaccaya	ရုပ်ဣန္ဒြိယပစ္စည်း၊ ရူပိန္ဒြိယပစ္စည်း။	el *rūpindriyapaccaya*; el *rūpindriyapaccaya*.	the *rūpindriyapaccaya*; the *rūpindriyapaccaya*.	two spellings (ရုပ်ဣန္ဒြိယ-, ရူပိန္ဒြိယ-) of the same compound
139180	rūpimaya	ငွေဖြင့်-ပြီး-ပြုလုပ်အပ်ပ-သော။	hecho / fabricado de plata.	made / fashioned of silver.	အပ်ပ read as အပ်
139181	rūpiya	(၁) ငွေ့။ (၂) (အမှတ်တံဆိတ် ခပ်နှိပ်အပ်ပြီးသော ရုပ်ပုံတံဆိပ်ပါရှိသည့်) ရွှေငွေအသပြာ၊ ပိုက်ဆံ၊ ဒင်္ဂါး (ရောင်းဝယ်မှု ကိစ္စကို ပြီးစေနိုင်သော ပိုက်ဆံအမျိုးမျိုး)။ ရူပိယ သံဝေါဟာရ-လည်းကြည့်။ (၃) ငွေခွက်,ရွှေတုံး,ရွှေခဲ,ငွေတုံး,ငွေခဲ,ကြေးနီ,ကြေးမည်းစသော ဘဏ္ဍာ။ «S1» (၄) ရူပိယသံဝေါဟာရသိက္ခာပုဒ်။ (၅) ရူပိယ (ဇာတရူပ) သိက္ခာပုဒ်။	(1) plata. (2) las monedas de oro y plata (que llevan un sello con figura, estampado como marca); el dinero; las monedas acuñadas (los diversos tipos de dinero con que se puede llevar a cabo la compraventa). Véase también [[rūpiya saṁvohāra]]. (3) los bienes como cuencos de plata, lingotes de oro, pepitas de oro, lingotes de plata, pepitas de plata, cobre, bronce y demás. Véase también [[rūpiyasaṁvohara]]. (4) el *rūpiyasaṁvohārasikkhāpada*. (5) el *sikkhāpada* *rūpiya* (*jātarūpa*).	(1) silver. (2) gold and silver coins (bearing a figured seal stamped as a mark); money; minted coins (the various kinds of money with which buying and selling can be carried out). See also [[rūpiya saṁvohāra]]. (3) goods such as silver bowls, gold ingots, gold nuggets, silver ingots, silver nuggets, copper, bronze and so on. See also [[rūpiyasaṁvohara]]. (4) the *rūpiyasaṁvohārasikkhāpada*. (5) the *rūpiya* (*jātarūpa*) *sikkhāpada*.	ငွေ့ (vapour) read as ငွေ (silver); 'see also X' left in the Burmese (ရူပိယ သံဝေါဟာရ-လည်းကြည့်); ကြေးမည်း rendered 'bronze'
139182	rūpiyaggahaṇa	ငွေကို-ကိုင်-ယူ-ခြင်း။ (၂) ရူပိယသဒ္ဒါ။	el agarrar / tomar la plata. (2) la palabra *rūpiya*.	grasping / taking silver. (2) the word *rūpiya*.	sense number (1) missing in the print
139184	rūpiyacetāpaka	ရွှေ-ငွေ-အသပြာ-ပိုက်ဆံ-ဒင်္ဂါး-ကို-ဝယ်ယူ-လဲလှယ်-စေသော၊ သူ။	que hace comprar / intercambiar el oro / la plata / la moneda / el dinero / la moneda acuñada (dicho de una persona).	causing gold / silver / coin / money / minted coin to be bought / exchanged (said of a person).	အသပြာ (kahāpaṇa-type coin) rendered 'moneda'
139185	rūpiyacetāpana	ရွှေ-ငွေ-အသပြာ-ပိုက်ဆံ-ဒင်္ဂါး-ကို-လဲလှဲယ်-ဖလှယ်-ဝယ်ယူ-စေခြင်း။	el hacer cambiar / intercambiar / comprar el oro / la plata / la moneda / el dinero / la moneda acuñada.	causing gold / silver / coin / money / minted coin to be changed / exchanged / bought.	လဲလှဲယ် read as လဲလှယ်
139188	rūpiyachaḍḍakaṭṭhāna	ရွှေ-ငွေ-အသပြာ-ပိုက်ဆံ-ဒင်္ဂါး-ကို စွန့်ပစ်တတ်သော ရဟန်း-၏-အရာ-ဌာန။	el cargo / el puesto del monje que suele desechar el oro / la plata / la moneda / el dinero / la moneda acuñada.	the office / the post of the monk who throws away gold / silver / coin / money / minted coin.	hyphenated particle ၏ merged
139189	rūpiyachaḍḍakasammata	ရွှေ-ငွေ-အသပြာ-ပိုက်ဆံ-ဒင်္ဂါး-ကို စွန့်ပစ်တတ်သူဟူ၍ သမုတ်အပ်သော။	designado como el que suele desechar el oro / la plata / la moneda / el dinero / la moneda acuñada.	appointed as one who throws away gold / silver / coin / money / minted coin.	သမုတ် (sammuti): the Saṅgha's formal appointment
139190	rūpiyachaḍḍakasammuti	ရွှေ-ငွေ-အသပြာ-ပိုက်ဆံ-ဒင်္ဂါး-ကို စွန့်ပစ်တတ်သူဟူ၍ သမုတ်ခြင်း။	la designación como el que suele desechar el oro / la plata / la moneda / el dinero / la moneda acuñada.	the appointment as one who throws away gold / silver / coin / money / minted coin.	သမုတ် (sammuti): the Saṅgha's formal appointment
139193	rūpiyapakkhara	ငွေဖြင့် ပြီးသော-လှည်းသန်-အပေါင်-ရှိသော။	que tiene la lanza del carro / el conjunto hechos de plata.	having a cart-pole / fittings made of silver.	အပေါင် unclear (fittings? assemblage?); pakkhara is chariot equipment
139194	rūpiyupakkhara	ငွေဖြင့် ပြီးသော-လှည်းသန်-အပေါင်-ရှိသော။	que tiene la lanza del carro / el conjunto hechos de plata.	having a cart-pole / fittings made of silver.	အပေါင် unclear (fittings? assemblage?); pakkhara is chariot equipment
139196	rūpiyapaṭiggahaṇasikkhāpada	ရွှေ,ငွေကို ခံယူခြင်းကြောင့် ပညတ်အပ်သော သိက္ခာပုဒ်၊ ရူဝိယပဋိဂ္ဂဟဏ သိက္ခာပုဒ်။	el *sikkhāpada* promulgado a causa del recibir oro, plata; el *sikkhāpada* *rūviyapaṭiggahaṇa*.	the *sikkhāpada* laid down because of receiving gold, silver; the *rūviyapaṭiggahaṇa* *sikkhāpada*.	ရူဝိယ copied as printed; read ရူပိယ
139197	rūpiyappaṭiggahaṇasikkhāpada	ရွှေ,ငွေကို ခံယူခြင်းကြောင့် ပညတ်အပ်သော သိက္ခာပုဒ်၊ ရူဝိယပဋိဂ္ဂဟဏ သိက္ခာပုဒ်။	el *sikkhāpada* promulgado a causa del recibir oro, plata; el *sikkhāpada* *rūviyapaṭiggahaṇa*.	the *sikkhāpada* laid down because of receiving gold, silver; the *rūviyapaṭiggahaṇa* *sikkhāpada*.	ရူဝိယ copied as printed; read ရူပိယ
139205	rūpiyapūra	ငွေဖြင့် ပြည့်သော၊ ငွေခွက်,ငွေဖရင်း,ငွေပဲတို့ဖြင့် ပြည့်သော။	lleno de plata; lleno de cuencos de plata, ‹ငွေဖရင်း›, granos de plata.	full of silver; full of silver bowls, ‹ငွေဖရင်း›, silver grains.	ငွေဖရင်း unidentified (a silver vessel?); ငွေပဲ 'silver beans' rendered 'silver grains'
139206	rūpiyabhaṇḍa	ငွေဘဏ္ဍာ။ «S1»	bienes / tesoro de plata. Véase [[rūpiya]] (3).	silver goods / treasure. See [[rūpiya]] (3).	ငွေဘဏ္ဍာ has no hyphen; 'bienes / tesoro' renders one word ဘဏ္ဍာ
139208	rūpiyabhūmiya	ရွှေငွေဖြင့် ပြီးသော-မြေ-မြေအပြင်-ပော်၌-တည်ထောင်-ဖန်ဆင်း-ဆောက်လုပ်-အပ်သော။	establecido / creado / construido sobre el suelo / la superficie del suelo hecho de oro y plata.	established / created / built on the ground / ground surface made of gold and silver.	ပော် read as ပေါ် (on)
139213	rūpiyavibhaṅga	ရူပိယဝိဘင်း၊ ရွှေငွေကို-ခွဲခြမ်း-ဝေဖန်-ရာဖြစ်သော ကျမ်း။	*rūpiyavibhaṅga*; el texto en que se divide / analiza el oro y la plata.	*rūpiyavibhaṅga*; the text in which gold and silver are divided / analysed.	ကျမ်း read as a text / section
139219	rūpiyasambhava	ရူပိယ-ရွှေငွေ-၏ဖြစ်သင့်ခြင်း။	el ser propio de *rūpiya* / oro y plata el llegar a ser.	the fitness of *rūpiya* / gold and silver to come to be.	ဖြစ်သင့်ခြင်း ('being fit to arise / to be') is unclear here; sambhava may rather mean 'origin'
139220	rūpiyasikkhāpada	ရူပိယသိက္ခာပုဒ်၊ ရွှေငွေကို ကိုင်ခံခြင်းကြောင့် ပညတ်အပ်သော သိက္ခာပုဒမု။ (ဇာတရူပရဇတသိက္ခာပုဒ်ဟုလည်း ခော်၏)။	*rūpiyasikkhāpada*; el *sikkhāpada* promulgado a causa del aceptar / manejar oro y plata. (También se le llama *jātarūparajatasikkhāpada*).	*rūpiyasikkhāpada*; the *sikkhāpada* laid down on account of accepting / handling gold and silver. (It is also called *jātarūparajatasikkhāpada*).	misprints သိက္ခာပုဒမု (for ပုဒ်) and ခော် (for ခေါ်) read; ကိုင်ခံ ('accept-handle') has no hyphen, rendered 'aceptar / manejar'
139221	rūpī	(၁) ရုပ်ရှိသော။ (၂) ကသိုဏ်းရုပ်ရှိသော။ (၃) ကရဇရုပ်ရှိသော။ (၄) ဖောက်ပြန်ခြင်းသဘောရှိသော။ (၅) ဖောက်ပြန်လေ့ရှိသော။ (၆) ရူပဈာန်ရှိသော၊ သူ။ (ရူပဈာနလာဘီပုဂ္ဂိုလ်)။ (၇) ရူပကသိဏဈာန်ရှိသော၊ သူ။ (ရူပကသိဏဈာနလာဘီပုဂ္ဂိုလ်)။ (၈) ကသိုဏ်းရုပ်ဟူသော အာရုံ။ မူရင်းကြည့်ပါ။	(1) que tiene *rūpa*. (2) que tiene el *rūpa* del *kasiṇa*. (3) que tiene *karajarūpa*. (4) que tiene la naturaleza de alterarse. (5) que suele alterarse. (6) que tiene *rūpajhāna* (dicho de una persona). (*rūpajhānalābhīpuggala*). (7) que tiene *rūpakasiṇajhāna* (dicho de una persona). (*rūpakasiṇajhānalābhīpuggala*). (8) el objeto que es el *rūpa* del *kasiṇa*. Véase el original.	(1) having *rūpa*. (2) having the *kasiṇa* *rūpa*. (3) having *karajarūpa*. (4) having the nature of being altered. (5) apt to be altered. (6) having *rūpajhāna* (said of a person). (*rūpajhānalābhīpuggala*). (7) having *rūpakasiṇajhāna* (said of a person). (*rūpakasiṇajhānalābhīpuggala*). (8) the object that is the *kasiṇa* *rūpa*. See the original.	'မူရင်းကြည့်ပါ' rendered literally; ဖောက်ပြန်ခြင်း (ruppana) rendered 'alterarse / be altered'; ကသိုဏ်း / ကရဇ romanised by hand; sense 8 အာရုံ = objeto
139222	rūpīcatukka	ရုပ်ရှိ၏ဟု ယူသည့် အယူဝါဒ ၄-ခုအပေါင်း၊ ရူပီစတုက္က။	el conjunto de 4 opiniones / doctrinas que sostienen «tiene *rūpa*»; *rūpīcatukka*.	the group of 4 views / doctrines holding 'it has *rūpa*'; *rūpīcatukka*.	အယူဝါဒ (one word) rendered 'opiniones / doctrinas'
139223	rūpīduka	ရူပီဒုက်။	*rūpīduka*.	*rūpīduka*.	the definition only repeats the headword in Burmese form
139225	rūpīdhamma	ဖောက်ပြန်ခြင်းသဘောရှိသော တရား၊ ရုပ်တရား။	estado que tiene la naturaleza de alterarse; el *rūpa* como estado.	a state having the nature of being altered; *rūpa* as a state.	ရုပ်တရား rendered 'el rūpa como estado' (rūpadhamma)
139227	rūpīpādasañcara	(တင့်တယ်ဆန်းကြယ်သော) ရုပ်လက္ခဏာရှိသော ခြေတော်ဖြင့် လှည့်လည်သွားလာသော။	que va y viene con los pies (augustos), que tienen las marcas corporales (espléndidas y maravillosas).	going to and fro with the (august) feet having the (splendid, wondrous) bodily marks.	label ပု but the gloss is adjectival
139230	rūpīyati	(၁) ပြ-ထင်စွာပြ-အပ်၏။ (၂) တင်စားအပ်၏။	(1) es mostrado / mostrado claramente. (2) es dicho en sentido figurado.	(1) is shown / clearly shown. (2) is said figuratively.	label ကမ္မ၊ကြိ (passive verb)
139231	rūpīsadda	ရူပီ-သဒ္ဒါ။	la palabra *rūpī*.	the word *rūpī*.	hyphen in ရူပီ-သဒ္ဒါ read as a join, not an alternative
139245	rūpūpajīvī	ပြည့်တန်းဆာမ၊ (မိမိ၏) ရူပါရုံ-ရုပ်အဆင်း-ကို အမှီပြု၍ အသက်မွေးတတ်သော၊ သူ။ «S1»	prostituta; que suele ganarse la vida apoyándose en su (propio) *rūpārammaṇa* / apariencia física (dicho de una persona). Véase también [[rūpūpajīvikā]].	a prostitute; apt to make a living relying on (one's own) *rūpārammaṇa* / bodily appearance (said of a person). See also [[rūpūpajīvikā]].	တန်းဆာ misprint for တန်ဆာ
139248	rūpūpasaṁhāra	အတူ-ပုံစံတူ-ဥပမာ-ကို ကပ်၍ ဆောင်ခြင်း။ ရူပူပဟာရ(၂)ကိုလည်း-ကြည့်။	el aducir (aplicándolo) algo semejante / un modelo semejante / un símil. Véase también [[rūpūpahāra]] (2).	the bringing forward (applying) of a likeness / a similar pattern / a simile. See also [[rūpūpahāra]] (2).	'see also X (2)' left in the Burmese
139249	rūpūpahāra	(၁) ရူပါရုံကို-အနီးသို့ ဆောင်-အနီး၌ချထား-ခြင်း၊ (မိမိကိုယ်တိုင်)ဘီလူးအသွင်းစသည်ဖန်ဆင်း၍ ရပ်တည်ခြင်း။ (၂) အတူ-ပုံစံတူ-ဥပမာ-ကို ကပ်၍ ဆောင်ခြင်း။ «S1»	(1) el acercar / colocar cerca el *rūpārammaṇa*; el presentarse (uno mismo) tras crear la apariencia de un *yakkha* y demás. (2) el aducir (aplicándolo) algo semejante / un modelo semejante / un símil. Véase [[rūpūpahārattha]].	(1) the bringing near / placing near of the *rūpārammaṇa*; appearing (oneself) after creating the guise of a *yakkha* and so on. (2) the bringing forward (applying) of a likeness / a similar pattern / a simile. See [[rūpūpahārattha]].	အသွင်း read as အသွင် (guise)
139260	rūl̤hakacchāvana	ပေါက်ရောက်သည့် သစ်တောရှိသော တောင်ကွေ့အရပ်။	paraje en un recodo de la montaña que tiene un bosque crecido.	a place in a mountain recess having a grown forest.	label တိ but the gloss is a noun
139266	rūl̤hīsadda	ရူဠှီသဒ္ဒါ။	la palabra *rūl̤hī*.	the word *rūl̤hī*.	may rather mean 'a conventional term' (rūḷhī-sadda) than the word rūḷhī
139267	re	(က) အရှင်၊ ငါ့ရှင်။ (ခ) အို-အမောင်-အမင်း။ (ဂ) ဟေ-ဟယ်-ဟဲ့-အချင်း။	(a) ¡señor!; ¡mi señor! (b) ¡oh! / ¡muchacho! / ¡muchacha! (c) ¡eh! / ¡oye! / ¡ea! / ¡compañero!	(a) sir!; my lord! (b) oh! / young man! / young woman! (c) hey! / hey there! / you there! / friend!	label ဗျ (particle); vocative interjections ဟေ-ဟယ်-ဟဲ့ differ in politeness, rendered loosely
139268	reādesa	ရေအပြု။	la sustitución por *re*.	the substitution by *re*.	ရေအပြု read as the ādesa (substitute) ⟦ရေ⟧
139271	reṇu	(၁) မြူမှုန်၊ ဖုံမှုန့်၊ မြေမှုန့်။ (၂) ပန်းရက်၊ ပန်းဝတ်မှုန်။ (ပု) (၃) ရေဏုမည်သော စကြာမင်း။ (၄) ရေဏုပူဇိတထေရအပဒါန်။ (၅) ရေဏုမင်းသား။ (၆) ရေဏုမည်သော မင်း။ မူရင်းကြည့်ပါ။	(1) partícula de polvo; polvo; tierra en polvo. (2) polen; polen de flor. (masculino) (3) el rey *cakkavatti* llamado *reṇu*. (4) *reṇupūjitatherāpadāna*. (5) el príncipe *reṇu*. (6) el rey llamado *reṇu*. Véase el original.	(1) dust particle; dust; powdered earth. (2) pollen; flower pollen. (masculine) (3) the *cakkavatti* king named *reṇu*. (4) *reṇupūjitatherāpadāna*. (5) Prince *reṇu*. (6) the king named *reṇu*. See the original.	'မူရင်းကြည့်ပါ' rendered literally; ပန်းရက် read as pollen
139272	reṇukā	ရေဏုပင်။	la planta *reṇu*.	the *reṇu* plant.	plant not identified
139273	reṇupariyāya	ရေဏုသဒ္ဒါ၏ ပုရိယာယ်။	el sinónimo (*pariyāya*) de la palabra *reṇu*.	the synonym (*pariyāya*) of the word *reṇu*.	ပုရိယာယ် read as ပရိယာယ်
139274	reṇupūjakathera	(ကံ့ကော်) ပန်းဝတ်မှုန်တို့ဖြင့် ပူဇော်သော မထေရ်၊ ရေဏုပူဇကမထေရ်။	el *thera* que hizo ofrenda con el polen (de ‹ကံ့ကော်›); *reṇupūjakathera*.	the *thera* who made an offering with the pollen (of ‹ကံ့ကော်›); *reṇupūjakathera*.	‹ကံ့ကော်› is probably Mesua ferrea (ironwood), tentative
139279	reṇusañcaya	မြူမှုန်-အစုအဝေး-အပေါင်း။ (မြူ-ဖုံ-လုံး)။	acumulación / conjunto / masa de partículas de polvo. (polvo fino / polvo / bola).	accumulation / collection / mass of dust particles. (fine dust / dust / ball).	(မြူ-ဖုံ-လုံး) probably 'a ball of dust'; hyphens kept as alternatives
139284	revata	(၁) ရေဝတဘုရား။ (၂) (သိဒ္ဓတ္တဘုရား၏ အလုပ်အကျွေး) ရေဝတမထေရ်။ (၃) ခဒိရဝနိယ ရေဝတမထေရ် (ရှင်သာရိပုတ္တရာမထေရ်၏ ညီအငယ်ဆုံး)။ (၄) ကင်္ခါရေဝတမထေရ်။ (၅) (ဒုတိယသံဂါယနာတင်) ရေဝတမထေရ်။ (၆) (အရှင်မဟာဗုဒ္ဓဃောသ၏ ဥပဇ္ဈာယ်ဆရာ) ရေဝတမထေရ်။ (၇) (သာမဏေကျော် ၄-ပါးတို့တွင် ပါဝင်သည့်) ရေဝတသာမဏေ။ (၈) ရေဝတပုဏ္ဏား။ မူရင်းကြည့်ပါ။	(1) el Buddha *revata*. (2) el *thera* *revata* (asistente del Buddha *siddhatta*). (3) el *thera* *khadiravaniya* *revata* (el hermano menor del *thera* *sāriputta*). (4) el *thera* *kaṅkhārevata*. (5) el *thera* *revata* (que celebró el segundo *saṅgāyana*). (6) el *thera* *revata* (maestro *upajjhāya* del venerable *mahābuddhaghosa*). (7) el *sāmaṇera* *revata* (incluido entre los 4 *sāmaṇera* célebres). (8) el brahmán *revata*. Véase el original.	(1) the Buddha *revata*. (2) the *thera* *revata* (attendant of the Buddha *siddhatta*). (3) the *thera* *khadiravaniya* *revata* (the youngest brother of the *thera* *sāriputta*). (4) the *thera* *kaṅkhārevata*. (5) the *thera* *revata* (who held the second *saṅgāyana*). (6) the *thera* *revata* (the *upajjhāya* teacher of the Venerable *mahābuddhaghosa*). (7) the *sāmaṇera* *revata* (counted among the 4 famous *sāmaṇera*). (8) the brahmin *revata*. See the original.	'မူရင်းကြည့်ပါ' rendered literally; ရှင်သာရိပုတ္တရာ romanised as sāriputta; ညီအငယ်ဆုံး 'youngest brother' (ES 'hermano menor')
139289	revatācariya	ဆရာရေဝတ၊ ရေဝတဆရာ၊ ရေဝတမည်သော ဆရာ၊ ရေဝတ-(၆)-ကြည့်။	el maestro *revata*; *revata* el maestro; el maestro llamado *revata*; véase *revata* (6).	the teacher *revata*; *revata* the teacher; the teacher named *revata*; see *revata* (6).	'see X (6)' left in the Burmese
139291	revatīnakkhatta	ရေဝတီနက္ခတ်။ မူရင်းကြည့်ပါ။	la mansión lunar *revatī*. Véase el original.	the lunar mansion *revatī*. See the original.	'မူရင်းကြည့်ပါ' rendered literally
139295	revatīvimāna	ရေဝတီ၏ ယောက်ကျား (နန္ဒိယသူကြွယ်)၏-ဘုံ-ဗိမာန်။	el *bhūmi* / *vimāna* del esposo de *revatī* (el hacendado *nandiya*).	the *bhūmi* / *vimāna* of *revatī*'s husband (the householder *nandiya*).	ဘုံ here means abode; kept ⟦=bhūmi⟧
139299	roga	(၁) ရောဂါ၊ အနာရောဂါ (က) ကိုယ်၌ ဖြစ်သော ရောဂါ။ (ခ) စိတ်၌ဖြစ်သော ရောဂါ။ (ဂ) ကာမဂုဏ်။ (ဃ) အဝိဇ္ဇာ။ (င) တဏှာ။ (စ) ခန္ဓာကိုယ်၊ အတ္တဘော။ (ဆ) ကိလေသာဟူသော အနာရောဂါ။ (ဇ) ဒုက္ခဝေဒနာ။ (ဈ) သညာ။ (ည) ခန္ဓာ ၅-ပါး။ (ဋ) ရဟန်း၏ အနာရောဂါ ၄-မျိုး။ (၂) ချုပ်ပျက်တတ်သော ဘင်၊ ချုပ်-ပျက်စီး-ခြင်း။ (၃) ဖောက်ပြန်-ပြောင်းလဲ-ခြင်း။ မူရင်းကြည့်ပါ။	(1) enfermedad; dolencia: (a) enfermedad que surge en el cuerpo. (b) enfermedad que surge en la mente. (c) *kāmaguṇa*. (d) *avijjā*. (e) *taṇhā*. (f) el cuerpo; la existencia individual. (g) la enfermedad que es el *kilesa*. (h) *dukkhavedanā*. (i) *saññā*. (j) los 5 *khandhā*. (k) las 4 clases de enfermedad del monje. (2) *bhaṅga* que suele cesar; el cesar / perecer. (3) el alterarse / cambiar. Véase el original.	(1) disease; ailment: (a) disease arising in the body. (b) disease arising in the mind. (c) *kāmaguṇa*. (d) *avijjā*. (e) *taṇhā*. (f) the body; individual existence. (g) the disease that is *kilesa*. (h) *dukkhavedanā*. (i) *saññā*. (j) the 5 *khandhā*. (k) the 4 kinds of a monk's disease. (2) *bhaṅga* apt to cease; the ceasing / perishing. (3) the being altered / changing. See the original.	'မူရင်းကြည့်ပါ' rendered literally; (f) ခန္ဓာကိုယ်၊ အတ္တဘော rendered 'body; individual existence' per stem L084
139301	rogagaṇḍasallabhesajja	(အတ္တကိလမထာနုယောဂ,ကာမသုခလ္လိကာနုယောဂဟု ဆိုအပ်သော) အနာရောဂါ,အိုင်းအမာ,မြားငြောင့်တို့ကို ကုစားကြောင်းဖြစ်သည့် ဆေး။	(llamados *attakilamathānuyoga* y *kāmasukhallikānuyoga*) medicina que es remedio de las enfermedades, los tumores y los dardos.	(called *attakilamathānuyoga* and *kāmasukhallikānuyoga*) medicine that is the cure for diseases, boils and darts.	the bracketed gloss names the two extremes as the diseases etc.; the syntax is compressed
139305	rogaṭṭha	ရော အတ္ထ။ တ္ထ ကို ဋ္ဌ-ပြု။ ] အနာရောဂါ ဟူသောအနက်။ အာဗာဓဋ္ဌေနာတိ ဝိဗာဓဋ္ဌေန၊ ရောဂဋ္ဌေန ဝါ။ ဝိသုဒ္ဓိ၊ ဋီ။ ၁။ ၂၉။	[*ro* + *attha*; *ttha* se convierte en *ṭṭha*.] el significado de «enfermedad». *ābādhaṭṭhenāti vibādhaṭṭhena. rogaṭṭhena vā*.	[*ro* + *attha*; *ttha* is made *ṭṭha*.] the meaning 'disease'. *ābādhaṭṭhenāti vibādhaṭṭhena. rogaṭṭhena vā*.	the opening bracket of the grammatical note is missing and ရော is probably ရောဂ; citation ဝိသုဒ္ဓိ၊ ဋီ dropped
139307	rogatikicchana	အနာရောဂါကို-ကုစား-ဆေးကု-ခြင်း။ မူရင်းကြည့်ပါ။	el tratar / medicar la enfermedad. Véase el original.	the treating / medicating of disease. See the original.	'မူရင်းကြည့်ပါ' rendered literally
139315	roganimittaka	ရောဂါလျှင် အကြောင်းရှိသော။	que tiene por causa la enfermedad.	having disease as its cause.	label ထီ but the gloss is adjectival
139318	rogantarakappa	ရောဂန္တရကပ်၊ အနာရောဂါဖြင့် (သံဝဋ္ဋကပ်သို့ မရောက်မီ) အကြား-(=ကြားကာလ)၌ သတ္တလောက၏-သေကျေ-သေပျောက်-ပျက်စီး-ခြင်း။	*rogantarakappa*; el morir / perecer / destruirse del mundo de los seres por la enfermedad en el intervalo (= el período intermedio) (antes de llegar al *saṁvaṭṭakappa*).	*rogantarakappa*; the dying / perishing / destruction of the world of beings by disease in the interval (= the intermediate period) (before the *saṁvaṭṭakappa* is reached).	chain သတ္တလောက၏-သေကျေ-သေပျောက်-ပျက်စီး-ခြင်း: the first element is the subject, the rest alternatives
139330	rogamūla	(၁) (နာမ်ရုပ်ဟူသော) အနာရောဂါတို့၏-အကြောင်း-မူလ။ (၂) အစဉ်လိုက်တတ်သော အနာတို့၏ အကြောင်းဖြစ်သော-ယာပျအနာ-ရပ်စောက်နာ-မတ်တတ်နာ။ «S1»	(1) la causa / raíz de las enfermedades (que son *nāma* y *rūpa*). (2) ‹ယာပျအနာ› / ‹ရပ်စောက်နာ› / ‹မတ်တတ်နာ›, que es la causa de las enfermedades que siguen en serie. Véase [[rogamūla]] (2).	(1) the cause / root of diseases (namely *nāma* and *rūpa*). (2) ‹ယာပျအနာ› / ‹ရပ်စောက်နာ› / ‹မတ်တတ်နာ›, which is the cause of the diseases that follow in sequence. See [[rogamūla]] (2).	Burmese disease names ‹ယာပျအနာ›, ‹ရပ်စောက်နာ›, ‹မတ်တတ်နာ› not identified
139331	rogamūla	အစဉ်လိုက်သော အနာတို့၏ အကြောင်းဖြစ်သော ယာပျအနာ (ရပ်စောက်နာ-မတ်တတ်နာ)နှင့် တူသော။	semejante a ‹ယာပျအနာ› (‹ရပ်စောက်နာ› / ‹မတ်တတ်နာ›), que es la causa de las enfermedades que siguen en serie.	like ‹ယာပျအနာ› (‹ရပ်စောက်နာ› / ‹မတ်တတ်နာ›), which is the cause of the diseases that follow in sequence.	Burmese disease names not identified; label န but the gloss is adjectival; headword repeats the previous one
139341	rogasamasīsī	ရောဂသမသီသီပုဂ္ဂိုလ်-(က) အနာရောဂါ၏ အစွမ်းဖြင့် တူမျှ (အညီအမျှဖြစ်)သော ဥပါဒါနက္ခန္ဓာ၏ ဦးခေါင်းသဖွယ်ဖြစ်သည့် ဇီဝိတိန္ဒြေ,ကိလေသာတို့၏ ဦးခေါင်းသဖွယ်ဖြစ်သည့် အဝိဇ္ဇာရှိသော၊ သူ။ (ခ) အနာရောဂါ မပျောက်မီအတွင်း၌ ငြိမ်းအေးစေတတ်သော နေက္ခမ္မအစရှိသည့် ၃၇-ပါးသော တရားနှင့် အစွန်းအဖျား ပဓာနဖြစ်သော တဏှာအစရှိသည့် ၁၃-ပါးသော တရားရှိသော၊ သူ။ မူရင်းကြည့်ပါ။	*rogasamasīsīpuggala*: (a) que tiene, igualados (siendo simultáneos) por la fuerza de la enfermedad, el *jīvitindriya*, que es como la cabeza de los *upādānakkhandhā*, y la *avijjā*, que es como la cabeza de los *kilesa* (dicho de una persona). (b) que tiene los 37 estados que comienzan por *nekkhamma*, que suelen apaciguar antes de que desaparezca la enfermedad, y los 13 estados que comienzan por *taṇhā*, que son la cima / lo principal (dicho de una persona). Véase el original.	*rogasamasīsīpuggala*: (a) having, made equal (simultaneous) by force of the disease, the *jīvitindriya*, which is like the head of the *upādānakkhandhā*, and *avijjā*, which is like the head of the *kilesa* (said of a person). (b) having the 37 states beginning with *nekkhamma*, which are apt to calm before the disease disappears, and the 13 states beginning with *taṇhā*, which are the tip / the chief (said of a person). See the original.	'မူရင်းကြည့်ပါ' rendered literally; compressed samasīsī explanation, object of ငြိမ်းအေးစေတတ်သော (what the 37 states calm) not stated; အစွန်းအဖျား ပဓာန read as 'tip / chief'
139346	rogasutta	ရောဂသုတ်။	*rogasutta*.	*rogasutta*.	the definition only repeats the headword in Burmese form
139356	rogāvāsa	အနာရောဂါတို့၏တည်နေရာ၊ ရောဂါ-အိုး-အိမ်။	el lugar donde residen las enfermedades; la casa / el hogar de la enfermedad.	the place where diseases reside; the house / home of disease.	ရောဂါ-အိုး-အိမ်: အိုးအိမ် is one word (home); hyphens kept as alternatives
139364	rāguppādakatā	အနာရောဂါကို ဖြစ်စေတတ်သည်၏ အဖြစ်။	el hecho de ser apto para producir enfermedad.	the state of being apt to produce disease.	headword printed rāguppādakatā, evidently roguppādakatā
139365	roguppādana	အနာရောဂါကို ဖြစ်ပော်စေခြင်း။	el hacer surgir la enfermedad.	the causing of disease to arise.	ပော် read as ပေါ်
139373	rocanī	ကြာဟင်းဖြူ။	‹ကြာဟင်းဖြူ›.	‹ကြာဟင်းဖြူ›.	plant name ‹ကြာဟင်းဖြူ› not identified (a white water plant; the Pāḷi rocanī is usually a medicinal plant)
139380	rocayāma	(ငါတို့) နှစ်သက်-အလိုရှိ-ကုန်၏။	(nosotros) nos deleitamos / deseamos.	(we) delight / wish.	1st person plural, marked in the Burmese (ငါတို့)
139381	rocayāmi	(ငါ)နှစ်သက်-အလိုရှိ-၏။	(yo) me deleito / deseo.	(I) delight / wish.	1st person, marked in the Burmese (ငါ)
139383	rocaye	(ငါ)နှစ်သက်-အလိုရှိ-၏။	(yo) me deleito / deseo.	(I) delight / wish.	1st person, marked in the Burmese (ငါ)
139385	rocaye	(ငါ) နှစ်သက်-အလိုရှိ-ရာ၏။	(yo) me deleitaría / desearía.	(I) would delight / would wish.	1st person, marked in the Burmese (ငါ)
139390	roce	(ငါ) နှစ်သက်-အလိုရှိ-၏။ «S1»	(yo) me deleito / deseo. Véase [[rocayati]].	(I) delight / wish. See [[rocayati]].	1st person, marked in the Burmese (ငါ)
139393	rocetvā	နှစ်သက်-အလိုရှိ-စေ၍။	habiendo hecho deleitarse / desear.	having caused to delight / to wish.	label ကာ၊ကြိ၊ဝိ (causative absolutive)
139398	rocemi	(ငါ) နှစ်သက်-အလိုရှိ-၏။	(yo) me deleito / deseo.	(I) delight / wish.	1st person, marked in the Burmese (ငါ)
139399	roceyyaṁ	(ငါ) နှစ်သက်-အလိုရှိ-ရာ၏။	(yo) me deleitaría / desearía.	(I) would delight / would wish.	1st person, marked in the Burmese (ငါ)
139401	roceyyāma	(ငါတို့)နှစ်သက်-အလိုရှိ-ကုန်ရာ၏။	(nosotros) nos deleitaríamos / desearíamos.	(we) would delight / would wish.	1st person plural, marked in the Burmese (ငါတို့)
139410	roja	ရောဇအမည်ရှိသော (က) နတ်၊ ရောဇဒေဝ-ကြည့်။ (ခ) မင်းသား (ဂ) မင်း၊ (ဃ) မလ္လမင်း။	que tiene el nombre *roja*: (a) un *deva*; véase *rojadeva*. (b) un príncipe (c) un rey; (d) un rey *malla*.	named *roja*: (a) a *deva*; see *rojadeva*. (b) a prince (c) a king; (d) a *malla* king.	'see X' left in the Burmese
139432	rodantī	ဒုရာလဘမည်သော-ဒုရာလဘ-ဆေးပင်။	la planta medicinal llamada *durālabha* / *durālabha*.	the medicinal plant named *durālabha* / *durālabha*.	plant not identified; the chain repeats the name (ဒုရာလဘမည်သော-ဒုရာလဘ-ဆေးပင်)
139438	rodāpessāmi	ငိုကြွေးစေအံ့။	haré llorar.	I shall make weep.	1st person from the -ssāmi ending (the Burmese prints …စေအံ့, not …လတ်အံ့)
139439	rodāma	(ငါတို့) ငိုကြွေးကြကုန်၏။	(nosotros) lloramos.	(we) weep.	1st person plural, marked in the Burmese (ငါတို့)
139440	rodāmi	(ငါ) ငိုကြွေး၏။	(yo) lloro.	(I) weep.	1st person, marked in the Burmese (ငါ)
139441	rodiṁ	(ငါ)ငိုကြွေးပြီ။	(yo) lloré.	(I) wept.	1st person, marked in the Burmese (ငါ)
139452	rodissati	ငိုကြွေးပြီ။	lloró.	wept.	the Burmese gives a past (ငိုကြွေးပြီ) for a future form rodissati
139455	rodissāmi	(ငါ) ငိုကြွေးအံ့။	(yo) lloraré.	(I) shall weep.	1st person, marked in the Burmese (ငါ)
139467	rodhayati	(၁) ကြောက်လန့်၏။ «S1» (၂) ကြံစည်တွေးတော၏။ «S2» (၃) နှစ်သက်၏၊ အလိုရှိ၏။ «S3» (၄) တားမြစ်၏။ «S4»	(1) se asusta. Véase [[rodhayi]]. (2) piensa / reflexiona. Véase [[rodhayi]]. (3) se deleita; desea. Véase [[rodheti]]. (4) impide. Véase [[rodhayituṁ]].	(1) is frightened. See [[rodhayi]]. (2) thinks / reflects. See [[rodhayi]]. (3) delights; wishes. See [[rodheti]]. (4) prevents. See [[rodhayituṁ]].	senses 1–3 are unexpected for rodhayati; they may come from homonymous roots
139473	rodhāpeti	အထက်ပုဒ်-ကြည့်။ «S1»	Véase la entrada anterior. Véase [[rodheti]].	See the preceding headword. See [[rodheti]].	'အထက်ပုဒ်-ကြည့်' (see the preceding headword) left in the Burmese
139475	rodhiyamāna	တားမြစ်-ပိတ်ပင်-စေအပ်သော၊ သူ။ «S1»	a quien se hace impedir / obstruir (dicho de una persona). Véase [[rodhamāna]].	one who is caused to be prevented / obstructed (said of a person). See [[rodhamāna]].	causative passive; sense uncertain
139478	rodhesi	နှစ်သက်ပြီ၊ အလိုရှိပြီ။	se deleitó; deseó.	delighted; wished.	the gloss fits rocesi rather than rodhesi
139484	ropanakkamalakkhaṇa	(အာပတ်သို့) တင်ခြင်းအစဉ်၏ မှတ်ကြောင်းလက္ခဏာ။	la *lakkhaṇa* distintiva del orden del imputar (un *āpatti*).	the distinguishing *lakkhaṇa* of the order of charging (with an *āpatti*).	တင်ခြင်း (to an āpatti) read as the formal charging/imputing of an offence
139488	ropayati	(၁) (က) တက်စေ-တင်-၏။ (ခ) တင်လှူ-ပူဇော်-၏။ «S1» (ဂ) စွပ်၏၊ ရောပေသိံ-(၂)-ကြည့်။ (၂) (က) ဖြစ်စေ-ပေါက်စေ-စိုက်ပျိုး-၏။ «S2» (ခ) ပြီးစေ၏။ «S3» (၃) တည်စေ၏၊ ထား၏။ «S4» (၄) (ကျော့ကွင်းကို) ထောင်၏။ «S5»	(1) (a) hace subir / coloca encima. (b) ofrece / rinde homenaje. Véase [[ropayiṁ]]. (c) pone encima; véase *ropesiṁ* (2). (2) (a) hace surgir / hace brotar / planta. Véanse [[ropayiṁ]], [[ropemi]]. (b) lleva a término. Véase [[ropenti]]. (3) establece; pone. Véase [[ropemi]]. (4) tiende (un lazo). Véase [[ropenti]].	(1) (a) causes to rise / places on. (b) offers / pays homage. See [[ropayiṁ]]. (c) slips on; see *ropesiṁ* (2). (2) (a) causes to arise / causes to sprout / plants. See [[ropayiṁ]], [[ropemi]]. (b) accomplishes. See [[ropenti]]. (3) establishes; places. See [[ropemi]]. (4) sets (a snare). See [[ropenti]].	'see X (2)' left in the Burmese
139489	ropayiṁ	(၁) (ငါ) စိုက်ပျိုးပြီ။ (၂) (ငါ) တင်လှူ-ပူဇော်-ပြီ။ «S1»	(1) (yo) planté. (2) (yo) ofrecí / rendí homenaje. Véase también [[ropayati]].	(1) (I) planted. (2) (I) offered / paid homage. See also [[ropayati]].	1st person, marked in the Burmese (ငါ)
139492	ropayissaṁ	(ငါ) စိုက်ပျိုးပြီ။	(yo) planté.	(I) planted.	1st person, marked in the Burmese (ငါ); past given for -issaṁ
139493	ropayissāmi	(ငါ)ဖြစ်စေ-စိုက်ပျိုး-အံ့။	(yo) haré surgir / plantaré.	(I) shall cause to arise / shall plant.	1st person, marked in the Burmese (ငါ)
139504	ropāpeyyaṁ	(ငါ) စိုက်ပျိုးစေငြားအံ့။	(yo) hiciese plantar.	(I) should cause to plant.	1st person, marked in the Burmese (ငါ)
139505	ropāpeyyāsi	(သင်)စိုက်ပျိုးစေရာဒ။	(tú) harías plantar.	(you) would cause to plant.	ရာဒ read as ရာ၏
139507	ropāpessanti	စိုက်ပျိုးစေကုန်ပြီ။ «S1»	hicieron plantar. Véase también [[ropayati]].	they caused to plant. See also [[ropayati]].	the Burmese gives a past (ကုန်ပြီ) for a future form ropāpessanti
139508	ropita	(၁) တက်စေ-တည်စေ-တင်-အပ်သော (က) ကံ၊ (ခ) အပြစ်ဒေါသ။ (၂) ဖြစ်စေ-ပေါက်စေ-စိုက်ပျိုး-အပ်သော (က) မျိုးစေ့၊ (ခ) သစ်ပင်၊ (ဂ) ကုသိုလ်။ (၃) တည်စေ-ထား-အပ်သော (သဒ္ဒါ)။ (၄) စိုက်ပျိုးရာ (အရပ်,ဌာန)။ «S1» «S2»	(1) hecho subir / hecho establecer / imputado: (a) *kamma*; (b) la falta. (2) hecho surgir / hecho brotar / plantado: (a) la semilla; (b) el árbol; (c) el mérito. (3) hecho establecer / puesto (la palabra). (4) el lugar de plantar (región, sitio). Véase [[ropayati]]. Véase también [[ropitaṭhāna]].	(1) caused to rise / caused to be established / imputed: (a) *kamma*; (b) a fault. (2) caused to arise / caused to sprout / planted: (a) a seed; (b) a tree; (c) merit. (3) caused to be established / placed (of a word). (4) the place of planting (region, site). See [[ropayati]]. See also [[ropitaṭhāna]].	ကံ in (1a) probably the Saṅgha's formal act (Vinaya) or an imputed deed; ကုသိုလ် in (2c) taken as merit (planted merit), not certain; သဒ္ဒါ in (3) read as 'the word'
139513	ropimatāla	စိုက်ပျိုးအပ်သော ထန်းပင်။	la palmera (de azúcar) plantada.	a planted palmyra palm.	ထန်းပင် = palmyra (toddy) palm; Spanish 'palmera ⟨de azúcar⟩' tentative
139515	ropissaṁ	(ငါ) စိုက်ပျိုးပေအံ့။ «S1»	(yo) plantaré. Véase también [[ropayati]].	(I) shall plant. See also [[ropayati]].	1st person, marked in the Burmese (ငါ)
139516	ropissāmi	(ငါ) စိုက်ပျိုးအံ့။	(yo) plantaré.	(I) shall plant.	1st person, marked in the Burmese (ငါ)
139517	ropetabba	(၁) စိုက်ပျိုးအပ်သော။ (၂) သင်-ထား-အပ်သော။	(1) plantado. (2) enseñado / puesto.	(1) planted. (2) taught / placed.	(2) သင်-ထား unclear: သင် may be 'train/teach' or part of သင်ထား 'set in place'
139522	ropetvā	(၁) စိုက်ပျိုး၍။ (၂) (က) တင်၍။ (ခ) တင်စား၍။ (၃) စိုက်-ထောင်-၍။ (၄) (အညီအမျှ) တိုးပွါးစေ၍။ «S1»	(1) habiendo plantado. (2) (a) habiendo colocado encima. (b) habiendo aplicado en sentido figurado. (3) habiendo plantado / erigido. (4) habiendo hecho crecer (por igual). Véase también [[ropayati]].	(1) having planted. (2) (a) having placed on. (b) having applied figuratively. (3) having planted / erected. (4) having made grow (equally). See also [[ropayati]].	တင်စား read as metaphorical attribution (upacāra)
139527	ropemi	တည်စေ၏၊ ထား၏။	hace establecer; pone.	causes to be established; places.	1st-person headword (-mi) glossed with an unmarked verb; kept in the 3rd person
139529	ropesiṁ	(၁) (ငါ) စိုက်ပျိုးပြီ။ (၂) (ကိုယ်၌) စွပ်ပြီ။	(1) (yo) planté. (2) (yo) puse (sobre el cuerpo).	(1) (I) planted. (2) (I) slipped on (onto the body).	1st person, marked in the Burmese (ငါ)
139532	ropessanti	စိုက်ပျိုးကုန်ပြီ။	plantaron.	they planted.	the Burmese gives a past (ကုန်ပြီ) for a future form ropessanti
139533	ropessāmi	(ငါ) စိုက်ပျိုးအံ့။	(yo) plantaré.	(I) shall plant.	1st person, marked in the Burmese (ငါ)
139535	roma	(၁) အမွေး၊ မွေးညင်း။ ရောမသ-(အပ၊၁။ ၂၄၂)-လည်းကြည့်။ (၂) ရောမဇနပုဒ်။ ရောမအရပ်။ «S1» (၃) ကြောက်ခြင်းကို ဖြစ်စေတတ်သော။ (၄) ကြောက်အပ်သော။ (၅) ချဉ်းကပ်ခြင်းငှါ ခဲယဉ်းသော။	(1) el pelo; el vello. Véase también [[romasa]]. (2) el país de *roma*; la región de *roma*. Véase [[romajanapada]]. (3) que suele causar miedo. (4) temido. (5) difícil de acercarse.	(1) hair; body hair. See also [[romasa]]. (2) the country of *roma*; the region of *roma*. See [[romajanapada]]. (3) apt to cause fear. (4) feared. (5) hard to approach.	'X-လည်းကြည့်' left in the Burmese, citation dropped
139537	romaka	(နီးမြန်းသော-မျက်စိ-ခြေ-ရှိသော) ခို။	la paloma (que tiene ojos / patas ‹နီးမြန်း›).	a pigeon (having ‹နီးမြန်း› eyes / feet).	နီးမြန်း unclear (perhaps a misprint for a colour word, e.g. reddish)
139538	romakajātaka	ရောမကဇာတ်။	el *romakajātaka*.	the *romakajātaka*.	title given in Burmese loan form (ဇာတ်), romanised
139541	romaṭṭha	(၁) စမြုံ့-ခတ်-ပြန်-ခြင်း၊ (မျိုအပ်သော အစာကို ခံတွင်းသို့ တစ်ဖန်ထုတ်၍ ကြေညက်စေရန် ဝါးခြင်း)။ «S1» (၂) စမြုံ့-ခတ်-ပြန်-အပ်သော အစာ၊ (မျိုပြီးနောက် ခံတွင်းသို့ တစ်ဖန်ထုတ်၍ ဝါးအပ်သော အစာ)။	(1) el rumiar / regurgitar (el volver a sacar a la boca el alimento tragado y masticarlo para que se deshaga). Véase también [[romanta]]. (2) el alimento rumiado / regurgitado (el alimento que, tras tragarlo, se vuelve a sacar a la boca y se mastica).	(1) chewing the cud / regurgitating (bringing swallowed food back up into the mouth and chewing it so that it breaks down). See also [[romanta]]. (2) food chewed as cud / regurgitated (food brought back up into the mouth after swallowing and chewed).	စမြုံ့-ခတ်-ပြန်: the hyphens split two near-synonymous verbs for chewing the cud (စမြုံ့ခတ် / စမြုံ့ပြန်)
139542	romaṭṭhaka	(က) စမြုံ့-ခတ်-ပြန်-တတ်သော၊ သူ။ (ခ) စမြုံ့-ခတ်-စမြုံပြန်-ခြင်းရှိသော။	(a) que suele rumiar / regurgitar (dicho de una persona). (b) que tiene el rumiar / regurgitar.	(a) apt to chew the cud / regurgitate (said of a person). (b) having chewing of the cud / regurgitation.	စမြုံ့-ခတ်-ပြန်: the hyphens split two near-synonymous verbs for chewing the cud (စမြုံ့ခတ် / စမြုံ့ပြန်)
139543	romantha	စမြုံ့က-ခတ်-ပြန်-ခြင်း။	el rumiar / regurgitar.	chewing the cud / regurgitating.	စမြုံ့-ခတ်-ပြန်: the hyphens split two near-synonymous verbs for chewing the cud (စမြုံ့ခတ် / စမြုံ့ပြန်); စမြုံ့က misprint for စမြုံ့
139544	romanthaka	(၁) စမြုံ့-ခတ်-ပြန်-တတ်သော၊ သူ။ (၂) စမြုံ့-ပြန်-ခတ်ခြင်းရှိသော၊ သူ။	(1) que suele rumiar / regurgitar (dicho de una persona). (2) que tiene el regurgitar / rumiar (dicho de una persona).	(1) apt to chew the cud / regurgitate (said of a person). (2) having regurgitation / chewing of the cud (said of a person).	စမြုံ့-ခတ်-ပြန်: the hyphens split two near-synonymous verbs for chewing the cud (စမြုံ့ခတ် / စမြုံ့ပြန်)
139545	romanthana	စမြုံ့-ခတ်-ပြန်-ခြင်း။	el rumiar / regurgitar.	chewing the cud / regurgitating.	စမြုံ့-ခတ်-ပြန်: the hyphens split two near-synonymous verbs for chewing the cud (စမြုံ့ခတ် / စမြုံ့ပြန်)
139546	romanthayamāna	စမြုံ့-ခတ်-ပြန်-သော။	que rumia / regurgita.	chewing the cud / regurgitating.	စမြုံ့-ခတ်-ပြန်: the hyphens split two near-synonymous verbs for chewing the cud (စမြုံ့ခတ် / စမြုံ့ပြန်)
139547	romanthitvā	စမြုံ့-ခတ်-ပြန်-၍။	habiendo rumiado / regurgitado.	having chewed the cud / regurgitated.	စမြုံ့-ခတ်-ပြန်: the hyphens split two near-synonymous verbs for chewing the cud (စမြုံ့ခတ် / စမြုံ့ပြန်)
139548	romasa	(၁) အမွေး-ရှိ-ထူ-သော၊ သူ။ (က) ရောမသမည်သော မင်း။ (ခ) ရောမသမည်သော ပစ္စေကဗုဒ္ဓါ။ (ဂ) ရောမသမည်သော ဘီလူး။ (၂) (အမွေးပမာနေဇာမြက်စသည်ရှိသော) ရောမသမည်သော တောင်။	(1) que tiene pelo / de pelo espeso (dicho de una persona): (a) el rey llamado *romasa*. (b) el *paccekabuddha* llamado *romasa*. (c) el *yakkha* llamado *romasa*. (2) (que tiene hierba ‹နေဇာ› y demás, semejante al pelo) la montaña llamada *romasa*.	(1) having hair / thick-haired (said of a person): (a) the king named *romasa*. (b) the *paccekabuddha* named *romasa*. (c) the *yakkha* named *romasa*. (2) (having ‹နေဇာ› grass and so on, like hair) the mountain named *romasa*.	နေဇာမြက် an unidentified grass, left in Burmese
139550	roruva	(၁) ရောရုဝငရဲ။ (၂) ရောရုဝမင်း။ (၃) ရောရုဝမြို့။ မူရင်းကြည့်ပါ။	(1) el infierno *roruva*. (2) el rey *roruva*. (3) la ciudad de *roruva*. Véase el original.	(1) the *roruva* hell. (2) King *roruva*. (3) the city of *roruva*. See the original.	'မူရင်းကြည့်ပါ' (see the original) rendered literally
139556	rosaka	(၁) ချုပ်ချယ်-ပုတ်ခတ် ပြောဆို-တတ်သော။ (၂) (ကိုယ်နှုတ်တို့ဖြင့်) အမျက်ဒေါသကို ဖြစ်စေတတ်သော။	(1) que suele hostigar / increpar. (2) que suele provocar la ira (con el cuerpo y la palabra).	(1) apt to harass / rebuke. (2) apt to provoke anger (by body and speech).	ချုပ်ချယ် (restrain, harass) rendered hostigar / harass and ပုတ်ခတ်ပြောဆို (strike with words) increpar / rebuke in the sense of rosa (anger)
139559	rosati	ချုပ်ချယ်-ဆဲရေး-ပုတ်ခတ်ပြောဆို-၏။ «S1»	hostiga / insulta / increpa. Véanse [[rosanti]], [[roseti]].	harasses / abuses / rebukes. See [[rosanti]], [[roseti]].	ချုပ်ချယ် (restrain, harass) rendered hostigar / harass and ပုတ်ခတ်ပြောဆို (strike with words) increpar / rebuke in the sense of rosa (anger)
139561	rosana	(တိ) (၁) ချုပ်ချယ်-လေ့ရှိ-တတ်-သော၊ သူ။ အမျက်ထွက်သူ။ (ထီ၊န) (၂) ချုပ်ချယ်ခြင်း (က) ရိုက်နှက်-ပုတ်ခတ်-ခြင်း။ (ခ) ပုတ်ခတ်ပြောဆိုခြင်း။	(adjetivo) (1) que acostumbra / suele hostigar (dicho de una persona). Persona que se enfurece. (femenino, neutro) (2) el hostigar: (a) el golpear / pegar. (b) el increpar.	(adjective) (1) in the habit of / apt to harass (said of a person). A person who flies into anger. (feminine, neuter) (2) harassing: (a) beating / striking. (b) rebuking.	ချုပ်ချယ် (restrain, harass) rendered hostigar / harass and ပုတ်ခတ်ပြောဆို (strike with words) increpar / rebuke in the sense of rosa (anger)
139562	rosaneyya	ချုပ်ချယ်-ပုတ်ခတ်ပြောဆို-အပ်-သင့်-ထိုက်-သော။	que ha de / conviene / merece ser hostigado / increpado.	to be / fit to be / worthy to be harassed / rebuked.	ချုပ်ချယ် (restrain, harass) rendered hostigar / harass and ပုတ်ခတ်ပြောဆို (strike with words) increpar / rebuke in the sense of rosa (anger)
139563	rosanta	ချုပ်ချယ်-ပုတ်ခတ်ပြောဆို-သော၊ သူ။	que hostiga / increpa (dicho de una persona).	harassing / rebuking (said of a person).	ချုပ်ချယ် (restrain, harass) rendered hostigar / harass and ပုတ်ခတ်ပြောဆို (strike with words) increpar / rebuke in the sense of rosa (anger)
139564	rosanti	ချုပ်ချယ်-ပုတ်ခတ်ပြောဆို-ကုန်၏။	hostigan / increpan.	they harass / rebuke.	ချုပ်ချယ် (restrain, harass) rendered hostigar / harass and ပုတ်ခတ်ပြောဆို (strike with words) increpar / rebuke in the sense of rosa (anger)
139565	rosayati	ချုပ်ချယ်ပုတ်ခတ်ပြောဆို-၏။	hostiga e increpa.	harasses and rebukes.	ချုပ်ချယ် (restrain, harass) rendered hostigar / harass and ပုတ်ခတ်ပြောဆို (strike with words) increpar / rebuke in the sense of rosa (anger)
139566	rosaye	ချုပ်ချယ်-ပုတ်ခတ်ပြောဆို-ရာ၏။	hostigaría / increparía.	would harass / rebuke.	ချုပ်ချယ် (restrain, harass) rendered hostigar / harass and ပုတ်ခတ်ပြောဆို (strike with words) increpar / rebuke in the sense of rosa (anger)
139568	rosita	ချုပ်ချယ်-ပုတ်ခတ်ပြောဆို-အပ်သော။	hostigado / increpado.	harassed / rebuked.	ချုပ်ချယ် (restrain, harass) rendered hostigar / harass and ပုတ်ခတ်ပြောဆို (strike with words) increpar / rebuke in the sense of rosa (anger)
139570	rosiyamāna	ချုပ်ချယ်-ပုတ်ခတ်ပြောဆို-အပ်သော။	hostigado / increpado.	being harassed / rebuked.	ချုပ်ချယ် (restrain, harass) rendered hostigar / harass and ပုတ်ခတ်ပြောဆို (strike with words) increpar / rebuke in the sense of rosa (anger)
139572	rosati	ချုပ်ချယ်၏- (က) ပုတ်ခတ်ပြောဆို၏။ (ခ) အမျက်ဒေါသကို ဖြစ်စေ၏။ (ဂ) ညှဉ်းဆဲ-နှိပ်စက်-ဖျက်ဆီး-၏။	hostiga: (a) increpa. (b) provoca la ira. (c) atormenta / oprime / destruye.	harasses: (a) rebukes. (b) provokes anger. (c) torments / oppresses / destroys.	ချုပ်ချယ် (restrain, harass) rendered hostigar / harass and ပုတ်ခတ်ပြောဆို (strike with words) increpar / rebuke in the sense of rosa (anger)
139573	rosetuṁ	ချုပ်ချယ်ခြင်းငှါ။	para hostigar.	in order to harass.	ချုပ်ချယ် (restrain, harass) rendered hostigar / harass and ပုတ်ခတ်ပြောဆို (strike with words) increpar / rebuke in the sense of rosa (anger)
139574	rosetu	ချုပ်ချယ်-ပုတ်ခတ်ပြောဆို-တတ်သော။	que suele hostigar / increpar.	apt to harass / rebuke.	an adjectival gloss under an imperative-looking headword (rosetu); ချုပ်ချယ် (restrain, harass) rendered hostigar / harass and ပုတ်ခတ်ပြောဆို (strike with words) increpar / rebuke in the sense of rosa (anger)
139575	rosetukāma	ချုပ်ချယ်ခြင်းငှါ အလိုရှိသော၊ ချုပ်ချယ်လိုသော၊ ရောသေတိ-လည်းကြည့်။	que tiene el deseo de hostigar; que quiere hostigar; Véase también [[roseti]].	having the wish to harass; wanting to harass; See also [[roseti]].	'X-လည်းကြည့်' left in the Burmese; ချုပ်ချယ် (restrain, harass) rendered hostigar / harass and ပုတ်ခတ်ပြောဆို (strike with words) increpar / rebuke in the sense of rosa (anger)
139576	rosetukāmatā	ချုပ်ချယ်ခြင်းငှါ အလိုရှိသည်၏အဖြစ်။	el hecho de tener el deseo de hostigar.	the state of having the wish to harass.	ချုပ်ချယ် (restrain, harass) rendered hostigar / harass and ပုတ်ခတ်ပြောဆို (strike with words) increpar / rebuke in the sense of rosa (anger)
139577	rosetvā	ချုပ်ချယ်-ပုတ်ခတ်ပြောဆို၍၊ အမျက်ထွက်စေ၍။	habiendo hostigado / increpado; habiendo hecho enfurecer.	having harassed / rebuked; having made angry.	ချုပ်ချယ် (restrain, harass) rendered hostigar / harass and ပုတ်ခတ်ပြောဆို (strike with words) increpar / rebuke in the sense of rosa (anger)
139578	rosetha	ချုပ်ချယ်-ပုတ်ခတ်ပြောဆို-ကြကုန်လော့။	(vosotros) hostigad / increpad.	(you, plural) harass / rebuke!	ချုပ်ချယ် (restrain, harass) rendered hostigar / harass and ပုတ်ခတ်ပြောဆို (strike with words) increpar / rebuke in the sense of rosa (anger)
139579	rosenta	ချုပ်ချယ်-ပုတ်ခတ်ပြောဆို-သော။	que hostiga / increpa.	harassing / rebuking.	ချုပ်ချယ် (restrain, harass) rendered hostigar / harass and ပုတ်ခတ်ပြောဆို (strike with words) increpar / rebuke in the sense of rosa (anger)
139580	rosenti	ဆဲရေး-ပုတ်ခတ်ပြောဆို-ကုန်၏။ «S1»	insultan / increpan. Véase también [[roseti]].	they abuse / rebuke. See also [[roseti]].	ချုပ်ချယ် (restrain, harass) rendered hostigar / harass and ပုတ်ခတ်ပြောဆို (strike with words) increpar / rebuke in the sense of rosa (anger)
139581	roseyyuṁ	ချုပ်ချယ်-ပုတ်ခတ်ပြောဆို-ကုန်ရာ၏။	hostigarían / increparían.	they would harass / rebuke.	ချုပ်ချယ် (restrain, harass) rendered hostigar / harass and ပုတ်ခတ်ပြောဆို (strike with words) increpar / rebuke in the sense of rosa (anger)
139582	rosesi	(သင်) ချုပ်ချယ်-ပုတ်ခတ်ပြောဆို-၏။	(tú) hostigas / increpas.	(you) harass / rebuke.	ချုပ်ချယ် (restrain, harass) rendered hostigar / harass and ပုတ်ခတ်ပြောဆို (strike with words) increpar / rebuke in the sense of rosa (anger)
139583	rosesi	ချုပ်ချယ်ပြီ၊ အမျက်ထွက်စေပြီ။	hostigó; hizo enfurecer.	harassed; made angry.	ချုပ်ချယ် (restrain, harass) rendered hostigar / harass and ပုတ်ခတ်ပြောဆို (strike with words) increpar / rebuke in the sense of rosa (anger)
139584	rosessāma	ချုပ်ချယ်ကုန်အံ့၊ ပုတ်ခတ်ပြောဆိုကုန်အံ့။	(nosotros) hostigaremos; increparemos.	(we) shall harass; shall rebuke.	1st person plural from the headword (-ssāma), unmarked in the Burmese; ချုပ်ချယ် (restrain, harass) rendered hostigar / harass and ပုတ်ခတ်ပြောဆို (strike with words) increpar / rebuke in the sense of rosa (anger)
139587	rohaṇa	ရောဟဏမည်သော- (က) ဇနပုဒ်၊ (ခ) အရပ်၊ (ဂ) ရွှေသမင်မင်း၊ (ဃ) ရေအိုင်၊ (င) မထေရ်၊ (စ) သူဌေး၊ ရောဟဏေယျ-ကြည့်။ (ဆ) လှုိင်းတံပိုး။ «S1»	llamado *rohaṇa*: (a) el país; (b) la región; (c) el rey de los ciervos dorados; (d) el lago; (e) el *thera*; (f) el hombre rico; Véase [[rohaṇeyya]]. (g) la ola. Véase [[rohaṇavīci]].	named *rohaṇa*: (a) a country; (b) a region; (c) a king of the golden deer; (d) a lake; (e) a *thera*; (f) a rich man; See [[rohaṇeyya]]. (g) a wave. See [[rohaṇavīci]].	'X-ကြည့်' left in the Burmese; သူဌေး (seṭṭhi) rendered rich man
139591	rohaṇamigajātaka	ရောဟဏမိဂဇာတ်။	el *rohaṇamigajātaka*.	the *rohaṇamigajātaka*.	title given in Burmese loan form (ဇာတ်), romanised
139593	rohaṇaseṭṭhi	ရောဟဏမည်သော သေဋ္ဌေး၊ ရောဟဏသေဋ္ဌေး။ «S1»	el hombre rico llamado *rohaṇa*; el hombre rico *rohaṇa*. Véase [[rohaṇeyya]].	the rich man named *rohaṇa*; the rich man *rohaṇa*. See [[rohaṇeyya]].	သေဋ္ဌေး (seṭṭhi) rendered rich man
139595	rohaṇī	ရောဟဏီမည်သော (စကြာမင်း)။	el (*cakkavatti*) llamado *rohaṇī*.	the (*cakkavatti*) named *rohaṇī*.	စကြာမင်း romanised as cakkavatti
139601	rohicca	သမင်ဖား၊ သမင်နီ၊ စိုင်။	‹သမင်ဖား›; ciervo rojo; ‹စိုင်›.	‹သမင်ဖား›; red deer; ‹စိုင်›.	deer names: သမင်နီ rendered 'ciervo rojo / red deer'; သမင်ဖား and စိုင် left in Burmese (perhaps stag / sambar)
139602	rohiccamigavaṇṇa	သမင်ဖား-သမင်နီ-စိုင်-၏အသွင်။	la forma de ‹သမင်ဖား› / ciervo rojo / ‹စိုင်›.	the form of a ‹သမင်ဖား› / red deer / ‹စိုင်›.	deer names: သမင်နီ rendered 'ciervo rojo / red deer'; သမင်ဖား and စိုင် left in Burmese (perhaps stag / sambar)
139604	rohiṇijātaka	ရောဟိဏီဇာတ်။	el *rohiṇījātaka*.	the *rohiṇījātaka*.	title given in Burmese loan form (ဇာတ်), romanised
139605	rohiṇī	(၁) ရောဟိဏီမည်သော- (က) နက္ခတ်၊ မြစ်၊ ရောဟိနီနက္ခတ္တ-ကြည့်။ (ဂ) မိန်းမ၊ ရောဟိဏေယျ-ကြည့်။ (ဃ) ကျွန်မ။ (၂) ရောဟိဏီဇာတ်။ «S1»	(1) llamado *rohiṇī*: (a) el asterismo; el río; Véase [[rohinīnakkhatta]]. (c) la mujer; Véase [[rohiṇeyya]]. (d) la esclava. (2) el *rohiṇījātaka*. Véase [[rohinījātaka]].	(1) named *rohiṇī*: (a) an asterism; a river; See [[rohinīnakkhatta]]. (c) a woman; See [[rohiṇeyya]]. (d) a slave woman. (2) the *rohiṇījātaka*. See [[rohinījātaka]].	sense (ခ) missing in the print (river probably belongs there); two 'X-ကြည့်' left in the Burmese
139610	rohita	(၁) နီသောအဆင်း။ (၂) (က) ငါးကြင်း၊ (ခ) ငါးကြင်းသားတုံး၊ ငါးကြင်းသားပိုင်း။ (၃) ရောဟိတမြို့။ (၄) ရောဟိတနတ်သား၊ (ရောဟိတဿနတ်သား)။ (၅) ရောဟိတဿသုတ်။	(1) el color rojo. (2) (a) la carpa; (b) el trozo de carpa; la porción de carpa. (3) la ciudad de *rohita*. (4) el *devaputta* *rohita* (el *devaputta* *rohitassa*). (5) el sutta *rohitassa*.	(1) red colour. (2) (a) a carp; (b) a chunk of carp; a piece of carp. (3) the city of *rohita*. (4) the *devaputta* *rohita* (the *devaputta* *rohitassa*). (5) the *rohitassa* sutta.	ငါးကြင်း tentatively 'carpa / carp' (the rohu, Labeo rohita?)
139611	rohita	(၁) သမင်နီ၊ သမင်ဖား၊ စိုင်။ (၂) သမင်နီ-သမင်ဖား-စိုင်-ရုပ်။ (၃) ငါးကြင်းရုပ်။ «S1»	(1) ciervo rojo; ‹သမင်ဖား›; ‹စိုင်›. (2) la figura de ciervo rojo / ‹သမင်ဖား› / ‹စိုင်›. (3) la figura de carpa. Véase también [[rohitamiga]].	(1) red deer; ‹သမင်ဖား›; ‹စိုင်›. (2) the figure of a red deer / ‹သမင်ဖား› / ‹စိုင်›. (3) the figure of a carp. See also [[rohitamiga]].	deer names: သမင်နီ rendered 'ciervo rojo / red deer'; သမင်ဖား and စိုင် left in Burmese (perhaps stag / sambar); ငါးကြင်း tentatively 'carpa / carp' (the rohu, Labeo rohita?)
139612	rohitadevaputta	ရေဟိတနတ်သား။	el *devaputta* *rehita*.	the *devaputta* *rehita*.	ရေဟိတ probably a misprint for ရောဟိတ; copied as printed
139614	rohitamaccha	ငါးကြင်း။	la carpa.	a carp.	ငါးကြင်း tentatively 'carpa / carp' (the rohu, Labeo rohita?)
139615	rohitamiga	သမင်နီ၊ သမင်ဖား၊ စိုင်။	ciervo rojo; ‹သမင်ဖား›; ‹စိုင်›.	red deer; ‹သမင်ဖား›; ‹စိုင်›.	deer names: သမင်နီ rendered 'ciervo rojo / red deer'; သမင်ဖား and စိုင် left in Burmese (perhaps stag / sambar)
139616	rohitamigarūpa	သမင်နီ-သမင်ဖား-စိုင်-၏ အသွင်။	la forma de ciervo rojo / ‹သမင်ဖား› / ‹စိုင်›.	the form of a red deer / ‹သမင်ဖား› / ‹စိုင်›.	deer names: သမင်နီ rendered 'ciervo rojo / red deer'; သမင်ဖား and စိုင် left in Burmese (perhaps stag / sambar)
139618	rohitassavagga	ရောဟိတဿဝဂ်။	el capítulo *rohitassa*.	the *rohitassa* chapter.	ဝဂ် (vagga) rendered chapter
139620	rohinī	ရောဟိနီ-မည်သော (က) နက္ခတ်၊ (ခ) မင်းသမီး၊ (ဂ) မြစ်၊ (ဃ) ထေရီမ၊ (င) သမီးတော်။	llamada *rohinī*: (a) el asterismo; (b) la princesa; (c) el río; (d) la *therī*; (e) la hija (real).	named *rohinī*: (a) an asterism; (b) a princess; (c) a river; (d) a *therī*; (e) a (royal) daughter.	သမီးတော် (royal/honorific daughter)
139623	rohisa	သမင်နီ၊ သမင်ဖား၊ စိုင်။	ciervo rojo; ‹သမင်ဖား›; ‹စိုင်›.	red deer; ‹သမင်ဖား›; ‹စိုင်›.	deer names: သမင်နီ rendered 'ciervo rojo / red deer'; သမင်ဖား and စိုင် left in Burmese (perhaps stag / sambar)
