id	iast	burmese	es	en	flag
147453	vā	(၁) နှင့်အတူ၊ တူစွာ (ဥပမာန)။ (၂) ကဲ့သို့ (သဒိသ)။ (၃) လည်း၊လဲပဲ၊ ၎င်း (အဝုတ္တသမုစ္စယ၊ အဝုတ္တသမ္ပိဏ္ဍန)။ (၅) လည်း၊ လဲဘဲ၊ ၎င်း (ဝုတ္တာဝုတ္တသမုစ္စယ)။ (၆) ၎င်း၊ သော်၎င်း၊ ဖြစ်စေ (ဝုတ္တဝိကပ္ပ၊ အနိယမ)။ (၇) ၎င်း၊ သော်၎င်း၊ ဖြစ်စေ (အဝုတ္တဝိကပ္ပ၊ အနိယမ)။ (၈) (အဘယ်သူတွေ)လဲ (သံသယ)။ (၉) စကားအချုပ်မှာ၊ (ဤသူသည်)၊ ကား (ဝစနဝေါဿဂ္ဂ)။ (၁၀) သာ၊ သာလျှင် (အဝဓာရဏတ္ထ၊ သံသယိတနိစ္ဆယတ္ထ)။ (၁၁) (မသွားလာ-ရှိမခိုး-)တတ် (ဝိဘာဝန)။ (၁၂) အချို့ (ဝဝတ္ထိတဝိဘာသာ)။ (၁၃) တနည်းကား (အတ္ထန္တရဝိကပ္ပ)။ (၁၄) အထူးကိုဆိုဦးအံ့။ (၁၅) ပုဒ်ပြည့်ရုံ-စကားချောမောရုံ-မျှ (ပဒပူရဏ)။ မူရင်းကြည့်ပါ။	(1) con, junto con; de igual modo (*upamāna*). (2) como (*sadisa*). (3) también; también (coloquial); y asimismo (*avuttasamuccaya*; *avuttasampiṇḍana*). (5) también; también (coloquial); y asimismo (*vuttāvuttasamuccaya*). (6) y; o bien; sea (*vuttavikappa*; *aniyama*). (7) y; o bien; sea (*avuttavikappa*; *aniyama*). (8) partícula interrogativa: (¿quiénes son)? (*saṁsaya*). (9) al cerrar lo dicho; (este); en cuanto a (*vacanavossagga*). (10) solo; únicamente (*avadhāraṇattha*; *saṁsayitanicchayattha*). (11) que suele (no ir y venir / no robar lo que hay) (*vibhāvana*). (12) algunos (*vavatthitavibhāsā*). (13) de otro modo (*atthantaravikappa*). (14) diré además lo particular. (15) solo para completar la palabra / para que el habla sea fluida (*padapūraṇa*). Véase el original.	(1) with, together with; alike (*upamāna*). (2) like (*sadisa*). (3) also; also (colloquial); and likewise (*avuttasamuccaya*; *avuttasampiṇḍana*). (5) also; also (colloquial); and likewise (*vuttāvuttasamuccaya*). (6) and; or else; be it (*vuttavikappa*; *aniyama*). (7) and; or else; be it (*avuttavikappa*; *aniyama*). (8) question particle: (who are they)? (*saṁsaya*). (9) at the close of a statement; (this person); as for (*vacanavossagga*). (10) only; solely (*avadhāraṇattha*; *saṁsayitanicchayattha*). (11) apt (not to come and go / not to steal what there is) (*vibhāvana*). (12) some (*vavatthitavibhāsā*). (13) alternatively (*atthantaravikappa*). (14) I shall state the particular further. (15) merely to fill out the word / to make the speech smooth (*padapūraṇa*). See the original.	particle senses glossed by Burmese particles (လည်း, လဲပဲ, ၎င်း, ကား, လဲ) rendered by function; sense (4) missing in print; (11) '(မသွားလာ-ရှိမခိုး-)တတ်' unclear; (14) 1st-person future; 'see the original' rendered literally
147457	vāk	ဥစ္စတေ ဣမာယာတိ ဝါက်၊ ဝါကျံ။ ကပ္ပဒ္ဒုမ။ ဝါစ်-သံ။ သမာသ်= (ပု်တွဲ့၌သာတွေ့ရသည်။ ဝါက္ကရဏ-ကြည်။	*uccate imāyāti vāk*, *vākyaṁ*. *kappadduma*. Sánscrito *vāc*. En compuestos: se encuentra solo en compuestos. Véase [[vākkaraṇa]].	*uccate imāyāti vāk*, *vākyaṁ*. *kappadduma*. Sanskrit *vāc*. Compound: found only in compounds. See [[vākkaraṇa]].	garbled print: ဝါက်/ဝါစ် are Sanskrit-style forms with asat; ကပ္ပဒ္ဒုမ is the Sanskrit dictionary Kalpadruma cited as source; 'သမာသ်= (ပု်တွဲ့၌သာတွေ့ရသည်' read as 'found only in compounds'; 'see X' left in the Burmese
147462	vākacīra	လျှော်တေသင်္ကန်း။ လျှော်ဖြင့်-ပြု-ရက်လုပ်-အပ်သေသင်္ကန်း။	hábito de fibra de corteza. Hábito hecho / tejido con fibra.	bark-fibre robe. Robe made / woven with fibre.	အပ်သေ read as misprint for အပ်သော
147469	vākabhisi	လျှော်အစာသွတ်သောဘုံလျှူိ၊ လျှော်မျှင်ထည့်၍ ပြုလုပ်အပ်သော ဘုံလျှူိ၊ လျှော်မျှင်-မွေ့ရာ-ဖုံ။	cojín relleno de fibra; cojín hecho metiendo hebras de fibra; hebras de fibra / colchón / cojín.	cushion stuffed with fibre; cushion made by putting in fibre strands; fibre strands / mattress / cushion.	ဘုံလျှူိ read as cushion (odd spelling); final 'ဖုံ' read as short for cushion, uncertain
147470	vākamaya	လျှော်မျှင်-လျှော်ချည်-ဖြင့်-ပြီး-ပြုလုပ်အပ်-သော။	hecho / elaborado con hebras / hilo de fibra.	made / fashioned with fibre strands / fibre thread.	hyphens split unevenly (-ဖြင့်-ပြီး-); read as two pairs of alternatives
147478	vākarika	(၁) မုဆိုး၊ တံငါ (ပိုက်ကွန်ဖြင့်သတ် ဖြတ်သောသူ)။ (၂) ပိုက်ကွန်ဖြင့် သတ်ဖြတ်အပ်သော၊ သူ။	(1) cazador; pescador (el que mata con red). (2) que es matado con red (dicho de una persona).	(1) hunter; fisherman (one who kills with a net). (2) killed with a net (said of a person).	sense (2) is passive in the print (သတ်ဖြတ်အပ်သော), perhaps an error for the active
147480	vākuppatti	လျှော်ဖြစ်ခြင်း၊ လျှော်၏ဖြစ်ပော်ခြင်း။	el surgimiento de la fibra; la aparición de la fibra.	the arising of fibre; the appearance of fibre.	ဖြစ်ပော် read as ဖြစ်ပေါ်
147483	vākurayaṭṭhi	ပိုက်ကွန်၊ ကျော့ကွင်း၊ ကိုင်းတံ,ကိုင်းဖြတ်၊ မျောက်နှဲတံ။	red; lazo; ‹ကိုင်းတံ›, ‹ကိုင်းဖြတ်›; ‹မျောက်နှဲတံ›.	net; snare; ‹ကိုင်းတံ›, ‹ကိုင်းဖြတ်›; ‹မျောက်နှဲတံ›.	trap devices ကိုင်းတံ, ကိုင်းဖြတ်, မျောက်နှဲတံ (perhaps bent-pole / monkey-trap rods) left in Burmese
147484	vākka	(က) စကား၊ အသံ၊ ပြောဆိုသံ၊ မြည်သံ။ (ခ) အသံကို သိကြောင်းဖြစ်သည့် အတတ်။	(a) palabras; sonido; sonido del habla; sonido que se emite. (b) el arte que es causa de conocer el sonido.	(a) speech; sound; the sound of speaking; sound uttered. (b) the art that is the means of knowing sound.	no label
147490	vākya	(၁) စကား၊ မိန့်-မြွက်-ဆို-ဟော-ပြော-အပ်သောစကား (က) တရားစကား။ (ခ) ဥဒါန်းစကား၊ ဝမ်းမြောက်သောစကား။ (ဂ) အဆုံးအမစကား။ (၂) ဝါကျ=စကားရပ်။ (ကာရက,ကြိယာနှင့်တကွပုဒ်,စကားလုံးတို့၏ အပေါင်း)။ မူရင်းကြည့်ပါ။	(1) palabras; palabras declaradas / pronunciadas / dichas / enseñadas / habladas: (a) palabras de la Enseñanza. (b) palabras de *udāna*, palabras de alegría. (c) palabras de exhortación. (2) oración = frase (el conjunto de palabras, vocablos, junto con el *kāraka* y el *kriyā*). Véase el original.	(1) speech; words declared / uttered / said / taught / spoken: (a) words of the Teaching. (b) words of *udāna*, words of joy. (c) words of admonition. (2) sentence = phrase (the group of words, terms, together with the *kāraka* and the *kriyā*). See the original.	ကြိယာ here means 'verb' and ကာရက the grammatical agent/case; 'see the original' rendered literally
147504	vākyārambha	ဝါကျ-ကို-ဖြင့်-အားထုတ်ခြင်း၊ ဝါကျ-ကို-ဖြင့်-ဆက်လက်၍-အားထုတ်-ပြုမူ-ပြောဆို-ခြင်း။	el esforzarse en la oración / con la oración; el esforzarse / actuar / hablar continuando la oración / con la oración.	the undertaking of the sentence / with the sentence; the undertaking / acting / speaking by continuing the sentence / with the sentence.	the hyphens split the case particles ကို / ဖြင့် as alternatives
147505	vākyāvatthikantavacana	ဝါကျအခိုက်အတန့်ကိုစွဲ၍ ဖြစ်သော အဆုံးစကား။	la palabra final que surge dependiendo del momento de la oración.	the final word that arises depending on the moment of the sentence.	sense of အခိုက်အတန့် ('moment, stage') here uncertain
147512	vāgurika	မုတိုး၊ တံငါ။	cazador; pescador.	hunter; fisherman.	မုတိုး read as misprint for မုဆိုး
147514	vācaka	ရွတ်-ဖတ်-ပြော-ဆို-ဟော-တတ်သော။ အကျယ်ကို ဝါစ္စဝါစကာနှင့် ဝါစကောပဒေသကျမ်းတို့ကြည့်။	que suele recitar / leer / hablar / decir / enseñar. Para el detalle, véanse las obras *vāccavācakā* y *vācakopadesa*.	apt to recite / read / speak / say / teach. For details see the works *vāccavācakā* and *vācakopadesa*.	'see' to two treatises left in the Burmese; titles copied as printed
147519	vācana	(န) (၁) (က) ပို့ချ-သင်ပြ-ပေးခြင်း။ (ခ) ဟော-ပြော-ရွတ်ဖတ်-စေခြင်း။ (ဂ) ပြန်လှန်-သရဇ္ဈာယ်-ခြင်း။ (ထီ) (၂) ပို့ချ-သင်ပြ-ပေးအပ်သောစကား၊ (ပါဠိ,အဋ္ဌကထာ,မင်္ဂလာဂါထာ)။ (တိ) (၃) ပို့ချ-သင်ပြ-ပေးတတ်သော။	(neutro) (1) (a) el impartir / enseñar / dar. (b) el hacer exponer / hablar / recitar. (c) el repasar / recitar. (femenino) (2) palabras impartidas / enseñadas / dadas (el *pāl̤i*, el comentario, los versos de bendición). (adjetivo) (3) que suele impartir / enseñar / dar.	(neuter) (1) (a) the imparting / teaching / giving. (b) the causing to expound / speak / recite. (c) the going over / reciting. (feminine) (2) words imparted / taught / given (the *pāl̤i*, the commentary, the verses of blessing). (adjective) (3) apt to impart / teach / give.	headword label တိ, but the definition gives န, ထီ and တိ senses
147523	vācanāmagga	ပို့ချ-သင်ကြား-ပေးအပ်သော-စကား-ပါဠိ-အဋ္ဌကထာ-အစဉ်။	la secuencia de las palabras / el *pāl̤i* / el comentario que se imparten / enseñan / dan.	the sequence of the words / the *pāl̤i* / the commentary imparted / taught / given.	no label; long hyphen chain read as verb alternatives + object alternatives
147525	vācaya	(သင်)ဆို-ယှဉ်-စေလော့။	¡(tú) haz recitar / unir!	(you) make recite / join!	ယှဉ် ('join, associate') as an alternative to ဆို is unexpected; perhaps a misprint
147529	vācasika	(၁) ဝါစီဒွါရ-နှုတ်-၌-ဖြစ်သော။ (၂) စကား-နှုတ်-ဖြင့်ပြုအပ်သော။	(1) que surge en el *vācīdvāra* / la boca. (2) hecho con las palabras / la boca.	(1) arising in the *vācīdvāra* / the mouth. (2) done by speech / the mouth.	ဝါစီဒွါရ copied as printed (for ဝစီဒွါရ)
147538	vācākata	(မုသား) စကားဖြင့် (ကြံ၍) ပြုအပ်သာ။	hecho con palabras (falsas) (tras tramarlo).	done by (false) speech (having contrived it).	final သာ read as misprint for သော
147544	vācākalaha	နှုတ်ဖြင့် ငြင်းခံခြင်း။	el disputar de palabra.	disputing by mouth.	ငြင်းခံ read as ငြင်းခုံ
147546	vācāgirā	(၁) ဝါစာဟု ဆိုအပ်သောစကား။ (၂) နှုတ်မြွက်ခြင်း၊ စကားပြောဆိုခြင်း၊ စကားကို အဖန်ဖန်ပြောဆိုခြင်း၊ အဖန်ဖန်ပြောဆိုအပ်သောစကား။ (ဝါကျကြံခိုက် အနက်ပေးပုံ--ဝါစာ=ဝါစာယ၊ နှုတ်ဖြင့်။ အနာလပန္တော၊ မပြောမဆို။ ဂိရံ စ၊ အသံကိုလည်း။ နော စ ဘဏေယျ။ မမြွက်မဆို။ ဟုပေးပါ)။	(1) las palabras llamadas *vācā*. (2) el pronunciar; el hablar; el hablar repetidamente; palabras dichas repetidamente. (Cómo se da el significado al construir la oración: *vācā* = *vācāya*, con la boca. *anālapanto*, sin hablar ni decir. *giraṁ ca*, y también la voz. *no ca bhaṇeyya*, no pronuncie ni diga. Dese así).	(1) the speech called *vācā*. (2) utterance; speaking; speaking repeatedly; words spoken repeatedly. (How the meaning is given when construing the sentence: *vācā* = *vācāya*, by mouth. *anālapanto*, not speaking or saying. *giraṁ ca*, and the voice too. *no ca bhaṇeyya*, should neither utter nor say. Give it thus).	nissaya-style construal of a quoted verse; glosses translated, Pāḷi copied
147551	vācādosabhayaṭṭita	နှုတ်ဒဏ်ထားခြင်းဘေး,အချက်ထွက်ခြင်း ဘေးဖြင့် နှိပ်စက်အပ်သော။	oprimido por el peligro de la reprensión verbal, el peligro de que se escape una palabra.	oppressed by the danger of verbal punishment, the danger of a remark slipping out.	အချက်ထွက်ခြင်း uncertain; tentatively 'a remark slipping out'
147552	vācānicchāraṇa	နှုတ်မြွက်ခြင်း၊ စကားကို-မြွတ်ဆို-ပြောဆို-ခြင်း။	el pronunciar; el pronunciar / decir las palabras.	utterance; the uttering / saying of words.	မြွတ်ဆို read as မြွက်ဆို
147585	vācāyata	(၁) နှုတ်စောင့်စည်းသော၊ နှုတ်-ဝစီဒွါရ-ဖြင့်-စောင့်စည်း- ငြိမ်းအေး-သော၊ အပြစ်ကင်းသောစကားကို ပြောဆိုတတ်သော၊ သူ။ (ပု) (၂) နှုတ်-ဝစီဒွါရ-ဖြင့် စောင့်စည်းခြင်း။ (ပု) (၂) အောက်ပုဒ်ကြည့်။	(1) que refrena la boca; que refrena / está sereno por la boca / el *vacīdvāra*; que suele decir palabras libres de falta (dicho de una persona). (masculino) (2) el refrenar por la boca / el *vacīdvāra*. (masculino) (2) Véase la entrada siguiente.	(1) restraining the mouth; restrained / calm by the mouth / the *vacīdvāra*; apt to speak faultless words (said of a person). (masculine) (2) restraint by the mouth / the *vacīdvāra*. (masculine) (2) See the next entry.	sense (2) printed twice
147591	vācāvatthu	စကား၏အကြောင်း။	la causa de las palabras.	the cause of speech.	အကြောင်း perhaps 'subject matter' here
147595	vācāvikkhepa	စကားဖြင့် ပျံ့လွင့်ခြင်း၊ စကားဖြင့် (သူတစ်ပါးတို့၏ ဝါဒကို) အထူးထူး အပြားပြား-ပစ်ချ-ပစ်ပယ်-ခြင်း။	la dispersión por medio de palabras; el lanzar / rechazar de modos diversos y variados (la doctrina de otros) por medio de palabras.	distraction by speech; the throwing down / rejecting (of others' doctrine) in diverse and various ways by speech.	ပစ်ပယ် here 'reject' (refutation), rendered rechazar / reject
147601	vācāsaṁyama	နှုတ်-ဝိစီဒွါ-ဖြင့်-စောင့်စည်းခြင်း။	el refrenar con la boca / el *vicīdvā*.	restraint by the mouth / the *vicīdvā*.	ဝိစီဒွါ copied as printed; misprint for ဝစီဒွါရ
147618	vācāsiliṭṭhattha	(ပု) (၁) စကား-ပြေပြစ်-ချောမော-ခြင်းဟူသောအကျိုး။ (၂) စကား-ပြေပြစ်-ချောမော-ခြင်းဟူသောအနက်ရှိသော။ (ပု) (၁)  «S1»	(masculino) (1) el beneficio que es la fluidez / pulidez del habla. (2) que tiene el significado de la fluidez / pulidez del habla. (masculino) (1) Véase [[vācāsiliṭṭha]].	(masculine) (1) the benefit that is smoothness / polish of speech. (2) having the meaning of smoothness / polish of speech. (masculine) (1) See [[vācāsiliṭṭha]].	'(ပု) (၁)' printed twice; the second introduces the placeholder
147624	vācuggata	(၁) နှုတ်၌တက်သော၊ နှုတ်ဖြင့်ကောင်းစွာ သင်ယူအပ်သော။ (၂) နှုတ်-ဝစီဒွါရ-မှ-ထွက်-ဖြစ်-သော။	(1) sabido de memoria; bien aprendido con la boca. (2) que sale / surge de la boca / el *vacīdvāra*.	(1) known by heart; well learnt by mouth. (2) coming out / arising from the mouth / the *vacīdvāra*.	နှုတ်၌တက် ('risen to the mouth') rendered by its idiomatic sense, 'known by heart'
147632	vācetvā	ရွတ်ဖတ်-ပြောဆို-သင်ကြား-သင်ယူ-စေ၍၊ သင့်ပြ-ပို့ချ-၍။	habiendo hecho recitar / hablar / estudiar / aprender; habiendo enseñado / impartido.	having caused to recite / speak / study / learn; having taught / instructed.	သင့်ပြ read as သင်ပြ
147633	vācetha	(သင်တို့) ရွတ်ဖတ်-ပြောဆို-သင်ယူ-သင်ကြား-စေကုန်၏၊ သင်ပြ-ပို့ချ-ကုန်၏။	(vosotros) hacéis recitar / hablar / aprender / estudiar; enseñáis / impartís.	(you all) cause to recite / speak / learn / study; you teach / instruct.	no label
147634	vācetha	(သင်တို့) ရွတ်ဖတ်-ပြောဆို-သင်ကြား-သင်ယူ-စေကုန်လော့၊ သင်ပြ-ပို့ချ-ကုန်လော့။	¡(vosotros) haced recitar / hablar / estudiar / aprender; enseñad / impartid!	(you all) cause to recite / speak / study / learn; teach / instruct!	no label
147641	vāceyyuṁ	ရွတ်ဖတ်-ပြောဆို-စေကုန်ရာ၏၊ သင့်ပြ-ပို့ချ-ကုန်ရာ၏။	deberían hacer recitar / hablar; deberían enseñar / impartir.	they should cause to recite / speak; should teach / instruct.	no label; သင့်ပြ read as သင်ပြ
147642	vācesiṁ	ရွတ်ဖတ်-ပြောဆို-သင်ယူ-စေပြီ၊ သင်ပြ-ပို့ချ-ပြီ။	hice recitar / hablar / aprender; enseñé / impartí.	I caused to recite / speak / learn; I taught / instructed.	1st person from the headword (-iṁ); Burmese unmarked
147643	vācesi	သင်ယူစေ၏။ သင်ပြ-ပို့ချ-၏။	hace aprender. Enseña / imparte.	causes to learn. Teaches / instructs.	no label; present tense as printed for an aorist headword
147644	vācesi	သင်ယူစေပြီ၊ သင်ပြ-ပို့ချ-ပြီ။	hizo aprender; enseñó / impartió.	caused to learn; taught / instructed.	no label
147646	vācessati	(၁) ရွတ်ဖတ်-သင်ယူ-စေလတ္တံ့၊ သင်ပြ-ပို့ချ-လတ္တံ့။ (၂) ရွတ်ဖတ်-သင်ယူ-စေပြီ၊ သင်ပြ-ပို့ချ-ပြီ။	(1) hará recitar / aprender; enseñará / impartirá. (2) hizo recitar / aprender; enseñó / impartió.	(1) will cause to recite / learn; will teach / instruct. (2) caused to recite / learn; taught / instructed.	no label; sense (2) is past for a future headword
147647	vācessatha	ရွတ်ဖတ်-ပြောဆို-သင်ကြား-စေပြီ၊ သင်ပြ-ပို့ချ-ပြီ။	hizo recitar / hablar / estudiar; enseñó / impartió.	caused to recite / speak / study; taught / instructed.	no label; Burmese past (ပြီ) for a future 2nd-plural headword; 3rd person kept as unmarked
147648	vācessanti	ရွတ်ဖတ်-ပြောဆို-သင်ကြား-စေကုန်ပြီ၊ သင်ပြ-ပို့ချ-ကုန်ပြီ။	hicieron recitar / hablar / estudiar; enseñaron / impartieron.	they caused to recite / speak / study; they taught / instructed.	Burmese past (ပြီ) for a future headword
147649	vācessanti	ရွတ်ဖတ်-သင်ယူ-စေကုန်လတ္တံ့၊ သင်ပြ-ပို့ချ-ကုန်လတ္တံ့။	harán recitar / aprender; enseñarán / impartirán.	they will cause to recite / learn; they will teach / instruct.	no label
147653	vāja	(၁) မြား-ရွက်-မေား-တောင်။ (၂) ထောပတ်,ပျား,သကာ။ (၃) တောလိုက်-တောကစားခြင်း။ (၄) အရှိန်-အဟုန်-ခွန်အား။ (၃)  «S1» (၄) ဝါဇီ-ပုဒ်နှင့်တွဲကြည့်။	(1) vano / pluma / ala de la flecha. (2) mantequilla clarificada, miel, azúcar. (3) la caza / el ir de caza por el bosque. (4) ímpetu / impulso / fuerza. (3) Véase [[vājika]]. (4) Véase junto con la palabra *vājī*.	(1) vane / feather / fletching of the arrow. (2) ghee, honey, sugar. (3) hunting / sporting in the forest. (4) momentum / impetus / strength. (3) See [[vājika]]. (4) See together with the word *vājī*.	(1) မေား read as မွေး 'feather'; 'see X' left in the Burmese
147654	vājapatta	မြား-လှံ-ရွက်-မွေး-တောင်၊ မြားလှံ,မြားနားရွက်,မြာမြီး။	vano / pluma / ala de la flecha / lanza; flecha, vano lateral de la flecha, cola de la flecha.	vane / feather / fletching of the arrow / spear; arrow, side vane of the arrow, tail of the arrow.	မြားလှံ, မြားနားရွက်, မြာမြီး read tentatively; မြာ read as မြား
147661	vājeti	ခော်ဆောင်၏။ «S1»	conduce. Véase [[vājenti]].	leads. See [[vājenti]].	ခော်ဆောင် read as ခေါ်ဆောင်
147662	vājenti	ခော်ဆောင်ကုန်၏။	conducen.	they lead.	ခော်ဆောင် read as ခေါ်ဆောင်
147663	vāṭa	(၁) အရံ,အတား,ဝင်။ (၂) မဏ္ဍပ်,ဇရပ်။	(1) cerco, valla, recinto. (2) pabellón, casa de descanso.	(1) fence, barrier, enclosure. (2) pavilion, rest-house.	ဝင် read as ဝင်း 'enclosure'
147664	vāṇṭaka	(၁) အဝန်း,အဝိုင်း။ (၂) (အရံအတား) လည်မျို,ရေမျို။	(1) circunferencia, círculo. (2) (cerco) garganta, esófago.	(1) circumference, circle. (2) (enclosure) throat, gullet.	sense (2) unclear; ရေမျို tentatively 'gullet'
147665	vāṇa	(ကုဋင်,ညောင်စောင်းအပေါင်းတို့ကို) ဖွဲ့ချည်ကြောင်းကျိုး။ «S1»	(de camas y lechos) cuerda con que se atan. Véase también [[mañcavāṇa]].	(of beds and couches) cord with which they are tied. See also [[mañcavāṇa]].	ကုဋင် read as a kind of bed or cot; ကြောင်းကျိုး read as ကြိုး 'cord'
147666	vāṇa	မြား။	flecha.	arrow.	no label
147668	vāṇadhi	တောင့်၊ မြားပုံး။	estuche; carcaj.	case; quiver.	တောင့် read tentatively as 'case, tube'
147669	vāṇija	(၁) (က) ကုန်သည်၊ ကုန်သွယ်-ရောင်းဝယ်-သူ။ (ခ) မြင်းကုန်သည်၊ မြင်းကုန်သွယ်-မြင်းရောင်းဝယ်-သူ။ (၂) လက်သမာ။	(1) (a) comerciante; el que comercia / compra y vende. (b) comerciante de caballos; el que comercia / compra y vende caballos. (2) carpintero.	(1) (a) merchant; one who trades / buys and sells. (b) horse dealer; one who trades / buys and sells horses. (2) carpenter.	(2) လက်သမာ read as လက်သမား 'carpenter'; unexpected for vāṇija, perhaps misprint
147673	vāṇijakamma	ကုန်သည်တို့၏အမှု၊ ကုန်သွယ်မှု၊ ရောင်းဝယ်မှု။ ဝဏိဇ္ဇာ-ထောင့်ကွင်းလည်းကြည့်။	la acción de los comerciantes; el comercio; la compraventa. Véase también [[vaṇijjā]] (corchetes).	the business of merchants; trade; buying and selling. See also [[vaṇijjā]] (square brackets).	'ထောင့်ကွင်းလည်းကြည့်' (see also the square brackets) left in the Burmese
147683	vāṇijasamaññā	ကုန်သည်တို့-ခော်ဝော်-သမုတ်-သုံးစွဲ-အပ်သောအမည်။	el nombre con que los comerciantes llaman / convienen / usan.	the name called / agreed on / used by merchants.	ခော်ဝော် read as ခေါ်ဝေါ်
147686	vāṇijja	(က) ကုန်သွယ်ခြင်း။ (ခ) ကုန်သွယ်မှုသဖွယ်ဖြစ်သည့်-ကုသိုလ်-ကောင်းမှု။	(a) el comerciar. (b) el mérito / la buena acción que es como un comercio.	(a) trading. (b) merit / a good deed that is like trade.	ကုသိုလ် here read as merit (mérito)
147690	vāta	(၁) လေ။ (၂) (က) မြူနှင့်တကွသောလေ,မြူမရှိသော လေစသည်။ (ခ) အရပ်လေးမျက်နှာမှလာသောလေ။ (ဂ) အားကြီး-ကြမ်း-သောလေ။ (ဃ) ကမ္ဘာကိုဖျက်သောလေ။ (င) ယူဇနာ ၉-သိန်း ၆-သောင်းအစောက်ရှိသော လေ။ (စ) ဝေရမ္ဘအမည်ရှိသောလေကြီး။ (ဆ) လေသင်ဓုန်း။ (ဇ) ကမ္မဇလေ (ကံကြောင့်ဖြစ်သောလေ)။ (ဈ) ဝမ်း၌ဖြစ်သောလေ။ (ည) ဝမ်း၌ဖြစ်သောလေ,ကျောက်ကုန်း၌ဖြစ်သောလေစသည်။ (ဋ) ဝင်သက်,ထွက်သက်လေ။ (ဌ) အထက်သို့တက်သောလေ။ (ဍ) ရူးသွပ်ခြင်းကိုဖြစ်စေတတ်သောလေ။ (၃) အသံ၊ လေသံ၊ သေးငယ်သောအသံ။ (၄) (က) လေနာရောဂါ။ (ခ) လေချောက်ချားခြင်း။ (န) (၅) ဝါတသုတ် ၂-သုတ်။	(1) viento. (2) (a) viento con polvo, viento sin polvo, etc. (b) vientos que vienen de las cuatro direcciones. (c) viento fuerte / violento. (d) el viento que destruye el mundo. (e) el viento de 960.000 *yojana* de espesor. (f) el gran viento llamado *verambha*. (g) apoplejía. (h) viento *kammaja* (viento que surge a causa del *kamma*). (i) viento que surge en el vientre. (j) viento que surge en el vientre, viento que surge en la espalda, etc. (k) el aire de la inspiración, de la espiración. (l) viento que sube hacia arriba. (m) viento que suele producir la locura. (3) sonido; tono de voz; sonido tenue. (4) (a) enfermedad del viento. (b) la agitación del viento. (neutro) (5) el sutta *vāta* (2 suttas).	(1) wind. (2) (a) wind with dust, wind without dust, and so on. (b) winds coming from the four directions. (c) strong / violent wind. (d) the wind that destroys the world. (e) the wind 960,000 *yojana* deep. (f) the great wind called *verambha*. (g) apoplexy. (h) *kammaja* wind (wind arising because of *kamma*). (i) wind arising in the belly. (j) wind arising in the belly, wind arising in the back, and so on. (k) the air of in-breath, out-breath. (l) wind rising upwards. (m) wind apt to cause madness. (3) sound; tone of voice; faint sound. (4) (a) wind disease. (b) disturbance of the wind. (neuter) (5) the *vāta* sutta (2 suttas).	(d) ကမ္ဘာ read as the world (destroyed at the end of the kappa); (g) လေသင်ဓုန်း tentatively 'apoplexy'; (j) ကျောက်ကုန်း read as ကျောကုန်း 'back'
147693	vātakapabbata	ဝါတကမည်သောတောင် (၎င်းတောင်သည် သီဟိုဠ်ကျွန်းတောင်ပိုင်း၌ရှိသည်)။	el monte llamado *vātaka* (ese monte está en la parte sur de la isla de *sīhaḷa*).	the mountain called *vātaka* (that mountain is in the southern part of the island of *sīhaḷa*).	သီဟိုဠ်ကျွန်း (Sri Lanka) romanised as ⟦=sīhaḷa⟧
147695	vātakuppa	လေ-ဖောက်ပြန်-ပျက်စီး-ခြင်း။	el trastorno / la alteración / la destrucción del viento.	the disorder / derangement / destruction of the wind.	label တိ, definition a verbal noun
147706	vātaggāha	လေကိုယူတတ်သော။	que suele tomar el viento.	apt to take the wind.	label ပု, definition adjectival
147708	vātaghāta	ငုပင်။ «S1»	árbol ‹ငု›. Véase [[vātaghātarukkha]].	‹ငု› tree. See [[vātaghātarukkha]].	ငုပင် left in Burmese; tentatively Cassia fistula
147709	vātaghātaka	ငုပင်။	árbol ‹ငု›.	‹ငု› tree.	ငုပင် left in Burmese; tentatively Cassia fistula
147710	vātaghātakapupphakalāpa	ငုပန်းစည်း၊ ငုပန်း-အပေါင်း-အစု-အပုံ-အစည်း။	ramillete de flores de ‹ငု›; conjunto / grupo / montón / ramillete de flores de ‹ငု›.	bunch of ‹ငု› flowers; collection / group / heap / bunch of ‹ငု› flowers.	ငု left in Burmese; tentatively Cassia fistula
147711	vātaghātarukkha	ငုပင်။	árbol ‹ငု›.	‹ငု› tree.	ငုပင် left in Burmese; tentatively Cassia fistula
147715	vātacchupita	လေ-သည်-ဖြင့်-တွေ့ထိအပ်သော။	tocado por el viento.	touched by the wind.	hyphens alternate only the case particles သည် / ဖြင့်
147722	vātaṇḍa	မုတ္တနာ၊ မုတ္တရောဂါ၊ လိင်ဥ-ဝှေးစေ့-ကြီး-ရောင်-သောအနာ။	enfermedad urinaria; mal urinario; enfermedad en que los testículos / gónadas se agrandan / hinchan.	urinary disease; urinary sickness; the disease in which the testicles / testes grow large / swell.	မုတ္တနာ, မုတ္တရောဂါ read as urinary disease; perhaps hydrocele
147724	vātaṇḍika	မတ္တနာ-မုတ္တရောဂါ-ရှိသူ၊ လိင်ဥ-ဝှေး-စေ့-ကြီးရောင်-သောအနာရှိသူ။	el que tiene enfermedad urinaria / mal urinario; el que tiene la enfermedad en que los testículos / gónadas se agrandan / hinchan.	one who has urinary disease / urinary sickness; one who has the disease in which the testicles / testes grow large / swell.	မတ္တနာ read as မုတ္တနာ
147725	vātadhātuka	လေဓာတ်-ပြော-များ-သော၊ များသောလေဓာတ်ရှိသော၊ သူ။	abundante / rico en elemento viento; que tiene mucho elemento viento (dicho de una persona).	abundant / rich in the wind element; having much wind element (said of a person).	ပြော in လေဓာတ်-ပြော-များ read as ပေါ 'abundant'
147744	vātapānakavāṭachidda	လေသာတံခါးရွက်ပေါက်၊ လေသာတံခါး-လေသာပြူတင်း-၏ တံခါးရွက်အပေါက်။	orificio de la hoja de la puerta aireada; orificio de la hoja de la puerta aireada / ventana aireada.	hole in the leaf of the airy door; hole in the leaf of the airy door / airy window.	no label
147745	vātapānakavāṭacchidda	လေသာတံခါးရွက်ပေါက်၊ လေသာတံခါး-လေသာပြူတင်း-၏ တံခါးရွက်အပေါက်။	orificio de la hoja de la puerta aireada; orificio de la hoja de la puerta aireada / ventana aireada.	hole in the leaf of the airy door; hole in the leaf of the airy door / airy window.	no label
147759	vātapānabhisi	လေသာတံခါး၏ အတိုင်းအရှည်ဖြင့် ပြုအပ်သော ဘုံလျှူိ။ လေသာနန်းပြူတင်းနှင့်အမျှပြုအပ်သော ဘုံလျှူိ။	cojín hecho a la medida de la puerta aireada. Cojín hecho del tamaño de la ventana aireada del palacio.	cushion made to the measure of the airy door. Cushion made the size of the airy palace window.	ဘုံလျှူိ read as cushion
147765	vātapuppha	လေပွင့်၊ လေကဲ့သို့ အသီးမပါ-အချည်းနှီးသာ ဖြစ်သော-ပန်း-ပန်းပွင့်။	flor de viento; flor / flor abierta sin fruto / vana como el viento.	wind flower; flower / blossom without fruit / empty like the wind.	no label
147770	vātapotha	ပေါက်ပင်။	árbol ‹ပေါက်›.	‹ပေါက်› tree.	ပေါက်ပင် left in Burmese; tentatively Butea monosperma
147783	vātamiga	သမင်ပျံ၊ ဝါတမိဂမည်သော သားကောင်။	‹သမင်ပျံ›; la presa llamada *vātamiga*.	‹သမင်ပျံ›; the game animal called *vātamiga*.	သမင်ပျံ ('flying deer') left in Burmese; species unidentified
147784	vātamigajātaka	ဝါတမိဂဇာတ်၊ ဝါတမိဂသမင် (သမင်ပျံ)၏-အဖြစ်အပျက်-အကြောင်းအရာ-ကို ဟောကြောင်းဖြစ်သော ဇာတ်။	el *vātamigajātaka*; el *jātaka* que expone los sucesos / el relato del ciervo *vātamiga* (‹သမင်ပျံ›).	the *vātamigajātaka*; the *jātaka* that relates the events / story of the *vātamiga* deer (‹သမင်ပျံ›).	သမင်ပျံ left in Burmese
147786	vātamukhasodhana	လေလမ်း-လေကြောင်း-ကို-သုဓ်-သင်-ရှင်းလင်း-ခြင်း။	el limpiar / despejar / aclarar el camino / curso del viento.	the wiping / clearing / cleaning of the wind path / course.	သုဓ် read as သုတ် 'wipe'
147791	vātavalāhaka	လေနတ်သား၊ ဝါတဟလာဟကနတ်၊ လေကို ပြုလုပ် ဆောင်ကြဉ်းတတ်သော နတ်။ «S1»	*devaputta* del viento; el *deva* *vātahalāhaka*; el *deva* que suele producir y traer el viento. Véase también [[sītavalāhakā]].	wind *devaputta*; the *deva* *vātahalāhaka*; the *deva* apt to make and bring the wind. See also [[sītavalāhakā]].	ဝါတဟလာဟက copied as printed (for ဝါတဝလာဟက)
147797	vātavināsana	လေကို-ဖျက်ဆီး-ပယ်ဖျောက်-ပျက်စီး-ငြိမ်းစေ-တတ်သော။	que suele destruir / eliminar / hacer perecer / apaciguar el viento.	apt to destroy / remove / make perish / calm the wind.	ပယ်ဖျောက် (physical removal) rendered eliminar / remove
147807	vātavegasamuṭṭhitavīcijāla	လေ၏အဟုန်-(လေတိုက်ခတ်ခြင်း) ကြောင့် ကောင်းစွာဖြစ်ပော်လာသည့် လှုိင်းအစုရှိသော။	que tiene un conjunto de olas bien surgidas a causa del ímpetu del viento (el soplar del viento).	having a mass of waves well arisen because of the force of the wind (the blowing of the wind).	ဖြစ်ပော် read as ဖြစ်ပေါ်
147810	vātasakuṇa	မိုးစွေငှက်၊ ပျံလွှားငှက်။	pájaro ‹မိုးစွေ›; pájaro ‹ပျံလွှား›.	‹မိုးစွေ› bird; ‹ပျံလွှား› bird.	bird names left in Burmese; perhaps swift or swallow
147823	vātahara	လေ-လေရောဂါ-ကို-ပယ်ဖျောက်-ပယ်ရှား-တတ်သော။	que suele eliminar / expulsar el viento / la enfermedad del viento.	apt to remove / expel the wind / wind disease.	ပယ်ဖျောက်, ပယ်ရှား (physical removal) rendered eliminar / expulsar
147824	vātaharaṇapaṇṇa	လေ-လေရောဂါ-ကို-ပယ်ဖျောက-ပယ်ရှား-နိုင်သောသစ်ရွက် (ငုရွက်စသည်)။	hoja de árbol capaz de eliminar / expulsar el viento / la enfermedad del viento (hojas de ‹ငု› y demás).	leaf able to remove / expel the wind / wind disease (‹ငု› leaves and so on).	ပယ်ဖျောက (sic), ပယ်ရှား rendered eliminar / expulsar; ငု left in Burmese
147846	vātābhighātasamuṭṭhita	လေတိုက်ခတ်ခြင်းကြောင့် ဖြစ်ပော်သော။	surgido del azotar del viento.	arisen from the buffeting of the wind.	ဖြစ်ပော် read as ဖြစ်ပေါ်
147859	vātiṅgaṇabaddhakoṭi	ခရမ်းသီးကို ဖွဲ့ချည်ကြောင်းဖြစ်သော သာမြီးဖျား။	la punta del pelo de cola con que se ata la berenjena.	the tip of the tail hair with which the aubergine is tied.	သာမြီး read as သားမြီး 'tail hair'
147860	vātiṅgaṇabandhanavāla	ခရမ်းသီးကို ဖွဲ့ချည်ကြောင်းဖြစ်သော သာမြီး။	el pelo de cola con que se ata la berenjena.	the tail hair with which the aubergine is tied.	သာမြီး read as သားမြီး 'tail hair'
147867	vātupatthambha	(က) လေ၏-ထောက်ပံ့ခြင်း-အထောက်အပံ့။ (ခ) လေ-ဖြင့်-ကြောင့်-တောင့်တင်း-ခိုင်မာ-ခြင်း။	(a) el sostener / sostén del viento. (b) el estar tenso / firme por / a causa del viento.	(a) the supporting / support of the wind. (b) the being taut / firm by / because of the wind.	no label
147868	vātūpatthambha	(က) လေ၏-ထောက်ပံ့ခြင်း-အထောက်အပံ့။ (ခ) လေ-ဖြင့်-ကြောင့်-တောင့်တင်း-ခိုင်မာ-ခြင်း။	(a) el sostener / sostén del viento. (b) el estar tenso / firme por / a causa del viento.	(a) the supporting / support of the wind. (b) the being taut / firm by / because of the wind.	no label
147871	vātūpaccheda	(ကမ္ဘာဖျက်) လေ၏ ပြတ်စဲခြင်း။	(que destruye el mundo) el cese del viento.	(world-destroying) the cessation of the wind.	ကမ္ဘာ read as the world destroyed at the end of the kappa
147873	vātūpanissaya	(က) လေဟူသော အားကြီးသော မှီရာရှိသော။ (ခ) (ဃာနဝိညာဉ်၏) ဥပနိဿယဖြစ်သော လေဟူသောအကြောင်းရှိသော။ အောက်ပုဒ်ကြည့်။	(a) que tiene como fuerte apoyo el viento. (b) que tiene como causa el viento, que es *upanissaya* (de la *ghānaviññāṇa*). Véase la entrada siguiente.	(a) having the wind as strong support. (b) having as cause the wind, which is *upanissaya* (of *ghānaviññāṇa*). See the next entry.	no label
147881	vāttākī	ခရမ်းကစော့၊ ခရမ်းကြွတ်၊ ခရမ်းဖြူပင်။	berenjena ‹ကစော့›; berenjena ‹ကြွတ်›; planta de berenjena blanca.	‹ကစော့› aubergine; ‹ကြွတ်› aubergine; white aubergine plant.	two kinds of Solanum (ခရမ်းကစော့, ခရမ်းကြွတ်) left partly in Burmese
147882	vāda	(၁) စကား၊ ပြောဆိုဖွယ်။ (၂) ပြောဆိုခြင်း။ (၃) အပြစ်ဒေါသ။ (၄) သိစေခြင်း။ (၅) ပြောဆို-သိစေ-ကြောင်းဖြစ်သော စေတနာ။ (၆) ပါဒကဈာန်စသည်။ (၇) အယူဝါဒ၊ လမ်းစဉ်၊ ဝါဒလမ်းစဉ်၊ စကားအစဉ်။ (၈) မိစ္ဆာဉာဏ်။ (၉) ငြင်းခုံသောစကား။ (၁၀) ကတိကဝတ်။ (၁၁) နှိပ်-ကဲ့ရဲ့-ကျေးဇူးမဲ့ကိုဆို-ဆဲရေး-ခြင်း။ (၁၂) ပြောဆိုတတ်သော၊ သူ။ «S1»	(1) palabras; lo que ha de decirse. (2) el hablar. (3) falta, defecto. (4) el hacer saber. (5) la *cetanā* que es la causa del hablar / hacer saber. (6) el *pādakajjhāna* y demás. (7) opinión y doctrina; línea; línea doctrinal; secuencia de palabras. (8) conocimiento erróneo. (9) palabras de disputa. (10) promesa, compromiso. (11) el oprimir / censurar / reprochar la ingratitud / insultar. (12) que suele hablar (dicho de una persona). Véase [[vāda]] (2).	(1) speech; what is to be said. (2) speaking. (3) fault, defect. (4) making known. (5) the *cetanā* that is the cause of speaking / making known. (6) *pādakajjhāna* and so on. (7) view and doctrine; line; doctrinal line; sequence of words. (8) wrong knowledge. (9) words of dispute. (10) promise, pledge. (11) the oppressing / blaming / reproaching for ingratitude / abusing. (12) apt to speak (said of a person). See [[vāda]] (2).	sense (6) ပါဒကဈာန် unexpected under vāda (perhaps belongs to pāda)
147883	vāda	အယူဝါဒ-နှင့်တကွဖြစ်-ရှိ-သော၊ ပါဒကဈာန်စသည်။	que surge / está junto con la opinión y doctrina; el *pādakajjhāna* y demás.	arising / being together with view and doctrine; *pādakajjhāna* and so on.	no label; ပါဒကဈာန် unexpected here (see previous row)
147901	vādattha	အယူဝါဒဟူသောအကျိုး။	el beneficio que es la doctrina.	the benefit that is doctrine.	အကျိုး taken as benefit (attha); 'purpose' also possible
147902	vādatthika	အယူဝါဒ-ဖြင့်-ကို-အလိုရှိသော၊ သူ။	que desea algo mediante la doctrina / que desea la doctrina (dicho de una persona).	wishing for something by means of a doctrine / wishing for a doctrine (said of a person).	the hyphenated case particles ဖြင့် / ကို give two readings, both kept
147906	vādadīpana	အယူဝါဒကို-ပြ-တတ်-ကြောင်း-ဖြစ်-သော။	que suele mostrar la doctrina / que es medio de mostrar la doctrina.	apt to show a doctrine / that is a means of showing a doctrine.	hyphens here chain verb suffixes (ပြ-တတ်-ကြောင်း-ဖြစ်), not alternatives of one word; rendered as two readings
147907	vādadosānisaṁsa	ပြောဆိုခြင်း၌ အပြစ်ဟူသော အကျိုးရှိသော၊ (စကား)။	que tiene, en el hablar, un resultado que es falta (palabras).	having, in speaking, a result that is fault (speech).	the Burmese gives only fault as the ānisaṁsa; the headword (dosa + ānisaṁsa) suggests 'faults and benefits in speech' — possibly abridged
147911	vādanatāl̤a	တီး-မှုတ်-ခေါက်-အပ်သော (မောင်း,ကြေနင်းစသည့်) တူရိယာ။	instrumento musical golpeado / soplado / percutido (gong, platillos y demás).	a musical instrument struck / blown / tapped (gong, cymbals and so on).	ကြေနင်း read as ကြေးနင်း 'cymbals'
147918	vādantu	မြည်စေ-တီးမှုတ်-ကုန်လော။	¡que hagan sonar / toquen!	let them make sound / play!	…ကုန်လော under an imperative headword (-ntu) read as the imperative လော့
147923	vādapaṭisedha	အယူဝါဒကို-တားမြစ်-ပယ်-ခြင်း။	el prohibir / rechazar una doctrina.	the prohibiting / rejecting of a doctrine.	ပယ် here means reject (paṭisedha): rechazar / reject
147924	vādapaṭihāra	တုံ့ပြန်-ဖြေရှင်း-နိုင်သော အယူဝါဒ၊ (ဆန့်ကျင်ဘက်ဖြစ်သော အယူဝါဒတို့ကို)-တွန်းလှန်-ပယ်ဖျက်-ဆုတ်နစ်စေ-တတ်သောအယူဝါဒ။ စောဒက၏ စောဒနာချက်ကို ပင်ကိုယ်အတိုင်းပြန်ဖြစ်အောင် ပြုတတ်သော အယူဝါဒ။	doctrina capaz de replicar / resolver; doctrina que suele repeler / refutar / hacer retroceder (las doctrinas contrarias). Doctrina que suele hacer que la objeción del *codaka* vuelva a su estado original.	a doctrine able to reply / resolve; a doctrine apt to repel / refute / drive back (opposing doctrines). A doctrine apt to turn the objection of the *codaka* back to its original state.	ပယ်ဖျက် rendered refute; the last sentence (ပင်ကိုယ်အတိုင်းပြန်ဖြစ်အောင်) is obscure
147934	vādaparimocana	ပြော-ဆို-အပြစ်တင်-ကဲ့ရဲ့-ကျေးဇူးမဲ့ကိုဆို-ခြင်းမှ လွတ်စေခြင်း။	el librar del hablar / decir / acusar / censurar / hablar de ingratitud.	the freeing from speaking / saying / accusing / censuring / speaking of ingratitude.	ကျေးဇူးမဲ့ကိုဆို read as 'speaking of ingratitude'; uncertain
147947	vādabhāsita	အယူဝါဒကို-ပြော-ဆို-ဟော-ရာဖြစ်သောကျမ်း။	el tratado en el que se habla / dice / enseña la doctrina.	the treatise in which doctrine is spoken / said / taught.	label န with the Burmese 'treatise', from bhāsita
147951	vādamaggaparicaya	ဝါဒလမ်းစဉ်-၌-ကို-လေ့လာခြင်း၊ အယူဝါဒဟူသော-ခရီး-လမ်း-အစဉ်-၌-ကို-လေ့လာ-လေ့ကျင့်-ဆည်းပူး-ခြင်း။	el estudiar (en) el camino del *vāda*; el estudiar / ejercitar / cultivar (en) el trayecto / camino / la secuencia que es la doctrina.	the studying of (or in) the path of *vāda*; the studying / practising / cultivating of (or in) the journey / road / course that is doctrine.	hyphenated case particles ၌-ကို ('in' / object) rendered as '(en)' / '(or in)'
147965	vādayuttiparihāni	ဝါဒယုတ္တိ-အယူဝါဒ-အယူဝါဒဖြစ်ခြင်း-၏ အကြောင်း-နှင့်-သက်ဆိုင်-ပတ်သက်-သောဆုတ်ယုတ်-ခြင်း-အမှု။	el decaimiento / la acción de decaer relativo / tocante a la causa de *vādayutti* / de la doctrina / de que haya una doctrina.	the decline / the act of declining concerning / relating to the cause of *vādayutti* / of doctrine / of there being a doctrine.	the hyphens chain a long phrase mixing alternatives and particles; structure uncertain
147989	vādānupavatti	အပြစ်ဒေါသတို့၏ဖြစ်ခြင်း။ «S1»	el surgir de faltas (*dosa*). Véase [[vādānupāta]] (2).	the arising of faults (*dosa*). See [[vādānupāta]] (2).	ဒေါသ here is dosa as fault/defect, not hatred
147990	vādānupāta	(၁) အယူဝါဒ-ဖြစ်-ဖြစ်ပော်ခြင်း။ (၂) အပြစ်ဒေါသတို့၏ဖြစ်ခြင်း။ (၃) (မြတ်စွာဘုရား၏) အယူဝါဒသို့ အစဉ်လိုက်-ခြင်း-သော အယူဝါဒ။	(1) el surgir / originarse de una doctrina. (2) el surgir de faltas (*dosa*). (3) el seguir en orden / la doctrina que sigue en orden la doctrina (del Buddha).	(1) the arising / originating of a doctrine. (2) the arising of faults (*dosa*). (3) the following in order of / the doctrine that follows in order the doctrine (of the Buddha).	ဖြစ်ပော် read as ဖြစ်ပေါ်; ဒေါသ as fault; sense (3) hyphens (အစဉ်လိုက်-ခြင်း-သော) give two readings
147994	vādāpana	တီးမှုတ်-ခေါက်-စေ-ခိုင်း-ခြင်း။	el hacer / mandar tocar / percutir.	the causing / ordering to play / tap.	hyphens chain the phrase (တီးမှုတ်-ခေါက်-စေ-ခိုင်း-ခြင်း)
148000	vādāropana	(၁) အပြစ်တင်ခြင်း၊ အပြစ်သို့တင်ခြင်း။ (၂) အယူဝါဒသို့တင်ခြင်း။	(1) el acusar; el imputar una falta. (2) el imputar una doctrina.	(1) accusing; laying a fault on someone. (2) imputing a doctrine.	sense (2) literally 'raising (someone) to a doctrine'
148003	vādālambana	အယူဝါဒကို-ကိုင်စွဲ-အမှီသဟဲပြု-တကဲပြု-ခြင်း။	el aferrarse a / apoyarse en / depender de una doctrina.	the clinging to / relying on / depending on a doctrine.	label တိ but the Burmese is a verbal noun (-ခြင်း); တကဲပြု unclear, rendered with 'depend on'
148005	vādita	(၁) တီး-မှုတ်-ခြင်း။ (၂) တီး-မှုတ်-အပ်သော ဘဏ္ဍာ။ (၃) စောင်းအစရှိသော ကြိုးတပ်အပ်သော တူရိယာ။	(1) el golpear / soplar (tocar música). (2) objeto golpeado / soplado. (3) instrumento musical provisto de cuerdas, el arpa y demás.	(1) striking / blowing (playing music). (2) an object struck / blown. (3) a musical instrument fitted with strings, the harp and so on.	စောင်း rendered 'harp' (the Burmese saung)
148020	vādiyantu	မြည်အပ်စေကုန်သတည်း။	que sean hechos sonar.	let them be made to sound.	passive causative; the ending သတည်း read as imperative, following the -ntu headword
148024	vādisūdana	အယူဝါဒကို-ယိုစီးစေ-ထင်ရှားအောင်ပြု-တတ်သော၊ သူ။	que suele hacer manar / hacer manifiesta la doctrina (dicho de una persona).	apt to make a doctrine flow out / to make it manifest (said of a person).	ယိုစီးစေ ('cause to leak') for -sūdana is odd; kept literal
148027	vādī	(၁) (က) ပြောဆို-ဟော-လေ့ရှိ-တတ်သော၊ သူ။ (ခ) အယူဝါဒရှသော၊ သူ။ (ဂ) အထူးထူးသော အယူဝါဒရှိသော၊ သူ။ (၂) အယူဝါဒကို ဖတ်ပြိုင်ပြောဆိုတတ်သော၊ သူ၊ အတိုက်အခံပြုသော၊ သူ။ (၃) စကားတတ်သော၊ သူ။ (၄) ဝါဒီသုတ်။ (၅) ဝါဒတ္ထိကသုတ်။ (၆) ပညာရှိပုဂ္ဂိုလ်။ «S1» (ဂ)  «S2» «S3»	(1) (a) que suele / tiende a hablar / enseñar (dicho de una persona). (b) que tiene una doctrina (dicho de una persona). (c) que tiene diversas doctrinas (dicho de una persona). (2) que suele disputar como rival contra una doctrina (dicho de una persona); que hace oposición (dicho de una persona). (3) elocuente (dicho de una persona). (4) el sutta *vādī*. (5) el sutta *vādatthika*. (6) persona sabia. Véase también [[vāditā]]. (c) Véase [[vādīvara]]. Véase [[vādisa]].	(1) (a) in the habit of / apt to speak / teach (said of a person). (b) holding a doctrine (said of a person). (c) holding various doctrines (said of a person). (2) apt to argue as a rival against a doctrine (said of a person); making opposition (said of a person). (3) eloquent (said of a person). (4) the *vādī* sutta. (5) the *vādatthika* sutta. (6) a wise person. See also [[vāditā]]. (c) See [[vādīvara]]. See [[vādisa]].	ရှသော read as ရှိသော; ဖတ်ပြိုင် read as ဘက်ပြိုင် 'rival'
148030	vādīsa	ပညာရှိတို့-၏-ကို-အကြီးအမှူးဖြစ်-အစိုးရ-သော၊ သူ။	que es jefe de los sabios / que gobierna a los sabios (dicho de una persona).	who is chief of the wise / who rules over the wise (said of a person).	hyphenated case particles ၏-ကို expanded into the two readings
148033	vāduppatti	(၁) အယူဝါဒ၏-ဖြစ်-ဖြစ်ပော်-ခြင်း။ (၂) အယူဝါဒ-ဖြစ်-ဖြစ်ပော်-ရာ (အရပ်)။ (၂) အောက်ပုဒ်ကြည့်။	(1) el surgir / originarse de una doctrina. (2) el lugar donde surge / se origina una doctrina. (2) Véase la entrada siguiente.	(1) the arising / originating of a doctrine. (2) the place where a doctrine arises / originates. (2) See the following headword.	ဖြစ်ပော် read as ဖြစ်ပေါ်
148034	vāduppattiṭṭhāna	အယူဝါဒ-ဖြစ်-ဖြစ်ပော်-ရာ အရပ်။	el lugar donde surge / se origina una doctrina.	the place where a doctrine arises / originates.	ဖြစ်ပော် read as ဖြစ်ပေါ်
148044	vādema	(ငါတို့) မြည်စေ-တီးမှုတ်-ကုန်၏-ကုန်အံ့။	(nosotros) hacemos sonar / tocamos / haremos sonar / tocaremos.	(we) make sound / play / shall make sound / play.	the hyphen joins present ကုန်၏ and future ကုန်အံ့; 1st person marked (ငါတို့)
148052	vādessanti	မြည်စေ-တီးမှုတ်-ကုန်ပြီ။	hicieron sonar / tocaron.	they made sound / played.	the headword is a future (-ssanti) but the Burmese has the past ကုန်ပြီ; rendered as printed
148053	vādessāmi	(ငါ) မြည်စေ-တီးမှုတ်-လတ္တံ့-အံ့။	(yo) haré sonar / tocaré.	(I) shall make sound / play.	the Burmese gives both future endings လတ္တံ့-အံ့; 1st person from (ငါ)
148064	vānapattha	တော်၏အစိတ်,ဝေးသောတော၌ဖြစ်သော၊ တော၏အစိတ်,ဝေးသော တော၌ နေလျက် တရားကျင့်သော၊ သူ။	que se da en una parte del bosque, en un bosque lejano; que practica la Enseñanza morando en una parte del bosque, en un bosque lejano (dicho de una persona).	occurring in a part of the forest, in a distant forest; practising the Teaching while living in a part of the forest, in a distant forest (said of a person).	တော်၏ read as တော၏; အစိတ် read as 'part'; label ပု but the gloss is adjectival
148077	vānaravohāra	မျောက်ဟူသော-အမည်-ပညတ်၊ မျောက်ဟူ၍-ခော်ဝော်-ပြောဆို-ခြင်း။ «S1»	el nombre / la designación de «mono»; el llamar / decir «mono». Véase [[vānaracamma]].	the name / designation 'monkey'; the calling / saying 'monkey'. See [[vānaracamma]].	ခော်ဝော် read as ခေါ်ဝေါ်
148084	vānīra	ယင်းရဲပင်။ ကြိမ်ပင်။	‹ယင်းရဲပင်›. planta de ratán.	‹ယင်းရဲပင်›. the rattan plant.	ယင်းရဲပင် unidentified plant, left in Burmese; ကြိမ်ပင် rendered rattan (vānīra is usually given as a cane/reed)
148085	vāneyya	(၁) တော၌-ဖြစ်-ပေါက်ရောက်-သော။ (န) (၂) နွားမြေရင်းသိမ်။	(1) que se da / brota en el bosque. (neutro) (2) ‹နွားမြေရင်းသိမ်›.	(1) occurring / springing up in the forest. (neuter) (2) ‹နွားမြေရင်းသိမ်›.	sense (2) နွားမြေရင်းသိမ် unidentified (a plant?), left in Burmese
148087	vāpa	(၁) ပယ်၊ လယ်မြေ။ (၂) စိုက်ပျိုးအပ်သော မျိုးစေ့။ (၂)  «S1»	(1) parcela; tierra de arrozal. (2) semilla sembrada. (2) Véanse [[vāpasamakaraṇa]], [[vāpasamīkaraṇa]].	(1) a plot; paddy land. (2) sown seed. (2) See [[vāpasamakaraṇa]], [[vāpasamīkaraṇa]].	ပယ် here is a field / land measure, not 'abandon'
148089	vāpasamakaraṇa	ပျိုးကို ညိုခြင်း၊ ဖုံး-မှုန်း-ခြင်း၊ စိုက်ပျိုးအပ်သော မျိုးစေ့ကို-ညီညွတ်အောင်ပြု-ညီအောင်ညိုခြင်း။	el nivelar los plantones; el cubrir / alisar; el igualar / nivelar la semilla sembrada.	the levelling of seedlings; the covering / smoothing; the evening out / levelling of the sown seed.	ညို read as ညှိ 'level'
148090	vāpasamīkaraṇa	ပျိုးကို ညိုခြင်း၊ ဖုံး-မှုန်း-ခြင်း၊ စိုက်ပျိုးအပ်သော မျိုးစေ့ကို-ညီညွတ်အောင်ပြု-ညီအောင်ညိုခြင်း။	el nivelar los plantones; el cubrir / alisar; el igualar / nivelar la semilla sembrada.	the levelling of seedlings; the covering / smoothing; the evening out / levelling of the sown seed.	ညို read as ညှိ 'level'
148108	vāmaka	(၁) လက်ဝဲ-ဘယ်ဘက်-ညှပ်ရိုး၊ လက်ဝဲ-ဘယ်ဘက်-၌ဖြစ်သော ညှပ်ရိုး။ (၂) စောင့်စည်းခြင်းမရှိသော။	(1) la clavícula izquierda / del lado izquierdo; la clavícula que está en la izquierda / el lado izquierdo. (2) que no tiene contención.	(1) the left / left-side collarbone; the collarbone that is on the left / left side. (2) lacking restraint.	ညှပ်ရိုး read as collarbone
148119	vāmaggāha	မှားယွင်း-မသင့်မတင့်-သေားအားဖြင့် ယူခြင်း။	el tomar de modo erróneo / impropio.	the taking in a wrong / improper way.	သေား read as သော
148121	vāmajātika	လက်ဝဲ-ယုတ်နိမ့်သော-ဇာတ်သဘောရှိသော။	que tiene una naturaleza de nacimiento izquierda / vil.	having a left / base nature of birth.	လက်ဝဲ 'left' here in the sense 'base, low' (hyphened with ယုတ်နိမ့်)
148146	vāmahatthatala	လက်ဝဲ-ဘယ်-ဘက်ဘက်-လက်ဖဝါးပြင်။	la palma de la mano izquierda / siniestra / del lado izquierdo.	the palm of the left / left-hand / left-side hand.	ဘက်ဘက် read as ဘယ်ဘက်
148156	vāyakaraṇīya	လေ၏ ပြုဖွယ်ကိစ္စ၊ လေသည်-ပြု-အပ်-သင့်-ထိုက်-သော ကိစ္စ။	la tarea que ha de hacer el viento; la tarea que ha de / conviene / merece hacer el viento.	the task to be done by the wind; the task that is to be / fit / worthy to be done by the wind.	label တိ but the gloss is a noun phrase
148166	vāyana	(၁) (လေ) တိုက်ခတ်ခြင်း။ (၂) (အနံ့) ကြိုင်-လှုိင်-ခြင်း။ (၃) ဖြန့်ခြင်း၊ ပြန့်နှံ့ခြင်း။ (၄) ထင်ရှားခြင်း။ (၅) ပြခြင်း။ (၆) ယပ်လေခတ်ခြင်း။ (၇) ထောက်ကန်-ရွေ့လျား-သွား-ခြင်း။ (၈) ခြောက်သွေ့စေခြင်း။ ဝါယနဋ္ဌ (၂) (၃) (၄) ကြည့်။	(1) el soplar (del viento). (2) el exhalarse / difundirse (del olor). (3) el extender; el difundirse. (4) el ser manifiesto. (5) el mostrar. (6) el abanicar. (7) el sostener / moverse / ir. (8) el hacer secar. Véase [[vāyanaṭṭha]] (2) (3) (4).	(1) the blowing (of the wind). (2) the wafting / spreading (of a scent). (3) spreading out; pervading. (4) being manifest. (5) showing. (6) fanning. (7) supporting / moving / going. (8) drying. See [[vāyanaṭṭha]] (2) (3) (4).	'see' left in the Burmese, with sense numbers
148174	vāyanadaṇḍaka	လက်ခတ်၊ ရက်သွား၊ လွန်း။	batiente; peine; lanzadera.	batten; reed; shuttle.	loom parts identified tentatively: လက်ခတ် batten, ရက်သွား reed, လွန်း shuttle
148179	vāyanūpakaraṇa	(ရက္ကန်း) ရက်ခြင်း၏ အဆောက်အဦ၊ ရက်ကြောင်း အဆောက်အဦ။	el equipo del tejer (en el telar); el equipo con que se teje.	the equipment of weaving (on a loom); the equipment by which one weaves.	အဆောက်အဦ (usually 'building') read as 'equipment' for upakaraṇa; label တိ but the gloss is a noun
148187	vāyama	(သင်) အားထုတ်-လုံ့လပြု-ကြိုးစား-လုံးပမ်း-ကြိုးစား-လော့။	(tú) ¡esfuérzate / aplícate / empéñate / afánate / pon empeño!	(you) strive / exert yourself / endeavour / struggle / make an effort!	ကြိုးစား printed twice; the third is rendered as ကြိုးပမ်း, as in the following headwords
148208	vāyamitabbaṭṭhāna	အားထုတ်-လုံ့လပြု-အပ်-သင့်-ထိုက်-သောအာရာဌာန။	el lugar en que se ha de / conviene / merece esforzarse / aplicarse.	the place where one is to / fit / worthy to strive / exert oneself.	အာရာဌာန read as အရာဌာန 'place, matter'
148209	vāyamitabbaṭṭhānasaññita	အားထုတ်-လုံ့လပြု-အပ်-သင့်-ထိုက်-သောအာရာဌာန ဟူ၍-သိ-မှတ်-အပ်သော။	conocido / considerado como el lugar en que se ha de / conviene / merece esforzarse / aplicarse.	known / considered as the place where one is to / fit / worthy to strive / exert oneself.	အာရာဌာန read as အရာဌာန 'place, matter'
148215	vāyamissaṁ	(ငါ) အာထုတ်-လုံ့လပြု-ကြိုးပမ်း-လုံးပမ်း-ကြိုးစား-အံ့-လတ္တံ့-လိမ့်မည်။	(yo) me esforzaré / me aplicaré / me empeñaré / me afanaré / pondré empeño.	(I) shall strive / exert myself / endeavour / struggle / make an effort.	အာထုတ် read as အားထုတ်; the Burmese gives three future endings (အံ့-လတ္တံ့-လိမ့်မည်)
148224	vāyameyyātha	(သင်တို့) အားထုတ်-လုံ့လပြု-ကြိုးပမ်း-လုံးပမ်း-ကြိုးစား-ကုန်ရာ၏-ကုန်လော့။	(vosotros) os esforzaríais / aplicaríais / empeñaríais / afanaríais / pondríais empeño / ¡esforzaos!	(you, plural) would strive / exert yourselves / endeavour / struggle / make an effort / strive!	the hyphen joins the optative ကုန်ရာ၏ and the imperative ကုန်လော့
148227	vāyasa	(က) ကျီး၊ ကျီးကန်း။ (ခ) မမည်း-မနက်-သောကျီး၊ ကျီးကန်း။	(a) cuervo; corneja. (b) cuervo negro / oscuro; corneja.	(a) crow; jungle crow. (b) the black / dark crow; jungle crow.	ကျီး / ကျီးကန်း rendered crow / jungle crow; both are general words for crow
148229	vāyasaṅgapañha	ကျီး၏အင်္ဂါကို မေးမြန်း-ခြင်း-သောပြဿနာ။	la cuestión en que se pregunta / indaga sobre los factores del cuervo.	the question asking / inquiring about the factors of the crow.	label တိ but the gloss is a noun
148232	vāyasamaṁsa	ကျီး-ကျီးကန်း-သား၊ ဝါယသ(၂) (၁) ကြည့်။	carne de cuervo / corneja; Véase [[vāyasa]] (2) (1).	the flesh of the crow / jungle crow; See [[vāyasa]] (2) (1).	'see' left in the Burmese, with homonym and sense number
148234	vāyasāri	ဇီးကွက်၊ ဒီးဒုတ်၊ ခင်ပုပ်။	búho; mochuelo; ‹ခင်ပုပ်›.	owl; owlet; ‹ခင်ပုပ်›.	ဇီးကွက် owl, ဒီးဒုတ် owlet (tentative); ခင်ပုပ် unidentified, left in Burmese
148236	vāyāpana	(၁) ရက္ကန်းရက်စေခြင်း။ (၂) ဝါယာပနကြိယာဖြင့် မှတ်အပ်သော မဟာပေသကာရသိက္ခာပုဒ်။	(1) el hacer tejer (en el telar). (2) el *sikkhāpada* *mahāpesakāra*, reconocido por la *kiriya* *vāyāpana*.	(1) causing to weave (on a loom). (2) the *mahāpesakāra* *sikkhāpada*, recognised by the *kiriya* *vāyāpana*.	ကြိယာ here may mean the act or the verb 'vāyāpana'; kept in Pāḷi
148252	vāyāpessatha	(ရက္ကန်း) ရက်စေကုန်ပြီ။	hicieron tejer (en el telar).	they caused to weave (on a loom).	the headword is a future (-ssatha) but the Burmese has the past ကုန်ပြီ; rendered as printed
148253	vāyāpessanti	(သူတို့) (ရက္ကန်း) ရက်စေကုန်ပြီ။	(ellos) hicieron tejer (en el telar).	(they) caused to weave (on a loom).	the headword is a future (-ssanti) but the Burmese has the past ကုန်ပြီ; rendered as printed
148254	vāyābhinandī	ဝါယောဓာတ်ကို အလွန်နှစ်သော၊ သူ။ «S1»	que se deleita mucho en el *vāyodhātu* (dicho de una persona). Véase [[vāyapasaṁsaka]].	greatly delighting in the *vāyodhātu* (said of a person). See [[vāyapasaṁsaka]].	နှစ်သော read as နှစ်သက်သော
148257	vāyāmakaraṇapañha	အားထုတ်ခြင်း-လုံ့လ-ဝီရိယ-ကို ပြုခြင်းကို မေးမြန်း-ခြင်း-သော ပြဿနာ။	la cuestión en que se pregunta / indaga sobre el ejercer el esfuerzo / la aplicación / *vīriya*.	the question asking / inquiring about the exercising of striving / exertion / *vīriya*.	label တိ but the gloss is a noun
148274	vāyāmābhāvadassana	အားထုတ်ခြင်း-လုံပလ-ဝီရိယ-၏ မရှိခြင်းကို ပြခြင်း။	el mostrar la ausencia del esfuerzo / la aplicación / *vīriya*.	the showing of the absence of striving / exertion / *vīriya*.	လုံပလ read as လုံ့လ
148283	vāyitapaṭa	ရအပ်သော-ပုဆိုး-အဝတ်အထည်။	paño / prenda de vestir tejida.	woven cloth / garment.	ရအပ်သော read as ရက်အပ်သော; ပုဆိုး (a wrap-around lower garment) rendered 'cloth'
148285	vāyituṁ	အနံအားဖြင့်ဆောင်ခြင်း-(ရက္ကန်း) ရက်ခြင်း-ငှါ။	para llevar por medio del olor / para tejer (en el telar).	in order to carry by way of scent / to weave (on a loom).	အနံ read as အနံ့; the hyphen joins two homonymous verbs (vāyati 'waft', vāyati 'weave')
148287	vāyitvā	(လေ) လာ-တိုက်-ခတ်-ပြီး၍။	(el viento) habiendo venido / soplado / azotado.	(the wind) having come / blown / beaten.	label တိ on an absolutive
148298	vāyuṅgapañha	လေ၏ အင်္ဂါကို မေးမြန်း-ခြင်း-သော ပြဿနာ။	la cuestión en que se pregunta / indaga sobre los factores del viento.	the question asking / inquiring about the factors of the wind.	label တိ but the gloss is a noun
148311	vāyuvegāhata	လေ၏အဟုန်သည် ဆောင်အပ်သော။	llevado por el ímpetu del viento.	carried by the force of the wind.	the Burmese has ဆောင် 'carried' for -āhata ('struck')
148316	vāyussada	လေ-ဝါယောဓာတ်-ပြော-များ-သော၊ များသော-လေ-ဝါယောဓာတ်-ရှိသော။	en que abunda el viento / *vāyodhātu*; que tiene mucho viento / *vāyodhātu*.	in which wind / *vāyodhātu* abounds; having much wind / *vāyodhātu*.	ပြော in the chain (ပြော-များ) unclear; read with များ as 'abundant'
148322	vāyokasiṇasamāpatti	ဝါယောကသိဏဈာန်သမာပတ်၊ ဝါယောကသိုဏ်းလျှင် အာရုံရှိသော ဈာန်သမာပတ်။	la *samāpatti* de *jhāna* del *vāyokasiṇa*; la *samāpatti* de *jhāna* que tiene por objeto el *vāyokasiṇa*.	the *jhāna* *samāpatti* of the *vāyokasiṇa*; the *jhāna* *samāpatti* having the *vāyokasiṇa* as its object.	ကသိဏ read as ကသိုဏ်း
148323	vāyokasiṇasamāpattiparama	ဝါယောကသိဏဈာန်သမာပတ်လျှင် လွန်ကဲမွန်မြတ်သော အဖို့ရှိသော။	que tiene como parte suprema y excelente la *samāpatti* de *jhāna* del *vāyokasiṇa*.	having the *jhāna* *samāpatti* of the *vāyokasiṇa* as its supreme and excellent portion.	ကသိဏ read as ကသိုဏ်း
148324	vāyokāya	(၁) ဝါယော-လေ-ဓာန်၊ ဝါယော-လေ-ဓာတ်တို့၏အပေါင်းအစု။ «S1»	(1) el elemento *vāyo* / viento; el conjunto de los elementos *vāyo* / viento. Véase también [[pathavikāya]].	(1) the *vāyo* / wind element; the collection of the *vāyo* / wind elements. See also [[pathavikāya]].	ဓာန် read as ဓာတ်; sense (1) has no (2)
148327	vāyogahaṇa	လေကိုယူခြင်း၊ ဝါယောသဒ္ဒါ။	el tomar el viento; la palabra *vāyo*.	the taking of wind; the word *vāyo*.	gahaṇa here = the mention of the word in a text
148331	vāyodhātuggahaṇa	ဝါယောဓာတ်ကို ယူခြင်း၊ ဝါယောဓာတုသဒ္ဒါ။	el tomar el *vāyodhātu*; la palabra *vāyodhātu*.	the taking of the *vāyodhātu*; the word *vāyodhātu*.	gahaṇa here = the mention of the word in a text
148338	vāyodhātuvipphāra	(၁) ဝါယောဓာတ်၏ ပြန့်နှံ့ခြင်း။ (၂) ဝါယောဓာတ်-ဖြင့်-ကြောင့်-တုန်လှုပ်ခြင်း။	(1) la expansión del *vāyodhātu*. (2) el temblar por / a causa del *vāyodhātu*.	(1) the spreading of the *vāyodhātu*. (2) trembling through / because of the *vāyodhātu*.	hyphens in (2) alternate case particles only (ဖြင့် / ကြောင့်)
148341	vāyosaṁvaṭṭa	လေ-ဖြင့်-ကြောင့်-(ကမ္ဘာ) ပျက်စီးခြင်း။	la destrucción (del mundo) por / a causa del viento.	the destruction (of the world) by / because of wind.	ကမ္ဘာ rendered 'world' (the destruction by wind at the end of a kappa); could be read as the aeon
148346	vāra	(ပု) (၁) အလှည့်။ (၂) နေ့။ (၃) အခွင့်။ (၄) အကြိမ်။ (န) (၅) ဖာလာ၊ ခေါင်ရမ်းကြီး။ ပန်းမ။	(masculino) (1) turno. (2) día. (3) oportunidad. (4) vez. (neutro) (5) ‹ဖာလာ›; ‹ခေါင်ရမ်းကြီး›. ‹ပန်းမ›.	(masculine) (1) turn. (2) day. (3) opportunity. (4) time (occurrence). (neuter) (5) ‹ဖာလာ›; ‹ခေါင်ရမ်းကြီး›. ‹ပန်းမ›.	(5) plant names left in Burmese: ဖာလာ is probably cardamom, ခေါင်ရမ်းကြီး a large cardamom (tentative); ပန်းမ unclear (a flower? a separate item after ။)
148349	vāraka	(၁) အိုး (၂) ခွက်။	(1) olla. (2) cuenco.	(1) pot. (2) bowl.	labelled adjective (တိ) but glossed as nouns; no ။ after (1) in the print
148351	vārakoṭisatasahassa	အကြိမ် ကုဋေတစ်သိန်း။	cien mil *koṭi* de veces.	a hundred thousand *koṭi* times.	ကုဋေ romanised as koṭi (ten million)
148354	vāragāmasalākā	အလှည့်ကျအားဖြင့် သွားရမည့်ရွာ-၌-မှ-ဖြစ်သော စာရေးတံ။	la tablilla que corresponde en / desde la aldea a la que hay que ir por turno.	the ticket belonging at / from the village to be gone to by turns.	hyphens alternate case particles only (၌ / မှ); စာရေးတံ = the ticket (salākā)
148357	vāraṇa	(ပု) (၁) ဝါရဏ မည်သော--(က) နတ်။ (ခ) ရဟန်း။ (၂) ဆင်။ (၃) ရေအုပ်နှဲပင်။ (န) (၄) မြစ်-တားမြစ်-ခြင်း။ (၅) ပိတ်ခြင်း၊ ပိတ်ဆို့ခြင်း။ «S1»	(masculino) (1) llamado *vāraṇa*: (a) *deva*. (b) monje. (2) elefante. (3) el árbol ‹ရေအုပ်နှဲ›. (neutro) (4) el prohibir / vedar. (5) el cerrar; el obstruir. Véase [[vāraṇattha]].	(masculine) (1) named *vāraṇa*: (a) *deva*. (b) monk. (2) elephant. (3) the ‹ရေအုပ်နှဲ› tree. (neuter) (4) forbidding / prohibiting. (5) closing; obstructing. See [[vāraṇattha]].	no label; tree ‹ရေအုပ်နှဲ› unidentified (Skt. varaṇa is Crateva, tentative); မြစ် / တားမြစ် both 'forbid'
148359	vāraṇa	မြစ်-တားမြစ်-တတ်သည်၏အဖြစ်။	el hecho de soler prohibir / vedar.	the state of being apt to forbid / prohibit.	no label
148360	vāraṇattha	(၁) မြစ်-တားမြစ်-ခြင်းအနက်။ (တိ) (၂) မြစ်-တားမြစ်-ခြင်းအနက်ရှိသော။	(1) el sentido de prohibir / vedar. (adjetivo) (2) que tiene el sentido de prohibir / vedar.	(1) the meaning 'forbidding / prohibiting'. (adjective) (2) having the meaning 'forbidding / prohibiting'.	no label
148366	vāraṇarukkha	ရေအုပ်နှဲပင်။	el árbol ‹ရေအုပ်နှဲ›.	the ‹ရေအုပ်နှဲ› tree.	tree unidentified (Skt. varaṇa is Crateva, tentative)
148375	vārattika	သားရေကြိုး-သားရေလွန်-ဖြင့်-ပြီး-ဖွဲ့အပ်-သော။	hecho / atado con correa de cuero / cordón de cuero.	made / tied with leather strap / leather thong.	hyphens misplaced in the print (…-ဖြင့်-ပြီး-ဖွဲ့အပ်-သော); read as two alternative pairs
148386	vārapeyyālappabheda	အောက်ပုဒ်ကြည့်။	Véase la entrada siguiente.	See the following headword.	'see the next headword' left in the Burmese text
148404	vārayitvā	ပယ်လှန်-တားမြစ်-၍။	habiendo rechazado / prohibido.	having rejected / forbidden.	ပယ်လှန် rendered 'reject'
148405	vārayimha	တားမြစ်ကုန်ပြီ။	prohibimos.	we forbade.	1st person plural rendered from the headword (-mha); the Burmese has only the plural (ကုန်)
148406	vārayissaṁ	(၁) တားမြစ်-အံ့-လတ္တံ့။ (၂) ယူ-တောင်း-၏။ (၁)  «S1» (၂)  «S2»	(1) prohibiré / prohibirá. (2) toma / pide. (1) Véase [[vārayati]] (1). (2) Véase [[vārayati]] (3).	(1) I shall forbid / will forbid. (2) takes / asks for. (1) See [[vārayati]] (1). (2) See [[vārayati]] (3).	future alternatives -အံ့ / -လတ္တံ့; the first rendered as 1st person from the headword (-ssaṁ); (2) is present in the print
148408	vāraye	နှိပ်-နှပ်ကွပ်-ရာ၏။	oprimiría / reprimiría.	would oppress / suppress.	နှပ်ကွပ် read as နှိပ်ကွပ် (misprint)
148415	vārasamatā	(က) ပစ္စဝေက္ခဏာဝါရ,စုတိဝါရတို့၏ တူမျှသည်၏အဖြစ်။ (ခ) ကိလေသပရိယာဒါနဝါရ,ဇိဝိတပရိသမာပနဝါရတို့၏ တူမျှသည်၏အဖြစ်။	(a) el hecho de ser iguales el *paccavekkhaṇāvāra* y el *cutivāra*. (b) el hecho de ser iguales el *kilesapariyādānavāra* y el *jivitaparisamāpanavāra*.	(a) the state of being equal of the *paccavekkhaṇāvāra* and the *cutivāra*. (b) the state of being equal of the *kilesapariyādānavāra* and the *jivitaparisamāpanavāra*.	(b) ဇိဝိတ… copied as printed (read ဇီဝိတ…)
148417	vārasamasīsī	ဝါရသမသီသီရဟန္တာ၊ ပစ္စဝေက္ခဏာဝါရ,စုတိဝါရတို့၏ ညီမျှသော ဥပါဒါနက္ခန္ဓာ၏ ဦးခေါင်းသဖွယ်ဖြစ်သည့် ဇီဝိတိန္ဒြေ,ကိလေသာတို့၏ ဦးခေါင်းသဖွယ်ဖြစ်သည့် အဝိဇ္ဇာရှိသော၊ သူ။	el *arahant* *vārasamasīsī*; que tiene, igualados en el *paccavekkhaṇāvāra* y el *cutivāra*, el *jīvitindriya*, que es como la cabeza de los *upādānakkhandhā*, y la *avijjā*, que es como la cabeza de los *kilesa* (dicho de una persona).	the *arahant* *vārasamasīsī*; having, equal in the *paccavekkhaṇāvāra* and the *cutivāra*, the *jīvitindriya*, which is like the head of the *upādānakkhandhā*, and *avijjā*, which is like the head of the *kilesa* (said of a person).	syntax dense: ညီမျှသော read as qualifying the two 'heads' (jīvitindriya and avijjā) whose ending coincides
148420	vārasol̤asaka	ဝါရ ၁၆-ခုတို့၏ အပေါင်း။	el conjunto de 16 *vāra*.	the group of 16 *vāra*.	labelled adjective (တိ) but glossed as a noun
148425	vāri	(၁) ရေပေါက်။ (၂) မိုးရေကျခြင်း။ (၃) ရေကို-သုံးဆောင်-ခံစား-ခြင်း။ (၃)  «S1»	(1) gota de agua. (2) la caída de la lluvia. (3) el usar / disfrutar del agua. (3) Véase [[vāriparibhoga]].	(1) drop of water. (2) the falling of rain. (3) using / enjoying water. (3) See [[vāriparibhoga]].	no label
148432	vārigeha	ရေတည်းဟူသောအိမ်။ အောက်ပုဒ်ကြည့်။	la casa que es el agua. Véase la entrada siguiente.	the house that is water. See the following headword.	'see the next headword' left in the Burmese text
148435	vāricara	ရေ၌ကျက်စားသော (က) ငါး။ (ခ) လိပ်။ ။	que busca su alimento en el agua: (a) pez. (b) tortuga.	feeding in water: (a) fish. (b) turtle.	a stray ။ at the end in the print
148436	vārija	(၁) ရေ၌ဖြစ်သော (က) ငါး။ (ခ) မိကျောင်း။ (ဂ) ပုစွန်လုံး။ (ဃ) ကြာ။ (၂) သိင်္ဃပုပ္ဖဇာတ်။	(1) nacido en el agua: (a) pez. (b) cocodrilo. (c) ‹ပုစွန်လုံး›. (d) loto. (2) el *Siṅghapupphajātaka*.	(1) born in water: (a) fish. (b) crocodile. (c) ‹ပုစွန်လုံး›. (d) lotus. (2) the *Siṅghapupphajātaka*.	(c) ပုစွန်လုံး left in Burmese (a crustacean, or perhaps the conch, Skt. vārija; tentative); jātaka title romanised by hand
148437	vārita	(၁) တားမြစ်အပ်သော။ (၂) တောင်းရမ်း-စေစပ်-ကြောင်းလမ်း-အပ်ပြီးသော။ (၃) ပယ်အပ်သော (မအပ်သော) အမှု။ (၄) ပယ်ရာပယ်ကြောင်းဖြစ်သော (သိက္ခာပုဒ်)။ (၅) တားမြစ်ရာ (ကာလ)။ «S1»	(1) prohibido. (2) pedido / concertado / negociado. (3) acción rechazada (no permitida). (4) que es el lugar / la causa del rechazar (*sikkhāpada*). (5) (el tiempo) en que se prohíbe. Véase [[vāritakāla]].	(1) forbidden. (2) asked for / arranged / negotiated. (3) an act rejected (not allowable). (4) that is the occasion / cause of rejecting (*sikkhāpada*). (5) (the time) when it is forbidden. See [[vāritakāla]].	(2) is the arranging of a marriage; ပယ် in (3)-(4) rendered 'reject' (prohibition)
148444	vāritasabbaüdaka	အလုံးစုံသောရေကို ပယ်ပြီးသော၊ ပယ်အပ်ပြီးသော အလုံးစုံသောရေရှိသော၊ ပယ်အပ်ပြီးသော အလုံးစုံသောရေကိုသုံးဆောင်ခြင်းရှိသော။	que ha abandonado toda el agua; que tiene toda el agua abandonada; que tiene el uso de toda el agua abandonada.	who has abandoned all water; having all water abandoned; having the use of all abandoned water.	sense obscure (DN 2 sabbavārivārito, a Nigaṇṭha restraint); ပယ် rendered 'abandon' as printed
148447	vāritta	(မပြုအပ်ဟု) တားမြစ်အပ်-ပယ်အပ်-သောအမှုကို-မပြုခြင်း-မပြုကြောင်း-ရှောင်ကြဉ်ခြင်း-ရှောင်ကြဉ်ကြောင်း-သီလ (မပြုခြင်း-ရှောင်ကြဉ်ခြင်း-ဖြင့်ဖြည့်ကျင့်အပ်သော သီလ)။	el no hacer / la causa de no hacer / el abstenerse / la causa de abstenerse de la acción prohibida / abandonada (diciendo 'no se debe hacer'); *sīla* (el *sīla* que se cumple mediante el no hacer / el abstenerse).	not doing / the cause of not doing / abstaining / the cause of abstaining from the act forbidden / abandoned (as 'not to be done'); *sīla* (the *sīla* fulfilled by not doing / abstaining).	the hyphen chain runs on into သီလ; read as '… : sīla'
148449	vārittasīla	ဝါရိတ္တသီလ၊ (မပြုအပ်ဟု) တားမြစ်-ပယ်-အပ်သောအမှုကို-မပြုခြင်း-မပြုကြောင်း-ရှောင်ကြဉ်ခြင်း-ရှောင်ကြဉ်ကြောင်း-သီလ။	*vārittasīla*; el no hacer / la causa de no hacer / el abstenerse / la causa de abstenerse de la acción prohibida / abandonada (diciendo 'no se debe hacer'); *sīla* (el *sīla* que se cumple mediante el no hacer / el abstenerse).	*vārittasīla*; not doing / the cause of not doing / abstaining / the cause of abstaining from the act forbidden / abandoned (as 'not to be done'); *sīla* (the *sīla* fulfilled by not doing / abstaining).	the hyphen chain runs on into သီလ; read as '… : sīla'
148450	vāritvā	တားမြစ်-ပယ်လှန်-ပြီး၍။	habiendo prohibido / rechazado.	having forbidden / rejected.	ပယ်လှန် rendered 'reject'
148454	vārinadī	ရေဖြင့်ပြည့်သောမြစ်၊ ရေရှိသောမြစ်။	río lleno de agua; río que tiene agua.	river full of water; river that has water.	no label
148459	vārimajjha	ရေ၏အလယ်။	el medio del agua.	the middle of the water.	labelled adjective (တိ) but glossed as a noun
148464	vārivāhaka	(ရေကိုဆောင်တတ်သော) မိုးနတ်သား။ ထောင့်ကွင်းကြည့်။	(que suele llevar agua) el *devaputta* de la lluvia. Véanse los corchetes.	(apt to carry water) the rain *devaputta*. See the square brackets.	'see the square brackets' rendered literally; labelled adjective but glossed as a noun
148475	vāruṇī	နတ်ဝင်မ၊ နတ်ကတော်၊ မှော်ကတော်။	mujer poseída por un *deva*; médium (esposa) de un *deva*; médium hechicera.	woman possessed by a *deva*; medium ('wife') of a *deva*; sorceress-medium.	နတ် here is the Burmese spirit cult (နတ်ကတော် spirit medium); rendered deva per L101
148476	vāruṇī	(၁) သေ၊ သေရည်၊ ထန်းရည်၊ အရက်၊ မူးယစ်ဆေးဝါး။ (၂) ဝါရုဏီဒူသကဇာတ်။	(1) licor; licor fermentado; vino de palma; aguardiente; drogas embriagantes. (2) el *Vāruṇidūsakajātaka*.	(1) liquor; fermented liquor; palm wine; spirits; intoxicating drugs. (2) the *Vāruṇidūsakajātaka*.	jātaka title romanised by hand
148482	vāretvā	(၁) တောင်း၍၊ (ချိန်းချက်) စကားစေ့စပ်ကြောင်းလမ်း၍။ (၂) တားမြစ်-ပယ်လှန်-၍။	(1) habiendo pedido; habiendo concertado y negociado de palabra (la cita). (2) habiendo prohibido / rechazado.	(1) having asked; having arranged and negotiated by word (the appointment). (2) having forbidden / rejected.	(1) is the marriage proposal; ပယ်လှန် rendered 'reject'
148487	vāreyya	(၁) (သတို့သားအတွက် သတို့သမီးကို) တောင်းရမ်းခြင်း၊ ထိမ်းမြားလက်ထပ်ခြင်း။ (က) အာဝါဟမင်္ဂလာ၊ ဝိဝါဟမင်္ဂလာ၊ သမီးယူ မင်္ဂလာ၊ သမီးပေးမင်္ဂလာ။ ၉ခ) ဝိဝါဟမင်္ဂလာ၊ သမီးပေးမင်္ဂလာ၊ ထိမ်းမြားလက်ထပ်မှု မင်္ဂလာ။ (ဂ) အာဝါဟမင်္ဂလာ၊ သမီးယူမင်္ဂလာ၊ ထမ်းမြားလက်ထပ်မှုမင်္ဂလာ။ (၂) နေ့ရက်နက္ခတ်အချိန်အခါ ပိုင်းခြားသတ်မှတ်မှုကို ပြုခြင်း။	(1) el pedir (a la novia, para el novio); el casamiento. (a) *āvāhamaṅgalā*; *vivāhamaṅgalā*; el *maṅgalā* de tomar la hija; el *maṅgalā* de dar la hija. (b) *vivāhamaṅgalā*; el *maṅgalā* de dar la hija; el *maṅgalā* de la boda. (c) *āvāhamaṅgalā*; el *maṅgalā* de tomar la hija; el *maṅgalā* de la boda. (2) el hacer la fijación del día, la *nakkhatta* y la hora.	(1) asking for (the bride, for the groom); marrying. (a) *āvāhamaṅgalā*; *vivāhamaṅgalā*; the *maṅgalā* of taking the daughter; the *maṅgalā* of giving the daughter. (b) *vivāhamaṅgalā*; the *maṅgalā* of giving the daughter; the wedding *maṅgalā*. (c) *āvāhamaṅgalā*; the *maṅgalā* of taking the daughter; the wedding *maṅgalā*. (2) fixing the day, the *nakkhatta* and the hour.	print '၉ခ)' read as (ခ); (ဂ) ထမ်းမြား read as ထိမ်းမြား (misprint)
148489	vāreyyattha	သမီးယူမင်္ဂလာအကျိုး၊ ထိမ်းမြားလက်ထပ်မှု မင်္ဂလာအကျိုး။	el beneficio del *maṅgalā* de tomar la hija; el beneficio del *maṅgalā* de la boda.	the benefit of the *maṅgalā* of taking the daughter; the benefit of the wedding *maṅgalā*.	အကျိုး here may be 'purpose' (attha) rather than 'benefit'
148498	vāla	(၁) သေရည်စစ်သောအိတ်။ (၂) ဆံ၊ ဆံပင်၊ ဆံခြည်။ (၃) အမြီး၊ မြီးဆံ၊ မြီးမွေး။ (၄) (သင်ပေါင်းစသော) လျှော်၊ လျော်-အဝတ်-ပုဆိုး။ (၅) အမွေး။ (၆) ဆံခြည်အစိတ်၊ သားမြီးအစိတ်၊ သားမြီးဖျား၊ သားမြီးဖျား အမျှင်စွန်း။ (၇) ထန်းပင်။ (၈) ဆူး။ (၉) ဝါလမြင်း၊ ဝါလမည်သောမြင်း။ (၁၀) ဝါလသုတ်။ (၁၁) ဖာလာ၊ ပန်းမ။ (၁၂) ရေ။ (၁၃) သားရဲ၊ သားကောင်။ «S1»	(1) bolsa para filtrar el licor. (2) cabello; pelo de la cabeza; hebra de cabello. (3) cola; pelo de la cola; crin de la cola. (4) fibra (de ‹သင်ပေါင်း› y demás); fibra / tela / paño. (5) pelo, vello. (6) fragmento de un cabello; fragmento de un pelo de cola; punta de un pelo de cola; el extremo de la hebra de la punta de un pelo de cola. (7) palmera de palmira. (8) espina. (9) el caballo *vāla*; el caballo llamado *vāla*. (10) el *Vālasutta*. (11) ‹ဖာလာ›; ‹ပန်းမ›. (12) agua. (13) fiera; animal de caza. Véase [[vālavijjhana]].	(1) bag for straining liquor. (2) hair; head hair; strand of hair. (3) tail; tail hair; tail bristle. (4) fibre (of ‹သင်ပေါင်း› and so on); fibre / cloth / sarong. (5) body hair, down. (6) a fragment of a hair; a fragment of a tail hair; the tip of a tail hair; the extreme end of the strand at the tip of a tail hair. (7) palmyra palm. (8) thorn. (9) the *vāla* horse; the horse named *vāla*. (10) the *Vālasutta*. (11) ‹ဖာလာ›; ‹ပန်းမ›. (12) water. (13) wild beast; game animal. See [[vālavijjhana]].	(4) ‹သင်ပေါင်း› a fibre plant, unidentified; လျော်-အဝတ်-ပုဆိုး rendered as three alternatives (ပုဆိုး a sarong) — reading uncertain; (11) ဖာလာ probably cardamom (tentative), ပန်းမ unclear; ထန်းပင် = palmyra palm
148501	vālakoṭi	သားမြီး-စွန်း-ဖျား။ အောက်ပုဒ်လည်းကြည့်။	el extremo / la punta del pelo de cola. Véase también la entrada siguiente.	the end / tip of a tail hair. See also the following headword.	'see also the next headword' left in the Burmese text
148503	vālaggakoṭinitudanamatta	သားမြီးဖျားစွန်းဖြင့်-ထိုး-တို့-ပြ-(သားမြီးဖျားကျ) လောက်ရုံမျှ အတိုင်းအရှည်ရှိသော။ (န) သားမြီးဖျားဖြင့် ထိုးလောက်ရုံမျှ (သျ)။ သားမြီးဖျားတစ်တို့စာမျှ (မြန်၊ဆဋ္ဌ)။	que tiene una medida apenas suficiente para pinchar / tocar / señalar con la punta extrema de un pelo de cola (que caiga la punta de un pelo de cola). (neutro) apenas lo suficiente para pinchar con la punta de un pelo de cola. Apenas lo que abarca un toque de la punta de un pelo de cola.	having a measure just enough to prick / touch / point with the extreme tip of a tail hair (for the tip of a tail hair to fall). (neuter) just enough to prick with the tip of a tail hair. Just the amount of one touch of a tail-hair tip.	source tags (သျ) and (မြန်၊ဆဋ္ဌ) dropped (they mark Siamese vs Burmese / Sixth Council readings); '(သားမြီးဖျားကျ)' unclear; သားမြီး rendered 'tail hair' (of a yak or horse)
148504	vālaggakoṭinittudanamatta	သားမြီးဖျားစွန်းဖြင့်-ထိုး-တို့-ပြ-(သားမြီးဖျားကျ) လောက်ရုံမျှ အတိုင်းအရှည်ရှိသော။ (န) သားမြီးဖျားဖြင့် ထိုးလောက်ရုံမျှ (သျ)။ သားမြီးဖျားတစ်တို့စာမျှ (မြန်၊ဆဋ္ဌ)။	que tiene una medida apenas suficiente para pinchar / tocar / señalar con la punta extrema de un pelo de cola (que caiga la punta de un pelo de cola). (neutro) apenas lo suficiente para pinchar con la punta de un pelo de cola. Apenas lo que abarca un toque de la punta de un pelo de cola.	having a measure just enough to prick / touch / point with the extreme tip of a tail hair (for the tip of a tail hair to fall). (neuter) just enough to prick with the tip of a tail hair. Just the amount of one touch of a tail-hair tip.	no label; source tags (သျ) and (မြန်၊ဆဋ္ဌ) dropped (they mark Siamese vs Burmese / Sixth Council readings); '(သားမြီးဖျားကျ)' unclear; သားမြီး rendered 'tail hair' (of a yak or horse)
148508	vālaggamatta	သားမြီးဖျား-ဆံခြည်ဖျား-ဆံခြည်ဖျား-မျှလောက်သော။ (န) သားမြီးဖျားမျှ၊ ဆံခြည်ဖျားမျှ။	del tamaño de la punta de un pelo de cola / la punta de un cabello / la punta de un cabello. (neutro) solo la punta de un pelo de cola; solo la punta de un cabello.	as small as the tip of a tail hair / the tip of a hair / the tip of a hair. (neuter) just the tip of a tail hair; just the tip of a hair.	ဆံခြည်ဖျား repeated in the print
148510	vālaṇḍupaka	သားမြီးကရွတ်,သင်ပေါင်းလျှော်ခွေ။	rodete de pelo de cola, rollo de fibra de ‹သင်ပေါင်း›.	ring-pad of tail hair, coil of ‹သင်ပေါင်း› fibre.	‹သင်ပေါင်း› a fibre plant, unidentified
148512	vāladhi	အမြီးနှင့်တူသော တရား။	estado semejante a una cola.	a state resembling a tail.	no label
148516	vālabījaniggāhaka	သားမြီး-ယပ်-ယပ်တောင်-ကို ကိုင်စွဲသော၊ သူ။	que sostiene el pelo de cola / el abanico / el abanico de mano (dicho de una persona).	holding the tail-hair / fan / hand-fan (said of a person).	a chowrie (tail-hair whisk) is meant
148518	vālabheda	သားမြီးအထူး။	la particularidad del pelo de cola.	the distinctive kind of tail hair.	သားမြီးအထူး unclear; the Pāḷi may mean 'splitting a hair'
148520	vālayati	မွေးမြူဆောင်ရွက်-၏။	cría y atiende.	rears and tends.	မွေးမြူဆောင်ရွက် read as rearing (animals); a hyphen stands before ၏
148524	vālavijjhana	သားရဲ,သားကောင်ကို-ထိုး-ပစ်-ခြင်း။ ဝါဠဝိဇ္ဈန-နှင့်တွဲကြည့်။	el herir / disparar a fieras, animales de caza. Véase junto con *vāl̤avijjhana*.	stabbing / shooting wild beasts, game animals. See together with *vāl̤avijjhana*.	'see together with X' left in the Burmese text
148539	vālikapiṭṭhivihāra	သဲ-ပြင်-ကုန်း-ကျောင်း။	el monasterio de la superficie / loma de arena.	the monastery of the sand flat / sand mound.	hyphens သဲ-ပြင်-ကုန်း-ကျောင်း read as alternatives ပြင် / ကုန်း; perhaps a proper name
148547	vālikasata	သဲအရာ၊ (သဲရာပေါင်းများစွာ)။	cien arenas; (muchos cientos de arenas).	a hundred sands; (many hundreds of sands).	သဲအရာ read as သဲတစ်ရာ 'a hundred sands'
148550	vālikasahassa	သဲအထောင်၊။	mil arenas.	a thousand sands.	a stray ၊ before ။ in the print
148551	vālikā	(၁) သဲ။ (၂) ဝါလိကာမည်သော။ (၃) သဲထဲသို့ အင်္ဂါဇာတ်သွင်းသော ရဟန်း။	(1) arena. (2) llamado *vālikā*. (3) monje que introduce el órgano sexual en la arena.	(1) sand. (2) named *vālikā*. (3) a monk who inserts his sexual organ into sand.	(2) has no noun after 'named' in the print
148552	vālikāghaṭa	သဲအိုး (သဲဖြင့်ပြည်သောအိုး)။	olla de arena (olla llena de arena).	sand pot (a pot full of sand).	ပြည် read as ပြည့် 'full'
148560	vālikāpulina	အောက်ပုဒ်ကြည့်။	Véase la entrada siguiente.	See the following headword.	'see the next headword' left in the Burmese text
148562	vālikārāma	ဝါလိကာမည်သော အာရာမ်၊ ဝါလိကာရုံ။	el *ārāma* llamado *vālikā*; el *ārāma* de *vālikā*.	the *ārāma* named *vālikā*; the *vālikā* *ārāma*.	ဝါလိကာရုံ: ရုံ taken as the Burmese short form of ārāma
148566	vālukakantāra	သဲကန္တာရ။	desierto de arena.	sandy wasteland.	ကန္တာရ (kantāra) rendered 'desierto' / 'wasteland'
148599	vāludaka	(သင်ပေါင်းစသော) လျှော်မျှင်တို့ဖြင့် ရက်အပ်သော-ပုဆိုးနွမ်း-အဝတ်နွမ်း-တို့ဖြင့်စစ်အပ်သောရေ။ «S1»	agua filtrada con paños gastados / ropas gastadas tejidos con hebras de fibra (de ‹သင်ပေါင်း› y demás). Véase [[vālodaka]].	water strained through worn sarongs / worn cloths woven of fibre strands (of ‹သင်ပေါင်း› and so on). See [[vālodaka]].	‹သင်ပေါင်း› a fibre plant, unidentified; ပုဆိုး a sarong
148601	vāleti	(၁) မွေးမြူ-ဆောင်ရွက်-၏။ (၂) စောင့်ရှောက်-ဖုံးလွှမ်း-၏။ (၂) အောက်ပုဒ်ကြည့်။	(1) cría / atiende. (2) protege / cubre. (2) Véase la entrada siguiente.	(1) rears / tends. (2) guards / covers. (2) See the following headword.	'see the next headword' left in the Burmese text
148607	vāsa	(၁) ကောင်း-မွေး-သောအနံ့။ (၂) ထုံ-အပ်-ကြောင်းဖြစ်-သော (အမှုန့်)။ (၃) ဝိပဿနာ။ (၄) ဝတ်ဆင်အပ်သောအဝတ်။ «S1» (၂)  «S2» (၃)  «S3» (၄)  «S4»	(1) olor bueno / fragante. (2) (polvo) perfumado / que sirve para perfumar. (3) *vipassanā*. (4) ropa que se viste. Véase también [[vāsagandha]]. (2) Véase [[vāsacuṇṇa]]. (3) Véase [[vāsadhura]]. (4) Véase [[antaravāsaka]].	(1) good / fragrant smell. (2) (powder) perfumed / serving to perfume. (3) *vipassanā*. (4) clothing worn. See also [[vāsagandha]]. (2) See [[vāsacuṇṇa]]. (3) See [[vāsadhura]]. (4) See [[antaravāsaka]].	(1) မွေး read as မွှေး 'fragrant'
148610	vāsakaraṇattha	နေခြင်းကို ပြုခြင်းဟူသော အကျိုး။	el propósito que consiste en hacer morada.	the purpose consisting in taking up residence.	အကျိုး (attha) rendered 'purpose'
148613	vāsagāhāpana	ကောင်း-မွှေး-ကြိုင်-လှုိင်-သော အနံ့ကို ယူစေခြင်း။ ဝါသ(၂) (၁) ကြည့်။	el hacer tomar el olor bueno / fragante / aromático / intenso. Véase [[vāsa]] (2) (1).	causing to take on a good / fragrant / aromatic / pervading smell. See [[vāsa]] (2) (1).	no label; 'see ဝါသ (2) (1)' left in the Burmese text
148614	vāsaggāhāpana	ကောင်း-မွှေး-ကြိုင်-လှုိင်-သော အနံ့ကို ယူစေခြင်း။ ဝါသ(၂) (၁) ကြည့်။	el hacer tomar el olor bueno / fragante / aromático / intenso. Véase [[vāsa]] (2) (1).	causing to take on a good / fragrant / aromatic / pervading smell. See [[vāsa]] (2) (1).	no label; 'see ဝါသ (2) (1)' left in the Burmese text
148620	vāsattha	နေခြင်းဟူသော အကျိုး။	el propósito que consiste en morar.	the purpose consisting in dwelling.	အကျိုး (attha) rendered 'purpose'
148630	vāsana	(၁) ဝါသနာ၊ ထုံခြင်း- (က) ကိလေသာထုံခြင်း။ (ခ) ကောင်းမှု၌ထုံခြင်း။ (ဂ) အကျင့်၌ထုံခြင်း။ (ဃ) တရာကို သိခြင်း၌ထုံခြင်း။ (၂) (နံ့သာစသည်ဖြင့်) ထုံခြင်း။ «S1»	(1) *vāsanā*; impregnación: (a) impregnación de los *kilesa*. (b) impregnación en las buenas acciones. (c) impregnación en la práctica. (d) impregnación en el conocer la Enseñanza. (2) el impregnar (con perfumes y demás). Véase [[vāsanābhāgiya]] (1).	(1) *vāsanā*; impregnation: (a) impregnation by the *kilesa*. (b) impregnation in good deeds. (c) impregnation in practice. (d) impregnation in knowing the Teaching. (2) impregnating (with perfumes and so on). See [[vāsanābhāgiya]] (1).	(d) တရာ read as တရား (misprint)
148631	vāsana	နေစေ-သည်းခံ-တတ်သော၊ နေစေ-သည်းခံ-ခြင်း။	que suele hacer morar / soportar; el hacer morar / soportar.	apt to make dwell / to endure; making dwell / enduring.	sense unclear: နေစေ-သည်းခံ as alternatives
148632	vāsana	နေစေ-သည်းခံ-တတ်သည်၏ အဖြစ်။	el hecho de soler hacer morar / soportar.	the state of being apt to make dwell / to endure.	sense unclear: နေစေ-သည်းခံ as alternatives
148634	vāsanattha	ဝါသနာ (=ထုံခြင်း) ဟူသောအကျိုး။	el propósito que consiste en la *vāsanā* (= impregnación).	the purpose consisting in *vāsanā* (= impregnation).	အကျိုး (attha) rendered 'purpose'
148635	vāsanapalibodha	(ခေါင်းလျှော်ရန် ကင်ပွန်းသီး,ဆီစသည်တို့ဖြင့်) ထုံခြင်း၌ ကြောင့်ကြခြင်း။	la preocupación por el impregnar (con fruto de ‹ကင်ပွန်း›, aceite y demás, para lavar la cabeza).	concern with impregnating (with ‹ကင်ပွန်း› pods, oil and so on, for washing the head).	‹ကင်ပွန်း› is the soap-pod (Acacia concinna, tentative)
148649	vāsapariggaha	နေရာကို သိမ်းဆည်းခြင်း။	el tomar posesión del lugar de residencia.	taking possession of a dwelling place.	no label
148650	vāsaphāsutā	နေခြင်း-ငှါ-၌-ချမ်းသာသည်၏အဖြစ်။	el hecho de ser cómodo para / en el morar.	the state of being comfortable for / in dwelling.	hyphens alternate case particles only (ငှါ / ၌)
148655	vāsabhagāmika	ဝါသဘဂါမိက-မည်သော-ရဟန်း၊ ဝါသဘရွာ၌-နေထိုင်-သီတင်းသုံး-သော၊ သူ။	el monje llamado *vāsabhagāmika*; que vive / reside en la aldea *vāsabha* (dicho de una persona).	the monk named *vāsabhagāmika*; living / residing in the village *vāsabha* (said of a person).	hyphens around မည်သော in the first gloss are not alternatives
148666	vāsaradaṇḍaka	လက်ခတ်ရက်သွား၊ လွန်း။	peine del telar; lanzadera.	loom reed; shuttle.	လက်ခတ်ရက်သွား read as the reed / batten of a loom (tentative)
148667	vāsava	(၁) သိကြား၊ သိကြားမင်း၊ သိကြားနတ်မင်း။ (၂) သက္ကသံယုတ်။	(1) *Sakka*; el rey *Sakka*; el rey de los *deva* *Sakka*. (2) el *Sakkasaṁyutta*.	(1) *Sakka*; King *Sakka*; *Sakka*, king of the *deva*. (2) the *Sakkasaṁyutta*.	သိကြား romanised as Sakka
148669	vāsavanesī	ဝါသဝနေသီမည်သော နတ်မျိုး။ အောက်ပုဒ်ကြည့်။	la clase de *deva* llamada *vāsavanesī*. Véase la entrada siguiente.	the class of *deva* named *vāsavanesī*. See the following headword.	'see the next headword' left in the Burmese text
148671	vāsavapariyosāna	သိကြားနတ်မင်းအဆုံးရှိသော။	que termina con el rey de los *deva* *Sakka*.	ending with *Sakka*, king of the *deva*.	သိကြား romanised as Sakka
148674	vāsāgārattha	နေထိုင်ရန်-အိမ်-ကျောင်း-ဟူသော အကျိုး။	el propósito que consiste en la casa / el monasterio para residir.	the purpose consisting in a house / monastery to reside in.	အကျိုး (attha) rendered 'purpose'
148684	vāsāpessāma	(ငါတို့) နေစေကုန်-အံ့-လတ္တံ့-လိမ့်မည်။	(nosotros) haremos morar.	(we) shall cause to dwell.	three alternative future endings (-အံ့-လတ္တံ့-လိမ့်မည်) given as one rendering
148686	vāsi	ပဲခွပ်-(က) ဒန်ပူ-ဖြာ-ဖြတ်-သော ပဲခွပ်။ ဝါသိ= ဒန်ပူပြာ-ကြံနွေး-ဓားငယ်။	azuela: (a) la azuela que parte / corta el palillo dental. *vāsi* = ‹ဒန်ပူပြာ› / ‹ကြံနွေး› / cuchillo pequeño.	adze: (a) the adze that splits / cuts the tooth-stick. *vāsi* = ‹ဒန်ပူပြာ› / ‹ကြံနွေး› / small knife.	garbled: (က) has no (ခ); ဒန်ပူပြာ, ကြံနွေး unclear (perhaps tool names; ဖြာ 'split' in ဒန်ပူ-ဖြာ)
148693	vāsiṭṭha	ဝသိဋ္ဌမည်သောသူ၏သား---(က) ဝါသိဋ္ဌရဟန်း၊ ဝါသိဋ္ဌ-မည်-အနွယ်ဖြစ်-သော ရဟန်း။ (ခ) ဝါသိဋ္ဌပုဏ္ဏား၊ ဝါသိဋ္ဌ-မည်-အနွယ်ဖြစ်-သောပုဏ္ဏား။	hijo de la persona llamada *vasiṭṭha*: (a) el monje *vāsiṭṭha*; el monje que es del linaje llamado *vāsiṭṭha*. (b) el brahmán *vāsiṭṭha*; el brahmán que es del linaje llamado *vāsiṭṭha*.	son of the person named *vasiṭṭha*: (a) the monk *vāsiṭṭha*; the monk of the lineage named *vāsiṭṭha*. (b) the brahmin *vāsiṭṭha*; the brahmin of the lineage named *vāsiṭṭha*.	hyphens around မည် / အနွယ်ဖြစ် are not alternatives
148697	vāsita	(၁) ထုံအပ်သော (အနံ့ကို ယူစေအပ်သော)။ (၂) ဝါသိတကပိညာက သိက္ခာပုဒ်။	(1) impregnado (al que se ha hecho tomar olor). (2) el *sikkhāpada* *vāsitakapiññāka*.	(1) impregnated (made to take on a smell). (2) the *vāsitakapiññāka* *sikkhāpada*.	no label
148700	vāsitakapiññāka	နံ့သာဖြင့်ထုံအပ်သော နှမ်းမုန့်ညက်ဖြင့် ရေချိုးခြင်း။	el bañarse con polvo de sésamo impregnado de perfume.	bathing with sesame powder impregnated with perfume.	labelled masculine but glossed as an action
148705	vāsidaṇḍa	အောက်ပုဒ်ကြည့်။	Véase la entrada siguiente.	See the following headword.	'see the next headword' left in the Burmese text
148715	vāsu	ဗိဿနိုးနတ်။	el *deva* ‹ဗိဿနိုး›.	the *deva* ‹ဗိဿနိုး›.	ဗိဿနိုး (Burmese for Viṣṇu) left in ‹›
148716	vāsuki	ဝါသုကီနဂါးမင်း။	el rey de los *nāga* *vāsukī*.	*vāsukī*, king of the *nāga*.	no label
148718	vāsuti	ဝါ-သဒ္ဒါ။	la palabra *vā*.	the word *vā*.	a hyphen in ဝါ-သဒ္ဒါ; gloss does not obviously fit vāsuti
148721	vāsudeva	(၁) ဝါသုမည်သောနတ်၊ ဗိဿနိုးနတ်။ (၂) ဝါသုဒေဝမင်း၊ ဝါသုဒေဝမင်းသား။ (၃) စည်းစိမ်ဥစ္စာကို ထွန်းပြတတ်သော နတ်။	(1) el *deva* llamado *vāsu*; el *deva* ‹ဗိဿနိုး›. (2) el rey *vāsudeva*; el príncipe *vāsudeva*. (3) el *deva* que suele hacer resplandecer la riqueza y los bienes.	(1) the *deva* named *vāsu*; the *deva* ‹ဗိဿနိုး›. (2) King *vāsudeva*; Prince *vāsudeva*. (3) the *deva* apt to make wealth and riches shine forth.	ဗိဿနိုး (Burmese for Viṣṇu) left in ‹›; labelled adjective but glossed as nouns
148727	vāsudevāyatana	ဗိဿနိုး နတ်မင်း၏ နေရာ,အရပ်။	la morada, el lugar del rey de los *deva* ‹ဗိဿနိုး›.	the dwelling, the place of ‹ဗိဿနိုး›, king of the *deva*.	ဗိဿနိုး (Burmese for Viṣṇu) left in ‹›
148729	vāsula	ဝါသုလမင်းသား၊ ဝါသုလသတို့သား။	el príncipe *vāsula*; el joven *vāsula*.	Prince *vāsula*; the young man *vāsula*.	သတို့သား 'bridegroom / young man of good family' rendered 'young man'
148731	vāsūpaga	အောက်ပုဒ်ကြည့်။	Véase la entrada siguiente.	See the following headword.	'see the next headword' left in the Burmese text
148732	vāsūpagata	(၁) နေခြင်းငှါ-နေဖို့ရန်-ကပ်ရောက်ပြီးသော၊ သူ။ (၂) တစ်ညဉ့်မျှ-နေခြင်းသို့ ကပ်ရောက်သော၊ နေဘို့ရန် ချဉ်းကပ်သော၊ သူ။	(1) que se ha acercado para morar / con el fin de morar (dicho de una persona). (2) que se acerca a morar solo una noche; que se aproxima para morar (dicho de una persona).	(1) who has come in order to dwell / for the purpose of dwelling (said of a person). (2) coming to dwell for just one night; approaching in order to dwell (said of a person).	a stray hyphen after တစ်ညဉ့်မျှ in (2)
148733	vāseṭṭha	(၁) ဝသိဋ္ဌအနွယ်ဖြစ်သော၊ ဝါသေဋ္ဌမည်သော၊ သူ--(က) (ဝေဒကျမ်းပြု တစ်ကျိပ်တွင် ပါဝင်သည့်) ဝါသေဋ္ဌရသေ့။ (ခ) (ပေါက္ခရသာတိပုဏ္ဏား၏ တပည့်) ဝါသေဋ္ဌလုလင်၊ ဝါသေဋ္ဌသာမဏေ။ (ဂ) ဝသိဋ္ဌအနွယ်မလ္လမင်း။ (ဃ) ဝါသေဋ္ဌဥပါသကာ။ (င) (သေလထေရ်၏ ခမည်းတော်) ဝါသေဋ္ဌပုဏ္ဏား။ (စ) (နာရဒဘုရားရှင်၏ အလုပ်အကျွေး) ဝါသေဋ္ဌရဟန်း။ (၂) ဝါသေဋ္ဌသုတ်။ အောက်ပုဒ်လည်းကြည့်။	(1) que es del linaje *vasiṭṭha*; llamado *vāseṭṭha* (dicho de una persona): (a) el ermitaño *vāseṭṭha* (uno de los diez autores de los Vedas). (b) el joven *vāseṭṭha* (discípulo del brahmán *pokkharasāti*); el *sāmaṇera* *vāseṭṭha*. (c) el rey *malla* del linaje *vasiṭṭha*. (d) el *upāsakā* *vāseṭṭha*. (e) el brahmán *vāseṭṭha* (padre del *thera* *sela*). (f) el monje *vāseṭṭha* (asistente del Buddha *nārada*). (2) el *Vāseṭṭhasutta*. Véase también la entrada siguiente.	(1) of the *vasiṭṭha* lineage; named *vāseṭṭha* (said of a person): (a) the hermit *vāseṭṭha* (one of the ten authors of the Vedas). (b) the young man *vāseṭṭha* (pupil of the brahmin *pokkharasāti*); the *sāmaṇera* *vāseṭṭha*. (c) the *malla* king of the *vasiṭṭha* lineage. (d) the *upāsakā* *vāseṭṭha*. (e) the brahmin *vāseṭṭha* (father of the *thera* *sela*). (f) the monk *vāseṭṭha* (attendant of the Buddha *nārada*). (2) the *Vāseṭṭhasutta*. See also the following headword.	'see also the next headword' left in the Burmese text
148735	vāseṭṭhasuttapada	ဝါသေဋ္ဌသုတ်ပုဒ်။	la palabra del *Vāseṭṭhasutta*.	the word of the *Vāseṭṭhasutta*.	ပုဒ် (pada) rendered 'word'; may mean a verse or line
148743	vāseti	နေစေ၏။	hace morar.	causes to dwell.	no label
148745	vāsetu	နေစေလော့။	¡que haga morar!	let him cause to dwell!	no label
148749	vāsenta	နေစေ-သည်းခံ-သော၊ သူ။	que hace morar / soporta (dicho de una persona).	causing to dwell / enduring (said of a person).	sense unclear: နေစေ-သည်းခံ as alternatives
148750	vāsenti	နေစေကုန်၏။	hacen morar.	they cause to dwell.	no label
148752	vāseyya	(က) နေစေရာ၏။ (ခ) နေစေငြားအံ့။	(a) haría morar. (b) si hiciera morar.	(a) would cause to dwell. (b) if he should cause to dwell.	no label
148753	vāsesiṁ	(အခိုး,အထုံဖြင့်) ထုံ-မွှမ်း-(ပူဇော်) ပြီ။ ဝါသေတိ(၁) (၁)-ကြည့်။	impregnó / perfumó (honrando) (con humo, con aroma). Véase [[vāseti]] (1) (1).	impregnated / perfumed (in homage) (with smoke, with scent). See [[vāseti]] (1) (1).	'see ဝါသေတိ (1) (1)' left in the Burmese text; headword is 1st sg (-siṁ) but the Burmese is unmarked, kept 3rd person
148757	vāha	(၁) တစ်ဝါဟ (က) (ပို့-ဆောင်-သယ်-အပ်သော) ဝန်။ (ခ) လှည်းတစ်စီး-တိုက်-တင်-ဝန် (တင်း ၈၀-ပမာဏရှိသောဝန်)။ (ဂ) လှည်းနှစ်စီး-တိုက်-တင်-ဝန်။ (ဃ) တစ်ကုမ္ဘနှင့်လှည်းနှစ်စီး-တိုက်-တင်-ဝန်။ (၂) ရေအလျဉ် (ရေအယဉ်)။ (၃) မြင်း၊ မြင်းယာဉ်။ (၄) အစုအပုံ။ (၅) မောင်းနှင်သော၊ သူ။ (၆) လှည်း။ (၇) ကူးမြောက်စေသော၊ သူ (ဘုရား)။ «S1» «S2»	(1) un *vāha*: (a) carga (enviada / llevada / transportada). (b) carga de una carreta / cargada en una carreta (carga de la medida de 80 ‹တင်း›). (c) carga de dos carretas / cargada en dos carretas. (d) carga de un *kumbha* y dos carretas / cargada en ellas. (2) corriente de agua. (3) caballo; carruaje de caballos. (4) montón. (5) que conduce (dicho de una persona). (6) carreta. (7) que hace cruzar a la otra orilla (dicho de una persona) (el Buddha). Véase también [[vāharūpa]]. Véase [[vāhasassa]].	(1) one *vāha*: (a) a load (sent / carried / transported). (b) a cartload / load put on one cart (a load measuring 80 ‹တင်း›). (c) the load of two carts / put on two carts. (d) the load of one *kumbha* and two carts / put on them. (2) stream of water. (3) horse; horse-drawn vehicle. (4) heap. (5) driving (said of a person). (6) cart. (7) causing to cross over (said of a person) (the Buddha). See also [[vāharūpa]]. See [[vāhasassa]].	hyphens in (b)-(d) (-တိုက်-တင်-ဝန်) read as 'cartload / loaded'; တင်း a Burmese dry measure (basket) left in ‹›; (2) gives two spellings, ရေအလျဉ် (ရေအယဉ်); 'a la otra orilla' / 'over' supplied for ကူးမြောက်
148758	vāha	ရေအယဉ်-နှင့်တူ-သဖွယ်ဖြစ်-သော။ ဝါဟ(၁) (၂) ကြည့်။	semejante / parecido a una corriente de agua. Véase [[vāha]] (1) (2).	like / resembling a stream of water. See [[vāha]] (1) (2).	no label; 'see ဝါဟ (1) (2)' left in the Burmese text
148759	vāhaka	(၁) (က) (ရေ) မြောင်း။ (ခ) (ရေ) မြောင်းကြီး။ (၂) (ရေ) အလျဉ် (အယဉ်)။ (၃) (ရေကို) ဆောင်-သယ်-ခပ်-သော၊ သူ (ကျွန်မ)။	(1) (a) canal (de agua). (b) canal grande (de agua). (2) corriente (de agua). (3) que lleva / transporta / saca (agua) (dicho de una persona) (la esclava).	(1) (a) (water) channel. (b) large (water) channel. (2) (water) current. (3) carrying / transporting / drawing (water) (said of a person) (a slave woman).	(2) gives two spellings, အလျဉ် (အယဉ်)
148762	vāhana	(၁) အားထုတ်-ဆောင်-ဖြစ်စေ-တတ်သော။ (န) (၂) ယာဉ်-(က) ဆင်-မြင်း-ရထား-ယာဉ်။ (ခ) ရထား-လှည်း-ယာဉ်။ (ဂ) ဆင်-မြင်း-ကျွဲ-နွား-ယာဉ်။ (ဃ) လူ-ဆင်-မြင်း-ယာဉ်။ (၃) မြည်း (မြဲ)။ (၄) မြင်း။ (၅) ဆင်ဖြူတော် (မင်္ဂလာဆင်)။ (၆) (မြစ်ရေ) အလျဉ် (အယဉ်)။ (၇) ရွက်ဆောင်ခြင်း။ (၈) ကိုယ်တည်းဟူသော ရထား။ (၉) ကူးမြောက်စေခြင်း။ (ပု) (၁၀) ဝါဟနမည်သော ရဟန်း။ (၁၁) ဝါဟနသုတ်၊ ဝါဟနရဟန်း၏ အမေးကို ဖြေကြားသောသုတ်။ «S1» «S2» ဝါဟီ(၁) (၁) လည်းကြည့်။ «S3»	(1) que suele esforzar / llevar / producir. (neutro) (2) vehículo: (a) vehículo de elefante / caballo / carro. (b) carro / carreta / vehículo. (c) vehículo de elefante / caballo / búfalo / buey. (d) vehículo de ser humano / elefante / caballo. (3) asno (‹မြဲ›). (4) caballo. (5) el elefante blanco real (elefante de *maṅgalā*). (6) corriente (del agua del río). (7) el transportar. (8) el carro que es el cuerpo. (9) el hacer cruzar. (masculino) (10) el monje llamado *vāhana*. (11) el *Vāhanasutta*; el sutta que responde a la pregunta del monje *vāhana*. Véase [[vāhanaṭṭha]]. Véase [[vāhanavara]]. Véase también [[vāhī]] (1) (1). Véase [[veneyyasatthavāhanasamattha]].	(1) apt to exert / carry / produce. (neuter) (2) vehicle: (a) elephant / horse / chariot vehicle. (b) chariot / cart / vehicle. (c) elephant / horse / buffalo / ox vehicle. (d) human / elephant / horse vehicle. (3) donkey (‹မြဲ›). (4) horse. (5) the royal white elephant (the *maṅgalā* elephant). (6) (river-water) current. (7) carrying. (8) the chariot that is the body. (9) causing to cross over. (masculine) (10) the monk named *vāhana*. (11) the *Vāhanasutta*; the sutta answering the question of the monk *vāhana*. See [[vāhanaṭṭha]]. See [[vāhanavara]]. See also [[vāhī]] (1) (1). See [[veneyyasatthavāhanasamattha]].	in (2)(a),(c),(d) the last hyphenated item ယာဉ် is the head noun, so rendered 'vehicle of A / B / C'; (3) မြဲ a variant spelling of မြည်း, left in ‹›; 'see also ဝါဟီ (1) (1)' left in the Burmese text
148765	vāhanabhāva	(ဝီရိယကို) အားထုတ်-ဆောင်-ဖြစ်-တတ်သည်၏ အဖြစ်။ «S1»	el hecho de soler esforzar / llevar / surgir (el *vīriya*). Véase [[vāhanaṭṭha]].	the state of being apt to exert / carry / arise (*vīriya*). See [[vāhanaṭṭha]].	ဖြစ် here, not ဖြစ်စေ as in the preceding headword; perhaps a misprint
148766	vāhanavara	မြတ်သောမြင်း၊ မြင်းမြတ် (ကဏ္ဍကမြင်း)။	caballo excelso; caballo noble (el caballo *kaṇḍaka*).	excellent horse; noble horse (the horse *kaṇḍaka*).	labelled adjective but glossed as a noun
148768	vāhanasampatti	(လူ-ဆင်-မြင်း) ယာဉ်တို့-၏-နှင့်-ပြည့်စုံခြင်း။	la plenitud de / el estar dotado de vehículos (de ser humano / elefante / caballo).	the fullness of / being endowed with vehicles (human / elephant / horse).	hyphens in ယာဉ်တို့-၏-နှင့်- alternate case particles only
148780	vāhasata	ဝါဟတစ်ရာ၊ လှည်းတစ်စီးတင် ဝန်တို့၏ ၁၀၀၊ လှည်းအစီး ၁၀၀-တင်ဝန်၊ တင်း ၈၀၀၀-ပမာဏရှိသောဝန်။	cien *vāha*; cien cargas de carreta; la carga de 100 carretas; carga de la medida de 8000 ‹တင်း›.	a hundred *vāha*; a hundred cartloads; the load of 100 carts; a load measuring 8000 ‹တင်း›.	တင်း a Burmese dry measure (basket) left in ‹›
148783	vāhasi	ဖြစ်စေပြီ။	hizo surgir.	caused to arise.	past tense 'ဖြစ်စေပြီ'; person unmarked, rendered 3rd person (vāhasi could be 2nd sg.)
148792	vāheti	(၁) ဖြစ်စေ၏။ (၂) ရောက်စေ၏။ (၃) ဖဲစေ-ဖဲသွားစေ-ဖဲသွားအောင်ပြု-၏။ (၄) ပစ်ချ-ပစ်တင်-၏။ (၅) မျှော-မျောစေ-၏။ (၆) ကူးမြောက်စေ၏။ (၇) ငင်-ခပ်-၏။ (၈) ပြာလွှင့်-ပြာပစ်-လွှင့်ပစ်-နှင်ထုတ်-၏။ (၉) ဆောင်တတ်၏။ ဝါ-မျှော၏။	(1) produce. (2) hace llegar. (3) hace apartarse / hace alejarse / procura que se aleje. (4) arroja abajo / arroja encima. (5) echa a la deriva / hace flotar a la deriva. (6) hace cruzar. (7) saca / achica (agua). (8) esparce como ceniza / arroja como ceniza / arroja lejos / expulsa. (9) suele llevar; o bien: echa a la deriva.	(1) causes to arise. (2) causes to reach. (3) makes move aside / makes go aside / gets (it) to go aside. (4) throws down / throws up onto. (5) sets adrift / causes to drift. (6) causes to cross over. (7) draws / bails (water). (8) scatters like ashes / throws away like ashes / flings away / drives out. (9) is apt to carry; or: sets adrift.	(7) 'water' added from ငင်-ခပ် (draw, bail); (8) ပြာလွှင့်-ပြာပစ် read as 'scatter/throw away like ashes', uncertain
148793	vāhetvā	မျောစေ-မျှော-စစ်-၍။	habiendo hecho flotar a la deriva / echado a la deriva / ‹စစ်›.	having caused to drift / set adrift / ‹စစ်›.	third alternative စစ် unclear (filter? examine?), left in Burmese
148794	vāhetha	ပြာလွှင့်-ပြာပစ်-လွှင့်ပစ်-နှင်ထုတ်-ကြကုန်လော့။ «S1»	esparcid como ceniza / arrojad como ceniza / arrojad lejos / expulsad. Véase [[vāheti]] (8).	scatter like ashes / throw away like ashes / fling away / drive out (you, plural). See [[vāheti]] (8).	ပြာလွှင့်-ပြာပစ် read as 'scatter/throw away like ashes', uncertain
148807	vāl̤akumbhilaṭṭhāna	ကြမ်းတမ်-ကြမ်းကြုတ်-သော မိကျောင်းတို့ အုပ်စိုးသောအရပ်ဌာန။	lugar dominado por cocodrilos fieros / feroces.	a place ruled by fierce / savage crocodiles.	ကြမ်းတမ် read as ကြမ်းတမ်း
148809	vāl̤agahākula	ကြမ်းတမ်းသော-ညံကောင်-မိကျောင်း-ငါးမန်း-တို့ဖြင့် ရောပြွမ်းသော။	lleno de fieros / ‹ညံကောင်› / cocodrilos / tiburones.	full of fierce / ‹ညံကောင်› / crocodiles / sharks.	animal ညံကောင် unidentified, left in Burmese
148816	vāl̤abījanī	စာမရီသားမြီး-ယပ်-ခြင်ခတ်။	cola de yak / abanico / espantamoscas.	yak-tail whisk / fan / fly-whisk.	စာမရီ rendered 'yak'
148820	vāl̤amacchodaka	မကရ်း (မကန်း) စသော ကြမ်းသောငါးရှိသော ရေ။	agua que tiene peces feroces, como el *makara* (‹မကန်း›) y demás.	water that has fierce fish such as the *makara* (‹မကန်း›).	မကရ်း read as makara; variant မကန်း left in Burmese
148852	vāl̤asaṅghāṭa	သားရဲရုပ်တို့ဖြင့် ပြုလုပ်အပ်သော ခေါင်လျောက်။	viga de cumbrera hecha con figuras de fieras.	a ridge beam made with figures of wild beasts.	ခေါင်လျောက် rendered 'ridge beam', tentative
148859	vi	(၁) အထူး၊ ထူးခြားခြင်း၊ လွန်ကဲခြင်း။ (၂) အထူးထူး အပြားပြား။ (၃) ပြင်းထန်-အားရှိ-အားကောင်း-ခြင်း။ (၅) မ၊ မဟုတ်၊ မရှိ။ (၆) ဆန့်ကျင်ခြင်း၊ ငြင်းခုံခြင်း။ (၇) ဖောက်ပြန်-အဆင်းမလှ-ခြင်း။ (၈) ယိုစီးခြင်း။ (၉) ရောနှောခြင်း။ (၁၀) ဖောက်ပြန်ပျက်စီးခြင်း။ (၁၁) ပျက်စီးခြင်း။ (၁၂) ဖောက်ပြန်-တိမ်းပါး-ချွတ်ချော်-ပြောင်းပြန်ဖြစ်-ခြင်း။ «S1» မူရင်းကြည့်ပါ။	(1) especial; el ser especial; el ser excesivo. (2) diversos y variados. (3) el ser intenso / fuerte / vigoroso. (5) no; no ser; no tener. (6) el oponerse; el disputar. (7) el ser perverso / feo. (8) el gotear. (9) el mezclarse. (10) el pervertirse y destruirse. (11) el destruirse. (12) el ser perverso / desviado / errado / invertido. Véase también [[vipassī]]. Véase el original.	(1) special; being special; being excessive. (2) various and diverse. (3) being intense / strong / powerful. (5) not; not being; not having. (6) opposing; disputing. (7) being perverse / ugly. (8) leaking. (9) mixing. (10) perverting and perishing. (11) perishing. (12) being perverse / deviating / erring / reversed. See also [[vipassī]]. See the original.	sense (4) missing in the print; 'မူရင်းကြည့်ပါ' rendered literally
148865	vikaṅkata	နရွဲပင်။	árbol ‹နရွဲ›.	the ‹နရွဲ› tree.	plant နရွဲ unidentified, left in Burmese
148867	vikaṭa	(၁) ဖောက်ပြန်-ပင်ကိုယ်သဘောမဟုတ်-သော။ (၂) ဖီလာ-ကန့်လန့်-သွားလေ့ရှိသော (ခြေခွင်သော)။ (န) (၃) (က) ကျင်ကြီး။ (ခ) မဟာဝိကဋဆေး။ (၁) ဝိကဋဘောဇန (၁) အနက်ကြည့်။ (န) (၃) (က) အောက်ပုဒ်ကြည့်။	(1) perverso / que no es de su naturaleza propia. (2) que suele andar al revés / de través (patizambo). (neutro) (3) (a) excremento. (b) la medicina *mahāvikaṭa*. (1) Véase el sentido (1) de *vikaṭabhojana*. (neutro) (3) (a) Véase la entrada siguiente.	(1) perverse / not of its own nature. (2) apt to walk contrariwise / crosswise (bow-legged). (neuter) (3) (a) excrement. (b) the *mahāvikaṭa* medicine. (1) See sense (1) of *vikaṭabhojana*. (neuter) (3) (a) See the following headword.	'see X (1)' left in the Burmese
148882	vikatānanda	ဝိကတာ-နန္ဒမည်သော စကြဝတေးမင်း။	rey *cakkavatti* llamado *vikatānanda*.	a *cakkavatti* king named *vikatānanda*.	the print hyphenates the name ဝိကတာ-နန္ဒ; joined here
148884	vikati	(၁) ဖောက်ပြန်ခြင်း။ (၂) (ဆင်စွယ်,ငွေ,ရွှေ) အထည်ပစ္စည်း။ (၃) အထူးဝိသေသ။ (၄) လှည့်ပတ်ဖြားယောင်းခြင်း= အထူးအဆန်း။	(1) el pervertirse. (2) objeto labrado (de marfil, plata, oro). (3) particularidad especial. (4) el engañar y embaucar = cosa especial y rara.	(1) perversion. (2) a wrought article (of ivory, silver, gold). (3) a special distinction. (4) tricking and beguiling = something special and strange.	sense (4): the '=' equation as printed; unclear
148899	vikatthittho	ကြုံးဝါးပြီ။	se jactó desafiante.	boasted defiantly.	person unmarked; rendered 3rd person (-ttho may be 2nd pl.)
148900	vikatthissaṁ	လှည့်ပတ်-လိမ်လည်-ပြောဆိုပေအံ့(လတ္တံ့)။	hablaré con artimañas / con engaño (o: hablará).	I shall speak trickily / deceitfully (or: he will speak).	1st-person future headword (-ssaṁ); the print adds (လတ္တံ့), the 2nd/3rd-person form, rendered as an alternative
148906	vikanta	(၁) လှီး-ခွဲ-ဖြတ်-အပ်သော။ (၂) (အခြားသံ,သတ္တုအားလုံးကို လှီးဖြတ်နိုင်သော) သံအထူး=သံမဏိ (သံရှင်)။ (၂)  «S1»	(1) rebanado / partido / cortado. (2) hierro especial (capaz de cortar todo otro hierro y metal) = acero (hierro vivo). (2) Véase [[vekantaka]].	(1) sliced / split / cut. (2) a special iron (able to cut all other iron and metal) = steel ('live iron'). (2) See [[vekantaka]].	သံရှင် rendered literally 'live iron'
148917	vikappa	(၁) အထူး-အလွန်အကဲ-စီမံ-ခန့်ခွဲခြင်း။ (န) (၂) ဝိကပ္ပသိက္ခာပုဒ်။ (၃) (အနက်ပြန်ခြင်း-ဘာသာပြန်ခြင်း)= အတ္ထဝိကပ်၊ အစီအရင်။ (၄) အလင်္ကာကျမ်း။ (၅) အထူးထူး အပြားပြား-အသီးသီး-အသီးအခြား-ကြံစည်ခြင်း-ယူခြင်း။ (၆) အထူးထူးကွဲပြားခြင်း၊ ခွဲခြမ်း-ဝေဖန်-ခြင်း။ (၇) (က) အဖို့အစု။ (ခ) အထူးအပြား။ (၈) အထူးသဖြင့် စီရင်အပ်သော။ (၉) အထူးထူး အပြားပြား ကြံစည်ကြောင်း (စကား)။ (၁၀) အထူးထူး အပြားပြား ကြံစည်အပ်သော။ (၁၁) ဝိကပ္ပနာပြုခြင်း။ «S1» «S2»	(1) el disponer / administrar de modo especial / excesivo. (neutro) (2) el *vikappasikkhāpada*. (3) (el traducir el significado / traducir a otra lengua) = *atthavikappa*, procedimiento. (4) tratado de retórica. (5) el pensar / tomar de diversas y variadas maneras / por separado / de manera distinta. (6) el diferenciarse de diversas maneras; el dividir / analizar. (7) (a) porción. (b) particularidad. (8) dispuesto de modo especial. (9) (palabras) que expresan el pensar de diversas y variadas maneras. (10) pensado de diversas y variadas maneras. (11) el hacer *vikappanā*. Véase [[vikappasippa]]. Véase [[vikappiya]].	(1) arranging / managing in a special / excessive way. (neuter) (2) the *vikappasikkhāpada*. (3) (rendering the meaning / translating into a language) = *atthavikappa*, a procedure. (4) a treatise on rhetoric. (5) thinking / taking in various and diverse ways / separately / distinctly. (6) differing in various ways; dividing / analysing. (7) (a) a portion. (b) a particular. (8) specially arranged. (9) (words) expressing thinking in various and diverse ways. (10) thought in various and diverse ways. (11) making *vikappanā*. See [[vikappasippa]]. See [[vikappiya]].	sense (3): the bracket and '=' as printed; the relation is unclear
148918	vikappagāha	အထူးထူး အပြားပြား-ကြံစည်၍-ကြံစည်ခြင်းကို-ယူခြင်း။	el tomar el pensar, tras pensar de diversas y variadas maneras.	taking up a thought, having thought in various and diverse ways.	hyphen chain here links successive steps rather than alternatives; rendered as a phrase
148919	vikappaggāha	အထူးထူး အပြားပြား-ကြံစည်၍-ကြံစည်ခြင်းကို-ယူခြင်း။	el tomar el pensar, tras pensar de diversas y variadas maneras.	taking up a thought, having thought in various and diverse ways.	hyphen chain here links successive steps rather than alternatives; rendered as a phrase
148923	vikappana	(၁) အထူး-အလွန်အကဲ-စီမံ-ခန့်ခွဲ-ခြင်း။ (၂) ဝိကပ္ပနာပြု (ပေး) ခြင်း။ (၄)  «S1»	(1) el disponer / administrar de modo especial / excesivo. (2) el hacer (dar) *vikappanā*. (4) Véase [[vikappanadvaya]].	(1) arranging / managing in a special / excessive way. (2) making (giving) *vikappanā*. (4) See [[vikappanadvaya]].	sense (3) missing in the print
148957	vikappaye	အထူးထူး-အပြားပြား-ကြံစည်-ကြံဆ-ရာ၏-အံ့။	pensaría / concebiría de diversas y variadas maneras (o: pensará / concebirá).	would think / conceive in various and diverse ways (or: will think / conceive).	ending -ရာ၏-အံ့: optative and future given as alternatives
148976	vikappeti	(၁) စီမံ-ခန့်ခွဲ-၏။ (၂) အထူးထူး အပြားပြား ကြံစည်၏။ (၃) ဝိကပ္ပနာပြု၏။ (၄) ဖြတ်-လှီး-၏။ (၅) အပိုအမို-ဖြစ်စေ-ယူ-၏။ အသီးအခြား ကြံဆ၏။	(1) dispone / administra. (2) piensa de diversas y variadas maneras. (3) hace *vikappanā*. (4) corta / rebana. (5) hace que haya de más / toma de más; concibe por separado.	(1) arranges / manages. (2) thinks in various and diverse ways. (3) makes *vikappanā*. (4) cuts / slices. (5) makes extra / takes extra; conceives separately.	sense (5) အပိုအမို-ဖြစ်စေ-ယူ-၏ unclear; tentative
148978	vikappetukāma	ဝိကပ္ပနာပြုခြင်းငှါ အလိုရှိသော၊ ဝိကပ္ပနပြုလိုသော၊ သူ။	que desea hacer *vikappanā*; que quiere hacer *vikappanā* (dicho de una persona).	wishing to make *vikappanā*; wanting to make *vikappanā* (said of a person).	second ဝိကပ္ပန read as ဝိကပ္ပနာ
148997	vikampeti	(က) တုန်လှုပ်စေ၏၊ အထူးသဖြင့်-အထူးထူး အပြားပြား-များစွာ-တုန်လှုပ်စေ၏။ (ခ) အလို၏ ပျက်စီးခြင်းကို ပြုတတ်၏။	(a) hace temblar; hace temblar especialmente / de diversas y variadas maneras / mucho. (b) suele producir la ruina del deseo.	(a) makes tremble; makes tremble specially / in various and diverse ways / much. (b) is apt to bring about the ruin of desire.	sense (b) 'ruin of desire' unclear in context
149006	vikasati	(က) (ပန်း) ပွင့်၏။ (ခ) (ဘုရား,ရဟန္တာ) ပွင့်-ပော်ပေါက်-၏။ (ခ)  «S1»	(a) (la flor) se abre. (b) (los Buddhas, los *arahant*) florecen / aparecen. (b) Véase [[vikasiṁsu]].	(a) (a flower) opens. (b) (Buddhas, *arahant*) blossom / appear. (b) See [[vikasiṁsu]].	ပော်ပေါက် read as ပေါ်ပေါက်
149014	vikasā	ထန်းကျင့်၊ နီပါးဆေး။	‹ထန်းကျင့်›; ‹နီပါးဆေး›.	‹ထန်းကျင့်›; ‹နီပါးဆေး›.	two plant/dye names unidentified, left in Burmese (as in earlier volumes)
149032	vikasitapuppha	ပွင့်သော-အပွင့်-ပန်းပွင့်-ရှိသော။	que tiene abiertas / las flores / las flores de las plantas.	having opened / blossoms / flowers.	hyphen chain ပွင့်သော-အပွင့်-ပန်းပွင့် kept as printed
149055	vikārayutta	ဖောက်ခြင်းနှင့်ယှဉ်သော။	asociado con la alteración.	associated with alteration.	ဖောက်ခြင်း read as ဖောက်ပြန်ခြင်း (truncated?)
149058	vikāravaṇṇa	ဖောက်ပြန်သော-အဆင်း-ရူပါရုံ။	color / objeto visible alterado.	altered colour / visible object.	ရူပါရုံ rendered 'visible object'
149088	vikālabhojanapaṭikkhepa	နေမွန်းလွဲသောအခါ၌-ဘုဉ်းပေး-သုံးဆောင်-စားသောက်-ခြင်းကို ပယ်မြစ်ခြင်း။	el rechazo / la prohibición del tomar / consumir / comer y beber después del mediodía.	the rejecting / forbidding of partaking / consuming / eating and drinking after noon.	ပယ်မြစ် (paṭikkhepa) rendered rechazar / reject
149093	vikālabhojanasikkhāpada	ဝိကလာဘောဇနသိက္ခာပုဒ်၊ နေမွန်းလွဲသောအခါ၌-ဘုဉ်းပေး-သုံးဆောင်-စားသောက်-ခြင်းကြောင့်ပညတ်အပ်သော သိက္ခာပုဒ်။	el *vikālabhojanasikkhāpada*; el *sikkhāpada* establecido a causa del tomar / consumir / comer y beber después del mediodía.	the *vikālabhojanasikkhāpada*; the *sikkhāpada* laid down because of partaking / consuming / eating and drinking after noon.	ဝိကလာ read as ဝိကာလ
149098	vikālasaññī	နေမွန်းလွဲသောအခါဟူ၍ဖြစ်သော-အမှတ်-ညာ-ရှိသော၊ သူ။	que tiene la percepción / *saññā* surgida como «es después del mediodía» (dicho de una persona).	having the perception / *saññā* arisen as 'it is after noon' (said of a person).	ညာ read as သညာ
149100	vikāsanaka	ပွင့်လင်း-ပော်လွင်-စေတတ်သော၊ ဖွင့်ပြတတ်သော။	que suele hacer abrirse / manifestarse; que suele revelar.	apt to cause to open / appear; apt to reveal.	ပော်လွင် read as ပေါ်လွင်
149113	vikiraṇa	(၁) ဖရိုဖရဲကြဲခြင်း။ (၂) ဖရိုဖရဲကြဲရာ။ (၃) ပစ်ပယ်တတ်သော မာယာ။ (၄) (ဥစ္စာတို့ကို) အတိုးချ-ဖြန့်ဖြူး-စေခြင်း။ (တိ) (၅) ဖရိုဖရဲကြဲ-ဖျက်ဆီး-ဖြုန်းတီး-လေ့ရှိ-တတ်-သော။ «S1»	(1) el esparcir en desorden. (2) el lugar donde se esparce en desorden. (3) engaño que suele desechar. (4) el prestar a interés / repartir (las riquezas). (adjetivo) (5) que tiene el hábito / suele esparcir en desorden / destruir / derrochar. Véase [[vikiraṇakāla]].	(1) scattering in disorder. (2) the place of scattering in disorder. (3) deceit apt to cast away. (4) lending at interest / distributing (wealth). (adjective) (5) in the habit of / apt to scatter in disorder / destroy / squander. See [[vikiraṇakāla]].	sense (3) ပစ်ပယ်တတ်သော မာယာ unclear
149114	vikiraṇa	မရိုးပင်။	árbol ‹မရိုး›.	the ‹မရိုး› tree.	plant မရိုး unidentified, left in Burmese
149115	vikīraṇa	မရိုးပင်။	árbol ‹မရိုး›.	the ‹မရိုး› tree.	plant မရိုး unidentified, left in Burmese
149136	vikirissati	ဖရိုဖရဲ ပြန်ကြဲ-ပျံ့နှံ့-အံ့-လတ္တံ့-လိမ့်မည်။	se esparcirá en desorden / se difundirá.	will scatter in disorder / diffuse.	ပြန်ကြဲ read as ပြန့်ကြဲ
149145	vikīl̤aniya	ကစား-မြူးထူး-ပျော်ရွှင်-ခြင်းမှ-ကင်း-ပယ်ခွါ-ကြဉ်ရှောင်-ခြင်း။	el estar libre / apartarse / abstenerse de jugar / retozar / regocijarse.	being free from / abandoning / abstaining from playing / frolicking / merrymaking.	adjective label, but the Burmese gives a verbal noun (-ခြင်း)
149146	vikujjeti	အောက်သို့မျက်ပြု-မျက်နှာလွှဲ-၏။	pone boca abajo / aparta el rostro.	turns face down / turns the face away.	မျက်ပြု read as မှောက်ပြု
149153	vikubbana	(ထီ၊န) (၁) အထူးထူး အပြားပြား-အမျိုးမျိုး အဖုံဖုံ-ပြုခြင်း- (က) တန်ခိုးဖန်ဆင်းခြင်း။ ပကတိရုပ်ဆင်းသဏ္ဌာန်ကို စွန့်၍ တစ်မျိုးတစ်ဖုံပြုလုပ်ခြင်း။ (၂) အထူးအထူး အပြားပြား-အမျိုးမျိုး-အဖုံဖုံ-ပြု(ဖန်ဆင်း)အပ်သောအရုပ်။ (၃) အထူးထူး အပြားပြား-အမျိုးမျိုး အဖုံဖုံ (ဆန်ဆင်း) ကြောင်းဖြစ်သော (ဣဒ္ဓိဝိဓဉာဏ်)။ (၄) အထူးထူး အပြားပြား-အထူးထူး အထွေထွေ-အမျိုးမျိုး အဖုံဖုံ-ရုပ်ဆင်းသဏ္ဌာန် ဖန်ဆင်းပြုပြင်ခြင်းရှိသော။	(femenino, neutro) (1) el hacer de diversas y variadas maneras / de múltiples formas: (a) el crear por poder sobrenatural. El abandonar la forma corporal natural y hacer otra distinta. (2) figura hecha (creada) de diversas y variadas maneras / múltiple / de formas varias. (3) (el *iddhividhañāṇa*) que es causa de (crear) de diversas y variadas maneras / de múltiples formas. (4) que tiene el crear y transformar formas corporales de diversas y variadas maneras / de diversos y distintos modos / de múltiples formas.	(feminine, neuter) (1) doing in various and diverse ways / in many forms: (a) creating by supernormal power. Abandoning one's natural bodily form and making another. (2) a figure made (created) in various and diverse ways / manifold / in many forms. (3) (the *iddhividhañāṇa*) which is the cause of (creating) in various and diverse ways / in many forms. (4) having the creating and transforming of bodily forms in various and diverse ways / in manifold different modes / in many forms.	label given as တိ but the article opens (ထီ၊န); (3) ဆန်ဆင်း read as ဖန်ဆင်း
149164	vikubbaniddhipaṭikkhepaka	အထူးထူးသော အပြားရှိသည်ကို ပြုခြင်း၏အစွမ်းအားဖြင့် ဖြစ်သော တန်ခိုးကို-တားမြစ်-ပယ်-တတ်သော။	que suele prohibir / rechazar el poder que surge por la fuerza del hacer cosas de diversas clases.	apt to forbid / reject the power arising through the force of doing things of various kinds.	ပယ် (paṭikkhepa) rendered rechazar / reject
149167	vikubbanta	(၁) အထူးထူး အပြားပြား-အထူးထူး အထွေထွေ-အမျိုးမျိုး အဖုံဖုံ-ပြုလုပ်တတ်သော၊ တန်ခိုးဆန်ဆင်းတတ်သော၊ သူ။ (၂) ဖောက်ခွဲ-ဖျက်ဆီး-ရေးခြစ်-တတ်သော၊ သူ။	(1) que suele hacer / realizar de diversas y variadas maneras / de diversos y distintos modos / de múltiples formas; que suele crear por poder sobrenatural (dicho de una persona). (2) que suele romper / destruir / rayar (dicho de una persona).	(1) apt to make / do in various and diverse ways / in manifold different modes / in many forms; apt to create by supernormal power (said of a person). (2) apt to break apart / destroy / scratch (said of a person).	(1) ဆန်ဆင်း read as ဖန်ဆင်း
149180	vikūla	ကင်းသောကမ်းရှိရာအရပ်၊ နိမ့်သောအရပ်။	lugar en que falta la orilla; lugar bajo.	a place where a bank is lacking; a low place.	first gloss ကင်းသောကမ်းရှိရာအရပ် unclear; tentative
149194	vikopeti	ပျက်စီးစေ-ကွေကွင်းစေ-ဖျောက်-ဖျက်-ဖျက်ဆီး-၏။	arruina / hace separarse / hace desaparecer / deshace / destruye.	ruins / causes to come apart / effaces / breaks / destroys.	ကွေကွင်းစေ read as 'causes to come apart', uncertain
149204	vikkanta	(၁) လုံ့လပြု-အားထုတ်-ကြိုးစား-စွန့်စား-သော၊ သူ။ (၂) ရဲရင့်သူ၊ (စစ်မြေအရပ်သို့) ဝင်-သွား-ချီတက်၊ သော၊ သူ။	(1) que se esfuerza / se aplica / se empeña / se arriesga (dicho de una persona). (2) persona valerosa; que entra / va / marcha (al campo de batalla) (dicho de una persona).	(1) making effort / exerting / striving / venturing (said of a person). (2) a brave person; entering / going / marching (to the battlefield) (said of a person).	(2) stray ၊ before သော in the print
149214	vikkanditabba	ကျယ်စွာ-ငိုကျွေး-မြည်တမ်း-ပြောဆို-တိုင်ကြား-အပ်-သင့်-ထိုက်-သော။	por lo que ha de / conviene / merece llorarse / lamentarse / hablarse / quejarse a gritos.	to be / fit to be / worthy to be wept / wailed / spoken / complained about loudly.	ငိုကျွေး read as ငိုကြွေး
149215	vikkama	(၁) အားထုတ်-ကြိုးကုတ်-ကြိုးစား-ရဲရင့်-ခြင်း၊ လုံ့လ၊ ဝီရိယ။ (၂) ခြေလှမ်း-သွား-ခြင်း။	(1) el aplicarse / empeñarse con tesón / esforzarse / ser valeroso; esfuerzo; *vīriya*. (2) el dar pasos / ir.	(1) exerting / persevering / striving / being brave; effort; *vīriya*. (2) stepping / going.	headword label given as ကြိ, but sense (1) is a noun
149235	vikkāyāpayati	ရောင်းစေ၏။ အောက်ပုဒ်ကြည့်။	hace vender. Véase la entrada siguiente.	causes to sell. See the following headword.	'see the following headword' (အောက်ပုဒ်ကြည့်) left in the Burmese, rendered here
149254	vikkiṇāmi	(ငါ) ရောင်း၏။	(yo) vendo.	(I) sell.	1st person marked (ငါ), headword -mi; rendered in the 1st person
149257	vikkiṇiṁ	(ငါ) ရောင်းပြီ။	(yo) vendí.	(I) sold.	1st person marked (ငါ), headword -iṁ; rendered in the 1st person
149268	vikkiṇissāmi	(ငါ) ရောင်း-အံ့-လတ္တံ့-လိမ့်မည်။	(yo) venderé / habré de vender / voy a vender.	(I) shall sell / am to sell / am going to sell.	1st person marked (ငါ), headword -āmi; the future chain -အံ့-လတ္တံ့-လိမ့်မည် rendered as three alternatives
149269	vikkīṇissāmi	(ငါ) ရောင်း-အံ့-လတ္တံ့-လိမ့်မည်။	(yo) venderé / habré de vender / voy a vender.	(I) shall sell / am to sell / am going to sell.	1st person marked (ငါ), headword -āmi; the future chain -အံ့-လတ္တံ့-လိမ့်မည် rendered as three alternatives
149271	vikkiṇeyya	ရောင်းရာ၏။	vendería.	would sell.	label တိ, but the gloss is the optative verb (ရာ၏)
149284	vikkīl̤anasamūhavantu	(က) ကစား-မြူးတူး-ပျော်ပါး-ပျော်ရွှင်-ခြင်း-အပေါင်း-ရှိ-၏ တည်ရာဖြစ်-သော။ (ခ) တင့်တယ်-စမ္ပယ်-ကွန့်မြူး-ခြင်းအပေါင်း-ရှိ-၏ တည်ရာဖြစ်-သော။	(a) que es la sede donde hay un conjunto de juegos / retozos / diversiones / regocijos. (b) que es la sede donde hay un conjunto de lucimientos / pavoneos / juegueteos.	(a) that is the abode where there is a mass of playing / frolicking / amusement / rejoicing. (b) that is the abode where there is a mass of looking graceful / showing off / prancing.	the later hyphens (-အပေါင်း-ရှိ-၏ တည်ရာဖြစ်-သော) chain one phrase, not alternatives; rendered as a phrase; headword ending -vantu as printed
149310	vikkhambhanappahāna	ဝိက္ခမ္ဘနပဟာန်။ ပယ်ခွါသောအားဖြင့် (နီဝရဏအစရှိသော တရားတို့ကို) စွန့်-ပယ်-ခြင်း။	*vikkhambhanapahāna*. El renunciar / abandonar (los estados que comienzan por los *nīvaraṇa*) por medio del apartar.	*vikkhambhanapahāna*. Relinquishing / abandoning (the states beginning with the *nīvaraṇa*) by way of setting aside.	the Burmese spells the loanword with single p (ဝိက္ခမ္ဘနပဟာန်) against the headword -ppahāna
149312	vikkhambhanavāra	ဝိက္ခမ္ဘနဝါရ၊ (ကိလေသာတို့ကို) ပယ်-ခွါ-ဖျက်ဆီး-ဖယ်ရှား-တတ်သော-အလှည့်အကြိမ်-ဝါရ။	*vikkhambhanavāra*; el turno / *vāra* que suele abandonar / apartar / destruir / remover (los *kilesa*).	*vikkhambhanavāra*; the turn / *vāra* apt to abandon / set aside / destroy / remove (the *kilesa*).	ပယ်-ခွါ split by a hyphen here, rendered as two alternatives
149319	vikkhambhanavivekanissita	ဝိက္ခမ္ဘနဝိဝေက-၌-ကို-မှီသော။	que se apoya en / depende de *vikkhambhanaviveka*.	resting on / dependent on *vikkhambhanaviveka*.	the hyphens mark alternative case particles (၌ / ကို)
149323	vikkhambhanasuñña	ဝိက္ခမ္ဘနသုည၊ ပယ်ခွါအပ်သည်ဖြစ်၍ ဆိတ်သုဉ်းခြင်း။	*vikkhambhanasuñña*; el estar vacío por haber sido apartado.	*vikkhambhanasuñña*; being empty through having been set aside.	the Burmese spells -သုည (not -သုဉ္ဉ); copied as printed
149336	vikkhambhitapaccanīka	ပယ်ခွါ အပ်ပြီးသည့်-ဆန့်ကျင်ဘက်-ကိလေသာ-တရားရှိသော၊ ဆန့်ကျင်ဘက်-ကိလေသာ-တရားကို ပယ်ခွါပြီးသော။	que tiene ya apartados los estados opuestos / los *kilesa*; que ha apartado los estados opuestos / los *kilesa*.	having the opposing states / the *kilesa* set aside; that has set aside the opposing states / the *kilesa*.	ဆန့်ကျင်ဘက်-ကိလေသာ-တရား: the hyphens may chain one phrase ('the opposing kilesa-states') rather than mark alternatives
149348	vikkhambhesiṁ	(ငါ) ပယ်ခွါ-ဖျက်ဆီး-ဖယ်ရှား-ပြီ။	(yo) aparté / destruí / removí.	(I) set aside / destroyed / removed.	1st person marked (ငါ), headword -iṁ; rendered in the 1st person
149352	vikkhāyita	အထူးထူးသော အခြင်းအရာအားဖြင့် (ခွေး,မြေခွေးစသည်တို့သည်) ခဲစားအပ်ပြီးသော။ အောက်ပုဒ်ကြည့်။	roído (por perros, chacales y demás) de diversas maneras. Véase la entrada siguiente.	gnawed (by dogs, jackals and so on) in various ways. See the following headword.	'see the following headword' (အောက်ပုဒ်ကြည့်) left in the Burmese, rendered here
149353	vikkhāyitaka	(၁) ဝိက္ခာယိတက အသုဘ-(က) အထူးထူးသော အခြင်းအရာအားဖြင့် (ခွေး,မြေခွေးစသည်တို့သည်) ခဲစားအပ်ပြီးသော (အလောင်းကောင်)။ (ခ) စက်ဆုပ်-ရွံရှာ-ဖွယ်အထူးထူးသော အခြင်းအရာအားဖြင့် (ခွေး,မြေခွေးစသည်တို့သည်) ခဲစားအပ်ပြီးသော (အလောင်းကောင်)။ (၂) ဝိက္ခာယိတကအသုဘကို အာရုံပြု၍ ဖြစ်ပော်လာသော ဥဂ္ဂဟနိမိတ်,ပဋိဘာဂနိမိတ်။ (၃) ငှင်းနိမိတ်တို့၌ ရအပ်သော ဝိက္ခာယိတကဈာန်။	(1) el *vikkhāyitaka asubha*: (a) (el cadáver) roído (por perros, chacales y demás) de diversas maneras. (b) (el cadáver) roído (por perros, chacales y demás) de diversas maneras repugnantes / asquerosas. (2) el *uggahanimitta* y el *paṭibhāganimitta* que surgen tomando como objeto el *vikkhāyitakaasubha*. (3) el *vikkhāyitakajhāna* obtenido en esos *nimitta*.	(1) the *vikkhāyitaka asubha*: (a) (the corpse) gnawed (by dogs, jackals and so on) in various ways. (b) (the corpse) gnawed (by dogs, jackals and so on) in various repulsive / loathsome ways. (2) the *uggahanimitta* and *paṭibhāganimitta* that arise taking the *vikkhāyitakaasubha* as object. (3) the *vikkhāyitakajhāna* obtained in those *nimitta*.	ဖြစ်ပော် read as ဖြစ်ပေါ်; ငှင်း read as ၎င်း (those)
149355	vikkhāyitakasaññā	ဝိက္ခာယိတကသညာ (က) ဝိက္ခာယိတကအသုဘနိမိတ်၌ (အပ္ပနာ၏အစွမ်းဖြင့်) ဖြစ်သော သညာ၊ ဝိက္ခာယိတကအသုဘနိမိတ်၌ဖြစ်သော (ပဌမဈာန်နှင့်တကွဖြစ်သော) သညာ၊ ထို သညာ-အဦးရှိပြဓာန်း-သောဈာန်၊ ဝိက္ခာယိတကဈာန်။ (ခ) ဝိက္ခာယိတက ဝိက္ခာယိတကဟု ပွါးများသော သူအားဖြစ်သော သညာ၊ ထိုသညာ-အဦးရှိ-ပြဓာန်း-သော ဥပစာရဈာန်။ (က) အောက်ပုဒ်ကြည့်။	*vikkhāyitakasaññā* (a) la *saññā* que surge (por la fuerza de la *appanā*) en el *nimitta* del *vikkhāyitakaasubha*; la *saññā* que surge en el *nimitta* del *vikkhāyitakaasubha* (que surge junto con el primer *jhāna*); el *jhāna* que tiene esa *saññā* al frente / como predominante; el *vikkhāyitakajhāna*. (b) la *saññā* que surge en el que cultiva (diciendo) “*vikkhāyitaka vikkhāyitaka*”; el *upacārajhāna* que tiene esa *saññā* al frente / como predominante. (a) Véase la entrada siguiente.	*vikkhāyitakasaññā* (a) the *saññā* that arises (by the force of *appanā*) on the *nimitta* of the *vikkhāyitakaasubha*; the *saññā* that arises on the *nimitta* of the *vikkhāyitakaasubha* (arising together with the first *jhāna*); the *jhāna* having that *saññā* at its head / as predominant; the *vikkhāyitakajhāna*. (b) the *saññā* that arises in one who cultivates (saying) “*vikkhāyitaka vikkhāyitaka*”; the *upacārajhāna* having that *saññā* at its head / as predominant. (a) See the following headword.	'(a) see the following headword' (အောက်ပုဒ်ကြည့်) left in the Burmese, rendered here; quotation marks added around the repeated word
149360	vikkhālayiṁ	(ငါ) ဆေးကြော-သုတ်သင်-ပြီ။	(yo) enjuagué / limpié.	(I) rinsed / cleansed.	1st person marked (ငါ), headword -iṁ; rendered in the 1st person
149368	vikkhāleti	(၁) ဖွပ်လျော်-ဆေးကြော-သုတ်သင်-၏။ (၂) လုတ်ဆေး-မျက်နှာသစ်-ပလုတ်ကျင်း-၏။	(1) lava / enjuaga / limpia. (2) se enjuaga la boca / se lava el rostro / hace buches.	(1) washes / rinses / cleanses. (2) rinses the mouth / washes the face / gargles.	ဖွပ်လျော် read as ဖွပ်လျှော်
149372	vikkhālenta	ဆေးကြော-သုတ်သင်-တတ်သော။ အောက်ပုဒ်ကြည့်။	que suele enjuagar / limpiar. Véase la entrada siguiente.	apt to rinse / cleanse. See the following headword.	'see the following headword' (အောက်ပုဒ်ကြည့်) left in the Burmese, rendered here; the gloss -တတ်သော for a present participle as printed
149374	vikkhālemi	(ငါ) ဖွပ်လျော်-ဆေးကြော-သုတ်သင်-၏။	(yo) lavo / enjuago / limpio.	(I) wash / rinse / cleanse.	1st person marked (ငါ), headword -mi; rendered in the 1st person; ဖွပ်လျော် read as ဖွပ်လျှော်
149378	vikkhittaka	(၁) ဝိက္ခိတ္တကအသုဘ- (က) အထူးထူး အပြားပြားအားဖြင့်-ပစ်ချ-စွန့်ပစ်-အပ်ပြီးသော၊ ဖရိုဖရဲ ကြဲသော (အလောင်းကောင်)။ (ခ) စက်ဆုပ်-ရွံရှာ-ဖွယ် အထူးထူး အပြားပြား-ပစ်ချ-စွန့်ပစ်-အပ်ပြီးသော(အလောင်းကောင်)။ (၂) ဝိက္ခိတ္တကအသုဘကို အာရုံပြု၍ ဖြစ်ပော်လာသော ဥဂ္ဂဟနိမိတ်,ပဋိဘာဂနိမိတ်။ (၃) ၎င်းနိမိတ်တို့၌ ရအပ်သော ဝိက္ခိတ္တကဈာန်။ (၂) (၃)  «S1»	(1) el *vikkhittakaasubha*: (a) (el cadáver) arrojado / desechado de diversas maneras; esparcido en desorden. (b) (el cadáver) arrojado / desechado de diversas maneras repugnantes / asquerosas. (2) el *uggahanimitta* y el *paṭibhāganimitta* que surgen tomando como objeto el *vikkhittakaasubha*. (3) el *vikkhittakajhāna* obtenido en esos *nimitta*. (2) (3) Véase [[vikkhāyitaka]].	(1) the *vikkhittakaasubha*: (a) (the corpse) thrown down / cast away in various ways; strewn about in disorder. (b) (the corpse) thrown down / cast away in various repulsive / loathsome ways. (2) the *uggahanimitta* and *paṭibhāganimitta* that arise taking the *vikkhittakaasubha* as object. (3) the *vikkhittakajhāna* obtained in those *nimitta*. (2) (3) See [[vikkhāyitaka]].	ဖြစ်ပော် read as ဖြစ်ပေါ်
149381	vikkhittakasaññā	ဝိက္ခိတ္တကသညာ- (က) ဝိက္ခိတ္တကအသုဘနိမိတ်၌ (အပ္ပနာ၏အစွမ်းဖြင့်) ဖြစ်သောသညာ။ ဝိက္ခိတ္တက အသုဘနိမိတ်၌ ဖြစ်သော (ပဌမဈာန်နှင့် တကွဖြစ်သော) သညာ၊ ထိုသညာ-အဦးရှိ-ပြဓာန်း-သောဈာန်၊ ဝိက္ခိတ္တကဈာန်။ (ခ) "ဝိက္ခိတ္တက,ဝိက္ခတ္တက"ဟု ပွါးများသောသူအား ဖြစ်သောသညာ၊ ထိုသညာ-အဦးရှိ-ပြဓာန်း-သော ဥပစာရဈာန်။ (က)  «S1» «S2»	*vikkhittakasaññā*: (a) la *saññā* que surge (por la fuerza de la *appanā*) en el *nimitta* del *vikkhittakaasubha*. La *saññā* que surge en el *nimitta* del *vikkhittakaasubha* (que surge junto con el primer *jhāna*); el *jhāna* que tiene esa *saññā* al frente / como predominante; el *vikkhittakajhāna*. (b) la *saññā* que surge en el que cultiva (diciendo) “*vikkhittaka,vikkhattaka*”; el *upacārajhāna* que tiene esa *saññā* al frente / como predominante. (a) Véase [[vikkhittakasaññāsahagata]]. Véase también [[aṭṭhikasaññā]].	*vikkhittakasaññā*: (a) the *saññā* that arises (by the force of *appanā*) on the *nimitta* of the *vikkhittakaasubha*. The *saññā* that arises on the *nimitta* of the *vikkhittakaasubha* (arising together with the first *jhāna*); the *jhāna* having that *saññā* at its head / as predominant; the *vikkhittakajhāna*. (b) the *saññā* that arises in one who cultivates (saying) “*vikkhittaka,vikkhattaka*”; the *upacārajhāna* having that *saññā* at its head / as predominant. (a) See [[vikkhittakasaññāsahagata]]. See also [[aṭṭhikasaññā]].	label ကြိ on a noun (feminine expected); ဝိက္ခတ္တက in the quotation is probably a misprint for ဝိက္ခိတ္တက, copied as printed
149384	vikkhittacitta	(၁) ပျံ့လွင့်သော စိတ်ရှိသော၊ စိတ်ပျံ့လွင့်သော၊ သူ။ (န) (၂) ပျံ့လွင့်သောစိတ်။ (န) (၂) အောက်ပုဒ်ကြည့်။	(1) que tiene la mente dispersa; de mente dispersa (dicho de una persona). (neutro) (2) mente dispersa. (neutro) (2) Véase la entrada siguiente.	(1) having a scattered mind; scattered in mind (said of a person). (neuter) (2) a scattered mind. (neuter) (2) See the following headword.	'see the following headword' (အောက်ပုဒ်ကြည့်) left in the Burmese, rendered here
149391	vikkhittavisaṭabyādiṇṇakāla	ပျံ့လွင့်,ကျယ်ပြန့်သည်ဖြစ်၍ ထက်ဝန်းကျင်မှ ယူအပ်ရာ အခါ။	el momento en que, por estar disperso y difundido, es tomado de todo alrededor.	the time when, being scattered and spread out, it is seized from all around.	sense of ထက်ဝန်းကျင်မှ ယူအပ်ရာ (for byādiṇṇa) unclear; the subject (the mind?) is not stated
149396	vikkhipati	(၁) ပျံ့လွင့်၏။ (၂) (က) ဖရိုဖရဲ ပစ်ချ၏၊ အထူးထူး အပြားပြား ပစ်ပယ်၏၊ ဝေးသောအရပ်သို့ ပစ်ချ၏။ (ခ) ဖျက်ဆီး၏၊ ပယ်၏။ (၃) ယိုစီး၏။ (၄) ချီ-မ-ချီမ-မြှောက်-၏။ (၄)  «S1»	(1) se dispersa. (2) (a) arroja en desorden; desecha de diversas maneras; arroja a un lugar lejano. (b) destruye; abandona. (3) se derrama. (4) alza / levanta / eleva / sube. (4) Véase [[vikkhipitvā]].	(1) is scattered. (2) (a) throws down in disorder; casts away in various ways; throws to a distant place. (b) destroys; abandons. (3) leaks. (4) lifts / raises / hoists / elevates. (4) See [[vikkhipitvā]].	ယိုစီး (leak, flow) for sense (3) as printed
149402	vikkhipanti	ဖရိုဖရဲ-အထူးထူး အပြားပြား-ပစ်ချကုန်၏၊ (ပျံ့လွင့်စေကုန်၏) ဝိက္ခိပတိ-လည်းကြည့်။	arrojan en desorden / de diversas maneras; (hacen dispersarse). Véase también [[vikkhipati]].	they throw down in disorder / in various ways; (they cause to be scattered). See also [[vikkhipati]].	'see also X' left in the Burmese, rendered here
149413	vikkhīyati	အထူးသဖြင့်-ကုန်ခန်း-ပျက်စီး-၏။ အောက်ပုဒ်ကြည့်။	se agota / se destruye especialmente. Véase la entrada siguiente.	is especially exhausted / destroyed. See the following headword.	'see the following headword' (အောက်ပုဒ်ကြည့်) left in the Burmese, rendered here
149414	vikkhīyissanti	အထူးသဖြင့်-ကုန်ခန်း-ပျက်စီး-ကုန်-အံ့-လတ္တံ့-လိမ့်မည်။	se agotarán / se destruirán especialmente.	they will be especially exhausted / destroyed.	the future chain -အံ့-လတ္တံ့-လိမ့်မည် rendered once
149415	vikkhepa	(၁) အထူးထူး အပြားပြား ပစ်ချတတ်သော။ (၂) ပျံ့လွင့်ကြောင်း (ဥဒ္ဓစ္စစသည်)။ (၃) ပျံ့လွင့်-တုန်လှုပ်-ခြင်း။ (၄) အထူးထူး အပြားပြား-အမျိုးမျိုး-အဖုံဖုံ-ပစ်ပယ်-ပယ်ရှား-ကြောင်း။ (၅) အထူးထူး အပြားပြား-အမျိုးမျိုး-အဖုံဖုံ-ဖြစ်သော-ပစ်ပယ်-ပယ်ရှား-ခြင်း။ (၆) အထူးထူး အပြားပြား-ပစ်ပယ်-ပယ်ရှား-ခြင်း။ (၇) ဖရိုဖရဲကြဲခြင်း။ (၈) ဖောက်ပြန်သော-ပစ်လွှင့်-ပစ်ချ-ခြင်း။ (၉) ဖျက်ဆီးခြင်း။ «S1»	(1) que suele arrojar de diversas maneras. (2) la causa de dispersión (el *uddhacca* y demás). (3) el dispersarse / estremecerse. (4) la causa del desechar / eliminar de diversas maneras / de toda clase / de múltiples formas. (5) el desechar / eliminar que se da de diversas maneras / de toda clase / de múltiples formas. (6) el desechar / eliminar de diversas maneras. (7) el esparcir en desorden. (8) el lanzar / arrojar de modo trastornado. (9) el destruir. Véase [[vikkhepadiṭṭhi]].	(1) apt to throw down in various ways. (2) the cause of scattering (*uddhacca* and so on). (3) being scattered / shaken. (4) the cause of discarding / eliminating in various ways / of all kinds / in manifold forms. (5) the discarding / eliminating that occurs in various ways / of all kinds / in manifold forms. (6) discarding / eliminating in various ways. (7) strewing in disorder. (8) flinging / throwing down in a deranged way. (9) destroying. See [[vikkhepadiṭṭhi]].	(8) ဖောက်ပြန်သော- is joined to the verbs by a hyphen; read as qualifying them
149417	vikkhepakathā	အထူးထူး အပြားပြား-ပစ်ပယ်-ပယ်ရှား-ပျံ့လွင့်-ကြောင်းဖြစ်သောစကား။ အောက်ပုဒ်ကြည့်။	palabras que son causa de desechar / eliminar / dispersar de diversas maneras. Véase la entrada siguiente.	words that are the cause of discarding / eliminating / scattering in various ways. See the following headword.	'see the following headword' (အောက်ပုဒ်ကြည့်) left in the Burmese, rendered here
149420	vikkhepakaraṇa	အထူးထူး အပြားပြား-အမျိုးမျို-အဖုံဖုံ-ပစ်ပယ်-ပယ်ရှား-ခြင်းကို ပြုခြင်း။	el realizar el desechar / eliminar de diversas maneras / de toda clase / de múltiples formas.	performing the discarding / eliminating in various ways / of all kinds / in manifold forms.	အမျိုးမျို read as အမျိုးမျိုး
149423	vikkhepakilesuppattivirahita	ပျံ့လွင့်ကြောင်းဖြစ်သော ကိလေသာ၏ ဖြစ်ပော်ခြင်းမှ ကင်းသော၊ သူ။	libre del surgir de los *kilesa* que son causa de dispersión (dicho de una persona).	free from the arising of the *kilesa* that are the cause of distraction (said of a person).	ဖြစ်ပော် read as ဖြစ်ပေါ်
149432	vikkhepapaṭikkhepa	ပျံ့လွင့်ကြောင်း "ဥဒ္ဓစ္စ"ကို ပယ်တတ်သော သမာဓိ။	el *samādhi* que suele rechazar el “*uddhacca*”, causa de dispersión.	the *samādhi* that is apt to reject “*uddhacca*”, the cause of distraction.	ပယ် rendered 'reject' (headword -paṭikkhepa); 'abandon' also possible
149446	vikkhepabyākula	ပျံ့လွင့်ခြင်းဖြင့် နှောက်ကျုသော။	enturbiado por la dispersión.	muddied by distraction.	နှောက်ကျု read as နောက်ကျု (muddied, confused)
149472	vikkhepika	အထူးအထူး အပြားပြားဖြစ်သော-ပစ်ပယ်-ပယ်ရှား-ခြင်းရှိသော၊ သူ။	que tiene el desechar / eliminar que se da de diversas maneras (dicho de una persona).	having discarding / eliminating that occurs in various ways (said of a person).	အထူးအထူး read as အထူးထူး
149475	vikkhel̤ika	ယိုစီးသော တံတွေးရှိသော၊ သွားရည် ယိုစီးသော၊ အရိယိုသော။	que tiene saliva que gotea; que babea; que suelta babas.	having dribbling spittle; drooling; slobbering.	အရိယို (third gloss) unclear; read as 'drooling'
149481	vikhādana	(သွားတို့ဖြင့်) ကိုက်-ခဲ-ဝါး-စား-အပ်-သင့်-ထိုက်-သော။	(con los dientes) que se ha de / conviene / merece morder / roer / masticar / comer.	(with the teeth) that is to be / fit to be / worthy to be bitten / gnawed / chewed / eaten.	label န (neuter noun) but the gloss is the gerundive, identical to the next headword (vikhāditabba)
149484	vikhyāta	(၁) အထူးသဖြင့်-ထင်ရှား-ကျော်စော-သော၊ ပော်လွင်သော။ (ပု) (၂) အထူးသဖြင့်-ထင်ရှား-ကျော်စော-ခြင်း။ (ပု) (၂) အောက်ပုဒ်ကြည့်။	(1) especialmente manifiesto / famoso; destacado. (masculino) (2) el ser especialmente manifiesto / famoso. (masculino) (2) Véase la entrada siguiente.	(1) especially manifest / famous; prominent. (masculine) (2) being especially manifest / famous. (masculine) (2) See the following headword.	ပော်လွင် read as ပေါ်လွင်; 'see the following headword' (အောက်ပုဒ်ကြည့်) left in the Burmese, rendered here
149487	vikhyāpayati	အထူးသဖြင့် ထင်ရှား-ကျော်စော-စေ၏၊ ပော်လွင်စေ၏။ အောက်ပုဒ်ကြည့်။	hace especialmente manifiesto / famoso; hace destacar. Véase la entrada siguiente.	makes especially manifest / famous; makes prominent. See the following headword.	ပော်လွင် read as ပေါ်လွင်; 'see the following headword' (အောက်ပုဒ်ကြည့်) left in the Burmese, rendered here
149488	vikhyāpayatha	အထူးသဖြင့်-ထင်ရှား-ကျော်စော-စေကုန်လော့၊ ပော်လွင်စေကုန်လော့။	haced especialmente manifiesto / famoso; haced destacar.	make especially manifest / famous; make prominent!	ပော်လွင် read as ပေါ်လွင်; plural imperative (-ကုန်လော့), 2nd person from the headword -tha
149491	vigacchatu	(၁) ပယ်ဖျောက်-ရှောင်ကြဉ်-စေချင်ပါ၏၊ တနည်း---ပယ်ဖျောက်-ရှောင်ကြဉ်-တော်မူပါလော့။ (၂) ပျက်-ပျက်စီး-ကွယ်ပျောက်-စေသတည်း-စေသား။ (၁)  «S1» (၂) ဝိဂစ္ဆတိ (၃) (ဂ) ကြည့်။	(1) desearía que eliminara / evitara; o bien, dígnese eliminar / evitar. (2) que se rompa / perezca / se desvanezca / así sea. (1) Véase [[vigacchati]] (6). (2) Véase [[vigacchati]] (3) (c).	(1) I wish that he would eliminate / avoid; alternatively, may he deign to eliminate / avoid. (2) may it break up / perish / vanish / so be it. (1) See [[vigacchati]] (6). (2) See [[vigacchati]] (3) (c).	(1) စေချင်ပါ၏ 'I wish that…' and the honorific imperative -တော်မူပါလော့ (တနည်း 'alternatively'); (2) the two optative particles -စေသတည်း-စေသား rendered as 'may it … / so be it'; 'see X (3)(c)' left in the Burmese, rendered here
149492	vigacchatha	ဝိဂစ္ဆတိ- (၃) (ခ) ကြည့်။	Véase [[vigacchati]] (3) (b).	See [[vigacchati]] (3) (b).	only a 'see X' left in the Burmese, rendered here
149498	vigacchanasabhāva	(၁) ပျက်စီးခြင်းသို့ ရောက်ခြင်းသဘောရှိသော (တရား)။ (၂) ကင်းပျောက်ခြင်း သဘောရှိသော (တရား)။ (၁) ဝိဂစ္ဆန(၁) (၃) ကြည့်။	(1) (el estado) que tiene la naturaleza del llegar a la destrucción. (2) (el estado) que tiene la naturaleza del desaparecer. (1) Véase [[vigacchana]] (1) (3).	(1) (the state) having the nature of coming to destruction. (2) (the state) having the nature of disappearing. (1) See [[vigacchana]] (1) (3).	'see X (1) (3)' left in the Burmese, rendered here
149507	vigacchita	(၁) ကင်းပျောက်ပြီးသော။ (၂) ဝေးကွာသော။ «S1» (၂) အောက်ပုဒ်ကြည့်။	(1) desaparecido. (2) alejado. Véase también [[vigatasabhāva]]. (2) Véase la entrada siguiente.	(1) disappeared. (2) far removed. See also [[vigatasabhāva]]. (2) See the following headword.	'see the following headword' (အောက်ပုဒ်ကြည့်) left in the Burmese, rendered here
149516	vigata	(၁) (က) ကင်း-ကင်းပျောက်-ပြီးသော။ (ခ) ကင်း-အကြွင်းမဲ့ဖြတ်အပ်-ပြီးသော။ (ဂ) ကင်း-ပယ်အပ်ပြီး-သော။ (ဃ) ကင်း-ငြိမ်းအေး-သော။ (င) ကင်း-ကုန်ခန်း-သော။ (စ) ကင်း-ချုပ်-သော။ (၂) ပျက်စီးခြင်းသို့ရောက်-ပျက်စီး-သော။ (၃) ငြိမ်း-ပျောက်-သော။ (၄) ကွယ်ပျောက်သော။ (၅) လွန်-ပျောက်ကွယ်-သော။ (၆) (နေ) ဝင်-ပျောက်ကွယ်သွား-သော။ (၇) လျှောကျ-ပျက်စီး-သော။ (၈) သေ-ကွယ်လွန်-သော။ (၉) (မိုး) စဲ-မရွာ-တိတ်-သော။ (၁၀) (လေ) မလာ-မတိုက်ခတ်-သော။ (၁၁) ကင်း-ငြိမ်း-ရာ။ (၁၂) (ဝိညာဉ်) ချုပ်-သေ-ရာ။ (၁၃) ပဋ္ဌာန်းကျမ်းလာ ဝိဂတပစ္စည်း။ (န) (၁၄) ကင်းခြင်း။ (ပု) (၁၅) ဝိဂတသဒ္ဒါ။ «S1» «S2» ဝိဂစ္ဆတိ (၅) နှင့်ယှဉ်ကြည့်။ «S3» (န) (၁၄)  «S4» (ပု) (၁၅)  «S5»	(1) (a) apartado / desaparecido. (b) apartado / cortado sin residuo. (c) apartado / abandonado. (d) apartado / extinguido. (e) apartado / agotado. (f) apartado / cesado. (2) que ha llegado a la destrucción / destruido. (3) calmado / desaparecido. (4) desvanecido. (5) pasado / desvanecido. (6) (el sol) puesto / desvanecido. (7) caído / arruinado. (8) muerto / fallecido. (9) (la lluvia) cesado / que no llueve / calmado. (10) (el viento) que no viene / que no sopla. (11) aquello en que se aparta / se extingue. (12) aquello en que (la *viññāṇa*) cesa / muere. (13) el *vigatapaccaya* que aparece en el tratado *paṭṭhāna*. (neutro) (14) el apartarse. (masculino) (15) la palabra *vigata*. Véase [[vigatakathaṁkatha]]. Véase [[vigatadaratha]]. Compárese con *vigacchati* (5). Véase [[vigatakāla]]. (neutro) (14) Véanse [[vigatanimitta]], [[vigatapariyāya]] (1). (masculino) (15) Véase [[vigatapariyāya]] (2).	(1) (a) departed / disappeared. (b) departed / cut off without remainder. (c) departed / abandoned. (d) departed / extinguished. (e) departed / used up. (f) departed / ceased. (2) come to destruction / destroyed. (3) subsided / disappeared. (4) vanished. (5) passed / vanished. (6) (the sun) set / vanished. (7) fallen / ruined. (8) dead / deceased. (9) (the rain) stopped / not raining / calm. (10) (the wind) not coming / not blowing. (11) that in which there is departing / extinguishing. (12) that in which (the *viññāṇa*) ceases / dies. (13) the *vigatapaccaya* found in the *paṭṭhāna* treatise. (neuter) (14) departing. (masculine) (15) the word *vigata*. See [[vigatakathaṁkatha]]. See [[vigatadaratha]]. Compare *vigacchati* (5). See [[vigatakāla]]. (neuter) (14) See [[vigatanimitta]], [[vigatapariyāya]] (1). (masculine) (15) See [[vigatapariyāya]] (2).	'compare X (5)' (နှင့်ယှဉ်ကြည့်) left in the Burmese, rendered here
149525	vigatakāl̤aka	(၁) (က) ကင်းသော-အမည်း-အနက်-ရှိသော၊ မည်းနက်သော-ဆံပင်အမှုိက်-အညစ်အကြေး-ကင်း-မရှိ-သော(ခဲဘွယ်ဘောဇဉ်)။ (ခ) ကင်းသော-အမည်း-အနက်-ရှိသော၊ မည်းနက်သော-အစွန်းအထင်း-အကွက်-အညစ်အကြေး-ကင်း-မရှိ-သော (အဝတ်အထည်)။ (၂) ကင်းသော မည်းညစ်သည့်တရား (အကုသိုလ်) ရှိသော၊ မည်းညစ်သည့်တရား (အကုသိုလ်)-ကင်း-မရှိ-သော (အခါ)။	(1) (a) que tiene ausente lo negro / oscuro; libre de / sin pelos, basura / suciedad negros (el alimento). (b) que tiene ausente lo negro / oscuro; libre de / sin manchas / lunares / suciedad negros (la ropa). (2) que tiene ausentes los estados oscuros (lo insano); libre de / sin los estados oscuros (lo insano) (el tiempo).	(1) (a) having the black / dark gone; free of / without black hairs, bits / dirt (food). (b) having the black / dark gone; free of / without black stains / spots / dirt (cloth). (2) having the dark states (the unwholesome) gone; free of / without the dark states (the unwholesome) (a time).	the long hyphen chains mix alternatives with the phrase (ကင်း-မရှိ 'free of / without'); ဆံပင်အမှုိက် read as 'hairs, bits'
149536	vigatakhāṇukaṇṭaka	ကင်းသော သစ်ငုတ်,ခလုတ်,ဆူး,ငြောင်းရှိသော၊ သစ်ငုတ်,ခလုတ်,ဆူး,ငြောင့်-ကင်း-မရှိ-သော။	que tiene ausentes tocones, obstáculos, espinas, raigones; libre de / sin tocones, obstáculos, espinas, raigones.	having stumps, stumbling-blocks, thorns, snags gone; free of / without stumps, stumbling-blocks, thorns, snags.	ငြောင်း / ငြောင့် spelled two ways in the article
149540	vigatacāpalla	(သပိတ်ကို တန်ဆာဆင်ခြင်း စသည့်) လျှပ်ပော်-လော်လည်-ခြင်း (မှု)-ကင်း-မရှိ-သော။	libre de / sin la frivolidad / veleidad (de conducta) (como el adornar el cuenco de limosnas y demás).	free of / without frivolity / fickleness (of conduct) (such as decorating the alms bowl and so on).	လျှပ်ပော် read as လျှပ်ပေါ်; no label
149550	vigatataṇha	ကင်းတဏှာရှိသော၊ တဏှာ-ကင်း-မရှိ-သော။ «S1»	que tiene ausente la *taṇhā*; libre de / sin *taṇhā*. Véase [[vigataparil̤āha]].	having *taṇhā* gone; free of / without *taṇhā*. See [[vigataparil̤āha]].	ကင်းတဏှာ read as ကင်းသော တဏှာ
149554	vigatatudana	ကင်းသော-နှုတ်လှံထိုး-တုန်လှုပ်-ခြင်းရှိသော။ နှုတ်လှံထိုး-တုန်လှုပ်-ခြင်း-ကင်း-မရှိ-သော။	que tiene ausentes el herir con palabras / el estremecer. Libre de / sin el herir con palabras / el estremecer.	having the wounding with words / the shaking gone. Free of / without the wounding with words / the shaking.	နှုတ်လှံထိုး ('stabbing with the spear of the mouth') read as wounding with words
149564	vigatadosa	ကင်းသော အပြစ်ဒေါသရှိသော၊ အပြစ်ဒေါသ-ကင်း-မရှိ-သော--(က) သဘာဝနိရုတ္တိ မဟုတ်သော ဘာသာတစ်ပါးနှင့် မရောနှောသော။ (ခ) ဆီးနှင်းစသော အပြစ်ဒေါသမရှိသော။ (ဂ) အစ,အလယ်,အဆုံးသုံးပါးလုံးကောင်းသော။ (ဃ) အနက်,သဒ္ဒါတို့နှင့် ပြည့်စုံသော၊ အနက်,သဒ္ဒါချွတ်ယွင်းခြင်း မရှိသော။	que tiene ausente el defecto; libre de / sin defecto: (a) que no se mezcla con otra lengua que no sea la *sabhāvanirutti*. (b) sin defectos como la escarcha y demás. (c) bueno en las tres partes, al comienzo, en el medio y al final. (d) dotado de significado, palabra; sin defecto de significado, palabra.	having fault gone; free of / without fault: (a) not mixed with another language that is not the *sabhāvanirutti*. (b) without faults such as frost and so on. (c) good in all three, the beginning, the middle and the end. (d) endowed with meaning, wording; without defect of meaning, wording.	အပြစ်ဒေါသ read as one word, 'fault' (dosa as defect), not the defilement; senses (a)–(d) introduced by --
149565	vigatadosamala	ကင်းသော အပြစ်တည်းဟူသော အညစ်အကြေးရှိသော၊ အပြစ်တည်းဟူသော အညစ်အကြေးရှိသော၊ အပြစ်တည်းဟူသော အညစ်အကြေး-ကင်း-မရှိ-သော။	que tiene ausente la suciedad que es el defecto; que tiene la suciedad que es el defecto; libre de / sin la suciedad que es el defecto.	having the stain that is fault gone; having the stain that is fault; free of / without the stain that is fault.	the second gloss repeats the first without ကင်းသော (probably a misprint); rendered as printed
149576	vigatanta	(၁) (က) (ကာမဝိတက်စသည်၏) ကင်းသော-အပိုင်းအခြား-အစွန်အမြိတ်-အစအန-ရှိသော၊ အပိုင်းအခြား-အစွန်းအမြိတ်-အစအန-ဘင်မျှအကြွင်းအကျန်-မရှိသော။ (ခ) (ကာမဝိတက်စသည်၏) ကင်းသော-အပိုင်းအခြား-အစွန်းအမြိတ်-အစအန-ရှိသော၊ အပိုင်းအခြား-အစွန်းအမြိတ်-အစအန-အကြွင်းအကျန်-မရှိသော။ ဆုတ်နစ်စေ-ထက်ဝန်းကျင်မှ ပယ်ဖြတ်-အပ်သော။ (ဂ) (အာသဝဋ္ဌာနီယတရားတို့မှ) ကင်းသော-အပိုင်းအခြား-အစွန်းအမြိတ်-အစအန-ရှိသော၊ အပိုင်းအခြား-အစွန်းအမြိတ်-အစအန-ဘင်မျှအကြွင်းအကျန်-မရှိသော၊ ထွက်မြောက်-မယှဉ်-သော။ (၂) (ကြွေးမြီ၏) ကင်းသော-အပိုင်းအခြား-အစွန်းအမြိတ်-အစအန-အကြွင်းအကျန်-မရှိသော လုံးဝ-ဆောင်နှင်း-ပေးဆပ်-ပြီးသော။ (၃) ကင်းသော-အယုတ်တဏှာ-တဏှာယုတ်-ရှိသော၊ တဏှာမရှိသော။ (၄) (သရက်သီးမှည့်၏) ကင်းသော-အပိုင်းအခြား-အစွန်းအမြိတ်-အစအန-ရှိသော၊ ကုန်ပြီးသော သရက်သီးမှည့်ရှိသော။	(1) (a) que tiene ausentes el límite / el borde / el vestigio (del *kāmavitakka* y demás); que no tiene límite / borde / vestigio / ni siquiera un residuo. (b) que tiene ausentes el límite / el borde / el vestigio (del *kāmavitakka* y demás); que no tiene límite / borde / vestigio / residuo. Hecho retroceder / cortado por todos lados. (c) que tiene ausentes el límite / el borde / el vestigio (de los estados *āsavaṭṭhānīya*); que no tiene límite / borde / vestigio / ni siquiera un residuo; salido / no asociado. (2) (de la deuda) sin límite / borde / vestigio / residuo; enteramente / entregada / pagada. (3) que tiene ausente la *taṇhā* vil / baja; que no tiene *taṇhā*. (4) (del mango maduro) que tiene ausentes el límite / el borde / el vestigio; que tiene los mangos maduros ya acabados.	(1) (a) having the boundary / fringe / trace (of *kāmavitakka* and so on) gone; without boundary / fringe / trace / even a remnant. (b) having the boundary / fringe / trace (of *kāmavitakka* and so on) gone; without boundary / fringe / trace / remnant. Made to recede / cut off all round. (c) having the boundary / fringe / trace (of the *āsavaṭṭhānīya* states) gone; without boundary / fringe / trace / even a remnant; escaped / not associated. (2) (of a debt) without boundary / fringe / trace / remnant; wholly / handed over / paid off. (3) having base / low *taṇhā* gone; without *taṇhā*. (4) (of ripe mangoes) having the boundary / fringe / trace gone; having the ripe mangoes finished.	ဘင်မျှ unclear, read as ပင်မျှ 'even (a remnant)'; အစွန်အမြိတ် read as အစွန်းအမြိတ်; in (2) the hyphens mix ကင်းသော and မရှိသော in one chain
149589	vigatapañña	ကင်းသောဉာဏ်ပညာရှိသော တရား၊ ဉာဏ်ပညာ-ကင်း-မရှိ-သော တရား (ဝိစိကိစ္ဆာ-စေတသိက်)။	estado que tiene ausentes el conocimiento y la *paññā*; estado libre de / sin conocimiento y *paññā* (el *cetasika* *vicikicchā*).	a state having knowledge and *paññā* gone; a state free of / without knowledge and *paññā* (the *vicikicchā* *cetasika*).	ဝိစိကိစ္ဆာ-စေတသိက်: the hyphen joins, not alternatives
149593	vigatapariyāya	(၁) ကင်းခြင်းဟူသော-ပရိယာယ်-အကြောင်း။ (၂) ဝိဂတသဒ္ဒါ၏ ပရိယာယ်၊ ဝိဂတ-ပရိယာယ်-ဝေဝုစ်။	(1) el *pariyāya* / la razón que es el apartarse. (2) el *pariyāya* de la palabra *vigata*; el *pariyāya* / sinónimo de *vigata*.	(1) the *pariyāya* / reason that is departing. (2) the *pariyāya* of the word *vigata*; the *pariyāya* / synonym of *vigata*.	ဝိဂတ-ပရိယာယ်-ဝေဝုစ်: the first hyphen joins ('of vigata'), the second marks alternatives
149597	vigatapipāsa	ကင်းသော မွတ်သိပ်ခြင်းရှိသော၊ ဝိဂတပရိဠာဟ-ကြည့်။	que tiene ausente la sed; véase *vigataparil̤āha*.	having thirst gone; see *vigataparil̤āha*.	'see X' left in the Burmese, rendered here
149598	vigatapilohita	ကင်းသော-အဝတ်-ပုဆိုး-ဟောင်း-ရှိသော။ အဝတ်-ပုဆိုး-ဟောင်း-မှ ကင်းသော၊ သူ။ အောက်ပုဒ်ကြည့်။	que tiene ausentes la ropa / el paño viejos; libre de ropa / paño viejos (dicho de una persona). Véase la entrada siguiente.	having clothing / cloth that is old gone; free of old clothing / cloth (said of a person). See the following headword.	'see the following headword' (အောက်ပုဒ်ကြည့်) left in the Burmese, rendered here; ပုဆိုး is a man's lower garment
149609	vigatabhava	ကင်းသော ပွါးစီးခြင်းရှိသော။	que tiene ausente el acrecentarse.	having increase gone.	ပွါးစီးခြင်း ('increase, flourishing') for bhava as printed
149623	vigatamariyādakata	ကင်းသော အပိုင်းအခြားရှိ-သည်ကို-အောင်-ပြု-ပြုကျင့်-အပ်သော။	hecho / practicado de modo que tenga ausente el límite.	made / practised so as to have the boundary gone.	the hyphens chain the phrase (-သည်ကို-အောင်-ပြု-ပြုကျင့်-); ပြု / ပြုကျင့် read as alternatives
149626	vigatamāna	(က) ကင်းသော အတိုင်းအရှည်ရှိသော၊ အတိုင်းအရှည်-ကင်း-မရှိ-သော။ မနှုိင်းယှဉ်အပ်သော။ (၂) ကင်းသော မာန်ရှိသော၊ မာန်-ကင်း-မရှိ-သော။	(a) que tiene ausente la medida; libre de / sin medida. Que no se ha de comparar. (2) que tiene ausente el *māna*; libre de / sin *māna*.	(a) having measure gone; free of / without measure. Not to be compared. (2) having *māna* gone; free of / without *māna*.	sense markers mixed as printed: (က) then (၂)
149634	vigatamohaputta	မောဟကင်းသော ဘုရားရှင်၏သားတော်။	el hijo del Buddha, libre de *moha*.	the son of the Buddha, free of *moha*.	the Burmese is ambiguous whether the Buddha or the son is 'free of moha'; read as the Buddha
149638	vigatarāga	ကင်းသော ရာဂရှိသော၊ ရာဂ-ကင်း-မရှိ-သော။ ဝိဂတစ္ဆ(ဆ)န္ဒ-ကြည့်။	que tiene ausente el *rāga*; libre de / sin *rāga*. Véase [[vigataccha(cha)nda]].	having *rāga* gone; free of / without *rāga*. See [[vigataccha(cha)nda]].	'see X' left in the Burmese, rendered here; the X is printed with a bracketed variant letter, copied as printed
149642	vigatalobhagiddha	အောက်ပုဒ်ကြည့်။	Véase la entrada siguiente.	See the following headword.	only 'see the following headword' in the Burmese, rendered here
149644	vigatalobhavantu	ကင်းသော လောဘရှိသော။	que tiene ausente el *lobha*.	having *lobha* gone.	headword ending -vantu as printed
149647	vigatavaya	ကင်းသောအရွယ်ရှိသော၊ အရွယ်လွန်သော။	que tiene ausente la edad; pasado de edad.	having age gone; past one's age.	အရွယ် may mean the prime of life
149651	vigatavāta	ကင်းသော အသံရှိသော။	que tiene ausente el sonido.	having sound gone.	the gloss has အသံ 'sound' for vāta ('wind'); rendered as printed
149653	vigatavikkhepa	ကင်းပျံ့လွင့်ခြင်းရှိသော၊ ပျံ့လွင့်ခြင်း-ကင်း-မရှိ-သော။	que tiene ausente la dispersión; libre de / sin dispersión.	having distraction gone; free of / without distraction.	ကင်းပျံ့လွင့်ခြင်း read as ကင်းသော ပျံ့လွင့်ခြင်း
149658	vigatavisukāyika	ကင်းသော-ဆန့်ကျင်ဘက်-ငြောင့်-တံသင်း-ရှိသော။	que tiene ausentes lo opuesto / el raigón / la astilla.	having the opposing / the snag / the splinter gone.	ငြောင့်-တံသင်း for visūka ('contortion') as printed
149663	vigatasaññabhāva	ကင်း-ပြေ-သော တွေဝေ မိန်းမောခြင်း-ရှိသော၊ တွေဝေ မိန်းမောခြင်း-ပြေ-ကင်း-မရှိ-သော။	que tiene el aturdimiento y desvanecimiento ausente / disipado; con el aturdimiento y desvanecimiento disipado / libre de / sin él.	having bewilderment and fainting gone / worn off; with bewilderment and fainting worn off / free of / without it.	chain -ပြေ-ကင်း-မရှိ- read as three alternatives
149666	vigatasadda	(၁) ကင်းသော အသံရှိသော၊ ဝိဂတဝါတ-ကြည့်။ (ပု) (၂) ဝိဂတ-သဒ္ဒါ။	(1) que tiene ausente el sonido; véase *vigatavāta*. (masculino) (2) la palabra *vigata*.	(1) having sound gone; see *vigatavāta*. (masculine) (2) the word *vigata*.	'see X' left in the Burmese, rendered here
149668	vigatasantāpa	ကင်းသော-ပူပန်-ပူလောင်-ခြင်းရှိသော။ ဝိဂတဓူမ (၁) (ခ)-ကြည့်။	que tiene ausentes la aflicción / el ardor. Véase [[vigatadhūma]] (1) (b).	having distress / burning gone. See [[vigatadhūma]] (1) (b).	'see X (1)(b)' left in the Burmese, rendered here
149697	vigatupakkilesa	(၁) ကင်းပြီးသော--(က) ကင်းပြီးသော-ပူပန်စေ-နှိပ်စက်-တတ်သည့် ရာဂ,ဒေါသရှိသော (ရူပစိတ်)။ (ခ) ကင်းပြီးသော-ပူပန်စေ-နှိပ်စက်-တတ်သည့် အဘိဇ္ဈာ,မာနစသည်ရှိသော (ရူပစိတ်)။ (ဂ) ကင်းပြီးသော-ပူပန်စေ-နှိပ်စက်-တတ်သည့် ကိလေသာရှိသော (ဘုရား)။ (ဃ) ကင်းပြီးသော-ပူပန်စေ-နှိပ်စက်-တတ်သည့် နီဝရဏစသည်ရှိသော (ဥပေက္ခာ)။ (၂) ကင်းသော-ညစ်ညူး-ညစ်နွမ်း-ကြောင်း တိမ်,ဆီးနှင်းစသည် ရှိသော (လ,နေ၊ လရောင်,နေရောင်)။	(1) ya ausente: (a) que tiene ya ausentes *rāga* y *dosa*, que suelen atormentar / oprimir (mente *rūpa*). (b) que tiene ya ausentes *abhijjhā*, *māna* y demás, que suelen atormentar / oprimir (mente *rūpa*). (c) que tiene ya ausentes los *kilesa*, que suelen atormentar / oprimir (el Buddha). (d) que tiene ya ausentes *nīvaraṇa* y demás, que suelen atormentar / oprimir (*upekkhā*). (2) que tiene ausentes las nubes, la nieve y demás, causas de ensuciamiento / deslustre (la luna, el sol; la luz de la luna, la luz del sol).	(1) already gone: (a) having *rāga* and *dosa*, which are apt to torment / oppress, already gone (*rūpa* mind). (b) having *abhijjhā*, *māna* and so on, which are apt to torment / oppress, already gone (*rūpa* mind). (c) having the *kilesa*, which are apt to torment / oppress, already gone (the Buddha). (d) having *nīvaraṇa* and so on, which are apt to torment / oppress, already gone (*upekkhā*). (2) having clouds, snow and so on, the causes of soiling / tarnishing, gone (the moon, the sun; moonlight, sunlight).	label missing
149698	vigatūpakkilesa	(၁) ကင်းပြီးသော--(က) ကင်းပြီးသော-ပူပန်စေ-နှိပ်စက်-တတ်သည့် ရာဂ,ဒေါသရှိသော (ရူပစိတ်)။ (ခ) ကင်းပြီးသော-ပူပန်စေ-နှိပ်စက်-တတ်သည့် အဘိဇ္ဈာ,မာနစသည်ရှိသော (ရူပစိတ်)။ (ဂ) ကင်းပြီးသော-ပူပန်စေ-နှိပ်စက်-တတ်သည့် ကိလေသာရှိသော (ဘုရား)။ (ဃ) ကင်းပြီးသော-ပူပန်စေ-နှိပ်စက်-တတ်သည့် နီဝရဏစသည်ရှိသော (ဥပေက္ခာ)။ (၂) ကင်းသော-ညစ်ညူး-ညစ်နွမ်း-ကြောင်း တိမ်,ဆီးနှင်းစသည် ရှိသော (လ,နေ၊ လရောင်,နေရောင်)။	(1) ya ausente: (a) que tiene ya ausentes *rāga* y *dosa*, que suelen atormentar / oprimir (mente *rūpa*). (b) que tiene ya ausentes *abhijjhā*, *māna* y demás, que suelen atormentar / oprimir (mente *rūpa*). (c) que tiene ya ausentes los *kilesa*, que suelen atormentar / oprimir (el Buddha). (d) que tiene ya ausentes *nīvaraṇa* y demás, que suelen atormentar / oprimir (*upekkhā*). (2) que tiene ausentes las nubes, la nieve y demás, causas de ensuciamiento / deslustre (la luna, el sol; la luz de la luna, la luz del sol).	(1) already gone: (a) having *rāga* and *dosa*, which are apt to torment / oppress, already gone (*rūpa* mind). (b) having *abhijjhā*, *māna* and so on, which are apt to torment / oppress, already gone (*rūpa* mind). (c) having the *kilesa*, which are apt to torment / oppress, already gone (the Buddha). (d) having *nīvaraṇa* and so on, which are apt to torment / oppress, already gone (*upekkhā*). (2) having clouds, snow and so on, the causes of soiling / tarnishing, gone (the moon, the sun; moonlight, sunlight).	label missing
149702	vigatusma	ကင်းသော-အပူငွေ့-ကိုယ်ငွေ့-ရှိသာ၊ အပူငွေ့-ကိုယ်ငွေ့-ကင်း-မရှိ-သော။	que tiene ausente el calor / el calor corporal; libre de / sin calor / calor corporal.	having heat / bodily warmth gone; free of / without heat / bodily warmth.	ရှိသာ read as ရှိသော (misprint)
149705	vigatūpadhi	ကင်းသော (ဒုက္ခမ၏တည်ရာ) ဥပဓိရှိသော၊ ဥပဓိ-ကင်း-မရှိ-သော။	que tiene ausente *upadhi* (base del *dukkha*); libre de / sin *upadhi*.	having *upadhi* (the basis of *dukkha*) gone; free of / without *upadhi*.	ဒုက္ခမ၏ read as ဒုက္ခ၏ (misprint?)
149710	vigamāvattabbatā	(အဝတ်အဖြစ်၏) ကင်းပျောက်-ကုန်ခန်း ပျက်စီး-ခြင်း၏ မဆို-အပ်-သင့်-သည်၏အဖြစ်။	(del ser prenda de vestir) el hecho de no deber / no convenir decirse el desaparecer / agotarse / perecer.	(of the being a garment) the state of not being to be / not being fit to be said as disappearing / being exhausted / perishing.	construction obscure; ကုန်ခန်း ပျက်စီး (space, no hyphen) taken as alternatives
149713	vigamissanti	ဝိဂစ္ဆတိ (၃) (က) အနက်ကြည့်။	Véase [[vigacchati]] (3) (a).	See [[vigacchati]] (3) (a).	see-reference left in Burmese (sense 3a of vigacchati)
149716	vigameti	ကင်းစေ၏။	hace estar ausente.	causes to be absent.	label ကာ၊ကြိ (causative verb)
149718	vigamessaṁ	ဝိဂစ္ဆတိ (၁) အနက်ကြည့်။	Véase [[vigacchati]] (1).	See [[vigacchati]] (1).	see-reference left in Burmese (sense 1 of vigacchati); headword -ssaṁ may be 1st person future
149719	vigayha	ဝိဂ္ဂယှ (၂) အနက်ကြည့်။	Véase [[viggayha]] (2).	See [[viggayha]] (2).	see-reference left in Burmese (sense 2 of viggayha)
149730	vigarahitabba	အထူးထူး အပြားပြား-များစွာ-ကဲ့ရဲ့-အပ်-သင့်-ထိုက်-သည်၏အဖြစ်။	el hecho de deber / convenir / merecer ser censurado de diversas maneras / mucho.	the state of being to be / ought to be / deserving to be censured in various ways / much.	label တိ but the definition is an abstract noun (-သည်၏အဖြစ်)
149739	vigāhaya	သက်ဝင်လေလော။	adéntrate.	enter into (it).	…လော under a headword in -aya read as the imperative လော့ (misprint); could be a question
149740	vigāhita	ပျံသွားသော။ အောက်ပုဒ်ကြည့်။	que se ha ido volando. Véase la entrada siguiente.	flown away. See the next entry.	'see the next entry' (အောက်ပုဒ်ကြည့်) left in the Burmese
149746	vāgāl̤ha	သက်ဝင်အပ်သော။	penetrado.	entered into.	headword romanisation vāgāl̤ha looks wrong (vigāḷha?)
149747	viguṇa	ကင်းသောဂုဏ်ရှိသော၊ ဂုဏ်-ကင်း-မရှိ-သော။ အောက်ပုဒ်ကြည့်။	que tiene ausente la cualidad; libre de / sin cualidad. Véase la entrada siguiente.	having quality gone; free of / without quality. See the next entry.	'see the next entry' (အောက်ပုဒ်ကြည့်) left in the Burmese
149749	vigetu	(က) တပ်ခြင်း ကင်းလော့။ (ခ) ရှောင်ကြဉ်လော့။	(a) que esté libre de apego. (b) que se abstenga.	(a) let him be free of attachment. (b) let him abstain.	imperative (-tu) rendered in the 3rd person
149750	viggaṇhati	(၁) (တီး,မှုတ်,ကခုန်သောအခါ စီးကိုက်,ဝါးကိုက် လက်,ခြေတို့ကို) အထူးထူးသော အခြင်းအရာတို့ဖြင့် ယူ၏။ (၂) မြဲမြံစွာ-ယူ-ကိုင်-၏။ (၃) ကိုင်တွယ်-သုံးသပ်-၏။ (၄) ဆန့်ကျင်ဘက်ယူ-ငြင်းခုံ-၏။ အောက်ပုဒ်ကြည့်။	(1) (al tocar, soplar o danzar, [toma] ‹စီးကိုက်›, ‹ဝါးကိုက်›, las manos y los pies) toma de diversas maneras. (2) toma / agarra con firmeza. (3) maneja / examina. (4) toma el lado contrario / disputa. Véase la entrada siguiente.	(1) (when playing, blowing or dancing, [takes] ‹စီးကိုက်›, ‹ဝါးကိုက်›, hands and feet) takes in various ways. (2) firmly takes / holds. (3) handles / examines. (4) takes the opposite side / disputes. See the next entry.	label missing; ‹စီးကိုက်›, ‹ဝါးကိုက်› unidentified instruments (clappers? ဝါးကိုက် perhaps bamboo clapper); 'see the next entry' left in the Burmese
149751	viggaṇhāti	(၁) (တီး,မှုတ်,ကခုန်သောအခါ စီးကိုက်,ဝါးကိုက် လက်,ခြေတို့ကို) အထူးထူးသော အခြင်းအရာတို့ဖြင့် ယူ၏။ (၂) မြဲမြံစွာ-ယူ-ကိုင်-၏။ (၃) ကိုင်တွယ်-သုံးသပ်-၏။ (၄) ဆန့်ကျင်ဘက်ယူ-ငြင်းခုံ-၏။ အောက်ပုဒ်ကြည့်။	(1) (al tocar, soplar o danzar, [toma] ‹စီးကိုက်›, ‹ဝါးကိုက်›, las manos y los pies) toma de diversas maneras. (2) toma / agarra con firmeza. (3) maneja / examina. (4) toma el lado contrario / disputa. Véase la entrada siguiente.	(1) (when playing, blowing or dancing, [takes] ‹စီးကိုက်›, ‹ဝါးကိုက်›, hands and feet) takes in various ways. (2) firmly takes / holds. (3) handles / examines. (4) takes the opposite side / disputes. See the next entry.	label missing; ‹စီးကိုက်›, ‹ဝါးကိုက်› unidentified instruments (clappers? ဝါးကိုက် perhaps bamboo clapper); 'see the next entry' left in the Burmese
149752	viggayha	(၁) (တီး,မှုတ်,ကခုန်သောအခါ စီးကိုက်,လက်,ခြေတို့ကို) အထူးထူးသော အခြင်းအရာတို့ဖြင့် ယူ၍။ (၂) မြဲမြံစွာ-ယူ-ကိုင်-၍။ (၃) ကိုင်တွယ်-သုံးသပ်-၍။	(1) (al tocar, soplar o danzar, [tomando] ‹စီးကိုက်›, las manos y los pies) habiendo tomado de diversas maneras. (2) habiendo tomado / agarrado con firmeza. (3) habiendo manejado / examinado.	(1) (when playing, blowing or dancing, [taking] ‹စီးကိုက်›, hands and feet) having taken in various ways. (2) having firmly taken / held. (3) having handled / examined.	‹စီးကိုက်› unidentified instrument (clapper?)
149753	viggayhassati	ဆန့်ကျင်ဘက်အားဖြင့် ယူအပ်-ချွတ်ယွင်း-လွဲမှား-လွဲချော်-လတ္တံ့-လိမ့်မည်။	será tomado en sentido contrario / fallará / errará / se desviará.	will be taken contrariwise / will go wrong / will err / will miss.	label ကမ္မ၊ကြိ (passive verb); future marker printed twice (လတ္တံ့-လိမ့်မည်)
149754	viggaha	(၁) ဆန့်ကျင်ဘက်အယူကို ယူ-ငြင်းခုံ-ဆန့်ကျင်-ခိုက်ရန်ဖြစ်-ခြင်း၊ ဆန့်ကျင်ဘက်အားဖြင့်-ဖောက်ပြန်စွာ-ယူခြင်း။ (၂) ခန္ဓာကိုယ်။ (၃) ဖောက်ပြန်စွာယူကြောင်း ဖြစ်သော (စကား)။ (၄) (ပုဒ်,ဓာတ်,ပစ္စည်းတို့ဖြင့် ခွဲခြမ်း၍ သဒ္ဒါ၏) အနက်ကို အထူးအားဖြင့် ယူကြောင်းဖြစ်သော-ပုဒ်-ဝါကျ၊ ဝိဂြိုဟ်၊ ဝစနတ္ထ။ (၅) ရုပ်ပုံ၊ ရုပ်တု၊ ဆင်းတု။ (၆) အသွင်အပြင်။ (၇) အထူးအားဖြင့် ယူအပ်သော (ယောက်ကျား)။	(1) el tomar la opinión contraria / el disputar / el oponerse / el reñir; el tomar en sentido contrario / de forma pervertida. (2) el cuerpo. (3) (palabras) que son causa de tomar de forma pervertida. (4) (dividiendo en palabra, raíz y sufijo) la palabra / frase que es causa de tomar de modo especial el significado (de la palabra); *viggaha*; *vacanattha*. (5) imagen; estatua; efigie. (6) apariencia. (7) (hombre) tomado de modo especial.	(1) taking the contrary view / disputing / opposing / quarrelling; taking contrariwise / perversely. (2) the body. (3) (speech) that is a cause of taking perversely. (4) (dividing into word, root and suffix) the word / sentence that is a cause of taking the meaning (of the word) specially; *viggaha*; *vacanattha*. (5) image; statue; effigy. (6) appearance. (7) (a man) specially taken.	(7) obscure
149763	viggāha	ဆန့်ကျင်ဘက်ကို ယူခြင်း၊ ခိုက်ရန်ဖြစ်ခြင်း။ အောက်ပုဒ်ကြည့်။	el tomar el lado contrario; el reñir. Véase la entrada siguiente.	taking the opposite side; quarrelling. See the next entry.	'see the next entry' (အောက်ပုဒ်ကြည့်) left in the Burmese
149765	viggāhika	ဆန့်ကျင်ဘက်အယူကိုယူ-ငြင်းခုံ-ဆန့်ကျင်-ခိုက်ရန်ဖြစ်-ခြင်းကို ဖြစ်စေတတ်သော။ (၂) ဆန့်ကျင်ခြင်း-ဆန့်ကျင်ဘက်-ကိုယူကြောင်းဖြစ်သော။ (၃) ဆန့်ကျင်ခြင်း-ဆန့်ကျင်ဘက်-ကို ယူခြင်းရှိသော။ (၄) ဝိဂ္ဂါဟိကကထာသုတ်။ (၂) (၃) ဝိဂ္ဂါဟိကကထာ (၂) (၃) ကြည့်။	que suele producir el tomar la opinión contraria / el disputar / el oponerse / el reñir. (2) que es causa del tomar la oposición / el lado contrario. (3) que tiene el tomar la oposición / el lado contrario. (4) el *sutta* *viggāhikakathā*. (2) (3) Véase [[viggāhikakathā]] (2) (3).	apt to produce taking the contrary view / disputing / opposing / quarrelling. (2) that is a cause of taking opposition / the opposite side. (3) having the taking of opposition / the opposite side. (4) the *viggāhikakathā* *sutta*. (2) (3) See [[viggāhikakathā]] (2) (3).	sense marker (1) missing in print; see-reference left in the Burmese
149766	viggāhikakathā	(၁) ဆန့်ကျင်ဘက် အယူကိုယူ-ငြင်းခုံ-ဆန့်ကျင်-ခိုက်ရန်ဖြစ်-ချုပ်ချယ်-ခြင်းကို ဖြစ်စေတတ်သော စကား။ (၂) ဆန့်ကျင်ခြင်း-ဆန့်ကျင်ဘက်-ကို ယူခြင်းရှိသော ပုဂ္ဂိုလ်တို့၏ စကား။ (၃) ဆန့်ကျင်ခြင်း-ဆန့်ကျင်ဘက်-ကို ယူကြောင်းဖြစ်သော စကား။	(1) discurso que suele producir el tomar la opinión contraria / el disputar / el oponerse / el reñir / el coartar. (2) discurso de personas que tienen el tomar la oposición / el lado contrario. (3) discurso que es causa de tomar la oposición / el lado contrario.	(1) talk apt to produce taking the contrary view / disputing / opposing / quarrelling / restraining. (2) the talk of persons who have the taking of opposition / the opposite side. (3) talk that is a cause of taking opposition / the opposite side.	label missing
149772	vighāṭeti	ညှဉ်းဆဲ-နှိပ်စက်-ဖျက်ဆီး-၏။ အောက်ပုဒ်ကြည့်။	atormenta / oprime / destruye. Véase la entrada siguiente.	torments / oppresses / destroys. See the next entry.	'see the next entry' (အောက်ပုဒ်ကြည့်) left in the Burmese
149774	vighāta	(၁) ကိုယ်-စိတ်-ဆင်းရဲ-ပင်ပန်း-ခြင်း။ (၂) (ကိုယ်-စိတ်)ဆင်းရဲ-ပင်ပန်း-သော။ (၃) ဆင်းရဲကင်းခြင်း။ (၄) ညှဉ်းဆဲ-နှိပ်စက်-ဖျက်ဆီး-ပယ်ဖျောက်-ခြင်း။ (၂) ဝိဃာတ (၂)-နှင့် ဝိဃာတဂဗ္ဘ-ကြည့်။	(1) el sufrimiento / la fatiga del cuerpo / de la mente. (2) que sufre / se fatiga (en el cuerpo / la mente). (3) el estar libre de sufrimiento. (4) el atormentar / el oprimir / el destruir / el eliminar. (2) Véase [[vighāta]] (2) y *vighātagabbha*.	(1) suffering / weariness of body / of mind. (2) suffering / wearied (in body / mind). (3) being free of suffering. (4) tormenting / oppressing / destroying / removing. (2) See [[vighāta]] (2) and *vighātagabbha*.	label missing; sense (2) printed twice, the second a see-reference left in the Burmese
149779	vighātagabbha	ပင်ပန်းသော ကိုယ်ဝန်ရှိသော (မိန်းမ)။	(mujer) que tiene un embarazo fatigoso.	(a woman) having a wearisome pregnancy.	label missing
149784	vighātaparil̤āha	(၁) ပင်ပန်းခြင်းကြောင့်ဖြစ်သော-ပူပန်-ပူလောင်ခြင်း၊ ပင်ပန်း-ဆင်းရဲ-ခြင်းကို-ပြု-ဖြစ်စေ-တတ်သော-ပူပန်-ပူလောင်-ခြင်း။ (၂) ဆင်းရဲခြင်း,ပူပန်ခြင်း။	(1) la angustia / el ardor que surge a causa de la fatiga; la angustia / el ardor que suele hacer / producir fatiga / sufrimiento. (2) sufrimiento, angustia.	(1) the distress / burning that arises because of weariness; the distress / burning apt to make / produce weariness / suffering. (2) suffering, distress.	label missing
149794	vighātāpatti	(၁) ဆင်းရဲ-ပင်ပန်း-ခြင်းသို့ရောက်ခြင်းရှိသော။ (ထီ) (၂) ဆင်းရဲ-ပင်ပန်း-ခြင်းသို့ရောက်ခြင်း။ (၂)  «S1»	(1) que tiene el llegar al sufrimiento / a la fatiga. (femenino) (2) el llegar al sufrimiento / a la fatiga. (2) Véase [[vighātappatti]].	(1) having the coming to suffering / weariness. (feminine) (2) coming to suffering / weariness. (2) See [[vighātappatti]].	sense (2) printed twice
149798	vighāsa	စာကြွင်း၊ စားကျန် (-စားဖတ်၊ ဝါးဖတ်၊ အရိုး၊ လုပ်ဆေးရေ၊ ဒန်ပူ စသည်)။	restos de comida; sobras (residuos de lo comido; residuos de lo masticado; huesos; agua de enjuagarse la boca; palillos de dientes y demás).	leftovers of food; remains (residue of what was eaten; residue of what was chewed; bones; mouth-rinsing water; tooth-sticks and so on).	stray hyphen before စားဖတ် in the print
149802	vighāsavatthu	စားကြွင်းဝတ္ထု၊ စားကြွင်း၏ အကြောင်းအရာ။	relato de los restos de comida; el asunto de los restos de comida.	story of the leftovers; the matter of the leftovers.	ဝတ္ထု taken as 'story / case' (Vinaya origin story)
149804	vighāsasikkhāpada	ဝိဃာသ သိက္ခာပုဒ်၊ စားကြွင်းကို နံရံ၏ တစ်ဖက် စသည်၌ မဆင်မခြင် စွန့်ပစ်ခြင်းကြောင့် ပညတ်အပ်သော (ဘုက္ခုနီဝိဘင်းလသုဏဝဂ်၊ အဋ္ဌမနှင့် နဝမ) သိက္ခာပုဒ်။	el *sikkhāpada* *vighāsa*; el *sikkhāpada* promulgado a causa de arrojar sin miramiento restos de comida al otro lado del muro y demás (*bhikkhunīvibhaṅga*, *lasuṇavagga*, el octavo y el noveno).	the *vighāsa* *sikkhāpada*; the *sikkhāpada* laid down because of carelessly throwing leftovers over the other side of a wall and so on (*bhikkhunīvibhaṅga*, *lasuṇavagga*, the eighth and ninth).	ဘုက္ခုနီဝိဘင်း read as ဘိက္ခုနီဝိဘင်း (misprint)
149810	vicakka	(၁) ဘီးမရှိ-ဘီးအပါ-သော (လှည်း)။ (ထီ၊န) အထူးသဖြင့်-ကျယ်ပြန့်သော မိုးကြိုး စက်ဝန်း။ «S1»	(1) (carro) sin ruedas / que carece de ruedas. (femenino, neutro) disco del rayo, especial / amplio. Véase también [[vicakkasaṇṭhāna]].	(1) (a cart) without wheels / lacking wheels. (feminine, neuter) a thunderbolt-disc, special / broad. See also [[vicakkasaṇṭhāna]].	label missing; ဘီးအပါ unclear (read as 'lacking wheels'); second sense has no number
149811	vicakka	အထူးသဖြင့် ကျယ်ပြန့်သော မိုးကြိုးစက်ဝန်းနှင့်တူသော၊ (လာဘ် ပူဇော်သက္ကာရစသည်)။	semejante al disco del rayo especialmente amplio; (las ganancias, ofrendas, honores y demás).	like the especially broad thunderbolt-disc; (gains, offerings, honours and so on).	label missing; sense obscure
149814	vicakkhu	(ပညာ)မျက်စိ-မရှိ-ကန်း-သော။ ဝိစက္ခု ကမ္မ-ကြည့်။	que no tiene ojo (de *paññā*) / ciego. Véase [[vicakkhukamma]].	not having the eye (of *paññā*) / blind. See [[vicakkhukamma]].	see-reference left in the Burmese
149822	vicayamāna	ဝိစယမာန – ကြည့်။	Véase [[vicayamāna]].	See [[vicayamāna]].	see-reference left in the Burmese
149833	vicayānantaraṁ	ဝါစယဟာရာနန္တရံ – ကြည့်။	Véase [[vācayahārānantaraṁ]].	See [[vācayahārānantaraṁ]].	see-reference left in the Burmese; ဝါစယ probably a misprint for ဝိစယ
149837	vicara	လှည့်လည်-သွားလာ-ကျက်စား-ပါလော့။	deambula / ve y ven / frecuenta.	wander / go about / roam.	imperative, 2nd person (polite ပါလော့)
149838	vicaraṇa	(၁)အဖန်ဖန်သွားခြင်း။ လှည့်လည်-သွားလာ-ကျက်စား-ရစ်ဝဲ-ခြင်း။ (၂)ထက်ဝန်းကျင်မှ-လှည့်ပတ်-ရစ်ဝဲ-သွားလာ-ခြင်း။ (၃)လှည့်လည်-သွားလာ-ကျက်စား-ရာ (ဌာန၊ ကာလ)။ (၃)ဝိစရဏကာလ ဝိစရဏဌာန-တို့ကြည့်။	(1) el ir repetidamente. El deambular / ir y venir / frecuentar / rondar. (2) el rodear / girar / ir y venir por todos lados. (3) (lugar, tiempo) donde se suele deambular / ir y venir / frecuentar. (3) Véanse [[vicaraṇakāla]] y [[vicaraṇaṭhāna]].	(1) going repeatedly. Wandering / going about / roaming / circling. (2) going round / circling / going about on all sides. (3) (the place, the time) where one wanders / goes about / roams. (3) See [[vicaraṇakāla]] and [[vicaraṇaṭhāna]].	label missing; sense (3) printed twice, the second a see-reference left in the Burmese
149839	vicaraṇa	(၁)လှည့်လည်-သွားလာ-ကျက်စား-တတ်သော။ (၂) စိစစ်-စူးစမ်း-ဆင်ခြင်-စစ်ဆေး-တတ်သော။ (၃)(ယူဆောင်၍)လှည့်လည်ပြသအပ်သော (ပန်းချီကား)။ (၄)လှည့်လည်ပြောဟောအပ်သော (တရား ဘဏ္ဍာ)။ (၂) «S1» (၃) «S2» (၄) «S3»	(1) que suele deambular / ir y venir / frecuentar. (2) que suele escrutar / investigar / reflexionar / examinar. (3) (pintura) mostrada llevándola de un lado a otro. (4) (tesoro de la Enseñanza) predicado yendo de un lado a otro. (2) Véase [[vicaraṇa-paññā]]. (3) Véase [[vicaraṇacitta]]. (4) Véase [[vicaraṇabhaṇḍa]].	(1) apt to wander / go about / roam. (2) apt to scrutinise / investigate / reflect / examine. (3) (a painting) shown by carrying it about. (4) (the treasure of the Teaching) preached going from place to place. (2) See [[vicaraṇa-paññā]]. (3) See [[vicaraṇacitta]]. (4) See [[vicaraṇabhaṇḍa]].	label န, but senses (1)-(4) are adjectival
149844	vicaraṇakappadesa	ဝိစရဏပ္ပဒေသ –ကြည့်။	Véase [[vicaraṇappadesa]].	See [[vicaraṇappadesa]].	see-reference left in the Burmese
149846	vicaraṇakayantavāha	လှည့်လည်-သွားလာ-ကျက်စား-တတ်သော (ကြံညှစ်) ယန္တရားကို-ဆောင်ရွက်-လိမ္မာ-ကျွမ်းကျင်-တတ်မြောက်-သောသူ။	persona que maneja / es hábil / diestra / experta en la máquina (de prensar caña de azúcar) que suele girar / ir y venir / moverse.	a person who operates / is clever / skilled / expert at the (sugar-cane pressing) machine that is apt to turn / go to and fro / move about.	the three verbs of the ကျက်စား chain taken as the motion of the machine
149847	vācaraṇakavimāna	လှည့်လည်-သွားလာ-ကျက်စား-တတ်သော ဘုံဗိမာန်။	*vimāna* que suele deambular / ir y venir / frecuentar.	a *vimāna* apt to wander / go about / roam.	headword romanised vācaraṇaka- (vicaraṇaka-?)
149848	vicaraṇakasappa	လှည့်လည်-သွားလာ-ကျက်စား-တတ်သော မြွေ။	serpiente que suele deambular / ir y venir / frecuentar.	a snake apt to wander / go about / roam.	label missing
149863	vicarati	(၁)(က)အဖန်ဖန်- ထိုမှဤမှ-ထက်ဝန်းကျင်မှ-သွားလာ၏။ (ခ)လှည့်လည်-သွားလာ-ကျက်စား-၏။ (၂)ကျင့်ကြံ-အားထုတ်-၏။ (၃)စား၏။ (၄)(လျှပ်စစ်ရောင်)ထွက်လက်-ပြက်-၏။ (၅)လှည့်လည်-နေထိုင်-ဣရိယာပုတ်ကို ဖြစ်စေ-စောင့်ရှောက်-မျှ-မျှစေ-၏။ (၆)ဖြစ်၏၊ အထူးထူး အပြားပြား ဖြစ်၏။ (ဝိစရဏ၁ (၃)အနက်လည်းကြည့်)။ «S1» «S2» «S3» «S4»	(1) (a) va repetidamente / de aquí para allá / por todos lados. (b) deambula / va y viene / frecuenta. (2) practica / se esfuerza. (3) come. (4) (la luz del relámpago) brilla / destella. (5) se mueve / mora; hace surgir / protege / equilibra / hace equilibrar las *iriyāpatha*. (6) surge; surge de diversas maneras. (Véase también [[vicaraṇa]] 1, (3)). Véase [[vicareyya]]. Véase [[vicaranta]] (2). Véase [[vicaranti]] (1). Véase [[vicaranti]] (2).	(1) (a) goes repeatedly / hither and thither / on all sides. (b) wanders / goes about / roams. (2) practises / strives. (3) eats. (4) (lightning) flashes / blazes. (5) moves about / dwells; produces / guards / balances / keeps balanced the *iriyāpatha*. (6) arises; arises in various ways. (See also [[vicaraṇa]] 1, (3)). See [[vicareyya]]. See [[vicaranta]] (2). See [[vicaranti]] (1). See [[vicaranti]] (2).	see-reference left in the Burmese; (5) chain split into moving / dwelling and the postures, tentative
149864	vicaratu	(သူ) လှည့်လည်-သွားလာ-ကျက်စား-ပါလော့-ပါစေသတည်း-ပါစေသား။	(él) deambule / vaya y venga / frecuente: que lo haga / ojalá lo haga / así lo haga.	(he) wander / go about / roam: let him / may he / so may he.	three imperative / optative endings given as alternatives
149865	vicaratha	(၁)(သင်တို့) ကျင့်ကြံကုန်၏။ (၂)(သင်တို့) လှည့်လည်-သွားလာ-ကျက်စား-ကြကုန်၏။ (ဝတ္တမာန်)။ (၃)(သင်တို့) လှည့်လည်-သွားလာ-ကျက်စား-ကြကုန်လော့။ (ပဉ္စမီ)။	(1) (vosotros) practicáis. (2) (vosotros) deambuláis / vais y venís / frecuentáis. (*vattamānā*). (3) (vosotros) deambulad / id y venid / frecuentad. (*pañcamī*).	(1) (you, pl.) practise. (2) (you, pl.) wander / go about / roam. (*vattamānā*). (3) (you, pl.) wander / go about / roam! (*pañcamī*).	2nd person plural marked (သင်တို့); grammatical labels vattamānā (present) and pañcamī (imperative) kept in Pāḷi
149867	vicaranti	(၁) လှည့်လည်-သွားလာ-ကျက်စား-ကြကုန်၏။ (၂)ဖြစ်ကုန်၏၊ အထူးထူး အပြားပြား ဖြစ်ကုန်၏။	(1) deambulan / van y vienen / frecuentan. (2) surgen; surgen de diversas maneras.	(1) they wander / go about / roam. (2) they arise; they arise in various ways.	label missing
149868	vicarayissāmi	(ငါ)စိစစ်-စီရင်-အံ့။	(yo) escrutaré / juzgaré.	(I) shall scrutinise / judge.	label missing; 1st person marked (ငါ)
149869	vicārayissāmi	(ငါ)စိစစ်-စီရင်-အံ့။	(yo) escrutaré / juzgaré.	(I) shall scrutinise / judge.	1st person marked (ငါ)
149870	vicarasi	(သင်) လှည့်လည်-သွားလာ-ကျက်စား-၏။	(tú) deambulas / vas y vienes / frecuentas.	(you) wander / go about / roam.	2nd person marked (သင်)
149872	vicarāma	(ငါတို့) လှည့်လည်-သွားလာ-ကျက်စား-ကြကုန်၏-ကြကုန်အံ့။	(nosotros) deambulamos / vamos y venimos / frecuentamos / lo haremos.	(we) wander / go about / roam / shall do so.	1st person plural marked (ငါတို့); the last alternative (ကြကုန်အံ့) is the future
149873	vicarāmi	(ငါ) လှည့်လည်-သွားလာ-ကျက်စား-၏။	(yo) deambulo / voy y vengo / frecuento.	(I) wander / go about / roam.	1st person marked (ငါ)
149874	vicarāhi	(သင်) လှည့်လည်-သွားလာ-ကျက်စား-လော့။	(tú) deambula / ve y ven / frecuenta.	(you) wander / go about / roam!	imperative, 2nd person marked (သင်)
149875	vicariṁ	(ငါ) လှည့်လည်-သွားလာ-ကျက်စား-ပြီ။	(yo) deambulé / fui y vine / frecuenté.	(I) wandered / went about / roamed.	label missing; 1st person marked (ငါ)
149876	vicariṁsu	(ငါ) လှည့်လည်-သွားလာ-ကျက်စား-ကြကုန်ပြီ။	deambularon / fueron y vinieron / frecuentaron.	they wandered / went about / roamed.	label missing; (ငါ) 'I' printed, but -iṁsu and ကြကုန် are plural: rendered 3rd plural
149877	vicari	လှည့်လည်-သွားလာ-ကျက်စား-ပြီး။	deambuló / fue y vino / frecuentó.	wandered / went about / roamed.	label missing; ပြီး read as ပြီ (past)
149886	vicarittha	(သင်တို့) လှည့်လည်-သွားလာ-ကျက်စား-ကုန်ပြီ။	(vosotros) deambulasteis / fuisteis y vinisteis / frecuentasteis.	(you, pl.) wandered / went about / roamed.	2nd person plural marked (သင်တို့)
149887	vicaritvā	လှည့်လည်-သွားလာ-ကျက်စား-၍။	habiendo deambulado / ido y venido / frecuentado.	having wandered / gone about / roamed.	label missing
149888	vicaritvāna	လှည့်လည်-သွားလာ-ကျက်စား-ပြီး၍။	tras haber deambulado / ido y venido / frecuentado.	after having wandered / gone about / roamed.	label missing
149889	vicarimha	(ငါတို့) လှည့်လည်-သွားလာ-ကျက်စား-ကုန်ပြီ။	(nosotros) deambulamos / fuimos y vinimos / frecuentamos.	(we) wandered / went about / roamed.	1st person plural marked (ငါတို့); past
149890	vicarissaṁ	(ငါ) လှည့်လည်-သွားလာ-ကျက်စား-အံ့။	(yo) deambularé / iré y vendré / frecuentaré.	(I) shall wander / go about / roam.	label missing; 1st person marked (ငါ)
149893	vicarissasi	(သင်) လှည့်လည်-သွားလာ-ကျက်စား-ရလတ္တံ့။	(tú) habrás de deambular / ir y venir / frecuentar.	(you) will have to wander / go about / roam.	2nd person marked (သင်)
149894	vicarissāmi	(ငါ) လှည့်လည်-သွားလာ-ကျက်စား-အံ့။	(yo) deambularé / iré y vendré / frecuentaré.	(I) shall wander / go about / roam.	1st person marked (ငါ)
149896	vicare	လှည့်လည်-သွားလာ-ကျက်စား-လတ္တံ့-အံ့။	deambulará / irá y vendrá / frecuentará / (yo) lo haré.	will wander / go about / roam / (I) shall do so.	future endings လတ္တံ့ (2nd/3rd) and အံ့ (1st) given as alternatives
149897	vicareyya	လှည့်လည်-သွားလာ-ကျက်စား-ရာ၏။	debería deambular / ir y venir / frecuentar.	should wander / go about / roam.	label missing
149898	vicareyyātha	လှည့်လည်-သွားလာ-ကျက်စား-ကုန်ရာ၏။	deberían deambular / ir y venir / frecuentar.	they should wander / go about / roam.	person unmarked in the Burmese, rendered 3rd plural (headword -eyyātha is 2nd plural)
149903	vicāra	ဝိစာရ စေတသိက်--- (က)(စိတ်၏)အာရုံ၌-ထိုမှ ဤမှ လှည့်လည်-သုံးသပ်-ကြောင်း (တရား)။ (ခ)အာရုံ၌ ထိုမှဤမှ လှည့်လည်-အဖန်ဖန် ဆင်ခြင်သုံးသပ်-လှည့်လည်-ကျက်စား-ခြင်း(သဘော)။ မူရင်းကြည့်ပါ။	el *cetasika* *vicāra*: (a) (el estado) que es causa de moverse de aquí para allá / examinar sobre el objeto (de la mente). (b) (la naturaleza de) moverse de aquí para allá sobre el objeto / reflexionar y examinar repetidamente / deambular / frecuentar. Véase el original.	the *vicāra* *cetasika*: (a) (the state) that is a cause of moving hither and thither / examining on the object (of the mind). (b) (the nature of) moving hither and thither on the object / repeatedly reflecting and examining / wandering / roaming. See the original.	'see the original' (မူရင်းကြည့်ပါ) rendered literally
149907	vicāraṇa	(၁)ခြေ၊ ခြေထောက်။ (၂)စီမံ-စီရင်-ခန့်ခွဲ-ခြင်း၊ အစီအရင်။ (၃)စုံစမ်း-စစ်ဆေး-စိစစ်-ဆင်ခြင်-ဆုံးဖြတ်-ခြင်း။ (၄) စုံစမ်း-စစ်ဆေး-စိစစ်-ဆင်ခြင်-ဆုံးဖြတ်-ကြောင်းဖြစ်သော။ (၅)ထိုမှဤမှ-သွားလာ-လှည့်လည်-ကျက်စား-ကြောင်း။ «S1»	(1) pie; pierna. (2) el dirigir / disponer / administrar; disposición. (3) el indagar / examinar / escrutar / reflexionar / decidir. (4) que es causa de indagar / examinar / escrutar / reflexionar / decidir. (5) medio para ir de aquí para allá / ir y venir / deambular / frecuentar. Véase [[vicāraṇapaññā]].	(1) foot; leg. (2) directing / arranging / managing; arrangement. (3) inquiring / examining / scrutinising / reflecting / deciding. (4) that is a cause of inquiring / examining / scrutinising / reflecting / deciding. (5) a means of going hither and thither / going about / wandering / roaming. See [[vicāraṇapaññā]].	label တိ although most senses are nouns; (1) 'foot' unexpected for this headword
149912	vicāraṇattha	(၁) စုံစမ်း-စစ်ဆေး-စိစစ်-ဆင်ခြင်-ဆုံးဖြတ်-ခြင်းဟူသော အကျိုး။ (၂) စီရင်-စီမံ-ခန့်ခွဲ-ခြင်းဟူသော အကျိုး (တိ) (၃) စုံစမ်း-စစ်ဆေး-စိစစ်-ဆင်ခြင်-ဆုံးဖြတ်-ခြင်းဟူသော အနက်ရှိသော။	(1) el beneficio que es el indagar / examinar / escrutar / reflexionar / decidir. (2) el beneficio que es el juzgar / disponer / administrar (adjetivo) (3) que tiene el significado que es el indagar / examinar / escrutar / reflexionar / decidir.	(1) the benefit which is inquiring / examining / scrutinising / reflecting / deciding. (2) the benefit which is judging / arranging / managing (adjective) (3) having the meaning which is inquiring / examining / scrutinising / reflecting / deciding.	label missing; attha taken as 'benefit' in (1)-(2) (အကျိုး) and 'meaning' in (3) (အနက်)
149915	vicāraṇapaññārahita	အောက်ပုဒ်ကြည့်။	Véase la entrada siguiente.	See the next entry.	'see the next entry' (အောက်ပုဒ်ကြည့်) left in the Burmese
149919	vicāraṇalopa	ဝိစာရဏသဒ္ဒါ၏-ကြေ-ပျောက်-ပျက်စီး-ခြင်း။	el desmoronarse / desaparecer / perecer de la palabra *vicāraṇa*.	the crumbling / vanishing / perishing of the word *vicāraṇa*.	lopa, i.e. the elision of the word
149921	vicāraṇāgahaṇa	စိစစ်-စစ်ဆေး-ဆုံးဖြတ်-တိုင်ပင်-ဆွေးနွေး-ခြင်းကို ယူခြင်း၊ အလိုကို ယူခြင်း။	el tomar el escrutar / examinar / decidir / consultar / deliberar; el tomar el deseo.	taking scrutinising / examining / deciding / consulting / deliberating; taking the wish.	'taking the wish' (အလိုကို ယူခြင်း) probably 'asking someone's wishes / opinion'
149927	vicārapavattana	ဝိစာရ၏ဖြစ်ခြင်း။	el surgir de *vicāra*.	the arising of *vicāra*.	label missing
149928	vicārappavattana	ဝိစာရ၏ဖြစ်ခြင်း။	el surgir de *vicāra*.	the arising of *vicāra*.	label missing
149937	vicārayati	စိစစ်-စစ်ဆေး-ဆုံးဖြတ်-ဆင်ခြင်-တတ်သော။	que suele escrutar / examinar / decidir / reflexionar.	apt to scrutinise / examine / decide / reflect.	verb headword (-ti) but adjectival definition (-တတ်သော); definitions of 149937 and 149938 may be swapped
149938	vicārayanta	စိစစ်-စစ်ဆေး-ဆုံးဖြတ်-၏။ «S1»	escruta / examina / decide. Véase [[vicārayissāma]].	scrutinises / examines / decides. See [[vicārayissāma]].	participle headword (-nta) but finite-verb definition (-၏); definitions of 149937 and 149938 may be swapped
149939	vicārayissāma	(ငါတို့) စိစစ်-စစ်ဆေး-ဆုံးဖြတ်-ကုန်-အံ့-လတ္တံ့-လိမ့်မည်။	(nosotros) escrutaremos / examinaremos / decidiremos.	(we) shall scrutinise / examine / decide.	1st person plural marked (ငါတို့); three future markers given as alternatives (အံ့-လတ္တံ့-လိမ့်မည်)
149940	vicāralakkhaṇapañha	ဝိစာရ၏ လက္ခဏာကို မေးမြန်းခြင်း။	el preguntar por la *lakkhaṇā* de *vicāra*.	asking about the *lakkhaṇā* of *vicāra*.	label တိ but the definition is a noun
149945	vicārasamatikkama	ဝိစာရကို-ကျော်လွန်-လွန်မြောက်-ခြင်း။	el sobrepasar / trascender *vicāra*.	going beyond / transcending *vicāra*.	label missing
149953	vicāritadhamma	စိစစ်-စစ်ဆေး-ဆုံးဖြတ်-အပ်ပြီးသော တရား။	el estado ya escrutado / examinado / decidido.	the state already scrutinised / examined / decided.	တရား rendered 'state'; 'matter' or 'teaching' also possible
149955	vicāritabba	ဝိစာရေတဗ္ဗ (၂)အနက်ကြည့်။	Véase [[vicāretabba]] (2).	See [[vicāretabba]] (2).	see-reference left in the Burmese
149964	vicāreti	(၁)လှည့်လည်-သွားလာ-ကျက်စား-အဖန်ဖန်စုံစမ်း-အဖန်ဖန်ကြံစည်-ဖြစ်စေ-၏။ (၂)စီရင်-စီမံ-ခန့်ခွဲ-စေ၏။ (၂) ဝိစာရေသိ(ဝိ၊ဋ္ဌ၊၁။ ၇၃။ သာရတ္ထ၊၁။ ၁၈၅) ကြည့်။	(1) hace deambular / ir y venir / frecuentar / indagar repetidamente / pensar repetidamente. (2) hace disponer / dirigir / administrar. (2) Véase [[vicāresi]].	(1) causes to wander / go about / roam / inquire repeatedly / think repeatedly. (2) causes to arrange / direct / manage. (2) See [[vicāresi]].	sense (2) printed twice, the second a see-reference left in the Burmese; citations dropped
149967	vicāretha	(သင်တို့) စီရင်-စီမံ-ခန့်ခွဲ-ကုန်လော့။	(vosotros) disponed / dirigid / administrad.	(you, pl.) arrange / direct / manage!	imperative, 2nd person plural marked (သင်တို့)
149968	vicārenta	(၁)စီရင်-စီမံ-ခန့်ခွဲ-ကုန်၏။ (၂)စုံစမ်း-စိစစ်-ဆင်ခြင်-စစ်ဆေး-ဆုံးဖြတ်-ကုန်၏။	(1) disponen / dirigen / administran. (2) indagan / escrutan / reflexionan / examinan / deciden.	(1) they arrange / direct / manage. (2) they inquire / scrutinise / reflect / examine / decide.	participle headword (-nta, label တိ) but finite plural definition (-ကုန်၏), identical to 149969
149970	vicāremi	(ငါ) စီရင်-စီမံ-ခန့်ခွဲ-၏။	(yo) dispongo / dirijo / administro.	(I) arrange / direct / manage.	1st person marked (ငါ)
149971	vicāresiṁ	(ငါ)စုံစမ်း-စိစစ်-ဆင်ခြင်-စစ်ဆေး-ဆုံးဖြတ်-ပြီ။	(yo) indagué / escruté / reflexioné / examiné / decidí.	(I) inquired / scrutinised / reflected / examined / decided.	1st person marked (ငါ)
149972	vicāresi	(သင်) စီရင်-စီမံ-ခန့်ခွဲ-၏။	(tú) dispones / diriges / administras.	(you) arrange / direct / manage.	2nd person marked (သင်); present in the Burmese although -esi is an aorist
149978	vicāressāma	(ငါတို့) စိစစ်-စစ်ဆေး-ဆုံးဖြတ်-ကုန်-အံ့-လတ္တံ့။	(nosotros) escrutaremos / examinaremos / decidiremos.	(we) shall scrutinise / examine / decide.	1st person plural marked (ငါတို့); future markers အံ့-လတ္တံ့ given as alternatives
149979	vicārehi	(သင်) စီရင်-စီမံ-ခန့်ခွဲ-လော့။	(tú) dispón / dirige / administra.	(you) arrange / direct / manage!	imperative, 2nd person marked (သင်)
149980	vicālayati	အထူးထူး အပြားပြား တုန်လှုပ်စေနိုင်၏။ အောက်ပုဒ်ကြည့်။	puede hacer temblar de diversas maneras. Véase la entrada siguiente.	is able to make tremble in various ways. See the next entry.	'see the next entry' (အောက်ပုဒ်ကြည့်) left in the Burmese
149984	vicikicchachinna	ဖြတ်-ဖျက်ဆီး-အပ်ပြီးသည့်-ယုံမှား-တွေးတော-မဆုံးဖြတ်နိုင်-ခြင်းရှိသော၊ ယုံမှား-တွေးတော-ခြင်းကို-ဖြတ်-ဖျက်ဆီး-ပြီးသာသူ။	que tiene ya cortado / destruido el dudar / cavilar / no poder decidir; persona que ya ha cortado / destruido el dudar / cavilar.	having doubting / pondering / being unable to decide already cut off / destroyed; a person who has already cut off / destroyed doubting / pondering.	ပြီးသာ read as ပြီးသော (misprint)
149985	vicikicchaṭṭhāna	ဝိစိကိစ္ဆာ၏-တည်ရာ-အကြောင်းဖြစ်သော (သျ၊ မြန်မာပြန်)။	que es la base / la causa de *vicikicchā*.	that is the basis / cause of *vicikicchā*.	source tag (သျ၊ မြန်မာပြန်) 'Burmese translation' dropped
149988	vicikicchatha	(သင်တို့) သို့လော သို့လော တွေးတော ယုံမှားကုန်၏။ (ဆုံးဖြတ်ခြင်းငှါ မစွမ်းနိုင်၍) ဆုံးဖြတ်သော် ဆင်းရဲပင်ပန်း၏။	(vosotros) caviláis y dudáis «¿será así o así?». (No siendo capaces de decidir) al decidir sufrís y os fatigáis.	(you, pl.) ponder and doubt, 'is it so, or so?'. (Being unable to decide) when deciding, you suffer and grow weary.	2nd person plural marked (သင်တို့)
149991	vicikicchasi	(သင်) သို့လော သို့လော တွေးတောယုံမှား၏။ (ဆုံးဖြတ်ခြင်းငှါ မစွမ်းနိုင်၍) ဆုံးဖြတ်သော် ဆင်းရဲပင်ပန်း၏။	(tú) cavilas y dudas «¿será así o así?». (No siendo capaz de decidir) al decidir sufres y te fatigas.	(you) ponder and doubt, 'is it so, or so?'. (Being unable to decide) when deciding, you suffer and grow weary.	label missing; 2nd person marked (သင်)
149992	vicikicchase	ဝိစိကိစ္ဆသိ – ကြည့်။	Véase [[vicikicchasi]].	See [[vicikicchasi]].	label missing; see-reference left in the Burmese
149993	vicikicchā	ယုံမှား-တွေးတော-မဆုံးဖြတ်နိုင်- သို့လော သို့လော သံသယဖြစ်-ခြင်း၊ ဝိစိကိစ္ဆာ စေတသိက်(နာမ်တရား)။ မူရင်းကြည့်ပါ။	el dudar / cavilar / no poder decidir / estar en la incertidumbre «¿será así o así?»; el *cetasika* *vicikicchā* (estado de *nāma*). Véase el original.	doubting / pondering / being unable to decide / being uncertain, 'is it so, or so?'; the *vicikicchā* *cetasika* (a *nāma* state). See the original.	'see the original' (မူရင်းကြည့်ပါ) rendered literally
149994	vicikicchākathaṁkathāsalla	ဝိစိကိစ္ဆာ-ယုံမှားတွေးတောခြင်း-ဟူသော-ငြောင့်-တံသင်း-ငုက်။	la espina / la astilla / el tocón que es *vicikicchā* / el dudar y cavilar.	the thorn / splinter / stump which is *vicikicchā* / doubting and pondering.	ငုက် read as ငုတ် 'stump', tentative
149999	vicikicchaṭhāna	ဝိစိကိစ္ဆာ၏-အရာ-တည်ရာ-ဌာန။	el ámbito / la base / el lugar de *vicikicchā*.	the domain / basis / place of *vicikicchā*.	label missing
150000	vicikicchaṭṭhāna	ဝိစိကိစ္ဆာ၏-အရာ-တည်ရာ-ဌာန။	el ámbito / la base / el lugar de *vicikicchā*.	the domain / basis / place of *vicikicchā*.	label missing
150001	vicikicchaṭhānīya	(၁) ဝိစိကိစ္ဆာ၏-တည်ရာ-ဖြစ်ရာ-အကြောင်း-အာရုံ။ (၂) တည်-ဖြစ်-တတ်-သော ဝိစိကိစ္ဆာရှိသော။ (၃) တည်-ဖြစ်စေ-အပ်သော ဝိစိကိစ္ဆာရှိသော။ (၄) ဝိစိကိစ္ဆာဟူသော-ဖြစ်ရာ-တည်ရာ-အာရုံ။	(1) la base / el lugar de surgimiento / la causa / el objeto de *vicikicchā*. (2) que tiene *vicikicchā* que suele asentarse / surgir. (3) que tiene *vicikicchā* asentado / hecho surgir. (4) el lugar de surgimiento / la base / el objeto que es *vicikicchā*.	(1) the basis / place of arising / cause / object of *vicikicchā*. (2) having *vicikicchā* that is apt to abide / arise. (3) having *vicikicchā* made to abide / made to arise. (4) the place of arising / basis / object which is *vicikicchā*.	label missing
150002	vicikicchaṭṭhānīya	(၁) ဝိစိကိစ္ဆာ၏-တည်ရာ-ဖြစ်ရာ-အကြောင်း-အာရုံ။ (၂) တည်-ဖြစ်-တတ်-သော ဝိစိကိစ္ဆာရှိသော။ (၃) တည်-ဖြစ်စေ-အပ်သော ဝိစိကိစ္ဆာရှိသော။ (၄) ဝိစိကိစ္ဆာဟူသော-ဖြစ်ရာ-တည်ရာ-အာရုံ။	(1) la base / el lugar de surgimiento / la causa / el objeto de *vicikicchā*. (2) que tiene *vicikicchā* que suele asentarse / surgir. (3) que tiene *vicikicchā* asentado / hecho surgir. (4) el lugar de surgimiento / la base / el objeto que es *vicikicchā*.	(1) the basis / place of arising / cause / object of *vicikicchā*. (2) having *vicikicchā* that is apt to abide / arise. (3) having *vicikicchā* made to abide / made to arise. (4) the place of arising / basis / object which is *vicikicchā*.	label missing
150007	vicikicchānivattana	ဝိစိကိစ္ဆာကို-နစ်စေ-တားမြစ်-ပိတ်ပင်-ခြင်း။	el hacer hundirse / impedir / obstruir *vicikicchā*.	making *vicikicchā* sink / preventing / obstructing it.	နစ်စေ 'make sink' unexpected for nivattana ('turning back'); possible misprint
150008	vicikicchānīvaraṇa	ဝိစိကိစ္ဆာနီဝရဏ၊ (ကုသိုလ်စိတ်ကို) တားမြစ်-ပိတ်ပင်-ကာဆီး-တတ်သော ဝိစိကိစ္ဆာ။ (ဝိစိကိစ္ဆာ-ပုဒ်လည်းကြည့်)။	*vicikicchānīvaraṇa*; *vicikicchā* que suele impedir / obstruir / bloquear (la mente sana). (Véase también la entrada *vicikicchā*).	*vicikicchānīvaraṇa*; *vicikicchā* apt to prevent / obstruct / block (the wholesome mind). (See also the entry *vicikicchā*).	see-reference left in the Burmese
150009	vicikicchānusaya	ဝိစိကိစ္ဆာနုသယ၊ သတ္တဝါတို့ သန္တာန်၌-ကိန်း-တည်နေ-အဖန်ဖန်ဖြစ်-တတ်သော ဝိစိကိစ္ဆာ။ (မဂ်ဖြင့် မပယ်သတ်ရသေးသည့် ဖြစ်ပြီး၊ ဖြစ်ဆဲ၊ ဖြစ်လတ္တံ့သော ဝိစိကိစ္ဆာကိလေသာ)။	*vicikicchānusaya*; *vicikicchā* que suele yacer latente / permanecer / surgir repetidamente en el *santāna* de los seres. (El *kilesa* *vicikicchā* ya surgido, que está surgiendo y que surgirá, aún no abandonado y destruido por el *magga*).	*vicikicchānusaya*; *vicikicchā* apt to lie latent / remain / arise repeatedly in the *santāna* of beings. (The *vicikicchā* *kilesa* already arisen, arising and yet to arise, not yet abandoned and destroyed by the *magga*).	label missing
150010	vicikicchānusayamūlaka	ဝိစိကိစ္ဆာနုသယဟူသော မူလရှိသော။	que tiene como raíz el *vicikicchānusaya*.	having the *vicikicchānusaya* as its root.	label missing
150011	vicikicchāpañha	ဝိစိကိစ္ဆာကို မေးမြန်းခြင်း။	el preguntar por *vicikicchā*.	asking about *vicikicchā*.	label တိ but the definition is a noun
150013	vicikicchāpatirūpaka	ဝိစိကိစ္ဆာနှင့်တူသော၊ ဝိစိကိစ္ဆာ၏ အတုအယောင် ဖြစ်သော။	semejante a *vicikicchā*; que es una imitación de *vicikicchā*.	resembling *vicikicchā*; being an imitation of *vicikicchā*.	label missing
150015	vicikicchāpariyuṭṭhāna	ဝိစိကိစ္ဆာဟူသော (ကုသိုလ်စိတ်ကို) လွှမ်းမိုးနှိပ်စက်-ခိုးယူလုယက်-တတ်သော တရား၊ (ကုသိုလ်စိတ်ကို) လွှမ်းမိုး နှိပ်စက်-ခိုးယူလုယက်-တတ်သော ဝိစိကိစ္ဆာ။ ပရိယုဋ္ဌာန (အဘိ၊ဋ္ဌ၊ ၁။ ၂၉၆၊ ၃၉၈)နှင့် ယှဉ်ကြည့်။	el estado que es *vicikicchā*, que suele dominar y oprimir / robar y saquear (la mente sana); *vicikicchā* que suele dominar y oprimir / robar y saquear (la mente sana). Compárese con *pariyuṭṭhāna*.	the state which is *vicikicchā*, apt to overpower and oppress / rob and plunder (the wholesome mind); *vicikicchā* apt to overpower and oppress / rob and plunder (the wholesome mind). Compare *pariyuṭṭhāna*.	cross-reference 'compare' (နှင့် ယှဉ်ကြည့်) left in the Burmese; citations dropped
150016	vicikicchāpariyuṭṭhita	ဝိစိကိစ္ဆာသည်-ဖမ်းယူ-လွှမ်းမိုးနှိပ်စက်-အပ်သော၊ ဝိစိကိစ္ဆာဖြင့် ထကြွသောင်းကျန်းသော။ ကာမရာဂပရိယုဋ္ဌိတ (သံ၊ ဋ္ဌ၊ ၃။ ၂၀၉။ အံ၊ဋ္ဌ၊၃။ ၆၇) သက္ကာယဒိဋ္ဌိပရိယုဋ္ဌိတ (မ၊ဋ္ဌ၊၃။ ၁၀၁)တို့နှင့် ယှဉ်ကြည့်။	apresado / dominado y oprimido por *vicikicchā*; alzado en tumulto por *vicikicchā*. Compárese con *kāmarāgapariyuṭṭhita* y *sakkāyadiṭṭhipariyuṭṭhita*.	seized / overpowered and oppressed by *vicikicchā*; stirred up into turmoil by *vicikicchā*. Compare *kāmarāgapariyuṭṭhita* and *sakkāyadiṭṭhipariyuṭṭhita*.	cross-reference 'compare' left in the Burmese; citations dropped
150020	vicikicchāmi	(ငါ) သို့သော သို့လော တွေးတော ယုံမှား၏။ (ဆုံးဖြတ်ခြင်းငှါ မစွမ်းနိုင်၍) ဆုံးဖြတ်သော် ဆင်းရဲပင်ပန်း၏။ အောက်ပုဒ်ကြည့်။	(yo) cavilo y dudo «¿será así o así?». (No siendo capaz de decidir) al decidir sufro y me fatigo. Véase la entrada siguiente.	(I) ponder and doubt, 'is it so, or so?'. (Being unable to decide) when deciding, I suffer and grow weary. See the next entry.	1st person marked (ငါ); သို့သော read as သို့လော (misprint); 'see the next entry' left in the Burmese
150031	vicikicchāvinodana	ဝိစိကိစ္ဆာကို-ပယ်ဖျောက်-ဖျက်ဆီး-ခြင်း။	el eliminar / destruir *vicikicchā*.	removing / destroying *vicikicchā*.	label missing
150046	vicikicchuppatti	ဝိစိကိစ္ဆာ၏ ဖြစ်ပော်ခြင်း။	el surgir de *vicikicchā*.	the arising of *vicikicchā*.	ဖြစ်ပော် read as ဖြစ်ပေါ် (misprint)
150048	vicikol̤i	အောက်ပုဒ်ကြည့်။	Véase la entrada siguiente.	See the next entry.	'see the next entry' (အောက်ပုဒ်ကြည့်) left in the Burmese
150051	vicita	(၁)ရွေးချယ်-ရွေးထုတ်-ရွေးပစ်-ဖယ်ရှား-အပ်ပြီးသော။ (၂)(ပညာ)ဖြင့် စူးစမ်း-ဆင်ခြင်-အပ်ပြီးသော။ (၃)ဆည်းပူးအပ်ပြီးသော။ (၁)  «S1»	(1) ya elegido / sacado / desechado / apartado. (2) ya investigado / reflexionado mediante (*paññā*). (3) ya cultivado. (1) Véase [[vicikol̤aka]].	(1) already chosen / picked out / discarded / removed. (2) already investigated / reflected on by (*paññā*). (3) already cultivated. (1) See [[vicikol̤aka]].	label missing
150053	vicitakāl̤aka	ရွေး-ရွေးချယ်-ရွေးထုတ်-ရွေးပစ်-ဖယ်ရှား-အပ်ပြီးသော ဆန်မည်းရှိသော၊ ဆန်မည်းကို- ရွေး-ရွေးချယ်-ရွေးထုတ်-ရွေးပစ်-ဖယ်ရှား-ပြီးသော (သလေးထမင်း)။	que tiene los granos negros de arroz ya escogidos / elegidos / sacados / desechados / apartados; (arroz ‹သလေး› cocido) del que ya se han escogido / elegido / sacado / desechado / apartado los granos negros.	having the black rice grains already picked / chosen / picked out / discarded / removed; (cooked ‹သလေး› rice) from which the black grains have already been picked / chosen / picked out / discarded / removed.	‹သလေး› a fine rice variety (sāli?), left in Burmese
150058	vicitta	(၁)ဆန်းကြယ်သ။ (၂)အထူးထူး အပြားပြားရှိသော။ (၃)အံ့ဩဘွယ်ကောင်းသော။ (ထီ) (၄)ဝိစိတ္တာမည်သော မိန်းမ (ပဒုမုတ္တရ ဘုရားရှင်၏ မြတ်သော အလုပ်အကျွေး ဥပါသိကာမ)။	(1) extraordinario. (2) que tiene diversas clases. (3) asombroso. (femenino) (4) la mujer llamada *vicittā* (la *upāsikā* que fue la principal servidora del Buddha *padumuttara*).	(1) extraordinary. (2) having various kinds. (3) amazing. (feminine) (4) the woman named *vicittā* (the *upāsikā* who was the chief attendant of the Buddha *padumuttara*).	label missing; ဆန်းကြယ်သ read as ဆန်းကြယ်သော
150059	vicittaābharaṇa	ဆန်းကြယ်-အထူးထူး အပြားပြားရှိ-အံ့ဩဘွယ်ကောင်း-သော ဝတ်စားတန်ဆာ။	adorno extraordinario / de diversas clases / asombroso.	an extraordinary / of various kinds / amazing ornament.	label missing
150065	vicittakamma	(၁)ဆန်းကြယ်-အထူးထူး အပြားပြားရှိ-အံ့ဩဘွယ်ကောင်း-သော ပန်းချီဆေးရေးအမှု။ (တိ) (၂)ဆန်းကြယ်- အထူးထူး အပြားပြားရှိ-အံ့ဩဘွယ်ကောင်း-သော ပန်းချီဆေးရေးအမှုရှိသော (အရုပ်)။ (၁)အောက်ပုဒ်ကြည့်။	(1) obra de pintura extraordinaria / de diversas clases / asombrosa. (adjetivo) (2) (figura) que tiene obra de pintura extraordinaria / de diversas clases / asombrosa. (1) Véase la entrada siguiente.	(1) extraordinary / of various kinds / amazing painting work. (adjective) (2) (a figure) having extraordinary / of various kinds / amazing painting work. (1) See the next entry.	'see the next entry' (အောက်ပုဒ်ကြည့်) left in the Burmese
150067	vicittakaraṇa	(၁)ဆန်းကြယ်သော ပန်းချီဆေးရေး အစရှိသော အမှုကို ပြုတတ်သော။ (၂)ဆန်းကြယ်သော ဂတိအစရှိသည်ကို ပြုကြောင်း ဖြစ်သော။ (တိ) (၃)ဆန်းကြယ်သော ပြုခြင်းရှိသော။	(1) que suele hacer obras extraordinarias que comienzan por la pintura. (2) que es causa de hacer variados los *gati* y demás. (adjetivo) (3) que tiene un hacer extraordinario.	(1) apt to make extraordinary works beginning with painting. (2) that is a cause of making the *gati* and so on varied. (adjective) (3) having extraordinary making.	label missing; ဆန်းကြယ် rendered 'varied' in (2), where it qualifies the destinies
150068	vicittakaraṇaṭṭha	ဆန်းကြယ်သော ဂတိအစရှိသည်ကို ပြုကြောင်းဖြစ်သော အနက်။	el significado de ser causa de hacer variados los *gati* y demás.	the meaning of being a cause of making the *gati* and so on varied.	ဆန်းကြယ် rendered 'varied' (of the destinies)
150071	vicittatittha	ဆန်းကြယ်-အထူးထူး အပြားပြားရှိ-အံ့ဩဘွယ်ကောင်း-သော ရေဆိပ်။	embarcadero extraordinario / de diversas clases / asombroso.	an extraordinary / of various kinds / amazing landing-place.	label missing
150072	vicittattha	ဆန်းကြယ်သော ဂတိအစရှိသည်ကို ပြုကြောင်းဖြစ်သော အနက်ရှိသော။	que tiene el significado de ser causa de hacer variados los *gati* y demás.	having the meaning of being a cause of making the *gati* and so on varied.	ဆန်းကြယ် rendered 'varied' (of the destinies)
150073	vicittatthara	ဆန်းကြယ်-အထူးထူး အပြားပြားရှိ-အံ့ဩဘွယ်ကောင်း-သော အခင်း	alfombra extraordinaria / de diversas clases / asombrosa.	an extraordinary / of various kinds / amazing spread.	final ။ missing in the print
150074	vicittattharaṇa	(၁)ဆန်းကြယ်သောအခင်း။ (တိ) (၂)(များစွာသော)အခန်း၊ အရုံ၊ ခြုံထည်တို့ဖြင့် ဆန်းကြယ်သော။	(1) alfombra extraordinaria. (adjetivo) (2) extraordinario por (muchas) alfombras, ‹အရုံ› y mantas.	(1) an extraordinary spread. (adjective) (2) extraordinary with (many) spreads, ‹အရုံ› and wraps.	label missing; အခန်း ('room') read as အခင်း ('spread'); ‹အရုံ› unclear
150078	vicittathambha	ဆန်းကြယ်သော တိုင်တို့ဖြင့်-ပြု-စိုက်ထူ-အပ်သော (ပြာသာဒ်)။	(palacio) hecho / erigido con pilares extraordinarios.	(a palace) made / erected with extraordinary pillars.	label missing
150080	vicittadesana	(ထီ)(၁)ဆန်းကြယ်သော-ဒေသနာ-ပြောဟောခြင်း။ (၂)ဆန်းကြယ်သော-ဒေသနာ-ပြောဟောခြင်း-ရှိသော။ (ထီ)	(femenino) (1) *desanā* / predicación extraordinaria. (2) que tiene *desanā* / predicación extraordinaria. (femenino)	(feminine) (1) extraordinary *desanā* / preaching. (2) having extraordinary *desanā* / preaching. (feminine)	labels placed oddly in the print
150081	vicittadhammakathika	ဆန်းကြယ်စွာ-ဆန်းဆန်းကြယ်ကြယ်-တရားတော်ကို ပြောဟောတတ်သောသူ။ ဝိစိတ္တကထိက –လည်းကြည့်။	persona que suele predicar la Enseñanza de manera extraordinaria / muy extraordinaria. Véase también [[vicittakathika]].	a person apt to preach the Teaching in an extraordinary / a very extraordinary way. See also [[vicittakathika]].	see-reference left in the Burmese
150082	vicittanaya	(ပု)(၁)ဆန်းကြယ်သောနည်း။ (၂)ဆန်းကြယ်သော နည်းရှိသော။ (ပု)	(masculino) (1) método extraordinario. (2) que tiene un método extraordinario. (masculino)	(masculine) (1) an extraordinary method. (2) having an extraordinary method. (masculine)	labels placed oddly in the print
150084	vicittanānādumasaṇḍamaṇḍita	ဆန်းကြယ်သော အထူးထူးသော သစ်ပင်အပေါင်းဖြင့် တန်ဆာဆင်အပ်သော။ (၂)အောက်ပုဒ်ကြည့်။	adornado con conjuntos de árboles extraordinarios y diversos. (2) Véase la entrada siguiente.	adorned with groups of extraordinary and various trees. (2) See the next entry.	'see the next entry' left in the Burmese; no sense (1) marker
150085	vicittapaṭibhāna	(၁)ဆန်းကြယ်သော-ပညာ-အသိဉာဏ်-ရှိသောသူ။ (န) (၂)ဆန်းကြယ်သော-ပညာ-အသိဉာဏ်။ (န)(၂)အောက်ပုဒ်ကြည့်။	(1) persona que tiene *paññā* / conocimiento extraordinario. (neutro) (2) *paññā* / conocimiento extraordinario. (neutro) (2) Véase la entrada siguiente.	(1) a person having extraordinary *paññā* / knowledge. (neuter) (2) extraordinary *paññā* / knowledge. (neuter) (2) See the next entry.	'see the next entry' left in the Burmese; label (န) printed twice
150086	vicittappaṭibhāna	(၁)ဆန်းကြယ်သော-ပညာ-အသိဉာဏ်-ရှိသောသူ။ (န) (၂)ဆန်းကြယ်သော-ပညာ-အသိဉာဏ်။ (န)(၂)အောက်ပုဒ်ကြည့်။	(1) persona que tiene *paññā* / conocimiento extraordinario. (neutro) (2) *paññā* / conocimiento extraordinario. (neutro) (2) Véase la entrada siguiente.	(1) a person having extraordinary *paññā* / knowledge. (neuter) (2) extraordinary *paññā* / knowledge. (neuter) (2) See the next entry.	'see the next entry' left in the Burmese; label (န) printed twice
150093	vicittapākāra	(၁)ကြယ်သော-မြို့ရိုး-တံတိုင်း။ (တိ) (၂)ဆန်းကြယ်သော-မြို့ရိုး-တံတိုင်း-ရှိသော။	(1) muralla / cerca extraordinaria. (adjetivo) (2) que tiene muralla / cerca extraordinaria.	(1) an extraordinary city wall / enclosure. (adjective) (2) having an extraordinary city wall / enclosure.	(1) ကြယ်သော read as ဆန်းကြယ်သော
150094	vicittapāṭihāriyadassanattha	ဆန်းကြယ်သော-တန်ထိုး ပြာဋိဟာကို ပြခြင်း အကျိုးရှိသော။	que tiene como fin el mostrar el *pāṭihāriya* extraordinario / de poder sobrenatural.	having as its purpose the showing of the extraordinary / psychic-power *pāṭihāriya*.	တန်ထိုး read as တန်ခိုး (misprint)
150095	vicittapiñcha	ဆန်းကြယ်သော-အတောင်-တောင်ပံ-ရှိသော ငှက်။	ave que tiene plumas / alas extraordinarias.	a bird having extraordinary feathers / wings.	label တိ but the definition names a noun (ငှက်)
150096	vicittapuppha	(၁)ဆန်းကြယ်သော ပန်းပွင့်ရှိသော။ (န) (၂)ဆန်းကြယ်သော ပန်းပွင့်။	(1) que tiene flores extraordinarias. (neutro) (2) flor extraordinaria.	(1) having extraordinary flowers. (neuter) (2) an extraordinary flower.	label missing
150097	vicitrapuppha	(၁)ဆန်းကြယ်သော ပန်းပွင့်ရှိသော။ (န) (၂)ဆန်းကြယ်သော ပန်းပွင့်။	(1) que tiene flores extraordinarias. (neutro) (2) flor extraordinaria.	(1) having extraordinary flowers. (neuter) (2) an extraordinary flower.	label missing
150113	vicittavatthābharaṇa	ဆန်းကြယ်သော အဝတ်၊ တန်ဆာရှိသော။	que tiene vestidos, adornos maravillosos.	having wondrous clothes, ornaments.	'၊' between the two nouns read as a list, not as alternative definitions
150119	vicittasaṅkappa	ဆန်းကြယ်သော-အစီအရင်-စီရင်ခြင်း (သညာ၊ ဗစတနာ၊ အလို)-ရှိသောသူ။	que tiene una ordenación / disposición (*saññā*, *cetanā*, deseo) maravillosa (dicho de una persona).	having a wondrous arrangement / disposition (*saññā*, *cetanā*, wish) (said of a person).	print has 'ဗစတနာ', read as စေတနာ (cetanā)
150129	vicittākārappavattivibhāvinī	ဆန်းကြယ်သော အခြင်းအရာအားဖြင့် ဖြစ်ခြင်းကို ထင်စွာပြတတ်သော။	que suele mostrar claramente el surgir de modo maravilloso.	apt to show clearly the arising in a wondrous mode.	no word-class label in the print
150130	vicittita	ဖြစ်သော အထူးသဖြင့် ဆန်းကြယ်ခြင်းရှိသော၊ အထူးသဖြင့် ဆန်းကြယ်သော။	que tiene un ser especialmente maravilloso; especialmente maravilloso.	having an especially wondrous being; especially wondrous.	leading 'ဖြစ်သော' unclear (stray word?); rendered with the next phrase
150138	vicitrakathika	ဝိစိတ္တကထိက –ကြည့်။	Véase [[vicittakathika]].	See [[vicittakathika]].	'see X' left in the Burmese
150152	vicitrapaṭa	(၁) ဆန်းကြယ်စွာ-ချုပ်-ချုပ်စပ်-အပ်သော။ (ပု) (၂) ဆန်းကြယ်သောပုဆိုး။ (ပု) (၂) အောက်ပုဒ်ကြည့်။	(1) cosido / unido con costura de manera maravillosa. (masculino) (2) paño maravilloso. (masculino) (2) Véase la entrada siguiente.	(1) wondrously sewn / stitched together. (masculine) (2) a wondrous cloth. (masculine) (2) See the following headword.	ပုဆိုး (a wrap-around lower garment) rendered 'paño / cloth'
150164	vicitrayāgukhajjakaparivāra	ဆန်းကြယ်သော ယုဂု,ခဲဘွယ်ဟူသော အခြံအရံရှိသော။	que tiene un acompañamiento que consiste en gachas, alimentos duros maravillosos.	having an accompaniment consisting of wondrous gruel, hard foods.	print 'ယုဂု' read as ယာဂု (gruel)
150172	vicitravohāra	ဆန်းကြယ်-အထူးထူးသော အပြားရှိ-သော ဘေးရန်။	peligro maravilloso / que tiene clases diversas.	a danger that is wondrous / of diverse kinds.	ဘေးရန် 'danger / enmity' is an odd gloss for -vohāra; possibly garbled
150179	vicinana	စူးစမ်း-စုံစမ်း-စိစစန်-စစ်ဆေး-ရွေးချယ်-ခြင်း။ (၂)(အနိစ္စ စသည်၏ အစွမ်းဖြင့်) သုံးသပ်ခြင်း။	el investigar / indagar / examinar / escrutar / elegir. (2) (por la fuerza de *anicca* y demás) el reflexionar.	investigating / inquiring / examining / scrutinising / choosing. (2) (by way of *anicca* and so on) reflecting.	sense number (1) missing in print; 'စိစစန်' read as စိစစ်
150181	vicinanta	(၁)စူးစမ်း-စုံစမ်း-စိစစ်-စစ်ဆေး-နှုိင်းချန်-ကူးမြောက်-ထင်ရှားပြ-ထင်စွာပြု-သော။ (၂)ဆင်ခြင်-သုံးသပ်-သော။ (၃)ရှာ-ရှာဖွေ-သော။ (၄)ဆုံးဖြတ်သော။ (၅)ကြံစည်သော။ «S1»	(1) que investiga / indaga / examina / escruta / compara / atraviesa / muestra claramente / pone de manifiesto. (2) que reflexiona / considera. (3) que busca / rebusca. (4) que decide. (5) que planea. Véase también [[vicināti]].	(1) investigating / inquiring / examining / scrutinising / comparing / crossing over / showing clearly / making manifest. (2) reflecting / considering. (3) seeking / searching out. (4) deciding. (5) planning. See also [[vicināti]].	'နှုိင်းချန်' read as နှိုင်းချိန် (compare); ကူးမြောက် 'cross over' odd here
150184	vicināti	(၁) (က)အထူးသဖြင့်-ဆည်းပူး-စုဆောင်း-ပွါးစေ-၏။ (ခ)ရှာ-ရှာမှီး-ရှာဖွေ-၏။ (၂) (က)စူးစနိး-စုံစမ်း-စိစစ်-စစ်ဆေး-၏။ (ခ)ရွေးချယ်၏။ (၃)ကြည့်-ရှု-ဆင်ခြင်-သုံးသပ်-၏။ (၄) အထူးသဖြင့်-ထိုးထွင်း၍-သိ၏၊ မျက်မှောက်ပြု၏။ (၅)ဆွတ်ယူ-ခူး-၏။ (၆)ဆုံးဖြတ်၏။ (၇)ကြံစည်၏။ (၈)ရုံးစု-စုရုံး-၏။ «S1» ဝိစိနန္တ(မ၊ဋီ၊၁။ ၂၉၁)ကြည့်။ ဝိစိနန္တ(သံ၊ဋီ၊၁။ ၂၅၁။ အံ၊ဋီ၊၂။ ၁၈၄)ကြည့်။ ဝိစိနိတွာ (ဝိ၊၃။ ၆၀။ ဝိ၊၄။ ၃၇၅)ကြည့်။	(1) (a) acumula / reúne / hace crecer especialmente. (b) busca / rastrea / rebusca. (2) (a) investiga / indaga / examina / escruta. (b) elige. (3) mira / observa / reflexiona / considera. (4) conoce especialmente penetrando; realiza. (5) arranca / recoge. (6) decide. (7) planea. (8) amontona / junta. Véase también [[vicina]]. Véase [[vicinanta]]. Véase [[vicinanta]]. Véase [[vicinitvā]].	(1) (a) especially gathers / accumulates / makes grow. (b) seeks / searches / searches out. (2) (a) investigates / inquires / examines / scrutinises. (b) chooses. (3) looks / observes / reflects / considers. (4) especially knows by penetrating; realises. (5) plucks / gathers. (6) decides. (7) plans. (8) heaps up / collects. See also [[vicina]]. See [[vicinanta]]. See [[vicinanta]]. See [[vicinitvā]].	no word-class label in the print; three 'see X (citation)' left in the Burmese; citations dropped; 'စူးစနိး' read as စူးစမ်း; မျက်မှောက်ပြု rendered 'realise'
150185	vicinati	(၁) (က)အထူးသဖြင့်-ဆည်းပူး-စုဆောင်း-ပွါးစေ-၏။ (ခ)ရှာ-ရှာမှီး-ရှာဖွေ-၏။ (၂) (က)စူးစနိး-စုံစမ်း-စိစစ်-စစ်ဆေး-၏။ (ခ)ရွေးချယ်၏။ (၃)ကြည့်-ရှု-ဆင်ခြင်-သုံးသပ်-၏။ (၄) အထူးသဖြင့်-ထိုးထွင်း၍-သိ၏၊ မျက်မှောက်ပြု၏။ (၅)ဆွတ်ယူ-ခူး-၏။ (၆)ဆုံးဖြတ်၏။ (၇)ကြံစည်၏။ (၈)ရုံးစု-စုရုံး-၏။ «S1» ဝိစိနန္တ(မ၊ဋီ၊၁။ ၂၉၁)ကြည့်။ ဝိစိနန္တ(သံ၊ဋီ၊၁။ ၂၅၁။ အံ၊ဋီ၊၂။ ၁၈၄)ကြည့်။ ဝိစိနိတွာ (ဝိ၊၃။ ၆၀။ ဝိ၊၄။ ၃၇၅)ကြည့်။	(1) (a) acumula / reúne / hace crecer especialmente. (b) busca / rastrea / rebusca. (2) (a) investiga / indaga / examina / escruta. (b) elige. (3) mira / observa / reflexiona / considera. (4) conoce especialmente penetrando; realiza. (5) arranca / recoge. (6) decide. (7) planea. (8) amontona / junta. Véase también [[vicina]]. Véase [[vicinanta]]. Véase [[vicinanta]]. Véase [[vicinitvā]].	(1) (a) especially gathers / accumulates / makes grow. (b) seeks / searches / searches out. (2) (a) investigates / inquires / examines / scrutinises. (b) chooses. (3) looks / observes / reflects / considers. (4) especially knows by penetrating; realises. (5) plucks / gathers. (6) decides. (7) plans. (8) heaps up / collects. See also [[vicina]]. See [[vicinanta]]. See [[vicinanta]]. See [[vicinitvā]].	three 'see X (citation)' left in the Burmese; citations dropped; 'စူးစနိး' read as စူးစမ်း; မျက်မှောက်ပြု rendered 'realise'
150186	vicinātha	(၁)(က)စူးစမ်း-စိစစ်-စစ်ဆေး-ကြကုန်လော့။ (ခ)ရွေးချယ်ကြကုန်လော့။ (၂)ရှာ-ရှာဖွေ-ကြကုန်လော့။ (၂) «S1»	(1) (a) ¡investigad / examinad / escrutad! (b) ¡elegid! (2) ¡buscad / rebuscad! (2) Véase [[vicināpesi]].	(1) (a) investigate / examine / scrutinise (you all)! (b) choose (you all)! (2) seek / search out (you all)! (2) See [[vicināpesi]].	no word-class label in the print; plural imperative (ကြကုန်လော့) rendered 2nd person plural
150187	vicinatha	(၁)(က)စူးစမ်း-စိစစ်-စစ်ဆေး-ကြကုန်လော့။ (ခ)ရွေးချယ်ကြကုန်လော့။ (၂)ရှာ-ရှာဖွေ-ကြကုန်လော့။ (၂) «S1»	(1) (a) ¡investigad / examinad / escrutad! (b) ¡elegid! (2) ¡buscad / rebuscad! (2) Véase [[vicināpesi]].	(1) (a) investigate / examine / scrutinise (you all)! (b) choose (you all)! (2) seek / search out (you all)! (2) See [[vicināpesi]].	plural imperative (ကြကုန်လော့) rendered 2nd person plural
150191	vicināmi	(၁)(ငါ)စူးစမ်း-ဆင်ခြင်-၏။ (၂)(ငါ)စူစမ်း-ဆင်ခြင်-အံ့။	(1) (yo) investigo / reflexiono. (2) (yo) investigaré / reflexionaré.	(1) (I) investigate / reflect. (2) (I) shall investigate / reflect.	1st person marked by (ငါ); 'စူစမ်း' read as စူးစမ်း
150193	viciniṁ	ရှာ-ရှာမှီး-ရှာဖွေ-ပြီ။	busqué / rastreé / rebusqué.	I sought / searched / searched out.	no word-class label in the print; -iṁ aorist rendered 1st person
150195	vicinī	(၁)စူးစမ်း-ဆင်ခြင်-သုံးသပ်-ပြီ။ (၂)ရွေးချယ်-စိစစ်-ပြီ။	(1) investigó / reflexionó / consideró. (2) eligió / examinó.	(1) investigated / reflected / considered. (2) chose / examined.	no word-class label in the print
150201	vicinimha	ရှာ-ရှာမှီး-ကုန်ပြီ။	buscamos / rastreamos.	we sought / searched.	plural past; -mha rendered 1st person plural
150204	vicinissāma	စူးစမ်း-ဆင်ခြင်-ကုန်အံ့၊ ရှာ-ရှာဖွေ-ရှာမှီး-ကုန်အံ့။ (သျ)။	investigaremos / reflexionaremos; buscaremos / rebuscaremos / rastrearemos.	we shall investigate / reflect; we shall seek / search out / search.	plural future (ကုန်အံ့) with -ssāma rendered 1st person plural; source tag (သျ) dropped
150212	vicintayiṁ	ကြံစည်ပြီ။	planeé.	I planned.	no word-class label in the print; -iṁ aorist rendered 1st person
150213	vicintayitvā	ကြံစည်-ထိုးထွင်းသိ-၍။	habiendo planeado / conocido penetrando.	having planned / known by penetrating.	no word-class label in the print
150228	vicuṇṇayati	အထူးသဖြင့် မုန့်မုန့်ညက်ညက် ပြုအပ်၏။ အောက်ပုဒ်ကြည့်။	es especialmente reducido a polvo fino. Véase la entrada siguiente.	is especially reduced to fine powder. See the following headword.	passive Burmese gloss (ပြုအပ်၏) for an active headword; rendered as printed
150230	vicuṇṇika	အထူးသဖြင့် မုန့်မုန့် ညက်ညက် ရှိသော။ ဝိစုဏ္ဏိကံ ကတွာ ထောကံ အာကဍိတွာ တီရေ ခိပိ။ အဋ္ဌာ။ ၁၈။	que está especialmente en polvo fino. *vicuṇṇikaṁ katvā thokaṁ ākaḍitvā tīre khipi*.	being especially in fine powder. *vicuṇṇikaṁ katvā thokaṁ ākaḍitvā tīre khipi*.	quoted Pāḷi example copied; citation (အဋ္ဌာ။ ၁၈) dropped
150234	vicuṇṇetvā	အထူးသဖြင့် -မုန့်မုန့်ညက်ညက် ပြု-ကြိတ်ချေ-၍။	habiendo reducido especialmente a polvo fino / molido.	having especially reduced to fine powder / ground.	no word-class label in the print
150243	viceyyapekkhitu	စွေစောင်း-မျက်စောင်းထိုး-၍ ကြည့်သောသူ။ (အမျက်ဖြင့် တစိန်းစိန်းကြည့်တတ်သည်။ နေရင်း၊သျ)။ ။	el que mira de soslayo / de reojo. (Suele mirar fijamente con ira.)	one who looks askance / sidelong. (He is apt to glare with anger.)	source tags (နေရင်း, သျ) dropped; stray trailing '။' ignored
150244	vicessati	အထူးသဖြင့်-ထိုးထွင်း၍-သိလတ္တံ့၊ မျက်မှောက်ပြုလတ္တံ့။ «S1»	conocerá especialmente penetrando; realizará. Véase [[vicināti]] (4).	will especially know by penetrating; will realise. See [[vicināti]] (4).	no word-class label in the print
150246	viccuta	ရွေ့လျော-ကင်းကွာ-စေအပ်သော။	hecho desplazar / apartar.	made to shift / separate.	no word-class label in the print
150249	vicchaḍḍayati	ဖရိုဖရဲ ပစ်ချသည်၏ အစွမ်းဖြင့် စွန့်ပစ်၏၊ ဖရိုဖရဲ ဖြန့်ကျဲ၏။ အောက်ပုဒ်ကြည့်။	desecha por medio de arrojar en desorden; esparce en desorden. Véase la entrada siguiente.	discards by way of throwing down in disorder; scatters in disorder. See the following headword.	no word-class label in the print
150251	vicchaḍḍayamāna	ဖရိုဖရဲ ပစ်ချသည်၏ အစွမ်းဖြင့် စွန့်ပစ်-ဖရိုဖရဲ ဖြန့်ကျဲ-သော။	que desecha / esparce en desorden, por medio de arrojar en desorden.	discarding / scattering in disorder, by way of throwing down in disorder.	no word-class label in the print
150252	vichaḍḍayamāna	ဖရိုဖရဲ ပစ်ချသည်၏ အစွမ်းဖြင့် စွန့်ပစ်-ဖရိုဖရဲ ဖြန့်ကျဲ-သော။	que desecha / esparce en desorden, por medio de arrojar en desorden.	discarding / scattering in disorder, by way of throwing down in disorder.	no word-class label in the print; spelling variant of vicchaḍḍayamāna
150254	vicchada	ဖုံးလွှမ်း-ပိတ်ပင်-တားမြစ်-မြေးယှက်-တတ်သော အကုသိုလ် တရားတို့မှ ကင်းသော (ဘုရား)။	(el Buddha) libre de los estados insanos que suelen cubrir / obstruir / impedir / enredar.	(the Buddha) free from the unwholesome states that are apt to cover / obstruct / hinder / entangle.	'မြေးယှက်' read as ယှက် (entangle)
150261	vicchā	ဝင်ခြင်း။	el entrar.	entering.	no word-class label in the print
150265	vicchika	(၁)ကင်းမြီးကောက်၊ ကင်းပုဇွန်။ (၂)၁၂-ရာသီတွင် ဗြိစ္ဆာရာသီ။	(1) escorpión; ‹ကင်းပုဇွန်›. (2) entre los 12 signos del zodiaco, el signo de Escorpio.	(1) scorpion; ‹ကင်းပုဇွန်›. (2) among the 12 signs of the zodiac, the sign of Scorpio.	ကင်းပုဇွန် another Burmese name for a scorpion (kind?) left in the Burmese
150266	vicchikaṅgapañha	ကင်းမြီးကောက်၏ အင်္ဂါနှင့်သက်ဆိုင်သော ပြဿနာ၊ ကင်းမြီးကောက်၏ အင်္ဂါပြဿနာ။	cuestión relativa a los miembros del escorpión; la cuestión de los miembros del escorpión.	a question concerning the limbs of the scorpion; the question of the scorpion's limbs.	labelled adjective but glossed as a noun
150267	vicchikanaṅguṭṭhasaṇṭhāna	ကင်းမြီးကောက်၏ အမြီးပုံ သဏ္ဌာန် ရှိသော။ «S1»	que tiene la forma de la cola de un escorpión. Véase [[vicchikāl̤ika]].	having the shape of a scorpion's tail. See [[vicchikāl̤ika]].	labelled neuter noun but glossed as an adjective
150272	vicchikāl̤a	ကင်းမြီးကောက် အမြီး။ ဝိစ္ဆိကာဠိကာ-ဒေါင့်ကွင်းကြည့်။	cola de escorpión. Véanse los corchetes en *vicchikāl̤ikā*.	a scorpion's tail. See the square brackets at *vicchikāl̤ikā*.	'see the square brackets at X' rendered literally
150278	vicchitti	တန်ဆာဆင်ခြင်း၊ လိမ်းကျံခြင်း အစရှိသည်တို့ကို တားမြစ်ခြင်း၊ (မိန်းမတို့) စံပယ်ခြင်း၊ အသွင်အပြင် ပြုပြင်စီရင်ခြင်း။	el impedir adornarse, untarse y demás; el andar con garbo (de las mujeres); el arreglar el aspecto.	preventing adornment, anointing and so on; the graceful bearing (of women); the arranging of one's appearance.	(မိန်းမတို့) စံပယ်ခြင်း uncertain: 'graceful / coquettish bearing'
150280	vicchiddaka	(၁) ဝိစ္ဆဒ္ဒက-အသုဘ—(က)(ဓားလက်နက်တို့ဖြင့်) နှစ်ဖြာ-နှစ်ပိုင်း-ဖြတ်အပ်သော (သူသေကောင်)။ (ခ)စက်ဆုပ်ဖွယ်-နှစ်ဖြာ-နှစ်ပိုင်း-ဖြတ်အပ်သော (သူသေကောင်)၊ (၂) ဝိစ္ဆိဒ္ဒက အသုဘကို အာရုံပြု၍ ဖြစ်ပော်လာသော ဥဂ္ဂဟနိမိတ်၊ ပဋိဘာဂနိမိတ်။ (၃)ယင်းဥဂ္ဂဟနိမိတ်၊ ပဋိဘာဂနိမိတ်တို့၌ ရအပ်သော ဝိစ္ဆိဒ္ဒက ဈာန်။ (န) (၄) ဝိစ္ဆိဒ္ဒက သုတ်။ (အထူးအားဖြင့် ဝိစ္ဆိဒ္ဒက အသုဘသည် ခန္ဓညကိုယ်၌ အင်္ဂါကြီးငယ်တို့၏ အပေါက်အခေါင်း မရှိ၊ တစ်လုံးတစ်ခဲတည်းဟု စွဲမှတ်၍ တပ်မက်သော ရာဂရှိသောသူအား လျှောက်ပတ်သော ရာဂငြိမ်းဆေးဖြစ်၏။ အဘိ၊ဋ္ဌ၊၁။ ၂၄၄)။	(1) *vicchaddaka*-*asubha*: (a) (cadáver) cortado en dos / en dos partes (con cuchillos y armas). (b) (cadáver) repugnante / cortado en dos / en dos partes; (2) el *uggahanimitta*, el *paṭibhāganimitta* que surgen tomando como objeto el *vicchiddaka* *asubha*. (3) el *jhāna* *vicchiddaka* obtenido en ese *uggahanimitta*, *paṭibhāganimitta*. (neutro) (4) el sutta *vicchiddaka*. (En particular, el *vicchiddaka* *asubha* es un remedio apropiado que apacigua el *rāga* para la persona que tiene *rāga* y se apega, aferrándose a la idea de que en el cuerpo los miembros mayores y menores no tienen orificios ni cavidades, que es una sola masa compacta.)	(1) *vicchaddaka*-*asubha*: (a) (a corpse) cut in two / into two parts (with knives and weapons). (b) (a corpse) loathsome / cut in two / into two parts; (2) the *uggahanimitta*, the *paṭibhāganimitta* that arise taking the *vicchiddaka* *asubha* as object. (3) the *vicchiddaka* *jhāna* obtained in that *uggahanimitta*, *paṭibhāganimitta*. (neuter) (4) the *vicchiddaka* sutta. (In particular, the *vicchiddaka* *asubha* is a fitting remedy that allays *rāga* for a person who has *rāga* and is attached, clinging to the notion that in the body the major and minor limbs have no openings or hollows, that it is one compact mass.)	no word-class label in the print; (1) spelt ဝိစ္ဆဒ္ဒက, copied as printed; 'ခန္ဓညကိုယ်' read as ခန္ဓာကိုယ် (body); citation dropped
150282	vicchiddakasaññā	(က) ဝိစ္ဆိဒ္ဒကအသုဘ နိမိတ်၌ (အပ္ပနာ၏ အစွမ်းဖြင့်)ဖြစ်သော သညာ။ (ခ) ' ဝိစ္ဆိဒ္ဒက၊ ဝိစ္ဆိဒ္ဒက'ဟု ပွါးများသော သူအားဖြစ်သော သညာ၊ ထိုသညာ-အဦးရှိ-ပြဓာန်း-သော ဥပစာရဈာန်။ အဋ္ဌိကသညာ (ဒီ၊ဋ္ဌ၊၃။ ၂၀၂။ ဒီ၊ဋီ၊၃။ ၂၃၃)၊ အသုဘသညာ (အံ၊ဋ္ဌ၊၁။ ၄၀၈)၊ ဥဒ္ဓုမာတကသညာ သဟဂတ(အဘိ၊ဋ္ဌ၊၁။ ၂၄၃)တို့လည်းကြည့်။	(a) la *saññā* que surge (por la fuerza de la *appanā*) en el *nimitta* del *vicchiddakaasubha*. (b) la *saññā* que surge en quien cultiva «*vicchiddaka*, *vicchiddaka*»; el *upacārajhāna* que tiene esa *saññā* como precursora / principal. Véanse también [[aṭṭhikasaññā]], [[asubhasaññā]], [[uddhumātakasaññā sahagata]].	(a) the *saññā* that arises (by way of *appanā*) in the *nimitta* of the *vicchiddakaasubha*. (b) the *saññā* that arises in one who develops '*vicchiddaka*, *vicchiddaka*'; the *upacārajhāna* that has that *saññā* as forerunner / as chief. See also [[aṭṭhikasaññā]], [[asubhasaññā]], [[uddhumātakasaññā sahagata]].	no word-class label in the print; 'see also X, Y, Z' left in the Burmese, citations dropped
150283	vicchiddakasaññāsahagata	ဝိစ္ဆိဒ္ဒကအသုဘ နိမိတ်၌ အပ္ပနာ၏ အစွမ်းဖြင့်ဖြစ်သော သညာ-ဝိစ္ဆိဒ္ဒကသညာ-နှင့်တကွဖြစ်သော။	que va acompañado de la *saññā* / la *vicchiddakasaññā* que surge por la fuerza de la *appanā* en el *nimitta* del *vicchiddakaasubha*.	accompanied by the *saññā* / the *vicchiddakasaññā* that arises by way of *appanā* in the *nimitta* of the *vicchiddakaasubha*.	no word-class label in the print
150285	vicchindajanana	(ရတနာ သုံးပါ၌ဖြစ်သော သဒ္ဓါတရား၏) ပြတ်-ဖြတ်-ခြင်းကို ဖြစ်စေခြင်း။	el producir la ruptura / el corte (de la *saddhā* en las tres Joyas).	producing the breaking off / cutting off (of *saddhā* in the three Jewels).	'သုံးပါ' read as သုံးပါး
150286	vicchindati	(၁)(အပိုင်းအပိုင်း) ဖြတ်၏။ (၂)ပြတ်၏။ (၃)ဖျက်ဆီး-ပယ်ဖျောက်-၏။ (၄)စွန့်၏၊ ကင်းအောင် ပြု၏။ (၅)မပြောမဆို။ «S1» «S2» «S3»	(1) corta (en pedazos). (2) se corta. (3) destruye / elimina. (4) renuncia; hace que quede libre. (5) sin decir nada. Véase [[vicchinditvā]] (2). Véase [[vicchindeti]]. Véase [[vicchinditvaya]] (4).	(1) cuts (into pieces). (2) is cut off. (3) destroys / eliminates. (4) gives up; makes free. (5) without saying anything. See [[vicchinditvā]] (2). See [[vicchindeti]]. See [[vicchinditvaya]] (4).	sense (5) 'မပြောမဆို' ('without saying anything') unclear as a gloss of the verb
150288	vicchindana	စွန့်-ဖြတ်-စေခြင်း။	el hacer renunciar / cortar.	causing to give up / cut off.	no word-class label in the print
150292	vicchindaniya	(ကိုယ်၌ တပ်နှစ်သက်မှုကို) ပယ်-ဖြတ်-တတ်သော၊ ဝိစ္ဆန္ဒနိယ-လည်းကြည့်။	que suele abandonar / cortar (el apego complacido al cuerpo); véase también *vicchandaniya*.	apt to abandon / cut off (attached delight in the body); see also *vicchandaniya*.	labelled neuter noun but glossed as an adjective; 'see also X' left in the Burmese; ကိုယ် read as 'body' (could be 'oneself')
150293	vicchindanīya	(ကိုယ်၌ တပ်နှစ်သက်မှုကို) ပယ်-ဖြတ်-တတ်သော၊ ဝိစ္ဆန္ဒနိယ-လည်းကြည့်။	que suele abandonar / cortar (el apego complacido al cuerpo); véase también *vicchandaniya*.	apt to abandon / cut off (attached delight in the body); see also *vicchandaniya*.	no word-class label in the print; 'see also X' left in the Burmese; ကိုယ် read as 'body' (could be 'oneself')
150296	vicchindituṁ	ဖျက်ဆီး-ပယ်ဖျောက်-ခြင်းငှါ။	para destruir / eliminar.	in order to destroy / eliminate.	no word-class label in the print
150298	vicchinditvā	(၁)ဖြတ်၍။ (၂)ပြတ်၍။ (၃)ဖျက်ဆီး-ပယ်ဖျောက်-၍။ (၄)မပြော-မဆို-မူ၍။	(1) habiendo cortado. (2) habiéndose cortado. (3) habiendo destruido / eliminado. (4) sin hablar / sin decir.	(1) having cut. (2) having been cut off. (3) having destroyed / eliminated. (4) without speaking / without saying.	no word-class label in the print
150302	vicchindenta	စွန့်-ပယ်-ဖြတ်-စေလိုသော။	que desea hacer renunciar / abandonar / cortar.	wishing to cause to give up / abandon / cut off.	'-စေလိုသော' (wishing to cause) for a present participle; possibly a misprint for -စေသော
150306	vicchinnadesa	(၁)ပြတ်-ကင်း-ရာအရပ်။ (တိ) (၂)ပြတ်-ကင်း-ရာ-အရပ်ရှိသော။ (၂)အောက်ပုဒ်ကြည့်။	(1) el lugar donde está interrumpido / separado. (adjetivo) (2) que tiene un lugar donde está interrumpido / separado. (2) Véase la entrada siguiente.	(1) the place where it is interrupted / separated. (adjective) (2) having a place where it is interrupted / separated. (2) See the following headword.	no word-class label in the print
150311	viccheda	(၁)ပြတ်ခြင်း။ (၂)ဖြတ်ခြင်း။	(1) el romperse. (2) el cortar.	(1) breaking off. (2) cutting.	no word-class label in the print
150315	vicchedattha	ဖြတ်ခြင်းဟူသော အနက်။	el significado «cortar».	the meaning 'cutting'.	no word-class label in the print
150327	vijaññaṁ	(ငါ)သိရာ၏။	(yo) conocería.	(I) would know.	no word-class label in the print; 1st person marked by (ငါ)
150331	vijaṭana	(အရှုပ်-အထုံး-အဖွဲ့-ကို) ဖြေရှင်း-ပယ်-ခြင်း။	el desenredar / abandonar (el enredo / el nudo / la atadura).	disentangling / abandoning (the tangle / knot / binding).	no word-class label in the print
150337	vijaṭāpetha	(သင်တို့)ဖြေရှင်းစေကုန်၏။	(vosotros) hacéis desenredar.	(you all) cause to disentangle.	no word-class label in the print
150341	vijaṭāpessatha	(သင်တို့)ဖြေရှင်းစေကုန်ပြီ။ (နာမသဒ္ဒါ၏ အယှဉ် ဿထ-ဝိဘတ် အတိတ်အနက်၌ ဖြစ်သည်။ မောဂ်၊ ၆။ ၃-သုတ်ကြည့်)။	(vosotros) hicisteis desenredar. (La desinencia *ssatha*, no unida a un nombre, está en sentido de pasado. Véase [[moggallāna]] 6, regla 3.)	(you all) caused to disentangle. (The ending *ssatha*, not joined to a noun, is in the past sense. See [[moggallāna]] 6, rule 3.)	grammatical note 'နာမသဒ္ဒါ၏ အယှဉ်' unclear ('not joined to a noun'?); reference to Moggallāna's grammar 6.3 kept
150345	vijaṭitajaṭa	ဖြေရှင်းအပ်ပြီးသည့် တဏှာဟူသော အရှုပ်အထွေးရှိသော၊ တဏှာဟူသော အရှုပ်အထွေးကို ဖြေရှင်းပြီးသော။	que tiene ya desenredado el enredo que es la *taṇhā*; que ha desenredado el enredo que es la *taṇhā*.	whose tangle that is *taṇhā* has been disentangled; who has disentangled the tangle that is *taṇhā*.	labelled verb but glossed as an adjective
150352	vijaṭetvā	ဝိ+ဇဋ+ဏေ+တွာ]	*vi+jaṭa+ṇe+tvā*	*vi+jaṭa+ṇe+tvā*	only a grammatical analysis (vi+jaṭa+ṇe+tvā) is printed, no gloss; stray ']' dropped
150362	vijanayati	ဖြစ်စေ၏။ အောက်ပုဒ်ကြည့်။	produce. Véase la entrada siguiente.	produces. See the following headword.	no word-class label in the print
150364	vijanayiṁ	(ငါ)ဖြစ်စေခဲ့ပြီ။	(yo) produje.	(I) produced.	1st person marked by (ငါ)
150365	vijappati	အထူးထူး အပြားပြား များစွာ-မြည်တမ်း-ပြောဆို-၏။	se lamenta / habla mucho, de diversos modos y maneras.	laments / speaks much, in diverse ways and manners.	hyphen chain 'များစွာ-မြည်တမ်း-ပြောဆို' read as 'much' + two alternative verbs
150366	vijappanta	အထူးထူး အပြားပြား များစွာ-မြည်တမ်း-ပြောဆို-သောသူ။ «S1»	que se lamenta / habla mucho, de diversos modos y maneras (dicho de una persona). Véase [[vijappati]].	lamenting / speaking much, in diverse ways and manners (said of a person). See [[vijappati]].	hyphen chain 'များစွာ-မြည်တမ်း-ပြောဆို' read as 'much' + two alternative verbs
150367	vijambhaka	တင့်တယ်-စမ္ပယ်-ကွန့်မြူး-တတ်သောသူ။	que suele lucirse / solazarse / retozar (dicho de una persona).	apt to shine / disport oneself / frolic (said of a person).	စမ္ပယ် (= စံပယ်) rendered 'solazarse / disport oneself', uncertain
150368	vijambhati	(၁)ကိုယ်လက် ဆန့်တန်း-သမ်းဝေ-၏။ (၂)တင့်တယ်-စမ္ပယ်-ကွန့်မြူး-၏။ မူရင်းကြည့်ပါ။	(1) estira el cuerpo y los miembros / bosteza. (2) se luce / se solaza / retoza. Véase el original.	(1) stretches the body and limbs / yawns. (2) shines / disports himself / frolics. See the original.	'see the original' rendered literally; စမ္ပယ် rendered 'solazarse / disport', uncertain
150369	vijambhana	(၁)အဖန်ဖန်-အထပ်ထပ်-တုန်လှုပ်ခြင်း။ (၂) ကိုယ်လက် ဆန့်တန်း-သမ်းဝေ-ခြင်း။ (၃)ပျံ့နှံ့ခြင်း။ (၄) တင့်တယ်-စမ္ပယ်-ကွန့်မြူး-ခြင်း။ (၅)တင့်တယ်-စမ္ပယ်-ကွန့်မြူး-ရာ (အချိန်၊ ကာလ စသည်)။ ဝိဇမ္ဘနကာလ၊ ဝိဇမ္ဘနဘူမိ –တို့ကြည့်။	(1) el temblar una y otra vez / repetidamente. (2) el estirar el cuerpo y los miembros / bostezar. (3) el extenderse. (4) el lucirse / solazarse / retozar. (5) el (momento, la ocasión y demás) de lucirse / solazarse / retozar. Véanse [[vijambhanakāla]], [[vijambhanabhūmi]].	(1) trembling again and again / repeatedly. (2) stretching the body and limbs / yawning. (3) spreading. (4) shining / disporting oneself / frolicking. (5) the (time, occasion and so on) of shining / disporting oneself / frolicking. See [[vijambhanakāla]], [[vijambhanabhūmi]].	'see X, Y' left in the Burmese; စမ္ပယ် rendered 'solazarse / disport', uncertain
150370	vijambhana	(ဒေသနာတော်ကို) တင့်တယ်-စမ္ပယ်-ကွန့်မြူး-စေတတ်သော။	que suele hacer lucir / solazarse / retozar (la exposición de la Enseñanza).	apt to make (the exposition of the Teaching) shine / disport / frolic.	no word-class label in the print
150374	vijambhanti	ကိုယ်လက် ဆန့်တန်းကုန်၏။ ငြီးငွေ့သည်၏ အစွမ်းဖြင့် ကိုယ်တဆန့်ဆန့် ရှိကုန်၏။ (ဗား၊သျ)။ «S1»	estiran el cuerpo y los miembros. Por la fuerza del hastío, se desperezan. Véase también [[vibhambhati]].	they stretch the body and limbs. Through weariness, they stretch themselves lazily. See also [[vibhambhati]].	source tags (ဗား, သျ) dropped
150376	vijambhavatthu	ဝိဇမ္ဘဝတ္ထု 'မည်သော နေရာ။ မူရင်းကြည့်ပါ။	el lugar llamado *vijambhavatthu*. Véase el original.	the place called *vijambhavatthu*. See the original.	'see the original' rendered literally; stray quote mark dropped
150379	vijambhita	(၁)ကိုယ်လက် ဆန့်တန်းခြင်း၊ ကိုယ်တဆန့်ဆန့်ကျင်ကျင်ရှိခြင်း။ (ပြည်၊သျ)။ (၂)ပျင်းရိ-သမ်းဝေ-ခြင်း။ (၃) လှပတင့်တယ်- စမ္ပယ်-ကွန့်မြူး-ခြင်း (၄) ကိုယ်လက် ဆန့်တန်းတတ်သော။	(1) el estirar el cuerpo y los miembros; el desperezarse. (2) el estar perezoso / bostezar. (3) el lucir hermoso / solazarse / retozar. (4) que suele estirar el cuerpo y los miembros.	(1) stretching the body and limbs; stretching oneself lazily. (2) being lazy / yawning. (3) shining beautifully / disporting oneself / frolicking. (4) apt to stretch the body and limbs.	source tags (ပြည်, သျ) dropped; missing '။' after (3) supplied
150381	vijambhitasamussaya	လှပတင့်တယ်- စမ္ပယ်-ကွန့်မြူး-ခြင်း တို့၏ အပေါင်းရှိသော။	que tiene un conjunto de lucimientos hermosos / solaces / retozos.	having a mass of beautiful shining / disporting / frolicking.	no word-class label in the print
150384	vijambhissaṁ	(ငါ) တင့်တယ်-စမ္ပယ်-ကွန့်မြူး-အံ့။	(yo) me luciré / me solazaré / retozaré.	(I) shall shine / disport myself / frolic.	1st person marked by (ငါ)
150388	vijambheyyaṁ	(ငါ) တင့်တယ်-စမ္ပယ်-ကွန့်မြူး-အံ့။	(yo) me luciré / me solazaré / retozaré.	(I) shall shine / disport myself / frolic.	1st person marked by (ငါ); optative headword glossed with the future (အံ့)
150389	vijaya	(၁)အောင်နိုင်-လွှမ်းမိုး-ခြင်း။ (၂)(အလုံးစုံသော ပုထုဇဉ်တို့ကို) အောင်နိုင်-ပြီး-ဆဲ-လတ္တံ့-ဖြစ်သော မစ္စု၊ ကိလေသ၊ ဒေဝပုတ္တမာရ်များ။ (၃)အောင်နိုင်-အောင်မြင်-ရာ။ (၄)အောင်နိုင်-အောင်မြင်-ကြောင်း။ (၅)(သီဟိုဠ်ကျွန်း၏ အစပဌမဘုရင်) ဝိဇယမင်း။ (၆) (ဗာရာဏသီပြည်၌ စိုးစံသော) ဝိဇယမင်း။ (၇)(တောဒေယျထေရ်၏အလောင်း) ဝိဇယမင်း။ (၈)(ဝိဒေဟရာဇ်တိုင်း၊ မိထိလာပြည်၌ စိုးစံသော အင်္ဂတိမင်းကြီး၏)ဝိဇယအမတ်။ (၉)(ဝိဇယမင်း၏) ဝိဇယအမတ်။ (၁၀)ဝိဇယသတို့သာ၊ ဝိဇယထေရ်။ (၁၁)(အရိမေတ္တယျ ဘုရားရှင်၏ အလုပ်အကျွေး) ဝိဇယ။ (၁၂)ဝိဇယသုတ်။ မူရင်းကြည့်ပါ။	(1) el vencer / dominar. (2) los *maccu*, *kilesa*, *devaputtamāra* que han vencido / vencen / vencerán (a todos los *puthujjana*). (3) el lugar donde se vence / triunfa. (4) la causa de vencer / triunfar. (5) el rey *vijaya* (primer rey de la isla de *sīhaḷa*). (6) el rey *vijaya* (que reinaba en la ciudad de *bārāṇasī*). (7) el rey *vijaya* (existencia anterior del *thera* *todeyya*). (8) el ministro *vijaya* (del gran rey *aṅgati*, que reinaba en la ciudad de *mithilā*, en el reino de *videha*). (9) el ministro *vijaya* (del rey *vijaya*). (10) el joven *vijaya*; el *thera* *vijaya*. (11) *vijaya* (asistente del Buddha *arimettayya*). (12) el sutta *vijaya*. Véase el original.	(1) conquering / overcoming. (2) the *maccu*, *kilesa*, *devaputtamāra* that have conquered / are conquering / will conquer (all *puthujjana*). (3) the place where one conquers / triumphs. (4) the cause of conquering / triumphing. (5) King *vijaya* (the first king of the island of *sīhaḷa*). (6) King *vijaya* (who reigned in the city of *bārāṇasī*). (7) King *vijaya* (a former existence of the *thera* *todeyya*). (8) the minister *vijaya* (of the great king *aṅgati*, who reigned in the city of *mithilā* in the kingdom of *videha*). (9) the minister *vijaya* (of King *vijaya*). (10) the young man *vijaya*; the *thera* *vijaya*. (11) *vijaya* (attendant of the Buddha *arimettayya*). (12) the *vijaya* sutta. See the original.	'ဝိဒေဟရာဇ်တိုင်း' rendered 'the kingdom of ⟦ဝိဒေဟ⟧'; 'see the original' rendered literally
150392	vijayatthera	ဝိဇယထေရ်။ မူရင်းကြည့်ပါ။	el *thera* *vijaya*. Véase el original.	the *thera* *vijaya*. See the original.	'see the original' rendered literally
150400	vijayayutta	အောင်နိုင်-အောင်မြင်-ခြင်းနှင့် ယှဉ်သော။	asociado con el vencer / triunfar.	associated with conquering / triumphing.	no word-class label in the print
150404	vijayamāhika	ဝိဇယမာဟိက သူကြွယ်။ မူရင်းကြည့်ပါ။	el acaudalado *vijayamāhika*. Véase el original.	the wealthy man *vijayamāhika*. See the original.	'see the original' rendered literally
150405	vijayasutta	ဝိဇယသုတ်၊ ခန္ဓာကိုယ်၌ တပ်မက်စွဲလမ်းမှု ဆန္ဒရာဂ (=တဏှာ၊ လောဘ)ကို အောင်နိုင်-အောင်မြင်-ကြောင်းဖြစ်သော သုတ်၊ ခန္ဓာကိုယ်၌ တပ်မက်စွဲလမ်းမှု ဆန္ဒရာဂကို- အောင်နိုင်-အောင်မြင်-ဘို့ရန် ဟောကြားတော်မူအပ်သော သုတ်။ မူရင်းကြည့်ပါ။ အကျယ်ကို—သုတ္တနိ။ ၃၀၇-၈။ သုတ္တနိ၊ဋ္ဌ၊၁။ ၂၃၃-၄၄။ တို့ကြည့်။	el sutta *vijaya*; el sutta que es causa de vencer / triunfar sobre el *chandarāga* (= *taṇhā*, *lobha*), el apego y aferramiento al cuerpo; el sutta enseñado para vencer / triunfar sobre el *chandarāga*, el apego y aferramiento al cuerpo. Véase el original. Para el detalle, véanse el *suttanipāta* y su comentario.	the *vijaya* sutta; the sutta that is the cause of conquering / triumphing over *chandarāga* (= *taṇhā*, *lobha*), attachment and clinging to the body; the sutta taught in order to conquer / triumph over *chandarāga*, attachment and clinging to the body. See the original. For details see the *suttanipāta* and its commentary.	no word-class label in the print; 'see the original' rendered literally; citations (Suttanipāta and commentary) reduced to titles
150413	vijayī	(ကြိ)	(verbo)	(verb)	no word-class label and no gloss; only the label (ကြိ) is printed
150414	vijayuttara	ဝိဇယုတ္တရ မည်သော (ခရုသင်း)၊ မြတ်သည်ဖြစ်၍-အောင်နိုင်-အောင်မြင်-ကြောင်းဖြစ်-စေ-တတ်-သော (ခရုသင်း)။	(la caracola) llamada *vijayuttara*; (la caracola) que, siendo excelente, suele ser causa de / hacer vencer / triunfar.	(the conch) called *vijayuttara*; (the conch) that, being excellent, is apt to be the cause of / to bring about conquering / triumphing.	hyphen chain '…-ကြောင်းဖြစ်-စေ-တတ်-သော' read as 'be the cause of / cause'
150428	vijahāma	(ငါတို့) စွန့်-ပယ်-စွန့်ပစ်-စွန့်လွှတ်-ကြကုန်၏။	(nosotros) renunciamos / abandonamos / desechamos / soltamos.	(we) give up / abandon / discard / let go.	1st person plural marked by (ငါတို့)
150430	vijahāmi	(ငါ) စွန့်-ပယ်-စွန့်ပစ်-စွန့်လွှတ်-၏။	(yo) renuncio / abandono / desecho / suelto.	(I) give up / abandon / discard / let go.	1st person marked by (ငါ)
150442	vijahissati	စွန့်-ပယ်-စွန့်ပစ်-စွန့်လွှတ်-အံ့-လတ္တံ့-လိမ့်မည်။	renunciará / abandonará / desechará / soltará.	will give up / abandon / discard / let go.	three alternative future endings (အံ့-လတ္တံ့-လိမ့်မည်) rendered by one future
150443	vijahissasi	(သင်) စွန့်-ပယ်-စွန့်ပစ်-စွန့်လွှတ်-အံ့-လတ္တံ့-လိမ့်မည်။	(tú) renunciarás / abandonarás / desecharás / soltarás.	(you) will give up / abandon / discard / let go.	three alternative future endings (အံ့-လတ္တံ့-လိမ့်မည်) rendered by one future
150444	vijahissāmi	(ငါ) စွန့်-ပယ်-စွန့်ပစ်-စွန့်လွှတ်-အံ့-လတ္တံ့-လိမ့်မည်။	(yo) renunciaré / abandonaré / desecharé / soltaré.	(I) shall give up / abandon / discard / let go.	no word-class label in the print; 1st person marked by (ငါ); three alternative future endings rendered by one future
150446	vijahemu	(ငါတို့) စွန့်-ပယ်-စွန့်ပစ်-စွန့်လွှတ်-ကုန်ရာ၏။	(nosotros) renunciaríamos / abandonaríamos / desecharíamos / soltaríamos.	(we) would give up / abandon / discard / let go.	1st person plural marked by (ငါတို့)
150447	vijaheyya	စွန့်-ပယ်-စွန့်ပစ်-စွန့်လွှတ်-ရာ၏။	renunciaría / abandonaría / desecharía / soltaría.	would give up / abandon / discard / let go.	no word-class label in the print
150455	vijātapaccaya	မွေးဖွာခြင်းဟူသော အကြောင်း။	la causa que consiste en dar a luz.	the cause that is giving birth.	no word-class label in the print; 'မွေးဖွာ' read as မွေးဖွား
150456	vijātappaccaya	မွေးဖွာခြင်းဟူသောအကြောင်း။	la causa que consiste en dar a luz.	the cause that is giving birth.	no word-class label in the print; 'မွေးဖွာ' read as မွေးဖွား
150459	vijātapilakkha	(ရွက်ညွန့်) ပေါက်-ထွက်-ပြီးသော ညောင်ကြတ်ပင်။	árbol ‹ညောင်ကြတ်› que ha brotado / echado (brotes).	a ‹ညောင်ကြတ်› tree that has sprouted / put out (shoots).	ညောင်ကြတ် (pilakkha, a fig tree) left in the Burmese
150468	vijāti	(၁) (က) ဖောက်ပြန်သော ဇာတ်ရှိသော။ (ခ) ယုတ်ညံ့သော ဇာတ်ရှိသော။ (ဂ) ဇာတ်နိမ့်သော၊ (အမျိုးယုတ်သော၊ နေရင်း၊ သျ)။ (၂) နာရနာသိက ခော် ပထယ်သံ (သျ) = သံရိုင်း = ခဲ။	(1) (a) que tiene una casta perversa. (b) que tiene una casta vil. (c) de casta baja; (de linaje vil). (2) el hierro ‹ပထယ်› llamado *nāranāsika* = hierro bruto = plomo.	(1) (a) having a perverse caste. (b) having a vile caste. (c) of low caste; (of vile lineage). (2) the ‹ပထယ်› iron called *nāranāsika* = crude iron = lead.	source tags (နေရင်း, သျ) dropped; sense (2) unclear: 'ခော်' read as ခေါ်, ပထယ်သံ left in the Burmese, သံရိုင်း rendered 'crude iron' tentatively
150469	vijātika	(၁) မတူ-ကွဲပြား-သောဇာတ် ရှိသော၊ သူ။ (၂) မတူသော သဘောရှိသော၊ သူ။	(1) que tiene una casta distinta / diferente (dicho de una persona). (2) que tiene una naturaleza distinta (dicho de una persona).	(1) having a caste that is not the same / different (said of a person). (2) having a nature that is not the same (said of a person).	no word-class label in the print
150472	vijātiloha	ဝိဇာတိ(၂)-အနက်ကြည့်။	Véase [[vijāti]] (2).	See [[vijāti]] (2).	'see X (sense 2)' left in the Burmese
150474	vijānataṁ	သိလော့၊ သိပါစေသား။	¡conoce!; ¡que lo conozca!	know!; may he know!	two imperative glosses (2nd and 3rd person)
150493	vijānanaparivāra	အာရုံကို-သိခြင်း-ရခြင်းအားဖြင့် (အနညာတညဿာ-မီတိန္ဒြေ၏) အခြံအရံ။	el séquito (de la *anaññātaññassāmītindriya*) por medio del conocer / captar el objeto.	the retinue (of the *anaññātaññassāmītindriya*) by way of knowing / apprehending the object.	print 'အနညာတညဿာ-မီတိန္ဒြေ' garbled; read as anaññātaññassāmītindriya
150508	vijānāti	(၁) ပိုင်းခြားအပ်သော အာရုံကို ရသည်၏ အစွမ်းဖြင့် သိ၏။ (၂) သိ၏။ (၃) ထိုးထွင်း၍သိ၏။ (၄) အထူးထူး အပြားပြား များစွာသိ၏။ (၅) ကောင်းစွာသိ၏။ (၃)  «S1» (၄)  «S2» (၅) ဝိဇာနိယ (ထေရ၊ဋ္ဌ၊၁။ ၂၃၀)-ကြည့်။	(1) conoce por la fuerza de captar un objeto delimitado. (2) conoce. (3) conoce penetrando. (4) conoce mucho, de diversos modos y maneras. (5) conoce bien. (3) Véase [[vijāneyya]] (2). (4) Véase [[vijāneyyāma]]. (5) Véase [[vijāniya]].	(1) knows by way of apprehending a delimited object. (2) knows. (3) knows by penetrating. (4) knows much, in diverse ways and manners. (5) knows well. (3) See [[vijāneyya]] (2). (4) See [[vijāneyyāma]]. (5) See [[vijāniya]].	no word-class label in the print; 'see X (citation)' left in the Burmese, citation dropped
150509	vijānati	(၁) ပိုင်းခြားအပ်သော အာရုံကို ရသည်၏ အစွမ်းဖြင့် သိ၏။ (၂) သိ၏။ (၃) ထိုးထွင်း၍သိ၏။ (၄) အထူးထူး အပြားပြား များစွာသိ၏။ (၅) ကောင်းစွာသိ၏။ (၃)  «S1» (၄)  «S2» (၅) ဝိဇာနိယ (ထေရ၊ဋ္ဌ၊၁။ ၂၃၀)-ကြည့်။	(1) conoce por la fuerza de captar un objeto delimitado. (2) conoce. (3) conoce penetrando. (4) conoce mucho, de diversos modos y maneras. (5) conoce bien. (3) Véase [[vijāneyya]] (2). (4) Véase [[vijāneyyāma]]. (5) Véase [[vijāniya]].	(1) knows by way of apprehending a delimited object. (2) knows. (3) knows by penetrating. (4) knows much, in diverse ways and manners. (5) knows well. (3) See [[vijāneyya]] (2). (4) See [[vijāneyyāma]]. (5) See [[vijāniya]].	'see X (citation)' left in the Burmese, citation dropped
150510	vijānātha	(၁) သိကုန်၏။ (၂) သိကုန်လော။	(1) conocen. (2) ¡conoced!	(1) know. (2) know (you all)!	no word-class label in the print; (1) person unmarked, rendered 3rd person though -tha is 2nd plural; (2) …လော under an imperative headword read as the imperative လော့
150512	vijānāpetu	(တစ်ပါးသူကို) အထူးသဖြင့် သစေတတ်သော၊ သူ။	que suele hacer conocer especialmente (a otro) (dicho de una persona).	apt to make (another) especially know (said of a person).	no word-class label in the print; 'သစေ' read as သိစေ
150514	vijānāma	(ငါတို့) သိကုန်၏။	(nosotros) conocemos.	(we) know.	no word-class label in the print; 1st person plural marked by (ငါတို့)
150515	vijānāmi	(၁) (ငါ) သိ၏။ (၂) အထူးပြု၍သိ၏။	(1) (yo) conozco. (2) conozco especialmente.	(1) (I) know. (2) I especially know.	1st person marked by (ငါ) in (1); (2) unmarked, rendered 1st person after the -mi headword
150521	vijānituṁ	သိခြင်းငှါ။	para conocer.	in order to know.	no word-class label in the print
150524	vijāniya	(၁) သိအပ်သော။ (န) (၂) သိခြင်း။	(1) conocido. (neutro) (2) el conocer.	(1) known. (neuter) (2) knowing.	no word-class label in the print
150527	vijānisaṁ	ထိုးထွင်း၍သိပြီ။	conoció penetrando.	knew by penetrating.	person unmarked, rendered 3rd person; -isaṁ may be 1st person singular
150531	vijānissāma	(ငါတို့) သိကုန်-လတ္တံ့-အံ့။	(nosotros) conoceremos.	(we) shall know.	1st person plural marked by (ငါတို့); two alternative future endings (လတ္တံ့-အံ့) rendered by one future
150532	vijānemu	သိကုန်ရာ၏၊ သိကုန်အံ့။	conoceríamos; conoceremos.	we would know; we shall know.	person unmarked; rendered 1st person plural after the -mu headword
150533	vijāneyyaṁ	(၁) (ငါ) သိရာ၏။ (၂) (ငါ) ထိုးထွင်း၍ သိရာ၏။	(1) (yo) conocería. (2) (yo) conocería penetrando.	(1) (I) would know. (2) (I) would know by penetrating.	1st person marked by (ငါ)
150534	vijāneyya	(၁) သိ-ဆင်ခြင်၍သိ-ရာ၏။ (၂) ထိုးထွင်း၍ သိရာ၏။	(1) conocería / conocería reflexionando. (2) conocería penetrando.	(1) would know / would know by reflecting. (2) would know by penetrating.	no word-class label in the print
150535	vijāneyya	(၁) သိအပ်သော။ (န) (၂) သိခြင်း။	(1) conocido. (neutro) (2) el conocer.	(1) known. (neuter) (2) knowing.	no word-class label in the print
150536	vijāneyyāma	အထူးထူးအပြားပြား များစွာ-သိကုန်-အံ့-ရာ၏။	conoceremos / conoceríamos mucho, de diversos modos y maneras.	we shall / would know much, in diverse ways and manners.	person unmarked; rendered 1st person plural after the -āma headword; alternative endings (အံ့-ရာ၏) kept
150540	vijāyatha	ဖြစ်စေပြီ။ ဝိဇာယတိ(၁) အနက်ကြည့်။	produjo. Véase [[vijāyati]] (1).	produced. See [[vijāyati]] (1).	no word-class label in the print; 'see X (sense 1)' left in the Burmese
150541	vijāyana	(န) (၁) မွေးဖွား-ဖွားမြင်-သားဖွား- (အဥ) ဥ-ခြင်း။ (၂) မွေးဖွား-ဖွားမြင်-သားဖွား-(အဥ) ဥ-ရာ။ (၃) မွေးဖွား-ဖွားမြင်-(အဥ)ဥ-တတ်သော။ (၂)  «S1» (၃) အောက်ပုဒ်ကြည့်။	(neutro) (1) el dar a luz / alumbrar / parir / poner (huevos). (2) el lugar donde se da a luz / alumbra / pare / pone (huevos). (3) que suele dar a luz / alumbrar / poner (huevos). (2) Véanse [[vijāyanakāla]], [[vajayanaghara]]. (3) Véase la entrada siguiente.	(neuter) (1) giving birth / bringing forth / bearing a child / laying (eggs). (2) the place where one gives birth / brings forth / bears a child / lays (eggs). (3) apt to give birth / bring forth / lay (eggs). (2) See [[vijāyanakāla]], [[vajayanaghara]]. (3) See the following headword.	labelled adjective, but (1)–(2) are marked neuter nouns
150542	vijāyanaka	ဝိဇာယန(၃) အနက်ကြည့်။	Véase [[vijāyana]] (3).	See [[vijāyana]] (3).	'see X (sense 3)' left in the Burmese
150551	vijāyanupāya	သားဖွား-မွေးဖွား-ဖွားမြင်-ခြင်း၏-အံ့သော-အကြောင်း-ဥပါယ်။	la causa / el medio del dar a luz a un hijo / parir / alumbrar.	the cause / means of bearing a child / giving birth / bringing forth.	'-အံ့သော-' between ၏ and အကြောင်း unclear (garbled; perhaps 'that will be'); left out
150553	vijāyanti	(၁) မွေးဖွား-ဖွားမြင် (အဥ) ဥ-ကုန်၏။ (၂)အပင်ပေါက်-စည်ပင်ပေါက်ရောက်-ကုန်၏။ (၂)ဝိဇာယတိ (၃)အနက်ကြည့်။	(1) paren / alumbran / ponen (huevos). (2) brotan / crecen y prosperan. (2) Véase [[vijāyati]] (3).	(1) they give birth / bring forth / lay (eggs). (2) they sprout / grow and flourish. (2) See [[vijāyati]] (3).	(2) printed twice; the second is 'see ဝိဇာယတိ sense 3' left in the Burmese; in (1) '(အဥ) ဥ' read as 'lay (eggs)', in (2) the subject (plants) is implied
150558	vijāyāmi	(ငါ) မွေးဖွား-ဖွားမြင်-လတ္တံ့။	(yo) daré a luz / alumbraré.	(I) shall give birth / bring forth.	no label; (ငါ) with the future လတ္တံ့ for a -mi headword: rendered 1st person future, as marked
150560	vijāyi	(၁)မွေးဖွား-ဖွားမြင်-ပြီ။ (၂) (အဥတို့ကို) ဥပြီ။ (၂) «S1»	(1) dio a luz / alumbró. (2) puso (los huevos). (2) Véase [[vijāyati]] (2).	(1) gave birth / brought forth. (2) laid (the eggs). (2) See [[vijāyati]] (2).	sense (2) printed twice, the second only with the cross-reference
150561	vijāyituṁ	မွေးဖွား-ဖွားမြင်-ခြင်းငှါ။	para dar a luz / alumbrar.	in order to give birth / bring forth.	label ဗျ (indeclinable)
150565	vijāyissaṁ	(ငါ) သားဖွား-မွေးဖွား-ဖွားမြင်-ခဲ့ပြီ။	(yo) di a luz a un hijo / parí / alumbré.	(I) bore a child / gave birth / brought forth.	1st person as marked (ငါ); the Burmese gives a past (ခဲ့ပြီ) for this -issaṁ form
150569	vijāyissāma	(ငါတို့) သားဖွား-မွေးဖွား-ဖွားမြင်-ကုန်အံ့။	(nosotros) daremos a luz a hijos / pariremos / alumbraremos.	(we) shall bear children / give birth / bring forth.	1st person as marked (ငါတို့, …အံ့)
150570	vijāyissāmi	(ငါ) သားဖွား-မွေးဖွား-ဖွားမြင်-အံ့။	(yo) daré a luz a un hijo / pariré / alumbraré.	(I) shall bear a child / give birth / bring forth.	no label; 1st person as marked (ငါ, …အံ့)
150571	vijāyeyyaṁ	(ငါ) သားဖွား-မွေးဖွား-ဖွားမြင်-ရာ၏။	(yo) daría a luz a un hijo / pariría / alumbraría.	(I) would bear a child / give birth / bring forth.	1st person as marked (ငါ)
150576	vijigucchatha	ကဲ့ရဲ့-စက်ဆုပ်-ငြီးငွေ့-ခဲ့ပြီ။	censuró / aborreció / se hastió.	blamed / loathed / grew weary of.	headword 2nd plural (-tha); person not marked in the Burmese, 3rd person written
150580	vijigucchiṁ	(ငါ) ကဲ့ရဲ့-ငြီးငွေ့-ရွံရှာ-စက်ဆုပ်-ခဲ့ပြီ။	(yo) censuré / me hastié / sentí repugnancia / aborrecí.	(I) blamed / grew weary / felt disgust / loathed.	1st person as marked (ငါ)
150581	vijita	(၁) အောင်-နိုင်-လွှမ်းမိုး-နှိမ်နှင်း-အပ်ပြီးသော။ (၂) အောင်-နိုင်-လွှမ်းမိုး-နှိမ်နှင်း-တတ်သော။ (၃) အောင်-နိုင်-လွှမ်းမိုး-နှိမ်နှင်း-ရာ (အရပ်)။ (ပု) (၄)ဝိဇိတ အမည်ရှိသော ပစ္စေကဗုဒ္ဓါ။ (၅)(သီဟိုဠ်ကျွန်း ဝိဇယမင်း၏) ဝိဇိတအမည်ရှိသောအမတ်။ (၆)ဝိဇိတအမည်ရှိသော ပြာသာဒ်။ (န) (၇)တိုင်းပြည်၊ နိုင်ငံ၊ မင်းတစ်ပါး၏ အာဏာနှံ့ရာအရပ်။ (ထီ) (၈)ဝိဇိတာအမည်ရှိသော မင်းသမီး။ မူရင်းကြည့်ပါ။	(1) vencido / superado / dominado / sometido. (2) que suele vencer / superar / dominar / someter. (3) (el lugar) donde se vence / supera / domina / somete. (masculino) (4) el *paccekabuddha* llamado *vijita*. (5) el ministro llamado *vijita* (del rey *vijaya* de la isla de *Sīhaḷa*). (6) el palacio llamado *vijita*. (neutro) (7) reino; país; el territorio al que alcanza la autoridad de un rey. (femenino) (8) la princesa llamada *vijitā*. Véase el original.	(1) conquered / overcome / overpowered / subdued. (2) apt to conquer / overcome / overpower / subdue. (3) (the place) where one conquers / overcomes / overpowers / subdues. (masculine) (4) the *paccekabuddha* named *vijita*. (5) the minister named *vijita* (of King *vijaya* of the island of *Sīhaḷa*). (6) the palace named *vijita*. (neuter) (7) kingdom; country; the territory reached by a king's authority. (feminine) (8) the princess named *vijitā*. See the original.	'see the original' rendered literally; သီဟိုဠ် romanised as Sīhaḷa; ပြာသာဒ် translated 'palace'
150582	vijitakamma	အောင်-နိုင်-အပ်ပြီးသော အမှု။	el asunto vencido / superado.	the matter conquered / overcome.	literal; 'the undertaking accomplished' may be meant
150586	vijitajaya	အောင်အပ်ပြီးသော (အခြားသူတို့ကို) အောင်မြင်သူ ရှိသော (အခြားသူတို့ကို) အောင်မြင်သူကို အောင်တတ်သောသူ။ «S1»	que tiene vencido a quien vence (a otros); que suele vencer a quien vence (a otros) (dicho de una persona). Véase también [[vijitavijaya]].	having conquered the one who conquers (others); apt to conquer the one who conquers (others) (said of a person). See also [[vijitavijaya]].	no ၊ between the two glosses in the print; read as two alternatives
150588	vijitadesapaccavekkhaṇa	အောင်-နိုင်-လွှမ်းမိုး-နှိမ်နှင်း-ရာ အရပ် ဒေသကို ဆင်ခြင်ခြင်း။	el reflexionar sobre el lugar y región donde se vence / supera / domina / somete.	reflecting on the place and region where one conquers / overcomes / overpowers / subdues.	no label
150591	vijitabhūmipadesa	အောင်-နိုင်-အပ်ပြီးသော (စစ်) မြေအရပ်ရှိသော။ (စစ်)မြေအရပ်ကို အောင်ပြီးသောသူ။	que tiene vencida / superada la región (de batalla). que ha vencido la región (de batalla) (dicho de una persona).	having the (battle) region conquered / overcome. who has conquered the (battle) region (said of a person).	the two glosses are separated by ။ in the print
150592	vijitamanobhū	အောင်-နိုင်-လွှမ်းမိုး-နှိမ်နှင်း-အပ်ပြီးသော-မာရ်နတ်-ကာမဒေဝနတ်-ရှိသော၊ မာရ်နတ်-ကာမဒေဝနတ်-ကို-အောင်-နိုင်-လွှမ်းမိုး-နှိမ်နှင်း-ပြီးသောသူ။	que tiene vencido / superado / dominado / sometido a *māra* / al *deva* *kāmadeva*; que ha vencido / superado / dominado / sometido a *māra* / al *deva* *kāmadeva* (dicho de una persona).	having *māra* / the *deva* *kāmadeva* conquered / overcome / overpowered / subdued; who has conquered / overcome / overpowered / subdued *māra* / the *deva* *kāmadeva* (said of a person).	မာရ်နတ် / ကာမဒေဝနတ် read as alternatives for manobhū (Māra, the god of love)
150602	vijitavijayuddesa	မာရ် ၅-ပါးကို- အောင်-နိုင်-လွှမ်းမိုး-နှိမ်နှင်း-ပြီးသော မြတ်စွာဘုရား၏-ဥဒ္ဒေသ-သရုပ်အားဖြင့် ရွတ်ဆိုအပ်သော ပါဠိ။	el texto pāḷi recitado a modo de *uddesa* / forma esencial del Buddha, que ha vencido / superado / dominado / sometido a los cinco *māra*.	the Pāḷi text recited by way of the *uddesa* / essential form of the Buddha, who has conquered / overcome / overpowered / subdued the five *māra*.	ဥဒ္ဒေသ-သရုပ် read as alternatives (uddesa / sarūpa 'essential form'); tentative
150604	vijitasaṅgāma	(၁) (က) အောင်-နိုင်-လွှမ်းမိုး-နှိမ်နှင်း-အပ်ပြီးသော (ဒေဝပုတ္တ၊ မစ္စု၊ ကိလေသ၊ အဘိသင်္ခါရ) မာရ်စစ်သည် ရှိသော၊ (ဒေဝပုတ္တ၊ မစ္စု၊ ကိလေသ၊ အဘိသင်္ခါရ) မာရ်စစ်သည်ကို အောင်-နိုင်-လွှမ်းမိုး-နှိမ်နှင်း-ပြီးသော (မြတ်စွာဘုရား)။ (ခ) အောင်-နိုင်-လွှမ်းမိုး-နှိမ်နှင်း-အပ်ပြီးသော (ဒေဝပုတ္တ၊ မစ္စု၊ ကိလေသ)မာရ်စစ်သည် ရှိသော၊  (ဒေဝပုတ္တ၊ မစ္စု၊ ကိလေသ)မာရ်စစ်သည်ကို အောင်-နိုင်-လွှမ်းမိုး-နှိမ်နှင်း-ပြီးသော (မြတ်စွာဘုရား)။ (ဂ)အောင်-နိုင်-လွှမ်းမိုး-နှိမ်နှင်း-အပ်ပြီးသော (ကိလေသ၊ ဒေဝပုတ္တ) မာရ်စစ်သည် ရှိသော၊ (ကိလေသ၊ ဒေဝပုတ္တ) မာရ်စစ်သည်ကို အောင်-နိုင်-လွှမ်းမိုး-နှိမ်နှင်း-ပြီးသော (မြတ်စွာဘုရား)။ (ဃ) အောင်-နိုင်-လွှမ်းမိုး-နှိမ်နှင်း-အပ်ပြီးသော ကိလေသ မာရ်စစ်သည် ရှိသော၊ ကိလေသ မာရ်စစ်သည်ကို အောင်-နိုင်-လွှမ်းမိုး-နှိမ်နှင်း-ပြီးသော (မြတ်စွာဘုရား)။ (၂) အောင်-နိုင်-လွှမ်းမိုး-နှိမ်နှင်း-အပ်ပြီးသော (မာရ် ၅-ပါးတို့နှင့်) –စစ်ထိုး-စစ်တိုက်-ခြင်းရှိသော၊ (မာရ် ၅-ပါးတို့နှင့်)- စစ်ထိုး-စစ်တိုက်-ခြင်းကို- အောင်-နိုင်-လွှမ်းမိုး-နှိမ်နှင်း-ပြီးသော (မြတ်စွာဘုရား)။ (၃) အောင်-နိုင်-လွှမ်းမိုး-နှိမ်နှင်း-အပ်ပြီးသော-စစ်မြေပြင်-စစ်ပွဲ-ရှိသော၊  စစ်မြေပြင်-စစ်ပွဲ-ကို- အောင်-နိုင်-လွှမ်းမိုး-နှိမ်နှင်း-ပြီးသော (သိကြားမင်း)။ မူရင်းကြည့်ပါ။	(1) (a) que tiene vencido / superado / dominado / sometido el ejército de *māra* (*devaputta*, *maccu*, *kilesa*, *abhisaṅkhāra*); que ha vencido / superado / dominado / sometido el ejército de *māra* (*devaputta*, *maccu*, *kilesa*, *abhisaṅkhāra*) (el Buddha). (b) que tiene vencido / superado / dominado / sometido el ejército de *māra* (*devaputta*, *maccu*, *kilesa*); que ha vencido / superado / dominado / sometido el ejército de *māra* (*devaputta*, *maccu*, *kilesa*) (el Buddha). (c) que tiene vencido / superado / dominado / sometido el ejército de *māra* (*kilesa*, *devaputta*); que ha vencido / superado / dominado / sometido el ejército de *māra* (*kilesa*, *devaputta*) (el Buddha). (d) que tiene vencido / superado / dominado / sometido el ejército del *māra* *kilesa*; que ha vencido / superado / dominado / sometido el ejército del *māra* *kilesa* (el Buddha). (2) que tiene vencido / superado / dominado / sometido el combatir / guerrear (con los cinco *māra*); que ha vencido / superado / dominado / sometido el combatir / guerrear (con los cinco *māra*) (el Buddha). (3) que tiene vencido / superado / dominado / sometido el campo de batalla / la batalla; que ha vencido / superado / dominado / sometido el campo de batalla / la batalla (el rey *Sakka*). Véase el original.	(1) (a) having the army of *māra* (*devaputta*, *maccu*, *kilesa*, *abhisaṅkhāra*) conquered / overcome / overpowered / subdued; who has conquered / overcome / overpowered / subdued the army of *māra* (*devaputta*, *maccu*, *kilesa*, *abhisaṅkhāra*) (the Buddha). (b) having the army of *māra* (*devaputta*, *maccu*, *kilesa*) conquered / overcome / overpowered / subdued; who has conquered / overcome / overpowered / subdued the army of *māra* (*devaputta*, *maccu*, *kilesa*) (the Buddha). (c) having the army of *māra* (*kilesa*, *devaputta*) conquered / overcome / overpowered / subdued; who has conquered / overcome / overpowered / subdued the army of *māra* (*kilesa*, *devaputta*) (the Buddha). (d) having the army of the *kilesa* *māra* conquered / overcome / overpowered / subdued; who has conquered / overcome / overpowered / subdued the army of the *kilesa* *māra* (the Buddha). (2) having the fighting / waging war (with the five *māra*) conquered / overcome / overpowered / subdued; who has conquered / overcome / overpowered / subdued the fighting / waging war (with the five *māra*) (the Buddha). (3) having the battlefield / battle conquered / overcome / overpowered / subdued; who has conquered / overcome / overpowered / subdued the battlefield / battle (*Sakka*, king of the devas). See the original.	'see the original' rendered literally; the kinds of Māra kept in Pāḷi; သိကြားမင်း rendered as Sakka
150608	vijitasabbakilesapaṭipakkha	အောင်အပ်ပြီးသော အလုံးစုံသော ကိလေသာဟူသော-ဆန့်ကျင်ဘက်-ရန်သူ-ရှိသော၊ အလုံးစုံသော လေသာဟူသော-ဆန့်ကျင်ဘက်-ရန်သူ-ကို အောင်ပြီးသောသူ။	que tiene vencidos a todos los opuestos / enemigos que son los *kilesa*; que ha vencido a todos los opuestos / enemigos que son los *kilesa* (dicho de una persona).	having all the opponents / enemies that are the *kilesa* conquered; who has conquered all the opponents / enemies that are the *kilesa* (said of a person).	second gloss prints လေသာ, read as ကိလေသာ
150610	vijitasena	(ပု)(၁)ကောဏ္ဍညဘုရားလောင်း၏ သားတော် ဝိဇိတသေန အမည်ရှိသော မင်းသား။ (၂)ကဿပဘုရားလောင်း၏ သားတော် ဝိဇိတသေန အမည်ရှိသော မင်းသား။ (၃) ကောသလတိုင်း ဆင်ဆရာ၏သား ဝိဇိတသေန အမည်ရှိသော လုလင်။ (ထီ) (၄) နာရဒဘုရားလောင်း၏ ကြင်ယာတော် ဝိဇိတသေနာ အမည်ရှိသော မိဖုရား။ (၅)ကဿပဘုရားရှင်၏ မြတ်သောအလုပ်အကျွေး ဝိဇိတသေနာ အမည်ရှိသော ဥပါသိကာမ။ (၆) တတိယဩက္ကာကမင်းကြီး၏ သမီးတော် ဝိဇိတသေနာ အမည်ရှိသော မင်းသမီး။ မူရင်းကြည့်ပါ။	(masculino) (1) el príncipe llamado *vijitasena*, hijo del *bodhisatta* *koṇḍañña*. (2) el príncipe llamado *vijitasena*, hijo del *bodhisatta* *kassapa*. (3) el joven llamado *vijitasena*, hijo del entrenador de elefantes del país de *kosala*. (femenino) (4) la reina llamada *vijitasenā*, esposa del *bodhisatta* *nārada*. (5) la *upāsikā* llamada *vijitasenā*, principal servidora del Buddha *kassapa*. (6) la princesa llamada *vijitasenā*, hija del gran rey *okkāka* III. Véase el original.	(masculine) (1) the prince named *vijitasena*, son of the *bodhisatta* *koṇḍañña*. (2) the prince named *vijitasena*, son of the *bodhisatta* *kassapa*. (3) the youth named *vijitasena*, son of the elephant trainer of the country of *kosala*. (feminine) (4) the queen named *vijitasenā*, wife of the *bodhisatta* *nārada*. (5) the *upāsikā* named *vijitasenā*, chief attendant of the Buddha *kassapa*. (6) the princess named *vijitasenā*, daughter of the great king *okkāka* III. See the original.	'see the original' rendered literally; ဥပါသိကာမ copied as ⟦ဥပါသိကာ⟧; 'the Koṇḍañña bodhisatta' = the bodhisatta who became the Buddha Koṇḍañña
150613	vijitābhirāma	ဝိဇိတာဘိရာမ ပြာသာဒ်။	el palacio *vijitābhirāma*.	the palace *vijitābhirāma*.	no label
150615	vijitāvī	(၁) (ရန်သူတို့ကို) အောင်-နိုင်-လွှမ်းမိုး-နှိမ်နင်း-ပြီးသော (က) ပဒေသရာဇ်မင်း။ (ခ) စကြဝတေးမင်း။ (၂) (ကိလေသာရန်သူတို့ကို) အောင်နိုင်-လွှမ်းမိုး-နှိမ်နင်း-ပြီးသော- (က) ဘုရား။ (ခ) ရဟန္တာ။ (၃) ဝိဇိတာဝီအမည်ရှိသော စကြဝတေးမင်း။ (၄) ဝိဇိတာဝီအမည်ရှိသော ပဒေသရာဇ်မင်း။ (၅) ဝိဇိတာဝီအမည်ရှိသော ပြာသာဒ်။ (၆) ဝိဇိတာဝီအမည်ရှိသော ပစ္စေကဗုဒ္ဓါ။ မူရင်းကြည့်ပါ။	(1) que ha vencido / superado / dominado / sometido (a los enemigos): (a) rey regional. (b) rey *cakkavatti*. (2) que ha vencido / superado / dominado / sometido (a los enemigos que son los *kilesa*): (a) el Buddha. (b) *arahant*. (3) el rey *cakkavatti* llamado *vijitāvī*. (4) el rey regional llamado *vijitāvī*. (5) el palacio llamado *vijitāvī*. (6) el *paccekabuddha* llamado *vijitāvī*. Véase el original.	(1) who has conquered / overcome / overpowered / subdued (enemies): (a) a regional king. (b) a *cakkavatti* king. (2) who has conquered / overcome / overpowered / subdued (the enemies that are the *kilesa*): (a) the Buddha. (b) an *arahant*. (3) the *cakkavatti* king named *vijitāvī*. (4) the regional king named *vijitāvī*. (5) the palace named *vijitāvī*. (6) the *paccekabuddha* named *vijitāvī*. See the original.	'see the original' rendered literally; ပဒေသရာဇ်မင်း rendered 'regional king' (padesarāja)
150618	vijinatha	(သင်တို့) အောင်-နိုင်-လွှမ်းမိုး-နှိမ်းနင်း-ကြကုန်လော့။	(vosotros) ¡venced / superad / dominad / someted!	(you, plural) conquer / overcome / overpower / subdue!	နှိမ်းနင်း read as နှိမ်နင်း
150620	vijinanattha	အောင်နိုင်-လွှမ်းမိုး-နှိမ်နင်း-ခြင်း ဟူသော အကျိုး။ «S1»	el propósito que es el vencer / dominar / someter. Véase [[vijinana]].	the purpose, namely conquering / overpowering / subduing. See [[vijinana]].	အကျိုး here renders attha ('sense, purpose'); stems give 'benefit'
150621	vijinanti	အောင်နိုင်-လွှမ်းမိုး-နှိမ်နင်း-ကုန်၏။ ဝိဇယ (၂) အနက်ကြည့်။	vencen / dominan / someten. Véase [[vijaya]] (2).	they conquer / overpower / subdue. See [[vijaya]] (2).	'see ဝိဇယ sense 2' left in the Burmese
150624	vijinitvā	အထူးအားဖြင့်-အောင်-နိုင်-လွှမ်းမိုး-နှိမ်နင်းပြီး၍။	habiendo vencido / superado / dominado / sometido especialmente.	having especially conquered / overcome / overpowered / subdued.	no label
150626	vijinissanti	အောင်-နိုင်-လွှမ်းမိုး-နှိမ်နင်း-ကုန်-အံ့-လတ္တံ့-လိမ့်မည်။ «S1»	vencerán / superarán / dominarán / someterán. Véase [[vijinanti]].	they will conquer / overcome / overpower / subdue. See [[vijinanti]].	the future particles အံ့ / လတ္တံ့ / လိမ့်မည် are printed as hyphenated alternatives; one future rendered
150627	vijinissāmi	(ငါ) အောင်-နိုင်-လွှမ်းမိုး-နှိမ်နင်း-အံ့-လတ္တံ့-လိမ့်မည်။	(yo) venceré / superaré / dominaré / someteré.	(I) shall conquer / overcome / overpower / subdue.	1st person as marked (ငါ); the future particles အံ့ / လတ္တံ့ / လိမ့်မည် printed as alternatives; one future rendered
150629	vijirita	(၁) ကင်းသော ပျက်စီးယိုယွင်းခြင်းရှိသော၊ ပျက်စီးယိုယွင်းခြင်း-ကင်း-မရှိ-သော။ (၂) တိုင်း၊ နိုင်ငံ။ (မြန်မာပြန်ကြည့်)။ (၁) (၂) ခေမံ ဝိဇိရိတံ ကတွာ။	(1) que tiene ausentes la destrucción y el deterioro; libre de / sin destrucción y deterioro. (2) país; reino. (Véase la traducción birmana). (1) (2) *khemaṁ vijiritaṁ katvā*.	(1) having destruction and decay absent; free from / without destruction and decay. (2) country; kingdom. (See the Burmese translation.) (1) (2) *khemaṁ vijiritaṁ katvā*.	'(မြန်မာပြန်ကြည့်)' rendered literally; the closing quotation illustrates both senses
150632	vijeti	(၁) အောင်-နိုင်-လွှမ်းမိုး-နှိမ်နင်း-၏။	(1) vence / supera / domina / somete.	(1) conquers / overcomes / overpowers / subdues.	only sense (1) printed
150633	vijetuṁ	အောင်-နိုင်-လွှမ်းမိုး-နှိမ်နင်း-ခြင်းငှါ။	para vencer / superar / dominar / someter.	in order to conquer / overcome / overpower / subdue.	no label
150638	vijesi	အောင်-နိုင်-လွှမ်းမိုး-နှိမ်နင်း-ပြီ၊ ပြီးစေပြီ။	venció / superó / dominó / sometió; hizo que se cumpliera.	conquered / overcame / overpowered / subdued; caused to be accomplished.	'ပြီးစေပြီ' (caused to be finished / accomplished) unclear as a sense of vijesi
150639	vijessasi	(သင်) အောင်-နိုင်-လွှမ်းမိုး-နှိမ်နင်း-အံ့-လတ္တံ့-လိမ့်မည်။	(tú) vencerás / superarás / dominarás / someterás.	(you) will conquer / overcome / overpower / subdue.	the future particles အံ့ / လတ္တံ့ / လိမ့်မည် printed as alternatives; one future rendered
150644	vijjati	(၁) သိအပ်၏။ (၂) ရအပ်၏။	(1) es conocido. (2) es obtenido.	(1) is known. (2) is obtained.	label ကမ္မ၊ကြိ (passive verb)
150649	vijjattayapariyosāna	ဝိဇ္ဇာ ၃-ပါးအပေါင်းလျှင် အဆုံးရှိသော။	que tiene como fin el conjunto de las tres *vijjā*.	having the set of the three *vijjā* as its end.	no label
150661	vijjamānakavatthu	ထင်ရှားရှိသော (စည်အစရှိသော) ဝတ္ထုပစ္စည်း။	los bienes existentes (que comienzan por el tambor).	the existing goods (beginning with the drum).	စည် read as 'drum'
150664	vijjamānakiccakaraṇa	ထင်ရှားရှိသော အမှုကစ္စိကို ပြုလုပ်ခြင်း။	el llevar a cabo el asunto existente.	carrying out the existing business.	no label; ကစ္စိ read as ကိစ္စ
150668	vijjamānagabbha	ထင်ရှားရှိသော အနက်အတွင်းငုတ်သော။	que tiene un significado existente implícito en su interior.	having an existing meaning implicit within.	'အနက်အတွင်းငုတ်သော' read as 'meaning hidden inside'; tentative
150672	vijjamānaguṇamakkhī	ထင်ရှားရှိသော ဂုဏ်-ကျေးဇူ-ကို-ချေ-ဖျက်-ဖျက်ဆီး-တတ်သော။	que suele menospreciar / borrar / destruir las virtudes / favores existentes.	apt to belittle / efface / destroy the existing virtues / favours.	ကျေးဇူ read as ကျေးဇူး
150685	vijjamānattha	(၁) ထင်ရှားရှိခြင်းဟူသော အနက်ရှိသော။ (ပု) (၂) ထင်ရှားရှိသော အနက်။	(1) que tiene el significado de existir. (masculino) (2) el significado existente.	(1) having the meaning 'existing'. (masculine) (2) the existing meaning.	no label
150695	vijjamānapakkha	ထင်ရှားရှိသော အဘို့ပက္ခ။	la parte existente.	the existing part.	no label; အဘို့ပက္ခ (portion, side) rendered as one word
150698	vijjamānapadhāna	ထင်ရှားရှိသော သတ္တ (သတွ) ရဇ,တမ-ဟု ဆိုအပ်သော ဂုဏ်တို့၏ တူညီမျှသည်၏ အဖြစ်ဟု ဆိုအပ်သော အခိုက်အတန့်ရှိသော။	que tiene un estado llamado el equilibrio de las cualidades existentes llamadas *satta* (*satva*), *raja*, *tama*.	having a state called the equality of the existing qualities called *satta* (*satva*), *raja*, *tama*.	Sāṅkhya pradhāna: the three guṇas sattva, rajas, tamas kept as printed; အခိုက်အတန့် ('moment, occasion') rendered 'state'
150699	vijjamānapariyāyakathana	ထင်ရှားရှိသော-ပရိယာယ်-ဝေဝုစ်-စကားလှယ်-ကိုဟောကြောင်းဖြစ်သော စကား သဒ္ဒါ။	las palabras / términos que sirven para expresar los *pariyāya* / *vevacana* / sinónimos existentes.	the words / terms that serve to express the existing *pariyāya* / *vevacana* / synonyms.	စကား သဒ္ဒါ unhyphenated, rendered as a pair
150708	vijjamānavaṇṇa	ထင်ရှားရှိသော အဆင်း-ရူပါရုံ။ အောက်ပုဒ်ကြည့်။	la forma visible / el *rūpārammaṇa* existente. Véase la entrada siguiente.	the existing visible form / *rūpārammaṇa*. See the following headword.	'see the next headword' left in the Burmese
150714	vijjamānavibhava	ထင်ရှားရှိသော စည်းစိမ်ဥစ္စာ။ အောက်ပုဒ်ကြည့်။	la riqueza y los bienes existentes. Véase la entrada siguiente.	the existing wealth and property. See the following headword.	'see the next headword' left in the Burmese
150716	vijjamānavinābhāva	ထင်ရှားရှိ-ထင်ရှားဖြစ်ပော်နေ-သော-ကွေကွင်း-ကွဲကွာ-ခြင်း။	el separarse / apartarse de lo que existe / aparece manifiestamente.	being separated / parted from what exists / manifestly appears.	ဖြစ်ပော်နေ read as ဖြစ်ပေါ်နေ, ကွေကွင်း as ကွေကွင်း 'separated'; the hyphen after သော misplaced
150717	vijjamānavisesapaṭikkhepa	ထင်ရှားရှိသော အထူးကို ပယ်ခြင်း။	el rechazar la distinción existente.	rejecting the existing distinction.	ပယ် here renders paṭikkhepa: rechazar / reject
150719	vijjamānasabhāvatānivattana	ထင်ရှားရှိသော သဘောတရား၏ အဖြစ်မှ နစ်စေခြင်း။	el hacer apartarse del hecho de ser una naturaleza existente.	causing to turn away from the state of being an existing nature.	နစ်စေခြင်း ('causing to sink') read as causing to turn away (nivattana); unclear, perhaps a misprint
150721	vijjamānākāranipphādaka	ထင်ရှားရှိသော အခြင်းအရာကို ပြီးစေတတ်သော။	que suele llevar a cabo el modo existente.	apt to accomplish the existing mode.	no label
150722	vijjamānānisaṁsa	ထင်ရှားရှိသော အကျိုးအားနိသင်။	el beneficio existente.	the existing benefit.	no label
150723	vijjamānābyākata	ထင်ရှားရှိသော အဗျာကတတရား။	el estado *abyākata* existente.	the existing *abyākata* state.	no label
150724	vijjamānenaavijjamānapaññatti	ဝိဇ္ဇမာနေနအဝိဇ္ဇမာနပညတ်၊ (ပရမတ္ထအားဖြင့်) ထင်ရှားရှိသော အနက်ဖြင့် (ပရမတ္ထအားဖြင့်) ထင်ရှားမရှိသော အနက်ကို အပြားအားဖြင့် သိစေကြောင်းဖြစ်သော နာမပညတ်။ မူရင်းကြည့်ပါ။	*vijjamānenaavijjamānapaññatti*: la *nāmapaññatti* que hace conocer de manera diferenciada, por medio de un significado existente (en sentido *paramattha*), un significado no existente (en sentido *paramattha*). Véase el original.	*vijjamānenaavijjamānapaññatti*: the *nāmapaññatti* that makes known in a differentiated way, by means of a meaning existing (in the *paramattha* sense), a meaning not existing (in the *paramattha* sense). See the original.	no label; 'see the original' rendered literally
150725	vijjamānenavijjamānapaññatti	ဝိဇ္ဇမာနေန ဝိဇ္ဇမာနပညတ်၊ (ပရမတ္ထအားဖြင့်)ထင်ရှားရှိသော အနက်ဖြင့် (ပရမတ္ထအားဖြင့်) ထင်ရှားရှိသော အနက်ကို အပြားအားဖြင့် သိစေကြောင်းဖြစ်သော နာမပညတ်။ မူရင်းကြည့်ပါ။	*vijjamānenavijjamānapaññatti*: la *nāmapaññatti* que hace conocer de manera diferenciada, por medio de un significado existente (en sentido *paramattha*), un significado existente (en sentido *paramattha*). Véase el original.	*vijjamānenavijjamānapaññatti*: the *nāmapaññatti* that makes known in a differentiated way, by means of a meaning existing (in the *paramattha* sense), a meaning existing (in the *paramattha* sense). See the original.	'see the original' rendered literally
150727	vijjalati	ထွန်းလင်း-တောက်ပ-၏။ အောက်ပုဒ်ကြည့်။	brilla / resplandece. Véase la entrada siguiente.	shines / blazes. See the following headword.	'see the next headword' left in the Burmese
150731	vijjākaraṇḍaka	ဝိဇ္ဇာကရဏ္ဍက-အမည်ရှိသော ကျမ်း၊ အတတ်ပညာ၊ ထည့်စရာ-ကြုတ်-ပချုပ်-သဖွယ်ဖြစ်သော ကျမ်း။	el tratado llamado *vijjākaraṇḍaka*; el tratado que es como un recipiente / cesto / caja para guardar las artes.	the treatise named *vijjākaraṇḍaka*; the treatise that is like a container / basket / box for holding the arts.	'အတတ်ပညာ၊ ထည့်စရာ' read as 'a container for the arts' (the ၊ looks misplaced); ပချုပ် ('box'?) uncertain
150733	vijjākoṭṭhāsa	ဝိဇ္ဇာတို့၏-အဖို့-အစု။	la parte / el grupo de las *vijjā*.	the portion / group of the *vijjā*.	no label
150736	vijjāgata	(၁) (ကမ္မဿ-ကတာဉာဏ်) ဝိဇ္ဇာနှင့်ပြည့်စုံသော။ (၂) အထူးသဖြင့်သိသော အဖြစ်သို့ရောက်သော။ (၃) (အရဟတ္တမဂ်ဉာဏ်) ဝိဇ္ဇာဖြင့် (ကိလေသာတို့ကို ဖျက်ဆီး၍) သွားတတ်သော။	(1) dotado de *vijjā* (el *kammassakatāñāṇa*). (2) que ha llegado al estado de conocer de manera especial. (3) que suele ir con la *vijjā* (el *arahattamaggañāṇa*) (destruyendo los *kilesa*).	(1) endowed with *vijjā* (the *kammassakatāñāṇa*). (2) arrived at the state of knowing in a special way. (3) apt to go by means of *vijjā* (the *arahattamaggañāṇa*) (destroying the *kilesa*).	ကမ္မဿ-ကတာဉာဏ် read as kammassakatāñāṇa
150737	vijjāgahaṇa	ဝိဇ္ဇာ-သဒ္ဒါ။	la palabra *vijjā*.	the word *vijjā*.	no label
150738	vijjāggahaṇa	ဝိဇ္ဇာ-သဒ္ဒါ။	la palabra *vijjā*.	the word *vijjā*.	no label
150742	vijjācaraṇapariyeṭṭhuṁ	မန္တန်,အကျင့်သီလတို့ကို ရှာမှီးခြင်းငှါ။	para buscar los *manta* y la conducta y la *sīla*.	in order to seek *manta* and conduct and *sīla*.	no label
150744	vijjācaraṇavipanna	ဝိဇ္ဇာ,စရဏတို့မှ ချို့တဲ့သော၊ ဝိဇ္ဇာစရဏတို့နှင့် မပြည့်စုံသော။	carente de *vijjā* y *caraṇa*; no dotado de *vijjācaraṇa*.	deficient in *vijjā* and *caraṇa*; not endowed with *vijjācaraṇa*.	no label
150745	vijjācaraṇavisesa	(က) ဝိဇ္ဇာ,စရဏအထူး၊ ဝိဇ္ဇာအထူး,စရဏအထူး။ (ခ) ဝိဇ္ဇာစရဏတို့၏ အထူး,စရဏအထူး။ (ခ) ဝိဇ္ဇာစရဏတို့၏ အထူး။	(a) la distinción de *vijjā* y *caraṇa*; la distinción de la *vijjā*, la distinción del *caraṇa*. (b) la distinción de *vijjācaraṇa*, la distinción del *caraṇa*. (b) la distinción de *vijjācaraṇa*.	(a) the distinction of *vijjā* and *caraṇa*; the distinction of *vijjā*, the distinction of *caraṇa*. (b) the distinction of *vijjācaraṇa*, the distinction of *caraṇa*. (b) the distinction of *vijjācaraṇa*.	(b) printed twice; the text looks garbled (repeated phrases)
150747	vijjācaraṇasampatti	ဝိဇ္ဇာ,စရဏတို့နှင့်-၏-ပြည့်စုံခြင်း။	el estar dotado de / la plenitud de *vijjā* y *caraṇa*.	being endowed with / the fullness of *vijjā* and *caraṇa*.	hyphens alternate case particles only (နှင့် / ၏)
150749	vijjācaraṇasampanna	(၁) ဝိဇ္ဇာ ၃-ပါး,ဝိဇ္ဇာ ၈-ပါး,စရဏ ၁၅-ပါးတို့နှင့် ပြည့်စုံတော်မူသော (မြတ်စွာဘုရား)။ (စရဏ ၁၅-ပါးကို စရဏ (၁) ကြည့်)။ (၂) ဗေဒင် ၃-ပုံဟူသော ဝိဇ္ဇာ,အနွယ်ဟူသော စရဏတို့နှင့် ပြည့်စုံသော၊ သူ။	(1) dotado de las tres *vijjā*, las ocho *vijjā* y los 15 *caraṇa* (el Buddha). (Para los 15 *caraṇa* véase *caraṇa* (1).) (2) dotado de *vijjā*, que son los tres *veda*, y de *caraṇa*, que es el linaje (dicho de una persona).	(1) endowed with the three *vijjā*, the eight *vijjā* and the 15 *caraṇa* (the Buddha). (For the 15 *caraṇa* see *caraṇa* (1).) (2) endowed with *vijjā*, namely the three *veda*, and with *caraṇa*, namely lineage (said of a person).	'see စရဏ sense 1' left in the Burmese; ဗေဒင် ၃-ပုံ rendered as the three Vedas
150751	vijjājappana	မန္တန်ကို-စုတ်-ရွတ်-ဖတ်-သရဇ္ဈာယ်-ခြင်း။	el murmurar / recitar / leer / repasar en voz alta los *manta*.	muttering / reciting / reading / rehearsing aloud the *manta*.	စုတ် read as 'mutter' (tentative)
150761	vijjādhara	(၁) ဝိဇ္ဇာဓိုရ်၊ ဂန္ဓာရီ-စသော ဝိဇ္ဇာ-အတတ်ပညာ-မန္တန်-ကို ဆောင်တတ်သော၊ သူ။ (၂) ပညာရှင်၊ အသိ-အတတ်-ပညာရှင်။ (၂)  «S1» မူရင်းကြည့်ပါ။	(1) *vijjādhara*; que suele poseer *vijjā* / artes / *manta* como *gandhārī* y demás (dicho de una persona). (2) sabio; experto en conocimiento / arte / saber. (2) Véase [[vijjādharasamākula]]. Véase el original.	(1) *vijjādhara*; apt to possess *vijjā* / arts / *manta* such as *gandhārī* and so on (said of a person). (2) a learned man; a master of knowledge / art / learning. (2) See [[vijjādharasamākula]]. See the original.	ဝိဇ္ဇာဓိုရ် romanised as vijjādhara; sense (2) printed twice, the second only with the cross-reference; 'see the original' rendered literally
150762	vijjādharaïddhi	ဝိဇ္ဇာမိုရ်တို့၏ တန်ခိုး။	el poder de los *vijjādhara*.	the power of the *vijjādhara*.	no label; ဝိဇ္ဇာမိုရ် (the Burmese 'weikza') romanised as vijjādhara
150763	vijjādharakumāra	ဝိဇ္ဇာမိုရ်-သတို့သား-သူငယ်-လုလင်ပျို။	el joven / muchacho / mozo *vijjādhara*.	the *vijjādhara* young man / boy / youth.	ဝိဇ္ဇာမိုရ် romanised as vijjādhara
150765	vijjādharajātaka	ဝိဇ္ဇာဓရဇာတ်။ ဝိဇ္ဇာဓိုရ်တစ်ယောက်က ဗာရာဏသီပြည် ဗြဟ္မဒတ်မင်း၏ မိဖုရားနှင့် လွန်ကျူးသည်ကို မင်းကြီးက ရဟန်းတို့ အပော် အထင်မှား မမြင်မှားဖြစ်ကာ တိုင်းပြည်မှ နှင်ထုတ်သောကြောင့် ဘုရားအလောင်းသိကြားမင်းက ဗြဟ္မဒတ်မင်းအား တရားပြ၍ အမြင်မှန် ရစေသောဇာတ်။	*Vijjādharajātaka*. El *jātaka* en que, habiendo cometido un *vijjādhara* adulterio con la reina del rey *Brahmadatta* de la ciudad de *bārāṇasī*, y habiendo el gran rey expulsado del reino a los monjes por sospechar de ellos / juzgarlos equivocadamente, el *bodhisatta*, (siendo) el rey *Sakka*, enseñó la Enseñanza al rey *Brahmadatta* y le hizo obtener la visión correcta.	*Vijjādharajātaka*. The *jātaka* in which, a *vijjādhara* having committed adultery with the queen of King *Brahmadatta* of the city of *bārāṇasī*, and the great king having expelled the monks from the kingdom through suspecting / misjudging them, the *bodhisatta*, (being) *Sakka* king of the devas, taught the Teaching to King *Brahmadatta* and made him gain right view.	'အထင်မှား မမြင်မှား' read as 'suspecting / misjudging'; ဘုရားအလောင်းသိကြားမင်း = the bodhisatta born as Sakka
150768	vijjādharapurisa	ဝိဇ္ဇာမိုရ်ယောက်ကျား။	el hombre *vijjādhara*.	the *vijjādhara* man.	no label
150770	vijjādharasamākula	အသိပညာ-အတတ်ပညာ-ရှင်တို့ဖြင့် ရောက်ပြွမ်းသော၊ ပညာသည်တို့ဖြင့် ရောပြွမ်းသော၊ (မြန်မာပြန်)။	lleno de maestros del saber / del arte; lleno de sabios (traducción birmana).	crowded with masters of knowledge / of art; crowded with learned men (Burmese translation).	ရောက်ပြွမ်း read as ရောပြွမ်း; '(မြန်မာပြန်)' rendered literally
150771	vijjādharasiddhasamaṇatāpasagaṇādhivuṭṭha	ဝိဇ္ဇာဓိုရ်,သိဒ္ဓနတ်,ရဟန်း,ရသေ့တို့၏ အပေါင်းတို့သည် အုပ်စိုးအပ်သော။	gobernado por los grupos de *vijjādhara*, *deva* *siddha*, monjes y ermitaños.	ruled by the groups of *vijjādhara*, *siddha* *deva*, monks and hermits.	ဝိဇ္ဇာဓိုရ် romanised; the Burmese has 'ruled' (အုပ်စိုးအပ်) for adhivuṭṭha ('inhabited')
150772	vijjādhikāra	ဝိဇ္ဇာ-အသိဉာဏ်-ပညာ-၏အရာ။	el ámbito de la *vijjā* / el conocimiento / la *paññā*.	the domain of *vijjā* / knowledge / *paññā*.	no label
150779	vijjāpada	အတတ်ပညာ၊ အသက်မွေးခြင်း၏ အကြောင်းဖြစ်သော ဗေဒင် ၃-ပုံ။	arte; los tres *veda*, que son medio de ganarse la vida.	art; the three *veda*, which are a means of livelihood.	ဗေဒင် ၃-ပုံ rendered as the three Vedas
150780	vijjāparijappana	မန္တန်ကို-စုတ်-ရွတ်-ဘတ်-သရဇ္ဈာယ်-ခြင်း။	el murmurar / recitar / leer / repasar en voz alta los *manta*.	muttering / reciting / reading / rehearsing aloud the *manta*.	ဘတ် read as ဖတ်; စုတ် read as 'mutter' (tentative)
150781	vijjāpariyāpuṇana	ဗေဒင်-အတတ်ပညာ-ကို သင်ကြားခြင်း။	el aprender los *veda* / las artes.	learning the *veda* / arts.	ဗေဒင် rendered as Veda
150782	vijjāpariyeṭṭhi	မန္တန်ကို-ရှာမှီး-သင်-ရွတ်-အံ့-သရဇ္ဈာယ်-ခြင်း။	el buscar / aprender / recitar / repasar en voz alta los *manta*.	seeking / learning / reciting / rehearsing aloud the *manta*.	'-အံ့-' among the alternatives unclear (perhaps a misprint); left out
150783	vijjāpāṭava	ဗေဒင်အတတ် စသည်တို့၏ ထင်ရှားသည်၏ အဖြစ်၊ ဗေဒင်အတတ် စသည်တို့၌-တတ်သိ-လိမ္မာ-ကျွမ်းကျင်-သည်၏အဖြစ်။	el hecho de ser eminente en el arte de los *veda* y demás; el hecho de ser conocedor / hábil / experto en el arte de los *veda* y demás.	the state of being eminent in the art of the *veda* and so on; the state of being knowledgeable / clever / skilled in the art of the *veda* and so on.	ဗေဒင် rendered as Veda
150786	vijjābhāgiya	(၁) ဝိဇ္ဇာ ၈-ပါးသို့ ဆည်းကပ် တတ်သော။ (၂) ဝိဇ္ဇာ ၈-ပါး၏-အဖို့-အစု-၌ ဖြစ်သော။ (၁) (၂) ဝိဇ္ဇာဘာဂိယာ (မ၊၃။ ၁၃၆)တိ ဧတ္ထ သမ္ပယောဂဝသေန ဝိဇ္ဇံ ဘဇန္တီတိ ဝိဇ္ဇာ-ဘာဂိယာ။	(1) que suele acercarse a las ocho *vijjā*. (2) que pertenece a la parte / grupo de las ocho *vijjā*. (1) (2) *vijjābhāgiyāti ettha sampayogavasena vijjaṁ bhajantīti vijjā-bhāgiyā*.	(1) apt to resort to the eight *vijjā*. (2) belonging to the portion / group of the eight *vijjā*. (1) (2) *vijjābhāgiyāti ettha sampayogavasena vijjaṁ bhajantīti vijjā-bhāgiyā*.	citation (မ၊၃။ ၁၃၆) dropped from inside the quotation
150793	vijjāmaya	ဝိဇ္ဇာ-မန္တန်-အာထဗ္ဗနအတတ်-ဖြင့်-ပြီး-ပြုအပ်-သော၊ ဝိဇ္ဇာ-မန္တန်-အာထဗ္ဗနအတတ်-ကြောင့်ဖြစ်သော (အာထဗ္ဗနကျမ်းလာ ဝိဇ္ဇာကြောင့် ဖြစ်သော။ ဝိသုဒ္ဓိ၊ သျ)။	realizado / hecho por medio de *vijjā* / *manta* / el arte *āthabbana*; que surge a causa de *vijjā* / *manta* / el arte *āthabbana* (que surge a causa de la *vijjā* que viene en el tratado *āthabbana*).	accomplished / made by means of *vijjā* / *manta* / the *āthabbana* art; arising because of *vijjā* / *manta* / the *āthabbana* art (arising because of the *vijjā* found in the *āthabbana* treatise).	citation ဝိသုဒ္ဓိ၊ သျ dropped; အာထဗ္ဗန = Atharvaveda
150800	vijjāvatasampatti	ဗေဒင် ၃-ပုံ အတတ်,အကျင့်တို့၏ ပြည့်စုံခြင်း။	la plenitud del arte de los tres *veda* y de la conducta.	the fulfilment of the art of the three *veda* and of conduct.	ဗေဒင် ၃-ပုံ rendered as the three Vedas
150802	vijjāvimutti	ဝိဇ္ဇာဝိမုတ္တိ- (၁) မဂ်ဉာဏ်နှင့် သမ္ပယုတ်တရား။ (၂) ဖိုလ်ဉာဏ်နှင့် သမ္ပယုတ်တရား။ (၃) မဂ်နှင့် ဖိုလ်။ (၄) ဝိဇ္ဇာ ၃-ပါး,ဖိုလ်။ (၅) အနာဂါမိမဂ်ဉာဏ်နှင့် အနာဂါမိဖိုလ်ဉာဏ်။ (၆) အရဟတ္တမဂ်ဉာဏ်နှင့် သမ္ပယုတ်သမာဓိ။ (ရ) ဝိဇ္ဇာ ၃-ပါး,သမာပတ် ၈-ပါး,နိဗ္ဗာန်,သာမညဖိုလ်။ (ဂ) ဝိဇ္ဇာဟူသော ဝိမုတ္တိ။ မူရင်းကြည့်ပါ။	*vijjāvimutti*: (1) los estados asociados con el *maggañāṇa*. (2) los estados asociados con el *phalañāṇa*. (3) el *magga* y el *phala*. (4) las tres *vijjā*, el *phala*. (5) el *anāgāmimaggañāṇa* y el *anāgāmiphalañāṇa*. (6) el *arahattamaggañāṇa* y el *samādhi* asociado. (7) las tres *vijjā*, las ocho *samāpatti*, *nibbāna*, el *sāmaññaphala*. (8) la *vimutti* que es la *vijjā*. Véase el original.	*vijjāvimutti*: (1) the states associated with the *maggañāṇa*. (2) the states associated with the *phalañāṇa*. (3) the *magga* and the *phala*. (4) the three *vijjā*, the *phala*. (5) the *anāgāmimaggañāṇa* and the *anāgāmiphalañāṇa*. (6) the *arahattamaggañāṇa* and the associated *samādhi*. (7) the three *vijjā*, the eight *samāpatti*, *nibbāna*, the *sāmaññaphala*. (8) the *vimutti* that is *vijjā*. See the original.	sense numbers (ရ) and (ဂ) read as (၇) and (၈); 'see the original' rendered literally
150804	vijjāvimuttipāripūrī	ဝိဇ္ဇာဝိမုတ္တိ (-မဂ်,ဖိုလ်) တို့၏ ပြည့်စုံခြင်း။ ဝိဇ္ဇာဝိမုတ္တိ (၃) အနက်ကြည့်။	la plenitud de la *vijjāvimutti* (el *magga*, el *phala*). Véase [[vijjāvimutti]] (3).	the fulfilment of the *vijjāvimutti* (the *magga*, the *phala*). See [[vijjāvimutti]] (3).	'see ဝိဇ္ဇာဝိမုတ္တိ sense 3' left in the Burmese
150806	vijjāvimuttiphala	(၁) ဝိဇ္ဇာ,ဝိမုတ္တိ (အရဟတ္တမဂ်ဉာဏ်,သမ္ပယုတ်သမာဓိ)တို့၏ အကျိုးတရား-ဖိုလ် (အရဟတ္တဖိုလ်)။ (၂) ဝိဇ္ဇာ,ဝိမုတ္တိဖိုလ် (ဝိဇ္ဇာ ၃-ပါး,သမာပတ် ၈-ပါး,နိဗ္ဗာန်,သာမညဖိုလ်)။ (၃) ဝိဇ္ဇာ,ဝိမုတ္တိ (မဂ်ဉာဏ်နှင့် သမ္ပယုတ်တရား)တို့၏ အကျိုးတရား ဖိုလ် (အရဟတ္တဖိုလ်)။ (၄) ဝိဇ္ဇာ,ဝိမုတ္တိ (မဂ်,ဖိုလ်) တို့၏ အကျိုး (နိဗ္ဗာန်)။ (၁) ဝိဇ္ဇာဝိမုတ္တိဖသစ္ဆိကိရိယာ (၁) အနက်ကြည့်။ (၂) ဝိဇ္ဇာဝိမုတ္တိဖလသစ္ဆိကိရိယာ (၂) အနက်ကြည့်။ (၃) ဝိဇ္ဇာဝိမုတ္တိဖလသစ္ဆိကိရိယာ (၃) အနက်ကြည့်။ (၄) အောက်ပုဒ်ကြည့်။	(1) el estado resultante / *phala* (el *arahattaphala*) de la *vijjā* y la *vimutti* (el *arahattamaggañāṇa*, el *samādhi* asociado). (2) la *vijjā* y el *vimuttiphala* (las tres *vijjā*, las ocho *samāpatti*, *nibbāna*, el *sāmaññaphala*). (3) el estado resultante / *phala* (el *arahattaphala*) de la *vijjā* y la *vimutti* (los estados asociados con el *maggañāṇa*). (4) el resultado (*nibbāna*) de la *vijjā* y la *vimutti* (el *magga*, el *phala*). (1) Véase [[vijjāvimuttiphalasacchikiriyā]] (1). (2) Véase [[vijjāvimuttiphalasacchikiriyā]] (2). (3) Véase [[vijjāvimuttiphalasacchikiriyā]] (3). (4) Véase la entrada siguiente.	(1) the resultant state / *phala* (the *arahattaphala*) of *vijjā* and *vimutti* (the *arahattamaggañāṇa*, the associated *samādhi*). (2) *vijjā* and the *vimuttiphala* (the three *vijjā*, the eight *samāpatti*, *nibbāna*, the *sāmaññaphala*). (3) the resultant state / *phala* (the *arahattaphala*) of *vijjā* and *vimutti* (the states associated with the *maggañāṇa*). (4) the result (*nibbāna*) of *vijjā* and *vimutti* (the *magga*, the *phala*). (1) See [[vijjāvimuttiphalasacchikiriyā]] (1). (2) See [[vijjāvimuttiphalasacchikiriyā]] (2). (3) See [[vijjāvimuttiphalasacchikiriyā]] (3). (4) See the following headword.	the 'see X (n)' references left in the Burmese; the first prints ဝိဇ္ဇာဝိမုတ္တိဖသစ္ဆိကိရိယာ, corrected to …ဖလသစ္ဆိကိရိယာ
150810	vijjāvimuttimūlaka	ဝိဇ္ဇာ,ဝိမုတ္တိ (=မဂ်,ဖိုလ်) တို့၏ အကြောင်းဖြစ်သော ဗောဇ္ဈင်။ «S1»	el *bojjhaṅga* que es causa de la *vijjā* y la *vimutti* (= el *magga*, el *phala*). Véase también [[vijjāvimutti]].	the *bojjhaṅga* that is the cause of *vijjā* and *vimutti* (= the *magga*, the *phala*). See also [[vijjāvimutti]].	labelled adjective but glossed as a noun (the bojjhaṅga)
150813	vijjāvimuttivasībhāvasampadā	ဝိဇ္ဇာ,ဝိမုတ္တိ (=ဝိဇ္ဇာ ၃-ပါး,သမာပတ် ၈ပါး,နိဗ္ဗာန်) တို့၌ လေ့လော နိုင်နင်း-ကျွမ်းကျင်-ခြင်းရှိသည်၏ အဖြစ်နှင့် ၏-ပြည့်စုံခြင်း။	el estar dotado de / la plenitud de el hecho de tener práctica / dominio / pericia en la *vijjā* y la *vimutti* (= las tres *vijjā*, las ocho *samāpatti*, *nibbāna*).	being endowed with / the fullness of the state of having practice / mastery / skill in *vijjā* and *vimutti* (= the three *vijjā*, the eight *samāpatti*, *nibbāna*).	hyphens alternate case particles only (နှင့် / ၏); လေ့လော read as လေ့လာ
150814	vijjāvimuttisampadā	ဝိဇ္ဇာ,ဝိမုတ္တိ (=မဂ်,ဖိုလ်)တို့ -နှင့်-၏-ပြည်စုံခြင်း။ «S1»	el estar dotado de / la plenitud de la *vijjā* y la *vimutti* (= el *magga*, el *phala*). Véase también [[vijjāvimutti]].	being endowed with / the fullness of *vijjā* and *vimutti* (= the *magga*, the *phala*). See also [[vijjāvimutti]].	hyphens alternate case particles only (နှင့် / ၏)
150816	vijjāvisesa	ထူးသောအတတ်ပညာ၊ အတတ်ပညာ အထူး	arte excelente; arte especial.	excellent art; special art.	no closing ။ in the print
150823	vijjāsampayutta	ဝိဇ္ဇာနှင့်(အညီအညွတ် ဧကုပ္ပါဒတာ အစရှိသော အပြားတိုပဖြင့်) ယှဉ်သော။	asociado con la *vijjā* (según las modalidades que comienzan por la concordancia, *ekuppādatā*).	associated with *vijjā* (in the modes beginning with accord, *ekuppādatā*).	တိုပ read as တို့; 'အညီအညွတ် ဧကုပ္ပါဒတာ' read as 'accord, (namely) ekuppādatā'
150824	vijjāsampayuttadhamma	ဝိဇ္ဇာနှင့် (အညီအညွတ် ဧကုပ္ပါဒတာ အစရှိသော အပြားတို့ဖြင့်) ယှဉ်သော တရား။	el estado asociado con la *vijjā* (según las modalidades que comienzan por la concordancia, *ekuppādatā*).	the state associated with *vijjā* (in the modes beginning with accord, *ekuppādatā*).	'အညီအညွတ် ဧကုပ္ပါဒတာ' read as 'accord, (namely) ekuppādatā'
150829	vijjiṁsu	ရအပ်ကုန်ပြီ။	fueron obtenidos.	they were obtained.	label ကမ္မ၊ကြိ (passive verb)
150833	vijju	(၁) လျှပ်စစ်။ (၂)လျှပ်စစ်နွယ်။	(1) relámpago. (2) el relámpago en forma de enredadera.	(1) lightning. (2) creeper-like lightning.	လျှပ်စစ်နွယ် ('lightning creeper') read as the creeper-like streak of lightning (vijjulatā); tentative
150837	vijjukalāpa	လျှပ်စစ်တို့၏ အပေါင်း-အစု၊ လျှပ်စစ်နွယ်။	el conjunto / grupo de relámpagos; el relámpago en forma de enredadera.	the mass / cluster of lightning flashes; creeper-like lightning.	လျှပ်စစ်နွယ် read as creeper-like lightning; tentative
150838	vijjughana	လျှပ်စစ်တို့၏ အစိုင်အခဲ အလုံးအခဲ၊ လျှပ်စစ်နွယ်။	la masa compacta, el cúmulo de relámpagos; el relámpago en forma de enredadera.	the compact mass, the ball of lightning; creeper-like lightning.	လျှပ်စစ်နွယ် read as creeper-like lightning; tentative
150840	vijjutā	(၁) လျှပ်စစ်။ (၂) လျှပ်စစ်နွယ်။	(1) relámpago. (2) el relámpago en forma de enredadera.	(1) lightning. (2) creeper-like lightning.	လျှပ်စစ်နွယ် ('lightning creeper') read as the creeper-like streak of lightning; tentative
150846	vijjuppattikkhaṇa	လျှပ်စစ်-ဖြစ်ပော်-ပြက်-လက်-ရာ-ခဏ-အခိုက်အတန့်။	el instante / momento en que el relámpago aparece / destella / centellea.	the instant / moment in which lightning appears / flashes / gleams.	ဖြစ်ပော် read as ဖြစ်ပေါ်
150848	vijjuppabhāvinaddhandhakāravisaṭakūṭa	လျှပ်စစ်အရောင်-ဖြင့်-သည်-ဖွဲ့ယှက်-မြှေးယှက်-မြှေးရစ်-အပ်သည်ဖြစ်၍ အမိုက်မှောင်ဖြင့် ကျယ်ပြန်သော အထွဋ်ရှိသော။	que tiene una cima extendida en la oscuridad, al estar entrelazada / envuelta / enroscada por / con el brillo del relámpago.	having a peak spread out in the darkness, being entwined / enveloped / wound about by / with the radiance of lightning.	hyphens after လျှပ်စစ်အရောင် alternate case particles only (ဖြင့် / သည်); 'ကျယ်ပြန်' read as ကျယ်ပြန့် 'spread wide'
150853	vijjuppādahetu	ဝိဇ္ဇာ (အရဟတ္တမဂ်ဉာဏ) ဖြစ်ခြင်းဟူသော အကြောင်း။	la causa que es el surgimiento de la *vijjā* (el *arahattamaggañāṇa*).	the cause that is the arising of *vijjā* (the *arahattamaggañāṇa*).	အရဟတ္တမဂ်ဉာဏ printed without the final asat
150857	vijjumālī	လျှပ်စစ်နွယ်ဟူသောပန်း- ပန်းနှင့်တူသော လျှပ်စစ်နွယ်-ရှိသော။	que tiene la flor que es el relámpago en forma de enredadera / el relámpago en forma de enredadera semejante a una flor.	having the flower that is creeper-like lightning / creeper-like lightning resembling a flower.	ပန်း ('flower') renders mālā (garland); လျှပ်စစ်နွယ် read as creeper-like lightning
150858	vijjummāla	(ထီ) (၁)လျှပ်စစ်ပန်း၊ ပန်းနှင့်တူသော လျှပ်စစ်။ (၂) ဝိဇ္ဇုမ္မာလာဂါထာ၊ လျှပ်စစ်နွယ်နှင့်တူသော ဂိုဏ်းအစဉ်ရှိသော (ဂါထာ)။	(femenino) (1) la flor de relámpago; el relámpago semejante a una flor. (2) *vijjummālāgāthā*; (la estrofa) que tiene una secuencia de grupos (métricos) semejante a el relámpago en forma de enredadera.	(feminine) (1) the lightning flower; lightning resembling a flower. (2) *vijjummālāgāthā*; (the stanza) having a sequence of (metrical) groups like creeper-like lightning.	labelled adjective, glossed (ထီ); ဂိုဏ်း read as the metrical gaṇa (the vijjummālā metre); tentative
150859	vijjulaṭṭhi	လျှပ်စစ်နွယ်။	el relámpago en forma de enredadera.	creeper-like lightning.	လျှပ်စစ်နွယ် read as creeper-like lightning
150862	vijjulatājāla	လျှပ်စစ်နွယ်ဟူသော-ပိုက်ကွန်-ကွန်ရက်	la red / malla que es el relámpago en forma de enredadera.	the net / mesh that is creeper-like lightning.	no closing ။ in the print
150863	vijjulatāniccharaṇa	(၁) လျှပ်စစ်-လျှပ်စီး-လက်-ပြက်-ခြင်း။ (၂) လျှက်စီး-ပြက်-လက်-ရာ (ကာလ)။ (၁)  «S1» (၂) အောက်ပုဒ်ကြည့်။	(1) el centellear / destellar del relámpago / rayo. (2) (el tiempo) en que el rayo destella / centellea. (1) Véase [[vijjuppāda]] (1). (2) Véase la entrada siguiente.	(1) the gleaming / flashing of lightning / a lightning bolt. (2) (the time) when the lightning bolt flashes / gleams. (1) See [[vijjuppāda]] (1). (2) See the following headword.	လျှက်စီး read as လျှပ်စီး; 'see the next headword' left in the Burmese
150867	vijjulatāvinaddha	လျှပ်စစ်နွယ်-ဖြင့်-သည်-မြှေးယှက်-မြှေးရစ်-အပ်သော။	entrelazado / enroscado por / con el relámpago en forma de enredadera.	entwined / wound about by / with creeper-like lightning.	hyphens alternate case particles only (ဖြင့် / သည်)
150868	vijjulatāvinaddhasaradakālasetavalāhakarāsisassirīka	လျှပ်စစ်နွယ်-ဖြင့်-သည်-မြှေးယှက်-မြှေးရစ် အပ်သော သရဒဥတုအခါ- မိုးတိမ်ဖြူ အစု-တိမ်ဖြူအစု-ကဲ့သို့ အသရေရှိသော။	que tiene esplendor como el cúmulo de nubes de lluvia blancas / cúmulo de nubes blancas de la estación *sarada*, entrelazado / enroscado por / con el relámpago en forma de enredadera.	having splendour like a mass of white rain clouds / mass of white clouds in the *sarada* season, entwined / wound about by / with creeper-like lightning.	no label; hyphens after လျှပ်စစ်နွယ် alternate case particles only (ဖြင့် / သည်); လျှပ်စစ်နွယ် read as creeper-like lightning
150869	vijjullatāvinaddhasaradakālasetavalāhakarāsisassirīka	လျှပ်စစ်နွယ်-ဖြင့်-သည်-မြှေးယှက်-မြှေးရစ် အပ်သော သရဒဥတုအခါ- မိုးတိမ်ဖြူ အစု-တိမ်ဖြူအစု-ကဲ့သို့ အသရေရှိသော။	que tiene esplendor como el cúmulo de nubes de lluvia blancas / cúmulo de nubes blancas de la estación *sarada*, entrelazado / enroscado por / con el relámpago en forma de enredadera.	having splendour like a mass of white rain clouds / mass of white clouds in the *sarada* season, entwined / wound about by / with creeper-like lightning.	no label; hyphens after လျှပ်စစ်နွယ် alternate case particles only (ဖြင့် / သည်); လျှပ်စစ်နွယ် read as creeper-like lightning
150870	vijjulatāvinaddhasaradakālasetavalāhakarāsisassirika	လျှပ်စစ်နွယ်-ဖြင့်-သည်-မြှေးယှက်-မြှေးရစ် အပ်သော သရဒဥတုအခါ- မိုးတိမ်ဖြူ အစု-တိမ်ဖြူအစု-ကဲ့သို့ အသရေရှိသော။	que tiene esplendor como el cúmulo de nubes de lluvia blancas / cúmulo de nubes blancas de la estación *sarada*, entrelazado / enroscado por / con el relámpago en forma de enredadera.	having splendour like a mass of white rain clouds / mass of white clouds in the *sarada* season, entwined / wound about by / with creeper-like lightning.	no label; hyphens after လျှပ်စစ်နွယ် alternate case particles only (ဖြင့် / သည်); လျှပ်စစ်နွယ် read as creeper-like lightning
150871	vijjullatāvinaddhasaradakālasetavalāhakarāsisassirika	လျှပ်စစ်နွယ်-ဖြင့်-သည်-မြှေးယှက်-မြှေးရစ် အပ်သော သရဒဥတုအခါ- မိုးတိမ်ဖြူ အစု-တိမ်ဖြူအစု-ကဲ့သို့ အသရေရှိသော။	que tiene esplendor como el cúmulo de nubes de lluvia blancas / cúmulo de nubes blancas de la estación *sarada*, entrelazado / enroscado por / con el relámpago en forma de enredadera.	having splendour like a mass of white rain clouds / mass of white clouds in the *sarada* season, entwined / wound about by / with creeper-like lightning.	no label; hyphens after လျှပ်စစ်နွယ် alternate case particles only (ဖြင့် / သည်); လျှပ်စစ်နွယ် read as creeper-like lightning
150872	vijjulatāsadisa	လျှပ်စစ်နွယ်နှင့်တူသော၊ လျှပ်စစ်နွယ် အဆင်းနှင့်တူသော ဆင်းရှိသော။	semejante a el relámpago en forma de enredadera; que tiene un color semejante al color de el relámpago en forma de enredadera.	like creeper-like lightning; having a colour like the colour of creeper-like lightning.	no label
150873	vijjullatāsadisa	လျှပ်စစ်နွယ်နှင့်တူသော၊ လျှပ်စစ်နွယ် အဆင်းနှင့်တူသော ဆင်းရှိသော။	semejante a el relámpago en forma de enredadera; que tiene un color semejante al color de el relámpago en forma de enredadera.	like creeper-like lightning; having a colour like the colour of creeper-like lightning.	no label
150874	vijjulatāsassirīka	လျှပ်စစ်နွယ်ကဲ့သို့-အသရေ-ကြက်သရေ-ရှိသော။	que tiene esplendor / gloria como el relámpago en forma de enredadera.	having splendour / glory like creeper-like lightning.	no label
150875	vijjullatāsassirīka	လျှပ်စစ်နွယ်ကဲ့သို့-အသရေ-ကြက်သရေ-ရှိသော။	que tiene esplendor / gloria como el relámpago en forma de enredadera.	having splendour / glory like creeper-like lightning.	no label
150880	vijjuvaṇṇa	လျှပ်စစ်နွယ် အဆင်းနှင့်တူသော အဆင်းရှိသော။	que tiene un color semejante al color de el relámpago en forma de enredadera.	having a colour like the colour of creeper-like lightning.	no label
150884	vijjusadisacitta	လျှပ်စစ်နှင့်တူသော စိတ်ရှိသော၊ သူ။ «S1»	que tiene una mente semejante al relámpago (dicho de una persona). Véase [[vijjūpamacitta]].	having a mind like lightning (said of a person). See [[vijjūpamacitta]].	no label
150885	vijjūpama	လျှပ်စစ်လျှင် ဥပမာရှိသော၊ လျှပ်စစ်နှင့်တူသော။	que tiene como símil el relámpago; semejante al relámpago.	having lightning as its simile; like lightning.	no label
150886	vijjūpamacitta	လျှပ်စစ်နှင့်တူသော စိတ်ရှိသော၊ သူ။	que tiene una mente semejante al relámpago (dicho de una persona).	having a mind like lightning (said of a person).	no label
150887	vijjūpamañāṇa	လျှပ်စစ်လျှင် ဥပမာရှိ-လျှပ်စစ်နှင့်တူသော ဉာဏ်။	el conocimiento que tiene como símil el relámpago / semejante al relámpago.	the knowledge that has lightning as its simile / is like lightning.	no label
150888	vijjūpamaduka	ဝိဇ္ဇူပမ-ဒုက်၊ ဝိဇ္ဇူပမ-ဟူသော အစပုဒ်ဖြင့် ရအပ်သော အမည်ရှိသော ပုဒ် ၂-ခု အပေါင်း။	el *duka* *vijjūpama*; el conjunto de dos términos cuyo nombre se toma de la palabra inicial *vijjūpama*.	the *vijjūpama* *duka*; the set of two terms whose name is taken from the opening word *vijjūpama*.	no label
150889	vijjūpamabhāva	လျှပ်စစ်လျှင် ဥပမာရှိသည်၏အဖြစ်။	el hecho de tener como símil el relámpago.	the state of having lightning as its simile.	no label
150890	vijjūpamābhāva	လျှပ်စစ်လျှင် ဥပမာရှိသည်၏အဖြစ်။	el hecho de tener como símil el relámpago.	the state of having lightning as its simile.	no label
150891	vijjūra	မရအပ်၊ ရခြင်းငှါမထိုက်။	no obtenido; no digno de ser obtenido.	not obtained; not worthy to be obtained.	labelled masculine noun but glossed as adjectives; the gloss does not fit the headword well
150893	vijjotati	(၁) ထွန်းလင်-တောက်ပ-လက်-၏။ (၂) တင့်တယ်၏။	(1) brilla / resplandece / centellea. (2) es espléndido.	(1) shines / blazes / gleams. (2) is splendid.	ထွန်းလင် read as ထွန်းလင်း
150894	vijjotate	ဝိဇ္ဇောတတိ (၁) အနက်ကြည့်။	Véase [[vijjotati]] (1).	See [[vijjotati]] (1).	'see ဝိဇ္ဇောတတိ sense 1' left in the Burmese
150895	vijjotana	(၁) ထွန်းလင်း-တောက်ပ-လက်-ခြင်း။ (၂) ထွန်းလင်း-တောက်ပ-လက်-ရာ။ (၂)  «S1»	(1) el brillar / resplandecer / centellear. (2) aquello en que se brilla / resplandece / centellea. (2) Véase [[vijjuvijjotanakkhaṇa]].	(1) shining / blazing / gleaming. (2) that in which one shines / blazes / gleams. (2) See [[vijjuvijjotanakkhaṇa]].	sense (2) printed twice, the second only with the cross-reference
150901	vijjotamānamukhamaṇḍala	ထွန်းလင်း-တောက်ပ-သော မျက်နှာ-အဝန်း-အဝိုင်း-ရှိတော်မူသော (ဘုရားရှင်)။	que tiene el rostro / el contorno / el círculo brillante / resplandeciente (el Buddha).	having a shining / blazing face / orb / disc (the Buddha).	no label
150902	vijjotamānasarīra	ထွန်းလင်း-တောက်ပ-သောကိုယ် (ခန္ဓာ) ရှိတော်မူသော (ဘုရားရှင်)။	que tiene un cuerpo (*khandhā*) brillante / resplandeciente (el Buddha).	having a shining / blazing body (*khandhā*) (the Buddha).	no label
150903	vijjotamānasūriyamaṇḍala	ထွန်းလင်း-တောက်ပ-သော နေ၏- အဝန်း-အဝိုင်း။ «S1»	el disco / círculo brillante / resplandeciente del sol. Véase [[vijjotamānamukhamaṇḍala]].	the shining / blazing orb / disc of the sun. See [[vijjotamānamukhamaṇḍala]].	no label
150904	vijjotayati	ထွန်းလင်းတောက်ပ-လက်-စေ၏။	hace resplandecer / centellear.	causes to blaze / gleam.	ထွန်းလင်းတောက်ပ printed without the hyphen: two alternatives
150910	vijjotalanta	ထွန်းလင်း-တောက်ပ-လက်-သော၊ (တောက်ပသည်၏ အစွမ်းဖြင့်) တပြောင်းပြန်ပြန် ဖြစ်သော။	que brilla / resplandece / centellea; que se alterna una y otra vez (por efecto del resplandor).	shining / blazing / gleaming; flickering to and fro (by force of the blaze).	no label; 'တပြောင်းပြန်ပြန် ဖြစ်သော' read as 'alternating / flickering'; tentative
150916	vijjobhāsa	အသိဉာဏ်-ပညာ-ဝိဇ္ဇာ-ဟူသော-အရောင်-အလင်း။	el resplandor / la luz llamada conocimiento / *paññā* / *vijjā*.	the radiance / light called knowledge / *paññā* / *vijjā*.	no label
150918	vijjha	ပစ်လော။	¡dispara!	shoot!	no label; ပစ်လော under an imperative headword read as the imperative လော့
150920	vijjhati	(၁) ထိုး-ပစ်-၏၊ (ထိုး၏။ ဝိ၊၁။ ၉၄။ သျ-စသည်)။ (၂) ထွင်း-ဖောက်၏။ (၃) ထိုး-စူး-၏။ (၄) ထိုး-ခုတ်-လှီး-၏။ (၅) ဖောက်ခွဲ- (အကြွင်းမဲ့) ဖြတ်-၏။ (၆) ဖျက်ဆီး-ပယ်-၏။ (၁) ပစ်၏။ (ထိုး၏။ ဝိ၊၁။ ၉၄။ သျ-စသည်)။	(1) clava / dispara; (clava). (2) perfora / horada. (3) clava / penetra. (4) clava / taja / rebana. (5) rompe / corta (sin dejar residuo). (6) destruye / abandona. (1) dispara. (clava).	(1) stabs / shoots; (stabs). (2) bores / pierces. (3) stabs / penetrates. (4) stabs / hacks / slices. (5) breaks open / cuts (without remainder). (6) destroys / abandons. (1) shoots. (stabs).	citations (ဝိ၊၁။ ၉၄။ သျ-စသည်) dropped from the parentheses; sense (1) printed twice
150921	vijjhatu	ထိုး-ဖောက်-စူးဝင်-လော။	¡que clave / horade / penetre!	let it stab / pierce / penetrate!	…လော under an imperative headword (-tu) read as the imperative လော့
150922	vijjhatha	ပစ်ကုန်လော။	(vosotros) ¡disparad!	(you, plural) shoot!	…လော under a -tha headword read as the imperative လော့
150923	vijjhana	(၁) ထိုးဖောက်-ပစ်ခွင်း-ခြင်း။ (၂) ထိုးကျင့်သော အနာ၊ ဝမ်းလျော-ဝမ်းကျ-နာ။ (၃) ထိုးထွင်း၍ သိခြင်း။ (၄) ထိုးကြောင်းဖြစ်သော။ (၅) ထိုး ထိုးဆွ-ရာ (ကာလ)။ (တိ) (၆) နှိပ်စက်တတ်သော။ (၇) ဖောက်ခွဲတတ်သော၊ (၈) ဖျက်ဆီး-ပယ်-တတ်သော။ (၉) ပစ်ခွင်းတတ်သော။ (၁၀) ထိုးတတ်သော။ (၁၁) စူးဝင်တတ်သော။	(1) el atravesar / el asaetear. (2) la dolencia de dolor punzante; la diarrea / el flujo de vientre. (3) el conocer penetrando. (4) que sirve para clavar. (5) (el tiempo) en que se clava / se aguijonea. (adjetivo) (6) que suele oprimir. (7) que suele romper; (8) que suele destruir / abandonar. (9) que suele asaetear. (10) que suele clavar. (11) que suele penetrar.	(1) piercing through / shooting at. (2) the stabbing-pain ailment; diarrhoea / flux of the bowels. (3) knowing by penetration. (4) serving to stab. (5) (the time) when one stabs / goads. (adjective) (6) apt to oppress. (7) apt to break open; (8) apt to destroy / abandon. (9) apt to shoot at. (10) apt to stab. (11) apt to penetrate.	(2) 'ထိုးကျင့်သော အနာ' read as a stabbing-pain ailment, tentative; (4) and (5) are adjectival though before the (တိ) label; (7) ends with ၊
150928	vijjhanakuṭilakaṇṭaka	ထိုးကြောင်းဖြစ်သော ကောက်သော ဆူး(ချွန်း)။	la espina (aguijón) curva que sirve para clavar.	the curved thorn (goad) that serves to stab.	ချွန်း read as 'goad'; tentative
150931	vijjhanattha	ပစ်ခြင်းအကျိုး။	el propósito del disparar.	the purpose of shooting.	အကျိုး here renders attha ('purpose')
150932	vijjhanadaṇḍatomara	ထိုးကြောင်းဖြစ်သော အရိုးရှိသည့်-ခက်ရင်း-လှံ-မှိန်း။	la horquilla / lanza / jabalina con mango, que sirve para clavar.	the fork / spear / javelin with a shaft, that serves to stab.	ခက်ရင်း ('fork, trident') / လှံ / မှိန်း read as alternatives for tomara
150933	vijjhanappakārasikkhāpanamukha	ထိုး-ပစ်-ပုံ-အခြင်းအရာ (ထိုးပစ်ပုံ ထိုးပစ်နည်း) ကို သင်စေခြင်းကို အဦးပြုခြင်း။	el tomar como punto de partida el hacer aprender la forma / el modo de clavar / disparar (el modo de clavar y disparar, el método de clavar y disparar).	taking as the starting point the teaching of the manner / mode of stabbing / shooting (the manner of stabbing and shooting, the method of stabbing and shooting).	the hyphen chain ထိုး-ပစ်-ပုံ-အခြင်းအရာ mixes verbs and nouns; read as two pairs
150935	vijjhanavāta	ထိုးကျင့်သောလေ၊ လေထိုး-လေထ-လေအောင့်-ခြင်း။	el viento punzante; el dolor punzante de viento / el viento que sube / el viento que oprime.	the stabbing wind; stabbing wind-pain / rising wind / oppressive wind.	Burmese medical 'wind' terms (လေထိုး, လေထ, လေအောင့်) rendered literally; tentative
150936	vijjhanavidhi	ထိုး-ပစ်-ခြင်းအ အရင်။	el método del clavar / disparar.	the method of stabbing / shooting.	garbled 'ခြင်းအ အရင်' read as 'ခြင်း၏ အစီအရင်' (method)
150940	vijjhanta	ထိုး-ဖောက်-သော၊ သူ။ စိုင်းနှင်သော။	que clava / horada (dicho de una persona). que persigue acosando.	stabbing / piercing (said of a person). chasing, harrying.	the two glosses are separated by ။ in the print
150942	vijjhantu	ပစ်ကုန်လော။	¡que disparen!	let them shoot!	…လော under an imperative headword (-ntu) read as the imperative လော့
150947	vijjhāṭavi	ဝိဇ္ဈာမျည်သော တောအုပ်၊ ဝိဇ္ဈာဋဝီ-တောအုပ်။ အောက်ပုဒ်ကြည့်။	el bosque llamado *vijjhā*; el bosque *vijjhāṭavī*. Véase la entrada siguiente.	the forest named *vijjhā*; the *vijjhāṭavī* forest. See the following headword.	မျည် read as မည်; 'see the next headword' left in the Burmese
150948	vijjhāṭavī	ဝိဇ္ဈာမျည်သော တောအုပ်၊ ဝိဇ္ဈာဋဝီ-တောအုပ်။ အောက်ပုဒ်ကြည့်။	el bosque llamado *vijjhā*; el bosque *vijjhāṭavī*. Véase la entrada siguiente.	the forest named *vijjhā*; the *vijjhāṭavī* forest. See the following headword.	no label; မျည် read as မည်; 'see the next headword' left in the Burmese
150952	vijjhāpita	ငြိမ်းစေ အပ်ပြီးသော (မီးရှူး-ဆီမီးကိလေသာ စသည်)။	que ha sido apagado (antorcha / lámpara de aceite, los *kilesa* y demás).	made to be extinguished (torch / oil lamp, the *kilesa* and so on).	ဆီမီးကိလေသာ printed without a separator; read as 'oil lamp, kilesa'
150958	vijjhāpetuṁ	ငြိမ်းစေခြင်းငှါ။	para apagar.	in order to put out.	label ဗျ (indeclinable)
150966	vijjhāpessāmi	ထိုးစေ-လတ္တံ့-အံ့။	(yo) haré clavar.	(I) shall cause to stab.	no label; future particles လတ္တံ့ / အံ့ printed as alternatives; 1st person from the -mi headword and အံ့; the Burmese 'cause to stab' where the neighbouring headwords have 'extinguish'
150968	vijjhāyana	ငြိမ်းခြင်း၊ ငြိမ်းရာ။ အောက်ပုဒ်ကြည့်။	el apagarse; aquello en que se apaga. Véase la entrada siguiente.	going out; that in which it goes out. See the following headword.	'see the next headword' left in the Burmese
150971	vijjhāyantu	ငြိမ်းစေကုန်လော (ငြိမ်းစေကုန်သတည်း)။	¡que se apaguen! (¡que se apaguen!)	let them be extinguished! (let them be extinguished!)	…လော under an imperative headword (-ntu) read as the imperative လော့; the bracket repeats it with သတည်း
150972	vijjhāyiṁsu	ငြိမ်းကုန်ပြီ။	se apagaron.	they went out.	no label
150974	vijjhāyissanti	ငြိမ်းကုန်ပြီ။	se apagaron.	they went out.	no label; the Burmese gives a past (ပြီ) for this future headword
150975	vijjhiṁ	ထိုးပြီ။ «S1»	(yo) clavé. Véase también [[vijjhati]].	(I) stabbed. See also [[vijjhati]].	1st person from the -iṁ headword; the Burmese does not mark it
150978	vijjhi	(သင်) ပစ်ပြီ။	(tú) disparaste.	(you) shot.	no label
150979	vijjhita	ထိ-စပ်-ထိုး-ဖောက်-သော။	que toca / une / clava / horada.	touching / joining / stabbing / piercing.	active …သော for a past participle; passive may be meant
150980	vijjhitabba	(၁) ဖောက်-ထွင်း-အပ်သော။ (၂) ချုတ်ချယ်ထိပါး-ပုတ်ခတ်-ပြောဆိုအပ်သော၊ (ရှုတ်ချ-အပြစ်တင်-အပ်သော။ ဒီ၊ဋ္ဌ၊၂။ ၂၉၉။ သျ၊ဗား)။ (၃) ထိုး-ထိုးဆွ-အပ်သော။	(1) que ha de ser horadado / perforado. (2) que ha de ser acosado / golpeado / increpado (que ha de ser censurado / reprochado). (3) que ha de ser clavado / aguijoneado.	(1) to be pierced / bored. (2) to be harassed / struck / spoken against (to be censured / reproached). (3) to be stabbed / goaded.	citation (ဒီ၊ဋ္ဌ၊၂။ ၂၉၉။ သျ၊ဗား) dropped from the parenthesis
150981	vijjhituṁ	ပစ်ခြင်းငှါ။	para disparar.	in order to shoot.	label ဗျ (indeclinable)
150983	vijjhittho	(သင်)ပစ်၏။ «S1»	(tú) disparas. Véase también [[vijjhati]].	(you) shoot. See also [[vijjhati]].	no label; the Burmese gives a present (၏) for this aorist form
150984	vijjhitvā	ထိုးပစ်-ဖောက်-၍။	habiendo lanzado / horadado.	having shot / pierced.	no label
150985	vijjhimhā	ပစ်ကုန်ပြီ။ «S1»	(nosotros) disparamos. Véase también [[vijjhati]].	(we) shot. See also [[vijjhati]].	1st person from the -mhā headword; the Burmese does not mark it
150986	vijjhiyati	စူးဝင်အပ်၏။	es penetrado.	is penetrated.	no label
150987	vijjhīyati	စူးဝင်အပ်၏။	es penetrado.	is penetrated.	no label
150992	vijjhissāma	ပစ်ကုန်-လတ္တံ့-အံ့။	dispararán / dispararemos.	they will shoot / we shall shoot.	print gives both future endings (-လတ္တံ့ 2nd/3rd, -အံ့ 1st) as alternatives; headword -āma is 1st plural
150993	vijjhissāmi	ထိုး-ပစ်-လတ္တံ့။	traspasará / disparará.	will pierce / shoot.	headword -āmi is 1st sing. but the print has -လတ္တံ့ (2nd/3rd); rendered as printed
150999	viñjha	ဝိဉ္ဈတောင်၊ တောင်ဖီလာ။ (၎င်းတောင်သည် ဂင်္ဂါမြစ်ဝှမ်း၏ တောင်ဖက်၌ရှိ၍ အိန္ဒယပြည်တောင်ပိုင်းနှင့် မဇ္ဈိမဒေသခော် ဂင်္ဂါမြစ်ဝှမ်းအရပ်ကို ခွဲခြားထားသော အရှေ့ အနောက်တည်ရှိသည့် တောင်တန်းကြီး ဖြစ်သည်။ အိန္ဒိယပြည်ရှိတောင်တန်းကြီး ၇-ခုအနက် တစ်ခုအပါအဝင် ဖြစ်ပေသည်။ «S1»	el monte *viñjha*; ‹တောင်ဖီလာ›. (Esta cordillera está al sur del valle del río *gaṅgā* y es una gran cordillera que se extiende de este a oeste y separa el sur de la India del valle del *gaṅgā* llamado *majjhimadesa*. Es una de las 7 grandes cordilleras de la India. Véase también [[viñjhāṭavi]].	the *viñjha* mountain; ‹တောင်ဖီလာ›. (This range lies south of the valley of the river *gaṅgā*; it is a great range running east to west that separates southern India from the *gaṅgā* valley called *majjhimadesa*. It is one of the 7 great ranges of India. See also [[viñjhāṭavi]].	‹တောင်ဖီလာ› unidentified (another name of the range?); closing bracket missing in print; ခော် read as ခေါ် (called)
151001	viñjhāṭavi	ဝိဉ္ဈာဋဝီ-တော-တောအုပ်။ ဝိဉ္ဈတောင်တန်း၌တည်သော-တောအုပ်-တော အထူး။ ဝိဉ္ဈာအမည်ရှိသော တောအုပ် (မအူ၊သျ)။	*viñjhāṭavī* / bosque / arboleda. arboleda / bosque particular situado en la cordillera *viñjha*. la arboleda llamada *viñjhā*.	*viñjhāṭavī* / forest / grove. a particular grove / forest situated in the *viñjha* range. the grove named *viñjhā*.	source tag (မအူ၊သျ) dropped
151002	viñjhāṭavī	ဝိဉ္ဈာဋဝီ-တော-တောအုပ်။ ဝိဉ္ဈတောင်တန်း၌တည်သော-တောအုပ်-တော အထူး။ ဝိဉ္ဈာအမည်ရှိသော တောအုပ် (မအူ၊သျ)။	*viñjhāṭavī* / bosque / arboleda. arboleda / bosque particular situado en la cordillera *viñjha*. la arboleda llamada *viñjhā*.	*viñjhāṭavī* / forest / grove. a particular grove / forest situated in the *viñjha* range. the grove named *viñjhā*.	source tag (မအူ၊သျ) dropped
151004	viññatta	တောင်-သိစေ-အပ်သော။	pedido / hecho saber.	asked for / made known.	တောင် read as တောင်း (ask), a misprint
151008	viññatti	(၁) အကြောင်း ဥဒါဟရုဏ် ထုံးပုံစသော အထူးထူး အပြားပြား- အမျိုးမျိုး-သော နည်းတို့ဖြင့် သိစေခြင်း။ (၂) သိစေ-တောင်း-ခြင်း။ (၃) သိခြင်း။ (၄) ဝိညတ်ရုပ် (က) မိမိ၏ အလိုဆန္ဒအကြံအစည်ကို (သူတစ်ပါးတို့အား) သိစေ-ထင်စွာပြ-တတ်သော သဘော။ (ခ) သူတစ်ပါးတို့သည် သိအပ်သော သဘော။ (ဂ) သိအပ်ကြောင်း ဖြစ်သော သဘော။ (၅) သိရာ (အရပ်) (၆) သူပေါဒနဝိညတ္တိသိက္ခာပုဒ်။ (၇) အညာတကဝိညတ္တိသိက္ခာပုဒ်။ (၈) အညဝိညာပန သိက္ခာပုဒ်။ မူရင်းကြည့်ပါ။	(1) el hacer saber mediante métodos diversos / variados / de muchas clases, como razones, ejemplos, precedentes y demás. (2) el hacer saber / el pedir. (3) el conocer. (4) *viññattirūpa*: (a) la naturaleza que suele hacer saber / mostrar claramente (a otros) el propio deseo, voluntad e intención; (b) la naturaleza que es conocida por otros; (c) la naturaleza que es causa de ser conocido. (5) el lugar donde se conoce. (6) la regla de entrenamiento *sūpodanaviññattisikkhāpada*. (7) la regla de entrenamiento *aññātakaviññattisikkhāpada*. (8) la regla de entrenamiento *aññaviññāpanasikkhāpada*. Véase el original.	(1) making known by diverse / various / manifold means, such as reasons, examples, precedents and so on. (2) making known / asking. (3) knowing. (4) *viññattirūpa*: (a) the nature apt to make known / show clearly (to others) one's own wish, will and intention; (b) the nature that is known by others; (c) the nature that is a cause of being known. (5) the place where one knows. (6) the training rule *sūpodanaviññattisikkhāpada*. (7) the training rule *aññātakaviññattisikkhāpada*. (8) the training rule *aññaviññāpanasikkhāpada*. See the original.	'see the original' rendered literally; (8) ⟦အညဝိညာပန⟧ romanised as aññaviññāpana (print spelling အည, not အည္ည)
151010	viññattikata	ပြုအပ်သော ကောင်းခြင်းရှိသော။	que tiene el bien hecho.	having the good that was done.	definition ('having the goodness done') does not obviously fit viññatti-kata; possibly garbled or misplaced
151016	viññattitā	ဝိကာရဟူသော ဝိညတ်၏အဖြစ် (ပြည်၊သျ)	el hecho de ser la *viññatti* que es *vikāra*.	the state of being the *viññatti* that is *vikāra*.	source tag (ပြည်၊သျ) dropped
151033	viññattivikāra	ဝိညတ်ဟူသော-ဖောက်ပြန်ခြင်း-အမူအရာအထူး၊ ဝိကာရဟူသော ဝိညတ် (ပြည်၊သျ)။	la alteración / el gesto especial que es la *viññatti*; la *viññatti* que es *vikāra*.	the alteration / special bodily mode that is *viññatti*; the *viññatti* that is *vikāra*.	source tag (ပြည်၊သျ) dropped
151045	viññattisamuṭṭhāpakavacana	ဝိညက်ကို ဖြစ်စေတတ်သည်ဟု ဆိုခြင်း။	el decir que suele producir la *viññatti*.	the saying that it is apt to produce *viññatti*.	ဝိညက် read as ဝိညတ် (misprint)
151049	viññattisīlantikathā	(ကာယ,ဝစီ) ဝိညတ်သည် သီလမည်၏ဟူသော ပြဿနာက် ဆိုရာဖြစ်သော စကား။	el discurso en que se trata la cuestión de que la (*kāya*, *vacī*) *viññatti* se llama *sīla*.	the discourse in which the question is treated that (*kāya*, *vacī*) *viññatti* is called *sīla*.	ပြဿနာက် read as ပြဿနာကို (misprint)
151052	viññāṇa	(၁) သိခြင်း။ (၂) ဝိညာဉ်၊စိတ်၊ (အာရုံကို) အထူးသဖြင့် သိတတ်သော သဘောတရား (က) ဝိညာဉ်-စိတ်-တစ်ခုယုတ်ကိုးဆယ်။ (ခ) ကမ္မဝိညာဉ်၊ အဘိသင်္ခါရဝိညာဉ်။ (ဂ) ဘုံသုံးပါး၌ ဖြစ်သော ကုသိုလ်-ဝိညာဉ်-စိတ်-စသည်။ (ဃ) ဇောဝိညာဉ်-စိတ်။ (င) (ရာဂနှင့်ယှဉ်သော) မရဏာသန္နဇော-ဝိညာဉ်-စိတ်။ (စ) ပဋိသန္ဓေ-ဝိညာဉ်-စိတ်။ (ဆ) နိကန္တိတဏှာနှင့်ယှဉ်သော စိတ်၊ လောဘမူစိတ်။ (ဇ) ပဋိသန္ဓေ--ဝိညာဉ်-စိတ်-နှင့် ကြွင်းသော-ဝိညာဉ်-စိတ်။ (ဈ) ကမ္မဝိညာဉ်နှင့် အလုံးစုံသော  ဝိညာဉ်,ဇောဝိညာဉ်။ (ည) အလုံးစုံသော ဝိပါက်-ဝိညာဉ်-စိတ်။ (ဌ) ဝိပါက်,ကြိယာဝိညာဉ်-စိတ်။ (ဍ) ပဋိသန္ဓေ-ဝိညာဉ်-စိတ်နှင့် (ပဝတ္တိအခါ) လောကီဝိပါက်-ဝိညာဉ်-စိတ်။ (ဎ) နောက်ဆုံး-ဝိညာဉ်-စိတ် (ရဟန္တာတို့၏ စုတိစိတ်)နှင့် အဘိသင်္ခါရဝိညာဉ်။ (ဏ) စက္ခုဝိညာဉ်။ (တ) ပဌမာရုပ္ပဝိညာဉ်။ (ထ) ဝိပဿနာဉာဏ်နှင့်ယှဉ်သော-ဝိညာဉ်။ (ထ) ဝိပဿနာဉာဏ်နှင့်ယှဉ်သော ဝိညာဉ်-စိတ်။ (၃) ဝိညာဉ်၊ တိတ္ထိတို့ ကြံဆအပ်သော အတ္တ,အသက်,လိပ်ပြာ,ဝိညာဉ်ကောင်။ (၄) နိဗ္ဗာန် (က) ထူးသော ဉာဏ်ဖြင့်သိအပ်သော တရား။ (ခ) မဂ်,ဖိုလ်,ပစ္စဝေက္ခနာ ဉာဏ်တို့ဖြင့် အလုံးစုံသော သင်္ခတတရားတို့ထက် ထူးသည်၏ အဖြစ်ဖြင့် သိအပ်သော သဘောတရား။ (၅) စုံစမ်းဆင်ခြင်ခြင်း။ (၇) ဝိညာဏဉ္စာယတနပဉှာသုတ်။	(1) el conocer. (2) *viññāṇa*; mente; la naturaleza que suele conocer (el objeto) de manera especial: (a) los 89 *viññāṇa* / mentes. (b) *kammaviññāṇa*; *abhisaṅkhāraviññāṇa*. (c) el *viññāṇa* sano / la mente sana y demás, que surgen en los tres *bhūmi*. (d) el *viññāṇa* / la mente *javana*. (e) el *viññāṇa* / la mente *maraṇāsannajavana* (asociado con *rāga*). (f) el *viññāṇa* / la mente de *paṭisandhi*. (g) la mente asociada con *nikantitaṇhā*; la mente enraizada en *lobha*. (h) el *viññāṇa* / la mente de *paṭisandhi* y el *viññāṇa* / la mente restantes. (i) el *kammaviññāṇa* y todos los *viññāṇa* y *javanaviññāṇa*. (j) todos los *viññāṇa* / mentes *vipāka*. (l) el *viññāṇa* / la mente *vipāka* y *kiriya*. (m) el *viññāṇa* / la mente de *paṭisandhi* y (en el tiempo de *pavatti*) el *viññāṇa* / la mente *lokiyavipāka*. (n) el último *viññāṇa* / la última mente (la mente de *cuti* de los *arahant*) y el *abhisaṅkhāraviññāṇa*. (o) *cakkhuviññāṇa*. (p) *paṭhamāruppaviññāṇa*. (q) el *viññāṇa* asociado con el *vipassanāñāṇa*. (q) el *viññāṇa* / la mente asociados con el *vipassanāñāṇa*. (3) *viññāṇa*; el *atta*, la vida, el alma, el ente *viññāṇa* imaginados por los *titthiya*. (4) *nibbāna*: (a) el estado que ha de conocerse con un conocimiento especial. (b) el estado que ha de conocerse, mediante los conocimientos de *magga*, *phala* y *paccavekkhanā*, como superior a todos los estados *saṅkhata*. (5) el investigar / reflexionar. (7) el sutta *viññāṇañcāyatanapañhā*.	(1) knowing. (2) *viññāṇa*; mind; the nature apt to know (the object) in a special way: (a) the 89 *viññāṇa* / minds. (b) *kammaviññāṇa*; *abhisaṅkhāraviññāṇa*. (c) wholesome *viññāṇa* / mind and so on, arising in the three *bhūmi*. (d) *javana* *viññāṇa* / mind. (e) *maraṇāsannajavana* *viññāṇa* / mind (associated with *rāga*). (f) *paṭisandhi* *viññāṇa* / mind. (g) the mind associated with *nikantitaṇhā*; the mind rooted in *lobha*. (h) *paṭisandhi* *viññāṇa* / mind and the remaining *viññāṇa* / mind. (i) *kammaviññāṇa* and all *viññāṇa* and *javanaviññāṇa*. (j) all *vipāka* *viññāṇa* / minds. (l) *vipāka* and *kiriya* *viññāṇa* / mind. (m) *paṭisandhi* *viññāṇa* / mind and (at the time of *pavatti*) *lokiyavipāka* *viññāṇa* / mind. (n) the last *viññāṇa* / mind (the *cuti* mind of the *arahant*) and *abhisaṅkhāraviññāṇa*. (o) *cakkhuviññāṇa*. (p) *paṭhamāruppaviññāṇa*. (q) the *viññāṇa* associated with *vipassanāñāṇa*. (q) the *viññāṇa* / mind associated with *vipassanāñāṇa*. (3) *viññāṇa*; the *atta*, the life, the soul, the *viññāṇa* entity conceived by the *titthiya*. (4) *nibbāna*: (a) the state to be known by a special knowledge. (b) the state to be known, through the knowledges of *magga*, *phala* and *paccavekkhanā*, as superior to all *saṅkhata* states. (5) investigating / reflecting. (7) the *viññāṇañcāyatanapañhā* sutta.	sub-senses lettered by Burmese letter order: (ဋ)=k is skipped and (ထ)=q is printed twice with near-identical text; sense (6) missing in print; ဝိညာဉ်ကောင် ('viññāṇa-creature', the soul) rendered 'the viññāṇa entity'
151053	viññāṇa	ဝိညာဉ်၌ တပ်နှစ်သက်ခြင်း။	el deleitarse con apego en el *viññāṇa*.	delighting with attachment in *viññāṇa*.	definition fits a compound (viññāṇa + nandī / rāga) rather than bare viññāṇa; possibly a misplaced headword
151056	viññāṇaka	စိတ်-ဝိညာဉ်-ရှိသော။ အောက်ပုဒ်ကြည့်။	que tiene mente / *viññāṇa*. Véase la entrada siguiente.	having mind / *viññāṇa*. See the next headword.	'see the headword below' (အောက်ပုဒ်ကြည့်) rendered literally
151078	viññāṇañca	(၁) အဆုံးအပိုင်းအခြားမရှိသော ပဌမာရုပ္ပဝိညာဉ်။ (၂) (ဒုတိယာရုပ္ပ) ဝိညာဉ်သည် ရေက်-အာရုံပြု-အပ်သော တရား။	(1) el *paṭhamāruppaviññāṇa*, que no tiene fin ni límite. (2) el estado alcanzado / tomado como objeto por el (*dutiyāruppa*) *viññāṇa*.	(1) the *paṭhamāruppaviññāṇa*, which has no end or limit. (2) the state reached / taken as object by (*dutiyāruppa*) *viññāṇa*.	ရေက် read as ရောက် (reached), a misprint
151080	viññāṇañcāyatana	(၁) ဝိညာဏဉ္စာယတနအာရုံ၊ အဆုံးအပိုင်း အခြားမရှိသော ပဌမာရုပ္ပဝိညာဉ်ဟူသော တည်ရာအာရုံ။ (၂) ဝိညာဏဉ္စယတနဈာန်၊ အဆုံး အပိုင်းအခြားမရှိသော ပဌမာရုပ္ပဝိညာဉ်လျှင် တည်ရာအာရုံရှိသော ဒုတိယာရုပ္ပဈာန်။	(1) el objeto *viññāṇañcāyatana*; el objeto de apoyo que es el *paṭhamāruppaviññāṇa* sin fin ni límite. (2) el *viññāṇañcāyatanajjhāna*; el *dutiyāruppajhāna*, que tiene por objeto de apoyo el *paṭhamāruppaviññāṇa* sin fin ni límite.	(1) the *viññāṇañcāyatana* object; the supporting object that is the *paṭhamāruppaviññāṇa* without end or limit. (2) the *viññāṇañcāyatanajjhāna*; the *dutiyāruppajhāna*, having as its supporting object the *paṭhamāruppaviññāṇa* without end or limit.	(2) print ဝိညာဏဉ္စယတန (short a) read as ဝိညာဏဉ္စာယတန
151090	viññāṇañcāyatanabhava	ဝိညာဏဉ္စာယတနဗြဟ္မာ့ပြည-ဘုံ။ «S1»	el reino / *bhūmi* de los *brahmā* del *viññāṇañcāyatana*. Véase [[viññāṇañcāyatanupaga]].	the *viññāṇañcāyatana* *brahmā* realm / *bhūmi*. See [[viññāṇañcāyatanupaga]].	ပြည read as ပြည် (realm), a misprint
151093	viññāṇañcāyatanasaññā	(၁) ဝိညာဏဉ္စာယတနသညာ၊ ဝိညာဏဉ္စယတနဈာန်၌ ဖြစ်သော သညာ။ (၂) အဆုံးအပိုင်းအခြားမရှိသော ပဌမာရုပ္ပဝိညာဉ်ဟူသောတည်ရာအာရုံဟု ဖြစ်သော အမှတ်သညာ။ အောက်ပုဒ်လည်းကြည့်။ (၂)  «S1»	(1) *viññāṇañcāyatanasaññā*; la *saññā* que surge en el *viññāṇañcāyatanajjhāna*. (2) la percepción (*saññā*) que surge tomando como objeto de apoyo el *paṭhamāruppaviññāṇa* sin fin ni límite. Véase también la entrada siguiente. (2) Véase [[viññāṇañcāyatanasaññī]].	(1) *viññāṇañcāyatanasaññā*; the *saññā* arising in the *viññāṇañcāyatanajjhāna*. (2) the perception (*saññā*) arising with the *paṭhamāruppaviññāṇa* without end or limit as its supporting object. See also the next headword. (2) See [[viññāṇañcāyatanasaññī]].	'see also the headword below' rendered literally; a stray second (၂) stands before «S1»; (1) print ဝိညာဏဉ္စယတန read as ဝိညာဏဉ္စာယတန
151094	viññāṇañcāyatanasaññāsahagata	ဝိညာဏ၅ယတနသညာနှင့် တကွဖြစ်သော။	que surge junto con la *viññāṇañcāyatanasaññā*.	arising together with the *viññāṇañcāyatanasaññā*.	print ဝိညာဏ၅ယတနသညာ garbled (၅ for ဉ္စာ); corrected in the copy
151099	viññāṇañcāyatanasukhumasaccasaññā	ဝိညာဏဉ္စာယတနဈာန်နှင့်ယှဉ်သော သိမ်မွေ့-မှန်ကန်-ထင်ရှား-သော သညာ။ အောက်ပုဒ်ကြည့်။	la *saññā* sutil / verdadera / manifiesta, asociada con el *viññāṇañcāyatanajjhāna*. Véase la entrada siguiente.	the subtle / true / evident *saññā* associated with the *viññāṇañcāyatanajjhāna*. See the next headword.	'see the headword below' rendered literally
151104	viññāṇañcāyatanūpaga	ဝိညာဏဉ္စယတနဗြဟ္မာ-ပြည် ဘုံ-သို့ကပ်ရောက်သော။	que llega al reino / *bhūmi* de los *brahmā* del *viññāṇañcāyatana*.	reaching the *viññāṇañcāyatana* *brahmā* realm / *bhūmi*.	print ဝိညာဏဉ္စယတန (short a) read as ဝိညာဏဉ္စာယတန
151105	viññāṇañcāyatanupaga	ဝိညာဏဉ္စယတနဗြဟ္မာ-ပြည် ဘုံ-သို့ကပ်ရောက်သော။	que llega al reino / *bhūmi* de los *brahmā* del *viññāṇañcāyatana*.	reaching the *viññāṇañcāyatana* *brahmā* realm / *bhūmi*.	print ဝိညာဏဉ္စယတန (short a) read as ဝိညာဏဉ္စာယတန
151108	viññāṇaṭṭhitisaṅkhyā	ဝိညာဏဋ္ဌိတိ ဟူ၍-ရေတွက်-ခော်ဝော်-ပြောဆို-ခြင်း။	el contar / llamar / decir como *viññāṇaṭṭhiti*.	counting / calling / speaking of as *viññāṇaṭṭhiti*.	ခော်ဝော် read as ခေါ်ဝေါ် (call), a misprint
151120	viññāṇadhātupañha	ဝိညာဏဓာတ်-ပြဿနာ-ကို မေးမြန်းခြင်း။	el plantear la cuestión del *viññāṇadhātu*.	asking the question of the *viññāṇadhātu*.	hyphens in ဝိညာဏဓာတ်-ပြဿနာ-ကို read as a compound ('the viññāṇadhātu question'), not as alternatives
151122	viññāṇadhāturāgavinibandha	ဝိညာဏဓာတ်၌ ရာဂဖြင့် နှောင်ဖွဲ့အပ်သော။	atado por *rāga* al *viññāṇadhātu*.	bound by *rāga* to the *viññāṇadhātu*.	headword is a noun (-vinibandha) but the gloss is adjectival (-အပ်သော), as under the preceding headword
151141	viññāṇapada	(၁) သောတဝိညာဉ်၏ အဖို့-အစု။ (၂) ဝိညာဏဟူသောပုဒ်။ (၂)  «S1»	(1) la parte / el grupo del *sotaviññāṇa*. (2) la palabra *viññāṇa*. (2) Véase [[viññāṇapadaniddesa]].	(1) the portion / group of *sotaviññāṇa*. (2) the word *viññāṇa*. (2) See [[viññāṇapadaniddesa]].	a stray second (၂) stands before «S1»
151144	viññāṇapabhava	ဝိညာဉ်လျှင် အမွန်အစရှိသော။ «S1»	que tiene su origen en el *viññāṇa*. Véase [[viññāṇajātika]].	having its origin in *viññāṇa*. See [[viññāṇajātika]].	အမွန်အစ unclear (perhaps အမြစ်အစ 'root, beginning'); rendered 'origin'
151145	viññāṇappabhava	ဝိညာဉ်လျှင် အမွန်အစရှိသော။ «S1»	que tiene su origen en el *viññāṇa*. Véase [[viññāṇajātika]].	having its origin in *viññāṇa*. See [[viññāṇajātika]].	အမွန်အစ unclear (perhaps အမြစ်အစ 'root, beginning'); rendered 'origin'
151149	viññāṇapātubhāva	ဝိညာဉ်၏ ထင်ရှားဖြစ်ပော်ခြင်း။	el surgir manifiesto del *viññāṇa*.	the manifest arising of *viññāṇa*.	ဖြစ်ပော် read as ဖြစ်ပေါ် (a misprint)
151156	viññāṇabīja	(၁) (အဘိသင်္ခါရ) ဝိညာဉ်ဟူသော မျိုးစေ့။ (၂) ဝိညာဉ်၏ မျိုးစေ့၊ (သျ)။	(1) la semilla que es el (*abhisaṅkhāra*) *viññāṇa*. (2) la semilla del *viññāṇa*.	(1) the seed that is (*abhisaṅkhāra*) *viññāṇa*. (2) the seed of *viññāṇa*.	source tag (သျ) dropped
151162	viññāṇamaya	ဝိညာဉ်ကို-အဦးမူ-ပဓာနပြု-ခြင်း။	el anteponer / tomar como principal el *viññāṇa*.	putting *viññāṇa* first / making it chief.	gloss is a verbal noun, identical to the next headword (viññāṇamukha); does not fit adjectival -maya, possibly misplaced
151170	viññāṇavacana	(၁) ဝိညာဉ်-စိတ်-ဟူသော အနက်ကို ဟောတတ်သော။ (န) (၂) ဝိညာဏဟူ၍ ဟောတော်မူခြင်း၊ ဝိညာဏသဒ္ဒါ။	(1) que suele expresar el significado *viññāṇa* / mente. (neutro) (2) el enseñar llamándolo *viññāṇa*; la palabra *viññāṇa*.	(1) apt to express the meaning *viññāṇa* / mind. (neuter) (2) the teaching of it as *viññāṇa*; the word *viññāṇa*.	(2) ဟောတော်မူ is the honorific used of the Buddha's teaching
151180	viññāṇavipariṇāmaññathābhāva	ဝိညာဉ်၏ ဖောက်ပြန်-တစ်ပါးသော အခြင်းအရာအားအားဖြင့်ဖြစ်-ခြင်း။ အောက်ပုဒ်ကြည့်။	el alterarse / el llegar a ser de otro modo del *viññāṇa*. Véase la entrada siguiente.	the alteration / becoming otherwise of *viññāṇa*. See the next headword.	'see the headword below' rendered literally; အားအားဖြင့် is a dittography
151191	viññāṇasaṅkhā	ဝိညာဉ်ဖြင့် သတ္တဝါဟု-ခော်ဝော်-ပညတ် အပြားအားဖြင့် သိစေ-ခြင်း။	el llamar / designar / hacer saber de manera diferenciada como ser vivo, en razón del *viññāṇa*.	calling / designating / making known in detail as a living being, by reason of *viññāṇa*.	ခော်ဝော် read as ခေါ်ဝေါ် (call), a misprint; the hyphen chain is uneven (ပညတ် has no closing hyphen)
151192	viññāṇasaṅkhāvimutta	ဝိညာဉ်ဖြင့် သတ္တဝါဟု-ခော်ဝော်-ပညတ်-ခြင်းမှ လွတ်သော၊ သူ။	libre del llamar / designar como ser vivo en razón del *viññāṇa* (dicho de una persona).	freed from calling / designating as a living being by reason of *viññāṇa* (said of a person).	ခော်ဝော် read as ခေါ်ဝေါ် (call), a misprint
151197	viññāṇasamudaya	(၁) ဝိညာဉ်၏ ဖြစ်ခြင်း။ (၂) ဝိညာဉ်၏ဖြစ်ကြောင်း။ (တိ) (၃) ဝိညာဉ်-လျှင်-ဟူသော-ဖြစ်ကြောင်းရှိသော။ (တိ) (၃)  «S1»	(1) el surgir del *viññāṇa*. (2) la causa del surgimiento del *viññāṇa*. (adjetivo) (3) que tiene por causa de su surgimiento el *viññāṇa*. (adjetivo) (3) Véase [[viññāṇanidāna]].	(1) the arising of *viññāṇa*. (2) the cause of the arising of *viññāṇa*. (adjective) (3) having *viññāṇa* as the cause of its arising. (adjective) (3) See [[viññāṇanidāna]].	(3) the hyphenated case particles (လျှင်-ဟူသော) are variants of one construction, rendered once; '(တိ) (၃)' printed twice, the second before «S1»
151205	viññāṇasahagata	ဝိညာဉ်နှင့် အတူအကွဖြစ်သော။	que surge junto con el *viññāṇa*.	arising together with *viññāṇa*.	အတူအကွ read as အတူတကွ (together), a misprint
151207	viññāṇasāmañña	ဝိညာဉ်၏ အဖြစ်ဖြင့် တူသည်၏အဖြစ်။ (ပဋိသန္ဓေ)ဝိညာဉ်- သာမည-သာမန်။	el hecho de ser semejante por ser *viññāṇa*. (*paṭisandhi*) *viññāṇa* / *sāmañña* / común.	the state of being alike by being *viññāṇa*. (*paṭisandhi*) *viññāṇa* / *sāmañña* / common.	second gloss '(ပဋိသန္ဓေ)ဝိညာဉ်- သာမည-သာမန်' unclear in structure; rendered as printed
151212	viññāṇahetuka	ဝိညာဉ်-လျှင်-ဟူသော-အကြောင်းရှိသော။	que tiene por causa el *viññāṇa*.	having *viññāṇa* as its cause.	the hyphenated case particles (လျှင်-ဟူသော) are variants of one construction, rendered once
151216	viññāṇādiphala	ဝိညာဉ်အရှိသော အကျိုး။	el fruto que comienza por el *viññāṇa*.	the fruit beginning with *viññāṇa*.	ဝိညာဉ်အရှိသော read as ဝိညာဉ်အစရှိသော (beginning with), a misprint
151226	viññāṇāyatana	(၁) (ပဌမာရုပ္ပ) ဝိညာဉ်-လျှင်-ဟူသော-တည်ရာ အာရုံရှိသော ဈာန်၊ ဝိညာဏဉ္စာယတနဈာန်။ (၂) ဝိညာဉ်ဟူသော (သမ္ပယုတ်တရားတို့၏) တည်ရာ (က) ပဉ္စဒွါရိကစိတ်။ (ခ) ဇောစိတ်၊ တဒါရုံစိတ်။	(1) el *jhāna* que tiene como objeto de apoyo el (*paṭhamāruppa*) *viññāṇa*; el *viññāṇañcāyatanajjhāna*. (2) el asiento (de los estados *sampayutta*) que es el *viññāṇa*: (a) la mente *pañcadvārika*. (b) la mente *javana*; la mente *tadārammaṇa*.	(1) the *jhāna* having (*paṭhamāruppa*) *viññāṇa* as its supporting object; the *viññāṇañcāyatanajjhāna*. (2) the seat (of the *sampayutta* states) that is *viññāṇa*: (a) the *pañcadvārika* mind. (b) the *javana* mind; the *tadārammaṇa* mind.	(1) the hyphenated case particles (လျှင်-ဟူသော) are variants of one construction, rendered once
151228	viññāṇārammaṇatā	(၁) ဝိညာဉ်လျှင် အာရုံရှိသော။ (တာပစ္စည်း အနက်မရှိ)။ (၂) ဝိညာဉ်လျှင် အာရုံရှိသေည်၏အဖြစ်။	(1) que tiene como objeto el *viññāṇa* (el sufijo *tā* no tiene significado). (2) el hecho de tener como objeto el *viññāṇa*.	(1) having *viññāṇa* as its object (the suffix *tā* has no meaning). (2) the state of having *viññāṇa* as its object.	(2) သေည် read as သည် (a misprint)
151229	viññāṇārāma	ဝိညာဉ်- လျှင်- ဟူသော- မွေ့လျော်ရာရှိသော။ «S1»	que tiene como lugar de deleite el *viññāṇa*. Véase [[viññāṇarata]].	having *viññāṇa* as its place of delight. See [[viññāṇarata]].	the hyphenated case particles (လျှင်-ဟူသော) are variants of one construction, rendered once
151234	viññāṇupādānakkhandha	ဝိညာဏုပါဒါနက္ခန္ဓာ၊ ဝိညာဉ်ဟုဆိုအပ်- ဝိညာဉ်သာလျှင်ဖြစ်- သော ဥပါနက္ခန္ဓာ၊ ဝိညာဉ်ဟုဆိုအပ်သော ဥပါဒါန်တို့၏ အာရုံဖြစ်သော ခန္ဓာ။	*viññāṇupādānakkhandhā*; el *upādānakkhandhā* llamado *viññāṇa* / que es solo *viññāṇa*; el *khandhā* llamado *viññāṇa* que es objeto de los *upādāna*.	*viññāṇupādānakkhandhā*; the *upādānakkhandhā* called *viññāṇa* / that is *viññāṇa* alone; the *khandhā* called *viññāṇa* that is the object of the *upādāna*.	print ဥပါနက္ခန္ဓာ corrected to ⟦ဥပါဒါနက္ခန္ဓာ⟧
151247	viññāta	(၁) သိ-မှတ်- အပ်သော၊ (၂) ထိုးထွင်း၍ သိအပ်ပြီးသော။ (န) (၃) (က) သိ- ဆင်ခြင်- ခြင်း (အာဝဇ္ဇန်း)။ သိ- ဆင်ခြင်- တတ်သော အာဝဇ္ဇန်း။ (၄) ထင်ရှားသော။ (၁) သိ- မှတ်- အပ်သော။ မူရင်းကြည့်ပါ။ «S1»	(1) conocido / notado; (2) que ya ha sido conocido penetrando. (neutro) (3) (a) el conocer / reflexionar (*āvajjana*). el *āvajjana* que suele conocer / reflexionar. (4) manifiesto. (1) conocido / notado. Véase el original. Véase también [[viññātaguṇa]].	(1) known / noted; (2) already known penetratingly. (neuter) (3) (a) knowing / adverting (*āvajjana*). the *āvajjana* apt to know / advert. (4) evident. (1) known / noted. See the original. See also [[viññātaguṇa]].	'see the original' rendered literally; sense (1) printed twice, (3) has (a) with no (b)
151249	viññātadhamma	(၁) သိ- ထိုးထွင်း၍သိ- အပ်ပြီးသော တရားရှိသော၊ တရားကို- သိ- ထိုးထွင်း၍ သိ- ပြီးသော၊ သူ။ (ပု) (၂) သိအပ်ပြီးသော ပရိယတ္တိတရား။ (ပု) (၂) အောက်ပုဒ်ကြည့်။	(1) que tiene la Enseñanza ya conocida / conocida penetrando; que ya ha conocido / conocido penetrando la Enseñanza (dicho de una persona). (masculino) (2) la Enseñanza de *pariyatti* ya conocida. (masculino) (2) Véase la entrada siguiente.	(1) having the Teaching already known / known penetratingly; having already known / known penetratingly the Teaching (said of a person). (masculine) (2) the *pariyatti* Teaching already known. (masculine) (2) See the next headword.	တရား read as 'the Teaching' (dhamma); '(ပု) (၂)' printed twice, the second with 'see the headword below', rendered literally
151251	viññātaparappavāda	သိအပ်ပြီးသော သူတစ်ပါးတို့၏ အယူဝါဒရှသော၊ သူတစ်ပါးတို့၏ အယူဝါဒကို သိပြီးသော၊ သူ။	que tiene conocidas las doctrinas de otros; que ya conoce las doctrinas de otros (dicho de una persona).	having the doctrines of others known; having known the doctrines of others (said of a person).	ရှသော read as ရှိသော (a misprint)
151271	viññāpaka	(၁) သိစေတတ်သော၊ ဥူ။ (၂) တောင်းသော၊ သူ။	(1) que suele hacer saber (dicho de una persona). (2) que pide (dicho de una persona).	(1) apt to make known (said of a person). (2) asking (said of a person).	(1) ဥူ read as သူ (a misprint)
151272	viññāpana	(၁) သိစေတတ်သော (တရား)။ (ထီ၊န) (၂) သိစေခြင်း။ (၃) ဖြစ်စေခြင်း။ (၄) သိစေ- တောင်း- ခြင်း။ (၅) သိစေကြောင်းစေတနာ။ (၆) ဝယ်- လဲလှယ်- ခြင်း။ မူရင်းကြည့်ပါ။	(1) (el estado) que suele hacer saber. (femenino, neutro) (2) el hacer saber. (3) el producir. (4) el hacer saber / el pedir. (5) la *cetanā* que es causa de hacer saber. (6) el comprar / intercambiar. Véase el original.	(1) (the state) apt to make known. (feminine, neuter) (2) making known. (3) producing. (4) making known / asking. (5) the *cetanā* that is the cause of making known. (6) buying / exchanging. See the original.	'see the original' rendered literally
151286	viññāpanīya	သိခြင်းငှါစွမ်းနိုင်- သိလွယ်- ထင်ရှား- သော။ ဝိညေယျ၁ (၂) အနက်ကြည့်။	que puede ser conocido / fácil de conocer / manifiesto. Véase [[viññeyya]] (1, sentido 2).	able to be known / easy to know / evident. See [[viññeyya]] (1, sense 2).	'see X' left in the Burmese (ဝိညေယျ၁ (၂) အနက်ကြည့်)
151298	viññāpiyamāna	သိစေအပ်သော။ အောက်ပုဒ်ကြည့်။	hecho saber. Véase la entrada siguiente.	made known. See the next headword.	'see the headword below' rendered literally
151311	viññāpeyya	သိစေ+ တောင်း+ ငြားအံ့။	hiciera saber / pidiera.	should make known / ask.	print uses '+' for the alternative hyphens
151314	viññāpesi	(သင်) သိစေ- တောင်း- ၏။	(tú) haces saber / pides.	(you) make known / ask.	aorist headword glossed with the present -၏ in print; rendered as printed
151317	viññāpessati	သိစေ- တောင်း- ပြီ။	hizo saber / pidió.	made known / asked.	future headword (-ssati) glossed with the past -ပြီ in print; rendered as printed
151318	viññāpessatha	သိစေ- တောင်း- ကုန်ပြီ။	hicieron saber / pidieron.	they made known / asked.	future headword (-ssatha) glossed with the past -ကုန်ပြီ in print; rendered as printed
151319	viññāpessanti	သိစေ- တောင်း- ကုန်ပြီ။	hicieron saber / pidieron.	they made known / asked.	future headword (-ssanti) glossed with the past -ကုန်ပြီ in print; rendered as printed
151320	viññāpessasi	(သင်) သိစေ- တောင်း- ပြီ။	(tú) hiciste saber / pediste.	(you) made known / asked.	future headword (-ssasi) glossed with the past -ပြီ in print; rendered as printed
151341	viññutā	သိ- သိကြားလိမ္မ- သူ၏အဖြစ်။	el estado de quien conoce / de quien es entendido y sagaz.	the state of one who knows / one who is discerning and wise.	လိမ္မ read as လိမ္မာ (a misprint)
151350	viññuppasaṭṭha	ဝိညုပ(ပ္ပ)သတ္ထ- ကြည့်။	Véase [[viññupa(ppa)sattha]].	See [[viññupa(ppa)sattha]].	'see X' left in the Burmese; X printed with a bracketed variant (ပ/ပ္ပ)
151352	viññū	ပညာရှိ- သိကြားလိမ္မာသူ..(က) ဘာသာစကားကို သိနားလည်သူ။ (ခ) ကောင်း,မကောင်းသော စကား,ရုန့်ရင်း,မရုန့်ရင်းသော စကားတို့ကို သိနားလည်သူ။ (အကျိုးရှိ,မရှိ- သူယုတ်မာ,သူတော်ကောင်းတို့၏ အကျင့်နှင့်စပ်- သောစကားကို သိနိုင်သူ)။ (ဂ) ရွာသူအကျင့်ဖြင့် ဖျက်ဆီးနိုင်သူ။ (ဃ) ကိုယ်,လက်နှီးနှောခြင်းသို့ ရောက်နိုင်သူ။ (င) ဈာန်,မဂ်,ဖိုလ်တရားကို သိနားလည်သူ။ (စ) ပညာရှိ- သုခမိန် (နတ်လူ)။ (ဆ) သစ္စာ ၄-ပါးတရားကို သိပြီးသူ။ (ဇ) ဘုရားအစရှိသော- ပညာရှိ- သူတော်ကောင်း။ (ဈ) ပညာရှိသော ကာဠုဒါယီမထေရ်။ မူရင်းကြည့်ပါ။	sabio / persona entendida y sagaz… (a) quien entiende la lengua. (b) quien entiende las palabras buenas y malas, las palabras groseras y no groseras (quien puede conocer las palabras provechosas o no provechosas / relativas a la conducta de los viles y de los buenos). (c) quien puede ser arruinado mediante la conducta de aldea. (d) quien es capaz de llegar al contacto de cuerpo y manos. (e) quien entiende los estados de *jhāna*, *magga* y *phala*. (f) sabio / erudito (*deva* o ser humano). (g) quien ha conocido la Enseñanza de las 4 *saccā*. (h) el sabio / la buena persona, empezando por el Buddha. (i) el sabio *thera* *kāl̤udāyī*. Véase el original.	a wise / discerning and clever person… (a) one who understands the language. (b) one who understands good and bad words, coarse and not coarse words (one able to know words that are beneficial or not beneficial / connected with the conduct of the vile and of the good). (c) one who can be ruined by village conduct. (d) one able to come to contact of body and hands. (e) one who understands the states of *jhāna*, *magga* and *phala*. (f) a wise man / sage (*deva* or human being). (g) one who has known the Teaching of the 4 *saccā*. (h) the wise / good person, beginning with the Buddha. (i) the wise *thera* *kāl̤udāyī*. See the original.	'see the original' rendered literally; (c) ရွာသူအကျင့် 'village conduct' is the gāmadhamma, sexual intercourse (Vinaya sense: of an age to be deflowered); (d) bodily contact (kāyasaṁsagga) — both Vinaya senses rendered literally
151358	viññeyyapada	သိအပ်သည်၏အဖြစ်။	el hecho de haber de ser conocido.	the state of being to be known.	gloss (an abstract noun, as under the preceding headword) does not fit -pada ('word'); possibly misplaced
151361	viññeyyasubha	တင့်တယ်- ကောင်းမြတ်- သိလွယ်- သော အနက်ရှိသေည်၏အဖြစ်။	el hecho de tener un significado hermoso / noble / fácil de conocer.	the state of having a meaning that is beautiful / noble / easy to know.	သေည် read as သည် (a misprint)
151364	viṭaṭūbha	ဝိဋဋူဘ မည်သော- မင်းသား- စစ်သူကြီး- မင်း။ (အကျယ်ကို ဓမ္မ၊ဋ္ဌ၊၁။ ၂၁၉-၂၅-၈။ ဇာန၊ဋ္ဌ။ ၄။ ၁၄၈-၅၅။ ကြည့်)။ မူရင်းကြည့်ပါ။	el príncipe / el general / el rey llamado *viṭaṭūbha*. Véase el original.	the prince / general / king named *viṭaṭūbha*. See the original.	'see the original' rendered literally; the bracketed pointer '(for the full account see Dhp-a 1 …, Ja-a 4 …)' is citations only and was dropped
151384	viḍaḍūbha	ဝိဍဍူဘ မည်သောမင်း။ အောက်ပုဒ်ကြည့်။	el rey llamado *viḍaḍūbha*. Véase la entrada siguiente.	the king named *viḍaḍūbha*. See the next headword.	'see the headword below' rendered literally
151388	viḍoja	သိကြား နတ်မင်း။	*sakka*, rey de los *deva*.	*sakka*, king of the *deva*.	သိကြား (the Burmese name of Sakka) written ⟦=sakka⟧ as a proper name
151389	viṇhi	ဝိသ- အမည်ရှိသော သူ၏သာ။	el hijo de la persona llamada *visa*.	the son of the person named *visa*.	garbled: 'ဝိသ- အမည်ရှိသော သူ၏သာ'; သာ read as သား (son), uncertain; viṇhi is usually Viṣṇu, and ဝိသ may be a misprint
151390	vitakka	(၁) ဝိတက်--- (က) အာရုံကို ကြံကြောင်းဖြစသော တရား။ (ခ) အာရုံကို ကြံတတ်သောတရား။ (ဂ) အာရုံကို ကြံခြင်းမျှ ဖြစ်သောတရား။ (ဃ) သမ္ပယုတ်တရားတို့ကို အာရုံသို့ ရှေ့ရှု တင်ပေးတတ်သော တရား (င) ဆုံးဖြတ်ကြောင်းဖြစ်သော ဝိဘက်။ (၂) ဝိတက်,ဝိစာရ။ (၃) ဝိတက္ကသုတ် ၃သုတ်။ မူရင်းကြည့်ပါ။	(1) *vitakka*: (a) el estado que es causa de pensar el objeto. (b) el estado que suele pensar el objeto. (c) el estado que es el mero pensar el objeto. (d) el estado que suele elevar los estados *sampayutta* hacia el objeto. (e) la *vibhatti* que es causa de decidir. (2) *vitakka* y *vicāra*. (3) el sutta *vitakka* (3 suttas). Véase el original.	(1) *vitakka*: (a) the state that is the cause of thinking of the object. (b) the state apt to think of the object. (c) the state that is the mere thinking of the object. (d) the state apt to lift the *sampayutta* states onto the object. (e) the *vibhatti* that is the cause of deciding. (2) *vitakka* and *vicāra*. (3) the *vitakka* sutta (3 suttas). See the original.	'see the original' rendered literally; (e) ဝိဘက် read as vibhatti, uncertain (possibly a misprint); ဖြစသော read as ဖြစ်သော
151396	vitakkacariyā	ဝိတက္ကစရိတ (၁) အနက်ကြည့်။	Véase [[vitakkacarita]] (sentido 1).	See [[vitakkacarita]] (sense 1).	'see X' left in the Burmese (ဝိတက္ကစရိတ (၁) အနက်ကြည့်)
151397	vitakkacāra	ဝိတက် (=ကြံစည်ခြင်း) ၏ဖြစ်ခြင်း၊ ဝိတက်ဟူသောဖြစ်ခြင်း (သျ)။	el surgir del *vitakka* (= el pensar); el surgir que es el *vitakka*.	the occurrence of *vitakka* (= thinking); the occurrence that is *vitakka*.	source tag (သျ) dropped
151398	vitakkacārika	(၁) ဝိတက်ဖြင်ဖြစ်- တတ်- လေ့ရှိ- သော၊ သူ။ (၂) ဝိတက်ဖြင့်ဖြစ်ခြင်း၌- ယှဉ်- အားထုတ်- လုံ့လပြု- တတ်သော၊ သူ။	(1) que suele / acostumbra surgir por el *vitakka* (dicho de una persona). (2) que suele unirse / esforzarse / empeñarse en el surgir por el *vitakka* (dicho de una persona).	(1) apt / accustomed to occur through *vitakka* (said of a person). (2) apt to engage / exert oneself / strive in occurring through *vitakka* (said of a person).	(1) ဖြင် read as ဖြင့် (a misprint)
151415	vitakkapaññatti	ဝိတက်ဟူ၍- ပညတ်- အပြားအားဖြင့်သိစေ- ခြင်း။	el designar / el dar a conocer por clases como *vitakka*.	the designating / making known by classes as *vitakka*.	ပညတ် (paññatti) rendered as 'designar'
151417	vitakkapada	ဝတက္က- ဟူသောပုဒ်။	la palabra *vatakka*.	the word *vatakka*.	ဝတက္က probably a misprint for ဝိတက္က; copied as printed
151420	vitakkapariyāhata	ဝိတက်- ဖြင့်- သည်- ထက်ဝန်းကျင် ခေါက်အပ်သော။	golpeado por todos lados con / por el *vitakka*.	struck on all sides with / by *vitakka*.	the hyphens separate the case particles ဖြင့် and သည် as alternatives
151432	vitakkamūla	(၁) ဝိတက်တို့၏အကြောင်းရင်း။ (၂) ဝိတက်တို့၏ အကြောင်းရင်း,ထိုအကြောင်း၏ အကြောင်းရင်း။ (၁) (၂)  «S1»	(1) la causa raíz de los *vitakka*. (2) la causa raíz de los *vitakka*, la causa raíz de esa causa. (1) (2) Véase [[vitakkamūlabheda]].	(1) the root cause of *vitakka*s. (2) the root cause of *vitakka*s, the root cause of that cause. (1) (2) See [[vitakkamūlabheda]].	trailing '(1) (2)' before «S1» has no text of its own; kept as printed
151433	vitakkamūlaka	ဝိတက်- ဟူသော- လျှင်- အကြောင်းရင်း- မူလ- ရှိသော။	que tiene el *vitakka* como causa raíz / origen.	having *vitakka* as root cause / origin.	hyphens separate the connectives ဟူသော / လျှင်; rendered once
151437	vitakkayamāna	ကြံစည်- တွေးတော- စဉ်းစား- အကြောင်းရင်း,ထိုအကြောင်း၏ အကြောင်းရင်းတို့၏ အထူးကို ထင်စွာပြတတ်သော။	pensar / reflexionar / considerar; que suele mostrar claramente la particularidad de la causa raíz y de las causas raíz de esa causa.	thinking / reflecting / considering; apt to show clearly the particulars of the root cause and of the root causes of that cause.	garbled: the gloss of vitakkayamāna (think / reflect / consider) runs into text from the vitakkamūlabheda article; the present-participle ending is missing
151458	vitakkavicārakkhobhavirahita	ဝိတက်,ဝိစာရတိုက၏- ချောက်ချား- မငြိမ်သက်- လောက်လက်ခတ်- ခြင်းမှ ကင်းခြင်း။	el estar libre de la agitación / la falta de sosiego / la perturbación del *vitakka* y el *vicāra*.	the being free from the agitation / unrest / turbulence of *vitakka* and *vicāra*.	တိုက၏ read as misprint for တို့၏; an adjective headword glossed with -ခြင်း (verbal noun), as printed
151459	vitakkavicārakkhobhavūpasamana	မငြိမ်မသက်သော ဝိတက်,ဝိစာရတို့ကို ငြိမ်းစေခြင်း။ (ဝိသုဒ္ဓိ၊ သျ၊ ပြည်)။ မငြိမ်မသက်လောက်လက်ချောက်ချား မြူးစားတတ်သော ဝိတက,ဝိစာရတို့ကို ငြိမ်းစေခြင်း။ (အဘိ၊ ဋ္ဌ၊၁။ သျ၊ ပြည်)။ ဝိတက်,ဝိစာရတို့၏ ချောက်ချားခြင်းမှ ငြိမ်းခြင်း။	el apaciguar los *vitakka* y *vicāra* inquietos. El apaciguar los *vitaka* y *vicāra* que suelen agitarse inquietos, turbulentos y sobresaltados. El apaciguarse de la agitación del *vitakka* y el *vicāra*.	the calming of restless *vitakka* and *vicāra*. The calming of *vitaka* and *vicāra* which are apt to frolic restless, turbulent and agitated. The subsiding from the agitation of *vitakka* and *vicāra*.	citations (Visuddhi, Abhi-ṭṭha 1, Myanmar editions) dropped; ဝိတက without asat copied as printed; မြူးစား ('frolic, run riot') rendered 'agitarse'
151461	vitakkavicāradhūma	ဝိတက,ဝိစာရတည်းဟူသော- အခိုး- မီးခိုး- အငွေ့၊ အခိုး- အငွေ့- နှင့်တူသော ဝိတက်,ဝိစာရ။	el vaho / el humo / el vapor que es el *vitaka* y el *vicāra*; el *vitakka* y el *vicāra*, semejantes al vaho / al vapor.	the fume / smoke / vapour that is *vitaka* and *vicāra*; *vitakka* and *vicāra*, which are like fume / vapour.	ဝိတက without asat copied as printed
151474	vitakkavicārasahagata	ဝိတက်,ဝိစာရတို့နှင့်ယှဉ်ခြင်း။	el estar asociado con el *vitakka* y el *vicāra*.	the being associated with *vitakka* and *vicāra*.	adjective headword glossed with -ခြင်း (verbal noun), as printed; perhaps for ယှဉ်သော 'associated'
151477	vitakkavicāruppatti	ဝိတက်,ဝိစာရတို့၏ ရှိခြင်း။	la presencia del *vitakka* y el *vicāra*.	the presence of *vitakka* and *vicāra*.	ရှိခြင်း 'being present' for uppatti 'arising'; perhaps for ဖြစ်ခြင်း
151478	vitakkavinicchaya	(က) ဝိတက်ဟူသော ဆုံးဖြတ်ခြင်း။ (ခ) ဝိတက်ဟူသော ဆုံးဖတ်တတ်သောတရား (ဂ) ဆုံးဖြတ်ကြောင်းဖြစ်သော ဝိတက်။ (ဃ) ဝိတက်ဖြင့် (အာရုံကို) ဆုံးဖြတ်ခြင်း။	(a) la decisión que es el *vitakka*. (b) el estado que suele decidir, que es el *vitakka*. (c) el *vitakka*, que es medio de decisión. (d) el decidir (el objeto) mediante el *vitakka*.	(a) the deciding that is *vitakka*. (b) the state apt to decide, which is *vitakka*. (c) *vitakka*, which is a means of deciding. (d) the deciding (of the object) by *vitakka*.	ဆုံးဖတ် read as ဆုံးဖြတ်; full stop missing after (b)
151479	vitakkavippayutta	ဝိတက်နှင် မယှဉ်သော။	no asociado con el *vitakka*.	not associated with *vitakka*.	နှင် read as နှင့်
151498	vitakkasantosa	ကြံ- ကြံစည်- ခြင်းဖြင့် ရောင့်ရဲခြင်း။	el contentarse con el pensar / el reflexionar.	the being content with thinking / pondering.	hyphens ကြံ- ကြံစည်- rendered as two alternatives
151501	vitakkasamanantara	ကြံစည်ရာကာလ၏အခြားမဲ့ကာလ၊ ကြံစည်ခြင်း၏ အခြားမဲ့ကာလ။	el tiempo inmediatamente siguiente al tiempo en que se piensa; el tiempo inmediatamente siguiente al pensar.	the time immediately following the time of thinking; the time immediately following the thinking.	adjective headword glossed with a noun phrase, as printed
151510	vitakkādipaccanīka	ဝိတက်အစရှိသော ဆန့်ကျင်ဘက်တရား။	los estados opuestos, que comienzan por el *vitakka*.	the opposing states, beginning with *vitakka*.	adjective headword glossed with a noun phrase, as printed
151512	vitakkānupatitakathā	ဝိတက္ကနုပတိတကထာ- (က) ဝိတက်သို့ အစဉ်လိုကသော စိတ်ကို ဆိုရာဖြစ်သောစကား။ (ခ) ဝိတက်၏ကျရာဖြစ်သော စိတ်ကိုဆိုရာစကား။	*vitakkanupatitakathā*: (a) el discurso que trata de la mente que sigue en orden al *vitakka*. (b) el discurso que trata de la mente en que cae el *vitakka*.	*vitakkanupatitakathā*: (a) the discussion that speaks of the mind that follows *vitakka* in sequence. (b) the discussion that speaks of the mind on which *vitakka* falls.	ဝိတက္ကနုပတိတ (short a) copied as printed; လိုကသော read as လိုက်သော
151520	vitakkituṁ	ကြံစည်ခြင်းငှါ။	para pensar.	in order to think.	label ပု on an infinitive, as printed
151538	vitakketha	(သင်တို့) ကြံစည်- ဖြစ်စေ- ကုန်လော။	(vosotros) pensad / haced surgir.	(you, plural) think / make arise.	…လော under an imperative-form headword (-tha) read as the imperative လော့ (misprint); rendered as an imperative
151544	vitakkesi	(သင်) ကြံစည်- ဖြစ်စေ- ၏။	(tú) piensas / haces surgir.	(you) think / make arise.	present ending ၏ on an aorist headword, as printed
151547	vitakkessati	ကြံစည်- ဖြစ်စေ- အံ့- လတ္တံ့- လိမ့်မည်။ «S1»	pensará / hará surgir. Véase [[vitakketi]] (2).	will think / make arise. See [[vitakketi]] (2).	three future particles (အံ့, လတ္တံ့, လိမ့်မည်) rendered by one future
151548	vitakkessasi	(သင်) ကြံစည်- ဖြစ်စေ- အံ့- လတ္တံ့- လိမ့်မည်။	(tú) pensarás / harás surgir.	(you) will think / make arise.	three future particles (အံ့, လတ္တံ့, လိမ့်မည်) rendered by one future
151549	vitakkessāmi	(ငါ) ကြံစည်- ဖြစ်စေ- အံ့- လတ္တံ- လိမ့်မည်။	(yo) pensaré / haré surgir.	(I) shall think / make arise.	three future particles (အံ့, လတ္တံ, လိမ့်မည်) rendered by one future; လတ္တံ read as လတ္တံ့
151551	vitacchikā	(၁) ခြေ- လက်- ဖဝါးကွဲနာ။ (၂) ယားနာ၊ ပွေးနာ။	(1) llaga de grietas en el pie / la mano / la planta. (2) llaga que pica; tiña.	(1) cracked sore of the foot / hand / sole. (2) itching sore; ringworm.	ပွေးနာ rendered 'tiña / ringworm', tentative
151552	vitacchita	ဖြီး (ဖီး) အပ်သော။	peinado.	combed.	(ဖီး) is a variant spelling of ဖြီး 'comb', not translated separately
151553	vitaccheti	(က) (ရွေသကဲ့သို့) ပယ်နုတ်၏။ အထူးထူး အပြားပြားရွေ၏။ (ဝိ၊၁။ သျ၊ သစ်)။ ။ (ခ) (ထိုးဆိတ်၍) ရွေ၏။	(a) (como al cepillar) quita; cepilla de muchos y diversos modos. (b) (picoteando) cepilla.	(a) (as in planing) removes; planes in many various ways. (b) (pecking) planes.	citation (Vi 1, Myanmar edition) dropped; ရွေ 'to plane, pare' rendered 'cepillar'
151556	vitaṇḍa	(ထီ) (၁) ဝိတဏ္ဍမည်သောစကား၊ ဆန့်ကျင်ဘက်စကား၊ သူတစ်ပါး စကားကို ချိုးဖဲ့ ပယ်ဖျက် နှိပ်နင်းရန် အားထုတ်ကြောင်းစကား၊ အပြစ်ရှာလျက်ဖိနှိပ် ဝေဖန်ရေး စကား၊ (ပု) (၂) ဝိတဏ္ဍကျမ်း၊ ဝိတဏ္ဍမည်သောကျမ်း၊ (အချင်းချင်း- နတ်ရွာ,နိဗ္ဗာန်နှင့်- ဆန့်ကျင်သည်ကို ချဲ့ထွင်ရာ ဖြစ်သောကျမ်း။ ဓာန်၊ဋီ။ ၁၁၂။ စသည်လည်းကြည့်)။ (၃) ဝိတဏ္ဍအယူ၊ ပညာရှိတို့ စိတ်နှလုံးကို အထူးသဖြင့်တုန်လှုပ် စေကြောင်းဖြစ်သော အယူ။ (၄) ပညာရှိတို့ စိတ်နှလုံးကို တုန်လှုပ်စေတတ်သော (သူ)။	(femenino) (1) las palabras llamadas *vitaṇḍa*; palabras contrarias; palabras con que uno se esfuerza por quebrar, rechazar y aplastar las palabras de otro; palabras de crítica que oprimen buscando faltas; (masculino) (2) el tratado *vitaṇḍa*; el tratado llamado *vitaṇḍa* (el tratado en que se amplía lo que es contrario entre sí / al mundo de los *deva* y al *nibbāna*; véase también, etc.). (3) la opinión *vitaṇḍa*; la opinión que es causa de hacer estremecer especialmente el corazón de los sabios. (4) que suele hacer estremecer el corazón de los sabios (persona).	(feminine) (1) the words called *vitaṇḍa*; contrary words; words by which one strives to break, refute and crush another's words; critical words that oppress while fault-finding; (masculine) (2) the *vitaṇḍa* treatise; the treatise called *vitaṇḍa* (the treatise in which what is contrary to one another / to the *deva* world and *nibbāna* is elaborated; see also, etc.). (3) the *vitaṇḍa* view; the view that causes the hearts of the wise especially to tremble. (4) apt to make the hearts of the wise tremble (a person).	cross-reference 'ဓာန်၊ဋီ။ ၁၁၂' (Abhidhānappadīpikā-ṭīkā) dropped as a citation; ပယ်ဖျက် 'refute' rendered rechazar / refute; ၊ between senses kept as ;
151565	vitaṇḍasallāpa	အချင်းချင်း-နတ်ရွာ,နိဗ္ဗာန်နှင့်-ဆန့်ကျင်သည်ကို ချဲ့ထွင်တတ်သော စကား၊ အပြစ်ရှာလျက် ဖိနှိပ်ဝေဖန်၍ ပြောဆိုအပ်သော စကား။ (သံသရာကို ချဲ့တတ်သော စကားရှိသော ကျမ်း(သျ)။	palabras que suelen ampliar lo que es contrario entre sí / al mundo de los *deva* y al *nibbāna*; palabras dichas criticando con opresión, buscando faltas. (El tratado que tiene palabras que suelen prolongar el *saṁsāra*.)	words apt to elaborate what is contrary to one another / to the *deva* world and *nibbāna*; words spoken in oppressive criticism, fault-finding. (The treatise having words apt to prolong *saṁsāra*.)	the last bracket is unclosed in the print; citation (သျ) dropped
151567	vitata	(၁) အောက်,အထက်ဖြန့်လျက် နွယ်ယှက်သော။ (၂) ဖြန့်စီအပ်သော။ (၃) ပြွမ်းသော။ (၄) (ကြော့ကွင်း) ထောင်အပ်သော။ (၅) ကျယ်ပြန့်သော။ (၆) တွန့်လိပ်သော။ (န) (၇) ဝိတတစည်၊ နှစ်ဖက်ပိတ်စည်၊ မျက်နှာဝ-မျက်နှာပြင်-နှစ်ဖက်ရှိသော စည်။ (၈) ဖောက်ပြန်-ချွတ်ယွင်း-သော။	(1) entrelazado, extendido abajo y arriba. (2) desplegado en orden. (3) lleno. (4) (un lazo) tendido. (5) amplio. (6) enroscado. (neutro) (7) el tambor *vitata*; tambor cerrado por ambos lados; tambor que tiene boca / parche por ambos lados. (8) alterado / defectuoso.	(1) intertwined, spread out below and above. (2) spread out in order. (3) filled. (4) (a snare) set. (5) wide. (6) curled. (neuter) (7) the *vitata* drum; drum closed on both sides; drum having a mouth / head on both sides. (8) distorted / faulty.	ပြွမ်း (3) rendered 'lleno / filled', uncertain
151574	vitathavatthu	ချွတ်ယွင်း-ဖောက်ပြန်-မဟုတ်-မမှန်-မှားယွင်း-သော ဝတ္ထု။	el objeto defectuoso / alterado / no así / no verdadero / equivocado.	the faulty / distorted / not-so / untrue / mistaken object.	ဝတ္ထု rendered 'objeto / object'; 'relato / story' also possible
151589	vitaremu	လွန်မြောက် ကုန်ရာ၏။	sobrepasaríamos.	we would go beyond.	1st-person plural from the headword ending -mu; the Burmese marks only the plural
151593	vitāna	(၁) ဗိတာန်၊ မျက်နှာကြက်။ (၂) အပေါင်း။ (၃) ကျယ်ပြန့်ခြင်း။	(1) dosel; cielo raso. (2) conjunto. (3) el ser extenso.	(1) canopy; ceiling. (2) collection. (3) the being extensive.	ဗိတာန် (Burmese loan of vitāna) translated as 'dosel / canopy'
151595	vitānamatthaka	ဗိတာန်-မျက်နှာကြက်-၏-အထက်-အပော်။	la parte superior / lo alto del dosel / del cielo raso.	the top / upper part of the canopy / ceiling.	အပော် read as အပေါ်
151598	vitānasaṇṭhāna	ဗိတာန်-မျက်နှာကြက်-မှုိငုံ-သဏ္ဌာန်ရှိသော။	que tiene la forma de dosel / de cielo raso / de hongo cerrado.	having the shape of a canopy / ceiling / closed mushroom.	မှုိငုံ read as 'closed mushroom (cap)', uncertain
151602	vitāla	အထူးထူး အပြားပြား တီးမှုတ် ရိုက်ခတ်ခြင်း။ «S1»	el tocar y percutir (instrumentos) de muchos y diversos modos. Véase [[vetālika]].	the playing and striking (of instruments) in many various ways. See [[vetālika]].	'(instrumentos)' supplied from တီးမှုတ် 'play (music)'
151603	vitiṇṇa	(၁) လွန်မြောက်ကြောင်းဖြစ်သော။ (၂) ဝိတိဏ္ဏဒါယကာ၊ ဝိတိဏ္ဏမည်သော ဒါယကာ။ (၃) စွန့်အပ်သော။ (၄) (က) လွန်မြောက်ပြီးသော။ (ခ) လွန်မြောက်ပယ်-အပ်ပြီးသော။ (ဂ) ကင်းသော။ (၄) (ခ) (ဂ)  «S1»	(1) que es medio de sobrepasar. (2) *vitiṇṇadāyakā*; el donante llamado *vitiṇṇa*. (3) abandonado. (4) (a) que ha sobrepasado. (b) que ha sido sobrepasado y abandonado. (c) libre. (4) (b) (c) Véase [[vitiṇṇakaṅkha]].	(1) being a means of going beyond. (2) *vitiṇṇadāyakā*; the donor named *vitiṇṇa*. (3) given up. (4) (a) having gone beyond. (b) gone beyond and abandoned. (c) free. (4) (b) (c) See [[vitiṇṇakaṅkha]].	(4)(b) the hyphen falls after လွန်မြောက်ပယ် (not between the verbs); rendered as one phrase
151604	vitiṇṇakaṅkha	(က) လွန်မြောက်-ပယ်-အပ်ပြီးသော ယုံမှားခြင်းရှိသော၊ ယုံမှားခြင်းကို-လွုန်မြောက်-ပယ်-ပြီးသော၊ သူ။ (ခ) ကင်းသော ယုံမှားခြင်းရှိသော၊ သူ။	(a) que tiene la duda sobrepasada / abandonada; que ha sobrepasado / abandonado la duda (dicho de una persona). (b) cuya duda ha desaparecido (dicho de una persona).	(a) having doubt gone beyond / abandoned; having gone beyond / abandoned doubt (said of a person). (b) whose doubt is gone (said of a person).	လွုန် read as လွန်
151621	vitunna	(၁) ထိုးဆွအပ်-ထိုးကျင့်ခံရ-(ဝှေ့အပ်)သော။ (န) (၂) မှော်ချဉ်။	(1) hurgado / que ha sufrido punzadas / (embestido). (neutro) (2) ‹မှော်ချဉ်›.	(1) poked / having suffered pricking / (gored). (neuter) (2) ‹မှော်ချဉ်›.	(2) မှော်ချဉ် ('sour moss / alga'?) an unidentified plant, left in Burmese; ဝှေ့ read as 'gore, butt'
151625	viteyya	ဖောက်ပြန်စွာ-ဖီလာကန့်လန့်-စွေစောင်းလျက်,မျက်စောင်းထိုးလျက်။ အောက်ပုဒ်ကြည့်။	de manera torcida / de través / de soslayo, mirando de reojo. Véase la entrada siguiente.	perversely / crosswise / slantwise, looking askance. See the next entry.	the last two alternatives are joined by a comma, not a hyphen
151629	vitta	(၁) နှစ်သက်-နှစ်လို-ကြည်ညို-ဝမ်းမြောက်-သော။ (၂) နှစ်သက်ဖွယ်-ချိုမြိန်-ကောင်းမြတ်-သော။ (န) (၃) (က) ဥစ္စာ၊ ပစ္စည်းဥစ္စာ၊ စည်းစိမ်ဥစ္စာ။ (ခ) အဝတ်တန်ဆာ စသော အဆောက်အဦ။ (၄) သဒ္ဓါတရား။ (၅) နှစ်သက်ကြောင်းဖြစ်သော (နှလုံးသား)။ (၆) နှစ်သက်-နှစ်လို-ဝမ်းမြောက်-ခြင်း။ (၇) ခွက်။	(1) deleitado / complacido / devoto / gozoso. (2) deleitable / dulce / excelente. (neutro) (3) (a) riqueza; bienes; opulencia. (b) enseres como vestidos y adornos. (4) el estado *saddhā*. (5) (el corazón) que es causa de deleite. (6) el deleitarse / el complacerse / el gozar. (7) cuenco.	(1) delighted / pleased / devout / joyful. (2) delightful / sweet / excellent. (neuter) (3) (a) wealth; goods; riches. (b) belongings such as clothes and ornaments. (4) the state *saddhā*. (5) (the heart) that is a cause of delight. (6) the delighting / being pleased / rejoicing. (7) bowl.	(3)(b) အဆောက်အဦ read as 'belongings, equipment' rather than 'building'
151630	vitta	အလွန်-နှစ်သက်ခြင်း-အလို-ရှိသော၊ ကျူးသော၊ သူ။	que tiene exceso / deleite / deseo; que se excede (dicho de una persona).	having excess / delight / desire; indulging to excess (said of a person).	hyphen chain read literally; probably 'having excessive desire for delight'
151642	vittasutta	ဝိတ္တသုတ်။ (ပုဂ္ဂိုလ်,သတ္တဝါ၏ အမွန်မြတ်ဆုံး 'သဒ္ဓါ' ဥစ္စာ,ချမ်းသာကို ဆောင်ရွက်တတ်သော 'သုစရိုက်'တရား,အကောင်းမြတ်ဆုံး သစ္စာအရသာ,အထက်တန်း အကျဆုံး 'ပညာ'ဖြင့် အသက်မွေးမှုကို ဘုရားရှင် ညွှန်ပြ ဟောကြားတော်မူသော သုတ်)။	el *vittasutta*. (El sutta en que el Buddha señala y enseña que la riqueza más excelsa de la persona, del ser, es la «*saddhā*»; que el estado que suele traer la felicidad es la «*sucarita*»; que el sabor más excelente es el de la verdad; y que la vida más elevada es la que se vive con «*paññā*».)	the *vittasutta*. (The sutta in which the Buddha points out and teaches that the most excellent wealth of a person, of a being, is “*saddhā*”; that the state apt to bring happiness is “*sucarita*”; that the most excellent taste is that of truth; and that the highest livelihood is one lived with “*paññā*”.)	the Burmese is one long noun phrase; its four parallel members rendered as clauses
151656	vitthaka	ခွက်,ပန်းတောင်း,ပန်းကပ်,ပန်းကလပ်,ပန်းကြုတ်စသည်။	cuenco, cesta de flores, ‹ပန်းကပ်›, bandeja de flores con pie, canastilla de flores y demás.	bowl, flower basket, ‹ပန်းကပ်›, footed flower tray, small flower basket and so on.	flower-vessel names tentative: ပန်းကပ် left in Burmese; ပန်းကလပ် read as a footed tray, ပန်းကြုတ် as a small basket
151661	vitthata	ဖောက်ပြန်သော အားဖြင့်-ကြမ်း-ကြမ်းတမ်း-ခက်ထန်-ခိုင်မာ-သော ကိုယ်ရှိ-ကိုယ်ခက်ထရောရှိ-ကြက်သေသေ-ယို့ယီးယို့တို့ရှိ-ရွံ့ရှာ-ကြောက်ရွံ့-ရှုိးတိုးရှန့်တန့်ဖြစ်-သော။	que, por alteración, tiene el cuerpo áspero / tosco / duro / rígido / que tiene el cuerpo entumecido / atónito / titubeante / avergonzado / asustado / cohibido.	having, through disturbance, a rough / coarse / hard / rigid body / having a stiffened body / dumbstruck / faltering / ashamed / afraid / sheepish.	long hyphen chain mixing two groups (a stiff body; abashment), rendered in order; ကြက်သေသေ ('stunned like a dead fowl') rendered 'atónito'; ယို့ယီးယို့တို့ read as 'faltering'; ခက်ထရော read as ခက်ထရော်
151672	vitthatasutta	ဝိတ္ထတသုတ်၊ (ယုံကြည်မှု သဒ္ဓါစသော ဗိုလ်(အား) ၅-မျိုးကို ဟောကြားတော်မူသော သုတ်။	el *vitthatasutta*; (el sutta en que se enseñan las 5 clases de *bala* (fuerza), que comienzan por la confianza, *saddhā*).	the *vitthatasutta*; (the sutta in which the 5 kinds of *bala* (strength), beginning with trust, *saddhā*, are taught).	bracket unclosed in the print; closed at the end
151674	vitthaddhagatta	ဖောက်ပြန်သဖြင့်-တောင့်တင်း-ခိုင်မာ-သော ကိုယ်ရှိသော။ ခက်ထရော်သော ကိုယ်ရှိသော၊ ကိုယ်ခတ်ထရော်ရှိသော၊ သူ။	que tiene el cuerpo tieso / rígido por alteración. Que tiene el cuerpo entumecido; que tiene el cuerpo entumecido (dicho de una persona).	having a body stiff / rigid through disturbance. Having a stiffened body; having a stiffened body (said of a person).	ခတ်ထရော် read as ခက်ထရော်
151680	vitthambhanalakkhaṇa	(၁) တောင့်တင်း-ခိုင်မာ-စေခြင်း (ထောက်ပံ့ခြင်း)-လျှင်-ဟူသော-မှတ်ကြောင်း-လက္ခဏာ-ရှိသော။ (န) (၂) တောင့်တင်း-ထောက်ကန်-ခိုင်မာ-စေခြင်း (ထောက်ပံ့ခြင်း)ဟူသော-မှတ်ကြောင်း-လက္ခဏာ။	(1) que tiene como señal / *lakkhaṇā* el poner tieso / firme (el sostener). (neutro) (2) la señal / el *lakkhaṇā* que es el poner tieso / sostener / firme (el sostener).	(1) having stiffening / making firm (supporting) as its mark / *lakkhaṇā*. (neuter) (2) the mark / *lakkhaṇā* that is stiffening / propping up / making firm (supporting).	hyphens separate the connectives လျှင် / ဟူသော; rendered once
151698	vitthāragata	ကျယ်သည်၏ အဖြစ်ဖြင့် ဖြစ်-ကျယ်သော တရား၏အဖြစ်သို့ ရောက်-သော။	que existe por el hecho de ser extenso / que ha llegado al estado de cosa extensa.	existing by way of being extensive / having reached the state of an extensive thing.	the hyphens join two longer phrases as alternatives
151700	vitthāraṭṭhāna	ဝိတ္ထာရအရာ။	el apartado del *vitthāra*.	the section of the *vitthāra*.	အရာ ('place, matter') read as 'section'
151705	vitthārataravacana	အထူးသဖြင့်-သာလွန်၍-ကျယ်ဝန်း-ကျယ်ပြန်-စွာဆိုအပ်သော-စကား-သဒ္ဒါ။	el habla / la palabra dicha especialmente / sobremanera de modo vasto / extenso.	the speech / word spoken especially / exceedingly broadly / extensively.	ကျယ်ပြန် read as ကျယ်ပြန့်
151727	vitthārayissāma	(ငါတို့) ကျယ်ပြန့်စေ-ချဲ့-အကျယ်ချဲ့-ကုန်-အံ့-လတ္တံ့-လိမ့်မည်။	(nosotros) haremos extenso / ampliaremos / expandiremos.	(we) shall make extensive / enlarge / expand.	three future particles (အံ့, လတ္တံ့, လိမ့်မည်) rendered by one future
151728	vitthārayissāmi	(ငါ) ကျယ်ပြန့်စေ-ချဲ့-အကျယ်ချဲ့-အံ့-လတ္တံ့-လိမ့်မည်။	(yo) haré extenso / ampliaré / expandiré.	(I) shall make extensive / enlarge / expand.	three future particles (အံ့, လတ္တံ့, လိမ့်မည်) rendered by one future
151736	vitthārasaṁvaṇṇanāvisesa	အကျယ်ဖြစ်သော-သံဝဏ္ဏနာ-အဖွင့်-အထူး။	la particularidad de la *saṁvaṇṇanā* / explicación extensa.	the special feature of the extended *saṁvaṇṇanā* / explanation.	hyphen chain extensive - saṁvaṇṇanā - explanation - special read as noun + gloss
151744	vitthāritakanakapaṭa	ဖြန့်အပ်သော-ရွှေဖြင့် ရက်လုပ်အပ်သော ပုဆိုး-ရွှေပုဆိုး-ရွှေအဝတ်။	el paño tejido con oro / el paño de oro / la prenda de oro, desplegados.	the cloth woven with gold / gold cloth / gold garment, spread out.	the first hyphen follows ဖြန့်အပ်သော 'spread out' (the qualifier), not an alternative; ပုဆိုး (a Burmese wrap-cloth) rendered 'paño / cloth'
151754	vitthārīkata	အကျယ်ချဲ့တတ်သော၊ ကျယ်ပြန့်အောင် ပြုတတ်သော၊ သူ။	que suele ampliar; que suele hacer extenso (dicho de una persona).	apt to expand; apt to make extensive (said of a person).	active gloss for a past-participle headword (-kata), as printed
151775	vitthiṇṇākitti	ကျယ်ပြန့်-ပျံ့နှံ့-သော-မကျော်စောခြင်းရှိသော၊ အနည်းငယ် ကျော်စောသော၊ သူ။	que tiene una falta de renombre amplia / difundida; de escaso renombre (dicho de una persona).	having broad / widespread lack of fame; of little renown (said of a person).	the chain reads literally 'having broad / spread non-fame'
151795	vidatthi	အထွာ၊ တစ်ထွာ။ (ဖြန့်အပ်သော လက်မနှင့် လက်သန်းတို့၏ အကြား၌ရှိသော အကွာအဝေး၊ လက်သန်းထွာ (၁၂-သစ်)။	el palmo; un palmo. (La distancia que hay entre el pulgar y el meñique extendidos; el palmo del meñique (12 dedos).)	the span; one span. (The distance between the outstretched thumb and little finger; the little-finger span (12 finger-breadths).)	outer bracket unclosed in the print; closed at the end
151803	vidatthippamāṇa	၁-တွာ (တစ်ထွာ) အတိုင်းအရှည်ရှိသော။	que tiene la medida de 1 palmo (un palmo).	having the measure of 1 span (one span).	တွာ read as ထွာ
151815	vidabbha	အက်ပတေး၊ ဓာန်။	‹အက်ပတေး›.	‹အက်ပတေး›.	အက်ပတေး unexplained (perhaps a place name, Skt. Vidarbha); left in Burmese; ဓာန် (Abhidhānappadīpikā) dropped as a citation
151817	vidala	(၁) ထက်ခြမ်း၊ ခွဲခြမ်း၊ ပဲနောက်၊ (ပဲ) အခြမ်းအစိတ်။ (၂) (ကုတင်၏ ကပ်အိပ်ရာခင်းသော) အကန့်၊ ကပ်ဖောက်၊ ဝါးခြမ်း၊ နှီး။ (၁) အောက်ပုဒ်ကြည့်။	(1) mitad; lo partido; legumbre partida; mitades / trozos (de legumbre). (2) (del lecho de la cama) compartimento; ‹ကပ်ဖောက်›; bambú partido; tira de bambú. (1) Véase la entrada siguiente.	(1) half; split piece; split pulse; halves / pieces (of pulse). (2) (of the bed-frame lattice) compartment; ‹ကပ်ဖောက်›; split bamboo; bamboo strip. (1) See the next entry.	ပဲနောက် read as split pulse (peas / chickpeas); ကပ်ဖောက် (a bed-lattice part) left in Burmese; (2) bracket 'ကုတင်၏ ကပ်အိပ်ရာခင်းသော' read loosely
151820	vidahana	(၁)အထူးထူးသော အခြင်းအရာအားဖြင့် တည်ခြင်း။ (၂) ပြုပြင်-စီရင်-ခြင်း။ (၃) ပြုပြင်-စီရင်-တတ်သော။ (၄) ထာတ်းသော။ (၅) ထားအပ်သော။ (၆) အထူးထူးသော အခြင်းအရာအားဖြင့် ဆောင်တတ်သော။ (၃) ဝိဒဟန(၂)(၁)ကြည့်။ (၄) ဝိဒဟန(၂)(၂)ကြည့်။ (၅) ဝိဒဟန(၂)(၃)ကြည့်။ (၆) ဝိဒဟန(၂)(၄)ကြည့်။	(1) el estar asentado de modos diversos. (2) el preparar / disponer. (3) que suele preparar / disponer. (4) que pone. (5) puesto. (6) que suele llevar de modos diversos. (3) Véase [[vidahana]] (2)(1). (4) Véase [[vidahana]] (2)(2). (5) Véase [[vidahana]] (2)(3). (6) Véase [[vidahana]] (2)(4).	(1) the standing in various modes. (2) the preparing / arranging. (3) apt to prepare / arrange. (4) placing. (5) placed. (6) apt to carry in various modes. (3) See [[vidahana]] (2)(1). (4) See [[vidahana]] (2)(2). (5) See [[vidahana]] (2)(3). (6) See [[vidahana]] (2)(4).	ထာတ်းသော read as ထားသော; 'see X' with sense numbers left in the Burmese, rendered Véase ⟦X⟧ (…)
151825	vidahantu	ပြုပြင်-စီရင်-ကုန်လော။	que preparen / dispongan.	let them prepare / arrange.	…လော under an imperative headword (-ntu) read as the imperative လော့ (misprint); rendered as an imperative
151848	vidāha	အထူး-ပူလောင်-ပူပန်-ခြင်း။	el arder / el afligirse intensamente.	the intense burning / distress.	the first hyphen follows အထူး 'especially' (a qualifier), not an alternative
151854	viditañāṇa	သိအပ်ပြီးသော ဉာဏ်အမြင်ရှိသော (မြတ်စွာဘုရား)။	que tiene una visión de conocimiento que ya ha conocido (el Buddha).	having knowledge-and-vision that has already known (the Buddha).	သိအပ်ပြီးသော ဉာဏ်အမြင် read literally ('known knowledge-vision'); sense unclear
151857	viditadhamma	(၁) သိအပ်ပြီးသော သစ္စာ ၄-ပါး တရားရှိသော၊ သစ္စာ ၄-ပါး တရားကို သိပြီးသော၊ သူ။ (၂) ထင်စွာပြု အပ်ပြီးသော သစ္စာ ၄-ပါး တရားရှိသော၊ သစ္စာ ၄-ပါး တရားကို ထင်စွာပြုပြီးသော၊ သူ။ (၃) (ဉာဏ်ပညာဖြင့်) နှုိင်းချိန်အပ်ပြီးသော ခန္ဓာ ၄-ပါး တရားရှိသော၊ ခန္ဓာ၄-ပါးတရားကို နှုိင်းချိန်ပြီးသော၊ သူ။	(1) que tiene conocidas las 4 *sacca*; que ha conocido las 4 *sacca* (dicho de una persona). (2) que tiene claramente realizadas las 4 *sacca*; que ha realizado claramente las 4 *sacca* (dicho de una persona). (3) que tiene sopesados (con el conocimiento y la *paññā*) los 4 *khandha*; que ha sopesado los 4 *khandha* (dicho de una persona).	(1) having the 4 *sacca* known; having known the 4 *sacca* (said of a person). (2) having the 4 *sacca* clearly realised; having clearly realised the 4 *sacca* (said of a person). (3) having the 4 *khandha* weighed (with knowledge and *paññā*); having weighed the 4 *khandha* (said of a person).	each sense has two members before one သူ; rendered with (said of a person) at the end
151868	viditākāradassana	သိအပ်ပြီးသော-သိပုံ-အခြင်းအရာကို ပြကြောင်းဖြစ်သော (စကား)။	(las palabras) que son causa de mostrar lo conocido / el modo de conocer / el aspecto.	(the words) that are the means of showing what is known / the way of knowing / the aspect.	hyphen chain 'သိအပ်ပြီးသော-သိပုံ-အခြင်းအရာ' read as three alternatives
151877	vidisā	အထောင့်အရပ်၊ ထောင့်အရပ်။	la dirección intermedia; la dirección intermedia.	the intermediate direction; the intermediate direction.	two spellings of one word (အထောင့်အရပ်, ထောင့်အရပ်), both rendered the same
151897	vidūsenta	ဖျက်ဆီး-ပျက်စီးစေ-၏။ «S1»	destruye / hace perecer. Véase [[vidūseti]].	destroys / causes to perish. See [[vidūseti]].	participle headword glossed with a finite verb (-၏) in the print
151911	videha	(၁) ဝိဒေဟတိုင်း။ (၂) (က) (ဝိနီလဇာတ်လာ) ဝိဒေဟမင်း။ (ခ) (ဂန္ဓာရဇာတ်လာ) ဝိဒေဟမင်း။ (ဂ) (မဟောသဓဇာတ်လာ) ဝိဒေဟမင်း။ (၃) ဝိဒဟတိုင်းသူ ပြည်သား။ (၄) ဝိဒေဟသူဌေး။ (၅) ဝိဒေဟရသေ့။ (၆) အရှေ့ကျွန်း=ပုဗ္ဗဝိဒေဟကျွန်း။	(1) el país *videha*. (2) (a) el rey *videha* (que aparece en el Jātaka *vinīla*). (b) el rey *videha* (que aparece en el Jātaka *gandhāra*). (c) el rey *videha* (que aparece en el Jātaka *mahosadha*). (3) los habitantes / la gente del país *vidaha*. (4) el rico mercader *videha*. (5) el asceta *videha*. (6) el continente oriental = el continente *pubbavideha*.	(1) the country *videha*. (2) (a) King *videha* (occurring in the *vinīla* Jātaka). (b) King *videha* (occurring in the *gandhāra* Jātaka). (c) King *videha* (occurring in the *mahosadha* Jātaka). (3) the inhabitants / people of the country *vidaha*. (4) the rich merchant *videha*. (5) the ascetic *videha*. (6) the eastern continent = the continent *pubbavideha*.	(3) print has ဝိဒဟ, probably a misprint for ဝိဒေဟ; copied as printed
151915	videharajja	ဝိဒေဟမင်း အဖြစ်၊ ဝိဒေဟတိုင်းပြည် (သျ)။	la condición de rey de *videha*; el reino de *videha* (‹သျ›).	the kingship of *videha*; the kingdom of *videha* (‹သျ›).	bracketed '(သျ)' unexplained, left in Burmese
151927	viddadhi	သက်တန့်နာ။ ရောဂါအထူး။	‹သက်တန့်နာ›. Una enfermedad particular.	‹သက်တန့်နာ›. A particular disease.	disease name သက်တန့်နာ (lit. 'rainbow sore') left in Burmese; probably an abscess (Skt. vidradhi), unconfirmed
151940	viddhaṁsati	(၁) အောက်သို့ လျှောကျ၏။ (၂) ဖရိုဖရဲပြန့်ကြဲ၏။ (၂)  «S1»	(1) se desliza hacia abajo. (2) se desparrama en desorden. (2) Véase [[viddhasantu]].	(1) slides down. (2) scatters in disorder. (2) See [[viddhasantu]].	sense (2) printed twice; the second carries only the placeholder
151942	viddhaṁsatu	ပျက်စီးလော၊ ပျက်စီးပါစေသတည်း။	que perezca; ojalá perezca.	let it perish; may it perish.	ပျက်စီးလော under an imperative headword read as the imperative လော့
151950	viddhaṁsantu	ဖရိုဖရဲ ကြဲကုန်လော။	que se desparramen en desorden.	let them scatter in disorder.	ကုန်လော under an imperative headword read as the imperative လော့
151962	viddhaṁsi	ဖျက်ဆီးပြီ။ ဝိဒ္ဓံသတိ(၂) (၂)-ကြည့်။	destruyó. Véase [[viddhaṁsati]] (2) (2).	destroyed. See [[viddhaṁsati]] (2) (2).	'see X' left in the Burmese, with sense number printed twice
151963	viddhaṁsita	(၁) ပယ်-ပယ်ဖျက်-ဖျက်ဆီး-အပ်သော။ (၂) ပယ်-ပယ်ဖျက်-ဖျက်ဆီး-အပ်ရာ။ (၂) အောက်ပုဒ်ကြည့်။	(1) abandonado / abolido / destruido. (2) (aquello) en que se abandona / se abole / se destruye. (2) Véase la entrada siguiente.	(1) abandoned / abolished / destroyed. (2) (that) in which one abandons / abolishes / destroys. (2) See the following headword.	sense (2) printed twice
151974	viddhaṁsiyetha	ဖျက်ဆီးအပ်ကုန်၏။	son destruidos.	they are destroyed.	optative passive headword glossed with a present (-ကုန်၏) in the print
151981	viddhaṁseti	(၁) ဖျက်ဆီး၏။ (၂) ပယ်ပယ်ထုတ်-၏။	(1) destruye. (2) abandona / expulsa.	(1) destroys. (2) abandons / expels.	(2) 'ပယ်ပယ်ထုတ်-၏' read as ပယ်-ပယ်ထုတ် (abandon / expel)
151984	viddhaṁsetha	ဖျက်ဆီးကုန်လော။	destruid.	destroy (you all).	ကုန်လော under an imperative headword (-tha) read as the imperative လော့; 2nd plural
151987	viddhaṁsema	ဖျက်ဆီးကုန်၏။	destruimos.	we destroy.	1st-person plural headword (-ma) rendered in the 1st person
151991	viddhaṁsesiṁ	(ငါ) ဖျက်ဆီး-ခဲ့-ပြီး-ပြီ။	(yo) destruí / he destruido.	(I) destroyed / have destroyed.	hyphens join tense particles (ခဲ့-ပြီး-ပြီ); rendered as two past tenses
151992	viddhaṁsesi	ဖျက်ဆီး-ခဲ့-ပြီး-ပြီ။	destruyó / ha destruido.	destroyed / has destroyed.	hyphens join tense particles (ခဲ့-ပြီး-ပြီ); rendered as two past tenses
151993	viddhaṁsessasi	ဖျက်ဆီး-အံ့-လတ္တံ့-လိမ့်မည်။	destruirás.	you will destroy.	2nd-person future headword (-ssasi); the print chains three future particles (အံ့-လတ္တံ့-လိမ့်မည်), rendered once
151994	viddhaṁsessāmi	(ငါ) ဖျက်ဆီး-အံ့-လတ္တံ့-လိမ့်မည်။	(yo) destruiré.	(I) shall destroy.	the print chains three future particles (အံ့-လတ္တံ့-လိမ့်မည်), rendered once
151995	viddhaṁsehi	(သင်) ဖျက်ဆီးလော။	(tú) destruye.	(you) destroy.	လော under an imperative headword (-hi) read as the imperative လော့
151996	viddha	(၁) ပစ်ဖောက်-ထိုးဖောက်-ပုတ်ခတ်-စူးဝင်-စူးမှန်-အပေါက်ဖောက်-အပ်သော။ (၂) ထိုးဆွ-ထိုးကျင့်-အပ်သော။ (၃) ထိုးထွင်း၍ သိအပ်သော။ (၄) စူး-ဝင်-မှန်-ရာ။ (၅) အပေါက်။ (၄)  «S1»	(1) atravesado de un disparo / atravesado de una estocada / golpeado / penetrado / alcanzado / agujereado. (2) hurgado / aguijoneado. (3) conocido con penetración. (4) (aquello) en que se clava / entra / alcanza. (5) agujero. (4) Véanse [[viddhakāla]], [[viddhaṭṭhāna]].	(1) shot through / stabbed through / struck / pierced / hit / bored. (2) poked / goaded. (3) known by penetration. (4) (that) in which it sticks / enters / hits. (5) a hole. (4) See [[viddhakāla]], [[viddhaṭṭhāna]].	sense (4) printed twice; (2) ထိုးဆွ-ထိုးကျင့် uncertain
151997	viddha	(၁) သန့်ရှင်းကြည်လင်သော၊ (မိုးတိမ်မှ) ကင်းဝေးသော။ (၂) ဝေးကွာသော (မွဲပြာရောင်-ပြာလဲ့လဲ့-အဆင်းရှိသော)။	(1) limpio y claro; libre (de nubes). (2) remoto (que tiene color azul oscuro / azul pálido brillante).	(1) clean and clear; free (from clouds). (2) remote (having a dark-blue / shimmering pale-blue colour).	(2) 'far' with a colour gloss in brackets; relation unclear
152022	vidva	ဝိဒွန္တု-ပုဒ်ကြည့်။	Véase [[vidvantu]].	See [[vidvantu]].	'see X' left in the Burmese
152023	vidvā	ဝိဒွန္တု-ပုဒ်ကြည့်။	Véase [[vidvantu]].	See [[vidvantu]].	'see X' left in the Burmese
152032	vidhaṁseti	(၁) ဖျက်ဆီး၏။ (၂) ညှဉ်းဆဲ-နှိပ်စက်-၏။ (၂)  «S1»	(1) destruye. (2) atormenta / oprime. (2) Véase [[vidhaṁsayanti]].	(1) destroys. (2) torments / oppresses. (2) See [[vidhaṁsayanti]].	sense (2) printed twice
152036	vidha	(၁) အခြင်းအရာ၊ သဏ္ဌာန်၊ အမျိုးအစား။ (၂) အပြား၊ အထူးအပြား။ (၃) အတူ။ (၄) အဖို့အစု။ (၅) မာန်၊ မာန။ (၆) ခါးပန်းဘိ=ခါးပန်းကွင်း။ (၇) ပယ်ဖျောက်ခြင်း။ (၈) ထမ်းပိုး။ (၉) (ဆင်မြင်းတို့၏) အစားအစာ။ (၁၀) ပြုပြင် စီရင်အပ်သော ဟင်း၏ အဆောက်အဦ=ဟင်းခတ်ပစ္စည်း။ (၁၁) (က) မာနအဖို့အစု၊ (ခ) မာနထားခြင်း။	(1) modo; forma; clase. (2) división; variedad particular. (3) semejante. (4) parte / porción. (5) *māna*; *māna*. (6) ‹ခါးပန်းဘိ› = anillo de la faja. (7) el abandonar y eliminar. (8) yugo de carga. (9) el alimento (de elefantes y caballos). (10) los componentes preparados / dispuestos de un guiso = los condimentos. (11) (a) porción de *māna*; (b) el mantener *māna*.	(1) mode; form; kind. (2) division; particular variety. (3) alike. (4) part / portion. (5) *māna*; *māna*. (6) ‹ခါးပန်းဘိ› = girdle ring. (7) the abandoning and removing. (8) carrying yoke. (9) food (of elephants and horses). (10) the prepared / arranged components of a curry = seasonings. (11) (a) portion of *māna*; (b) the holding of *māna*.	(6) ခါးပန်းဘိ left in Burmese, ခါးပန်းကွင်း read as a girdle ring or buckle; (3) အတူ read as 'alike' (cf. 152039); (4) အဖို့အစု rendered part / portion
152037	vidhaka	ခါးပန်းဘိ=ခါးပန်းကွင်း။	‹ခါးပန်းဘိ› = anillo de la faja.	‹ခါးပန်းဘိ› = girdle ring.	ခါးပန်းဘိ left in Burmese; ခါးပန်းကွင်း read as a girdle ring or buckle
152042	vidhamatha	မှုတ်လွှင့်-ပယ်ဖျောက်-ဖျက်ဆီး-ကြကုန်လော။	disipad soplando / eliminad / destruid.	blow away / remove / destroy (you all).	ကြကုန်လော under an imperative headword (-tha) read as the imperative လော့; 2nd plural
152058	vidhamissati	လွင့်-ပျောက်-ပျက်စီး-အံ့-လတ္တံ့-လိမ့်မည်။	se dispersará / desaparecerá / perecerá.	will be scattered / will vanish / will perish.	the print chains three future particles (အံ့-လတ္တံ့-လိမ့်မည်), rendered once
152059	vidhamissāma	(ငါတို့) မှုတ်လွှင့်-ပယ်ဖျောက်-ဖျက်ဆီး-ကုန်-အံ့-လတ္တံ့-လိမ့်မည်။	(nosotros) disiparemos soplando / eliminaremos / destruiremos.	(we) shall blow away / remove / destroy.	the print chains three future particles (အံ့-လတ္တံ့-လိမ့်မည်), rendered once
152060	vidhamī	မှုတ်လွှင့်-ပယ်-ဖျောက်-ဖျက်ဆီး-ခဲ့-ပြီး-ပြီ။	disipó soplando / abandonó / hizo desaparecer / destruyó.	blew away / abandoned / made vanish / destroyed.	print splits ပယ်-ဖျောက်; hyphens also join tense particles (ခဲ့-ပြီး-ပြီ), rendered as one past
152065	vidhamehi	(သင်) လွင့်-ပျောက်-ပျက်စီး-စေလော။	(tú) haz dispersarse / desaparecer / perecer.	(you) cause to be scattered / to vanish / to perish.	စေလော under an imperative headword (-hi) read as the imperative လော့
152093	vidhārenta	မဆောင်-မထိမ်း-နိုင်သော။	incapaz de llevar / sostener.	unable to bear / hold.	negative gloss (မဆောင်-မထိမ်း-နိုင်သော) for a participle headword; rendered as printed
152095	vidhāvana	(၁) ထိုမှ ဤမှ ပြေးသွားခြင်း။ (၂) (ဈာန်,သမာပတ်) ဝင်စားခြင်း။ (၂)  «S1»	(1) el correr de aquí para allá. (2) el entrar en (*jhāna*, *samāpatti*). (2) Véase [[vidhāvana]].	(1) the running hither and thither. (2) the entering into (*jhāna*, *samāpatti*). (2) See [[vidhāvana]].	sense (2) printed twice
152100	vidhāvantu	ပြေးသွားကုန်လော။	que corran.	let them run.	ကုန်လော under an imperative headword (-ntu) read as the imperative လော့
152103	vidhāvitu	ဖောက်ပြန်စွာ ပြေးစွား-ပြီးဆုံး-သော-သူ။	la persona que ha corrido extraviada / ha terminado.	the person who has run astray / has finished.	garbled: 'ပြေးစွား' probably ပြေးသွား; the hyphenated ပြီးဆုံး 'finished' is unclear
152109	vidhi	(၁) အကြောင်း၊ဥပါယ်၊နည်းလမ်း။ (၂) အစီအရင်။ (၃) အစဉ်အဆက်၊ အစဉ်အလာ။ (၄) (ရှေးဦးစွာဆိုအပ်သော စကား) အကျဉ်းစကား။ (၅) (ရှေး)ဘုန်းကံ=ကုသိုလ်။ (၆) အဖို့အစု။ (၆)  «S1»	(1) causa; medio; método. (2) procedimiento. (3) sucesión; tradición. (4) (las palabras dichas al principio) palabras resumidas. (5) (anterior) fortuna y *kamma* = mérito. (6) porción. (6) Véase [[vidhānavidhikovida]].	(1) cause; means; method. (2) procedure. (3) succession; tradition. (4) (words spoken at the outset) summary words. (5) (former) fortune and *kamma* = merit. (6) portion. (6) See [[vidhānavidhikovida]].	sense (6) printed twice; (5) ဘုန်းကံ=ကုသိုလ် read as merit
152122	vidhuta	(၁) လှုပ်-ခါ-ခါတွက်-အပ်ပြီးသော။ (၂) ပယ်စွန့်-ပယ်သတ်-ပယ်ခွါ-အပ်ပြီးသော။ (၁) အောက်ပုဒ်ကြည့်။	(1) movido / sacudido / sacudido del todo. (2) abandonado / suprimido / apartado. (1) Véase la entrada siguiente.	(1) moved / shaken / shaken off. (2) abandoned / suppressed / removed. (1) See the following headword.	sense (1) printed twice
152129	vidhunati	(၁) ခါ-ခါတွက်က-လှုပ်-၏။ (၂) (အရေ) ဆုတ်-ခွါ-ဖယ်ရှား-၏။ (၂)  «S1»	(1) sacude / sacude del todo / mueve. (2) (la piel) arranca / despega / quita. (2) Véase [[vidhunitvā]].	(1) shakes / shakes off / moves. (2) (the skin) pulls off / peels / removes. (2) See [[vidhunitvā]].	sense (2) printed twice; ခါတွက်က read as ခါတွက်
152130	vidhunāti	(၁) ခါ-ခါတွက်က-လှုပ်-၏။ (၂) (အရေ) ဆုတ်-ခွါ-ဖယ်ရှား-၏။ (၂)  «S1»	(1) sacude / sacude del todo / mueve. (2) (la piel) arranca / despega / quita. (2) Véase [[vidhunitvā]].	(1) shakes / shakes off / moves. (2) (the skin) pulls off / peels / removes. (2) See [[vidhunitvā]].	sense (2) printed twice; ခါတွက်က read as ခါတွက်
152132	vidhunana	ခါ-ခါတွက်-လှုပ်-မျှော-ခြင်း။	el sacudir / sacudir del todo / mover / ‹မျှော›.	the shaking / shaking off / moving / ‹မျှော›.	last alternative မျှော unclear (float? look afar?), left in Burmese
152133	vidhunanattha	ခါ-ခါတွက်-လှုပ်-မျှော-ခြင်းဟူသော အနက်ရှိသော၊ သဒ္ဒါ။	que tiene el significado de sacudir / sacudir del todo / mover / ‹မျှော› (dicho de una palabra).	having the meaning of shaking / shaking off / moving / ‹မျှော› (said of a word).	last alternative မျှော unclear, left in Burmese; '…သော၊ သဒ္ဒါ' rendered 'said of a word'
152142	vidhura	(၁) ထူးမြတ်သော လုံ့လရှိသော၊ သူ။ (၂) ကင်းသော-တုဘက်-ပြိုင်ဘက်-ရှိသော၊ တုဘက်-ပြိုင်ဘက်-ရှိသော၊ ထုဘက်-ပြိုင်ဘက်က-ကင်းသော၊(=အတုမရှိသော)သူ။ (၃) မတူ-ထူးခြား-သော။ (၄) ဆန့်ကျင်သော။ (န) (၅) စင်စစ် ကွေကွင်းခြင်း၊ ဝေးကွာခြင်း၊ ငြင်းခုံခြင်းသို့ ရောက်ခြင်း။ (၆) ဝိဓုရအမည်ရှိသော သူ...။ (၄)  «S1»	(1) que tiene un esfuerzo excelente (dicho de una persona). (2) cuyo igual / rival está ausente; que tiene igual / rival; libre de igual / rival (= sin igual) (dicho de una persona). (3) diferente / distinto. (4) contrario. (neutro) (5) el llegar absolutamente a la separación, a la lejanía, a la disputa. (6) la persona llamada *vidhura*… (4) Véase [[vidhuratādassana]].	(1) having excellent effort (said of a person). (2) whose equal / rival is absent; having an equal / rival; free from an equal / rival (= unequalled) (said of a person). (3) unlike / distinct. (4) contrary. (neuter) (5) the coming absolutely to separation, to remoteness, to dispute. (6) the person named *vidhura*… (4) See [[vidhuratādassana]].	(2) garbled: the middle clause lacks the negation and ထုဘက် is a misprint for တုဘက်; (6) truncated in print; sense (4) printed twice
152145	vidhuratā	(၁) မတူ-ထူးခြား-သည်၏အဖြစ်။ (၂) ဆန့်ကျင်သည်၏အဖြစ်။ (၂) အောက်ပုဒ်ကြည့်။	(1) el hecho de ser diferente / distinto. (2) el hecho de ser contrario. (2) Véase la entrada siguiente.	(1) the state of being unlike / distinct. (2) the state of being contrary. (2) See the following headword.	sense (2) printed twice
152148	vidhurapaṇḍitakāla	ဝိဓူရပညာရှိ-ဖြစ်ရာကာလ-လက်ထက်။	el tiempo en que existió / la época del sabio *vidhūra*.	the time in which the wise man *vidhūra* lived / his era.	name printed ဝိဓူရ (long ū), copied as printed
152156	vidhūpana	အထူးသဖြင့်-ပူစေ-ပြုတ်-ဖျော-ကျို-ချက်က-အပ်သော။	especialmente calentado / hervido / disuelto / cocido a fuego lento / cocinado.	especially heated / boiled / dissolved / simmered / cooked.	ချက်က read as ချက်
152174	vidhentu	ပြုပြင်-စီရင်-ထား-(အနီး၌တည်စေ)ကုန်လော။	que dispongan / arreglen / coloquen (que establezcan cerca).	let them arrange / manage / place (let them set near).	ကုန်လော under an imperative headword (-ntu) read as the imperative လော့
152187	vinaṭṭhapābhata	ပျက်စီးသော-ဥစ္စာရင်း-အရင်းအနှီး-ရှိသော၊ အရင်းဥစ္စာ-အရင်းအနှီး-ပျက်စီး-ဆုံးရှုံး-သော၊ သူ။	que tiene arruinados los bienes de capital / el capital; cuyos bienes de capital / capital han perecido / se han perdido (dicho de una persona).	having ruined capital goods / capital; whose capital goods / capital have perished / been lost (said of a person).	ဥစ္စာရင်း read as အရင်းဥစ္စာ
152209	vinati	(၁) ချုပ်-စပ်-၏။ (၂) (ရက်ကန်း) ရက်၏။ (၂)  «S1»	(1) cose / une. (2) teje (en el telar). (2) Véase [[vinanti]].	(1) sews / joins. (2) weaves (on the loom). (2) See [[vinanti]].	sense (2) printed twice
152213	vinadantu	အော်ဟစ်-ကြွေးကြော်-မောင်းမဲ-ကုန်လော။ «S1»	que griten / clamen / vociferen. Véase [[vinadati]] (1).	let them shout / cry out / bawl. See [[vinadati]] (1).	ကုန်လော under an imperative headword (-ntu) read as the imperative လော့
152225	vinanaṭṭha	ရစ်ပတ်-ချုပ်စပ်-နှောင်ဖွဲ့-ခြင်းဟူသော-အနက်-သဘော။ ဝိနန(၁) (၁)ကြည့်။	el significado / sentido que es el enrollar / coser / ligar. Véase [[vinana]] (1) (1).	the meaning / sense that is the winding round / sewing / binding. See [[vinana]] (1) (1).	'see X' left in the Burmese, with sense number printed twice
152229	vinandhana	(၁) ထုံး-ဖွဲ့-ရစ်ပတ်-ချည်နှောင်-ခြင်း။ (၂) ထုံး-ဖွဲ့-ရစ်ပတ်-ချည်နှောင်-ကြောင်း (ကြိုး)။ (၂) ဝိနန္ဓနရဇ္ဇု (ခ) အနက်ကြည့်။	(1) el anudar / trabar / enrollar / atar. (2) (la cuerda) que es el medio de anudar / trabar / enrollar / atar. (2) Véase [[vinandhanarajju]], sentido (b).	(1) the knotting / tying up / winding round / tying. (2) (the cord) that is the means of knotting / tying up / winding round / tying. (2) See [[vinandhanarajju]], sense (b).	sense (2) printed twice; 'see X' left in the Burmese
152239	vinandhituṁ	ထုံး-ဖွဲ့-ရစ်-ပတ်-ချည်နှောင်-ခြင်းငှါ။	para anudar / trabar / enrollar / atar.	in order to knot / tie up / wind round / tie.	print splits ရစ်-ပတ်; read as one word
152242	vinandhissāma	(ငါတို့) မြှေးရှက်-မြှေးရစ်-ရစ်ပတ်-ချည်နှောင်-နှောင်ဖွဲ့-ကုန်-အံ့-လတ္တံ့-လိမ့်မည်။ «S1»	(nosotros) amarraremos / liaremos / enrollaremos / ataremos / ligaremos. Véase también [[vinandhati]].	(we) shall lash / bind round / wind round / tie / bind. See also [[vinandhati]].	the print chains three future particles (အံ့-လတ္တံ့-လိမ့်မည်), rendered once
152251	vinaya	(၁) နှိမ်နင်း-နှိပ်ကွပ်-ဆုံးမ-ခြင်း။ (၂) ပယ်ဖျောက်-ဖျက်ဆီး-ငြိမ်းအေးစေ-ခြင်း။ (၃) ပယ်ဖျောက်-ဖျက်ဆီး-တတ်သော၊ သူ။ (၄) အဆုံး အမ၊ သာသနာ။ (၅) ဝိနယသဒ္ဒါ။ (၆) (ကိလေသာတို့ကို ပယ်ဖျောက်ခြင်း၏) အကြောင်း။ (၇) အထူးထူး-ထူးခြား-သော နည်းရှိသော၊ ဆုံးမ-တတ်-ကြောင်း-ရာ-ဖြစ်သော...(က) ဝိနည်း၊ ဝိနည်းပိဋက။ (ခ) ဥဘတောဝိဘင်း (ဘိက္ခုဝိဘင်း,ဘိက္ခုနီဝိဘင်း)။ (ဂ) ခန္ဓက ၂၂-ပါးနှင့် ပရိဝါရ။ (ဃ) ခန္ဓက ၂၂-ပါး။ (င) ဥဘတောဝိဘင်းနှင့် ခန္ဓာက ၂၂-ပါး။ (စ) စောဒနာခြင်း,အောက်မေ့စေခြင်း။ (ဆ) (ထိုထိုအဓိကရုဏ်းကို ငြိမ်းစေခြင်းငှါ မြတ်စွာဘုရားဟောတော်မူအပ်သော) အစီအရင်။ (ဇ) (ဂေါသီလ,ဝဂ္ဂုလိဝကအစရှိသော) ဝိနည်း-အတု-အယော။ (ဈ) ဝိနည်းပါဠိ,ဝိနည်းအဋ္ဌကထာ။ (၈) အကျင့်၊ သီလ၊ စည်းကမ်း၊ ဥပဒေ။ (၉) (သုတ္တ,သုတ္တာနုလောမ,အာစရိယဝါဒ,အတ္တနောမတိ-ဟု ဆိုအပ်သော ဝိနည်း ၄-မျိုး။ (၁၀) သံဝရဝိနည်းနှင့် ပဟာနဝိနည်း။ (၁၁) (သံဝရ,ပဟာန,သမထ,ပညတ္တိ-ဟုဆိုအပ်သော) ဝိနည်း ၄-မျိုး။ (၁၂) ဝါရိတ္တသီလ။ မူရင်းကြည့်ပါ။	(1) el someter / reprimir / amonestar. (2) el eliminar / destruir / apaciguar. (3) que suele eliminar / destruir (dicho de una persona). (4) la instrucción; el *sāsana*. (5) la palabra *vinaya*. (6) la causa (del eliminar los *kilesa*). (7) que tiene métodos diversos / especiales; que es aquello que suele / es causa / es lugar de disciplinar… (a) el *vinaya*; el *vinayapiṭaka*. (b) el *ubhatovibhaṅga* (*bhikkhuvibhaṅga*, *bhikkhunīvibhaṅga*). (c) los 22 *khandhaka* y el *parivāra*. (d) los 22 *khandhaka*. (e) el *ubhatovibhaṅga* y los 22 *khandhaka*. (f) el acusar, el hacer recordar. (g) el procedimiento (expuesto por el Buddha para apaciguar cada *adhikaraṇa*). (h) el *vinaya* falso / imitado (que comienza por *gosīla*, *vaggulivaka*). (i) el texto pāḷi del *vinaya*, el comentario del *vinaya*. (8) conducta; *sīla*; disciplina; ley. (9) los cuatro tipos de *vinaya* llamados *sutta*, *suttānuloma*, *ācariyavāda*, *attanomati*. (10) el *saṁvaravinaya* y el *pahānavinaya*. (11) los cuatro tipos de *vinaya* (llamados *saṁvara*, *pahāna*, *samatha*, *paññatti*). (12) *vārittasīla*. Véase el original.	(1) the subduing / restraining / admonishing. (2) the removing / destroying / calming. (3) apt to remove / destroy (said of a person). (4) instruction; the *sāsana*. (5) the word *vinaya*. (6) the cause (of removing the *kilesa*). (7) having various / special methods; being what is apt / the cause / the place for disciplining… (a) the *vinaya*; the *vinayapiṭaka*. (b) the *ubhatovibhaṅga* (*bhikkhuvibhaṅga*, *bhikkhunīvibhaṅga*). (c) the 22 *khandhaka* and the *parivāra*. (d) the 22 *khandhaka*. (e) the *ubhatovibhaṅga* and the 22 *khandhaka*. (f) the accusing, the reminding. (g) the procedure (taught by the Buddha for settling each *adhikaraṇa*). (h) the false / imitation *vinaya* (beginning with *gosīla*, *vaggulivaka*). (i) the Pāḷi text of the *vinaya*, the commentary on the *vinaya*. (8) conduct; *sīla*; discipline; law. (9) the four kinds of *vinaya* called *sutta*, *suttānuloma*, *ācariyavāda*, *attanomati*. (10) the *saṁvaravinaya* and the *pahānavinaya*. (11) the four kinds of *vinaya* (called *saṁvara*, *pahāna*, *samatha*, *paññatti*). (12) *vārittasīla*. See the original.	(7) truncated in print ('...') before its sub-senses; (e) ခန္ဓာက read as ခန္ဓက; (9) opening bracket unclosed in print, dropped; 'see the original' rendered literally
152254	vinaya	ဝိနည်းသဖွယ်ဖြစ်သော သီလ-သမာဓိ-ကျေးဇူး။	el *sīla* / el *samādhi* / el favor, que es semejante al *vinaya*.	the *sīla* / the *samādhi* / the benefit, which is like the *vinaya*.	third alternative ကျေးဇူး (favour, benefit) uncertain in this list
152255	vinaya	ပယ်ဖျောက်လော့။	elimina.	remove.	imperative (လော့)
152259	vinayakathā	(၁) ဝိနည်းကို-ဟော-ပြော-သင်အံ-ပို့ချ-ရာ (ကာလ)။ (၂) ဝိနည်း၌ စပ်ယှဉ်သော စကား။ (၁)  «S1»	(1) (el tiempo) en que se predica / habla / recita / enseña el *vinaya*. (2) palabras relacionadas con el *vinaya*. (1) Véase [[vinayakathākāla]].	(1) (the time) in which the *vinaya* is preached / spoken / recited / taught. (2) words connected with the *vinaya*. (1) See [[vinayakathākāla]].	sense (1) printed twice
152262	vinayakamma	ဝိနည်းကံ၊ ဝိနည်းနှင့်ညီသော အမှု (ဝိကပ္ပနာပြုခြင်းစသော အမှု)။	el *kamma* del *vinaya*; el acto conforme al *vinaya* (el acto que comienza por hacer la *vikappanā*).	the *vinaya* *kamma*; the act in accordance with the *vinaya* (the act beginning with making the *vikappanā*).	ကံ here is a formal Vinaya act, kept as kamma
152263	vinayakammakata	(စွန့်ခြင်းဟူသော)ဝိနည်းကံဖြင့် ပြုပြီးသော၊ ပြုအပ်ပြီးသော (စွန့်ခြင်းဟူသော) ဝိနည်းကံရှိသော။	hecho con el *kamma* del *vinaya* (que es el renunciar); que tiene hecho el *kamma* del *vinaya* (que es el renunciar).	done with the *vinaya* *kamma* (that is, relinquishing); having the *vinaya* *kamma* (that is, relinquishing) done.	ကံ here is a formal Vinaya act, kept as kamma
152264	vinayakammavacana	ဝိနည်းကံကို ဟောတော်မူခြင်း။	el exponer (por el Buddha) el *kamma* del *vinaya*.	the setting forth (by the Buddha) of the *vinaya* *kamma*.	ကံ here is a formal Vinaya act, kept as kamma; honorific ဟောတော်မူ read as the Buddha's teaching
152265	vinayakammākāra	ဝိနည်းကံဟု ဆိုအပ်သော အခြင်းအရာ။	el modo llamado *kamma* del *vinaya*.	the mode called the *vinaya* *kamma*.	ကံ here is a formal Vinaya act, kept as kamma
152266	vinayakiriya	ဝိနည်းကံပြုခြင်း၊ ဝိနည်း၌လာသော-ကပ္ပဗိန္ဓု-ပြုလုပ်-ထိုး-ခြင်းအမှု။	el hacer el *kamma* del *vinaya*; el acto de hacer / marcar el *kappabindhu* que aparece en el *vinaya*.	the doing of the *vinaya* *kamma*; the act of making / marking the *kappabindhu* found in the *vinaya*.	ကံ here is a formal Vinaya act, kept as kamma
152279	vinayagaruka	(၁) ဝိနည်း-၌-ကို-အလေးပြု-လေးစား-သော၊ သူ။ (၂) ဝိနည်း၌ ကြီးလေးသော အာပတ် (ပါရာဇိက,သံဃာဒိသိသ်အာပတ်)။	(1) que da peso / respeta al *vinaya* (dicho de una persona). (2) la *āpatti* grave en el *vinaya* (la *āpatti* *pārājika*, *saṅghādisesa*).	(1) giving weight to / respecting the *vinaya* (said of a person). (2) a grave *āpatti* in the *vinaya* (the *pārājika*, *saṅghādisesa* *āpatti*).	(1) the print gives alternative case particles (၌-ကို), rendered once; (2) သံဃာဒိသိသ် misprinted for saṅghādisesa
152285	vinayaṭīkā	ဝိနည်းဋီကာကျမ်း၊ ဝိနည်း(အဋ္ဌကထာ၏ အနက်)ကို-သိ-ဖွင့်ပြ-ကြောင်းဖြစ်သော ကျမ်း။ မူရင်းကြည့်ပါ။	el tratado *vinayaṭīkā*; el tratado que es el medio de conocer / explicar el *vinaya* (el significado de su comentario). Véase el original.	the *vinayaṭīkā* treatise; the treatise that is the means of knowing / explaining the *vinaya* (the meaning of its commentary). See the original.	'see the original' rendered literally
152286	vinayaṭṭhakathā	ဝိနည်းအဋ္ဌကထာ၊ ဝိနည်းပါဠိတော်၏ အဖွင့်၊ ဝိနည်းပါဠိတော်၏ အနက်ကို ဖွင့်ဆိုကြောင်းဖြစ်သော စကားအစဉ်။ မူရင်းကြည့်ပါ။	el comentario del *vinaya*; la explicación del texto pāḷi del *vinaya*; la secuencia de palabras que explica el significado del texto pāḷi del *vinaya*. Véase el original.	the commentary on the *vinaya*; the explanation of the Pāḷi text of the *vinaya*; the sequence of words explaining the meaning of the Pāḷi text of the *vinaya*. See the original.	'see the original' rendered literally
152297	vinayati	(၁) ဆုံးမ၏။ (၂) ဖျက်ဆီး၏။ (၃) ပယ်ဖျောက်-ပယ်ခွါ-၏ (၄) နှင်ထုတ်၏။ «S1» (၄)  «S2»	(1) amonesta. (2) destruye. (3) abandona / aparta. (4) expulsa. Véase también [[vineti]]. (4) Véase [[vinayanta]] (2).	(1) admonishes. (2) destroys. (3) abandons / removes. (4) drives out. See also [[vineti]]. (4) See [[vinayanta]] (2).	(3) has no full stop in print; trailing '(4) «S2»' kept as printed
152298	vinayaticīvarika	ဝိနည်း တိစီဝရိတ်ကို ဆောင်သော ရဟန်း၊ ဝိနည်း၌လာသော သင်္ကန်း ၃-ထည်-ရှိ-ဆောင်-သော ရဟန်း။	monje que lleva el *ticīvara* del *vinaya*; monje que tiene / lleva los 3 hábitos que aparecen en el *vinaya*.	monk who bears the *ticīvara* of the *vinaya*; monk who has / bears the 3 robes found in the *vinaya*.	တိစီဝရိတ် read as ticīvara
152299	vinayattha	ဝိနယသဒ္ဒါဒ အနက်။	el significado de la palabra *vinaya*.	the meaning of the word *vinaya*.	ဝိနယသဒ္ဒါဒ read as ဝိနယသဒ္ဒါ၏ (misprint)
152302	vinayadaṇḍa	ဝိနည်း၌ လာသော-အပြစ်-ဒဏ်၊ (ဥက္ခေပနီယစသော ကံ)။	la falta / la pena que aparece en el *vinaya*; (el *kamma* de *ukkhepanīya* y demás).	the offence / penalty found in the *vinaya*; (the *kamma* of *ukkhepanīya* and so on).	ကံ here is the Saṅgha's formal act (ukkhepanīyakamma)
152303	vinayadabba	ဝိနည်းဒြဗ်၊ ဝိနည်းတရားဟု ဆိုသော ဒြဗ်။	la sustancia del *vinaya*; la sustancia llamada la Enseñanza del *vinaya*.	the substance of the *vinaya*; the substance called the Teaching of the *vinaya*.	ဒြဗ် (dabba/dravya) rendered 'substance'; sense uncertain
152308	vinayadhara	(၁) ဝိနည်းဓိုရ် (က) ဝိနည်းပိဋကကို ဆောင်သော သူ။ (ခ) ကမ္မဝါစာဆရာ၊ ကမ္မဝါစာကို ရွတ်ဖတ်သူ။ (၂) ဝိနယဓရသုတ် ၄-သုတ်။ (၁) (ခ)  «S1» မူရင်းကြည့်ပါ။	(1) *vinayadhara*: (a) persona que lleva el *vinayapiṭaka*. (b) maestro de *kammavācā*; el que recita la *kammavācā*. (2) el sutta *vinayadhara* (4 suttas). (1) (b) Véase [[vinayadharapañcama]]. Véase el original.	(1) *vinayadhara*: (a) person who bears the *vinayapiṭaka*. (b) teacher of the *kammavācā*; one who recites the *kammavācā*. (2) the *vinayadhara* sutta (4 suttas). (1) (b) See [[vinayadharapañcama]]. See the original.	'see the original' rendered literally
152330	vinayanattha	(၁) ဆုံးမခြင်းဟူသော အကျိုးရှိသော။ (ပု) (၂) ပယ်ဖျောက်-ဖျက်ဆီး-ခြင်း၏အကြောင်း။	(1) que tiene como propósito el amonestar. (masculino) (2) la causa del abandonar / destruir.	(1) having admonishing as its purpose. (masculine) (2) the cause of abandoning / destroying.	(1) အကျိုး rendered 'purpose' (attha), as in 19/02
152337	vinayanidānanimitta	ဝိနည်းနိဒါန်းဟူသော-အကြောင်း-နိမိတ်။ ဝိနည်းနိဒါန်း၏ အကြောင်းနိမိတ်(သျ)။	la causa / el *nimitta* que es el *nidāna* del *vinaya*. La causa-*nimitta* del *nidāna* del *vinaya* (*sya*).	the cause / *nimitta* that is the *nidāna* of the *vinaya*. The causal *nimitta* of the *nidāna* of the *vinaya* (*sya*).	'(သျ)' unclear, perhaps the genitive ending -ssa; copied
152341	vinayanissita	ဝိနည်း-၌-ကို-မှီသော။	que se apoya en / depende del *vinaya*.	resting on / depending on the *vinaya*.	hyphens alternate only the case particles ၌/ကို; rendered as two verbs
152342	vinayanupāya	(၁) ပယ်ဖျောက်-ဖျက်ဆီး-ခြင်း၏ အကြောင်း။ (၂) ဆုံးမခြင်း၏-အကြောင်း-ဥပါယ်တမျည်။	(1) la causa del abandonar / destruir. (2) la causa / el medio del amonestar.	(1) the cause of abandoning / destroying. (2) the cause / means of admonishing.	ဥပါယ်တမျည် read as ဥပါယ်တံမျဉ် 'means'
152343	vinayanūpāya	(၁) ပယ်ဖျောက်-ဖျက်ဆီး-ခြင်း၏ အကြောင်း။ (၂) ဆုံးမခြင်း၏-အကြောင်း-ဥပါယ်တမျည်။	(1) la causa del abandonar / destruir. (2) la causa / el medio del amonestar.	(1) the cause of abandoning / destroying. (2) the cause / means of admonishing.	ဥပါယ်တမျည် read as ဥပါယ်တံမျဉ် 'means'
152350	vinayapañha	ဝိနည်းကို မေးမြန်းခြင်း၊ ဝိနည်းနှင့်စပ်သော-အမေး-ပြဿနာ။	el preguntar sobre el *vinaya*; la pregunta / la cuestión relacionada con el *vinaya*.	the questioning about the *vinaya*; question / problem connected with the *vinaya*.	label တိ does not fit the noun gloss
152368	vinayapiṭaka	ဝိနည်းပိဋက -- (က) ဝိနည်းဟူသော သင်အပ်သော ပါဠိ။ (ခ) ဝိနည်းဟူသော (ထိုထိုအနက်၏) တည်ရာ။ မူရင်းကြည့်ပါ။	*vinayapiṭaka*: (a) el texto pāḷi que ha de aprenderse, que es el *vinaya*. (b) el receptáculo (de tal o cual significado) que es el *vinaya*. Véase el original.	*vinayapiṭaka*: (a) the Pāḷi to be learnt, which is the *vinaya*. (b) the repository (of this and that meaning) which is the *vinaya*. See the original.	'see the original' rendered literally
152379	vinayapucchā	(အာပတ်တို့ကို) ပယ်ဖျောက်ခြင်းကို မေးမြန်းခြင်း။	el preguntar sobre el abandono (de las *āpatti*).	the asking about the abandoning (of *āpatti*s).	ပယ်ဖျောက် of offences: abandonar kept per L103; may mean removal
152381	vinayapeyyāla	ဝိနယပေယျာလ..(က) ဝိနယဟူသော ပုဒ်ဖြင့် မှတ်အပ်သော ပေယျာလ (=သင်္ခေပစကားရပ်,အကျဉ်းစကားရပ်)။ (ခ) ဝိနယ-ဝိနယဟူသော ပုဒ်၌ ဟောအပ်သော ပေယျာလ (=သင်္ခေပစကားရပ်,အကျဉ်းစကားရပ်)။	*vinayapeyyāla*: (a) el *peyyāla* (= pasaje abreviado, pasaje resumido) señalado por la palabra *vinaya*. (b) el *peyyāla* (= pasaje abreviado, pasaje resumido) enseñado en la palabra *vinaya* *vinaya*.	*vinayapeyyāla*: (a) the *peyyāla* (= abridged passage, condensed passage) marked by the word *vinaya*. (b) the *peyyāla* (= abridged passage, condensed passage) taught at the word *vinaya* *vinaya*.	'ဝိနယ-ဝိနယ' repeated in print, kept as two words
152386	vinayamahāpadesa	ဝိနယမဟာပဒေသ--- (က) ဝိနည်း၌ ကြီးသော-တည်ရာ-ထောက်တည်ရာ။ (ခ) ဝိနည်း၌ ကြီးသော အကြောင်း၊ ကြီးသော ဝိနည်းကို ဆုံးဖြတ်ခြင်း၏ အကြောင်း။	*vinayamahāpadesa*: (a) el gran fundamento / punto de apoyo en el *vinaya*. (b) la gran razón en el *vinaya*; la razón del decidir el gran *vinaya*.	*vinayamahāpadesa*: (a) the great basis / point of support in the *vinaya*. (b) the great reason in the *vinaya*; the reason for deciding the great *vinaya*.	(b) 'ကြီးသော ဝိနည်းကို ဆုံးဖြတ်ခြင်း၏ အကြောင်း' rendered literally; 'great' may belong to 'reason'
152388	vinayamātikāpāl̤i	ဝိနည်း၏-ခေါင်းစဉ်-မာတိကာ-ပါဠိ။	el encabezamiento / la *mātikā* / el texto pāḷi del *vinaya*.	the heading / *mātikā* / Pāḷi text of the *vinaya*.	hyphen chain kept as printed; ပါဠိ probably qualifies the mātikā ('the Pāḷi of the mātikā')
152403	vinayavāritta	ဝိနယဝါရိတ္တသီလ၊ ဝိနည်း၌ (မပြုအပ်ဟု)-တားမြစ်-ပယ်-အပ်သော အမှုကို-မပြု (ရှောင်ကြဉ်)ခြင်း-မပြု (ရှောင်ကြဉ်)ကြောင်းသီလ။	*vinayavārittasīla*; el no hacer (el abstenerse de) / la *sīla* que es causa de no hacer (de abstenerse de) la acción prohibida / rechazada (como algo que no se debe hacer) en el *vinaya*.	*vinayavārittasīla*; the not doing (avoiding) / the *sīla* that is the cause of not doing (avoiding) the act forbidden / rejected (as not to be done) in the *vinaya*.	ပယ် here means prohibit/reject: rechazar / reject
152407	vinayavinicchaya	(၁) ဝိနည်းဟူသော-တရားဆုံးဖြတ်ရာအရပ်-တရားရုံးတော်-ရှိသော။ (၁) (၂) ဝိနည်းကို ဆုံးဖြတ်ကြောင်းဖြစ်သော အစီအရင်။ (၃) ဝိနည်းကို ဆုံးဖြတ်ခြင်း၊ ဝိနည်းအဆုံးအဖြတ်။ (၄) ဝိနယဝိနိစ္ဆယ (အဋ္ဌကထာ) ကျမ်း၊ ဝိနည်းကို ဆုံးဖြတ်-ရာ-ကြောင်း-ဖြစ်သော ကျမ်း။ (၅) ဝိနည်း၌ ဟောအပ်သော အကြောင်းအရာ (ထေယျသံဝါသက)ကိုဆုံးဖြတ်ခြင်း။	(1) que tiene como lugar de juicio / tribunal el *vinaya*. (1) (2) el procedimiento que es el medio de decidir el *vinaya*. (3) el decidir el *vinaya*; la decisión del *vinaya*. (4) el tratado *vinayavinicchaya* (comentario); el tratado que es el lugar / el medio de decidir el *vinaya*. (5) el decidir el asunto (*theyyasaṁvāsaka*) enseñado en el *vinaya*.	(1) having the *vinaya* as its place of judgement / court. (1) (2) the procedure that is the means of deciding the *vinaya*. (3) the deciding of the *vinaya*; the decision on the *vinaya*. (4) the treatise *vinayavinicchaya* (commentary); the treatise that is the place / means of deciding the *vinaya*. (5) the deciding of the matter (*theyyasaṁvāsaka*) taught in the *vinaya*.	stray '(၁)' before (2) kept as printed; senses (2)-(5) are nouns under label တိ
152424	vinayasaṅgaha	(၁) ပါဠိမုတ္တကဝိနိစ္ဆယတို့ကို ပေါင်းရုံး၍ ဖွင့်ပြရာဖြစ်သော ကျမ်း၊ ဝိနယသင်္ဂဟအဋ္ဌကထာ။ (၂) ဝိနည်းကို သံဂါယနာတင်ရာ (ကာလ)။ (၂) အောက်ပုဒ်ကြည့်။	(1) tratado que es el lugar de la explicación, reuniéndolas, de las *pāl̤imuttakavinicchaya*; el comentario *vinayasaṅgaha*. (2) (el tiempo) en que se recita el *vinaya* en la *saṅgāyanā*. (2) Véase la entrada siguiente.	(1) the treatise that is the place of explaining, gathered together, the *pāl̤imuttakavinicchaya*; the *vinayasaṅgaha* commentary. (2) (the time) at which the *vinaya* is recited at the *saṅgāyanā*. (2) See the next headword.	'see the next headword' (အောက်ပုဒ်ကြည့်) left in the Burmese
152434	vinayasiddha	ဝိနည်း-ဖြင့်-၌-ပြီးစီး-ပြီးမြောက်-သော (အနက်)။	(el significado) consumado / cumplido por / en el *vinaya*.	(the meaning) accomplished / achieved by / in the *vinaya*.	hyphens alternate the case particles ဖြင့်/၌
152452	vinayitvā	(၁) ဆုံးမတော်မူ၍။ (၂) ပယ်ဖျောက်၍။	(1) habiendo amonestado. (2) habiendo abandonado.	(1) having admonished. (2) having abandoned.	honorific တော်မူ not rendered
152454	vinayissati	(သူ) ပယ်ဖျောက်-အံ့-လတ္တံ့-နိုင်လိမ့်မည်။	(él) abandonará / podrá abandonar.	(he) will abandon / will be able to abandon.	the two future endings -အံ့-လတ္တံ့ rendered once
152455	vinayī	(၁) ဆုံးမတော်မူပြီ။ (၂) ပယ်ဖျောက်တော်မူပြီ။	(1) amonestó. (2) abandonó.	(1) admonished. (2) abandoned.	honorific တော်မူ not rendered
152464	vinassa	ပျက်စီးခြင်း။ «S1»	el perecer. Véase [[vinassadhamma]].	the perishing. See [[vinassadhamma]].	verbal noun under label ကြိ
152468	vinassatu	ပျက်စီး-ပျောက်ပျက်-စေလော၊ ပျက်စီး-ပျောက်ပျက်-ပါစေ။ ဝိနဿ(၂) (၁) အနက်ကြည့်။	que perezca / se desvanezca; ojalá perezca / se desvanezca. Véase [[vinassa]] (2), sentido (1).	may it perish / vanish; may it perish / vanish. See [[vinassa]] (2), sense (1).	…လော under an imperative headword (-tu) read as imperative လော့ (misprint); 'see X' left in the Burmese
152469	vinassatha	ပျက်စီးစေကုန်လော။	pereced.	perish (all of you).	…လော under an imperative headword (-tha) read as imperative လော့ (misprint)
152471	vinassana	(၁) ပျက်စီး-ပျောက်ကွယ်-တတ်သော။ (န) (၂) ပျက်စီး-ပျောက်ကွယ်-ခြင်း။ (၁) အောက်ပုဒ်ထောင့်ကွင်းကြည့်။	(1) que suele perecer / desaparecer. (neutro) (2) el perecer / desaparecer. (1) Véanse los corchetes de la entrada siguiente.	(1) apt to perish / vanish. (neuter) (2) the perishing / vanishing. (1) See the square brackets of the next headword.	'see the square brackets of the next headword' rendered literally
152476	vinassanadhamma	အောက်ပုဒ်ကြည့်။	Véase la entrada siguiente.	See the next headword.	'see the next headword' left in the Burmese
152480	vinassantu	ပျက်စီး-ပျောက်ပျက်-စေကုန်လော။	que perezcan / se desvanezcan.	may they perish / vanish.	…လော under an imperative headword (-ntu) read as imperative လော့ (misprint)
152483	vinassassu	(သင်) ပျက်စီးစေသတည်း။ ပျက်စီးပါလော။	(tú) que perezcas; perece.	(you) may you perish; perish.	…လော under an imperative headword (-ssu) read as imperative လော့ (misprint)
152491	vinassissati	ပျက်စီး-အံ့-လတ္တံ့-လိမ့်မည်။	perecerá.	will perish.	three future endings -အံ့-လတ္တံ့-လိမ့်မည် rendered once
152492	vinassissatha	ပျက်စီးကုန်-အံ့-လတ္တံ့-လိမ့်မည်။	perecerán.	will perish.	three future endings -အံ့-လတ္တံ့-လိမ့်မည် rendered once; Burmese unmarked for person, 3rd person written though -ssatha is 2nd plural
152493	vinassissanti	ပျက်စီးကုန်-အံ့-လတ္တံ့-လိမ့်မည်။	perecerán.	will perish.	three future endings -အံ့-လတ္တံ့-လိမ့်မည် rendered once
152494	vinassissāma	(ငါတို့) ပျက်စီးကုန်-အံ့-လတ္တံ့-လိမ့်မည်။	(nosotros) pereceremos.	(we) shall perish.	three future endings -အံ့-လတ္တံ့-လိမ့်မည် rendered once
152495	vinassissāmi	(ငါ) ပျက်စီး-အံ့-လတ္တံ့-လိမ့်မည်။	(yo) pereceré.	(I) shall perish.	three future endings -အံ့-လတ္တံ့-လိမ့်မည် rendered once
152497	vinal̤īkata	(၁) ကင်းသော မာနဟူသော ကျူးရိုးရှိသည်ကို ပြုအပ်သော၊ မာနဟူသော ကျူရိုးကို-ကင်းအောင် ပြု-ဖြတ်တောက်-ပြီးသော။ (၂) ကင်းသော အနှောင်အဖွဲ့ရှိသည်ကို ပြုအပ်သော၊ အနှောင်အဖွဲ့-ကင်း-မရှိ-အောင်ပြုပြီးသော။ (၃) အရွက်ကင်းသည့် ရိုးတံကျန်အောင် ပြုအပ်သော။ (၄) အမြစ်အရင်းမရှိအောင် ပြုအပ်သော။	(1) hecho de modo que tiene quitado el tallo de caña que es el *māna*; que ha librado del / cortado el tallo de caña que es el *māna*. (2) hecho de modo que queda sin ataduras; que ha hecho que las ataduras queden suprimidas / no existan. (3) hecho de modo que quede el tallo sin hojas. (4) hecho de modo que no tenga raíz.	(1) made to have the reed-stalk that is *māna* removed; who has freed of / cut off the reed-stalk that is *māna*. (2) made to be without bonds; who has made the bonds removed / non-existent. (3) made so that the stalk remains without leaves. (4) made to have no root.	(1) ကျူးရိုး/ကျူရိုး 'reed-stalk' (naḷa) spelt two ways
152498	vinā	(၁) (ကို) ကြဉ်၏။ (၂) (နှင့်-မှ) ကင်း၍။ (မပါဘဲ-မရှိဘဲ)။ (၃) ကွေကွင်း-ကွဲကွာ-သော။	(1) (con acusativo) excluye. (2) (con instrumental / ablativo) libre de; (sin incluir / sin haber). (3) apartado / separado.	(1) (with the accusative) excludes. (2) (with the instrumental / ablative) free from; (without including / without there being). (3) set apart / separated.	case particles (ကို), (နှင့်-မှ) rendered as case names
152499	vināti	(၁) (ရက်ကန်း) ရက်၏။ (၂) (ရက်ကန်း) ရက်ဟန်ဆောင်၏။	(1) teje (en el telar). (2) hace ademán de tejer (en el telar).	(1) weaves (on the loom). (2) makes as if to weave (on the loom).	(2) ရက်ဟန်ဆောင် 'feigns / mimes weaving': sense unsure
152506	vinābhāvasanta	ထင်ရှားရှိ-ထင်ရှားဖြစ်ပော်နေ-သော-ကွေကွင်း-ကွဲကွာ-ခြင်း။	el apartamiento / la separación que existe manifiestamente / que se da manifiestamente.	the parting / separation that manifestly exists / is manifestly occurring.	ဖြစ်ပော်နေ read as ဖြစ်ပေါ်နေ (misprint)
152508	vināma	ညွတ်-ကိုင်း-ညွတ်-ခြင်း။	el inclinarse / el doblegarse.	the bending / bowing down.	'ညွတ်-ကိုင်း-ညွတ်' read as ညွတ်-ကိုင်းညွတ် (cf. 152510)
152513	vināyaka	(၁) ဘုရားသခင် --(က) သတ္တဝါတို့ကို ဆုံးမတတ်သော ပုဂ္ဂိုလ်။ (ခ) ရှေ့သွားခေါင်းဆောင်မရှိသော ပုဂ္ဂိုလ်။ (ဂ) အထူးသဖြင့် (သတ္တဝါတို့ကို နိဗ္ဗာန်သို့) ပို့ဆောင်တတ်သော ပုဂ္ဂိုလ်။ (ဃ) သတ္တဝါတို့ကို ထူးသော နိဗ္ဗာန်သို့ ပို့ဆောင်တတ်သော ပုဂ္ဂိုလ်။ (၂) ရှေ့ဆောင်၊ ခေါင်းဆောင်၊ အကြီးအမှူး၊ ဆုံးမ-သင်ပြ-တတ်သော ဆရာ။ (၃) ဂဠုန်။	(1) el Señor Buddha: (a) la persona que suele amonestar a los seres. (b) la persona que no tiene guía ni líder que la preceda. (c) la persona que suele conducir de modo especial (a los seres a Nibbāna). (d) la persona que suele conducir a los seres al excelso Nibbāna. (2) guía; líder; jefe; maestro que suele amonestar / instruir. (3) *garuḷa*.	(1) the Lord Buddha: (a) the person apt to admonish beings. (b) the person who has no guide or leader going before. (c) the person apt to lead in a special way (beings to Nibbāna). (d) the person apt to lead beings to the excellent Nibbāna. (2) guide; leader; chief; teacher apt to admonish / instruct. (3) *garuḷa*.	ဘုရားသခင် here the Buddha
152519	vināsakara	အောက်ပုဒ်ကြည့်။	Véase la entrada siguiente.	See the next headword.	'see the next headword' left in the Burmese
152542	vināsanavacana	ဖျက်ဆီးခြင်းကို ဟောတော်မူခြင်း။	el enseñar sobre la destrucción.	the teaching about destruction.	honorific ဟောတော်မူ (the Buddha's teaching) not rendered
152554	vināsamukha	(၁) ပျက်စီး-ဆုံးရှုံး-ခြင်းဟူသော အကြောင်း။	(1) la causa que es el perecer / perderse.	(1) the cause that is perishing / loss.	sense (1) printed with no (2)
152556	vināsamegha	ကမ္ဘာဖျက်မိုး၊ (ကမ္ဘာကို) ဖျက်ဆီးတတ်သော မိုး။	la lluvia destructora del mundo; la lluvia que suele destruir (el mundo).	the world-destroying rain; the rain apt to destroy (the world).	ကမ္ဘာ rendered 'world' (the world destroyed at the end of the kappa)
152557	vināsaya	ပျက်စီးစေလော၊ ဖျက်ဆီးလော။	haz perecer; destruye.	cause to perish; destroy.	…လော under an imperative headword (-aya) read as imperative လော့ (misprint)
152579	vināsāvaha	ပျက်စီး-ဆုံးရှုံး-ခြင်းကို ရွက်ဆောင်ခြင်း။	el acarrear el perecer / la pérdida.	the bringing of perishing / loss.	noun gloss under label ပု for a -vaha adjective
152583	vināsita	(၁) (က) ပျက်စီးစေ-ဖျက်ဆီး-အပ်သော။ (ခ) ပျက်စီးခြင်းသို့ ရောက်သော။ (၂) ပျက်စီးစေ-ဖျက်ဆီး-ရာ (အချိန်-အခါ-ကာလ)။ (၂) အောက်ပုဒ်ကြည့်။	(1) (a) hecho perecer / destruido. (b) que ha llegado al perecer. (2) (el tiempo / el momento / la ocasión) en que se hace perecer / se destruye. (2) Véase la entrada siguiente.	(1) (a) caused to perish / destroyed. (b) that has come to perishing. (2) (the time / moment / occasion) at which one causes to perish / destroys. (2) See the next headword.	'see the next headword' left in the Burmese
152597	vināsetha	ပျက်စီးစေ-ဖျက်ဆီး-ကုန်လော။	haced perecer / destruid.	cause to perish / destroy (all of you).	…လော under an imperative headword (-tha) read as imperative လော့ (misprint)
152607	vināsessati	ပျက်စီးစေ-ဖျက်ဆီး-အံ့-လတ္တံ့-လိမ့်မည်။	hará perecer / destruirá.	will cause to perish / destroy.	three future endings -အံ့-လတ္တံ့-လိမ့်မည် rendered once
152608	vināsessāma	(ငါတို့) ပျက်စီးစေ-ဖျက်ဆီး-ကုန်-အံ့-လတ္တံ့-လိမ့်မည်။	(nosotros) haremos perecer / destruiremos.	(we) shall cause to perish / destroy.	three future endings -အံ့-လတ္တံ့-လိမ့်မည် rendered once
152609	vināsessāmi	(ငါ) ပျက်စီးစေ-ဖျက်ဆီး-ပယ်ဖျောက်-ကွယ်ပျောက်စေ-အံ့-လတ္တံ့-လိမ့်မည်။	(yo) haré perecer / destruiré / abandonaré / haré desaparecer.	(I) shall cause to perish / destroy / abandon / cause to vanish.	three future endings -အံ့-လတ္တံ့-လိမ့်မည် rendered once
152610	vināsehi	ပျက်စီးစေ-ဖျက်ဆီး-လော။	haz perecer / destruye.	cause to perish / destroy.	…လော under an imperative headword (-hi) read as imperative လော့ (misprint)
152611	vināhi	(ရက်ကန်း) ရက်လော။ «S1»	teje (en el telar). Véase [[vināti]].	weave (on the loom). See [[vināti]].	…လော under an imperative headword (-hi) read as imperative လော့ (misprint)
152614	vinigilati	အထူးထူး အပြားပြား-လျောကျ-သက်ဆင်း-၏။ အောက်ပုဒ်ကြည့်။	se desliza / desciende de diversos modos. Véase la entrada siguiente.	slides down / descends in various ways. See the next headword.	'see the next headword' left in the Burmese
152616	vinigūhitabba	အထူးသဖြင့် လျှူိ့ဝှက်-အပ်-သင့်-ထိုက်-သော။	que debe / conviene / merece ser especialmente ocultado.	that ought / is fit / deserves to be especially concealed.	လျှူိ့ဝှက် read as လျှို့ဝှက် (misprint)
152618	viniggaṇhāti	အထူး-နှိပ်ကွပ်-ထိန်းချုပ်-ချုပ်ကိုင်-၏။ အောက်ပုဒ်ကြည့်။	reprime / controla / sujeta especialmente. Véase la entrada siguiente.	especially suppresses / controls / restrains. See the next headword.	'see the next headword' left in the Burmese
152619	viniggaṇhitvā	အထူး-နှိပ်ကွ-ထိန်းချုပ်-ချုပ်ကိုင်-၍။	habiendo reprimido / controlado / sujetado especialmente.	having especially suppressed / controlled / restrained.	နှိပ်ကွ read as နှိပ်ကွပ် (misprint)
152622	viniggama	(၁) ထွက်-ကျွတ်လွတ်-ခြင်း။ (၂) ထွက်ရာ-ကျွတ်လွတ်ရာ (အရပ်)။ (၂) အောက်ပုဒ်ကြည့်။	(1) el salir / liberarse. (2) (el lugar) de salida / de liberación. (2) Véase la entrada siguiente.	(1) the going out / getting free. (2) (the place) of going out / of getting free. (2) See the next headword.	'see the next headword' left in the Burmese
152624	viniggalanta	အန်ထုတ်-ထွက်စေ-တတ်သော၊ အန်-ထွက်က-စေတတ်သော။	que suele vomitar / hacer salir; que suele hacer vomitar / salir.	apt to vomit / expel; apt to cause to vomit / come out.	'ထွက်က' in (2) unclear, read as ထွက်
152630	vinighātī	အထူးထူး အပြားပြား ပင်ပန်းခြင်းရှိသော၊ အထူးထူး အပြားပြား ပင်ပန်းခြင်းရှိသော။	que tiene fatiga de diversos modos; que tiene fatiga de diversos modos.	having weariness in various ways; having weariness in various ways.	the gloss is printed twice
152632	vinicchaya	(၁) ဆုံးဖြတ်တတ်သော-- (က) ဉာဏ်။ (ခ) တရားသူကြီး။ (ဂ) ဝိမတိစ္ဆေဒကထာ။ (၂) အထူးထူး အပြားပြားသော အခြင်းအရာသို့ တင်တတ်သော (က) တဏှာ။ (ခ) ဒိဋ္ဌိ။ (၃) ဆုံးဖြတ်အပ်သော -- (က) ဝိမတိစ္ဆေဒကထာ။ (ခ) အနက် (အဆုံးအဖြတ်)။ (ဂ) မိစ္ဆာဒိဋ္ဌိ၊ မိစ္ဆာအယူ။ (ဃ) ချမ်းသာ၊ သုခ။ (၄) အထူးအားဖြင့်-အထူးထူး အပြားပြားသော အခြင်းအရာအားဖြင့်-ဝေဖန်အပ်သော၊ ကျမ်းဂန်။ (၅) ဆုံးဖြတ်ကြောင်းဖြစ်သော--(က) ဝိမတိစ္ဆေဒကထာ။ (ခ) အဋ္ဌကထာ။ (ဂ) ဉာဏ်။ (ဃ) တဏှာ။ (င) ဒိဋ္ဌိ။ (စ) ဝိတက်။ (ဆ) တရားဥပဒေ၊ စည်းကမ်း။ (ဇ) တရား၊ တရားတဘောင်၊ အမှုအခင်း၊ အဓိကရုဏ်း။ (၆) တရားရုံး၊ (တရား) ဆုံးဖြတ်-စီရင်-ရာဌာန။ (၇) (က) (တရား) စီရင်-ဆုံးဖြတ်-ခြင်း။ (ခ) (တရား) စီရင်-ဆုံးဖြတ်-ခြင်းသို့ ရောက်စေခြင်း။ (၈) တရားစွဲခြင်း၊ အမှုအခင်းကို တိုင်ကြားခြင်း။ (၉) စူးစမ်းဆင်ခြင်ခြင်း။ မူရင်းကြည့်ပါ။	(1) que suele decidir: (a) el conocimiento. (b) el juez. (c) *vimaticchedakathā*. (2) que suele llevar a modos diversos: (a) *taṇhā*. (b) *diṭṭhi*. (3) lo que es decidido: (a) *vimaticchedakathā*. (b) el significado (la decisión). (c) *micchādiṭṭhi*; opinión errónea. (d) bienestar; *sukha*. (4) examinado de modo especial / de diversos modos (dicho de un tratado). (5) que es causa de decidir: (a) *vimaticchedakathā*. (b) el comentario. (c) el conocimiento. (d) *taṇhā*. (e) *diṭṭhi*. (f) *vitakka*. (g) la ley, el precepto; la norma. (h) la ley; el litigio; el caso judicial; el *adhikaraṇa*. (6) tribunal; el lugar donde se decide / juzga (un caso). (7) (a) el juzgar / decidir (un caso). (b) el llevar a juicio / decisión (un caso). (8) el entablar un pleito; el denunciar un caso. (9) el investigar y reflexionar. Véase el original.	(1) apt to decide: (a) knowledge. (b) a judge. (c) *vimaticchedakathā*. (2) apt to lead into various modes: (a) *taṇhā*. (b) *diṭṭhi*. (3) what is decided: (a) *vimaticchedakathā*. (b) meaning (the decision). (c) *micchādiṭṭhi*; wrong view. (d) well-being; *sukha*. (4) examined in a special way / in various ways (said of a treatise). (5) that is the cause of deciding: (a) *vimaticchedakathā*. (b) the commentary. (c) knowledge. (d) *taṇhā*. (e) *diṭṭhi*. (f) *vitakka*. (g) law, precept; regulation. (h) law; lawsuit; legal case; *adhikaraṇa*. (6) court; the place where (a case) is decided / judged. (7) (a) the judging / deciding (of a case). (b) the bringing (of a case) to judgement / decision. (8) the bringing of a lawsuit; the reporting of a case. (9) the investigating and reflecting. See the original.	'see the original' rendered literally; (4) '၊ ကျမ်းဂန်' read as the …သော၊ X formula; (5h) တရားတဘောင် read as 'lawsuit'
152646	vinicchayattha	(၁) (တရား) စီရင်-ဆုံးဖြတ်-ခြင်းဟူသော အကျိုး။ (၂) အဆုံးအဖြတ်သို့ ရောက်စေခြင်းဟူသော အကျိုး။	(1) el propósito que es juzgar / decidir (un caso). (2) el propósito que es llevar a una decisión.	(1) the purpose that is judging / deciding (a case). (2) the purpose that is bringing to a decision.	အကျိုး rendered 'purpose' (attha), as in 19/02
152657	vinicchayapariggahaṇa	အဆုံးအဖြတ်ကို-သိမ်းဆည်း-စူးစူမ်း-ဆင်ခြင်-၍ယူခြင်း။	el tomar la decisión tras recogerla / examinarla / reflexionarla.	the taking up of the decision having gathered / examined / reflected on it.	စူးစူမ်း read as စူးစမ်း (misprint)
152663	vinicchayamahāmacca	အောက်ပုဒ်ကြည့်။	Véase la entrada siguiente.	See the next headword.	'see the next headword' left in the Burmese
152673	vinicchayasabhā	တရား-စီရင်-ဆုံးဖြတ်-ရာ-သဘင်-အစည်း-အဝေး-တရားရုံး။	la asamblea / la reunión / el tribunal donde se juzga / decide (un caso).	the assembly / meeting / court where (a case) is judged / decided.	'သဘင်-အစည်း-အဝေး' read as သဘင် / အစည်းအဝေး
152682	vinicchayānuloma	အဆုံးအဖြတ်-အား-နှင့်-လျော်-သင့်လျော်-လျောက်ပတ်-သော။	conforme / apropiado / adecuado a la decisión.	conforming / suited / fitting to the decision.	hyphens alternate the case particles အား/နှင့်; rendered once
152683	vinicchayānulomasandhi	အဆုံးအဖြတ်-အား-နှင့်-လျော်-သင့်လျော်-လျောက်ပတ်-စွာ ဆက်စပ်ခြင်း။ «S1»	el conectar de modo conforme / apropiado / adecuado a la decisión. Véase [[vinicchayānuloma]].	the connecting in a way conforming / suited / fitting to the decision. See [[vinicchayānuloma]].	hyphens alternate the case particles အား/နှင့်; rendered once
152684	vinicchayānusandhi	(၁) (အာပတ်သင့်,မသင့်) အဆုံးအဖြတ်-အား-နှင့်-လျော်စွာ-ဆက်စပ်-စပ်သွယ်-သော။ (၂) (အာပတ်သင့်,မသင့်) အဆုံးအဖြတ်နှင့်စပ်သော။ (၁) အောက်ပုဒ်ကြည့်။	(1) que se conecta / enlaza de modo conforme a la decisión (de si se incurre o no en *āpatti*). (2) relacionado con la decisión (de si se incurre o no en *āpatti*). (1) Véase la entrada siguiente.	(1) connecting / linking in conformity with the decision (on whether an *āpatti* is incurred or not). (2) connected with the decision (on whether an *āpatti* is incurred or not). (1) See the next headword.	hyphens alternate the case particles အား/နှင့်; rendered once; 'see the next headword' left in the Burmese
152685	vinicchayānusandhivacana	(အာပတ်သင့်,မသင့်) အဆုံးအဖြတ်-အား-နှင့်-လျော်စွာ-ဆက်စပ်-စပ်သွယ်-သော စကား။	palabras que se conectan / enlazan de modo conforme a la decisión (de si se incurre o no en *āpatti*).	words connecting / linking in conformity with the decision (on whether an *āpatti* is incurred or not).	hyphens alternate the case particles အား/နှင့်; rendered once
152693	vinicchariṁsu	အထူးထူး အပြားပြား-ထွက်-ဖြာထွက်-ကုန်ပြု။	salieron / irradiaron de diversos modos.	went out / radiated in various ways.	ကုန်ပြု read as ကုန်ပြီ (misprint)
152694	vinicchita	(၁) စီရင်-ဆုံးဖြတ်-ဖြေရှင်း-အပ်သော။ (၂) စီရင်-ဆုံးဖြတ်-ဖြေရှင်း-ရာ(အခါ)။ (၂) အောက်ပုဒ်ကြည့်။	(1) juzgado / decidido / resuelto. (2) (el tiempo) en que se juzga / decide / resuelve. (2) Véase la entrada siguiente.	(1) judged / decided / resolved. (2) (the time) at which one judges / decides / resolves. (2) See the next headword.	'see the next headword' left in the Burmese
152707	vinicchinatha	စီရင်-ဆုံးဖြတ်-ဖြေရှင်းကြကုန်လော။	juzgad / decidid / resolved.	judge / decide / resolve (all of you).	…လော under an imperative headword (-tha) read as imperative လော့ (misprint)
152717	vinicchināpehi	စီရင်-ဆုံးဖြတ်-ဖြေရှင်း-စေလော။	haz juzgar / decidir / resolver.	cause to judge / decide / resolve.	…လော under an imperative headword (-hi) read as imperative လော့ (misprint)
152718	vinicchināhi	စီရင်-ဆုံးဖြတ်-ဖြေရှင်း-လော။	juzga / decide / resuelve.	judge / decide / resolve.	…လော under an imperative headword (-hi) read as imperative လော့ (misprint)
152723	vinicchinitabba	ဆုံးဖြတ်-ဖြေရှင်း-အပ်သည်၏ အဖြစ်။	el hecho de ser decidido / resuelto.	the state of being decided / resolved.	abstract-noun gloss under a -tabba headword labelled တိ
152728	vinicchinissati	စီရင်-ဆုံးဖြတ်-ဖြေရှင်း-အံ့-လတ္တံ့-လိမ့်မည်။	juzgará / decidirá / resolverá.	will judge / decide / resolve.	three future endings -အံ့-လတ္တံ့-လိမ့်မည် rendered once
152729	vinicchinissanti	စီရင်-ဆုံးဖြတ်-ဖြေရှင်း-ကုန်-အံ့-လတ္တံ့-လိမ့်မည်။	juzgarán / decidirán / resolverán.	will judge / decide / resolve.	three future endings -အံ့-လတ္တံ့-လိမ့်မည် rendered once
152730	vinicchinissāma	(ငါတို့) စီရင်-ဆုံးဖြတ်-ဖြေရှင်း-ကုန်-အံ့-လတ္တံ့-လိမ့်မည်။	(nosotros) juzgaremos / decidiremos / resolveremos.	(we) shall judge / decide / resolve.	three future endings -အံ့-လတ္တံ့-လိမ့်မည် rendered once
152734	vinicchineyyātha	စီရင်-ဆုံးဖြတ်-ဖြေရှင်း-ကုန်ရာ၏။	juzgarían / decidirían / resolverían.	(they) would judge / decide / resolve.	headword is 2nd pl. (-eyyātha); the Burmese marks no person, rendered 3rd pl.
152765	vinipāta	(၁) ဖောက်ပြန်,ပျက်စီး၍ကျခြင်း။ (၂) အလိုမရှိဘဲ-ဖောက်ပြန်,ပျက်စီး၍ ကျရာ (အပါယ်ဘုံ)။ (၃) (က) ဖောက်ပြန်,ပျက်စီး၍ ကျကြောင်းဖြစ်သော (အကျင့်,အကုသိုလ်ကံ)။ (ခ) ဖောက်ပြန်,ပျက်စီး၍ ကျစေတတ်သော။ (၄) ပျက်စီးစေ-ဖျက်ဆီး-ခြင်း။ (၅) ဝိနိပါတ-သဒ္ဒါ။ (၁) ဖောက်ပြန်,ပျက်စီး၍ ကျခြင်း။ (၅)  «S1»	(1) el caer tras pervertirse y arruinarse. (2) el lugar al que se cae sin desearlo / tras pervertirse y arruinarse (el *bhūmi* de *apāya*). (3) (a) que es causa de caer tras pervertirse y arruinarse (la conducta, el *kamma* insano). (b) que suele hacer caer tras pervertirse y arruinarse. (4) el hacer perecer / destruir. (5) la palabra *vinipāta*. (1) el caer tras pervertirse y arruinarse. (5) Véase [[vinipātaggasahaṇa]].	(1) falling, having gone wrong and been ruined. (2) the place into which one falls unwillingly / having gone wrong and been ruined (the *apāya* *bhūmi*). (3) (a) that is the cause of falling, having gone wrong and been ruined (conduct, unwholesome *kamma*). (b) apt to make one fall, having gone wrong and been ruined. (4) causing to perish / destroying. (5) the word *vinipāta*. (1) falling, having gone wrong and been ruined. (5) See [[vinipātaggasahaṇa]].	print repeats '(1) … (5)' after sense (5), apparently a cross-reference section; kept as printed
152770	vinipātadhamma	ဖောက်ပြန်,ပျက်စီး၍ ကျခြင်းသဘော။ အောက်ပုဒ်ကြည့်။	la naturaleza de caer tras pervertirse y arruinarse. Véase la entrada siguiente.	the nature of falling, having gone wrong and been ruined. See the following headword.	'see the word below' (အောက်ပုဒ်ကြည့်) left in the Burmese
152772	vinipātana	(၁) ဖောက်ပြန်,ပျက်စီး၍ ကျခြင်း။ (၂) ပျက်စီးစေ-ဖျက်ဆီး-ခြင်း။ (တိ) (၃) ဖောက်ပြန်,ပျက်စီး၍ ကျစေတတ်သော။ (၃) အောက်ပုဒ်ကြည့်။	(1) el caer tras pervertirse y arruinarse. (2) el hacer perecer / destruir. (adjetivo) (3) que suele hacer caer tras pervertirse y arruinarse. (3) Véase la entrada siguiente.	(1) falling, having gone wrong and been ruined. (2) causing to perish / destroying. (adjective) (3) apt to make one fall, having gone wrong and been ruined. (3) See the following headword.	'(3) see the word below' left in the Burmese; sense number repeated
152775	vinipātabhaya	ဖောက်ပြန်,ပျက်စီး၍ ကျရာဖြစ်သော အပါယ်လေး။	los cuatro *apāya*, que son el lugar al que se cae tras pervertirse y arruinarse.	the four *apāya*, which are the place into which one falls, having gone wrong and been ruined.	headword ends in -bhaya (fear) but the definition names only the four apāya
152779	vinipātika	(၁) ဖောက်ပြန်,ပျက်စီး၍ ကျခြင်းရှိသော (အပါယ်ဘုံသား)။ (၂) (မိမိကိုယ်ကို အပါယ်ဘုံ၌) ဖောက်ပြန်,ပျက်စီး၍ ကျစေတတ်သော (ဒုဿီလပုဂ္ဂိုလ်)။ (၃) (အပါယ်၌) ဖြစ်-ကျ-ခြင်းမရှိသော (စတုမဟာရာဇ်နတ်အမျိုးအစား ဝေမာနိကပြိတ္တာ)။ မူရင်းကြည့်ပါ။	(1) (el habitante del *bhūmi* de *apāya*) que tiene el caer tras pervertirse y arruinarse. (2) (la persona inmoral) que suele hacer caer (a sí misma en el *bhūmi* de *apāya*) tras pervertirse y arruinarse. (3) (los *vemānikapeta*, de la clase de los *deva* *cātumahārājika*) que no tienen el surgir / caer (en el *apāya*). Véase el original.	(1) (a denizen of the *apāya* *bhūmi*) subject to falling, having gone wrong and been ruined. (2) (an immoral person) apt to make (himself) fall (into the *apāya* *bhūmi*), having gone wrong and been ruined. (3) (the *vemānikapeta*, of the class of the *cātumahārājika* *deva*) not subject to arising / falling (in the *apāya*). See the original.	ဒုဿီလပုဂ္ဂိုလ် translated 'immoral person'; 'see the original' rendered literally
152783	vinipātetuṁ	အလိုမရှိဘဲ-ဖောက်ပြန်,ပျက်စီ၍-ကျစေခြင်းငှါ၊ ပျက်စီးစေ-ဖျက်ဆီး-ခြင်းငှါ။	para hacer caer sin desearlo / tras pervertirse y arruinarse; para hacer perecer / destruir.	in order to make (one) fall unwillingly / having gone wrong and been ruined; in order to cause to perish / destroy.	ပျက်စီ read as ပျက်စီး (misprint)
152789	vinibaddha	(၁) အထူးသဖြင့်-ဖွဲ့စပ်-နှောင်ဖွဲ့-ချည်တုပ်-အပ်သော။ (၂) အထူးထူး အပြားပြားသော အခြင်းအရာအားဖြင့်-ဖွဲ့စပ်-နှောင်ဖွဲ့-ချည်တုပ်-အပ်သော။ (၃) အထူးထူးသော အာရုံ၌ ဖွဲ့စပ်သော။ (၄) ဖွဲ့အပ်သော မာနဖြင့် ခက်ထန်သော စိတ်ရှိသော။ (၅) ဖောက်ပြန်စွာ-ဖွဲ့စပ်-နှောင်ဖွဲ့-ချည်တုပ်-အပ်သော။ (၆) (က) ဖောက်ပြန်စွာ-ဖွဲ့စပ်-နှောင်ဖွဲ့-ချည်တုပ်-အပ်သော။ (ခ) လွတ်ခြင်းငှါ မပေးခြင်း၏ အစွမ်းအားဖြင့် ပိုင်းခြားမှတ်သား၍-ဖွဲ့စပ်-နှောင်ဖွဲ့-ချည်တုပ်-အပ်သော။ (၇) ဖွဲ့-စပ်-သော။	(1) especialmente ligado / atado / amarrado. (2) ligado / atado / amarrado de modos diversos y variados. (3) que se liga a objetos diversos. (4) que tiene la mente endurecida por el *māna* que liga. (5) ligado / atado / amarrado de manera pervertida. (6) (a) ligado / atado / amarrado de manera pervertida. (b) ligado / atado / amarrado tras delimitar y señalar, en virtud de no dejarlo libre. (7) que liga / une.	(1) especially bound / tied / fastened. (2) bound / tied / fastened in diverse and various ways. (3) that binds itself to diverse objects. (4) having a mind hardened by binding *māna*. (5) perversely bound / tied / fastened. (6) (a) perversely bound / tied / fastened. (b) bound / tied / fastened, having been delimited and marked, by way of not letting it go free. (7) binding / joining.	no label; (4) ဖွဲ့အပ်သော မာန ('conceit that is bound') read as 'binding conceit'
152792	vinibaddhavatthu	ဖွဲ့စပ်အပ်သော ဝတ္ထု။	el objeto ligado.	the bound object.	no label; ဝတ္ထု rendered 'object'; 'story' also possible
152805	vinibujjhati	အထူးသဖြင့် အကြွင်းမရှိ သိ၏။ အောက်ပုဒ်ကြည့်။	conoce especialmente, sin resto. Véase la entrada siguiente.	knows especially, without remainder. See the following headword.	'see the word below' left in the Burmese
152810	vinibbiddha	ထုတ်ချင်းထွင်း-ထွင်းဖောက်-အပ်သော။ အောက်ပုဒ်ကြည့်။	atravesado de parte a parte / perforado. Véase la entrada siguiente.	pierced right through / perforated. See the following headword.	'see the word below' left in the Burmese
152816	vinibbedha	(စက်ဝိုင်း၏) အချဉ်းမျဉ်း။	el diámetro (del círculo).	the diameter (of a circle).	အချဉ်းမျဉ်း read as အချင်းမျဉ်း 'diameter' (misprint)
152833	vinibhindati	ဖောက်ထွင်း-ဖောက်ခွဲ-၏။ အောက်ပုဒ်ကြည့်။	horada / revienta. Véase la entrada siguiente.	breaks through / bursts open. See the following headword.	'see the word below' left in the Burmese
152837	vinibhuñjati	(၁) သုံးဆောင်-ခံစား-၏။ (၂) သုံးစွဲ-အသုံးပြု-၏။ (၃) အသီးအသီးပြု-ခွဲခြမ်း-ဝေဖန်-၏။ (၃) အောက်ပုဒ်ကြည့်။	(1) consume / disfruta. (2) emplea / usa. (3) separa uno a uno / parte / divide. (3) Véase la entrada siguiente.	(1) consumes / enjoys. (2) employs / uses. (3) separates one by one / splits / divides. (3) See the following headword.	'(3) see the word below' left in the Burmese
152845	vinimutta	(၁) လွတ်-လွတ်မြောက်-ကင်းလွတ်-သော။ (၂) လွတ်-လွတ်မြောက်-ကင်းလွတ်-ရာ။ (၃) လွတ်ပြီးသော။ (၄) လွှတ်အပ်ပြီးသော။ (၂) အောက်ပုဒ်ကြည့်။ (၃) (၄)  «S1»	(1) que se libra / se libera / queda libre. (2) el lugar donde uno se libra / se libera / queda libre. (3) ya libre. (4) ya soltado. (2) Véase la entrada siguiente. (3) (4) Véase [[vinimuttasaṅkhāra]].	(1) that is freed / released / free. (2) the place where one is freed / released / becomes free. (3) already free. (4) already let go. (2) See the following headword. (3) (4) See [[vinimuttasaṅkhāra]].	no label; '(2) see the word below' left in the Burmese
152850	vinimoceti	လွတ်-လွတ်မြောက်-ကင်းလွတ်-စေ၏။ အောက်ပုဒ်ကြည့်။	hace librarse / libera / deja libre. Véase la entrada siguiente.	causes to be freed / releases / sets free. See the following headword.	'see the word below' left in the Burmese
152858	viniyuñjituṁ	ယှဉ်စပ်-ဆက်သွယ်-အသုံးပြု-ခံစား-ခြင်းငှါ။ အောက်ပုဒ်ကြည့်။	para unir / conectar / usar / disfrutar. Véase la entrada siguiente.	in order to join / connect / use / enjoy. See the following headword.	'see the word below' left in the Burmese
152862	viniyoga	(၁) ယှဉ်စပ်-ဆက်သွယ်-သုံးဆောင်-သုံးစွဲ-အသုံးပြု-ခြင်း။ (၂) ယှဉ်စပ်-ဆက်သွယ်-သုံးဆောင်-သုံးစွဲ-အသုံးပြု-ရာ(အခါ)။ (၃) ယှဉ်စပ်-ဆက်သွယ်-သုံးဆောင်-သုံးစွဲ-အသုံးပြု-အပ်သော။ (၂) အောက်ပုဒ်ကြည့်။	(1) el unir / conectar / emplear / utilizar / usar. (2) (el momento) en que se une / conecta / emplea / utiliza / usa. (3) unido / conectado / empleado / utilizado / usado. (2) Véase la entrada siguiente.	(1) joining / connecting / employing / utilizing / using. (2) (the time) when one joins / connects / employs / utilizes / uses. (3) joined / connected / employed / utilized / used. (2) See the following headword.	'(2) see the word below' left in the Burmese
152866	viniyojita	(၁) မယှဉ်စေ-စွန့်လွှတ်-ရောင်း-အပ်ပြီးသော။ (၂) (တိုက်တွန်းအပ်) တိုက်တွန်းခြင်း။	(1) ya desligado / cedido / vendido. (2) (exhortado) la exhortación.	(1) already disjoined / given up / sold. (2) (urged) urging.	(1) မယှဉ်စေ ('not made to join') rendered 'disjoined'; (2) a verbal noun under an adjective label, kept as printed
152869	vinilana	ရှက်-ထိတ်လန့်-ခြင်း။ မူရင်းကြည့်ပါ။	el avergonzarse / sobresaltarse. Véase el original.	being ashamed / startled. See the original.	'see the original' rendered literally
152870	vinivaṭa	ဝိနိဝတ္တ(၁) အနက်ကြည့်။	Véase [[vinivatta]] (sentido 1).	See [[vinivatta]] (sense 1).	'see X' left in the Burmese
152871	vinivaṭita	ဝိနိဝတ္တိတ(၃)အနက်ကြည့်။	Véase [[vinivattita]] (sentido 3).	See [[vinivattita]] (sense 3).	'see X' left in the Burmese
152872	vinivaṭeti	ဝိနိဝဋ္ဋေတိ (၄) အနက်ကြည့်။	Véase [[vinivaṭṭeti]] (sentido 4).	See [[vinivaṭṭeti]] (sense 4).	'see X' left in the Burmese; vinivaṭṭeti (id 152880) prints only three senses
152873	vinivaṭṭa	ဖွင့်လှစ်-ပယ်ခွါ-အပ်ပြီးသော။ အောက်ပုဒ်ကြည့်။	ya abierto / retirado. Véase la entrada siguiente.	already opened up / removed. See the following headword.	'see the word below' left in the Burmese
152880	vinivaṭṭeti	(၁) ပြီးဆုံးစေ၏။ (၂) ပြေစေ-ဖြေ-၏။ (၃) ခွဲခြမ်း-ဝေဖန်-သီးသန့်ပြု-၏။ «S1» (၁)  «S2» (၂) ဝိနိဝဋ္ဋေတွာ(၂) (၂)ကြည့်။ (၃) ဝိနိဝဋ္ဋေတွာ(၂) (၃)ကြည့်။	(1) lleva a término. (2) afloja / desata. (3) parte / divide / aísla. Véanse también [[vinivaṭṭati]], [[vinivattati]]. (1) Véase [[vinivaṭṭessāmi]]. (2) Véase [[vinivaṭṭetvā]] (2) (2). (3) Véase [[vinivaṭṭetvā]] (2) (3).	(1) brings to completion. (2) loosens / undoes. (3) splits / divides / isolates. See also [[vinivaṭṭati]], [[vinivattati]]. (1) See [[vinivaṭṭessāmi]]. (2) See [[vinivaṭṭetvā]] (2) (2). (3) See [[vinivaṭṭetvā]] (2) (3).	'see X' left in the Burmese; the cross-reference section is jumbled in print
152881	vinivaṭṭetvā	ဆုတ်နစ်-လိန့်လည်-လျောကျ-၍။	habiendo retrocedido / dado la vuelta / deslizado abajo.	having retreated / turned over / slid down.	လိန့်လည် read as 'turn over / roll back' (uncertain); လျောကျ = လျှောကျ
152886	vinivatta	(၁) (ဝေဒနာစသည်ကို) ပြန်လည်-ဆုတ်နစ်-နစ်-စေတတ်သော။ (၂) ပြန်လည်-ဆုတ်နစ်-နစ်-စေအပ်သော။ (ခန္ဓသဒ္ဒါသည်။ နစ်စေအပ်သော။ (၂) အောက်ပုဒ်ကြည့်။	(1) que suele hacer volver atrás / retroceder / retirarse (la *vedanā* y demás). (2) hecho volver atrás / retroceder / retirarse. (la palabra *khandha*. hecho retirarse. (2) Véase la entrada siguiente.	(1) apt to make (*vedanā* and so on) turn back / retreat / withdraw. (2) made to turn back / retreat / withdraw. (the word *khandha*. made to withdraw. (2) See the following headword.	garbled print: '(ခန္ဓသဒ္ဒါသည်။ နစ်စေအပ်သော။' has an unclosed bracket and appears truncated; '(2) see the word below' left in the Burmese
152887	vinivattaaññajāti	ပြန်လည်-ဆုတ်နစ်-နစ်-စေအပ်သော တစ်ပါးသော ဇာတ်။	otra *jāti*, hecha volver atrás / retroceder / retirarse.	another *jāti*, made to turn back / retreat / withdraw.	ဇာတ် kept as jāti (birth or kind; context unclear)
152888	vinivattaaññajātiyaka	ပြန်လည်-ဆုတ်နစ်-နစ်-စေအပ်သော တစ်ပါးသော ဇာတ်ရှိသော။	que tiene otra *jāti*, hecha volver atrás / retroceder / retirarse.	having another *jāti*, made to turn back / retreat / withdraw.	ဇာတ် kept as jāti (birth or kind; context unclear)
152893	vinivattamāna	ပြန်လည်-ဆုတ်နစ်-နစ်-သော။ အောက်ပုဒ်ကြည့်။	que se vuelve atrás / retrocede / se retira. Véase la entrada siguiente.	turning back / retreating / withdrawing. See the following headword.	'see the word below' left in the Burmese
152903	vinivattitatela	(က) ပြန်လည်-ဆုတ်နစ်-နစ်-ဖဲခွါ-ထွက်စေအပ်သော ဆီရှိသော။ (ခ) ထုတ်အပ်သော ဆီရှိသော၊ ဆီပြန်ချက်အပ်သော။	(a) que tiene el aceite hecho volver atrás / retroceder / retirarse / apartarse / salir. (b) que tiene el aceite extraído; (aceite) recocido.	(a) having oil made to turn back / retreat / withdraw / move away / come out. (b) having oil extracted; (oil) cooked again.	(b) ဆီပြန်ချက်အပ်သော read as 'oil re-cooked' (uncertain)
152924	vinivijjhanaṭṭha	ထုတ်ချင်း-ထိုး-ဖောက်-ထွင်း-တတ်သော-အနက်-သဘော။	el significado / la naturaleza de soler traspasar / perforar / horadar de parte a parte.	the meaning / nature of being apt to pierce / perforate / bore right through.	no label
152933	vinividdha	(၁) ထုတ်ချင်း-ထိုး-ဖောက်-ထွင်း-စူးဝင်-အပ်သော။ (၂) ထုတ်ချင်း-ထိုး-ဖောက်-ထွင်း-စူးဝင်-ရာ-(အခါ)။ (၂) အောက်ပုဒ်ကြည့်။	(1) traspasado / perforado / horadado / penetrado de parte a parte. (2) (el momento) en que se traspasa / perfora / horada / penetra de parte a parte. (2) Véase la entrada siguiente.	(1) pierced / perforated / bored / penetrated right through. (2) (the time) when one pierces / perforates / bores / penetrates right through. (2) See the following headword.	'(2) see the word below' left in the Burmese
152938	vinividdhasāṭaka	ထုတ်ချင်း-ထိုး-ဖောက်-ထွင်း-စူးဝင်-အပ်သော-ပုဆိုး-အဝတ်အထည်။	el paño / la tela traspasado / perforado / horadado / penetrado de parte a parte.	a cloth / garment pierced / perforated / bored / penetrated right through.	ပုဆိုး (a sarong-like lower cloth) rendered 'paño / cloth'
152940	viniveṭhana	(၁) (အနှောင်အဖွဲ့,အရှုပ်အထွေးစသည်ကို) ဖြေ-ဖြေရှင်း-ခြင်း။ (၂) ဆုတ်နစ်စေခြင်း။ (တိ) (၃) ဖြေ-ဖြေရှင်း-တတ်သော။	(1) el desatar / desenredar (las ataduras, los enredos y demás). (2) el hacer retroceder. (adjetivo) (3) que suele desatar / desenredar.	(1) untying / disentangling (bonds, tangles and so on). (2) causing to retreat. (adjective) (3) apt to untie / disentangle.	no label
152941	viniveṭhanattha	ဖြေ-ဖြေရှင်း-ခြင်းအကျိုး။	el beneficio del desatar / desenredar.	the benefit of untying / disentangling.	အကျိုး read as attha 'benefit / purpose'
152942	viniveṭhaya	ဖြေ-ဖြေရှင်း-အပ်-နိုင်-ထုတ်-သော။	que ha de ser / puede ser / merece ser desatado / desenredado.	to be / able to be / worthy to be untied / disentangled.	ထုတ် read as ထိုက် 'worthy' (misprint?)
152946	viniveṭheti	(၁) (အခွေအလိပ်စသည်တို့ကို)ဖြေ-ဖြေရှင်း-၏။ (၃) စွန့်လွှတ်၏။ (၂)  «S1»	(1) desata / desenreda (los rollos, las envolturas y demás). (3) renuncia a. (2) Véase también [[viniveṭhetuṁ]].	(1) unties / disentangles (coils, rolls and so on). (3) gives up. (2) See also [[viniveṭhetuṁ]].	sense numbers out of order in print, kept as printed
152952	vinissaja	စွန့်လွှတ်-ဖွဲခွါ-လော။	¡renuncia / apártate!	give up / move away!	လော under an imperative headword read as the imperative လော့ (misprint); ဖွဲခွါ read as ဖဲခွါ
152953	vinissajati	စွန့်လွှတ်-ဖဲခွဲ-၏။ «S1»	renuncia a / se aparta. Véase [[vinissaja]].	gives up / moves away. See [[vinissaja]].	ဖဲခွဲ read as ဖဲခွါ
152958	vinīta	(၁) ဆုံးမအပ်-သင်ပြအပ်-ယဉ်ကျေး-ပြီးသော။ (၂) ဆုံးဖြတ်အပ်ပြီးသော။ (၃) (ကိလေသာတို့ကို) ပယ်ပြီးသော၊ သူ။ (၄) ပယ်-ပယ်ဖျောက်-ဖျက်ဆီး-အပ်ပြီးသော။ (၅) (က) (အာပတ်တို့ကို) ပယ်-ပယ်ဖျောက်-ငြိမ်းစေ-ခြင်း။ (ခ) (အာပတ်တို့မှ) စောင့်စည်း-စောင့်ရှောက်-ကြဉ်ရှောင်-ခြင်း။ (န) (၆) ကျင့်ဝတ်။ (၂)  «S1» (၄)  «S2» (၅) (က) ဝိနီတဝတ္ထု (၂) (က) ကြည့်။ (ခ) ဝိနီတဝတ္ထု (၂) (ခ) ကြည့်။ (န) (၆)  «S3»	(1) ya disciplinado / instruido / educado. (2) ya decidido. (3) que ya ha abandonado (los *kilesa*) (dicho de una persona). (4) ya abandonado / eliminado / destruido. (5) (a) el abandonar / eliminar / apaciguar (las *āpatti*). (b) el refrenarse / guardarse / abstenerse (de las *āpatti*). (neutro) (6) la norma de conducta. (2) Véase [[vinītavatthu]] (1). (4) Véase [[vinītachandarāga]]. (5) (a) Véase [[vinītavatthu]] (2) (a). (b) Véase [[vinītavatthu]] (2) (b). (neutro) (6) Véase [[vinītavatthu]].	(1) already disciplined / instructed / trained. (2) already decided. (3) who has already abandoned (the *kilesa*) (said of a person). (4) already abandoned / eliminated / destroyed. (5) (a) abandoning / eliminating / settling (the *āpatti*). (b) restraining oneself / guarding / abstaining (from the *āpatti*). (neuter) (6) the code of conduct. (2) See [[vinītavatthu]] (1). (4) See [[vinītachandarāga]]. (5) (a) See [[vinītavatthu]] (2) (a). (b) See [[vinītavatthu]] (2) (b). (neuter) (6) See [[vinītavatthu]].	'see X' left in the Burmese; (5) gives verbal nouns under an adjective label
152963	vinītachandarāga	ပယ်-ပယ်ဖျောက်-ဖျက်ဆိး-အပ်ပြီးသော ဆန္ဒ,ရာဂရှိသော။ (ဆန္ဒ,ရာဂကို ပယ်ပြီးသော ရဟန္တာ)။	que tiene el *chanda* y el *rāga* ya abandonados / eliminados / destruidos. (el *arahant* que ha abandonado el *chanda* y el *rāga*).	having *chanda* and *rāga* already abandoned / eliminated / destroyed. (the *arahant* who has abandoned *chanda* and *rāga*).	ဖျက်ဆိး read as ဖျက်ဆီး
152966	vinītabba	ဆုံးမ-အပ်-သင့်-ထိုက်-သော။ အောက်ပုဒ်ကြည့်။	que ha de ser / conviene / merece ser disciplinado. Véase la entrada siguiente.	to be / fit to be / worthy to be disciplined. See the following headword.	'see the word below' left in the Burmese
152969	vinītavatthu	(၁) ဆုံးဖြတ်အပ်ပြီးသော အကြောင်းအဋ္ဌုပ္ပတ်။ (၂) (က) (အာပတ်တို့ကို)ပယ်-ပယ်ဖျောက်-ငြိမ်းစေ-ခြင်းဟူသောအကြောင်း။ (ခ) (အာပတ်တို့မှ) စောင့်စည်း-စောင့်ရှောက်-ကြဉ်ရှောင်-ခြင်းဟူသောအကြောင်း။	(1) el caso (*aṭṭhuppatti*) ya resuelto. (2) (a) la razón que es el abandonar / eliminar / apaciguar (las *āpatti*). (b) la razón que es el refrenarse / guardarse / abstenerse (de las *āpatti*).	(1) the case (*aṭṭhuppatti*) already decided. (2) (a) the reason that is abandoning / eliminating / settling (the *āpatti*). (b) the reason that is restraining oneself / guarding / abstaining (from the *āpatti*).	no label; အကြောင်း rendered 'reason' in (2), 'case' in (1)
152972	vinītavatthupāl̤i	ဝိနီတဝတ္ထုပါဠိ၊ ဆုံးဖြတ်အပ်ပြီးသော အကြောင်းအဋ္ဌုပ္ပတ်ကို ပြတတ်သော ပါဠိ။ ဝတ္ထုဂါထာ-ပုဒ်ကြည့်။	el *vinītavatthupāl̤i*; el *pāl̤i* que muestra el caso (*aṭṭhuppatti*) ya resuelto. Véase [[vatthugāthā]].	the *vinītavatthupāl̤i*; the *pāl̤i* that shows the case (*aṭṭhuppatti*) already decided. See [[vatthugāthā]].	'see X' left in the Burmese
152976	vinīla	(၁) (အဖြူ,အနီတို့ဖြင့်) ပျက်စီး-ရောနှော-သော (များသော အားဖြင့်) ညိုညို မည်းမည်း အဆင်းရှိသော သူသေကောင်။ (၂) (ရှေးအဆင်းမှ) ဖောက်ပြန်ပျက်စီး၍ ညိုမည်းသော အဆင်းရှိသော သူသေကောင်။ (၃) ဝိနီလဇာတ်။ (၄) ဝိနီလမည်သော ကျီးငှက်။ (၁) (၂) ဝိနီလက(၁) (က)(ခ)(ဂ)(ဃ)-ကြည့်။	(1) el cadáver deteriorado / mezclado (con blanco y rojo), de color (en su mayor parte) azulado oscuro y negruzco. (2) el cadáver de color azulado oscuro y negro, alterado y deteriorado (respecto de su color anterior). (3) el *jātaka* *vinīla*. (4) el cuervo llamado *vinīla*. (1) (2) Véase [[vinīlaka]] (1) (a) (b) (c) (d).	(1) a corpse decayed / mottled (with white and red), (mostly) dark blue and blackish in colour. (2) a corpse dark blue and black in colour, altered and decayed (from its former colour). (3) the *vinīla* *jātaka*. (4) the crow called *vinīla*. (1) (2) See [[vinīlaka]] (1) (a) (b) (c) (d).	'see X' left in the Burmese; ညို rendered 'dark blue' (the traditional bluish-black of the vinīlaka corpse)
152977	vinīlaka	(၁) ဝိနီလကအသုဘ-(က) (အဖြူ,အနီတို့ဖြင့်)ပျက်စီး-ရောနှော-သော (များသောအားဖြင့်)ညိုညို မည်းမည်း အဆင်းရှိသော သူသေကောင်။ (ခ) (ရှေးအဆင်းမှ) ဖောက်ပြန်ပျက်စီး၍ ညိုမည်းသော အဆင်းရှိသော သူသေကောင်။ (ဂ) စက်ဆုပ်-ရွံ့ရှာ-ဖွယ် (အဖြူ,အနီတို့ဖြင့်) ပျက်စီး-ရောနှော-သော (များသောအားဖြင့်) ညိုညို မည်းမည်း အဆင်းရှိသော သူသေကောင်။ (ဃ) စက်ဆုပ်-ရွံ့ရှာ-ဖွယ် (ရှေးအဆင်းမှ)ဖောက်ပြန်ပျက်စီး၍ ညိုမည်းသော အဆင်းရှိသော သူသေကောင်။ (၂) ဝိနီလကအသုဘကို အာရုံပြု၍ ဖြစ်ပော်လာသော ဥဂ္ဂဟနိမိတ်,ပဋိဘာဂနိမိတ်၊ (၃) ယင်းဥဂ္ဂဟနိမိတ်,ပဋိဘာဂနိမိတ်တို့၌ ရအပ်သော ဝိနီလကဈာန်၊ (အထူးအားဖြင့် ဝိနီလကအသုဘသည် ကိုယ်၏ အရောင်အဆင်း၌ တပ်မက်သော ရာဂရှိသော သူအား လျောက်ပတ်သော ရာဂငြိမ်းဆေးဖြစ်၏။ (၄) ဝိနီလကမည်သော ကျီးငှက် (၅) ဝိနီလကသုတ်။	(1) el *vinīlakaasubha*: (a) el cadáver deteriorado / mezclado (con blanco y rojo), de color (en su mayor parte) azulado oscuro y negruzco. (b) el cadáver de color azulado oscuro y negro, alterado y deteriorado (respecto de su color anterior). (c) el cadáver repugnante / asqueroso, deteriorado / mezclado (con blanco y rojo), de color (en su mayor parte) azulado oscuro y negruzco. (d) el cadáver repugnante / asqueroso, de color azulado oscuro y negro, alterado y deteriorado (respecto de su color anterior). (2) el *uggahanimitta* y el *paṭibhāganimitta* que surgen tomando como objeto el *vinīlakaasubha*; (3) el *vinīlakajhāna*, obtenido en ese *uggahanimitta* y ese *paṭibhāganimitta*; (en particular, el *vinīlakaasubha* es un remedio adecuado para apaciguar el *rāga* de quien tiene *rāga* apegado al color del cuerpo. (4) el cuervo llamado *vinīlaka* (5) el sutta *vinīlaka*.	(1) the *vinīlakaasubha*: (a) a corpse decayed / mottled (with white and red), (mostly) dark blue and blackish in colour. (b) a corpse dark blue and black in colour, altered and decayed (from its former colour). (c) a repulsive / loathsome corpse, decayed / mottled (with white and red), (mostly) dark blue and blackish in colour. (d) a repulsive / loathsome corpse, dark blue and black in colour, altered and decayed (from its former colour). (2) the *uggahanimitta* and *paṭibhāganimitta* that arise taking the *vinīlakaasubha* as object; (3) the *vinīlakajhāna* obtained in that *uggahanimitta* and *paṭibhāganimitta*; (in particular, the *vinīlakaasubha* is a fitting remedy for calming the *rāga* of one who has *rāga* attached to the colour of the body. (4) the crow called *vinīlaka* (5) the *vinīlaka* sutta.	unclosed bracket in (3) as printed; ဖြစ်ပော် read as ဖြစ်ပေါ်
152979	vinīlakadhātuka	မညို-မရွှေ-အရောင်အဆင်း ဓာတ်ရှိသော၊ သူ။	que tiene una constitución de color no oscuro / no dorado (dicho de una persona).	having a constitution of a colour not dark / not golden (said of a person).	မညို-မရွှေ read as 'not dark / not golden'; ဓာတ် taken as bodily constitution (complexion); meaning uncertain
152987	vinīharati	(အပသို့) ထုတ်ဆောင်-ပြောင်းရွှေ့-၏။ အောက်ပုဒ်ကြည့်။	saca / traslada (fuera). Véase la entrada siguiente.	brings out / moves (outside). See the following headword.	'see the word below' left in the Burmese
153001	vinetu	ပယ်ဖျောက်စေသတည်း၊ ပယ်ဖျောက်စေလော။	que elimine; ¡que elimine!	let him eliminate; let him eliminate!	လော under an imperative headword (-tu) read as the imperative လော့ (misprint)
153005	vinetha	(သင်တို့) ပယ်ဖျောက်ကြကုန်လော။	(vosotros) ¡eliminad!	(you) eliminate!	လော under an imperative headword (-tha) read as the imperative လော့ (misprint); a question ('do you eliminate?') is possible if -tha is the present
153010	vineyya	ပယ်ဖျောက်ရာ၏။	eliminaría.	would eliminate.	label is absolutive (ကြိ၊ဝိ) but the gloss is optative (-ရာ၏); kept as printed
153017	vineyyajanānurodha	ဆုံးမ-သင်ပြ-အပ်-သင့်-ထိုက်က-သော သူနှင့် မဆန့်ကျင်ခြင်း။	el no oponerse a la persona que ha de ser / conviene / merece ser disciplinada / instruida.	not opposing the person to be / fit to be / worthy to be disciplined / instructed.	no label; ထိုက်က read as ထိုက် (misprint)
153033	vinesi	(သင်) သွန်သင်-ဆုံးမ-၏။	(tú) instruyes / disciplinas.	(you) instruct / discipline.	aorist headword glossed with the present ၏; kept as printed
153037	vinehi	(သင်) ပယ်ဖျောက်လော။	(tú) ¡elimina!	(you) eliminate!	လော under an imperative headword (-hi) read as the imperative လော့ (misprint)
153041	vinodana	(၁) (ပယ်ဖျောက်-ဖျက်ဆီး-တတ်သော။ (န) (၂) ပယ်ဖျောက်-ဖျက်ဆီး-ပစ်လွှတ်-ခြင်း။ (၃) စွန့်ပစ်-ကင်းအောင်ပြု-ခြင်း။ (၄) (အပသို့) ထုတ်ဆောင်ခြင်း။ (၅) ထုတ်ဆောင်-ပယ်ဖျောက်-ကြောင်း(ဝီရိယ)။ (၆) ထိုးဆွကြောင်း (ဝီရိယ)။	(1) (que suele eliminar / destruir. (neutro) (2) el eliminar / destruir / arrojar. (3) el desechar / quitar. (4) el sacar (fuera). (5) (la *vīriya*) que es causa de sacar / eliminar. (6) (la *vīriya*) que es causa de aguijonear.	(1) (apt to eliminate / destroy. (neuter) (2) eliminating / destroying / throwing off. (3) discarding / clearing away. (4) bringing out (outside). (5) (the *vīriya*) that is the cause of bringing out / eliminating. (6) (the *vīriya*) that is the cause of goading.	unclosed bracket in (1) as printed
153043	vinodanattha	ပယ်ဖျောက်-ဖျက်ဆီး-ခြင်းဟူသော အကျိုး။	el beneficio, es decir, el eliminar / destruir.	the benefit, namely eliminating / destroying.	အကျိုး read as attha 'benefit / purpose'
153046	vinodanapahātabba	ထုတ်ဆောင်-ပယ်ဖျောက်-ကြောင်း ဝီရိယသည် ပယ်အပ်သော။	que ha de ser abandonado por la *vīriya* que es causa de sacar / eliminar.	to be abandoned by the *vīriya* that is the cause of bringing out / eliminating.	neuter label on an adjectival gloss, kept as printed
153060	vinodita	(၁) ပယ်ဖျောက်-ဖျက်ဆီး-စွန့်-ထုတ်ဆောင်-ထိုးဆွ-အပ်သော။ (၂) ပယ်ဖျောက်-ဖျက်ဆီး-စွန့်-ထုတ်ဆောင်-ထိုးဆွ-အပ်ရာ(အခါ)။ (၂) အောက်ပုဒ်ကြည့်။	(1) eliminado / destruido / desechado / sacado / aguijoneado. (2) (el momento) en que se elimina / destruye / desecha / saca / aguijonea. (2) Véase la entrada siguiente.	(1) eliminated / destroyed / discarded / brought out / goaded. (2) (the time) when one eliminates / destroys / discards / brings out / goads. (2) See the following headword.	'(2) see the word below' left in the Burmese
153061	vinoditakāla	ပယ်အပ်သောကာလ၊ (ပြည်၊သျ)။ ပယ်ဖျောက်-ဖျက်ဆီး-စွန့်-ထုတ်ဆောင်-ထိုးဆွ-အပ်ရာ-အခါ။	el tiempo en que se abandona. El momento en que se elimina / destruye / desecha / saca / aguijonea.	the time when (something) is abandoned. The time when one eliminates / destroys / discards / brings out / goads.	source tags (ပြည်၊ သျ) dropped
153080	vinodehi	ပယ်ဖျောက်-ဖျက်ဆီး-ပါးအောင်ပြု-ဝေးအောင်ပြု-လော။	¡elimina / destruye / atenúa / aleja!	eliminate / destroy / thin out / drive away!	လော under an imperative headword (-hi) read as the imperative လော့ (misprint)
153082	vinda	ရလော။	¡obtén!	obtain!	လော under an imperative headword (vinda, 2nd sg.) read as the imperative လော့ (misprint)
153086	vindatha	ရပြီ။	obtuvo.	obtained.	headword is 2nd pl. (-tha); the Burmese marks no person, rendered 3rd
153089	vindanasabhāva	ရခြင်းသဘောရှိသော၊ ဉာဏ်။	que tiene la naturaleza de obtener (dicho del conocimiento).	having the nature of obtaining (said of knowledge).	'၊ ဉာဏ်' read on the model of '၊ သူ' (the noun qualified); ဉာဏ် rendered by stem L099
153094	vindāpayati	ရစေ၏။ အောက်ပုဒ်ကြည့်။	hace obtener. Véase la entrada siguiente.	causes to obtain. See the following headword.	'see the word below' left in the Burmese
153108	vindīyati	ရအပ်၏။ အောက်ပုဒ်ကြည့်။	es obtenido. Véase la entrada siguiente.	is obtained. See the following headword.	'see the word below' left in the Burmese
153114	vindema	ရကုန်ရာ၏။	obtendrían.	(they) would obtain.	headword is 1st pl. (-ema); the Burmese marks no person, rendered 3rd pl.
153115	vindemu	ရကုန်ရာ၏။	obtendrían.	(they) would obtain.	headword is 1st pl. (-emu); the Burmese marks no person, rendered 3rd pl.
153119	vinyāsa	စီစဉ်ချထားခြင်း။ ]	el disponer ordenadamente.	arranging in order.	stray ']' at the end of the print dropped
153120	vipakaṭṭha	ဖဲခွါ-ကင်းဆိတ်-ကင်းဝေး-ဆိတ်ငြိမ်ရာသို့ ကပ်-သော။	que se aparta / se aísla / se aleja / se acerca a un lugar tranquilo.	moving away / secluded / remote / resorting to a quiet place.	hyphen chain mixes adjectives and a verb phrase; rendered as alternatives
153122	vipakka	ဝိပါက်၏ အဖြစ်။ ဝိပက္ကဘာဝ (၃) (၄) တို့ကြည့်။	el hecho de ser *vipāka*. Véanse [[vipakkabhāva]] (3), (4).	the state of being *vipāka*. See [[vipakkabhāva]] (3), (4).	'see X' left in the Burmese
153124	vipakkabrahmacariya	(၁) ရင့်ကျက်-အကျိုးပေး-ပြီးသော မြတ်သော အကျင့် (သင်္ဂဟဝတ္ထု ၄-ပါး)ရှိသော။ (၂) အထူးသဖြင့်-ပြီး-ပြည့်စုံ-သော မြတ်သော အလိုဆန္ဒရှိသော။ (၂) ဝိပက္က(၁) (၄) ကြည့်။	(1) que tiene la conducta excelente (los 4 *saṅgahavatthu*) ya madurada / que ya ha dado fruto. (2) que tiene un deseo excelente especialmente acabado / completo. (2) Véase [[vipakka]] (1) (4).	(1) having excellent conduct (the 4 *saṅgahavatthu*) already ripened / having already given fruit. (2) having an excellent wish especially finished / complete. (2) See [[vipakka]] (1) (4).	'see X' left in the Burmese
153133	vipakkha	(၁) ဆန့်ကျင်-ဆန့်ကျင်ဘက်ဖြစ်-သော (က) နိဗ္ဗာန်။ (ခ) နာမကာယ (နာမ်တရားအပေါင်း)။ (ဂ) စကား။ (ဃ) မိစ္ဆာဝါစာ။ (၂) ဆန့်ကျင်ဘက်ဖြစ်သော သူ၊ ရန်သူ။ သူ့အသင်းအပင်း။	(1) que se opone / que es contrario: (a) el *nibbāna*. (b) el *nāmakāya* (el conjunto de los estados *nāma*). (c) la palabra. (d) el *micchāvācā*. (2) la persona que es contraria; el enemigo. Su partido.	(1) opposing / contrary: (a) *nibbāna*. (b) the *nāmakāya* (the aggregate of *nāma* states). (c) speech. (d) *micchāvācā*. (2) a person who is an opponent; an enemy. His faction.	(a)–(d) list the things called vipakkha, apparently each opposed to something not named; kept as printed
153135	vipakkhadhamma	ဆန့်ကျင်-ဆန်ကျင်ဘက်ဖြစ်သော-သောတရား။	el estado que se opone / que es contrario.	a state that opposes / is contrary.	ဆန်ကျင် read as ဆန့်ကျင်; duplicated -သော-သော in print
153143	vipacca	စိတ်၏ ဆင်းရဲခြင်း။	el sufrimiento de la mente.	suffering of the mind.	absolutive label (ကြိ၊ဝိ) but a verbal-noun gloss; kept as printed
153148	vipaccati	(၁) အကျိုးကို ဖြစ်စေ၏၊ အကျိုးပေး၏။ (၂) ပြည့်စုံ၏။ (၃) လောင်ကျွမ်း-ကုန်ခန်း-၏။ (၄) ရင့်ကျက်-အကျိုး၏ အဖြစ်ဖြင့်ဖြစ်-၏။ (၅) (ကုသိုလ်ကြောင့်) ရင့်ကျက်-ဖြစ်-တတ်၏။	(1) produce fruto; da fruto. (2) se completa. (3) se consume por el fuego / se agota. (4) madura / surge en calidad de fruto. (5) suele madurar / surgir (a causa de lo sano).	(1) produces fruit; gives fruit. (2) becomes complete. (3) is burnt up / is exhausted. (4) ripens / arises as fruit. (5) is apt to ripen / arise (because of the wholesome).	(5) ကုသိုလ်ကြောင့် rendered 'lo sano'; 'mérito' (merit) also possible
153149	vipaccatu	အကျိုးကိုပေးလော၊ အကျိုးကို ပေးပါစေ။	¡que dé fruto!; que dé fruto.	let it give fruit!; may it give fruit.	လော under an imperative headword (-tu) read as the imperative လော့ (misprint)
153159	vipaccanattha	အကျိုးပေးခြင်းဟူသော အကျိုး။	el beneficio, es decir, el dar fruto.	the benefit, namely giving fruit.	second အကျိုး read as attha 'benefit / purpose'
153167	vipaccanārahakāla	အကျိုးပေးခြင်းငှါ ထိုက်တန်-သော-ရာ-အခါ-ကာလ။	el momento / el tiempo apto para dar fruto.	the moment / time fit for giving fruit.	hyphen chain ထိုက်တန်-သော-ရာ-အခါ-ကာလ irregular; rendered by sense
153168	vipaccanīka	(၁) ဆန့်ကျင်-ဆန့်ကျင်ဘက်ဖြစ်-သော။ (၂) ဆန့်ကျင်ဘက်ကို ယူခြင်း။ (၃) ဆန့်ကျင်ဘက်ပြုခြင်း။ (၂) ဝိပစ္စနီကသာတ(၁)အနက်ကြည့်။ (၃) ဝိပစ္စနီကသာတ(၂) အနက်ကြည့်။	(1) que se opone / que es contrario. (2) el tomar lo contrario. (3) el hacer lo contrario. (2) Véase [[vipaccanīkasāta]] (sentido 1). (3) Véase [[vipaccanīkasāta]] (sentido 2).	(1) opposing / contrary. (2) taking the opposite. (3) doing the opposite. (2) See [[vipaccanīkasāta]] (sense 1). (3) See [[vipaccanīkasāta]] (sense 2).	'see X' left in the Burmese
153179	vipaccayati	ရင့်ကျက်-ကျွမ်း-သွား၏။ (အကျိုးမပေး)။ အောက်ပုဒ်ကြည့်။	madura / se consume. (no da fruto). Véase la entrada siguiente.	ripens / burns out. (gives no fruit). See the following headword.	'see the word below' left in the Burmese
153182	vipaccitabbavipāka	ဖြစ်စေ-အကျိုးပေး-အပ်လတ္တံ့သော-ဝိပါက်က-အကျိုး။	el *vipāka* / fruto que será producido / dado en fruto.	the *vipāka* / fruit that will be produced / given as fruit.	ဝိပါက်က read as ဝိပါက် (misprint)
153184	vipaccissati	အကျိုးကို-ဖြစ်စေ-ပေး-အံ့-လတ္တံ့-လိမ့်မည်။	producirá / dará fruto / habrá de darlo / va a darlo.	will produce / give fruit / is to give it / is going to give it.	future markers အံ့-လတ္တံ့-လိမ့်မည် rendered as alternatives
153187	vipaccetha	(၁) ဖောက်ပြန်သောအားဖြင့် ယုံကြည်ကုန်၏။ (၂) ဖောက်ပြန်သော အယူကို ယူကုန်၏။	(1) creen de manera pervertida. (2) toman una opinión pervertida.	(1) they believe in a perverted way. (2) they take a perverted view.	headword -tha is 2nd pl.; the Burmese marks only the plural, rendered 3rd pl.
153189	vipacceyya	အကျိုးပေးရာ၏။	daría fruto.	would give fruit.	no label
153191	vipajjati	(၁) ပျက်စီး၏။ (၂) မပြည့်စုံ။ (၃) အထူးထူး အပြားပြားရောက်၏။ (၁)  «S1»	(1) perece. (2) no es completo. (3) llega a ser diverso y múltiple. (1) Véase [[vipajjanti]].	(1) perishes. (2) is not complete. (3) becomes diverse and manifold. (1) See [[vipajjanti]].	a stray '(1)' precedes «S1» in the print
153195	vipajjanta	(၁) ပျက်စီးသော။ (၂) မပြည့်စုံသော။	(1) que perece. (2) que no es completo.	(1) perishing. (2) not complete.	no label
153197	vipajjamāna	(၁) ပျက်စီးသော။ (၂) မပြည့်စုံသော။	(1) que perece. (2) que no es completo.	(1) perishing. (2) not complete.	no label
153199	vipajjeyya	ပျက်စီးရာ၏။	perecería.	would perish.	no label
153200	vipañcana	(၁) ချဲ့-အကျယ်ပြ-ခြင်း။ (၂) ချဲ့-အကျယ်ပြ-ကြောင်းဖြစ်သော (နည်း)။ (၃) သိခြင်း။ (၂)  «S1»	(1) el ampliar / exponer en detalle. (2) (el método) que es medio para ampliar / exponer en detalle. (3) el conocer. (2) Véase [[vipañcananaya]].	(1) expanding / explaining in detail. (2) (the method) that is the means of expanding / explaining in detail. (3) knowing. (2) See [[vipañcananaya]].	no label; a stray '(2)' precedes «S1»
153201	vipañcanakamma	သိခြင်းဟူသော အမှု။ «S1»	la acción que es el conocer. Véase [[vipañcana]] (3).	the act that is knowing. See [[vipañcana]] (3).	no label
153211	vipañcitaññū	ဝိပဉ္စတညူပုဂ္ဂိုလ်---(က) ချဲ့-အကျယ်ပြ-အပ်သော အနက်ကို သိတတ်သော၊ သူ။ (ခ) ဖြည်းညှင်း-နှေးကွေးစွာ (သစ္စာ ၄-ပါး) တရားကို သိတတ်သော၊ သူ။ (အကျဉ်းအားဖြင့် ဟောအပ်သော တရားဒေသနာတော်၏ အနက်ကို အကျယ်အားဖြင့် ဝေဖန်အပ်သည်ရှိသော် (သစ္စာ ၄-ပါး)တရားကို ထိုးထွင်း၍ သိခြင်းငှါ စွမ်းနိုင်သည့်ပုဂ္ဂိုလ်ကို "ဝိပဉ္စိတညူပုဂ္ဂိုလ်"ဟု ခော်သည်။	persona *vipañcataññū* — (a) que suele conocer el significado ampliado / expuesto en detalle (dicho de una persona). (b) que suele conocer pausada / lentamente la Enseñanza (de las cuatro verdades) (dicho de una persona). (Se llama “persona *vipañcitaññū*” a la persona capaz de conocer penetrando la Enseñanza (de las cuatro verdades) cuando se analiza en detalle el significado de la exposición de la Enseñanza enseñada en breve.	the *vipañcataññū* person — (a) apt to know the meaning expanded / explained in detail (said of a person). (b) apt to know gradually / slowly the Teaching (of the four truths) (said of a person). (The person able to know by penetrating the Teaching (of the four truths) when the meaning of the exposition of the Teaching taught in brief is analysed in detail is called “the *vipañcitaññū* person”.	print has ဝိပဉ္စတညူ (missing vowel) in the first word, kept as printed; ခော်သည် read as ခေါ်သည်; the opening bracket of the last sentence is never closed
153224	vipatati	(၁) တလွှဲလွှဲယပ်၏။ (၂) ကျ၏။ (၃) (ခုနစ်စိတ်) ကွဲ၏။	(1) abanica de un lado a otro. (2) cae. (3) se parte (en siete pedazos).	(1) fans to and fro. (2) falls. (3) splits (into seven pieces).	တလွှဲလွှဲယပ် read as 'fans / flaps to and fro'; uncertain
153225	vipatanti	တလွှဲလွှဲယပ်ကုန်၏။ «S1»	abanican de un lado a otro. Véase [[vipatati]] (1).	they fan to and fro. See [[vipatati]] (1).	တလွှဲလွှဲယပ် read as 'fans / flaps to and fro'; uncertain
153227	vipateyya	(၁) ကျရာ၏။ (၂) (ခုနစ်စိတ်) ကွဲရာ၏။ (၁) (၂) ဝိပတတိ(၂) (၃) ကြည့်။	(1) caería. (2) se partiría (en siete pedazos). (1) (2) Véase [[vipatati]] (2) (3).	(1) would fall. (2) would split (into seven pieces). (1) (2) See [[vipatati]] (2) (3).	'see X' left in the Burmese (ဝိပတတိ senses 2, 3)
153228	vipatti	(၁) ပျက်စီး-ဖောက်ပြန်-ခြင်း။ (၂) ဝိပတ္တိ-စတုက္က။ (၃) ဝိပတ္တိသုတ်။ (၄) အပါယ်ခန္ဓာ။ (၅) (ကံတို့၏) ပျက်စီးကြောင်းဖြစ်သော။ (၆) ပျက်စီး-ဖောက်ပြန်-ရာ(ကာလ)။ (၄)  «S1» (၅)  «S2»	(1) el perecer / pervertirse. (2) *vipatti-catukka*. (3) el sutta *vipatti*. (4) *apāya* *khandhā*. (5) que es causa del perecer (de los *kamma*). (6) (el tiempo) en que se perece / pervierte. (4) Véase [[vipattibhavaloka]]. (5) Véase [[vipattisīmā]].	(1) perishing / going wrong. (2) *vipatti-catukka*. (3) the *vipatti* sutta. (4) *apāya* *khandhā*. (5) that is the cause of the failure (of the *kamma*). (6) (the time) at which one perishes / goes wrong. (4) See [[vipattibhavaloka]]. (5) See [[vipattisīmā]].	sense (5): ကံ is probably the Saṅgha's formal act (cf. vipattisīmā)
153238	vipattipariyosāna	ပျက်စီးခြင်းလျှင် အဆုံးရှိသော။	que tiene por fin el perecer.	having perishing as its end.	no label
153250	vipattisaṅkā	ပျက်စီးခြင်း၌-လျဉ်းပါး-ယုံမှား-တွေးတော-ခြင်း။	el recelar / dudar / cavilar acerca del perecer.	the suspecting / doubting / pondering about failure.	လျဉ်းပါး read as 'to suspect, be wary'; uncertain
153253	vipattisīmā	(ကံတို့၏) ပျက်စီးကြောင်းဖြစ်သော သိမ်၊ ဝိပတ္တိသိမ်၊ သိမ်ပျက်။ မူရင်းကြည့်ပါ။	el *sīmā* que es causa de la invalidez (de los *kamma*); el *vipattisīmā*; el *sīmā* fallido. Véase el original.	the *sīmā* that is the cause of the failure (of the *kamma*); the *vipattisīmā*; a failed *sīmā*. See the original.	ကံ here the Saṅgha's formal acts (Vinaya); 'see the original' (မူရင်းကြည့်ပါ) rendered literally
153254	vipattisīmālakkhaṇa	ဝိပတ္တိသိမ်-သိမ်ပျက်-၏လက္ခဏာ။	la característica del *vipattisīmā* / del *sīmā* fallido.	the characteristic of the *vipattisīmā* / of the failed *sīmā*.	no label
153263	vipanna	(၁) ပျက်စီး-ပျက်စီးခြင်းသို့ရောက်-သော။ (၂) (က) ဖောက်ပြန်-ဖောက်ပြန်ခြင်းသို့ ရောက်-သော။ (ခ) ဖောက်ပြန်-ပုပ်သိုး-သော။ (၃) ဖောက်ပြန်-ချို့တဲ့-မပြည့်စုံ-သော။ (၄) ကင်းသော။ (၅) ပျက်စီးရာ (ကာလ)။ (၆) လွတ်-ကင်း-မေ့ပျောက်-သော။ (၂) (ခ) ဝိပန္နစိတ္တ(၁)အနက်ကြည့်။ (၅)  «S1» (၆)  «S2»	(1) arruinado / llegado a la ruina. (2) (a) pervertido / llegado a la perversión. (b) pervertido / podrido. (3) pervertido / deficiente / incompleto. (4) libre (de). (5) (el tiempo) en que se arruina. (6) suelto / libre / olvidado. (2) (b) Véase [[vipannacitta]] (1), el significado. (5) Véase [[vipannakāla]]. (6) Véase [[vipannassati]].	(1) ruined / come to ruin. (2) (a) perverted / come to perversion. (b) gone bad / rotten. (3) gone wrong / deficient / incomplete. (4) free (from). (5) (the time) at which one is ruined. (6) released / free / forgotten. (2) (b) See [[vipannacitta]] (1), the meaning. (5) See [[vipannakāla]]. (6) See [[vipannassati]].	'see X' left in the Burmese (ဝိပန္နစိတ္တ sense 1)
153264	vipanna	ဖောက်ပြန်စေအပ်-ပုပ်သိုး-သော။ ဝိပန္နစိတ္တ(၂) အနက်ကြည့်။	echado a perder / podrido. Véase [[vipannacitta]] (2), el significado.	made to go bad / rotten. See [[vipannacitta]] (2), the meaning.	'see X' left in the Burmese (ဝိပန္နစိတ္တ sense 2)
153276	vipannasīla	ကျိုးပျက်-ပျက်စီး-သော သီလရှိသော၊ သီလ-ကျိုးပျက်-ပျက်စီး-သော၊ သူ။	que tiene el *sīla* quebrantado / arruinado; cuyo *sīla* está quebrantado / arruinado (dicho de una persona).	having broken / ruined *sīla*; whose *sīla* is broken / ruined (said of a person).	no label
153281	vipannopasampada	ပျက်စီးသော ရဟန်းပဉ္စင်းအဖြစ်ရှိသော၊ ရဟန်းပဉ္စင်းမဖြစ်သော၊ သူ။	que tiene arruinada la condición de monje ordenado; que no es monje ordenado (dicho de una persona).	whose status as an ordained monk is ruined; who is not an ordained monk (said of a person).	ရဟန်းပဉ္စင်း rendered 'ordained monk' (upasampanna)
153285	viparāvatta	ဖောက်ပြန်စေ-ဖျက်ဆီး-အပ်သော။	echado a perder / destruido.	made to go wrong / destroyed.	no label
153292	vipariṇamati	ဖောက်ပြန်၏။	se altera.	changes.	ဖောက်ပြန် rendered 'alterarse / change' in the vipariṇāma family (elsewhere 'pervertirse / go wrong')
153294	vipariṇamanasabhāva	ဖောက်ပြန်ခြင်း သဘောရှိသော။	que tiene la naturaleza de alterarse.	having the nature of changing.	no label
153297	vipariṇāma	(၁) ဖောက်ပြန်ခြင်း--(က) ခန္ဓာငါးပါး ရုပ်နာမ်တရားတို့၏ ဘင်။ (ခ) ရုပ်တရား၏ ဘင်။ (ဂ) အခိုက်အတန့်-အထူး-တစ်မျိုး-သို့ ရောက်ခြင်း။ (ဃ) သဘောမှ ကင်းခြင်း။ (င) မိမိသဘော-ကို စွန့်-ဘင်သို့ ရောက်-ခြင်း။ (စ) ရင့်-ပျက်-ခြင်းတို့ဖြင့်-ဥပါဒ်-ဌီ-အခိုက်အတန့်မှ ပြန်ခြင်း။ (ဆ) အစဉ်၏ ဖောက်ပြန်ခြင်းသို့ ရောက်ခြင်း။ (ဇ) သေခြင်း။ (ဈ) ပျက်စီးခြင်း။ (၂) ဖောက်ပြန်ရာ(အခါ)။ (၁) (ခ)  «S1» (၂)  «S2»	(1) el alterarse — (a) la disolución (*bhaṅga*) de los estados de *rūpa* y *nāma*, los cinco *khandhā*. (b) la *bhaṅga* de los estados de *rūpa*. (c) el llegar a un momento / estado particular / de otra clase. (d) el estar privado de su naturaleza. (e) el abandonar la propia naturaleza / llegar a la *bhaṅga*. (f) el apartarse del momento de *uppāda* / *ṭhiti* por el madurar / perecer. (g) el llegar a la alteración de la continuidad. (h) el morir. (i) el perecer. (2) (el momento) en que se altera. (1) (b) Véase [[vipariṇāmalakkhaṇa]]. (2) Véase [[vipariṇāmakāla]].	(1) changing — (a) the dissolution (*bhaṅga*) of the *rūpa* and *nāma* states, the five *khandhā*. (b) the *bhaṅga* of *rūpa* states. (c) the reaching of a moment / particular state / other kind. (d) being devoid of its nature. (e) the abandoning of its own nature / the reaching of *bhaṅga*. (f) the turning away from the moment of *uppāda* / *ṭhiti* by ripening / perishing. (g) the reaching of a change of the continuity. (h) dying. (i) perishing. (2) (the time) at which one changes. (1) (b) See [[vipariṇāmalakkhaṇa]]. (2) See [[vipariṇāmakāla]].	(c) အခိုက်အတန့်-အထူး-တစ်မျိုး read as alternatives; uncertain; ဌီ romanised ṭhiti
153308	vipariṇāmadassana	ဖောက်ပြန်-ပျက်စီး-ခြင်း(ဘင်)ကို ရှုခြင်း။ ဝိပရိဏာမ(၁) (၁) (က) အနက်ကြည့်။	el contemplar el alterarse / perecer (*bhaṅga*). Véase [[vipariṇāma]] (1) (1) (a), el significado.	the contemplating of changing / perishing (*bhaṅga*). See [[vipariṇāma]] (1) (1) (a), the meaning.	'see X' left in the Burmese (ဝိပရိဏာမ homograph 1, sense 1 a)
153311	vipariṇāmadukkhapariññā	ဖောက်ပြန်သော ဆင်းရဲကို ပိုင်ခြား၍ သိခြင်း။	el conocer discerniendo el sufrimiento de la alteración.	the knowing by discerning of the suffering of change.	no label; ပိုင်ခြား read as ပိုင်းခြား
153317	vipariṇāmapakatika	ဝိပရိဏာမဓမ္မ(၂)အနက်ကြည့်။	Véase [[vipariṇāmadhamma]] (2), el significado.	See [[vipariṇāmadhamma]] (2), the meaning.	'see X' left in the Burmese (ဝိပရိဏာမဓမ္မ sense 2)
153323	vipariṇāmavāda	ဖောက်ပြန်သော-အယူ-ဝါဒ။	la opinión / doctrina de la alteración.	the view / doctrine of change.	ဖောက်ပြန်သော-အယူ-ဝါဒ could also be read 'a perverted view / doctrine'
153327	vipariṇāmasukha	ဖောက်ပြန်-ကင်းကွာ-ခြင်းကြောင့် ဖြစ်သော ချမ်းသာ။	la felicidad surgida por el alterarse / separarse.	happiness arising through changing / being separated.	label တိ but the gloss is a noun
153334	vipariṇāmānupassanattha	ဖောက်ပြန်ခြင်းကို အဖန်တလဲလဲ ရှုခြင်းဟူသော အကျိုး။	el beneficio que es el contemplar repetidamente la alteración.	the benefit that is the repeated contemplating of change.	အကျိုး rendered 'benefit' (attha); 'meaning' also possible
153341	vipariṇāmupaṭṭhānakusala	ဖောက်ပြန်ခြင်း၏ ထင်ခြင်း၌ လိမ္မာသော။	hábil en el manifestarse de la alteración.	skilled in the appearing of change.	-kusala here 'skilled' (Burmese လိမ္မာ), not sano
153343	vipariṇāmetabba	ဖောက်ပြန်စေအပ်သည်၏အဖြစ်။	el hecho de ser alterado.	the state of being made to change.	label တိ but the gloss is a noun
153351	vipariphandati	အထူးထူး အပြားပြား တုန်လှုပ်၏။	tiembla de diversas y múltiples maneras.	trembles in diverse and manifold ways.	no label
153352	viparipphandati	အထူးထူး အပြားပြား တုန်လှုပ်၏	tiembla de diversas y múltiples maneras.	trembles in diverse and manifold ways.	no label; final ။ missing
153357	vipariyatta	ဖောက်ပြန်သော။	pervertido.	perverted.	no label
153358	vipariyattha	ဖောက်ပြန်သော။	pervertido.	perverted.	no label
153360	vipariyāya	(၁) (က) ဖောက်ပြန်ခြင်း၊ ပြောင်းလဲခြင်း။ (ခ) ပြန်ခြင်း၊ ပြောင်းပြန်ပြန်ခြင်း။ (၂) ပြန်သော၊ ပြောင်းပြန်ပြန်သော။	(1) (a) el pervertirse; el cambiar. (b) el volver; el volver al revés. (2) que vuelve; que vuelve al revés.	(1) (a) going wrong; changing. (b) turning back; turning the other way round. (2) turning back; turning the other way round.	no label
153369	vipariyesaggāhī	ဖောက်ပြန်-မှားယွင်း-သောအားဖြင့်-ယူလေ့ရှိ-ယူတတ်-သော၊ သူ။	que suele / tiende a tomar de manera pervertida / errónea (dicho de una persona).	in the habit of / apt to taking in a perverted / mistaken way (said of a person).	no label
153370	vipariyesagāhī	ဖောက်ပြန်-မှားယွင်း-သောအားဖြင့်-ယူလေ့ရှိ-ယူတတ်-သော၊ သူ။	que suele / tiende a tomar de manera pervertida / errónea (dicho de una persona).	in the habit of / apt to taking in a perverted / mistaken way (said of a person).	no label
153376	viparivattana	(၁) ဖောက်ပြန်ခြင်း၊ (၂) ပြန်-ပြောင်းလဲ-ခြင်း။ (၃) လည်ခြင်း။ (၄) ထက်ဝန်းကျင်မှ-လူးလည်း-လှိမ့်-ခြင်း။ (၅) ဖောက်ပြန်ရာ (ကာလ)။ (၆) ပြန်-ပြောင်းပြန်ပြန်-ရာ (ကာလ)။ (၁)  «S1» (၅) ဝိပရိဝတ္တနကာလ (၁) အနက်ကြည့်။ (၆) ဝိပရိဝတ္တနကာလ(၂) အနက်ကြည့်။	(1) el alterarse; (2) el volver / cambiar. (3) el girar. (4) el revolcarse / rodar por todas partes. (5) (el tiempo) en que se altera. (6) (el tiempo) en que se vuelve / se invierte. (1) Véase [[viparivattanākāra]]. (5) Véase [[viparivattanakāla]] (1), el significado. (6) Véase [[viparivattanakāla]] (2), el significado.	(1) changing; (2) turning back / altering. (3) turning. (4) rolling about / rolling from all sides. (5) (the time) at which one changes. (6) (the time) at which one turns back / turns round. (1) See [[viparivattanākāra]]. (5) See [[viparivattanakāla]] (1), the meaning. (6) See [[viparivattanakāla]] (2), the meaning.	'see X' left in the Burmese (ဝိပရိဝတ္တနကာလ senses 1, 2)
153383	viparivattitvā	(၁) ဖောက်ပြန်၍။ (၂) (ပြန်) လည်လိမ့်-၍၊ (ပက်လက်လန်၍)	(1) habiéndose alterado. (2) habiendo rodado (de vuelta); (habiendo quedado boca arriba).	(1) having changed. (2) having rolled (back); (having turned face up).	final ။ missing
153390	viparīta	(၁) ဖောက်ပြန်-မှားယွင်း-သော၊ ဖောက်ပြန်-မှားယွင်း-သော သညာ(စိတ်)ရှိသော။ (၂) ပြန်-ပြောင်းပြန်ပြန်-သော။ (၃) ဝိပရိတ် (သဒ္ဒါသုံး)။	(1) pervertido / errado; que tiene una *saññā* (mente) pervertida / errada. (2) vuelto / invertido. (3) *viparīta* (uso gramatical).	(1) perverted / mistaken; having a perverted / mistaken *saññā* (mind). (2) turned back / turned round. (3) *viparīta* (grammatical usage).	(3) ဝိပရိတ် (သဒ္ဒါသုံး) romanised viparīta; its grammatical sense is not explained
153408	viparītadassana	(၁) ဖောက်ပြန်-မှားယွင်း-သော-ဉာဏ်အမြင်-အယူ-ရှိသော၊ သူ။ (၂) ဖောက်ဖောက်ပြန်ပြန် မြင်တတ်သော။ (န) (၃) ဖောက်ပြန်သော ဉာဏ်အမြင်။	(1) que tiene una comprensión / opinión pervertida / errada (dicho de una persona). (2) que suele ver al revés. (neutro) (3) la comprensión pervertida.	(1) having a perverted / mistaken understanding / view (said of a person). (2) apt to see the wrong way round. (neuter) (3) perverted understanding.	ဉာဏ်အမြင် rendered 'comprensión / understanding' (lit. 'the seeing of knowledge')
153413	viparītapaññatti	ဖောက်ပြန်သော အခြင်းအရာအားဖြင့် ထင်လာသော တရားကို ပညတ်-အပြားအားဖြင့် သိစေ-ခြင်း။	el hacer conocer por *paññatti* / de diversas maneras el estado que aparece de modo pervertido.	the making known by *paññatti* / in various ways of a state that appears in a perverted mode.	ပညတ်-အပြားအားဖြင့် read as alternatives (the etymology pa- + ñatti); uncertain
153434	vipallaṭṭha	အောက်ပုဒ်ကြည့်။	Véase la entrada siguiente.	See the following headword.	no label; the definition is only a cross-reference
153435	vipallatta	ဖောက်ပြန်သော။	pervertido.	perverted.	no label
153436	vipallattha	ဖောက်ပြန်သော။	pervertido.	perverted.	no label
153437	vipallattagāha	(၁) ဖောက်ပြန်သည် ဖြစ်၍ ဖြစ်သော ယူဖမ်းသူ-စွဲလမ်း-ခြင်း-တတ်သော တရား။ (၂) ဖောက်ပြန်သောအားဖြင့် ယူ-ဖမ်းယူ-စွဲလမ်း-ခြင်း တတ်သော တရား။	(1) el tomar y capturar / aferrarse surgido por haberse pervertido; el estado que suele hacerlo. (2) el tomar / capturar / aferrarse de manera pervertida; el estado que suele hacerlo.	(1) the taking and seizing / clinging arising through having gone wrong; the state apt to do so. (2) the taking / seizing / clinging in a perverted way; the state apt to do so.	ယူဖမ်းသူ read as ယူဖမ်းယူ; the chain -ခြင်း-တတ်သော တရား read as two alternatives (the act; the state apt to it)
153445	vipallatthasaññī	ဖောက်ပြန်သော သညာရှိသော။	que tiene una *saññā* pervertida.	having a perverted *saññā*.	no label
153446	vipallāsa	(၁) ဖောက်ပြန်ခြင်း (ဖောက်ပြန်သောအားဖြင့် ယူခြင်း)။ «S1» (၂) ပြန်ပြောင်းလဲ-ခြင်း။ (၃) ပြန်-ပြောင်းလဲသော။ (၄) ဖောက်ပြန်သော အမှတ်သညာ။ (၅) ဝိပလ္လာသကထာ။ (၁) ဖောက်ပြန်ခြင်း (ဖောက်ပြန်သောအားဖြင့် ယူခြင်း)။	(1) el pervertirse (el tomar de manera pervertida). Véase también [[vipariyesa]]. (2) el cambiar de vuelta. (3) vuelto / cambiado. (4) la percepción (*saññā*) pervertida. (5) *vipallāsakathā*. (1) el pervertirse (el tomar de manera pervertida).	(1) perversion (the taking in a perverted way). See also [[vipariyesa]]. (2) changing back. (3) turned back / changed. (4) perverted perception (*saññā*). (5) *vipallāsakathā*. (1) perversion (the taking in a perverted way).	sense (1) is printed twice, the second time after (5)
153450	vipallāsagāha	ဖောက်ပြန်သောအားဖြင့် ယူခြင်း။	el tomar de manera pervertida.	the taking in a perverted way.	no label
153451	vipallāsaggāha	ဖောက်ပြန်သောအားဖြင့် ယူခြင်း။	el tomar de manera pervertida.	the taking in a perverted way.	no label
153454	vipallāsapaññatti	ဝိပလ္လာသပညတ်၊ ဝိပလ္လာသ(ဖောက်ပြန်ခြင်း) ကို ပညတ်- အပြားအားဖြင့် သိစေခြင်း။	la *vipallāsapaññatti*; el hacer conocer por *paññatti* / de diversas maneras el *vipallāsa* (la perversión).	*vipallāsapaññatti*; the making known by *paññatti* / in various ways of *vipallāsa* (perversion).	ပညတ်- အပြားအားဖြင့် read as alternatives (the etymology pa- + ñatti); uncertain
153455	vipallāsapahāna	(၁) ဝိပလ္လာသ-ဖောက်ပြန်ခြင်း-ကို ပယ်တတ်သော။ (န) (၂) ဝိပလ္လာသ-ဖောက်ပြန်ခြင်း-ကိုပယ်ခြင်း။	(1) que suele abandonar el *vipallāsa* / la perversión. (neutro) (2) el abandonar el *vipallāsa* / la perversión.	(1) apt to abandon *vipallāsa* / perversion. (neuter) (2) the abandoning of *vipallāsa* / perversion.	no label
153456	vipallāsappahāna	(၁) ဝိပလ္လာသ-ဖောက်ပြန်ခြင်း-ကို ပယ်တတ်သော။ (န) (၂) ဝိပလ္လာသ-ဖောက်ပြန်ခြင်း-ကိုပယ်ခြင်း။	(1) que suele abandonar el *vipallāsa* / la perversión. (neutro) (2) el abandonar el *vipallāsa* / la perversión.	(1) apt to abandon *vipallāsa* / perversion. (neuter) (2) the abandoning of *vipallāsa* / perversion.	no label
153466	vipallāsasañña	(၁) ဖောက်ပြန်သော အမှတ်သညာရှိသော။ (ထီ) (၂) ဖောက်ပြန်သာ အမှတ်သညာ။	(1) que tiene una percepción (*saññā*) pervertida. (femenino) (2) la percepción (*saññā*) pervertida.	(1) having perverted perception (*saññā*). (feminine) (2) perverted perception (*saññā*).	ဖောက်ပြန်သာ read as ဖောက်ပြန်သော
153468	vipallāsasāmañña	ဝိပလ္လာသ၏အဖြစ်ဖြင့် တူသည်၏အဖြစ်။	el hecho de ser semejante en cuanto a ser *vipallāsa*.	the state of being alike in being *vipallāsa*.	no label
153475	vipassa	ရှု-သုံးသပ်-လော။	¡contempla / examina!	contemplate / examine!	…လော under an imperative headword read as the imperative လော့ (misprint)
153480	vipassatha	ရှု-သုံးသပ်-ကုန်လော။	¡contemplad / examinad!	contemplate / examine! (plural)	…လော under an imperative headword (-tha) read as the imperative လော့ (misprint)
153482	vipassana	အထူးသဖြင့်-ကြည့်ရှုဖူးမျှော်-ထိုက်-သင့်-သည်၏အဖြစ်။	el hecho de ser digno / apropiado de ser contemplado con veneración de modo especial.	the state of being worthy / fit to be beheld with reverence in a special way.	label တိ but the gloss is an abstract noun
153488	vipassanattha	(၁) ဝိပဿနာဟူသော အကျိုးရှိသော။ (ပု) (၂) ဝိပဿနာရှုခြင်းဟူသော အကျိုး။	(1) que tiene por beneficio la *vipassanā*. (masculino) (2) el beneficio que es el contemplar *vipassanā*.	(1) having *vipassanā* as its benefit. (masculine) (2) the benefit that is the contemplating of *vipassanā*.	အကျိုး rendered 'benefit' (attha)
153489	vipassanatthika	ဝိပဿနာရှုခြင်း-ဖြင့်-ကို-အလိုရှိသော၊ ဝိပဿနာရှုလိုသော၊ သူ။	que desea (con / por) el contemplar *vipassanā*; que quiere contemplar *vipassanā* (dicho de una persona).	desiring (with / for) the contemplating of *vipassanā*; wishing to contemplate *vipassanā* (said of a person).	case alternatives ဖြင့်-ကို rendered 'con / por'
153494	vipassanākammaṭṭhāna	ဝိပဿနာကမ္မဋ္ဌာန်း၊ တေဘူမကသင်္ခါရတရားတို့ကို "အနိစ္စ,ဒုက္ခ,အနတ္တ"ဟု ရှုမှတ်သည့် ကမ္မဋ္ဌာန်း။ (ဝိပဿနာကမ္မဋ္ဌာန်း ပွါးများအားထုတ်နည်းကို ဝိပဿန-ကြည့်)။	el *kammaṭṭhāna* de *vipassanā*; el *kammaṭṭhāna* en que se contemplan los estados *tebhūmakasaṅkhāra* como “*anicca*, *dukkha*, *anatta*”. (Para el método de cultivar y practicar el *kammaṭṭhāna* de *vipassanā*, véase *vipassana*.)	the *vipassanā* *kammaṭṭhāna*; the *kammaṭṭhāna* in which the *tebhūmakasaṅkhāra* states are contemplated as “*anicca*, *dukkha*, *anatta*”. (For the method of developing and practising the *vipassanā* *kammaṭṭhāna*, see *vipassana*.)	'see X' left in the Burmese (ဝိပဿန)
153501	vipassanākiccapāripūrī	ဝိပဿနာရှုခြင်း အမှုကိစ္စ၏ ပြည့်စုံခြင်း။	el cumplimiento de la función de contemplar *vipassanā*.	the fulfilment of the function of contemplating *vipassanā*.	label တိ but the gloss is a noun
153502	vipassanākusala	(၁) ဝိပဿနာ၌-လိမ္မာ-ကျွမ်းကျင်-သော၊ သူ။ (န) (၂) အနိစ္စအစရှိသော အထူးထူးသော အခြင်းအရာအားဖြင့် ရှုတတ်-ရှုကြောင်းဖြစ်-သော ကုသိုလ်၊ ဝိပဿနာကုသိုလ်။	(1) hábil / experto en la *vipassanā* (dicho de una persona). (neutro) (2) lo sano que suele contemplar / que es medio para contemplar bajo diversos aspectos que comienzan por *anicca*; lo sano de *vipassanā*.	(1) skilled / expert in *vipassanā* (said of a person). (neuter) (2) the wholesome that is apt to contemplate / is the means of contemplating under diverse aspects beginning with *anicca*; the wholesome of *vipassanā*.	sense (1) -kusala 'skilled' (Burmese လိမ္မာ); sense (2) ကုသိုလ် as sano
153511	vipassanāgamana	ဝိပဿနာဉာဏ်ဟူသော ဖြစ်ကြောင်း၊ မဂ်ဖိုလ်ဖြစ်ပော်ကြောင်းဖြစ်သည့် ဝိပဿနာဉာဏ်။	la causa del surgir que es el conocimiento de *vipassanā*; el conocimiento de *vipassanā* que es causa del surgir del *magga* y el *phala*.	the cause of arising that is the knowledge of *vipassanā*; the knowledge of *vipassanā* that is the cause of the arising of *magga* and *phala*.	ဖြစ်ပော် read as ဖြစ်ပေါ်
153530	vipassanāñāṇa	ဝိပဿနာဉာဏ်။ «S1» မူရင်းကြည့်ပါ။	el conocimiento de *vipassanā*. Véase también [[vipassanā]]. Véase el original.	the knowledge of *vipassanā*. See also [[vipassanā]]. See the original.	'see the original' (မူရင်းကြည့်ပါ) rendered literally
153541	vipassanātthika	ဝိပဿနာ-ဖြင့်-ကို-အလိုရှိသော၊ သူ။	que desea (con / por) la *vipassanā* (dicho de una persona).	desiring (with / for) *vipassanā* (said of a person).	case alternatives ဖြင့်-ကို rendered 'con / por'
153553	vipassanāniyama	ဝိပဿနာဟူသော မှတ်ကြောင်း။	la marca distintiva que es la *vipassanā*.	the distinguishing mark that is *vipassanā*.	မှတ်ကြောင်း ('means of noting, mark') for -niyama; uncertain
153555	vipassanānisaṁsa	(၁) ဝိပဿနာဟူသော-အကျိုး-အာနိသင်ရှိသော။ (ပု) (၂) ဝိပိဿနာ-ဝိပဿနာရှုခြင်း-၏ အကျိုး-အာနိသင်။	(1) que tiene como fruto / beneficio la *vipassanā*. (masculino) (2) el fruto / beneficio de la *vipassanā* / del contemplar *vipassanā*.	(1) having *vipassanā* as its fruit / benefit. (masculine) (2) the fruit / benefit of *vipassanā* / of contemplating *vipassanā*.	ဝိပိဿနာ (misprint) read as ဝိပဿနာ
153560	vipassanānupubba	ဝိပဿနာ၏အစဉ်။	la secuencia de la *vipassanā*.	the sequence of *vipassanā*.	label တိ but the gloss is a noun
153574	vipassanāpaṭikkhepa	ဝိပဿနာကို-တားမြစ်-ပယ်မြစ်ခြင်း။	el impedir / rechazar la *vipassanā*.	the forbidding / rejecting of *vipassanā*.	ပယ်မြစ် (paṭikkhepa) rendered 'rechazar / reject'
153576	vipassanāpaṭipattisampadā	ဝိပဿနာအကျင့်၏-ပြည်စုံ-ပြီးစီး-ခြင်း။	la plenitud / consumación de la práctica de *vipassanā*.	the fulfilment / completion of the practice of *vipassanā*.	no label; ပြည်စုံ read as ပြည့်စုံ
153578	vipassanāpaṭilābha	ဝိပဿနာကိုရခြင်း။	el obtener la *vipassanā*.	the obtaining of *vipassanā*.	no label
153579	vipassanāpaṭivipassanā	(၁) ဝိပဿနာဉာဏ်ဖြင့် တဖန်ဝိပဿနာရှုခြင်း (ဝိပဿနာဉာဏ်ဖြင့် တဖန်ဝိပဿနာဉာဏ်ကို ရှုခြင်း။ အဘိ၊ဋ္ဌ၊၂။ နေရင်း၊သျ)။ (၂) ရှုခြင်း,တဖန်ရှုခြင်း။ (၂) အောက်ပုဒ်ကြည့်။	(1) el contemplar de nuevo con *vipassanā* mediante el conocimiento de *vipassanā* (el contemplar de nuevo el conocimiento de *vipassanā* mediante el conocimiento de *vipassanā*). (2) el contemplar, el volver a contemplar. (2) Véase la entrada siguiente.	(1) the contemplating again with *vipassanā* by means of the knowledge of *vipassanā* (the contemplating again of the knowledge of *vipassanā* by means of the knowledge of *vipassanā*). (2) contemplating, contemplating again. (2) See the following headword.	citation အဘိ၊ဋ္ဌ၊၂ and the source tag နေရင်း၊သျ dropped
153583	vipassanāpadaṭṭhāna	ဝိပဿနာဉာဏ်-လျှင်-ဟူသော-နီးစွာသော အကြောင်းရှိသော။	que tiene como causa próxima el conocimiento de *vipassanā*.	having the knowledge of *vipassanā* as its proximate cause.	hyphenated particles လျှင်-ဟူသော (two ways of marking the apposition) rendered once
153603	vipassanāpubbaṅgama	ဝိပဿနာလျှင် ရှေ့သွား-ပြဓာန်းခြင်း ရှိသော။	que tiene la *vipassanā* como precursora / como predominante.	having *vipassanā* as forerunner / as predominant.	no label
153610	vipassanābbhantara	ဝိပဿနာ၏အတွင်း။	el interior de la *vipassanā*.	the inside of *vipassanā*.	label တိ but the gloss is a noun
153624	vipassanāmagga	(၁) ဝိပဿနာမဂ်၊ ဝိပဿနာဟသောမဂ်။ (၂) ဝိပဿနာတရား,မဂ်တရား။ (၂) အောက်ပုဒ်ကြည့်။	(1) *vipassanāmagga*; el *magga* que es *vipassanā*. (2) el estado de *vipassanā* y el estado de *magga*. (2) Véase la entrada siguiente.	(1) *vipassanāmagga*; the *magga* that is *vipassanā*. (2) the state of *vipassanā* and the state of *magga*. (2) See the next entry.	sense number (2) printed twice; ဝိပဿနာဟသော read as misprint for ဝိပဿနာဟူသော; 'see the entry below' left in the Burmese
153626	vipassanāmaggaphalakkhaṇa	ဝိပဿနာ,မဂ်,ဖိုလ်တို့၏ ခဏ (ဝိပဿနာ,မဂ်,ဖိုလ်တို့၏ ဥပါဒ်ခဏ,ဌီခဏ,ဘင်ခဏ)။	el instante de *vipassanā*, *magga* y *phala* (el *uppādakkhaṇa*, el *ṭhitikkhaṇa* y el *bhaṅgakkhaṇa* de *vipassanā*, *magga* y *phala*).	the moment of *vipassanā*, *magga* and *phala* (the *uppādakkhaṇa*, *ṭhitikkhaṇa* and *bhaṅgakkhaṇa* of *vipassanā*, *magga* and *phala*).	ဌီခဏ romanised as ṭhitikkhaṇa (the print's ဌီ = ṭhī)
153633	vipassanāyāna	ဝိပဿနာဟူသော ယာဉ်၊ (နိဗ္ဗာန်သို့ သွား-ရောက်-ကြောင်း-ဖြစ်သည့် ဝိပဿနာယာဉ်)။	el vehículo que es *vipassanā*; (el vehículo de *vipassanā*, que es el medio para ir / llegar / causa de llegar a *nibbāna*).	the vehicle that is *vipassanā*; (the vehicle of *vipassanā*, which is the means of going / arriving / cause of reaching *nibbāna*).	hyphen chain သွား-ရောက်-ကြောင်း rendered as printed; ကြောင်း may just close 'the cause of going and arriving'
153640	vipassanālakkhaṇa	(၁) ဝိပဿနာလျှင်-မှတ်ကြောင်း-လက္ခဏာ-ရှိသော။ (န) (၂) မှတ်အပ်သော ဝိပဿနာ၊ ဝိပဿနာဟူသော သဘော-လက္ခဏာ၊ ဝိပဿနာဟူသော သဘော-လက္ခဏာ၊ ဝိပဿနာလက္ခဏာ။	(1) que tiene *vipassanā* como medio de reconocimiento / característica. (neutro) (2) *vipassanā* que ha de ser observada; la naturaleza / característica que es *vipassanā*; la naturaleza / característica que es *vipassanā*; *vipassanālakkhaṇā*.	(1) having *vipassanā* as its mark of recognition / characteristic. (neuter) (2) *vipassanā* that is to be noted; the nature / characteristic that is *vipassanā*; the nature / characteristic that is *vipassanā*; *vipassanālakkhaṇā*.	the alternative 'ဝိပဿနာဟူသော သဘော-လက္ခဏာ' is printed twice; kept
153648	vipassanāviññāṇagatika	ဝိပဿနာဝိညာဉ်၏ အလားကဲ့သို့သော အလားရှိသော။	que tiene un curso semejante al curso del *vipassanāviññāṇa*.	having a course like the course of the *vipassanāviññāṇa*.	အလား (gati) rendered 'course'; could be 'destiny / tendency'
153650	vipassanāvimutta	ဝိပဿနာမှ အထူးသဖြင့်-လွတ်-လွတ်ကင်း-လွတ်မြောက်-ပြီးသော။	que ha quedado especialmente / suelto / libre / liberado por *vipassanā*.	especially / loosed / freed / released by *vipassanā*.	ဝိပဿနာမှ may mean 'from' or 'by means of' vipassanā; rendered 'by'
153660	vipassanāsamaññā	ဝိပဿနာဟူသော အမည် သညာ။	el nombre, la designación (*saññā*) *vipassanā*.	the name, the designation (*saññā*) *vipassanā*.	သညာ here in the sense 'designation, name' (samaññā), not perception
153665	vipassanāsambhāra	ဝိပဿနာဉာဏ်၏ အဆောက်အဦ။	la edificación del conocimiento de *vipassanā*.	the building up of the knowledge of *vipassanā*.	အဆောက်အဦ (sambhāra) rendered 'building up'; could be 'equipment / requisites'
153667	vipassanāsammādiṭṭhi	(က) ဝိပဿနာဉာဏ်ဟုဆိုအပ်သော မှတ်ကန်သော အမြင်။ (ခ) မဖောက်မပြန်-မှန်မှန်ကန်ကန်-သိမြင်တတ်သော ဝိပဿနာဉာဏ်။	(a) la visión correcta llamada conocimiento de *vipassanā*. (b) el conocimiento de *vipassanā* que suele conocer y ver sin distorsión / correcta y exactamente.	(a) the correct view called the knowledge of *vipassanā*. (b) the knowledge of *vipassanā* apt to know and see without distortion / rightly and exactly.	မှတ်ကန်သော read as misprint for မှန်ကန်သော 'correct'
153675	vipassanāsopāna	ဝိပဿနာဟုဆိုအပ်သော- စောင်းတန်း-လှေကား၊ ဝိပဿနာ-စောင်းတန်း-လှေးကား။	la escalinata / escalera llamada *vipassanā*; la escalinata / escalera de *vipassanā*.	the flight of steps / ladder called *vipassanā*; the flight of steps / ladder of *vipassanā*.	လှေးကား read as misprint for လှေကား
153679	vipassanupakkilesa	ဝိပဿနာကို-ညစ်ညူး-ညစ်နွမ်း-စေတတ်သော တရား။ ဝိပဿနာ (၃) အနက်လည်းကြည့်။	el estado que suele manchar / ensuciar *vipassanā*. Véase también [[vipassanā]] (sentido 3).	the state apt to defile / soil *vipassanā*. See also [[vipassanā]] (sense 3).	'see also X (sense 3)' left in the Burmese
153681	vipassanupaga	ဝိပပဿနာရှုခြင်းငှါ-လျော်-လျောက်ပန်-သော။	adecuado / apropiado para contemplar con *vipapassanā*.	suitable / fit for contemplating with *vipapassanā*.	ဝိပပဿနာ (misprint for ဝိပဿနာ) and လျောက်ပန် (for လျောက်ပတ်) copied as printed; label န on an adjectival gloss
153682	vipassanūpaga	ဝိပပဿနာရှုခြင်းငှါ-လျော်-လျောက်ပန်-သော။	adecuado / apropiado para contemplar con *vipapassanā*.	suitable / fit for contemplating with *vipapassanā*.	ဝိပပဿနာ (misprint for ဝိပဿနာ) and လျောက်ပန် (for လျောက်ပတ်) copied as printed
153698	vipassitabba	အနိစ္စအစရှိသော အထူးထူးသော အခြင်းအရာအားဖြင့် ရှု-အပ-သင့်-ထိုက်-သော။	que ha de / conviene / merece ser contemplado de diversos modos que comienzan por *anicca*.	to be / fit to be / worthy to be contemplated in various modes beginning with *anicca*.	အပ read as misprint for အပ်
153700	vipassituṁ	အနိစ္စအစရှိသော အခြင်းအရာအားဖြင့်-ရှု-သုံးသပ်-ခြင်းငှါ။	para contemplar / examinar de modos que comienzan por *anicca*.	in order to contemplate / examine in modes beginning with *anicca*.	label ဗျ (indeclinable) not in the brief's table
153701	vipassitvā	အနိစ္စအစရှိသော အထူးထူးသော အခြင်းအရာအားဖငြ့-ရှု-သုံးသပ်-၍။	habiendo contemplado / examinado de diversos modos que comienzan por *anicca*.	having contemplated / examined in various modes beginning with *anicca*.	အားဖငြ့ read as misprint for အားဖြင့်
153702	vipassidasabala	အောက်ပုဒ်ကြည့်။	Véase la entrada siguiente.	See the next entry.	'see the entry below' left in the Burmese
153710	vipassissāma	(ငါတို့) အနိစ္စအစရှိသော အထူးထူး အပြားပြားသော သော အခြင်းအရာအားဖြင့် ရှုကုန်-အံ့-လတ္တံ့-လိမ့်မည်။	(nosotros) contemplaremos de modos diversos y variados que comienzan por *anicca*.	(we) shall contemplate in diverse and various modes beginning with *anicca*.	သော printed twice
153711	vipassī	(၁) (က) ဝိပဿီမြတ်စွာဘုရား။ (ခ) ဝိပဿီဘုရားလောင်း။ (၂) အနိစ္စအစရှိသော အထူးထူးအပြားပြားသော အခြင်းအရာအားဖြင့် ရှုတတ်သော၊ ဝိပဿနာ ရှုတတ်သော။ သူ။ (၃) ဝိပဿီသုတ်။	(1) (a) el Buddha *vipassī*. (b) el *bodhisatta* *vipassī*. (2) que suele contemplar de modos diversos y variados que comienzan por *anicca*; que suele contemplar con *vipassanā* (dicho de una persona). (3) el *vipassīsutta*.	(1) (a) the Buddha *vipassī*. (b) the *bodhisatta* *vipassī*. (2) apt to contemplate in diverse and various modes beginning with *anicca*; apt to contemplate with *vipassanā* (said of a person). (3) the *vipassīsutta*.	print has '။ သူ။' (full stop before သူ), read as the usual '၊ သူ'
153718	vipāka	(၁) (ကံနှင့်) တူသော အကျိုး။ (၂) အချင်းချင်းထူးကုန်သော ကုသိုလ်,အကုသိုလ်တို့၏ အကျိုး၊ ဝိပါက်-စိတ်-ဝိညာဉ်-နာမက္ခန္ဓာ။ (၃) အကျိုးဖြစ်သော (က) အတ္တဘော၊ (ခ) ခော်ဝော်ပြောဆိုခြင်း၊ (ဂ) ကောင်းမကောင်း-သော အရာ၊ (ဃ) စိုးရိမ်ပူပန်,ငိုကြွေး မြည်တမ်းခြင်းစသည်။ (င) နတ်-လူ နိဗ္ဗာန်-၌ ဖြစ်သောစည်းစိမ်။ (၄) ပြီးခြင်း။ (၅) အကျိုးရင်း,အကျိုးဆက်,တူသော အကျိုးဟုဆိုအပ်သော ၃-ပါးသော အကျိုး။	(1) el resultado semejante (al *kamma*). (2) el resultado de lo sano y lo insano, que difieren entre sí; *vipāka* / mente / *viññāṇa* / *nāmakkhandhā*. (3) que es resultado: (a) la existencia individual; (b) el hablar con aspereza; (c) la cosa buena / no buena; (d) la angustia, la preocupación, el llanto, el lamento y demás. (e) la prosperidad que se da entre los *deva* / los seres humanos, en *nibbāna*. (4) la consumación. (5) los 3 tipos de resultado llamados resultado principal, resultado consecuente y resultado semejante.	(1) the result similar (to the *kamma*). (2) the result of the wholesome and the unwholesome, which differ from one another; *vipāka* / mind / *viññāṇa* / *nāmakkhandhā*. (3) being a result: (a) individual existence; (b) speaking harshly; (c) a thing good / not good; (d) sorrow, worry, weeping, lamenting and so on. (e) the prosperity arising among *deva* / human beings, in *nibbāna*. (4) completion. (5) the 3 kinds of result called the principal result, the consequent result and the similar result.	(3)(e) hyphens 'နတ်-လူ နိဗ္ဗာန်-၌' read as the three prosperities (deva, human, nibbāna); ခော်ဝော်ပြောဆိုခြင်း 'speaking harshly' tentative
153723	vipākakāla	အကျိုးပေရာ-အခါ-ကာလ။	el momento / tiempo en que se da el resultado.	the occasion / time when the result is given.	ပေရာ read as misprint for ပေးရာ
153730	vipākacitta	ဝိပါက်စိတ်၊ (ဝိပါက်စိတ်သည် ကာမဝိပါက်စိတ် ၂၃-ပါး၊ မဟဂ္ဂုတ်ဝိပါက်စိတ် ၉-ပါး၊ လောကုတ္တရာ ဝိပါက်စိတ် ၄-ပါးအားဖြင့် ပေါင်း (၃၆)ပါးရှိ၏။ အဘိဓမ္မတ္ထသင်္ဂဟ။ စိတ်ပိုင်း။ ဝိသုဒ္ဓိ၊ ၂။ ၈၆)။	*vipākacitta*; (hay 36 *vipākacitta* en total: 23 *kāmavipākacitta*, 9 *mahaggatavipākacitta* y 4 *lokuttaravipākacitta*).	*vipākacitta*; (there are 36 *vipākacitta* in all: 23 *kāmavipākacitta*, 9 *mahaggatavipākacitta* and 4 *lokuttaravipākacitta*).	source citations (Abhidhammatthasaṅgaha, citta chapter; Visuddhi 2.86) dropped
153735	vipākacittasamuṭṭhāna	သိပါက်စိတ်လျှင် ဖြစ်ကြောင်းရှိသော။	que tiene al *vipākacitta* como causa de su surgimiento.	having the *vipākacitta* as the cause of its arising.	သိပါက်စိတ် read as misprint for ဝိပါက်စိတ်
153745	vipākatthika	ဝိပါကတိက်။	*vipākattika*.	*vipākattika*.	ဝိပါကတိက် read as the triad of results (vipākattika); headword printed vipākatthika
153747	vipākadāna	(၁) အကျိုးကိုပေးခြင်း။ (၂) အကျိုးပေးရာ။ (၂) အောက်ပုဒ်ကြည့်။	(1) el dar resultado. (2) aquello en que se da el resultado. (2) Véase la entrada siguiente.	(1) giving a result. (2) that in which the result is given. (2) See the next entry.	sense number (2) printed twice; 'see the entry below' left in the Burmese
153760	vipākadvāra	ဝိပါက်ဖြစ်သော ဒွါရ၊ မနောဒွါရ၊ (လဝင်္ဂုပစ္ဆေဒ ၁၉-ခု)။	el *dvāra* que es *vipāka*; la *manodvāra*; (los 19 *lavaṅgupaccheda*).	the *dvāra* that is *vipāka*; the *manodvāra*; (the 19 *lavaṅgupaccheda*).	လဝင်္ဂုပစ္ဆေဒ copied as printed; probably a misprint for ဘဝင်္ဂုပစ္ဆေဒ (bhavaṅgupaccheda)
153761	vipākadhamma	(၁) အကျိုးကို-ရင့်-ကျက်-ဖြစ်-စေခြင်းသဘောရှိသော။	(1) que tiene la naturaleza de hacer madurar / sazonar / surgir el resultado.	(1) having the nature of making the result ripen / mature / arise.	only sense (1) printed
153772	vipākadhammasabhāva	ဝိပါကဓမ္မတို့၏ သဘော၊ အကျိုးကို-ဖြစ်ရင်-ကျက်-စေခြင်းသဘောရှိသော ကုသိုလ် တို့၏ သဘော။	la naturaleza de los *vipākadhamma*; la naturaleza de los estados sanos que tienen la naturaleza de hacer surgir / madurar / sazonar el resultado.	the nature of the *vipākadhamma*; the nature of the wholesome states having the nature of making the result arise / ripen / mature.	ဖြစ်ရင်-ကျက် read as ဖြစ်-ရင့်-ကျက်
153779	vipākaniyamadassana	ဝိပါက်ကို မှတ်ခြင်းကို ပြခြင်း။	el mostrar el señalamiento del *vipāka*.	showing the marking of the *vipāka*.	မှတ်ခြင်း for niyama; perhaps 'determination / fixing' of the result
153780	vipākanirutti	အကျိုး-ဝိပါက်-ဟူ၍ ခော်ဝော်ပြောဆိုခြင်း။	el llamar «resultado» / «*vipāka*».	calling it 'result' / '*vipāka*'.	ခော်ဝော် read as a spelling of ခေါ်ဝေါ် 'to call, name' (nirutti)
153787	vipākapakatika	အကျိုးကို-ဖြစ်-ကျက်-စေခြင်း-သဘော-ပြုကတေ့-ရှိသော။	que tiene por naturaleza / índole innata el hacer surgir / sazonar el resultado.	having as its nature / innate disposition making the result arise / mature.	ပြုကတေ့ read as misprint for ပကတေ့ (pakati)
153792	vipākapaccayavantu	ဝိပါက ပစ္စည်းရှိသော၊ ဝိပါပစ္စည်သည် ကျေးဇူးပြုအပ်သော။	que tiene *vipākapaccaya*; ayudado por el *vipākapaccaya*.	having *vipākapaccaya*; helped by the *vipākapaccaya*.	ဝိပါပစ္စည် read as misprint for ဝိပါကပစ္စည်း
153793	vipākapaññatti	ဝိပါကပညတ်၊ ဝိပါတ်-အကျိုး-ဟူ၍ ပညတ်ခြင်း။	*vipākapaññatti*; el designar como *vipāka* / resultado.	*vipākapaññatti*; designating as *vipāka* / result.	ဝိပါတ် read as misprint for ဝိပါက်
153795	vipākapaṭikkhepanivattana	ဝိပါက်-အကျိုး-ကို ပယ်ခြင်းကို နစ်စေခြင်း။	el hacer hundirse el rechazo del *vipāka* / resultado.	causing the rejection of the *vipāka* / result to sink.	ပယ်ခြင်း here is paṭikkhepa, rendered rechazo / rejection; နစ်စေ 'cause to sink' for nivattana (i.e. setting aside) rendered literally
153806	vipākaparāyaṇa	(ပဝတ္တိအားဖြင့်) ဝိပါက်ဟူသော-လည်းလျောင်း-မှီခို-ပုန်းအောင်း-ရာရှိသော။	(por *pavatti*) que tiene el *vipāka* como lugar donde reclinarse / apoyarse / refugiarse.	(by way of *pavatti*) having the *vipāka* as the place to lie down / depend on / take shelter in.	လည်းလျောင်း read as misprint for လဲလျောင်း 'lie down'
153820	vipākabhava	ဝိပါကဘဝ၊ ဝိပါက်=နာမက္ခန္ဓာဟူသော ဘဝ၊ ထင်ရှား ဖြစ်ပော်လာတတ်သော ဝိပါက်နာမက္ခန္ဓာ။	*vipākabhava*; el *bhava* que es *vipāka* (= *nāmakkhandhā*); el *vipākanāmakkhandha* que suele surgir / manifestarse claramente.	*vipākabhava*; the *bhava* that is *vipāka* (= *nāmakkhandhā*); the *vipākanāmakkhandha* apt to arise / become clearly manifest.	ဖြစ်ပော် read as ဖြစ်ပေါ်
153839	vipākavaṭṭa	ဝိပါကဝဋ်၊ အဖန်တလဲလဲ လိမ့်လည်တတ်သော အကျိုးဝိပါက်(နာမ်ယရုပ်)။ မူရင်းကြည့်ပါ။	*vipākavaṭṭa*; el resultado (*vipāka*) que suele girar una y otra vez (*nāma* y *rūpa*). Véase el original.	*vipākavaṭṭa*; the result (*vipāka*) apt to revolve again and again (*nāma* and *rūpa*). See the original.	'see the original' rendered literally; နာမ်ယရုပ် read as နာမ်,ရုပ် (ယ a misprint)
153845	vipākavārapaṭilābha	အကျိုးပေးခြင်း၏-အလှည့်-အကြိမ်-အခွင့်-အခွင့်-အခါ။	el turno / la vez / la oportunidad / la oportunidad / el momento de dar resultado.	the turn / occasion / opportunity / opportunity / time of giving a result.	အခွင့် printed twice; kept
153847	vipākavidhi	ဝိပါတ်ကိုစီရင်ခြင်း၊ ဝိပါက်အစီအရင်။	el disponer el *vipāka*; el método del *vipāka*.	arranging the *vipāka*; the method of the *vipāka*.	ဝိပါတ် read as misprint for ဝိပါက်
153852	vipākavisesa	ဝိပါက်၏(ယုတ်ညံ့သည်၏အဖြစ်ယမြင့်မြတ်သည်၏အဖြစ်အစရှိသော)အထူး။	la particularidad del *vipāka* (el hecho de ser inferior; el hecho de ser elevado, y demás).	the particularity of the *vipāka* (being inferior; being exalted, and so on).	ယ between the two items read as the separator ၊
153861	vipākasaññā	ဝိပါက်ဟူသော-အမည်-သညာ။	el nombre / la designación (*saññā*) *vipāka*.	the name / designation (*saññā*) *vipāka*.	သညာ in the sense 'designation, name'
153868	vipākasabhāga	ဝိပါကသဘာဂ၊ဝိပါကပစ္စည်းနှင့် သဘောတူသော။ ပဋ္ဌာန။	*vipākasabhāga*; de igual naturaleza que el *vipākapaccaya*.	*vipākasabhāga*; of the same nature as the *vipākapaccaya*.	source tag ပဋ္ဌာန dropped as a citation
153877	vipākasahajātarūpa	သဟိတ်ဝိပါကမ်နှင့် အတူတကွဖြစ်သော ရုပ်၊ (သဟိတ်စိတ္တဇရုပ်ယ သဟိတ်ပဋိသန္ဓေကမ္မဇရုပ်)။	el *rūpa* que surge junto con el *vipāka* *sahetuka*; (el *cittajarūpa* *sahetuka*; el *kammajarūpa* de *paṭisandhi* *sahetuka*).	the *rūpa* arising together with the *sahetuka* *vipāka*; (the *sahetuka* *cittajarūpa*; the *kammajarūpa* of *sahetuka* *paṭisandhi*).	ဝိပါကမ် read as ဝိပါက်; ယ between the two items read as the separator ၊
153881	vipākasocana	ဝိပါက်-အကျိုး-ကြောင့်ဖြစ်သော စိုးရိမ်ခြင်း၊ စိုးရိမ်ဘွယ်ရှိသော အကျိုး(သျ)။	la preocupación que surge a causa del *vipāka* / resultado; el resultado que da motivo de preocupación (‹သျ›).	the worry arising because of the *vipāka* / result; the result that gives cause for worry (‹သျ›).	(သျ) after the second gloss is unclear; left in ‹ ›
153884	vipākājanakakammasamuṭṭhāna	ဝိပါက်-အကျိုးရင်း-ကို မဖြစ်စေတတ်သော က့=အကျိုးဆက်မျှကိုသာ ပေးတတ်သောကံလျှင်ဖြစ်ကြောင်းရှိသော၊ (ရုပ်)။	que tiene como causa de su surgimiento el *kamma* que no suele producir el *vipāka* / resultado principal, es decir, el *kamma* que solo suele dar el mero resultado consecuente (*rūpa*).	having as the cause of its arising the *kamma* that is not apt to produce the *vipāka* / principal result, that is, the *kamma* apt to give only the mere consequent result (*rūpa*).	'က့=' garbled; read as ကံ = 'kamma, namely'
153886	vipākādhipati	ဝိပါတက်ဖြစ်သော အဓိပတိ၊ ( ဆန္ဒယ ဝီရိယယ စိတ္တယဝီမံသ)။	el *adhipati* que es *vipāka*; (*chanda*, *vīriya*, *citta*, *vīmaṁsa*).	the *adhipati* that is *vipāka*; (*chanda*, *vīriya*, *citta*, *vīmaṁsa*).	ဝိပါတက် read as ဝိပါက်; ယ between list items read as a separator
153891	vipākānurūpa	ဝိပါတ်-အကျိုး-အား-သင့်လျော်-လျောက်ပတ်-သော။	adecuado / apropiado para el *vipāka* / resultado.	suitable / fit for the *vipāka* / result.	ဝိပါတ် read as misprint for ဝိပါက်
153903	vipākāvaraṇa	(ဈာန်ယမဂ်ယဖိုလ်တရားတို့ကို) ပိတ်ပင်-တားဆီး-တားမြစ်တတ်သော ဝိပါက်(အဟိတ်ပဋိသန္ဒေယဒွိဟိတ်ပဋိသန္ဓေ)။	el *vipāka* que suele obstruir / bloquear / impedir (los estados de *jhāna*, *magga* y *phala*) (*ahetukapaṭisandhi*, *dvihetukapaṭisandhi*).	the *vipāka* apt to obstruct / block / prevent (the states of *jhāna*, *magga* and *phala*) (*ahetukapaṭisandhi*, *dvihetukapaṭisandhi*).	ယ between list items read as a separator; ပဋိသန္ဒေ read as ပဋိသန္ဓေ
153904	vipākāvaraṇasamaṅgī	(ဈာန်ယမဂ်ယဖိုလ်တရားတို့ကို) ပိတ်ပင်-တားဆီး-တားမြစ်-တတ်သော-ဝိပါက်-ပဋိသန္ဓေ-နှင့်ပြည့်စုံသော။	dotado de *vipāka* / *paṭisandhi* que suele obstruir / bloquear / impedir (los estados de *jhāna*, *magga* y *phala*).	endowed with *vipāka* / *paṭisandhi* apt to obstruct / block / prevent (the states of *jhāna*, *magga* and *phala*).	ယ between list items read as a separator
153905	vipākāvaraṇābhāva	(ဈာနယ်မဂ်ယဖိုလ်တရားတို့ကို)ပိတ်ပင်-တားဆီး-တားမြစ်-တတ်သော-ဝိပါက်-ပဋိသန္ဓေ-၏မရှိခြင်း။	la inexistencia del *vipāka* / *paṭisandhi* que suele obstruir / bloquear / impedir (los estados de *jhāna*, *magga* y *phala*).	the non-existence of the *vipāka* / *paṭisandhi* apt to obstruct / block / prevent (the states of *jhāna*, *magga* and *phala*).	ဈာနယ် read as ဈာန်၊; ယ between list items read as a separator
153907	vipākāvipākasādhāraṇa	ဝိပါကယအဝိပါကတို့နှင့်ဆက်ဆံသော။	común al *vipāka* y al *avipāka*.	common to *vipāka* and *avipāka*.	ယ between the two terms read as a separator
153922	vipākuppādanasamattha	အကျိုးကို ဖြစ်ခြင်းငှါစွမ်းနိုင်သော။	capaz de hacer surgir el resultado.	able to make the result arise.	ဖြစ်ခြင်းငှါ read as ဖြစ်စေခြင်းငှါ (uppādana)
153929	vipāceti	(၁)အကျယ်ချဲ့-အဖန်တလဲလဲ-ဖရိုဖရဲ-ပြောဆို၏၊ ကျေးဇူးမဲ့ကို ရပ်ထိုထို၌ ဖရိုဖရဲ လွှင့်ကြဲအနှံ့ဖြန့်၏။ (၂)အကျိုးပေး၏။	(1) habla ampliando / una y otra vez / desordenadamente; esparce y difunde desordenadamente por todas partes, en estos y aquellos lugares, lo desprovisto de beneficio. (2) da resultado.	(1) speaks at length / again and again / confusedly; scatters and spreads confusedly everywhere, in this place and that, what is without benefit. (2) gives a result.	ကျေးဇူးမဲ့ 'what is without benefit' unclear here (possibly ingratitude / disparagement)
153930	vipācetuṁ	အကျိုးပေးခြင်းငှါ။ («S1»)	para dar resultado. (Véase también [[vipāceti]].)	in order to give a result. (See also [[vipāceti]].)	label ဗျ (indeclinable) not in the brief's table
153931	vipācenta	အကျယ်ချဲ့-အဖန်တလဲလဲ-ဖရိုဖရဲ-ပြောဆို-သော။ ကျေးဇူးမဲ့ကို ရပ်ထိုထို၌ လွှင့်ကြဲအနှံ့ ဖြန့်သော။ သူ	que habla ampliando / una y otra vez / desordenadamente; que esparce y difunde por todas partes, en estos y aquellos lugares, lo desprovisto de beneficio (dicho de una persona).	speaking at length / again and again / confusedly; scattering and spreading everywhere, in this place and that, what is without benefit (said of a person).	ကျေးဇူးမဲ့ unclear as in the verb entry; print has '။ သူ' with no final stop
153933	vipātenta	ကျစေ-ဖျက်ဆီး-တတ်သော။ ။ «S1»	que suele hacer caer / destruir. Véase [[vipātayanta]].	apt to make fall / destroy. See [[vipātayanta]].	double ။ in print
153939	vipina	(က)တော။ (ခ)အင်ကြင်းတော။	(a) el bosque. (b) el bosque de ‹အင်ကြင်း›.	(a) the forest. (b) the forest of ‹အင်ကြင်း›.	‹အင်ကြင်း› plant name left in Burmese; tentatively the sal tree (Shorea robusta)
153943	vipinabhūta	မျိုးစေ့တို့ကို စိုက်ပျိုးရာဖြစ်၍ဖြစ်သော။ «S1»	que ha llegado a ser por ser el lugar donde se siembran semillas. Véase [[vipinakānana]].	having come to be by being the place where seeds are sown. See [[vipinakānana]].	ဖြစ်၍ဖြစ်သော is awkward; perhaps 'being (a forest) as the place where seeds are sown'
153945	vipubba	(၁) ယိုစီးသော ပြည် ရှိသော သူသေကောင်။ (၂) ဝိ (ဥပသာရ) ရှေးရှိသော။ (၁) ပရိဘိန္နဋ္ဌာနေသု ဝိဿန္ဒမာနံ ပုဗ္ဗံ (ဝိဿန္ဒမာနပုဗ္ဗံ-သာသင့်) ဝိပုဗ္ဗံ။ အဘိ၊ ဌ၊ ၁။ ၂၄၂။ ပဋိသံ၊ ဌ၊ ၁။ ၂၁၈။ ဝိသုဒ္ဓိ၊ ၁။ ၁၇၃။ အံ၊ ဋီ၊ ၁။ ၂၇၂။ (-ဒီ၊ ဋ္ဌ၊ ၂။ ၃၆၂။ မ၊ ဋ္ဌ၊ ၁။ ၂၇၇။ အံ၊ ဋ္ဌ၊ ၃။ ၁၀၃)။ (အနေကတ္ထတ္တာ ဟိ ဓာတူနံ အရဟတ္ထော ဝိပုဗ္ဗော သုသဒ္ဒေါ။ မူလဋီ၊ ၁။ ၈၆။ (-သီ၊ ဋီ၊ သစ်၊ ၁။ ၃၃၇၊ ၃၆၉။ ဒီ၊ဋီ၊ ၂။ ၂၀၈)။	(1) el cadáver que tiene pus que rezuma. (2) que tiene delante *vi* (prefijo). (1) *paribhinnaṭṭhānesu vissandamānaṁ pubbaṁ* (solo *vissandamānapubbaṁ* es apropiado) *vipubbaṁ*. (*anekatthattā hi dhātūnaṁ arahattho vipubbo susaddo*).	(1) the corpse that has oozing pus. (2) having *vi* (a prefix) in front. (1) *paribhinnaṭṭhānesu vissandamānaṁ pubbaṁ* (only *vissandamānapubbaṁ* is fitting) *vipubbaṁ*. (*anekatthattā hi dhātūnaṁ arahattho vipubbo susaddo*).	citations (Abhi-ṭṭha, Paṭisaṁ-ṭṭha, Visuddhi, Aṁ-ṭī, Dī-ṭṭha, Ma-ṭṭha, Aṁ-ṭṭha, Mūlaṭī, Sī-ṭī) dropped; ဥပသာရ read as 'prefix' (upasagga); sense (1) number repeated for the quotation
153946	vipubbaka	(၁)ဝိပုဗ္ဗကအသုဘ—(က)ယိုစီးသောပြည်ရှိသော သူသေကောင်။ (ခ)စက်ဆုပ်-ရွံရှာ-ဖွယ် ယိုစီးသော ပြည်ရှိသောသူသေကောင်။ (၂)ဝိပုဗ္ဗကအသုဘကို အာရုံပြု၍ ဖြစ်ပော်လာသော ဥဂ္ဂဟနိမိတ်ယပဋိဘာဂနိမိတ်။	(1) *vipubbakaasubha*: (a) el cadáver que tiene pus que rezuma. (b) el cadáver repugnante / asqueroso que tiene pus que rezuma. (2) el *uggahanimitta* y el *paṭibhāganimitta* que surgen tomando como objeto el *vipubbakaasubha*.	(1) *vipubbakaasubha*: (a) the corpse that has oozing pus. (b) the repulsive / loathsome corpse that has oozing pus. (2) the *uggahanimitta* and the *paṭibhāganimitta* that arise taking the *vipubbakaasubha* as object.	ယ between the two nimittas read as a separator; ဖြစ်ပော် read as ဖြစ်ပေါ်
153949	vipubbakasaññā	(က)ဝိပုဗ္ဗက အသူဘနိမိတ်၌(အပ္ပနာ၏အစွမ်းဖြင့်)ဖြစ်သော သညာ၊ ဝိပုဗ္ဗကအသုဘနိမိတ်၌ (ပဌမဈာန်နှင့်တကွဖြစ်သော)သညာ၊ ထိုသညာ-အဦးရှိ-ပြဓာန်း-သောဈာန်၊ဝိပုဗ္ဗကဈာန်။ (ခ) "ဝိပုဗ္ဗကယဝိပုဗ္ဗက"ဟုပွါးများသော သူအား ဖြစ်သောသညာ၊ ထိုသညာ-အဦးရှိ-ပြဓာန်း-သော ဥပစာရဈာန်။	(a) la *saññā* que surge (por la fuerza de la *appanā*) en el *vipubbakāsubhanimitta*; la *saññā* (que surge junto con el *paṭhamajjhāna*) en el *vipubbakāsubhanimitta*; el *jhāna* que tiene esa *saññā* como cabeza / en que predomina esa *saññā*; el *vipubbakajjhāna*. (b) la *saññā* que surge en quien cultiva «*vipubbaka*, *vipubbaka*»; el *upacārajjhāna* que tiene esa *saññā* como cabeza / en que predomina esa *saññā*.	(a) the *saññā* arising (by the power of *appanā*) in the *vipubbakāsubhanimitta*; the *saññā* (arising together with the *paṭhamajjhāna*) in the *vipubbakāsubhanimitta*; the *jhāna* having that *saññā* as its head / in which that *saññā* predominates; the *vipubbakajjhāna*. (b) the *saññā* arising in one who cultivates '*vipubbaka*, *vipubbaka*'; the *upacārajjhāna* having that *saññā* as its head / in which that *saññā* predominates.	အသူဘ read as အသုဘ; ယ inside the quoted repetition read as a separator
153951	vipurisa	ယောက်ကျားမဟုတ်သော၊ ယောက်ကျားနှင့်တူသော၊ သူ(နပုံးမဏ္ဍုက်)။ အောက်၂-ပုဒ်ကြည့်။	que no es hombre; semejante a un hombre (dicho de una persona) (*napuṁsaka* *paṇḍaka*). Véanse las 2 entradas siguientes.	not a man; resembling a man (said of a person) (*napuṁsaka* *paṇḍaka*). See the next 2 entries.	နပုံးမဏ္ဍုက် read as နပုံးပဏ္ဍုက်; 'see the 2 entries below' left in the Burmese
153952	vipurisādhivacana	နပုံးပဏ္ဍုက်ဟူသော အနက်ကိုစောသောသဒ္ဒါ။	la palabra que expresa el significado *napuṁsaka* *paṇḍaka*.	the word expressing the meaning *napuṁsaka* *paṇḍaka*.	စောသော read as ဆောင်သော / ဟောသော 'expressing'
153953	vipurisādhivacanakusala	နပုံးပဏ္ဍုက်ဟူသော အနက်ကိုစောသောသဒ္ဒါ၌ လိမ္မာသော၊ သူ။	hábil en la palabra que expresa el significado *napuṁsaka* *paṇḍaka* (dicho de una persona).	skilled in the word expressing the meaning *napuṁsaka* *paṇḍaka* (said of a person).	စောသော read as ဆောင်သော / ဟောသော 'expressing'
153954	vipurisikā	တစ်ပါးသော မိန်းမတို့နှင့်မတူ-ထူး-သောမိန်းမ၊ ယောက်ကျားလျှာ(ယောကျားရှာ)၊ ယောက်ကျားစိတ်ပေါက်သောမိန်းမ။	la mujer desigual a / distinta de las otras mujeres; la mujer hombruna (‹ယောကျားရှာ›); la mujer en quien ha surgido una mente de hombre.	the woman unlike / different from other women; a mannish woman (‹ယောကျားရှာ›); a woman in whom a man's mind has arisen.	ယောက်ကျားလျှာ read as 'mannish woman'; the bracketed variant ယောကျားရှာ left in Burmese
153955	vipula	(၁)များသော။ (၂) ကြီးကျယ်-ကျယ်ပြန့်-သော၊ ကြီးမားသော။ မူရင်းကြည့်ပါ။	(1) abundante. (2) grande / amplio; enorme. Véase el original.	(1) abundant. (2) great / broad; huge. See the original.	'see the original' rendered literally
153959	vipulakittighosa	ပြန်ပြောသော ကျော်စောသံရှိသော။	que tiene un renombre extendido.	having a widespread renown.	ပြန်ပြောသော read as ပြန့်ပြောသော 'widespread'
153966	vipulatama	အထူးသဖြင့်-သာလွန်၍-ကျယ်ပြန့်သော။ အောက်ပုဒ်ကြည့်။	amplio especialmente / en grado superior. Véase la entrada siguiente.	broad especially / in a superior degree. See the next entry.	'see the entry below' left in the Burmese
153968	vipulatara	(၁)အထူးသဖြင့် မွန်မြတ်သော။ (၂)အထူးသာဖြင့် ကျယ်ပြန့်သော။	(1) especialmente excelente. (2) especialmente amplio.	(1) especially excellent. (2) especially broad.	အထူးသာဖြင့် read as အထူးသဖြင့်
153969	vipulattha	ပြန့်ပြောသော-အကျိုး(အနက်သဘော)။ အောက်ပုဒ်ကြည့်။	el beneficio (el sentido) extenso. Véase la entrada siguiente.	the extensive benefit (meaning). See the next entry.	'see the entry below' left in the Burmese
153973	vipuladukkhānubandha	(၁)များစွာသော ဆင်းရဲတို့သို့ အစဉ်လိုက်သော။ (၂)များစွာသော ဆင်း ဆင်းရဲတို့သို့ အစဉ်လိုက်သော။ (၂)များစွာသော ဆင်းရဲတို့သည် အစဉ်လိုက်အပ်သော။	(1) que sigue tras muchos sufrimientos. (2) que sigue tras muchos sufrimientos. (2) seguido por muchos sufrimientos.	(1) following after many sufferings. (2) following after many sufferings. (2) followed by many sufferings.	sense (2) printed twice, the first a repeat of (1) with ဆင်း doubled
153984	vipulaphala	(၁)(က)ပြန့်ပြော-များမြတ်-သော-အကျိုးပွါးစီးမှု-တိုးပွါးမှု-ရှိသော။ (ခ)ကြီးကျယ်-ပြန့်ပြော-သော အကျိုးရှိသော။	(1) (a) que tiene un aumento de beneficio / incremento extenso / abundante y excelente. (b) que tiene un resultado grande / extenso.	(1) (a) having an extensive / abundant and excellent increase of benefit / growth. (b) having a great / extensive result.	only sense (1) printed
153985	vipulapphala	(၁)(က)ပြန့်ပြော-များမြတ်-သော-အကျိုးပွါးစီးမှု-တိုးပွါးမှု-ရှိသော။ (ခ)ကြီးကျယ်-ပြန့်ပြော-သော အကျိုးရှိသော။	(1) (a) que tiene un aumento de beneficio / incremento extenso / abundante y excelente. (b) que tiene un resultado grande / extenso.	(1) (a) having an extensive / abundant and excellent increase of benefit / growth. (b) having a great / extensive result.	only sense (1) printed
153988	vipulaphalappaṭilābhakaraṇa	ကြီးကျယ်-ပြန့်ပြော-များပြား-သော အကျိုးရှိသည်၏ အဖြစ်ကို ပြုခြင်း။	el producir el hecho de tener un resultado grande / extenso / abundante.	bringing about the state of having a great / extensive / abundant result.	gloss identical to the next entry (bhāvakaraṇa), not 'obtaining' as in the previous one
153991	vipulaphapphalesī	ကြီးကျယ်-ပြန့်ပြော-များပြား-သော(ကုသိုလ်၏)အကျိုးကို-အလိုရှိ-ရှာမှီး-သော၊ သူ။	que desea / busca el resultado grande / extenso / abundante (del mérito) (dicho de una persona).	desiring / seeking the great / extensive / abundant result (of merit) (said of a person).	ကုသိုလ်၏ taken as merit (mérito); could be kusala as quality (sano); headword spelling vipulaphapphalesī looks garbled
153992	vipulapphalesī	ကြီးကျယ်-ပြန့်ပြော-များပြား-သော(ကုသိုလ်၏)အကျိုးကို-အလိုရှိ-ရှာမှီး-သော၊ သူ။	que desea / busca el resultado grande / extenso / abundante (del mérito) (dicho de una persona).	desiring / seeking the great / extensive / abundant result (of merit) (said of a person).	ကုသိုလ်၏ taken as merit (mérito); could be kusala as quality (sano)
153993	vipulabalavīriya	ကြီးကျယ်-ပြန့်ပြော-သော စွမ်းအားယ လုံလ။	la fuerza y el esfuerzo grandes / extensos.	great / extensive strength and effort.	ယ between the two nouns read as a separator
153996	vipulamudukaṇṇa	ပြန်ကပြော-ကျယ်ပြန့်-သည်ဖြစ်၍-နူးညံသော-နား-နားရွက်-ရှိသော။	que tiene orejas / pabellones suaves por ser extensas / anchas.	having ears / earlobes soft through being extensive / broad.	ပြန်ကပြော read as ပြန့်ပြော; နူးညံ as နူးညံ့
154001	vipulalābhī	(က)ပြန့်ပြော-များပြား-စွာ-အတိုင်းအရှည်မရှိ-ရလေ့ရှိ-ရ-သော။ လေ့လာအပ်သော ဈာန်ရှိသော၊သူ။	(a) que suele obtener / obtiene de modo extenso / abundante / sin medida. Que tiene *jhāna* practicado (dicho de una persona).	(a) habitually obtaining / obtaining extensively / abundantly / without measure. Having *jhāna* that has been practised (said of a person).	only (a) marked; the second sentence may be an unmarked (b); လေ့လာအပ်သော 'practised' tentative
154002	vipulaludda	များသော မကောင်းမှုရှိသော။ အောက်ပုဒ်ကြည့်။	que tiene muchas malas acciones. Véase la entrada siguiente.	having many evil deeds. See the next entry.	'see the entry below' left in the Burmese
154012	vipulasati	ပြန့်ပြောသောသတိ။	la *sati* extensa.	extensive *sati*.	label တိ, but the gloss is a noun
154017	vipulānatthānubandha	(၁)များစွာသော အကျိုးစီးပွါးမဲ့တိုကသို့ အစဉ်လိုက်သော။ (၂)များစွာသော အကျိုးစီးပွါးမဲ့တို့သည် အစဉ်လိုက်အပ်သော။	(1) que sigue tras muchos daños. (2) seguido por muchos daños.	(1) following after many harms. (2) followed by many harms.	တိုကသို့ read as တို့သို့
154019	vipulānubhāva	ပြန့်ပြော-မွန်မြတ်-သည့်-အစွမ်းသတ္တိ-အာနုဘော်-ရှိသော။	que tiene una capacidad / un poder extenso / excelente.	having an extensive / excellent capacity / power.	stray control character in the print before ရှိသော
154021	vipuluttama	များမြတ်သော။ ။	abundante y excelente.	abundant and excellent.	double ။ in print
154022	vipuludrayalābha	ပြန့်ပြော-ကြီးမား-များပြား-သောအမြတ်ယ အစွန်းကိုရခြင်း။	el obtener una ganancia y un excedente extensos / grandes / abundantes.	obtaining an extensive / great / abundant profit and surplus.	ယ between the two nouns read as a separator
154025	vipulol̤āraguṇavisesāvaha	ပြန့်ပြောယမွန်မြတ် သော ဂုဏ်အထူးကိုဆောင်တတ်သော။	que suele traer una virtud especial, extensa y excelente.	apt to bring a special virtue, extensive and excellent.	ယ between the two adjectives read as a separator
154027	vipekkhati	ထိုထိုဤဤကြည်းရှု၏။	mira aquí y allá.	looks here and there.	ကြည်းရှု read as ကြည့်ရှု
154032	vippa	ပြု၍ မပြီးသေးသော၊ပြုလုပ်ဆဲဖြစ်သော။	que aún no se ha terminado de hacer; que está haciéndose.	not yet finished being done; in the course of being done.	this gloss fits vippakata; the headword vippa may be truncated
154040	vippakatatacchanakamma	မပြိးသေးသော ရွေခြင်းအမှုရှိသော၊ ရွေခြင်းအမှုကိစ္စ မပြီးဆုံးသေးသော။	que tiene el trabajo de labrar (la madera) aún sin terminar; cuyo trabajo de labrar aún no está concluido.	having the work of planing (wood) not yet finished; whose planing work is not yet completed.	မပြိး read as မပြီး; ရွေ taken as planing / adzing wood (tacchana)
154041	vippakataniddesa	မပြီးသေးသော ကိရိယာကို ညွှန်ပြကြောင်းဖြစ်သော (သဒ္ဒါ)။	(la palabra) que indica una *kiriyā* aún no terminada.	(a word) indicating a *kiriyā* not yet finished.	ကိရိယာ here is grammatical: an action / verb
154042	vippakatapaccatta	ပြု၍မပြီးသေးသော ပစ္စုပ္ပန်ကြိယာ။	el *kiriya* *paccuppanna* aún no terminado de hacer.	the *paccuppanna* *kiriya* not yet finished being done.	ကြိယာ here means 'verb' (the present-tense verb of an unfinished action)
154043	vippakatapariyosāpananaya	ပြု၍မပြိးသေးသည်ကို ပြီးစေသောနည်း။	el método que lleva a término lo que aún no se ha terminado de hacer.	the method that brings to completion what is not yet finished being done.	မပြိး read as မပြီး
154045	vippakatabrahmacariyavāsa	မပြီးဆုံးသေးသော အကျင့်မြတ်ဖြင့် နေခြင်းရှိသော၊ အပြီးဆုံးသေးသော အကျင့်မြတ်ကို ကျင်သုံးခြင်းရှိသော၊ အကျင့်မြတ်ကို ကျင့်သုံး၍ မပြီးသေးသော၊ သူ။	que tiene un morar con una práctica excelente aún no terminada; que tiene el ejercicio de una práctica excelente aún no terminada; que aún no ha terminado de ejercitar la práctica excelente (dicho de una persona).	having a dwelling in an excellent practice not yet completed; having the exercise of an excellent practice not yet completed; not yet finished exercising the excellent practice (said of a person).	အပြီးဆုံး read as မပြီးဆုံး; ကျင်သုံး as ကျင့်သုံး
154047	vippakatamethuna	မပြီးသေးသော မေထုန်မှီဝဲခြင်းရှိခြင်းရှိသော၊ မေထုတ်မှီဝဲ၍ မပြီးသေးသော၊ မေထုန်မှီဝဲနေဆဲဖြစ်သော။	que tiene la práctica del *methuna* aún no terminada; que aún no ha terminado de practicar el *methuna*; que todavía está practicando el *methuna*.	having the practice of *methuna* not yet finished; who has not yet finished practising *methuna*; who is still practising *methuna*.	print doubles ရှိခြင်းရှိသော and has မေထုတ် for မေထုန် (sexual intercourse)
154050	vippakatavāra	မပြီးသေးသောသင်္ကန်း(ကိုဆိုးခြင်း)၏-အလှည့်-အကြိမ်။	el turno / la vez (del teñido) del hábito aún no terminado.	the turn / time (of dyeing) of the robe not yet finished.	read as the dyeing of a robe not yet finished; the bracket may attach 'not yet finished' to the dyeing
154056	vippakaroti	ဖောက်ပြန်၍-ပြု-ကျင့်-၏၊ မသင့်မတင့်-မတော် မတရား-ပြု-ကျင့်-၏။	hace / practica pervertidamente; hace / practica de modo impropio / indebido.	does / practises perversely; does / practises improperly / wrongly.	ဖောက်ပြန် rendered pervertido / perverse throughout this family
154057	vippakasati	အထူးထူး အပြားပြား တောက်ပသော။	que brilla de diversas y variadas maneras.	shining in diverse and various ways.	a participle gloss under a verb headword; the glosses of this entry and the next seem swapped
154058	vippakasanta	အထူးထူး အပြားပြား တောက်ပ၏။ အောက်ပုဒ်ကြည့်။	brilla de diversas y variadas maneras. Véase la entrada siguiente.	shines in diverse and various ways. See the next entry.	a finite-verb gloss under a participle headword; the glosses of this entry and the previous seem swapped
154069	vippakiṇṇakaṇikārakiṅkiṇikapuppha	ဖရိုဖရဲကြဲသော မဟာလှေခါးပန်းယဆည်းလည်းပန်း။	flores ‹မဟာလှေခါး› y flores ‹ဆည်းလည်း› que están esparcidas en desorden.	‹မဟာလှေခါး› flowers and ‹ဆည်းလည်း› flowers lying scattered about.	plant names left in Burmese (kaṇikāra and the bell-shaped kiṅkiṇika flower); stray 'ယ' between them in print
154070	vippakiṇṇakesa	(၁)ဖရိုဖရဲကြဲသော ဆံပင်ရှိသော၊ သူ။ (၂) ဖရိုဖရဲကြဲအပ်သော ဆံပင်ရှိသော၊ သူ။	(1) que tiene el cabello esparcido en desorden (dicho de una persona). (2) que tiene el cabello esparcido en desorden (dicho de una persona).	(1) having hair lying scattered about (said of a person). (2) having scattered-about hair (said of a person).	no label; (1) active and (2) passive participle, same sense in translation
154071	vippakiṇṇakhādanīyabhojanīya	ဖရိုဖရဲ ကြဲအပ်သော ခဲဘွယ်ယစားဘွယ်၊ တတ္ထ တတ္ထဝိပ္ပကိဏ္ဏခါဒနီယဘောဇနီယဉ္စ---ဒိသွာ။	alimentos para masticar y alimentos para comer esparcidos en desorden; *tattha tatthavippakiṇṇakhādanīyabhojanīyañca---disvā*.	hard foods and soft foods scattered about; *tattha tatthavippakiṇṇakhādanīyabhojanīyañca---disvā*.	'ခဲဘွယ်ယစားဘွယ်' read as ခဲဖွယ် စားဖွယ် (stray ယ)
154080	vippakiṇṇalājakusumamaṇḍitatala	ဖရိုဖရဲကြဲအပ် သော ပေါက်ပေါက်ပန်းတို့ဖြင့် တန်ဆာဆင်အပ်သည့်အပြင်ရှိသော။	que tiene una superficie adornada con arroz inflado y flores esparcidos en desorden.	having a surface adorned with popped rice and flowers scattered about.	ပေါက်ပေါက်ပန်း read as popped rice and flowers (lāja-kusuma)
154083	vippakiṇṇavāluka	ဖရိုဖရဲကြဲသော သဲရှိသော။	que tiene arena esparcida en desorden.	having sand lying scattered about.	no label
154085	vippakiṇṇavisaya	ဖရိုဖရဲကြဲသော သဘောရှိသည်၏အဖြစ်ကို မပြုခြင်း။	el no producir el hecho de tener una naturaleza esparcida en desorden.	the not producing of the state of having a scattered nature.	this gloss seems to belong to the next entry (vippakiṇṇasabhāvākaraṇa); the gloss for visaya is missing
154091	vippakiri	ဖရိုဖရဲကြဲဖြန့်ပြီ။ «S1»	desparramó en desorden. Véase [[vippakirati]].	scattered about. See [[vippakirati]].	no label
154092	vippakirituṁ	ဖရိုဖရဲကြဲခြင်းငှါ။	para esparcir en desorden.	in order to scatter about.	no label
154093	vippakiritukāma	စွန့်ကြဲ-လှူဒါန်း-ခြင်းငှါ အလိုရှိသော၊ သူ။	que desea repartir / donar (dicho de una persona).	wishing to give away / donate (said of a person).	no label
154094	vippakiritvā	(၁) စွန့်ကြဲ-လှူဒါန်း-ပြီး၍။ (၂) ကြဲဖြန့်ပြီး၍။	(1) habiendo repartido / donado. (2) habiendo desparramado.	(1) having given away / donated. (2) having strewn.	no label
154095	vippakiriyati	ဖရိုဖရဲကြဲ၏။ ပြိုကွဲ၏။ «S1»	se esparce en desorden. Se desmorona. Véase [[vippakiriyissati]].	is scattered about. Breaks apart. See [[vippakiriyissati]].	no label
154096	vippakirīyati	ဖရိုဖရဲကြဲ၏။ ပြိုကွဲ၏။ «S1»	se esparce en desorden. Se desmorona. Véase [[vippakiriyissati]].	is scattered about. Breaks apart. See [[vippakiriyissati]].	no label
154097	vippakiriyatu	ဖရိုဖရဲ-ကြဲ-လွှင့်-အပ်သော။	desordenado / esparcido / arrojado.	disordered / scattered / flung.	no label; participle gloss under an imperative (-tu) form
154098	vippakirīyatu	ဖရိုဖရဲ-ကြဲ-လွှင့်-အပ်သော။	desordenado / esparcido / arrojado.	disordered / scattered / flung.	no label; participle gloss under an imperative (-tu) form
154102	vippakirissati	(၁)ဖရိုဖရဲကြဲ-အံ့-လတ္တံ -လိမ့်မည်။ (၂)ကြဲဖြန်  –အံ့-လတ္တံ့-လိမ့်မည်။	(1) esparcirá en desorden. (2) desparramará.	(1) will scatter about. (2) will strew.	the hyphens chain three future endings (-အံ့-လတ္တံ့-လိမ့်မည်), rendered by one future; ကြဲဖြန် misprint for ကြဲဖြန့်
154113	vippaṭikūlagāhī	အပြန်-ပြောင်းပြန်-ဆန့်ကျင်ဘက်-ကို ယူလေ့ရှိသော၊ သူ။	que suele tomar lo inverso / invertido / opuesto (dicho de una persona).	in the habit of taking the reverse / inverted / opposite (said of a person).	no label
154114	vippaṭikūlaggāhī	အပြန်-ပြောင်းပြန်-ဆန့်ကျင်ဘက်-ကို ယူလေ့ရှိသော၊ သူ။	que suele tomar lo inverso / invertido / opuesto (dicho de una persona).	in the habit of taking the reverse / inverted / opposite (said of a person).	no label
154115	vippaṭikūlaggāha	အပြန်-ပြောင်းပြန်-ဆန့်ကျင်ဘက်=ကိုယူတတ်သော၊သူ။	que suele tomar lo inverso / invertido / opuesto (dicho de una persona).	apt to take the reverse / inverted / opposite (said of a person).	'=' in print read as a hyphen
154116	vippaṭicchanna	ဖောက်ပြန်သောတရား-ဖြင့်-သည်-ဖုံးလွှမ်းအပ်သော။	cubierto con / por un estado pervertido.	covered over with / by a perverted state.	hyphens join the case particles ဖြင့် / သည်, read as alternative constructions
154121	vippaṭipajjanta	ဖောက်ပြန်သောအားဖြင့်-မသင့်မတင်း-မဖွယ်မရာ-ကျင့်တတ်သော။	que suele practicar de manera pervertida / impropia / indecorosa.	apt to practise perversely / improperly / unbecomingly.	မသင့်မတင်း misprint for မသင့်မတင့်; a -anta participle glossed with တတ်သော
154131	vippaṭipannakāla	ဖောက်ပြန်စွာ-မှားသောအားဖြင့်-ပြုကျင့်ရာကာလ။	el tiempo en que se obra / practica pervertidamente / de manera errónea.	the time at which one acts / practises perversely / wrongly.	ပြုကျင့် read as one compound 'do and practise'
154132	vippaṭipannacitta	ဖောက်ပြန်-မှားယွင်း-သော စိတ်ရှိသော။ ဖောက်ပြန်-မှားယွင်း-သော အကျင့်ကိုကျင့်သော၊ မှားသောအားဖြင့် ကျင့်လိုသော သဘောရှိသော။	que tiene una mente pervertida / errónea. Que practica una conducta pervertida / errónea; que tiene la naturaleza de querer practicar de manera errónea.	having a perverted / mistaken mind. Practising perverted / wrong conduct; having the nature of wishing to practise wrongly.	no label
154144	vippaṭisārapaccupaṭṭhāna	စိတ်နှလုံးပူပန်လျက် အဖန်ဖန်အောက်မေ့ခြင်းကို ဖြစ်စေတတ်သော၊ နှလုံးမသာမယာခြင်းလျှင် ရှေးရှုထင်ခြင်း ရှိသော၊ နှလုံးမသာယာသည်၏အဖြစ်ဖြင့် ဉာဏ်အားရှေးရှုထင်တတ်သော။	que suele producir el recordar una y otra vez con la mente y el corazón angustiados; que tiene como manifestación el desagrado del corazón; que suele manifestarse al conocimiento como el hecho de estar descontento el corazón.	apt to produce repeated recollection with mind and heart anxious; having displeasure of heart as its manifestation; apt to manifest itself to knowledge as the state of the heart being displeased.	မသာမယာ misprint for မသာယာ
154145	vippaṭisārappatta	ဝိပ္ပဋိသာရ+ပတ္တ	*vippaṭisāra* + *patta*.	*vippaṭisāra* + *patta*.	only the analysis of the compound is given, no gloss
154151	vippaṭisāravinodana	နှလုံးမသာယာ-နောင်တပူပန်ခြင်းကို-ပယ်ဖျောက်ခြင်း-ပယ်ဖျောက်တတ်သောအစီအရင်။	el eliminar / el procedimiento que suele eliminar el desagrado del corazón / el remordimiento.	the dispelling / the procedure apt to dispel displeasure of heart / remorse.	hyphens split unevenly (-ပယ်ဖျောက်ခြင်း-ပယ်ဖျောက်တတ်သောအစီအရင်); read as two alternatives
154152	vippaṭisārasamudaya	နှလုံးမသာယာ-နောင်တပူပန်-ခြင်း၏ အကြောင်း(သမုဒယသစ္စာ)။	la causa (*samudayasacca*) del desagrado del corazón / del remordimiento.	the cause (*samudayasacca*) of displeasure of heart / remorse.	no label
154159	vippaṭisārī	နှလုံးမသာယာ-နောင်တပူပန်-ခြင်းရှိသော၊သူ။	que tiene el desagrado del corazón / el remordimiento (dicho de una persona).	having displeasure of heart / remorse (said of a person).	no label
154161	vippaṭisāruppatti	နှလုံးမသာယာခြင်းရှိသော ရဟန်း၏-ဝတ္ထု-အကြောင်းအရာ။	el relato / asunto del monje que tiene desagrado del corazón.	the story / matter of the monk who has displeasure of heart.	gloss repeats the previous entry's; the headword (-uppatti) suggests 'the arising of remorse'
154164	vippatacchana	အထူးထူးအပြားပြား-ကုတ်ဖဲ့-အယားဖျောက်-ဆိတ်ဆွ-ခြင်း။	el rascar / quitar el picor / pellizcar de diversas y variadas maneras.	the scratching / relieving of itching / pinching in diverse and various ways.	no label
154169	vippabhātasayananisajjā	မိုးမလင်းမီ အချိန်၌ အိပ်ခြင်းယထိုင်ခြင်း။	el acostarse y el sentarse en el tiempo antes del amanecer.	lying down and sitting at the time before daybreak.	'ယ' between the two nouns read as 'and' (misprint)
154175	vippamuñcetha	စွန့်-လွှတ်-ကုန်လော။	¡renunciad a / soltad!	give up / release! (plural)	no label; ကုန်လော under an -etha form read as the imperative လော့ (misprint), per the rule for -tha
154176	vippamutta	(၁)ကောင်းစွာ-လွတ်-လွတ်မြောက်-သော။ (၂)ခပ်သိမ်းသော အပြားအားဖြင့်-လွတ်-လွတ်မြောက်-သော။ မူရင်းကြည့်ပါ။	(1) bien librado / liberado. (2) librado / liberado de todas las maneras. Véase el original.	(1) well freed / liberated. (2) freed / liberated in every way. See the original.	'see the original' rendered literally
154179	vippamokkha	လွတ်-လွတ်မောက်-ခြင်း(သံသရာမှစင်ကြယ်ခြင်း)။	el librarse / liberarse (la purificación respecto del *saṁsāra*).	the being freed / liberated (purification from *saṁsāra*).	လွတ်မောက် misprint for လွတ်မြောက်
154184	vippayuñjitabba	မယှဉ်-ကွေကွင်း-ကွဲကွာ-ခွဲခွါ-အပ်သော၊ ဥူ။ «S1»	que ha de ser desasociado / apartado / separado / desunido (dicho de una persona). Véase [[vippayuñjaka]].	to be disassociated / parted / separated / sundered (said of a person). See [[vippayuñjaka]].	ဥူ read as misprint for သူ
154185	vippayutta	(၁)မယှဉ်သော။ (၂)ကွေကွင်း-ကွဲကွာ-သော။	(1) no asociado. (2) apartado / separado.	(1) not associated. (2) parted / separated.	no label
154188	vippayuttatāpaṭikkhepa	မယှဉ်သည်၏အဖြစ်ကို –ပယ်မြစ်-ပယ်စွန့်-ခြင်း။	el rechazar / desechar el hecho de no estar asociado.	the rejecting / discarding of the state of being unassociated.	ပယ်မြစ် (paṭikkhepa) rendered rechazar / reject
154189	vippayuttadhamma	ဝိပ္ပယုတ်တရား၊ မယှဉ်သော တရား။	estado *vippayutta*; estado no asociado.	*vippayutta* state; unassociated state.	no label
154195	vippayuttamūlaka	ဝိပ္ပယုတ္တပစ္စည်းလျှင်-အကြောင်းရင်း-မူလ-ရှိသော။	que tiene el *vippayuttapaccaya* como causa raíz / origen.	having the *vippayuttapaccaya* as root cause / origin.	no label
154196	vippayoga	(၁)ကွေကွင်း-ကွဲကွာ-ခြင်း။ (၂) မယှဉ်ခြင်း။	(1) el apartarse / separarse. (2) el no estar asociado.	(1) the parting / separating. (2) the being unassociated.	no label
154197	vippayogadukkha	ကွေကွင်း-ကွဲကွာ-ခြင်းကြောင့်ဖြစ်သောဆင်းရဲ။ အောက်ပုဒ်ကြည့်။	el sufrimiento producido por el apartarse / separarse. Véase la entrada siguiente.	the suffering arising from parting / separation. See the next entry.	no label
154198	vippayogadukkhāsahana	ကွေကွင်း-ကွဲကွာ-ခြင်းကြောင့်ဖြစ်သော ဆင်းရဲကို သည်းမခံနိုင်ခြင်း။	el no poder soportar el sufrimiento producido por el apartarse / separarse.	the inability to bear the suffering arising from parting / separation.	no label
154199	vippayoganta	ကွေကွင်း-ကွဲကွာ-ခြင်းလျှင် အဆုံးရှိသော။	que tiene como fin el apartarse / separarse.	having parting / separation as its end.	no label
154200	vippayogapada	ဝိပ္ပယောဂ-ဟူသောပုဒ်။	la palabra *vippayoga*.	the word *vippayoga*.	no label
154207	vippariṇāma	ဝိပရိဏာမ ၁-ကြည့်။	Véase [[vipariṇāma]] (1).	See [[vipariṇāma]] (1).	'see X' with sense number left in the Burmese
154210	vippalapati	(၁)အထူးထူး အပြားပြား-ပြောဆို-ငိုကြွေး-မြည်တမ်း-၏။ (၂)(က)ဖောက်ပြန်စွာ-ပြောဆို-မြည်တမ်း-၏။	(1) habla / llora / se lamenta de diversas y variadas maneras. (2) (a) habla / se lamenta pervertidamente.	(1) speaks / weeps / laments in diverse and various ways. (2) (a) speaks / laments perversely.	sense (2) has (a) but no (b) in print
154214	vippalapanākāradassana	ယောင်ယမ်း-ပြောဆို-မြည်တမ်း-သော အခြင်းအရာကိုပြကြောင်း(သဒ္ဒါ)။	(la palabra) que indica el modo de desvariar / hablar / lamentarse.	(the word) that indicates the manner of raving / speaking / lamenting.	no label
154228	vippalambaka	လှည့်ပတ်-ဖြားယောင်း- တတ်သော၊သူ။	que suele engañar / embaucar (dicho de una persona).	apt to deceive / beguile (said of a person).	no label
154234	vippalambhetuṁ	လှည့်ပတ်-ဖြားယောင်း-ခြင်းငှါ။	para engañar / embaucar.	in order to deceive / beguile.	no label
154237	vippalāpa	(၁)(က)ဖောက်ပြန်သော-ကယောင်ချောက်ချား-ပြောဆို-ခြင်း၊ (ခ)ငိုကြွေးမြည်တမ်းခြင်း။	(1) (a) el hablar pervertido / delirante; (b) el llorar lamentándose.	(1) (a) perverted / delirious talk; (b) weeping and lamenting.	sense (1) with no sense (2) in print
154254	vippavasissati	ကင်း-ကွေကွင်း-ကွဲကွာ-၍ နေပြီ။	vivió alejado / separado / apartado.	lived away / separated / apart.	past-tense gloss (နေပြီ) under a future (-ssati) headword
154255	vippavasissanti	ကင်း-ကွေကွင်း-ကွဲကွာ-၍ နေကုန်ပြီ။	vivieron alejados / separados / apartados.	they lived away / separated / apart.	past-tense gloss (နေကုန်ပြီ) under a future (-ssanti) headword
154259	vippavāsadosa	(က)ကင်း-ကွေကွင်း-ကွဲကွာ-၍နေခြင်းဟူသော အပြစ်။ ကင်း-ကွေကွင်း-ကွဲကွာ-၍ နေခြင်းကြောင့်ဖြစ်သော အပြစ်။	(a) la falta que es el vivir alejado / separado / apartado; la falta producida por el vivir alejado / separado / apartado.	(a) the fault that is living away / separated / apart; the fault arising from living away / separated / apart.	(a) with no (b) in print
154261	vippavāsapaccaya	ကင်း-ကွေကွင်	alejado / separado…	away / separated…	gloss truncated in print after ကင်း-ကွေကွင်
154267	vippavāsasammuti	ကင်္ခါ။	‹ကင်္ခါ›.	‹ကင်္ခါ›.	gloss garbled or truncated: only 'ကင်္ခါ' printed; untranslatable
154268	vippavāsasukhattha	(ညဉ့်)ကင်း၍နေခြင်း၌ ချမ်းသာခြင်းအကျိုး။	el beneficio del bienestar en el vivir alejado (durante la noche).	the benefit of well-being in living away (at night).	no label
154269	vippavāsāvippavāsaparicchedadassana	ကင်း၍နေခြင်းယကင်း၍မနေခြင်း၏ အပိုင်းအခြားကိုပြခြင်း။	el mostrar el límite del vivir alejado y del no vivir alejado.	the showing of the boundary between living away and not living away.	no label; 'ယ' between the two nouns read as 'and' (misprint)
154276	vippavuttha	(၁)ကင်း-ကောကွင်း-ကွဲကွာ-၍နေပြီးသော။ (၂) ကင်းလွတ်သော။	(1) que ha vivido alejado / separado / apartado. (2) libre.	(1) having lived away / separated / apart. (2) free.	ကောကွင်း misprint for ကွေကွင်း
154277	vippavutthasaññā	ကင်း၍နေပြီးဟု ဖြစ်သာအမှတ်သညာ။ အောက်ပုဒ်ကြည့်။	la percepción (*saññā*) que surge (pensando) «ha vivido alejado». Véase la entrada siguiente.	the perception (*saññā*) arising (with the thought) 'has lived away'. See the next entry.	ဖြစ်သာ misprint for ဖြစ်သော
154278	vippavutthasaññī	ကင်း၍နေပြီးဟုဖြစ်သော အမှတ်သညာရှိသော။ ဝိပ္ပဝုတ္ထ(၁)အနက်ကြည့်။	que tiene la percepción (*saññā*) que surge (pensando) «ha vivido alejado». Véase [[vippavuttha]] (1).	having the perception (*saññā*) arising (with the thought) 'has lived away'. See [[vippavuttha]] (1).	'see X' with sense number left in the Burmese
154279	vippasanna	(၁)ကြည်လင်-ကြည်ညို-သန့်ရှင်း-သော။ (၂) ကောင်းစွာ-ကြည်လင်-ကြည်ညို-သန့်ရှင်း-သော။	(1) límpido / devoto / limpio. (2) bien límpido / devoto / limpio.	(1) clear / devout / clean. (2) well clear / devout / clean.	ကြည်ညို rendered devoto / devout (pasāda as confident faith)
154290	vippasannatilatela	အထူးသဖြင့် ကြည်လင်သော နှမ်းဆီအဆင်းနှင့် တူသော အဆင်းရှိသော။	que tiene un color semejante al del aceite de sésamo especialmente límpido.	having a colour like that of particularly clear sesame oil.	neuter noun glossed as an adjective; the gloss repeats that of the next entry (-vaṇṇa)
154292	vippasannapañcapasāda	စင်ကြယ်သော ၅-ပါးသော အဆင်းရှိသည့် ပသာဒရှိသော။	que tiene *pasāda* de color puro de cinco clases.	having *pasāda* of pure colour, five in number.	'having pasāda with five pure colours' is odd; perhaps 'the five pure sense-bases (pasāda)', uncertain
154301	vippasannavadanasobha	အထူးသဖြင့် ကြည်လင်သော-ခံတွင်း-ပါးစပ်-၏ တင့်တယ်ခြင်းရှိသော၊သူ။	que tiene la belleza de una boca / un rostro especialmente límpido (dicho de una persona).	having the beauty of a particularly clear mouth / face (said of a person).	ခံတွင်း-ပါးစပ် are two words for mouth; rendered boca / rostro to keep the alternatives apart
154302	vippasannākāra	အထူးသဖြင့် ကြည်လင်သော အခြင်းအရာ။	aspecto especialmente límpido.	particularly clear aspect.	no label
154306	vippasākhagga	ခက်မ-ကိုင်းမ-မှ ဝေးကွာသော အဖျားရှိသော၊ ကိုင်းညွှတ်သော သစ်ခက်ဖျားရှိသော။	que tiene la punta alejada de la rama madre / rama principal; que tiene la punta de la rama inclinada.	having its tip far from the main twig / main bough; having a bending branch tip.	no label
154307	vippasādehi	(သင်)အထူးသဖြင့်-ကောင်းစွာ-ကြည်လင်-သန့်ရှင်း-စင်ကြယ်-စေလော။	(tú) haz especial / cabalmente límpido / limpio / puro.	(you) make especially / well clear / clean / pure!	-စေလော under an imperative (-hi) headword read as the imperative လော့ (misprint)
154308	vippasīdati	အထူးသဖြင့်-ကောင်းစွာ-ကြည်လင်-သန့်ရှင်း-စင်ကြယ်-၏။	se vuelve especial / cabalmente límpido / limpio / puro.	becomes especially / well clear / clean / pure.	no label
154316	vippahita	အထူးသဖြင့်-ပယ်-စွန့်-၍။	habiendo abandonado / renunciado de modo especial.	having abandoned / given up in a special way.	absolutive gloss under a participle (vippahita, 'sent out'?); perhaps copied from the previous entry
154319	vippita	အစက်အပြောက်သာ ရှိသော၊ အမြီးသာ ရှိသော။	que solo tiene manchas / motas; que solo tiene cola.	having only spots / specks; having only a tail.	gloss obscure; relation to the headword unclear
154320	vipphanda	အထူးသဖြင့် တုန်လှုပ်သော။ အောက်ပုဒ်ကြည့်။	especialmente tembloroso. Véase la entrada siguiente.	trembling especially. See the next entry.	masculine noun glossed as an adjective
154329	vipphandamānavaṇṇaggahaṇānantaraṁ	အထူးသဖြင့် တုန်လှုပ်သော အရောင်အဆင်းကို ယူခြင်း၏အခြားမဲ့၌။	inmediatamente después del tomar el color especialmente tembloroso.	immediately after the taking of the especially trembling colour.	no label
154331	vipphandita	(၁)တုန်လှုပ်-အထူးသဖြင့်တုန်လှုပ်-သော။ (န)(၂)(က)ဖောက်ပြန်-စက်ဆုပ်ဖွယ်-သောတုန်လှုပ်ခြင်း။ တုန်လှုပ်-အထူးသဖြင့် တုန်လှုပ်-ခြင်း။	(1) tembloroso / especialmente tembloroso. (neutro) (2) (a) el temblor pervertido / repugnante. El temblar / temblar especialmente.	(1) trembling / trembling especially. (neuter) (2) (a) perverted / repulsive trembling. The trembling / trembling especially.	no label; (a) with no (b) in print
154332	vipphanditacitta	အထူးသဖြင့် တုန်လှုပ်သော စိတ်ရှိသော။	que tiene la mente especialmente temblorosa.	having an especially trembling mind.	no label
154340	vipphāra	အကျိုးကို ပြုပြင်ခြင်းယ ပြီးစေခြင်းဟူသော ဗျာပါရရှိသည်၏အဖြစ်။ «S1»	el hecho de tener la actividad (*byāpāra*) que es el elaborar y completar el resultado. Véase [[vipphārapaccupaṭṭhāna]].	the state of having the activity (*byāpāra*) that is the working out and completing of the result. See [[vipphārapaccupaṭṭhāna]].	'ယ' between the two verbal nouns read as 'and' (misprint)
154342	vipphārapaccupaṭṭhāna	အကျိုးကိုပြုပြင်ခြင်းယပြီးစေခြင်းဟူသော ဗျာပါရရှိသည်၏ အဖြစ်ဖြင့် ဉာဏ်အားရှေးရှုထင်တတ်သော။	que suele manifestarse al conocimiento como el hecho de tener la actividad (*byāpāra*) que es el elaborar y completar el resultado.	apt to manifest itself to knowledge as the state of having the activity (*byāpāra*) that is the working out and completing of the result.	'ယ' between the two verbal nouns read as 'and' (misprint)
154349	vipphārita	ပျံ့နှံ့-ပြန့်ပြော-များမြတ်-သော။ (ကောတ္ထုဘ၌ (၁)တုန်လှုပ်သော။ (၂)လေးဖြန့်သံ-လေးတင်သံ-ကိုပြုအပ်သော။	difundido / extendido / abundante. (En el *kotthubha*:) (1) tembloroso. (2) que ha producido el sonido de tensar / armar el arco.	pervading / spread out / abundant. (In the *kotthubha*:) (1) trembling. (2) made to produce the sound of drawing / stringing the bow.	bracket opened before ကောတ္ထုဘ (a source?) not closed in print; closed after it here
154357	vipphura	(ရေ)အစက်-အပေါက်(မိုး)ရေစက်-ရေပေါက်။	(de agua) gota / gotita; (de lluvia) gota de agua / gotita de agua.	(of water) drop / droplet; (of rain) water drop / water droplet.	no label
154358	vipphurati	(၁)တုန်လှုပ်သော။ (၂)ထွန်းလင်း-တောက်ပ-၏။	(1) tembloroso. (2) resplandece / brilla.	(1) trembling. (2) glows / shines.	sense (1) is a participle gloss under a verb headword
154359	vipphuranta	(၁)တုန်လှုပ်သော။ (၂)ထွန်းလင်းတောက်ပသော။	(1) tembloroso. (2) resplandeciente / brillante.	(1) trembling. (2) glowing / shining.	no label
154362	vipphurantahatthanakha	ထွန်းလင်း-တောက်ပ-သော လက်သည်း(သဲ)။	uñas de la mano que resplandecen / brillan.	fingernails that glow / shine.	'(သဲ)' after လက်သည်း is a spelling variant note, omitted
154378	vibandhakara	နှောင်ဖွဲ့-တားမြစ်-ပိတ်ပင်-ခြင်းကို ပြုခြင်း။	el producir el atar / impedir / obstruir.	the causing of binding / preventing / obstructing.	adjective glossed as a verbal noun (same gloss as the next entry)
154391	vibādha	(၁)ညှဉ်းဆဲ-နှိပ်စက်-လှုပ်ချောက်ချားစေ-တတ်သော(တရား)။ (၁) «S1» (၂) «S2»	(1) (el estado) que suele atormentar / oprimir / estremecer. (1) Véase [[vibādhappatta]]. (2) Véase [[vibādhūpaghāta]].	(1) (the state) apt to torment / oppress / agitate. (1) See [[vibādhappatta]]. (2) See [[vibādhūpaghāta]].	no label
154392	vibādhaka	ညှဉ်းဆဲ-နှိပ်စက်-လှုပ်ချောချားစေ-တတ်သော။	que suele atormentar / oprimir / estremecer.	apt to torment / oppress / agitate.	လှုပ်ချောချား misprint for လှုပ်ချောက်ချား
154397	vibādhanappayoga	ညှဉ်းဆဲ-နှိပ်စက်-လှုပ်ချောက်ချားစေ-ခြင်းဟူသော-လုံ့လ-ပယောဂ။	el esfuerzo / empeño que es el atormentar / oprimir / estremecer.	the effort / exertion that is tormenting / oppressing / agitating.	no label
154398	vibādhanapayoga	ညှဉ်းဆဲ-နှိပ်စက်-လှုပ်ချောက်ချားစေ-ခြင်းဟူသော-လုံ့လ-ပယောဂ။	el esfuerzo / empeño que es el atormentar / oprimir / estremecer.	the effort / exertion that is tormenting / oppressing / agitating.	no label
154401	vibādhanīya	ညှဉ်းဆဲ-နှိပ်စက်-အပ်ရာ(အခါ)။	(la ocasión) en que se ha de atormentar / oprimir.	(the time) at which one is to be tormented / oppressed.	adjective (-anīya) glossed with a locative -ရာ (အခါ)
154408	vibādhitabba	(၁)ညှဉ်းဆဲ-နှိပ်စက်-အပ်ပြီးသော ခြေရှိသော။	(1) que tiene los pies atormentados / oprimidos.	(1) having tormented / oppressed feet.	gloss repeats the previous entry (vibādhitapāda); probably misplaced; (1) with no (2)
154412	vibādhiyati	ညှဉ်းဆဲ-နှိပ်စက်-အပ်၏။	es atormentado / oprimido.	is tormented / oppressed.	no label
154413	vibādhīyati	ညှဉ်းဆဲ-နှိပ်စက်-အပ်၏။	es atormentado / oprimido.	is tormented / oppressed.	no label
154430	vibodhana	နိုးကြား-ပွင့်-စေတတ်သော။ ။	que suele hacer despertar / abrirse.	apt to cause to awaken / open.	stray extra ။ in print
154432	vibodhenta	နိုးကြား-ကားကားစွင့်စွင့်ပွင့်-စေတတ်သော၊ ဥူ။	que suele hacer despertar / abrirse de par en par (dicho de una persona).	apt to cause to awaken / open out wide (said of a person).	ဥူ read as misprint for သူ
154433	vibbhanta	(၁)လူထွက်သော။ (၂)မတည်ငြိမ်-ပျံ့လွင့်-လျှောကျ-ဆုတ်ယုတ်-သော။	(1) que se hace laico. (2) inestable / disperso / que se desliza / que decae.	(1) who becomes a layman (disrobes). (2) unsteady / scattered / slipping / declining.	no label; လူထွက် (leaving the monkhood) rendered hacerse laico / become a layman (L106)
154438	vibbhama	(၁)လူထွက်ခြင်းရဟန်းဘောင်မှ လူ့ဘောင်သို့ ပြလည်ခြင်း။ (၂)ပျံ့လွင့်-လှည့်လည်သွားလာ-လှုပ်ရှား-လျှပ်ပော်လော်လည်-ခြင်း။	(1) el hacerse laico, el volver del estado monástico al estado laico. (2) el dispersarse / vagar de un lado a otro / agitarse / moverse inquieto.	(1) the becoming a layman, the returning from the monastic state to the lay state. (2) the scattering / wandering about / stirring / flitting restlessly.	ပြလည် misprint for ပြန်လည်
154446	vibbhamanta	လူထွက်သော၊လူ့ဘောင်သို့ပြန်လည်သော။	que se hace laico; que vuelve al estado laico.	who becomes a layman; who returns to the lay state.	no label
154454	vibbhamitvā	လူထွက်၍၊ လူ့ဘောင်သို့ ပြန်လည်၍။	habiéndose hecho laico; habiendo vuelto al estado laico.	having become a layman; having returned to the lay state.	no label
154462	vibhaṅga	(၁)(က)အကျယ်-ဝေဘန်-ချဲ့ပြ-ခြင်း၊ (ခ)အကျယ်-ဝေဘန်-ချဲ့ပြ-ရာ-ကြောင်း-ဖြစ်သည့်-ဒေသနာ-စကားရပ်၊ ပဒဘာဇနီ။ (၂)(အဘိဓမ္မာ)ဝိဘင်းကျမ်း။ မူရင်းကြည့်ပါ။	(1) (a) el exponer en detalle / analizar / desarrollar; (b) la enseñanza / el pasaje que es el lugar / medio de exponer en detalle / analizar / desarrollar; *padabhājanī*. (2) (del *abhidhamma*) el tratado *vibhaṅga*. Véase el original.	(1) (a) the setting out in detail / analysing / expounding; (b) the teaching / passage that is the place / means of setting out in detail / analysing / expounding; *padabhājanī*. (2) (of the *abhidhamma*) the *vibhaṅga* treatise. See the original.	no label; 'see the original' rendered literally
154463	vibhaṅgaanuṭīkā	ဝိဘင်းအနုဋီကာကျမ်း၊ဝိဘင်းမူလဋီကာသို့ အစဉ်လိုက်သော ဋီကာ၊ ဝိဘင်း မူလဋီကာ၏နောက်၌ဖြစ်သော ဋီကာ၊ ဝိဘင်းမုလဋီကာကို တဖန်ထပ်ဆင့်၍ ဖွင့်ဆိုရာဖြစ်သောအဖွင့်ကျမ်း။	el tratado *vibhaṅga-anuṭīkā*; la *ṭīkā* que sigue a la *vibhaṅga-mūlaṭīkā*; la *ṭīkā* que viene después de la *vibhaṅga-mūlaṭīkā*; el tratado explicativo que vuelve a comentar la *vibhaṅga-mūlaṭīkā*.	the *vibhaṅga-anuṭīkā* treatise; the *ṭīkā* that follows the *vibhaṅga-mūlaṭīkā*; the *ṭīkā* that comes after the *vibhaṅga-mūlaṭīkā*; the explanatory treatise that comments again on the *vibhaṅga-mūlaṭīkā*.	ဝိဘင်းမုလဋီကာ misprint for မူလ
154466	vibhaṅgaṭṭhakathā	(အဘိဓမ္မာ)ဝိဘင်းပါဠိတော်၏ အနက်ကို ဖွင့်ဆိုကြောင်းဖြစ်သော စကား၊ ဝိဘင်းအဌကထာ၊ ဥမ္မောဟဝိနောဒနီအဋ္ဌကထာ။	(del *abhidhamma*) las palabras que sirven para explicar el significado del texto pāḷi *vibhaṅga*; la *vibhaṅga-aṭṭhakathā*; la *ummohavinodanīaṭṭhakathā*.	(of the *abhidhamma*) the words that serve to explain the meaning of the *vibhaṅga* Pāḷi text; the *vibhaṅga-aṭṭhakathā*; the *ummohavinodanīaṭṭhakathā*.	ဥမ္မောဟဝိနောဒနီ misprint for သမ္မောဟဝိနောဒနီ; ဝိဘင်းအဌကထာ misprint for -အဋ္ဌကထာ
154467	vibhaṅgaṭṭhakathānurūpa	ဝိဘင်းအဌကထာအား-သင့်လျော်-လျောက်ပတ်-သော။	conforme / apropiado a la *vibhaṅga-aṭṭhakathā*.	conforming / suited to the *vibhaṅga-aṭṭhakathā*.	အဌကထာ misprint for အဋ္ဌကထာ
154471	vibhaṅganayadassana	ဝိဘင်းပါဠိတော်၌ လာသော အနက်ကို သိကြောင်းပါဠိတော်၌ လာသော အနက်ကို သိကြောင်းဖြစ်သည့် နည်းကို ပြခြင်း။	el mostrar el método que es el medio de conocer el significado que aparece en el texto pāḷi *vibhaṅga*.	the showing of the method that is the means of knowing the meaning found in the *vibhaṅga* Pāḷi text.	the print repeats 'သိကြောင်းပါဠိတော်၌ လာသော အနက်ကို' (dittography), rendered once
154472	vibhaṅganayadassana	အောက်ပုဒ်ကြည့်။	Véase la entrada siguiente.	See the next entry.	headword duplicates the previous one
154474	vibhaṅgapakaraṇa	(အဘိဓမ္မာ၇-ကျမ်းတွင် ဒုတိယမြောက်)ဝိဘင်းကျမ်း။ မူရင်းကြည့်ပါ။	el tratado *vibhaṅga* (el segundo de los 7 tratados del *abhidhamma*). Véase el original.	the *vibhaṅga* treatise (the second of the 7 treatises of the *abhidhamma*). See the original.	'see the original' rendered literally
154476	vibhaṅgapāṭha	အကျယ်-ချဲ့ပြ-ဝေဘန်-ရာ-ကြောင်း-ဖြစ်သော-ပါဌ်-ပါဠိ—(က)ဥဘတောဝိဘင်း-ပါဌ်-ပါဠိတော်။ (ခ)(အဘိဓမ္မာ)ဝိဘင်း-ပါဌ်-ပါဠိတော်။	el texto / pāḷi que es el lugar / medio de exponer en detalle / desarrollar / analizar: (a) el texto / texto pāḷi del *ubhatovibhaṅga*. (b) (del *abhidhamma*) el texto / texto pāḷi del *vibhaṅga*.	the text / Pāḷi that is the place / means of setting out in detail / expounding / analysing: (a) the text / Pāḷi text of the *ubhatovibhaṅga*. (b) (of the *abhidhamma*) the text / Pāḷi text of the *vibhaṅga*.	ပါဌ် (pāṭha) rendered texto / text
154479	vibhaṅgamūlaṭīkā	ဝိဘင်းမူလဋီကာကျမ်း၊ ဝိဘင်းအဌကထာ-သမ္မောဟဝိနောဒနီအဋ္ဌကထာ-၏အဖွင့် မူလဋီကာကျမ်း။	el tratado *vibhaṅga-mūlaṭīkā*; el tratado *mūlaṭīkā*, explicación de la *vibhaṅga-aṭṭhakathā* / *sammohavinodanīaṭṭhakathā*.	the *vibhaṅga-mūlaṭīkā* treatise; the *mūlaṭīkā* treatise, the explanation of the *vibhaṅga-aṭṭhakathā* / *sammohavinodanīaṭṭhakathā*.	အဌကထာ misprint for အဋ္ဌကထာ
154480	vibhaṅgavagga	ဝိဘင်္ဂဝဂ်၊အကျယ်-ချဲ့ပြ-ဝေဘန်-ရာ သုတ်အပေါင်း(ဝိဘင်္ဂဝဂ်၌ ဘဒ္ဒေကရတ္တ သုတ်မှစ၍ ဒက္ခိဏာဝိဘင်္ဂသုတ်အထိ သုတ်ပေါင်း၁၂-သုတ်ပါဝင်သည်။ မ၊၃။ ၂၂၆-၃၀၀။ မ၊ဋ္ဌ၊၄။ ၁၇၀-၂၂၈။ မ၊ဋီ၊၃။ ၃၆၆-၄၁၆)။	*vibhaṅgavagga*; el conjunto de sutta en que se desarrolla en detalle / analiza (en el *vibhaṅgavagga* se incluyen 12 sutta en total, desde el sutta *bhaddekaratta* hasta el sutta *dakkhiṇāvibhaṅga*).	*vibhaṅgavagga*; the group of suttas in which things are expounded in detail / analysed (the *vibhaṅgavagga* contains 12 suttas in all, from the *bhaddekaratta* sutta to the *dakkhiṇāvibhaṅga* sutta).	citations (M iii, Ps iv, Ṭī iii) dropped
154486	vibhajati	(၁)(က)ခွဲခြမ်း(အထူးအဖို့ အစုအားဖြင့်ပြ)၏။ (ခ)အထူးထူး အပြားပြား-ခွဲခြမ်း-ဝေဘန်-၏။	(1) (a) divide (lo muestra por partes y grupos especiales). (b) divide / analiza de diversas y variadas maneras.	(1) (a) divides (shows it by special portions and groups). (b) divides / analyses in diverse and various ways.	sense (1) with no (2) in print
154494	vibhajanaṭṭha	ခွဲခြမ်း-ဝေဘန်-တတ်သော ဉာဏ်။	el conocimiento que suele dividir / analizar.	the knowledge apt to divide / analyse.	gloss repeats the previous entry; -aṭṭha ('meaning') would suggest 'the sense of dividing'
154497	vibhajanapubbaka	ခွဲခြမ်း-ဝဘေန်-ခြင်းလျှင် ရှေးရှိသော။	que tiene como precedente el dividir / analizar.	having dividing / analysing as its antecedent.	ဝဘေန် misprint for ဝေဘန်
154503	vibhajanta	ခွဲခြမ်း-ဝေဘန်-တတ်သော၊သူ။	que suele dividir / analizar (dicho de una persona).	apt to divide / analyse (said of a person).	a -anta participle glossed with တတ်သော
154518	vibhajitu	ခွဲခြမ်း-ဝေဘန်-တတ်သော၊သူ။	que suele dividir / analizar (dicho de una persona).	apt to divide / analyse (said of a person).	no label
154520	vibhajitvā	(၁)ခွဲခြမ်း-ခွဲဝေ-ဝေဘန်-၍။ (၂)အကျယ်-ဖွင့်ပြ-ဟောကြား-၍။	(1) habiendo dividido / repartido / analizado. (2) habiendo expuesto en detalle / explicado / predicado.	(1) having divided / distributed / analysed. (2) having set out in detail / explained / preached.	no label
154546	vibhajjavādimaṇḍala	(က)ဝိဘဇ္ဇဝါဒီ(ဘုရားယသာဝက)တို့၏ အပေါင်း။ (ခ)ဝိဘဇ္ဇဝါဒီ(ဘုရားရှင်)၏ပရိတ်သတ်။	(a) el conjunto de los *vibhajjavādī* (discípulos del Buddha). (b) la asamblea del *vibhajjavādī* (el Buddha).	(a) the group of the *vibhajjavādī* (disciples of the Buddha). (b) the assembly of the *vibhajjavādī* (the Buddha).	(a) ဘုရားယသာဝက read as misprint for ဘုရားသာဝက 'disciple of the Buddha'
154549	vibhajjavādī	ခွဲခြမ်း-ဝေဘန်-၍-ပြော-ဟော-ပြောဆို-လေ့ရှိ-တတ်-သော—(က)မြတ်စွာဘုရား။ (ခ)ဘုရားသာဝက။ မူရင်းကြည့်ပါ။	acostumbrado a / que suele hablar / enseñar / decir tras dividir / analizar: (a) el Buddha. (b) discípulo (*sāvaka*) del Buddha. Véase el original.	in the habit of / apt to speak / teach / say after dividing / analysing: (a) the Buddha. (b) disciple (*sāvaka*) of the Buddha. See the original.	'see the original' rendered literally
154559	vibhattakhettapada	ခွဲခြမ်း-ဝေဖန်-အပ်သော-(သိက္ခာကျခြင်း၏ ပေါက်ရောက်ရာ) ခေတ်ပုဒ် စကားလုံး။	la palabra *khettapada* dividida / analizada (donde se incurre en la caída del entrenamiento).	the word *khettapada* divided / analysed (where the fall from the training is incurred).	'သိက္ခာကျခြင်း၏ ပေါက်ရောက်ရာ' rendered literally; Vinaya sense (the point at which the offence is incurred) uncertain
154576	vibhattāvadhiattha	ဝိဘတ္တ အပါဒါန်အနက်။	el sentido *apādāna* *vibhatta*.	the *apādāna* sense *vibhatta*.	'ဝိဘတ္တ အပါဒါန်အနက်' rendered literally; how vibhatta relates to the apādāna sense is unclear
154591	vibhattibyataya	အောက်ပုဒ်ကြည့်။	Véase la entrada siguiente.	See the next headword.	'see X' formula left in the Burmese (အောက်ပုဒ်ကြည့်)
154597	vibhattiyantapatirūpaka	(၁) ဝိဘတ်အဆုံးရှိသော (ဝိဘတျန္တ) ပုဒ်၏ အတုဖြစ်သော။ (၂) ဝိဘတ်အဆုံးရှိသော (ဝိဘတျန္တ) ပုဒ်နှင့်-အသွင်-အလား-ထူသော။	(1) que es imitación de la palabra que tiene una *vibhatti* al final (*vibhatyanta*). (2) semejante en apariencia / aspecto a la palabra que tiene una *vibhatti* al final (*vibhatyanta*).	(1) that is an imitation of the word having a *vibhatti* at the end (*vibhatyanta*). (2) resembling in appearance / aspect the word having a *vibhatti* at the end (*vibhatyanta*).	(2) ထူသော read as misprint for တူသော 'like'
154609	vibhattihāra	(နေတ္တိကျမ်းလာ) ဝိဘတ္တိဟာရ၊ သုတ်၌လာသော တရားတို့ကို သာဓာရဏ,အသာဓာရဏအားဖြင့်လည်းကောင်း,ပဒဋ္ဌာန်အားဖြင့်လည်းကောင်း,ပဒဋ္ဌာန်အားဖြင့်လည်းကောင်း,ဘုံအားဖြင့်လည်းကောင်း ဝေဖန်-ရာ-ကြောင်း-ဖြစ်သည့် ဟာရ။	(que aparece en el tratado *Netti*) *vibhattihāra*; el *hāra* que es el lugar / medio de analizar los estados que aparecen en el sutta, según *sādhāraṇa* o *asādhāraṇa*, según *padaṭṭhāna*, según *padaṭṭhāna* y según *bhūmi*.	(occurring in the *Netti* treatise) *vibhattihāra*; the *hāra* that is the place / means of analysing the states occurring in the sutta by way of *sādhāraṇa* or *asādhāraṇa*, by way of *padaṭṭhāna*, by way of *padaṭṭhāna*, and by way of *bhūmi*.	ပဒဋ္ဌာန်အားဖြင့်လည်းကောင်း printed twice (dittography?); kept as printed
154619	vibhavagati	(၁) (က) ပျက်စီးခြင်းဟူသော (သင်္ခတတရားတို့၏)-တည်ရာ-သဘော။ (ခ) ပျက်စီးခြင်းဟူသော ကင်းပြတ်ခြင်း။ (၂) ပျက်စီးခြင်းသို့ရောက်ခြင်း။ အောက်ပုဒ်ကြည့်။	(1) (a) el lugar de asiento / la naturaleza (de los estados *saṅkhata*) que es la destrucción. (b) la cesación que es la destrucción. (2) el llegar a la destrucción. Véase la entrada siguiente.	(1) (a) the resting place / nature (of *saṅkhata* states) that is destruction. (b) the cessation that is destruction. (2) coming to destruction. See the next headword.	'see X' formula left in the Burmese (အောက်ပုဒ်ကြည့်)
154625	vibhavatasinā	ဝိဘဝတဏှာ (၁) အနက်နှင့်တူ။	Mismo significado que [[vibhavataṇhā]] (1).	Same meaning as [[vibhavataṇhā]] (1).	'same meaning as X' formula left in the Burmese, with a sense number
154637	vibhavasamiddhi	အောက်ပုဒ်ကြည့်။	Véase la entrada siguiente.	See the next headword.	'see X' formula left in the Burmese (အောက်ပုဒ်ကြည့်)
154642	vibhavasahagata	ဝိဘဝဒိဋ္ဌိနှင့်တကွဖြစ်သော။ ဝိဘဝတဏှာ-ထောင့်ကွင်းကြည့်။	que surge junto con la *vibhavadiṭṭhi*. Véanse los corchetes en *vibhavataṇhā*.	arising together with *vibhavadiṭṭhi*. See the square brackets at *vibhavataṇhā*.	'see the square brackets' rendered literally
154652	vibhassa	(၁) များ-လွန်-သော-အရှန်-အဝါ-အာနုဘော်-ရှိသော၊ (သံဃာ)။ (၂) အထူးထူးသော စကားရှိသော။	(1) que tiene mucho / excesivo prestigio / gloria / poder (el *saṅgha*). (2) que tiene palabras de diversas clases.	(1) having much / exceeding prestige / glory / power (the *saṅgha*). (2) having words of various kinds.	(1) အရှန် read as misprint for အရှိန် 'prestige'
154655	vibhā	အရောင်၊ အလင်း၊ တင့်တယ်ခြင်း။ အောက်ပုဒ်ကြည့်။	brillo; luz; el resplandecer. Véase la entrada siguiente.	lustre; light; shining. See the next headword.	'see X' formula left in the Burmese (အောက်ပုဒ်ကြည့်)
154656	vibhākara	အရောင်း-အလင်း-တင့်တယ်ခြင်း-ကို ပြုတတ်သော နေ။	el sol, que suele producir brillo / luz / resplandor.	the sun, apt to produce lustre / light / shining.	အရောင်း read as misprint for အရောင် 'lustre'
154663	vibhāgadassana	(၁) (က) ခွဲခြမ်း-ဝေဖန်-အပ်သော အနက်ကိုပြကြောင်းဖြစ်သော သဒ္ဒါ။ (ခ) အပြားကို ပြကြောင်းဖြစ်သောသဒ္ဒါ၊ (၂) ခွဲခြမ်း-ဝေဖန်-ခြင်းကိုပြခြင်း။ အောက်ပုဒ်ကြည့်။	(1) (a) la palabra que sirve para mostrar el sentido dividido / analizado. (b) la palabra que sirve para mostrar la variedad; (2) el mostrar el dividir / analizar. Véase la entrada siguiente.	(1) (a) the word that serves to show the meaning divided / analysed. (b) the word that serves to show the variety; (2) showing the dividing / analysing. See the next headword.	'see X' formula left in the Burmese (အောက်ပုဒ်ကြည့်)
154688	vibhāti	အောက်ပုဒ်ကြည့်။	Véase la entrada siguiente.	See the next headword.	'see X' formula left in the Burmese (အောက်ပုဒ်ကြည့်)
154691	vibhāyana	(၁) မိုးလင်း-ထွန်းလင်း-တောက်ပ-ခြင်း။ (၂) မိုးလင်း-ထွန်းလင်း-တောက်ပ-ရာအခါ။ အောက်ပုဒ်ကြည့်။	(1) el amanecer / resplandecer / brillar. (2) el momento en que amanece / resplandece / brilla. Véase la entrada siguiente.	(1) dawning / shining forth / shining. (2) the time at which it dawns / shines forth / shines. See the next headword.	'see X' formula left in the Burmese (အောက်ပုဒ်ကြည့်)
154701	vibhāvanapaññatti	ဝိဘာဝနပညတ်၊ ထင်းစွာပြခြင်းကို-သိစေ-ပညတ်-ခြင်း။	*vibhāvanapaññatti*; el hacer conocer / designar el mostrar claramente.	*vibhāvanapaññatti*; making known / designating the showing clearly.	ထင်းစွာ read as misprint for ထင်စွာ 'clearly'
154709	vibhāvaya	(သင်) ထင်စွာပြ-ထင်ရှားပြ-လော။	(tú) muestra claramente / haz manifiesto.	(you) show clearly / make manifest.	…လော under an imperative headword read as the imperative လော့ (misprint)
154714	vibhāvayissāma	ထင်စွာပြ-ထင်ရှားအောင်ပြု-ကုန်အံ့။	mostraremos claramente / haremos manifiesto.	we shall show clearly / make manifest.	1st person plural future (ကုန်အံ့) rendered as 1st person
154741	vibhāvehi	ထင်စွာပြ-ထင်ရှားအောင်ပြု-လော။	muestra claramente / haz manifiesto.	show clearly / make manifest.	…လော under an imperative headword read as the imperative လော့ (misprint)
154742	vibhāvehi	ကွယ်ပျောက်စေလော။	haz desaparecer.	cause to disappear.	…လော under an imperative headword read as the imperative လော့ (misprint)
154745	vibhiṁsaka	(၁) အထူးသဖြင့်-ကြောက်ရွံ့-ထိတ်လန့်-ခြင်း။ (၂) အထူးသဖြင့်-ကြောက်ရွံ့-ထိတ်လန့်-ခြင်းကို ဖြစ်စေတတ်သော အာရုံ၊ ကြောက်မက်ဖွယ်အာရုံ။ (၃) အထူးသဖြင့်-ကြောက်ရွံ့-ထိတ်လန့်-စေခြင်း။ အောက်ပုဒ်ကြည့်။	(1) el temer / sobresaltarse especialmente. (2) el objeto de la mente que suele producir especialmente el temer / sobresaltarse; objeto temible. (3) el hacer temer / sobresaltar especialmente. Véase la entrada siguiente.	(1) fearing / being startled especially. (2) the object of the mind apt to produce especially fearing / being startled; a fearsome object. (3) causing especially to fear / to be startled. See the next headword.	'see X' formula left in the Burmese (အောက်ပုဒ်ကြည့်)
154759	vibhīṭa	သစ်ဆိမ့်ပင်။	el árbol ‹သစ်ဆိမ့်›.	the ‹သစ်ဆိမ့်› tree.	plant name ‹သစ်ဆိမ့်› left in Burmese; tentatively Terminalia bellirica (beleric myrobalan), matching Pāḷi vibhītaka
154760	vibhīta	သစ်ဆိမ့်ပင်။	el árbol ‹သစ်ဆိမ့်›.	the ‹သစ်ဆိမ့်› tree.	plant name ‹သစ်ဆိမ့်› left in Burmese; tentatively Terminalia bellirica (beleric myrobalan), matching Pāḷi vibhītaka; label ကြိ (verb) looks misplaced
154761	vibhīṭaka	သစ်ဆိမ့်ပင်။	el árbol ‹သစ်ဆိမ့်›.	the ‹သစ်ဆိမ့်› tree.	plant name ‹သစ်ဆိမ့်› left in Burmese; tentatively Terminalia bellirica (beleric myrobalan), matching Pāḷi vibhītaka
154762	vibhītaka	သစ်ဆိမ့်ပင်။	el árbol ‹သစ်ဆိမ့်›.	the ‹သစ်ဆိမ့်› tree.	plant name ‹သစ်ဆိမ့်› left in Burmese; tentatively Terminalia bellirica (beleric myrobalan), matching Pāḷi vibhītaka
154763	vibhīṭakaphala	သစ်ဆိမ့်သီး။	el fruto del ‹သစ်ဆိမ့်›.	the fruit of the ‹သစ်ဆိမ့်›.	plant name ‹သစ်ဆိမ့်› left in Burmese; tentatively Terminalia bellirica (beleric myrobalan), matching Pāḷi vibhītaka
154765	vibhītakamiñjiya	သစ်ဆိမ့်သီး အဆံကို လှူခဲ့သော၊ ဝိဘီတကမိဉ္ဇိယ အမည်ရှိသော၊ သူ။	que ofrendó la almendra del fruto del ‹သစ်ဆိမ့်›; llamado *vibhītakamiñjiya* (dicho de una persona).	who offered the kernel of the ‹သစ်ဆိမ့်› fruit; named *vibhītakamiñjiya* (said of a person).	plant name ‹သစ်ဆိမ့်› left in Burmese; tentatively Terminalia bellirica (beleric myrobalan), matching Pāḷi vibhītaka
154777	vibhūtakaraṇapaccupaṭṭhāna	ထင်စွာပြုတတ်သောတရား၏ အဖြစ်ဖြင့်ဉာဏ်အား ရှေးရှုထင်တတ်သော (သာဌေယျတရား)။	(el estado *sāṭheyya*) que suele aparecer ante el conocimiento en calidad de estado que suele hacer manifiesto.	(the state *sāṭheyya*) apt to appear before knowledge as a state apt to make manifest.	sāṭheyya (deceit) glossed as manifesting as what makes manifest: rendered as printed, sense unclear
154793	vibhūtarūpasaññī	လွန်မြောက်ပြီးဖြစ်သည့် ရူပသညာရှိသော၊ သူ။ ဝိဘူတ (၃) အနက်ကြည့်။	que tiene la *rūpasaññā* ya trascendida (dicho de una persona). Véase [[vibhūta]] (sentido 3).	having the *rūpasaññā* already transcended (said of a person). See [[vibhūta]] (sense 3).	'see X' left in the Burmese, with a sense number
154794	vibhūtarūpasamāpatti	ဝိဘူတရူပသမာပတ်၊ လွန်မြောက်ပြီးသော ရူပသညာရှိသော သမာသတ်။	*vibhūtarūpasamāpatti*; la *samāpatti* que tiene la *rūpasaññā* ya trascendida.	*vibhūtarūpasamāpatti*; the *samāpatti* having the *rūpasaññā* already transcended.	final သမာသတ် read as misprint for သမာပတ် (samāpatti)
154802	vibhūti	(၁) အသီးအခြားဖြစ်-ကွဲပြား-ခြင်း။ (၂) တန်ခိုး အာနုဘော်ကြီးခြင်း၊ ဘုန်းပညာစသည်နှင့် ပြည့်စုံခြင်း၊ စည်းစိမ်။ (၃) ပျက်စီးခြင်း။ အောက်ပုဒ်ကြည့်။ (၄) ထင်ရှားဖြစ်ခြင်း။ «S1»	(1) el llegar a ser separado / diferenciarse. (2) el ser grande en poder y majestad; el estar dotado de gloria, sabiduría y demás; prosperidad. (3) la destrucción. Véase la entrada siguiente. (4) el llegar a ser manifiesto. Véase [[vibhūtipavattivāda]].	(1) coming to be separate / becoming differentiated. (2) being great in power and majesty; being endowed with glory, wisdom and so on; prosperity. (3) destruction. See the next headword. (4) becoming manifest. See [[vibhūtipavattivāda]].	'see X' formula left in the Burmese (အောက်ပုဒ်ကြည့်)
154803	vibhūtika	ပျက်စီးခြင်းကို-ထင်ရှားပြ-ပြုလုပ်-တတ်သောတရား၊ ချောပစ်ကုန်းတိုက်ခြင်း။	el estado que suele mostrar manifiestamente / producir la destrucción; el sembrar discordia con chismes.	the state apt to show manifestly / bring about destruction; stirring up discord by tale-bearing.	ချောပစ်ကုန်းတိုက်ခြင်း read as tale-bearing / sowing discord (cf. vebhūtiya = slander); ချောပစ် uncertain
154805	vibhūtibhāvakaraṇa	ထင်ရှားပော်လွင်သည်၏အဖြစ်ကိုပြုခြင်း။	el hacer el hecho de ser manifiesto y conspicuo.	bringing about the state of being manifest and conspicuous.	ပော်လွင် read as misprint for ပေါ်လွင် 'conspicuous'
154808	vibhūsaṭṭhāna	ကုသိုလ်ကောင်းမှု၌ မေ့လျော့ခြင်း၏ အကြောင်းဖြစ်သော တန်ဆာဆင်ခြင်း။	el adornarse, que es causa del descuido en las acciones meritorias.	adorning oneself, which is a cause of heedlessness in meritorious deeds.	ကုသိုလ်ကောင်းမှု taken as merit (mérito / meritorious)
154811	vibhūsanaṭṭhāna	(၁)  «S1» (၂) တန်ဆာဆင်ခြင်း၏အကြောင်း။ (၃) အဆင်တန်ဆာ၏ အရာဌာန။ အောက်ပုဒ်ကြည့်။	(1) Véase [[vibhūsaṭṭhāna]]. (2) la causa del adornarse. (3) el lugar del adorno. Véase la entrada siguiente.	(1) See [[vibhūsaṭṭhāna]]. (2) the cause of adorning oneself. (3) the place of ornament. See the next headword.	'see X' formula left in the Burmese (အောက်ပုဒ်ကြည့်)
154821	vibhūsāmaṇḍanarata	အဝတ်တန်ဆာဆို့ဖြင့် တန်ဆာဆင်ခြင်း,နံ့သာပန်းစသည်တို့ဖြင့် တန်ဆာဆင်ခြင်း၌ မွေ့လျော်သော၊ သူ။	que se deleita en el adornarse con vestidos y adornos y en el adornarse con perfumes, flores y demás (dicho de una persona).	delighting in adorning oneself with clothes and ornaments and in adorning oneself with perfumes, flowers and so on (said of a person).	အဝတ်တန်ဆာဆို့ read with ဆို့ as misprint for တို့
154829	vibhūsenti	တန်ဆာဆင်-လမ်းကျံ-ခြယ်သ-ကုန်၏။	adornan / ungen / engalanan.	adorn / anoint / embellish (plural).	လမ်းကျံ read as misprint for လိမ်းကျံ 'anoint'
154830	vibhūsemi	(ငါ) တန်ဆာဆင်-လိမ်းကျံ-ခြယ်သ-၏။	(yo) adorno / unjo / engalano.	(I) adorn / anoint / embellish.	1st person, marked (ငါ) in the Burmese
154833	vibhedikā	ထန်းပင်။	la palmera ‹ထန်း›.	the ‹ထန်း› palm.	plant name ‹ထန်း› left in Burmese; tentatively the toddy / palmyra palm (Borassus flabellifer)
154835	vibhoga	စည်းစိမ်ဥစ္စာပါရမီ-မရှိသော။	que no tiene prosperidad, riqueza ni *pāramī*.	having no prosperity, wealth or *pāramī*.	hyphen after the compound စည်းစိမ်ဥစ္စာပါရမီ read as a list; ပါရမီ here perhaps 'good fortune'
154836	vibhoti	(၁) ကင်း-ချုပ်-၏၊ မဖြစ်။ (၂) ကင်း-ချုပ်-ခြင်း၊ ကင်း-ချုပ်-ရာ၏။ (၃) လွန်-လွန်မြောက်-အပ်၏။	(1) queda libre / cesa; no llega a ser. (2) el quedar libre / cesar; quedaría libre / cesaría. (3) es sobrepasado / trascendido.	(1) becomes free / ceases; does not come to be. (2) becoming free / ceasing; would become free / would cease. (3) is passed beyond / transcended.	(2) mixes a verbal noun and an optative (ရာ၏); rendered as printed
154841	vimajjasi	(သင်) ပွတ်တိုက်-သုံးသပ်-စင်ကြယ်စေ-၏။	(tú) frotas / pasas la mano / limpias.	(you) rub / stroke / clean.	2nd person, marked (သင်) in the Burmese
154842	vimajjāmi	(ငါ) ပွတ်တိုက်-သုံးသပ်-စင်ကြယ်စေ-၏။	(yo) froto / paso la mano / limpio.	(I) rub / stroke / clean.	1st person, marked (ငါ) in the Burmese
154858	vimaticchedanī	ယုံမှား-တွေးတော-သံသယဖြစ်-မဆုံးဖြတ်နိုင်-ခြင်းကို-ဖြတ်-ပယ်ဖျောက်-ကြောင်းဖြစ်သော (စကား)။ အောက်ပုဒ်ကြည့်။	(las palabras) que sirven para cortar / eliminar el dudar / cavilar / estar en incertidumbre / no poder decidir. Véase la entrada siguiente.	(the words) that serve to cut off / dispel doubting / pondering / being uncertain / being unable to decide. See the next headword.	'see X' formula left in the Burmese (အောက်ပုဒ်ကြည့်)
154864	vimatipaṭikkhepa	ယုံမှား-တွေးတော-သံသယဖြစ်-မဆုံးဖြတ်နိုင်-ခြင်းကို-ပယ်မြစ်-တားမြစ်-ခြင်း။	el rechazar / impedir el dudar / cavilar / estar en incertidumbre / no poder decidir.	rejecting / preventing doubting / pondering / being uncertain / being unable to decide.	ပယ်မြစ် (paṭikkhepa) rendered rechazar / reject
154867	vimatipucchā	ယုံမှားသံသယကို ဖျောက်ခြင်းငှါ မေးခြင်း၊ ယုံမှားသံသယရှိ၍ မေးခြင်း၊ (သျ)။ ယုံမှား-တွေးတော-သံသယဖြစ်-မဆုံးဖြတ်နိုင်-ခြင်းဖြင့်-မေးမြန်းခြင်း (မေးမြန်းကြောင်းပုစ္ဆာ)။ «S1»	el preguntar para eliminar la duda; el preguntar por tener duda. El preguntar por medio del dudar / cavilar / estar en incertidumbre / no poder decidir (la pregunta con que se pregunta). Véase también [[vimaticchedanāpucchā]].	asking in order to dispel doubt; asking because of having doubt. Asking by way of doubting / pondering / being uncertain / being unable to decide (the question by which one asks). See also [[vimaticchedanāpucchā]].	source tag (သျ) dropped
154869	vimatividhamana	အောက်ပုဒ်ကြည့်။	Véase la entrada siguiente.	See the next headword.	'see X' formula left in the Burmese (အောက်ပုဒ်ကြည့်)
154880	vimaddana	(၁) နှိပ်နင်း-ပွတ်တိုက်-ခြင်း။ (၂) တွေ့ထိ-အောက်မေ့-သုံးသပ်-ရာ (ကာလ)။ အောက်ပုဒ်ကြည့်။	(1) el presionar / frotar. (2) (el momento) en que se toca / recuerda / examina. Véase la entrada siguiente.	(1) pressing / rubbing. (2) (the time) at which one touches / recalls / examines. See the next headword.	'see X' formula left in the Burmese (အောက်ပုဒ်ကြည့်)
154881	vimaddanakāla	ဝိမဒ္ဒနကာလေပိ----သမ္မုခီဘာဝတော။	*vimaddanakālepi----sammukhībhāvato*.	*vimaddanakālepi----sammukhībhāvato*.	definition is only a Pāḷi quotation with a gap (----); nothing to translate
154890	vimariyāda	(ကိလေသာ-ဝဋ်-ဟူသော) အပိုင်းအခြားမှ ကင်းသော၊ အပိုင်းအခြားမရှိသော။ အောက်ပုဒ်ကြည့်။	libre del límite (que es la *kilesa* / el *vaṭṭa*); sin límite. Véase la entrada siguiente.	free of the limit (that is the *kilesa* / the *vaṭṭa*); without limit. See the next headword.	'see X' formula left in the Burmese (အောက်ပုဒ်ကြည့်)
154891	vimariyādikata	(က) (ကိလေသာ-ဝဋ်-ဟူသော) အပိုင်းအခြား-ကင်း-မရှိ-သည်ကိုပြုအပ်သော၊ (ကိလေသာ-ဝဋ်-ဟူသော) အပိုင်းအခြား-ကင်း-မရှိ-အောင်ပြုအပ်သော၊ (ကိလေသာ-ဝဋ်-ဟူသော) အပိုင်းအခြားကို လွန်သော။ (ခ) ကိလေသာတို့သည် ပိုင်းခြား၍ ယူခြင်းမရှိသည်၏အဖြစ် အစရှိသည်ကိုပြုအပ်သော။ (ဂ) ကိလေသာဟူသော အပိုင်းအခြားကင်းသည်ကို ပြုသော။	(a) hecho libre / carente del límite (que es la *kilesa* / el *vaṭṭa*); hecho de modo que quede libre / carente del límite (que es la *kilesa* / el *vaṭṭa*); que sobrepasa el límite (que es la *kilesa* / el *vaṭṭa*). (b) llevado al estado en que las *kilesa* no toman delimitando, y demás. (c) que produce el estar libre del límite que es la *kilesa*.	(a) made free / devoid of the limit (that is the *kilesa* / the *vaṭṭa*); made so as to be free / devoid of the limit (that is the *kilesa* / the *vaṭṭa*); passing beyond the limit (that is the *kilesa* / the *vaṭṭa*). (b) brought to the state in which the *kilesa* do not take by delimiting, and so on. (c) bringing about freedom from the limit that is the *kilesa*.	(b) 'ကိလေသာတို့သည် ပိုင်းခြား၍ ယူခြင်းမရှိသည်၏အဖြစ် အစရှိသည်ကိုပြုအပ်သော' unclear; rendered literally
154892	vimariyādīkata	(က) (ကိလေသာ-ဝဋ်-ဟူသော) အပိုင်းအခြား-ကင်း-မရှိ-သည်ကိုပြုအပ်သော၊ (ကိလေသာ-ဝဋ်-ဟူသော) အပိုင်းအခြား-ကင်း-မရှိ-အောင်ပြုအပ်သော၊ (ကိလေသာ-ဝဋ်-ဟူသော) အပိုင်းအခြားကို လွန်သော။ (ခ) ကိလေသာတို့သည် ပိုင်းခြား၍ ယူခြင်းမရှိသည်၏အဖြစ် အစရှိသည်ကိုပြုအပ်သော။ (ဂ) ကိလေသာဟူသော အပိုင်းအခြားကင်းသည်ကို ပြုသော။	(a) hecho libre / carente del límite (que es la *kilesa* / el *vaṭṭa*); hecho de modo que quede libre / carente del límite (que es la *kilesa* / el *vaṭṭa*); que sobrepasa el límite (que es la *kilesa* / el *vaṭṭa*). (b) llevado al estado en que las *kilesa* no toman delimitando, y demás. (c) que produce el estar libre del límite que es la *kilesa*.	(a) made free / devoid of the limit (that is the *kilesa* / the *vaṭṭa*); made so as to be free / devoid of the limit (that is the *kilesa* / the *vaṭṭa*); passing beyond the limit (that is the *kilesa* / the *vaṭṭa*). (b) brought to the state in which the *kilesa* do not take by delimiting, and so on. (c) bringing about freedom from the limit that is the *kilesa*.	(b) 'ကိလေသာတို့သည် ပိုင်းခြား၍ ယူခြင်းမရှိသည်၏အဖြစ် အစရှိသည်ကိုပြုအပ်သော' unclear; rendered literally
154893	vimala	(၁) (မြူ-ကိလေသာ) အညစ်အကြေးမှ ကင်းသော၊ အညစ်အကြေး-အပြစ်-မရှိသော၊ သန့်ရှင်းစင်ကြယ်သော။ (၂) ဘုရား။ (၃) ဝိမလပစ္စေကဗုဒ္ဓါ။ (၄) နိဗ္ဗာန်။ (၅) (မဟာသာဝက ၈၀-တို့တွင် ၈-ယောက်မြောက်) ဝိမလထေရ်။ (၆) ဝိမလကောဏ္ဍညထေရ်။ (၇) ဝိမလာထေရီ။ (၈) (၂၁-ကမ္ဘာထက်၌ဖြစ်သော) ဝိမလစကြာမင်း။ (၉) (၆၁-ကမ္ဘာထက်၌ ဖြစ်သော) ဝိမလစကြာမင်း။ (၁၀) ဝိမလသူဋ္ဌေးသား။ (၁၁) ဝိမလာဒေဝီနဂါးမ။ (၁၂) (ပိယဒဿီဘုရားလောင်း၏ ကြင်ယာတော်) ဝိမလာမိဖုရား။ (၁၃) ဝိမလပြာသာဒ်။ (၁၄) ရတနာကျောက်။	(1) libre de impureza (polvo / *kilesa*); sin impureza / falta; limpio y puro. (2) el Buddha. (3) el *paccekabuddha* *vimala*. (4) *nibbāna*. (5) (el octavo de los 80 grandes discípulos (*mahāsāvaka*)) el *thera* *vimala*. (6) el *thera* *vimalakoṇḍañña*. (7) la *therī* *vimalā*. (8) (que existió hace 21 eones) el rey *cakkavatti* *vimala*. (9) (que existió hace 61 eones) el rey *cakkavatti* *vimala*. (10) *vimala*, hijo de un *seṭṭhi*. (11) la *nāga* hembra *vimalādevī*. (12) (esposa del *bodhisatta* del Buddha *piyadassī*) la reina *vimalā*. (13) el palacio *vimala*. (14) piedra preciosa.	(1) free of impurity (dust / *kilesa*); without impurity / fault; clean and pure. (2) the Buddha. (3) the *paccekabuddha* *vimala*. (4) *nibbāna*. (5) (the eighth of the 80 great disciples (*mahāsāvaka*)) the *thera* *vimala*. (6) the *thera* *vimalakoṇḍañña*. (7) the *therī* *vimalā*. (8) (who lived 21 aeons ago) the *cakkavatti* king *vimala*. (9) (who lived 61 aeons ago) the *cakkavatti* king *vimala*. (10) *vimala*, son of a *seṭṭhi*. (11) the female *nāga* *vimalādevī*. (12) (wife of the *bodhisatta* of the Buddha *piyadassī*) queen *vimalā*. (13) the *vimala* palace. (14) precious stone.	(8)-(9) ကမ္ဘာ read as kappa (eón / aeon)
154901	vimalakomalakesarakaṇṇika	အညစ်အကြေးမရှိ၍-သိမ်မွေ့-နူးညံ့-သော ကြာဝတ်မှုံတည်ရာအတံ ကြာနားဍောင်း။	el eje en que se asientan los estambres del loto, el pericarpio del loto, delicado / suave por no tener impureza.	the stalk on which the lotus filaments stand, the lotus pericarp, delicate / soft through having no impurity.	ကြာနားဍောင်း ('lotus ear-ring') rendered as pericarp; tentative
154916	vimalātherī	ဝိမလာထေရီမ။ မူရင်းကြည့်ပါ။	la *therī* *vimalā*. Véase el original.	the *therī* *vimalā*. See the original.	'see the original' rendered literally
154937	vimānamatthaka	ဘုံဗိမာန်၏-အထက်-အပော်-ထိပ်ဖျား။	lo alto / la parte superior / la cúspide del *vimāna*.	the top / upper part / summit of the *vimāna*.	အပော် read as misprint for အပေါ်
154947	vimānetvā	(၁) မရိုမသေ-မထေမဲ့မြင်-ပြု၍။ (၂) မမြတ်နိုင်း၍။ (၃) ပြစ်မှား၍။ «S1»	(1) habiendo tratado sin respeto / con desprecio. (2) habiendo no estimado. (3) habiendo ofendido. Véase también [[vimāneti]].	(1) having treated without respect / with disdain. (2) having not esteemed. (3) having offended. See also [[vimāneti]].	(2) မမြတ်နိုင်း read as misprint for မမြတ်နိုး
154950	vimissaka	ရောနှော-ရောပြွမ်း-သော။ အောက်ပုဒ်ကြည့်။	mezclado / confundido. Véase la entrada siguiente.	mixed / blended. See the next headword.	'see X' formula left in the Burmese (အောက်ပုဒ်ကြည့်)
154952	vimissati	ရောနှော-ရောရှက်-ရာပြွမ်း-၏။	se mezcla / entremezcla / confunde.	mixes / intermingles / blends.	ရာပြွမ်း read as misprint for ရောပြွမ်း
154959	vimukhatā	မျက်နှလွှဲ-မျက်နှာမသာယာ-သည်၏အဖြစ်။	el hecho de apartar el rostro / tener el rostro descontento.	the state of turning the face away / having a displeased face.	မျက်နှလွှဲ read as misprint for မျက်နှာလွှဲ
154960	vimukhapupphī	မျက်နှာဝဖောက်ပြန်သော-ပန်း-အပွင့်-ရှိသော၊ စစ်သိမ်၊ တောကြက်မောက်၊ ကြက်မောက်ရိုင်း။	que tiene flor / capullo con la abertura vuelta; ‹စစ်သိမ်›; ‹တောကြက်မောက်›; ‹ကြက်မောက်ရိုင်း›.	having a flower / blossom with its mouth turned aside; ‹စစ်သိမ်›; ‹တောကြက်မောက်›; ‹ကြက်မောက်ရိုင်း›.	plant names left in Burmese: ‹တောကြက်မောက်› / ‹ကြက်မောက်ရိုင်း› are 'wild cockscomb' (tentatively Celosia sp.); ‹စစ်သိမ်› unidentified; 'မျက်နှာဝဖောက်ပြန်သော' (flower with its mouth turned / inverted) tentative
154963	vimukhabhāvaparicitacitta	မျက်နှာလွှဲသည်၏အဖြစ်ဖြင့်-လေ့ကျက်-လေလာ-ဆည်းပူး-အပ်ပြီးသော စိတ်ရှိသော။	que tiene una mente ejercitada / habituada / cultivada en el hecho de apartar el rostro.	having a mind practised / habituated / cultivated in the state of turning the face away.	လေလာ read as misprint for လေ့လာ
154970	vimuccatha	(သင်တို့) လွတ်-ကင်းလွတ်-လွတ်မြောက်-ကြကုန်လော။	(vosotros) ¡quedad libres / quedad exentos / liberaos!	(you) be free / be released / be liberated!	imperative headword (-tha): ကုန်လော read as the imperative လော့ (misprint)
154989	vimuccitabba	(၁) (က) လွတ်မြောက်-အပ်-သင့်-ထိုက်-သော။ (ခ) လွတ်မြောက်ရာဖြစ်သော။ အောက်ပုဒ်ကြည့်။ (၂) နှလုံးသွင်း-အပ်-သင့်-ထိုက်-သော။	(1) (a) que ha de ser / conviene que sea / merece ser liberado. (b) que es el lugar donde uno se libera. Véase la entrada siguiente. (2) a lo que ha de / conviene / merece aplicarse la mente.	(1) (a) to be / fit to be / worthy to be liberated. (b) that is where one is liberated. See the following headword. (2) to which the mind is to be / fit to be / worthy to be applied.	(1)(b) လွတ်မြောက်ရာ: -ရာ read as 'the place where'; may be the gerundive 'to be liberated from'
155004	vimutta	(၁) အထူးသဖြင့်-လွတ်-ကင်းလွတ်-လွတ်မြောက်-လွတ်လပ်-ပြီးသော။ (၂) နှလုံးသွင်းသော၊ အာရုံပြုသော။ (၃) ထူး-ဆန်း-သော။ (၄) လွတ်စေ-လွှတ်-စွန့်-အပ်ပြီးသော။ (၅) (ဇိဝှါမဇ္ဈ-စသောကရိုဏ်းတို့ကို မနှိပ်မူ၍ စွန့်လွှတ်၍ ဖွင့်သောနှုတ်ခမ်းဖြင့် နှာခေါင်းသံရှိသည်ကို မပြုမူ၍ ရွတ်ဖတ်အပ်သော) ဝိမုတ္တအက္ခရာ။ (န) (၆) လွတ်မြောက်ခြင်း။ အောက်ပုဒ်ကြည့်။	(1) especialmente / que ha quedado libre / exento / liberado / independiente. (2) que aplica la mente; que toma como objeto. (3) especial / extraordinario. (4) que ha sido hecho libre / soltado / abandonado. (5) la letra *vimutta* (que se recita sin presionar los puntos de articulación (*karaṇa*), comenzando por *jivhāmajjha*, soltándolos, con los labios abiertos y sin producir sonido nasal). (neutro) (6) la liberación. Véase la entrada siguiente.	(1) especially / that has become free / released / liberated / independent. (2) applying the mind; taking as object. (3) special / extraordinary. (4) that has been set free / released / relinquished. (5) the letter *vimutta* (recited without pressing the points of articulation (*karaṇa*), beginning with *jivhāmajjha*, releasing them, with open lips and without producing a nasal sound). (neuter) (6) liberation. See the following headword.	(1) အထူးသဖြင့် (vi-) chained as the first hyphen member, kept as printed; (5) ကရိုဏ်း read as karaṇa (articulator)
155014	vimuttadosa	ကရိုဏ်းကို မနှိပ်မူ၍ စွန့်လွှတ်၍ ဖတ်ခြင်းကြောင့်သင့်ရောက်သော အပြစ်။	la falta en que se incurre por leer soltando el punto de articulación (*karaṇa*), sin presionarlo.	the fault incurred by reading while releasing the point of articulation (*karaṇa*), without pressing it.	ကရိုဏ်း read as karaṇa (articulator)
155020	vimuttavacana	(ကရိုဏ်းကို-) လွှတ်၍ ရွက်ဖတ်ခြင်း။	(el punto de articulación-) el recitar soltándolo.	(the point of articulation-) reciting while releasing it.	ကရိုဏ်း read as karaṇa (articulator); the hyphen after it left as printed
155021	vimuttavantu	ဝိမုတ္တ (၁) အနက်ကြည့်။	Véase [[vimutta]] (1).	See [[vimutta]] (1).	'see X' left in the Burmese, with sense number
155022	vimuttavādī	(သလိပ် ဒေါသ စသည်တို့မှ) ကင်းလွတ်-သန့်ရှင်း-သောစကားကိုဆိုလေ့ရှိသော၊ သူ။	que suele pronunciar palabras libres / limpias (de flema, defectos y demás) (dicho de una persona).	in the habit of speaking words free / clean (of phlegm, defects and so on) (said of a person).	ဒေါသ read as a bodily/vocal defect (dosa), not hatred
155029	vimuttādhippāyasaññita	လွတ်မြောက်ခြင်း-၌-လွတ်မြောက်မှု၌-အလို-ဖလဝိမုတ္တိ-ဟု သိမှတ်အပ်သော။	conocido como deseo en la liberación / en el liberarse / *phalavimutti*.	known as the wish in liberation / in being liberated / *phalavimutti*.	hyphen chain လွတ်မြောက်ခြင်း-၌-လွတ်မြောက်မှု၌-အလို-ဖလဝိမုတ္တိ unclear; rendered as printed
155037	vimuttāyatanasannissita	လွတ်မြောက်ကြောင်း-၌-ကို-မှီသော။	que se apoya en la causa de la liberación.	relying on the cause of liberation.	the hyphens in -၌-ကို- are alternative case particles, rendered once
155041	vimutti	(၁) (ကိလေသာတို့မှ) လွတ်မြောက်ဆဲမဂ်တရား။ (၂) (ကိလေသာတို့မှ) လွတ်မြောက်ပြီးဖိုလ်တရား။ (၃) အရဟတ္တဖလသမာပတ်။ «S1» (၄) အောက်၌ဖြစ်သော ဖလသမာပတ် ၃-ပါး။ (၅) သမာပတ် ၈-ပါး။ (၆) နိဗ္ဗာန်။ (၇) လွတ်မြောက်ခြင်း၊ လွတ်မြောက်မှု (သမာဓိတရား)။ (၈) လွတ်မြောက်ကြောင်းတရား--(က) ပညာ၊ (ခ) မေတ္တာ၊ (ဂ) မေတ္တာ,ကရုဏာ,မုဒိတာ]။ (၉) စွန့်လွှတ်အပ်သော။ (၁၀) လွတ်မြောက်သော--(က) အရဟတ္တမဂ်နှင့်ယှဉ်သော သမာဓိ။ (ခ) မဂ်ဉာဏ်နှင့်ယှဉ်သောတရား။ (ဂ) သေက္ခဖိုလ် (အောက်ဖိုလ် ၃-ပါး)။ (ဃ) အရဟတ္တဖိုလ်။ (င) ဖိုလ်အင်္ဂါ ၈-ပါးမှ ကြွင်းသောတရား။ (စ) (ပညာမှကြွင်းသော) ဖိုလ်နှင့်ယှဉ်သော တရား။ (ဆ) တဒင်္ဂဝိမုတ္တိ-စသော ဝိမုတ္တိ ၅-ပါး။ (ဇ) သဒ္ဓိန္ဒြေ။ (၁၁) မိစ္ဆာအယူဟုဆိုအပ်သော နှလုံးသွင်းခြင်း။ (၁၂) အားကြီးသော ဝိပဿနာ။ (၁၃) ဝိမုတ္တာယတနသုတ်။ (၁၄) တဏှာသင်္ခယဝိမုတ္တိဒေသနာ။	(1) el estado de *magga* que se está liberando (de los *kilesa*). (2) el estado de *phala* que ya se ha liberado (de los *kilesa*). (3) la *arahattaphalasamāpatti*. Véase [[vimuttisukhapaṭisaṁvedī]]. (4) las 3 *phalasamāpatti* inferiores. (5) las 8 *samāpatti*. (6) Nibbāna. (7) la liberación; el liberarse (el estado de *samādhi*). (8) el estado que es causa de la liberación: (a) *paññā*; (b) *mettā*; (c) *mettā*, *karuṇā*, *muditā*. (9) abandonado. (10) que se libera: (a) el *samādhi* asociado con el *arahattamagga*. (b) el estado asociado con el *maggañāṇa*. (c) el *sekkhaphala* (los 3 *phala* inferiores). (d) el *arahattaphala*. (e) los estados que quedan fuera de los 8 factores del *phala*. (f) el estado asociado con el *phala* (salvo la *paññā*). (g) las 5 *vimutti* que comienzan por *tadaṅgavimutti*. (h) el *saddhindriya*. (11) el aplicar la mente llamado opinión errónea. (12) la *vipassanā* fuerte. (13) el *vimuttāyatanasutta*. (14) *taṇhāsaṅkhayavimuttidesanā*.	(1) the *magga* state that is being liberated (from the *kilesa*). (2) the *phala* state already liberated (from the *kilesa*). (3) the *arahattaphalasamāpatti*. See [[vimuttisukhapaṭisaṁvedī]]. (4) the 3 lower *phalasamāpatti*. (5) the 8 *samāpatti*. (6) Nibbāna. (7) liberation; being liberated (the state of *samādhi*). (8) the state that is the cause of liberation: (a) *paññā*; (b) *mettā*; (c) *mettā*, *karuṇā*, *muditā*. (9) relinquished. (10) that which is liberated: (a) the *samādhi* associated with the *arahattamagga*. (b) the state associated with the *maggañāṇa*. (c) the *sekkhaphala* (the 3 lower *phala*). (d) the *arahattaphala*. (e) the states remaining outside the 8 factors of the *phala*. (f) the state associated with the *phala* (apart from *paññā*). (g) the 5 *vimutti* beginning with *tadaṅgavimutti*. (h) the *saddhindriya*. (11) the applying of the mind called wrong view. (12) strong *vipassanā*. (13) the *vimuttāyatanasutta*. (14) *taṇhāsaṅkhayavimuttidesanā*.	(8)(c) a stray ']' in the print, dropped; (9) is a participle among nouns, as printed
155047	vimuttikicca	အရဟတ္တဖိုလ်ဟူသော ကိစ္စရိသော။	que tiene la función que es el *arahattaphala*.	whose function is the *arahattaphala*.	ကိစ္စရိသော read as ကိစ္စရှိသော (misprint)
155053	vimuttigocara	နိဗ္ဗာန်-ဟူသော-လျှင်-ကျက်စားရာအာရုံရှိသော။	que tiene como objeto, ámbito en que se mueve, Nibbāna.	having Nibbāna as object, as its range.	the hyphens in -ဟူသော-လျှင်- are alternative particles, rendered once
155060	vimuttiñāṇa	ဖိုလ်,ပစ္စဝေက္ခဏဉာဏ်။	el *phala* y el *paccavekkhaṇañāṇa*.	the *phala* and the *paccavekkhaṇañāṇa*.	ဖိုလ်,ပစ္စဝေက္ခဏဉာဏ် may mean phalañāṇa and paccavekkhaṇañāṇa
155061	vimuttiñāṇaguṇaggahaṇa	ဝိမုတ္တဉာဏ-ဟူသော ဝိသေသနသဒ္ဒါ။	la palabra calificativa *vimuttañāṇa*.	the qualifying word *vimuttañāṇa*.	ဝိမုတ္တဉာဏ may stand for ဝိမုတ္တိဉာဏ (headword vimuttiñāṇa-)
155075	vimuttiñāṇapariyosāna	ပစ္စဝေက္ခဏဉာဏ်-လျှင်-ဟူသော-အဆုံးရှိသော။	que tiene como fin el *paccavekkhaṇañāṇa*.	having the *paccavekkhaṇañāṇa* as its end.	the hyphens in -လျှင်-ဟူသော- are alternative particles, rendered once
155077	vimuttidhammadesanā	(ကိလေသာတို့မှ) လွတ်မြောက်သော မဂ်,ဖိုလ်တရားကိုဟောတော်မူခြင်း။	el exponer el estado de *magga* y *phala* que se libera (de los *kilesa*).	the teaching of the *magga* and *phala* state that is liberated (from the *kilesa*).	honorific ဟောတော်မူ (the Buddha's teaching) not made explicit
155093	vimuttiparipācana	(န) (၁) အရဟတ္တဖိုလ်ကို ရင့်ကျက်စေခြင်း။ (တိ) (၂) အရဟတ္တဖိုလ်ကို ရင့်ကျက်စေတတ်သော၊ ကံ။ အောက်ပုဒ်ကြည့်။	(neutro) (1) el hacer madurar el *arahattaphala*. (adjetivo) (2) que suele hacer madurar el *arahattaphala*; *kamma*. Véase la entrada siguiente.	(neuter) (1) ripening the *arahattaphala*. (adjective) (2) apt to ripen the *arahattaphala*; *kamma*. See the following headword.	(2) '၊ ကံ' read as the noun the adjective qualifies (said of kamma), cf. the next headword
155112	vimuttipupphasāmaññaphaladhārī	မဂ်ဟူသော အပွင့်,ဖိုလ်ဟူသောအသီးကို-ဆောင်-ပွင့်သီး-လေ့ရှိသော၊ ဝိမုတ္တိဟူသော အပွင့်,မဂ်,ဖိုလ်ဟူသော အသီးကို-ဆောင်-ပွင့်သီး-လေ့ရှိသော (သျ)။	que suele llevar / dar en flor y fruto la flor que es el *magga* y el fruto que es el *phala*; que suele llevar / dar en flor y fruto la flor que es la *vimutti* y el fruto que es *magga* y *phala* (‹သျ›).	in the habit of bearing / blossoming and fruiting with the blossom, namely the *magga*, and the fruit, namely the *phala*; in the habit of bearing / blossoming and fruiting with the blossom, namely *vimutti*, and the fruit, namely *magga* and *phala* (‹သျ›).	closing '(သျ)' unexplained (abbreviation?), left in ‹ ›
155113	vimuttippasaṅga	အရဟတ္တဖိုလ်၏-ကပ်ငြိခြင်း-လျဉ်းပါးခြင်း-လျဉ်းပါးဖွယ်။	el adherirse / la implicación / lo pertinente al *arahattaphala*.	adhering / involvement / relevance of the *arahattaphala*.	ကပ်ငြိခြင်း-လျဉ်းပါးခြင်း-လျဉ်းပါးဖွယ် (pasaṅga): senses rendered tentatively
155119	vimuttiratanamālā	အရဟတ္တဖိုလ်-ဟူသော-ရတနာ-ပန်း-ပန်းကုံး။	la joya / flor / guirnalda que es el *arahattaphala*.	the gem / flower / garland, namely the *arahattaphala*.	hyphen chain ရတနာ-ပန်း-ပန်းကုံး may mean 'jewel-flower / jewel-garland'
155148	vimuttisukhañāṇaniddesa	(၁) ဝိမုတ္တိသုခဉာဏ်-ဖိုလ်ချမ်းသာနှင့်ယှဉ်သောဉာဏ်-ကို-ပြရာ-ပြကြောင်း-စကား။ (၂) ဝိမုတ္တိသုခဉာဏ်-ဖိုလ်ချမ်းသာလျှင်အာရုံရှိသော ပစ္စဝေက္ခဏဉာဏ်-ကို-ပြရာ-ပြကြောင်း-စကား။	(1) el discurso en que / por el que se muestra el *vimuttisukhañāṇa* (el conocimiento asociado con la felicidad del *phala*). (2) el discurso en que / por el que se muestra el *vimuttisukhañāṇa* (el *paccavekkhaṇañāṇa* que tiene como objeto la felicidad del *phala*).	(1) the talk in which / by which the *vimuttisukhañāṇa* (the knowledge associated with the happiness of the *phala*) is shown. (2) the talk in which / by which the *vimuttisukhañāṇa* (the *paccavekkhaṇañāṇa* that has the happiness of the *phala* as its object) is shown.	the hyphens here set off an apposition (rendered in parentheses)
155181	vimokkhanissita	ဝိမောက္ခ (ကိလောသာတို့မှ လွတ်မြောက်-ရာ-ကြောင်း)-တရားကိုမှီသော။	que se apoya en el estado *vimokkha* (el lugar / la causa de la liberación de los *kilesa*).	relying on the *vimokkha* state (the place / the cause of liberation from the *kilesa*).	ကိလောသာ read as ကိလေသာ (misprint)
155198	vimokkhamukha	(၁) (ကိလေသာတို့မှ) လွတ်မြောက်ခြင်း-ဝိမောက္ခ-တို့၏အကြောင်း--(က) အနိစ္စာနုပဿနာစသော တရား ၃-ပါး။ (၂) (ကိလေသာတို့မှ) လွတ်မြောက်ရာ အမြတ်နိဗ္ဗာန်။	(1) la causa de las liberaciones / de las *vimokkha* (de los *kilesa*): (a) los 3 estados que comienzan por la *aniccānupassanā*. (2) el excelso Nibbāna, donde uno se libera (de los *kilesa*).	(1) the cause of liberation / of the *vimokkha* (from the *kilesa*): (a) the 3 states beginning with *aniccānupassanā*. (2) the excellent Nibbāna, where one is liberated (from the *kilesa*).	(1) has only (a), no (b), in the print
155210	vimokkhasamadhigama	လွတ်မြောက်ရာ (နိဗ္ဗာန်)ကို ကောင်းစွာ-ရ-ရောက်-သိ-ခြင်း။	el obtener / alcanzar / conocer bien aquello en que uno se libera (Nibbāna).	obtaining / reaching / knowing well that in which one is liberated (Nibbāna).	ကောင်းစွာ (sam-) chained as the first hyphen member, rendered as 'bien / well'
155221	vimocana	(ကိလောသာတို့မှ) လွတ်-ကင်းလွတ်-လွတ်မြောက်-လွတ်လပ်-စေခြင်း။	el hacer libre / hacer exento / liberar / independizar (de los *kilesa*).	setting free / releasing / liberating / making independent (from the *kilesa*).	ကိလောသာ read as ကိလေသာ (misprint)
155238	vimhanīya	ချီးမွမ်းချီးကျူး-အံ့ဩ-အပ်-သင့်-ထိုက်-သော။	que ha de ser / conviene que sea / merece ser alabado y elogiado / admirado.	to be / fit to be / worthy to be praised and extolled / marvelled at.	first hyphen member ချီးမွမ်းချီးကျူး is written without a hyphen here
155249	vimhayanākāra	ချီးမွမ်း-ချီးကျူး-အံ့ဩ-ခြင်း၏-သော-အခြင်းအရာ။	el modo del alabar / elogiar / asombrarse.	the manner of praising / extolling / marvelling.	the hyphens in -ခြင်း၏-သော- are alternative particles, rendered once
155282	viya	(၁) ကဲ့သို့၊ သကဲ့သို့၊ သလို=(ဥပမာ=ပဋိဘာဂ)။ (၂) (ပြု) သကဲ့သို့=သယောင်=အနေဖြင့် (ဥပရိက္ချာ)။ (၃) (နှင့်) တူသော၊ တူသည် (သဒိသ)။ (၄) သာလျှင် (ဧဝတ္ထ=ဧဝသဒ္ဒါ၏အနက်)။ (၅) အနက်ထူးမရှိ (ပဒပူရဏ၊ နိပါတ်)။	(1) como; así como; tal como = (*upamā* = *paṭibhāga*). (2) (hacer) como si = aparentemente = a modo de (*uparikkhyā*). (3) semejante (a); es semejante (*sadisa*). (4) solamente (*evattha* = el significado de la palabra *eva*). (5) sin significado especial (*padapūraṇa*; *nipāta*).	(1) like; just as; as = (*upamā* = *paṭibhāga*). (2) (doing) as if = seemingly = by way of (*uparikkhyā*). (3) like (to); is like (*sadisa*). (4) only (*evattha* = the meaning of the word *eva*). (5) no particular meaning (*padapūraṇa*; *nipāta*).	(2) ဥပရိက္ချာ unclear (upaparikkhā?), copied as printed
155289	viyañjetu	ထင်းရှားစွာပြတတ်သော (အက္ခရာ)။	que suele mostrar claramente (la letra).	apt to show clearly (the letter).	ထင်းရှား read as ထင်ရှား (misprint)
155290	viyatta	(၁) လိမ္မာ-ပညာရှိ-သော၊ သူ။ (၂) ပညာ။ ထောင့်ကွင်းကြည့်။	(1) hábil / sabio (dicho de una persona). (2) *paññā*. Véanse los corchetes.	(1) skilled / wise (said of a person). (2) *paññā*. See the square brackets.	'see the square brackets' rendered literally
155294	viyasati	ဝိယဿတိ-ဖြစ်သင့်၏။ «S1»	debería ser *viyassati*. Véase [[viyassati]].	should be *viyassati*. See [[viyassati]].	headword spelling corrected by the dictionary to viyassati
155307	viyākarohi	(သင်) ထင်စွာပြု-ရှင်းလင်းပြ-ဖြေကြား-ဖြေဆို-ပြော-ဆို-ဟော-ကြား-မိန့်-ပါလော။	(tú) ¡pon de manifiesto / explica / responde / contesta / habla / di / expón / anuncia / declara!	(you) make clear / explain / answer / reply / speak / say / preach / announce / declare!	imperative headword (-hi): ပါလော read as the imperative လော့ (misprint)
155313	viyāyāti	အားထုတ်-လုံ့လပြု-ကြိုးစား-ကြိုးပမ်း-၏။ (စွန့်လွှတ်အပ်သော ဝီရိယကို မိမိသန္တာန်၌ဖြစ်စေ၏)။	se esfuerza / hace esfuerzo / se empeña / pugna. (Hace surgir en su propio *santāna* el *vīriya* soltado).	strives / makes effort / endeavours / exerts himself. (He makes the released *vīriya* arise in his own *santāna*).	'စွန့်လွှတ်အပ်သော ဝီရိယ' rendered literally ('released/unleashed energy'); sense unclear
155328	viyūhanadukkaṭa	ဝိဟူဟနဒုက္ကဋ်၊ (မြေမှုန့်ကို) ယက်-ထုတ်-ဆောင်-ခြင်းကြောင့် သင့်ရောက်သော ဒုက္ကဋ်အာပတ်။	*viyūhanadukkaṭa*; la *āpatti* de *dukkaṭa* en que se incurre por raspar / sacar / acarrear (la tierra en polvo).	*viyūhanadukkaṭa*; the *dukkaṭa* *āpatti* incurred by scraping / taking out / carrying away (loose earth).	print has ဝိဟူဟနဒုက္ကဋ်; romanised after the headword as viyūhana-
155335	viyoga	(၁) မယှဉ်-ကွေကွင်း-ကွင်းကွာ-ကွဲကွာ-ခြင်း (၂) မယှဉ်-ကွေကွင်း-ကင်းကွာ-ကွဲကွာ-ရာ။ «S1»	(1) el no asociarse / separarse / apartarse / desunirse (2) el lugar donde uno no se asocia / se separa / se aparta / se desune. Véase [[viyogaṭṭhāna]].	(1) not being associated / being separated / being apart / being disjoined (2) the place where one is not associated / is separated / is apart / is disjoined. See [[viyogaṭṭhāna]].	(1) ကွင်းကွာ read as ကင်းကွာ (misprint); no ။ after (1) in the print
155346	viyogasoka	မယှဉ်-ကွေကွင်း-ကင်းကွာ-ကွဲကွာ-ခြင်းကြောင်းဖြစ်သော စိုးရိမ်ခြင်း။	el pesar que surge por el no asociarse / separarse / apartarse / desunirse.	the sorrow that arises from not being associated / being separated / being apart / being disjoined.	ခြင်းကြောင်းဖြစ်သော read as ခြင်းကြောင့်ဖြစ်သော
155358	viyojenti	မယှဉ်ကွေကွင်း-ကင်းကွာ-ကွဲကွာ-စေကုန်၏။	hacen que no se asocie / se separe / se aparte / se desuna.	they cause to be unassociated / separated / apart / disjoined.	no hyphen between မယှဉ် and ကွေကွင်း in the print; read as two alternatives
155359	viyojemi	(ငါ) မယှဉ်-ကွေကွင်း-ကင်းကွာ-ကွဲကွာ-စေအံ့။	(yo) haré que no se asocie / se separe / se aparte / se desuna.	(I) shall cause to be unassociated / separated / apart / disjoined.	present headword (-mi) glossed with the future အံ့; 1st person marked by (ငါ)
155363	viracitaüṇhīsamaṇḍala	အထူးသဖြင့်စီအပ်သော သင်းကျစ်၏-အဝန်း-အဝိုင်း။	el contorno / círculo del ‹သင်းကျစ်› especialmente dispuesto.	the circumference / circle of the specially arranged ‹သင်းကျစ်›.	‹သင်းကျစ်› left in Burmese; from the headword (uṇhīsa) tentatively a turban / diadem
155364	viraja	(၁) တပ်စွန်း-တပ်နှစ်သက်-တပ်မက်-စွဲလမ်း-ခြင်းမရှိသော၊ ရာဂစသော ကိလေသာမြူမရှိသော၊ သူ။ (၂) ရာဂအစရှိသော ကိလေသာမြူ-မရှိ-ကင်း-သော (မဂ်,ဖိုလ်,နိဗ္ဗာန်တရား) (၃) (မြူစသော) အညစ်အကြေး-မရှိ-ကင်း-သော (မျက်နှာစသည်)။ (၄) ဝိရဇမည်သော ပြာသာဒ်။	(1) que no tiene el mancharse / deleitarse / apegarse / aferrarse; que no tiene el polvo de los *kilesa* que comienza por *rāga* (dicho de una persona). (2) que no tiene / está libre del polvo de los *kilesa* que comienza por *rāga* (los estados de *magga*, *phala* y Nibbāna) (3) que no tiene / está libre de suciedad (el polvo y demás) (la cara y demás). (4) el palacio llamado *viraja*.	(1) without staining / delighting / attachment / clinging; without the dust of the *kilesa* beginning with *rāga* (said of a person). (2) without / free from the dust of the *kilesa* beginning with *rāga* (the states of *magga*, *phala* and Nibbāna) (3) without / free from dirt (dust and so on) (the face and so on). (4) the palace named *viraja*.	no ။ after (2) in the print
155366	virajapada	ရာဂအစရှိသော ကိလေသာဖြူ-မရှိ-ကင်း-ရာဖြစ်သော နိဗ္ဗာန်။	Nibbāna, en que no hay / se está libre del polvo de los *kilesa* que comienza por *rāga*.	Nibbāna, in which there is not / one is free from the dust of the *kilesa* beginning with *rāga*.	ကိလေသာဖြူ read as ကိလေသာမြူ ('dust', misprint)
155368	virajja	တပ်နှစ်သက်-လိုချင်-မက်မော-စွဲလမ်း-ခြင်းကင်းလော။	¿está libre del deleitarse / desear / codiciar / aferrarse?	is he free from delighting / desiring / coveting / clinging?	virajja is not an imperative form: လော kept as a question
155372	virajjatha	(၁)တပ်နှစ်သက်-လိုချ-မက်မော-စွဲလမ်း-ခြင်းကင်းကုန်လော။ (၂) ပယ်စွန့်ကုန်လော။	(1) (vosotros) ¡estad libres del deleitarse / desear / codiciar / aferrarse! (2) ¡abandonad y renunciad!	(1) (you) be free from delighting / desiring / coveting / clinging! (2) abandon and relinquish!	imperative headword (-tha): ကုန်လော read as the imperative လော့ (misprint); လိုချ read as လိုချင်
155373	virajjana	(၁) တပ်နှစ်သက်မှု-လိုချင်မှု-မက်မောမှု-စွဲလမ်းမှု-ကင်းခြင်း(မလိုချင်-မနှစ်သက်-မမက်မော-မစွဲလမ်း-ခြင်း)။ (၂)ပျက်စီး-ကင်းပျောက်-ခြင်း၊ အကြွင်းမဲ့ဖြတ်ခြင်း။ (၃) တပ်နှစ်သက်မှု-လိုချင်မှု-မက်မောမှု-စွဲလမ်းမှု-ကင်းကြောင်းဖြစ်သော။	(1) el estar libre del deleite / deseo / codicia / apego (el no desear / no deleitarse / no codiciar / no aferrarse). (2) el perecer / desaparecer; el cortar sin residuo. (3) que es causa de estar libre del deleite / deseo / codicia / apego.	(1) being free from delight / desire / covetousness / clinging (not desiring / not delighting / not coveting / not clinging). (2) perishing / vanishing; cutting off without remainder. (3) that is the cause of being free from delight / desire / covetousness / clinging.	(3) is an adjectival gloss under a noun label, as printed
155374	virajjanaka	ကင်းပျောက်-ပျက်စီး-ချုပ်ငြိမ်း-ခြင်း။	el desaparecer / perecer / cesar.	vanishing / perishing / ceasing.	noun gloss under an adjective label (တိ), as printed
155381	virajjanākāra	တပ်နှစ်သက်-လိုချင်-မက်မော-စွဲလမ်း-မှုကင်း-သော-ခြင်း၏-အခြင်းအရာ။	el modo del estar libre del deleite / deseo / codicia / apego.	the manner of being free from delight / desire / covetousness / clinging.	the hyphens in -သော-ခြင်း၏- are alternative particles, rendered once
155385	virajjanti	(၁) တပ်နှစ်သက်-လိုချင်-မက်မော-စွဲလမ်း-ခြငင်းကင်းကုန်၏။ (၂) ပျက်စီးကုန်၏။ (၃) ပယ်စွန့်ကုန်၏။	(1) están libres del deleitarse / desear / codiciar / aferrarse. (2) perecen. (3) abandonan y renuncian.	(1) they are free from delighting / desiring / coveting / clinging. (2) they perish. (3) they abandon and relinquish.	ခြငင်း read as ခြင်း (misprint)
155386	virajjamāna	တပ်နှစ်သက်-လိုချ-မက်မော-စွဲလမ်း-ခြင်းကင်းသော၊ သူ။	que está libre del deleitarse / desear / codiciar / aferrarse (dicho de una persona).	being free from delighting / desiring / coveting / clinging (said of a person).	လိုချ read as လိုချင်
155387	virajjāmi	တပ်နှစ်သက်-လိုချင်-မက်မော-စွဲလမ်း-ခြင်းကင်း-၏-အံ့။	estoy / estaré libre del deleitarse / desear / codiciar / aferrarse.	I am / shall be free from delighting / desiring / coveting / clinging.	1st-person headword (-mi) rendered in the 1st person; ၏ (present) and အံ့ (future) printed as alternatives
155388	virajjiṁ	တပ်နှစ်သက်-လိုချင်-မက်မော-စွဲလမ်း-ခြင်းကင်းပြီ။	quedé libre del deleitarse / desear / codiciar / aferrarse.	I became free from delighting / desiring / coveting / clinging.	1st-person headword (-iṁ) rendered in the 1st person
155390	virajjitabba	အထူးသဖြင့်-အလွန်-တပ်နှစ်သက်အပ်သော။	especialmente / sumamente / objeto de deleite.	especially / exceedingly / to be delighted in.	gloss reads 'to be delighted in', the opposite of the expected sense of virajjitabba; a negation may be missing
155394	virajjissanti	တပ်နှစ်သက်-လိုချင်-မက်မော-စွဲလမ်း-ခြင်းကင်းကုန်-လတ္တံ့-အံ့။	estarán libres del apegarse con deleite / desear / anhelar / aferrarse.	they will be free from delighting with attachment / wanting / longing / clinging.	double future marker -လတ္တံ့-အံ့ in print; rendered as 3rd-person plural future
155403	virajjhanapañha	ချွတ်ယွင်း-လွဲများ-လွဲချော်-စေတတ်သော-အမေးပြဿနာ-ပုစ္ဆာ။	la pregunta / el problema / la cuestión que suele hacer fallar / errar / desviarse.	the question / problem / query apt to cause one to fail / err / miss.	လွဲများ read as လွဲမှား (misprint)
155410	virajjhatuṁ	လွဲချော်-ဖဲခွါ-ခြင်းငှါ(ပြစ်မှားခြင်းငှါ)။	para desviarse / apartarse (para ofender).	in order to miss / turn away (in order to offend).	label ပု on an infinitive, as printed
155415	virajjhissāma	ချွတ်ယွင်း-လွဲမှား-လွဲချော်-ကုန်-လတ္တံ့။	fallarán / errarán / se desviarán.	they will fail / err / miss.	headword is 1st-person plural (-ssāma); the print's …လတ္တံ့ is the 2nd/3rd-person future, rendered as printed
155419	virati	(၁) (က) ကြဉ်ရှောင်ခြင်း၊ (ခ) ကင်း၍ဖြစ်ခြင်း။ (၂) (က) ကြဉ်ရှောင်ကြောင်းတရား၊ (ခ)ကင်း၍ဖြစ်ကြေားတရား။ (၃)(က)ကြဉ်ရှောင်တတ်သောတရား။ (ခ) ကင်း၍ဖြစ်တတ်သောတရား။ (၄) ကြဉ်ရှောင်ရာအခါ။ မူရင်းကြည့်ပါ။	(1) (a) el abstenerse; (b) el existir libre (de algo). (2) (a) el estado por el cual uno se abstiene; (b) el estado por el cual se existe libre (de algo). (3) (a) el estado que suele abstenerse. (b) el estado que suele existir libre (de algo). (4) el momento en que uno se abstiene. Véase el original.	(1) (a) abstaining; (b) being free (from something). (2) (a) the state by which one abstains; (b) the state by which one is free (from something). (3) (a) the state apt to abstain. (b) the state apt to be free (from something). (4) the time at which one abstains. See the original.	ကြေား read as ကြောင်း (misprint); ကင်း၍ဖြစ် 'being free (from)' — the object is not stated; 'see the original' rendered literally
155423	viratikamma	ကြဉ်ရှော်ခြင်းအမှု။	el acto de abstenerse.	the act of abstaining.	ကြဉ်ရှော် read as ကြဉ်ရှောင် (misprint)
155429	viratipakkha	ဝိရတိ၏-အဘို့အစု-အသင်းအပင်း။ အောက်ပုဒ်ကြည့်။	la porción / el grupo de *virati*. Véase la entrada siguiente.	the portion / group of *virati*. See the next headword.	အောက်ပုဒ်ကြည့် 'see the headword below' rendered as 'see the next headword'
155434	viratippasaṅga	ဝိရတိသီလ၏လျဉ်းပါးခြင်း။	la implicación de *viratisīla*.	the involvement of *viratisīla*.	လျဉ်းပါးခြင်း (pasaṅga) rendered 'implicación / involvement'; tentative
155442	viratisabhāva	ကြဉ်ရှော်ခြင်းသဘောရှိသော။	que tiene la naturaleza de abstenerse.	having the nature of abstaining.	ကြဉ်ရှော် read as ကြဉ်ရှောင် (misprint)
155446	viratta	(၁) တပ်စွန်း-ချစ်ခင်-နှစ်သက်-တပ်မက်-စွဲလမ်း-ခြင်း-ကင်း-မရှိ-သော။ (၂)ကင်းပျောက်-ပျက်စီး-သော။ (၃) တပ်စွန်း-ချစ်ခင်-နှစ်သက်-တပ်မက်-စွဲလမ်း-ခြင်းကင်းရာ(ကာလ)။ (၄) ကျော်လွန်-အပ်-ပြီးသော။ (၅) စက်ဆုပ်အပ်ပြီးသော။ မူရင်းကြည့်ပါ။	(1) que está libre de / carece de apego / cariño / deleite / pasión / aferramiento. (2) desaparecido / destruido. (3) (el tiempo) en que se está libre de apego / cariño / deleite / pasión / aferramiento. (4) que ha sido sobrepasado. (5) que ha sido aborrecido. Véase el original.	(1) free from / without attachment / fondness / delight / passion / clinging. (2) vanished / destroyed. (3) (the time) at which one is free from attachment / fondness / delight / passion / clinging. (4) that has been passed beyond. (5) that has been loathed. See the original.	'see the original' rendered literally
155447	viratta	ကင်းစေအပ်ပြီးသော။ အောက်ပုဒ်ကြည့်။	que ha sido hecho libre (de algo). Véase la entrada siguiente.	that has been made free (from something). See the next headword.	အောက်ပုဒ်ကြည့် 'see the headword below' rendered as 'see the next headword'
155457	virattākāra	ချစ်ခင်-နှစ်သက်-တပ်မက်-စွဲလမ်း-ခြင်းကင်း-ခြင်း၏-သော-အခြင်းအရာ။	el modo del estar libre de cariño / deleite / pasión / aferramiento.	the mode of being free from fondness / delight / passion / clinging.	print '-ခြင်း၏-သော-' garbled; read as 'the mode of being free from …'
155458	viraddha	(၁) ချွတ်ယွင်း-လွဲမှား-လွဲချော်-သော။ (၂) ပြစ်မှား-ညှင်းဆဲ-နှိပ်စက်-ဖျက်ဆီး-ခြင်း။ (၃) ချွတ်ယွင်း-လွဲမှား-လွဲချော်-ရာဖြစ်သော။ (၄) ဝိရဒ္ဓသုတ်။	(1) que falla / yerra / se desvía. (2) el ofender / maltratar / oprimir / destruir. (3) que es aquello en que se falla / yerra / se desvía. (4) el sutta *viraddha*.	(1) failing / erring / missing. (2) offending / ill-treating / oppressing / destroying. (3) that in which one fails / errs / misses. (4) the *viraddha* sutta.	sense (2) is a verbal noun under an adjective label, as printed
155465	viraddhaṭṭhānavisodhana	အောက်ပုဒ်ကြည့်။	Véase la entrada siguiente.	See the next headword.	အောက်ပုဒ်ကြည့် 'see the headword below' rendered as 'see the next headword'
155466	viraddhaṭṭhānasodhana	ချွတ်ယွင်း-လွဲမှား-လွဲချော်-ရာဌာနကို-သုဓ်သင်-ရှင်းလင်း-ခြင်း။	el limpiar / despejar el lugar donde se falla / yerra / se desvía.	clearing / cleaning up the place where one fails / errs / misses.	သုဓ်သင် read as သုတ်သင် (misspelling)
155468	viraddhapahāra	ချွတ်ယွင်း-လွဲမှား-လွဲချော်-၍-ပစ်ခတ်-ပုတ်ခတ်-အပ်သော။	disparado / golpeado fallando / errando / desviándose.	shot / struck failing / erring / missing.	structure '…-၍-ပစ်ခတ်-ပုတ်ခတ်-အပ်သော' rendered literally; the sense is probably 'whose shot / blow has missed'
155469	viraddhi	ချွတ်ယွင်း-လွဲချော်-ရာ။ အောက်ပုဒ်ကြည့်။	aquello en que se falla / se desvía. Véase la entrada siguiente.	that in which one fails / misses. See the next headword.	အောက်ပုဒ်ကြည့် 'see the headword below' rendered as 'see the next headword'
155471	gavirandha	အပေါက်-အကြား-အလပ်-အပြစ်၊ ပျက်ကွက်-ချွတ်ယွင်း-ချွတ်ချော်-လွဲမှား-ခြင်း။	la abertura / el intersticio / el hueco / la falta; el omitir / fallar / resbalar / errar.	the opening / interval / gap / fault; lapsing / failing / slipping / erring.	headword 'gavirandha' as given in the index (probably virandha)
155473	virama	(သင်)ကြဉ်ရှောင်-အထူးသဖြင့်ကြဉ်ရှောင်-ပါလော။	(tú) ¡abstente / abstente especialmente!	(you) abstain / especially abstain!	ပါလော under an imperative headword read as the imperative (misprint for လော့)
155474	viramaṇa	(၁)ကြဉ်ရှောင်-အထူးသဖြင့်ကြဉ်ရှောင်-ခြင်း။ (၂) ကြဉ်ရှောင်ကြောင်း။ (၃) ကြဉ်ရှော်-အထူးသဖြင့်ကြဉ်ရှောင်-ရာ(ကာလ)။	(1) el abstenerse / abstenerse especialmente. (2) aquello por lo cual uno se abstiene. (3) (el tiempo) en que uno se abstiene / se abstiene especialmente.	(1) abstaining / especially abstaining. (2) that by which one abstains. (3) (the time) at which one abstains / especially abstains.	ကြဉ်ရှော် in (3) read as ကြဉ်ရှောင် (misprint)
155479	viramaṇarasa	ကြဉ်ရှောင်-အထူးသဖြင့် ကြဉ်ရှော်-ခြင်းကိစ္စရှိသော။	que tiene la función de abstenerse / abstenerse especialmente.	having the function of abstaining / especially abstaining.	ကြဉ်ရှော် read as ကြဉ်ရှောင် (misprint)
155487	viramatu	ကြဉ်ရှောင်-အထူးသဖြင့်ကြဉ်ရှောင်-ပါလော(စေချင်၏)။	¡que se abstenga / se abstenga especialmente! (se desea).	may he abstain / especially abstain! (it is wished).	ပါလော under an imperative headword read as the imperative (misprint for လော့)
155488	viramatha	(သင်တို့)ကြဉ်ရှောင်-အထူးသဖြင့်ကြဉ်ရှောင်-ကုန်လော။	(vosotros) ¡absteneos / absteneos especialmente!	(you) abstain / especially abstain!	ကုန်လော under an imperative headword (-tha) read as the imperative (misprint for လော့); could also be the present 2nd plural as a question
155492	viramassu	(သင်)ကြဉ်ရှောင်-အထူးသဖြင့်ကြဉ်ရှောင်လော။	(tú) ¡abstente / abstente especialmente!	(you) abstain / especially abstain!	လော under an imperative headword read as the imperative (misprint for လော့)
155494	viramāmase	(ငါတို့)ကြဉ်ရှောင်-အထူးသဖြင့်ကြဉ်ရှောင်-ကုန်အံ့။	(nosotros) nos abstendremos / nos abstendremos especialmente.	(we) shall abstain / especially abstain.	print's ကုန်အံ့ (1st-person future / intention) rendered as future; the headword -āmase may be read 'let us abstain'
155497	viramāhi	(သင်)ကြဉ်ရှောင်-အထူးသဖြင့်ကြဉ်ရှောင်-လော။	(tú) ¡abstente / abstente especialmente!	(you) abstain / especially abstain!	လော under an imperative headword read as the imperative (misprint for လော့)
155501	viramitabbavatthu	ဝိရမိတဗ္ဗဝတ္ထု၊ ကြဉ်ရှောင်-အပ်-သင့်-ထိုက်-သော တ္ထု။	*viramitabbavatthu*; el objeto del que se ha de / conviene / es debido abstenerse.	*viramitabbavatthu*; the object to be / fit to be / worthy to be abstained from.	တ္ထု read as ဝတ္ထု (letter dropped in print)
155503	viramituṁ	ကြဉ်ရှောင်-အထူးသဖြင့်ကြဉ်ရှောင်ခြင်းငှါ။	para abstenerse / abstenerse especialmente.	in order to abstain / especially abstain.	label ဗျ not in the label table (probably 'indeclinable')
155505	viramissaṁ	(ငါ) ကြဉ်ရှောင်-အထူးသဖြင့် ကြဉ်ရှောင်-လတ္တံ့-အံ့။	(yo) me abstendré / me abstendré especialmente.	(I) shall abstain / especially abstain.	double future marker -လတ္တံ့-အံ့; 1st person marked by (ငါ)
155509	viramissāmi	(ငါ)ကြဉ်ရှောင်-အထူးသဖြင့် ကြဉ်ရှောင်-လတ္တံ့-အံ့။ «S1»	(yo) me abstendré / me abstendré especialmente. Véase [[viramissaṁ]].	(I) shall abstain / especially abstain. See [[viramissaṁ]].	double future marker -လတ္တံ့-အံ့; 1st person marked by (ငါ)
155510	viramehi	(၁)(သင်) စွန့်-ပယ်-လော။ (၂)(သင်) ကြဉ်ရှောင်-အထူးသဖြင့် ကြဉ်ရှောင်-လော။	(1) (tú) ¡renuncia / abandona! (2) (tú) ¡abstente / abstente especialmente!	(1) (you) give up / abandon! (2) (you) abstain / especially abstain!	လော under an imperative headword read as the imperative (misprint for လော့)
155513	virameyyāma	(၁) (ငါတို့)ကြဉ်ရှောင်-အထူးသဖြင့် ကြဉ်ရှောင်-ဆုတ်နစ်-ကုန်အံ့။ (၂) (ငါတို့) စွန့်-ပယ်-ကုန်အံ့။	(1) (nosotros) nos abstendremos / nos abstendremos especialmente / nos retraeremos. (2) (nosotros) renunciaremos / abandonaremos.	(1) (we) shall abstain / especially abstain / draw back. (2) (we) shall give up / abandon.	print's ကုန်အံ့ rendered as 1st-person future; the headword is optative ('we would / should …')
155515	virava	(၁) ဖောက်ပြန်-ငိုကြွေး-မြည်တမ်း-မြည်တွန်-အော်မြည်-သော အသံ။ (၂) အထူးထူး အပြားပြား မြည်တတ်သောပန်း၊(အသံမြည်သောအခါ၌ ပွင့်သောပန်း)။ (၃) ငိုကြွေး-မြည်တမ်း-ရာ(အခါ)။ (၂) «S1» (၃)  «S2»	(1) el sonido alterado / de llanto / de lamento / de reclamo / de grito. (2) la flor que suena de diversos modos; (la flor que se abre cuando suena un sonido). (3) (el momento) en que se llora / se lamenta. (2) Véase [[viravapuppha]]. (3) Véase [[viravakāla]].	(1) a sound that is perverted / weeping / lamenting / calling / crying out. (2) the flower that sounds in various ways; (the flower that opens when a sound sounds). (3) (the time) at which one weeps / laments. (2) See [[viravapuppha]]. (3) See [[viravakāla]].	ဖောက်ပြန် ('perverted, changed for the worse') unexpected among words for crying; possibly a misprint
155517	gaviravati	ငိုကြွေး-မြည် -မြည်တွန်- မြည်တမ်း- ကြွေးကြော်-ခြင်း။	el llorar / sonar / clamar / lamentarse / vocear.	weeping / sounding / calling / lamenting / crying out.	headword 'gaviravati' as given in the index (probably viravati); verb label but the gloss is a verbal noun (-ခြင်း)
155518	viravana	(၁) ငိုကြွေး-မြည်-မြည်တွန်-မြည်တမ်း-ကြွေးကြော်-ခြင်း။ (၂) ငိုကြွေး-မြည်-မြည်တွန်-မြည်တမ်း-ကြွေးကြော် - ရာ (ကာလ)။ (၁)  «S1» (၂) အောက်ပုဒ်ကြည့်။	(1) el llorar / sonar / clamar / lamentarse / vocear. (2) (el tiempo) en que se llora / suena / clama / se lamenta / vocea. (1) Véase [[viravanabhaya]]. (2) Véase la entrada siguiente.	(1) weeping / sounding / calling / lamenting / crying out. (2) (the time) at which one weeps / sounds / calls / laments / cries out. (1) See [[viravanabhaya]]. (2) See the next headword.	အောက်ပုဒ်ကြည့် 'see the headword below' rendered as 'see the next headword'
155523	viravapuppha	ဝိရဝမည်သေ ပန်း၊ အသံမြည်သောအခါ၌ ပွင့်သောပန်း။	la flor llamada *virava*; la flor que se abre cuando suena un sonido.	the flower called *virava*; the flower that opens when a sound sounds.	မည်သေ read as မည်သော (misprint)
155524	viravapupphiya	ဝိရဝပုပ္ဖယမထေရ်၊ ဝိရဝမည်သောပန်းကို ပေးလှူဘူးသော မထေရ်။	el *thera* *viravapupphaya*; el *thera* que en otro tiempo ofreció la flor llamada *virava*.	the *thera* *viravapupphaya*; the *thera* who once offered the flower called *virava*.	name printed ဝိရဝပုပ္ဖယ (probably for ဝိရဝပုပ္ဖိယ), copied as printed
155526	viravasaṁghaṭṭita	မြည်တမ်း-မြည်တွန်-တွန်မြူး- တွန်ကျူး-အော်မြည်-သော- အသံတို့-ဖြင့်-သည်-ထိခိုက်-ပဲ့တင်ထပ် – စေအပ်သော။	hecho chocar / resonar con los sonidos de lamento / reclamo / gorjeo / trino / grito.	made to strike / echo with sounds of lamenting / calling / warbling / trilling / shouting.	stray '-သည်-' in the print; structure read as 'made to strike / echo with the sounds that …'
155539	viravituṁ	မြည်-မြည်တွန်-မြည်တမ်း-ခြင်းငှါ။	para sonar / clamar / lamentarse.	in order to sound / call / lament.	label ဗျ not in the label table (probably 'indeclinable')
155542	viravī	ဝိရဝပုပ္ဖယမထေရ်။	el *thera* *viravapupphaya*.	the *thera* *viravapupphaya*.	name printed ဝိရဝပုပ္ဖယ (probably for ဝိရဝပုပ္ဖိယ), copied as printed
155547	virahattha	(၁) ကင်း-ဆိတ်-ကင်းရှင်း-ကင်းဆိတ်-ခြင်းဟူသော အနက်ရှိသော (သဒ္ဒါ)။ (ပု) (၂) ကင်း-ဆိတ်-ကင်းရှင်း-ကင်းဆိတ်-ခြင်းဟူသော အနက်။ အောက်ပုဒ်ကြည့်။	(1) que tiene el significado 'el estar libre / vacío / exento / desprovisto' (palabra). (masculino) (2) el significado 'el estar libre / vacío / exento / desprovisto'. Véase la entrada siguiente.	(1) having the meaning 'being free / empty / clear / devoid' (word). (masculine) (2) the meaning 'being free / empty / clear / devoid'. See the next headword.	အောက်ပုဒ်ကြည့် 'see the headword below' rendered as 'see the next headword'
155552	virahitāvajjamatta	ကင်း-ဆိတ်-ကင်းရှင်း-ကင်းဆိတ်-သော အပြစ်မျှရှိသော။	que tiene aun la mínima falta libre / vacía / exenta / desprovista.	having even the least fault free / empty / clear / devoid.	literal; the sense is 'in whom not even the least fault is found'
155560	viral̤avattha	ကျဲ-ပါးလွှာ-သောအဝတ်အထည်။ အောက်ပုဒ်ကြည့်။	la prenda de tejido ralo / tenue. Véase la entrada siguiente.	the cloth that is loose-woven / thin. See the next headword.	အောက်ပုဒ်ကြည့် 'see the headword below' rendered as 'see the next headword'
155569	virāga	နိဗ္ဗာန်လျှင်အာရုံရှိသော (မဂ္ဂင်)။	que tiene como objeto solo el *nibbāna* (*maggaṅga*).	having *nibbāna* alone as object (*maggaṅga*).	adjective gloss under a masculine-noun label, as printed
155577	virāgajanana	တပ်မက်-နှစ်သက်-လိုချင်-မက်မော-စွဲလမ်း-ခြင်းကို ဖြစ်စေတတ်သော။ «S1»	que suele producir pasión / deleite / deseo / anhelo / aferramiento. Véase [[virajjana]] (3).	apt to produce passion / delight / desire / longing / clinging. See [[virajjana]] (3).	rendered as printed; the sense expected from virāga is 'freedom from passion …' (-မှုကင်းခြင်း possibly dropped in print)
155579	virāgaṭṭhāna	ဝိရာဂအရာ၊ ဝိရာဂပုဒ်၏အရာ။	el lugar de *virāga*; el lugar de la palabra *virāga*.	the place of *virāga*; the place of the word *virāga*.	အရာ rendered 'place'; may mean 'occurrence / use' of the word
155580	virāgattha	(၁) တပ်ခြင်းကင်းကြောင်း အရိယမဂ်ဟူသော အကျိုးရှိသော။ «S1» (ပု) (၂) အရိယမဂ်ဟူသော အကျိုး။ (၃) ဘဝ,ဘောဂတို့၌-တပ်မက်-နှစ်သက်-ခြင်းမှ ကင်းခြင်းဟူသော အကျိုး။	(1) que tiene como beneficio el *ariyamagga*, causa del estar libre de apego. Véase [[virāgānisaṁsa]]. (masculino) (2) el beneficio que es el *ariyamagga*. (3) el beneficio que es el estar libre de pasión / deleite por la existencia, las riquezas.	(1) having as benefit the *ariyamagga*, the cause of being free from attachment. See [[virāgānisaṁsa]]. (masculine) (2) the benefit that is the *ariyamagga*. (3) the benefit that is being free from passion / delight for existence, wealth.	အကျိုး rendered 'beneficio / benefit' (headword -attha); could be 'fruto / result'
155595	virāgasamudāgata	(ရာဂအစရှိသော တရားတို့၏) တပ်ခြင်းကင်း-ရာ-ကြောင်း-ဖြစ်သော နိဗ္ဗာန်၌-ကောင်းစွာ-ရောက်-ဖြစ်-သော။ «S1»	bien / llegado / surgido en el *nibbāna*, aquello en que / por lo cual se está libre del apego (de los estados que comienzan por *rāga*). Véase [[virāgapatiṭṭha]].	well / arrived at / arisen in *nibbāna*, that in which / by which one is free from attachment (of the states beginning with *rāga*). See [[virāgapatiṭṭha]].	chain '-ကောင်းစွာ-ရောက်-ဖြစ်-သော' kept as printed; the sense is 'well arrived at / arisen in'
155601	virāgānupassanattha	ဝိရာဂါနုပဿနာဉာဏ်ဟူသောအကျိုး။	el beneficio que es el conocimiento *virāgānupassanā*.	the benefit that is the *virāgānupassanā* knowledge.	အကျိုး rendered 'beneficio / benefit' (headword -attha); could be 'meaning'
155602	virāgānupassanā	(၁) ဝိရာဂါနုပဿနာဉာဏ် (သင်္ခါရတရားတို့၏) ကင်းပျောက်-ပျက်စီး-ချုပ်ငြိမ်း-ခြင်းကို အဖန်တလဲလဲရှုတတ်သော ဉာဏ် (ဝိပဿနာဉာဏ်)။ (၂) (သင်္ခါရတရားတို့၏) ကင်းပျောက်-ပျက်စီး-ချုပ်ငြိမ်း-ရာ နိဗ္ဗာန်ကို ရှုတတ်သော ဉာဏ် (မဂ်ဉာဏ်)။ (၃) နှစ်သက်-တပ်မက်-ခြင်းကင်းသော အခြင်းအရာဖြင့်ဖြစ်သော-အဖန်တလဲလဲ ရှုခြင်း-အဖန်တလဲလဲ ရှုတတ်သည့်ဉာဏ်။ (၄) နှစ်သက်-တပ်မက်-ခြင်းကင်းသည် ဖြစ်၍ အဖန်တလဲလဲ ရှုတတ်သောဉာဏ်။ (၅) နှစ်သက်-တပ်မက်-မှုကင်း (ရာဂကင်း) ခြင်းကို အဖန်တလဲလဲ ရှုတတ်သောဉာဏ်။ အောက်ပုဒ်ကြည့်။	(1) el conocimiento *virāgānupassanā*: el conocimiento que suele contemplar repetidamente el desaparecer / perecer / cesar (de los estados *saṅkhāra*) (conocimiento *vipassanā*). (2) el conocimiento que suele contemplar el *nibbāna*, donde desaparecen / perecen / cesan (los estados *saṅkhāra*) (conocimiento del *magga*). (3) el contemplar repetidamente / el conocimiento que suele contemplar repetidamente, que se da en el modo libre de deleite / pasión. (4) el conocimiento que, estando libre de deleite / pasión, suele contemplar repetidamente. (5) el conocimiento que suele contemplar repetidamente el estar libre de deleite / pasión (libre de *rāga*). Véase la entrada siguiente.	(1) the *virāgānupassanā* knowledge: the knowledge apt to contemplate repeatedly the vanishing / perishing / ceasing (of *saṅkhāra* states) (*vipassanā* knowledge). (2) the knowledge apt to contemplate *nibbāna*, where (*saṅkhāra* states) vanish / perish / cease (*magga* knowledge). (3) contemplating repeatedly / the knowledge apt to contemplate repeatedly, occurring in the mode free from delight / passion. (4) the knowledge that, being free from delight / passion, is apt to contemplate repeatedly. (5) the knowledge apt to contemplate repeatedly being free from delight / passion (free from *rāga*). See the next headword.	အောက်ပုဒ်ကြည့် 'see the headword below' rendered as 'see the next headword'
155606	virāgita	ချွတ်ယွင်း-ချွတ်ချော်-လွဲမှား-သော။	que falla / resbala / yerra.	failing / slipping / erring.	gloss unexpected for virāgita; rendered as printed
155607	virāgitā	အထူးထူးသော ချစ်နှစ်လိုဖွယ်ရှိသော၊ စွဲလမ်းကပ်ငြိရာ ကိုယ်ခန္ဓာရှိသော။	que tiene diversas cosas amables / deleitables; que tiene un cuerpo al que uno se aferra / adhiere.	having various lovable / delightful things; having a body to which one clings / sticks.	adjectival gloss under a feminine-noun label; sense unclear, rendered literally
155610	virāguna	ကင်းပျောက်-ပျက်စီး-သော။	que desaparece / perece.	vanishing / perishing.	headword 'virāguna' as given in the index
155612	virāguppādana	နှစ်သက်-တပ်မက်-လိုချင်-မက်မော-စွဲလမ်း-မှုကင်းခြင်းကို ဖြစ်စေတတ်သော။ အောက်ပုဒ်ကြည့်။	que suele producir el estar libre de deleite / pasión / deseo / anhelo / aferramiento. Véase la entrada siguiente.	apt to produce freedom from delight / passion / desire / longing / clinging. See the next headword.	အောက်ပုဒ်ကြည့် 'see the headword below' rendered as 'see the next headword'
155615	virāgū	ကင်းပျောက်-ပျက်စီး-ခြင်း။	el desaparecer / perecer.	vanishing / perishing.	verbal noun (-ခြင်း) under an adjective label, as printed
155622	virājayaṁ	ကင်း-ကင်းကွာ-ကင်းဝေး-စေ၍။ ဝိရာဇယန္တ (၂) (က) ကြည့်။	habiendo hecho quedar libre / apartado / alejado. Véase [[virājayanta]] (2) (a).	having caused to be free / parted / distant. See [[virājayanta]] (2) (a).	'see X' with sense number left in the Burmese, rendered as Véase ⟦X⟧ (…)
155623	virājaya	နှစ်သက်-တပ်မက်-လိုချင်-မက်မော-စွဲလမ်း-ခြင်းကင်းပါစေလော၊ (ပယ်စွန့်-ပယ်ခွါ-ဖျက်ဆီး-ပါလော)။	¡haz quedar libre del deleite / pasión / deseo / anhelo / aferramiento!; (¡abandona / desecha / destruye!).	cause to be free from delight / passion / desire / longing / clinging!; (give up / cast off / destroy!).	ပါစေလော / ပါလော under an imperative headword read as the imperative (misprint for လော့)
155636	virājeti	(၁) နှစ်သက်-တပ်မက်-လိုချင်-မက်မော-စွဲလမ်း-ခြင်းကင်းစေ၏၊ စက်ဆုပ်-ရွံရှာ-၏။ (၂) ပယ်စွန့်-ပယ်ခွါ-၏။ ဝိရာဇယန္တ (၂) (ခ) ကြည့်။	(1) hace quedar libre del deleite / pasión / deseo / anhelo / aferramiento; aborrece / repudia. (2) abandona / desecha. Véase [[virājayanta]] (2) (b).	(1) causes to be free from delight / passion / desire / longing / clinging; loathes / abhors. (2) gives up / casts off. See [[virājayanta]] (2) (b).	'see X' with sense number left in the Burmese, rendered as Véase ⟦X⟧ (…)
155637	virājetuṁ	ပယ်စွန့်-ပယ်ခွါ-ခြင်းငှါ။	para abandonar / desechar.	in order to give up / cast off.	label ဗျ not in the label table (probably 'indeclinable')
155655	virādhetha	ချွတ်ယွင်း-လွဲမှား-လွဲချော်-ပါစေကုန်လော။	¡haced fallar / errar / desviarse!	cause (you all) to fail / err / miss!	ပါစေကုန်လော under an imperative headword read as the imperative (misprint for လော့)
155660	virādhessaṁ	(ငါ) ချွတ်ယွင်း-ယုံမှား-လွဲချော်-စေ-လတ္တံ့-အံ့။	(yo) haré fallar / errar / desviarse.	(I) shall cause to fail / err / miss.	ယုံမှား ('suspect wrongly') read as လွဲမှား (misprint); double future marker -လတ္တံ့-အံ့, 1st person marked by (ငါ)
155661	virādhehi	ချွတ်ယွင်း-လွဲမှား-လွဲချော်-ပါစေလော။	¡haz fallar / errar / desviarse!	cause to fail / err / miss!	ပါစေလော under an imperative headword read as the imperative (misprint for လော့)
155664	viriccati	(က) ဝမ်းလျှော-ဓာတ်လျှော-ဝမ်းကျ-ဝမ်းသွား-ဓာတ်သွား-၏။ (ခ) ပျို့အန်၏။ (ဂ) သွေး-သွန်-အန်-၏။	(a) tiene diarrea / se le sueltan los humores / evacúa / hace de vientre / se purga. (b) vomita con arcadas. (c) sangra / se vacía / vomita.	(a) has diarrhoea / has the humours loosened / evacuates / has a motion / is purged. (b) retches and vomits. (c) bleeds / pours out / vomits.	(c) သွေး-သွန်-အန် read as 'bleed / pour out / vomit'; tentative
155665	viriccamāna	(က) ဝမ်းလျှော-ဓာတ်လျှော-ဝမ်းကျ-ဝမ်းသွား-ဓာတ်သွား-သော၊ သူ။ (ခ) ပျို့အန်သောသူ။ (ဂ) သွေး-သွန်-အန်-သော၊ သူ။	(a) que tiene diarrea / a quien se le sueltan los humores / que evacúa / que hace de vientre / que se purga (dicho de una persona). (b) la persona que vomita con arcadas. (c) que sangra / se vacía / vomita (dicho de una persona).	(a) having diarrhoea / having the humours loosened / evacuating / having a motion / purged (said of a person). (b) a person who retches and vomits. (c) bleeding / pouring out / vomiting (said of a person).	(c) သွေး-သွန်-အန် read as 'bleed / pour out / vomit'; tentative
155667	virañcana	(က) ဝမ်းလျှော-ဓာတ်လျှော-ဝမ်းကျ-ဝမ်းသွား-ဓာတ်သွား-ခြင်း။ (ခ) ပျို့အန်ခြင်း။	(a) el tener diarrea / soltarse los humores / evacuar / hacer de vientre / purgarse. (b) el vomitar con arcadas.	(a) having diarrhoea / the humours loosening / evacuating / having a motion / being purged. (b) retching and vomiting.	headword 'virañcana' as given in the index (probably virecana)
155680	virujjhana	(၁) ဆန့်ကျင်-ဖီလာဖြစ်-ကန့်လန့်ဖြစ်-ခြင်း။ (တိ) (၂) ဆန့်ကျင်သော၊ ဖီလာ-ကန့်လန့်-ဖြစ်သော။ အောက်ပုဒ်ကြည့်။	(1) el oponerse / ser contrario / ser atravesado. (adjetivo) (2) que se opone; que es contrario / atravesado. Véase la entrada siguiente.	(1) opposing / being contrary / being cross. (adjective) (2) opposing; contrary / cross. See the next headword.	အောက်ပုဒ်ကြည့် 'see the headword below' rendered as 'see the next headword'
155690	viruddha	(၁) ဆန့်ကျင်-ဖီလာဖြစ်-ကန့်လန့်ဖြစ်-သော၊ သူ။ (၂) ဖျက်ဆီးတတ်သော။ (၃) ရှုံးသော၊ သူ။ (၄) အမျက်ထွက်-စိတ်ဆိုး-သော၊ သူ။ (၅) မတူ-ကွဲပြား-ခြားနား-သော။ (၆) တားဆီး-ပိတ်ပင်-အပ်သော။ «S1» (၇) ဆန့်ကျင်-ဖီလာဖြစ်-ကန့်လန့်ဖြစ်-ရာ (အခါ)။ အောက်ပုဒ်ကြည့်။	(1) que se opone / es contrario / es atravesado (dicho de una persona). (2) que suele destruir. (3) que pierde (dicho de una persona). (4) que se enoja / se enfada (dicho de una persona). (5) desigual / diferenciado / distinto. (6) impedido / obstruido. Véase [[viruddhamana]]. (7) (el momento) en que uno se opone / es contrario / es atravesado. Véase la entrada siguiente.	(1) opposing / contrary / cross (said of a person). (2) apt to destroy. (3) losing (said of a person). (4) angry / annoyed (said of a person). (5) unlike / differentiated / distinct. (6) prevented / obstructed. See [[viruddhamana]]. (7) (the time) at which one opposes / is contrary / is cross. See the next headword.	အောက်ပုဒ်ကြည့် 'see the headword below' rendered as 'see the next headword'
155692	viruddhagabbhakaraṇa	ဆန့်ကျင် (ကြေမွပျက်စီး-မတည်-သေ-) သောကိုယ်ဝန်ကို-ပြုခြင်း-တစ်ဖန် မပျက်စီးစေခြင်းငှါ ဆေးပေးခြင်း။	el tratar / el dar medicina para que no vuelva a malograrse un embarazo adverso (deshecho / que no se sostiene / muerto).	treating / giving medicine so that it is not lost again, a pregnancy that is adverse (crushed / not holding / dead).	structure '…ကိုယ်ဝန်ကို-ပြုခြင်း-တစ်ဖန် မပျက်စီးစေခြင်းငှါ ဆေးပေးခြင်း' read as two alternatives (treating / giving medicine); tentative
155706	viruddhasaññā	ရှုံးပြီဟူသော-အမှတ်-သညာ။ အောက်ပုဒ်ကြည့်။	la percepción / *saññā* 'se ha perdido'. Véase la entrada siguiente.	the perception / *saññā* 'it is lost'. See the next headword.	ရှုံးပြီ 'lost / defeated' — who or what is lost is not stated; အောက်ပုဒ်ကြည့် rendered as 'see the next headword'
155739	virūpa	(၁) ဖောက်ပြန်သော အဆင်း-စက်ဆုပ်ဖွယ်အဆင်း-ရှိသော၊ အဆင်းဖောက်ပြန်-အဆင်းမလှ-အရုပ်ဆိုး-အကျည်းတန်-သော၊ သူ။ (၂) ဖောက်ပြန်-ယုတ်မာ-သော၊ သူ။ «S1» (၃) ဖောက်ပြန်သော၊ ဖောက်ပြန်သော သဘောရှိသော (ဒုစရိုက်စသည်)။ (၄) ကင်းသောသဘောရှိသော။ (၅) အထူးထူး အပြားအပြား သဘောရှိသော။ «S2» (၆) မတူသော ရုပ်သွင်ရှိသော၊ ရုပ်သွင်-သုတိ-မတူသော။	(1) que tiene una apariencia distorsionada / una apariencia repugnante; de apariencia distorsionada / sin belleza / feo / deforme (dicho de una persona). (2) perverso / vil (dicho de una persona). Véase [[virūparūpa]] (5). (3) perverso; que tiene una naturaleza perversa (la mala conducta *duccarita* y demás). (4) que tiene una naturaleza carente (de algo). (5) que tiene naturalezas diversas / variadas. Véase [[virūparūpa]] (1). (6) que tiene una forma no semejante; de forma / sonido no semejante.	(1) having a distorted appearance / a repulsive appearance; distorted in appearance / not beautiful / ugly / misshapen (said of a person). (2) perverse / base (said of a person). See [[virūparūpa]] (5). (3) perverse; having a perverse nature (misconduct, *duccarita*, and so on). (4) having a nature that is devoid (of something). (5) having diverse / various natures. See [[virūparūpa]] (1). (6) having an unlike form; unlike in form / sound.	ဖောက်ပြန် rendered 'distorsionado / distorted' of appearance and 'perverso / perverse' of conduct and nature; (4) what it is devoid of is not stated
155740	virūpakaraṇa	(၁) အဆင်းဖောက်ပြန်-အဆင်းမလှ-အရုပ်ဆိုး-အကျည်းတန်-အောင်ပြုခြင်း။ အောက်ပုဒ်ကြည့်။ (တိ) (၂) အဆင်းဖောက်ပြန်-အဆင်းမလှ-အရုပ်ဆိုး-အကျည်းတန်-အောင်ပြုတတ်သော။	(1) el hacer que quede de apariencia distorsionada / sin belleza / feo / deforme. Véase la entrada siguiente. (adjetivo) (2) que suele hacer que quede de apariencia distorsionada / sin belleza / feo / deforme.	(1) making distorted in appearance / not beautiful / ugly / misshapen. See the next headword. (adjective) (2) apt to make distorted in appearance / not beautiful / ugly / misshapen.	အောက်ပုဒ်ကြည့် 'see the headword below' rendered as 'see the next headword'
155758	virūparūpa	(န) (၁) (ပင်ကိုယ်မှ) ကင်းသော သဘောရှိသော ကိုယ်။ (၂) အထူးထူး အပြားပြား သဘောရှိသော ကိုယ်။ (၃) ဖောက်ပြန်သော သဘော၊ အထူးထူးသော သဘော။ (၄) မသင့်လျော်-မလျောက်ပတ်-သော အမူအရာ။ (၅) ဖောက်ပြန်-ယုတ်မာ-သောသူတို့၏ အသွင်အပြင်။ (၆) ဖောက်ပြန်သော အဆင်း၊ အထူးထူးသော အသွင်ဖြင့် ဖုံးလွှမ်းအပ်သော အဆင်း။ (၇) ဖောက်ပြန်-မတင့်တယ်-သော-အသွင်-သဏ္ဌာန်-အဆင်းသဏ္ဌာန်။ (တိ) (၈) ဖောက်ပြန်-မလှပသော-ခန္ဓာကိုယ်-သဏ္ဌာန်-အဆင်း-ရှိသော။	(neutro) (1) el cuerpo que tiene una naturaleza apartada (de su estado natural). (2) el cuerpo que tiene naturalezas diversas / variadas. (3) la naturaleza perversa; la naturaleza diversa. (4) el comportamiento impropio / inadecuado. (5) el aspecto de las personas perversas / viles. (6) la apariencia distorsionada; la apariencia cubierta por aspectos diversos. (7) el aspecto / la forma / la figura distorsionado / sin gracia. (adjetivo) (8) que tiene un cuerpo / una forma / una apariencia distorsionado / feo.	(neuter) (1) the body having a nature departed (from its natural state). (2) the body having diverse / various natures. (3) perverse nature; diverse nature. (4) improper / unfitting behaviour. (5) the guise of perverse / base people. (6) distorted appearance; appearance covered by diverse guises. (7) the guise / shape / figure that is distorted / ungraceful. (adjective) (8) having a body / shape / appearance that is distorted / not beautiful.	outer label တိ but senses 1–7 are marked (န), as printed
155762	virūpavesa	ဖောက်ပြန်သော အသွင်အပြင်။ အောက်ပုဒ်ကြည့်။	el aspecto distorsionado. Véase la entrada siguiente.	the distorted guise. See the next headword.	အောက်ပုဒ်ကြည့် 'see the headword below' rendered as 'see the next headword'
155785	virūl̤haka	(မြင့်မိုရ်တောင်၏ တောင်ဘက်အရပ်၌ နေသော) ဝိရူဠှကနတ်မင်းကြီး။	el gran rey de los *deva* *virūl̤haka* (que mora en la región sur del monte *Meru*).	the great *deva* king *virūl̤haka* (who dwells in the southern quarter of Mount *Meru*).	မြင့်မိုရ်တောင် (Burmese name of Mount Meru) romanised as ⟦=Meru⟧
155801	virecana	(၁) ဝမ်း-ဓာတ်-လျှောခြင်း၊ ဝမ်း-ဓာတ်-လျှောအောင်ပြုခြင်း။ (၃) (သလိပ်စသော ဒေါသတို့ကို) ထုတ်-အန်အောင်ပြု-ခြင်း။ (၄) ဝမ်း-ဓာတ်-နှုတ်ဆေး၊ ဝမ်းကျဆေး။	(1) el soltarse el vientre / los humores; el hacer que se suelte el vientre / los humores. (3) el hacer expulsar / vomitar (los humores *dosa*, como la flema y demás). (4) la medicina para purgar el vientre / los humores; el purgante.	(1) the loosening of the bowels / humours; making the bowels / humours loose. (3) making (the humours, *dosa*, such as phlegm) come out / be vomited. (4) medicine purging the bowels / humours; a purgative.	sense (2) missing in print; ဒေါသ here the bodily humours, not the mental dosa
155802	virecana	ဝမ်းနှုတ်-ဓာတ်နှုတ်-ဆေးနှင့်တူသော (တရား)။	(estado) semejante a una medicina que purga el vientre / los humores.	(state) like a medicine purging the bowels / humours.	(တရား) rendered 'estado / state'; could be 'the Teaching'
155803	virecanaka	ဝမ်းလျှောခြင်းကိုပြု-ဝမ်းလျှောစေ-တတ်သော-အနာ-ရောဂါ- (ဝမ်းကျ-ကာလဝမ်း-ရောဂါ)။	la dolencia / enfermedad que suele producir / causar diarrea (la enfermedad de evacuación / el cólera).	the ailment / disease apt to produce / cause diarrhoea (the disease of evacuation / cholera).	ကာလဝမ်း read as 'cholera' (its usual Burmese sense)
155805	virecamāna	ဝမ်း-ဓာတ်-လျှောသော၊ ဝမ်းသွေးသွန်သော။	que tiene el vientre / los humores sueltos; que evacúa sangre por el vientre.	whose bowels / humours are loosened; passing blood from the bowels.	ဝမ်းသွေးသွန် read as 'passing blood from the bowels'; possibly ဝမ်းသွန် 'purging' with a stray သွေး
155811	viroca	ထွန်းလင်း-ထွန်းပ-တောက်ပ-ပါလော။	¡brilla / reluce / resplandece!	shine / glow / blaze!	ပါလော under an imperative headword read as the imperative (misprint for လော့)
155814	virocatha	(၁) တင့်တယ်ကုန်၏။ (၂) (သင်တို့) တင့်တယ်ကြကုန်လော။	(1) son hermosos. (2) (vosotros) ¡sed hermosos!	(1) they are beautiful. (2) (you) be beautiful!	(2) ကြကုန်လော under an imperative headword (-tha) read as the imperative (misprint for လော့); could be the question 'are you beautiful?'
155818	virocanaṭṭhāna	ထွန်းတောက်ရာ-အရပ်-ဌာန။ အောက်ပုဒ်ကြည့်။	el lugar / sitio donde se resplandece. Véase la entrada siguiente.	the place / site where one shines. See the next headword.	အောက်ပုဒ်ကြည့် 'see the headword below' rendered as 'see the next headword'
155820	virocanasanāmaka	ဝိရောစန အမည်ရှိသော၊ ဝိရောစနဟူသော အမည်နှင့်တကွဖြစ်သော၊ သူ။ ဝိရောစန (ပု) (၆) ကြည့်။	que tiene el nombre *virocana*; que existe junto con el nombre *virocana* (dicho de una persona). Véase [[virocana]] (masculino) (6).	having the name *virocana*; existing together with the name *virocana* (said of a person). See [[virocana]] (masculine) (6).	'see X' with label and sense number left in the Burmese, rendered as Véase ⟦X⟧ (…)
155822	virocanahetu	ထွန်းတောက်ပခြင်းဟူသောအကြောင်း။ ဝိရောစန (န) (၃) ကြည့်။	la causa que es el resplandecer. Véase [[virocana]] (neutro) (3).	the cause, namely shining. See [[virocana]] (neuter) (3).	'see X' with label and sense number left in the Burmese, rendered as Véase ⟦X⟧ (…)
155833	virociṁsu	တင်တယ်ကုန်ပြီ။	fueron hermosos.	they were beautiful.	တင်တယ် read as တင့်တယ် (misprint)
155837	virocissati	တင့်တယ်-အံ့-လတ္တံ့-လိမ့်မည်။	será hermoso.	will be beautiful.	three future markers in print (-အံ့-လတ္တံ့-လိမ့်မည်), rendered as one 3rd-person future
155838	virocetabba	နှစ်သက်စေ-အပ်-သင့်-ထိုက်-သော။	que ha de / conviene / merece hacerse deleitar.	to be / fit to be / worthy to be made to delight.	gloss 'to be made to delight' unexpected for virocetabba; rendered as printed
155843	virocessati	ထွန်းလင်း-ထွန်းပ-တောက်ပ-စေ-အံ့-လတ္တံ့-လိမ့်မည်။	hará iluminar / hará resplandecer / hará brillar.	will make light up / make shine / make gleam.	the Burmese gives three future endings (အံ့-လတ္တံ့-လိမ့်မည်), rendered as one future
155847	virodhattha	ဆန့်ကျင်ခြင်းဟူသော အကျိုး။	el fin que es el oponerse.	the purpose, namely opposing.	attha glossed အကျိုး (benefit, purpose); 'meaning' may be intended
155849	virodhadosa	ဆန့်ကျင်ခြင်းဟူသော-အပြစ် ဒေါသ။	la falta (*dosa*) que es el oponerse.	the fault (*dosa*), namely opposing.	hyphen before အပြစ် and the space before ဒေါသ unclear; read as one phrase 'the fault (dosa) that is opposing'
155872	virodhidosa	ဝိရောဓိဒေါသ၊ (ဒေသ,ကာလစသည်တို့နှင့်) ဆန့်ကျင်-ဆန့်ကျင်ခြင်းရှိ-သော အပြစ်ဒေါသ၊ ဆန့်ကျင်သည်၏ အဖြစ်ကြောင့် သင့်ရောက်သော အပြစ်ဒေါသ။ «S1» မူရင်းကြည့်ပါ။	*virodhidosa*; la falta que se opone / que tiene oposición (al lugar, al tiempo y demás); la falta en que se incurre por el hecho de ser contrario. Véase [[virodhī]] (2). Véase el original.	*virodhidosa*; the fault that opposes / that involves opposition (to place, time and so on); the fault incurred through the state of being contrary. See [[virodhī]] (2). See the original.	'see the original' rendered literally
155903	vilaggatanumajjha	အောက်ပုဒ်ကြည့်။	Véase la entrada siguiente.	See the following headword.	'see the next headword' (အောက်ပုဒ်ကြည့်) left in the text, not a placeholder
155909	vilaṅghaka	(၁) အထက်သို့မြှောက်ချီ-ချီမ-ခြင်း။ (၂) အပြန်အလှန်ကိုင်ခြင်း၊ အချင်းချင်းကိုင်ခြင်း။ (၃) အထက်သို့မြှောက်ချီ-ချီမ-(အရပ်တစ်ပါးသို့ ရောက်စေ) ကြောင်းဖြစ်သော၊ အချင်းချင်းချုပ်ဖွဲ့-ကိုင်တွဲ-ကြောင်းဖြစ်သော။	(1) el alzar hacia arriba / levantar. (2) el sujetarse recíprocamente; el sujetarse mutuamente. (3) que es causa de alzar hacia arriba / levantar (y hacer llegar a otro lugar); que es causa de atarse / agarrarse mutuamente.	(1) lifting upward / raising. (2) holding reciprocally; holding one another. (3) that is a cause of lifting upward / raising (and bringing to another place); that is a cause of binding / holding one another.	senses (1)-(2) are verbal nouns under an adjective label
155938	vilambana	(၁) တွဲလျားဆွဲ-တွဲလွဲဆွဲ-ချိတ်ဆွဲ-ခြင်း။ (၂) အချိန်ဆွဲ-ဖင့်နွှဲ-ဆိုင်းငံ့-အနည်းငယ်ကြာမြင့်စေ-ခြင်း။ «S1» (၃) မိန်းမ,ယောက်ကျားတို့၏ချစ်ခင်မြတ်နိုးခြင်း အစရှိသော အမူအရာစသည်နှင့်ယှဉ်သော အမှု။ «S2» (တိ) (၄) တွဲလျားဆွဲ-တွဲလွဲဆွဲ-ချိတ်ဆွဲ-သော။ အောက်ပုဒ်ကြည့်။	(1) el colgar suelto / pender / colgar de un gancho. (2) el demorarse / ser lento / aplazar / hacer durar un poco. Véase [[vilambitvā]]. (3) la acción asociada con gestos y demás, que comienzan por el amor y el afecto entre mujeres y hombres. Véase [[vilambanapaṭibhāna]]. (adjetivo) (4) que cuelga suelto / pende / cuelga de un gancho. Véase la entrada siguiente.	(1) hanging loosely / dangling / hanging on a hook. (2) delaying / lingering / postponing / making last a little. See [[vilambitvā]]. (3) action associated with gestures and so on, beginning with the love and affection of women and men. See [[vilambanapaṭibhāna]]. (adjective) (4) hanging loosely / dangling / hanging on a hook. See the following headword.	'see the next headword' (အောက်ပုဒ်ကြည့်) left in the text
155951	vilāka	ရှုချင်စဖွယ်-သေးသွယ်-ရှည်လျား-သော။ အောက်ပုဒ်ကြည့်။	atractivo a la vista / delgado / alargado. Véase la entrada siguiente.	pleasing to look at / slender / long. See the following headword.	'see the next headword' (အောက်ပုဒ်ကြည့်) left in the text
155953	vilāta	(၁) ထမ်းစင်။ (၂) လှည်းပေါင်းချုပ်။	(1) andas (para llevar a hombros). (2) toldo de carro.	(1) a litter (carried on the shoulders). (2) a cart hood.	လှည်းပေါင်းချုပ် read as the covered top of a cart
155954	vilāpa	(၁) အထူးထူး-ပြောဆို-မြည်တမ်း-ယောင်ယမ်းပြောဆို-ခြင်း။ (၂) ငိုကြွေး-မြည်တမ်း-ခြင်း။ (၃) ငိုကြွေး-မြည်တမ်း-ရာ (အချိန်)။ အောက်ပုဒ်ကြည့်။	(1) el hablar / lamentarse / desvariar de muchos modos. (2) el llorar / lamentarse. (3) (el momento) en que se llora / se lamenta. Véase la entrada siguiente.	(1) speaking / lamenting / raving in various ways. (2) weeping / lamenting. (3) (the time) of weeping / lamenting. See the following headword.	'see the next headword' (အောက်ပုဒ်ကြည့်) left in the text
155962	vilāsakutti	တင့်တယ်-စံပယ်-ခြင်းဟူသော-အပြုအမူ-အမူအရာ။ အောက်ပုဒ်ကြည့်။	la conducta / el ademán que es el resplandecer / lucir con gracia. Véase la entrada siguiente.	the conduct / bearing that is being resplendent / graceful. See the following headword.	'see the next headword' (အောက်ပုဒ်ကြည့်) left in the text
155967	vilāsayutta	(၁) ရွှင်မြူး-မြူးတူး-ခြင်းနှင့်ယှဉ်သော။ အောက်ပုဒ်ကြည့်။ (၂) တင့်တယ်-စံပယ်-တောက်ပ-ခြင်းနှင့်ယှဉ်သော။	(1) asociado con el regocijo / retozo. Véase la entrada siguiente. (2) asociado con el resplandecer / lucir con gracia / brillar.	(1) associated with rejoicing / frolicking. See the following headword. (2) associated with being resplendent / graceful / shining.	'see the next headword' (အောက်ပုဒ်ကြည့်) left in the text
155972	vilāsita	တင့်တယ်-စံပယ်-သော။ အောက်ပုဒ်ကြည့်။	que resplandece / luce con gracia. Véase la entrada siguiente.	resplendent / graceful. See the following headword.	'see the next headword' (အောက်ပုဒ်ကြည့်) left in the text
155976	vilāsitarājahaṁsa	တင့်တယ်-စံပယ်-သော ဟင်္သာမင်း။	el rey de los cisnes que resplandece / luce con gracia.	the king of swans that is resplendent / graceful.	ဟင်္သာ (haṁsa) rendered swan / cisne, as in earlier volumes
155978	vilikhati	အထူးထူး-အမျိုးမျိုး-အဖုံဖုံ-ရေးခြင်း၏။	raya de diversos modos / de varias clases / de múltiples formas.	scratches in various ways / of various kinds / in manifold forms.	ရေးခြင်း၏ read as ရေးခြစ်၏ (misprint)
155983	vilikhita	(၁) အထူးထူး-အမျိုးမျိုး-ရေးခြစ်အပ်သော။ «S1» (၂) ခြစ်ခြုတ်-ခေါင်းပါးအောင်ပြု-အပ်သော။ အောက်ပုဒ်ကြည့်။ (၃) အရေးအကြောင်း။ (၄) ခြစ်ခြုတ်-ကုတ်ဖဲ့မိ-ရာ-အရပ်-ဌာန။ «S2» (၅) ပွတ်တိုက်-ဆေးကြော-အပ်သော။ «S3» (၆) (နယ်ဖြင့်) ကန်-ထိုးခြစ်-အပ်သော။	(1) rayado de diversos modos / de varias clases. Véase [[vilikhitagatta]]. (2) raspado / atenuado. Véase la entrada siguiente. (3) el asunto. (4) el lugar / sitio / paraje raspado / arañado. Véase [[vilikhitaṭṭhāna]]. (5) frotado / lavado. Véase [[vilikhita-saṅkhasadisa]]. (6) pateado / escarbado (con ‹နယ်›).	(1) scratched in various ways / of various kinds. See [[vilikhitagatta]]. (2) scraped / thinned. See the following headword. (3) the matter. (4) the place / spot / site scraped / clawed. See [[vilikhitaṭṭhāna]]. (5) rubbed / washed. See [[vilikhita-saṅkhasadisa]]. (6) kicked / scratched up (with ‹နယ်›).	'see the next headword' left in the text; (6) '(နယ်ဖြင့်)' unclear, left in Burmese; (3) အရေးအကြောင်း read as 'matter, affair' (perhaps 'writing')
155995	vilimaṁsa	အရေ၌-ကပ်ငြိ-လိမ်းကျံ-မှီ-သော အသား၊ ဖုံးလွှမ်းအပ်သောအမြှေး။	la carne que se adhiere / se unta / se apoya en la piel; la membrana cubierta.	the flesh that sticks / is smeared / rests on the skin; the covered membrane.	ဖုံးလွှမ်းအပ်သောအမြှေး is passive ('covered membrane'); 'the membrane that covers' may be meant
155997	vilimpana	(၁) လိမ်းကျံခြင်း၊ အထူးထူး-လိမ်း-လိမ်းကျံ-လူး-ခြင်း။ (၂) လိမ်းကျံရာ၊ အထူးထူး-လိမ်း-လိမ်းကျံ-ရာ(အခါ)။ အောက်ပုဒ်ကြည့်။	(1) el untar; el untar / ungir / embadurnar de diversos modos. (2) aquello en que se unta; (el momento) en que se unta / unge de diversos modos. Véase la entrada siguiente.	(1) smearing; smearing / anointing / daubing in various ways. (2) that in which one smears; (the time) when one smears / anoints in various ways. See the following headword.	'see the next headword' left in the text
156002	vilimpassu	(သင်) လိမ်းကျံပါလော၊ အထူးထူး-လိမ်း-လိမ်းကျံ-လူး-ပါလော။	(tú) unta; unta / unge / embadurna de diversos modos.	(you) smear; smear / anoint / daub in various ways.	imperative headword: ပါလော read as the imperative ပါလော့ (misprint)
156003	vilimpāpeti	လိမ်းကျံစေ၏၊ ဝိလိမ္ပာပေတွာ-ကြည့်။	hace untar; Véase [[vilimpāpetvā]].	causes to smear; See [[vilimpāpetvā]].	a 'see X' left in the Burmese
156007	vilimpiṁsu	လိမ်းကျံကုန်ပြီ။ အထူးထူး-လိမ်း-လိမ်းကျံ-လူး-ကုန်ပြီ။	untaron. Untaron / ungieron / embadurnaron de diversos modos.	they smeared. They smeared / anointed / daubed in various ways.	label ပု (masculine noun) on a verb form; misprint for ကြိ
156015	vilimpenti	အထူးထူး-လိမ်း-လိမ်းကျံ-လူး-ကုန်၏။	untan / ungen / embadurnan de diversos modos.	they smear / anoint / daub in various ways.	causative headword (vilimpenti) glossed without စေ
156016	vilimpesi	အထူးထူး-လိမ်း-လိမ်းကျံ-လူး-ပြီ။	untó / ungió / embadurnó de diversos modos.	smeared / anointed / daubed in various ways.	causative headword (vilimpesi) glossed without စေ
156021	vilīnatipusadisa	ကြေမွ-အရည်ပျော်-သော ဘင်-ခဲမဖြူ-သံဖြူ-သလွဲ-ခဲ-နှင့်တူသော။	semejante al ‹ဘင်› / estaño / hojalata / ‹သလွဲ› / plomo desmenuzado / fundido.	like crumbled / molten ‹ဘင်› / tin / tinplate / ‹သလွဲ› / lead.	metal names ဘင် (Burmese form of vaṅga, tin) and သလွဲ left in Burmese; ခဲမဖြူ read as tin, သံဖြူ as tinplate, ခဲ as lead
156027	vilīpana	လိမ်းကျံသော။ «S1»	que unta. Véase [[vilimaṁsa]].	smearing. See [[vilimaṁsa]].	noun glossed with an adjectival form
156028	vilipana	လိမ်းကျံသော။ «S1»	que unta. Véase [[vilimaṁsa]].	smearing. See [[vilimaṁsa]].	neuter noun glossed with an adjectival form
156035	vilīyāpeti	ကြေမွ-ပျက်စီး-စေ၏။ အောက်ပုဒ်ကြည့်။	hace desmenuzarse / perecer. Véase la entrada siguiente.	causes to crumble / perish. See the following headword.	'see the next headword' left in the text
156044	vilīvakāra	နှီးလုပ်သောသူ၊ နှီသမား၊ ဒေါင်းရွေသမား၊ နှီးသည်။	el que trabaja las tiras de bambú; artesano de tiras de bambú; ‹ဒေါင်းရွေသမား›; artesano de tiras de bambú.	one who works bamboo strips; bamboo-strip worker; ‹ဒေါင်းရွေသမား›; bamboo-strip craftsman.	‹ဒေါင်းရွေသမား› (a craftsman, perhaps a basket-maker) not identified; နှီသမား read as နှီးသမား
156046	vilīvakārakula	နှီးသမား-ဒေါင်းရွေသမား-၏-အမျိုး-အနွယ်။	la familia / el linaje de los artesanos de tiras de bambú / ‹ဒေါင်းရွေသမား›.	the family / lineage of bamboo-strip workers / ‹ဒေါင်းရွေသမား›.	‹ဒေါင်းရွေသမား› (a craftsman, perhaps a basket-maker) not identified
156049	vilīvamañcaka	ထန်း-ကြိမ်-နှီး-လျှော် (ရှော်)ဖြင့်-ရက်-ပြုလုပ်-အပ်သော ညောင်စောင်း။	lecho tejido / hecho de palma / ratán / tiras de bambú / cáñamo (‹ရှော်›).	couch woven / made with palm / rattan / bamboo strips / hemp (‹ရှော်›).	(ရှော်) looks like a spelling variant of လျှော် (hemp fibre), left in Burmese
156059	viluttasaññā	လုယက်-ဖျက်ဆီး-အပ်သော-သစ္စာ-ဘဏ္ဍာ-ဟူသောအမှတ်သညာ။ ဝိလုတ္တသညထောင့်ကွင်းကြည့်။	la percepción de 'bienes / riquezas saqueados / destruidos'. Véase [[viluttasañña]] entre corchetes.	the perception 'property / goods plundered / destroyed'. See [[viluttasañña]] in square brackets.	သစ္စာ read as ဥစ္စာ (misprint, as in the previous article); 'see … in the square brackets' rendered literally
156076	vilumpatha	(သင်တို့) လုယက်-ဖျက်ဆီး-ကြကုန်လော။	(vosotros) saquead / destruid.	(you) plunder / destroy!	လော read as the imperative လော့ (misprint) under a -tha form; a question ('do you plunder?') is possible
156077	vilumpana	(၁) လုယက်-ဖျက်ဆီး-ခြင်း။ (၂) လုယက်-ဖျက်ဆီး-ကြောင်း။ အောက်ပုဒ်ကြည့်။	(1) el saquear / destruir. (2) la causa del saquear / destruir. Véase la entrada siguiente.	(1) plundering / destroying. (2) the cause of plundering / destroying. See the following headword.	'see the next headword' left in the text
156080	vilumpanattha	လုယက်-ဖျက်ဆီး-ခြင်းဟူသော အကျိုး။	el fin que es el saquear / destruir.	the purpose, namely plundering / destroying.	attha glossed အကျိုး (benefit, purpose); 'meaning' may be intended
156086	vilumpamānaka	«S1» အောက်ပုဒ်ကြည့်။	Véase [[vilumpamāna]]. Véase la entrada siguiente.	See [[vilumpamāna]]. See the following headword.	'see the next headword' left in the text
156111	vilekha	(၁) ရေးခြစ်ခြင်း၊ နှလုံးအရေးအကြောင်းဖြစ်ခြင်း။ (၂) ဝိလေခနသိက္ခာပုဒ်။	(1) el rayar; el llegar a ser un asunto del corazón. (2) el *vilekhanasikkhāpada*.	(1) scratching; becoming a matter of the heart. (2) the *vilekhanasikkhāpada*.	နှလုံးအရေးအကြောင်းဖြစ်ခြင်း read literally ('becoming a matter of the heart', i.e. perplexity); ဝိလေခနသိက္ခာပုဒ် romanised as vilekhanasikkhāpada
156113	vilekhana	(ရေးခြစ်ခြင်း) ဝိလေခနသိက္ခာပုဒ်။ အောက်ပုဒ်ကြည့်။	(el rayar) el *vilekhanasikkhāpada*. Véase la entrada siguiente.	(scratching) the *vilekhanasikkhāpada*. See the following headword.	'see the next headword' left in the text
156117	vilekhita	(၁) ရေးခြစ်-ကုတ်ဖဲ့-အပ်သော။ (၂) (နယ်ဖြင့်) ကန်အပ်သော။ (၃) ရေးခြစ်-ကုတ်ဖဲ့-အပ်ရာ (အရပ်)။	(1) rayado / arañado. (2) pateado (con ‹နယ်›). (3) (el lugar) rayado / arañado.	(1) scratched / clawed. (2) kicked (with ‹နယ်›). (3) (the place) scratched / clawed.	'(နယ်ဖြင့်)' unclear, left in Burmese (as in vilikhita)
156182	vilol̤eti	တုန်လှုပ်-ချောက်ချား-စေ၏။ အောက်ပုဒ်ကြည့်။	hace temblar / agitarse. Véase la entrada siguiente.	causes to tremble / be agitated. See the following headword.	'see the next headword' left in the text
156186	vivacana	မကွဲပြားသော အနက်ရှိသော သဒ္ဒါ၊ ဝေဝုစ်၊ ပရိယာယ်၊ စကားလှယ်။	palabra que tiene un significado no distinto; *vevacana*; *pariyāya*; palabra sustituta.	a word having a meaning that is not different; *vevacana*; *pariyāya*; a substitute word.	ဝေဝုစ် and ပရိယာယ် (Burmese forms of vevacana, pariyāya: synonym) romanised
156194	vivajjanattha	ကြဉ်-ရှောင်ကြဉ်-ခြင်းဟူသော အကျိုး။	el fin que es el abstenerse / evitar.	the purpose, namely abstaining / avoiding.	attha glossed အကျိုး (benefit, purpose); 'meaning' may be intended
156196	vivajjantu	ရှောင်ကွင်း-ပယ်ရှား-ခွါ-ကုန်လော။ «S1»	que esquiven / abandonen / se alejen. Véase [[vivajjati]].	let them shun / abandon / move away! See [[vivajjati]].	imperative headword (-ntu): ကုန်လော read as the imperative လော့ (misprint)
156197	vivajjaya	ကြဉ်-ရှောင်ကြဉ်-ပယ်စွန့်-လော။	(tú) abstente / evita / abandona.	(you) abstain / avoid / abandon!	imperative headword: လော read as the imperative လော့ (misprint)
156201	vivajjayantu	ကြဉ်-ရှောင်ကြဉ်-စွန့်ပစ်-ကုန်လော။	que se abstengan / eviten / desechen.	let them abstain / avoid / discard!	imperative headword (-ntu): ကုန်လော read as the imperative လော့ (misprint)
156202	vivajjayātha	ကြဉ်-ရှောင်ကြဉ်-စွန့်ပစ်-စွန့်ပယ်-ကုန်လော။	(vosotros) absteneos / evitad / desechad / abandonad.	(you) abstain / avoid / discard / give up!	imperative headword (-tha): ကုန်လော read as the imperative လော့ (misprint)
156205	vivajjayi	(၁) ဖက်ရှားပြီ။ (၂) ကြဉ်-ရှောင်ကြဉ်-ပယ်စွန့်-ပြီ။	(1) apartó. (2) se abstuvo / evitó / abandonó.	(1) removed. (2) abstained / avoided / abandoned.	ဖက်ရှား read as ဖယ်ရှား (remove)
156218	vivajjentu	ရှောင်ကြဉ်-ပယ်စွန့်-ကုန်လော။ «S1»	que eviten / abandonen. Véase [[vivajjayantu]].	let them avoid / abandon! See [[vivajjayantu]].	imperative headword (-ntu): ကုန်လော read as the imperative လော့ (misprint)
156221	vivajjeyyātha	ရှောင်ကြဉ်ကုန်လော။	(vosotros) evitad.	(you) avoid!	optative headword (-eyyātha) glossed ကုန်လော; read as the imperative/exhortation လော့ (misprint)
156225	vivaṭaïndriya	မစောင့်စည်းအပ်သော ဣန္ဒြေရှိသော၊ သူ။ ဝိဝဋ (၇) အနက်ကြည့်။	que tiene las *indriya* no controladas (dicho de una persona). Véase [[vivaṭa]] (sentido 7).	having uncontrolled *indriya* (said of a person). See [[vivaṭa]] (sense 7).	a 'see X (sense 7)' left in the Burmese; ဣန္ဒြေ romanised indriya
156230	vivaṭakāla	ပွင့်ရာကာလ။	el tiempo en que está abierto.	the time of being open.	ပွင့် could also mean 'blossom'; read as 'open'
156236	vivaṭadassāvī	ပွင့်-ပွင့်လင်း-အပိတ်အပင်ကင်းရာဖြစ်-သောနိဗ္ဗာန်ကို မြင်လေ့ရှိလေ့ရှိသော၊ သူ။	que tiene el hábito de ver el *nibbāna*, que es abierto / despejado / lugar libre de obstrucción (dicho de una persona).	in the habit of seeing *nibbāna*, which is open / clear / a place free from obstruction (said of a person).	လေ့ရှိ printed twice (dittography)
156239	vivaṭanakkhatta	(က) ထင်ရှားသော နက္ခတ်ပွဲသဘင်။ (ခ) ပွင့်လင်းသော နက္ခတ်ပွဲသဘင်။	(a) la fiesta de *nakkhatta* manifiesta. (b) la fiesta de *nakkhatta* abierta.	(a) the manifest *nakkhatta* festival. (b) the open *nakkhatta* festival.	နက္ခတ် (the constellation festival) romanised nakkhatta
156244	vivaṭabhāvakaraṇa	(ထီ၊န) (၁) ပွင့်-ပွင့်လင်း-ဟင်းလင်းပွင့်-သည်၏အဖြစ်ကို ပြုတတ်သော။ အောက်ပုဒ်ကြည့်။ (န) (၂) အကျယ်ဖွင့်ပြအပ်သည်၏အဖြစ်ကိုပြုခြင်း။ «S1»	(femenino; neutro) (1) que suele hacer el hecho de estar abierto / despejado / abierto de par en par. Véase la entrada siguiente. (neutro) (2) el hacer el hecho de ser explicado ampliamente. Véase [[vivaṭakaraṇa]] (2).	(feminine; neuter) (1) apt to make the state of being open / clear / wide open. See the following headword. (neuter) (2) making the state of being explained at length. See [[vivaṭakaraṇa]] (2).	'see the next headword' left in the text
156245	vivaṭabhāvakaraṇapāṭihāriya	ဟင်းလင်းပွင့်သည်၏အဖြစ်ကိုပြုသော တန်ခိုးပြာဋိဟာ။	el *pāṭihāriya* de poder sobrenatural que hace el hecho de estar abierto de par en par.	the *pāṭihāriya* of supernormal power that makes the state of being wide open.	ပြာဋိဟာ (Burmese form of pāṭihāriya, wonder) romanised
156250	vivaṭavātapāna	ပွင်-ဖွင့်လှစ်အပ်-သော-လေသောက်တံခါး-လေသာပြူတင်း။	la puerta de ventilación / ventana abierta / dejada abierta.	the ventilation door / window, open / left open.	ပွင် read as ပွင့်
156252	vivaṭasīhapañjara	(၁) ပွင့်-ဖွင့်လှစ်အပ်-သော-ခြင်္သေ့ခံသော-လေသာတံခါး-လေသောက်ပြူတင်း-ရှိသော (အရပ်)။ (န) (၂) ပွင့်-ဖွင့်လှစ်အပ်-သော-ခြင်္သေ့ခံသော-လေသာတံခါး-လေသောက်ပြူတင်း။	(1) (lugar) que tiene una puerta de ventilación / ventana sostenida por leones, abierta / dejada abierta. (neutro) (2) la puerta de ventilación / ventana sostenida por leones, abierta / dejada abierta.	(1) (a place) having a ventilation door / window supported by lions, open / left open. (neuter) (2) the ventilation door / window supported by lions, open / left open.	ခြင်္သေ့ခံသော read as 'supported (or adorned) by lions' (sīhapañjara, a lion-window); uncertain
156258	vivaṭṭa	(၁) (သင်္ကန်း၏) အလယ်ခေါင်၊ အလယ်ခဏ်း။ (၂) ဖြစ်-တိုးပွါး-ခြင်း၊ ဝိဝဋ္ဋကပ်။ (၃) ကင်းစေအပ်သော။ «S1» (၄) ခွါလှစ်-ပယ်ဖျက်-အပ်သော။ (၅) နိဗ္ဗာန်။ (၆) ငြိမ်းအေးခြင်း။	(1) el centro, el panel central (del hábito). (2) el surgir / crecer; el eón *vivaṭṭa*. (3) hecho libre de. Véase [[vivaṭṭacchada]] (2). (4) desprendido / quitado / suprimido. (5) *nibbāna*. (6) el serenarse.	(1) the centre, the middle panel (of the robe). (2) arising / growing; the *vivaṭṭa* aeon. (3) made free from. See [[vivaṭṭacchada]] (2). (4) detached / removed / abolished. (5) *nibbāna*. (6) becoming calm and cool.	အလယ်ခဏ်း read as the middle panel (khaṇḍa) of the robe
156266	vivaṭṭagāmikusalānusandhi	ဝဋ်မှကင်းသော မဂ်,ဖိုလ်,နိဗ္ဗာန်သို့ ရောက်စေတတ်သော ကုသိုလ်-ကို ဆက်စပ်ခြင်း-၏ အဆက်အစပ်-စကားရပ်။	el enlazar con lo sano / el pasaje de enlace de lo sano que suele llevar a *magga*, *phala* y *nibbāna*, libres del *vaṭṭa*.	connecting with the wholesome / the connecting passage of the wholesome that is apt to lead to *magga*, *phala* and *nibbāna*, free from *vaṭṭa*.	hyphens (ကုသိုလ်-ကို ဆက်စပ်ခြင်း-၏ အဆက်အစပ်-စကားရပ်) read as two readings
156271	vivaṭṭacchada	(၁) ဖွင့်-ခွါ-ပယ်-ဖျက်-ဖျက်ဆီး-အပ်သော (ရာဂစသော) အမိုးရှိသော (ဘုရား)၊ (ရာဂစသော) အမိုးကို-ဖွင့်-ခွါ-ပယ်-ဖျက်-ဖျက်ဆီး-ပြီးသော (ဘုရား)။ (၂) ကင်းစေအပ်သော (ရာဂစသော) အမိုးကို ကင်းစေတတ်သော (ဘုရား)။	(1) (el Buddha) que tiene el techo (que comienza por el *rāga*) abierto / quitado / suprimido / deshecho / destruido; (el Buddha) que ha abierto / quitado / suprimido / deshecho / destruido el techo (que comienza por el *rāga*). (2) (el Buddha) que suele librarse del techo (que comienza por el *rāga*) del que ha de librarse.	(1) (the Buddha) having the roof (beginning with *rāga*) opened / removed / abolished / demolished / destroyed; (the Buddha) who has opened / removed / abolished / demolished / destroyed the roof (beginning with *rāga*). (2) (the Buddha) apt to free himself from the roof (beginning with *rāga*) that is to be got rid of.	sense (2) 'ကင်းစေအပ်သော … ကင်းစေတတ်သော' unclear; read as freeing himself from the roof to be removed
156277	vivaṭṭajjhāsaya	ဝဋ်မှ ကင်းသောမဂ်,ဖိုလ်,နိဗ္ဗာန်-ဖြင့်-၌-ကို-အလိုရှိသော၊ သူ။	que tiene deseo por / en / de *magga*, *phala* y *nibbāna*, libres del *vaṭṭa* (dicho de una persona).	having a wish by / in / for *magga*, *phala* and *nibbāna*, free from *vaṭṭa* (said of a person).	the hyphens give three case endings (ဖြင့်-၌-ကို) as alternatives
156284	vivaṭṭana	(၁) အရိယမဂ်။ (၂) ဖြစ်-တိုးပွါး-ခြင်း။ (၃) ဖဲခွါ-ပြန်လည်-ဆုတ်နစ်-ကင်း-ခြင်း။ «S1» (၄) ကောင်းစွာတည်ခြင်း။ (၅) လျှောကျရာ (အခါ၊ ကာလ)။ အောက်ပုဒ်ကြည့်။ (တိ) (၆) ဖဲခွါ-ပြန်လည်-ဆုတ်နစ်-ကင်း-တတ်သော။	(1) el *ariyamagga*. (2) el surgir / crecer. (3) el apartarse / volverse / retroceder / quedar libre. Véase también [[vivaṭṭanaṭṭha]]. (4) el permanecer bien. (5) (el momento / tiempo) de deslizarse hacia abajo. Véase la entrada siguiente. (adjetivo) (6) que suele apartarse / volverse / retroceder / quedar libre.	(1) the *ariyamagga*. (2) arising / growing. (3) moving away / turning back / retreating / becoming free. See also [[vivaṭṭanaṭṭha]]. (4) standing well. (5) (the time / period) of sliding down. See the following headword. (adjective) (6) apt to move away / turn back / retreat / become free.	'see the next headword' left in the text
156287	vivaṭṭanākāra	ဖဲခွါ-ဆုတ်နစ်-ကင်း-သော-ခြင်း၏-အခြင်းအရာ။	el modo de apartarse / retroceder / quedar libre.	the mode of moving away / receding / being free.	the chain ends -သော-ခြင်း, two grammatical alternatives (adjective / verbal noun) rendered once
156289	vivaṭṭanissita	ဝဋ်မှ ကင်းသော နိဗ္ဗာန်-ကို-၌-မှီသော။	que depende del / se apoya en el *nibbāna*, libre del *vaṭṭa*.	relying on / resting on *nibbāna*, which is free from *vaṭṭa*.	-ကို-၌- are alternative case particles (object / locative) of one verb
156290	vivaṭṭanissitapuñña	ဝဋ်မှကင်းသောနိဗ္ဗာန်-ကို-၌-မှီသော-ကောင်းမှု-ကုသိုလ်။	la buena acción / el mérito que depende del / se apoya en el *nibbāna*, libre del *vaṭṭa*.	the good deed / merit relying on / resting on *nibbāna*, which is free from *vaṭṭa*.	ကုသိုလ် here in the merit sense (paired with ကောင်းမှု, puñña)
156298	vivaṭṭappaṭilābha	ဝဋ်မှကင်းသော မဂ်,ဖိုလ်,နိဗ္ဗာန်ကို ရခြင်း။	el obtener *magga*, *phala*, *nibbāna*, libres del *vaṭṭa*.	the obtaining of *magga*, *phala*, *nibbāna*, which are free from *vaṭṭa*.	no label
156307	vivaṭṭamāna	(၁) ဖောက်ပြန်သော (၂) လျှောကျသော။ (၃) ဖြစ်-တည်-တိုးပွါး-သော။	(1) que se trastorna. (2) que se desliza hacia abajo. (3) que surge / permanece / crece.	(1) going awry. (2) slipping down. (3) arising / persisting / growing.	no ။ after sense (1) in the print
156310	vivaṭṭayi	ဖွင့်ပြီ။	abrió.	opened.	the Burmese has ဖွင့် 'open' for this aorist of vivaṭṭeti
156320	vivaṭṭānupassanā	ဝဋ်မှကင်းသော နိဗ္ဗာန်-၌-ကို-အဖန်တလဲလဲရှု-အာရုံပြု-တတ်သောတရား။	el estado que suele contemplar una y otra vez / tomar como objeto el *nibbāna*, libre del *vaṭṭa*.	the state apt to contemplate again and again / take as object *nibbāna*, which is free from *vaṭṭa*.	-၌-ကို- are alternative case particles (locative / object)
156323	vivaṭṭāsaya	ဝဋ်မှကင်းသော နိဗ္ဗာန်၌ဖြစ်သော-အလို-စရိုက်-ဝါသနာ-ဆန္ဒ၊	el deseo / el temperamento / la *vāsanā* / el *chanda* que se da respecto del *nibbāna*, libre del *vaṭṭa*.	the wish / temperament / *vāsanā* / *chanda* that arises regarding *nibbāna*, which is free from *vaṭṭa*.	ends with ၊ instead of ။; possibly truncated
156324	vivaṭṭi	ဖြစ်-တိုးပွါး-ပြီ။	surgió / creció.	arose / grew.	no label
156326	vivaṭṭita	(ဝဋ်မှ) ဖဲခွါ-ဆုတ်နစ်-ကင်း-စေအပ်သော။ အောက်ပုဒ်ကြည့်။	(del *vaṭṭa*) hecho apartarse / retroceder / quedar libre. Véase la entrada siguiente.	(from *vaṭṭa*) made to move away / recede / be free. See the following headword.	'see the next headword' left in the Burmese text
156329	vivaṭṭissati	ဖြစ်-တိုးပွါး-အံ့-လတ္တံ့လိမ့်မည်။	surgirá / crecerá.	will arise / grow.	the Burmese gives three future endings (အံ့-လတ္တံ့-လိမ့်မည်)
156330	vivaṭṭupanissaya	ဝဋ်မှကင်းသော နိဗ္ဗာန်၏အားကြီးသော အကြောင်း။	la causa fuerte del *nibbāna*, libre del *vaṭṭa*.	the strong cause of *nibbāna*, which is free from *vaṭṭa*.	no label
156331	vivaṭṭūpanissaya	ဝဋ်မှကင်းသော နိဗ္ဗာန်၏အားကြီးသော အကြောင်း။	la causa fuerte del *nibbāna*, libre del *vaṭṭa*.	the strong cause of *nibbāna*, which is free from *vaṭṭa*.	no label
156333	vivaṭṭūpanissayakusalabīja	ဝဋ်မှ ကင်းသောမဂ်,ဖိုလ်,နိဗ္ဗာန်၏အားကြီးသော မှီရာအကြောင်းဖြစ်သည့် ကုသိုလ်မျိုးစေ့။	la semilla sana que es la fuerte causa de apoyo de *magga*, *phala*, *nibbāna*, libres del *vaṭṭa*.	the wholesome seed that is the strong supporting cause of *magga*, *phala*, *nibbāna*, which are free from *vaṭṭa*.	ကုသိုလ်မျိုးစေ့ (kusalabīja): sano or 'seed of merit' unclear
156334	vivaṭṭūpanissayapuññakamma	ဝဋ်မှကင်းသော နိဗ္ဗာန်၏-အားကြီးသော အကြောင်းဖြစ်သည့်-ကောင်းမှု-ကုသိုလ်-ကံ။	la buena acción / el mérito / el *kamma* que es la causa fuerte del *nibbāna*, libre del *vaṭṭa*.	the good deed / merit / *kamma* that is the strong cause of *nibbāna*, which is free from *vaṭṭa*.	ကုသိုလ် in the merit sense (puññakamma)
156338	vivaṭṭetuṁ	ဆုတ်နစ်-မဖြစ်-စေခြင်းငှါ။	para hacer retroceder / no surgir.	in order to cause to recede / not to arise.	label ဗျ not in the brief's table
156345	vivaṇṇa	(၁) ကင်းသောအရေအဆင်းရှိသော။ (၂) မကောင်းသော အဆင်းရှိ-အဆင်းမလှ-သော။ (၃) အဆင်းမရှိ-အဆင်းပျက်-သော။ (၄) အထူးထူးသော အဆင်းရှိသော။ «S1» (၅) ယုတ်ညံ့သူ၊ သူယုတ်။	(1) que tiene una tez desvanecida. (2) que tiene mal aspecto / que no es bello de aspecto. (3) sin color / descolorido. (4) que tiene colores diversos. Véase [[vivaṇṇakaraṇa]] (1). (5) persona vil; hombre vil.	(1) having a faded complexion. (2) having a bad appearance / not beautiful in appearance. (3) colourless / discoloured. (4) having various colours. See [[vivaṇṇakaraṇa]] (1). (5) a base person; a vile man.	(1) literally 'having a complexion that is devoid (of it)'
156346	vivaṇṇaka	(၁) ကဲ့ရဲ့တတ်သော။ (န) (၂) ကဲ့ရဲ့ခြင်း။	(1) que suele censurar. (neutro) (2) el censurar.	(1) apt to censure. (neuter) (2) censuring.	no label
156347	vivaṇṇakaraṇa	(၁) အထူးထူးသော အဆင်းရှိသည်ကိုပြုတတ်သော။ (န) (၂) အဆင်း-ပျက်သည်ကို-ပျက်အောင်-ပြုခြင်း။	(1) que suele hacer que tenga colores diversos. (neutro) (2) el estropear / hacer que se estropee el color.	(1) apt to make it have various colours. (neuter) (2) the spoiling / making spoiled of the colour.	no label
156355	vivaṇṇetuṁ	ကဲ့ရဲ့ခြင်းငှါ။ အောက်ပုဒ်ကြည့်။	para censurar. Véase la entrada siguiente.	in order to censure. See the following headword.	no label; 'see the next headword' left in the Burmese text
156363	vivaṇṇessatha	(သင်တို့) ကဲ့ရဲ့ကုန်ပြီ။	(vosotros) censurasteis.	(you, plural) censured.	no label; the Burmese gives a past (-ပြီ) for a future headword (-ssatha)
156364	vivaṇṇessanti	ကဲ့ရဲ့ကုန်ပြီ။	censuraron.	they censured.	the Burmese gives a past (-ပြီ) for a future headword (-ssanti)
156365	vivatta	(၁) လည်-ပြန်လည်-ဆုတ်နစ်-ပြန်လှည့်-သော။ «S1» (၂) (ဝဋ်တရား၏) ပြန်လည်-ဆုတ်နစ်-ရာဖြစ်သော (နိဗ္ဗာန်)။	(1) que gira / se vuelve / retrocede / da la vuelta. Véase [[vivattakkhandha]]. (2) (el *nibbāna*) que es donde se vuelve / retrocede (el estado del *vaṭṭa*).	(1) revolving / turning back / receding / turning round. See [[vivattakkhandha]]. (2) (*nibbāna*) that is where (the state of *vaṭṭa*) turns back / recedes.	no label
156367	vivattakkhandha	လည်-ပြန်လည်-ပြန်လှည့်-သော ခန္ဓာရှိသော။	que tiene un cuerpo que gira / se vuelve / da la vuelta.	having a body that revolves / turns back / turns round.	ခန္ဓာ rendered 'body'; in the Pāḷi (khandha) it may be 'shoulder'
156373	vivattiṁsu	ကျကုန်ပြီ။ «S1»	cayeron. Véase también [[vivattissati]].	they fell. See also [[vivattissati]].	no label
156374	vivattita	ပြန်လည်-ဆုတ်နစ်-သော။ အောက်ပုဒ်ကြည့်။	que se vuelve / retrocede. Véase la entrada siguiente.	turning back / receding. See the following headword.	'see the next headword' left in the Burmese text
156376	vivattitvā	ပြန်လည်-ဆုတ်နစ်-ပြန်လှည့်-၍။	habiéndose vuelto / retrocedido / dado la vuelta.	having turned back / receded / turned round.	no label
156377	vittiya	နိဗ္ဗာန်၌ဖြစ်သော=(ဝဋ်၏) ဆုတ်နစ်ရာ နိဗ္ဗာန် (အဖို့) ၌ဖြစ်သော သုတ္တန်။	que concierne al *nibbāna* = el sutta que concierne a (la parte del) *nibbāna*, donde retrocede (el *vaṭṭa*).	concerning *nibbāna* = the sutta concerning (the side of) *nibbāna*, where (*vaṭṭa*) recedes.	headword romanised 'vittiya' sits among viva- entries; perhaps vivattiya
156378	vivattissati	ကျ-လတ္တံ့-အံ့-လိမ့်မည်။	caerá.	will fall.	the Burmese gives three future endings (လတ္တံ့-အံ့-လိမ့်မည်)
156379	vivadati	(၁) ဆန့်ကျင်ဘက်ကို ပြောဆို၏။ (ခ) ငြင်းခုံ-ခိုက်ရန်ဖြစ်-၏။	(1) habla en contra. (b) disputa / riñe.	(1) speaks against. (b) disputes / quarrels.	sense markers printed (၁) then (ခ)
156381	vivadatha	(သင်တို့) ဆန့်ကျင်ဘက်ပြောဆိုကြကုန်လေ၊ ငြင်းခုံ-ခိုက်ရန်ဖြစ်-ကြကုန်လော။	(vosotros) ¡hablad en contra!; ¡disputad / reñid!	(you, plural) speak against!; dispute / quarrel!	second clause ends ကြကုန်လော under an imperative headword (-tha); read as the imperative လော့
156383	vivadanattha	ဆန့်ကျင်ဘက်ကိုပြောဆို-ငြင်းခုံ-ခြင်းဟူသောအကျိုး။	el beneficio que es el hablar en contra / disputar.	the benefit that is speaking against / disputing.	အကျိုး (attha) could here be 'purpose' or 'meaning'
156393	vivadissati	ဆန့်ကျင်ဘက်ပြောဆိုပြီ၊ ငြင်းခုံ-ခိုက်ရန်ဖြစ်-ပြီ။	habló en contra; disputó / riñó.	spoke against; disputed / quarrelled.	the Burmese gives a past (-ပြီ) for a future headword (-ssati)
156394	vivadissanti	ဆန့်ကျင်ဘက်ပြောဆို-ငြင်းခုံ-ခိုက်ရန်ဖြစ်-ကုန်-လတ္တံ့-အံ့-လိမ့်မည်။	hablarán en contra / disputarán / reñirán.	they will speak against / dispute / quarrel.	the Burmese gives three future endings (လတ္တံ့-အံ့-လိမ့်မည်)
156397	vivadetha	ဆန့်ကျင်ဘက်ပြောဆို-ငြင်းခုံ-ခိုက်ရန်ဖြစ်-ရာ၏။	hablaría en contra / disputaría / reñiría.	would speak against / dispute / quarrel.	person unmarked; rendered 3rd person (vivadetha may be 2nd plural)
156398	vivademase	(ငါတို့) ဆန့်ကျင်ဘက်ပြောဆို-ငြင်းခုံ-ခိုက်ရန်ဖြစ်-ကုန်၏။	(nosotros) hablamos en contra / disputamos / reñimos.	(we) speak against / dispute / quarrel.	no label
156402	vivana	(၁) တော။ (၂) ရေမရှိသော တော။ (၃) အထူးသဖြင့် ကျယ်ပြန့်သော တောအုပ်ကြီး။ (၄) (ဆူညံသံ စသည်တို့မှ) ကင်းဆိတ်သော တောအရပ်။	(1) bosque. (2) bosque sin agua. (3) gran selva especialmente extensa. (4) paraje boscoso apartado (del ruido y demás).	(1) forest. (2) a forest without water. (3) a great woodland, especially extensive. (4) a forest tract secluded (from noise and so on).	label တိ but the senses are nouns
156403	vivana	ရေမရှိသော တောအရပ်နှင့်တူသော။	semejante a un paraje boscoso sin agua.	like a forest tract without water.	no label
156407	vivara	(၁) အပေါက်၊ အခေါင်း၊ အကြား၊ အလယ်။ (၂) အခွင့်-အခါအခွင့်။ (၃) အကျိုးမဲ့အပြစ်။ (၄) အာကာသဓာတ်။ (၅) "ဝိဝရထိ' မာသံ ဒွါရံ"အစရှိသော ဂါထာပုဒ်ဖြင့် တန်ဆာဆင်အပ်သော စူဠကာလိင်္ဂဇာတ်။	(1) agujero; hueco; intervalo; medio. (2) oportunidad / ocasión. (3) falta dañina. (4) *ākāsadhātu*. (5) el *Cūḷakāliṅgajātaka*, adornado con la estrofa que comienza por “*vivarathi māsaṁ dvāraṁ*”.	(1) hole; hollow; gap; middle. (2) opportunity / occasion. (3) harmful fault. (4) *ākāsadhātu*. (5) the *Cūḷakāliṅgajātaka*, adorned with the verse beginning “*vivarathi māsaṁ dvāraṁ*”.	the quoted verse opening has an unbalanced quote mark in the print
156409	vivara	(၁) ဖွင့်-ဖွင့်လှစ်-ဖွင့်ပေး-ပါလော။ (၂) အကျယ်ဖွင့်-ဖွင့်ပြ-ထင်စွာပြု-ပါလော။	(1) ¡abre / destapa / abre para otro! (2) ¡explica en detalle / expón / manifiesta claramente!	(1) open / uncover / open up for someone! (2) explain in detail / expound / make clear!	ပါလော under an imperative headword read as the imperative ပါလော့
156412	vivavaraṇa	(၁) ကွာရှင်းမှုကိုပြုခြင်း၊ ကွာရှင်းပေးခြင်း။ (၂) ပွင့်-ဖွင့်-ဖွင့်လှစ်-ခြင်း။ (၃) အကျယ်ဖွင့်-ဖွင့်ပြ-ထင်စွာပြု-ဝေဖန်၍ ဟော-ခြင်း။ (တိ) (၄) အကျယ်ဖွင့်-ဖွင့်ပြ-ထင်စွာပြု-တတ်သော။ «S1» (၅) အကျယ်ဖွင့်-ဖွင့်ပြ-ထင်စွာပြု-ကြောင်းဖြစ်သော (စကား)။ (၆) ပွင့်-ဖွင့်-ဖွင့်လှစ်-ရာ (ကာလ)။ အောက်ပုဒ်ကြည့်။	(1) el hacer la separación; el conceder la separación. (2) el abrirse / abrir / destapar. (3) el explicar en detalle / exponer / manifestar claramente / enseñar analizando. (adjetivo) (4) que suele explicar en detalle / exponer / manifestar claramente. Véase [[vivaraṇañāṇa]]. (5) (palabras) que son causa de explicar en detalle / exponer / manifestar claramente. (6) (el tiempo) en que se abre / abre / destapa. Véase la entrada siguiente.	(1) making a separation; granting a separation. (2) opening (intr.) / opening / uncovering. (3) explaining in detail / expounding / making clear / teaching analytically. (adjective) (4) apt to explain in detail / expound / make clear. See [[vivaraṇañāṇa]]. (5) (speech) that is a cause of explaining in detail / expounding / making clear. (6) (the time) when one opens / opens / uncovers. See the following headword.	headword romanised 'vivavaraṇa' (likely vivaraṇa); ကွာရှင်း 'separation, divorce'; 'see the next headword' left in the Burmese text
156417	vivaraṇasucikā	ဖွင့်လှစ်ကြောင်းဖြစ်သော-ကျည်ရှင်-ကျည်ငယ်၊ ဖွင့်စရာ-ကျည်ရှင်-ကျည်ငယ်။	el pasador / el pestillo que es causa de abrir; el pasador / el pestillo para abrir.	the bolt / latch-pin that is a means of opening; the bolt / latch-pin for opening.	ကျည်ရှင်-ကျည်ငယ် read as a door bolt / pin; uncertain
156418	vivaraṇīya	အကျယ်ဖွင့်ပြ-ထင်စွာပြု-အပ်-သင့်-ထိုက်-သော။ အောက်ပုဒ်ကြည့်။	que ha de / conviene / merece ser explicado en detalle / manifestado claramente. Véase la entrada siguiente.	to be / fit to be / worthy to be explained in detail / made clear. See the following headword.	'see the next headword' left in the Burmese text
156421	vivaratu	(၁) ပွင့်-စေသတည်း-စေလော။ (၂) ဖွင့်ပြ-ထင်စွာပြု-ထင်ရှားပြ-စေသတည်း-ပါလော။	(1) ¡que se abra! (2) ¡que exponga / manifieste claramente / muestre a las claras!	(1) let it open! (2) let him expound / make clear / show plainly!	the alternatives -သတည်း-လော / -သတည်း-ပါလော under an imperative headword (-tu); လော read as the imperative လော့
156422	vivaratha	ဖွင့်-ဖွင့်လှစ်-ဖွင့်ပေး-ကြကုန်လော။	¡abrid / destapad / abrid para otros!	open / uncover / open up (you, plural)!	ကြကုန်လော under an imperative headword (-tha) read as the imperative လော့
156424	vivaradassī	အခွင့်-အပြစ်-အပေါက်-ကိုသာ ကြည့်ရဥ-လေ့ရှိ-တတ်-သော၊ သူ။	que acostumbra / suele mirar solo la ocasión / la falta / el hueco (dicho de una persona).	in the habit of / apt to look only for an opening / a fault / a gap (said of a person).	ကြည့်ရဥ read as ကြည့်ရှု
156428	vivarantu	ဖွင့်-ဖွင့်လှစ်-ဖွင့်ပြ-ကြကုန်လော။ «S1»	¡que abran / destapen / expongan! Véase también [[vivarati]].	let them open / uncover / expound! See also [[vivarati]].	ကြကုန်လော under an imperative headword (-ntu) read as the imperative လော့
156432	vivarasi	အကျယ်ဖွင့်-ဖွင့်ပြ-ထင်စွာပြု-ပြီ။	explicó en detalle / expuso / manifestó claramente.	explained in detail / expounded / made clear.	person unmarked; rendered 3rd person (vivarasi may be 2nd sg.)
156435	vivarāpetuṁ	(တံခါးကို) ဖွင့်-ဖွင့်လှစ်-ဖွင့်ပေး-စေခြင်းငှါ။	para hacer abrir / destapar / abrir para otro (la puerta).	in order to cause (the door) to be opened / uncovered / opened up for someone.	label ဗျ not in the brief's table
156438	vivarāpesi	ဖွင့်-ဖွင့်လှစ်-ဖွင့်ပေး-စေပြီ။	hizo abrir / destapar / abrir para otro.	caused to open / uncover / open up for someone.	no label
156446	vivarituṁ	(၁) ဖွင့်-ဖွင့်လှစ်-ခြင်းငှါ။ (၂) အကျယ်ဖွင့်-ဖွင့်ပြ-ထင်စွာပြု-ခြင်းငှါ။	(1) para abrir / destapar. (2) para explicar en detalle / exponer / manifestar claramente.	(1) in order to open / uncover. (2) in order to explain in detail / expound / make clear.	no label
156450	vivariyati	ဖွင့်-ဖွင့်လှစ်-ဖွင့်အပ်-ပွင့်-ကွာ-၏။	abre / destapa / es abierto / se abre / se separa.	opens / uncovers / is opened / opens (of itself) / comes apart.	no label
156452	vivariyyati	ဖွင့်-ဖွင့်လှစ်-အပ်၏။	es abierto / destapado.	is opened / uncovered.	no label
156453	vivarissati	(၁) ဖွင့်-ဖွင့်လှစ်-ဖွင့်ပေး-လတ္တံ့-လိမ့်မည်။ (၂) အကျယ်ဖွင့်-ဖွင့်ပြ-ထင်စွာပြု-လတ္တံ့-လိမ့်မည်။	(1) abrirá / destapará / abrirá para otro. (2) explicará en detalle / expondrá / manifestará claramente.	(1) will open / uncover / open up for someone. (2) will explain in detail / expound / make clear.	the Burmese gives two future endings (လတ္တံ့-လိမ့်မည်)
156454	vivarissanti	(၁) ဖွင့်-ဖွင့်လှစ်-ကြကုန်-လတ္တံ့-လိမ့်မည်။ (၂) အကျယ်ဖွင့်-ဖွင့်ပြ-ထင်စွာပြု-ကြကုန်-လတ္တံ့-လိမ့်မည်။	(1) abrirán / destaparán. (2) explicarán en detalle / expondrán / manifestarán claramente.	(1) they will open / uncover. (2) they will explain in detail / expound / make clear.	no label
156455	vivarissāmi	(၁) (ငါ) ဖွင့်-ဖွင့်လှစ်-အံ့-လတ္တံ့-လိမ့်မည်။ (၂) (ငါ) အကျယ်ဖွင့်-ဖွင့်ပြ-ထင်စွာပြု-အံ့-လတ္တံ့-လိမ့်မည်။	(1) (yo) abriré / destaparé. (2) (yo) explicaré en detalle / expondré / manifestaré claramente.	(1) (I) shall open / uncover. (2) (I) shall explain in detail / expound / make clear.	the Burmese gives three future endings (အံ့-လတ္တံ့-လိမ့်မည်)
156457	vivarīyatu	ဖွင့်အပ်စေ-သတည်း-လော၊ ပွင့်စေ-သတည်း-လော။	¡que sea abierto!; ¡que se abra!	let it be opened!; let it open!	-သတည်း-လော under an imperative headword (-tu); လော read as the imperative လော့
156459	vivaretha	အကျယ်ဖွင့်-ဖွင့်ပြ-ထင်စွာပြု-ထင်ရှားပြ-ဟောကြား-ပြောကြား-ရာ၏။	explicaría en detalle / expondría / manifestaría claramente / mostraría a las claras / enseñaría / declararía.	would explain in detail / expound / make clear / show plainly / teach / declare.	person unmarked; rendered 3rd person (vivaretha may be 2nd plural)
156460	vivareyyaṁ	(ငါ) အကျယ်ဖွင့်-ဖွင့်ပြ-ထင်စွာပြု-သိစေ-အံ့။	(yo) explicaré en detalle / expondré / manifestaré claramente / haré saber.	(I) shall explain in detail / expound / make clear / make known.	no label; the Burmese gives the 1st-person future -အံ့ for an optative headword (-eyyaṁ)
156462	vivasa	ကင်းသော အလိုရှိသော၊ မိမိအလိုကင်းသော၊ အလိုမရှိ-အလိုမတူ-သော၊ (အကူအညီမဲ့သော) သူ။	que carece de deseo; privado de su propio deseo; que no tiene deseo / que no consiente; (desvalido) (dicho de una persona).	having no wish; devoid of one's own wish; without wish / not consenting; (helpless) (said of a person).	first gloss literally 'having a wish that is absent'
156470	vidādakāraka	(၁) ငြင်းခုံ-ခိုက်ရန်ဖြစ်-ခြင်းကို ပြုတတ်သော၊ သူ။ (၂) အထူးထူးသောစကားကို-ပြုလုပ်-ပြောဆို-တတ်သော၊ သူ။	(1) que suele provocar el disputar / reñir (dicho de una persona). (2) que suele hacer / decir palabras diversas (dicho de una persona).	(1) apt to cause disputing / quarrelling (said of a person). (2) apt to make / utter diverse speech (said of a person).	headword romanised 'vidādakāraka' (likely vivādakāraka)
156481	vivādapabhava	ငြင်းခုံခြင်းဟုဆိုအပ်သော-အမွန်-အဦး-အစ-ရှိသော။ «S1»	que tiene como fuente / principio / comienzo lo que se llama el disputar. Véase [[vivādanidāna]].	having as source / beginning / origin what is called disputing. See [[vivādanidāna]].	အမွန် unclear; read as 'source'
156484	vivādapasuta	ငြင်းခုံမှု၌ လေ့ကျက်သော၊ ငြင်းခုံမှုများသော။	ejercitado en la disputa; que tiene muchas disputas.	practised in disputing; having many disputes.	no label
156485	vivādappasuta	ငြင်းခုံမှု၌ လေ့ကျက်သော၊ ငြင်းခုံမှုများသော။	ejercitado en la disputa; que tiene muchas disputas.	practised in disputing; having many disputes.	no label
156487	vivādappasaṅgadassana	ငြင်းခုံခြင်း၌ လျဉ်းပါးခြင်း-ငြင်းခုံရာ၏ဟု လျဉ်းပါးခြင်း-ကိုပြတတ်သည်၏အဖြစ်။	el hecho de soler mostrar la implicación en la disputa / la implicación de que “disputaría”.	the state of being apt to show involvement in disputing / the implication 'he would dispute'.	လျဉ်းပါး read as 'implication, involvement' (prasaṅga)
156493	vivādayetha	ငြင်းခုံရာ၏။	disputaría.	would dispute.	no label
156497	vivādasaṅkhyā	ဝိဝါဒ (ငြင်းခုံခြင်း)ဟု-ခော်ဝော်-ရေတွက်-ခြင်း။	el llamar / contar como *vivāda* (el disputar).	calling / counting as *vivāda* (disputing).	ခော်ဝော် read as ခေါ်ဝေါ်
156500	vivādasamuṭṭhāna	ငြင်းခုခြင်းဟု ဆိုအပ်သော-ဖြစ်ကြောင်း-သမုဋ္ဌာန်-ရှိသော။ «S1»	que tiene una causa de surgimiento / un *samuṭṭhāna* llamado el disputar. Véase [[vivādanidāna]].	having a cause of arising / *samuṭṭhāna* called disputing. See [[vivādanidāna]].	ငြင်းခု read as ငြင်းခုံ
156502	vivādasambhāra	ငြင်းခုံခြင်းဟုဆိုအပ်သော အဆောက်အဦရှိသော။ «S1»	que tiene una estructura llamada el disputar. Véase [[vivādanidāna]].	having a structure called disputing. See [[vivādanidāna]].	label ပု but the gloss is adjectival; အဆောက်အဦ 'structure, construction' (sambhāra)
156504	vivādahetu	ငြင်းခုံခြင်း၏အကြောင်း။	la causa del disputar.	the cause of disputing.	no label
156506	vivādādhikaraṇa	ဝိဝါဒါဓိကရုဏ်း---(က) ဆန့်ကျင်ဘက်ပြောဆို-ငြင်းခုံ-ခိုက်ရန်ဖြစ်-ခြင်း၊ ဆန့်ကျင်ဘက်ပြောဆို-ငြင်းခုံ-ခိုက်ရန်ဖြစ်-သည့်မှုခင်း၊ အငြင်းပွါးမှု၊ အငြင်းပွါးသည့် အဓိကရုဏ်းမှု။ (ခ) (သမထတို့-ဖြင့်-သည်) ငြိမ်းအေးစေအပ်သော ငြင်းခုံကြောင်းဖြစ်သည့် စိတ္တုပ္ပါဒ်။	*vivādādhikaraṇa* — (a) el hablar en contra / disputar / reñir; el pleito de hablar en contra / disputar / reñir; la controversia; el asunto *adhikaraṇa* de controversia. (b) el *cittuppāda* que es causa de disputa, que ha de ser apaciguado (por / con los *samatha*).	*vivādādhikaraṇa* — (a) speaking against / disputing / quarrelling; the case of speaking against / disputing / quarrelling; controversy; the *adhikaraṇa* matter of controversy. (b) the *cittuppāda* that is a cause of dispute, to be settled (by / with the *samatha*).	no label; -ဖြင့်-သည် are alternative case particles
156519	vivāhakāla	သမီးပေ-ထိမ်းမြား-လက်ထပ်-ရာ-အချိန်-အခါ-ကာလ။	la hora / la ocasión / el tiempo en que se da la hija / se desposa / se casa.	the time / occasion / period when a daughter is given / one marries / weds.	သမီးပေ read as သမီးပေး
156521	vivāhadivasa	သမီးပေး-ထိမ်းမြား-လက်ထပ်-ရာ-နေ့-ရက်။	el día / la fecha en que se da la hija / se desposa / se casa.	the day / date when a daughter is given / one marries / weds.	no label
156522	vivāhana	(၁) သမီးပေး မင်္ဂလာပြု-ထိမ်းမြား-လက်ထက်-မင်္ဂလာဆောင်-ခြင်း။ (၂) သမီးပေး-ထိမ်းမြား-လက်ထပ်-မင်္ဂလာကို ပြုလုပ်စေခြင်း။	(1) el celebrar la ceremonia de dar la hija / desposar / casarse / celebrar la boda. (2) el hacer celebrar la ceremonia de dar la hija / desposar / casar.	(1) performing the ceremony of giving a daughter / marrying / wedding / holding the wedding. (2) causing the ceremony of giving a daughter / marrying / wedding to be performed.	လက်ထက် read as လက်ထပ်
156529	vivicca	(သင်) ကင်းကွာ-ဖဲခွါ-ကင်းဆိတ်-အသီးအခြားဖြစ်-လော။	(tú) ¡sepárate / apártate / aíslate / mantente aparte!	(you) separate / move away / seclude yourself / keep apart!	လော under an imperative headword read as the imperative လော့
156531	viviccatha	(သင်တို့) ကင်းကွာ-ဖဲခွါ-အသီးအခြားဖြစ်-ပယ်စွန့်-ကုန်လော။	(vosotros) ¡separaos / apartaos / quedad aparte / abandonad!	(you, plural) separate / move away / keep apart / abandon!	ကုန်လော under an imperative headword (-tha) read as the imperative လော့
156533	viviccanakiriyā	ကင်းဆိတ်-အသီးအခြားဖြစ်-ကင်းကွာ-ဖဲခွ-ပယ်စွန့်-ခြင်းဟူသော-အပြုအမူ-အမူအရာ။	la acción / el modo que es el aislarse / quedar aparte / separarse / apartarse / abandonar.	the action / manner that is secluding oneself / being apart / separating / moving away / abandoning.	ဖဲခွ read as ဖဲခွါ
156534	viviccanti	ကင်းဆိတ်-အသီးအခြားဖြစ်-ကင်းကွာ-ဖဲခွါ-ကုန်၏။	se aíslan / quedan aparte / se separan / se apartan.	they seclude themselves / are apart / separate / move away.	no label
156538	vivicchati	(၁) (က) အထူးထူး-အပြားပြား-အလိုရှိ၏။ (ခ) ဆန့်ကျင်ဘက်ကို အလိုရှိ၏။ (၂) (မိမိစည်းစိမ်ကို ပျံ့နှံ့စေခြင်းငှါ) အလိုမရှိနှပြောစေးနှဲ၏။ «S1»	(1) (a) desea de diversas / variadas / múltiples maneras. (b) desea lo contrario. (2) no desea (hacer que se difunda su propia riqueza); es avaro. Véase [[viviccha]] (1).	(1) (a) wishes in diverse / varied / manifold ways. (b) wishes the opposite. (2) does not wish (to let his own wealth spread); is miserly. See [[viviccha]] (1).	နှပြော read as နှမြော
156544	vivittaṭṭha	ကင်းဆိတ်-ဆိတ်ငြိမ်-ရာအရပ်၌တည်သော၊ သူ။	que permanece en un lugar apartado / tranquilo (dicho de una persona).	abiding in a secluded / quiet place (said of a person).	no label
156546	vivittapesuṇa	ကင်းသော ချောပစ်ကုန်းတိုက်ခြင်းရှိသော၊ ချောပစ်ကုန်းတိုက်ခြင်းကင်းသော၊ သူ။	que tiene la maledicencia ausente; libre de maledicencia (dicho de una persona).	having tale-bearing absent; free from tale-bearing (said of a person).	no label
156550	vivittasabhāva	ကင်းဆိတ်-ဆိတ်ငြိမ်-သော သဘောရှိသော။	que tiene una naturaleza apartada / tranquila.	having a secluded / quiet nature.	no label
156552	vivittasukha	ကင်းဆိတ်-ဆိတ်ငြိမ်-ခြင်းကြောင့်ဖြစ်သော ချမ်းသာ။	la felicidad que surge del estar apartado / tranquilo.	the happiness that arises from being secluded / quiet.	no label
156557	vivittāsana	(၁) (က) ကင်းဆိတ်-ဆိတ်ငြိမ်-သောနေရာ။ (ခ) ဝိဝေကကို-ပွါး-တိုးပွါး-စေတတ်သောနေရာ။ (လူရှင်တို့မှ) ကင်းဆိတ်သောနေရာ။ (၂) ကင်းဆိတ်-ဆိတ်ငြိမ်-သောနေထိုင်ခြင်း။	(1) (a) asiento apartado / tranquilo. (b) asiento que suele hacer crecer / aumentar el *viveka*. asiento apartado (de laicos y monjes). (2) el morar apartado / tranquilo.	(1) (a) a secluded / quiet seat. (b) a seat apt to make *viveka* grow / increase. a seat secluded (from laymen and monks). (2) secluded / quiet dwelling.	(လူရှင်တို့မှ): ရှင် read as monks / novices
156565	vividhakusumadāma	အထူးထူး-အထွေထွေ-အမျိုးမျိုး-သော အပြားရှိသော-ပန်းကုံး-ပန်းဆိုင်း။	guirnalda / colgante de flores de clases diversas / variadas / múltiples.	garland / pendant of flowers of diverse / varied / manifold kinds.	no label
156569	vividhaguṇa	အထူးထူး-အထွေထွေ-အမျိုးမျိုး-သော အပြားရှိသော-ဂုဏ်-ကျေးဇူး။ အောက်ပုဒ်ကြည့်။	virtudes / beneficios de clases diversas / variadas / múltiples. Véase la entrada siguiente.	virtues / benefits of diverse / varied / manifold kinds. See the following headword.	no label; 'see the next headword' left in the Burmese text
156570	vividhaguṇagaṇasamannāgata	အထူးထူး-အပြားပြား-အမျိုးမျိုး-အစားစား-သော ဂုဏ်အပေါင်းနှင့်ပြည့်စုံသော။	dotado de un conjunto de virtudes diversas / distintas / múltiples / de toda suerte.	endowed with a host of diverse / distinct / manifold / every sort of virtues.	no label
156571	vividhaguṇasamannāgata	အထူးထူး-အထွေထွေ-အမျိုးမျိုး-သော ဂုဏ်တို့နှင့်ပြည့်စုံသော။	dotado de virtudes diversas / variadas / múltiples.	endowed with diverse / varied / manifold virtues.	no label
156589	vividhanāṭakūpabhoga	အထူးထူး-အထွေထွေ-အမျိုးမျိုး-သောအပြားရှိသော ကချေသည်ဟူသော အသုံးအဆောင်။	el objeto de disfrute que son las bailarinas de clases diversas / variadas / múltiples.	the object of enjoyment that is dancers of diverse / varied / manifold kinds.	no label
156594	vividhapāṭihāriya	(၁) အထူးထူး-အထွေထွေ-အမျိုးမျိုး-သော အပြားရှိသော တန်ခိုးပြာဋိဟာရှိသော၊ စကား။ (န) (၂) အထူးထူး-အထွေထွေ-အမျိုးမျိုး-သော အပြားရှိသော တန်ခိုးပြာဋိဟာ။ အောက်ပုဒ်ကြည့်။	(1) que tiene prodigios de poder de clases diversas / variadas / múltiples; palabras. (neutro) (2) prodigios de poder de clases diversas / variadas / múltiples. Véase la entrada siguiente.	(1) having wonders of power of diverse / varied / manifold kinds; speech. (neuter) (2) wonders of power of diverse / varied / manifold kinds. See the following headword.	'see the next headword' left in the Burmese text; တန်ခိုးပြာဋိဟာ (iddhi-pāṭihāriya) rendered 'wonders of power'
156603	vividhamāya	အထူးထူး-အထွေထွေ-အမျိုးမျိုး-သော အပြားရှိသော-မာယာ (-လှည်ပတ်-ဖြားယောင်း-လှည့်စား-ခြင်း)-ရှိသော၊ သူ။	que tiene *māyā* (el engañar / seducir / embaucar) de clases diversas / variadas / múltiples (dicho de una persona).	having *māyā* (deceiving / luring / tricking) of diverse / varied / manifold kinds (said of a person).	no label; လှည်ပတ် read as လှည့်ပတ်
156604	vividhamālākamma	အထူးထူး-အထွေထွေ-အမျိုးမျိုး-သော အပြားရှိသော ခြူးပန်း။	ornamentación floral de clases diversas / variadas / múltiples.	floral ornamentation of diverse / varied / manifold kinds.	ခြူးပန်း read as floral decoration / scrollwork; uncertain
156613	vividharūpa	(၁) အထူးထူး-အထွေထွေ-အမျိုးမျိုး-သော အပြားရှိသောအဆင်း။ အောက်ပုဒ်ကြည့်။ (၂) အထူးထူး-အထွေထွေ-အမျိုးမျိုး-သော အပြားရှိသော-အသွင်-သဏ္ဌာန်။ (၃) အထူးထူး-အထွေထွေ-အမျိုးမျိုး-သောအပြားရှိသော သဘော။	(1) aspecto de clases diversas / variadas / múltiples. Véase la entrada siguiente. (2) apariencia / figura de clases diversas / variadas / múltiples. (3) naturaleza de clases diversas / variadas / múltiples.	(1) appearance of diverse / varied / manifold kinds. See the following headword. (2) look / shape of diverse / varied / manifold kinds. (3) nature of diverse / varied / manifold kinds.	'see the next headword' left in the Burmese text
156622	vividhavicitradal̤hamaṭṭālakoṭṭhaka	အထူးထူး-အထွေထွေ-အမျိုးမျိုး-သော အပြားရှိသော ဆန်းကြယ်၍ ခိုင်ခံ့သော ပြအိုး,တခါးမုခါရှိသော၊ မြို့။	que tiene atalayas, torres de puerta vistosas y firmes, de clases diversas / variadas / múltiples; ciudad.	having watch-towers, gate-towers, variegated and firm, of diverse / varied / manifold kinds; a city.	ပြအိုး,တခါးမုခါ read as ပြအိုး (watch-tower), တံခါးမုခ် (gate-tower)
156627	vividhavihagagaṇasampāta	အထူးထူး-အထွေထွေ-အမျိုးမျိုး-သော အပြားရှိသော ငှက်အပေါင်း၏ ကျရောက်ခြင်း	el acudir de bandadas de aves de clases diversas / variadas / múltiples.	the converging of flocks of birds of diverse / varied / manifold kinds.	no final ။ in the print
156628	vividhavihaṅgamaninnādita	အထူးထူး-အထွေထွေ-အမျိုးမျိုး-သော အပြားရှိသောငှက်အပေါင်းသည် မြည်တွန်အပ်သော။	hecho resonar por bandadas de aves de clases diversas / variadas / múltiples.	made to resound by flocks of birds of diverse / varied / manifold kinds.	no label
156636	vividhahitasukhanipphādanappayojana	အထူးထူး-အထွေထွေ-အမျိုးမျိုး-သော အပြားရှိသော စီးပွါး,ချမ်းသာကို-ပြီး-ပြည့်စုံ-စေခြင်းအကျိုးရှိသော။	que tiene el beneficio de hacer cumplir / completar el provecho, la felicidad de clases diversas / variadas / múltiples.	having the benefit of bringing to accomplishment / completion welfare, happiness of diverse / varied / manifold kinds.	no label
156648	vivekacariya	ကင်းဆိတ်-ဆိတ်ငြိမ်-သော နိဗ္ဗာန်၌ဖြစ်ခြင်း။ အောက်ပုဒ်ကြည့်။	el estar en el *nibbāna* apartado / tranquilo. Véase la entrada siguiente.	being in secluded / quiet *nibbāna*. See the following headword.	'see the next headword' left in the Burmese text
156653	vivekaja	(၁) ကင်းဆိတ်-ဆိတ်ငြိမ်-ခြင်း (ဝိဝေက) ကြောင့်ဖြစ်သော (ဈာန်)။ ဝိဝေက (၁) (၂) (၃) တို့လည်းကြည့်။ (၂) ကင်းဆိတ်-ဆိတ်ငြိမ်း-သော ဈာနသမ္ပယုတ်တရားအစု (ဝိဝေက) ၌ဖြစ်သော (ဈာန်)။ ဝိဝေက (၁) (၂) (၃) တို့လည်းကြည့်။ (၃) ကင်း-ကင်းဆိတ်-သီးသန့်ခြားနား-စေအပ်သော ဈာနသမ္ပယုတ်တရားအစု (ဝိဝေက) ၌ဖြစ်သော (ဈာန်)။ ဝိဝေက (၁) (၂) (၃) တို့လည်းကြည့်။	(1) (el *jhāna*) nacido del estar apartado / tranquilo (*viveka*). Véanse también [[viveka]] (1) (2) (3). (2) (el *jhāna*) que se da en el grupo de estados *jhānasampayutta* (*viveka*), apartado / sosegado. Véanse también [[viveka]] (1) (2) (3). (3) (el *jhāna*) que se da en el grupo de estados *jhānasampayutta* (*viveka*), hecho libre / apartado / aislado y separado. Véanse también [[viveka]] (1) (2) (3).	(1) (the *jhāna*) born of being secluded / quiet (*viveka*). See also [[viveka]] (1) (2) (3). (2) (the *jhāna*) that arises in the group of *jhānasampayutta* states (*viveka*), which is secluded / calmed. See also [[viveka]] (1) (2) (3). (3) (the *jhāna*) that arises in the group of *jhānasampayutta* states (*viveka*), made free / secluded / isolated and separate. See also [[viveka]] (1) (2) (3).	'see also X (1) (2) (3)' left in the Burmese, three times
156655	vivekajabhūmi	ကင်းဆိတ်-ဆိတ်ငြိမ်-ခြင်းကြောင့်ဖြစ်သောဘုံ၊ (ပဌမဈာန်)။	el *bhūmi* nacido del estar apartado / tranquilo; (el *paṭhamajjhāna*).	the *bhūmi* born of being secluded / quiet; (the *paṭhamajjhāna*).	no label
156656	vivekajābhūmi	ကင်းဆိတ်-ဆိတ်ငြိမ်-ခြင်းကြောင့်ဖြစ်သောဘုံ၊ (ပဌမဈာန်)။	el *bhūmi* nacido del estar apartado / tranquilo; (el *paṭhamajjhāna*).	the *bhūmi* born of being secluded / quiet; (the *paṭhamajjhāna*).	no label
156658	vivekaṭṭha	(၁) (က) (ကိလေသာတို့မှ ကင်းဆိတ်ရာ) နိဗ္ဗာန်၌တည်သော။ (ခ) ကိလေသာတို့သည် ကြဉ်အပ်-ကိလေသာတို့မှ ကင်းဝေးသော (ရဟန္တာစိတ်)။ (၂) (က) (သတ္တဝါ,သင်္ခါရတို့မှ) ကင်းဆိတ်ရာအရပ်၌ တည်သော။ (ခ) (သတ္တဝါ,သင်္ခါရတို့မှ) အလွန်ဝေး-ကင်းဝေး-သော (ကာယဝိဝေက)။ (၃) ကင်းဆိတ်-ကင်းဝေး-ခြင်း။ «S1»	(1) (a) que está asentado en el *nibbāna* (donde se está libre de los *kilesa*). (b) (la mente del *arahant*) evitada por los *kilesa* / alejada de los *kilesa*. (2) (a) que está asentado en un lugar apartado (de seres y *saṅkhāra*). (b) (el *kāyaviveka*) muy alejado / apartado (de seres y *saṅkhāra*). (3) el estar apartado / alejado. Véase [[vivekaṭṭha]].	(1) (a) established in *nibbāna* (where one is free from the *kilesa*). (b) (the mind of the *arahant*) shunned by the *kilesa* / far from the *kilesa*. (2) (a) established in a place secluded (from beings and *saṅkhāra*). (b) (*kāyaviveka*) very far / remote (from beings and *saṅkhāra*). (3) being secluded / remote. See [[vivekaṭṭha]].	no label
156663	vivekaṭṭhānasambhava	ကင်းဆိတ်-ဆိတ်ငြိမ်-ကင်းဝေး-ဝေးကွာ-ရာအရပ်၏ဖြစ်သင့်ခြင်း။	el ser conveniente un lugar apartado / tranquilo / alejado / distante.	the fittingness of a secluded / quiet / remote / distant place.	ဖြစ်သင့်ခြင်း ('being fit to arise / to be') is ambiguous
156669	vivekatthika	ကင်းဆိတ်-ဆိတ်ငြိမ်း-ခြင်း-ကို-ဖြင့်-အလိုရှိသော။	que desea el estar apartado / sosegado.	wishing for being secluded / calm.	-ကို-ဖြင့်- are alternative case particles
156675	vivekaninnamānasa	ကင်းဆိတ်-ဆိတ်ငြိမ်-ရာနိဗ္ဗာန်၌ ညွတ်သောစိတ်ရှိသော၊ သူ။	que tiene una mente inclinada hacia el *nibbāna*, donde se está apartado / tranquilo (dicho de una persona).	having a mind inclined towards *nibbāna*, where one is secluded / quiet (said of a person).	no label
156676	vivekanissita	ဝိဝေက-၌-ကို-မှီသော--(၁) ကင်းဆိတ်-ဆိတ်ငြိမ်-ရာ-နိဗ္ဗာန်-ကို-၌-မှီသော (၂) (တဒင်္ဂ,သမုစ္ဆေဒ,နိဿရဏဟူသော) ကင်းဆိတ်ခြင်း ၃-ပါး-ကို-၌-မှီသော။ (၃) တဒင်္ဂ,ဝိက္ခမ္ဘန,သမုစ္ဆေဒ,ပဋိပ္ပဿဒ္ဓိ,နိဿရဏဟူသော ကင်းဆိတ်ခြင်း ၅-ပါး-ကို-၌-မှီသော။	que depende del / se apoya en el *viveka* — (1) que depende del / se apoya en el *nibbāna*, donde se está apartado / tranquilo. (2) que depende de / se apoya en los 3 apartamientos (llamados *tadaṅga*, *samuccheda*, *nissaraṇa*). (3) que depende de / se apoya en los 5 apartamientos llamados *tadaṅga*, *vikkhambhana*, *samuccheda*, *paṭippassaddhi*, *nissaraṇa*.	relying on / resting on *viveka* — (1) relying on / resting on *nibbāna*, where one is secluded / quiet. (2) relying on / resting on the 3 seclusions (namely *tadaṅga*, *samuccheda*, *nissaraṇa*). (3) relying on / resting on the 5 seclusions namely *tadaṅga*, *vikkhambhana*, *samuccheda*, *paṭippassaddhi*, *nissaraṇa*.	-၌-ကို- / -ကို-၌- are alternative case particles; no ။ after sense (1)
156677	vivekapañcaka	(တဒင်္ဂ,ဝိက္ခမ္ဘန,သမုစ္ဆေဒ,ပဋိပ္ပဿဒ္ဓိ,နိဿရဏဟူသော) ဝိဝေကတို့၏ ၅-ပါး အပေါင်း။ ဝိဝေကဒဿီ ၃-ကြည့်။	el conjunto de los 5 *viveka* (llamados *tadaṅga*, *vikkhambhana*, *samuccheda*, *paṭippassaddhi*, *nissaraṇa*). Véase [[vivekadassī]] (3).	the set of the 5 *viveka* (namely *tadaṅga*, *vikkhambhana*, *samuccheda*, *paṭippassaddhi*, *nissaraṇa*). See [[vivekadassī]] (3).	'see X 3' left in the Burmese
156681	vivekapaṭisambhidāpāpana	ကင်းဆိတ်သည်ဖြစ်၍-အသီးအသီး-အမျိုးမျိုး-ကွဲပြားအောင်-သိတတ်သော ပဋိသမ္ဘိဒါဉာဏ်သို့ ရောက်စေတတ်သော။	que suele hacer llegar al conocimiento *paṭisambhidā*, que, estando apartado, suele conocer por separado / de múltiples maneras / distinguiendo.	apt to bring to *paṭisambhidā* knowledge, which, being secluded, is apt to know separately / in manifold ways / so as to distinguish.	label ထီ၊န but the gloss is adjectival (-တတ်သော)
156683	vivekaparāyaṇa	ဆိတ်ငြိမ်ရာနိဗ္ဗာန်လျှင် လည်းလျောင်းရာရှိသော။	que tiene como lugar de reposo el *nibbāna*, donde se está tranquilo.	having *nibbāna*, where one is quiet, as resting place.	လည်းလျောင်းရာ read as လဲလျောင်းရာ 'resting place'
156690	vivekapoṇa	ကင်းဆိတ်-ဆိတ်ငြိမ်-ရာနိဗ္ဗာန်-၌-သို့-ညွတ်-ကိုင်း-ကိုင်းသကဲ့သို့တည်-သော။	inclinado / encorvado / que permanece como encorvado hacia el *nibbāna*, donde se está apartado / tranquilo.	inclined / bent / standing as if bent towards *nibbāna*, where one is secluded / quiet.	-၌-သို့- are alternative case particles
156693	vivekarati	ဝိဝေက၌ မွေ့လျော်ခြင်း-(၁) ဈာန်-ကိုအားထုတ်ခြင်း-၌ မွေ့လျော်ခြင်း။ (၂) ကာယဝိဝေကစသည်၌ဖြစ်သော မွေ့လျော်ခြင်း။	el deleitarse en el *viveka* — (1) el deleitarse en el esforzarse en el *jhāna*. (2) el deleite que se da en el *kāyaviveka* y demás.	delighting in *viveka* — (1) delighting in striving for *jhāna*. (2) the delight that arises in *kāyaviveka* and so on.	no label
156696	vivekavatta	(၁) ဆိတ်ငြိမ်ရာ၌ (နေ၍) ပြုအပ်သော-ဝတ်-ကျင့်ဝတ်-ဝတ်တရား-ရှိသော၊ သူ။ (န) (၂) ဆိတ်ငြိမ်ရာ၌ (နေ၍) ပြုအပ်-သော-ဝတ်-ကျင့်ဝတ်-ဝတ်တရား (သမထ၊ ဝိပဿနာ)။	(1) que tiene deberes / normas de conducta / observancias que han de hacerse (morando) en un lugar tranquilo (dicho de una persona). (neutro) (2) los deberes / normas de conducta / observancias que han de hacerse (morando) en un lugar tranquilo (*samatha*; *vipassanā*).	(1) having duties / rules of conduct / observances to be done (while living) in a quiet place (said of a person). (neuter) (2) the duties / rules of conduct / observances to be done (while living) in a quiet place (*samatha*; *vipassanā*).	no label
156697	vivekavattayutta	ဆိတ်ငြိမ်ရာ၌ (နေ၍) ပြုအပ်သော-ဝတ်-ကျင့်ဝတ်-ဝတ်တရား-နှင့်-ယှဉ်-ပြည့်စုံ-သော၊ သူ။ «S1»	asociado a / dotado de los deberes / normas de conducta / observancias que han de hacerse (morando) en un lugar tranquilo (dicho de una persona). Véase [[vivekavatta]] (1).	associated with / endowed with the duties / rules of conduct / observances to be done (while living) in a quiet place (said of a person). See [[vivekavatta]] (1).	no label
156703	vivekādhimutti	ဝိဝေက ၃-ပါး၌-နှလုံးသွင်း-စိတ်ညွတ်-ခြင်း။	el aplicar la atención / inclinar la mente a los 3 *viveka*.	attending / inclining the mind to the 3 *viveka*.	no label
