id	iast	omitted
185507	samma	quotation fragment 'ဝယဿာဘိလာပေါါတိ'
185508	samma	headword 'သမ္ပ'; analysis bracket and Sanskrit note; source references 'အဘိဓာန် (အ-ဝဂ်) ၁ ပ-မ-သ-စ အဘိဓာန်'; quotations after the definition; ----
185509	samma	quotation fragments of the previous article; headword 'သမ္ပ (ဗျ)' and analysis and Sanskrit/Prakrit notes; run-on articles sammakkhaṇa (န) and sammakkhana (တိ): 'အလုံးစုံအားဖြင့်-လူးလဲ-လိမ်းကျ-ပေရေ-သော။ (န) (၂) အလုံးစုံအားဖြင့် -လူးလဲ-လိမ်းကျံ-ပေရေ-ခြင်း။ (၁) ဩဋ္ဌမံသ'
185510	sammakkhana	'ကြည့်' (end of a 'see' formula); '(န) (၂)'; quotation
185515	sammakkhitasarīra	'ကြည့်' (end of a 'see' formula)
185516	sammakkheti	Sanskrit note 'သမ္ဗက္ခယတိ-သံ'
185517	sammaggata	analysis bracket, 'see samma 3', Sanskrit note; citation 'သံ၊ ၁ဝ။ သမ္မဂ္ဂတေသူ။ (-ဣတိဝုတ်၊ (၂)'; run-on article sammajja (န) with bracket: '(၁) တံမြက်စည်း။ (၂) ပွဲလမ်းသဘင် (လူအပေါင်း ၌ ပြုအပ်သောပွဲ)'
185519	sammajjati	Sanskrit note; list of inflected forms with citations
185520	sammajjatha	debris '(ကြို ၂'
185521	sammajjadassanussava	debris '[ ['; stray '"'
185522	sammajjana	analysis, Sanskrit and Prakrit notes
185523	sammajjanaüpalepana	----
185528	sammajjanatthera	quotation and citation; run-on article sammajjanattheravatthu (န): 'သမ္ပဇ္ဇနထေရ်၏-အကြောင်းအရာ-အဋုပ္ပတ္တိ'
185530	sammajjanaparibhaṇḍa	----
185532	sammajjanavelā	quotation
185533	sammajjanādikaraṇa	----
185535	sammajjanābhāva	citation 'သာရတ္ထ၊ ၁ဝ'
185538	sammajjanipahāra	debris ']'
185539	sammajjanimāl̤aka	quotation; page number '၉၀ဝ'
185541	sammajjanisadda	quotation; debris '၆ူ'
185542	sammajjanisālā	run-on 'သမ္ပဇ္ဇနံ (တီ) သမ္ပဇ္ဇန + (ဣတ္ထိလိင်ဇောတက)'
185543	sammajjanī	end of the analysis 'ဤ'; Prakrit note 'သံမဇ္ဇဏီ-ပြ'; citation '( ဝိ၊ သင်္ဂဟ။ ၁၊ ၅၁)။ ပါစိတ်၊'
185545	sammajjanta	grammatical note 'ထီ-၌ သမ္မဇ္ဇန္တီ' (feminine form)
185546	sammajjanti	debris ']'; quotation
185548	sammajjā	debris 'ဇောတက) အာ။ ၅၅၇-နှာ'; list of forms and grammarian's quotation with page reference
185550	sammajjāpenta	run-on 'သမ္ဗန် (။ တံြက်လည်း ကုန်ပြီ'
185552	sammajji	debris '(ကြို + ဤ]'; run-on headword 'သ သမ္မဇ္ဇိတ'
185553	sammajjita	debris 'မြူ ( ၂)'; quotation
185555	sammajjitabba	grammatical note 'သမ္ပဇ္ဇတိ-မှ' (from sammajjati); debris '['
185557	sammajjituṁ	debris '(['; run-on article sammajjitvā (ကြိ၊ ဝိ) and headword sammajjitvāna: '(၁) တံမြက်လှည်း၍။ သုတ်သင် ပွတ်တိုက် ၍။ (၁) ----။ ----။'
185558	sammajjitvā	'ကြည့်' (end of a 'see' formula)
185559	sammajjitvāna	debris 'သဗ္ဗတ္ထ (ကြု)'; run-on '(သင်တို့ တံမြက်လှည်းကုန်ပြီ'
185562	sammajjissati	debris '['; form 'သမ္ဗဇ္ဇိဿတိ'
185564	sammajjeyya	debris '(ကြို ]'; citation 'ကင်္ခါ ဋီ၊ သစ်'
185565	sammaṭṭha	quotation; '(၃) သာမဋ္ဌပဿ' (reference to a compound)
185566	sammaṭṭhakaraṇakāla	stray '၂'
185569	sammaṭṭhapassa	variant 'သာမဋ္ဌပဿ'
185571	sammaṭṭhasusajjitasuvaṇṇa	debris ')' and 'သမ္ပတ'; run-on article sammata (တိ) with bracket and Sanskrit/Prakrit notes: '(၁) ကောင်းစွာသီ-သမုတ်-ရွေးချယ်-ဖွဲ့အပ်သော၊ (ဘုရင်၊ ရဟန်း စသည်)။ (၂) ချီးမွမ်း ချီးကျူး အပ်သော။ (၃) ထင်ရှား-ကျော်ကြား-လူသိ များသော။ (၄) မှတ်ထင်-အသိအမုတ်ပြု-အပ်သော။ (၅) ဖွဲ့အပ်-ရွတ်အပ်သောကမ္မ ဝါစာရှိ-သော။' and its repetition
185572	sammata	debris 'တိ "'; quotations and citations; run-on article sammatatara (တိ): 'အထူးသဖြင့် သာလွန်၍ - ထင်ရှားကျော်ကြား လူသိများ သော' and its quotation
185574	sammatattā	debris '['; quotation fragments '(၁) လောကေန', '(န) (၂) သမ္မတတ္တော'; page number '၈၃'
185575	sammatadhammajcyesakāyatta	analysis bracket
185580	sammatasīmā	citation 'ကင်္ခါ၊'
185582	sammatālasamāhita	reference 'သမ္မ-တာလဉ္စာ'
185583	sammatāl̤a	source 'ဓာန်'; commentary quotation with citation
185585	sammatāl̤appabodhana	stray '(၂)'; headword 'သမ္ပတာဠပ္ပဗောဓန (တိ)' and analysis bracket; quotation reference '(၁) (၂) သမ္မတာဠပ္ပဗော-ဓနော'
185588	sammati	repetition of the six senses with quotations; debris '--က'; list of inflected forms
185589	sammati	grammatical note and Sanskrit/Prakrit notes; quotation with '(သျာမူ)' references
185590	sammativāra	headword repeated 'သမ္မတိဝါရ၊'
185592	sammatta	grammarian's note (Sanskrit, Prakrit, Ardhamāgadhī forms)
185596	sammattaka	end of the analysis 'သမ္ပတ္တ က]'
185597	sammattakajāta	quoted form 'သမ္မတ္တဇာတာ'
185599	sammattagahaṇa	quotation; debris 'ဦ'
185601	sammattaniyata	quoted forms and citation fragments '(၁) ] သ။ သမ္ပတ္တနိယတကမ္မ။ (သမ္မတ္တနိယတော) (၂)။ စ၇။ (၃)'
185603	sammattaniyatapuggala	----
185605	sammattaniyatahetudhamma	debris '[ [' and '-ကကော'
185607	sammattaniyāma	quotation fragments and a title 'သမ္ပတ္တနိယာမပစ္စယလက္ခဏဝိဘာဝန'
185608	sammattaniyāmapaccayalakkhaṇavibhāvana	quotation
185612	sammad	Sanskrit forms 'သမျဒ်-သမ္ပဒ်'
185613	sammada	debris ']'; analysis; source 'ဓာန်'; commentary quotation
185615	sammadakkhāta	analysis bracket; quoted form 'သမ္ပဒက္ခာတေ'
185616	sammadaññā	analysis bracket; ----
185617	sammadattha	'(၁) ----'
185618	sammadayati	grammatical and Sanskrit notes; debris '['
185619	sammadayanti	ending 'အန္တိ'
185620	sammadassana	analysis bracket; form 'သမ္ပဒဿန'
185622	sammaddati	debris 'ဥ၅'; Sanskrit and Prakrit notes; quotation with page number
185623	sammaddati	grammatical note (forms, assimilation of ya)
185624	sammaddana	Sanskrit note; stray '၂'; citation 'ပါစိတ်၊'
185625	sammaddanarasataṇhā	stray '၅'; form 'သမ္မဒ္ဒန္တ'
185626	sammadanta	quotation
185627	sammadanti	grammatical note 'သမ္မဒ္ဒတိ-မှ'
185628	sammaddasa	analysis bracket; page number and form '၄၅၆ သမ္မဒ္ဒသာ'
185629	sammadditvā	unreadable 'နှူ'
185631	sammanāharanti	debris '['; form 'သမ္ပနာဟရန္တီ'; citation 'ပါစိတ်၊'
185633	sammantana	analysis fragment '+ ယု။ ['; citation
185635	sammantayati	Sanskrit note
185636	sammantayanti	stray '"'; list of inflected forms
185637	sammantayamāna	stray '"'
185639	sammantayi	analysis '(ကြို သံ + မန္တ + ဏယ + ဤ'; quotation fragment
185640	sammantayitvā	form and citations
185641	sammanti	list of inflected forms
185642	sammanteti	Sanskrit note; debris '['; forms
185643	sammantetvā	source debris 'အဘိဓာန် (အ-ဝဂ်) ၂ ပ-မ-သ-စ'; quotation
185645	sammantesuṁ	quotation fragment '---မာတာပိတရော'
185646	sammannati	long grammarian's note (analysis သံ + မန + ယ + တိ, Prakrit and Sanskrit forms, Nirutti 53, Ardhamāgadhī dictionary); stray 'ဖွဲ့'
185647	sammannati	grammarian's note (သံမာနယတိ … ယ-ကို ပုဗ္ဗရူပ် န-ပြု, Pākata dictionary); stray ”တိ
185648	sammannati	list of inflected forms
185649	sammannatu	analysis '(ကြို + ယ + တု ]'
185650	sammannana	form 'သမ္ပန္နန'; debris '['; stray '၈'; quotation
185651	sammannanakāla	---
185654	sammannanti	citation '(ကင်္ခါ၊ ဋီ။ ၃၉၊ ၈၃)'
185655	sammannāpetuṁ	run-on 'သမ္ဗန် (က) ယ ၃။ သမုတ် ရွေးချယ်-ဖွဲ့အသိအမှတ်ပြု- ကြကုန်ပြီ'
185657	sammanni	citation 'ဝိ၊ ဋ္ဌ ၁'
185658	sammannitabba	analysis and Sanskrit forms
185659	sammannituṁ	run-on article sammannitvā (ကြ၊ ဝိ): 'သမုတ်-ရွေးချယ်-ဖွဲ-အသိအမှတ်ပြု-၍'
185660	sammannitvā	debris 'ြ'; run-on headword 'သမ္ပန္နေ'
185661	sammanne	debris '['
185662	sammanneyya	debris '(ကြို ]'
185663	sammanneyyāma	stray '-'
185664	sammapaññā	quoted form 'သမ္မပညာယာ'; run-on 'သမ္ပပတိတ (တိ) [ သမ္မာ (သမ္ပဒ်) ပတိ + တ'
185665	sammapatita	debris 'ိတင်္ဂ ['
185666	sammappajāna	analysis bracket; quoted form and citation; run-on article sammappajānāti (ကြိ) with analysis: 'ကောင်းစွာ-အကြောင်း-ဥပါယ်-အပြားအားဖြင့်ဖြင့်သိမြင်၏'
185668	sammappaññā	repetition of the seven senses with quoted forms
185669	sammappadhāna	analysis bracket and Sanskrit note; repetition of the eight senses with quotations
185671	sammappadhāna	debris '['; reference '၂၁၄-၅ လာ' (found at 214–5)
185672	sammappadhānakathā	quotation
185674	sammappadhānakusala	quotation
185675	sammappadhānacatukka	debris '=<-'
185679	sammappadhānapaccavekkhana	commentary quotation with citation
185680	sammappadhānapaccavekkhanā	quotation
185681	sammappadhānapaṭisaṁyutta	stray '၂'; run-on title 'သမ္မပ္ပဓာနပရက္ကမ (သုတ်)'
185685	sammappadhānabyāpāra	quotation
185686	sammappadhānabhāvanā	form 'သမ္ပပ္ပဓာနဘာဝနာ'
185687	sammappadhānamukha	'သမ္မပ္ပဓာန် မဖြစ်'; quotation fragment 'မတ္ထက ပါပေတွာ ဝတ္တံ စတ္တံ'
185691	sammappadhānavibhaṅga	headword in its Burmese form 'သမ္မပ္ပဓာနဝိဘင်း'
185694	sammappadhānavīriyavantu	run-on headword '၃ သမ္ပပဓာနဝီရိယသမ္ပန္န'
185696	sammappadhānavīriyābhāva	debris ']'
185697	sammappadhānasadisa	debris ']'
185700	sammappadhānasuttanta	quotation fragment 'မုတ္တာဟာရော'; run-on headword 'သမ္မပ္ပဓာနသုတ္တိန္တာဟာရက ြ'
185705	sammappayoga	analysis bracket and Sanskrit note
185706	sammamāna	run-on headword and page numbers '၄ သမ္မဝဏ္ဏိတ ၂၂၂၂ ၂၈၉'
185707	sammavaṇṇita	grammatical note 'ဂါထာ ဖြစ်၍ သမ္ပာ-သမ္မ-ဟု ရဿပြု' (sammā shortened to samma in verse)
185710	sammasa	citation 'သံ၊ ဋီ ၂'
185711	sammasati	analysis, Sanskrit notes and numbers; quotation
185712	sammasatha	debris '"။ (- နု'
185713	sammasadda	first copy of the senses; source tags '(ကူ၊ သျ'; run-on headword '၅ သမ္မသန'; quotation fragment
185714	sammasana	grammatical and Sanskrit notes; repetition of the senses with quotations; source 'မဏိမဉ္စူ ၂'
185715	sammasanaüpādānakkhandhamukha	debris '['; ----; quotation fragment and grammatical note
185720	sammasanacāra	quotation for sense (1)
185721	sammasanacāracitta	form 'သမ္မသန-စာရစိတ္တ'; quotation fragment
185722	sammasanacāravedanā	quotations for both senses
185723	sammasanañāṇa	citation '(၁) ၇။ ၁၅၃)'
185728	sammasanapaññā	quotation
185731	sammasanapariyāya	quotation
185734	sammasanabhāva	debris 'သမ္မသနဘာဝဟေတု ၍ီု-------'; stray '(၂)'
185735	sammasanabhāvahetu	quotation fragment
185740	sammasanavāra	headword repeated 'သမ္မသနဝါရ၊'
185742	sammasanavidhi	quotation
185744	sammasanavisesa	citation 'ဝိသုဒ္ဓိ၊ ဋီ ၂'
185745	sammasanasabhāva	references '(၇) (၂) ၁ ၁၉၄'
185746	sammasanasammayutta	quotation
185747	sammasanahetu	debris '] ['; citation
185749	sammasanādikāla	debris '['; quotation
185750	sammasanādikālasaṅgaha	debris '['; quotation
185751	sammasanādividhi	debris '['
185752	sammasanābhāva	quotation
185756	sammasanīyadhammapariggaha	analysis bracket; run-on headword 'ဖို သမ္မသနီယဝေဒနာ'
185758	sammasanupaga	analysis fragment 'ဂမု + ကွို'; quotation
185760	sammasanūpaga	analysis fragment '+ ကျို'
185761	sammasanūpagadhamma	quotation
185763	sammasanūpacāravedanā	quotation
185764	sammasanta	grammatical note 'ထီ၌- သမ္မသန္တီ' (feminine form); debris '['; quotation with citation
185765	sammasanti	quotation; run-on headword '၁ သမ္မသမာန'
185766	sammasamāna	run-on article sammasasi (ကြိ) with analysis: '(သင်) သုံးသပ်- ဆင်ခြင် -ဝိပဿနာရူ-၏'
185768	sammasāmi	analysis fragment 'န+ မိ'
185773	sammasitakhandha	debris '['
185777	sammasitajjhānapuggalajjhāsayavādanivattana	citation 'မူလဋီ၊'; run-on headword '၂ သမ္မသိတဋ္ဌာန'
185778	sammasitaṭṭhāna	stray '"'; page number '၉၀ဝ'
185780	sammasitapaṭṭhānamahāpakaraṇa	debris '['; quotation
185781	sammasitatabba	debris '['; form 'သမ္မသိတဗ္ဗ'
185782	sammasitabbadhamma	source tag 'နေတ္တိ၊'
185784	sammasitasamāpattisadisa	debris '['
185786	sammasitu	run-on article sammasitvā (ကြိ၊ ဝိ) with analysis: '(၁) ကောင်းစွာ-သုံးသပ်-ဆင် ခြင်-စူးစမ်း- ဝိပဿနာရှု၍။ (၂) လည်စေ၍'
185787	sammasitvā	source debris 'အဘိဓာန် (အ-ဝဂ်) ၃ ပ-မ-သ-စ ၃'; run-on headword 'သမ္မသိတွာန ဏီ'; quotation
185788	sammasitvāna	debris '['; quoted forms
185789	sammasīyati	debris 'တေ ['
185790	sammaseyya	debris '['; gloss 'ဥပရိက္ခေယျာ' with citation
185791	sammā	quotations
185792	sammā	long grammarian's note (သမ် + ယဒ်, sammad-, Sanskrit, Prakrit, Ardhamāgadhī forms); repeated senses with quotation fragments (သမ္မာ ပရိသေဒိတာနိ, သမ္မဒေဝါ တိ …, သမ္မပ္ပဓာနာနိ, သမ္မာ ဟေတုနာ …) and citations (မဏိမဉ္စူ ၁, မ၊ ၁ဝ)
185793	sammāabhiropanalakkhaṇa	form 'သမ္မာအဘိရောပနလက္ခဏာ'
185794	sammāavikkhepalakkhaṇa	----
185795	sammāājīva	quoted form '(က) (ခ) (ဂ) (ဃ) သမ္မာအာဇီဝေနာ'
185796	sammāājīva	analysis 'သမ္မာအာဇီဝ + ဏ'; run-on headword '၅ သမ္ပာအာဇီဝစေတနာ'
185798	sammāājīvatāsāmañña	quoted form
185802	sammāājīvamukha	page number '၈၂-'
185804	sammāujuñāyasāmicipaṭipanna	quotation
185805	sammāujuñāyasāmicipaṭipannabhāvadīpana	quotation; run-on headword '၆ သမ္မာဥပဋ္ဌာန'
185813	sammākappitakesamassu	debris '['
185815	sammākampiceta	debris '[ ['; quotation
185816	sammākamma	run-on headword '၇ သမ္မာကမ္မန္တ'; citation
185820	sammākammantakicca	run-on article sammākammantacetanā (ထီ): 'ကောင်းစွာ-မဖောက်မပြန်-ပြု ကြောင်းစေတနာ'
185822	sammākammantaniddesa	headword repeated 'သမ္မာကမ္မန္တနိဒ္ဒေသ-'
185825	sammākammantaparibhāvita	Pāḷi words 'သမ္မာကမ္မန္တာပဝဒေသ ပရိဘာဝိတ'
185828	sammagata	Sanskrit note; quotation; ----
185829	sammagada	stray quotation marks
185832	sammagamana	run-on 'ဉ သမ္မာဂါဟ မပြန် -မှန်-သောအယူ'
185838	sammajappanakicca	run-on fragment 'သမ္မာဇပ္ပန-'
185839	sammājānana	analysis fragment 'ဉာ + နာ + ယု]'
185841	sammājīva	citation fragment 'မ၊ ('
185844	sammājīvikā	citation; run-on article sammāñāṇa (န) with analysis and Sanskrit/Prakrit forms: '[ မဖောက်မပြန်-မှန်ကန်စွာ-သိ-မြင်-ခြင်း။ (က) အရဟတ္တဖိုလ်ဉာဏ်၊ ယင်းနှင့်ယှဉ်သော သမ္ပ ယုတ်တရားများ။ (ခ) မဂ်ဉာဏ်။ (ဂ) ဖိုလ် ဉာဏ်။ (ဃ) အရဟတ္တဖိုလ်ဉာဏ်။ (င) (၁၉-ပါးသော) ပစ္စဝေက္ခနာဉာဏ်။ (စ) (ဝိပဿနာ သမ္မာဒိဋ္ဌိနှင့် လောကုတ္တရာသမ္မာဒိဋ္ဌိမှတပါး) ကုသိုလ်အဗျာ ကတဉာဏ်။ (ဆ) သမ္မာဒိဋ္ဌိ။'
185845	sammañāṇa	quotations for senses (a)–(c)
185847	sammāñāṇapaccaya	debris '['
185848	sammāñāṇī	'ကြည့်' (end of a 'see' formula)
185849	sammāñāta	'အာဒိ'
185850	sammāñāya	debris '['
185851	sammātata	debris 'တ ['
185852	sammāti	Sanskrit and Prakrit notes; run-on article sammādassana (န) with analysis: '(၁) မဖောက်မပြန်မှန်ကန်စွာ သိ-မြင်- ထိုးထွင်း သီခြင်း။ (၂) မဖောက်မပြန်မှန်ကန်စွာ သိတတ်သောဉာဏ်၊ သမ္မာဒိဋ္ဌိ။'
185854	sammādassana	analysis fragment '+ ဏ'
185858	sammādassanalakkhaṇa	citation 'မ၊ ဋ္ဌ ၁'
185860	sammādassanupāyasaṁvidhāna	analysis fragment 'န- သံဝိဓာန ['
185864	sammādiṭṭhi	end of the previous article '၏အခြားမဲ့ဖြစ်သော'; headword and analysis with Sanskrit/Prakrit forms; quotations; ----
185865	sammādiṭṭhi	debris ']'
185866	sammādiṭṭhiādiaṭṭhadhammasamodhāna	run-on headword '၃ သမ္မာဒိဋ္ဌိအာဒိအဋ္ဌင်္ဂသမုဒါယ'
185867	sammādiṭṭhiādiaṭṭhaṅgasamudāya	debris '[ ['; quotation
185868	sammādiṭṭhiādika	---- ----
185869	sammādiṭṭhiādiguṇasampannapaṭiggāhaka	quotation
185872	sammādiṭṭhiādimukha	quotation
185874	sammādiṭṭhikapasaṁsana	analysis bracket; run-on article sammādiṭṭhikammasamādāna (န): '(၁) မဖောက်မပြန်-မှန်-သော အယူ၏ အစွမ်းအားဖြင့် ဆောက်တည်အပ် သောကံ။ (၂) မဖောက်မပြန်-မှန်-သောအယူ ဟုဆိုအပ်သောကံကို ဆောက်တည်ခြင်း။ (၁) (၂)'
185875	sammādiṭṭhikammasamādāna	quotations
185878	sammādiṭṭhikammasamādānahetu	debris '၂]'; quotation
185880	sammādiṭṭhiggahaṇa	debris '] ['; quotations
185882	sammādiṭṭhiniddesa	quotation fragment
185883	sammādiṭṭhipaccaya	debris ']'
185884	sammādiṭṭhipaccaya	run-on headword '၅ သမ္မာဒိဋ္ဌိပညာ'
185886	sammādiṭṭhipadīpavihatamohandhakāra	source 'ဓမ္မသင်ါတော'
185888	sammādiṭṭhiparibhāvita	stray '"'
185890	sammādiṭṭhipubbaṅgama	quotation
185891	sammādiṭṭhipurekkhāra	quotation
185894	sammādiṭṭhimaggaṅgādiaṭṭhaṅgika	analysis bracket
185895	sammādiṭṭhimatta	debris ']'; quotation
185898	sammādiṭṭhivattu	quotation; citation
185899	sammādiṭṭhivināsaka	grammatical note 'ထီ-၌ --ဝိနာသိကာ' (feminine form); debris '['
185900	sammādiṭṭhivināsakamicchādiṭṭhisaṅkhātadiṭṭhi	quotation
185901	sammādiṭṭhivirahita	analysis bracket
185903	sammādiṭṭhivūpasamapaccaya	run-on headword '၇ သမ္မာဒိဋ္ဌိသငါါတဟေတု'
185904	sammādiṭṭhisaṅkhātahetu	analysis bracket
185908	sammādiṭṭhisampanna	citations 'နေတ္တိ၊ ဝိ။ ၁၈ဝ'
185910	sammādiṭṭhisahagata	stray '"'
185911	sammādiṭṭhisahita	stray quotation marks
185912	sammādiṭṭhisutta	reference '၅၇-၆၉) လာ' (found at 57–69)
185914	sammādiṭṭhisudassana	debris '['
185916	sammādhāna	quotation; citation
185917	sammādhārā	debris '['
185918	sammāna	analysis fragments; source 'ကပ္ပဒ္ဒုမ'; Sanskrit and Prakrit notes
185919	sammānana	quoted form 'သမ္မာနနယာ'
185922	sammānanāvamānanasaha	debris '['; quoted form
185924	sammānāvamānakkhama	'ခန္တိ-'; source debris 'အဘိဓာန် (အ-ဝဂ်) ၄ ပ-မ-သ-စ ၉'; run-on headword 'သမ္ပာနာဝမာနာရဟ'; quotation
185925	sammānāvamānavippakāra	----
185926	sammānāvamanāraha	stray '၂'
185929	sammānicchita	quotation
185932	sammāniyati	quotation
185934	sammānusiṭṭhi	debris ']'
185935	sammānetabva	Sanskrit note; debris 'ဝ သမ္မာနေတိ'; quotation fragment
185936	sammāneti	Sanskrit and Prakrit notes; debris; quotation; list of inflected forms
185943	sammānessanti	run-on headword and page number '၁ သမ္ပာနေဿာမိ ၁၉၀'
185944	sammānessāmi	run-on article sammāpaggahalakkhaṇa (တိ): 'မဖောက်မပြန်-ကောင်းစွာ-ချီး မြှောက်-ထောက်ပံ့-အားပေး- ခြင်းသဘော လက္ခဏာ ရှိသော၊ သမ္မာဝါယာမစေတသိက်'
185947	sammāpajānanta	run-on article sammāpaññā (ထီ): '[ မဖောက်မပြန် မှန်ကန်-သောပညာ (ဝိပဿနာနှင့်တကွဖြစ် သော မင်္ဂပညာ)'
185950	sammāpaṭipajjanta	grammatical note 'ထီ-၌ သမ္မာပဋိပဇ္ဇန္တီ' (feminine form)
185953	sammāpaṭipajjitu	commentary quotation
185954	sammāpaṭipatti	citation 'သံ၊ ဋီ ၂'
185958	sammāpaṭipattiādividhi	---
185960	sammāpaṭipattidīpana	debris ']'; quotation
185961	sammāpaṭipattipakāsana	grammatical note 'ထီ-၌ --ပကာသနီ' (feminine form); run-on headword '၃ သမ္မာပဋိပတ္တိပစ္စဝေက္ခဏဟေတုက' printed inside the definition
185962	sammāpaṭipattipaccavekkhaṇahetuka	quotation
185965	sammāpaṭipattiparibandha	debris '['
185968	sammāpaṭipattiyogya	debris '['; quotation
185969	sammāpaṭipattirahita	debris '[ ['
185970	sammāpaṭipattilakkhaṇa	debris '['; reference 'သမ္ပာပဋိပတ္တိ-၂၅၄။ ဖို့'
185971	sammāpaṭipattivisesa	citation 'သံ၊ ဋီ ၁'
185972	sammāpaṭipattisaṅkhāta	quoted form
185975	sammāpaṭipadā	quotations and citation for (a); '(ခ) ----'
185976	sammāpaṭipadāpakkhika	quotation
185977	sammāpaṭipanna	run-on headword '၅ သမ္မာပဋိပန္နက' printed inside sense (2)
185980	sammāpaṇidhi	quoted forms
185981	sammāpaṇidhisampanna	run-on article sammāpaṇihita (တိ) with analysis: '(၁) ကောင်းစွာ-ထား-စိုက်ထောင်ထား-အပ်သော။ (၂) ကောင်းစွာ-ထား-ဆောက် တည်-တောင့်တ- အပ်သော'
185983	sammāpaṇihitabhāvasaṅkhāta	debris '[ ၂'
185985	sammāpatiṭṭhāna	citation; run-on headword 'ငြ သမ္ပာပတိတ ၁'
185986	sammāpatita	quotation
185988	sammāpabbajita	analysis fragment '] + တ'
185991	sammāpayoga	Sanskrit note 'သမျက်ပြယောဂ-သံ'; variant reading 'ဝါ သမ္မယောဂေါ'; citation 'ဝါ ဋီ၊ [၆] ၃၆၁-၂'; quotation fragments 'သမ္မာပယောဂေနာ' (twice)
185995	sammāpayogiddhiniddesa	headword repeated as 'သမ္မာပယောဝိဒ္ဓိနိဒ္ဒေသ'; run-on headword 'သမ္မာပရိဂ္ဂဟ'; debris 'ီ', '၂၂၂၂ “'
185996	sammāpariggaha	debris '] + အ'; quotation; citation 'ဖို့ ဋီ၊ ၆] ၂၀၄'
185997	sammāpariggahaṇa	quotation (commentary passage ending 'သမ္မာ ပရိဂ္ဂဟဏလက္ခဏာ')
185998	sammāpariggahaṇalakkhaṇa	citation 'ဣတိဝုတ်'; quotation
185999	sammāpariggahalakkhaṇa	'----'
186002	sammāpariṇata	quotation
186003	sammāpariṇāma	'----'
186004	sammāpariṇāmagata	'--၁'
186005	sammāparipaccamāna	garbled quotation fragment 'ကေသာဒိကုဏပဒဒ္ဒုအာဒိရော-ဂါဘိနိပ္ဖတ္တိသင်ါတပယောဇနတောတိ'
186006	sammāparipūrakārī	grammatical note 'ထီ-၌ သမ္မာပရိပူရကာရိနံ' (feminine form); run-on headword '[ ၈ သမ္မာပရိဗ္ဗာဇနီယ'
186007	sammāparibbājanīya	reference 'စူဠဗျူဟံ်'
186009	sammāparibbājanīyasuttanta	grammatical note 'အန္တ- သဒ္ဒါ တဗ္ဘော' (-anta adds nothing to the sense); '----'
186011	sammāparibhāvana	quotation fragment '(ကာရဏံ) အတ္ထိ'
186013	sammāparihāra	analysis fragment '+ ဏ'
186015	sammāpassanaka	analysis '(ပဿ) + ယု သမ္မာပဿန + က'; debris '['
186017	sammāpāsa	Sanskrit notes '+ ဏ။ ၈မျာပြာသ-သတ္တတပိဋက၊ သတ္ထယာဂ-သံ'; source tag 'ကောတ္ထုဘ'; quotation 'တဉှိ သမ္မာ မနုဿေ ပါသေဟိ … ဝုစ္စတိ'
186024	sammābhāva	editorial note on the reading 'သဘာဝ' (at 87; under sammatta, explained as 'အတ္တ သဘာဝတ္ထ'); debris ']'
186028	sammāmanasikārappaṭivedha	run-on article sammāmi (ကြိ): 'သမု + ယ + မိ။ သမ္မတိ-မှ။ (ငါ) နေ-ထိုင်-၏။' with its quotation 'တံ နိဗ္ဗာနံ … ဒီပေတိ'
186031	sammāyoga	Sanskrit note 'သမျင်္ဂယောဂ-သံ'
186035	sammāropita	grammatical note 'ပါဏိနီ၊ ၇၊ ၃၊ ၄၃-သုတ်ဖြင့် ဟ-ကို ပ-ပြု' (Pāṇini 7.3.43: h becomes p)
186039	sammāvattati	debris 'ဤ သမ္ပာဝတ္တတိ (ကြိ)'; analysis '[ (ဝတ္တ) အ တိ။ ]'; '----'; citation '(-ကင်္ခါ၊ ဋီ၊ သစ်'
186040	sammāvattana	analysis '(ဝတ္တ) + ယျ'; citation 'ပါစိတ်၊ (၃)'; form '(၄) သမ္မာဝတ္တနာ'
186042	sammāvattanta	analysis '[ (ဝတ္တ) အ အန္တ'
186043	sammāvattapaṭipatti	debris '==-='
186044	sammāvattapaṭipattisīla	debris '['
186046	sammāvattitabbavatta	debris '['
186047	sammāvattitvā	analysis '(ဝတ္တ) + တွာ ]'; quotation fragment '--တေနာဟ “'
186048	sammāvalambitvā	run-on headword '၂ သမ္မာဝါစ'
186051	sammāvācappaccayasubhāsitasotu	quotation '----သမ္မာဝါစပ္ပစ္စယသုဘာသိတသောတာရဉ္စ ဇနံ သမ္မဒေဝ ပဋိဂ္ဂဏှာတိ'
186052	sammāvācā	Sanskrit note 'သမျဝ္ဂါစ်-သံ'
186054	sammāvācādikiccattaya	debris '['
186055	sammāvācādikiccattayasādhanasabhāva	'---. “'
186056	sammāvācādikiccattayasādhanasabhāvābhāva	'----'
186057	sammāvācādikiccattayasādhanāsambhava	'--'; run-on headword '၃ သမ္မာဝါစာဒိကိရိယာ'
186059	sammāvācādibhāvasiddhi	'----'
186060	sammāvācādibhāvāsiddhi	'----'
186063	sammāvācādiviratittaya	'----'
186064	sammāvācādivirahita	debris '[ ['; citation 'မ၊ ဋီ ၁'
186065	sammāvācādisīla	'----'
186066	sammāvācāniddesa	debris '['; headword repeated 'သမ္မာဝါစာနိဒ္ဒေသ'
186067	sammāvācāpaccaya	stray '(၇)'
186068	sammāvācāpaccayasubhāsita	analysis '] သမ္မာဝါစာ-ပစ္စယ + သုဘာသိတ ]'; quotation '----သမ္မာဝါစာပစ္စယသုဘာသိတာနံ … ပရိဂ္ဂဏှာတိ'; run-on headword '၄ သမ္မာဝါစာပစ္စယသုဘာသိတသောတု ၁၀၄'
186073	sammāvācāpūraṇa	page number '၁၇၇-'
186074	sammāvācāsammākammantadvaya	debris '['; run-on article sammāvāda (ပု): '[ + ဏ။ «S1» သမျင်္ဂဝါဒ-သံ။ သမ္ပာဝါယ-ပြာ။ မဖောက် မပြန်-မှန်ကန်-သောအယူဝါဒ။' with its quotation 'အာဒိသဒ္ဒေန … သမ္မာဝါဒပ-တိဋ္ဌာပနတော'
186077	ammavādapurekkhāra	analysis '] သမ္မာဝါဒ + ပုရေက္ခာရ'
186078	ammavāyāma	analysis '+ ဏ'; Sanskrit note 'သမျင်္ဂဝျာယာမ-သံ'; debris '['
186079	ammavāyāma	reference 'သမ္မာဝါယာ-အဘိဓာန် (အ-ဝဂ်)'; debris '၅ ပ-မ-သ-စ ၅'; run-on article sammāvāyāmaniddesa: 'ခု၏ ----ပဿ သမ္မာသတိ ပဟောတိ။ ကောင်းစွာ အားထုတ်အပ်သောတရား- သမ္မာဝါယာမကို အကျယ်ပြရာစကားရပ်။' (with quotation fragment)
186082	ammavāyāmapaccaya	analysis '[ သမ္မာဝါယာမ - ပစ္စယ'
186083	ammavāyāmaparibhāvita	analysis '[ သမ္မာဝါယာမ န ပရိဘာဝိတ'
186091	sammāviniyoga	'----'
186093	sammāvibhāgajānanasabhāva	debris '[ ['
186094	sammāvimutta	form '(၂) သမ္မာဝိမုတ္တာန'
186096	sammāvimutti	'(၂) ----။ (၃) သမ္မာဝိမုတ္တီ' (references)
186097	sammāvimutti	unreadable OCR 'မ်-လ်နဗွန်-'
186099	sammāvimuttiñāṇadassana	debris '['; run-on headword 'ဝ၇ သမ္ပာဝိမုတ္တိဉာဏဒဿနပစ္စယ'
186100	sammāvimuttiñāṇadassanapaccaya	debris ']'
186104	sammāvīriyasamathānuyojana	'---'
186106	sammāvodāna	analysis '+ ဒါ + ဏေ ယု။ ['; quotation '----သမ္မာသမုဋ္ဌာနံ … ဝိသေသပစ္စယော'
186108	sammāvodāpana	run-on headword 'သမ္မာဝေါဒါပန-'
186109	sammāvodāpanalakkhaṇa	'----'
186110	sammāsaṁvara	run-on headword '၈ သမ္မာသံဝရသုသိရ'
186111	sammāsaṁvarasusira	analysis 'သမ္မာသံဝရ + သုသိရျ'
186112	sammāsaṅkappa	debris '( သင်ပ္ပု'
186113	sammāsaṅkappa	stray '၉၀ဝ'
186115	sammāsaṅkappaniddesa	analysis 'သမ္မာသင်္ကပ္ပ + နိဒ္ဒေသ'; headword repeated
186118	sammāsaṅkappaviraha	analysis 'သမ္မာသင်္ကပ္ပ + ဝိရဟ'
186119	sammāsaṅkappādidhamma	debris 'ဝ၃ု၃ာ'
186120	sammāsaṅkappāpadesa	run-on headword 'ဉ သမ္မာသတိ?'
186121	sammāsati	grammatical note 'ထီ-၌ အချို သမ္မာသတိနီ' (feminine form); debris '['; quotation 'သမ္မာဒိဋ္ဌိကဿ ဘိက္ခဝေ'
186124	sammāsatiapadesa	quotation 'သမ္မာသတိအပဒေ-သေန … သမ္ဗောဇ္ဇင်္ဂါနိ'
186125	sammāsatidhammapada	debris '(-'
186126	sammāsatiniddesa	headword repeated 'သမ္မာသတိနိဒ္ဒေသ'
186128	sammāsatipariggahita	debris '[ ['; quotation fragment '“တတော”'
186130	sammāsadda	stray 'န'; '---'
186131	sammāsabhāva	run-on headword 'ဝ သမ္မာသမာဓာန'
186134	sammāsamādhi	quotation 'သမ္မာဒိဋ္ဌိကဿ ဘိက္ခဝေ သမ္မာသမာဓိဿ သမ္မာဉာဏိဿ'
186135	sammāsamādhi	analysis debris '] +ဣ'; Sanskrit form
186136	sammāsamādhiapadesa	stray 'သ'; quotation 'သမ္မာသမာဓိအပဒေသေန အန္တောဂဓာနိ'
186139	sammāsamādhiniddesa	debris ']၊'
186141	sammāsamādhipaccaya	run-on headword 'သမ္ပာသမာဓိပဓာန ရိ။ --'
186142	sammāsamādhipadhāna	debris ']'; '----'
186143	sammāsamādhiparikkhāra	'----'
186145	sammāsamādhivipanna	reference '၁၆၊ ၁၇၅-'
186148	sammāsamuṭṭhāna	quotation '--- သမ္မာပရိဂ္ဂဟော … ဝိသေသပစ္စယော'
186150	sammāsamuṭṭhāpana	analysis 'ဥ + ဌာ + ဏာပေ + ယု။ ['
186152	sammāsambuddha	analysis 'သမ္ပာ + သံ + ဗုဓ + တ'; reference 'ဓာန်'; run-on headword '၂ သမ္မာသမ္ဗုဒ္ဓ'; Sanskrit note 'သမျတ္ထ မုဒ္ဓ -သက္ကတပိဋက'; commentary quotations 'သမ္ဗုဒ္ဓေါတိ ဟိ … နေယျဓမ္မာန', '(ခ) သမ္မာသမ္ဗုဒ္ဓေါ', '(င) ဒိနကရကိရဏသမာဂမေန … ဝိကာသမနုပ္ပတ္တောတျတ္ထော', '“ဒိနကရ-ကိရဏသမာဂမေနာ”'; references '၍-မမ ဓာန်။ ဓာန်', 'မဏိမဉ္စူ ၁ဝ'; debris '“သယမေဝ။ "၊ "။ ၈ဝ။'
186154	sammāsambuddhaguṇa	debris '"'
186158	sammāsambuddhadesita	debris 'သိတ ['
186159	sammāsambuddhaniddesa	headword repeated 'သမ္မာသမ္ဗုဒ္ဓနိဒ္ဒေသ'
186161	sammāsambuddhapabhava	fragment 'သော (ဓမ္မော)' (the noun qualified)
186162	sammāsambuddhapabhavatādīpana	debris '"'; run-on headword '၄ သမ္မာသမ္ဗုဒ္ဓပုတ္တ'
186164	sammāsambuddhapūjita	citation 'ဣတိဝုတ်'; quotation 'အပစိတောတိ … သမ္ဗန္ဓော'; '၁ဝ'
186166	sammāsambuddhabhāvasiddhi	citation 'ဣတိဝုတ်၊ သံ၊ ဋီ၊'
186167	sammāsambuddhabhāvādhigama	citation '(-သီ၊ ဋီ၊ သစ်၊'
186168	sammāsambuddhabhūmi	debris '၃ု၈'
186170	sammāsambuddhamūlaka	analysis '+ က ၂]'
186174	sammāsambuddhasāvaka	grammatical note 'ထီ-၌ -- သာဝိကာ' (feminine form); debris 'သမ္မာ-၅'; run-on headword 'သမ္ပာသမ္ဗုဒ္ဓသာသန ဟု'; quotation '-----=-သမ္ဗုဒ္ဓသာဝကော'
186180	sammāsambuddhuddesa	quotation 'သမ္မာသမ္ဗုဒ္ဓုဒ္ဒေသံ (ပစ္စ-ဝက္ခာမိ)'
186181	sammāsambodha	debris '] + ဏ'; run-on article sammāsambodhi (ထီ): 'သမ္ဗာသမ္ဗောဓိ (ထီ) သမ္ပာ + သံ + ဗုဓ + ဣ။ ကစ္စည်း။ သမျတ္ထမ္ဗောဓိ-သက္ကတပိဋက။ ၂ (၁) မဖောက် မပြန်ကိုယ်တိုင် (သစ္စာလေးပါးတို့ကို သိတတ် သိစေတတ်- သောတရား။ (၂) … (င) အရဟတ္တဖိုလ်ဉာဏ်နှင့် သဗ္ဗညုတဉာဏ်။'
186182	sammāsambodhi	commentary quotation 'သမ္မာသမ္ဗောဓိ န္တိ ဧတ္ထ … မဂ္ဂေါ ဗောဓိ'; citation 'ဣတိဝုတ်'; quoted form '“သမ္ပာသမ္ဗောဓီ”'
186183	sammāsambodhiñāṇa	quotation 'ဒါနံ ဟိ လောကေ … ဒေတိ'
186184	sammāsambodhipaṭipadā	debris '] ['
186185	sammāsambodhipariyosāna	debris '] ['
186187	sammāsambodhisamadhigama	quotation 'သမ္မာသမ္ဗောဓိသမဓိဂမာယ … ဂစ္ဆတိ'
186191	sammita	debris '['; grammatical list 'မာ-မာနေ၊ မိတော၊ သမ္မိတော၊ ဥပမိတော၊ နိမ္မိတော'; '၅၀၀-နာ'
186192	sammitabhāṇī	headword repeated 'သမ္မိတ-ဘာဏီ'
186193	sammitiya	grammatical note 'သမ္မိတိ။ က-ကို ယ-ပြု။ သမ္ပတ + ဣက=သမ္မတိယ-ဟုလည်း ရှိ၏'; quotation 'အန္တရာဘဝေါ နာမ အတ္ထိ၊ ---- … သမ္မိ'
186194	sammitiyādi	quotation 'တတ္ထ ယေ သောတာ … သမ္မိတိယာဒယော'
186195	sammiya	quoted form '“သမ္မိယသမ္မိယော”'
186196	sammilāta	grammatical notes 'သမ္မ္ပိလာယတ။ ယ-ကြေသည်' and Sanskrit 'သုမှာတ-သံ'
186197	sammilla	debris '['; grammatical note 'မိဟိတေ ဤသံဟိတေ'; reference 'ဓာန်၊ ဋီ။ ဥ၉၉'
186198	sammilla	Prakrit note 'မိလ္လမောစနေ။ ပါကတ၊ အဒ္ဓမာဂဓီ-ဓာန်။ ['
186199	sammillabhāsī	debris '"။ (ဣ၊ မူ) ဇာ၊'
186200	sammillahāsinī	Prakrit note: 'ပါကတ၊ အဒ္ဓမာဂဓီ-ဓာန်။ သမ္မိလ္လ သမ္မိလ္လဘာသိနီ-ဟုရှိ၏။ မိလ္လ-မိဟိတ-ဟုပြ၍ ပြုးရွင်စွာစကားပြောလေ့ရှိသူ” ဟု ဘာသာ ပြန်သည်' (the Ardhamāgadhī dictionary reads sammillabhāsinī, explains milla as mihita and translates 'one apt to speak smiling cheerfully')
186201	sammissa	Sanskrit and Prakrit notes 'သမ္မိဂြ-သံ။ သံမိဿ-ပြာ'; debris '[' and 'အည-မည်'
186202	sammissaka	debris '['
186203	sammissaviññāṇadīpaka	grammatical note 'ထီ-၌ ဒီပိကာ' (feminine form)
186204	sammissa-sadda	quotation 'သမ္မိဿ-သဒ္ဒေါ ပစ္စေကံ သမ္ဗန္ဓိတဗ္ဗော'
186205	sammissita	Sanskrit note 'သမ္ဗိငြိတ-သံ'
186207	sammissībhūta	grammatical note '၁၃၃၈-ဖြင့် ဘူတ-၏ရှေး၌ ဤ-၉ သမ္မိဿေတိ လာ'
186208	sammisseti	Sanskrit note 'သံ မိဂြတိ- သံ'
186210	sammukha	source tags 'ထောမ။ ကောတ္ထုဘ'; Prakrit note 'သံမုဟ-ပြာ'; second copy of senses (1)-(8) with citations 'ခုဒ္ဒသိက္ခာ ဋီ၊ သစ်', 'ကင်္ခါ ဋီ၊ သစ်' and quotation 'ထေရောပိ ကိရ … အဋ္ဌာသိ'; run-on headword 'ဝ သမ္ဗုခ'
186211	sammukha	analysis 'သမ္ပုခါ + ဏ'; grammatical quotation 'ဘူတသဒ္ဒယောဂတ္တာ … ဟောတိ'; citation 'ပါစိတ်၊'
186212	sammukhakaraṇa	quotation 'မာတိကာယ သမ္ဗုခကရဏံ ကပ္ပိယ-ဥဒကသိဉ္စနံ'
186214	sammukhageha	quotation 'အထဿ မာတာပိတရော ဝယပ္ပတ္တကာလေ အဟေသုံ'
186215	sammukhaciṇṇa	analysis 'သမ္ဗု စိဏ္ဏ'
186216	sammukhaṭṭhāna	citation '(၃ ၂၈-၉။ ပါစိတ်၊'
186217	sammukhadvāra	quoted form 'သမ္ဗုခဒွါရာ'
186219	sammukhaparammukhavañcanā	quotation fragment '“ဝဉ္စနိကာတိ ဝုစ္စန္တိ'
186220	sammukhabhāvanāyoga	stray 'ယောဂ'; reference 'အဘိဓာန် (အဝင်) ၆ ပ-မ-သ-စ ၁'; run-on headword 'သမ္ပုခဝိကပ္ပနာ'; quotation fragment 'တေန "”'
186221	sammukhavikappanā	debris '['; citation 'ကင်္ခါ ဋီ၊ သစ်'
186224	sammukhasāvaka	run-on article sammukhā (ဗျ): 'သမ္ဗုခါ (ဗျ) [။ သမ္ဗုခါ အပါစီနံ ဣစ္စေတေ သတ္တမိယာ။ (၁) အရှေ့အရပ်၌။ (၂) မျက်မှောက် -ရှေးရှု-တူရူ-မျက်နှာချင်းဆိုင် အရပ်၌။'
186227	sammukhākathika	analysis '[ သမ္ပုခါ နကထိတ ['
186228	sammukhākaraṇīya	numbers '၃၉၂ ၃၉၅'; run-on headword '၂ သမ္မ္ဗုခါဂတ'
186229	sammukhāgata	debris '"'
186230	sammukhācatukka	quotation 'သမ္ပုခါစတုက္ကေ … ဝုဋ္ဌာတိ'
186234	sammukhāthavikatthera	debris '['
186235	sammukhāthavikattheraapadāna	debris '['; headword repeated 'သမ္ပ္ဗုခါထဝိကတ္ထေရအပဒါန'
186238	sammukhādassana	run-on headword 'ူ သမ္ဗုခါနိဒ္ဒိဋ္ဌ'; synonym 'သတ္ထာရဒဿန'
186239	sammukhāniddiṭṭha	citation 'ဝိ၊ သင်္ဂဟ'
186240	sammukhāniddesa	headword repeated 'သမ္မုခါနိဒ္ဒေသ'
186241	sammukhāniddesaniyama	quotation fragment '“အယ’န္တိ ဝါ “'
186242	sammukhāniddesaniyamabhāva	debris '] ]'; quotation 'ဝုတ္တံ၊ တံ ကာရဏံ … နိယမာဘာဝတော'
186243	sammukhāparammukhābheda	quotation 'ဒုဝိဓာ၊ ဧဝံ … ဒုဝိဓာ'
186245	sammukhāvacana	debris '['
186247	sammukhāvaṭṭanī	debris '] ['
186248	sammukhāvikappanā	debris '၄ ”'
186249	sammukhāvinaya	debris '[ ['; quotation 'ဓမ္မဝါဒီ ပုဂ္ဂလော … သမ္မုခါဝိနယေန'; citation 'ပါစိတ်၊'; '(က) (ခ)' before the quotation
186250	sammukhāvinaya	grammatical note 'ဘာဝပ္ပဓာန, ဘာဝလောပ'; forms 'သမ္မုခါဝိနယသ္မိ။ သမ္ဗုခါဝိနယသ္မိ (ဘာဝပ္ပဓာနနိဒ္ဒေသော- သင့်)'
186251	sammukhāvinayapatirūpaka	debris '['; quotation 'အဓမ္မဝါဒီ ပုဂ္ဂလော … သမ္မုခါဝိနယပတိရူပကေန'
186253	sammukhāvinayādisattavidha	debris '['
186255	sammukhāsāvikā	running-head debris '၅ သမ္ပုခိဘူတကာလ ၆ ၏----'
186256	sammukhibhūtakāla	debris '['
186257	sammukhībhāva	form '(၂) သမ္မုခီဘာဝါ'
186258	sammukhībhāvakāla	quotation 'မာ တိ ယေဟိ … ပမဇ္ဇန္တိ'
186259	sammukhībhāvasutta	headword repeated 'သမ္ဗုခီဘာဝသုတ်'
186260	sammukhībhāvasuttavaṇṇanā	run-on article sammukhībhūta (တိ): 'သမ္ဗုခီဘူတ (တိ) [။ ၁၃၃၈-ဖြင့် ဤ-အက္ခရာလာ။ ] မျက်မှောက် ၌ဖြစ်သည်ဖြစ်၍ ဖြစ်သော။ (က) ဥပစာရသိမ် တွင်း၌တည်သော။ (ခ) … (ဂ) သံယော ဇဉ်တရားတို့၏ … သို့ကပ်ရောက်သောသူ။' with quotations 'သမ္ဗုခီဘူတေနာ' and grammatical quotation, citation 'ပါစိတ်၊ (ဂ)'
186262	sammukhībhūtakathā	running-head debris '၆ သမ္ဗုစ္စာ'
186263	sammuccā	forms '[-သမ္ဗူတိယာ သမ္ဗုတျာ-သမ္ဗုစ္စာ၊'; debris '['; form 'သမ္ပုစ္စာ'
186264	sammucchita	Sanskrit and Prakrit notes 'သမ္မူန္ဆိတ-သံ။ သံမုစ္ဆိအ-ပြာ'; debris '['
186265	saṁmuñcanī	quotation 'သမ္ဗုဉ္စနိ န္တိ … မုဋိသမ္ပုဉ္စနိ ဝါ'; citations 'ပါစိတ်၊' (twice); grammatical note 'တာလုဇော ပဌမက္ခရော'
186266	sammuñcaniaṭṭa	quotation 'စေတိယဃရံ … အသေနာသနာနိ'; citation 'ဝိ၊ ပြု ၄'
186270	sammuñjanidaṇḍakavedhana	'သစ်' (citation)
186271	sammuñjanidaṇḍakhaṇanaka	citation 'ဝိ၊ ၈ဝ'
186274	sammuñjanīdaṇḍakavedhana	analysis '[ သမ္ဗုဉ္ဇနီ ဒဏ္ဍက + ဝေဓန'
186279	sammuñjanīsalākā	run-on article sammuṭṭha (တိ): 'သမ္ဗုဋ (တိ) [ သံ + မုသ + တ။ သံ + မုပူ-သံ။ သမ္မုပိတ-သက္ကတပိဋက။ ၂ ပြင်းစွာ တွေဝေ-မေ့ပျောက်-ပျောက်ပျက်-သော။'; debris '၆ ၆'; citation 'ဣတိဝုတ်၊'
186281	samuṭṭhassatika	quotation 'တဿ သမ္မုဋ္ဌသတိကဿ … ဘဝတိ'; run-on article sammuti (ထီ) with grammatical notes, Sanskrit and Prakrit notes, reference 'မဏိမဉ္စူ ၂', senses (1)-(4) printed twice, and quotations 'တေနာဟ “သမညာမတ္တမေဝါ’”တိ', 'ယာ ကာစိမာ … ဒိဋ္ဌိသမ္မုတိယော'
186282	sammuti	'ကုဋိ' (end of sense 4); citation 'ပါစိတ်'; quotation 'သုတိ သမ္မုတိ … ဧကုနဝီသတိ'
186284	sammutiupapattivisuddhivasa	debris ']'; quotation 'ဝိသုဒ္ဓိဒေဝေါ နာမ … ဝုစ္စန္တီတိ'
186287	sammutikathākathana	quotation 'ပဌမံ သမ္ဗုတိကထာကထနံ ပန အာဒိမာဟ'
186288	sammutikathāpubbika	run-on headword '၅ သမ္ဗုတိကမ္မ ၂၂၂၂'
186289	sammutikamma	citation '(ကင်္ခါ။ ၂၀၀၊'
186291	sammutikāla	debris '['
186295	sammutiñāṇa	quotation 'သမ္မုတိမှိ ဉာဏန္တိ … အတ္ထော'
186297	sammutiñāṇakathāvaṇṇanā	'(၁) (၂) သမ္ပုတိဉာဏကထာဝဏ္ဏနာ' (references); run-on headword 'ဝ သမ္မုတိဉာဏပဉ္စ ၁၈၇'
186301	sammutidānakicca	citation 'ဝိ၊ ဋ္ဌ ၂'
186302	sammutideva	run-on headword 'သမ္ပ္ဗုတိဒေဝအဝသေသမနုဿဂ္ဂဟဏ ပူ၍'; quotation fragment 'သမ္မုတိဒေဝါတိ “'
186305	sammutidevātika	run-on article sammutidesanā (ထီ): 'သမ္ဗုတိဒေသနာ (ထီ) [ ပုဂ္ဂိုလ်, သတ္တဝါ, ယောကျား, မိန်းမ, မင်း, ပုဏ္ဏား, နတ်၊ မာရ်ဟူသော ပညတ်ကိုဟော ခြင်း။'
186306	sammutidesanā	quotation fragment 'တတ္ထ “'; citation 'ဣတိဝုတ်၊'; run-on headword 'သမ္ဗုတိဒွါရ'; debris '၍ီု]]--'
186307	sammutidvāra	debris '['
186308	sammutidhamma	quotation fragment 'အနတ္တာ”'
186309	sammutiniddesa	quotation fragment 'အညထာ “'
186310	sammutipathavī	'----'
186312	sammutiparamatthakosalla	debris '['
186314	sammutiparamatthadesanākathā	headword repeated 'သမ္ပုတိပရမတ္ထဒေသနာကထာ'
186317	sammutiparamatthabheda	debris '၂ ၌၊ ရြူ ပါဠိ ဝမ္မော နာဓ'
186319	sammutipariyosāna	debris ']'
186321	sammutibrahma	debris '['
186322	sammutimatta	debris '(-'
186323	sammutimanāpa	form 'သမ္ဗုတိမနာပ'
186330	sammutivisaya	quotation '“အယံ သမ္မုတိဝိသယာ … ပစ္စုပ္ပန္နဝိသယာ”'
186331	sammutivisesa	run-on headword 'သမ္ဗုတိသံဃ (ပု) ['
186332	sammutisaṁgha	debris 'စ၅'
186333	sammutisacca	citation '( ၁၈၀၊ ၁၉၀)'
186334	sammutisaccadīpana	quotation 'အမရာဝိက္ခေပိကပက္ခမ္ပိ … သစ္စ ဒီပနတော စ'
186336	sammutisaccavisaya	analysis '] သမ္မုတိသစ္စ + ဝိသယ'
186337	sammutisaccasaṅkhatadhammārammaṇa	analysis '] သမ္ဗုတိသစ္စ + သင်္ခတဓမ္မ + အာရမ္မဏ'
186338	sammutisaccākāra	run-on headword '၄ သမ္မုတိသစ္စာရမ္မဏာ'
186339	sammutisaccārammaṇa	debris '['
186341	sammutisanti	form 'သမ္ပုတိသန္တီ'
186342	sammutisabbhava	run-on headword 'သမ္ပုတိသဘာဝ (တိ) ['
186343	sammutisabhāva	quotation '(၁) သမ္မုတိသဘာဝါယပိ … ဘဝေယျ'
186344	sammutisāmañña	citation 'ကင်္ခါ၊'
186345	sammudita	analysis 'သမ္မုဒ + ဣတ'; Sanskrit note 'သမ္မုဒိတ-သံ၊ သတ္တတပိဋက'
186346	sammupayutta	'----'
186347	sammuyha	grammatical note 'မုဟ-ဝေခိတ္တေ၊ သမ္ဗုယှု, သမ္ဗုယှာ ၂၂၂၂၂ သမ္ဗုယှိတွာ၊ ယကာရာဂမော'
186349	sammuyhaka	analysis 'သမ္ဗုယှ = က'
186350	sammuyhati	Sanskrit and Prakrit notes 'သမ္ဗုဟျတိ-သံ။ သံ + မုဇ္ဈက္က-ပြာ'; list of inflected forms 'သမ္ဗုယှတိ-သမ္ဗုယှန္တိ- သမ္ဗုယှာမိ-သမ္ဗုယှေယျ-'
186351	sammuyhana	debris '"'; quotation '----သမ္ပ္ဗုယှနံ ဒဿိတမေဝ ဟောတိ'
186352	sammuyhanākāra	reference '၃၉၃)'
186353	sammuyhanti	analysis '[သံ မုဟ ယ အန္တိ'
186354	sammuyhāmi	garbled sentence 'လုံ မစောက်တွေဝေ၏'
186355	sammuyheyya	'----'
186356	sammusana	quotation 'ယာ ပိလာပနတာ သမ္ပုသနတာ'; run-on article sammussati (ကြိ): 'သမ္ဗ္ပုဿတိ (ကြိ) [သံ + မုသ + ယ န+ တိ။ ပါဠိ ဓာတ်ကျမ်းတို့၌ … [ (အစစွာ) သတိမေ့-မေ့ပျောက်-မေ့လျော့-၏၊ အမှတ်မရ။' with forms and citations
186359	sammussasi	'(အစစွာ)'; quotation fragment 'ယက္ခော "'
186360	sammussi	analysis '(ကြို သံ + မုသ + ယ + ဤ]'
186361	sammussitabva	quotation '“အယံ ပဗ္ဗဇိတောတိ … န သမ္ဗုဿိတဗ္ဗံ'
186362	sammussitvā	'----'
186364	sammūl̤a	references 'ကစ္စည်း။ မောင်'; Sanskrit and Prakrit notes 'သမ္မူပ-သံ၊ ပြာ'; debris '['; second copy of senses (1)-(5)
186365	sammūl̤akālakiriyā	reference 'အဘိဓာန် (အ-ဝင်) ၇ ပ- မ- သ-စ ၇'; run-on headword 'သမ္မူဠှစိတ္တ'
186369	sammeyya	run-on article sammeyyuṁ (ကြိ): 'သမ္ဗေယျုံ (ကြို။ သမ္မတိ-မှ။ [ ငြိမ်းြိမ်းအေး-ငြိမ်သက်- ကုန်ရာ၏။'
186371	sammoda	Sanskrit note 'သမ္ဗောဒ-သံ'; debris '['
186372	sammodaka	source tag '(သျ၊ ဗား)'; quotation '(၁) သမ္မောဒကော တိ … အတ္ထော'; citation 'ဒီ၊ ဋ္ဌ ၁'; '(-(၂) သမ္မောဒကော ၂၉၂)'
186373	sammodakamudukabhāva	quotation 'ယာ တတ္ထ သဏှဝါစတာ … အဖရုသဝါစတာ'
186374	sammodakamudubhāva	analysis 'သမ္မောဒဇနက မုဒုဘာဝ ['
186376	sammodajanana	quotation '“သမ္မောဒဇနနတော”တိ'
186378	sammodajananī	quotation 'တတိယေ သမ္မ္ဗောဒ-နီယန္တိ သမ္ဗောဒဇနနိ'
186379	sammodati	references '(၁) (ဝိ၊ (၂) သမ္ဗောဒကိမေဝါ။ သမ္မောဒ-တီ'
186380	sammodatha	list of inflected forms 'သမ္မောဒတိ- သမ္ဗောဒန္တိ-၄၂၉-၃၀။ သမ္မောဒထ-… -သမ္ပောဒထ'; analysis '(ကြို [ သံ + မုဒ + အ+ ထ'; run-on headword 'ဦ သမ္ဗောဒန'
186381	sammodana	Sanskrit note 'သမ္မောဒန-သံ'; quotation '(၂) ပဋိသန္ထာရဝသေန သမ္မောဒနာယ ကထာယ “'
186384	sammodanakiriyā	citation 'သာရတ္ထ၊ ၁ဝ'
186388	sammodanīya	grammatical note 'ဣ-ကို ဒီဃ, က-ကို ယ-ပြု။ တစ်နည်း'; Sanskrit note 'သမ္မောဒနီယ-သံ'; quotation '"သမ္မောဒဇနနတော” အာဟ'; run-on headword '၅၀ သမ္မောဒနီယကထာ'
186389	sammodanīyakathā	debris '[' and '‘'
186391	sammodapatta	quotation 'သမ္ဗုဒိတာ သမ္မ္ဗောဒပတ္တာ'
186392	sammodapasādāvaha	debris '['
186395	sammodamānajātakavaṇṇanā	debris '['
186398	sammodiṁsu	debris '['
186400	sammodika	Sanskrit note 'သမ္မောဒိက-သက္ကတပိဋက'; debris '['; run-on article sammodita (န): 'သမ္ဗောဒိတ (န) [ သံ + မုဒ + တ။ သမ္မောဒိတ-သံ။ ] နီးနော-သည်၏ အဖြစ်-ခြင်း။'
186401	sammodita	citation 'သာရတ္ထ၊'; run-on headword '၅၁ သမ္ဗောဒိတဗ္ဗ'; '၁။ ၁၃)'
186402	sammoditabba	grammatical note 'ဘာဝပ္ပဓာန' (the -tabba form in the sense of the abstract noun)
186404	sammodituṁ	debris '( ['
186409	sammodetabba	grammatical note 'ဘာဝပ္ပဓာန'; debris '"”'
186411	sammosa	form '(၁) သမ္မောသာယာ'
186413	sammosaviddhaṁsana	quotation fragments 'အသမ္ဗော-သော တိ သမ္မောသဝိဒ္ဓံ-' and 'သနတော တပ္ပဋိပက္ခော'; run-on headword '၂ သမ္မောသာဒိပဋိပက္ခဝိဓမန'
186416	sammoha	page references '၃၆၀-နှာ။ ၄၃၅-နှာ'; analyses 'သံ + မုဟ + ဏ။ သံ + မုဟု + ဏ'; second copy of senses (1)-(8) with quotations 'ယံ တသ္မိံ သမယေ … သမ္ဗောဟော', 'သမ္မောဟေနာ တိ … မဟာမူဠှတာယ', 'သမ္ဗောဟဗ္ဘာဟတာ' and citations '၁ဝ၅', '(အလင်္ကာ။ ၄)။ အလင်္ကာ၊ ဋီ၊ ဟောင်း။ (ဋီသစ်။ ၄)'
186417	sammohakara	analysis '] သမ္မောဟ + ကရ + အ'; debris '၃ ရိုက'
186418	sammohakāraṇa	debris '('
186419	sammohakārī	analysis '] + ဏီ'; grammatical note 'ထီ-၌ -- ကာရိနီ' (feminine form)
186420	sammohajanaka	grammatical note '၌ ဇနိကာ' (feminine form); quotation 'ကာရဏဖလသင်္ကရဘာဝေန … သမ္မောဟဇနကတ္တာ'
186428	sammohana	page references '၃၆၀-နှာ။ ၄၃၅-နာ'; analyses 'သံ + မုဟ + ယု' (twice); reference 'ဓာန်'; form '(၁) သမ္မောဟာ'; citation 'ထေရ၊ ဌ၊ ၁ဝ'
186429	sammohanarasa	debris 'အညာ-၄'; run-on headword 'သမ္ဗောဟနိဒ္ဓါ'; quotation 'ဏလက္ခဏာ အဝိဇ္ဇာ၊ သမ္မောဟနရသာ'; debris '၉၀ဝ'
186431	sammohanimitta	stray '(၁)' at the end
186432	sammohanivattana	unclear alternative 'နစ်'
186434	sammohapatti	analysis '[ သမ္မောဟ န+ ပတ္တိ'
186436	sammohappavatti	page number '၂၂၆'
186437	sammohapubbaka	analysis '] + က'; grammatical note 'ထီ-၌ --ပုဗ္ဗိကာ' (feminine form)
186440	sammohamaraṇa	analysis 'သမ္မောဟ + မရဏ'; run-on headword '၅ သမ္မ္ဗောဟယတ ၂၂၂၂၂'
186441	sammohayati	page reference '၄၃၅-နှာ'; analyses 'သံ + မုဟ + ဏယ + တိ' (twice); reference 'ဓာန်'; grammatical note 'သမ္ဗုယှတိ-၏ ကာရိုက်' (causative of sammuyhati); Sanskrit and Prakrit notes 'သမ္မောဟယတိ-သံ။ သံမောဟကဣ-ပြာ'
186443	sammohavigama	analysis 'သမ္မောဟ + ဝိဂမ'
186446	sammohaviddhaṁsana	'(န) (၂) သောတာပန္နဉ္စ။ "' (quotation fragment)
186448	sammohavinodana	quotation 'သမ္ဗောဟဝိနောဒနတော သမ္မောဟဝိနောဒနိ နာမ'
186449	sammohavinodanī	grammatical note 'ဣတ္ထိလိင်ဇောတက ဤ]' (the ending -ī marks the feminine)
186450	sammohavipāka	run-on text of sammohavinodanī: '(ယင်းအဋ္ဌကထာကျမ်းကို ကျမ်းပြုဆရာ နှင့်အမည်တူ "ဗုဒ္ဓယောသ"မည်သောရဟန်း က တိုက်တွန်းသောကြောင့် … စာမျက်နှာ ၅၀၈-ရှိ၏။ ၅၀၇)။'; headword and analysis 'သမ္ဗောဟဝိပါက (တိ) [ သမ္မောဟ + ဝိပါက'
186453	sammohavepakka	form 'သမ္မောဟဝေပက္က'
186454	sammohasamucchindana	analysis fragment 'သမ္မောဟ +'; quotation 'အသမ္မောဟဉ္စ … အဓိမုတ္တဿ'
186455	sammohādikilesa	quotation 'တပ္ပစ္စနီကကိလေသာတိ … သမ္မောဟာဒိကိလေသာ'
186457	sammohāpajjanākāradassana	quoted word '“မောဃ”'
186459	sammohāpattikathana	quotation 'မူလင်္ဂံ မူလဘူတံ … ဒဿေတုံ'
186460	sammohāpādana	analysis '[သဗ္ဗော အာပါနန'
186463	sammohābhinivesa	quotation fragment 'သမ္မောဟာ-ဘိနိဝေသ န္တိ'; citation ဝိသုဒ္ဓိ၊ဋ ၁။ ၈ဝ
186464	sammohita	page reference; analysis brackets (သံ + မုဟ + တ) and Sanskrit/Prakrit forms
186466	sammohetvā	analysis (သံ + မုဟ + ဏေ + တွာ) and page references
186467	sammohenti	page reference; analysis (သံ + မုဟ + ဏေ + အန္တိ)
186468	sayaṁ	Sanskrit and Prakrit forms (သွယမ်, သယံ-ပြာ, အဒ္ဓမာဂဓီ); Kotthubha and Rūpasiddhi page notes on the case (ရူ၊ ၁၃၃-နှာ ... ၃၇၉-နှာ); duplicated OCR sense list
186469	sayaṁ	OCR 'သိသယံ' at the start
186471	sayaṁkatāraṇa	quotation 'ကတော တုဿိတွာ သယံကတကာရဏမေဝ ဒီပေန္တော'
186473	sayaṁkatayaṭṭhi	next headword 'သယံကတာဒိဒေါသပ္ပတ္တိ' with a stray ဲ
186474	sayaṁkatādidosappatti	analysis 'အာဒိ + ဒေါသပ္ပတ္တိ'
186476	sayaṁkāra	stray '(၇)' before (2)
186478	sayaṁkārī	run-on article 'သယံဂဟိတကာသာဝ (တိ) [ ကိုယ်တိုင်ယူအပ်သောသင်္ကန်း ရှိသော၊ သူ။' (having a robe taken by oneself, said of a person)
186479	sayaṁgāhappaṭivirata	quotation 'ယောဂိနော သယံဂါဟပ္ပဋိဝိရတဿ ဒုလ္လဘံ ဒရပရိပူရံ အာဟာရံ'
186482	sayaṁjāta	'သယံဇာတ။ ၃ ၂၉' (form and reference)
186484	sayaṁjātagumba	analysis '(သယံဇာတ + ဂုပ]'
186485	sayaṁjātataṇḍulasīsa	stray '-န' at the end (a label?)
186492	sayaṁjāti	derived form 'သယံဇာတိယ'
186493	sayaṁpakkasattāhakālika	quotation 'ယထာ သယံပက္က သတ္တာဟကာလိကံ သာမိသံ တဒဟုပုရေဘတ္တမ္ပိ န ဝဋ္ဋတိ'
186494	sayaṁpaṭibhāna	trailing '(၁) သယံပဋိဘာန'
186498	sayaṁpatitapaṇṇapupjaphalabhojī	analysis 'သယံပတိတ + ပဏ္ဏပုပ္ဖဖလ + ဘောဇီ ဘုဇ + ဏီ ]'
186500	sayaṁpatitapupphaphalapavattabhojī	analysis '[ သယံ-ပတိတပုပ္ဖဖလ + ဘုဇ + ဏီ'; ---
186505	sayaṁpākadosa	citation ဝိမတိ၊ ၁ဝ
186506	sayaṁbhajjitasāsapa	citation 'ကင်္ခါ ဋီ၊ သစ်'; stray '-။'
186510	sayaṁvasa	stray '[' and '(၇)'; trailing '(၁) (၂)'
186511	sayaṁvasī	note 'ထီ-၌ သယံဝသိနီ' (feminine form sayaṁvasinī); quotation 'ပစ္ဆာ သယံဝသီ ဇာတော'
186512	sayaṁsaṁvuta	quotation 'သစ္စံ မုသာဝါဒါပိ ပရံ ဒဟေယျာတိ တေသု သယံ န ဩဒဟေယျ'
186514	saya	analysis 'သိ+ အ+ ဟိ'; source reference 'အဘိဓာန် (အ-ဝဂ်) ၈ ပ-မ-သ-စ'; the next headword 'သယဂ္ဂဟဏ'
186516	sayati	analysis; Sanskrit and Prakrit forms; quotations 'ဝိဋဝိသမော သယိဿ', 'တေနာဟ', 'ဧကဇ္ဈံ သယတိ တိဋ္ဌတိ ပဝတ္တတီတိ အာသယော'; citations; grammarian's note 'သိ သေဝါယံ'; list of inflected forms
186518	sayatha	quotation fragment 'ဒဟရေန'
186519	sayana	citation 'ကင်္ခါ ဋီ၊ သစ်'; 'နောက်ပုဒ် ကျေ'; Sanskrit and Prakrit forms; duplicated sense list; quotations 'သယနက္ကရယာပထ နသယနဿ ဝါ', 'သစေ ပန သယနကာလေ သဥဿာဟောဝ သုပတိ', 'သယနေနာ တိ မဉ္ဇပီဌာနုပ္ပ-ဒါနေန'; citation ဝိ၊ ဋ္ဌ ၂
186521	sayanaka	analysis 'သယန + က'; quotation 'အပ္ပဟီနဘာဝေန သန္တာနေ အနု အနု အနုသယာ'
186523	sayanakathā	stray '['; references '၇၊ ၆၂ ၁၆၇'
186525	sayanakāla	quotation 'သစေ ပန သယနကာလေ ရာဂပရိယုဋ္ဌိတော သုပတိ'
186526	sayanakiriyā	citation 'သာရတ္ထ ၃'
186532	sayanagumba	stray ']'; ----
186535	sayanaghara	----
186537	sayanaṭṭhika	quotation 'ဧဝရူပံ ဒါနံ ပဋ္ဌပေယျံ အန္န သုဝဏ္ဏံ သုဝဏ္ဏဋ္ဌိကဿာတိ'
186538	sayanatala	quotation 'သော ထေရံ .သယနတလေ နိသဇ္ဇ ယထာသုတံ ဓမ္မံ ပစ္စဝေက္ခိတုံ အာရဒ္ဓေါ'
186540	sayanatthika	quotation 'ပဋ္ဌပေသိ ခေါ အာနန္ဒ သယနံ သယနတ္ထိကဿ ...'
186541	sayanadāna	stray ']'
186545	sayanaparāyanaṭṭha	stray ']'; analysis 'သယနပရာယန + အဋု'; stray '၆' and the next headword 'သယနပရိဂ္ဂါဟကသတိသမ္ပဇည'
186549	sayanapādamūla	stray '['
186550	sayanapālaka	note 'ထီ-၌ သယနပါလိကာ' (feminine form)
186551	sayanapiṭṭha	stray '['
186553	sayanabahula	stray '['
186554	sayanabhaṇḍa	quotation 'ဝိဟာရေ ကမ္မံ သယနဘဏ္ဍံ ဝါ ပဋိသာမေတွာ ဒေထာတိ ဝဒန္တိ'; citation ဝိ၊ ဋ္ဌ ၃
186555	sayanamajjha	stray '['
186558	sayanavatthu	stray '] ['
186559	sayanavaragata	quotation 'ဌပေတွာ စ သယနဝရဂတော'
186560	sayanavelā	stray '['; 'စ' and the next headword 'သယနသန္နဓိ'
186565	sayanasukha	---- ----
186568	sayanāropana	'--၂'
186571	sayanāsanavidhi	stray '[ ['
186574	sayaniyaghara	grammarian's note 'သယနီယဃရာဟူလိုလျက် ယ-ကိုချေ၊ ဤ-ကို ဣ-ရဿပြု' (ya elided, ī shortened); quotation 'သယနိဃရေ တိ သယနီဃရေ'
186576	sayanī	analysis 'သယန + ဤ။ သီ + အနီယ'; grammarian's note 'သယနီယ- သယနီ။ ယ-ကျေသည်။ ပါစိတ်ယော'; stray ']'; citation 'ကင်္ခါ'
186579	sayanupagamana	stray '['; quotation 'သော သယနုပဂမနေန ဝိဂတကိလမထော ထောကံ'
186580	sayanekadesa	quotation 'သာ အတ္တနော သယနဂဗ္ဗံ သယနေကဒေသေ နိသိန္နေ စိန္တေသိ'
186583	sayanti	analysis 'သိ + အ + အန္တိ]'
186584	sayampaṭibhāna	stray '['; trailing 'သယမ္ပဋိဘာန'
186586	sayambhuñāṇa	citation 'ဣတိဝုတ်'; next headword 'သယမ္ဘုဉာဏဘူတ'; '၂၂၂၂၂'
186587	sayambhuñāṇabhūta	stray '['
186590	sayambhū	Rūpasiddhi/Maṇimañjūsā references; Sanskrit and Prakrit forms; garbled sense (3) 'တွာ (မ) (၁) (က)'; quotations 'အတ္ထတော ပန ပါရမိတာပရိဘာဝိတော ခန္ဓသန္တာနော ဗုဒ္ဓေါ', 'အပါ သယမ္ဘုဿာ', 'အတ္တဘူ ပရမေဋ္ဌိ ဣစ္စာဒယောပိ ဗြဟ္မနာမာနိ'; citations
186592	sayambhūñāṇateja	citation ဝိသုဒ္ဓိ၊ ၁ဝ
186593	sayambhūñāṇabhūta	stray 'ဝ' and the next headword 'သယမ္ဘူတ'
186596	sayasaṁvuta	inflected form 'သယသံဝုတေသူ'
186599	sayāpita	trailing '(၁)'
186600	sayāpitaṭṭhāna	leading 'ဌာန'
186603	sayāma	stray 'မ ['; quotation 'တုဏိုဘူတာ သယာမ'
186604	sayāmi	stray 'မိ'
186606	sayiṁ	stray 'ကဣဣံ'; quotation '--ဣမံ ရတ္တိံ ဒုက္ခံ သယိံ'
186607	sayiṁsu	'၂၂၂၂၂'
186608	sayi	stray '၂'
186609	sayi	stray '['
186610	sayita	'သယတိ-မှ'; Sanskrit form; stray '၂'; quotations 'အညတရော တာပသော တံ ပဒုမံ ဂဟေတွာ တတ္ထ သယိတံ ဒါရကံ', 'ပေါက္ခရေ သယိတတ္တာ', 'သုခသယိတာနီ'; citation 'အံ၊'
186616	sayitabba	citation 'ဣတိဝုတ်'
186617	sayitabbaka	analysis '[ သယိတဗ္ဗ န က'
186621	sayitamatta	stray '[ ['
186630	sayituṁ	stray '['
186631	sayitukāma	stray ']'
186633	sayimha	analysis 'သိ အ+ မှ]'
186634	sayimhā	analysis 'သိ အမှာ'; quotation fragment 'တသ္မာ'
186638	sayissama	run-on article 'သယိဿာမိ (ကြိ) [ သိ+ အ+ ဿာမိ ] အိပ်ရအံ့'; quotation fragment 'သိင်္ဂါလော'
186639	sayuddha	stray '['; quotation fragment 'သရဏာ'
186644	sayeyya	run-on article '(ကြို သိ +အ+ ဧယျံ] (ငါ) အိပ်လို၏'; analysis '[ သိ+ အ + ဧယျ ]'
186647	sayogga	trailing 'သယောဂ္ဂ'
186649	sayopana	stray ']'; citation 'ကင်္ခါ'
186650	sayha	quotation 'သယှတေတိ သယှံ'; citation 'ကပ္ပဒ္ဒုမ'; stray '(၇)'
186652	sara	Sanskrit form; quotation 'သီဃသရ န္တိ သီဃဂါမိနိ'
186653	sara	grammarian's note (မနောဂိုဏ်း, 'သရံ သရောတိ ရဟဒေါ', Sanskrit form); quotation fragment 'သရာနိ'
186654	sara	analysis '] သရ + အ'; Sanskrit form
186655	sara	analysis debris '+။ ]'
186656	sara	label and derivation '(ကြိ။ သရတိ-မှ။ ]'
186657	saraka	analysis 'သရ+ က'
186660	sarakāni	grammatical note 'သရကနီယ၊ သုတ်ကြီးဖြင့် စီရင်'; run-on form 'သရကာနိ (သီ၊ သျာ၊ ကံ၊ ဣ)'
186666	sarakkhasa	stray '၆' and the next headword 'သရခိပနဋ္ဌာန'; citation 'ဣတိဝုတ်'; trailing '(၂) (က) (ခ)။ --။'
186668	sarakkhepa	quotation 'တထာ ဟိ ဗဟူသု ဝဓကေသု ဗဟူဟိ ပါဏာတိပါတာ ဟောန္တိ'
186672	saragata	stray '['
186673	saragatādivibhāga	stray '['
186683	saraṭa	sources ဓာန်, ကပ္ပဒ္ဒုမ; Sanskrit and Prakrit forms; quotation 'ကကဏ္ဍကော စ သရဋော'
186684	saraṇa	analysis 'သရ + ယု'; Sanskrit form
186686	saraṇa	analysis '[သရ + ယု။ ]'; quotation 'ပုနပ္ပုနံ သရဏတော အနုဿရဏဝသေန သရဏာကာရော သရဏတာ'
186688	saraṇa	duplicated list; stray '(၃)' after (1)
186692	saraṇakumāra	quotation 'အတ္တနော ကနိဋ္ဌဘာတိကံ သရဏ ကုမာရဉ္စ ...'
186694	saraṇagamana	interpolated debris 'အဘိဓာန် (တ-ဝဂ်) ၉ ပ-မ-သ-စ ၉ သရဏဂမနဥပသမ္ပဒါ'
186697	saraṇagamanakicca	stray ']'
186701	saraṇagamanattha	quotation fragment '”တိအာဒိမာဟ'; '၁၇၇-'
186703	saraṇagamanaparidīpita	'[သရဏဂမန သော'
186704	saraṇagamanapasiddhi	quotation fragment '“ စေ'
186705	saraṇagamanappabheda	stray ']'
186706	saraṇagamanaphala	citation 'ဒီ၊'; stray 'ဝ' and the next headword 'သရဏဂမနဘိက္ခု'
186707	saraṇagamanabhikkhu	citation ဝိ၊ ဋ္ဌ ၁
186709	saraṇagamanavacana	quotation fragment 'ဒေသနာယာ”တိ-အာဒိမာဟ'
186711	saraṇagamanavidhi	stray ']'; empty quotation marks
186714	saraṇagamanasampatti	----
186715	saraṇagamanasampadā	quotation fragment 'တထာ'
186716	saraṇagamanasikkhāpadapaṭiggahaṇa	quotation 'ယတော ယေ ကုလပုတ္တာ သရဏဂမနသိက္ခာပဒပ္ပဋိဂ္ဂဟဏေန ပူဇေန္တိ'
186717	saraṇagamanasīlādibheda	quotation 'သတံ သာဓူနံ သရဏဂမနသီလာဒိဘေဒဿ ဓမ္မဿ ကထနတော သတုလ္လာပါ'
186718	saraṇagamanahetu	stray '၁' and the next headword 'သရဏဂမနာဒိကိရိယာ'
186721	saraṇagamanādisāmaṇerabhāva	---
186728	saraṇagamaniyattheraapadāna	stray '['; the Pāḷi title 'သရဏဂမနိယတ္ထေရအပဒါန'
186729	saraṇagamaniyattheraapadānavaṇṇanā	the Pāḷi title 'သရဏဂမနိယတ္ထေရ-အပဒါနဝဏ္ဏနာ'
186731	saraṇagamanupakkilesasamuccheda	stray brackets '[ [' and '---'
186732	saraṇagamanūpakkilesasamuccheda	stray brackets '] ]'
186733	saraṇagamanūpasampadā	----; the Pāḷi form 'သရဏဂမနုပသမ္ပဒါ'; '၁ဝဝ'
186735	saraṇagāmī	analysis 'သရဏ - ဂါမီ ]'
186736	saraṇaguṇasandassana	quotation 'ဧဝံ ဘဂဝတာ တီဟိ ဂါထာဟိ ... တံ တံ ဂါထံ ပစ္စနုဘာသိ'
186738	saraṇaṅkarā	----
186739	saraṇajavanavāra	run-on article 'သရဏ (ပ) [ အောက်မေ့ အမှတ်ရ-ခြင်းဟူသောအနက်'
186741	saraṇattayasaṅkaradosa	debris 'ံ ၃ သရဏတ္ထ' (the next headword) inside the bracket
186744	saraṇadassī	analysis '+ ဏီ'; ----; '၁ဝဝ'
186745	saraṇadāna	----
186750	saraṇadvayasiddhi	stray ']'
186752	saraṇapada	analysis 'သရဏ -+ ပဒ'; quotation fragment 'နိဗ္ဗာနပဒေ'
186753	saraṇapadaniddesa	----; quotation 'သရဏဝိဘင်္ဂသုတ္တေ”တိအာဒိ-မာဟ'
186755	saraṇappatta	stray '['
186759	saraṇabhāvamūlaka	stray '['
186765	saraṇavaṇṇanā	----
186767	saraṇavāda	quotation 'သန္တိဝါဒေါတိ သန္တိဝါဒေါ မုနိ တာဏဝါဒေါ လေဏဝါဒေါ သန္တိဝါဒေါ'
186768	saraṇasadda	numbers '၂၅', '၂၂၂၂၂'; quotations 'သရဏ သဒ္ဒတ္ထံ', 'ဧဝံ အဝိသေသတော သရဏ-သဒ္ဒဿ အတ္တံ ဒဿေတွာ'
186772	saraṇasamādhyādivisesa	stray '['
186773	saraṇasampanna	quotation 'သော ကိရ သရဏ သမ္ပန္နော သီလသမ္ပန္နော အဟောသိ'
186775	saraṇasikkhāpada	stray 'ဦ'; quotation 'အဂ္ဂိကဘာရဒွါဇံ ဗြာဟ္မဏံ သရဏသိက္ခာပဒါနိ ...'
186776	saraṇasīla	Pāḷi list 'သရဏသီလံ ပဉ္စင်္ဂသီလံ ပါတိမောက္ခသံဝရသီလံ'
186777	saraṇasīlādibheda	stray '['
186782	saraṇādiattakosalla	'ဝိညူ ု'
186783	saraṇādigamana	quotation '---ဥပါသကဿ ဒသသု ပဉ္စသု သီလေသု ... ဟောတိယေဝ'
186786	saraṇāni	analysis and grammarian's note 'သရဏ + ဏေ + အနီယ ... (သယနံ ပပုဒ်ကဲ့သို့ သုတ်ကြီးဖြင့် စီရင်) ဘူ၊ စူ။ ]'
186788	saraṇi	quotation 'သရီယတိ ဂမီယတီတိ သရဏိ-မဂ္ဂေါ'
186789	saraṇīya	empty quotation marks
186791	saraṇekattasamosaraṇasaddattha	quotation fragment 'သတိသင်ါတဿ'
186794	sarati	Sanskrit and Prakrit forms; duplicated list
186798	saratīra	stray '၈)'; quotation 'သရတီရံ နေတွာ သရံ ဒဿေတွာ ...'
186800	saratuṇḍa	quotation 'လုဒ္ဒကော တံ သရတုဏ္ဏ္ဍေန ပါဒတလေ ဝိဇ္ဈိ'
186801	saratūṇī	quotation 'သော လုဒ္ဒေါ သရတုူဏိဉ္စ မဟာဓနုဉ္စ အာဒါယ ပဗ္ဗတဂဟနံ ပတွာ'
186803	saratha	quotation fragment 'တတော'
186805	sarada	the form 'သရဒေ'; source 'ဓာန်'; quotation 'တဿ သရဒေါ နာမ အဂ္ဂသာဝကဘာဝံ ပတ္ထေသိ'
186807	saradakāla	stray '[' and '၁'
186808	saradakālacanda	quotation 'မဟာဒေဝိယာ သလိလဓရဝိဝရဂတော ...'
186809	saradakālasamiddha	quotation fragment 'သတေဇုဇ္ဇလ-မဏ္ဍလေ'; the next headword 'သ သရဒကာလိက'
186810	saradakālika	the form 'သာရဒိကော'
186818	saradasamaya	quotation 'သေယျထာပိ အာနန္ဒ ဝဿာနံ ပစ္ဆိမေ မာသေ ...'; citation (ဣတိဝုတ်။ ၂၀၈)
186820	saradasamayaparipuṇṇarajanikara	quotation 'တာရာဂဏပရိဝုတဿ ...'
186822	saradasamayarucirakaranikara	analysis 'သရဒသမယ + ရုစိရရရ + နိကရု'; stray 'ဝ' and the next headword
186823	saradasamayarucirakararajanikara	analysis; quotation 'သရဒသမယရုစိရကရရဇနိကရော ဒိဝသကရော ဝိယ ဒသဗလဒိဝသကရော နိသီဒိ'
186824	saradasamayavimalakaranikara	quotation 'သရဒသမယဝိမလကရနိကရံ သဗ္ဗရဇနရတိကရံ ဘဂဝန္တံ ဒိသွာ စိန္တေသိ'
186825	saradasutta	reference 'အင်္ဂုတ္တရနိကာယ၊ တိကနိပါတ်၊ ၂-ပဏ္ဏာသက၊ ၅-ဝင်၊ ၄-သုတ်'
186826	saradasuttavaṇṇanā	the Pāḷi title 'သရဒသုတ္တဝဏ္ဏနာ'
186827	saradasūriyamaṇḍalasadisa	citation ဝိသုဒ္ဓိ၊ ဋီ ၂
186829	saradādiccasadisa	stray '['
186830	saradosa	citation ဒီ၊ ဋီ ၂
186833	saranti	stray ']'
186834	sarantu	stray ']'
186835	sarapaṭipāṭi	quotation 'ယထာ ပေါင်ါနုပေါင်'; citation 'ဒီ၊ ၁'; the next headword 'သရပဋိဗာဟန'
186836	sarapaṭibāhana	stray '(['; ----
186839	saraparittāṇa	trailing 'သရပရိတ္တာဏ ('
186840	saraparittāṇacamma	reference '၁၈ ၂'; the form 'သရပရိတ္တာဏစမ္ပ'
186842	sarapariyāya	quotation 'ကဏ္ဍ-သဒ္ဒေါ သရပရိယာယောတိ အာဟ'
186845	sarapākāra	quotation 'သရပါကာရံ အကာသိ'; the next headword 'သရပါတယောဇဂျန (တိ) [ သရ + ပါတ + ယောဂျ-'
186846	sarapātayogya	end of the analysis '+ တာ]'
186847	sarapāsāda	quotation 'သရပါသာဒံ အကာသိ'; reference '၁၃၈ (၁၄၇)'
186849	sarapoṅkha	label '(ပု)' repeated; Sanskrit form; the next headword 'သရပေါင်သညိီတ ပု'; quotation 'သရပေါင်န္တိ သရဿ ပေါင် ပဒေသေန သရပေါင်သညိတေန'
186852	sarabya	sources ဓာန်, ကပ္ပဒ္ဒုမ; Sanskrit form; stray ']'
186853	sarabha	note on the Sanskrit śarabha ('an eight-legged animal, stronger than the lion, found only in the Purāṇas') with a Mahābhārata quotation; quotations 'သရဘာ တိ သရဘဓိဂါ', 'သရဘောတိ ဧဝံ နာမကော ပရိဗ္ဗာဇကော ...'
186854	sarabhaṅga	quotation fragments 'သရဘင်္ဂေါ ဘင်။ သရဘင်ေါတိဿ'; the next headword 'သရဘင်္ဂကာလ'
186856	sarabhaṅgajātaka	trailing '(-'
186859	sarabhaṅgabodhisattasadisa	stray '[ ['
186860	sarabhaṅgamāṇava	quotation 'သရဘင်္ဂမာဏဝေါ ဝိယ တဏှာဝသေန ပဝတ္တတိ'
186861	sarabhaṅgasatthu	quotation fragment 'ကာဠဒေဝိလော'
186862	sarabhaṅgasadisa	quotation 'ကတဝါလဝေဓပရိစယဿ ...'
186864	sarabhañña	trailing forms '(၁) သရဘည။ (၃) သရဘည်'
186865	sarabhaññadhammakathā	'နို့' and the next headword 'သရဘညပရိယောသာန'
186867	sarabhaññasadda	empty quotation mark
186870	sarabhaniya	grammarian's notes: formed with -na like sa-oghaniya and yoganiya; 'not found in Sanskrit dictionaries'; 'the Madhuṭīkā derives it from a noun root'; quotation fragment 'တေနာ”တိအာဒိ'
186873	sarabhamiga	stray '['
186874	sarabhamigajātaka	reference 'ဇာတကပါဠိ ၁၃-နိပါတ်၊ ၁၀-ဇာတ်'
186875	sarabhamigajātakavaṇṇanā	stray '['; the Pāḷi title
186876	sarabhamigayoni	debris 'အဘိဓာန် (အ-ဝဂ်) ၁၀ ပ-မ-သ-စ ၅' and the next headword 'သရဘဓိဂရာဇ'
186879	sarabharūpapādaka	analysis 'သရဘ + ရူပပါဒ + က'
186881	sarabhasutta	reference 'အင်္ဂုတ္တရနိကာယ၊ တိကနိပါတ်၊ ၂-ပဏ္ဏာသက၊ ၂ဝင်၊ ၅-သုတ်'
186883	sarabhāṇa	stray quotation mark
186888	sarabhū	analysis 'သရ + ဦ။ အဘ်-လာ'; Sanskrit and Prakrit forms; stray ']'; reference '၇၃ (၁၁၉)'
186889	sarabhedakara	stray '['
186890	saramaṇḍapa	quotation 'သရမဏ္ဍပံ အကာသိ'
186892	saramāna	quotation 'ယော ပန သရမာနော သန္တီ အာပတ္တိံ နာဝိကရေယျ'
186895	sararakkhaṇa	trailing '(က) (ခ) သရရက္ခဏ'
186896	sararajju	quotation 'သရရဇ္ဇု ဒဿေတိ'
186898	saralaṭṭhi	quotation 'မဟာသတ္တော သရလဋ္ဌိ အကာသိ'
186899	saralatarukusuma	analysis 'သရလ + တရု+ ကုသုမါ'
186901	saralapatta	stray '['
186902	saralā	quotation 'သရတီတိ ... သရလာ'; stray '၇' and 'သရလောပ'; Sanskrit form; quotation 'သရလာ တိဒဏ္ဍီ ရောစနီပိ'; source 'ဓာန်'
186906	saravaraveganiddhuta	stray '['
186908	saravikati	stray '['; citation (ကင်္ခါ။ ၂၈၅)
186909	saravega	quotation 'ဧကေန ဝါ သရဝေဂေန . သံသီဒတိ'
186911	saravedhi	analysis 'သရဝေဓ + ဤ'; stray '၂'; quotation 'သရဝေဓိံ နာမ ဒဿေတိ'
186912	sarasa	analysis 'သ + ရသ။ ]'; quotation fragments 'ရသော', 'သရသေနာ နီး သရသာ'
186914	sarasakāla	citation 'သာရတ္ထ၊ ၁ဝ'; run-on article 'သရသတပ္ပ (၃) ] (၃) ပြေးသွား တတ်, ကြံစည်တတ်သော-သဘော-ဝိတက်။ (၂) အထူးထူးသောအာရုံ၌ ရွေ့ရှားခြင်း အစွမ်းဖြင့်ဖြစ်သော ကြံစည်ခြင်း ဝိတက်'
186915	sarasaṅkappa	'(၂) သရသင်္ကပ္ပါ'
186919	sarasadisassara	leading form 'သရသဒိသဿရ'
186920	sarasadda	quotation 'ဟိံသတ္ထဿ သရ-သဒ္ဒဿ ဝသေနေတံ ပဒံ ဒဋ္ဌဗ္ဗံ'
186923	sarasantara	debris 'င့် သရသန္တမ္ဘန' (the next headword); ----
186925	sarasannaha	quotation fragment 'ဩရောပေတု'
186929	sarasappadhāna	stray '['; fragment 'အားဖြင့် ပျက်စီးသော'
186931	sarasabhidura	analysis 'သရသ + ဘိဒုရ'; quotation fragment 'ဒုဗ္ဗလတာယာ'
186934	sarasāmaññā	quotation 'သရဒဏ္ဍေသု သရသမညာတိ ကဏ္ဍ-သဒ္ဒေါ သရပရိယာယောတိ အာဟ'
186937	sarasamūha	stray '['
186939	sarasampattirata	stray 'အောက်' (fragment of 'see below'?)
186941	sarasampanna	stray '['; quotations '(က) သရသမ္ပန္နော။ (ခ) သရသမ္ပန္နော'
186943	sarasaraṁsijālavissajjanaka	analysis 'သရသရံသိ-ဇာလ + ဝိဿဇ္ဇနက'; sense numbers and quotation 'သရသရံသိဇာလဝိဿဇ္ဇနကေနာ'
186944	sarasara	----
186946	sarasalakkhaṇapaṭivedha	citations 'သံ၊ ၁', 'ဋီ ၂'; spelling variant 'သရသလက္ခဏပ(ပ္ပ)ဋိဝေဓ'; 'သရသလက္ခဏ'
186947	sarasalakkhaṇappaṭivedha	quotation 'သရသလက္ခဏပဋိဝေဓနာ'; citation 'သာရတ္ထ၊ ၁ဝ'
186948	sarasavattanabhāva	stray '၂'
186951	sarasākhā	stray '['; fragment 'သရသာခါ ('
186953	sarasānisaṁsadassana	----
186954	sarasi	label fragment '(ကြို'; analysis 'သရ + သိ]'; 'ကြည့်'
186955	sarasī	analysis '(သရသိ + ဤ)'; grammarian's note 'သ-လာ'
186956	sarasutta	OCR debris '၂ သရသောပါန ကြောင့်-'; citation 'သံယုတ္တနိကာယ၊ သဂါထာဝဂ္ဂ-သံယုတ္တပါဠိ၊ ၁-သံယုတ်၊ ၃-ဝဂ်၊ ၇-သုတ်'
186957	sarasopāna	debris '၂]'; quotation 'သရသောပါနံ အကာသိ'
186959	sarassati	analysis 'နဒိ (ဒ) တီရ (န)] ]'; ---
186960	sarassatī	grammarian's notes 'ကို ပုဗ္ဗရုပ် သ-ပြု၍ သ ရဿတီ ပြီးသည်။ သရသ္မတီ- သံ။ သရဿဤ ပြာ၊ အဒ္ဓမာဂဓီ'; ---; quotation 'ဝါဏီ ယထာဝုတ္တဂုဏောပေတာ သရဿတီ-ဒေဝတာ'; citation 'အလင်္ကာဋီ၊ သစ်'
186961	sarassatīnadī	----
186962	sarahattha	stray '[ ['; quotation 'စတ္တာရော ပုရိသာ သရဟတ္ထာတိ အာဝုဓဟတ္ထာ စတ္တာရော သေနာ နာမ'
186963	sarāga	quotations and OCR debris 'သရာဂ။ (၂) သရာဂါယ ၃ သရာဂကာလ ၂၂၂၂၂ စေတေဿသီ။ သရာဂါယာ။ သရာ-ဂါယာ'; citation '(၃) ိကာယပါဠိ၊ ၄-နိပါတ်၊ ၂-ပဏ္ဏာသက၊ ၂-ဝဂ်၊ ၆-သုတ်'
186967	sarāgādika	----
186968	sarāgādikāla	--
186969	sarāgādiggahaṇa	----
186974	sarāgādipada	stray '['
186975	sarāgādipadavisesita	quotation 'အပရေ သရာဂါဒိပဒဝိသေသိတာ သောဠသ ဟောန္တိ'; next headword '၄ သရာဂါဒိပရိဂ္ဂဏှန'
186983	sarāgādivibhāga	debris '(၇၁'
186984	sarāgādisaṁvattana	fragment 'ဂါဒိသံဝတ္တန'
186985	sarāgādisol̤asabheda	stray '] ]'; quotation 'စိတ္တ သရာဂါဒိသောဠသဘေ ဝသေန အနုပဿိတဗ္ဗံ'
186987	sarājaka	analysis 'သရာဇ + က'; stray '၂'
186988	sarājikā	grammarian's note 'က-ကြောင့် ဇ- အစိတ် အကို ဣ-ပြ'
186989	sarāpana	page number '၁၅၅'; quotation 'သရာပနတ္ထံ'
186990	sarāpanatta	fragment 'တ္ထ (၇)'; debris 'ဘန်-'; 'ရိယ-'
186991	sarāpita	debris 'ဝတိ။'; 'တ္တန] ပရာ-'
186992	sarāpeti	label and analysis '(ကာ၊ ကြို ] ဂါဒ္ဒိ'
186993	sarāpenta	debris 'မမ္မေ-'; '----၂။ ည့်'
186994	sarāpenti	label and analysis '(ကာ၊ ကြို သရ + ဏာပေ + အန္တိ'; debris 'ဒဝ-'; quotation fragment 'တံ ၅ တိ- ပရေ သရာပေန္တိ'
186995	sarāpehi	label '(ကာ၊ ကြို ]'; debris 'ဖြစ်', '၆က'
186996	sarābhivassa	quotation 'သရာဘိဝဿေတီ'; debris 'င်း'
186997	sarāma	label and analysis '(ကြို သရ+ အ + မ]'
186998	sarāmi	label and analysis '(ကြို သရ+ အ + မိ'; quotation 'အနုဿရာမီ တိ … သရာမီတိ ဒဿေတိ'
186999	sarāva-sarāvaka	repeated label '(ပု၊ န)'; Sanskrit and Prakrit notes '၈ရာဝ-သံ။ (ပု) သရာဝ-ပြာ၊ အဒ္ဓမာဂဓီ'; stray '၂'
187001	sarāvamatta	debris '"”။ ၆'; next headword 'သရာဝဟတ္ထ'
187003	sarāvādigata	stray '['
187005	sarāsana	debris 'ဓာန်၊ ['; quotation 'မဟာပုရိသော တံ သရာသန ဇီယံ ရောပေသိ'
187009	sari	labels and analyses '(ကြို သရ+ ဣံ', '(ကြို သရ + ဥ]', '(ကြို သရ + ဤ]'; quotation 'ဧတေသု ဘဂဝါ သံဝဋ္ဋဝိဝဋ္ဋကပ္ပေ သရိ'
187010	sarikkha-sarikkhaka	grammarian's notes 'သမာန-ကို သ-ပြု … သရိစ္ဆ-ပြာ၊ အဒ္ဓမာဂဓီ'; stray '['
187011	sarikkhakajana	stray ']'; ----
187014	sarikkhakaphala	quotation '(သရိက္ခကဖလံ”) စေတောဝိမုတ္တိ'; next headword '၇ သရိက္ခကဝိပါကဒါန'
187016	sarikkhaṭṭha	quotation '“အဋ္ဌေဝေတာနီ”'
187018	sarikkhadāna	stray '['
187020	sarita	Sanskrit form; second listing of the senses; stray quotation marks; debris 'သရိီတ ( '
187021	sarita	analysis 'သရ + တ', Sanskrit form; quotation 'သင်္ကဿရန္တိ … ပရိသင်္ကိတံ'
187022	saritaka	'စ သရိတကသိပါဋိကာ ၄၉' (headword of the next article and a page number)
187026	saritabba	'ကြည့်'
187028	saritabbayutta	variant 'သရိတဗ္ဗ-ယုတ္တက'
187029	saritabbayuttaka	variant 'သရိတဗ္ဗယုတ္တက'
187031	saritabbavatthudassananaya	quotation fragment 'အာဒီနိ သတ္တ-ရသပဒါနိ'
187032	saritabbasamācāra	quotation 'သင်္ကဿရသမာစာရော တိ "'; next headword '၉ သရိတသီပါဋိကာ'
187035	saritu	quotation 'တာယ သတိယာ ဧသ သကိမ္ပိ သရဏေန သရိတာ'
187036	saritodaka	quotation and page '(၁) သရိတောဒကော ၁၆၀)'; --
187039	sarimhā	label '(ကြို ]'; quotation fragment '”တိ အာဟ'
187040	sarissati	label '(ကြို'
187042	sarīra	Sanskrit and Prakrit notes 'ဂရီရ-သံ။ သရီရ-ပြာ၊ အဒ္ဓမာဂဓီ။ ]'; repeated senses (1)–(5) of the reference section; quotation 'တိ စုဠတုဏ္ဍိလ … တုဿန္တိ'; 'ဝ သရီရာ'
187043	sarīra	grammarian's note 'သရီရ ကန်။ ဥပမာအနက်၌ ကန် ပစ္စည်းကျေ'; stray ']'; quotation 'ဉာဏဒဿနဝိသုဒ္ဓီတိ … ဘာဝေတဗ္ဗာ'
187044	sarīraka	analysis '[ သရီရ . က'
187045	sarīrakampa	--; citation 'သာရတ္ထ ၃'
187046	sarīrakampana	----; citation 'ဥ၃'
187047	sarīrakampanappatta	next headword 'သခီရကိစ္စ (န) ['
187048	sarīrakicca	reference section '(၁) သရီရကိစ္စ။ (၂)၊'
187049	sarīrakiccakāla	---
187051	sarīrakiccattha	quotation 'ရထေ နိသိန္နော သရီရကိစ္စတ္ထာယ ဂတော'
187052	sarīrakiccalesa	quotation '----ကေနစိ သရီရကိစ္စလေသေန'
187053	sarīrakiriya	----; source references 'အဘိဓာန် (အဝင်) ၁၁ ပ-မ-သ-စ ၁'; run-on text 'သရီရကိလမထ ကိုယ်ဖြင့်ပြုအပ်သောအမှုကိစ္စတို့အား လျော် သည်၏အဖြစ်ဟူသောအထူးအပြားရှိသော'; quotation 'ယော ပန သုဓန္တသုဝဏ္ဏဿေဝ … သမုဋ္ဌာနော'
187056	sarīrakoṭṭhāsa	----
187057	sarīrakheda	fragment 'ပရိဿမ ('
187060	sarīragata	---
187061	sarīragatabindhukata	quotation 'ကဏ္ဏိကာ တိ သရီရဂတဗိန္ဓုကတာနိ'
187063	sarīragandhaharaṇatta	fragment 'အတ္ထ ['
187064	sarīragandhagahaṇabhaya	--
187065	sarīragilāni	stray ']'
187068	sarīraguttikamma	quotation 'ဘိက္ခူ ဓမ္မသဘာယံ … ဆေကောတိ'
187073	sarīraghaṁsana	quotation 'တက္ကဂေါဠိကသဒိသာနံ သရီရယံသနတ္ထံ'
187074	sarīraghāti	quotation 'တိ တာတ စုဠတုဏ္ဍိလ … တုဿန္တိ'
187076	sarīracalana	variant 'သရီရစလန'
187077	sarīracittasukha	quotation 'ဒွါရသမ္ပတ္တိယာ … ဝုတ္တံ'
187082	sarīraja	quotation 'သရီရဇာ'; next headword '၃ သရီရဇဂ္ဂန ဏိ'; ----
187088	sarīrajīvitapariccāga	quotation 'ဘဂဝတော အတ္တနော … ဝေဒိတဗ္ဗော'
187090	sarīrajjhāpana	quotation 'တေဇော ပရိနိဗ္ဗာနသမယေ … ဣဇ္ဈန္တိ'
187093	sarīrajhāpanatejodhātu	stray '['; quotation 'အထာယသ္မာ ပုန … ပရိနိဗ္ဗာယိ'
187094	sarīraṭṭha	run-on 'သရီရ (တိ) [သရီရ က] သရီရဌ-ကြည့်'
187096	sarīraṭṭhapatta	debris '(]'
187097	sarīraṭṭhi	----
187098	sarīraṭṭhiti	citations 'သီ၊ ဋီ၊ သစ်၊ ]၄'; next headword 'သရီရဋ္ဌိတိမတ္တက ၂'
187099	sarīraṭṭhitimattaka	stray '['
187100	sarīraḍāha	fragment 'စောင့်ခြင်း'; quotation 'တနုတာဏာယာ'
187102	sarīratāpana	stray '['
187103	sarīrathāma	stray ']'; debris 'နာကို'
187105	sarīradaṇḍa	debris 'ဥစ'
187106	sarīradabya	stray '['; quotation 'သရီရသမ္ပဒါ ဉဘိရူပဘာဝေါ သံဝိဇ္ဇတိ'; page '၁၂၅-'
187109	sarīradarathavinodana	----
187112	sarīradāha	citation 'ဇာ၊ ၅'; next headword 'သရီရဒုက္ခ'
187113	sarīradukkha	----; quotation 'သရီရဒုက္ခံ'
187116	sarīradukkhūpasama	quotation 'တေသံ တထာပဋိပန္နကာနံ … သရီရဒုက္ခူပသမော'
187119	sarīradosa	stray '['; quotation 'ကာယဝိပ္ပတ္တိယာ'
187122	sarīradhātunidhāpitacetiya	quotation 'ဇဂတီ ကာရိတာ … ကာရာပိတာတိ အတ္ထော'
187125	sarīradhovana	----
187126	sarīranikkhepa	next headword '၆ သရီရနိက္ခေပဝိဘာဝနာ'
187127	sarīranikkhepavibhāvanā	stray '['; quotation 'ကေစိ သရီရနိက္ခေပဝိဘာဝနံ … ဝဒန္တိ'
187128	sarīranighaṁsana	stray ']'
187129	sarīranipphatti	quotation 'ယထာ တဿ သရီရနိပ္ဖတ္တိ ယေဟိ စ လက္ခဏေဟိ'
187132	sarīranivāsanavicitravattha	quotation 'သရီရနိဝါသနဝိစိတြဝတ္ထာ … ပသာဓနဉ္စ'
187133	sarīranissanda	reference section '(၂) သရီရနိဿန္ဒောဝါ။ (၃) ----'
187134	sarīranissita	stray ']'; quotation 'မဟာဘူတေသူ'
187136	sarīranissitasedamalasadisa	debris '"'
187138	sarīrapaṭijaggana	quotation fragment '[ ကတွာ'
187139	sarīrapaṭijagganakāla	quotation fragment 'တတ္ထ )'
187140	sarīrapaṭijagganaṭṭhāna	quotation 'ဘဂဝါ နှာနဋ္ဌာနံ … ဩကာသံ အကာသိ'
187142	sarīrapaṭibaddha	----
187143	sarīrapaṭimukka	quotation 'တေ တာဝ ဒေဝ … နိသီဒိံသု'
187145	sarīrapadesa	stray '['
187147	sarīrapabhāvaṇṇa	----
187149	sarīraparikamma	quotation 'သော သရီရပရိကမ္မံ ပဝိသတိ'
187150	sarīrapariṇāhappamāṇa	stray ']'; quotation 'ဗဟလန္တရေနာ'
187151	sarīraparittāṇa	stray '['; debris 'သစမ္ပိ-ကာ'
187152	sarīraparimāṇa	next headword '၈ သရီရပရိယာပန္န'; quotation 'ဧတေန အတ္တာတိ … ဟောန္တိ'
187153	sarīrapariyāpanna	page '၉၀ဝ'
187154	sarīrapariyāya	quotation 'သရီရပရိယာယော ဣဓ ဝဏ္ဏ- သဒ္ဒေါတိ အဓိပ္ပါယော'
187158	sarīrapūjā	stray '['
187160	sarīrappakārarahita	quotation 'အပ္ပကာ-ရောသီ'
187162	sarīrappaṭicchādanacīvara	quotation fragment 'ဘဏ္ဍပ္ပဋိစ္ဆာဒန'
187163	sarīrappaṭibaddha	quotation 'အနုပါယိနီ'
187165	sarīrappabhā	'ကြည့်'; quotation 'ရာဟုလမာတာပိ … ဩဘာသေတွာ'
187171	sarīrappamāṇapariccheda	quotation 'သွာယံ သရီရပ္ပမာဏပရိစ္ဆေဒေါ'
187174	sarīrappavatti	quotation fragment 'ထေရော “'; next headword 'သဒရရက (န) ['
187175	sarīrapharaṇa	stray ']'; quotation 'ဗုဒ္ဓါနံ တဿ … သဗ္ဗကာလိကံ'
187177	sarīraphāsukattha	debris and next headword 'ဝ သရီရဗန္ဓန'; quotation 'သရီရဖာသု-ကတ္ထာယာ'
187179	sarīrabala	stray '['; debris '(-'
187180	sarīrabalādikāraṇasamavāya	stray '['
187184	sarīrabbhantara	stray ']'
187185	sarīrabbhantarajhānamana	--
187186	sarīrabbhantaranimugga	quotation fragment 'တိ ကေန ဝိသပီတ- ]'
187188	sarīrabhañjanasamaya	fragment 'သမယ]'
187190	sarīrabhāra	quotation 'ဒိန္နမ္ပီ'
187191	sarīrabheda	quotation 'သရီရဘေဒါ'
187194	sarīramajjha	debris '(]'
187195	sarīramaṇḍana	quotation 'တဒါ စ သာဝတ္ထိဝါသီ … ဝိဟာသိ'
187198	sarīramala	quotation 'ဆာတကာလေ … ခါဒိတွာ'; citation '(ဣတိဝုတ်၊ ဌ္ဌ။ ၂၆၁)'
187200	sarīramahanta	OCR debris 'နန္တာ'; quotation 'ယထာ အယံ သရီရမဟန္တတာယ ဝါ နာဂေါ'
187201	sarīramudu	quotation 'မဒ္ဒဝေနာ'
187205	sarīrarakkha	stray ']'
187209	sarīrarāji	quotation 'ဥဒ္ဓဂ္ဂရာဇီ တိ'
187211	sarīralīl̤ā	quotation 'တဿာ သရီရလီဠာယ ကန္တိတွာ အဂမံသု'
187213	sarīravaṇṇaguṇavaṇṇakathana	----၂
187214	sarīravaṇṇaguṇavaṇṇamacchara	analysis 'သရီရဝဏ္ဏဂုဏ-ဝဏ္ဏ + မစ္ဆရ]'
187215	sarīravaṇṇaguṇavaṇṇamacchariya	stray '['; analysis 'သရီရဝဏ္ဏဂုဏ-ဝဏ္ဏ + ပစ္ဆရိယ'
187216	sarīravaṇṇanibhā	debris 'ု'; next headword 'သရီရဝဏ္ဏရာဂီ ၂၂၂၂'
187217	sarīravaṇṇarāgī	citation 'ဝိသုဒ္ဓိ၊ ၁ဝ'
187218	sarīravaṇṇasaṇṭhanāvayava	stray '['
187222	sarīravatthābharaṇavimānappabhā	quotation 'တဉှိ ရတ္တိံ … အဟောသိ'
187223	sarīravatthu	quotation 'တတ္ထ ဝတ္ထုဝိသဒကိရိယာ … ဝိသဒဘာဝကရဏံ'
187224	sarīravantu	Sanskrit note 'ဂရီရဝတ်-သံ'
187225	sarīraval̤añjaṭṭhāna	quotation 'သာ အပရဘာဂေ သရီရဝဠဥဉ္ဇဋ္ဌာနံ ပဋိလဘိ'
187226	sarīraval̤añjadhārā	quotation 'အထ တတေ ပုတိ-သရာ … ပဂ္ဃရန္တိ'
187229	sarīraval̤añjanabhājana	analysis 'သရီရဝဠဉ္စန + ဘာနု'; next headword '၄ သရီရဝဠဉပီဠိတ' inside the bracket
187230	sarīraval̤añjapīl̤ita	quotation 'အထေကာ ဇနပဒိတ္ထီ - သရီရဝဠဉပီဠိတာ ဟုတွာ'
187231	sarīravācaka	quotation 'ဝုတ္တရာဂရဇဖလတ္တာ … ကာရဏဝေါဟာရေန “'
187233	sarīravātavirahita	stray '['; quotation 'ဝိဇနဝါတာနီ'
187238	sarīravibhāganimitta	stray ']'
187239	sarīravissagandhi	analysis fragment 'န+ ဂန္ဓိ'
187242	sarīravedanā	stray '['
187243	sarīravemajjhabhāga	next headword '၅ သရီရဝေမတ္တ'
187244	sarīravematta	quotation 'တတ္ထ ဌပေတွာ … နတ္ထိ'
187252	sarīrasaṅghātabhedavikārappakāsana	citation 'ဝိသုဒ္ဓိ၊ ဋီ၊ ၁ဝ'; repeated headword 'သရီရသင်ာတဘေဒဝိကာရပ္ပကာသန (န)'
187253	sarīrasaṅghātasampattirāgī	analysis 'သရီရသင်္ဃာတ + သမ္ပတ္တိ + ရာဂီ'; unread 'ကိုယ်၏အနှစ် ရိုးဆစ် မငွေ'
187255	sarīrasaññita	analysis 'သရီရ သည်]'; citation 'ထေရ (၃၄၃)'
187257	sarīrasaṇṭhānarāgī	next headword '၆ သရီရသဏ္ဌာနဝိပတ္တိပ္ပကာသန' inside the gloss
187258	sarīrasaṇṭhānavipattippakāsana	fragment 'သရီရသဏ္ဌာနရာဂီ-'
187259	sarīrasaṇṭhānasampatti	debris '(-'
187260	sarīrasaṇṭhānuppattidesa	quotation 'တဒေတံ တဿ … တိဋ္ဌတိ။ “သရီရသဏ္ဌာနုပ္ပတ္တိဒေသေ”'
187262	sarīrasantappana	citation 'ဒီ၊ ဋဌ ၁'
187263	sarīrasantāpa	quotation 'တပါ တိ သရီရသန္တာပေါ'
187264	sarīrasantāpaka	---- ----
187265	sarīrasantārakakaṇḍara	analysis 'သရီရ + သန္ဓာရက + ကဏ္ဍရ'
187266	sarīrasandhi	stray ']'
187268	sarīrasabhāva	--- ----
187269	sarīrasabhāvacintana	source references 'အဘိဓာန် (အဝင်) ၁၂ ပ-မ-သ-စ ၇'; next headword 'သရီရသဘာဝပဋိစ္ဆာဒန'; debris '၂၂၂၂၂ သပ်-ခြင်း'
187270	sarīrasabhāvapaṭicchādana	---- ----
187271	sarīrasabhāvavibhāvana	---- ----
187272	sarīrasabhāvasallakkhaṇa	quotation '----သရီရသဘာဝသလ္လက္ခဏေန … သညာပနတ္ထံ'
187273	sarīrasabhāvānavabodhana	----
187274	sarīrasamaññā	stray ']'
187275	sarīrasamīpa	stray ']'; quotation '---- သိရိမာ သရီရသမီပေ ဘိက္ခုသံဃပရိဝုတံ ၁-၁'
187277	sarīrasampattidassana	---
187278	sarīrasampattisūcita	stray '['; analysis 'သရီရသမ္ပတ္တိ သူစိတ'; ---- ----
187282	sarīrasamphassabhaya	next headword '၈ သရီရသမ္ဗဒ္ဓ'; page '၁၇၉'
187283	sarīrasambaddha	----
187285	sarīrasambhava	quotation 'သရီရသမ္ဘဝါန'
187286	sarīrasambhūta	page '၉ဝ'
187287	sarīrasallahukabhāvakaraṇa	stray '[ ['; debris 'ဦ'
187289	sarīrasithilatā	analysis fragment '[ + တာ'
187291	sarīrasukha	run-on 'သရီရသုခဝိဒ္ဓ (တိ) (မွန်မြတ်သောအာဟာရစသည်တို့ဖြင့်) ကိုယ် ၏ချမ်းသာမှု၌-တပ်မက်-နှစ်သက်-နေသော'
187293	sarīrasuddhi	stray ']'
187294	sarīrasedāpanaṭṭhāna	stray ']'
187295	sarīrasobhagga	quotation 'အထဿ သရီရသောဘဂ္ဂံ'; citation 'ဇာ၊ မ္တ'; next headword 'သရီရသောဘဂ္ဂကရဏ'
187296	sarīrasobhaggakaraṇa	quotation 'သဿီရိကကရဏ'
187298	sarīrasobhaggādisampattikatapuñña	----
187299	sarīrasobhaggādisirī	quotation 'သိရိဝိဘဝေနာ'; next headword '၁ရီရသောဘာ (ထီ) ['
187300	sarīrasobhā	quotation 'ဣတိဟ တေ သရီရသောဘံ ပါပုဏိံသု'
187301	sarīrasobhāsampatti	quotation '-+-သရီရသောဘာသမ္ပတ္တိယာ … ပသာဒါဝဟံ'
187302	sarīrahetu	----
187303	sarīrākāra	stray ']'
187304	sarīrakārākappa	---- ----
187305	sarīranugata	stray ']'; variant 'သရီရာနုဂတ'
187307	sarīrābharaṇabhaṇḍaka	analysis 'သရီရ အာဘရဏ +ဘဏ္ဍက ]'; quotation '---အတ္တနော … သုဝဏ္ဏက္ကဋ္ဌကံ'; next headword 'ဝ သရီရာဘာ'
187309	sarīrābhimukha	----
187311	sarīrārogyasampādana	quotation 'ဧကံ သမယံ ဘဂဝါ … ပက္ကာမိ'
187314	sarīrāvayavaguṇa	next headword 'သရီရာဝယဝပုတ္တဒါရပရိစ္စာဂ ၁'
187315	sarīrāvayavaputtadārapariccāga	quotation 'ဧတေ ဒါနဿ ပါရမီတိ … ပရမကောဋိံ ကာ'
187317	sarīrāvayavasampatti	citation 'မ၊ ဋီ ၂'
187319	sarīrindriyasukhādibhāvapariṇāma	run-on article 'သရီရံ (၇) [ သရီရ + ဤ။ သရီရသင်ါတော။ ဓာန်၊ ကပ္ပဒ္ဒုမ။ ဂရီရိန်-သံ။ သတ္တဝါ။ ဓာန်။'; next headword '၂၁ သရီရူပဂ'
187324	sarīrobhāsa	debris '(-'
187325	sarīsapa	analysis 'န အ'; Sanskrit and Prakrit notes 'သရီသွဖ-သံ … သရီသိဝ-ပါကတ'; '(ဝကြံ) သပီတီတိ'; source tags 'ကပ္ပဒ္ဒုမ', 'ထောမနိဓိ'
187327	sarīsapanta	quotation 'တသ္မာ ဣမိနာ … သရီသပန္တော'
187328	sarīsapantarāya	stray '['; quotation 'တတြိမေ အန္တရာယာ … ဗြဟ္မစရိယန္တရာယောတိ'
187329	sarīsapasadda	quotation 'သရန္တာ ဂစ္ဆတီတိ သရီသပ-သဒ္ဒဿ အတ္ထံ ဝဒတိ'
187331	sarīsapādiparissaya	next headword '၂ သရုက္ခ' inside the gloss
187332	sarukkha	citation 'ကင်္ခါ'
187333	sarūpa	analysis 'သ (အတ္တ) + ရူပ', Sanskrit form
187334	sarūpa	Sanskrit form; trailing quotation fragment '(၂) သရူပါသူ'
187335	sarūpa	page '၆ဝ'; quotation '(၂) သရူပေါ'
187338	sarūpaggahaṇa	stray ']'; next headword '၃ သရူပတ္ထ'; debris '၂၂၂၂၂ (၂)'
187340	sarūpadassana	citation 'ဣတိဝုတ်၊ (န) (၂)'
187343	sarūpadassanavissajjana	grammarian's note 'ထီ-၌ -- ဝိဿဇ္ဇနာ'; quotation 'သရူပဒဿနဝိဿဇ္ဇနန္တိ … နိဒ္ဓါရေတဗ္ဗော'; page '၁ဝ၆'
187345	sarūpanidassanatta	quotation 'ဣတိ-သဒ္ဒေါ … သရူပနိဒဿနတ္ထော'
187347	sarūpaniyama	stray ']'; quotation 'အနိယမဝသေန … ဝုတ္တံ'
187348	sarūpapariccheda	citation 'ဒီ၊ ဋီ ၂'; next headword '၄ သရူပပုစ္ဆာ'
187350	sarūpabheda	stray '['; quotation '"။ --"ဧဝံ န ကင်္ခါမိ … ဝဝတ္ထပေတွာ'; citation 'ကင်္ခါ၊ ဋ၊ သစ်'
187351	sarūpamaraṇa	run-on article 'သရူပစ္စ (တိ)။ (အမိနှင့် တူသော ရုပ်အဆင်းရှိသည့် နွားငယ်ရှိသော၊ (အမိနှင့်) အဆင်းတူသော နွားငယ်ရှိသော (နွားမ)'
187355	sarūpavibhāvana	feminine variants 'ထီ-၌ သရူပဝိဘာဝနာ၊ သရူပဝိဘာဝနီ'
187357	sarūpavisesapakāsanahetu	stray '] ]'; debris '“‘'; run-on 'သရူပါဒိပရိစ္ဆေ၊ (၇) [ သရုပ် အစရှိသည်ကို ပိုင်းခြားခြင်း'; next headword '၅ သရူပါဒိပုစ္ဆာ'
187358	sarūpavisesappakāsanahetu	stray '] ]'; debris '“‘'; run-on 'သရူပါဒိပရိစ္ဆေ၊ (၇) [ သရုပ် အစရှိသည်ကို ပိုင်းခြားခြင်း'; next headword '၅ သရူပါဒိပုစ္ဆာ'
187360	sarūpādipucchā	stray '['; quotation '”တိအာဒိနာ … ဗောဓနတ္ထာ'; citation 'ဝိသုဒ္ဓိ၊ ဋီ ၁'
187361	sarūpāvadhāraṇa	pages '၈၉၊ ၉၀ဝ'
187362	sarūpekadesa	quotation '“သိက္ခာသာဇီဝသမာပန္နော”'; citation 'ကင်္ခါ'
187363	sarūpekadesaekasesanaya	quotation 'သရူပေကဒေသဧကသေသ-နယေန “သိက္ခာသာဇီဝသမာပန္နော”'; citation 'ကင်္ခါ'
187364	sarūpekasesa	repeated headword 'သရူပေကသိသည်' (OCR); debris '“ထာ'
187367	sareyya	stray '['
187368	sareyyātha	label '(ကြို ]'; quotation '”တိ။ သရေယျာထာတိ တေသံ ဧဝံ ဝဏ္ဏာတိ သရေယျာထ'
187369	sareyyāma	label '(ကြို ]'; quotation 'မယံ ခေါ ဗဟုကရဏီယာ ဒတွာပိ န သရေယျာမ'
187370	sareyyāsi	label '(ကြို ]'
187371	saroga	citation 'မ၊ ဋီ ၂'
187372	sarogaüppala	stray '['
187373	sarogakhettapāla	analysis 'သရောဂ + ခေတ္တပါလံ'; quotation 'တတ္ထ သရောဂခေတ္တပါလော ဝိယ စေတနာ ဒဋ္ဌဗ္ဗော'
187377	salakkhaṇa	repeated senses (1)–(5) of the reference section; quotation 'သလက္ခဏာန'
187378	salakkhaṇa	quotations '(၁) သလက္ခဏေနာ။ (၂) သလက္ခဏသင်္ခါတော ” ဏသင်္ခါတော။ သလက္ခဏာဒိတော ၃၆၂)'
187379	salakkhaṇa	citation 'မဏိမဉ္စူ ၂'; Sanskrit note 'သတွလက္ခဏ-သံ'; stray '['
187381	salakkhaṇagati	analysis 'သလက္ခဏ -+ ဂတိ ['
187382	salakkhaṇadhāraṇa	quotation 'သလက္ခဏဓာရဏတော ၃၆၀) ဧတာ ပန … ဓာတုယော'; pages '၄၄၄ (၄၅၃)'
187388	salakkhaṇasaṅkhepa	analysis 'သလက္ခဏ + သင်္ခေပါ'; quotation 'သလက္ခဏသင်္ခေပတော … သလက္ခဏာ'
187394	salajja	stray '['
187396	salati	label and analysis '(ကြို သဟ + အ -+ တိ'; Sanskrit note '၈လတိ၊ ဂလတေ-သံ'; reference section '(၁) သလ အာသုဂတိယံ။ ဓာန်၊ (၃)'
187397	salana	analysis 'သလ + ယု။ တနည်း သလ + ဏေ + ယု'; '(သလယတိ လည်းကြည့်)'; OCR debris '၉ ရိ။ ေ၏--'; (4) 'သလနတကိရိယာ၊ သလ-ဓာတ်၊ သလယန္တိ-ပုဒ်'; quotation '(၂) ကောသလ္လသမ္ဘူတတ္ထေန … ကုသလာနိ'
187400	salanādiattadīpaka	run-on article '+အဏ။ ဓာန်၊ ဂလဘ-သံ။ သလဘ၊ သလဟ-ပါကတ။ နှ- နှံကောင်။ တနည်း ပိုးဖလံ။'; quotation 'သုခသမ္မတဿာပိ … မဓုလိတ္တသတ္ထဓာရာလေဟနံ'
187402	salayati	label and analysis '(ကာ၊ ကြို သလ + ဏယ + တိ'; Sanskrit notes 'ဂါလယတေ-သံ။ ၈လယတိ-သတ္တတပိဋက။ ]'
187404	salala	quotation '(၃) နိဂ္ဂုဏ္ဍိ-ပုပ္ဖ ဒကဒေါ၊ သလလော စ ကုရဏ္ဍကော'; next headword 'ဝ သလလာ'
187405	salala	source tag 'ဓာန်'
187406	salalapuppha	stray '[ ['
187407	salalabodhi	quotation 'မဟာပုရိသော သလလဗောဓိံ … ဥဒါနေသိ'
187408	salalamālā	quotation 'အယမ္ပိ ပုရိမဗုဒ္ဓေသု … ပူဇ အကာသိ'
187411	salalamāliyattheraapadāna	stray ']'; variant spelling 'သလလမာလီယတ္ထေရ-အပဒါန'
187412	salalarukkha	stray '['
187413	salalavatī	variant readings with edition sigla '(သလလဝတီ၊ သီမူ)။ (သီ၊ ဣ၊ မူ)။ (သလလဝတီ၊ သီမူ)'
187414	salalī	quotation 'နဒါဒိတ္တေ သလလီ၊ တိတ္ထာဘဝေ သလလံ။ ဓာန်'; run-on article salaḷa '[ … (သရလ-သံ။ သလလာ-လည်းကြည့်) … ] (၁) ထင်းရှူးပင်။ (၂) ထင်းရှူးသား။ (၃) ထင်းရှူး-ပန်း-ပွင့်။' with its quotation; run-on article 'သလဠမယဂန္ဓကုဋိ (ထီ) [ ထင်းရှူးသားတို့ဖြင့် ဆောက်လုပ်အပ်သော ဂန္ဓကုဋိတိုက်' and citation; run-on start 'သလဋဠရုက္ခ ရိ။ ၏--က-'
187415	salal̤a	'ကြည့်' (end of a 'see' formula)
187419	salal̤avatī	citation 'ဒီ၊ ဋ္ဌ ၁'
187420	salal̤āgāra	bare sense markers '(က) (ခ)' of the quoted listing
187421	salal̤āgāraka	analysis bracket '[ သလဠာဂါရ ၂ က ['; quotation 'သလဠာဂါရကေ တိ သလဠမယဂန္ဓကုဋိယံ'
187422	salal̤āgārasutta	location reference 'Saṃyuttanikāya, Mahāvaggasaṃyuttapāḷi, saṃyutta 8, vagga 1, sutta 6'
187423	salal̤āgārasuttavaṇṇanā	variant 'သလဠာဂါရ-သုတ္တဝဏ္ဏနာ'
187426	salākagga	quotation
187427	salākaggahaṇa	quotation; citation 'ဝိ၊ ဋ္ဌ ၁'
187428	salākaggahaṇakāla	debris ') ]', '"'; citations 'ဝိ၊ ဋ္ဌ ၄။ ပါစိတ်၊'
187429	salākaggāhāpaka	debris 'သလာကဂ္ဂါဟာပကကိရိယာ ဂါဟာပက'; feminine form '--ဂါဟာပိကာ'; page numbers '၂၀၄၊ ၂၂၅-'
187432	salākaggāhī	quotation; debris '-.'
187434	salākadāna	stray '"'
187438	salākapacchi	stray '"'
187439	salākapañjara	stray '['; '----'
187440	salākapavesana	quotation
187441	salākapavesanakamma	quotation; source note 'အဘိဓာန် (အ-ဝဂ်) ၁၃ ပ-မ-သ-စ ၃'; start of the next article 'သလာကဗဒ္ဓ သိ၏- --'
187442	salākabaddha	citation 'ပါစိတ်'
187444	salākabhatta	citations 'သာရတ္ထ ၂။ ဒီ၊ ဋီ ၃'; stray '(၄)'; quotation with citation 'ကင်္ခါ။ ၂၇၄', 'ပါစိတ်၊'
187448	salākabhattadāna	stray '"'
187449	salākabhattadāyaka	feminine form '--ဒါယိကာ'
187450	salākabhattasata	start of the next article '၄ သလာကဘတ္တာဒိဒါယက'
187451	salākabhattādidāyaka	fragment 'ဘတ္တိယဃရ'; citations 'ကင်္ခါ၊ ကင်္ခါ ဋီ၊ သစ်'
187453	salākamatta	stray ']'
187458	salākavajjakamma	variant 'သလာကဝဇ္ဇကမ္မ (၉၂]'; quotation
187462	salākahattha	start of the next article '၅ သလာကဟတ္ထကဒွါရ'; source sigla 'မအူ၊ သျ'; quotation
187463	salākahatthakadvāra	quotation
187464	salakā	analysis note ('"သလာကဿ" at 377'), Sanskrit and Prakrit notes, stray '၂။'; source notes 'မိလိန္ဒ၊ ၁၁၇၊ သျ', 'မြန်။ ဆ', 'ဝိ၊ သင်္ဂဟ။ ၂၇၃'; the second copy of senses (1)–(15) with its variant '(၁၅) ... ပဲ၊ (ငါးပြား)'; fragment 'ဝိဓူတိကာ'; quotations
187465	salakā	quotation
187466	salakā	source sigla 'နေရင်း။ မြန်။ ဆ'; quotation
187467	salakādika	quotation
187470	salākodhāniya	stray '['; variant with sigla 'သလာကောဓာနိယ။ (သီ၊ သျာ၊ မူ)'; run-on article salāṭu (တိ) with analysis and Sanskrit note: 'စိမ်း - မမှည့် - သော (သစ်သီး)' ('green / unripe (fruit)'), with quotation
187471	salāṭuka	quotations; debris '၇ သလာဘ ၂၂၂၂၂ ဝါ-.'
187472	salābha	quotation
187473	salāla	stray '['
187475	saliṅgavacana	stray '['
187476	salila	source note 'ဓာန်'; Sanskrit, Ardhamāgadhī and Prakrit notes; fragment 'အပါ (၂) သလီလ။ ၆၃-'
187479	salilatala	quotation fragment
187480	saliladharavivaragata	'----'; quotation
187482	salilanidhinivasana	quotation fragment with debris 'အနေ၈', '+'
187486	salilasiñcana	citation 'အံ၊ ဋီ ၃'
187487	salilāsaya	'----'
187489	salokatāvādī	stray ']'; quotation fragment
187490	salokapāla	repeated markers '(၁) (က) (ခ) (ဂ)'; quotation fragment and quotation; citation 'နေတ္တိ၊ ၆ူ'
187491	saloṇa	stray '['; quotation fragment 'ဘဋ္ဌလောဏိကာယာ ၉'
187492	saloṇaka	analysis '+ က'
187494	saloma	stray '['; quotation fragment 'အဇိနက္ခိပ'
187495	salomaka	analysis 'သလောမ + က။ ကာတန္တဝုတ္တိ။ ]'; quotation fragment '(၁) လောမသာနီ'
187496	salomagandhika	garbled sentence 'ပြကတေ့ဆပင်၏ (ဖန်) အနံ့ သော'; quotation
187497	salomahaṁsa	inflected forms 'သလောမဟံသာနီ။ သလောမဟံသာန'
187498	salohita	debris '(၂) သလောဟိတ “။ --။ (-'
187499	salohitaka	analysis '+ က' and note on readings ('သျ၊ မူ ... ကြည့်')
187500	salla	grammarian's note (Kaccāyana, Abhidhāna, Sanskrit, Prakrit, Ardhamāgadhī forms); edition sigla '(သျ။ ပြည်)'; stray '(၇)'; second listing with quotations (ကာယေ ပဝိဋ္ဌသရာဒိသလ္လဿ …) and citations (Saṁyutta and Suttanipāta references)
187501	salla	quotations; citations 'ဣတိဝုတ်။ ၂၂၇', 'ဣတိဝုတ်၊ (ဃ)', '၁ဝ၅'; stray '(၈)', '----', 'တနည်း'
187502	salla	'---'
187504	sallaka	source note 'ဓာန်'; Sanskrit and Prakrit notes; start of the next article '၂ သလ္လကဏ္ဍီ'; quotation
187505	sallakaṇḍī	run-on article sallakatta (တိ) (a)–(b), with quotation
187506	sallakatta	run-on article sallakattaācariya ('အာစရိယ (ပ)'): 'မြားကိုပယ်နုတ်-နိုင်-တတ်-သော- ဆေးဆရာ၊ ခွဲစိတ်ကုသတတ်သော ဆေးဆရာ။ ခွဲစိတ်ဆရာဝန်' ('a physician able / apt to extract the arrow; a physician apt to treat by surgery; a surgeon'); quotation fragment
187509	sallakattaka	analysis 'သလ္လကတ္တ က]'
187511	sallakattiya	quotation fragments 'န္တိ သလ္လကတ္တဝဇ္ဇ-ကမ္မံ။ တဒတ္ထာယ ...'; headword 'သလ္လကတ္တိယ (န)'
187512	sallakattiyapada	analysis '[ သလ္လကတ္တိယ ပဒ'
187513	sallakantana	start of the next article '၃ သလ္လကန္တနဝေဇ္ဇ'; quotation fragment '(၁) သလ္လကန္တနော'
187516	sallakī	fragment 'စာ'
187518	sallanāma	stray '['
187522	sallalīkata	quotation
187523	sallaviddha	inflected forms '(က) သလ္လ-ဝိဒ္ဓဿာ။ (ခ) သလ္လဝိဒ္ဓဿာ'
187525	sallavejja	source note 'ဓာန်'; quotation
187526	sallasarikkha	'----'
187527	sallasutta	location references (Saṃyuttanikāya, Saḷāyatanavaggasaṃyuttapāḷi, vagga 1, sutta 6; Khuddakanikāya, Suttanipātapāḷi, vagga 3, sutta 8)
187528	sallasuttavaṇṇanā	stray ']'
187530	sallānuviddha	fragment 'ဥာ'
187533	salluddharaṇabhesajja	headword fragment 'ရဏဘေသဇ္ဇ (န)'
187537	sallubba	headword fragment 'ဟန (န)'; start of the next article '၂၅ သလ္လုဗ္ဗ(ဗ္ဗာ) ဟနဝဏတိကိစ္ဆန'
187538	sallubbahavaṇatikicchana	headword fragment 'ဟနဝဏတိကိစ္ဆန (န)'; analysis bracket; debris '(-'
187539	sallopamā	'---'
187540	sallakkhaṇa	grammatical note on the dental n in older editions; Sanskrit and Sanskrit-Piṭaka notes; the second copy of senses (1)–(9); quotations and citation 'မ၊ ရီ ၂ ၆၄', 'ပဋိသံ'
187542	sallakkhaṇatta	stray ']'; '---'; citation 'ဝိသုဒ္ဓိ၊ ဋီ ၂'
187543	sallakkhaṇamukha	'----'
187544	sallakkhaṇavidhi	stray '['; '---'
187546	sallakkhaṇārammaṇa	stray '['
187547	sallakkhaṇāvivaṭṭana	'မင်'; '----'
187548	sallakkhaṇupāya	analysis 'သလ္လက္ခဏ + ဥပါယ ['
187549	sallakkhati	grammatical note on the root in the dhātu texts; Prakrit note; quotations; list of inflected forms
187550	sallakkhanā	quotation (grammatical note on the dental n)
187551	sallakkhanta	start of the next article '၇ သလ္လက္ခယန္တ'
187553	sallakkhamāna	'----'
187556	sallakkhāpetuṁ	'----'
187558	sallākkhāpetvā	'----'
187559	sallākkhāpenta	feminine forms 'သလ္လက္ခာပေန္တာ, သလ္လက္ခာပေန္တိ'; run-on article sallakkhāpesi (ကာ၊ ကြိ) with analysis: 'မှတ်-မှတ်သား-စေ၏' ('makes note / mark'), with quotation; run-on article sallakkhiṁsu (ကြိ) with analysis: 'မှတ် မှတ်သား- ကုန်ပြီ' ('they noted / marked'); '----'; fragment 'ဥစ'
187562	sallakkhita	Sanskrit note 'သံလက္ခိတ-သံ'; the second copy of senses (1)–(6); inflected form 'သလ္လက္ခိတာနီ'; start of the next article '၈ သလ္လက္ခိတကာရဏ'; stray '"'
187563	sallakkhitakāraṇa	quotation
187567	sallakkhitapatta	'----'
187568	sallakkhitapadesa	analysis '[ သလ္လက္ခိတ ပဒေသ'; '----'
187569	sallakkhitapubba	'----'
187570	sallakkhitabba	'----'
187571	sallakkhitabhāva	'----'
187572	sallakkhituṁ	'---'
187573	sallakkhīyati	grammatical note 'ဤ-လာ'; quotation fragment 'လိင်၊ သဏ္ဌာနံ'
187574	sallakkhīyanti	quotation
187576	sallakkheyyuṁ	quotation with debris 'အဘိဓာန် (အဝင်) ၁၄ ပ-မ-သ-စ ၂၂၂၂'
187577	sallakkheyyātha	analysis '[သံ လက္ခ + ဧယျာ'
187578	sallakkhetabba	citations 'ဝိ၊ ဋ္ဌ ၂', 'ဝိသုဒ္ဓိ၊ ဋီ၊ ၁ဝ'; quotation 'ဒွါရံ ဥပဓာရေတဗ္ဗံ'
187579	sallakkheti	analysis with Sanskrit and Prakrit notes; the second copy of senses (1)–(9) with quotations and citation 'ဝိသုဒ္ဓိ၊ ဋီ ၁'
187580	sallakkhetuṁ	quotation
187581	sallakkhetvā	debris 'ဝ သလ္လက္ခေထ'; quotation fragments '(၁) "”။ (၃) သလ္လက္ခေတွာ။ (၄) သလ္လက္ခေတိ (၉)'
187584	sallakkhenta	quotation
187585	sallakkhenti	analysis 'သံ + လက္ခ + ဏေ + အန္တိ'
187586	sallakkhema	analysis '(ကြို သံ + လက္ခ + ဏေ + မ]'; '(၁) ----'
187588	sallakkheyya	label fragment '(ကြို'
187591	sallakkhesi	run-on article sallakkhesi (ကြိ) with analysis: '(၁) မှတ်-မှတ်ထင်-၏။ (၂) ကောင်းစွာ-မှတ်-မှတ်သား၏' ('(1) notes / supposes (2) notes / marks well'); run-on article sallakkhesi (ကြိ) with analysis: '(၁) မှတ်-မှတ်သား-ပြီ။ (၂) ကောင်းစွာ-မှတ်-မှတ်သား-ပြီ။ (၃) ကြံစည် -စုံစမ်း-ပြီ' ('(1) noted / marked (2) noted / marked well (3) considered / investigated'); sigla 'သျ'; debris and quotation fragments
187592	sallakkhesuṁ	analysis '(ကြို သံ + လက္ခ + ဏေ + ဥ]'; quotation fragments
187593	sallakkhessati	quotation fragment '(၃) အာဇာနိဿတီ'; run-on article sallakkhessāmi (ကြိ): 'သလ္လက္ခေဿတိ-ကြည့်' ('see sallakkhessati')
187596	sallati	label fragment and Ardhamāgadhī note '(ကြို။ သလ္လက္က-အဒ္ဓမာဂဓီ။ ]'
187597	sallapati	Sanskrit and Prakrit notes; quotations and citation 'ဝိ၊ ပါစိတ်'
187599	sallapatha	run-on article sallapana (ထီ၊ န) with analysis and Sanskrit note: '(၁) ပြောဟော-ပြောဆိုခြင်း။ (၂) ကောင်းစွာ-ပြောဟော-ပြောဆို-ခြင်း။ (၃) အလွန်-အဖန်ဖန်-အထပ်ထပ်-အကြိမ်ကြိမ်-အခါခါ-ပြောဟော-ပြောဆို-ခြင်း' ('(1) speaking / saying (2) speaking / saying well (3) speaking / saying exceedingly / again and again / repeatedly / time after time / often'), with quotation fragments
187601	sallapanta	page number '၁ဝ၁'
187603	sallapanti	analysis '(ကြို သံ + လပ + အ + အန္တိ'; page number '၂၈၄-'
187606	sallapāmi	analysis '(ကြို သံ + လပ + အ + မိ'; stray '၁'
187607	sallapiṁsu	analysis 'ြု [သ . လပ အ ဥ]'; run-on article sallapi (ကြိ) with analysis; run-on article sallapita (တိ) with analysis, Sanskrit and Sanskrit-Piṭaka notes; fragments '၁', ') သလ္လပိတပုဗ္ဗ', '(၁) သလ္လပိတပုဗ္ဗ'
187608	sallapi	head of another article 'တပုဗ္ဗ (တိ)' (sallapitapubba)
187609	sallapita	'ကြည့်' (end of a 'see' formula, probably of sallapitapubba)
187610	sallapitapubba	the definition of sallapituṁ: 'ပြောဟော-ပြောဆိုခြင်းငှာ။ တံ့ပြန်၍ဟောဆိုခြင်းငှာ။ (၃) တကွ-အညီအညွတ်-ပြောဟော-ပြောဆိုခြင်းငှာ'; analysis 'သံ လပ တုံ'
187611	sallapituṁ	quotation
187613	sallapitvā	quotation
187621	sallapeyyaṁ	start of the next article '၄ သလ္လပေယျ'
187625	sallavatī	analysis fragment 'ဤ'; variants 'သရာဝတီ', 'သဠဝတီ-သတ္ကတပိဋက'
187626	sallahuka	analysis with source note 'ဓာန်', Sanskrit and Prakrit notes
187628	sallahukakaṇḍa	stray '['
187630	sallahukagabbhavuṭṭhāna	sigla '(သျ)'
187631	sallahukaparikkhāra	quotation
187632	sallahukamiga	stray '['
187635	sallahukasabhāva	quotation
187636	sallahukasabhāvarūpappavatti	page number '၁၁'
187637	sallāna	Sanskrit and Sanskrit-Piṭaka notes; sigla 'သျ။ ဗား'; quotation fragment '(၁) ပဋိသလ္လာနာ-ဝုဋ္ဌိတော'; location reference (Itivuttaka, Dukanipāta, vagga 2, sutta 6)
187638	sallāpa	the second copy of senses (1)–(7) with quotation and citation 'ပါစိတ်'; debris '၆ သလ္လာပါ', 'သလ္လပိတုဗ္ဗ (ဒ၊', 'ကထာသလ္လာပ', '၈၉'; the note on a reading '(ရှေးဆရာတော်သျ၌- ပီတိသမ္မောဒ-မာနာ-ဟု တွေ့ရသည်)'
187640	sallāpaka	Sanskrit note 'သံလာပက-သံ'; stray '['
187643	sallāpattika	analysis 'သလ္လာပ + အတ္ထိက ['; start of the next article '၇ သလ္လာပမတ္တ'
187644	sallāpamatta	quotation
187645	sallāpika	quotation fragment 'အတ္ထသလ္လပိကာ'
187647	sallikhati	Sanskrit and Prakrit notes; '----'
187648	sallikhana	analysis and grammatical note ('ဘာဝလောပ', 'from sallīkhati'); Ardhamāgadhī note
187649	sallikhita	Sanskrit and Prakrit notes; garbled 'ခါတွက်အပ်သော (သျ၊ ဗားး)'; stray '(၂)'
187651	sallīna	Sanskrit, Prakrit and Ardhamāgadhī notes; start of another article '၈ သလ္လီယနာ'; the second copy of senses (1)–(5)
187652	sallīyanā	Sanskrit and Sanskrit-Piṭaka notes; sigla '( သျ။ ထနောင်းဝန်း)'
187653	sallekha	grammatical note 'သလ္လီခတိ-မှ'; Sanskrit and Prakrit notes; the second copy of senses (1)–(5) with citations 'မ၊ ဋီ ၁', 'ကင်္ခါ။ ၂၅၁'; '---'
187656	sallekhakāraṇa	stray '['; start of the next article 'ဝ သလ္လေခကောပန'
187657	sallekhakopana	stray ']'
187659	sallekhaṭṭha	quotation fragment
187660	sallekhaṭṭhañāṇaniddesa	quotation; page number '၁ဝဝ'
187663	sallekhadhutaguṇa	'----'
187664	sallekhana	feminine form 'သလ္လေခနီ'; Sanskrit, Prakrit and Ardhamāgadhī notes; quotation fragment and citation 'ဥဒါန'
187665	sallekhanapaṭipadā	stray '['; start of the next article '၁ သလ္လေခနာဓိပ္ပါယ'; citation 'ဝိသုဒ္ဓိ၊ ဋီ ၁'
187667	sallekhaniya	grammatical note 'နိယ-ပစ္စည်း ကတ္တားအနက်၌ဖြစ်သည်' ('the suffix -niya is in the sense of the agent'); quotation
187671	sallekhapaṭipattimukha	quotation fragment
187672	sallekhapaṭipattiyuttatā	citation 'ဒီ၊ ဋီ ၁'
187676	sallekhapaviveka	quotation fragment '---ဝိဟရန္တိ'
187678	sallekhavantu	start of the next article '၂ သလ္လေခဝိကောပန'
187680	sallekhavihāra	quotation
187687	sallekhākāra	stray ']'
187688	sallekhānusantatavutti	variant 'သလ္လေခါနသန္တတဝုတ္တီ'; start of the next article '၃ သလ္လေခီက'
187689	sallekhika	Sanskrit and Prakrit notes
187690	sallekhita	quotation '(၁) အဟော သလ္လေခိတ'
187691	sallekhitavuttika	stray ']'; quotation fragment
187692	sallekhitācāra	analysis '[ သလ္လေခိတ ဦ အာစာရျ'
187693	sallekhiya	citation 'သာရတ္ထ၊ ၁ဝ'
187694	sava	analysis 'သု+ အ'; Sanskrit, Prakrit and Ardhamāgadhī notes
187695	savaka	label '(တိ)'; Sanskrit note 'သူဝက-သံ'
187696	savaṅka	analysis '[ သဟ ဝင်။ ဓာန်၊ ]'; citation 'အံ၊ ၁ဝ'
187698	savacanīya	analysis 'တစ်နည်း-သ +'; quotations
187699	savacanīyakaraṇa	stray '(၁) (၂)'
187700	savacanīyakaraṇatta	stray ')'
187701	savacanīyatta	analysis '[ သဝစနီယ -+ အတ္ထ'
187703	savaṭākara	variant 'သဝဋာကရ'
187704	savaṭṭuma	run-on article savadhi (တိ): 'တိုးပွားခြင်း အတိုးအပွား-နှင့်တကွဖြစ်-ရှိ-သော' ('accompanied by / having increase, growth'), with quotations; source note 'အဘိဓာန် (အ-ဝဂ်) ၁၅ ပ-မ-သ-စ ၅'; start of the next article 'သဝဇိက'
187707	savaṇa	page number '၁ဝ၈'
187708	savaṇa	quotation; source note 'ဓာန်။ ၆ဝ'
187710	savaṇṭa	stray '['
187711	savaṇṭaka	stray ']'
187713	savaṇṭha	quotation
187714	savati	analysis 'တစ်နည်း- သူ + အ + တိ'; Sanskrit, Prakrit and Ardhamāgadhī notes; quotation with page '၃၉၇-နှာ'
187716	savattabba	analysis 'သဟ -+ ဝတ္တဗ္ဗ ['
187717	savattha	garbled Sanskrit note and gloss 'သံ-၆၀သ္တ=။ ၆၀ဘုရင်၏သား၊ ၆၀သ္တ- (သဝတ္ထ) ၆ သဝတ္ထုက ဘုရင်။ ဝီလျံ'
187718	savatthuka	stray '['; quotations and citations '(က) သဝတ္ထက ၃၄၃)', 'ဝိ၊ ဋ္ဌ ၂', '(ဂ) သဝတ္ထုက', '(စ) ရူပါဒိအာရမ္မဏပဋိလာ-ဘော'
187721	savatthukapaṭiggahaṇa	citation 'ဝိ၊ ဋ္ဌ ၂'
187724	savatthukāma	stray '၇'
187725	savatthukāvatthukādinānatta	quotation
187726	savana	the second copy of senses (1)–(8); quotation
187727	savanakāraṇa	stray '['; quotation
187730	savanakiccanipphatti	quotation fragment 'အဿောသီ”'
187731	savanakiccaviññāṇasamaṅgī	label debris '(တိ]]'; start of the next article '၂၈ သဝနကိရိယာ ၆'
187732	savanakiriyā	citation 'ဣတိဝုတ်၊ (၁၅၄)'
187734	savanakiriyākattupuggala	citations 'ဣတိဝုတ်၊ သံ၊ ဋံ၊'
187735	savanakiriyājotaka	stray '['; quotation
187736	savanakiriyāvisaya	stray '['; quotation
187739	savanagandha	variant 'သဝနဂန္ဓ'
187740	savanacitta	quotation fragment '“သဗ္ဗစေတော”'
187742	savanaṭṭha	quotation fragment 'သဝနဋ္ဌေနာ'
187744	savanattha	stray '(၇)'
187749	savanantara	quotation fragments
187751	savanantika	grammatical note 'သမာသန္တ-က၊ အ-ကို ဣ-ပြု'; stray 'ဝ'; quotation
187754	savanapaññā	stray '""'
187755	savanapaṭibaddha	citation 'ဝိသုဒ္ဓိ၊ ဋီ ၁'
187758	savanapatha	quotation
187761	savanabahula	stray '['
187762	savanabhaya	stray '['
187763	savanamanasikārāyatta	start of the next article '၃၁ သဝနမနောဟာရီ'
187764	savanamanohārī	quotation fragment
187765	savanamaya	stray '['; quotation
187767	savanamukha	stray '['
187770	savanayogadīpaka	analysis 'သဝနယောဂ + ဒီပက'
187773	savanayoggapuggalavacana	stray '['
187774	savanayogyapuggalavacana	citation '(သံ၊ ဋီ၊'
187778	savanavisaya	quotation fragment '(၃) သဝနဝိသယတ္တာ'
187779	savanavelā	stray '['
187780	savanasaṁsagga	stray ') (။'
187781	savanasadda	quotation fragment '“သုယျတီတိ'
187782	savanasamanantara	stray 'ူ'
187784	savanasammasanapaṭivedhañāṇa	start of the next article 'သဝနသီလ'
187786	savanasakhu	quotation
187788	savanahetuka	run-on article savanāṇatti (ထီ): '(၁) နာကြား-နားထောင်-ခြင်း၌စေခိုင်းတိုက်တွန်းခြင်း။ (၂) နာကြား-နားထောင်ခြင်း၌ စေခိုင်းတိုက်တွန်းကြောင်းဖြစ်သော စကား' ('(1) commanding and urging to hear / listen (2) words that are a cause of commanding and urging to hear / listen')
187795	savanādivuttika	start of the next article '၄ သဝနာဓီန'
187796	savanādhīna	stray '"'
187798	savanānuttariya	quotation; citation 'ဒီ၊ ဋီ ၃'
187800	savanābhāva	debris '၍၍မ၆'; quotation fragment 'သဝနာဘာဝတော'; stray '၆ူ'
187802	savanāmata	stray ']'
187803	savanāraha	quotation fragment '“ကဏ္ဏသုခေါ”တိ'
187805	savanī	quotation fragment 'သဝနီ ဧကပဒုမီ'
187806	savanīya	start of the next article '၅ သဝနုပဂ' inside (3); quotations
187808	savanūpacāra	citation 'ပါစိတ်၊'
187809	savanta	feminine form 'သဝန္တီ'; stray '['; garbled '(ယသော'
187810	savanti	page number '၉၀ဝ'
187811	savantī	stray '၂'; source notes 'ဓာန်။ ဓာန်၊ ဋီ'
187813	savammika	quotation fragment 'သဇာလိကာ'
187814	savaya	stray '['; quotation
187815	savara	analysis with source notes 'ဓာန်', 'ထောမ', 'ကောတ္ထုဘ', Sanskrit and Prakrit notes; quotation
187817	savarapariyāya	quotation; source note 'ဓာန်'
187819	savarabhaya	'ကြည့်' (end of a 'see' formula); quotations
187820	savarabhāsā	run-on article savasa (ပု) with analysis: 'မိမိ၏အလို' ('one's own will')
187821	savasa	stray '['; source note 'ဓာန်'
187822	savasavattitābhimāna	quotation; start of the next article '၍ သဝသဝတ္တီ'
187826	savādita	run-on article savāladhi (တိ): 'မြီးဆံ-မြီး-တံ-အမြီး- နှင့်တကွဖြစ်သော' ('accompanied by tail-hair / tail / tail'); page number '၇၅'
187828	savālabījanī	variant 'သဝါလဗီဇနိ'
187833	savāsanapaṭipakkhadhammaviddhaṁsana	stray '] ]'
187834	savāsanapahāna	quotation
187840	savāsanasabbakilesa	stray '['
187841	savāsanasabbakilesacchadana	analysis 'သဝါသနသဗ္ဗ-ကိလေသ + ဆဒန ]'
187842	savāsanasabbakilesappahāna	analysis '[ သဝါသန-သဗ္ဗကိလေသ + ပဟာန'
187843	savāsanasabbakilesappahānadīpana	start of the next article 'ငြံ့ သဝါသနသဗ္ဗကိလေသပ္ပဟာနပုဗ္ဗက'
187847	savāsanasammohaniddā	quotation; citation 'မဏိမဉ္စူ ၁'
187848	savāhana	variant 'သဝါဟန'
187849	savāhinī	citation '( ဓမ္မ၊ မြံ့ ၂ ၁၁၅)'
187850	savāl̤aka	citation 'ဝိသုဒ္ဓိ၊ ဋီ ၂'; quotation
187852	savikappaka	analysis '+ က ['
187853	savikāra	inflected forms '(၁) သဝိကာရာ။ သဝိကာရန'
187854	saviggaha	stray '['
187856	saviggahavīriyasadisa	citation 'ဒီ၊ ဋီ ၁'
187857	savighāta	stray ']'; inflected forms '(၁) သဝိယာတ။ (၂) သဝိဃာတော။ (၃) သဝိဃာတ'
187858	savighātaka	citation 'ပါစိတ်၊'
187859	savicāra	citation 'ဝိ၊ (၂)'
187862	savicikiccha	analysis '+ အ]'; source note 'အဘိဓာန် (အဝင်) ၁၆ ပ-မ-သ-စ ၅'; start of the next article 'သဝိဇ္ဇုက'
187865	saviññattikasadda	quotation fragment 'ဝစနမေဝါ'
187868	saviññattikāsaviññattikabhedadassanappayojana	start of the next article 'သဝိညတ္တိကာဝိညတ္တိကဘေဒဘိန္န ၂၀' inside the definition; citation 'ကင်္ခါ၊'
187869	saviññattikāsaviññattikabhedabhinna	stray '['; run-on article saviññattirūpasamuṭṭhāpana 'the producing of matter accompanied by viññatti'
187873	saviññāṇaka	quotation
187874	saviññāṇakaaviññāṇakappabheda	stray '၂ ['
187875	saviññāṇakaaviññāṇakabherava	analysis '[ သဝိညာဏကအဝိညာဏက -+ ဘေရဝ'
187876	saviññāṇakaasubha	citation 'ဒီ၊ ဋီ ၂'
187884	saviññāṇakasantāna	start of the next article 'ု သဝိညာဏကာဒိဘေဒဘိန္န'
187885	saviññāṇakādibhedabhinna	stray '] ]'
187887	saviññāṇakāviññāṇakaasubhadassana	quotation
187891	saviññāṇakāviññāṇakaratanapura	quotation
187893	saviññāṇakāsubha	quotation; run-on article saviṭṭha (puna): 'အောက်ပုဒ်-ကြည့်' ('see the next entry')
187894	saviṭṭha	stray 'ီ'
187895	saviṭṭhaka	stray '(၇)'; quotations
187896	saviṭṭhā	source note 'ကပ္ပဒ္ဒုမ'; Sanskrit and Prakrit notes; run-on article savitakka (တိ) with Sanskrit note: '(၁) ဝိတက်နှင့်တကွဖြစ်သော' ('(1) accompanied by vitakka')
187897	savitakka	'ပုဒ်။' (fragment of the previous article) and a ditto mark
187898	savitakkaavicāra	analysis bracket fragment '[ သဝိတတ္တ ဦ အဝိစာရံ'
187900	savitakkapaṭisandhi	citation 'အဘိ၊ ၂]'
187901	savitakkasavicāra	quotation fragment '၁ သဝိတက္ကသဝိစာရော'
187902	savitakkasavicāraüpekkhā	quotations (Pāḷi, with OCR debris '] သ ၂)')
187903	savitakkasavicāraüpekkhāphalasamāpatti	quotation
187905	savitakkasavicāradomanassa	run-on article 'ဝိတက္ကသဝိစာရဒေါမနဿဖလသမာပတ္ထိ (ထီ) ဝိတက်နှင့်လည်းတကွဖြစ်, ဝိစာရနှင့် လည်း တကွဖြစ်သော ဒေါမနဿဝေဒနာ၌ ဖြစ်သည့် ဖလသမာပတ်။'
187908	savitakkasavicāradhamma	'----'
187910	savitakkasavicārasamānagatika	quotation
187911	savitakkasavicārasomanassappavattivipassanā	quotation, with the headword 'သဝိတက္ကသဝိစာရသောမနဿဝိပဿနာ' of the next article embedded in it
187913	savitakkasavicārādijhāna	stray ']'
187914	savitakkasavicārādibheda	stray '[ ['
187916	savitakkādivacana	quotation
187919	savitta	ditto mark
187922	savinicchaya	quotation, with the headword 'သဝိနိစ္ဆယာဓိပ္ပါယ' of the next article embedded; citation
187924	savipakkha	headword repeated 'သဝိပက္ခ'
187927	savipassanaariyāmagga	run-on article savipāka (တိ): 'မောဂ်၊ ] (၁) အကျိုးရင်းရှိသော။ (၂) အကျိုးကိုဖြစ်စေခြင်းသဘော-နှင့်တကွ ဖြစ်-ရှိ-သော (သျ။ ဗား)။ (၃) ဝိပါကပစ္စည်းနှင့် တကွဖြစ်သော၊ တေဝီသတိမူလကနည်း။ (၄) သဝိပါကဃဋနာ။ (၅) အကျိုးဝိပါက်-ရှိသည်၏အဖြစ်-၏ ထင်ရှားရှိသည်၏အဖြစ်။ (၆) အကျိုးရှိသော။ (၇) ဝိပါက်နှင့် တကွဖြစ်သော။' with its quotations, printed twice
187928	savipākaṭṭha	quotation fragment 'ဘဝါဘိသင်ါရဏဋ္ဌေန ----'
187931	savipākadhamma	citation 'ဝိသုဒ္ဓိ၊ ဋီ ၂'
187933	savipākāvipākacetanā	stray '['
187936	savipphārika	'---- ဦု်'
187937	savibhaṅgasikkhāpada	title 'သဝိဘင်္ဂသိက္ခာပဒဝဏ္ဏနာ'
187943	savibhāgadhamma	stray '['; 'သဝိဘူသ။ သဝိဘူသ။' (a headword, probably of the next article)
187944	savimhaya	stray '['; citations; quotation
187945	savil̤ākāra	quotation; citation
187947	savivara	stray '['
187948	savivarāvivara	citation
187952	savisaya	stray ']'; analysis 'သ + ဝိသယ'; quotations
187955	savisayabyāpī	'----'
187957	savisayābhinipatana	'----'
187958	savisayāvabhāsana	quotation
187959	savisevana	'၂'
187960	savisesa	bare numbers '၂၆ ၂'; citation
187961	savisesana	stray '['
187962	savisesanadhuvavipāka	quotation '“ဗလဝဝိရဟေ”'
187965	savisesa	'ဘေဒဂတ' (rest of the headword); headword of the next article 'သဝိသေသဘေဒဂတပဋိသမ္ဘိဒါဉာဏ ၂'
187966	savisesabhedagatapaṭisambhidāñāṇa	analysis bracket '[သဝိသေသဘေဒဂတ န ပဋိသမ္ဘိဒါဉာဏ ['
187968	savisesaladdha	quotation
187970	savisesalūkhasabhāva	citation
187971	savisesasaṁvega	analysis 'သဝိသေသ + သံဝေဂါ'; quotation '“ကုက္ကုဠာ”'
187974	savihita	stray '['
187975	savīci	stray '[ ['
187976	savīcika	analysis fragment '( + က'
187977	savīcijarā	run-on article 'သဝုမိ (တိ)။ တိုပွားမှု-အစီးအပွား-ရှိသော။' ('having increase / prosperity'); 'သဥဒြယာ'
187980	savega	stray '['
187985	savedanīya	stray '['; ditto mark; headword of the next article '၃ သဝေဒယိတ'
187989	saveracitta	run-on article 'သေရိ (တိ) ရန်သူ-နှင့်တကွ ဖြစ်- ရှိသော။' ('accompanied by / having enemies')
187991	savevacana	quotation
187992	savhaya	analysis '[သမာန (သဟ) + အဝှယ'; source tag 'ထောမ (ကပ္ပဒ္ဒုမ)'; Sanskrit note '(၇) သာဟ္မယ-သံ'; quotations
187994	sasaṁgha	quotations and citation
187996	sasaṁghamuni	stray '] ['
187997	sasaṁyama	quotation, with the headword 'သသံယောဇန' of the next article embedded
187998	sasaṁyojana	stray '['
187999	sasaṁvedanā	analysis 'သ + သံဝေဒနာ ['
188001	sasaṁsaya	quotations and citations
188002	sasaṁsayadosasamappati	citations
188003	sasaṁsayaparihāra	analysis 'သသံသယ + ပရိဟာရ'
188004	sasaṁsayaparihāralakkhiya	analysis '[ သသံသယ-ပရိဟာရ + လက္ခိယ'; citation
188005	sasa	analysis, source tag (ကပ္ပဒ္ဒုမ) and Sanskrit/Prakrit notes; the senses printed a second time with a quotation
188006	sasaka	analysis and grammarian's note '+ က။ သကတ္ထ၌ က-ပစ္စည်း'; source tag; stray '(၃)'; bare numbers '(-၇၀-၁)'
188008	sasakucchi	run-on article sasakkaṁ: 'သသတ္တံ (ဗျ' with Sanskrit note and a garbled note '…ဖြစ်နိုင်- တတ်စွမ်းနိုင်သော” ဟု ဘာသာပြန်သည်။ ] စင်စစ်အားဖြင့်။'
188009	sasakkaṁ	quotations; ditto mark; citations
188010	sasakkhara	run-on article sasaṅka: source tag and Sanskrit/Prakrit notes, 'လ၊ ယုန်မင်းအမှတ်တံဆိတ်ရှိသော (လမင်း)။' ('the moon; that which bears the mark of the king of hares (the moon)'), quotation
188013	sasaṅkhāra	quotations; citation
188015	sasaṅkhāraparinibbāyī	the opposite term 'အသင်ါရပရိနိဗ္ဗာယီ'; quotation
188017	sasaṅkhārāsaṅkhārāvidhāna	'အရင်'
188018	sasaṅkhārika	running header 'အဘိဓာန် (အ-ဝဂ်) ၁၇ ပ-မ-သ-စ ၇ သသင်္ခါရကမ္မ' inside sense (1); quotations; citation
188021	sasaṅkhārikacitta	stray '['
188026	sasaṅkhārikatihetukakusala	headword of another article '၂၈ သသင်္ခါရိကဘာဝဝစန' embedded; quotation
188028	sasaṅkhārikavipāka	quotation
188029	sasaṅkhārikaviruddha	stray '['
188032	sasaṅkhārupekkhāñāṇa	fragment 'ပေက္ခာဉာဏ'; quotation
188034	sasagodhādiggahaṇa	stray '['
188036	sasajāti	next headword and page number '၉ သသဉ္ဈုံ ၁၆၉'
188040	sasaññī	analysis fragment '+ က။ သမာသ်'
188041	sasaññī	quotation; ditto mark
188043	sasaṁyoga	'သံယောဂ ]'
188044	sasaññogavidhi	stray ']'
188046	sasati	Sanskrit and Prakrit notes 'ဂဂတိ-ခုန်၏၊ ၈သျတိ၊ ဂသတိ -ညှဉ်းဆဲ၏။ ဂွသီတိ-အသက်ရှူ၏။ သသက္က-ပြာ'
188047	sasattika	citation
188050	sasatthahatthūpagata	analysis 'သသတ္ထဟတ္ထ ဥပဂတ ]'; headword repeated
188052	sasatthāvacara	analysis 'သသတ္ထ + အဝစရ'; quotation fragment; citation
188054	sasatthuta	Sanskrit note 'သွျုတ-သံ'; quotation
188056	sasadda	quotation
188057	sasaddakāla	quotation fragments; citation
188060	sasaddhammagaṇa	OCR debris 'ို'; quotation fragment 'သသဒ္ဓမ္မဂဏုတ္တမံ'
188061	sasaddhammagaṇuttama	stray ']'; quotation; citation
188062	sasadhara	analysis '+ အ'; source tag 'ထောမ'; Sanskrit note; citation 'ဓာန်၊'
188063	sasana	analysis 'သသ + ယု။ သသန + တ္တ'; Sanskrit/Prakrit notes; stray '(၇)'; quotation of the names of the wind; citations
188064	sasanaṭṭha	grammarian's note 'တ္ထ-ကို ဋ္ဌ-ပြု'
188066	sasantati	analysis 'သ + သန္တတိ ['
188067	sasantatigata	'----'
188071	sasantatipariyāpannakammanibbatta	stray '['
188074	sasantatipariyāpannarūpanimitta	stray ']'
188076	sasantāna	'----'; citation 'ပါစိတ်၊'
188077	sasantānagata	'----'
188078	sasantānagatamohavidhamana	analysis 'သသန္တာနဂတ + မောဟ -+ ဝိဓမန ]'
188080	sasantānaparasantānagatakilesa	analysis fragment 'ုသသန္တာန +'; OCR debris 'ံ'; headword of another article '၃ သသန္တာနပရသန္တာနဝိဘာဂ' embedded; quotation
188081	sasantānaparasantāvibhāga	stray '[ ['; quotation
188083	sasantānapavana	quotation
188086	sasantānika	analysis fragment 'သ +'
188088	sasantika	stray ']'; analysis 'သ + သန္တိက'
188089	sasandhika	'----'
188090	sasapaṇḍita	stray ']'
188091	sasapaṇḍitakāla	stray ']'
188092	sasapaṇḍitacariya	stray ']'; headword of the next article '၄ သသပဏ္ဍိတစရိယာဝဏ္ဏနာ'
188093	sasapaṇḍitacariyāvaṇṇanā	stray ']'; bare number '၁ဝ၉'
188094	sasapaṇḍitajātaka	bare number '၈ဝ'
188095	sasapaṇḍitajātakavaṇṇanā	stray ']'
188096	sasapaṇḍitajātakakāla	stray ']'
188099	sasabindhu	quotation (names of Viṣṇu); citation; headword of the next article '၅ သသဝိမ္ဗ'
188103	sasabhāva	grammarian's note 'သက-ကို သ-ပြု'; '----'
188107	sasabhāvopacāra	stray '['
188112	sasamuddaparikkhepa	headword of the next article with page number 'သသမုဒ္ဒ-ပရိယာယ (၁၉၃]'
188113	sasamuddapariyāya	quotations; headword of the next article '၆ သသမ္ပယုတ္တ'
188114	sasampayutta	'(-'
188116	sasampayuttajjhāna	'----'
188118	sasambhava	quotation
188120	sasambhāra	'----'; quotation
188121	sasambhāraāpa	quotation
188125	sasambhārakathana	'၇ “'
188126	sasambhārakathā	citations
188129	sasambhāraghānabila	quotation
188133	sasambhārajivhā	quotation
188134	sasambhārajivhāmajjha	quotation, with the headword 'သသမ္ဘာရတေဇောဝါယု' of the next article embedded
188140	sasambhārabila	quotation
188142	sasambhāravāyu	ditto mark
188144	sasambhāravisaya	bare numbers '၂ ၂၆'
188148	sasambhārasotabila	quotation
188151	sasambhārika	analysis '[သဟ သမ္ဘာရသသမ္ဘာရ ဏိက' and grammarian's note 'ဏိက-ပစ္စည်း သွတ္ထ'
188153	sasayoni	stray '['
188155	sasalakkhaṇa	stray '['
188156	sasalañchana	source tag 'ထောမ'; Sanskrit note
188157	sasalañchanayoga	quotation; bare number '၈ဝ'
188159	sasalāka	'သသလေခါ' (next headword) inside the bracket
188160	sasalekhā	stray '['
188161	sasalla	Sanskrit note 'သဂလျ-သံ'; '(မြန်မာပြန်'; quotation
188162	sasavisāṇa	stray '['
188163	sasavisāṇatikhiṇatā	'၂'
188166	sasahāya	Sanskrit note 'သသဟာယ-သံ'; stray '['
188169	sasāgaranta	quotation fragment 'သသာဂရ'; citation 'အပ၊ ဋ္ဌ၊ ၁ဝ'
188171	sasāgaramahidharapathavīkampaka	analysis 'သသာဂရ + မဟိဓရာ + ပထဝီ + ကမ္ပက'; quotation
188175	sasādhanakiriyādīpanasāmañña	quotation
188176	sasādhanasamavāyatta	stray '['; quotation
188177	sasāmañña	stray '['; 'သသာမည်'
188178	sasāmika	quotation fragments '(၁) "။ (၃) “သသာမိကာ”။ သဘတ္တူ ('
188180	sasāmikitthī	analysis 'သသာမိကာ + ဣတ္ထီ'; headword of the next article '၂ သသာမိနိဒ္ဒေသသိဒ္ဓါဘေဒ'
188183	sasāmī	stray '['; quotation
188186	sasāvaka	bare numbers '၁၂၃၊ ၁၄၄'
188187	sasāvakasaṁgha	quotation
188190	sasitthakayāgu	running header and next headword 'အဘိဓာန် (အ- ဝဂ်) ၁၈ ပ-မ-သ-စ ၃ သသိနေဟ ရို၏ ၏----'
188194	sasī	analysis 'သသ + ဤ'; source tags 'ကပ္ပုဒ္ဒုမ။ ထောမ။ ဓာန်၊'; Sanskrit and Prakrit notes; quotations
188195	sasīkanta	source tag 'ထောမ။ ]'
188196	sasīkara	headword of the next article 'သသီကရသွစ္ဆသီလာစာရ-'
188197	sasīkarasvacchasīlācāra	analysis 'သသီကရ .+ သုအစ္ဆသီလာစာရ ၂]'
188199	sasīla	stray '['; run-on article 'သသီသ (တိ) ဦးခေါင်းနှင့် တကွဖြစ်သော။' ('accompanied by the head')
188201	sasīsanhāna	quotation
188202	sasu	headword of the next article '၄ သသုခတာ' inside the bracket
188205	sasukhumarūpaviññāṇasahitadhammasamudāya	quotation
188207	sasuddhodhana	stray '['
188208	sasura	Sanskrit and Prakrit notes
188212	sasurasaddalopa	analysis 'သသုရ+ သဒ္ဒ + လောပါ'
188215	sasūkasālirāsi	stray ']'
188216	sasūci	headword of the next article and debris '၅ သသူစိက ၂၂၂၂၂'
188219	sasūla	stray '['; 'ဝိသူစိက'
188220	sasetacchatta	stray ']'
188221	sasena	citation '(၂) (ထေရ ၃၅၄)'
188226	sasela	Sanskrit note 'သရဲ လ-သံ'
188229	sasesasampayuttadhamma	quotation
188235	sasneha	quotation fragment '(၂) ဟော'; citation
188236	sassa	analysis, grammarians' notes, source tags and Sanskrit/Prakrit notes before the gloss
188239	sassakāla	stray '['
188240	sassakāla	grammarian's note 'မဇ္ဈေလောပ'; quotation
188242	sassakhādana	stray '['; headword of the next article '၇ သဿခါဒနကာရဏ'
188244	sassaghāta	stray ']'; citation
188246	sassata	analysis and grammarians' notes; source tags; Sanskrit/Prakrit notes; stray '(ပ)'; quotation '(၂) သဿတေ'
188247	sassata	analysis 'သဿတိ + အ'
188248	sassataggahaṇākārapavatta	quotation
188252	sassataggāhapubbaṅgama	headword fragment and label '္ဂမ (တိ) ]'; quotation
188254	sassataggāhakāraṇa	quotation
188255	sassataggāhamukha	headword of the next article '၈ သဿတဂ္ဂါဟာဘာဝ'
188256	sassataggāhābhāva	'----'
188260	sassatadiṭṭhādisahagata	stray '['
188261	sassatadiṭṭhi	quotation fragment; citation
188262	sassatadiṭṭhika	'ကြည့်'
188263	sassatadiṭṭhigata	quotation fragment
188264	sassatadiṭṭhigatasannissita	quotation
188266	sassatadiṭṭhinissita	quotation
188267	sassatadiṭṭhippahāna	stray ')'; analysis 'သဿတဒိဋ္ဌိ + ပဟာန'
188268	sassatadiṭṭhibhaya	analysis 'သဿတဒိဋ္ဌိ + ဘယ'
188269	sassatadiṭṭhisaṅgaha	'----'; bare numbers '(၄၂၉၊ ၄၃၅၊ ၄၃၉၊ ၄၄၅)'
188271	sassatadiṭṭhisahagata	analysis '[သဿတဒိဋ္ဌိ ဦ သဟဂတ'
188272	sassatadiṭṭhisahagatarāga	ditto mark
188276	sassatabhaya	analysis 'သဿတ + (ဒိဋ္ဌိ) + ဘယံ'
188277	sassatabhāvañāpakacchāyā	headword repeated 'သဿတဘာဝဉာပကစ္ဆာယာယ်'
188278	sassatabhāvappaṭikkhepa	stray '['
188279	sassatabhāvābhinivesa	analysis 'သဿတဘာဝ ဝ သဿတယောဂ + အဘိနိဝေသ'
188280	sassatayoga	stray '['
188283	sassatavāda	analysis fragment '+ ဏ။ )'; citation; quotation
188286	sassatavādādiabhinivesa	headword of the next article 'သဿတဝါဒါဒိက ရို။ -'
188291	sassatavādī	ditto mark
188297	sassatākāra	'----'
188298	sassatākāraggahaṇa	quotation
188300	sassatādiantavinimutta	'----'
188301	sassatāādiākāra	stray '('
188304	sassatādiggāha	headword fragment 'ဂါဟ' and stray '['
188307	sassatādidiṭṭhipaṅka	stray ')'; analysis 'သဿတာဒိဒိဋ္ဌိ + ပင်္ကါ'; '----'
188308	sassatādidiṭṭhipaṅkanimugga	'----'
188309	sassatādinānākāra	stray '['
188310	sassatādinimitta	debris ') ]'; headword of another article '၃ သဿတာဒိပညာပန ရိ'; headword repeated 'သဿ-တာဒိနိမိတ္တ'
188312	sassatādiparikappa	stray '['
188313	sassatādibhāvakittana	analysis 'သဿတာဒိ + ဘာဝ + ကိတ္တန'; quotation
188315	sassatādimicchādassana	quotation, with the headword 'သဿတာဒိမိစ္ဆာဘိနိဝေသဒူသိတ ၂၈' of the next article embedded
188316	sassatādimicchābhinivesadūsita	stray '['
188317	sassatādimicchābhinivesī	analysis '] + ဤ ၂]'; '----'
188318	sassatādivāda	citation
188320	sassatādivipallāsa	stray ']'; quotation; headword of the next article and debris '၄ သဿတာဒီသဘာဝ ရီ။ ေ-ေ။ က-'
188321	sassatādisabhāva	quotation
188324	sassatābhinivesa	'----'
188325	sassatābhinivesavisesa	stray '['; citation
188326	sassatābhinivesasahagatarāga	'----'
188327	sassatābhinivesī	'----'
188329	sassatāmatatāṇaleṇādisabhāva	stray '['
188331	sassatāhetuvisamahetuvasavattivādappabheda	stray '['; headword of the next article '၅ သဿတိ သဿတံ' embedded; '----'
188333	sassatī	ditto mark
188334	sassatika	Sanskrit note 'ဂါဂ္ဂတိက-သံ'; citation
188336	sassatisamasadda	stray ']'
188340	sassatucchedaggāhaka	fragment '(ဂ္ဂါဟော။'; headword of the next article '၆ သဿတုစ္ဆေဒဂ္ဂဟဏ'
188342	sassatucchedaggāhanajātika	'၂'; 'ဥ၉'
188344	sassatucchedadiṭṭhi	stray '['
188345	sassatucchedadiṭṭhinissita	quotation
188346	sassatucchedadiṭṭhisaṅgaha	'----'
188347	sassatucchedadiṭṭhisahagata	'----'
188348	sassatucchedanta	'----'
188350	sassatucchedabhaya	quotation fragment; bare numbers '၂ ၁၃၁။ ၁၃'
188351	sassatucchedabhāvanimitta	analysis debris 'တ္တ ရရာ ဘာဝ န+ နိမိတ္တ'; debris '် [ဋီရ'
188354	sassatucchedākāra	quotation fragment
188355	sassatucchedādigāha	'၂ ဂါဟ ['
188356	sassatucchedābhinivesa	'(-'
188357	sassadūsaka	stray '['
188359	sassanāl̤a	stray '['
188360	sassanipphatti	quotation
188363	sassaparibuddhi	analysis 'သဿ + ပရိဗုဒ္ဓိ-ပရိဝုဒ္ဓိ'
188364	sassapākakāla	quotation fragment '(နိက္ခန္တုံ'
188366	sassapāyana	headword of another article '၈ သဿ ပါရိပူရီ'; analysis '- ယု-ပါယန။ (န)'; Sanskrit note; '----'
188367	sassapāripūri	quotation
188369	sassaphala	quotation
188373	sassamaṇa	quotation
188374	sassamaṇabrāhmaṇavacana	quotation
188375	sassamaṇabrāhmaṇādiggahaṇa	rest of an analysis bracket 'သဿမဏ-ဗြာဟ္မဏ + အာဒိ + ဂဟဏ]'
188376	sassamaṇabrāhmaṇādivacana	stray brackets '[ ['
188377	sassamaṇabrāhmaṇī	list of inflected forms with ----; source reference 'အဘိဓာန် (အ-ဝဂ်) ၁၉ ပ-မ-သ-စ ၉'; next headword 'သဿမဏဗြာဟ္မဏီဝစန'
188378	sassamaṇabrāhmaṇīvacana	'--။'
188379	sassamāna	grammarian's note 'ဒိဝါဒိဝိုဏ်း၊ ဝီလျံ'; analysis 'သသယမာန=သဿမာန'; inflected form 'သဿမာနော'
188380	sassamedha	'+ ဏ' (rest of analysis); 'ဓာန်၊' (source fragment)
188381	sassara	stray bracket '['
188384	sassarasadda	stray quotation marks
188388	sassavipatti	analysis 'သဿဿ + ဝိပတ္တိ'
188389	sassasaṅgaha	stray brackets '[ ['; stray 'ဝ'; next headword 'သဿသဒိသ'
188391	sassasamaya	stray brackets '[ ['
188392	sassasampatti	stray bracket '['
188394	sassasampattidāyaka	feminine form note 'ထီ-၌ --ဒါယိကာ'; 'မဟာဂမ' (source or run-on fragment)
188398	sassasāmī	stray bracket '['
188401	sassāmika	Sanskrit note 'သွာမိက-သံ'; grammarian's note 'သ-ဒွေဘော်ပြု'; '(၂) ----။ ၅၁ “။'
188402	sassāmikamaccha	stray bracket '['; quotation fragment 'ယာဝ "”'; run-on article sassirika with its bracket and Sanskrit note: 'သဿိရီ (ရီ) က (တိ) + က။ ဂြက-သံ။ ] ဘုန်းကံ-ကြက်သရော မင်္ဂလာ-တင့် တယ်ခြင်းစသည်-ရှိသော။' and its quotation 'သဿိရိကေနာ တိ သရီရ-သောဘဂ္ဂါဒိသင်ါတာယ။ ဧဝံ'
188403	sassirika	quotation fragment 'န္တိ -သသောဘံ ကတွာ'
188405	sassirikacārudassana	quotation fragment 'ဌပိတပဝါ-ဠငက်ုရသဒိသေဟိ။ ၈ဝ။'
188407	sassirikadassana	'----'
188408	sassu	Sanskrit note 'ဒမြူ-သံ'; Prakrit note 'သဿူ-ပါကတ'; stray bracket '['
188409	sassuṭṭhānaka	'၆၀ဝ' (page number)
188411	sassudeva	'=။'
188413	sassupaddava	quotation 'ဤတိနိပါတေနာတိ ဝိသမဝါတ… နိပါတေန ဝါ'
188414	sassura	source fragment 'မာန်၊ ၂'; quotation 'သဿုဝတ္တံ'; grammarian's note 'ဆန်းကြောင့် သ-ကိုဒွေဘော်ပြု'; Sanskrit note 'ဌွစုရ-သံ'; brackets
188415	sassuvatta	'---'
188419	sassusasurasāmikavatta	analysis 'သဿုသသုရ-သာမိက + ဝတ္တ ]'
188420	sahaṁpati	grammarian's note 'ကချေ၊ နိဂ္ဂဟိတ လာ။ ]'
188421	saha	grammarian's note (ကောတ္ထုဘ, analysis သ + ဓာ + အ, Ardhamāgadhī); second listing with quotations and citations (ပစ္စယတာ …, ဝိသုဒ္ဓိ ဋီ)
188422	saha	analysis 'သဟ + အ'; truncated quotation fragment '(၂) သဟောရု'
188423	saha	citations '(ဗြိဟတ်။ ဓာန်။ စောစ္စတေ။'
188425	sahaka	'+ ကွို'; quotation '(က) သဟမ္ပတိဿာ တိ … နိဗ္ဗတ္တော'; '(ခ) -----'
188427	sahakathā	stray bracket '['; quotation fragment 'သာကစ္ဆာယာ'
188428	sahakathī	analysis 'သဟကထာ + ဤ'; feminine form 'ထီ၌ သဟကထိနီ'; debris '" ံ ၄ ”'
188429	sahakapati	variant '"သဟပတီ” "'; run-on article 'သဟကမ္မသမ္ဘာရ (တိ) [ (ကုသိုလ်အကုသိုလ်ကံ) ၏ အကြောင်း အဆောက်အဦ-နှင့်တကွဖြစ်သော'
188430	sahakaraṇa	quotation 'န ဟိ သဟကရဏံ ဝိဇ္ဇတိ'
188432	sahakāra	analysis '+ ဏ'; '(ပမုဒံ)'; 'ဓာန်၊'; notes 'သဟကာရာသံ၊ ပါကတ၊ အဒ္ဓမာဂဓီ]'
188433	sahakāraṇa	quotation 'သဟကာရဏဘူတာနိ … ဝေဒိတဗ္ဗံ'
188435	sahākārī	feminine form 'ထီ-၌ သဟကာရိနီ'; Sanskrit, Prakrit and Ardhamāgadhī notes
188438	sahakārīkāravikala	'၅ သဟကာရီကာရဏသနဇ' (page number and next headword) inside the line
188439	sahakārīkāraṇasannijjha	stray bracket '['
188440	sahakārīkāraṇasamavāyalābha	quotation 'အဝိပက္ကဝိပါကံ … ဝုတ္တံ'
188441	sahakārīkāraṇāyatta	quotation 'ဧတ္ထ စ … ဒဋ္ဌဗ္ဗာ'
188442	sahakārīpaccaya	'----'
188443	sahakārīpaccayavisiṭṭha	stray bracket '['; quotation '--တတံ တံ … ဒဿေတိ'
188444	sahakārīpaccayantaragata	quotation '---သဟကာရီပစ္စယန္တရဂတံ ဥပကာရံ လဘန္တိ'
188448	sahakhel̤a	'----'
188450	sahagata	garbled summary list '(၁) ထိုတွဲဖက်ပုဒ်၏အနက် တဗ္ဘာဝ။ ရောပြွမ်းသော။ ၄) အာရုံ။ နီးနှေ တကွဖြစ် သော'; quotations 'နန္ဒနတော … တတြာဘိနန္ဒိနံ' and 'တဗ္ဘာဝတ္ထော ဟိ ဧသ သဟဂတ-သဒ္ဒေါ'; '----'
188451	sahagatacitta	stray bracket ']'; quotation 'အဘိညာစိတ္တေနာတိ … သင်ါတာဟိ'
188452	sahagatajjhāna	run-on article 'သဟဂတသညာ (ထီ) [ [ တကွဖြစ်သော-အမှတ်-သညာ။ ----'
188455	sahagamana	'၇ သဟဂါမီ ၂၂၂၂' (page number and next headword) inside the line
188456	sahagāmī	'(ခ) "'
188458	sahagāraseyya	analysis 'သဟဂါရသေယျာ + ဏါ'
188459	sahagāraseyyāpatti	'---.'
188460	sahacara	citation 'အနုဋံ ၁'
188461	sahacaraṇa	analysis '+ ယု'; '(တိ)'; Sanskrit note 'သဟစရဏ-သံ'; '(၂) ----'
188462	sahacaraṇaka	quotation fragment 'တေနာဟ'
188463	sahacaraṇañāya	analysis 'သဟစရဏ + ဉာယ ['
188464	sahacaraṇanaya	'၈ သဟစရဏပရိစယ “' (page number and next headword)
188465	sahacaraṇaparicaya	analysis 'သဟစရဏ + ပရိစယါ'
188466	sahacaraṇalakkhaṇa	stray quotation marks
188467	sahacaranta	analysis 'သဟ + စရ+ အ-+ အန္တ'; feminine form 'သဟစရန္တီ'; Sanskrit note 'သဟစရတ်-သံ'
188468	sahacarita	stray bracket '['; citation 'ဝိမတိ၊ ၁ဝ'
188470	sahacaritabbadhamma	quotation fragment 'သဟဓမ္မိကေဟီ'
188473	sahacārī	feminine form 'သဟစာရိနီ'; Sanskrit note 'သဟစာရိန်-သံ'; quotation fragment 'ဒေသနာသင်ါါတဿ'
188475	sahaja	'၉ သဟဇအရူပါနုပါလန' (page number and next headword); quotation fragments '(၁) သဟဇာပီ။ (၃) သဟဇာ'
188479	sahajanetta	inflected form 'သဟဇနေတ္တာ'
188481	sahajapubbaṅgamadhamma	quotation fragment 'သဟဇပုဗ္ဗင်္ဂမဓမ္မေနာ'
188482	sahajarūpa	debris '([ (ပရသိဖြေတု့ှ'
188483	sahajarūpakāya	analysis 'သဟဇ + ရူပကာယ'
188484	sahajarūpadhamma	analysis 'သဟဇ + ရူပဓမ္မ'
188489	sahajāta	grammarian's note 'န-ကို အာ-ပြု'; Sanskrit note 'သဟဇာတ-သံ'; quotation fragments '(၁) သဟဇာတော။ သဟဇာတဘာဝေနာ'
188490	sahajāta	stray '['
188498	sahajātakammapaccaya	quotation 'ကုသလာဒီသု ဟိ … ဝုစ္စတိ'; '၃၇၄-'
188500	sahajātakusala	quotation 'ဌပေတွာ ပန … ဟောတိ'
188501	sahajātakoṭi	'၅၂ သဟဇာတဂဏန (။ ၄၆၄)' (page number and next headword)
188502	sahajātagaṇana	stray bracket '['
188504	sahajātaggahaṇa	analysis 'သဟဇာတ + ဂဟဏ'; quotation 'သဟဇာတတဏှာ … ဒဿနတ္ထံ'
188505	sahajātaghatana	headword spelled 'သဟဇာတဃဋနာ'
188506	sahajātacakkhusamphassa	next headword 'သဟဇာတစက္ခုသမ္ဖဿာဒိသမုဒယ-'
188508	sahajātacitta	quotation 'အထ ခေါ … ဥပ္ပဇ္ဇန္တိ'
188511	sahajātachanda	stray bracket '['
188512	sahajātaṭṭha	grammarian's note 'တ္ထ-ကို ဌ-ပြု။ ၁ဝ၇'; stray bracket; '၃ သဟဇာတတဏှာ' (page number and next headword)
188514	sahajātataṇhāpaccaya	analysis 'သဟဇာတတဏှာ + ပစ္စယ'
188515	sahajātataṇhāpaccayanibbatta	stray bracket ']'
188518	sahajātatthipaccaya	quotation 'ဝိပါကတော ပန … ပစ္စယော'
188521	sahajātadhammacittatā	quotation 'အပိ စ စိတ္တံ … ဝေဒိတဗ္ဗံ'
188522	sahajātadhammānupālana	analysis 'သဟဇာတဓမ္မ + အနုပါလန'; '၄ သဟဇာတနာနာက္ခဏိကဝိဘာဂ' (page number and next headword)
188524	sahajātanāma	quotation 'ပဋိသန္ဓိဝိညာဏဉှိ … ဝုတ္တံ'
188525	sahajātanāmadhamma	analysis 'သဟဇာတ + နာမဓမ္မါ'
188527	sahajātanāmasamūha	stray brackets '] ['
188528	sahajātanibandhana	stray bracket ']'; inflected form 'သဟဇာတနိဗန္ဓနေဟီ'
188531	sahajātanissayapaccaya	quotation 'ဒုတိယေ သဟဇာတပစ္စယေ … ဂစ္ဆန္တိ'
188532	sahajātapaccaya	source reference 'အဘိဓာန် (အ-ဝဂ်) ၂၀ ပ-မ-သ-စ ၅'; next headword 'သဟဇာတပစ္စယကရဏ' inside the line; quotation lists '(၁) ဟေတုပစ္စယော … အဝိဂတပစ္စယောတိ။ (၂) အညမည်'
188533	sahajātapaccayakaraṇa	headword repeated 'သဟဇာတပစ္စယကရဏ'
188540	sahajātapaccayavibhaṅga	quotation 'တံ န ဝုတ္တံ … ဘဝေယျ'
188541	sahajātapaccayasadisa	quotation fragment '"”တိ'
188542	sahajātapaccayādiniddesa	stray bracket ']'; quotation 'သဟဇာတပစ္စယာဒါနိဒ္ဒေသာ ဥတ္တနတ္ထာယေဝ'
188543	sahajātapaññatti	inflected form 'သဟဇာတပညတ္တီ'
188544	sahajātapariccheda	stray bracket ']'; citation 'ဒီ၊ ဋ္ဌ ၂'
188546	sahajātapītivega	'----'
188548	sahajātapurejātamissaka	stray bracket ']'
188549	sahajātaphassa	stray bracket '['; '၇ သဟဇာတမတ္တ ၂၂၂၂' (page number and next headword) inside the line
188552	sahajātamanosamphassasamudaya	quotation 'သဟဇာတမနောသမ္ဖဿသမုဒယာ … ဝေဒိတဗ္ဗော'
188555	sahajātamūlavantu	stray bracket ']'
188556	sahajātarūpa	quotation 'ယာနိ ပနဿ … သဟဇာတရူပါနိ'
188557	sahajātarūpakāya	stray quotation mark
188559	sahajātarūpatthipaccaya	'၂၈ သဟဇာတရူပဓမ္မ' (page number and next headword) inside the line
188560	sahajātarūpadhamma	analysis 'သဟဇာတ - ရူပဓမ္မ'
188566	sahajātaviññāṇapaccaya	stray bracket '['; '----'
188567	sahajātaviññāṇapaccayānapekkha	citation 'ဝိသုဒ္ဓိ၊ ဋီ ၂'
188569	sahajātavippayutta	stray ')'
188570	sahajātavippayuttapaccaya	quotations '(၁) ဧဝံ ဘိန္နေ … ဟောတိ။ (၃၈၃)' and '(၂) ဒုတိယေ … ဂစ္ဆန္တိ'; '၉ သဟဇာတဝိဘင်္ဂ' (page number and next headword) inside the quotation
188571	sahajātavibhaṅga	quotation 'ဝတ္ထု ခန္ဓာနံ … ဝုတ္တံ'
188572	sahajātavibhāga	stray bracket ']'
188576	sahajātasaññā	garbled 'အနိစ္စသည သည်'
188577	sahajātasadisa	analysis '[သဟဇာတ န- သဒိသါ'
188578	sahajātasadda	quotation fragment 'သဟဇာတသဒ္ဒေါ "'
188579	sahajātasabbaññutañāṇacakkhu	inflected form 'သဟဇနေတ္တာ'
188581	sahajātasampayuttadhamma	stray bracket '['; 'ဝ သဟဇာတ သမ္ဖဿ' (stray letter and next headword); quotation 'ယထာ ပတွာ … ဟောတိ'
188584	sahajātasīlādiguṇayoga	stray bracket '['
188585	sahajātasukhasaññā	stray bracket '['
188586	sahajātahetu	garbled '၍-။ မ'
188587	sahajātādika	analysis '+ က'; quotation fragment '“ စာ"တိ'
188589	sahajātādipaccaya	debris '"။ (-၃၄ ၂၂'
188592	sahajātapaccayanaya	stray bracket '['
188594	sahajātapaccayavidhi	analysis '[ သဟဇာတာဒိပစ္စယ ဝိဓိ'
188596	sahajātādibheda	stray bracket '['
188600	sahajātādisādhāraṇapaccaya	stray bracket ']'
188602	sahajātādhipatipaccaya	quotation 'ဆန္ဒဝီရိယ … ဝေဒိတဗ္ဗာ' with '၂ သဟဇာတာဓိပတိရဟိတ' (page number and next headword) inside it
188607	sahajātānusaya	analysis 'သဟဇာတ + အနုသယ'
188608	sahajātayanusayana	quotation 'ဘဝရာဂါနုသယာ +သဟဇာတာနုသယနဝသေ “'
188609	sahajātābhidhāna	stray bracket '['; stray quotation mark
188610	sahajātāyattabhāvagamana	headword repeated 'သဟဇာတာယတ္တဘာဝဂမန'
188611	sahajātāyattabhāvūpugamana	analysis 'သဟဇာတာ ယတ္တဘာဝ + ဥပဂမန'
188612	sahajātārammaṇa	stray '('
188614	sahajātūpanissayasīla	stray quotation mark
188615	sahajāti	quotation fragment 'ဧကံ သမယ်'
188618	sahajīvamāna	note 'သဟဇီဝန်' (related headword); stray bracket '['
188619	sahajīvī	analysis 'တစ်နည်း-သဟ + ဇီဝ + ဏီ'; feminine form 'သဟဇီဝိနီ'; Sanskrit note 'သဟဇီဝိန်-သံ'
188621	sahajekaṭṭhasampayuttasaṅkhārakkhandhapariyāpanna	quotation 'ဣတရော “ အညမည် ဒဿေတိ'
188622	sahañcanika-sahañcaniya	grammarian's note 'ယ-ကို က-ပြု'; debris '(ယု … န)ာာ]ပျ'
188624	sahaṭṭhāna	analysis '] + ယု'; Sanskrit note 'သဟသွာန-သံ'; quotation 'တေသံ ဒွိန္န … ပဋိက္ခိတ္တံ။ (-'
188625	sahaṭṭhānadosāpatti	quotation 'ဇာနနစိတ္တဿပိ … ဟောတီ"တိ'
188629	sahatā	analysis 'သဟတာ + သုံ'; run-on article sahati with Sanskrit / Prakrit forms, six senses (endures; overpowers; is able; accepts; is; makes float / blows away), duplicate, quotation and list of inflected forms
188632	sahattha	Sanskrit form; note 'mostly written sahatthā …' with lost quoted forms
188633	sahattha	Sanskrit form; quotation 'သဟတ္ထော ဟေသ သမ-သဒ္ဒေါ'
188634	sahattha	fragment 'အနက်ဟော။ [' (tail of a note); '၂၉ သဟတ္ထကရဏ' (page number and the next headword)
188635	sahatthakaraṇa	analysis debris ']'
188638	sahatthipa	source notes 'ဟတ္ထော ရောဟော၊ ကပ္ပဒ္ဒုမ'; Sanskrit note 'ဟသ္မိံပေါ- သံ'; stray bracket; headword repeated 'သဟတ္ထိပ'
188639	sahatthavejja	fragment 'သာထဗ္ဗန'
188640	sahatha	stray bracket '['
188641	sahadaṭṭha	grammarian's note 'သစတ္တပပုဒ်ကဲ့သို့ ယုဂပဒတ္ထသဟနှင့်တွဲစပ်သော အဗျယီဘော သမာသ်တည်း၊ ပုလ္လိင်နှင့်ရှိသည်ကား အထူး' (an abyayībhāva compound with saha in the sense of simultaneity, peculiar in being masculine)
188642	sahadaratha	'၂'; 'ရိ'
188645	sahadhamma	quotation 'ဝဒတု သဟဓမ္မေနာတိ သဟဓမ္မိကေန ဝဒတု'
188646	sahadhamma	Sanskrit form; quotation fragments 'သဟဓမ္မေန။ (၃) သဟဓမ္မေန'
188647	sahadhamma	stray '[ ['
188650	sahadhammika	analysis '] သဟ -+ ဓမ္မ-သဟဓမ္မ + … ဣက (ဏိက)' with '၅၈ သဟဓမ္မိကဝဂ္ဂ' (page number and next headword) inside it; Sanskrit notes 'သဓာမိန်-သံ။ သဟဓာမိက-သတ္တတပိဋက'; quotation fragments and citations '(၁) သဟဓမ္မိကော။ ပါစိတ်၊ (၂) (ကခ) သဟဓမ္မိ-ကေဟီ။ (ဃ) သဟဓမ္မ စာရီးကြည်'
188652	sahadhammikavajja	quotation fragment '(တေ) ဗာဟိရကာ'
188653	sahadhammikasākacchā	'----'
188654	sahadhammikasikkhāpada	stray bracket '['
188656	sahadhātu	citation 'ပါစိတ်'; '၉' and quotation fragment 'သဟနံ'
188657	sahana	trailing '(ထီ၊ န) (၂)' (start of the quotation section)
188659	sahanandī	analysis '+ ဏီ'; stray bracket '['
188661	sahanādiattha	run-on article 'သဟနုတ္တမ (တိ) [ = + အ။ ] ကျော့ကွင်း၌ သွင်းသော (အနုသယ) အထုံးအဖွဲ့နှင့် တကွဖြစ်သော'
188663	sahanti	label fragment '(ကြို'; quotations '(၁) အဝိသယှသာဟီ။ ဝ သဟန္တီ (၃၈၀)။ (၂) သဟန္တီ'
188664	sahantī	quotation fragment '"”တိ'
188666	sahapaṁsukīl̤akasahāya	'-'
188667	sahapaṁsukīl̤anaka	'နက' (analysis fragment); Sanskrit note 'သဟပါသုကြီဍနက-သတ္တတပိဋက'; stray bracket
188668	sahapaṁsukīl̤ika	grammarian's notes 'တ-ကိုက-ပြု။ တနည်း သဟပံသုကီဠာ + ဣက'; Prakrit and Ardhamāgadhī notes; debris '၍-မမမ်မမမမ််'; feminine form 'ကာ သဟပံသုကီဠိကာ'
188669	sahapaṁsukīl̤ita	Sanskrit note 'သဟပါသုကြီဍိတ-သံ'; stray bracket
188670	sahapaṁsukīl̤itasahāyaka	quotation 'တေ ဧကဒိဝသံယေဝ … အဟေသုံ'
188671	sahapaññatti	stray bracket '['
188672	sahapaṭilābhacatukka	stray bracket '['
188673	sahapatita	analysis '+ တ'; quotation 'သမုပဗျူဠှော … တသ္မာ ဝုတ္တံ “' with source reference 'အဘိဓာန် (အ-ဝဂ်) ၂၁ ပ-မ-သ-စ ၁' and next headword 'သဟပတိဿယ' inside it
188676	sahapayogadukkaṭa	'----'
188680	sahaparibhuñjanattha	analysis '[ သဟပရိဘုဉ္ဇန န အတ္ထု'; quotation '----သဟပရိဘုဉ္ဇနတ္ထာယ … ပတ္ထေန္တိ'
188681	sahaparivāra	stray bracket '['
188682	sahapavatta	analysis '(ဝတ္တု) + အ'; stray bracket
188683	sahapavattana	analysis '(ဝတ္တု) + ယု'; stray bracket
188685	sahapavattamāna	analysis '(ဝတ္တု) + အ+ မာန'; stray bracket
188686	sahapavatti	'----'; '၂၂ သဟပဝတ္တိပရိယာယ' (page number and next headword)
188690	sahapesuṇa	fragment 'စာ'
188691	sahappavatta	grammarian's note 'ပ-ဒွေဘော်ပြ'; citation 'မ၊ ဋီ ၁'
188692	sahappavatti	grammarian's note 'ပ-ခွေးဘော်ပြု' (for ဒွေဘော်ပြု)
188695	sahabya	citation 'ဒီ၊ ဋီ ၁'
188696	sahabya	stray bracket ']'
188698	sahabyagata	'(-'
188699	sahabyasadda	stray bracket; debris 'သဟဗျတ။ သု့ာ'; next headword 'သဟဗျူပဂ'
188700	sahabyūpaga	'----'
188701	sahabrahmaloka	'----'
188702	sahabhaṇḍāhāraka	analysis 'သဟ + ဘဏ္ဍဟာရကါ'; headword repeated 'သဟဘဏ္ဍဟာရက'
188704	sahabhavanamatta	quotation 'ဝတ္ထုရူပမတ္တမ္ပီ … ဝါ'
188705	sahabhavika	grammarian's notes 'သဟဘဝိတ၊ တ-ကို က-ပြု။ တစ်နည်း-သဟဘဝ + ဣက'; fragment 'သဟဘူမီ'
188709	sahabhāvapaṭikkhepa	analysis 'သဟဘာဝ + ပဋိက္ခေပါ'
188711	sahabhū	'(၇)'
188712	sahabhūta	analysis '+ တ'; Sanskrit note 'သဟဘူတ-သံ'; stray bracket
188713	sahamacchara	fragment 'စာ'
188714	sahamanodvārāvajjanaka	next headword 'သဟာဝဇ္ဇနကဇဝန'
188716	sahamudda	source note 'ကပ္ပဒ္ဒုမ။ ]'
188717	sahampati	grammarian's notes 'က-ကို ချေ။ နိဂ္ဂဟိတ်လာ'; Sanskrit note 'သွယမ္ပတိ-သံ'; 'သတ္တတပိဋက-၌ သဟမ္ပတိသဟာပတိ'; quotations '(က) သဟမ္ပတိဿာ။ (ခ) သဟကော နာမ … သဉ္ဇာနန္တိ'
188718	sahampatibrahmā	stray quotation mark; quotation '----သဟမ္ပတိဗြဟ္မုနာ … ဘဂဝတာ'
188719	sahampatimahābrahmā	citation 'ဒီ၊ ဋီ ၂'
188720	sahampatiyāca	'၅'; citation and quotation 'ခုဒ္ဒ ဒိဇာထ သဟမ္ပတိယာစံ'
188722	sahayuttapada	analysis 'သဟယုတ္တ + ပဒ'; quotation 'သဟယုတ္တပဒေဟိ … ပဉှာ'
188725	sahayogakkhama	grammarian's note 'ဘာဝပ္ပဓာန' (abstract sense); stray bracket
188727	sahayogapatta	'----'
188729	sahali-sahalī	analysis '(သဟ + လာ + ဏီ?)'; Sanskrit note 'သတ္ကတပိဋက၌ သဟလိန်သဟဠိန်'; quotation fragment '(၂) သဟလိ စာ'
188731	sahalihitaṅga	headword variant 'သဟလောဟိတင်္ဂ'
188733	sahavattanaka	quotation 'သလ္လေဟိ သဟဝတ္တနတော'
188734	sahavattī	analysis '(ဝတ္တု) + ဏီ'; Sanskrit note 'သဟဝတိန်- သံ'
188735	sahavasanta	'----'
188736	sahavālabījani	quotation 'သဝါလဗီဇနိ န္တိ သဟဝါလဗီဇနိ'
188737	sahavāsa	quotations '(၁) သံဝါသော။ (၂) သဟဝါသော ဧကတော ဝါသော'
188738	sahavāsagata	quotation 'တံ အနုကမ္ပိတဗ္ဗံ … အရဟတိ'
188739	sahavāsī	inflected form 'သဟဝါသီန'
188741	sahavipassana-sahavipassanaka	analysis 'ဝိပဿနာ + အ + (က)'
188742	sahavutti	'၂၇ သဟသံဝဏ္ဏန' (page number and next headword) inside the line; '၁ဝ၅'
188744	sahasaṁvāsa	Sanskrit note 'သဟသံ-ဝါသ-သံ'
188746	sahasadda	quotation 'သဟသဒ္ဒေန သမာနတ္ထော သံ-သဒ္ဒေါ'
188748	sahasā	source note 'ကောတ္ထုဘ'; Sanskrit/Prakrit/Ardhamāgadhī notes; stray bracket; citation 'ဝိ၊ ဋ္ဌ ၁'; quotation fragments 'သဟသာဂမန။ (၂) သဟသာကာရော'
188749	sahasākāra	stray bracket ']'
188750	sahasākārī	'၂၈ သဟသာဂဟဏ' (page number and next headword) inside the line
188751	sahasāgahaṇa	analysis 'သဟသာ + ဂဟဏ'
188755	sahasi	label fragment '(ကြို ]'; quotation fragment 'မ "’"တိ'
188756	sahasikkhamānadhamma	inflected form 'သဟဓမ္မိကာန'
188757	sahasiddha	stray brackets '[ ['
188762	sahaseyyasikkhāpada	stray bracket '['
188763	sahaseyyasikkhāpadadvaya	stray bracket '['
188764	sahaseyyappahonaka	citation '(ကင်္ခါ။ ၂ ၂၇)'
188767	sahaseyyā	Sanskrit notes 'သဟဂယျာ၊ (န) သဟဂေယျ-သံ'; quotations '(ထီ) (၁) သဟသေယျ … နိပ္ပဇ္ဇန', '(န) (၂) ဒုဝိဓံ … ဝုတ္တံ', '(၃) ပဏ္ဏတ္တိယံ … အာပဇ္ဇတိ'
188769	sahaseyyāpattipahonaka	stray bracket '['
188770	sahasokitādiananulomika	'ဝ သဟသောကီ' (stray letter and headword) inside the line
188771	sahasokī	quotation 'ဣဓေကစ္စော … အာပဇ္ဇတိ'
188773	sahassa	analyses and notes 'သဟသူ= = သဟဿံ။ သမာန-ကို သ-ပြု၊ ကောတ္ထုဘ၊ ထောမ။ သဟည် + ရ =သဟသူ==။ သဟသူ-သံ။ သဟဿ-ပြာ၊ အဒ္ဓမာဂဓီ'; quotation fragments '(၂) (သဟဿသဟဿေဝ)။ (သဟဿသဿေဝါ)'
188774	sahassa	analysis 'သဟဿ + အ (ဋ)'
188775	sahassa	analysis 'သဟဿ + ဏ'; quotation 'အာလောကဖရဏဗြဟ္မာတိ'
188776	sahassaaccharāparivārika	analysis 'အစ္ဆရာပရိဝါရ + ဣက ['
188777	ahassaassājānīya	analysis debris 'အဿာဇာနီယ ]'
188778	sahassaājañña	analysis 'သဟဿ + အာဇည'
188779	sahassaājānīyayuttaratha	stray bracket ']'
188780	sahassakaṇḍa	quotations 'သဟဿကဏ္ဍော။ သဟဿကဏ္ဍေ သတဂေဏ္ဍူ'
188782	sahassakaṇḍagamanagaṇanā	stray bracket ']'
188785	sahassakaṇḍubbedha	citation 'ဇာ၊ ၆ ၂'
188787	sahassakūṭāgāragabbha	quotation 'တာယ ကာရာပိတော … သဟဿကုူဋာဂါရဂဗ္ဘော'
188788	sahassakūṭāparivāra	stray brackets '[ ['
188789	sahassakkha	citations 'ဓာန်။ ၁ဝ၈။ ဓာန်၊ ဋီ'
188790	sahassakkhattuṁ	Sanskrit note 'သဟသူကတွသ်-သံ'; '(၁၂၂)၊ “'
188791	sahassakhaṇḍa	quotation fragments 'သဟဿကဏ္ဍော၊ "သဟဿခဏ္ဍော”'
188792	sahassagabbha	'(၇)'
188794	sahassaguṇa	repeated label '(တိ)'; '(၇)'
188796	sahassaggha	quotation fragment 'သဟဿုဂ္ဃံ ဟီ'
188797	sahassagghanaka	citation 'ဝိ၊ ဋ္ဌ ၁'
188800	sahassaṅga	'(အင်္က္ဂ)'; stray bracket
188802	sahassacakkavāl̤adevatā	stray bracket ']'
188803	sahassacakkhu	inflected form 'သဟဿစက္ခုနော ('
188804	sahassacaṅkoṭaka	stray bracket '['; fragment 'သာ “။ ၄'
188807	sahassajaṭila	label fragment 'ပု)'; analysis 'သဟဿ -+ ဇဋိလ ['
188810	sahassajīnapurisa	quotation 'သဟဿဇီနော ဝါ'; next headword 'သဟဿဇေဋ (ပု)'
188811	sahassajeṭṭha	citation 'သုတ္တနိ၊ ဠ၊ [၆] ၃၆'
188812	sahassatthavikā	headword variant 'သဟဿတ္ထဝိက'
188813	sahassathambha	'(၇)'
188815	sahassatthāma	'----'; Sanskrit note 'သွာမန်-သံ'; stray bracket
188816	sahassatthayamadhanu	'၅ သဟဿထဝိကာ' (page number and next headword)
188820	sahassathāmadhanu	analysis 'သဟဿထာမ + ဓနု'
188823	sahassadijakaññāparivāra	stray bracket '['
188825	sahassadibbakojavatthata	headword variant 'သဟဿပဋိယတ္ထတ'
188826	sahassadibbājaññayutta	stray bracket ']'; stray quotation mark
188829	sahassadvisahassasaṅkhāmatta	stray bracket '['; quotation 'သဟဿဒွိသဟဿသင်္ခါမတ္တတ္တာ “မဟာဂဏေ"'
188830	sahassadhā	'၆ သဟဿနယပ(ပ္ပါဋိမဏ္ဍီတ' (page number and next headword); quotation 'သဟဿဓာ သဟဿပ္ပကာရော'
188831	sahassanayapaṭimaṇḍita	headword fragment 'ဋိမဏ္ဍိတ (တိ)] ]'; quotation 'ဒေသနံ အာရဘိ'
188832	sahassanayappaṭimaṇḍita	headword fragment 'ဋိမဏ္ဍိတ (တိ)] ]'; quotation 'ဒေသနံ အာရဘိ'
188834	sahassanetta	Sanskrit and Prakrit notes; stray bracket and quotation mark
188835	sahassapakāra	headword fragment 'ကာရ (တိ)] ['
188836	sahassappakāra	headword fragment 'ကာရ (တိ)] ['
188838	sahassapaṭiyatthata	analysis '+အတ္ထထ ['
188841	sahassapariccāga	stray bracket '['
188842	sahassaparivāra	stray bracket '['
188843	sahassapala	gloss 'ဥတ္တမပ္ပမာဏ'; citation 'သံ၊ ဋီ၊ ၆] ၂၈၂၂'
188844	sahassapāka	source reference 'အဘိဓာန် (အဝင်) ၂၂ ပ-မ-သ-စ ၇'; debris 'သဟဿဿပ၊ကတောလယ'; Sanskrit, Prakrit and Ardhamāgadhī notes
188847	sahassapurāṇajaṭila	citation 'ဝိ၊ ဋ္ဌ ၁'
188848	sahassabāhu	Sanskrit note 'သဟသူဗာဟု-သံ'; analysis bracket '['
188849	sahassabāhurāja	quotation fragment 'အထဇ္ဇနော'
188850	sahassabyāmamattāyāma	analysis bracket '['
188851	sahassabhaṇḍika	analysis 'သဟဿ ဘဏ္ဍ + ဣကါ'
188854	sahassama	analysis 'သဟဿ + မ'
188855	sahassamaṇḍala	stray ']'; quotation and citation 'သဟဿမဏ္ဍလ။ သုတ္တနိ၊ သဟဿမဏ္ဍလ ၂)၈'; run-on headword 'သဟဿမတ္တာ'
188858	sahassamūlika	analysis 'သဟဿမူလ + ဣက ['
188859	sahassayakkhaparivāra	analysis fragment 'ပရိဝါရ'
188861	sahassayogī	'(၁) (၂) သဟဿယာဂီန' (variant form)
188862	sahassayutta	'(၅) သဟဿယုတ္တ' (reference)
188863	sahassayuttaājaññaratha	debris 'ထံ (၃) ]'
188865	sahassayuttahayavāhana	stray '] ]'
188870	sahassaraṁsi	Sanskrit and Prakrit notes 'သဟသူမ္မိ-သံ။ သဟဿရဿိ-ပြာ'; quotation 'သဟဿရံသီ "သဟဿရံသီ”'; references '(၇) (၂၂'
188871	sahassaraṁsika	variant-reading note '“သဟဿရံသိယော”-တိ ပိ ပါဠိ'; ---
188873	sahassaraṁsiya	source tags 'မိုးထိ၊ သျ'
188874	sahassaratanagghika	grammarian's note 'အဂ္ဂိယ။ ယ-ကို က-ပြု'
188875	sahassaratanagghiya	stray '၀'; run-on headword 'သဟဿရထနာမ'
188877	sahassarājanāma	analysis 'သဟဿရာဇ + နာမ'
188878	sahassarūparūpa	analysis bracket '['
188884	sahassavaṅka	fragment 'အက္ခေ'
188885	sahassavaṭṭi	analysis 'သဟဿ -+ ဝဋ် ['
188886	sahassavaṭṭidīpa	source tags 'မိုးထိ၊ သျ'
188888	sahassavattaka	analysis '+ က'; run-on headword '၁ သဟဿဝတ္ထုက'
188889	sahassavatthuka	analysis '] + က ['
188890	sahassavalika	analysis '(ဝလီ) + က]]'
188891	sahassavāra	stray ']'
188893	sahassaveda	quotation fragment '(သဟဿဗေဒေါပိ'; source tags 'ညောင်ကန်သျ၊ မိုးထိသျ'
188901	sahassaso	analysis 'သဟဿ + သော'; grammarian's note 'ဝိစ္ဆာတ္ထ သော-ပစ္စည်း'; Sanskrit note 'သဟသူဂသ်-သံ'; quotation fragment 'တေနာဟ “'
188902	sahassāra	stray '] ['; Pāḷi analysis 'သဟဿံ အရာ ဧတဿာတိ ဝါ သဟဿာရံ'
188903	sahassārammaṇa	stray '] ['
188904	sahassāraha	Sanskrit note 'သဟသ္မာဟံ-သံ ]'
188905	sahassika	debris 'လိုက်'; quotation '"သဟဿိကော’တိ စ'
188906	sahassasaṅgīti	citation 'ဝိ၊ မြုံ ၄'
188907	sahassima	grammarian's notes 'ဿ- အစိတ် အ-ကို ဣ-ပြု။ သဟသ္မိမ-သက္ကတပိဋက'
188908	sahassiya	grammarian's note 'က-ကို ယ-ပြု', Sanskrit form; quotation fragment 'သဟဿိယ'
188909	sahassiya	analysis '+ဣက'; fragment 'သဟဿိယမှီ'
188910	sahassilokadhātu	references '(-၁၁ ၂၂'
188911	sahassī	analysis 'သဟဿ + ဏ + ဤ'; Sanskrit notes 'သဟသ္မန်-သံ။ သဟသ္မီ-သက္ကတဝိဋက'
188912	sahākāsa	fragment 'တေဇ'
188913	sahāgamanīya	analysis '= အာ +။ ]'; '၁ဝ'
188914	sahāgāra	source tag '(သျ)'
188917	sahādhiṭṭhāna	'၁ဝဝ'
188919	sahānuppatti	quotation 'န ဟိ ဧကေန ဝိကပ္ပါနံ ဝိရုဒ္ဓါနံ သဟာနုပ္ပတ္တိတော'
188920	sahāya	analyses and Sanskrit, Ardhamāgadhī and Prakrit notes; quotation 'သဟာယာန (ပေတ။ ၄'; run-on headword 'သဟာယက'
188921	sahāyaka	quotation 'သဟာယ-ကေဟီ'; citation 'ဝိ၊ ဋ္ဌ ၁'
188923	sahāyakacora	grammarian's note 'ထီ-၌ --စောရီ'; quotation 'အထ န သဟာယကစောရော …'
188925	sahāyakaputta	analysis bracket '['
188926	sahāyakabrahmaṇa	stray '[ ['; quotation 'ယံကိဉ္စိ ယိဋ္ဌံ …'
188929	sahāyakayakkha	debris 'ဖို [ျ[ချ ဌ မ'
188930	sahāyakasantika	debris '-ုူ ်ရ ဖို့'
188931	sahāyakāraṇavikala	stray '[ ['
188932	sahāyakāraṇasamāgama	analysis '[ သဟာယ ကာရဏ -+ သမာဂမ ['; quotation '၅ သဟာယကိစ္စ အပေက္ခာ …'
188933	sahāyakicca	citation '(ဣတိ ဝုတ်။ ၅၆)'
188934	sahākiccarahita	quotation 'အသဟာယတကိစ္စော'
188936	sahāyageha	quotation 'သော တေန သဒ္ဓိံ သဟာယဂေဟံ ပါဝိသိ'
188938	sahāyaṭṭhāna	quotation 'အတ္တနော ဘာတိဋ္ဌာနေ …'
188939	sahāyataṇhāpahāna	analysis 'သဟာယတဏှာ + ပဟာန'
188940	sahātāpasa	----
188943	sahāyadassana	'-တိ။ ခြ'; run-on headword 'သဟာယနိဂြောဓ'
188946	sahāyapaccayavekalla	quotation 'သဟာယပစ္စယဝေကလ္လတော စ အပါရိသုဒ္ဓိ'
188948	sahāyapurisa	'(ပု ['
188951	sahāyabhāvūpagamana	quotation '(၁) အပိ တေသံ သဟာယဘာဝူပဂမနတာယ …'
188952	sahāyabhikkhu	quotation 'ဥပဇ္ဈာယဿ သန္ဒိဋ္ဌသမ္ဘတ္တာ …'
188953	sahāyabhūtavicārāvūpasama	analysis 'သဟာယဘူတ + ဝိစာရ + အဝူပသမ ['
188954	sahāyamajjha	debris '[ မိတ်ဆွေ ၇ သဟာယမတ္တ ၂၂၂၂'
188957	sahāyavaṇṇa	analysis bracket '['
188958	sahāyavantu	grammarian's note 'ထီ-၌ သဟာယဝတီ'; Sanskrit note 'သဟာယဝတ်- သံ'
188959	sahāyavara	quotation 'တဿ သမဏကာလေ …'
188960	sahāyaviraha	stray '[ ['
188966	sahāyasampadā	quotation 'သဟာယ ၈ သမ္ပဒါ ဟောန္တိ'
188967	sahāyasampadādiyoga	quotation 'အတ္ထတကထိနဿ …'
188969	sahāyaseṭṭhi	quotation fragment 'သော "'
188970	sahāyānappaka	quotation '“သဟာယနပ္ပကေ”'
188973	sahāyikāsata	analysis '[သဟာယိကာ ဦ သတု'
188974	sahāyī	Sanskrit note 'သဟာယိန်-သံ'; grammarian's note 'သဟာယီ- ပု၊ နပုံရှိ၏၊ ထီ၌ သဟာယိနီ-ဟုရှိသင့်၏'; stray '['
188977	sahārammaṇajjhāna	fragment 'မနော'
188979	sahāvajjanakajavana	run-on headword and quotation '၉ သဟာဝဇ္ဇနဘဝင်္ဂ မနောဝိညာဏ'
188980	sahāvajjanabhavaṅga	quotation 'မနော တိ သဟာဝဇ္ဇနဘဝင်္ဂ။ ၆၆'
188981	sahāvajjanavedanā	stray '['
188984	sahāvattana	'ယု'
188986	sahita	Sanskrit, Ardhamāgadhī and Prakrit notes; quotation 'သဟိတဿာ (ကင်္ခါ။ ၁၄၁)'; run-on article 'သဟိတာ (တိ) [ အကျိုးစီးပွားရှိ သော'
188987	sahita	stray '['
188988	sahita	grammarian's note 'ဓာ-ကို ဟိ-ပြု။ )'; quotation '(အတ္ထသံဟိတံ)'
188989	sahita	citation 'အညမည်'
188990	sahita	stray 'ု'
188991	sahita	analysis 'ဟိတ'; run-on headword '၀ သဟိတကောဋ္ဌာသ'; fragment 'သဟိတပဋိပတ္တိ'
188992	sahitakoṭṭhāsa	analysis '[သဟိတာ ကောဋ္ဌာသါ'
188994	sahitadhammasamudaya	fragment 'ဒါယာ'
188998	sahitabbata	quotation 'သဟိတဗ္ဗတော သမာဒိဏ္ဏဝတော'
189000	sahitabhedakārī	quotation 'ဝေဘူတိယံ သဟိတဘေဒကာရိ …'
189003	sahituṁ	'သဟတိ-မှ'; ---; quotations and citations 'ဣတိဝုတ်၊ (၂) ကစ္စိ ဘိက္ခဝေ …'; run-on article 'သဟိတု (ထီ၊ ပု) [သဟ တု။ သဟိတဿ -သံ။ သည်းခံတတ်သော၊ သူ'
189004	sahituṁsahitoru	grammarian's notes on the forms 'သဟိတောရု' and 'သဟိတောရူ'
189005	sahitvā	quotation 'ဧဝံ ထေရေန …'
189008	sahirañña	forms '(၁) သဟိရညာ။ (၂) သဟိရညော'
189010	sahirī-sahirika	analysis '[ + (က) ['
189011	sahirivāsa	fragment 'သဇေဋ္ဌက-ဝါသ'
189012	sahissaṁ	'သဟတိ-မှ'; stray '['
189014	sahuppajjanaka	analysis 'ယု- သဟုပ္ပဇ္ဇန + က။ ]'
189016	sahuppajjamāna	analysis fragment 'မာန]'
189022	sahuppanna	----; source references 'အဘိဓာန် (အ-ဝဂ်) ၂၃ ပ-မ-သ-စ ၃'; quotation 'သဟုပ္ပန္န ကာယဝိညတ္တိ သဟုပ္ပန္နာဝ ဧတာ'
189023	sahuppannakāyaviññatti	quotation fragment 'သန္နိဋ္ဌာ-ပကစေတနာယ်'
189024	sahuppannadhamma	analysis 'သဟုပ္ပန္န + ဓမ္မု'
189027	sahuppādaggahaṇa	analysis '[ သဟုပ္ပါဒ န+ ဂဟဏ'
189032	sahuppādekasahanirodhavacana	quotation 'သဟုပ္ပါဒေကနိရောဓဝစနတော …'
189033	sahubbhāra	grammarian's notes 'သဟုဗ္ဘာရ၊ ဒ္ဓ-ကို ဗ္ဘ-ပြု …'; quotation '(၂) သဟ ဥဗ္ဘာရေနာတိ …'; citation '၄၊ ဋီ၊ သစ်'
189035	sahūdaka	form 'သဟူဒက'
189036	sahe	'သဟတိ-မှ'; stray '['
189037	sahetu-sahetuka	'(၁) ---။ ဥ၅'
189038	sahetuanattasutta	location 'Saṃyuttanikāya, Khandhavaggasaṃyuttapāḷi, saṃyutta 1, vagga 3, sutta 9'
189039	sahetuaniccasutta	location 'Saṃyuttanikāya, Khandhavaggasaṃyuttapāḷi, saṃyutta 1, vagga 3, sutta 7'
189041	sahetukakāmāvacaravipāka	quotations 'ရူပါဝစရဝိပါကော …'; citation 'အဘိ၊ အဋ္ဌ'; 'ပဋိသန္ဓိဝသေန နဝ ဝိပါကစိတ္တာနိ ပဝတ္တန္တိ'
189042	sahetukakiriya	---
189045	sahetukaggahaṇa	quotation 'သဟေတုကကာမာဝစရ-ကုသလဝိပါကကိရိယစိတ္တာနီတိ …'; '၉၀ဝ'
189048	sahetukatadārammaṇa	stray '['
189051	sahetukadukasambandha	analysis fragment 'သမ္ဗန္ဓ'
189052	sahetukadukkhasutta	location 'Saṃyuttanikāya, Khandhavaggasaṃyuttapāḷi, saṃyutta 1, vagga 3, sutta 8'
189054	sahetukapaṭisandhi	run-on headword '၆ သဟေတုကပဋိသန္ဓိက'
189060	sahetukamahāvipāka	stray '['
189063	sahetukavipākacittuppāda	quotation 'အဋ္ဌ ပန သဟေတုကဝိပါကစိတ္တုပ္ပါဒါ ဧတ္ထ ပဝတ္တန္တိ'
189064	sahetukavipākaviññāṇasampayutta	analysis 'သဟေတုကဝိပါက + ဝိညာဏ + သမ္ပယုတ္တု'
189066	sahetukavohārarahita	stray '] ]'
189069	sahetukopapatti	quotation 'ဂတိသမ္ပတ္တိယာ သဟေတု ကောပပတ္တိံ ဝုတ္တံ'
189071	sahetupaccaya	fragment 'သခေတ္တ-ဝတ္ထု'
189075	sahetha	'ကြို။ သဟတိ-မှ။ ]'; run-on headword '၅၈ သဟေယျ'
189076	saheyya	'(ကြို။ သဟတိ-မှ။ ]'
189079	sahoḍha	analyses, Sanskrit and Prakrit notes; 'ကပ္ပဒ္ဒုမ'; '--၁။ ဣတိဝုတ်'; second headword 'သဟောမ (တိ)' with its analysis; citation 'ဝိသုဒ္ဓိ၊ ဋီ ၁'
189081	sahoḍḍhaggahita	quotation 'သဟောနဇုဂ္ဂဟိတော'
189082	sahoppatta	stray ']'
189084	sahottha	form 'သဟောအ'
189085	sahodara	'ကပ္ပဒ္ဒုမ'; Sanskrit note 'သဟောဒရ-သံ'
189086	sahopattibhāva	quotation fragment 'သဟောပ္ပတ္တိ”'; ') ၂၂၂၂'
189087	sahobhāsa	form 'သဟောဘာသက'
189088	sahoru	analysis and grammarian's notes on the forms sahoru / sahorū; debris 'မောင်'; Sanskrit note
189091	sal̤a	grammarian's note 'ဆ-ကိုသုတ်ကြီးဖြင့် သဠ-ပြု'; Prakrit note 'ဆလ-ပါတက'; stray '['
189092	sal̤ati	dhātu meaning 'အဗျတ္တသဒ္ဒေ'; Sanskrit, Prakrit and Ardhamāgadhī notes; run-on article 'ထင်းရှူးပင်။ (၂) ထင်းရှူးသား။ (၃) ထင်းရှူး ပန်း'; quotation '(၂) သဠလဒေဝ-ဒါရုကဋ္ဌာဒီနိ …'
189095	sal̤alapuppha	stray '] ]'
189098	sal̤alapupphikātherīapādāna	analysis 'သဠလပုပ္ဖိကာ-ထေရီ + အပဒါန'; run-on headword '၆ သဠလပုပ္ဖိယ'; location 'Khuddakanikāya, Therī-apadānapāḷi, vagga 2, sutta 2'
189101	sal̤alapupphiyattheraapādāna	analysis '[ သဠလုပုပ္ဖိ-ယတ္ထေရ + အပဒါန'; location 'Khuddakanikāya, Thera-apadānapāḷi, vagga 27, sutta 8'
189104	sal̤alamaṇḍiyattheraapādāna	stray '[ ['; location 'Khuddakanikāya, Therāpadānapāḷi, vagga 40, sutta 8'
189107	sal̤alavatī	source reference '(-သီ၊ မူ)'
189109	sal̤āyatana	analyses 'ဠ-လာ၍ ဆ-ကို သ-ပြု', 'တစ်နည်း-သဠ + အာယတန', 'တစ်နည်း-ဆဋ္ဌာယတန + သဠာယတန'; citation 'အဘိ၊ ၁'; run-on headword 'သဠာယတနကထာ'
189111	sal̤āyatanakathāvaṇṇanā	stray ']'
189112	sal̤āyatanagabbha	citation '(စူဠနိ၊ ပါဠိ'
189113	sal̤āyatanaggahaṇa	analysis 'သဠာယတန + ဂဟဏ'
189114	sal̤āyatanajātika	quotation 'ဖဿော သဠာယတနနိဒါနော …'
189115	sal̤āyatanaṭṭhāna	stray '['
189119	sal̤āyatananirodhagāmī	grammarian's note 'ထီ-၌ -- ဂါမိနီ'
189121	sal̤āyatanapaccaya	run-on headword '၂ သဠာယတနပဋိမဏ္ဍိတ'
189123	sal̤āyatanapaṭisaṁyutta	stray 'ု'; quotations 'သဠာယတနနိကန္တိ …'
189124	sal̤āyatanapada	quotation 'ဒေသနာရုဠှန္တိ …'
189125	sal̤āyatanapadaṭṭhāna	quotation 'ဖုသနလက္ခဏော ဖဿော၊ --- သဠာယတနပဒဋ္ဌာနော'
189126	sal̤āyatanapadaniddesa	stray '['
189130	sal̤āyatanapātubhāva	analysis 'သဠာယတန -+ ပါတုဘာဝ ]'
189131	sal̤āyatanavagga	analysis 'သဠာယတန -+ ဝဂ္ဂ]'
189132	sal̤āyatanavaggavaṇṇanā	colophon 'သဠာယတန ဝဂ္ဂဝဏ္ဏနာ နိဋ္ဌိတာ'
189133	sal̤āyatanavāra	quotation 'သဠာယတနဝါရေ စက္ခာယတနန္တိအာဒီသု …'
189134	sal̤āyatanavāravaṇṇanā	debris 'သဠာယတနဝါရ ံ ၃ ]'; colophon 'သဠာယတန ဝါရဝဏ္ဏနာ နိဋ္ဌိတာ'
189137	sal̤āyatanavibhaṅgasuttavaṇṇanā	citation 'မ၊ ဋီ ၃'
189138	sal̤āyatanavibhatti	quotation 'ထေရောပိ -.-ဓမ္မံ ဒေသေန္တော …'
189143	sal̤āyatanasutta	quotation 'သဠာယတနသုတ္တေသုပိ ဟိ ""'
189144	sal̤āyatanika	analysis 'သဠာယတန + ဣက ['
189146	sal̤āyatanuppattikathāvaṇṇanā	stray '့'; run-on headword 'သဠာယတနူပနိသ'
189148	sal̤ārammaṇa	grammarian's note 'ဠ-လာ၍ ဆကို သပြု။ ကြည့်။ တစ်နည်း'; stray '['
189150	sā	grammarian's note 'တ-ကို သာ-ပြု'
189151	sā	quotation from the Abhidhāna 'သူနော၊ ဥဿာတ္တေ သာနော … အယံ ပုမေ'; Sanskrit and Prakrit forms, ကပ္ပဒ္ဒုမ
189152	sā	'""'
189153	sāka	analyses and dhātu notes; Sanskrit, Prakrit and Ardhamāgadhī notes; 'ကပ္ပဒ္ဒုမ'; stray ']'
189154	sākakaṭṭha	stray ')'
189155	sākacchati	analysis and Sanskrit note '[ သံ (သဟ) + ကထ + ဏယ …'; run-on '၅ သာကစ္ဆန္တ'; lists of inflected forms with citations 'သာကစ္ဆတိ-သာကစ္ဆန္တိ- ဝိ၊ သင်္ဂဟ …'
189156	sākacchanta	quotation '----အညမညံ ဓမ္မံ သာကစ္ဆန္တေ …'
189158	sākacchatha	'ထ ['; citation 'ခုဒ္ဒကါဋ္ဌ'
189159	sākacchamaṇḍala	quotation 'သာကစ္ဆမဏ္ဍလေ …'
189161	sākacchā	analysis and Sanskrit note '[ သံ (သဟ) + ကထ + ယ …]'; '(-'
189163	sākacchānuggahita	stray ']'
189164	sākapatthiva	grammarian's notes on the elision of piya ('သာကပ္ပိယပတ္ထိဝ-ဟုဆိုလိုလျက် …'), references and Sanskrit note; '”-တိ'
189165	sākabhakkha	stray '['
189166	sākabhakkhatādijīvika	grammarian's note 'ထီ-၌ ဇီဝိတာ'
189167	sākamuṭṭhi	stray 'ု'
189168	sākamuṭṭhidāyikāvimātavatthu	----
189169	sākarukkha	quotation '“ရုက္ခော”၊ ပိ'
189171	sākala	reference 'ပုရာဏ် ပထဝီဝင်ကျမ်း။ ၁၇၄-နှာ'
189173	sākalya-sākalla	quotation 'သဗ္ဗာ ဧဝ ဟိ ဗဒ္ဓသီမာ …'
189174	sākallattha	'"'
189175	sākavatthu	quotation 'အထေကဒိဝသံ သာကဝတ္ထုသ္မိံ …'
189176	sākavana	'"တိ စ'
189177	sākavanasaṇḍa	stray ']'; quotation 'တသ္မိဉ္စ သမယေ …'
189178	sākasālādi	'အာဒိ'
189180	sākahāraka	quotation 'တတ္ထဿ ကမ္မဋ္ဌာနံ …'
189181	sākahārī	citation 'ဝိသုဒ္ဓိ၊ ဋီ၊ ၁ဝ'
189182	sākādirasapāna	'ရသပါန'
189183	sākāra	citation '(-သာရတ္ထ၊ ၁ဝ'
189184	sākāravacana	debris 'ှ'; run-on headword '၈ သာကိယ'
189185	sākiya	Sanskrit note 'ဂါကျ-သံ'; '၏ကိယ-သတ္တတပိဋက'; quotation '“ “သာကိယာ”တိ စ "'
189186	sākiyakammakara	'“'
189188	sākiyakumāra	----
189190	sākiyakula	analysis 'သာကိယ + ကုလ'
189191	sākiyakulavaḍḍhana	'"'
189193	sākiyakoliyarāja	stray ']'
189195	sākiyakol̤iyajanapadavāsi	analysis '] + ဏီ'; grammarian's note 'ထီ-၌ --ဝါသိနီ'
189196	sākiyagaṇa	source references 'အဘိဓာန် (အ-ဝဂ်) ၂၄ ပ-မ-သ-စ သီ'; run-on 'သာကိယဇန'; quotation 'သာကိယဂဏော၊ သုမုခေါ အာနန္ဒော'
189200	sākiyadāraka	analysis 'သာကိယ + ဒါရက'
189202	sākiyaputtiya	stray '['; quotation fragment '“တု'
189203	sākiyamaṇḍala	quotation 'အထ ဘဂဝါ …'
189205	sākiyarāja	stray '['
189209	sākiyavaṁsa	stray '['
189210	sākiyavaṁsavihāra	run-on headword '၇၀ သာကိယသတ'
189211	sākiyasata	stray '['
189212	sākiyādijana	run-on article 'ဤ-ပစ္စည်းကြောင့် ယ-အစိတ် အကို အာန-ပြု။ ဂါကိယာနီ-သက္ကတပိဋက။ သာကီဝင်-မင်းသမီး-အမျိုး သမီး'; '----။ ---- “'
189214	sākuṇika	'ကပ္ပဒ္ဒုမ'; Sanskrit, Prakrit and Ardhamāgadhī notes; stray '['
189218	sākuṇikādibhāvūpagamana	'-- မ၊'
189219	sākuṇiya	quotation 'ပိဏ္ဍော သာကုဏိ-ယော နိစ္ဆဝေါရမ္ဘိ'
189220	sākuntika	run-on headword '၁ သာကုဠ'
189221	sākul̤a	reference 'ပုရာဏ်၊ ပထဝီဝင်ကျမ်း၊ ၁၁၉- နှာ'; quotation 'သခဍ္ဍကာ ဒမိဠာ စေဝ၊ သာကုဠာ မလဝါဠကာ'
189222	sāketa	'ဓာန်'; Sanskrit, Prakrit and Ardhamāgadhī notes; references 'ပုရာဏ်၊ ပထဝီဝင်ကျမ်း။ ကပ္ပဒ္ဒုမ'
189223	sāketa	analysis 'သာကေတ + ဏ'; Sanskrit note 'သာကေတ၊ သာကေတက-သံ'
189224	sāketaka	Sanskrit note 'သာကေတက-သံ'
189226	sāketajātaka	location 'Khuddakanikāya, Jātakapāḷi, Ekakanipāta, Itthivagga, jātaka 68'
189227	sāketajātakavaṇṇanā	stray '[ ['; location 'Khuddakanikāya, Jātakapāḷi, Ekakanipāta, Itthivagga, jātaka 68'
189228	sāketatissatthera	stray '['; run-on headword '၂၂ သာကေတနဂရ'
189231	sāketapañha	stray '['
189232	sāketabrahmaṇa	quotation 'သာကေတဗြာဟ္မာဏဿ …'
189233	sāketavāsika	stray '['; quotation 'ဘဂဝါ ဟိ …'
189234	sāketavāsī	grammarian's notes 'ဏီ။ ထီ-၌ --ဝါသိနီ'; quotation 'ဘဂဝတော ကိရ …'
189237	sākkharappabheda	stray ']'; quotation 'တေန ခေါ ပန တိဏ္ဏံ ဝေဒါနံ …'
189238	sākha	quotations '----ယဉ္စေ သာခသ္မိ ဇီဝိတန္တိ', 'တံ ဧကိဿာ ရုက္ခသာခါယ …'; run-on '၃ သာခကုမာရ (၂)'; '(၃) သာခါ'
189241	sākhagocara	stray '['; citation 'ဇာ၊ ဋ္ဌ ၂'
189244	sākhacchedaka	stray '['
189245	sākhaṭṭhaka	analysis 'သာခဋ္ဌ + က'
189249	sākhapaṇṇādipaṭicchādana	quotation 'သော ဟိ အဂုမ္ဗောဝ …'; run-on headword '၄ သာပရိယန္တ'
189254	sākhamiga	Sanskrit note 'ဂါခယဂ-သံ'; debris 'ဝီလျံ'; stray '['
189256	sākhalya	analysis 'သခိလ + ဏျ'; Sanskrit note 'သာခိလျ-သံ'; stray '['
189257	sākhavaṇṇa	stray '('
189259	sākhasamācāra	stray ']'; quotation 'သာခသမာစာရော”'
189260	sākhasampanna	stray '['
189261	sākhasassita	quotation 'သာခဿိတော'
189262	sākhā	analyses, Sanskrit and Prakrit notes; run-on headword ')၅ သာခါခန္ဓ'; quotation 'ဝါရိဒါ ပုရိမာ သာခါ …'
189266	sākhāghaṭṭana	stray '['
189267	sākhācalana	stray '['; quotation 'အပ္ပမတ္တကမ္ပိ သာခါစလနံ …'
189268	sākhācchāyā	stray '['
189269	sākhājaṭājaṭita	quotation 'ယထာ မဟာရာဇ သာခါဇဋာဇဋိတဿ …'
189270	sākhājāla	stray '['
189271	sākhādaṇḍaka	stray '['
189274	sākhādimantu	grammarian's note 'ထီ-၌ သာခါဒိမတီ'; quotation 'သင်ာတဿ ပရိယာယတော ပဝတ္တတိ'; run-on headword '၂၆ သာခါနဂရ'
189275	sākhānagara	Pāḷi analysis 'သာခေ နဂရံ သာခါနဂရံ'; 'ကပ္ပဒ္ဒုမ'; Sanskrit note 'ဂါခါနဂရ- သံ'
189276	sākhānagaraka	'-န္တိ'
189279	sākhāpaṭibaddha	fragment 'သာခဋ္ဌကဝိမာန'
189281	sākhāpalāsavipanna	analysis 'သာခါပလာသ + ဝိပန္န'
189282	sākhāpalāsasadisa	quotation 'တိတ္ထိယာနဉှိ လာဘသက္ကာရော …'
189287	sākhāpattasamīrita	run-on headword '၇ သာခါပန္တိ'
189292	sākhāpalāsapallavādicchādana	stray ']'
189293	sākhābhaṅga	stray ']'; citation 'ပါစိတ်၊'
189297	sākhābhaṅgādinimitta	run-on headword '၈ သာခါဘင်္ဂါသန' (inside 'အမှတ် … အသား')
189302	sākhābhinaya	stray '['; ----
189303	sākhāmiga	'ဓာန်၊ ကပ္ပဒ္ဒုမ'; Sanskrit and Prakrit notes
189304	sākhāmaṇḍapa	citation '(ဝိ၊ သင်္ဂဟ။ ဥဝ။ ၁၅၈)'
189306	sākhāmaṇḍapākāra	stray ']'; ----
189307	sākhāmattāvasesa	citation 'သုတ္တနိ၊ ဌ၊ ၈ဝ'
189311	sākhāviṭapasampanna	quotation 'ဘဂဝါ ဂစ္ဆန္တောဝ …'
189314	sākhāsaññā	stray '['
189316	sākhāsadisasīla	quotation '"သာခသမာစာရော’”'
189317	sākhāsanthara	stray '['; quotation 'တဒါ သာခါသန္နရေ …'
189318	sākhāsampanna	run-on headword '၀ သာခါသီသက'; 'အညော ""တိ'
189320	sākhyāta	stray ']'
189321	sāgata	grammarians' notes 'သွာဂတ-သံ။ သာဂယ-ပါကတ၊ အဒ္ဓမာဂဓီ'; source tag 'သောဓန (သီ၊ သျာ)'
189323	sāgatattheraapādāna	source reference 'ခုဒ္ဒကနိကာယ ထေရာပဒါနပါဠိ၊ ကုဏ္ဍဓာနဝင်၊ သာဂတတ္ထေရအပဒါန'
189328	sāgara	analysis and grammarians' notes 'သု + အာကရ … သာဂရ-သံ၊ ပြာ၊ အဒ္ဓမာဂဓီ' with source tags (ထောမ, ကပ္ပဒ္ဒုမ …); stray '['; second copy of senses (1)–(8) with quotation 'သာဂရော ဣဝ သမုဒ္ဒေါ ဝိယ' and page numbers
189330	sāgarakucchi	stray '['
189333	sāgarajalapariyanta	analysis fragment 'ပရိယန္တာ'
189334	sāgaratīra	stray '['; quotation 'သာဂရဗြဟ္မဒတ္တော'
189335	sāgaradeva	citation 'အ၊ ဋီ၊ ၃ု'
189336	sāgaranigghosakāla	marker ') ၃ သာဂရန္တ' of another article inside the text; run-on sāgaranta text ') ပင်လယ် သမုဒ္ဒရာ-အဆုံး အပိုင်းအခြားရှိသော' ('having the end of the sea / ocean as limit')
189338	sāgarapariyanta	stray ']'; page numbers '၄၈၊ ၆၃၊ ၁၁၇-'
189344	sāgarabrahmadatta	quotations 'သာဂရဗြဟ္မဒတ္တော' (three times) and 'ပုတ္တဿ'
189345	sāgaramajjha	stray '['; 'သာဂရကုဏ္ဍလ' (a stray headword)
189346	sāgaramajjhupeta	run-on 'သာဂရရာဇ (ပု) [ [ သာဂရဒေဝ-' (a 'see sāgaradeva' article)
189347	sāgaravārimajjha	marker ') ၄ သာဂရဝါရိဝေဂ' of the next article
189349	sāgaravega	quotation fragment 'မာ ဝေါ'
189353	sāgarasama	quotation 'ဧဝမေဝ ဗုဒ္ဓံ ဘဂဝန္တံ သာဂရသမံ …'
189354	sāgarasalila	quotation fragment 'ရထူမိဇာတေဟီ'
189355	sāgarasīma	fragment '၌ သီမာ'
189358	sāgarupama	repeated headword 'သာဂရုပမ'
189360	sāgala	source references 'အဘိဓာန် (အဝင်) ၂၅ ပ-မ-သ-စ ၂၅'; quotation 'သာဂလနဂရ သာဂလံ'; grammarians' notes 'ဓာန်၊ သာကလ၊ ါကလ-သံ'
189364	sāgāra	fragment 'အဂါရသေယျ'; quotations 'သာဂါရာ အနဂါရာ စ' and 'သာဂါရေသု စ စီဝရံ' with ----; citation 'ဣတိဝုတ်၊ )'
189365	sāṅgaṇa	analysis 'သဟ အင်္ဂဏေန သာင်္ဂဏော' with ----
189367	sāṅgaṇaggahaṇa	quotation 'သာင်္ဂဏဂ္ဂဟဏေနေဝ အာဟ'
189368	sācakka	Sanskrit note 'စွစကြ-သံ'; stray '['; quotation 'ယထာ ဝါ ပန သာစတ္တံ မိဂစက္ကံ …'
189370	sāci	analysis and grammarians' notes 'သစ + ဏိ … ၃၅၃-၌ စာပျက်သည်' with page numbers and source tag
189371	sācikata	fragment 'ဝိသာစီ ('
189372	sājīva	analysis 'သဟ + (သမာန သု + ) အာဇီဝ'; stray ']', '(၃)', '(၂)'; quotation fragment '(ခ) သာဇီဝေါ'
189374	sājīvapada	stray '['
189375	sājīvapadabhājanīyavaṇṇanā	source reference 'ဝိနယပိဋက၊ ဝဇိရဗုဒ္ဓိဋီကာ၊ ပါရာဇိကကဏ္ဍံ၊ ပဌမပါရာဇိက ပဒဘာဇနီယဝဏ္ဏနာ'; marker of the next article 'သာဇီဝပဒဘာဇနီယ-၇ သာဇီဝပဒဘာဇနီယဝဏ္ဏနာနယ ဝဏ္ဏနာ'
189377	sājīvavisesana	citation 'ကင်္ခါ၊'
189378	sājīvasaddasannadhāna	stray '['; quotation 'သာမညဝါစီပိ သိက္ခာသဒ္ဒေါ …'
189379	sājīvasamāpanna	citation '( ကင်္ခါ၊ ဋီ။ ၂၁-'
189380	sājīvasahacariya	quotation 'အဓိသီလသင်္ခါတာတိ'; citation 'ကဒ် ဋီ၊ သစ်'
189381	sājīvasutta	source reference 'ပါတ်ပါဠိ၊ ၂-ပဏ္ဏာသက၊ ၂-ဝဂ်၊ ၆-သုတ်'
189386	sāṭa	stray '၈'
189387	sāṭaka	analysis and grammarians' notes 'သာဋ + က … သာဋဂ-ပါကတ' with source tags; stray '(၇)', '['; citation 'ဥစ။ ဝိ၊ ဋ္ဌ ၂'
189390	sāṭakatthika	stray '[၆]]'
189391	sāṭakadasanta	fragment 'အန္တု'
189392	sāṭakadvaya	stray ']'
189394	sāṭakantara	quotation 'တတော ထေရော ဝဏ္ဏံ ကထေတုကာမော'
189397	sāṭakapattadhara	marker of the next article ')၉ သာဋကပသိဗ္ဗက'
189398	sāṭakapasibbaka	analysis 'သာဋက + ပက္ခိပန + ပသိဗ္ဗက' and note '(ပက္ခိပန-အလယ်ပုဒ် ကျေ)'
189399	sāṭakamajjha	stray '['
189402	sāṭakarajju	quotation 'အထေကဒိဝသံ သာဋကရဇ္ဇယာ …'
189403	sāṭakalakkhaṇabrahmaṇa	stray '['; marker of the next article 'သာဋကဝေဌနမာလာဂန္ဓာဒိဝိဘူသာ ၃'
189406	sāṭakaveṭhanādisaññita	analysis 'သာဋကဝေဌနာဒိ + သညိတ ]'
189408	sāṭakasahassalābha	stray '] ]'; citation 'ဇာ၊ ဌ၊ ဝ'; marker of the next article 'သာဋကာဘရဏ'
189409	sāṭakābharaṇa	analysis 'သာဋက + အာဘရဏ'; quotation 'တဿတ္ထော သာဋကာဘရဏာဒီသု …'
189411	sāṭikā-sāṭiyā	analysis and grammarians' notes 'သာဋံ + က + အာ … သာခိအာ-ပါကတ' with page number and source tag; quotations 'ဒွေ ဝိဃာသာ သာဋိကာ …' and 'သာဋိယဂ္ဂါဟာပကော …'; citation '(ကင်္ခါ။ ၄၂၀)'
189412	sāṭimattiya	quotation 'သာဋီမတ္တိယောတိ လဒ္ဓနာမော ဆဠဘိညော အဟောသိ'
189413	sāṭimattiyatthera	stray ']'
189414	sāṭimattiyattheragāthā	source reference 'ခုဒ္ဒကနိကာယ၊ ထေရဂါထာပါဠိ၊ ၃နိပါတ်၊ ၁၀-ဂါထာ'
189416	sāṭiyaggāhāpaka	citation '(၊ သစ်။ ၄၂၀)'
189417	sāṭiyaggāhāpakasammuti	stray '['; quotation 'သာဋိယဂ္ဂါဟာပကသမ္ပုတိယာ ကော အာဒိ'; marker of the next article '၁ သာဋိယဂ္ဂါဟာပကာဒိသမ္ဗုတိ'
189418	sāṭiyaggāhāpakādisammuti	source reference 'ဝိနယပိဋက၊ စူဠဝဂ္ဂပါဠိ၊ ၆-ခန္ဓက'
189419	sāṭī	quotation 'အထ ခေါ မာရော ပါပိမာ သာဏသာဋီနိဝတ္ထော …'
189420	sāṭetu	analysis and grammarians' notes 'သာဋ + ဏေ + တု … သတ္ထာဒိ ဂိုဏ်း'; stray '['; variant sources '(သီ၊ သျာ၊ ကံ၊ ဣ-မူ)'
189422	sāṭhati	analysis fragment '+ တိ'; grammarians' notes '၈ဌတိ-သံ။ သာဍကဣ-ပြာ၊ အဒ္ဓမာဂဓီ'; stray '['; quotation 'သာဌတိ သာဌော'
189423	sāṭheyya	source tag 'ကပ္ပဒ္ဒုမ'; Sanskrit note 'ဂါဋ္လ-သံ'; stray '(၂) "'; quotation 'သာဌေယျဉှီတိအာဒိ'
189430	sāṇa	analysis and grammarians' notes 'သာ-တနုကရဏေ … ဤ၌ ပုလ္လိင်' with source tags; source tag 'ဓာန်'
189431	sāṇa	analysis and grammarians' notes 'သဏ + ဏ … သဏ-ပါကတ' with source tags; quotations for (1), (3), (4) ('သာဏာနီ တိ သာဏဝါကစောဠာနိ …', 'အထ ခေါ သာဠှော စ …') with citation 'အံ၊ ဋီ ၂' and ----
189432	sāṇa	---
189438	sāṇadhovika	garbled 'ပိုက်ဆံလျှော်မျှင်ဖြင့်' before the damaged words
189439	sāṇapaṁsukūlacīvara	analysis 'သာဏ + ပံသုကူလ န- စီဝရ'; quotation 'သာဏပံသုကူလစီဝရေနာ'
189440	sāṇapabbata	analysis 'သာဏ + ပဗ္ဗတ'
189441	sāṇapabbatavāsī	run-on text 'လျှော်ကို-ဖျက်ဆီး-ဆုတ်ဖြဲ-ချိုးဖဲ့-သော' ('that destroys / tears / breaks the fibre'); quotation fragment '----'တိ စ'
189444	sāṇabhārikaüpama	repeated headword 'သာဏဘာရိကဥပမာ'
189446	sāṇamaya	quotation '----သာဏမယ ကိမိကုလာကုလံ …'
189447	sāṇamayapaṁsukūla	stray '['; repeated headword 'သာဏမယ ပံသုကူလ'; '---'
189449	sāṇavāka	analysis 'သာဏဝါက + ဏ)]'; quotation '----သာဏဝါကေ ဂဟေတွာ …'
189450	sāṇavākacol̤a	quotation 'သာဏာနီ တိ သာဏဝါကစောဠာနိ'
189452	sāṇavākamaya	'သာဏ' after the placeholder
189453	sāṇavākasutta	marker of another article '၅ သာဏဝါသိနိဝါသိက'; 'သာဏ'
189454	sāṇavāsinivāsika	citation fragment '၁၆၈)'
189458	sāṇasāṭakakaraṇa	stray '['; marker of the next article 'သာဏသာဋကကရ-အတ္ထ'
189459	sāṇasāṭakakaraṇattha	stray '['
189460	sāṇasāṭinivatta	analysis 'သာဏ + သာဋိ + နိဝတ္ထ'; '---.'
189463	sāṇi	source tag '(သျ)'; note words 'အာဏိလွှ။ တံစည်း။'
189464	sāṇiantara	run-on article 'သာဏိကဏ္ဍ္ဏ (၃)] [ တင်းတိမ် ကန့်လန့်ကာ-လိုက်ကာ-အနား- အစွန်း' ('the edge / end of the awning / screen / curtain'); marker '၆ သာဏိကိလဉပရိက္ခေပ (၂၅၆)'
189466	sāṇikilañjaparikkhepa	stray '['; '----'
189467	sāṇicchidda	'----'
189469	sāṇipasibbaka	'----'
189470	sāṇipākāra	'----'; quotation 'သာဏိပါကာရာ'; citation 'သာရတ္ထ၊ ၁ဝ'
189473	sāṇipākāraparikkhitta	quotation 'အန္တမသော သာဏိပါကာရပရိက္ခိတ္တမ္ပိ'; '(-'
189474	sāṇipākārapariyāya	quotation 'တိရောကရဏီယသဒ္ဒေါ ဝါ …'
189475	sāṇipākāravacana	quotation '---- သာဏိပါကာရဝစနော အယံ …'
189476	sāṇipākāravivara	'----'
189477	sāṇaphalaka	marker of the next article '၇ သာဏီ'
189478	sāṇī	quotation '----သိရီသယနံ ပညာပေတွာ သာဏိယာ ပရိက္ခိံသု'
189479	sāta	analysis and grammarians' notes 'သဒ + (ဏယ) ဏ … သာတ-ပါကတ' with source tags; stray '(၇)'; second copy of senses (1)–(7) with quotation 'သာတရူပေနာ' and citation 'ဝိ၊ ဋ္ဌ ၂'
189480	sātakumbha	analysis and grammarians' notes 'သတကုမ္ဘ + ဏ … ဂါတကုမ္ဘ-သံ' with OCR debris and source tags
189481	sātacca	analysis and notes 'သာတတ + ဏျ။ သာတတျာ-သံ။ သတ္တကပိဋက'; stray '['; quotations 'သာတစ္စ။ သာတစ္စယာ' and 'သာတစ္စကိရိယတာ တါ'
189482	sātaccakaraṇavacana	stray '['
189483	sātaccakāritā	'----' twice
189484	sātaccakāritādīpana	stray ']'
189485	sātaccakārī	quotation 'သာတစ္စကာရီနော'; marker of the next article '၉ သာတစ္စကိစ္စယုတ္တ' with debris
189486	sātaccakiccayutta	'----'
189487	sātaccakiriyā	quotation 'သာတစ္စကိရိယာယာ'
189490	sātaccānuyogī	analysis word 'အနုယောဂီ'; fragment 'နိရတာ အပ္ပ-၌'
189491	sātaccābhiyoga	'---.'
189492	sātajātika	stray ']'; analysis 'သာတ + ဇာတိက'; 'သာတရူပ'; quotation 'သာတဇာတိကာနီ'
189494	sātata	sense markers '(၁) (၂)' before quotation 'သာတတ။ သ-သဒ္ဒဿ ဟိ ဣဓ သဘာဝေါ ယထာ'
189495	sātatara	'သာဒုတရ'
189496	sātatika	marker of another article '၅)ဝ သာတနိဿိတ'; note 'သာတတိက-သက္ကတပိဋက'; quotations 'သာတတိကာ' and 'သာတတိက န္တိ သတတကာရိ'
189497	sātanissita	'----'
189498	sātapaṭipakkha	stray '['
189499	sātapada	stray '[ ['; quotation fragment '"ယ’’'
189502	sātaputta	stray ')'
189505	sātabhāva	stray '['
189506	sātabhūta	'သာတသုခ'
189507	sātamadhura	'သာတ'
189508	sātamadhuradhammāmatarasūpasaṁharaṇa	page header and marker inside the text 'အဘိဓာန် (အဝင်) ၂၆ ပ-မ-သ-စ ၁ သာတမဓုရဘာဝဟေတု'
189509	sātamadhurabhāvahetu	'---'
189513	sātarūpa	'သာတရူပ'; quotation 'သာတရူပေနာ'
189514	sātalakkhaṇa	citation 'ဝိသုဒ္ဓိ၊ ဋီ ၁'; quotation '(၂) သာတလက္ခဏံ'
189515	sātava	grammarians' notes 'တေသဝ-စသည် ကဲ့သို့တည်း။ ၆-၌ကား သာဓု + ဏ သာဝေ-ဟု ပြသည်။ ချိုမြိန်သည်၏ အဖြစ်။ သာဓဝ-သံ' (on the form; includes 'the state of being sweet' as the gloss of sādhava); stray '['; marker '၂၂ သာတဝတ္ထု'
189517	sātavantu	analysis 'သာတ + ဝန္တု'; quotation '----သာတဝန္တော ဝါ အသာတဝန္တော ဝါ …'
189518	sātavāhana	source reference 'ပုရာဏ်မြေပုံ။ ၁၅၃-နှာ'
189520	sātavisesa	stray '] ['; '----'
189522	sātavedanāsampayoga	page number '၉၀ဝ'
189525	sātasantasukhagiddhi	quotation 'သာတသန္တသုခဝိဒ္ဓိယာ'
189526	sātasantasukhadvaya	'--- ----'
189527	sātasabhāva	analysis 'သာတံ + သဘာဝ'; citation '(ဣတိဝုတ်၊ ၇၃)'; debris '၃ ရို၏ ၏------'
189528	sātasahagata	'သာတသဟဂတ။ ၂၇)'
189531	sātasukha	quotation '(၁) သာတသုခ'; citation '၂၁၀)'
189534	sātāgira	marker of another article '၄ သာတာဝဂိရ' inside the text
189536	sātāgiri	grammarians' note 'သာတာဂိရိ၊ ခါထာဝိရိ-ဟု ၂-မျိုး၊ သတ္ကတပိဋက၌ ရှိသည်။ သာတာဂိရိ-သံ'; stray ']'; marker '၅ သာတာဝဂိရိပဗ္ဗတ' inside the text
189542	sātāvī	'--'
189543	sāti	stray '['; analysis and grammarians' notes 'သာ + တိ … သျတိ-သံ၊ ဝီလျံ'; quotation '(၁) သာ-အဿာဒန တနုကရဏ, အန္တကြိယာသု၊ သာတိ'
189544	sāti	citation 'ဒီ၊ ဋီ ၁'
189545	sāti	page-header debris '၅၉၆ သာတိ?'
189546	sāti	grammarian's note (analysis သာ + တိ, Abhidhāna, Sanskrit, Prakrit, Ardhamāgadhī forms); citation 'ဓာန်'
189547	sātika	grammarians' notes 'ဂတက၊ ဂါတိက-သံ … သတက-အဒ္ဓမာဂဓီ'
189548	sātiya	analysis and notes 'သဒ + ဏေ + ဏျ။ ဒ-ကို တ-ပြု။ သွာဒနီယ-သံ'
189549	sātiyati	label and analysis '(ကြို သဒ + ဏယ + တိ …'; grammarians' note on the Sanskrit forms
189550	sātiyanti	label and analysis '(ကြို သဒ + ဏယ + အန္တိ]'
189551	sātireka	quotation fragment 'သမဓိကာနံ'
189555	sātisayakiccantarabhāvanipphatti	marker of the next article '၇ သာတိသယကိစ္စယုတ္တ'
189556	sātisayakiccayutta	'---'
189557	sātisayakiccānubhāvanibbatti	'----'
189558	sātisayaguṇavisesa	quotation '----သာတိသယဂုဏဝိသေသဿ …'
189559	sātisayanipphajjana	analysis 'သာတိသယ + နိပ္ဖဇ္ဇန]'
189560	sātisayanibbattana	quotation 'ပဋိသန္ဓိဝသေန ဝါ …'
189561	sātisayapaccaya	'----'
189565	sātisayapaccayapavatti	'ဝတ္တိ (ထီ)'
189567	sātisayappasāda	'----'
189568	sātisayamahābhinīhāra	')၈'
189569	sātisayaratanattayaguṇa	quotation '----သာတိသယရတနတ္တယဂုဏေ ဒဿေန္တော'
189570	sātisayavijānanakicca	quotation '----မနောဒွါရနိဂ္ဂမနမုခဘာဝါဘာဝတော …'
189571	sātisayavibhāga	quotation '----ကုသလာဒိဝိဘာဂတော …'; page number '၁၆၆-'
189572	sātisayavimhāpaka	note on the feminine form 'ထီ-၌ --ဝိမှာပိကာ'
189573	sātisayavivekābhāvadīpana	'ဒီပန'; stray '"'
189576	sātisayasucaritakammanibbatta	'----'
189577	sātisayānubhāva	'---'
189578	sātisayārakkha	label and notes '(တိ) အာရက္ခ-ဝီလျံ၊ သံ။ ['
189579	sātisāra	source tag and notes 'ကပ္ပဒ္ဒုမ။ ပါစိတ်၊ သာတိသာရ-သံ'; quotation 'သာတိသာရ'; citation '(ကင်္ခါ။ ၃၇၈)'
189581	sātunna	grammarians' note 'သာရာဂ-ပုဒ်ကဲ့သို့ သံ၏ နိဂ္ဂဟိတ်ကျေ၍ သာ ဖြစ်သည်'
189584	sātodika	note 'ဥဒ=ဥဒက'
189585	sāttha	grammarians' notes 'အတ္ထ-သဒ္ဒါ၏ အ-ကို ဒီဃပြု။ သာထံ-သံ'; stray '['; quotations for (1) and (2) ('သာတ္ထံ သဗျဉ္ဇနန္တိ …', 'အတ္ထသမ္ပတ္တိယာ သဟ …') with citation 'ဣတိဝုတ်'
189586	sātthaka	quotations 'ဓမ္မတော ဝဍ္ဎိသင်္ခါတေန' and 'သံ-သဒ္ဒေါ ဝိဇ္ဇမာနတ္ထတာယ …'
189587	sātthakatāviññāpana	stray '['
189588	sātthakabhāva	quotation '(၂) ---- ဥပသမ္ပာဒယိတွာ'; citation 'ဝိသုဒ္ဓိ၊ ဋီ ၁'
189589	sātthakasampajañña	quotations and headword repetitions after the senses ('သာတ္ထကသမ္ပဇည် … သမ္ပဇာနာတီတိ သမ္ပဇည်')
189590	sāthabbana	grammarians' notes '(အထဝ်န်-သံ။ အာထဗ္ဗဏ-ပါကတ)'; variant reading 'သျ-၌ သာဝပ္ပနံ-ဟုရှိ၏'; stray ']'
189591	sāthala	stray '['; 'သထလင်္ဂ'; quotation 'သိထိလ-သဒ္ဒေန ဝါ …'
189593	sāthalika	analysis '[ သိထိလ + ဏိက'
189594	sāthalikatābhāva	stray '-'
189596	sātthika	grammarian's note 'ဣက-ပစ္စည်း သကတ္ထ' (suffix -ika in its own sense)
189597	sātheyya	analysis 'သာထ + ဏေယျ'; citation ဝိသုဒ္ဓိ ၁၀
189598	sāda	Sanskrit form 'သွာဒ'
189599	sādaka	analysis 'သဒ + ဏေ + ဏွု'
189600	sādakabhikkhu	running head 'သာဒက-) ၂ သာဒန'
189601	sādana	Sanskrit form 'သွာဒန'; quotation '(၂) အဘိဝါဒနသာဒိယနေ'
189602	sādanīya	Sanskrit form; run-on article sādanīyaṭṭha 'the meaning / nature apt to make one consent / delight / accept'
189604	sādayati	stray 'န တိ'; Sanskrit / Prakrit forms
189605	sādayati	citation အနုဋီ ၁
189606	sādayamāna	analysis 'သဒ + ဏယ မာန]'; run-on article sādayāma 'we consent / delight in / accept / enjoy' with analysis; stray 'သာဒယတိ'
189609	sādara	stray ']'
189610	sādaraabhisaṅkharaṇa	fragment 'ရဏ'
189611	sādarajana	'----'
189614	sādāna	quotation 'သာဒါနေသူ တိ သဥပါဒါနေသု …'
189615	sādita	quotation '----လိင်္ဂါနုရူပသံဝါသော ဧဝ သသာဒိတော'
189617	sāditarūpiya	citation '(ကင်္ခါ၊ ဋီ၊ သစ်။ ၃၂၄)'
189621	sādituṁ	analysis and note 'သဒ + ဏေ + တု။ သွာဒိယတဿ-သံ'; stray '['; '----'
189622	sādiyati	label, analysis and grammarians' notes '[ကြို [ သဒ + ဏယ + တိ … သက္ကတပိဋက'; citation 'ကင်္ခါ၊ ဋီ၊ သစ် ၁၈၆'; quotation 'န နိမန္တိတဘိက္ခမ္ပိ …'; list of inflected forms with page numbers
189623	sādiyatu	label and analysis '(ကြို သဒ + ဏယ + တု]'; run-on article '(-သာဒိယထ (ကြို) [သဒ+ ဏယ+ ထ (သင်တို့) သာယာ-နှစ်သက်-လက်ခံ-ခံစား-ကုန်လော့' ('(you) enjoy / delight in / accept / experience!')
189624	sādiyana-sādiyanaka	analysis and grammarians' notes 'ယု။ သာဒိယတိ-မှ … အဒ္ဓမာဂဓီ'; quotations 'သာဒိယနစိတ္တသင်္ခါတေ …' and 'ပဋိဂ္ဂဟဏာ' with page number and repeated markers
189627	sādiyanacittasamuṭṭhita	analysis 'သာဒိယနစိတ္တ + သမုဋ္ဌိတ'; '--'
189628	sādiyanacittānuguṇa	note 'သာဒိယန-၌ --၁'
189630	sādiyanapaṭibadda	'----'
189631	sādiyanapaṭisaṁyutta	quotation 'ဣတော ပရာနိ သာဒိယနပဋိသံယုတ္တာနိ စတ္တာရိ'
189633	sādiyanasambhava	'----'
189634	sādiyanta	analysis 'သဒ + ဏယ + အန္တ'; note on the feminine 'ထီ-၌ သာဒိယန္တီ'; quotations 'သာဒိယန္တဿေဝါ။ သာဒိယန္တေနာ'
189635	sādiyanti	'----'
189637	sādiyasi	stray ']' and '['; analysis 'သဒ + ဏယ + သိ'
189640	sādiyiṁsu	analysis fragment 'န+ ဥံ'
189641	sādiyi	stray '၂'
189642	sādiyi	grammarians' note 'ဩ-ကို ဣ-ပြု'; run-on text 'နှစ်သက်-လက်ခံ- ခံစားခြင်းငှါ' ('in order to delight in / accept / experience')
189645	sādiyissati	label and analysis '(ကြို သဒ + ဏယ + ဿတိ'; '--'
189646	sādiyissanti	'----' twice
189648	sādiyissāma	'---'
189649	sādiyeyya	quotation 'ဥပနိက္ခိတံ ဝါ အပ္ပဋိက္ခိပိတွာ စိတ္တေန အဓိဝါသေယျ'; citation '( ၂၇၆-'
189650	sādiyeyyāma	analysis 'သဒ + ဏယ + ဧယျာမ'
189651	sādiyantikāla	analysis 'သာဒိယန္တိ + ကာလ'; '--'
189652	sādisa	analysis '(ဒုသ) + ကွိ'; page header 'အဘိဓာန် (အ-ဝဂ်) ၂၇ ပ-မ-သ-စ ၇ သာဒိသီ ၅၈၈'; Sanskrit note 'သာသဂ-သံ'
189653	sādisī	quotations 'သာဒိသိယော', 'သာဒိသီ' with citation 'ဒီ၊ ဋ္ဌ ၂'
189654	sādī	analysis '(ဒုသ) + ကွိ'; list of forms 'ဤဒီ၊ ယာဒီ၊ တာဒီ၊ မာဒီ၊ ကီဒီ၊ ဧဒီ၊ သာဒီ'
189656	sādīnavamahākantārappavesa	stray '['
189657	sādu	analysis and grammarians' notes 'သဒ + ဏု … အဒ္ဓမာဂဓီ' with source tags; stray ']'; quotations 'သာဒု', 'သာဒူ' with citation 'ဝိ၊ ဋ္ဌ ၁'
189658	sādukāma	analysis '] + ဏ'; quotations 'သာဒုကာမာ', '(သာဒုမဓုရဝတ္ထုပိယာ' with page number
189659	sādutara	marker of the next article '၈ သာဒုတရတာဝိသေသ'; quotations 'သာဒုတရ …', 'မဓုတရန္တိပိ ပါဌော …'
189662	sādutararasa	'----'
189663	sādutāpaccupaṭṭhāna	analysis fragment 'ပစ္စုပဋ္ဌာန ]'
189664	sāduphala	stray '['; citation 'ဇာ၊ ၁ဝ'
189667	sāduphalūpabhogādhippāya	OCR debris '၉ ဃာဗုဖယူပမဟ ပ္ပ'
189668	sāduphalūpabhogādhippāyaggahaṇa	repeated headword '[သာဒုဖလူပဘောဂါဓိပ္ပါယ ဂဟဏ ['
189673	sādurasaphalūpabhogādhippāya	stray '] ['
189674	sādurasabhojana	'---'
189676	sādurasavisarukkhabījasadisa	'----'
189678	sādurasasuvisuddhabhāva	marker of the next article 'ု သာဒုရသောဒက' inside the text
189681	sādeti	label and analysis '(ကြို သဒ + ဏေ + တိ'; 'သာဒိယတိ-' (perhaps the end of a 'see sādiyati' formula)
189683	sādesa	stray '['
189684	sāddha	grammarians' notes 'ယ-ကို ပုဗ္ဗရုပ် မ-ပြု … သာဓျ-ပုဒ်သာ ထုံးစကျသည်'; citation 'ဝိသုဒ္ဓိ၊ ဋီ ၁'
189685	sādhaka	analysis and grammarians' notes 'သိဓ + ဏွု … အဒ္ဓမာဂဓီ' with source tags; quotation 'သာဓကာနီ'
189686	sādhakatama	stray '"'
189687	sādhakavacana	quotation '(၁) ဣဒံ'; marker of the next article '၁ သာဓကသုတ္တ'
189688	sādhakasutta	quotation 'သက္ကော ဘန္တေ အရဟာ အဟန္တိ'
189689	sādhana	note 'ထီ-၌'; grammarians' notes 'သာဓန-သံ။ သာဟဏ-ပြာ၊ အဒ္ဓမာဂဓီ'; damaged first copy of (3)–(5); quotation 'သာဓီယတီတိ နိပ္ဖါဒီယတိ …' with citation 'ရူ၊ ဋီ၊ ကိတ်။ ၂၁၃-နှာ' and 'ဝိသုဒ္ဓိ၊ ဋီ ၁'; stray 'ထေရ'; run-on sādhanaka article 'သာနေက (တိ)။ သာဓန + က ] သာဓန(၁) အနက်ကြည့်' ('see the meaning of sādhana (1)') with quotation 'ဣဇ္ဈနက ကောဋ္ဌာသာတိ …'
189690	sādhanaka	'ကောဋ္ဌာသ ၇) [ သာဓနက +' (analysis fragment)
189691	sādhanakoṭṭhāsa	stray '['
189692	sādhanaṭṭha	grammarians' note 'တ္ထ-ကို ဌ-ပြု'; stray '['
189694	sādhanantarāmasana	quotations 'ပညာပနာ', 'ယောပနာယံ (ပ)'
189697	sādhanayoga	stray '['; citation 'အနုဋီ ၃'
189698	sādhanavibhāga	quotation '----သာဓနဝိဘာဂေန ဒဿေတုံ …'
189699	sādhanasamattha	stray '] ၂]'; '--=='
189702	sādhanī	analysis 'သာန + ဤ'
189703	sādhammiya	stray '['
189704	sādhayati	quotation '----အနုပ္ပန္နာနဉ္စ ကုသလာနံ …'; marker '၃ သာဓယမာန'; list of inflected forms
189705	sādhayamāna	quotations '---စက္ခုဝိညာဏံ ဒဿနကိစ္စံ သာဓယမာနံ …'
189706	sādhayāmi	analysis 'သိဓ + ဏယ + မိ'
189708	sādhayiṁsu	'----'
189709	sādhayikā	analysis '[သာဓ (သိဓ) + ဏယ + ဏု'
189711	sādhayissāmi	quotation 'သာဓယိဿာမဟံယေဝ၊ နညော အညဿကာရကော'
189712	sādhaye	label and analysis '(ကာ၊ ကြို သိဓ + ဏယ + ဧယျ။ ['
189714	sādhāra	stray '['; quotation 'သေယျထာပိ ဘိက္ခဝေ သာဓာရော …'; marker of the next article '၄ သာဓာရဏ'
189715	sādhāraṇa	analysis and grammarians' notes 'သမာန (သဟ) + ဓာရဏ … အဒ္ဓမာဂဓီ' with source tags; stray ']'; quotations 'သာဓာရဏေ', 'သာဓာရဏာယာ', 'သာဓာရဏာသာဓာရဏဘာဝေဟိ'
189717	sādhāraṇakamma	'----'
189718	sādhāraṇakammanibbatta	quotation '---- တဒုပဇီဝီနံ သတ္တာနံ ပဝတ္တေတိ'
189720	sādhāraṇakammānubhāva	quotation fragment 'သုပဋိယတ္တာနိ'
189723	sādhāraṇakāraṇa	marker of the next article '၅ သာဓာရဏကာရဏဋ္ဌ' inside the text
189724	sādhāraṇakāraṇaṭṭha	quotation '---အကုသလာနံ သာဓာရဏကာရဏဋ္ဌေန'
189727	sādhāraṇaggāha	stray ']'; analysis 'သာဓာရဏ + ဂါဟ'
189728	sādhāraṇajāti	analysis 'သာဓာရဏ + ဇာတိ'; '---'
189729	sādhāraṇajhānaṅga	analysis '[ သာဓာရဏ - ဈာန + အင်္ဂ ['
189730	sādhāraṇañatti	'---- ----'
189732	sādhāraṇaṭṭhakathā	'----'
189737	sādhāraṇadāra	quotation 'န သာဓာရဏဒါရဿ'
189739	sādhāraṇadvāramūla	citation 'ကင်္ခါ ဋီ၊ သစ်'
189740	sādhāraṇadhamma	stray '['
189742	sādhāraṇanidāna	stray '['
189744	sādhāraṇapakkha	quotation '----သာဓာရဏာ သာဓာရဏတ္တာ …'
189746	sādhāraṇapaññatti	citation 'ကင်္ခါ ဋီ၊ သစ်'
189747	sādhāraṇapaññattiduka	garbled repeated headword 'သာဓာရဏပညဉတ္တိဒုတ်'
189748	sādhāraṇapada	citation 'ကင်္ခါ၊'
189749	sādhāraṇapadavaṇṇanā	'ဥ၈'
189750	sādhāraṇaparikkhāra	'---'
189751	sādhāraṇaparibhoga	'---'
189754	sādhāraṇapārājika	stray '['
189757	sādhāraṇaphala	quotation 'စက္ခုရူပါဒီနဉှိ စက္ခုဝိညာဏာဒိသာဓာရဏဖလံ'; citation '(-မူလဋီ၊'
189758	sādhāraṇaphalanipphādaka	citation '(-၁၀၂၂)'
189759	sādhāraṇaphalanipphādakaṭṭha	stray ')'; marker '၂၈ သာဓာရဏဖလနိပ္ဖါဒန' inside the quotation 'သာဓာရဏဖလနိပ္ဖါဒကဋ္ဌေန'
189761	sādhāraṇabuddhi	'----'
189765	sādhāraṇabhāvatthika	analysis '[ သာဓာရဏဘာဝ + အတ္ထိက'; '---.'
189766	sādhāraṇabhāvadassanattha	stray '['; quotation '----ဗုဒ္ဓပစ္စေကဗုဒ္ဓသာဝကာနံ …'
189768	sādhāraṇabhāvāsahana	'----'
189770	sādhāraṇabhoga	quotation '----ရာဇာဒီဟိ သာဓာရဏဘောဂတာ …'; citation 'အနုဋီ'; marker '၉ သာဓာရဏဘောဂီ'
189771	sādhāraṇabhogī	quotation '---သီလဝန္တေဟိ သဗြဟ္မစာရီဟိ သာဓာရဏဘောဂီ'; page number '၉၀ဝ'
189772	sādhāraṇamaṁsa	quotation 'သာဓာရဏမံသံ ခါဒိတွာ'
189774	sādhāraṇamahānidānavissajjana	quotation 'နာယုတ္တံ' with stray quotation marks
189775	sādhāraṇarūpanāmayattagahaṇīya	stray '['
189777	sādhāraṇavacana	'---- ‘'
189779	sādhāraṇavāra	'---'
189781	sādhāraṇaviññāṇappabandhappaṭibaddha	quotation 'သုတ-သဒ္ဒဿ ကိရိယာသဒ္ဒတ္တာ …'
189782	sādhāraṇavinicchaya	stray ']'; marker 'ု သာဓာရဏဝိပါက'; fragment 'ဝိနိစ္ဆိယ'; quotation 'သဗ္ဗသိက္ခာပဒါနံ ပန …'; citations '၁၁- ကင်္ခါ' and '(- ကင်္ခါ၊ ဋီ၊ သစ်၊ ၂၀၆၊ ၂၁၇)'
189784	sādhāraṇavibhāvanā	'----'
189785	sādhāraṇavisesa	'----'
189787	sādhāraṇasamuṭṭhāna	quotations 'သမ္ဘိန္နသမုဋ္ဌာနာနိ', 'ဗာဟိရံ ပန အဇ္ဈေသနံ'
189789	sādhāraṇasikkhāpada	analysis '[သာဓာရဏ + သိက္ခာပဒ'; 'သာဓာရဏသိက္ခာပဒ'
189791	sādhāraṇahetu	'---'
189793	sādhāraṇākārasallakkhaṇa	marker '၁ သာဓာရဏာဒိဓမ္မဝိဘဇနုပါယ' inside the text; '---- ----'
189794	sādhāraṇādidhammavibhajanupāya	quotation fragment 'ယတော'
189795	sādhāraṇāpatti	'----'
189796	sādhāraṇāpattidassana	quotation 'သဉ္စရိတ္တာပညတ္တီ'
189797	sādhāraṇavidhura	'----'
189798	sādhāraṇāsādhāraṇadhammavibhāga	'----'
189800	sādhāraṇāsādhāraṇabhedabhinna	quotation '--- မဂ္ဂဉာဏဉှိ'
189803	sādhika	source tag 'ကပ္ပဒ္ဒုမ'; stray '['; quotation 'သာဓိကာနိ'
189805	sādhikaṭṭhavīsasahassamattagantha	stray '['
189806	sādhikanavuti	quotation 'သာဓိကနဝုတိ အာနန္ဒ ဉာတိကေ ကရိဿန္တိ'
189808	sādhikaporisappamāṇa	debris '[ ['
189810	sādhikā	analysis 'သာဓ + ဏေ + ဏွု သာဓိက + အာ။ ကပ္ပဒ္ဒုမ။ ]'
189811	sādhiṭṭha	grammarians' notes and sources (အတိသယေန ဗဠှော သာဓိဋ္ဌော; မောင်၊ ပဉ္စိကာ; ကပ္ပဒ္ဒုမ; ဗဠှ-ကို သာဓ-ပြု; Sanskrit note); after the definition 'ဗာဠှဿ သာဓော' with source 'အဘိဓာန် (အ-ဝဂ်) ၂၈ ပ-မ-သ-စ', 'ပစ္စယေသု။ သာဓိယော၊ သာဓိဋ္ဌော။ ကစ္စည်း'
189813	sādhiṭṭhānasamathavipassanādidhamma	analysis '[ သာဓိဋာန ၃ သမထဝိပဿနာဒိ + ဓမ္မ'
189814	sādhita	sources and Sanskrit/Prakrit notes (ကပ္ပဒ္ဒုမ; သိဓ + ဏေ + တ္တ; ကောတ္ထုဘ; သာဓိတ-သံ; သာဟိအ-ပြာ; သာဟိတ-အဒ္ဓမာဂဓီ); garbled '(၂ ပြည် စေရာအခါ'
189816	sādhitakiriya	debris '['
189817	sādhitabba	quotation '----ပါရိဝါသိကာနံ ဝိဟာရပရိယန္တဒါပနေန သာဓိတဗ္ဗော”'
189818	sādhina-sādīna	Sanskrit/Prakrit notes 'သွာဓီန-သံ။ သာဓီဏ၊ သာဟီဏ၊ ပါကတ။ ['
189819	sādhinarāja	debris '['
189820	sādhināmaka	citation 'မဇ္ဈိမနိ-သို'
189822	sādhipati	sense (2), a quotation only: '“အဒ္ဓါန (ပ) သမာပဇ္ဇန္တီတိ'
189828	sādhippāyattha	debris '['; '---- " (ပ)'
189830	sādhippāyayojanā	'---- သာဓိပ္ပါယယောဇနာ' (the headword repeated)
189834	sādhīna	----
189836	sādhīyati	label and analysis '(ကာ၊ ကမ္မ၊ ကြို သိဓ + ဏယ + တေ ]'
189837	sādhu	analysis and source 'သာ + ဏု။ သာဓျတိ နိပ္ဖါဒယတိ ဓမ္မာဒိ ကာရိယန္တိ သာဓု။ ကပ္ပဒ္ဒုမ။ ['
189838	sādhu	analysis and Sanskrit/Prakrit notes (သာဓ + ဏု; ကပ္ပဒ္ဒုမ; အတ္ထုဒ္ဓါရ-ပြသောကျမ်းများ-ဒီ၊ သစ်။ ၃၈၇-နှာ; သာဓု-သံ; သာဟု-ပါကတ); the first (duplicate) run of senses (1)–(11); quotations and citations ('သံ၊ ဋီ ၂', '“သမ္ပဟံသနေ” တိ', 'သာဓူနိ မဓုရာနိ ဝါကျာနိ ဥဒါနဝစနာနိ', '---- --၁ ဣတိဝုတ်', 'သာဓုကံ သက္ကစ္စံ အဇ္ဈုပေက္ခတိ'); ----
189840	sādhuka	Sanskrit note 'သာဓုက-သံ'
189841	sādhuka	citation 'ပါစိတ်၊'
189844	sādhukapada	----; quotation 'သာဓုကပဒံ ဧကမေဝ ဦ ယောဇေတဗ္ဗံ'
189845	sādhukamanasikāra	debris '['; ---; quotation 'သာဓုကသဝနမနသိကာရေ'
189847	sādhukamyatā	---- ----
189848	sādhukasadda	---- ----
189851	sādhukāma	debris '] ['; '၂၈ သာဓုကာရ' inside the text (running head or run-on)
189853	sādhukāradāna	---- ----
189855	sādhukārasata	quotation '---မဟာဇနော အစ္ဆရိယဗ္ဘုတစိတ္တဇာတော သာဓုကာရသတာနိ ပဝတ္တေသိ'
189856	sādhukārasadda	----
189857	sādhukārasaddanigghosa	the compound split 'သာဓုကာရသဒ္ဒ နိဂ္ဃေါသ'
189859	sādhukārasadduṭṭhāna	debris '['
189860	sādhukārasahassa	debris '[ ['
189861	sādhukāritā	----; citation 'ဣတိဝုတ်၊ ၉'; run-on headword 'သာဓုကာရိတာဝုဏယုတ္တ' (next line)
189863	sādhukārī	----; citation 'ဣတိဝုတ်၊ ဌ ၁၄၄'
189864	sādhukīl̤a	---- quotation 'သတ္တာဟံ သာဓုကီဠံ ကီဠိတွာ သဗ္ဗဂန္ဓစိတကေ မဟန္တေန ကာရေသိ'
189865	sādhukīl̤ana	quotations 'သုန္ဒရံ ကီဠနန္တိ သာဓုကီဠနံ', 'သာဓုကံ ဧဝ ပူဇာဝသေန ကီဠနတော သာဓုကီဠနံ'; ----
189867	sādhukīl̤anadivasa	--- ----
189868	sādhukīl̤ika	---; quotation 'သာဓုကီဠိကံ ကီဠေတွာ'
189869	sādhukīl̤ita	analysis 'သု. ကီဠိတ'; ----; quotation 'သာဓုကီဠိတံ ကီဠိံသု'; ---
189870	sādhukīl̤itagīta	----
189871	sādhugīta	debris '['; ---- ---- “
189873	sādhucitta	----; run-on articles 'သာုစနနံ (တိ) ကောင်းမြတ် သော-အကျိုးကိုကြံစည်တတ်သော၊ ပညာ။ ----သာဓူနံ အတ္ထာ စိန္တိနံ ပညာ ကိမတ္ထိယာ။' and 'သာဓုဆန္နန (တိ) [ [ ကောင်းစွာ ဖုံးလွှမ်း မိုးအပ်သော။'
189876	sādhujana	debris '['; ----; ---; quotation 'သာဓုဇနေ နိယောဇေတိ'
189878	sādhujanapāmojjattha	---
189882	sādhujanācāravirahita	quotation '---- ဓီတာ စိရကာလံ အပရိစိတကုသလတာယ သာဓုဇနာစာရဝိရဟိတာ'
189884	sādhujita	run-on headword '၁ သာဓုဇီဝိတ' (next line)
189885	sādhujīvita	debris '['; quotation '---- အပတိရူပသဟာယေ ဝဇ္ဇေတွာ သာဓုဇီဝိတာယ ဘဇဿု'
189887	sādhutacchita	----
189888	sādhutara	----
189889	sādhutāpaccapaṭṭhāna	--- the headword repeated 'သာဓုတာပစ္စုပဋာန'
189890	sādhuttappakārappatta	--- ----
189892	sādhudhammacariya	'ယထာ' (start of a quotation)
189894	sādhunaradhamma	source abbreviation 'ဇာ၊'
189895	sādhunimmita	citation of the previous article 'ဇာတ်ဝတ္ထု၊ ၄၆၀-၁)'; the headword and label in OCR 'ဆာဓုန်္ဗိတ (တိ) ]'
189897	sādhunisita	debris '['; quotation fragment and citation 'သာဓုနိသိ-တဿာ ၁၀၄)'
189899	sādhupaccudā	debris '['
189900	sādhupañña	quotation fragment and citation 'သာဓုပညဿာ မ၊ ၂၊ ၄၈)'; commentarial glosses 'သာဓုပည်။ ဥတ္တမပည်။'
189902	sādhupurisa	citations '(ဓာန်။ ၉၇၅)', 'သပ္ပုရိသေ။ ဓာန်၊ ဋီ'
189903	sādhupūjita	citation '၃၊ ၇၊ ၁၃၊ ဥစ'
189904	sādhuphalabharita	debris '['; citation 'ဝိသုဒ္ဓိ၊ ဋီ ၂'
189905	sādhubhāvita	debris '၉စ'
189906	sādhubhāvūpagamana	----
189907	sādhumariyāda	gloss '“အပရာဓော” တိ'; citations 'ဒီ၊ ဋီ ၁', '(သီ၊ ၃'; run-on headword 'သာဓုမရိယာဒဝီတိက္ကမလက္ခဏ ၁၉၂၂)' (next line)
189910	sādhumuttikā	debris '['; the headword split 'သာဓု မတ္တိကာ'
189911	sādhuramma	---
189912	sādhurasa	quotation '---သာဓုရသာနိ စ ဒွေ တီဏိ သူပဗျဉ္ဇနာနိ'
189913	sādhurūpa	gloss 'သာဓုရူပါ သုန္ဒရဘာဝါ'
189914	sādhuladdhika	debris '['
189916	sādhuvaggavaṇṇanā	quotation 'စတုတ္ထဿ သာဓုဝဂ္ဂေါ စတုတ္ထော'
189917	sādhuvaṇṇita	debris '['
189918	sādhuvādī	debris '['
189922	sādhusajjhāyakaraṇa	debris '['
189923	sādhusaṇṭhita	debris '['
189924	sādhusadda	quotations 'အယဉှိ ဒိဿတိ', '--သာဓုသဒ္ဒေါ ဥဒါဟဋော'
189927	sādhusabhāva	quotations 'သာဓုသဘာဝံ န ဃဋ္ဋေယျ။ အညေ ပန ဝသန္တိ', '----သာဓုသဘာဝါယ ဝါစာယ ဝက္ခတိ'
189928	sādhusamacariya	quotation fragment 'ဧဝံ "”'
189929	sādhusamācāra	---; '(-၇၅၊'
189931	sādhusamāhita	----
189932	sādhusammata	debris '] ['; ----; ----
189933	sādhusammatācāraviraha	'၅ သာဓုသီလဇာတက' inside the text (running head or a later headword); ---
189935	sādhusīliya	quotation 'သော ဇစ္စ သာဓုသီလံ'
189939	sādhetabba	analysis 'သာဓ (သိဓ) + ဏေ + တဗ္ဗ။ ]က-။'; debris 'ရို] ်း ၍်ရျ'; ---
189941	sādhetabbatthasāmaññapariggaha	----
189942	sādhetabbadhammarahita	debris 'ဦ ရဟိတ'
189943	sādhetabbayojanā	debris '['; quotation 'ဗုဒ္ဓါ ပန တဒါ တတော ပရံ ဌတွာ သာဓေတဗ္ဗပယောဇနဘာဝတော'
189944	sādhetabbaphala	running head '၄၆ သာဓေတဗ္ဗသဘာဝါဝဗောဓ' inside the text
189945	sādhetabbasabhāvāvabodha	quotation '----ပါဏာတိ ပါတာဒီ ... သာဓေတဗ္ဗသဘာဝါဝဗောဓတော'
189946	sādheti	grammarians' note 'သံသိဒ္ဓိယံ ကာရိတေ မဟာဝုတ္တိနာ ဣဿ အာတ္တံ၊ သာဓေတိ'; Sanskrit/Prakrit notes; list of inflected forms from '(၃) သာဓေတု' on
189947	sādhetuṁ	repeated marker '(၂)'; run-on article 'သာဓေတု (ကာ၊ ကြိ) သိဓ + ဏေ + တု ပြီး-ပြည့်စုံ-စေ-လော့-သတည်း'
189949	sādhetukāma	---
189952	sādhentī	grammar note 'အန္တ။ ထီ-၌ --၇'; quotation '---လောကဿ ... အဗ္ဘုဂ္ဂတော'; citation 'မဏိမဉ္ဇ္စူ ၂'
189953	sādhenti	label and analysis '(ကာ၊ ကြို သိဓ + ဏေ + အန္တိ ]'; citation 'မဏိမဉ္ဇူ ၂'
189955	sādhemi	analysis 'န+ မိ'
189956	sādheyya	quotations 'အဘိနိပ္ဖါဒေယျာတိ ... သာဓေယျ', '----အာရမ္ဘမာန ... န သာဓေယျ'
189959	sādhetvā	----; ----; quotation fragment '-----အဗြာဟ္မဏဘာဝံ'
189961	sādhessati	label and analysis '(ကာ၊ ကြို သိဓ + ဏေ + ဿတိ'; citation 'ထေရ၊ဋ္ဌ၊ ၁ဝ'; run-on headword '၈ သာဓေဿန္တိ' (next line)
189963	sādhessāma	quote mark '’။'; headword 'သာဓေဿာဓိ' and analysis '(ကာ၊ ကြို သိဓ + ဏေ + ဿာမိ'; '(-'
189965	sādhehi	run-on 'သာတိ) သာဓ ကျည် ပြည်နု-ယုံကြည်-ထင်ရှား-စေ-အပ်-သင့်-ထိုက်-သော-စကား'
189967	sānaṁ	grammar rule 'သာဿ သေ စာနင်'; ---၁
189969	sāna	debris '['
189973	sānu	grammarians' notes 'ဂိရိပ္ပဒေသော ... ပဗ္ဗတသမဘူဘာဂေါ'; source 'ကပ္ပဒ္ဒုမ'; '(၇)'; Sanskrit/Prakrit notes and label; first run of senses (1)–(5); sources 'ဝိမာန၊ အဘိဓာန် (အ-ဝဂ်) ၂၉ ပ-မ-သ-စ'; running head '၉ သာနုဂ္ဂဟ'; 'မီ'
189974	sānuggaha	citation 'မ၊ ဋီ ၃'
189976	sānucara	analysis and variants '+ အ။ (တိ) သာနုစရ၊ သာနုစရီ- ဝီလျံ'
189977	sānucara	quotation fragment 'သာနုစရ'
189979	sānutthera	page reference '၁၄၂)'
189980	sānuttheragāthā	source 'ခုဒ္ဒကနိကာယ ထေရဂါထာပါဠိ ၁-နီပါတ်'; running head '၀ သာနုတ္ထေရဂါထာဝဏ္ဏနာ'; '၅-ဝဂ်၊ ၄-ဂါထာ'
189983	sānunāsika	analysis 'သဟ -+ အနုနာသိက]'
189986	sānupabbata	---
189987	sānupabbatasikha	debris '['; ----; '၉ဝ'
189988	sānupālana	debris '['; '၉၀ဝ'
189990	sānubuddha	debris ']'
189991	sānubhāva	run-on headword '(၁ သာနုမယ' (next line)
189992	sānumaya	debris ']'
189993	sānumātu	quotation fragment 'ဓမ္မဿဝနယက္ခသမာဂမာဒီသု “'
189999	sānuvajja	Sanskrit note 'အနုဝါဒျ-သံ'
190001	sānuvāda	gloss 'သာနုဝါဒေါ တိ သဥပ-ဝါဒေါ'
190002	sānusandhi	debris '['; running head '၂ သာနုသန္ဓိက'
190003	sānusandhika	analysis 'သာနုသန္ဒိ က]'; quotation fragment 'ဝစနာနုသန္ဓိနာ "'
190005	sānusandhika	citation 'မ၊ ၂၄၇၃'
190008	sānusaya	running head 'သာနုသယကိလေသဗျာဓိဟရဏသမတ္ထ ၄' inside the text
190011	sānusayapajahanapariññāvāra	analysis 'သာနုသယ + ပဇဟန -+ ပရိညာ + ဝါရ]'; quotation 'သာနုသယပဇဟနပရိညာဝါရေသု "'
190014	sānusāra	quotations 'သ-သဒ္ဒေါ ဟိ ဣဓ သာနုသာရော ဝုတ္တော', 'အာရကာဟိ စေတ္ထ ... နိရုတ္တိနယေန “'; citation 'မ၊ ဋီ၊ ၁ဝ'
190022	sāntaka	analysis '+ က ['
190026	sāpateyya	sources and Sanskrit/Prakrit notes 'ကပ္ပဒ္ဒုမ။ သွာပတေယ-သံ။ သာဝတေယျပြာ၊ အဒ္ဓမာဂဓီ။ ['
190030	sāpateyyāvahāra	----
190033	sāpattikabhāvānatikkamana	running head '၅ သာပတ္တိဋ္ဌာန' inside the text; ----
190034	sāpattiṭṭhāna	debris '(သျ'
190035	sāpattibheda	----
190036	sāpada	quotation and source '“ စေ။ ဗျဂ္ဃါဒိကေ ဝါဠမိဂေါ သာပဒေါထ လြဝင်္ဂမော။ ဓာန်'
190038	sāpadesa	the headword repeated 'သာပဒေ သ'
190042	sāpānadoṇiādiavisuddhakaṭṭha	debris '['; running head '၆ သာပါနဒေါဏိအာဒိကဋ'
190045	sāpugiya	analysis 'သာပုဂ + ဏိယ ['; gloss 'သာပုဂိယာ တိ သာပုဂနိဂမ-ဝါသိနော'
190046	sāpekkha	'(၁) သာပေက္ခာ' (run-on or the headword repeated)
190048	sāpekkhagamana	reference '(-၂၈၂-၅)'
190051	sāpekkhabhāvadassana	citation 'ကင်္ခါ၊ (၄၆)'
190052	sāpekkhasadda	quotation '‘လာတိ သင်္ဂ ဟောတိ ဝုတ္တေပိ ဇာတိ-သဒ္ဒဿ သာပေက္ခသဒ္ဒတ္တာ'
190054	sāpekkhābhāvadassana	quotation 'အဘိ-နိဒ္ဒေသေန ဣမဿ သာပေက္ခာဘာဝဒဿနတ္ထံ'
190055	sāpekha	running head '၇ သာဗာဓ'
190057	sābyaya	run-on text of sābhā 'တင့်တယ်-သော အရောင်အလင်း' and quotation 'သာဘာသု ဝိဇ္ဇမာနာဘာသု ဇိနဿ'
190058	sābhā	source 'အလင်္ကာ၊'
190059	sābhāva	quotation 'သာရက္ခန္တိ စ ... သာရာဂေါ’တိအာဒီသု ဝိယ'; citation '(-နေတ္တိ၊ ဋီ'
190060	sābhāvika	analysis 'သာဘာဝ + ဏိက'; feminine form 'ထီ-၌ သာဘဝိကီ'; Sanskrit/Prakrit notes; sources 'အလင်္ကာ။ အလင်္ကာ၊'
190061	sābhāvikañāṇa	'"'
190063	sābhāvikanibbacananidassana	debris '] ['
190065	sābhāvikaliṅgatādassana	debris '['
190066	sābhinivesa	analysis 'သဟ -+ အဘိနိဝေသ'
190067	sābhisaṅkhāra	Pāḷi gloss of sense (1) '(၁) နိပုဏမဓုရသမသက္ကစ္စကာရီ'
190068	sābhisandhika	analysis '[ + က'
190069	sābhisandhikaparūpaghātī	'"'
190070	sābhoga	citation '(-ဝိသုဒ္ဓိ၊ ဋ ၁'
190071	sāmaṁ	Sanskrit/Prakrit notes; the grammarians' note on the case of the nipāta (Maṇimañjūsā, pp. 73, 133, 379); citations '(ပါရာဇိကဏ်၊ နိဿယ၊ သစ်။ )', '[)က)။ (ကင်္ခါ။ ၁၃၈)။ ပါစိတ်။ ဓာန်။ ဓာန်။'; running head '၉ သာမံပက္ကံ'
190075	sāmaṁpākagamana	citation 'ဝိ၊ ဋ္ဌ ၂'
190077	sāma	grammarians' analysis and Sanskrit/Prakrit notes; the first run of senses (1)–(12); quotations and variant readings ('သာမာ စာ သတ္တေ ဘက္ခယန္တီတိ အတ္ထော', 'သာဝံ (သာမံ- သီ၊ ဣ။ မူ)', 'ဟသော သာမဿာ', 'သာမာ စ စမ္ပကာ စ ဒွေ အဂ္ဂ-သာဝိကာ'); stray '(၇)', '၄ာ၈', '(၇)၊ဝ'; ----
190078	sāma	grammarians' analysis, quotation '“"သာ တနုကရ-ဏာဝသာနေသူ”', sources and Sanskrit/Prakrit notes; after the definition, '(၁) "။ ဓာန်။ (၂) "”တိအာဒိ', the gloss 'သောယန္တိ အန္တံ ကရောန္တိ ... ကတွာ', sources 'ဓာန်။ ဝဝ၈စ။ ဓာန်'
190079	sāma	sources and Sanskrit/Prakrit notes 'ဓာန်၊ ကပ္ပဒ္ဒုမ။ ဈာမာ-သံ။ (ထီ) သာမ-ပါကတ။'; quotation fragment '(၁) သာပိ "'
190080	sāmaka	debris '['
190081	sāmakasutta	running head '၁ သာမကုမာရ'; location 'အင်္ဂုတ္တရနိကာ-ယ၊ ဆက္ကနိပါတ်၊ ၁-ပဏ္ဏာသက၊ ၃-ဝင်၊ ၁-သုတ်'
190084	sāmagāmaka	debris '['
190085	sāmagāmasutta	location 'မဇ္ဈိမနိကာယ၊ ဥပရိပဏ္ဏာသပါဠိ၊ ၁-ဝဂ်၊ ၄-သုတ်'
190087	sāmagga	source 'မောင်၊ ၎င်း-'
190088	sāmaggattha	debris '['; quotation '----ပရိသုဒ္ဓိဝီမံသနာရောစနဝသေန ... ကာယစိတ္တသာမဂ္ဂီကရဏတ္ထာယ'
190090	sāmaggidivasa	quotation 'ဥပေါသထဒိဝသော သာမဂ္ဂိဒိဝသော စ ယထာ ဝုတ္တစာတုဒ္ဒသပန္နရသာ'
190092	sāmaggiparidīpanattha	debris 'ှ'; running head '၂ သာမဂ္ဂိပရိဘောဂ'
190093	sāmaggiparibhoga	quotation 'ဗြာဟ္မဏော တမေဝ ... နိဗ္ဘောဂေါတိ အာဟ'; run-on 'သာမဂ္ဂိ (သာမဂ္ဂီ) ပဝါရဏာ (ထီ) သံဃာညီညွတ်သောနေ့၌ ပြုအပ်။ သာမဂ္ဂိ (သာမဂ္ဂီ) ပဝါရဏာဒိဝသ (ပု)'
190094	sāmaggipavāraṇā	analysis '+ ဒိဝသ ['
190099	sāmaggirasavaṇṇa	quotation fragment 'သတ္ထာ "”'
190103	sāmaggī	'သာမဂ္ဂိ-၃'; quotation 'သာမရဂ္ဂီအင်္ဂ မေဝ သီက္ခေထာ'; citations 'ကင်္ခါ ဋီ၊ သစ်။ ပါစိတ်၊ (၂)'
190104	sāmaggīaṅga	'သာမဂ္ဂီအင်္ဂါ။ သာမဂ္ဂီအင်္ဂါန' (the headword repeated)
190106	sāmaggīanumodana	label 'ထီ၊ န)'
190108	sāmaggīupagata	run-on 'သာမဂ္ဂီ (သာမဂ္ဂိ) ဥပေါသထ (၇)။ [ သံဃာ၏ ညီညွတ်ခြင်းကို ပြုသောနေ့၌ ပြုအပ်သောဥပုသ်၊ သာမဂ္ဂီ (သာမဂ္ဂီ) ဥပုသ်။' with quotation 'ယဒါ ပန ... ကာတဗ္ဗော' and headword 'သာမဂ္ဂီ (သာမဓ္ဂိ) ဥပေါသထဒိဝသ (ပု)'
190109	sāmaggiuposatha	debris '['; quotation '----ဌပေတွာ ... နာမ ဟောတိ'; citation '(ကင်္ခါ၊ ဋီ၊ သစ်။ ၃၁၄)'
190113	sāmaggīkaraṇa	'သို့'
190116	sāmaggīdāna	'(-'
190117	sāmaggīdivasa	debris '[ ['
190118	sāmaggīpariccheda	debris ']'
190119	sāmaggībheda	debris '['; '၂၀၉'
190120	sāmagya	gloss 'သာမဂ္ဂဿ ဘာဝေါ သာမဂျ'; source 'မောင်၊ ၎င်း'; variant 'သာမဂ္ဂီမေဝ (သာမဂျမေဝ-သျာ၊ က-မူ)'
190121	sāmacca	Sanskrit note 'သာမာတျ-သံ'; source 'ဝီလျံ'; debris '['
190122	sāmacchavi	quotation fragment 'ယာ'
190123	sāmacchavika	quotation fragment 'ယာ ”'
190124	sāmajātaka	debris '] ['
190126	sāmajātakasadisa	source 'အဘိဓာန် (အ-ဝဂ်) ၃၀ ပ-မ-သ-စ'; running head '၅ သာမည”'
190127	sāmañña	grammarians' analysis and Sanskrit/Prakrit notes; 'သာမညသုတ်။ ဒီ၊ ဋီ ၁။ သာမည်။'; sense (2), a quotation only: 'မတ္တေယျပေတ္တေယျာ-စာပိ၊ သာမညံ ဗြဟ္မပစာယိကံ'
190128	sāmañña	'(၁) သာမညာ' (quotation fragment)
190131	sāmaññakappanā	quotation 'သာမည-ကပ္ပနာယ ... ဝေမတ္တတာ'
190132	sāmaññakāna	analysis '] သမဏ + ဏျ-သာမည် သာမညက + ကာန။ ထီ-၌ သာမညကာနီ။ ]'
190133	sāmaññakāni	analysis 'သာညမကာန -+ ဏိ။ အပစ္စတဒ္ဓိတ်။ ကစ္စည်း။ ]'; debris 'မိုးထိ၊ ဖို'; running head 'သာမညကာနိတ္ထေရ'
190135	sāmaññakānittheragāthā	debris '['
190140	sāmaññaguṇaparirakkhaṇa	analysis 'သာမညပုဏ + ပရိရက္ခဏ ['
190143	sāmaññacodanā	quotation 'သာမညစောဒနာယပိ “တဏှက္ခယော”'
190147	sāmaññattha	first run of senses (1)–(8); quotations and citations ('သာမညတ္ထောတိ သံယုတ္တကေ ... ဝုတ္တာနိ', '“သာမညတ္ထော”', 'သာမညတ္ထ (ဣတိဝုတ်။ ၂၆၆)။ ဣတိဝုတ်၊')
190148	sāmaññatthaasādhana	debris '['
190149	sāmaññaselasikharamuddha	quotation 'သာမညတ္ထသေလ-သီခရမုဒ္ဓနိ အဘိရုဟနာယ'
190150	sāmaññanāma	'"'
190151	sāmaññanāmavijahana	----
190157	sāmaññapariccāga	'(ဝ်သဒ်၊'
190160	sāmaññaphala	quotations and glosses '(၁) (၂) တိ အရဟတ္တဖလံ။ သာမည်၊ တိ အာဟ။ သမဏဘာဝေါ သာမည်၊ သာမညဖလ သာမည်၊ မဂ္ဂေါ သာမည်'
190162	sāmaññaphalaṅga	'"'
190163	sāmaññaphaladāyaka	feminine form 'ထီ-၌ ---- ဒါယိကာ'; debris '['
190164	sāmaññaphaladesanā	debris '['; ----
190165	sāmaññaphaladhammadesanā	analysis 'သာမညဖလ + ]ဝ'; ----
190166	sāmaññaphalapañhā	---
190167	sāmaññaphalapucchā	debris ']'
190169	sāmaññaphalabhojana	debris '['
190170	sāmaññaphalavaṇṇanā	----
190171	sāmaññaphalavipākadāyaka	feminine form 'ထီ-၌ ---- ဒါယိကာ'
190175	sāmaññaphalasuttanta	quotation 'သာမညဖလေပိ ဧဝံ ... ကထေတဗ္ဗံ'
190176	sāmaññaphalasuttavaṇṇanā	running head '၁ သာမညဖလာဓိဂမ ၂၈၅'
190177	sāmaññaphalādhigama	quotation 'ပဗ္ဗဇိတဿပိ ... သာမညဖလာဓိဂမေန ဝါတိ'
190180	sāmaññabhājanīya	quotation 'ကိန္တု ကာယသံသဂ္ဂသမာပဇ္ဇေယျာတိ သာမညဘာဇနီယတ္တာ'
190187	sāmaññalakkhaṇapubbaṅgama	debris '['
190189	sāmaññalakkhaṇāvabodha	'-၇၂ သာမညဝစန ကြည့်'
190192	sāmaññavācaka	feminine form 'ထီ-၌ ဝါစိကာ'; quotation 'လောကသဒ္ဒေါ သာမညဝါစကော စ ဟောတိ'; '၁ဝ'
190193	sāmaññavācī	quotation 'သာမညဝါစီပိ ... သန္နိ-ဓာနတော'
190194	sāmaññavidhi	'[ အရင်'
190195	sāmaññavisiṭṭhatāparikappana	debris '['
190196	sāmaññavasesatthabheda	debris '['
190197	sāmaññavisesadīpana	debris '['
190198	sāmaññavisesaniddhāraṇa	debris '+'
190200	sāmaññavisesaniddhāraṇavisiṭṭha	debris '] ]'
190202	sāmaññavisesalakkhaṇāvabodha	debris '['
190203	sāmaññavisesavacana	debris '['
190204	sāmaññavisesavacanasabbhāva	analysis '] သာမည-ဝိသေသဝစန + သဗ္ဘာဝ ]'
190205	sāmaññavisesavācaka	debris ']'; '၁ဝ'
190208	sāmaññavisesasaññā	quotation 'သဒိသာသဒိသတာယံ ဒဋ္ဌဗ္ဗာ'
190209	sāmaññavisesasadda	quotation 'သာမည ဝိသေသသဒ္ဒေဟိ စ နတ္ထိ'
190210	sāmaññavisesāvabodhana	debris '[ ['
190214	sāmaññasadda	quotation 'သာမညသဒ္ဒေနေဝ သာမညဝိသေသသဒ္ဒေဟိ နတ္ထိ'
190215	sāmaññasaddābhidheyya	analysis '] သာမညသဒ္ဒ ၏ အဘိဓေယျ ]'; quotation 'ဧကသဒ္ဒါဘိ ဓေယျ တာယာတိ သာမညသဒ္ဒါဘိဓေယျတာ'; running head '၇၄ သာမညသမ္ဗန္ဒ'
190217	sāmaññasambhūta	quotation 'သေသပဒဒွယေပိ သာမညံ နာမ သေသသီလံ'
190218	sāmaññasikkhāpada	quotation 'သာမညသိက္ခာပဒေသု - ဝုတ္တံ'
190220	sāmaññasutta	location 'ပဌမအာမကဓညပေယျာလဝ်၊ ၇-သုတ်'
190226	sāmaṭṭhapassa	the headword repeated 'သာမဋ္ဌပဿ'
190227	sāmaṇaka	'၅ ၂'; citation 'ပါစိတ်၊'
190228	sāmaṇera	sources and grammarians' notes (ကစ္စည်း; ဓာန်; '(ပုတ္တဋ္ဌာ-နိယတ္တာတိ) သာမဏေရော'; '+ ဏ'); Sanskrit/Prakrit notes; feminine 'ထီ-၌ သာမဏေရီ'; ']'; 'ရော'
190231	sāmaṇeracatuttha	debris ']'
190233	sāmaṇeradahara	debris '['
190234	sāmaṇeradūta	debris '['
190238	sāmaṇerapaṭiññā	quotation fragment 'ဧဝံ သာမဏေ'; running head '၇၆ သာမဏေရပ(။'
190239	sāmaṇerapaṭipāṭi	end of the headword and label 'ဋိပါဋိ (ထီ) ['
190240	sāmaṇerappaṭipāṭi	end of the headword and label 'ဋိပါဋိ (ထီ) ['
190243	sāmaṇerapesaka	debris '['
190244	sāmaṇerapesakasammuti	citations '(ကင်္ခါ။ ၂၅၈)။ ကင်္ခါ ဋီ၊ သစ်'
190245	sāmaṇerabhāga	debris '['
190246	sāmaṇerabhāgasama	analysis '[ သာမဏေရဘာဂ န သမ'
190247	sāmaṇerabhāgasamaka	citations '(ဝိ၊ သင်္ဂဟ။ ၁၅၇) (ဒီယမာနတ္တာ)။ ဝိ၊ လင်္ကာရ၊ ပါစိတ်၊'
190249	sāmaṇerabhūmi	running head '၇ သာမဏေရလါင်္ဂါနုရူပ' inside the text
190251	sāmaṇeravatthu	the headword repeated 'သာမဏေရဝတ္ထူ'
190255	sāmaṇeravīsa	debris ']'
190257	sāmaṇerasaṁvāsa	citation '(ကင်္ခါ၊ ဋီ၊ သစ်။ ၁၆၈)'
190258	sāmaṇerasaṁvāsasāmañña	debris ']'
190260	sāmaṇerasantaka	debris ']'
190261	sāmaṇerasīla	'သံ၊'; running head '၇၈ သာမဏေရာဓိဝစန'
190263	sāmaṇerāraha	citation 'ကင်္ခါ၊'
190266	sāmaṇericatukka	debris ']'
190267	sāmaṇerī	debris '['
190268	sāmaṇerīdūta	debris '] ['
190271	sāmaṇeru	end of the headword and label 'ပဋ္ဌာန (န)'; quotation 'သာမဏေရုပဋာနံ ... လဘတိ'
190273	sāmaṇḍaka	fragment 'မဏ္ဍက”'
190274	sāmaṇḍakasaṁyutta	analysis 'သာမဏ္ဍက + သံယုတ္တု'; quotation 'သာမဏ္ဍကသံယုတ္တံ ... သတ္တမံ' with running head '၉ သာမဏ္ဍကသံယုတ္တဝဏ္ဏနာ'
190276	sāmaṇḍakasutta	location 'သံယုတ္တနိကာယ၊ သဠာ-ယတနဝဂ္ဂသံယုတ္တပါဠိ၊ ၅-သံယုတ်၊ ၁-သုတ်'
190277	sāmaṇḍakāni	analysis 'သာမဏ္ဍက + ဏာန သာမဏ္ဍကာန + ဏိ'; grammarians' note 'သာမညကာနိ ပုဒ်ကဲ့ သို့ ]' (formed like sāmaññakāni)
190278	sāmatthiya	sources and Sanskrit/Prakrit notes 'ကပ္ပဒ္ဒုမ၊ ဝါစပ္ပတိ။ သာမထျု-သံ။ သာမစ္ဆ၊ သာမတ္ထ-ပါကတ'
190280	sāmatthiyatā	debris '[ ['
190281	sāmatthiyadassana	debris '['
190282	sāmatthiyabheda	debris '[ ['
190284	sāmatthiyaladdha	debris '['
190285	sāmatthiyavighāta	analysis fragment '[ သာမတ္ထိယ ဦ ဝိဃာတံ'
190287	sāmatthiyavisesa	citation 'ဝိသုဒ္ဓိ၊ ဋီ၊ ၁ဝ'
190290	sāmatthiyupaghāta	analysis bracket '] သာမတ္ထိယ + ဥပဃာတုံ'
190291	sāmanta	duplicated '(၃)'; quotation fragment '(၁) သာမန္တာ'; citation 'သံ၊ ီ၊ ၁ ၁၁၁။ စ၉ဥ'
190294	sāmantagāmavāsī	source reference 'အဘိဓာန် (အဝင်) ၃၁ ပ-မ-သ-စ ၁'; run-on headword 'သာမန္တဃရ'
190296	sāmantagharavāsika	quotation 'သာမန္တဃရဝါသိကေတိ'; citation 'ပါစိတ်'; run-on headword 'ဆာမန္တဇမ (ပ)'
190299	sāmantajappita	quotation fragment 'သာမန္တဇပ္ဂိတေနာ'
190300	sāmantarajja	debris 'အရည်'
190301	sāmantarājā	debris '['
190304	sāmantavihāra	debris '['; quotation 'သာမန္တဝိဟာရေ' and citation '(ကင်္ခါ။ ၁၅၄)'
190305	sāmayika	run-on fragment ')၂ သာမယိကမရဏ' inside sense (2); debris '"။'
190307	sāmā	analysis '[သာ (သော) + မ။ သာမ + ဏ ['; run-on text 'အချိန်-အခါ-ကာလ-နှင့်ယှဉ်သောသေခြင်း'
190308	sāmāka	analysis and Sanskrit/Prakrit notes '+ ဏ။ ကပ္ပဒ္ဒုပ။ သာ + အာက။ မ-လာ။ (ပု) ဂျာမာက- သံ။ သာမယ။ သာမဂ-ပြာ။ သာမာအ-အဒ္ဓမာဂဓီ'; quotation fragment 'သာမာကာန'
190310	sāmākataṇḍulabhakkha	debris '['
190313	sāmākapatthodana	quotation fragment 'သာမာက-ပတ္ထောဒနမတ္တ'
190314	sāmākabhakkha	quotation fragment 'သာမာကဘိက္ခော'
190315	sāmākabhojana	run-on '၃ သာမာကာဒိဘေဒ'; quotation fragment 'သာမာကဘောဇနာ'
190317	sāmākika	grammarian's quotation 'မောင်၊ သာမာကေ ဥဉ္ဆတီတိ သာမာကိကော။ မောင်၊ သျ။ ]'
190318	sāmājika	citations 'ဓာန်၊ သျ၊ သစ်'; quotations and grammarian's analysis
190319	sāmāyika	analysis bracket 'သမယ + ဏိက … သာမယိက-နှင့်စပ်ကြည့်။ ]'
190321	sāmāvatippamukha	debris '] ['
190322	sāmāvatī	citations '(အံ၊ ဌ၊ ၄', '( ဣတိဝုတ်၊ ဋ္ဌ။ ၂၇)', '(ဣတိဝုတ်၊ ဋ္ဌ။ ၂၈)'
190326	sāmi	grammarian's material 'ကောတ္ထုဘ။ သာဓိဘုတ္တော အဒ္ဓဘုတ္တော။ ကပ္ပဒ္ဒုမ။ သာမိ-၅ သာမိအတ္ထ တွဒ္ဒေ ဇိဂုစ္ဆနေ။ ဓာန်။ သာမိ-သံ'; debris '( ၌ ၂'
190327	sāmiattha	debris '['
190329	sāmika	analysis and Sanskrit/Prakrit notes 'သ + အာမီ + က။ ကပ္ပဒ္ဒုမ။ သွာမိန်-သံ … -အဒ္ဓမာဂဓီ'; quotation fragment 'သာမိကာ'; citations '(ကင်္ခါ။ ၁၁၉)။ ကင်္ခါ ဋီ၊ သစ်'
190335	sāmikabhāva	run-on '၆ သာမိကဝတ္တ'
190337	sāmikasadisa	quotation '(၂) တုယှံ ပန သာဓိကသဒိသော ဧကော အာဒါယ ဂတော'
190338	sāmikasantika	quotation 'သာမိကသန္တိကေ … ရောဒိ'
190339	sāmikula	citation 'ဝိမတိ ၂'
190341	sāmicikamma	quotation fragments 'သာမိစိကမ္မ', '(ကတ္တဗ္ဗံ'; citation '(ကင်္ခါ။ ၂၀၉)'
190343	sāmicikiriya	quotation 'အဘိဝါဒန … သာမိ-စိကိရိယာပိ'
190345	sāmicipappaṭikkhepa	run-on '၇ သာမိစိပ္ပဋိပတ္တိ'; page number '၃၁၀'; quotation fragment 'သာမိစိပဋိက္ခေပေါ'
190346	sāmicippaṭikkhepa	run-on '၇ သာမိစိပ္ပဋိပတ္တိ'; page number '၃၁၀'; quotation fragment 'သာမိစိပဋိက္ခေပေါ'
190348	sāmicippaṭipanna	quotations 'သာမိစိပ္ပဋိပန္နော ဘဂဝတော သာဝကသံ-ယော။ သာမိစိပ္ပဋိပန္နော။ "။ သာမိစိပ္ပဋိပန္နာ'
190353	sāmidattattheragāthā	analysis 'သာမိဒတ္တတ္ထေရ + … ဂါထာ သာမိဒတ္တတ္ထေရဂါထာ'; run-on '၈၈ သာမိဒုဗ္ဘ'
190356	sāmidhītu	run-on 'သာမိနိ (တိ) [သာမိ။ (ဝိဘတ်) ကို ညွှန်ပြသော'
190358	sāminiddesa	debris '['
190359	sāminiddesadassana	run-on 'သာမိနီ (ထီ) [။ တို့နှင့်တွဲကြည့်။ (၁) ပစ္စည်းဥစ္စာ -ပိုင်ရှင်မ။ (၂) အစိုးရသူ-အရှင်သခင်-ဆရာ-မ။ (၃) မယား၊ ဇနီး'
190362	sāmiparibhogasadisa	debris '['
190365	sāmiputtaghātaka	analysis 'သာဓိပုတ္တ ူူ ဃာတက'
190366	sāmibhaginī	quotation 'နနန္ဒာ သာမိဘဝီနီ'; citation 'ဓာန်'; run-on '၉ သာမိဘာဝါနုဘဝန'
190368	sāmibhāvāpādana	analysis 'သာမိဘာဝ + အာပါဒန'
190370	sāmivacana	citation 'ဣတိဝုတ်၊ (၃)'
190374	sāmivacanarūpāvibhūta	analysis 'သာမိဝစန + ရူပ + အဝိဘူတ'
190375	sāmivacanalopakaraṇasamāsa	analysis '[ သာမိ-ဝစန + လောပ + ကရဏ + သမာသ'
190377	sāmivacanasamāsapakkha	debris '['
190378	samivacanasamāsabādhaka	analysis '] သာမိဝစန-သမာသ + ဗာဓက]'; citation 'ဝိသုဒ္ဓိ၊ ဋီ ၂'; run-on 'ဝ သာမိဝစနသမ္ဗန္ဓ'
190381	sāmivibhatti	citation 'ကင်္ခါ၊'
190382	sāmisa	Sanskrit-dictionary note 'သာမိမ-သက္ကတပိဋက။ အသားပါသော ဘောဇဉ်။ ဗြိဟတ်။ ['; the repeated senses (1)-(5) with quotation fragments 'ရူပသင်ါတေန', 'သာမိသဉ္စာ'
190386	sāmisaparibhoga	run-on '၁ သာဓိသပါက'
190387	sāmisapāka	debris '['
190388	sāmisampatti	quotation 'တေန ယာ သာ ဒုဂ္ဂသမ္ပတ္တီတိ … ရာဇူနံ ဣစ္ဆိတဗ္ဗာ'
190389	sāmisampadā	debris '['
190395	sāmī	quotation '(၁) သာမီ တိ နာဝါသာဓိကာ'; citation 'ကင်္ခါ ဋီ၊ သစ်'; run-on 'သာဓီစ (တိ) [ သာမီစိ + ဏ … ] ကောင်း ရိုသေ-စွာပြုအပ်သောအမှု။ ရိုသေမှု'
190396	sāmīca	debris 'ေန စာ'
190397	sāmīci-sāmīcī	grammarian's analysis and Sanskrit notes '(ဏိ။ မော်၊ ၅၉-သုတ်၌ … သာဓီနစီ- သံ'; run-on '၅ ၂ သာမီနိဝါသီကာရက'; quotation fragments '(၁) သာမီစိ။ (၃) သာမိစီ။ သာမိစီတိ အယ်'
190399	sāmīpika	grammarian's quotation 'သမီပေ နိယုတ္တော … ရူ့၊'; quotation fragment '”တိ အာဟ "တတဿ ကိရာတိအာဒိ'
190400	sāmīpikavohāra	run-on 'သာမုတ္တံသ (ပု) [ … ] ကိုယ်တိုင်-ထုတ်ပြ-ထုတ်နှုတ်-ယူ-ထား- အပ်သော။ "သာမုတ္တံသာ”။ ပါစိတ်၊ သာမုတ္တံသိက (တိ) [ … ] (၁) ကိုယ်တိုင် သာ ဉာဏ်ဖြင့် ထုတ်ယူအပ်သော (သစ္စာ တရား)။ (၂) ကိုယ်တိုင်ထုတ်ပြခြင်းရှိသော (သစ္စာတရား)'
190403	sāmukkaṁsikadesanā	analysis '[ သာမုတ္တံသိကာ ဒေသနာ သမုတ္တံသိကဒေသနာ၊'
190407	sāmuganigamavāsī	grammatical note 'ထီ-၌ -- ဝါသိနီ' (feminine form)
190408	sāmugiya	analysis '] သာမုဂ + ဏိယ ['
190409	sāmudda	quotation '“သမုဒ္ဒတီရေ”-တိအာဒိ'; citation 'ပါစိတ်၊'
190410	sāmuddika	Sanskrit/Prakrit notes 'သာမုဒြိက-သံ … -အဒ္ဓ မာဂဓီ'; debris '. . . . ၂။', '(၁)။ (၂) ----'; quotation 'သမုဒ္ဒိကာနံ ဒိသာ-ကာယော ဝိယ။ သာမုဒ္ဒိက'
190413	sāmuddikamahāmukhasaṅkha	analysis '[ သာမုဒ္ဒိက မဟာမုခ + သင်္ခ'
190419	sāmeti	grammarian's note 'သာမ သွန္တနေ-ဟု နီတိ … ပိယကရဏ-ချစ်အောင်ပြု ခြင်း ၂-နက်ဟောသည်။ ကပ္ပဒ္ဒုမ'
190420	sāmya	citations 'အလင်္ကာ။ အလင်္ကာ၊ ဋီ'
190421	sāyaṁ	grammarian's analysis, Sanskrit notes, remarks on compounds and cross-references ('သော-ကို သာ-ပြု … သာယ-နာမ်ပုဒ် လည်းရှိသည်'); quotation 'ပါတောဝ ဂန္ထာ ကိမိဒံ သာယမာဂစ္ဆသိ'; run-on 'သာယံ (ထီ၊ ဧကဝုစ်) … ] ထို-၎င်း(ရေကန်-အရာ)'
190422	sāyaṁsāyaṁtatiyaüdakorohana	quotation 'သာယံတတိယဥဒကောရောဟနာဒိ-နှာနသုဒ္ဓိယာ'
190424	sāyaṁ	list of forms 'သာယ်-သာယနု-'
190427	sāyaṇha	grammarian's quotation 'ပုဗ္ဗာပရဇ္ဇာသာယ-မဇ္ဈေဟာဟဿ ဏှော။ --- သာယဏှော မဇ္ဈဏှော။ မောင်၊'
190428	sāyatatiyaka	quotation 'သာယံတတိယန္တိ … ပါဌော ဒိဿတိ'
190430	sāyati	grammarian's analysis, Sanskrit/Prakrit notes; citations; list of inflected forms 'သာယန္တိ- သာယာမ … သာယိဿာမ'
190431	sāyatu	analysis 'သေ + အတု။ သာ + ယ + တု။ သဒ (သာဒ) + တု'
190433	sāyatha	analysis '(ကြို သေ + အထ။ သား + ယ + ထ။ သဒ (သာဒ) + ထ'
190434	sāyana	analysis 'ယု။ သဒ (သာဒ) + ယု။ သာယတိ-မှ'; quotations 'ဇိဝာ ဧဝ … သာယနေ စ'
190436	sāyanaṭṭha	debris ') ]'; quotations 'သာယနဋေန ဇိဝာ', '“သာယနဋေနာ”တိ အာဟ'; citation 'ပဋိသံ၊'; run-on '၇ သာယနတ္ထ'
190438	sāyanalakkhaṇa	debris '['
190439	sāyanīya	analysis 'သေ + အနီယ။ သဒ (သာဒ) + အနီယ။ သာယတိ-မှ။ ]'; quotation 'တတ္ထ ပိဏ္ဍပါတောတိ … သောဠဿပိဏ္ဍပါတာ။ (-'
190441	sāyanta	analysis 'သေ + အ+ အန္တ။ သဒ (သာဒ) + အန္တ]'
190442	sāyanti	analysis; quotation '--အတ္တနာ ခါဒန္တိ သာယန္တိ ပိဝန္တိ'; run-on 'သာယန (ပ)' with its grammarian's notes, definition 'ညနေ-ညမျမ်း-ပိုင်းအချိန်', quotation
190443	sāyanha	Pāḷi 'သာယန-သမယ'; run-on 'သာယန-၈ သာယန္ဒကာလသမနန္တရ သမယ'
190444	sāyanhakāla	analysis 'သာယနှ - ကာလ]'; quotation fragments 'မဇ္ဈန္တိကကာလေ။ သာယန-သမယ။ သာယန-၈ သာယန္ဒကာလသမနန္တရ သမယ'
190445	sāyanhakālasamanantara	analysis 'သာယနှကာလ-သမနန္တရ ['
190447	sāyanhabhojana	debris '['
190449	sāyanhavelā	quotations 'သာယန-ဝေလာယံ … သာယံ သာယန-ဝေလာယန္တိ'
190450	sāyanhasamanantara	run-on 'သာယနုသမယ (ပ) [ [ သာယနဝေလာ-ကြည့်'
190452	sāyamāna	analysis '+ မာန။ သဒ (သာဒ) + မာန'; quotation 'အမတမိဝ သာယမာနေ ရညော နိဒဿေန္တော'
190454	sāyamāsabhatta	debris '['; headword restated 'သာယမာသဘတ်'; '----'; citation 'ဒီ၊'; run-on '၉ သာယမာသဘုတ္တဝေလာ'
190455	sāyamāsabhuttavelā	quotation 'တသ္မာ ဘိက္ခုသံဃေ … နိက္ခမိ'
190459	sāyiṁsu	analysis 'သဒ(သာဒ) + ဉံ'; '----'; run-on 'သာယိ (ကြို သေ + အ+ ဤ … ) (အရသာကို) သာယာ-လျက်-မြည်းစမ်း-ပြီ'; citation 'ဝိ၊ ၁ဝ။ ၉ာ'
190461	sāyika	debris '['; trailing repeated '(ထီ၊ န) (၂)'
190462	sāyita	analysis '+တ။ သဒ (သာဒ) + တ။ သာယတိ-မှ။ သွာဒိတ-သံ။ ၂'
190463	sāyita	debris '['
190464	sāyitapaccaya	run-on 'ဝဝ သာယိတဗ္ဗ'
190465	sāyitabba	analysis 'သေ + အ+ တဗ္ဗ။ သဒ (သာဒ) + တဗ္ဗ။ ]'; debris '(-'
190467	sāyituṁ	analysis 'သေ +. အ+ တုံ … ]'
190468	sāyitvā	analysis 'တွာ။ သာ + ယ + တွာ။ သဒ (သာဒ) + တွာ'
190469	sāyissāmi	analysis 'သေ + အ+ ဿာမိ …'; quotation fragment 'အလောလောတိ “'
190470	sāyī	quotation 'သယနသီလော'
190471	sāyetha	analysis '+ ဧထ။ သဒ (သာဒ) + ဧထ ]'
190472	sāyeyyaṁ	analysis '(ကြို သေ + အ+ ဧယျံ … ]'
190473	sāyeyya	analysis '(ကြို သေ + အ+ ဧယျ။ သဒ (သာဒ) + ဧယျ'
190474	sāra	second copy of senses (1)-(12) with quotations 'ပုရိသော သာရတ္ထိကော …', 'သာရပါမင်္ဂ', 'ဗန္ဓသာရော' and citations 'ဣတိဝုတ်၊', '(အလင်္ကာ၊ ၁၄၉)။ အလင်္ကာ၊'
190475	sāraka	debris ']'; quotation fragments '၂ သာရကာ အသာရကေသူ။ သာရကာနီ'
190476	sāraka	quotation 'ကဋသာရော တိ ကဋောယေဝ'; debris '၇၂)'
190477	sārakaṭṭha	debris ']'
190479	sārakappa	citation 'ဒီ၊ ဋ္ဌ ၂'
190480	sārakaraṇīya	debris ']'
190482	sārakkha	Sanskrit note 'သံရက္ခ-သံ'; debris 'အရည်'
190483	sārakkhati	grammarian's and Sanskrit/Prakrit notes 'သာရာဂေါ-ကဲ့သို့ … သာရက္ခကဣ-ပြာ'
190484	sārakkhita	analysis and Sanskrit/Prakrit notes '] + တ။ သံရက္ခိတ-သံ။ သာရက္ခိအ-ပြာ။ ['
190485	sārakkhitamānasa	analysis 'သာရက္ခိတ + မာနသါု'
190486	sārakkhetta	run-on '၃ သာရခါဏုက'
190489	sāragabbhakoṭṭhāgārādi	quotation 'သာရဂဗ္ဘကောဋ္ဌာဂါရာဒီသု … နိရဂ္ဂဠော'; citation 'သံ၊ ဋီ၊ ၁ ၁၈၀'
190491	sāragavesī	grammatical note 'ထီ-၌ --ဂဝေသိနီ' (feminine form)
190494	sāragāhī	analysis '+ ဏီ'; grammatical note 'ထီ-၌ ဂါဟိနီ' (feminine form)
190496	sāragga	quotation 'သာရဂ္ဂေါ ဥပါသကော ဣရိယတိ'
190498	sāragandha	quotation 'အတ္ထိ တတ္ထ မူလဂန္ဓော ဒုဂ္ဂန္ဓောတိ'
190499	sāragabbha	quotation 'ဘဏ္ဍာဂါရိကော သာရဂဗ္ဘံ အာဟ'
190501	sāraṅga	analysis and Sanskrit/Prakrit notes '+ အ။ + အ။ ဓာန်၊ ကပ္ပဒ္ဒုမ။ သာရင်္ဂ-သံ။ သာရံဂ-ပြာ။ ]'; quotation '(၁) ဟရိဏော … အဇိနယောနိ စ'; citations 'ဓာန်။ ဓာန်'
190503	sārajja	citation 'ဒီ၊ ဋီ ၂'; quotation 'ပရိသံ ဥပသင်္ကမန္တဿ … ဥပ္ပဇ္ဇတိ'; citation 'ပါစိတ်'
190505	sārajjati	grammarian's note 'မောင်၊ ၃၉-ဖြင့် … သံရဇ္ဇတေ-(ကံ) သံ။ ]'; quotation fragment 'သာရဇ္ဇတီ'
190506	sārajjati	grammarian's note 'မောင်၊ ၁၂-ဖြင့် … သာရဇ္ဇတိ-ဟုပြီး ၏'
190508	sārajjana	analysis 'သာရဇ္ဇ + ယု'
190513	sārajjabhaya	debris ']'
190516	sārajjayati-sārajjāyati	grammarian's analysis '(နာမ၊ ကြို သာရဇ္ဇ +ဣ (အာယ) + တိ … စီရင်'
190517	sārajjayamāna	grammarian's note 'သာရဇ္ဇံ ပါပုနာတိ-ဟူသော ဓာတွတ္ထ၌ … ပြီး၏။ ['
190518	sārajjarahita	quotation 'သာရဇ္ဇကရာနံ … အတ္ထော'
190519	sārajjasutta	headword restated 'သာရဇ္ဇ … သုတ်'; run-on '၆ သာ ရဇ္ဇသုတ္တဝဏ္ဏနာ'; location 'အင်္ဂုတ္တရ နိကာယ၊ ၅-နိပါတ၊ ၄-ပဏ္ဏာသက၊ ၃-ဝင်၊ ၁-သုတ်'
190523	sārajjita	grammarian's note 'မောင်၊ ၄၅-ဖြင့် သဉ္ဇာတအနက်၌ ဣတ-ပစ္စည်း သက်။ ['
190524	sārajjitabba	debris '['
190525	sārajjitabbaṭṭhānadassana	debris '[' (twice)
190526	sāraṭṭha	grammarian's note 'တ္ထ-ကို ဌ-ပြု။ ၁ဝ၇'
190527	sāraṇa	analysis and Sanskrit/Prakrit notes 'သရ+ ဏေ + ယု … (ပု) သာရဏ-ပြာ၊ အဒ္ဓမာ-ဂဓီ'
190528	sāraṇa	quotation '(၁) စောဒနာ-သာရဏတ္ထာယ၊ သာရဏာ သဝစနီယတ္တာယ'
190529	sāraṇattha	quotation 'စောဒ-နာသာရဏတ္ထာယာ တိ ဝုတ္တပ္ပ … စောဒကဒေါသသာရဏတ္ထာယ' with run-on '၇ သာရဏလက္ခဏ'
190530	sāraṇalakkhaṇa	citation 'ဝိသုဒ္ဓိ၊ ဋီ ၂'
190532	sāraṇīya	grammarian's note 'ပဝတ္တနတ္ထ-၌ သရဏီယ-ဟုဆိုလိုလျက်။ သ္မရဏီယ၊ သာရဏီယ-သံ'; second copy of the senses with citation 'သာရတ္ထ၊ ၁ဝ'; quotation 'သုစိရမ္ပိ … သာရဏီယံ'; citation 'အံ၊ သီ၊ ဋီ သစ်၊'
190534	sāraṇīyadhamma	page number '၉၀ဝ'
190537	sāraṇīyadhammaniddesa	debris ']'
190538	sāraṇīyadhammapaṭipakkha	analysis 'သာရဏီယဓမ္မ + ပဋိပက္ခု'
190542	sāraṇīyadhammapūraṇavidhi	debris '['; citation 'ဒီ၊ ဋီ ၂'
190545	sāraṇīyavagga	debris '['; location 'အင်္ဂုတ္တရနိကာယ၊ ၆-နိပါတ်၊ ၁-ပဏ္ဏာသက၊ ၂-ဝဂ်'; run-on '၉ သာရဏီယဝဂ္ဂဝဏ္ဏနာ'; debris 'ရိ။ ၏-----'
190547	sāratara	citation 'ဣတိဝုတ်၊ (၂)'
190550	sāratta	grammarian's note 'သံရတ္တ-သာရတ္တ။ နိဂ္ဂဟိတ်ချေ၍ ဒီဃပြု။ သံရတ္တ-သံ'
190555	sārattaratta	stray 'ဝ'
190557	sārattha	quotation '(၂) ဧတ္တာဝတာ … ဒဿယိဿာမိ'
190559	sāratthapakāsanī	analysis '+ ဤ'; quotation 'တေနေဝ … သံယုတ္တနိကာယအဋ္ဌ-ကထာယ'
190562	sārathi	analysis and Sanskrit/Prakrit notes 'သရ + ဃထိန် … သာရဟိ-ပြာ၊ အဒ္ဓမာဂဓီ'; quotation '(၁) (က) သာရထိသု နန္ဒော ဝနမုပဂစ္ဆတိ'
190564	sārathicodita	quotation 'သာရထိစောဒိတာ … အနုဂစ္ဆန္တိ'
190565	sārathipavara	'အာဇည်'
190568	sārada	citation 'အလင်္ကာ၊ ဋီ၊ သစ်'
190569	sārada	grammarian's note '+အ။ သာရာဒ-ဟု ဆိုလိုလျက် … ဂါရဒ-သံ။ ['; debris '၂၀'; run-on fragment '၂ သာရဒ”' inside sense (3); quotation fragment '(၁) သာရဒေ'
190570	sārada	grammarian's note 'သရဒ=သာရဒ။ သာရာဂ-ကဲ့သို့'; page number '၉ဝ'
190572	sāradassāvī	'----'
190573	sāradassī	grammarian's note '+ ဏီ။ အတ္ထဒဿီ, ဓမ္မဒဿီ-စသည် တို့ကဲ့သို့။ သာရအိန်-သံ။ ]'; quotation 'ဝိတ္ထာရတော … သာရဒဿီ ဟောတိ'
190578	sāradārumayathambha	debris ']'
190579	sāradārusūci	debris '['; source reference 'အဘိဓာန် (အ-ဝဂ်) ၃၃ ပ-မ-သ-စ'; run-on '၃ သာရဒိက ၂၂၂၂၂'
190580	sāradika	citation 'ပါစိတ်၊'; source tag 'ထောမ'; Sanskrit note 'ဂါရဒိက-သံ။ ['; quotation fragments 'သာရဒိက။ (၂) သာရဒိက'
190581	sāradiṭṭhika	debris ']'
190582	sāradī	analysis and Sanskrit note 'သရဒ + ဏ ဤ။ ဓာန်၊ ဂါရဒီ-သံ။ ]'; citations 'ဓာန်။ ဓာန်၊ ဋီ'
190583	sāraddha	debris '(-'
190584	sāraddhakāya	citation 'ဒီ၊ ဋ္ဌ ၂'; quotation fragment 'သာရဒ္ဓကာယေနာ'
190588	sāraddhapuggala	run-on '၄ သာရဒ္ဓဝုတ္တိတာ'; citation 'ဝိသုဒ္ဓိ၊ ဋီ၊ ၁ဝ'
190589	sāraddhavuttitā	debris '(-'
190591	sāradhamma	debris 'ရိ'; quotation 'မာ စာယံ … ဘဝတု'
190592	sārandada	analysis 'သာရ + ဒါ (ဒဒါ) + အ။ နိရုတ္တိ ၇၈၄'; quotation fragments and citations 'သာရန္ဒဒ။ ဥဒါန၊ (န) (၂)။ (၄) သာရန္ဒဒ-တိကဏ္ဍနိရယေန စ။ သာရန္နဒ-ဝဿကာရော စ'
190594	sārandadasutta	location 'အင်္ဂုတ္တရနိကာယ၊ ၇-နိပါတ်၊ ၃-ဝင်၊ ၁-သုတ်'
190598	sāraparivāra	run-on '-၅ သာရပရိသာ'; quotation 'ဖေဂ္ဂု သာရော … ဖေဂ္ဂုသာရပရိဝါရော'
190600	sārapallaṅka	quotation 'ရာဇာ "သတ္ထာ အာဂတောတိ … အဒါသိ'
190601	sārapāmaṅga	quotation fragment 'သာရပါမင်္ဂ'; citation 'သာရတ္ထ၊ ၁ဝ'
190603	sārappattakulagaṇana	quotation fragment 'သာရပ္ပတ္တကုလဂဏနာယာ'
190604	sāraphala	quotation 'ဝိရုဟနသမတ္ထေ … ဗီဇသဒ္ဒေါ'
190606	sārabaddhavimuttika	citation 'မ၊ ဋီ ၃'
190608	sārabīja	quotation 'သာရဗီဇာနိ … သာရဗီဇာနီ'
190609	sārabhaṇḍa	citation 'ဝိ၊ ဋ္ဌ ၁'
190610	sārabhaṇḍaka	analysis '[ သာရဘဏ္ဍ က'; quotation 'တဿ အာရောစေတွာ … ပလာယိ'
190611	sārabhavasaññā	quotation fragment 'သာရတ္တေနာ'
190612	sārabhūta	debris '['
190614	sārabhūtacandanalitta	quotation fragment 'စန္ဒနသာရလိတ္တ'
190615	sārabhūmi	debris '['
190617	sāramaṇivaṇṇa	run-on 'သာရဏာ (တိ) (၃) မြတ်သော ၇ သာရမဏ္ဍကပ္ပ သီလစသောတန်ဆာရှိသော၊ သူ။ (န) (၂)'; quotation '(၁) ဣတိ တိံသကကဏ္ဍံ … သာရမဏ္ဍန္တိ'
190620	sāramati	quotation 'တိ စတ္တာရော ပစ္စယာ … အတ္ထော'
190621	sāramaya	debris 'အပါ ယာ'
190622	sāramayapel̤ā	analysis 'သာရမယ + ပေဠာ ['
190624	sārameyya	analysis, feminine form and Sanskrit/Prakrit notes 'သရမာ + ဏေယျ။ (ပု) ထီ-၌ သာရမေယီ … -ပါကတ။ ]'; source tag 'ထောမ'; citations 'ကပ္ပဒ္ဒုမ။ ဓာန်', 'ဝိသုဒ္ဓိ၊ ဋီ ၁'
190625	sārameyyavanta	analysis 'သာရမေယျ + ဝမု + တ= ဝန္တ'; debris ']'
190626	sārambha	grammarian's analysis and Sanskrit/Prakrit notes 'သံ + ရဘ + အ … သာရံဘ-ပြာ။ ['; run-on '၈ သာရမ္ဘာ (၁)'
190628	sārambha	debris ']'; run-on 'သာရမ္ဘအပရိတ္တမန (တိ) ညှဉ်းဆဲ-နိုပ်စက်-တတ်သည့် … ဥပစာမရှိ သော၊ အရပ်'
190630	sāraaparikkamanapaccaya	debris '['
190631	sārambhaka	quotation fragment 'သာရမ္ဘိကာ'; run-on 'သာရမ္ဘကထာ (ထီ) [ ၂] ချုတ် ချယ်-အပြစ်တင်လို- သောစကား'
190633	sārambhakarakilesavūpasamī	analysis '+ ဏီ'; grammatical note 'ထီ-၌ - ဝူပသမိနီ' (feminine form)
190635	sārambhaja	debris 'န ရို ၏------စ'; quotation 'သာရမ္ဘဇန္တိ … န ဘာသတိ'
190636	sārambhajātaka	debris ']'; location 'ခုဒ္ဒကနိကာယ ဇာတကပါဠိ၊ ၁-နိပါတ်၊ ဥ-ဝဂ်၊ ၈-ဇာတ်၊ ဇာ၊ ၁ဝ'
190638	sārambhaṭṭhāna	quotation 'သာရမ္ဘဋ္ဌာနံ … မာပေန္တိ'; citation 'သာရတ္ထ ၃'
190639	sārambhana	'----'
190643	sārambhabalasaññuta	quotation fragment 'သာရမ္ဘသညုတ'
190647	sārambhavatthu	run-on 'ဝ သာရမ္ဘဝတ္ထုကုဋိကရဏ'
190648	sārambhavatthukuṭikaraṇa	citation 'ကင်္ခါ၊'
190649	sārambhaviggāhikakathā	citations 'ဣတိဝုတ်၊ အံ၊ ဋီ ၃'
190653	sārambhaṇa	quotation '(၁) ----သဟ အာရမ္မဏေနာတိ သာရမ္မဏာ'; grammarian's note '(ဤ၌- အာရမ္မဏသဒ္ဒါသည် … ကာရဏတ္ထဖြစ်သည်' (here ārammaṇa means cause)
190654	sārambhaṇa	grammarian's note 'ပုဒ်ကဲ့သို့ ယုဂပတ်အနက်ဟော သည်'
190657	sārambhaṇantikathā	run-on '၂၁ သာရမ္မဏသတိပဋ္ဌာန'
190659	sārambhaṇasabhāva	quotation 'စိတ္တစေတသိကာ … ဥပ္ပဇ္ဇန္တိ'; citation 'ဒီ၊ ဋီ၊ ၁ဝ'
190661	sāraya	analysis '(ကာ၊ ကြို။ ဟိ-လောပေါ။ ]'
190664	sārayanti	quotation 'သာရယန္တီ .. ဧဝံ ကမ္မာနိ သာရေန္တိ စောဒေန္တိ'; list of inflected forms 'သာရယ-သာသာရယာမသေ-သာရယိဿတိ-'
190666	sārayāma	analysis '(ကာ၊ ကြို + မ'
190667	sārayāmase	run-on 'သာရယိတွာ (ကာ၊ ကြိ၊ ဝိ) အောက်မေ့-အမှတ်ရ- စေ၍'
190670	sārayogaññū	run-on '[၂ သာရရဇတမယ'
190671	sārarajatamaya	quotation 'တဿာ ပန … ဝုတ္တာ'
190673	sārarukkha	quotation 'တံ ပနေတံ ခဒိရာဒီဟိ ဝါ သာရရုက္ခေဟိ'; run-on 'သာရရုက္ခမယ (တိ) အနှစ် ရှိသောသစ်ပင်ဖြင့်ပြီးသော'
190675	sāralakkhaṇa	debris ']'
190676	sāravacana	debris '['; quotation 'ပလာသရဟိတံ … သပ္ပတိဌ္ဌဝစနံ'
190678	sāravarabhaṇḍa	quotation 'စန္ဒနဖလကံ … မဟဂ္ဃံ အဟောသိ'
190680	sāravīmaṁsana	debris ']'; quotation 'ထုသေ ကောဋ္ဋေတွာ … သာရဝီမံသနံ'
190681	sārasa	analysis, synonyms and Sanskrit/Prakrit notes '] သရ (သရသ်) + ဏ … အဒ္ဓမာဂဓီ'; quotation fragment '“သာရသာ”'; run-on '၂၃ သာရသညာ'
190683	sārasaññita	quotation fragment '“လာမကံယေဝါ”တိ'
190684	sārasaññī	grammatical note 'ထီ-၌ --သညီနီ' (feminine form)
190687	sārasabbhāva	quotation 'သာရဘာဝန္တိ … သာရသဗ္ဘာဝံ'
190690	sārasamāsakāraka	debris ']'
190691	sārasamāsācariya	citation 'ကင်္ခါ၊'
190694	sārasampāpaka	debris '['
190695	sārasammata	run-on '၄ သာရသုဝဏ္ဏသဒိသ'
190696	sārasuvaṇṇasadisa	quotation fragment 'သာရသုဝဏ္ဏသဒိသတာယာ'
190697	sārasuvaṇṇasadisavaṇṇa	debris ']'
190698	sārasūci	source tag '(သျ)'; run-on 'သာရဟီန (တိ) [ အနှစ်သာရမှ-ဆုတ်ယုတ်-ကင်းပ-ကင်းမဲ့-သော'
190699	sārāga	grammarian's analysis 'သရာဂ=သာရာဂ … သံရာဂ-သံ'; quotation '(၂၂သာရဇ္ဇေယျုန္တိ သရာဂံ ဥပ္ပါဒ္ဒေယျုံ'; citation 'အလင်္ကာ'
190700	sārāga	debris '['; quotation fragment 'သာရာ-ဂါယာ'
190703	sārāgādisaṁvaḍḍhaka	analysis 'သာရာဂ + အာဒိ + သံဝဍ္ဎက'
190706	sārāda	analysis 'သာရ + အာဒ-အာ + ဒါ + အ'
190708	sārādāna	citation ') (ပဋိသံ'
190709	sārādānābhinivesa	headword and analysis 'သာရာဒါနာဘိနိဝေသ (၇) [ သာရာဒါန + အဘိနိဝေသ'
190712	sāri	quotation 'ဧကဇ္ဈံ … ပရာဇယော ဟောတိ။ ကတာန် အက္ခဗီဇာနိ'
190713	sārita	citation 'ပါစိတ်၊'
190714	sārita	Sanskrit form
190715	sārita	grammarian's note 'သဉ္ဇာတတ္ထ-၌ ဣတ-ပစ္စည်း။ မောဂ်၊'
190717	sāriputta	Sanskrit notes 'အပါ ဂါရိပုတြ၊ ဂါလိပုတြ၊ ၈ရိသုတ- သက္ကတပိဋက။ ['; quotation '(၁) ပဏ္ဍိတော ဘိက္ခဝေ … ဟောတိ'; citation '၂ာ၁။ ၁ဝ'
190718	sāriputta	'(၁) ----'; list of references '(၁၉၁) ၁၉၈ … (၁၉၇-၂၀၁) ၂၃၅'
190719	sāriputtā	quotation fragments '---- ပါဠိယံ “။ (၂) "။ "'
190720	sāriputtatthera	run-on headwords '၈ သာရိပုတ္တတ္ထေရ' and 'သာရိပုတ္တတ္ထေရ' inside the text; stray '၇'; source reference 'အဘိဓာန် (အ-ဝဂ်) ၃၄ ပ-မ-သ-စ ၂၉'; page references '၃၀၉-၁၁', '၂၃၃', '၇၅', '၆၂'; citation 'ဝိ၊ ၁ဝ'; quotation 'အာဝုသော စတုစတ္တာလီသံ … ပရိနိဗ္ဗာယိ။ ဒီ၊ ဥာ'
190721	sāriputtattheraapadāna	debris '['; citation 'အပ၊'; run-on '၃၁ သာရိပုတ္တတ္ထေရအပဒါနဝဏ္ဏနာ'
190722	sāriputtattheraapadānavaṇṇanā	quotation fragment '"”တိ အာဟ'
190726	sāriputtattheravatthu	quotation fragment 'သာရိပုတ္တတ္ထေရဝတ္ထု'
190728	sāriputtattherāpadānagāthā	debris '['
190729	sāriputtasaṁyutta	debris '( တွင် ၁'; fragments 'ာယတန', 'တ္တိ'
190730	sāriputtasaṁyuttavaṇṇanā	debris ']'
190734	sāriputtasīhanādavaṇṇanā	quotation 'သာရိပုတ္တသီဟနာဒဝဏ္ဏနာ “။ ဦ အဓိပ္ပါယော'
190738	sāriputtādi	debris '"'
190739	sāriputtādika	analysis '+ ကါ'
190741	sāriputtāpadāna	run-on 'ံ၃ သာရိယမာန'
190743	sāriyā	grammarian's note 'က-ကြောင့် ဤ-ကို ရဿသပြု၊ က-ကို ယ-ပြု'; Sanskrit note 'ဝါရိကာ-သတ္တတပိဋက'
190744	sārivā	analysis 'သာရိဝါ (သံ)]'; citation 'ဓာန်'
190745	sārisa	quotation fragment 'သာရိသော'
190746	sārisambhava	citation 'ထေရု၊'
190748	sārī	quotation fragments '(၁) နိကေတသာရီ။ (၂) ဩကာသာရီ'
190749	sārī	analysis '[သရ ဏီ'; Pāḷi gloss 'ပါသကာဒိဂုဠိကာယံ'; source tag 'ထောမ'; Sanskrit note 'ဂါရိ-သံ။ ['
190750	sārīādi	quotation 'ပဒါနံ တိ သာရီအာဒီနံ ပတိဋ္ဌာနိ'
190752	sārīra	analysis and Sanskrit/Prakrit notes 'သရီရ + ဏ။ ကပ္ပဒ္ဒုမ။ ဂါရီရ-သံ။ သာရီရ-ပါကတ၊ အဒ္ဓမာဂဓီ'; quotation '(၂) သဗ္ဗေသံ … အဟောသိ'
190753	sārīrappadesa	debris '['
190755	sārīrika	source tag 'ထောမ'; Sanskrit note '၈ါ ရီ ရိက- သံ'; quotations '(၁) သာရီရိကာန န္တိ သရီသမ္ဘဝါနံ။ (၂) "'
190756	sārīrikacetiya	quotation 'နိဗ္ဗုတေ ဘဂဝတိ … ပူဇေသိ'
190758	sārīrikadhātupūjā	analysis 'သာရီရိက + ဓာတုပူဇာ'
190759	sāruppa	grammarian's notes (rule 43, sārūpya Sanskrit, Prakrit and Ardhamāgadhī forms, 'သာရုပ္ပံ=သရူပတာ', Saddatthacintāmaṇi); trailing '(၂) သာရုပ္ပ'
190760	sāruppakicca	one-word example 'ပဗ္ဗဇိကိစ္စ'
190762	sāruppati	grammarian's note 'နာမဓာတ်' (denominative) and analysis 'သံ + ရုဟ + ဏယ + တိ' with derived forms and rule 343; debris '['
190765	sāruppasīlācāra	citation 'မ၊ ဋီ ၁'
190767	sāreti	repetition of the five senses with debris 'အဿာစရိ-ုငြ' and citation fragments '--- ၁၀ဝ', '----'
190769	sāreti	grammarian's note 'သရတိ?-၏ကာရိုက်' (causative of sarati?)
190772	sārenta	'----။ ----။'
190773	sārenti	page number '၃၇'; next headword 'သာရေမိ' and bare number '၁၄၀'
190774	sāremi	'ကြည့်' (end of a 'see' formula whose target is lost)
190775	sāreyya	label debris '(ကာ၊ ကြို ['
190776	sāresi	one-word gloss or quotation fragment 'ပဋိစောဒေသီ'
190778	sāressanti	'----'
190779	sāressāmi	'ကြည့်' (end of a 'see' formula whose target is lost)
190780	sāropī	analysis and notes 'သံရောဟီသာရောဝီ။ ၄၃-သုတ်ဖြင့် ဟ-ကို ပ-ပြု။ သာရာဂ-ကဲ့သို့ သံ-ကို သာ-ပြု။ ]'
190781	sāla	grammarian's note (ဂမနေ၊ ဏော, ကပ္ပဒ္ဒုမ, Sanskrit, Prakrit forms); quotation 'ပဒုမဿ ပန သာလော စ ဥပသာလော စ ဒွေ အဂ္ဂသာဝကာ'; run-on article 'သာလာ (ပ)] သေ + အာလ … (မယား၏ မောင်, အကို)။ ဓာန်။ ၎င်းသျ၊'
190783	sālasālaka	note 'သွတ္ထေ ကန်', source 'ကပ္ပဒ္ဒုမ', Sanskrit note 'ဂါလက-သံ'; trailing 'သာလကာ'
190784	sālakajātaka	debris '['
190789	sālakalyāṇipotakakanda	'----'; page number '၃၉' and the next headword 'သာလကလျာဏိမဏ္ဍပ'
190790	sālakalyāṇimaṇḍapa	debris '['
190792	sālakalyāṇī	analysis 'သာလကလျာဏ + ဤ'
190793	sālakalyāṇīkhandha	'----'
190794	sālakīl̤ā	debris '['
190795	sālakusumapabhā	stray quotation marks and 'တိ'
190799	sālakusumiyattheraapadāna	debris ']'
190800	sālakkhandha	debris '['; quotation fragment 'သာလဋ္ဌိ န္တိ သာလက္ခန္ဓ'
190801	sālacchadana	run-on 'ဝ သာလစ္ဆန္န'
190804	sālate	Sanskrit note 'ဂါလတေ-သံ'; debris '['
190806	sāladvāra	debris '[ ['
190810	sālapiṭṭha	debris '['; quotation with citation 'ပိဋ္ဌခါဒနီယေ အမ္ဗာဋကပိဋ္ဌံ ဝိ၊ သင်္ဂဟ။ ဥ၈'
190814	sālapupphadāyaka	garbled 'ခြင်ေ့'
190816	sālapupphadāyakattheraapadāna	debris ']'; page number '၄၁' and running head 'သာလုပုပ္ဖပူဇာ'
190823	sālamaṇḍapa	'----'
190826	sālamaṇḍapiyattheraapadāna	debris '[ ['
190827	sālamaya	'----'
190828	sālamālā	running head '၂ သာလမိဿက' inside the text
190830	sālamūla	citations 'သံ၊ ၏]] ၁၃၂။ အပါ ၂'
190831	sālaya	quotation fragments and citations '(၁) သာလယော ၉၉)။ ပါစိတ်၊ (၂) အပေက္ခဝါ။ ----'
190835	sālarājamūla	unclear 'တောင့်'
190836	sālarukkhamūla	'--၂'
190837	sālarukkharāja	quotation 'ဖုလ္လိတော ဝိကသိတပုပ္ဖေါ သာလရုက္ခရာဇာ ဣဝ ဝိဇ္ဇောတေတီတိ သမ္ဗန္ဓော'
190838	sālarukkhavisanāsaka	quotation fragment 'သာလ-ဒုူသနာ တိ သာလရုက္ခဝိသ-နာသကာ'
190839	sālalaṭṭhi	debris '['
190840	sālavana	debris '['
190842	sālavanarājivirājita	'၁-၂'
190845	sālasadda	quotation 'နဝမေ ဣဓ သာလ-သဒ္ဒေါ ရုက္ခသာမညပရိယာယော၊ န ရုက္ခဝိသေသပရိယာယော'
190846	sālasākhā	'သာခါ ['
190848	sālādivisuddhakaṭṭha	analysis 'သာလာဒိ + ဝိသုဒ္ဓကဋု'
190850	sālava	analysis and notes 'သလ + အဝ။ သလ ဂမနတ္ထော အဝေါ။ ဓာန်ဋီ။ သာလဝေါလောဒ္ဒေါ။ ဓာန်။ + ဍ။ ထောမ။ ဂါလဝ သံ။ ]'; trailing 'လမ္ဗိလ'
190852	sālavatī	'ဤ ၂'
190853	sālavatīnagara	debris ']'
190854	sālā	analysis, sources, Sanskrit, Prakrit and Ardhamāgadhī notes; the second copy of the compound list with its quotations and citations; running heads 'အဘိဓာန် (အ-ဝဂ်) ၃၅ ပ-မ-သ-စ ၅ သာလာ'; garbled 'ဖရုံးအိမ်'
190855	sālākika	analysis 'သာလာကာ + ဏိက'; citation fragments '(၁) မောင်၊ (၂)။ (၃) ----'
190856	sālakiya	quotation '(၂) သလာကိယ န္တိ သာလာကဝဇ္ဇကမ္မံ'
190858	sāladvāra	headword 'သာလဒွါရ-၇'; quotation 'သာလာမဟ အဋ္ဌာသိ'; citation 'ဇာ၊ ဋ္ဌ၊ ၆'
190859	sālāmaha	label debris 'ပု၊ န)'; '----'
190863	sāli	trailing 'သာလီန'
190866	sāliādimūladhaññantogadha	quotation 'နီဝါရာဒိဥပ-ဓညဿ ပန သာလိအာဒိမူလဓညန္တောဂဓတ္တာ “သတ္တဓညာနီ”'
190868	sālaodanādianna	running head '၈ သာလိသဩဒနာဒိအာဟာရ'
190869	sāliosanādiāhāra	citation 'ဧဝမာဟာရော (ဣတိဝုတ်။ ၂၆၁)'
190870	sālikā	grammarian's notes 'ရကို လ-ပြု။ ပက္ခိဝိသေသော။ ကပ္ပဒ္ဒုမ။ သာရိကာ သံ။ သာရိအာ၊ သာရိက္ကအာ။ ပါကတ'; quotation fragment '(၂) နေသာဒါ “'
190874	sālakhīrarasa	running head '၉ သာလိခေ(က္ခု)'
190877	sālikhettapālika	'----'
190880	sālagabbhadāna	debris '['; quotation 'သော ဗုဒ္ဓပ္ပမုခဿ သံဃဿ ... ဇေဋ္ဌဘာတိကံ အာဟ'
190881	sālagabbhayavagabbhasadisa	'သဒိသ'
190884	sālitaṇḍula	'----'
190885	sālitaṇḍulapūra	analysis 'သာလိတဏ္ဍုလ + ပူရ'
190887	sālittaka	grammarian's notes (analysis 'သံ + လီပ + တ', the remark that the word is not found in the Sanskrit, Prakrit and Ardhamāgadhī dictionaries and that 324 has sāḷittaka); run-on headword 'ဝ သာလိတ္တကဇာတကဝဏ္ဏနာ'; debris ']'
190888	sālittakajātakavaṇṇanā	quotation 'သာဓု .- ဘိက္ခုံ အာရဗ္ဘ ကထေသိ'
190889	sālittakapayoga	debris '[ ['
190892	sālithusa	debris '['
190893	sāliddhiya	analysis 'သာလ + ဣဒ္ဓ + ဣယ'
190894	sāliddhiyagāma	'----'
190897	sālindiya-sāliddhiya	debris ']'
190898	sālipalāpa	quotation 'သော သာလိပလာပေ ဂဟေတွာ ... ဝိက္ကိဏိ'; running head '၁ သာလီပလာပခလသဒီသ'
190899	sālipalāpakhalasadisa	one-word quotation 'ပလာလခလသန္နိဘာ'
190901	sālipiṭṭha	trailing 'နှ'
190910	sālibhūmi	debris '['
190912	sālimaṁsabhojanādisadisa	debris '[ ['
190914	sālimaṁsodanāhāra	citation 'ဧဝမာဟာရော ၅)'
190915	sālimuṭṭhi	quotation 'ဗြာဟ္မဏော သာလိံ ... ပဏ္ဏာကာရံ'
190916	sāliya	debris '['
190919	sāliyavagabbha	debris '['
190921	sāliyavagodhūmādiṭṭhādi	debris '] သာလိယဝဂေါဓု (]'
190922	sāliyavagodhumasīsa	debris '] ]'; '----'
190923	sālilāyaka	grammarian's notes 'လာယ ဏု။ ပါကတ။ လူ + ဏွူ=လဝက၊ ဝ-ကို ယ-ပြု။ ထီ-၌ --လာယိကာု'
190924	sālilāyakopamā	quotation with running head 'အယမတ္ထော သာလိလာ-၅၃ သာလီလာယန ယကောပမာယ ဝိဘာဝေတဗ္ဗော'
190929	sālivarabhattaracana	debris and analysis '[ သာလိဝရဘတ္တ န ရစန'
190931	sālisīsa	debris '['; citations 'ဝိ၊ ဋ္ဌ ၁။ ဝိ၊ ဋ္ဌ ၄'
190932	sālisīsamuṭṭhi	debris '['
190934	sālissara	'---၂'
190935	sālu	grammarian's notes 'သရ + ဏုး သာရု.သာလု။ ကောတ္ထုဘ။ ]'
190936	sāluka	grammarian's notes, Sanskrit, Prakrit and Ardhamāgadhī forms; trailing 'သာလုက'
190937	sālukapāna	quotation 'အဋ္ဌ ပါနာနိ ... ဖရုသကပါနံ'; citation and running head 'အဘိ၊ ၄ သာလုကိနီ'
190938	sālukinī	analysis 'သာလုက + ဤ + နီ'; citations 'မောင်၊', 'မောင်၊ ၈ဝ'
190939	sālūka	sources and notes 'ဓာန်၊ ဂါလူက-သံ။ ပင်္ကမ္မူရဏ။ သာလု၊ သာလုက၊ သာလူက-ပရိယာယ်။ ကပ္ပဒ္ဒုမ'; trailing '(၁) သာလူကပါန'
190940	sālūkapāna	analysis 'သာလူက + ပါန ['
190941	sālūra	quotation 'သလတေ ပ္ပဝေန ဂစ္ဆတီတိ သာလူရော', sources, Sanskrit and Prakrit notes; citation fragments '(၁) ဓာန်၊ (၂) (ဣနာ)'; the variant spelling 'ဘား' before '(ဖား)'
190942	sāleyya-sāleyyaka	grammarian's notes on the suffix ṇeyyaka (Pāṇini, kattiyeyyaka and its analysis); quotation 'သာလေယျ ဝေရဉ္ဇဒုဝေ စ'
190944	sālohita	citation 'ပဋိသံ၊ ၅၅' and running head 'သာလောဟိတဉာတက'; trailing 'ဉာတီ။ ဉာတီ။'
190946	sāva	'သာဝ'; quotation with source 'သာဝေါ တု ကဏှပီတကေ။ ဓာန်'
190947	sāva	grammarian's notes 'သု. ဏ။ သု-သဝနေ၊ သဝနံ သန္ဒနံ။ သူဝ-သံ'; '----'; citation '(ဣ၊ မူ)'
190948	sāvaka	grammarian's notes, quotation 'ဘဂဝတော ... သာဝကာ', Sanskrit, Prakrit and Ardhamāgadhī forms; trailing 'သာဝကပါရမီဉာဏ'
190949	sāvakakhīṇāsava	quotation fragment 'ကေဝလံ “ “အရဟန္တာဒီန’န္တိ'
190950	sāvakagaṇa	'ဂဏော'
190951	sāvakaguṇa	debris '['
190959	sāvakaṭṭhānantara	'----'
190960	sāvakattapaṭijānana	page number and running head '၅၇ သာဝကဒေ သိတ' inside the text
190964	sāvakapaccekabodhisatta	debris '] ]'
190966	sāvakapadesañāṇa	debris '['; stray '"'
190967	sāvakaparamparāvasa	citation 'ဝိ၊ ဋ္ဌ ၁'
190969	sāvakaparisā	quotation 'အနေကသတာ ဥပသမ္ပဇ္ဇ ဝိဟရန္တိ'
190971	sāvakapāramiñāṇa	label debris 'ဉာဏ (န) ]'; running head '၈ သာဝကပါရမိ(မီ)တာဏဟေတုဘူတ ဝိ၊'
190972	sāvakapāramīñāṇa	label debris 'ဉာဏ (န) ]'; running head '၈ သာဝကပါရမိ(မီ)တာဏဟေတုဘူတ ဝိ၊'
190973	sāvakapāramiñāṇahetubhūta	headword fragment and analysis 'ဉာဏဟေတုဘူတ (ပ) [ သာဝကပါရမီဉာဏ + ဟေတုဘူတ ]'; '----'
190974	sāvakapāramīñāṇahetubhūta	headword fragment and analysis 'ဉာဏဟေတုဘူတ (ပ) [ သာဝကပါရမီဉာဏ + ဟေတုဘူတ ]'; '----'
190975	sāvakapāramitāsaṅkhāta	debris ']'
190976	sāvakapāramitāpatta	headword fragment and analysis 'ပ္ပတ္တ (ပ) [ သာဝကပါရမီ (တာ) + ပတ္တ'
190977	sāvakapāramippatta	headword fragment and analysis 'ပ္ပတ္တ (ပ) [ သာဝကပါရမီ (တာ) + ပတ္တ'
190982	sāvakabala	debris '['
190983	sāvakabuddha	debris '['
190990	sāvakabhāvadīpanattha	debris ']'; analysis 'သာဝကဘာဝ + ဒီပန န- သ-ကို တ္ထံ-ပြု'
190991	sāvakabhāvapakāsanattha	headword fragment and analysis 'ကာသနတ္ထ (ပု၊ န) [ + သ-ကို တ္ထံ-ပြု'; '----'
190992	sāvakabhāvappakāsanattha	headword fragment and analysis 'ကာသနတ္ထ (ပု၊ န) [ + သ-ကို တ္ထံ-ပြု'; '----'
190994	sāvakabhāsita	'----'
190995	sāvakabhūta	citation 'ဣတိဝုတ်၊'; running head 'ဝ သာဝကဘူမိ'
191000	sāvakayuga	trailing '(၁)'
191001	sāvakayugapariccheda	quotation 'နဝိမေ ဝါရာ အာဂတာ'
191006	sāvakavisayātīta	one-word gloss 'သိက္ခာပဒပညတ္တိ'; running heads 'အဘိဓာန် (အ-ဝဂ်) ၃၆ ပ-မ-သ-စ ၁ သာဝကဝိသေသန ယာ'; citation 'ဝိသုဒ္ဓိ၊ ဋီ ၁'
191009	sāvakasaṁgha	debris '[၊'; citation 'ဝိသုဒ္ဓိ၊ ၁ဝ'
191011	sāvakasata	debris '['
191012	sāvakasadisa	quotation 'သမဏဿ ပန ဂေါတမဿ ... သာဝကေ သတ္တာ'
191013	sāvakasannipāta	stray 'ဖ' (twice); debris ']'
191015	sāvakasamūha	running head '၂ သာဝကသမူဟသဟိတ'
191024	sāvakasādhāraṇabuddhañāṇa	debris ']'
191025	sāvakasādhāraṇāsādhāraṇa	debris '['
191026	sāvakasikhāppattavisesa	page number and running head '၆၃ သာဝကသီလ' inside the text
191027	sāvakasīla	'----'
191028	sāvakāciṇṇa	debris ') ['; one-word gloss 'အာစိဏ္ဏ'
191032	sāvakālāpa	stray '"'
191033	sāvajja	analysis 'သဟ -+ အဝဇ္ဇ', gloss 'သဒေါသောတိ', Sanskrit, Prakrit and Ardhamāgadhī notes; debris ']'
191034	sāvajjakamma	running head '၄ သာဝဇ္ဇကာမဂုဏပရိဘောဂရသ'
191036	sāvajjakiriya	debris '(ထိန ['
191037	sāvajjakiriyahetu	'---'; citation 'ဝိသုဒ္ဓိ၊ ဋီ ၂'
191039	sāvajjaṭṭha	analysis '[သာဇ္ဇ အတ္ထ တ္ထ-ကို ဌ-ပြ'; citation 'အနုဋီ ၁'
191042	sāvajjadvayaparivajjana	quotation fragment 'သာဝဇ္ဇဒွယပရိဝဇ္ဇန- ] တော ဓမ္မဝိနယသိဒ္ဓိ'
191043	sāvajjadukkhavipāka	quotation fragment 'တံ လက္ခဏတော သာဝဇ္ဇ-'
191044	sāvajjadukkhavipākaṭṭha	analysis 'သာဝဇ္ဇ + ဒုက္ခဝိပါကဌု'
191045	sāvajjadukkhavipākalakkhaṇa	debris '] ၂]'; citation 'ည ၈၂'
191046	sāvajjadhamma	running head '၂ သာဝဇ္ဇဓမ္မနိဝတ္တနပရ' inside the text
191048	sāvajjadhammapucchā	'---အကုသလပုစ္ဆာ'
191049	sāvajjadhammasamuppatti	debris '['
191053	sāvajjapaññatti	'သာဝဇ္ဏညတ္တီ'; citation 'ဥ၃'
191054	sāvajjaparicchāgasiddhi	analysis '[သဇ္ဇ ပရိစ္စာသိဒ္ဒ'
191056	sāvajjabhaya	'----'
191057	sāvajjabhojī	quotation 'ဣဓေကစ္စော ပုဂ္ဂလော ကုဟနာယ ပဋိလဘိတွာ ... ဇီဝိကံ ကပ္ပေတိ' with page number and running head '၉၆ သာဝဇ္ဇလက္ခဏ'
191060	sāvajjavacanamatta	quotation 'အကုသ လဝိပါကာတိ ... အကုသလတာပတ္တိဒေါသံ' with citation 'အနုဋံ၊'
191061	sāvajjavibhāga	stray quotation marks and 'တိ'
191065	sāvajjasabhāva	debris '] ['
191068	sāvajjānavajjavacībheda	'----'
191069	sāvajjābhāva	debris '] ၂]'; running head '၅) သာဝဋ္ဋ'
191071	sāvaṭṭa	citation 'ဣတိဝုတ်၊'; headword fragment 'ဝဋ္ဋ (န)'
191072	sāvaṇa	analysis 'သဝဏ + ဏ', source 'ကပ္ပဒ္ဒုမ', Sanskrit and Prakrit forms; an editorial note on a reading in 'တောင်ပေါက်ဓာန်သျ' p. 57, verse 57 ('နကာလ-ပေါရာဏ')
191075	sāvaṇamāsakāl̤apakkha	analysis 'သာဝဏမာသ + ကာဠပက္ခ ['; quotation 'ကာဠပက္ခဿာ တိ သာဝဏမာသကာဠပက္ခဿ'
191077	sāvati	note 'တကပဏ္ဍိ-ပုဒ်အဖွင့် ပေါရာဏ သီဟိုဠ်စကားဖြစ်ဘွယ်ရှိသည်။ တကပဏ္ဏိ-အဖွင့်ဋီကာများမှာ (ရှိန်းခိုပင်၏) အရွက်'; quotation 'ဖလပါကောဒကံ'; '၄၈၁-အလို)'; running head '၄၈ သာဝတ္ထာဘိမုခ'
191078	sātthābhimukha	stray '"'
191079	sāvatthi-sāvatthī	analysis '(သဝိ - အသ္တိ ...)', comparison with 'ကာကနံှံ', sources, Sanskrit, Prakrit and Ardhamāgadhī forms; the note from Monier-Williams ('the city founded by King (hermit) Sāvattha'); 'ကောတ္ထုဘ။ သာဝတ္ထိယ'; quotation 'တံ သာဝတ္ထီတိ ဝုစ္စတိ'
191083	sāvatthigāmipurisa	'----'
191089	sāvatthinagaravāsī	feminine form note 'ထီ-၌ --ဝါသိနီ'; debris '['; '----'
191090	sāvatthinidāna	'----'
191092	sāvatthipura	quotation 'အဠှကမန္ဒာဝဒေဝါနံ၊ သာဝတ္ထိပုရ-မုတ္တမံ'
191096	sāvatthivāsikulapariyāpanna	'--' and running head '၂ဝ သာဝတ္ထိဝါသီ'
191097	sāvatthivāsī	'----။ ----။'
191098	sāvatthisāmanta	'----'
191099	sāvadhāraṇa	quotation fragment 'ဧတရဟီ “ “'
191100	sāvadhāraṇattha	quotation 'အပိ စေတ္ထ ဧဝံ-သဒ္ဒေါ ... သာဝဓာရတ္ထော ဝုတ္တော'
191101	sāvadhāraṇavacana	'----'
191102	sāvadhāraṇasamāsa	run-on article sāvana (ထီ၊ န) with its analysis, Sanskrit and Prakrit notes, five senses, and their repetition with quotation debris
191103	sāvanakiriyānipphattisaṅkhāta	quotation fragment 'တာ “ဌာနဝတ္ထုဘူမိယော”'
191104	sāvanapaṇṇāropana	run-on 'တဝယ (ဗျ) [ သုဏေ + (တွာပစ္စယန္တု ] သာဝေတွာ-ကြည့်'
191106	sāvayatā	debris 'ီ) [ + တာ'
191107	sāvayati	label and analysis debris '(ကာ၊ ကြို သု + ဏယ န တိ ]'; run-on 'ာဝယာမိ (ကာ၊ ကြို သု. ဏေ + မိ] သာဝေတိ-ကြည့်'
191108	sāvayāmi	'ဝေါ။ ဝေါ။'
191110	sāveyya	label and analysis debris '(ကာ၊ ကြို သု + ဏေ + ဧယျ ]'; quotation 'သဒ္ဒမနုဿာဝေယျာ'
191111	sāvayiṁsu	'ကြည့်' (end of a 'see' formula whose target is lost)
191112	sāvayuṁ	label and analysis debris '(ကာ၊ ကြို] သု + ဏေ + ဥ]'; quotation 'သာဝယုန္တိ တေ ပိတုမာတု စ သာဝေသုံ'
191113	sāvaraṇa	debris '['
191114	sāvasesa	debris '] သ'; Sanskrit and Prakrit notes; citation 'ဝိ၊ (ခ)'
191117	sāvasesattha	'----'
191119	sāvasesadesanatā	analysis '[ သာဝသေသ-ဒေသနာ + တာ'; quotation '“အဘိဓမ္မဘာဇနိယေ”တိ'
191129	sāvasesamaṁsalohitayutta	one-word gloss 'သမံသလောဟိတ ('
191130	sāvasesarūpana	debris ']'
191132	sāvasesāyuka	'+ က'; '----'
191134	sāvi	'ဂေါ' (a source tag or fragment)
191136	sāvijja	'----'
191137	sāvita	analysis, Sanskrit, Prakrit and Ardhamāgadhī notes '[သု. ဏေ + တ။ သာဝေတိ-မှ ... ]'
191138	sāvitti-sāvittī	grammarian's notes, sources, Sanskrit and Prakrit forms; quotation 'စတုဝီသတက္ခရန္တိ ... ပုစ္ဆတိ'; sources 'အပ္ပတေးဓာန်၊ ဂါယတြီ-ပုဒ်။ သာဝိတ္တီ ပုဒ် အဖွင့်-ဝီလျံဓန်။ သစ္စတ္ထပကာသကကျမ်း၊ ၃၉-နှာ'; running head '၅ သာဝိတ္တိအာဒိ'; garbled 'ဘူရ ဘုဝး သွး ... ၎င်းကိုရည်စွယ် တူ၊ ဘုံ သွ”ဣတိ သာဝိတ္ထီ ပုဗ္ဗကတ္တာ မုခံ ပုဗ္ဗင်္ဂမံ ဣတိ-ကို အာဒျတ္ထ ကြံ'
191140	sāvittilakkhaṇabyañjanaka	'----'; run-on debris 'သာဒီ (၂) [။ သာနံ ('
191141	sāvī	Sanskrit and Prakrit notes '(္ဂါဝိဓ-ကပ္ပဒ္ဒုမ။ သာဝိဟ-ပါကတ)'; debris '['; quotation fragment and source tags '(သာဝီ-သျာ မူ) ကုမ္မောတိ။ (သာဝီ) (သျာ၊ မူ)'
191143	sāveti	grammarian's note 'သုဏာတိ -၏ ကာရိုက်', Sanskrit and Prakrit forms
191144	sāvetu	analysis, source 'တာဒိပစ္စယရာသိ။ ၅၁၃-နှာ', Sanskrit form
191145	sāvetu	analysis '] သုဏေ + တု။ ၅၁၃-နာ', Sanskrit form with running head '၆ သာဝေတုကာမ'; trailing '(၂) သာဝေတာ “'
191147	sāvetvā	analysis 'သဏေ တွာ]'
191148	sāvetuṁ	analysis '[သဏေ + တုံ'
191153	sāvesiṁ	quotation fragment 'ဣမိနာ ဟိ သော'
191154	sāvesuṁ	label and analysis debris '(ကာ၊ ကြို ] သု + ဏေ + ဥံ]'
191155	sāvehi	running heads 'အဘိဓာန် (အဝင်) ၃၇ ပ-မ-သ-စ ၇၇ သာသာ။ ၁ဝ၈'
191156	sāsa	page number '၁၀ဝ'; quotation 'မဟောဒ္ဓဆိန္နတမက၊ ခုဒ္ဒ-ဘေဒေဟိ ပဉ္စဓာ' with source 'မာဓဝနိဒါန်း။ ၁၆၇-နှာ'; citation 'သာရတ္ထ ၂'
191157	sāsa	debris '['
191160	sāsaṅka	quotation fragments 'တတဿ ဟိ (ပ)။ သာသင်္ကော တိ'; running head '၂၈ သာသင်္ကဩရိမတီရ ၂၁'; run-on article 'သာသတသရိမတီရ (န) သာသက် ] ကြောက်ထိတ်လန့်-ဘွယ်-ခြင်း-နှင့် တကွဖြစ်သော ဤမှာဘက်ကမ်း'
191162	sāsaṅkaṭṭhāna	quotation 'အဋဝိယံ သာသင်္ကဌာနေသု ဒါနသာလံ အတိဝါဟေတိ'
191164	sāsaṅkavihāra	quotation 'ဒုက္ခဝိဟာရော သာသင်္ကဝိဟာရော'
191166	sāsaṅkasammata	quotation 'သာသင်္ကသမ္မတာနီတိ “သာသင်္ကာနီ”'; citation 'ကင်္ခါ၊'
191167	sāsaṅkasikkhāpada	citation 'ကင်္ခါ၊ ဋီ'
191169	sāsaṅkahadaya	debris '] ['; page number and running head '၇၉ သာသင်္ကာရညသေနာသန' inside the text
191170	sāsaṅkāraññasenāsana	debris '= ['; quotation 'စတုတ္ထေ ဒွေ အင်္ဂါနိ'
191171	sāsati	list of forms 'သာသတိ သာသီယတိ သာသတု-'
191172	sāsatu	label and analysis debris '(ကြို သာသ + အတု ]'
191175	sāsana	analysis, Sanskrit and Prakrit notes; citations and quotations after the definition (for senses (2), (a)–(j), (3), (4)), including 'သာသနပဋ္ဌာ (၁) (က) (ခ) ကြည့်'
191178	sāsanakaṇṭaka	stray '"'
191180	sāsanakara	'+ အ'
191181	sāsanakāraka	feminine form note 'ထီး၌ ကာရိကာ'; debris '['
191182	sāsanakārī	first, garbled copy '(မြတ်စွာဘုရား၏) အဆုံးအမတော်ကို-ပြုလေရှိ-ပြုကျင်လေ့ရှ ... သော၊ သူ' with running head '၂ သာသနကိစ္စ'; '--၁'
191183	sāsanakicca	'----'
191184	sāsanakkama	quotation '----သီလသမာဓိပညာသင်္ခါတံ ... ဝုစ္စန္တိ'
191185	sāsanaṅga	debris '[ ['
191189	sāsanaguṇa	stray quotation marks
191191	sāsanaciraṭṭhiti	citation 'စူဠနိ၊' and running head '၈၃ သာသနစိရဋ္ဌိတိက'
191192	sāsanaciraṭṭhitika	analysis 'သာသနစိရဋ္ဌိတိ + က'; quotation fragment '“ယာဝ စာ”'
191193	sāsanajotaka	analysis '= ဇုတ + ဏွု'; quotation fragment 'တေ "”'
191197	sāsanatthaṅgasūcaka	debris '['
191200	sāsanadhamma	citation 'ဝိ၊ ဋ္ဌ ၁'; quotations 'သတ္ထုသာနဿ ပကာသကော ပရိယတ္တိဓမ္မော' and '(ဂ) အပိ တု တိဝိဓဿာပိ ... ဒဿေတိ' with running head '၄ သာသနဓာရဏ'
191202	sāsananaya	quotation fragment '”တိအာဒိနာ ဝေဒိတဗ္ဗော'
191203	sāsananāsahetu	citation 'ကင်္ခါ၊'
191207	sāsanantaradhānakathā	quotation 'ဣဓာပိ ဝုတ္တံ'; page number '၂၄၃)'
191209	sāsanapakkamana	analysis '+ ယု]'; quotation fragment '’တိအာဒိမာဟ'
191211	sāsanapaccatthika	debris 'ပုထု [။ )'; running head 'သာသနပစ္စတ္ထိကဂဏနိမ္မဒ္ဒန ၄၆၆'
191212	sāsanapaccatthikagaṇanimmaddana	'----'
191215	sāsanappaṭiggahaṇa	debris '['; quotation 'ဧကာ ဘိက္ခုနီ ဝါတိ ... သန္ဓာယ ဝုတ္တံ'
191216	sāsanapaṭisāsana	debris '['; one-word gloss 'အညမည်'
191219	sāsanappaṭṭhāna	stray '"'
191225	sāsanapaṭṭhānasutta	analysis 'သာသနပဋာန + သုတ္တု'; quotation 'တံ သာသနပဋ္ဌာနသုတ္တံ သရူပတော ဝုတ္တံ'
191226	sāsanapaṭṭhānasuttavisesa	quotation 'တေသု သောဠသဝိဓေသု ... သံသန္ဒတိ'
191227	sāsanapatiṭṭhāna	stray '၁'
191228	sāsanapayoga	'----'; running head '၂ ၁ ) သာသနပရမတ္ထသမဏဗြာဟ္မဏ'
191229	sāsanaparamatthasamaṇabrāhmaṇa	debris '['
191230	sāsanapariccheda	quotation 'အယံ သာသနပရိစ္ဆေဒေါ ဧသော'
191234	sāsanappavatti	stray '[' at start; trailing '(က) (ခ) ----'
191236	sāsanappavattiṭṭhāna	damaged analysis bracket '(ပ္ပုဝတ္တိဋ္ဌာန (န) ]' (includes a label န)
191240	sāsanappavesana	stray '['
191241	sāsanapesana	citation 'သာရတ္ထ ၂'
191242	sāsanabrahmacariya	run-on headword '၈ သာသနဗြဟ္မစရိယစရဏ'
191243	sāsanabrahmacariyacaraṇa	stray '['
191244	sāsanabhattika	analysis 'သာသန + ဘတ္တိက-ဘတ္တိ +က ၂'
191245	sāsanabhāva	quotation 'ဧတ္ထ စ အနုပါသကေဟိပိ … ဝဋ္ဋတိ'
191246	sāsanabhāvasāmañña	stray '['; '----'; quotation 'သာသနဘာဝသာမညေန … အာဟ'
191251	sāsanamūla	quotation 'သံ ဝဏ္ဏနာကရဏဿာပိ … ဂါထာဒွယမာဟ'
191253	sāsanayutti	trailing debris 'အယ်'
191257	sāsanaladdhi	analysis 'သာသန + လဒ္ဓိ'
191258	sāsanalālasa	OCR debris 'မိုးထိ၊ သျှ'; unclosed '('
191260	sāsanavacana	quotation fragment 'န သာသ-နဝစနံ်'
191262	sāsanavara	quotation 'ပဏ္ဍိတေဟိ … သာသနဝရံ'; '---', '----'
191265	sāsanavaradesaka	quotation 'ယန္တိ သာသနဝရဒေ သကော … သရူပတ္ထော'
191266	sāsanavaraparāmasana	quotation 'ဧတန္တိ သာသနဝရပရာမသနံ … ဝိဂ္ဂဟဝိရဟိတံ'
191268	sāsanavassa	quotation 'ဣမိနာ ဥတုအာစိက္ခနေနေဝ … ဒဿိတံ'
191272	sāsanavipatti	stray '['
191274	sāsanaviruddha	trailing '(ထီ) ၁'
191278	sāsanasaṅketasaññū	damaged analysis bracket '[ + ဉာ + ရူ'
191279	sāsanasaddāpekkha	quotation 'လောကပါလသဒ္ဒေါ … အရဟတိ'
191281	sāsanasabhāva	quotation 'လောကိယအဋ္ဌ-သမာပတ္တိစိတ္တာနီ … ဝုတ္တံ'
191283	sāsanasampaṭiggāhaka	analysis '[သာသန -+ သမ္ပဋိဂ္ဂါဟကသံ န- ပဋိ + ဂဟ + ဏှု'
191285	sāsanasampaṭipatti	run-on headword '၂ သာသနသမ္ပတ္တိ'
191286	sāsanasampatti	citation 'ဝိသုဒ္ဓိ၊ ဋီ၊ ၁ဝ'
191287	sāsanasampattikittana	damaged analysis 'သာသနသမ္ပတ္တိ ဦ ကိတ္တန ]'; quotation 'သာသနသမ္ပတ္တိ ကိတ္တနတ္တာ … ပဝတ္တတိ'
191291	sāsanasampadāsiddhi	stray '['
191298	sāsanahāni	source references 'အဘိဓာန် (အဝင်) ၃၈ ပ-မ-သ-စ ၉၃'; run-on headword 'သာသနဟိတ'
191305	sāsanānuṭṭhāna	analysis 'သာသန + အနုဋ္ဌာန-အနု + ဌာ + ယု'
191307	sāsanābhivuḍḍhi	trailing debris 'တော'
191308	sāsanābhivuddhi	stray '['; analysis 'သာသန အဘိဝုဒ္ဓ'
191309	sāsanāyatta	'---'
191310	sāsanaraha	citation 'ကင်္ခါ ဋီ၊ သစ်'
191315	sāsanāvatāra	quotation fragment '“အပ္ပသန္နော”တိ'
191316	sāsanāharaṇattha	stray '(-'
191317	sāsanika	garbled '(ဒ္စ၏)'; second '(၂)' with quotation 'သာသနိကသီလေန ဗာဟိရကအန-'; debris '[။ "။'
191319	sāsanikasīla	run-on headword '၂ သာသနုဇ္ဇောတကာရီ'
191320	sāsanujjotakārī	quotation 'သဒ္ဓမ္မဋ္ဌိတိကာမေန၊ သာသ နုဇ္ဇောတကာရိနာ'
191321	sāsanujjotanatthī	analysis fragment '+ ဤ'
191326	sāsanosakkanakāla	quotation 'ကဿပဒသဗလဿ … ပဗ္ဗဇ္ဇိတွာ'
191327	sāsapa	analysis bracket with Sanskrit and Prakrit notes 'သာသ + အပ။ … အဒ္ဓမာဂဓီ။ ]'
191328	sāsapakakka	analysis 'သာသပ + ကက္က ['
191329	sāsapakal̤īra	quotation 'မူလကကဠီရော … သတာဝရိကဠီရော'
191332	sāsapacuṇṇa	stray ']'
191333	sāsapatela	quotation 'တေလံ နာမ တိလတေလံ ဝသာတေလံ'
191334	sāsapatelamissita	quotation 'သာသပတေလဓမိဿိီတံ … အာကိရန္တိ'
191335	sāsapadhūpana	OCR doublet 'ဖုညှင်း' before မုံညှင်းစေ့
191336	sāsapapiṭṭha	stray '['; quotation 'သာသပပိဋ္ဌ န္တိ သာသပစုဏ္ဏံ'; citation and variant 'ပါစိတ်၊ သာသပကုဋ္ဋ-လည်း'
191337	sāsapappamāṇa	quotation 'ယထာ ဟိ သာသပပ္ပမာဏာပိ … န သက္ကောတိ'
191339	sāsapabījaka	damaged analysis '[ + က ['; repeated gloss '“ဝက်သက်”'; citation 'ပါစိတ်၊'
191341	sāsapabījika	quotation 'ကာဠာ ဝါ ကမ္ဗာဿ၊ ယေ “သာသပဝီဇိ-ကာ”'
191342	sāsapamattika	debris ') သာသပမတ္တီ'
191346	sāsapasutta	location 'သံယုတ္တနိကာယ၊ နိဒါနဝဂ္ဂသံယုတ္တပါဠိ အနမတဂ္ဂသံယုတ်၊ ၆-သုတ်'
191351	sāsava	run-on headword '၈ သာသဝကမ္မ'; citation 'ဝိသုဒ္ဓိ၊ ဋီ ၂'
191359	sāsavaṭṭha	grammarian's note 'တ္ထ-ကို ဋ္ဌ-ပြု'; stray '['; run-on headword '၉၉ သာသဝတ္ထ'
191361	sāsavadhamma	stray '(-'
191363	sāsavaphassaparijānanalakkhaṇa	stray '['
191369	sāsavasaṅkhataasāravigama	quotation 'သာသဝသင်တအသာရ-ဝိဂမေန'; run-on headword 'ဝ သာသဝသုခ'
191370	sāsavasukha	stray ']'
191373	sāsavānāsavakammavibhāgajānana	quotation 'အာယူဟနက္ခဏေ ယေဝ … သာသဝါနာသဝကမ္မဝိဘာဂဇာနနံ'
191375	sāsasadda	stray numeral '၂'
191377	sāsitabba	citations 'သာရတ္ထ၊ ၁ဝ။ ဥ၈'
191379	sāsitabbapuggalagata	run-on headword '၁၁ သာသိတဗ္ဗာယတ္တ'
191380	sāsitabbāyatta	quotation 'ဧတ္ထ သာသနံ သာသိတဗ္ဗာယတ္တံ … ဝိသေသော'
191381	sāsitavāda	stray '['; '----'
191383	sāsīyati	damaged analysis bracket with label '(ကမ္မ၊ ကြို သာသ + ယ + တတေ' (passive verb)
191385	sāsevana	citation 'အနုဋံ ၃'
191386	sāhaṁ	citation 'သံ၊ ၁ဝ'
191387	sāha	references 'ကစ္စည်း။ ရူပသိဒ္ဓိ။ ၈ဝ၄'; Sanskrit note 'ပဍဟ-သံ'; citation 'ဇာ၊ ဌ၊ ၆ ၉၉'
191388	sāhattha	reference '၄၁-ဂါထာ'
191389	sāhatthika	analysis and quotation 'သဟတ္ထ + ဏိက။ တသ္မာ … သာဟတ္ထိကော'; citation '(ခုဒ္ဒသိက္ခာ ဋီ၊ သစ်။ ၂၄၆)'; Sanskrit and Prakrit notes; debris '“"တိ အာဒိ။ ပါစိတ်၊ (၄)'
191397	sāhasa	analysis bracket with Sanskrit and Prakrit notes 'သဟ (သ်) + ဏ … အဒ္ဓမာဂဓီ။ ]'; run-on headword 'ဝ၃ သာသဟကိရိယ'; trailing 'အပါ (န) (၄)။ သုတ္တနိ၊ ဌ ၁'
191398	sāhasakiriya	stray ']'
191402	sāhasika-sāhasiya	analysis bracket with Sanskrit, Prakrit and Ardhamāgadhī notes 'သဟသ် (သာဟသ) + ဏိက … အဒ္ဓမာဂဓီ။ ['; quotation fragments '(၁) သာဟသိကာ တိ … သာဟသိကကမ္မ္ပကာရိနော။ ု သာဟသိကကမ္မ။ (၂)'
191403	sāhasikamma	quotation fragments '(၁) သာဟသေနာ။ သာဟသိကကမ္မေနာ'
191405	sāhasikakiriya	stray '['; fragment 'အသာဟသ'
191406	sāhasikadīpika	analysis 'သာဟသိက န+ ဒီပိက ['
191407	sāhasikadhanavilopapīl̤ita	analysis 'သာဟသိက + ဓန + ဝိလောပ + ပီဠိတ'; quotation 'အတိမုဒုကဿ … ကပ္ပေန္တိ'
191408	sāhasikapurisa	stray ']'
191409	sāhasikamahāyodha	stray 'ဦ'; fragment 'ပိဏ္ဍဒါယိကာ'
191415	sāhassa	analysis 'သာဟသ + ဏျ-သာဟသျ= သာဟဿ။ သာဟသ်္ဂ]'
191417	sāhassika	reference fragment 'မောင်၊ ၂]'; quotation '(၁) သတံ ပယောဇနမဿာတိ သာတိကံ'
191419	sāhāra	quotation 'သာဟာရာ'; citation 'ပါစိတ်၊ သာဟာရ'
191420	sāhāraka	run-on headword '၅၆ သာဟာရကဃဋန'
191421	sāhārakaghaṭana	'----'
191422	sāhī	stray '['; '----'
191423	sāhu	analysis and grammarian's note '[ သာဓု-သာဟု။ ဓ-ကို ဟ-ပြု' and 'သာဟု ပြာ၊ အဒ္ဓမာဂဓီ။ ]'; quotation fragments '(၁) “ “လဟူတိ ကာယေန ဝိညာပေတိ။ (၂) "'
191424	sāhukāra	fragment 'သာဟုကာရ။ စ၈'
191425	sāhuneyyaka	analysis '] သဟ + အာဟုနေယျက အာဟုန + ဏေယျက။ ['
191426	sāhunna	quotation 'သာဟုန္နဝါသိနော (ဣ၊ မူ)'
191427	sāhul̤i	analysis with Prakrit and Ardhamāgadhī notes 'သာဓု + လာ + ဣ … အဒ္ဓမာဂဓီ။ ]'; source tags '(ဌ)', '(ဋီ)'; cognate note '(အဝတ်အထည်၊ ခေါင်းပေါင်း။ အဒ္ဓမာဂဓီ၊ ပြာ)' (Ardhamāgadhī/Prakrit sense 'cloth; turban')
191428	sāhul̤icīra	quotations '---အမုံ တေလမလိကတံ … ကတထူလ-စီရေန'; run-on headword '၇ သာဟုဠိယ'
191430	sāl̤ava	analysis and Sanskrit note 'သလ + အဝ။ သလတိ ပဝတ္တတီတိ သာဠဝေါ။ ပါဍဝ-သံ။ ['
191431	sāl̤ika-sāl̤ikā	label fragment 'ထီ၊ ၇)'; analysis and grammarians' notes 'သလ + ဏျူ … သာလိက-သာဠိက'
191432	sāl̤ikapotaka	grammatical note 'ထီ-၌ --ပေါတိကာ' (feminine -potikā)
191434	sāl̤ikakāvacana	quotation 'သာဠိကာဝစနံ ဣဒ'
191435	sāl̤ittaka	stray ']'
191438	sāl̤iya-sāl̤iyā	grammarians' notes 'အဗျတ္တသဒ္ဒေ။ သဠတိ၊ သာဠိကော၊ သာဠိကာ။ သာဠိက သာဠိယ'
191442	sāl̤iyanigghosa	quotation 'သာဠိယနိဂ္ဃေါသော'
191443	sāl̤ūra	grammarian's notes 'ရ-ကို ဠ-ပြု။ ဦရော။ ဓာန်၊ ]'
191444	sāl̤ūrasaṁgha	quotation 'သာဠူရသံဃ န္တိ သုခနဂဏံ'
191445	sāl̤ava	grammarian's note 'ဗာဠှ-ပုဒ်ကဲ့သို့ မောင်၊ နိရုတ္တိ။ ၇၅၅-သုတ်တို့ဖြင့် စီရင်'; garbled Sanskrit note 'သာပဎ-ဝီလျ်ံ'; run-on headword 'သာဠ သုတ်'; sense (2) quotation 'တိတ္ထဘယဉ္စ … ကထာဝတ္ထု'
191446	sāl̤asutta	locations 'အင်္ဂုတ္တရနိကာယ၊ တိကနိပါတပါဠိ၊ ၂-ပဏ္ဏာသ။ ၆-သုတ်။ ိပါတပါဠိ၊ ၄-ပဏ္ဏာသ၊ ၆-သုတ်'
191447	sāl̤asuttavaṇṇanā	location 'အင်္ဂုတ္တရနိကာယ၊ တိကနိပါတ အဋ္ဌကထာ။ ၂-ပဏ္ဏာသ၊ ၆-သုတ်'
191448	siṁsati	Sanskrit note 'ဂံသတိ-သံ'; variant note '၁၈၃-၌မူ အာသိသတိ-ဟု ရှိ၏' (at 183 the reading is āsisati); form and reference 'သိသရေ။ ၂၂၃)'
191449	siṁsapā	analysis bracket with Sanskrit and Prakrit notes 'သာသ (သိသ) + အပ + အာ … အဒ္ဓမာဂဓီ' (source tag ထောမ dropped); source references 'အဘိဓာန် (အဝင်) ၃၉ ပ-မ-သ-စ'
191451	siṁsare	analysis and grammarian's note '(ကြို သိသ + အ + အန္တိ။ အန္တိ-ကို ရေ-ပြု။ ]'
191454	sikatāvakiṇṇapaṇḍarapulinataṭa	analysis 'သိကတာ န- အဝကိဏ္ဏ န ပဏ္ဍရပုလိနတဋ ['
191456	sikkā	analysis and Sanskrit note 'သက + က + အာ။ ဂိကျာ-သံ။ ]'
191459	sikkhati	damaged analysis with Sanskrit and Prakrit notes '(ကြို။ ဂိက္ခတိ- သံ။ … ['; repeated senses (1)-(5) with citations 'ဝိသုဒ္ဓိ၊ ၁ဝ', 'ဣတိဝုတ်' and fragment 'တသ္မာ “'; list of inflected forms 'သိက္ခတိ-သိက္ခန္တိ … သိက္ခိဿာမသေ-သုတ္တနိ'
191461	sikkhattaya	stray '(-'
191463	sikkhattayadesanā	damaged analysis bracket '(သိက္ခတ္တယဒေသနာ'
191464	sikkhattayanipphatti	quotation '‘ဥစ္ဆိန္နဘဝနေတ္တိကော” (ဒဿိတာ) သိက္ခတ္တယနိပ္ဖတ္တိ'
191470	sikkhattayasakalasāsanabrahmacariyaparāyaṇa	run-on text of id 191469: 'ကျင့်အပ်သောအကျင့်။ (၃) သိက္ခာသုံးပါး အပေါင်းဖြင့် သိမ်းယူအပ်သောသူတို့၏ အကျင်။'; headword and label 'သိက္ခတ္တယသကလသာသနဗြဟ္မစရိယပရာယဏာ (တိ)] ]'
191473	sikkhattayasaṅgahita	grammar references 'သိက္ခတ္တယ-ဒဒ။ ပရာယန-သာ ကစ္စည်း-၅၁၊ ဉာသ်၊ ရူပသိဒ္ဓိ မာဂ )၂'; citation '(ကင်္ခါ။ ဒီ၊ ၉၉)'
191474	sikkhattayasaṅgahitaariyamagga	stray '['; citation 'ဝီမတိ၊ ၁ဝ'
191475	sikkhattayasamaṅgī	stray ']'
191476	sikkhattayasamāpanna	analysis '[ သိက္ခတ္တယ န- သမာပန္န'; citation 'ကင်္ခါ၊'
191477	sikkhattayasamāyoga	citation 'အံ၊ ဋီ၊ ၁ ၁၁၈'
191479	sikkhattayasāsana	stray '['
191480	sikkhattayānisaṁsappakāsanī	analysis 'သိက္ခတ္တယ န- အာနိသံသ န- ပကာသနီ'
191484	sikkhattayūpasaṁhita	quotation 'သိက္ခတ္တယူပသံဟိတ န္တိ … သိက္ခတ္တယယုတ္တံ'; debris '၃) ၃ သံက္ခတ္တံက'
191486	sikkhatha	label fragment '(ကြို ]'
191487	sikkhana	first printing of senses (1)-(6); citations '၁ဝ၇', 'ဝိသုဒ္ဓိ၊ ဋီ ၁'
191489	sikkhanakicca	stray ')'
191490	sikkhanasīla	citation '(- ဣတိဝုတ်၊'
191493	sikkhanādhikāra	debris '"'; citation 'ကင်္ခါ၊'
191494	sikkhanta	stray ']'; debris '( ၂) " အည်'
191497	sikkhamāna	trailing '(၁) သေက္ခ'
191499	sikkhamānakāla	stray '[ ['; debris 'ဥ၅'
191501	sikkhamānadūta	quotation 'သိက္ခမာန-ဒူတေနာ'
191502	sikkhamānavīsa	citation 'ဝိ၊ ၃ု'
191505	sikkhassu	debris ') သိက္ခာ'; quotation fragment '“ဣယ်ံ'
191506	sikkhāpada	first printing of senses (1)-(5); citations '(ကင်္ခါ ဋီ၊ သစ်။ ၁၇၇)', 'အံ၊ ၁ဝ'; quotation 'နိသီဒနေ စ ယာ သိက္ခာ၊ ---ဒွါဝီသတိ ဣမာ သိက္ခာ'
191507	sikkhākaraṇamatta	'--'
191508	sikkhākaraṇīya	quotation 'ယတ္ထ တိတ္ထေန ဝါ … သိက္ခာကရဏီယေ -၂'; citation 'ကင်္ခါ'
191509	sikkhākāma	quotations 'ယာ တာ။ ---ကုက္ကုစ္စကေသု … ပတိဋ္ဌိတံ။ သိက္ခာကာမာန'
191510	sikkhākāmakathā	analysis '[ သိက္ခာကာမ ကထာ'; run-on headword '၆ သိက္ခာကိစ္စ'; repeated headword 'သိက္ခာကာမကထာ'
191513	sikkhāgārava	stray 'ဏ'
191514	sikkhāgāravarahita	analysis 'သိက္ခာဂါရဝ + ရဟိတ'
191516	sikkhāggahaṇa	citation 'ကင်္ခါ၊'
191520	sikkhādvaya	run-on headword '၇ သိက္ခာဓမ္မ'
191527	sikkhānisaṁsasutta	analysis 'သိက္ခာနိသံသ + သုတ္တု'; location 'အင်္ဂုတ္တရနိ-ကာယ၊ ငှ-နိပါတ်၊ ၅-ပဏ္ဏာသက၊ ၅-ဝဂ်၊ ၃-သုတ်'
191528	sikkhānisaṁsasuttavaṇṇanā	repeated headword 'သိက္ခာနိသံသသုတ္တဝဏ္ဏနာ'
191530	sikkhānuttariya	quotation 'ဆ အနုတ္တရိယာနိ၊ လာဘာနုတ္တရိယံ သိက္ခာနုတ္တရိယံ'
191531	sikkhānusantatavutti	repeated headword 'သိက္ခာနုသန္တတဝုတ္တီ'; run-on headword '၈ သိက္ခာပက'
191533	sikkhāpaccakkhātaka	'---.'
191534	sikkhāpaccakkhātakacatukka	citation 'ကင်္ခါ၊'
191535	sikkhāpaccakkhāna	citation 'ဝိ၊ ဋ္ဌ ၁'
191536	sikkhāpaccakkhānakathā	repeated headword 'သိက္ခာပစ္စက္ခာနကထာ'; debris 'ွိန္နံ'; citation 'ကင်္ခါ၊ ဋီ။ သစ်'
191537	sikkhāpaccakkhānakāraṇa	stray ']'
191539	sikkhāpaccakkhānapada	stray '[ ['; citation '(ကင်္ခါ၊ ဋီ၊ ၂၆)'
191541	sikkhāpaccakkhānalakkhaṇa	stray '['; citation 'ဝိ၊ ဋ္ဌ ၁'
191542	sikkhāpaccakkhānavacanasambandha	run-on headword '၉ သိက္ခာပစ္စက္ခာနဝါရ'
191543	sikkhāpaccakkhānavāra	analysis 'သိက္ခာပစ္စက္ခာန + ဝါရ'; repeated headword 'သိက္ခာပစ္စက္ခာနဝါရ'; quotation 'သိက္ခာပစ္စက္ခာနဝါရေပိ "'
191544	sikkhāpaccakkhānavibhaṅgavaṇṇanā	damaged heading '[ [ သိက္ခာပစ္စက္ခ နဝံဘင်း၊'
191546	sikkhāpaññattiyācana	debris 'သယ်'; citation 'ဝဇိရ ၁'
191547	sikkhāpada	analysis and Prakrit notes 'ပါ၊ ကွာကောဌာသော။ ဂိက [၂ ီ၌[ ပယ ပြာ။ ]'; garbled 'သိက္ခာ သုံးပါးကို ရ မပြု း လဲကွာသုံးပါး၏'; '----'
191552	sikkhāpadadaṇḍakammavatthukathāvaṇṇanā	heading 'သိက္ခာပဒဒဏ္ဍကမ္မဝတ္ထု'; colophon 'သိက္ခာပဒ-၀ သိက္ခာပဒဒါန ဒဏ္ဍကမ္မဝတ္ထုကထာဝဏ္ဏနာ နိဋ္ဌိတာ'
191554	sikkhāpadanidāna	stray '['
191556	sikkhāpadantara	citation 'ဝိ၊ ဋ္ဌ ၁'
191558	sikkhāpadapaññattikāraṇa	debris '"“'; citation '(ကင်္ခါ၊ ၆၆)'
191560	sikkhāpadapaññattiyācana	stray '['
191562	sikkhāpadapaññattiyācanahetubhūta	run-on headword '၂၁ သိက္ခပဒပညတ္တိယာစနပေက္ခ'
191563	sikkhāpadapaññattiyācanapekkha	analysis '[ သိက္ခာပဒပ-ညတ္တိယာစန + အပေက္ခ'; repeated headword 'သိက္ခာပဒပညတ္တိယာစနပေက္ခ'
191569	sikkhāpadapaññāpanasāmatthiya	analysis '] သိက္ခာပဒ-ပညာပန + သာမတ္ထိယ ]'; trailing 'ထာမ' (a synonym, source tag?)
191571	sikkhāpadapaṭisaṁyutta	trailing '(၂) (က) (ခ) သိက္ခာပဒပဋိ-'; run-on headword '၂၂ သိက္ခာပဒပရိယောသာန'; quotation fragment 'သံယုတ္တာယာ'
191572	sikkhāpadapariyosāna	stray '['
191574	sikkhāpadapāripūri	stray '['
191577	sikkhāpadapeyyāla	location 'အင်္ဂုတ္တရနိကာယ၊ ပဉ္စက-နိပါတ၊ ၂-သိက္ခာပဒပေယျာလ'
191578	sikkhāpadabaddha	stray '[ ['; quotation 'သိက္ခာပဒဗဒ္ဓေနာ'
191579	sikkhāpadabandhakāla	stray '['
191581	sikkhāpadabhaya	stray '['
191583	sikkhāpadamariyādā	analysis '[သိက္ခာပဒ န မရိယာဒါ'; quotation 'ဇိနကာဠသုတ္တန္တိ … သိက္ခာပဒမရိယာဒံ'
191587	sikkhāpadavinicchaya	stray '[ ['; quotation 'သိက္ခာပဒဝိနိစ္ဆယတော'
191590	sikkhāpadavivaṇṇaka	stray '['
191596	sikkhāpadavītikkamana	stray ']'
191599	sikkhāpadavohāra	citation 'ဒီ၊ ဋီ ၁'
191603	sikkhāpadasamādāna	stray '['
191604	sikkhāpadasamuṭṭhāna	citation '(ကင်္ခါ။'
191607	sikkhāpadasīsa	stray '[ ['; citation '(ကင်္ခါ။ ၁၄၈)'; source references 'အဘိဓာန် (အဝင်) ၄၀ ပ- မ- သ- စ ၂၅'; run-on articles 'သိက္ခာပဒသုတ္တ … ဟေတု' (sikkhāpadasutta: the Sikkhāpada-sutta, AN; sikkhāpadātikkama: one who transgresses the sikkhāpada; sikkhāpadādāna: taking up the sikkhāpada; sikkhāpadānulomika: conforming to the sikkhāpada; sikkhāpadābhāvappasaṅga: the implication of the non-existence of the sikkhāpada; sikkhāpadāvirodha: not conflicting with the sikkhāpada (bhūtārocana); sikkhāpadāvilaṅghana: not overstepping the sikkhāpada) with their quotations
191609	sikkhāpanattha	debris '“’”'
191612	sikkhāpanahetu	run-on headword '၆ သိက္ခာပရိပူရဏ'
191615	sikkhāpāripūrī	quotation 'ပရိပုဏ္ဏသေခေါ ('
191616	sikkhāpita	analysis fragment '] + တ'
191617	sikkhāpiyamāna	stray '['
191618	sikkhāpeti	list of inflected forms 'သိက္ခာပေမိ-သိက္ခာပေမ- … သိက္ခာပေဿာမ-'
191620	sikkhāpetvā	quotation marker '(၁) "'
191621	sikkhāpetha	citation 'ခုဒ္ဒက၊ ၆ ၁၆၆'
191622	sikkhāpenta	quotation marker '(၁)' before «S1»; stray '(-'
191623	sikkhāpenti	stray '['
191624	sikkhāpema	quotation fragment 'စောရာ “'
191625	sikkhāpemi	quotation fragments '(၁) အနုသိက္ခာမီ။ (၂) ”တိ'
191626	sikkhāpeyya	stray '['
191629	sikkhāpesi	synonym quotation '(၂) အဝါစယိ'; duplicate article 'သိက္ခာပေသိ (ကာ၊ ကြို) [ + ဤ ] သင်ယူ-လေ့လာ-စေပြီ'
191630	sikkhāpesuṁ	run-on headword '၈ သိက္ခာပေဿတိ'
191632	sikkhāpessanti	label fragment '(ကာ၊ ကြို ]'; quotation fragment '” တိ'
191633	sikkhāpessāma	quotation fragment 'တေ “'
191634	sikkhāpessāmi	label fragment '(ကာ၊ ကြို] ]'; quotation fragment 'ယော “'
191635	sikkhāpehi	quotation fragment '(၂) ’”'
191637	sikkhābala	stray '['; reference '၁ဝ၁'
191642	sikkhāvacana	citations 'ဣတိဝုတ်၊ မူလဋီ'; run-on headword '၂၉ သိက္ခာဝါရ'
191643	sikkhāvāra	repeated headword 'သိက္ခာဝါရ'
191644	sikkhāvevacana	stray ']'
191645	sikkhāsadda	stray ']'; citation 'ကင်္ခါ၊'
191646	sikkhāsamaṅgī	stray '['
191648	sikkhāsamāpanna	citation '(ကင်ါ၊'
191649	sikkhāsampatti	stray '['
191650	sikkhāsammuti	stray '(-'
191651	sikkhāsammutidāna	citation 'ဝိ၊ ၆ ၃'
191654	sikkhāsājīvapadabhājanīyavaṇṇanā	run-on headword '၂၀ သိက္ခာသာဇီဝသမာပန္န'
191655	sikkhāsājīvasamāpanna	quotation 'ယော ပန ဘိက္ခု … ပဋိသေဝေယျ'; stray '(-'
191656	sikkhāsāra	quotation 'ယေ စ သိက္ခာ-သာရော'
191657	sikkhāsutta	location 'အင်္ဂုတ္တရနိကာယ၊ ၅-နိပါတ်၊ ၁-ပဏ္ဏာသက၊ ၁-ဝင်။ ၅-သုတ်'
191662	sikkhita	grammar references 'သိက္ခ . (ဏ) ၇၁၅-၆'; grammarian's note 'ဝုသိတ-ပုဒ်ကဲ့ သို့ ကတ္တား, ကံ ၂-နက်' (two senses, agent and object, as with vusita); Sanskrit and Prakrit notes
191664	sikkhitakerāṭika	quotation 'ကေတဝိနော'; citation 'မ၊ ဌ၊ ၃၁'; run-on headword 'သိက္ခိတဉာဏ'
191665	sikkhitañāṇa	quotation 'ဝေယျတ္တိယေနာ'
191668	sikkhitaparisā	citation 'ဝိသုဒ္ဓိ၊ ဋီ ၁'
191669	sikkhitabba	note 'သိက္ခတိ-မှ' (from sikkhati); stray '['; quotation '(၃) သိက္ခိတဗ္ဗာ'
191673	sikkhitabbaṭṭha	stray '(-'
191674	sikkhitabbadhamma	stray '['; run-on headword '၅၂ သိက္ခိတဗ္ဗဓမ္မပရိဒီပန'
191675	sikkhitabbadhammaparidīpana	reference '၂၀ ၂'
191680	sikkhitabbayuttakapariyatti	quotation fragment 'သုတာန'; reference '၇၅'
191684	sikkhitabbasikkhā	stray '['
191685	sikkhitabbasikkhāpada	stray '['
191689	sikkhitabbābhāva	debris '"'; citation 'ဝိ၊ ဋ္ဌ ၁'
191690	sikkhitabbābhāvasāmañña	stray numeral '၂'
191692	sikkhitavinaya	quotation '“ကတဝိဇ္ဇော”တိ'
191693	sikkhitasikkha	run-on headword '(သိက္ခိတသိမ္ပ (န)'
191694	sikkhitasippa	references '(-၁၈ ၂၂'
191695	sikkhitahattha	run-on text of sikkhituṁ: ') ကျင့် ဖြည့်ကျင့်ခြင်းငှါ။ (၂) သင်ယူ-လေ့လာ-ခြင်း ငှါ။' ('(1) in order to practise / practise to completion. (2) in order to learn / study')
191696	sikkhituṁ	quotation fragment '(၂) တတော သော “'
191697	sikkhitukāma	run-on headword '၄ သိက္ခိတွာ'
191698	sikkhitvā	quotation marker '(၁)'
191707	sikkhetha	OCR debris 'ဒုမ္ပင်ုယံ အဟု'
191709	sikkhema	garbled opening 'သိက္ခ အ မကင်း'
191710	sikkheyyaṁ	label debris '(ကြို ]'; run-on headword '၅ သိက္ခေယျ'
191711	sikkheyya	stray bracket
191712	sikkheyyātha	stray brackets
191713	sikkheyyāma	stray bracket
191715	sikkheyyuṁ	label debris '(ကြို ]'
191717	sikhaṇḍa	grammatical analysis and notes (သိခါ + အမ် + ၃, မ်-ကို ဏ်-ပြု, Sanskrit and Prakrit forms); repeated sense list with quotation fragments and sources (ဓာန်)
191718	sikhaṇḍaka	grammatical analysis and Sanskrit form; quotation 'ဓမ္မိလ္လော သံယတာ ကေသာ…'; run-on article sikhaṇḍī (တိ) with its analysis and senses (head; having a crest: bird, brahmin; the devaputta Sikhaṇḍī son of Mātali; the Buddha Sikhī)
191719	sikhaṇḍī	sense marker and inflected form '(ခ) သိခဏ္ဍိနော'; run-on headword '၆ သီခပ္ပတ္တ'
191721	sikhappatti	stray bracket
191722	sikhara	grammatical notes (သိခါ + ရ, ခါ-၌ ခ-ဟု ရဿပြု, Sanskrit and Prakrit forms); repeated sense list with quotation fragments, sources and page numbers
191724	sikharaṇī	grammatical notes (ရီ-မှ ဤ-ကို အ-ပြု, နီ-မှ န-ကို ဏ-ပြု), Sanskrit and Prakrit forms, source and page number
191725	sikharaṇīpada	quotation 'တာနိ ဟိ ပဿာဝမဂ္ဂမေဝ…'
191726	sikharathupikā	source tag (သျ)
191729	sikhari	variant readings with their sources (သိခရိ=သိခရီ, သီဒရီ, ပသီဒရီ, Prakrit form)
191730	sikharī	source (ဓာန်)
191731	sikhā	grammatical analysis and notes (သိ + ခ + အာ, ကာတန္တဓာတု, Sanskrit and Prakrit forms, cross-references to သိခီ, သိခဏ္ဍီ); repeated sense list with quotation fragments
191737	sikhāpattabalavavipassanā	fragment 'အနိစ္စသည'
191739	sikhāpattalakkhaṇadassana	source (ကင်္ခါ)
191741	sikhāpattavipassanāñāṇa	stray 'ဝိပဿနာဉာဏ]' and 'ုမ'; source (ဥစ); run-on headword '၉ သီခါပရိယန္တမတ္ထက'
191742	sikhāpariyantamatthaka	quotation 'ဥဏီသမတ္ထကေတိ…'
191745	sikhāppattakammavādī	quotation 'အဂ္ဂပ္ပတ္တကမ္မဝါဒိနောတိ…'
191746	sikhāppattakāla	source and page number (ပုည်။ ၁ဝ၃)
191750	sikhāppattaphalabhūta	stray bracket
191757	sikhāppattavipassanānuyoga	stray bracket
191758	sikhāppattavimuttisukha	quotation 'တတ္ထ ဟိ သိခါပ္ပတ္တဝိမုတ္တိသုခံ နိသီဒိ'
191762	sikhābaddha	fragment 'ဗဒ္ဓ ['; 'ဥ၉'
191764	sikhābheda	quotation fragment '(ဒေန္တော) (ဘိန္ဒန္တော) ဒေတိ'; page numbers; running header 'အဘိဓာန် (အ-ဝဂ်)…' and run-on 'သိခါမတ္တ သိခါဘေဒေါ'
191768	sikhāvagamana	stray quotation mark
191769	sikhāvantu	quotation '“သိခါဒီဟိ ဝါ”'; source (မောင်)
191771	sikhāsadisa	debris 'သိင််'
191772	sikhāsambhava	stray bracket
191773	sikhiddha	grammarian's notes on the form and on the reading of another edition (ဗု-ကြေ၍ ခီ-၌ ရဿ-ပြု; သီ-မူ၌ သိခဏ္ဍိ; သခဏ္ဍိမှိ)
191774	sikhināyaka	quotation fragment 'ပူဇယိံ သ'
191777	sikhī	grammatical analysis and notes (သိခါ + ဤ, ဥပမာ အနက်၌ ကန်-ပစ္စည်း, Sanskrit and Prakrit forms); first, incomplete sense list; quotations 'သိခီတိ သင်္ခဂတော…', 'သကလလောကဿ…'; source tag ထေရ; page number
191781	sikhīsadisa	stray '] ၂'
191782	sikhīsambuddha	reference '၁၅၇-လာ' before the Aruṇavatī sutta; running headers '၃ သိခီသမ္ဗုဒ္ဓ', '၄ သိခီသမ္ဗုဒ္ဓ'
191783	sikhīsutta	stray brackets; running header '၅ သိဂါလ'; citation (Saṁyuttanikāya, Nidānavaggasaṁyutta 1, 1, 5)
191784	sigāla	grammatical notes (သရကို သိဂ-ပြု, သိဇ + အာလ), Sanskrit and Prakrit forms, number
191785	sigālī	variant-readings note (သီ၊ သျာ၊ ဣ-မူ)
191786	siggava	grammarian's note (၇၅၇-သုတ်ဖြင့် မာဏဝ၊ ဘဂ္ဂဝ-ပုဒ်တို့ ကဲ့သို့ စီရင်); quotation 'အယဉှိ သာရိပုတ္တတ္ထေရော…'
191788	siggu	grammatical analysis and notes, quotation 'ဝိဒ္ဓနာသနတ္ထံ သေဝီတေ', Sanskrit and Prakrit forms, sources (ဓာန်, စိန္တာမဏိ, ဓာန်ဋီ); '(၂) စေ'
191792	siṅga	grammatical analysis (သီ ဟိံသေ + ဂန်, သိင်္ဂံ + ဏ), Sanskrit and Prakrit forms; quotation 'တတ္ထ ကတမံ ဣဒံ ဝုစ္စတိ သိင်္ဂံ'
191797	siṅgadhamaka	stray bracket
191804	siṅgāra	quotations and sources for each sense (ဥဝ; စာတုရိယေန; နာဂရိကဘာဝ…; မူလဋီ; သိင်္ဂါရဟဿကရုဏာ; သိင်္ဂါရရသော ဟဿရသော…; အလင်္ကာ)
191809	siṅgārarasa	stray bracket; debris 'ယပ၊ဇုပ၊ဇုပရုပ'
191810	siṅgāravāṇijagaṇānucarita	stray bracket; quotation fragment 'ဒေဝပုရံ'
191812	siṅgāla	grammarian's note (သိဂါလ=သိင်္ဂါလ။ နိဂ္ဂဟိတ်လာ); stray bracket; quotations 'သိင်္ဂါလကံယေဝါ', 'သိင်္ဂါလာဋာနာဋိယကံ'
191813	siṅgālaka	OCR duplicate of senses (1)–(4); quotation fragments 'သိင်္ဂါလကော', 'ဗိဠာရော ဒွေ သိင်္ဂါလကာ'
191817	siṅgālakamātu	running head '၄၉ သိင်္ဂါလကုလ'; quotation 'သဒ္ဓါလက္ခဏေ အဘိနိဝိဋ္ဌာနံ …'
191820	siṅgālajātaka	Jātaka numbers '(က) ၄၅၀-၁။ (ခ) ဇော။ ဌ၊ ၆) ၅၁၅-၆'
191822	siṅgālapitu	stray bracket
191827	siṅgālarāja	stray bracket; run-on headword 'ဝ သိင်္ဂါလရုတဝိဇ္ဇာ'
191828	siṅgālarutavijjā	citation (ဒီ၊ ဋ္ဌ ၁); quotation 'သိဝါသဒ္ဒမေဝ…'
191834	siṅgālasadda	citation (ဝိ၊ ဋ္ဌ ၃)
191835	siṅgālasutta	citations ((က) ၁၄၆-၅၇ ဒီ; (ခ) Saṁyuttanikāya, Nidānavaggasaṁyutta, 1, 6)
191839	siṅgāliputta	citation (ဌ၊ ၂၁); running header 'သိင်္ဂါလီ ၂'
191840	siṅgālī	inflected form 'သိင်္ဂါလိံ ဝ'
191842	siṅgiya	variant reading '(ပိဝိယ-သီ၊ မူ)'
191843	siṅgila	grammarian's note 'ဇဋီလ-ကဲ့သို့၊ ၇၈၇-တို့ဖြင့်စီရင်။ ['
191846	siṅgivera-siṅgīvera	label debris 'န) [။'; grammatical analysis, quotation 'သောယေဝ ကဋုကဘယေဟိ…', Sanskrit, Prakrit and Ardhamāgadhī forms; sources (ဓာန်, ကပ္ပဒ္ဒုမ, ပါစိတ်)
191848	siṅgī	source tag ထောမ; Sanskrit and Prakrit forms; source (ဣတိဝုတ်)
191849	siṅgī	grammatical analysis (သရ-ဟိံသာယံ …); Sanskrit/Prakrit cognates; the repeated senses (1)–(7) with their quotations and citations (ဒီ၊ ဋ္ဌ, ဓာန်, သံ)
191850	siṅgīnikkha	stray bracket
191853	siṅgīnikkhasavaṇṇa	source (ပါစိတ်); run-on articles siṅgīnikkhasavaṇṇābha (having a bodily colour like pure siṅgīnikkha gold), siṅgīloṇa (salt carried in a horn), siṅgīloṇakappa (the allowance of carrying salt in a horn and mixing it with yāvakālika food, with quotation 'ကပ္ပတိ သိင်္ဂီလောဏကပ္ပေါတိ…' and citation), siṅgīloṇavikappa (see siṅgīloṇakappa)
191858	siṅgu	stray bracket; debris 'သိင်ု။ "။'; run-on article siṅghati (ကြိ) with analysis, Sanskrit and Prakrit forms and senses (1) smells, (2) meets, (3) flows, and quotations
191860	siṅghapupphajātaka	running header '၄ သိင်္ဃမာန'
191862	siṅghayati	Sanskrit and Prakrit forms; fragment 'သိင်တိ-'
191863	siṅghāṭa	grammatical analysis ('+ အ', သိင်္ဃ ဃာယနေ, သိင်္ဂံ ဥတ္တံ…), Sanskrit form; quotations 'ဣဒ္ဓိပါဒဉ္စ…', 'ဂေါကဏ္ဍကော စ သိင်္ဃာဋော'; source
191864	siṅghāṭaka	grammatical notes, Sanskrit, Prakrit and Ardhamāgadhī forms with their Sanskrit glosses (တြိကောဏမဂ္ဂ …); source name 'ဝီလျံ'; quotations and page numbers; run-on article siṅghāṭakabaddha (တိ) (fastened in the shape of a four-way crossroads); running header '၅ သိင်ာဋကယန္တ'
191867	siṅghāṭakasaṇṭhāna	quotations with inflected forms (သိင်ာဋကသဏ္ဌာနာ ဟောတိ …); source (ပါစိတ်)
191869	siṅghāṭipattamākiṇṇa	quotation 'သိင်ာဋိပတ္တမာကိဏ္ဏာ၊ သိင်ာဋိယော'
191871	siṅghāṇikā	grammatical note 'နာသာဿဝေါ', Sanskrit and Prakrit forms with labels; stray '၂။'; quotation fragments 'သိင်ာဏိကာတိ', 'သိင်ာဏိက'; citation (ဝိသုဒ္ဓိ၊ ၁ဝ)
191872	siṅghāṇikāpariggaṇhaka	inflected form 'သိင်ာဏိကာပရိဂ္ဂဏှကေန'
191873	siṅghāṇikābhāga	sources (ဝိသုဒ္ဓိ။ သျ)
191874	siṅghāna	stray bracket
191875	siṅghānikā	quotations 'ဃာနေ သိင်ာနိကာဿဝေါ', 'သိင်ံ အာဃာနေ…'; sources
191878	siṅghissati	grammatical analysis 'သိင် + အ + ဿတိ'
191879	sijjati	label debris '(ကြို'; grammatical analysis, Sanskrit and Prakrit forms; edition tag (သီ၊ ဣ-မူ)
191880	sijjhataṁ	label debris '(ကြို'; grammatical analysis 'သိဓ + ယ + တံ၊ သိဇ္ဈတိ-မှ'; stray bracket
191881	sijjhati	list of inflected forms (သိဇ္ဈတိ- သိဇ္ဈန္တိ- … သိဇ္ဈေယျ-)
191883	sijjhate	label debris '(ကြို'; grammatical analysis 'သိဓ + ယ + တေ'; running header 'အဘိဓာန် (အ-ဝဂ်) ၄၂ ပ-မ-သ-စ ၇ သိဇ္ဈန'
191884	sijjhana	grammatical analysis, Sanskrit and Prakrit forms; stray bracket; quotations 'နိပ္ဖတ္တိအတ္ထေနာတိ…', 'သုဋု သိဇ္ဈနံ…'
191885	sijjhanaka	grammatical analysis 'သိဇ္ဈန န က'; stray brackets
191886	sijjhanaṭṭha	grammatical note 'တ္ထ-ကို ဌ-ပြု'
191890	sijjhanti	stray bracket
191891	sijjhantu	ending 'အန္တု'; source (မဏိမဉ္စူ ၂)
191892	sijjhamāna	source (နေတ္တိ); quotation 'ကာယဒရထဝူပသမေန သဒ္ဓိံ ဝုတ္တော'
191894	siñca	quotation 'သိဉ္စ န သပ္ပါဏကဥဒကသိဉ္စနံ'
191895	siñca	stray bracket; quotation fragment 'န္တိ အဘိသေစနကမ္မံ ဥဿာပေတိ'
191896	siñca	grammatical analysis 'သိစ + အ + ဟိ။ ဟိလောပေါ'; stray bracket; fragment '(၂ ပဝဿာ။ ပဝဿာ'
191897	siñcaka	reference 'အမ္ဗသိဉ္စကဝိမာန။ ၁ဝ၇'
191898	siñcati	inflected form 'သိဉ္စန္တီ'; quotation 'ဖုသသဒ္ဒေါ စေတ္ထ…'
191900	siñcatha	fragment 'တုမှေ -'
191901	siñcana	grammatical note, Sanskrit and Prakrit forms; stray bracket; repeated sense list
191904	siñcanakāla	stray bracket
191906	siñcanādikaraṇa	sources (ကင်္ခါ ဋီ၊ သစ်)
191908	siñcanta	grammatical note 'ထီ-၌ သိဉ္စန္တီ'
191910	siñcamāna	stray bracket
191911	siñcaya	quotation 'သိဉ္စယ မဟာရာဇဿ…'
191914	siñcāpeti	stray bracket; grammatical note 'သိဉ္စတိ-မှ'; list of inflected forms
191915	siñcāpetuṁ	grammatical analysis 'သိစ + ဏာပေ + တုံ'; quotation 'သိဉ္စိတုံ ဝါ သိဉ္စာပေတုံ န ဝဋ္ဋတိ'
191917	siñcāpenta	sources (ကင်္ခါ၊ ဋီ၊ သစ်)
191919	siñcāpeyya	stray bracket
191924	siñcāmi	ending '+ မိ'
191927	siñcita	quotation 'သိဉ္စိတေ အာပတ္တိ ပါစိတ္တိ-'
191929	siñcituṁ	grammatical debris 'သဉ္စ (၇) သိစ တုံ)'; quotation 'သိဉ္စိတု မာဂမီ'
191933	siñciyamāna	quotation 'ကပ္ပုဋ္ဌာနဂ္ဂိသဒိသေန…'
191934	siñcissatha	stray bracket; grammatical analysis 'သီစ + အ + ဿထ'
191936	siñcissāmi	stray bracket
191937	siñcīyati	inflected forms 'ကမ္မေ-သိဉ္စီယတိ၊ သိဉ္စီယန္တိ'
191940	siñceyya	label debris '(ကြို ]'
191941	siñceyyāma	running header '၂ သိဋ္ဌ'
191942	siṭṭha	source tag မောင်; Sanskrit/Prakrit/Ardhamāgadhī cognates (ဂိမု-သံ, သိ္ဌ-ပြာ)
191945	siṭṭhi	source (မောင်); quotation fragments 'သိဋ္ဌိပဒေ', 'တေနာဟ ယထာနုသိဋ္ဌိပဒေတိ'
191948	siṇāti	grammatical note 'သိ နိသာနေ'; forms 'သိဏောတိ၊ သိဏာတိ'
191950	sita	quotations for each sense ('ရဇ်', 'သရီရလဂ္ဂန္တိ', 'သိတာတိ ဥပရိနိဗဒ္ဓါ…'); run-on article sīta (တိ) with analysis (white), and sita (န) with analysis (smiling), quotation 'ဤသကံ ဟသိတံ'
191951	sita	Sanskrit form 'သ္မိတ-သံ'; stray bracket
191956	sitakāraṇa	stray '၂'
191963	sitapātubhāva	running header '၄ သီတပီတပဘာယုတ္တပဏ္ဍုရောမဇကမ္ဗလ'
191964	sitapītapabhāyuttapaṇḍuromajakambala	grammatical analysis 'ရောမဇ + ကမ္ဗလ'; note 'ပဏ္ဍု (ပ)'
191965	sitamatta	quotation 'သိတံ တံ ဝေါ…'
191966	sitalapitagītasadda	grammatical analysis 'သီတ + လဝိတ + ဂီတသဒ္ဒ'; stray '၂'; quotation 'အတ္တနာ ဝါ…'
191970	sitta	grammatical note, Sanskrit, Prakrit and Ardhamāgadhī forms; stray bracket; quotations 'နဂရဝီထိယော…', 'တိ ယထာ ဥဒကဿ…'
191974	sittha	analysis 'သာသ + တ'
191975	sitthaka	rest of the analysis bracket '[ သိတ္ထ န က'; quotation fragment 'တေလသဏ္ဌေဟီ' with a repeated sense number (၂)
191976	sitthakatela	rest of the analysis bracket '[ လ ['
191979	sitthāvakārakaṁ	garbled 'ကျွ အ'; quotation 'အဝကိရိတွာ'; source (ပါစိတ်)
191981	sitthodaka	stray brackets
191982	sithila	grammatical note 'အဒဠှံ', variants and Sanskrit, Prakrit forms, note '၇၃-၌ကား သထလ၊ သဋ္ဌီလ-ဟု ပြသည်'; running header '၆ သိထိလ'; repeated sense list with quotation fragments
191988	sithilakiriya	running header '၆၇ သိထိလဂဟိတ'
191991	sithilaggāha	reference 'သိထိလ (၂)'
191997	sithiladhanitādibyañjanaparipuṇṇa	fragment 'တာယ'; the headword repeated with its label; quotation 'ဗျဉ္ဇနသမ္ပတ္တိ နာမ…'
192002	sithilabaddhataṇḍulasaṇṭhāna	source (ခုဒ္ဒက); running header '၅၈ သီထိလဗန္ဓ'
192006	sithilabandhana	quotation 'ပရိပါကသိထိလဗန္ဓန'
192007	sithilabhāvakaraṇa	quotation 'အင်္ဂါနံ ဟောတု'; page number
192008	sithilabhūtapāsa	stray bracket
192009	sithilamūla	quotation fragment 'အလောစယိ'
192010	sithilayati	Sanskrit, Prakrit and Ardhamāgadhī forms; stray bracket
192012	sithilavaṭṭita	grammatical analysis 'သိထိလ ဝဋ်တ'; stray brackets; quotation 'ရဇ္ဇဝဋိ်အန္တရေ'
192014	sithilavācā	quotation 'သိထိလဝါစတာ တိ အလ္လိယဝစနတာ'
192016	sithilavīriya	stray brackets; repeated '(န) (၂)'; running header '၆၉ သိထိလဝုတ္တိ'; quotation 'သိထိလမာရဗ္ဘာ'
192017	sithilavutti	quotation 'ဗန္ဓနဘာဝမ္မီတိအာဒိမာဟ'
192019	sithilasadda	stray brackets; quotation 'သိထိလသဒ္ဒေန ဝါ…'
192020	sithilasamācāra	stray bracket
192021	sithilahanu	stray bracket; source (ဥ၃)
192023	sithilādibheda	fragment 'ဘေဒ ['; quotation 'သိထိလာဒိဘေဒေသု ဒမိဠှဘာသာ ဝိယ'
192024	sithilābandha	stray bracket
192025	sithilikata	grammarian's note (၁၃၃၈-ဖြင့် ဘူဓာတ်, ကရဓာတ်နှောင်းရာ၌ ဤ-လာ …)
192027	sithilīkatvā	grammarian's note (ကရဓာတ်နှောင်းရာ၌ ဤ-လာ)
192028	sidati	grammatical analysis, Sanskrit form; stray brackets; quotations 'သေဒေါ။ သိဒေါ တု…'
192029	siddha	grammatical notes, Sanskrit, Prakrit and Ardhamāgadhī forms, sources and page number, quotation 'သိဒ္ဓပက္ကေ'
192030	siddha	grammatical analysis, Sanskrit and Prakrit forms; first, garbled sense list; quotations ('သိဒ္ဓတ္ထောသ္မီ', 'ပုရေဇာတာနန္တိ', 'သိဒ္ဓါဒယော ဣမေ ဒေဝယောနိယော…') with sources
192033	siddhattha	stray '(၇)'; sources (ပါကတ၊ ဓာန်); repeated sense list with quotations
192034	siddhatthaka	quotation 'သိဒ္ဓတ္ထကန္တိ သာသပဝီဇံ'; debris and repeated gloss; source tag (သျ)
192036	siddhatthakumāra	running header '၂ သိဒ္ဓတ္ထဒသဗလ'
192037	siddhatthadasabala	running header 'အဘိဓာန် (အ-ဝဂ်) ၄၃ ပ-မ-သ-စ ) သိဒ္ဓတ္ထဒသဗလ'
192040	siddhatthika	running header '၄ သိဒ္ဓနာမ'; sources (ပါကတ၊ ဓာန်)
192042	siddhanīvaraṇabhāva	quotation 'အထ ခေါ သိဒ္ဓနီဝရဏဘာဝဿ…'
192044	siddhanta	sources and source tag ထောမ; Sanskrit, Prakrit and Ardhamāgadhī forms; quotations 'သိဒ္ဓန္တသင်ါတာ', 'မုချသိဒ္ဓန္တတန္တုသု'
192046	siddhabhāva	quotation 'ပုရေဇာတာနန္တိ'
192048	siddhavacana	stray '၂'
192050	siddhasādhana	running header '၅ သိဒ္ဓသာဓနဘာဝ (န) (၂)'
192052	siddhi	grammatical note 'သိဒ္ဓိ အဏိမမာဒိ အဋ္ဌဝိဓ', source tag ထောမ, Sanskrit, Prakrit and Ardhamāgadhī forms; stray bracket; start of the repeated sense list
192053	siddhikaraakusalacittuppādasadisa	stray '['
192056	siddhidassana	rest of siddhi's repeated sense list (3)–(5) with quotations ('သိဒ္ဓိပ္ပတ္တဿာ…', the 18 siddhis verse 'ပါကမ္မဉ္စ တထေသိတာ…' from Kappadduma); run-on articles siddhippatta (reached success; reached the end of the 5 abhiññā), siddhiparisuddhi (purity of success), with analyses and citations
192060	sināta	grammarian's note on the form (analysis, Moggallāna, Kappadduma, sarabhatti, Sanskrit / Prakrit forms); citation သံ ၁၀
192061	sināti	Sanskrit, Prakrit and Ardhamāgadhī forms; grammarian's note (ဒိဝါဒိဂိုဏ်း၌ သိနာယတိ-ပြီး၏)
192062	sināti	Sanskrit form 'သိနာတိ-သံ'
192063	sināna	Sanskrit, Prakrit and Ardhamāgadhī forms; running header '၇၇ သိနာနစုဏ္ဏ'; citation (ဝိသုဒ္ဓိ၊ ဋီ ၁); quotation fragments 'သိနာန'
192066	sinānattha	quotation 'သောတ္တိသိနာနန္တိ…'
192069	sinānīya	grammatical analysis, source tag ထောမ, Sanskrit form; stray brackets; quotations 'သိနာယန္တိ ဧတေနာတိ…', 'သိနာ သောစေယျ…'; sources
192070	sināyati	grammatical analysis 'သိနာ + ယ + တိ'; stray bracket; quotation 'သိနာသောစေယျ…'; sources
192071	sināyanti	stray bracket
192072	sināyi	forms 'နာယိ-သွာယိ-သိနာယိ'; running header '၈ သိနာယိတုံ'
192073	sināyituṁ	forms 'နှာယိတုံ သ္မာယိတုံ-သိနာယိတုံ'
192075	siniddha	grammatical analysis and notes, Sanskrit, Prakrit and Ardhamāgadhī forms; repeated sense list with quotations ('ဣဓ ပန မဟာရာဇ…', 'သိနိဒ္ဓါ မဋ္ဌာ ဒဿနီယာ…', 'ယထာ မဟာရာဇ သိနိဒ္ဓံ…'); sources
192076	siniddhagambhīranigghosa	stray brackets; running header '၇၉ သိနိဒ္ဓဂ္ဂဟဏ'
192078	siniddhacchavi	grammarian's note (တာလစ္ဆာယ၊ ကုသလစ္ဆန္ဒ-ကဲ့သို့ ဒွေဘော်ပြု)
192083	siniddhanīlamudukuñcitakesa	grammatical analysis; stray brackets
192089	siniddhaphalaka	quotation 'ဒန္တမယေ အတိဝိယ…'
192091	siniddhabhāsura	quotation fragment 'သမန္နာဂတာတိ အတ္ထော'
192095	siniddhamadhuranigghosa	quotation 'သိနိဒ္ဓမဓုရနိဂ္ဃေါသော…'
192096	siniddhamadhurabhojanakappiya	citation (ဝိသုဒ္ဓိ၊ ၁ဝ)
192100	siniddhamudumaddavamettacitta	stray bracket; running header '၁ သိနိဒ္ဓမုဒုမဓုရသဒ္ဒပ(ပ္ပ)ယောဂ' inside the gloss
192101	siniddhamudumadhurasaddapayoga	fragment of the headword and its analysis 'ယောဂ (တိ) [ သိနိဒ္ဓ +'
192102	siniddhamudumadhurasaddappayoga	quotation 'သိနိဒ္ဓမုဒုမဓုရသဒ္ဒပ္ပယောဂတာယ ကဏ္ဏသုခတော'
192105	siniddhaveṇupattavaṇṇa	stray bracket
192106	siniddhasandacchāyarukkhalatā	quotation fragment '----စိတ္တံ တောသေတိ'
192107	siniddhasabhāva	running header 'သိနိဒ္ဓသမသုမဇ္ဇိတသပ္ပဘာသဝိမလာဒါသ ၆၀' inside the gloss
192108	siniddhasamasumajjitasappabhāsavimalādāsa	stray bracket
192112	siniddhasugambhiramañjūsaghosa	fragment of the headword 'ရမဉူသယောသ (တိ) ['
192113	siniddhasugambhīramañjūsaghosa	quotation 'သိနိဒ္ဓသုဂမ္ဘိ (ဂမ္ဘီ)ရမဉ္ဇူသဃောသော'
192114	siniddhahadaya	quotation 'အယံ (အာနန္ဒော)'
192118	sinipura	stray bracket; quotation 'သဗ္ဗဇေဋ္ဌာယ စတ္တာရော…'; fragment 'နိပုရ-'
192119	siniyhati	grammatical analysis and note on the causative and bhū-class forms (see those words), Sanskrit and Prakrit forms; stray bracket
192120	siniyhana	grammatical analysis, note 'compare သိနေဟန', Sanskrit form; stray '၂'; citation (ဝိသုဒ္ဓိ၊ ဋီ ၂)
192122	sinisūra	stray quotation mark and bracket
192123	sineru	running header '၃ သိနေရု' and page number; sources and Sanskrit forms (ဓာန်၊ မေရု၊ သုမေရု-သံ…); running headers '၄ သိနေရု', '၈၅ သိနေရု', '၆ သိနေရု', '၂၇ သိနေရု', '၈ သိနေရု', 'အဘိဓာန် (အဝင်) ၄၄ ပ-မ-သ-စ ၉ သိနေရု'; citations (အံ၊ ၄; ဇိနာလင်္ကာရ၊ ဋီ။ ၆၂; သာရတ္ထ၊ ၁ဝ; ဝိသုဒ္ဓိ၊ ၁ဝ; ၂၅၃-၄-ကြည့်); a stray duplicated '၂-လှမ်း ၃-ဘဝါး' heading
192124	sineruuppāṭanakavāta	quotation 'န ဟိ သိနေရုဥပ္ပါဋနကဝါတော ဂဏေတိ'
192128	sinerugiri	quotation fragment 'သုဒဿနဿာ'
192129	sinerugirimudda	running header 'ဝ သိနေရုပစ္စာယာလက္ခဏ'
192131	sinerupabbata	stray bracket and '၂'
192132	sinerupabbatapāda	quotation 'အသုရေ ဒိဗ္ဗပါနံ…'
192134	sinerupabbatamuddha	run-on article sinerupabbatarāja (ပ) 'Mount Meru, king of mountains'
192136	sinerupabbatuttama	quotation 'သိနေရုပဗ္ဗတုတ္တမေ တိ…'
192137	sinerupamāṇa	stray bracket
192138	sineruparibhaṇḍa	quotation 'သိနေရုပရိဘဏ္ဍံ ပဿာမိ'
192139	sinerupassaviniggata	quotation 'စန္ဒိမသူရိယရသ္မိ…'
192141	sinerupādaka	stray '၂'
192142	sinerupādakamahāsamudda	running header 'သို သိနေရုပါဒမူလ'
192144	sinerupādasamīpa	quotation 'သိနေရုပါဒသမီပေ ဂမ္ဘီရော စ'
192145	sinerupādābhimukha	stray bracket
192149	sinerumatthaka	stray bracket; quotation 'သိနေရုမတ္ထကေ…'
192151	sinerusantika	grammatical analysis 'သိနေရု + သန္တိက'
192156	sinerumūlaka	running header '၂ သိနေရုမေခလာ'
192159	sineruvana	stray '၂'; fragment 'အောက်'
192160	sineruvanavaṭaṁsaka	grammatical analysis 'သိနေရုဝန ၃၂- ဝဋ္ဋသကု'; quotation 'သိနေရုဝနဝဋံသကာ တိ…'
192161	sineruvemajjha	stray bracket
192162	sineruvemajjhakāla	stray '၂'
192163	sineha	Prakrit and Ardhamāgadhī forms; first sense list (translated from it, the placeholders taken from the second); quotation 'တတ္ထ ကတမော သန္ထဝေါ သိနေဟော'; running header '၉၃ သိနေဟာ'; edition tag (သီ၊ သျာ၊ ကံ၊ ဣ-မူ); garbled see-target 'သိနသိနေဟ'
192164	sineha	stray bracket
192165	sinehaka	inflected forms 'သိနေဟကော၊ သိနေဟိတော'
192167	sinehagata	stray bracket; fragment '(၂) သိနေဟနသဘာဝ-'
192169	sinehaguṇayutta	grammatical analysis 'သီနေဟဂုဏ ယုတ္တု'
192170	sinehati	grammarian's note (in the dhātu works there is no bhū-class form, only the divādi form); Prakrit form and 'သွေဟတိ-ဝီလျံ'
192172	sinehadosa	quotations '(ဆေဇ္ဇ) သိနေဟဒေါသံ', 'သိနေဟဒေါသာနုပတိတ (တေဓာတုကဂတံ)'
192174	sinehanta	grammatical note, Sanskrit form; stray '၂'; repeated sense list with quotations ('သိနိယှတီတိ ဧတ္ထ…', 'သိနေဟကရဏဝသေနာ', 'ကာမသွေဟော') and citations
192176	sinehanaṭṭha	grammatical note 'တ္ထ-ကို ဌ-ပြု'; number; run-on fragment 'သိနေဟန (ရ)'
192177	sinehanīya	grammatical note and Sanskrit form
192179	sinehapāna	stray bracket
192185	sinehabinduvisaṭa	citation (ဝိသုဒ္ဓိ၊ ၁ဝ)
192186	sinehabhārika	fragment '----'
192187	sinehayoga	quotation 'မိတ္တ န္တိ သိနေဟယောဂေန…'
192188	sineharasavipphārasaṁsūcaka	grammatical analysis; stray brackets
192190	sinehalepa	stray bracket; citation (ဝိ၊ ၈ဝ)
192191	sinehavatthu	stray bracket; running header '၆ သိနေဟဝန္တု'
192201	sinehasokavirahita	sources (ဋီ၊ သျ; ဣတိဝုတ်), quotation fragment '(ဘဂဝတော)'; running header; run-on articles sinehābhāva (absence of love), sinehāsambhava (non-arising of love that is taṇhā; the editor notes it should be sinehasambhava), sinehita (analysis; (1) loved, smeared with the viscosity of mettā, (2) pleasing, smooth, (3) containing the fat of taṇhā and diṭṭhi, (4) smeared with oil / with the viscosity of taṇhā; quotations)
192204	sinehuppādana	quotation 'လောကုတ္တရနိဗ္ဗတ္တနံ…'
192207	sineheti	analysis note 'သိနိယှတိ-သုဒ္ဓရုပ်। သေ္နေ့ဟယတိ-သံ'; quotation 'သိနေဟေထ သရီရံ သိနေဟေတိ'; citation
192210	sinoti	analysis bracket (သိ + ဏု + တိ …, Sanskrit form); source 'ပါစိတ် (၂)'
192212	sindati	analysis bracket (roots, Sanskrit and Ardhamāgadhī forms); dhātu quotation 'သိဒိ သီတိယေ। သိန္ဒတိ। ၄ဝ၂'; cross-reference in the source list '(၂) သိန္ဒုရ-ထောင့်ကွင်းကြည့်' (see the square brackets of sindura)
192213	sindi-sandī	analysis bracket and grammarian's notes (ဓာန်, ပါကတ-ဓာန်); quotation 'သိန္ဒီ တိ ခုဒ္ဒကခဇ္ဇရီ'; citation
192214	sindu	analysis and grammarians' notes; quotation fragments 'ဣန္ဒာနီပျတြ …'; source references
192215	sinduvāra	source 'ဓာန်'
192216	sinduvāraka	quotation fragment 'သိန္ဒုဝါရကရုက္ခ' with numbers
192220	sindūra	analysis bracket (roots, Kaccāyana rule, Sanskrit and Ardhamāgadhī forms); quotations 'သိန္ဒူရံ နာဂသမ္ဘဝန္တု…', 'စီနပိဌဉ္စ သိန္ဒူရံ'; source tags ထောမ, ပါကတ, ဓာန်
192224	sindhava	opening grammarians' notes (ဓာန်, ပါစိတ်, ကပ္ပဒ္ဒုမ, Sanskrit and Ardhamāgadhī forms); the repeated second copy of senses (1)–(5) with quotations 'ရောဟဏာ သိန္ဓဝါ အာဂစ္ဆန္တိ မမံ ဃရံ', 'သိန္ဓဝါ တိ သိန္ဒဝဇာတိကာ'
192227	sindhavakula	quotation 'သိန္ဓဝကုလတော တိ သိန္ဒဝဿာဇာနီယကုလတော'
192229	sindhavajātika	analysis 'သိန္ဓဝဇာတိ + ဏိက'
192230	sindhavapiṭṭha	quotation 'သိန္ဓဝပိဋ္ဌေ အဋ္ဌမံ ဂါထမာဟ'
192234	sindhavasandhana	stray bracket ']'
192235	sindhavasahassa	quotation fragments 'ကသည် ဒတွာ', 'သိန္ဓဝသဟဿယုတ္တ' with numbers
192236	sindhavasahassayutta	citation 'ဇာ၊ ဋ္ဌ၊ ၆ ၁၂၉'
192241	sindhu	analysis bracket (roots, Sanskrit and Ardhamāgadhī forms, 'နဒီ। ဓာန်'); quotation 'သိန္ဓုသောဝီရဘူမိ'; source tags
192243	sindhuja	quotation 'သီတသိဝံ မာဏိမန္တ သိန္ဒုဇမ္ပိ'; source 'ဓာန်'
192248	sindhunāmaka	stray bracket '['
192249	sindhupāya	source 'ကစ္စည်း'
192250	sindhura	quotation 'သိန္ဓုရော ဣစ္စာဒီနိပိ ဟတ္ထိနော နာမာနိ'
192251	sindhuraka	stray bracket ']'
192252	sindhurakacuṇṇa	analysis bracket '[ သိန္ဒူရက (ဖြစ်သင်) + စုဏ္ဏ'
192254	sindhuvādī	analysis fragment '[ + ဏီ'
192260	sindhusaṅgama	source tags 'ဓာန်'
192261	sinna	analysis bracket (root, Moggallāna, Pañcikā, Sanskrit and Ardhamāgadhī forms); quotation fragment 'သေဒဂ္ဂဟိတ'န္တိ'; source 'ပါစိတ် (၂)'
192262	sinna	analysis bracket (root, note on ဝိသိဏ္ဏဖလ, Sanskrit and Ardhamāgadhī forms); quotations 'သိန္နပတ္တော တိ သုခုမပတ္တော', 'သိန္နပတ္တော'
192263	sinna	source 'ပါစိတ်'
192265	sinnavettagga	citation 'ဝိသုဒ္ဓိ၊ ဋီ ၁ဝ'; quotation 'သိန္နဝေတ္တဂ္ဂါဒီသူတိ သေဒိတဝေတ္တာနံ အဂ္ဂါဒီသု'
192268	sipāṭikā-sipāṭī	analysis bracket (roots, Kaccāyana rules, Sanskrit forms); the repeated second copy of senses (1)–(6); quotations 'ခုရသီပါဋိက', 'သီပါဋိကန္တိ ဧကပဋလဥပါဟနံ'
192269	sipāṭikāsūciādiupakaṇattha	fragment ') ၄ သိပါဋိဖလက'; ----
192271	sippa	analysis bracket (roots, Kappadruma, Sanskrit and Ardhamāgadhī forms); the quotation sections (ဂ) (ဃ) with 'သင်္ခါနသိပ္ပံ သိပ္ပါနံ အဂ္ဂံ', 'အတီတေ တိဏ္ဏံ ဝေဒါနံ …'; stray quotation marks; citation '၄၈-(၂)'
192273	sippakamma	source 'အဘိဓာန် (အ-ဝဂ်) ၄၅ ပ-မ-သ-စ ၅'; run-on headword 'သီပ္ပကမ္မဝါဏိဇာဒိသင်္ဂဟ'; quotation 'ပညာ। အဋ္ဌကထာယံ ပန သကဋဗျူဟာဒိကရဏဝသေန …'
192277	sippagantha	citation 'ဒီ၊ ဋီ ၃'
192278	sippaguṇa	run-on article 'သိပ္ပဂ္ဂဟဏ (န) [ [ အတတ် ပညာကို - သင်ယူခြင်း' (the learning of an art / knowledge)
192279	sippaggāhāpana	quotation 'ပစ္ဆာစရိယာ နာမ မာတာပိတူနံ …'
192280	sippajāta	quotation 'သိပ္ပဇာတန္တိ သိပ္ပပဘေဒေါ'
192282	sippajānanaka	quotation 'သကလဇမ္ဗူဒီပေ သိပ္ပဇာနနကာ …'
192283	sippaññatara	quotation 'အထဝါ ကသိယာ သီပ္ပညတရေန ဝါ ပဋိပဇ္ဇတိ'
192287	sippana	grammarian's Burmese note on the root (သီလ + ယု, samādhānattha and sikkhanattha, Kappadruma)
192290	sippapaṭiggahaṇa	quotation 'ပဉ္စဟိ ခေါ သုဿုသာယ …'
192292	sippaphala	stray bracket '['; citation '၄၈-'
192293	sippabandhava	stray 'သမ္ပ ('; quotation 'ဥဂ္ဂဟိတမန္တော'; citation 'မဟာနိ၊ ဋ္ဌ။ ၄၆-ထောက်'
192296	sippamattadāyaka	'--]'
192297	sippamada	fragment 'သိပ္ပ မ]'; citation '(ဣတိဝုတ်၊ ဌ။ ၃၂၅)'; run-on fragment '၂၇ သိပ္ပမန္တစရဏ'
192298	sippamantacaraṇa	quotation 'သော ဧကံ ပစ္စန္တဂါမံ တေ ဇာနန္တိ သီပ္ပမန္တစရဏံ'
192302	sippavantu	feminine form note 'ထီ-၌ သိပ္ပဝတီ' and Sanskrit form
192303	sippavāda	stray bracket '['
192304	sippasadda	citation 'ဝိမတိ၊ ဂာ'
192305	sippasālā	stray brackets '[ ['
192306	sippasikkhana	stray '"'
192307	sippasikkhāpana	stray '"'
192309	sippasutta	garbled 'ဖြစ် စ သိပ္ပသုတ္တဝဏ္ဏနာ'; quotations 'တတ္ထေကစ္စေ ဧဝမာဟံသု …', 'ပိဏ္ဍပါတိကသုတ္တံ …'
192310	sippasuttavaṇṇanā	----
192312	sippācariyakula	----
192314	sippādika	stray bracket '['
192317	sippādisampanna	quotation fragment 'အဝိဘဇ္ဇသေဝိနိ'
192320	sippānugatavijjānubhāva	stray bracket ']'; run-on fragment '၉ သိပ္ပါနုစ္ဆဝိက'; quotation fragment 'သိပ္ပါနုဘာဝေနာ'
192321	sippānucchavika	citation '၁၇၉-၁၈၀'
192323	sippānubhāva	quotation 'တေ ကိရ အတ္တနော သိပ္ပါနုဘာဝေန ဟေဋ္ဌာ ပဿန္တိ'
192324	sippānurūpa	fragment 'အည်'
192325	sippāyatana	quotation 'ကမ္မာယတနေန ဝါ သိပ္ပါယတနေန အတ္တာနံ ဒဟတိ'
192329	sippika	quotation fragment 'သီပ္ပိကာန'; page number ၅၀ and 'သိပ္ပိက'
192330	sippika	quotation fragment 'မဟာကလန္ဒကာ' with 'စာ'
192336	sippikā-yā	fragments 'ကာ- သိပ္ပိနိကာဂ', 'သိပ္ပိနိကာ'
192337	sippipuṭamukhasaṇṭhāna	stray bracket '['
192339	sippiya	bare 'ကြည့်' without its target; quotation fragment 'သိမ္ပိယေဟီ'
192341	sippī	Sanskrit and Ardhamāgadhī forms; run-on fragment '၁ သိပ္ပုဂ္ဂဏှနက'; trailing fragment 'အနဂ္ဂေါ'
192343	sippuggaṇhanaka	fragment 'အန္တေဝါသိကာ ('
192348	sippaggahaṇattha	----
192350	sippaggahaṇavaya	quotation fragment 'ဝယ် အာဂမာ'
192351	sippaggahaṇavayapatta	----
192352	sippaggahasammāpayoga	stray bracket '['; ----
192354	sippūpapanna	stray bracket '['; citation 'ဇာ၊ ဋ္ဌ၊ ၆ ၁၉၅'
192355	sibba	analysis bracket 'သိဝ + ယ। (တိ) သီဝျ-သံ। ချုပ်အပ်သော၊ ဝီလျှံ। ထီ-၌ သိဗ္ဗိနီ' (it contains an adjectival sense 'sewn' and a garbled word ဝီလျှံ)
192357	sibba	analysis bracket 'သိဝု နယ + ဟိ၊ ဟိ-ချေ'; '၈၆)'
192358	sibbati	analysis (verb forms, Sanskrit and Ardhamāgadhī forms)
192360	sibbana	analysis bracket (root, Sanskrit and Ardhamāgadhī forms)
192362	sibbanagaṇṭhikaraṇasadisa	stray number '၂'
192364	sibbanarajanakappapariyosāna	run-on fragment '၃ သိဗ္ဗနဝတ္ထု'
192367	sibbanasantosa	----
192370	sibbanī	Sanskrit form; quotation 'ကတမော နု ခေါ အာဝုသော ဧကော အန္တော …'; citation
192371	sibbanti	quotation fragment 'နိဿိတကာ'
192375	sibbāpeti	Sanskrit and Ardhamāgadhī forms
192376	sibbāpeyya	garbled 'သိကြ သ၇'
192378	sibbita	analysis (root, Sanskrit and Prakrit forms); run-on fragment '၄ သိဗ္ဗိတဂဏ္ဌိကတဇိဏ္ဏဝတ္ထ'
192381	sibbitajāla	source 'မဟာ-ဇဋ'
192382	sibbatapilotikadhārī	analysis 'သိဗ္ဗိတ + ပိလောတိကဓာရီ ]'
192387	sibbitamatta	quotation fragment 'သိဗ္ဗိတမတ္တေနာ'
192389	sibbitu	analysis bracket (root, satthādi group); quotation 'အသီတိ မေ အာဝုသော …'
192390	sibbitukāma	quotation 'ဒုပဋ္ဋံ ကတွာ သိဗ္ဗိတုကာမေဟိ …'
192392	sibbitvā	quotation 'အထ ခေါ အာယသ္မာ ဥဒါယီ …'
192393	sibbinitaṇhā	run-on fragment '၅ သိဗ္ဗိနိမဂ္ဂ' inside the definition
192394	sibbinimagga	stray bracket '['; ----
192395	sibbinisaṅkhāta	quotation 'သိဗ္ဗိနိမစ္စဂါ တိ သိဗ္ဗိနိသင်္ခါတံ'
192396	sibbinī	Sanskrit and Prakrit forms; source list '(၁) မဂ္ဂေ။ ဝိသုဒ္ဓိ၊ ၁ဝ။ (၃)'; ----
192397	sibbiṁsu	analysis '(ကြို သိဝု + ယ + ဥံ]'
192399	sibbissati	quotation fragment '"တိ'
192400	sibbissāmi	quotation fragment '"တိ'
192404	sibyā	analysis bracket (သိ + ဏျ, Moggallāna, Nirutti); trailing note '[ အလယ်၌ (သျ)'
192405	sibhati	Sanskrit forms; run-on article simbali '(ထီ) … ] လက်ပန်ပင်' (the silk-cotton tree) with Prakrit forms and the fragment '၆ သိမ္ဗလိတုလာဒိပုဏ္ဏသဘာဝ'
192409	simbalitūlalatātūlasamāna	quotation 'တူလသန္နိဘာ'
192411	simbalidaha	stray bracket '['; quotation 'သိမ္ဗလိဒဟဝနေ'
192414	simbalidevatā	quotation 'ယထာ ပန တသ္မိံ တသ္မိံ ရုက္ခေ …'
192417	simbalirukkha	stray bracket ']'
192419	simbalivanamajjha	quotation fragment 'သိမ္ဗလိဝနေနာ'; run-on fragment '၇ သိမ္ဗလိဝနာဘိမုခ'
192421	simbalivāsī	stray bracket '['; quotation 'တဒါ ဒက္ခိဏမဟာသမုဒ္ဒဿ …'
192423	siyaṁ	analysis '(ကြို အသ + ဧယျံ။ ဥ၉၄။ ['
192425	siyati	grammarian's note (divādi group, Kaccāyana rule 41, root vowel, Sanskrit forms, Khīrataraṅgiṇī); ----
192426	siyana	analysis 'သော(သာ) + ယ + ယု। သီယတိ-မှ'; quotation fragment 'မဟာခလ္လာ-ဋသီသ'န္တိ'
192427	siyati	analysis '(ကာ၊ ကြို သော ယ + ဏယ + တိ। သိယတိ ကာရိုက်। ]'
192428	siyā	analysis bracket (Kaccāyana rule, Sanskrit and Prakrit forms)
192429	siyā	stray bracket ']'; trailing '(၂) "'
192431	siyāpakkhasaṅgaha	analysis fragment 'သုံ ကြု အသ ယျေး'
192434	siyyati	Sanskrit form; stray bracket '['
192435	siyyasi	analysis '(ကြို ]'; run-on article 'သိယျု (ကြို) [ အသ + ဧယျုံ။ သိယုံ သိယာ-'
192436	sira	grammarians' note (derivation, Kappadruma, Sanskrit and Prakrit forms, manogaṇa inflections); source list '(၂) သိရသ္မိံ။ (၃) ဝါပိတသိရော။ (၄)'
192438	siravara	stray bracket '['
192439	siravhāyana	fragments 'ချေ။ ၉ သိရာ'; quotation 'ယေ တု အ-ကာရတော အကာရဿ လောပံ ကတွာ'
192440	sirā	analysis (derivation, Sanskrit and Prakrit forms)
192441	sirājāla	quotation 'ဓမနိသန္ထတဂတ္တော'
192442	sirājālasanthata	analysis fragment '[သီရာဇာလ န သန္နတါ'; fragment 'ကိသ'
192444	sirāvitatadehinī	fragment 'ဒေဟိနီ'
192446	sirāvedhanaparasukha	fragment '(ဖ) ရသု'; quotation fragment 'ကုဌာရိယံ ပ(ဖ)'
192447	sirāvedhanapharasukha	fragment '(ဖ) ရသု'; quotation fragment 'ကုဌာရိယံ ပ(ဖ)'
192449	sirāsantāna	quotation 'သီရာဇာလာ တိ သီရာ သန္တာနာ'
192456	sirigabbha	references '(-၂၃-၇၊ ၄၃-'
192457	sirigabbhadvāra	quotation 'အထဿ စိန္တေတွာ သိရိဂဗ္ဘဒွါရေ ဌိတာ'
192458	sirigabbhasayanatala	stray bracket '['
192460	siricorabrahmaṇa	stray bracket '['
192462	siridevatā	quotation 'မလ္လာ အတောဏာ ပဗ္ဗတာ …'
192464	siridhammappakāsana	stray bracket '['
192472	siripālayasassī	run-on fragments 'သိရိမနပ၃ သိရိမန္တ ၃]'
192476	sirimantu	grammarian's note (feminine forms, the suffix mantu also shows praise, Moggallāna, Sanskrit and Prakrit forms); run-on article sirimā: (1) the thera Sirimā, (2)–(13) queens, female lay followers of past Buddhas, the courtesan Sirimā, the devī Sirimā, the Sirimā palaces of the bodhisattas Vipassī and Maṅgala (printed twice), and a long Burmese story of the thera Sirimā and his younger brother Sirivaḍḍha, with the quotation 'ပရေ စ နံ ပသံသန္တိ'; run-on fragment '၃ သိရိမန္တု'
192478	sirimānagarasobhinisamāgama	stray bracket ']'; quotation 'သိရိမာနဂရသောဘိနိသမာဂမေ … ဓမ္မာဘိသမယော အဟောသိ'; run-on fragment '၄ သိရိမာဝတ္ထု'
192479	sirimāvatthu	quotation 'ဧဝံ သောတာပတ္တိဖလံ ပတ္တာ ပန သိရိမာ …'
192480	sirimāvimāna	stray bracket '['
192485	sirivaccha	quotation 'သော ဧဝံ ဒဋ္ဌဗ္ဗော …'; citation 'ဒီ၊ ဋ္ဌ ၂'
192487	sirivaḍḍha	stray bracket ']'
192488	sirivaḍḍhaka	run-on fragment '၅ သိရိဝဍ္ဎကဓနဝဍ္ဎကပ္ပကာရ ၂၀၃'
192489	sirivaḍḍhakadhanavaḍḍhakappakāra	quotation 'အညထာ သိရိဝဍ္ဎကဓနဝဍ္ဎကပ္ပကာရာနမေဝ …'
192490	sirivaḍḍhakanāma	run-on article 'သိရိဝဒကာဒိနာမ (န) သိရိဝဍ္ဎကအစရှိသောအမည်' (names beginning with sirivaḍḍhaka)
192492	sirivaḍḍhakādisadda	citation 'ဒီ၊ ဋီ၊ ၁ဝ'
192494	sirivaḍḍhana	Sanskrit form; stray bracket '['
192497	sirivaḍḍhanaseṭṭhi	stray bracket '['; citation '၆၄-'
192499	sirivaḍḍhanasomavaḍḍhanaïddhivaḍḍhananāmadheyya	quotation 'သော အနုတ္တမေန ဝုဒ္ဓိပ္ပတ္တော …'
192500	sirivaḍḍhājīvaka	quotation 'သော တေဟိ ပရိဝုတော …'
192501	sirivāhana	stray '(သျ)' and 'ဠ်'
192502	sirivibhavasamudaya	quotation 'သဗ္ဗဓနဓညဝတိ …'
192504	sirivilāsasamujjala	quotation 'ဌိတေ ဧကတော အမစ္စေ …'
192505	sirivivāda	stray bracket ']'
192506	sirivhāyana	quotations 'သေယျထိဒံ၊ အာဝါဟနံ …', 'သိရိဝှာယနန္တိ ဤကာရတော …'
192507	sirisaṅgha	quotation 'သိရိသယ်ဿ ဗောဓိနော'
192508	sirisaṅghāṭasannibha	analysis 'သိရိသင်္ဃာဋ + သန္နိဘ'
192509	sirisadda	stray bracket ']'; quotation 'ကဏှသိရိဝုယော'
192510	sirisamudaya	stray bracket '['
192511	sirisamudayasobha	quotation 'စက္ကဝတ္တိမဏီ နာမာတိ …'
192513	sirisampanna	run-on fragment '၇ သိရိသမ္ပန္နဝါဟန'
192514	sirisampannavāhana	stray '(သ)'
192515	sirisayana	stray bracket ']'
192517	sirisayanappavesanasadisa	quotation 'သဏှသုခုမ (ပ) အာရောပိတောပီ'
192518	sirisayanamajjha	stray bracket '['
192520	sirisobhagga	stray bracket '['
192522	sirī	analysis bracket (derivation, Sanskrit and Prakrit forms, note on the short vowel in compounds such as siriputta, sirimanta); the repeated second copy of senses (1)–(8) with quotations 'သီလံ သီရီ စာပိ သတဉ္စ ဓမ္မော …', 'မဟတုပဋ္ဌာနံ …'; citations
192523	sirī	the repeated second copy with quotations 'ဓတရဋ္ဌမဟာရာဇဿ ဓီတာ …', 'အနောမဒဿိဿ သိရီ ဥပသိရီ …', 'သုဇာတဿ သိရီ ဥပသိရီ …'
192528	sirīmantajātaka	quotation 'အဒ္ဓါဟိ ပညာဝ သတံ သိရီမန္တဇာတကံ စတုတ္ထံ'
192531	silaka	run-on fragment 'သိလကဗုဒ္ဓ-'
192534	silā	references 'အပ၊ ၁ဝ။ အပါ (၂) သိလာ'
192536	silākuṭṭika	suffix note '(ဣကျ)'; ----; run-on fragment ')ဝ သိလာကူဋ'
192539	silāguhā	citations 'ဝိ၊ ဋ္ဌ ၂။ (ကင်္ခါ၊ ဋီ၊ သစ်။ ၂၄၀)'
192541	silāghati-silāghate	analysis bracket (root, Sanskrit and Prakrit forms); dhātu quotation 'သိလာဃကတ္ထနေ …'; source 'ကစ္စည်း'
192542	silāghā	Sanskrit and Prakrit forms; stray bracket '['
192543	silācaya	references '၂၅၄-၆၊ ၂၆၀၊ ၂၈၂၊ ၂၉၇-'
192544	silācetiyaṭṭhāna	quotation 'သိလာစေတိယဋ္ဌာနန္တိ … သီလာယ ကတစေတိယဋ္ဌာနံ'
192545	silāchadana	stray bracket '['
192551	silānighaṁsa	stray bracket '['
192553	silāpaṭṭa	stray bracket ']'
192555	silāpaṭṭapokkharaṇitīra	---
192558	silāpabbata	stray bracket '['; fragment 'ပဗ္ဘာရ'
192562	cilāputtaka	quotation fragment 'ယထာ "'
192563	silābhū	source 'ဓာန်'
192564	silāmaya	quotation fragments 'သေလော။ သေလာ'
192565	silāyūpa	the Pāḷi synonym 'သိလာထမ္ဘ-' (a stone pillar) only
192568	silārāma	stray bracket '['
192569	silārūpaka	citation 'ဒီ၊'
192572	silāvayava	stray bracket '['; ----
192576	silāsanī	run-on fragment '၃ သိလာသန္ထရ'
192578	silāsalākatāl̤a	'(ဋ္ဋေ)'; quotation 'န စ ဝါဒနတာဠံ သိလာသလာကတာဠံ'; cross-reference '(ဓာန်၊ ဋီ။ ၁၄၂-နှင့် အနက်လည်းကြည့်)'
192579	silāsopāna	reference '၂၅၄-၆-'
192580	siliṭṭha	source list '(၁) သာဓု။ (၂) သိလိဋ္ဌ။ (၄) ပီတမဋ္ဌနိဝါသန'
192581	siliṭṭhaka	stray bracket '['
192582	siliṭṭhatara	quotation fragment 'အလ္လီနတရာနီ'
192585	siliṭṭhasuvaṇṇavaṇṇavattha	quotation 'ပီတမဋ္ဌနိဝါသန'
192586	silissati	Sanskrit and Prakrit forms; dhātu quotation 'သီလိသ အာလိင်္ဂနေ'
192587	silissana	quotation fragment 'သေလေယျကာနီ'
192588	siluccaya	Sanskrit and Prakrit forms; source 'ဓာန်'; fragment 'သီလုစ္စယ'
192589	siluccayaleṇa	fragment 'သိလုစ္စယလေဏ ၄၄)'
192591	silutta	analysis note; quotation 'နိဗ္ဗိသတာယ အမာရိတတ္တာ …'; fragment 'သိလုတ္တဿာ'
192592	silesa	the repeated second copy of senses (1)–(6) with quotations 'သိလေသောပီ', 'ဇပ္ပါဘိလေပန', 'သိလိသု ဥပဒါဟေ' and references; run-on fragment '၅ သီလေသဇာတ'
192593	silesajāta	quotation '----ကေနစိ ဒေဝ သိလေသဇာတေန ဗန္ဓိတွာ'
192594	silesati	grammarian's note (in the dhātu texts only in the divādi group; Prakrit form)
192595	silesana	dhātu quotations 'သိလိသ … ဒျာလိင်္ဂနသင်္ဂပတီသု', 'စု သိလေသနေ'
192596	silesapiṇḍa	stray bracket ']'
192598	silesalomayakkha	citation 'ဇာ၊ ဋ္ဌ၊ ၁ ၂၉၀'
192599	silesasadisa	fragment 'လေပ'
192602	silesuma	grammarians' notes (Sanskrit and Prakrit forms, inserted vowels); quotation 'သောမှော နိတ္ထီ သိလေသုမော'; source 'ဓာန်'
192604	siloka	analysis bracket (derivation, dhātu quotation, Kappadruma, Sanskrit and Prakrit forms); the repeated second copy; quotation 'သိလောကေဟိ ဒိန္နာဟိ ဂါထာဟိ ပမောစိတော'
192605	silokati	Sanskrit form; dhātu quotation 'သိလောက သင်္ဃာတေ। သီလောကတိ'
192612	siloṇati	Sanskrit form; dhātu quotation 'သိလောဏ သင်္ဃာတေ। သိလောဏတိ'
192613	siva	opening analysis (Kappadruma, Sanskrit and Prakrit forms); the repeated second copy with quotations 'သိဝါယာ တိ သိင်္ဂါလိယော …', 'သိဝေ တိ သဗ္ဗုပ္ပဒ္ဒဝါဘာဝတော …', the reference of the Siva sutta (Saṃyuttanikāya, Sagāthāvagga, Devaputtasaṃyutta, vagga 3, sutta 1) and 'သိဝဝိဇ္ဇာ (က) အနက်ကြည်' (see sivavijjā, sense (a))
192614	sivaka	analysis (Sanskrit and Prakrit forms); the repeated second copy with the quotation 'သိဝကဿ သီဝကောတိဿ နာမံ အဟောသိ'
192615	sivakagāmī	analysis 'သိဝက + ဂါမီ ဂမု + ဏီ। ထီ-၌ ဂါမိနီ'
192617	sivakattheraapadāna	reference '(A)padāna Pāḷi, vagga 56, apadāna …'; run-on article '[ သိဝကတ္ထေရအပဒါန + ဝဏ္ဏနာ ] သိဝကတ္ထေရအပဒါန်၏-အဖွင့်-သံဝဏ္ဏနာ-အဋ္ဌကထာဋီကာ' (the commentary on it)
192619	sivakattheragāthā	reference 'ခုဒ္ဒကနိကာယ ထေရဂါထာပါဠိ၊ ၂-နိပါတ်၊ ၄-ဝဂ်၊ ၂-ဂါထာ'
192620	sivakattheragāthāvaṇṇanā	stray brackets '[ ['
192623	sivaṭṭha	stray bracket '['; stray quotation marks
192624	sivathika	source 'ပါစိတ်'
192625	sivathikadassana	citation 'ဝိသုဒ္ဓိ၊ ၁ဝ'
192626	sivathikadassanattha	fragments '၁။ (-'
192627	sivathikadvāra	run-on fragment '၉ သိဝထိကပဗ္ဗ'
192628	sivathikapabba	stray bracket '['
192631	sivathikavaḍḍhana	quotation fragment 'ကဋသိဝဍ္ဎနာ'
192633	sivathikā	analysis quotation 'ဓီယျန္တေတြ သိဝထိကာ …' and Sanskrit form; source list with the sutta reference
192634	sivathikāvaṇṇa	stray brackets '[ ['
192635	sivathikāvaṇṇajjhāna	stray bracket '['; ----
192637	sivatthera	stray bracket '['
192638	sivaliṅgādipūjattha	Sanskrit form; stray bracket '['
192639	sivavijjā	stray bracket '['; fragment '(က) (ခ) သိဝဝိဇ္ဇာ'
192640	sivasadda	quotation 'သိဝသဒ္ဒေါ သန္တိအတ္ထောတိ အာဟ'
192641	sivā-sadda	stray bracket '['; quotation fragment 'သိင်္ဂါလရုတဝိဇ္ဇာ'
192642	sivi	Sanskrit form; the repeated second copy with quotations 'သိဝိရာဇဿာ', 'သိဝိကုမာရောတိ', '… ဟတ္ထေ ကရိဿန္တိ' and the reference 'ခုဒ္ဒကနိကာယ ဇာတကပါဠိ၊ ၁၅-နိပါတ်၊ ၄၉၉-ဇာတ်'
192643	sivikaññā	quotation 'သိဝိကညာ သဗ္ဗာပိ …'
192645	sivikā	analysis (derivation, Kappadruma, Sanskrit and Prakrit forms, run-on fragment '၁ သီဝိကာကာရ'); quotations 'သိဝိကန္တိ ပီဌကသိဝိကံ', 'သိဝိကာယာ'
192647	sivikāgabbha	quotation fragment 'သိဝိကာဂဗ္ဘော'
192648	sivikāyāna	quotation 'သိဝိကာယာနေန မဟာဘိနိက္ခမနံ …'
192649	sivikubbahanañāyya	--
192651	sivikumāra	quotation fragment 'သိဝိကုမာရော'
192652	sivijātaka	---
192654	sivimagga	quotation fragment 'သိဝိမဂ္ဂေနာ'
192656	siviraṭṭha	quotation 'အတီတေ ကိရ နိဗ္ဗတ္တိ'
192657	siviraṭṭhavāsī	quotation fragment 'သီဝယော' and citation '၂ (ဇာ၊ ဖို့)၊ ၂၅၅၊ ၂၇၂)'
192662	sivirājacakkhadānapañha	quotation 'သိဝိရာဇစက္ခုဒါနပဉှော'
192663	sivirājajātaka	stray bracket '['; quotation 'အမှာကမ္ပိ ဟိ ဗောဓိသတ္တဿ'
192664	sivivāhinī	stray bracket '['
192668	siveyyaka	source 'မောင်၊ ၂၅-သျ'; quotation 'ဣမိနာ သီဝထိကာယံ ဥပ္ပန္နံ …'; source 'ပါစိတ်'
192669	sisati	analysis bracket (root, Sanskrit and Prakrit forms); source list with dhātu quotations
192670	sisira	analysis bracket (derivation, Kappadruma, Sanskrit and Prakrit forms); the repeated second copy with quotations 'စတုရော စတုရော မာသာ …', 'သိသိရမဓုရဝါရိဝါဟေန …' and sources
192671	sisirakāla	quotation 'သိသိရေ တိ သိသိရကာလေ အဓိပ္ပေတော'
192672	sisirabhaya	quotation 'သီသိရဘယေနာတိ …'
192673	sisirasamphassa	quotation 'သိသိရေ ဥပ္ပန္နေ သိသိရသမ္ဖဿေ'
192674	sissa	analysis (derivation, Moggallāna, Pañcikā, Kappadruma, Sanskrit and Prakrit forms)
192676	sissagaṇa	the headword fragment 'ပရိဝုတ (တိ) သိဿဂဏ + ပရိဝုတ'
192677	sissatāpasa	----
192678	sissati	analysis (root, dhātu quotation, Sanskrit and Prakrit forms)
192680	sissabhāvūpagamana	quotation 'သိဿဘာဝူပဂမန နာမ …'; citation 'ဣတိဝုတ်'; encoding debris 'လထ၀။ ပယ၊ ီ၊ါ'
192682	sissasantika	stray bracket '['
192683	sissasampatti	quotation fragment 'ဣမိနာ'
192685	sissasikkhanayānuga	analysis fragment '[ သိဿသိက္ခနယ +'
192687	sissīyati	run-on fragment '၅ သိဟလ'; quotation 'ဧဝံ သိဿီယတိ၊ သိဿီယန္တိ'
192688	sihala	quotation 'ပိဍိ သင်္ဃာတေ၊ ဏု। သိဟလော …'
