id	iast	omitted
203079	sīkati	dhātu quotations 'သီကော ဂတျံ … ကတ္ထနေ'
203080	sīkayati	Sanskrit form; debris ']'
203081	sīkara	analysis 'သီက + အရ'; Pāḷi quotations and definitions; source tags ကပ္ပဒ္ဒုမ, ဓာန်; Sanskrit and Prakrit forms; debris
203082	sīkāra	Pāḷi quotations 'ပသံသာဂရဟာ …', 'သဿဿ အတ္တနီယဿ ကာရော သီကာရော'; citation Abhidhāna (a-vagga); abbreviations; '(၎င်း တောင်ပေါက်သျ)'
203083	sīketi	run-on article 'ခီယ (တိ) ['
203084	sīgha	analysis brackets; dhātu quotation; Sanskrit, Prakrit and Ardhamāgadhī forms; source tag ကပ္ပဒ္ဒုမ; debris 'စီယသယ'
203097	sīghadūta	citation 'သံ၊ ၃ ၁၀၃'
203099	sīghapaññā	run-on fragment '၍ သီဃပတနသန္တာပ' in (t); closing '(က) မှ (ဖ) ”' (from (a) to (v))
203100	sīghapatanasantāpa	debris '['
203109	sīghavāhana	quotation fragment 'ဇဝေ' and debris '၅ ([သီ'; run-on 'ဒီဃေ (တိ) [ ကြည့်'
203115	sīghassa	debris ']'
203116	sīta	analysis and grammarian's notes (Sanskrit, Prakrit, Ardhamāgadhī forms); the garbled duplicate listing; Pāḷi quotations; citations; source tag ကပ္ပဒ္ဒုမ; '(သျ)'
203117	sītaüṇhādiparissaya	'----'
203118	sītaütu	quotation 'သီတဥတုနာတိ … သီတ-ဥတုနာ'; citation Visuddhi-ṭīkā 2
203119	sītaütuggāhāpana	stray '၁'
203120	sitaütusamuṭṭhāna	analysis 'သီတဥတု + သမုဌာနါ'; debris 'သီတာ'
203121	sītaka	grammarian's note on the suffix ka; source tag ကပ္ပဒ္ဒုမ; Sanskrit form
203123	sītakalāpa	debris 'ွိန'
203126	sītakālaratti	the previous article's gloss 'အေး-သော-အချိန်-အခါ-ကာလ' and citation 'ဝိ၊ ၃ု'; headword repeated 'တကာလရတ္တိ (ထီ)'
203127	sītagahaṇika	run-on 'ပီတကံ (တိ)'; grammarian's note 'သီတင်္ဂ-ဖြစ် သင့်၏ … ယှဉ်ကြည့်' and Sanskrit form; quotation 'သီတိကတော တိ သီဝင်္ကော'
203129	sītacchāya	quotation fragment '… ရိတရုက္ခော ဝီယာ”တိ' and citation '၃၅၀'
203130	sītacchāyatarupeta	headword repeated
203135	sītaṭṭhāna	run-on headword 'သီတတာဘိမာန'
203136	sītatābhimāna	debris ']'; citation Visuddhi-ṭīkā 2
203140	sītanaraka	quotation fragment 'အပရေ "'; '----'
203141	sītanarakupapanna	analysis 'သီတနရက + ဥပပန္န'
203142	sītanarakūpapanna	analysis 'သီတနရက + ဥပပန္န'
203145	sītapakatika	quotation 'သီတာလုကာ သီတပကတိကာ'
203148	sītapaṭighātana	headword repeated (OCR 'သီတ ပဋိယာတန')
203150	sītaparil̤āhavūpasamana	analysis '[ သီတ. ပရိဠာဟ / သီတပီဠိတ + ဝူပသမန]'
203153	sītabbhahata	tag '(သျ)'
203154	sītabahulakāya	quotation fragment 'သီတာလု-ကဿာ'
203159	sītabhīru	Sanskrit form; quotation 'ဘူပဒီ, သီတဘီရု စ'; source tag ဓာန်
203161	sītarasa	debris '[' and 'သီတ'
203162	sītaraṁsi	quotation 'သီတရံသိ နိသာနာထော'; source tag ဓာန်; grammarian's note on gender (masculine when it names the moon, tiliṅga as the adjective 'having cool rays'); debris 'ဝီလျံ'
203164	sītalaüdaka	quotation 'သီတောဒကော တိ သီတလဥဒကော'
203165	sītalaghanacchāyanīlavanasaṇḍamaṇḍita	quotation 'ဟိမဝန္တေန … ပဗ္ဗတမဒ္ဒသံသု'
203166	sītalacchāya	debris ']'; '----'
203167	sītalajalatalagatakamalakaṇṇikā	unreadable 'နံီ'; '----'; quotation '…နိသိန္နံ ဝိယ ဘဂဝန္တံ ဒိသွာ စိန္တေသိ'
203168	sītalaṭṭha	debris '- ၂။ +။ ----'
203169	sītalapadesa	debris '] ၂ ၁'
203170	sītalapāyāsa	debris '] သ'
203171	sītalabhāvakaraṇa	debris '၂', '[ သီ', ') -... “'
203172	sītalabhāvadāyaka	headword repeated with label (ထီ); analysis and feminine form ဒါယိကာ
203173	sītalabhesajjañjana	quotation fragment “သီတလဘေသဏုန’န္တိ
203174	sītalamadhuravāripuṇṇa	debris ']', '--'
203175	sītalamadhurasalisa	quotation fragment 'မဟာသမုဒ္ဒါ ြ'
203176	sītalavimalasalilāsayavantu	unreadable 'နတ'; quotation 'သီတသူစိဝါရိဓရာ … အတ္ထော'
203178	sītalavelā	quotation '---ပါတော … ဒိသွာ'; '----'
203180	sītalasalila	quotation 'သီတဝါရီ သီတလသလိလာ'
203181	sītalasalilasaṁvaddha	quotation 'ယထာ မဟာရာဇ … သီတလသလိလသံဝဒ္ဓံ'
203182	sītalasilātalasamalaṅkata	stray 'ခ' and run-on headword 'သီတလသေနာသန'; quotation 'ဣဒံ ပန … သမလင်္ကတံ'
203183	sītalasenāsana	quotation '---သဝါတေ … ဟောတိ'
203184	sītalādiyāgupāna	headword fragment 'ယာဂုပါန'
203185	sītalāmatapaṇītamettābhāvanā	grammarian's note (neuter bhāvanaṁ in the Milindapañha); '--'
203186	sītalībhūta	grammarian's note on -ī- before bhū; source tag မောင်
203187	sītalūdakasammanna	debris '['
203188	sītalodaka	debris 'သီတာ'
203190	sītavaniya	quotation 'တေနေဝါယသ္မာ “သီတဝနိယော”'; stray 'ဦ' before the verse title
203191	sītavaniyattheragāthā	headword repeated; citation Khuddakanikāya, Theragāthā Pāḷi, 1st nipāta, 1st vagga, 6th verse
203192	sītavaniyattheragāthāvaṇṇanā	closing formula 'သီတဝနိယတ္ထေရဂါထာဝဏ္ဏနာ နိဠဌိတာ'
203194	sītavalāhaka	'---.'
203196	sītavalāhakadānupakārasuttadasaka	citation Saṁyuttanikāya, Khandhavaggasaṁyutta Pāḷi, 11th saṁyutta, suttas 3–12
203199	sītavātakīl̤ita	headword repeated 'သီတ-ဝါတကီဠိတာ'
203200	sītavātaduddinī	quotation 'သီတဝါတဒုဒ္ဒိနီ တိ … အဟောသိ'
203202	sītavātasamphassambhava	debris '] ]'
203204	sītavārisucindhara	quotation 'သုစိန္ဒရာ တိ “သီတဝါရိသုစိန္ဒရာ”'
203207	sītavīriya	citation '၁၉၁'; editorial note (the reading at 191 is corrupt as 'သီတဝိကိရိယာနိ'; see also uṇhavīriya at M 3 149; in the Bhesajjamañjūsā, verse 11 gives eight kinds of vīriya, verse 4 two kinds according to other teachers, verse 3 calls it power / potency and verse 18 guṇa), garbled
203208	sītasamaya	citations 'ဝိ၊ ဝိ၊ သင်္ဂဟ'
203210	sītasamphassa	quotation fragment “သမူုသိ-တကော”တိ
203212	sītasucivāridhara	debris '+ အ ၂]'
203214	sītā	debris 'သ' and run-on headword 'သီတာတုရ'
203215	sītātura	quotation 'တဉှိ ယာဂုဘတ္တာဒီနံ … ဟောတိ'
203218	sītādikhamana	debris '['
203226	sītādivirodhipaccayasannipāta	analysis 'သီတာဒိ-ဝိရောဓိပစ္စယ + သန္နိပါတ'; run-on 'ဤ သီတာဒိဝိရောဓိပစ္စယသမဝါယ္လ ၂၂၂၂၂'
203231	sītābhibhavana	'---'
203234	sītālu	citation 'ပါစိတ်'
203235	sītāluka	quotation fragment 'သီတာလုကဿာ'
203237	sītālukabrahmadatta	debris '-.'
203238	sītālol̤a	citation Abhidhāna (a-vagga) 2 and abbreviations
203239	sītālol̤ī	quotation 'သီတာလောဠိ။ “နင်္ဂလေနာ”တိအာဒိ' and citation ပါစိတ်; editorial note on the reading (the Sixth Council text at 374 has sītāloḷī; sītāloḷaṁ seems an old reading); analysis and feminine form
203242	sītāharaṇakathā	headword repeated
203243	sītikaraṇa	quotation 'ဂတ္တာနံ … ဥတ္တရိ'
203246	sītibhavati	quotation 'သီတိဘူတာ အဟေသုံ'; headword repeated
203248	sītābhāva	quotations keyed to the senses '(၁) (က) (ခ) သီတိဘာဝ။ သီတိဘာဝန္တိ ၅)။ သီတိဘာဝါဘိကခ်နီ'
203249	sītibhāvañāṇa	quotation 'သီတိဘာဝေါ ဧဝ ဉာဏံ သီတိဘာဝဉာဏံ'
203250	sītibhāvattha	Pāḷi gloss 'သမထတ္ထော'
203251	sītibhāvanimitta	citations and debris '---.။ သီ၊ ရိ သစ်၊ (-အံ၊'
203253	sītibhāvappatti	quotation “ကိလေသာဟီ”တိ အာဒိ
203255	sītibhāvasutta	citation Aṅguttaranikāya, 6th nipāta, 2nd paṇṇāsaka, 9th vagga, 1st sutta
203256	sītibhāvasuttavaṇṇanā	debris '['; headword repeated
203257	sītibhāvābhikaṅkha	feminine form 'သီတိဘာဝါဘိကခီနီ'; debris 'မ်' and run-on headword 'သီတိဘာဝ(ဝိ)က'
203260	sītibhūta	citation ပါစိတ်; quotation '(၂) သီတိဘူတော'
203261	sītibhūtacitta	debris '['
203264	sītisiyā	grammarian's note on the -i- before the root
203265	sītisiyāvimokkha	grammarian's note (a compound with a verb form, like aññāsikoṇḍañña)
203266	sītikata	grammarian's note on -ī- before kar and the suffix; Sanskrit forms; quotations '(၁) သီတီကတော။ (၂) သီတီကတော'
203267	sītibhavissanti	grammarian's note (for the form see sītalībhūta; from sītībhavati; Sanskrit form); debris '၅ သီတီဘူတ'
203268	sītibhūta	grammarian's note (for the -ī- see sītalībhūta); Sanskrit form
203270	sītuṇhakhuppipāsādipākaṭaparissaya	quotation 'အာပဒါ'
203272	sīt_haṇhapaṭighātattha	quotation 'သီတုဏှပဋိယာတတ္ထာယ … ကရောတိ'
203275	sīt_haṇhasamphassabheda	debris '['
203276	sīt_haṇhasahagata	quotation “ဣတိသီတဂဏိကော”တိအာဒိ; editorial note (at 24 the reading is sītuṇhasahatā)
203280	sītuṇhūpanibadda	quotation 'တထာ ဟိ … သိတုဏှူပနိဗဒ္ဓဉ္စ'
203281	sītudaka	citation ပါစိတ်
203282	sītūdaka	citation ပါစိတ်
203283	sītudakaghaṭasahassa	citation 'ဥ၂'
203284	sītudakataṇhā	stray 'ဦ'
203288	sītūdakapaṭikkhittaka	quotation 'သီတူဒကပဋိက္ခိတ္တော ဧသ'
203289	sītodaka	feminine form 'သီတောဒိကာ'; citation Visuddhi-aṭṭhakathā 2
203290	sītodakaghaṭa	'---.'
203291	sītodakapaṭikkhitta	quotation 'ဣဓဿ … ဥဏှောဒကပဋိသေဝီ'
203293	sīdati	analysis; Sanskrit, Prakrit and Ardhamāgadhī forms; quotations and citations (Jā., Paṭisaṁ., Itivuttaka); list of inflected forms (sīdanti, sīdare, sīdatha, sīdate, sīde, sīdeyya); stray 'အက်'
203297	sīdatha	stray 'ဦ'
203303	sīdana	debris '] ၁'
203305	sīdanasabhāva	quotation 'တသ္မာ သီဒနသဘာဝါနံ ကိလေ- ] သ'
203313	sīdarī	debris '] ၄? ၂'; quotation 'ဥပသီဒရီ … သီဒရီ'; edition tags '(သီ၊ သျာ၊ ကံ၊ ဣ-မူ)'; citation 'ဓ၊ စ၃'
203315	sīdā	analysis; Sanskrit, Prakrit and Ardhamāgadhī forms; stray 'သ'; quotation '(၂) သီဒန္တရေ'
203316	sīdānadī	quotation 'ဥတ္တရ- … မဟာရာဇာတိ'
203318	sīdāpana	quotation 'ဝဋ္ဋတော … သံယောဇနံ'
203320	sīdāpeti	quotation 'လာပူနိ သီဒန္တိ'; list of causative forms (sīdeti, sīdayati, sīdāpeti, sīdāpayati)
203321	sīdāmahāsamudda	run-on article 'ဒ (ကြို [။ ကွစိဓာတု-သုတ်ကြီး ဖြင့် ယျ-ကို -ပြု။ ] နစ်မြုပ်ရာ၏၊ ယဝ'
203322	sīde	quotations and citations (Itivuttaka 250, 268, 234); run-on '…နတိ (ကာ၊ ကြို ီဒါပေတိ-ကြည့်' and '…န္တိ ကာ၊ ကြို [ သီး ဏေန စ်မြုပ်စေကုန်၏'
203327	sīdhu	analysis and grammarian's notes; source tag ကပ္ပဒ္ဒုမ; Sanskrit and Prakrit forms; quotation 'သီဓု-ဥစ္ဆုရသေ'
203328	sīna	citation '၁၂၂'; edition tags '(သီ၊ မူ)'; quotation '(၂) သီနပတ္တော'
203329	sīna	grammarian's note (ta becomes na); Sanskrit form; edition tags '(သီ၊ ဣ၊ က-မူ)'
203330	sīpada	analysis and Pāḷi definition; source tag ကပ္ပဒ္ဒုမ; quotation 'ဝုခိရောဂေါ … ဘာရပါဒတာ'
203331	sīpadī	debris '၅' and the next headword 'သီမကတ'
203332	sīmakata	quotation 'ယဝတာ … မမာယိတံ'
203337	sīmaṭṭhakasaṁgha	quotation 'အပလောကနကမ္မံ … ကတ္တဗ္ဗကမ္မံ'
203339	sīmaṭṭhānumodana	quotation 'သီမဋ္ဌာနုမောဒနာနံ … ဟောတိ'
203340	sīmanta	feminine form 'သီမန္တိနီ'; '(၂) ---'
203341	sīmantadhara	form 'သီမန္တိနံန'; debris and the next headword 'ဉူ သီမန္တရ ၂၂၂၂၂'
203342	sīmantara	citation Dīgha-aṭṭhakathā 2
203344	sīmantarika	debris '--', '---- ဝိ၊'
203345	sīmantarikaṭṭha	citations 'က ဋိ၊ သစ်'
203346	sīmantarikaṭṭhapanavacana	debris 'ယ ပ'
203347	simantarikattha	debris '(-'
203348	sīmantarikapatha	quotation fragment 'ဒွေပထ န္တိ ွိန္နံ'
203349	sīmantarikapāsāṇa	debris '['
203350	sīmantarikappahonaka	debris '['; garbled see-reference 'သမန္ဒနိမဂ္ဂ(ပ)သီမနရိက မဂ္ဂ သီမိက-ပထ-ကြည့်'
203351	sīmantarikarukkha	quotation 'တေ ပန … သာဓာရဏံ'
203352	sīmantarikavāsī	quotation fragment 'သီမန္တရိကဝါသိနော'
203354	sīmappadesa	debris '] ['
203355	sīmappamāṇa	quotation '(၁) သီမပ္ပမာဏော'
203356	sīmamaṇḍala	unreadable 'သိပ်ှမ်း'
203357	sīmamaṇḍalasadisa	quotation 'ကုဋီဝတ္ထုံ … ကတွာ'
203359	sīmasaṅkara	debris ']'; citation 'သိ ၁၇၉'
203360	sīmasāmika	'---.'
203361	sīmasāmī	quotation fragment 'အညေသ'
203363	sīmasampatti	citation Majjhima-aṭṭhakathā; form 'သီမာသမ္ပန္န' and debris
203365	sīmāsodhana	run-on article 'မာ (ထိ)': analysis; (1) boundary, border, line; (2) the sīmā (ground or building delimited by kammavācā for monks' uposatha, ordination and so on): (a) baddhasīmā, khaṇḍasīmā, samānasaṁvāsasīmā, avippavāsasīmā, (b) mahāsīmā, (c) three kinds of abaddhasīmā, (d) fifteen kinds (connected with the robe); (3) enemy; quotations 'မရိယာဒကတံ', '(က) သီမာတိ ဧတ္ထ …'
203366	sīmā	quotation '(ဃ) သီမာတိ စက္ကဝါဠသီမာတိ ပန္နရသဝိဓာ'; debris '၉၀ဝ။ ၉၀ဝ', '၉ဝ'
203368	sīmāgata	'----'; citation ကင်္ခါ
203369	sīmātiga	debris ']'
203370	sīmātikkanta	quotation fragment 'တိက္ကန္တဿ'
203371	sīmātikkantika	quotation '-သီမာတိက္ကန္တိကာ သဟုဗ္ဘာရာတိ'
203372	sīmātikkama	stray '၁'
203373	sīmātikkamana	headword repeated with label (န); debris '[', '----'
203374	sīmātikkamanantika	debris ']', '---- ---'
203376	sīmānissaya	debris '-- "'
203378	sīmānujānana	headword repeated
203380	sīmānujānanakathāvaṇṇanā	stray 'န'
203382	sīmāparicchinna	quotation fragment 'သီမာပရိစ္ဆိန္နေဟီ'; citations ကင်္ခါ၊ ဋိ၊ သစ်
203383	sīmāpariccheda	debris '---. ဦ'
203384	sīmāparicchedadassana	debris '['
203385	sīmāparicchedappamāṇa	'--'
203387	sīmāpariyantagata	citations ကင်္ခါ ဋီ၊ သစ်
203388	sīmāpariyāpanna	'--'
203389	sīmāpekkha	citations Sāratthadīpanī 3 272, Vimati 2 158; garbled note 'က္ခ သီမာပေ န ) အနက်သည် ဤအ၍ဤ မဲ့'; run-on headword 'သီမဗဒ (တိ)'
203391	sīmābaddha	debris '-.-'
203392	sīmābandhana	'--'
203397	sīmābhūmi	debris '၁' and the next headword 'သီမာမဏ္ဍလ'
203399	sīmāmāl̤aka	citation '( ဝိ၊ သင်္ဂဟ။ ၁၉၀)'
203403	sīmāvohāra	debris '['
203407	sīmāsamūhanana	'---'
203409	sīmāsampatti	'--'
203411	sīmāsampadā	quotation 'သီမာသမ္ပဒါ, ပရိသာသမ္ပဒါ, ပုဗ္ဗကိစ္စ-၂ သီမာသမ္ဘဝ နိဋ္ဌာပနံ'
203412	sīmāsambhava	'----'; run-on article sīmāsambheda: '(၃) သီမာသင်္ကရ-ကြည့်။ (၂) အပိုင်းအခြား၏ ပျက်စီးခြင်း၊ အပိုင်းအခြားကိုပယ်ဖျက်ခြင်း' with quotation; run-on article sīmāsambhedasaṅkā (ထီ): 'သိမ်ချင်း-စပ်ယှက်-ရောနော-ရောယှက်-လိမ့်မည်ဟု ယုံမှားတွေးတောခြင်း'
203413	sīmāsambheda	run-on article 'သင်္ကာပရိဟာရ (ပု) [ … ] သိမ်ချင်းရောယှက်၏ဟု ယုံမှားတွေးတော-ခြင်းကို-ပယ်ဖယ်ရှားခြင်း' (removing the doubt that the sīmās intermingle)
203419	sīmāsammuti	citation '( ကင်္ခါ။ ၂၅၈၊ ၂၉၉)'
203422	sīmokkantikapeyyāla	headword repeated
203423	sīmokkantikapeyyālakathā	debris '['; citation Abhidhāna (a-vagga) 3 and abbreviations; run-on headword 'သီမောပစာရတ္ထ'; headword repeated
203426	sīyati	headword repeated 'စိယတိ (ကြို'; analysis and grammarian's note; dhātu quotation 'သေ ခယေ'; run-on article 'ဗီရ (ပ) [ … ] ထွန်တုံး၊ ထယ်တုံး' with Sanskrit and Prakrit forms and source tag ဓာန်; run-on '…ရု (ထ) [ … ဣန္ဒဝဇိရာဂါထာ … ] သိရီ (၁) အနက်ကြည့်'
203429	sīla	analysis; Pāḷi definitions and quotations (Itivuttaka, Maṇimañjūsā, Visuddhi); source tag ကပ္ပဒ္ဒုမ; Sanskrit, Prakrit and Ardhamāgadhī forms; the second copy of the senses with quotations and citations
203430	sīlakañcuka	the end of sīla's second copy ((ဆ)–(ဈ) with quotation 'ပရမံ ဥတ္တမံ … အနုဋ္ဌဟိတွာ', 'သီလဝါဿူ'); headword repeated 'ဒီလကဉ္စုက (ပ)'; run-on article 'ီလကထာာ (ထီ)': talk that sets out sīla at length (by way of cāritta- and vāritta-sīla and so on), with citations
203432	sīlakathā	quotation 'သီလကထ န္တိ … ကထံ'
203437	sīlakathābhavana	quotation marks debris '" “"တိ'
203438	sīlakusumapil̤andhana	editorial note (Udāna 256 reads --ပိဠန္တိတ)
203439	sīlakūṭa	quotation fragment 'သီလကူဋမှီ'
203440	sīlaketu	quotation 'ဧဝမေဝ ဝေါ … ဘဝိတဗ္ဗံ'
203441	sīlakoṭṭhāsa	quotation fragments 'ဂါ တိဏ္ဏံ ဝ', 'ဒွိန္နံ ဝ ူ တိ ဘီလကောဋ္ဌာသာနံ သံ'
203442	sīlakkhandha	quotations 'သီလက္ခန္ဓ', '(၂) သီလက္ခန္ဓော'
203443	sīlakkhandhakathābāhulla	quotation 'သီလက္ခန္ဓကထာ ဗာဟုလ္လတော ဟိ သော “'
203446	sīlakkhandhavaṇṇanā	headword repeated
203447	sīlakkhandhadiguṇa	debris '၅)' and the next headword 'သီလက္ခန္ဓာဒိဓမ္မကာယသမ္ပတ္တိ'
203448	sīlakkhandhadidhammakāyasampatti	quotation '---သီလက္ခန္ဓာဒိ … ဩရသပုတ္တော'
203449	sīlakkhandādipañcadhammakkhandha	quotation 'အယဉှိ အပ္ပမာဒေါ . ဗဟူပကာရော'
203453	sīlakkhandhādipārisuddhi	stray 'ဦ'
203454	sīlakhaṇḍana	debris '"'
203456	sīlakhaṇḍabhaya	'----'
203458	sīlakhandha	grammarian's note (Sanskrit has skandha; the doubled k in the Pāḷi compound)
203459	sīlakhandhāvāra	'---- “'
203460	sīlaganthabheda	citation 'ကင်'
203463	sīlagandhavāyana	'--..'
203465	sīlagandhasama	headword repeated; debris '['
203467	sīlagandhānulitta	stray '-ဤ'
203468	sīlagabbha	debris '"”'
203469	sīlagaru	stray '၂'; quotation 'ဣဓ ဘိက္ခဝေ … ဟောတိ'
203470	sīlagaruka	debris '] ', '--+-'
203471	sīlagāhaka	stray word 'သီလဂုဏ' inside the first gloss
203473	sīlaguṇapaṭisaṁyutta	'--'
203474	sīlaguṇapaṭisaṁyuttakathā	debris '-..', '----'; headword repeated
203479	sīlagutti	quotation '----ဧဝံ … ဗန္ဓော ဝိယ'
203480	sīlagga	quotation '(၁) သီလဂ္ဂ'
203484	sīlacaraṇa	'----'
203485	sīlacittabalopattaddha	'---- ----'
203487	sīlacetanāsampayutta	'--'
203490	sīlajāti	quotation fragment 'ဝစီဒုစ္စရိတဝိရတိအာဒိဘေဒေသို "'
203491	sīlajīvita	'----'; citation Majjhima-ṭīkā 3
203493	sīlajjhāsaya	quotation '----ပုရောဟိတော … အခဏ္ဍပဉ္စသီလော'
203494	sīlajhānadvaya	quotation 'သီလဈာန-ဒိယေန … သိဒ္ဓိ'
203495	sīlaṭṭha	citation Visuddhi 10
203496	sīlaṭṭhāna	debris '၁' and the next headword 'သီလဋ္ဌိတိဝဂ္ဂ'
203500	sīlati	dhātu quotation 'သီလသမာဓိမှိ' (twice); Sanskrit and Prakrit forms; citation Itivuttaka
203502	sīlateja	debris '[', '---။ ----'
203503	sīlattha	'----'
203504	sīlathomana	'---'
203505	sīlathomanasutta	citation 'သစ်'
203506	sīlathomanasuttāgata	debris ']', '---'
203509	sīladiṭṭhi	debris '-“ ----'
203510	sīladiṭṭhibyasanadvaya	debris '၂၂၂၂'; headword repeated with label (န)
203511	sīladiṭṭhisampadā	quotation '---- သီလဒိဋ္ဌိသမ္ပဒါဟိ … ပယုတ္တံ'
203513	sīladiṭṭhisāmañña	quotation fragment 'သမဂ္ဂေ (ထေရီ။ ----'
203515	sīladiṭṭhisāmaññagamana	'-.-'
203516	sīladiṭṭhujukatā	quotation '-သီလဒိဋ္ဌုဇုကတာယ … ဝိပဿနာ -..'
203517	sīladosavigama	citation (Itivuttaka-aṭṭhakathā 336)
203518	sīladhana	debris '(-'
203519	sīladhamma	'--.။ ----'
203520	sīlana	quotation 'ဥပဓာရဏံ ဝါ၊ ---- အာဓာရဏဘာဝေါတိ အတ္ထော'
203521	sīlanaṭṭha	'---'
203522	sīlanalakkhaṇa	quotation 'သီလနလက္ခဏေနာ တိ … သဘာဝေန'; citation Visuddhi-ṭīkā 1
203523	sīlaniddesa	citation Dīgha-ṭīkā 1
203529	sīlapaccavekkhaṇa	debris '[', '----'
203530	sīlapaññākathāvaṇṇanā	headword repeated
203531	sīlapaññāṇahetu	debris '['
203533	sīlapaṭipakkha	debris ']'; quotation 'သစေ ပနဿ … ဥပ္ပဇ္ဇေယျ'
203534	sīlapaṭipatti	quotation fragment '"ပါဏေသု စာ"'
203536	sīlapatiṭṭhāna	citation Dīgha-ṭīkā 1
203537	sīlapathavī	debris; citation Paṭisambhidā 9 1
203539	sīlapaṭadhāna	debris ']', 'ဦဤ ['
203541	sīlapabbatasannissita	debris 'နဟ'
203542	sīlaparikkhāra	debris ']'; citation Dīgha 9 2
203543	sīlapariggaṇhanapaññā	quotation fragment 'သပ္ပညေနာ'
203545	sīlaparicaya	debris '၅' and the next headword 'သီလပရိစ္ဆေဒ'; quotation 'သီလပရိစယေန … ပရိသုဒ္ဓါဇီဝါ -ူ'
203546	sīlapariccheda	citation Mahāniddesa-aṭṭhakathā
203547	sīlaparidhaṁsana	run-on gloss 'စတုပါရိသုဒ္ဓိသီလဖြင့် ဆေးကြောအပ်သော ပညာ'
203551	sīlaparibhāvita	quotation fragment 'မာဟာ-နိသံသော'
203552	sīlapariyāya	quotation fragment 'သီလဝသေနေဝါ'; '---- “'
203553	sīlaparisodhanavīriya	compound 'သီလပါရိ-သုဒ္ဓိပဓာနိယင်္ဂ'
203554	sīlaparisodhanūpāya	'--'
203555	sīlapākāra	quotation 'ဘဂဝတော ခေါ … သတိပဋာနဝီထိကံ'; '---'
203556	sīlapātimokkha	citations ကင်္ခါ ဋီ၊ သစ်
203559	sīlapāramitā	'----'
203560	sīlapāramitānubhāva	'-' after ၏
203561	sīlapāramiparipūraṇa	'---.'
203564	sīlapāramī	'----'; stray 'ူ'
203565	sīlapāripūrī	damaged bracket '[ ဟ'; '----'; quotation fragment 'သီလဒေါသဝိဂမေန သီလ-'; debris '[၁'
203566	sīlapārisuddhi	debris '] သ'
203567	sīlapārisuddhijjhānavipassanā	run-on article 'ီလပါရိသုဒ္ဓိပဓာနိယင်္ဂ (န)] ] သီလ-သန့်ရှင်းစင်ကြယ် စေ-ခြင်းငွာအားထုတ်အပ်သောဝီရိယ၏-အစိတ်အပိုင်းအင်္ဂါ'
203569	sīlapārisuddhiparipūraṇattha	debris ']'; stray headword 'သီလပါရိသုဒ္ဓိပဓာနိယင်္ဂ-' (of the run-on article in the preceding line)
203571	sīlapūraṇa	quotation 'အယဉှိ အပ္ပမာဒေါ နာမ ကုသလေသု ဓမ္မေသု ဗဟူပကာရော'
203575	sīlappadhāna	'--- ----'
203576	sīlappabhā	'----'
203577	sīlappabhāva	quotation fragment 'သီလတေဇေနာ'
203578	sīlappayojana	'----'
203579	sīlaphala	quotation fragment 'သီလဖလံ (ပ)'
203580	sīlabbata	source tag 'ဥာ'
203583	sīlabbataparāmāsa	cross-reference fragment 'သီလဗ္ဗတ ၇)'
203584	sīlabbataparāmāsakāyagantha	'(မည်၏ ၂]'; debris 'ဒ၃ု၃'
203585	sīlabbataparāmāsadiṭṭhi	debris '['; '----'
203588	sīlabbataparāmāsasaṁyojana	damaged analysis fragment '[ သသံယောဇဉ်'; '----'; citation 'ဒီ၊ ၉ ၂'; '-'
203589	sīlabbataparāmāsasaññojana	debris ']', 'ဏ'; '----'; '၁'
203590	sīlabbatappahāyī	'၁'; page header '( အဘိဓာန် (အဝင်) ၄ ပ-မ-သ-စ'; next headword 'သီလဗ္ဗတသမပ္ပိတ'
203592	sībbatasampanna	'--- ---'
203594	sīlabbatasahacarita	debris '] ]'
203597	sīlabbatasuddhi	'----'
203598	sīlabbatupādāna	'---'
203603	sīlabyasanahetu	analysis fragment '[သီလဗျသန ဟေတျ'; quotation 'သီလဗျသနဟေတု ဝါ ဘိက္ခဝေ ဥပပဇ္ဇန္တိ'
203604	sīlabhāga	debris 'စာ “'
203607	sīlabhūsana	quotation (1) 'စတုပါရိသုဒ္ဓိသီလာလင်္ကာရော'
203610	sīlabhedakathanaṭṭhāna	quotation fragment 'သီလဘေဒကထနဋာနေ ['
203611	sīlabhedakara	damaged bracket '] + အ'
203613	sīlabhedanattha	stray headword 'သီလဘေဒပ္ပကာသက' (next article)
203618	sīlamattaka	quotations 'သီလမတ္တကန္တိ ဧတ္ထ မတ္တ-သဒ္ဒေါ အပ္ပကတ္ထော ဝါ ဘေသဇ္ဇမတ္တာ', 'အထ ဝါ သီလမတ္တကန္တိ ဧတ္ထ မတ္တသဒ္ဒေါ ဝုတ္တော'; '---'; run-on article 'သီလမဝ (၇) သီလကိုအကြောင်း ပြု၍ မာန်ယစ်ခြင်း၊ သီလကို စွဲ၍ဖြစ်သော မာန်ယစ်ခြင်း'
203619	sīlamada	run-on text 'နူးညံ့သောသီလရှိသောသူ၏အဖြစ်။ သီလမဂ္ဂဝ (န) [ ပဉ္စသီလနှင့် နူးညုံသောစကားကို ဆိုတတ်သော အဆွေခင် ပွန်းရှိသောသူ၏အဖြစ်'
203623	sīlamayañāṇa	'[ ၂]'; next headword 'သီလမယဉာဏနိဒ္ဒေသ'
203625	sīlamayañāṇaniddesavaṇṇanā	debris ']'
203627	sīlamayapuññakiriya	run-on text 'သီလဖြင့် ပြီးသော ကောင်း မှုဟူသော-ပြု-အပ်-သင် ထိုက်သော အမှ သဟံ-တည်ရာ- မှီရာ'
203629	sīlamayasākha	quotation 'ရညော နိဝေသနဒွါရေ ပညာက္ခန္ဓော သီလမယသာဒခေါ -.. မဟာရုက္ခော ဌိတော'
203630	sīlamariyāda	fragment 'သညမဝေလ ၁၂၀)'
203632	sīlamukha	'----'
203635	sīlayati	grammarian's note 'သီလ ဥပဓာရဏေ၊ --. သီလေတိ သီလယတိ'
203636	sīlarakkha	quotation / grammarian's note 'သီလ-ရက္ခာယာ တိ သီလရက္ခ-ဏတ္တံ'
203638	sīlarakkhana	quotation 'သီလရက္ခာယာ တိ သီလရက္ခနတ္ထံ။ သံယမေနာ'
203643	sīlarakkhaṇa	'ဓိတိ (ထ) [ သီလရက္ခဏ(န) ဓိတိ ]'; fragment 'ဓိတိမာ -(န)'
203644	sīlaratana	'--'
203645	sīlaratanapil̤andha	quotation 'သီလရတနပိဠနွော ခေါ မဟာရာဇ ဘိက္ခု - ဝိရောစတိ အတိဝိရောစတိ'
203646	sīlarahita	debris '['
203647	sīlarāsi	'၄'; next headword 'သီလလက္ခဏပ္ပတ္တ' printed inside the line
203649	sīlava	grammarian's note 'မောဂ်၊ ဂီလဝတ်-သံ။ သီလဝ ပြာ။ သီလဝန္တ-အဒ္ဓမာဂဓီ'; quotations (2) 'သီလဝနာဂရာဇာ', (3) 'တတ္ထ သီလဝါ နာမ ပုတ္တံ လဘိတွာ'; citation 'ဇာ၊ ဌ၊ ၁ ၃၃၈'
203657	sīlavantī	form 'သီလဝတိ'; debris '၅'; next headword 'သီလဝတုူပပန္န'
203658	sīlavatūpapanna	citation 'ဣတိဝုတ်၊ ဠဌ။ ၂၅၃၊'; run-on article 'သီလဝတ္ထ (န) သီလအကျင့်၊ သီလကျင့်ဝတ်။ ဝတ'
203663	sīlavanāgarājā	quotation 'သီလဝနာဂရာဇာ'
203665	sīlavanāgarājajātakavaṇṇanā	debris '[။'
203669	sīlavantapuggala	'"'
203670	sīlavantaputhujjana	citation '(သုတ္တနိ၊ ြူ ၁၄၅'
203673	sīlavantu	feminine 'ထီ-၌ သီလဝတီ'; grammarian's note 'မောင်၊ ဂီလဝတ်-သံ။ သီလဝ-ပြာ။ သီလဝန္တ-အဒ္ဓမာဂဓီ'; first (duplicate) sense list; quotation 'သီလဝါဿူ'; citations 'ဥဒါန၊ ၇', 'ဣတိဝုတ်'; stray headword 'သီလဝမဟာရာဇ'
203674	sīlavamahārāja	page number '၂၈၂-'
203677	sīlavarāja	debris '['
203684	sīlavināsa	citation '(ကင်္ခါ၊ ကင်္ခါ၊ ဋီ၊ သစ်။ ၁၇၃)'
203685	sīlavināsaka	quotation 'ယော စ အတ္တနော သီလဝိနာသကော'; next headword '[ သီလဝိနာသန'
203687	sīlavipatti	quotation fragment 'အသံဝရသင်ါတာ'
203690	sīlavipattiniddesa	debris '['
203694	sīlavipattimūlaka	debris '['; '--'
203696	sīlavipattisampattinimitta	'----'
203698	sīlavipattihetu	debris '['; quotation 'သီလဝိပတ္တိဟေတု ၉ သီလဝိပန္န ဝါ ဘိက္ခဝေ ဥပပဇ္ဇန္တိ'
203700	sīlavipulapākāra	'-.'
203701	sīlavibhatti	debris ']'
203703	sīlavibbhantaka	citation 'ဝိသုဒ္ဓိ၊ ဋီ ၁'
203705	sīlavirahita	citation 'ဥဒါန၊ ဒုဿံ လော'
203709	sīlavisuddhi	'(က)။ ဝ'; quotations 'သီလဝိသုဒ္ဓိတာဒိပဋိပဝါမ္မ ၉၆။ သီလဝိသုဒ္ဓီ တါ။ (ဂ) သီလဝိသုဒ္ဓီ'; run-on article 'သီလဝိသုဒ္ဓိအာဒိပဋိပဒါဓမ္မ (ပ) သီလစင်ကြယ်ခြင်း စသော အကျင့်တရား'
203711	sīlavisuddhiādivisuddhaparamparā	citation 'ဝိသုဒ္ဓိ၊ ကြို'
203712	sīlavisuddhikicca	debris 'သုဝ) ဝိသုဒ္ဓိကိစ္စ၊'; '['
203715	sīlavisuddhihetu	debris ']'; '----'
203716	sīlavisodhana	citation '(ဣတိဝုတ်၊ ၃၅၉)'
203717	sīlavisodhanakathā	'(သျ)'; citation 'ဝိ၊ ၁'; next headword 'သီလဝိသောဓနာဝိပုဗ္ဗကိစ္စ'
203718	sīlavisodhanādipubbakicca	quotation 'ကမ္မဌာနံ ဘနုယုဉှိတု-ကာမဿ သီလဝိသောဓနာဒိပုဗ္ဗကိစ္စံ'
203726	sīlavīmaṁsakajātakavaṇṇanā	analysis bracket '[ သီလဝီမံ-သကဇာတက + ဝဏ္ဏနာ'
203730	sīlavīmaṁsanajātaka	quotation 'သီလပီပံသန-ဇာကကံ ပဉ္စပံ'
203732	sīlavīriyadvaya	'၃၃၊'
203733	sīlavutti	garbled 'သီလက်သု ခြင်း'
203735	sīlavekalla	'၂၆၅၊'
203736	sīlavematta	debris '['; '၂၉၃)'
203737	sīlavelanta	garbled 'သီလတည်းယူသော ၌ ြပြ [ x၏ဘဿုံ ပပ ပောပဿ'; quotation 'လီလပေလန္ဇံ တယိမံ န က၁ါသိ'; citation 'ဇ၊ ပ၈၆'
203738	sīlavelā	quotation 'သီလဟု ခြံ ဇဖပပေဝ သာသနေ သမ္မာပဋိပမနံ ကုလပုပ္ဖေနာ သီလပေလံ နာတိက္ကမတိ မံ'
203739	sīlavodāna	citation 'ဝိသုဒ္ဓိ၊ ဋီ၊ ၁'
203740	sīlasaṁyama	quotation fragment 'သီလသံယမေနာ'
203743	sīlasaṁvara	'=-'
203744	sīlasaṁvaraka	citation 'ကင်္ခါ၊'
203748	sīlasaṁvaranandhana	quotation 'သီလသံဝရနန္ဓနော တိ အခဏ္ဍ-ပဉ္စသီလစက္ခုန္ဒြိယာဒိသံဝရသင်ါတာယ'
203753	sīlasaṁvaravibhajana	debris '“ =-။ မါ'
203757	sīlasaṁvibhāgadānasaṁvibhāgābhirata	debris '['
203759	sīlasaṁsaggamaddana	repeated headword 'သီလသံသဂ္ဂမဒ္ဒန'
203760	sīlasaṅkhepa	quotation fragment 'သမ္ပန္နသီလာ'
203761	sīlasaññama	analysis bracket 'သီလ +. သညမသံ + ယမု အ'
203762	sīlasaññamābhāva	fragment 'ဘအသံယ-မော'
203767	sīlasamaṅgī	citation '(ဣတိဝုတ်၊ ဋ္ဌ။ ၃၃၆)'
203768	sīlasamaññā	page header '(အ-ဝဂ်) ၅ ပ-မ-သ-စ ဤ'; next headword 'သီလ သမန္နာဂတ'
203772	sīlasamādāpana	'-'
203773	sīlasamādhikammassakatādiṭṭhisampadā	'+'
203775	sīlasamādhinibbedhikapaññā	'၂'
203776	sīlasamādhipaññākkhandha	quotation 'ဧဝံ သမထဝိပဿနာဟိ သီလသမာဓိပညာက္ခန္ဓေ- သ ဟိ စ'
203779	sīlasamādhipaññādiguṇasampanna	debris ']'
203780	sīlasamādhipaññādivibhāga	fragment 'သီ-လာဒိဘေဒန'
203788	sīlasamādhipaññāvimuttivimuttiñāṇadassanakkhandha	debris '] ]'
203789	sīlasamādhipaññāvimuttivimuttiñāṇadassanaguṇa	debris ']'
203790	sīlasamādhipaññāvimuttivimuttiñāṇadassanaparibhāvita	'တ (တိ) [ [,'; '----'; '၁ဝ၆'
203791	sīlasamādhipaññāvimuttivimuttiñāṇadassanasampattisamudāgama	quotation 'ယထာဓမ္မဝိဟာရိနောတိအာဒိနာ …'; citation ထေရ ၁၀
203792	sīlasamādhipaññāvimuttivimuttiñāṇadassanasampanna	quotation '--သီလသမာဓိပညာဝိမုတ္တိဝိမုတ္တိဉာဏဒဿနသမ္ပန္နာ တရမာနာ သန္နိပတိံသု'; next headword 'သီလသမာဓိပညာဝိပုတ္တိဝိမုတ္တိဉာဏပ္ပဘုတိ ၆'
203793	sīlasamādhipaññāvimuttivimuttiñāṇappabhuti	quotation '“ “ဝိမုတ္တိဉာဏပ္ပဘူတီဟီ”'
203794	sīlasamādhipaññāvimuttisaṅkhātakāraṇa	quotation 'သီလ (ပ) သမတ္ထန္တိ သီလသမာဓိပညာဝိမုတ္တိသင်ါတကာရဏာနံ ဇာနနသမတ္ထံ'
203795	sīlasamādhipaññāvimuttisampanna	quotation 'သီလသမာ-ဓီပညာဝိမုတ္တိသမ္ပန္နာ'
203796	sīlasamādhipaññāsaṅgaha	quotation 'ယော စ ဘဂဝတာ နိရဝသေသဝဋ္ဋဒုက္ခနိဿရဏာယ သီလ သမာဓိပညာသင်္ဂဟော ဒေသိတော'
203797	sīlasamādhipaññāsampatti	debris '] ,'
203798	sīlasamādhipaññāsampadā	damaged analysis bracket '[ သီလသမာဓိ ူ သီလသမာဓိပညာသမ္ပန -ာာာာာ-၂၂၂ ]'; citation 'ဝိသုဒ္ဓိ၊ ရီ ၂'
203802	sīlasamādhisamāpattiguṇayutta	debris '['
203806	sīlasampatti	'၁ဝ၅'
203810	sīlasampattisambhava	fragment 'သီလသမ္ပတ္တိသဒ္ဒ'
203811	sīlasampattisiddhi	analysis bracket '(သီလသမ္ပတ္တိ - သဒ္ဓ]'
203812	sīlasampadā	quotation 'သီလသမ္ပဒါတိ -ဝုတ္တသောရစ္စမေဝ သီလဿ သမ္ပာဒနတော ပရိပူရဏတော'; debris '"။ (-'
203815	sīlasampadādivijānanahetu	fragment 'သီလသမ္ပ-ဒါဒိဝိဇာနနတ္ထ'
203819	sīlasampadāniddesapaṭipakkha	debris '] ]'
203821	sīlasampadāsiddhi	'သီလသမ္ပဒါ သိဒ္ဓိ ဟနု'; quotation 'တတ္ထ တဒင်္ဂပ္ပဟာနေန ဒဿိတာ ဟောတိ'
203822	sīlasampadāhetu	debris ') ာာာတတတကတ ၂'
203824	sīlasampannatara	repeated headword 'သီလသမ္ပန္နတရ'
203827	sīlasambhava	garbled '] သီလါဖြ သင့်ခြင်း'; citation '၁၉ ၂၅၅'
203828	sīlasāmañña	quotations '(က) သီလမေဝါ။ (ခ) သမာနဘာဝေါ သာမညံ၊ -- သီလေန သာမညံ သီလသာမည်'
203829	sīlasāmaññagata	quotation 'သီလသာမညဂတော ဝိဟရတီတိ -.. သမာနဘာဝူပဂတသီလော ဝိဟရတိ'; citation 'ပါစိတ်၊'
203834	sīlasārādisāraguṇayoga	debris ']'
203835	sīlasutādiguṇayutta	'---.'
203836	sīlasutādiguṇavisesayoga	fragment 'ဂရုဋာ-နိယော'
203838	sīlasutta	stray 'သီ'
203842	sīlahirimariyāda	debris '၁'
203843	sīlahirimariyādasampanna	debris 'ဦ'
203845	sīlākārappavatta	quotation fragment 'ဒါနာကာရပ္ပဝတ္တာ, ဩဠာရိကာ၊ သီလာကာ-'
203846	sīlāghate	continuation of the preceding quotation 'ာာာာာထာာာာာ-ာာာဿ ုပ္ပဝတ္တာ သုခုမာ'; citation 'ဝိသုဒ္ဓိ၊ ဋီ ၂'; analysis bracket 'ွာဃတေ (ကြို [ သီလာယ + အ တေ'; grammarian's note 'သီလာဃျတေ-ဖြစ်သင့်၏' (the form should be sīlāghyate)
203851	sīlācāranibbatti	fragment 'သီလာစာရ" နိဗ္ဗတ္တိ'
203854	sīlācāravipatti	quotation 'ဒုက္ကဋံ ပဉ္စ-ဘာဂေသု၊ သီလာစာရဝိပတ္တိ'
203855	sīlācārasaṁyutta	analysis 'သီလာစာရ + သံယုတ္တါ'
203856	sīlācārasamannāgama	quotation 'ပုဂ္ဂလေသု သီလာစာရသမန္နာဂမေန စ သာရတာ ဝေဒိတဗ္ဗာ'
203857	sīlācārasampatti	fragment 'မနဝဍ္ဎနကော'
203858	sīlācārasampanna	citations 'ဣတိဝုတ်၊ ထေရ လ', '၂၂၁'; next headword 'သီလာစာရသုဒ္ဓိ'
203862	sīlācārādisampanna	fragment 'အပါပဓမ္မ'
203863	sīlādiattha	quotation 'သုတ္တေန သင်္ဂဟိတော သီလာဒိအတ္ထော တဿပိ ဟောတိ၊ ---- အတ္ထသဒ္ဒေါ စာယံ ဟိတပရိ ယာယဝစနံ'
203864	sīlādiatthajānana	analysis bracket '[ သီလာဒိအတ္ထ ဦ ဇာနန'
203867	sīlādianupādāparinibbānanta	debris '၁'
203869	sīlādiuttamadhammakathā	quotation 'အဘိဓမ္မကထ (၉ န္တိ သီလာဒိဥတ္တမ-ဓမ္မကထံ'
203871	sīlādikāraṇa	analysis bracket '[ သီလာဒိ န ကာရဏ ဿာာာာာာဿဿဿဿ'; '---'
203873	sīlādikkhandha	fragment 'အသေခေ(က္ခေ)'; citation '( ကင်္ခါ၊ ဋီ။ ၂)'
203875	sīlādikkhandhattayasaṅgaha	citation '၁၉၀၊ ဣတိဝုတ်၊'
203876	sīlādikkhandhattayasaṅgahita	quotation 'သီလာဒိက္ခန္ဓတ္တယသင်္ဂဟိတါ သမ္မဒေဝ ဝိဟိတာ'
203877	sīlādikhandha	grammarian's note 'ရူပက္ခန္ဓ-စသည်၌ကဲ့သို့ ကွ-ဟု ဒွေအော်နှင့်ရှိလျင် ကောင်း၏။ သ္တန္ဒ-သက္ကတ။' (the spelling should double the kh, as in rūpakkhandha); debris ']'
203878	sīlādikhandhattayasaṅgaha	quotation 'သီလာဒိခန္ဒတ္တယသင်္ဂဟော သမ္မာဒိဋ္ဌိ အရိယမဂ္ဂေါ'
203879	sīlādigaruguṇayutta	fragment 'ဂရူန'
203880	sīlādiguṇa	citation 'ဣတိဝုတ်၊ (-'
203882	sīlādiguṇagandha	'၂'; next headword 'သီလာဒိဂုဏနိမိတ္တ'
203883	sīlādiguṇanimitta	'၉ဝ'
203885	sīlādiguṇapāramippatta	quotation 'နမော သမ္မာ-သမ္ဗုဒ္ဓါနံ ပရမတ္ထဒဿီနံ သီလာဒိဂုဏပါရ-မိပ္ပတ္တာနံ'
203886	sīlādiguṇabhāga	'----'
203888	sīlādiguṇamahatta	fragment 'မဟန္တ'; citation '(ဣတိဝုတ်။ ၂၄၆)'
203890	sīlādiguṇayoga	quotation fragment 'အပ္ပမတ္တံ မ'
203892	sīlādiguṇavisiṭṭha	quotation 'ပဝတ္တမာနော ခန္ဓ-သဒ္ဒေါ သီလာဒိဂုဏဝိသိဋ္ဌံ ရာသဋ္ဌံ ဒီပေတိ'
203895	sīlādiguṇavisesayoga	'---------'; citation 'ဥဒါန၊'; fragment '္ဘာဝနီယာ,'
203900	sīlādiguṇasamāyoga	fragment 'သီလာဒိဂုဏသမာ"'
203902	sīlādiguṇasambhava	debris '"'
203908	sīlādiguṇodita	analysis bracket '[သီလာဒိဂုဏ ဦ ဥဒိတံ'; quotation 'သက္ကစ္စသဒ္ဓမ္မရတေန ဗုဒ္ဓသီဟေန သီလာဒိဂုဏောဒိတေန'
203910	sīlāditaṁtaṁguṇayoga	fragment 'ဂုဏဝသေနာ'
203913	sīlādidhamma	citation 'ဝိမာန၊ ဠ်'
203915	sīlādidhammakkhandha	analysis bracket '[သီလာဒိ ဓမ္မက္ခန္ဓ'
203917	sīlādidhammakkhandhapāripūrī	analysis 'သီလာဒိဓမ္မက္ခန္ဓ + ပါရိပူရီ'
203918	sīlādidhammapaṭisaṁyutta	debris '['
203919	sīlādidhammasarīraposana	debris '['; stray headword 'သီလာဒိနိပ္ပတ္တ ၂၂၂၂၂'; fragment '(သံဝဍာပိတာ,'; citation 'ဣတိဝုတ်၊'
203921	sīlādinissita	'တိ “'
203923	sīlādipañcadhammakkhandhapāripūrī	quotation 'သီလာဒိပဉ္စဓမ္မက္ခန္ဓပါရိပူရိယာ (ဝါ) ပရိပုဏ္ဏံ'
203924	sīlādipañcadhammakkhandhayutta	grammarian's note '] သီလာဒိပဉ္စဓမ္မံ က္ခန္ဓ ယုတ္တံ၊ ဘာဝပဓာနံ၊ ဘာဝလောပ-ပုဒ်တည်း'; quotation '၂၂ သီလာဒိပဉ္စဓမ္မက္ခန္ဓယုတ္တတော။ ၂၇၅"'
203926	sīlādipaṭipattidīpaka	quotation 'သဒ္ဓမ္မဿဝန သီလာဒိပဋိပတ္တိဒီပကဿ သဒ္ဓမ္မဝစနဿ သဝနံ'; citation 'သ ၂၄၉'
203927	sīlādipaṭipattiyutta	'(-'
203928	sīlādipaṭipadā	fragment 'ဓမ္မဝိတက္က'; citation '(ဣတိဝုတ်၊ ၂၅၀)'; debris 'န္တိ -“'
203931	sīlādiparipūraṇa	fragment 'လာဒိပရိပူရဏ (န)'
203932	sīlādipārappatta	debris '" “'
203934	sīlādipāramī	'၁ဝ၉-'
203938	sīlādipūraṇa	'န'
203942	sīlādibhedana	fragment 'သီလာဒိဘေဒာန ( ဝိသုဒ္ဓါ၊'
203943	sīlādivācaka	debris '-ာာာာာ-၂၂။ ၆'
203944	sīlādivināsa	debris '['
203945	sīlādivirahita	debris '['
203946	sīlādivisiṭṭhatthayoga	'----'
203947	sīlādivisuddhipaṭipāṭi	quotation fragment 'ဘနုပုဗ္ဗေနာ'; citation '(ဣတိဝုတ်။ ၂၀၂)'
203952	sīlādisakalasāsanaparipuṇṇa	debris '['
203953	sīlādisaṅgaha	fragment 'သီလာဒိသင်္ဂဟ ( ဥ။ ပို့ ခေ သောသဒ္ဒါ'
203956	sīlādisampatti	quotation 'သမ္ပတ္တိယာ တိ သီလာဒီသမ္ပတ္တိယာ'; page header 'အဘိဓာန် (အ-ဝဂ်) ၆ ပ-မ-သ-စ'; next headword 'သီလာဒိသမ္ပဒါ'
203962	sīlādisāsanadhamma	quotation 'သီလာဒိသာသနဓမ္မေ ပဝတ္တာ, ဓမ္မေ'
203963	sīlādisikkhamāna	'၁ဝ၆'
203969	sīlādhipateyya	debris '['; '၄၅၃၄ ု'
203973	sīlānisaṁsajātaka	quotation 'သီလာနိသံသဇာတကံ ဒသမံ'; debris 'ဓု တီ'; next headword '[ သီလာနိသံ'
203974	sīlānisaṁsajātakavaṇṇanā	analysis fragment '( န ဇာတ် ] ဖွင့်၊'; citation 'ဇာ၊ ၂" န'
203975	sīlānisaṁsadassana	debris 'အဂါ ၉။ ဦ'; quotation fragment 'အာကင်္ခေယျ စေ'
203984	sīlānurakkhikā	'"'
203986	sīlānurūpa	debris '['
203987	sīlānubhāva	quotation 'သီလဝါ ဟိ သီလာနုဘာဝေသု သီလာနိသံသေသု သီလဝန္တာနံ ဒါနံ ဒေတိ'
203991	sīlālaṅkāra	citation 'ဒိ၊ ဌ၊ ၂ ၆၃'
203992	sīlālaṅkārapaṭimaṇḍita	quotation 'သော - သီလာလင်္ကာရပဋိမဏ္ဍိတော စိရဿေဝ အရဟတ္တံ ပါပုဏိ'
203993	sīlālaṅkārasadisa	citation 'အံ၊ ခုံ ၂၁၄'
203996	sīlika	quotation fragment 'နိဂ္ဂဠမဏ္ဍိတေ'
203997	sīlita	'"'; grammarian's notes and quotations 'မောင်၊ သီလသမာဓိမှိ စုရာ ဏိ, သိလိယိတ္ထာတိ သီလိတော။ ၎င်း၊ ပဉ္စိကာ'
203998	sīliya	grammarian's note 'ဂီလျ-သး'; quotation fragment 'သီလဝတ္တဿု သ ၂'; analysis '[ ဿီလဘာဝ'; citation '(ဇာ၊ ၉၂'
203999	sīlī	'မောင်၊'
204003	sīlūpaghātī	citations 'ဒါ၊ ကင်္ခါ၊ ဋိ၊ သစ်'
204004	sīlūpadesa	debris ']'
204005	sīlūpanassaya	quotation fragment 'သီလူပနိဿယေနာ'; '၅'; next headword 'သီလူပပန္န'
204008	sīleti	grammarian's notes '(ကြို။ ဂီလယတိ (တေ)-သံ။ သီလက္က-ပြာ။ ]'; quotations 'ကိမိဒံ သီလနံ နာမ သမာဓာနံ၊ --- တသ္မာ သီလေတိ, သီလတီတိ ဝါ သီလံ', 'သီလ ဥပဓာရဏေ -သီလေတိ၊ သီလယတိ'; citation 'ဣတိဝုတ်၊'
204010	sīvaka	grammarian's note 'သီဝက-သက္ကတပိဋက'; first (duplicate) list; edition sigla '(သီ၊ ဣ၊ မူ)', '(သီ၊ မူ)'; '၃၉၁'
204011	sīvakasāmaṇeragāthā	debris '['
204013	sīvakasuttavaṇṇanā	debris '[', 'ဤ'; '၃၆၁'
204015	sīvathikā	debris '[ သိဝထိကာသီဝထိကာ'; quotation fragment 'သီဝထိကာယာ'; '၁၈၂၊'
204016	sīvala	second (duplicate, truncated) list
204017	sīvali	grammarian's notes 'သီဝ လာ + ဣါ။ ဘဒါလိ မဟာလိ-တို့ကဲ့သို့။ ၁၃၁၅-ဖြင့် စီရင်။ သိ-ကို သီ-ပြု။ သီ-မူ၌ သီဝလီ-ဟုရှိသည်။ ဂီဝါလိ-သက္ကတဝိဋက၊ ]'
204020	sīvalitthera	quotation 'ကုဏ္ဍဓာနဝနေ ဝိဟရန္တော သီဝလိတ္ထေရံ အာရဗ္ဘ ကထေသိ'
204022	sīvalittheragāthā	location reference (Khuddakanikāya, Theragāthāpāḷi, nipāta 1, vagga 6, gāthā 10)
204025	sīvalithera	stray scan characters ('သူ', 'ူ သသ၂၂', 'သ' before ဆဒ္ဒန်); quotation fragment 'နိဂြောဓံ ပဌမံ အဂ္ဂဌာနေ ၌ူ သီတိ'; citation '၁၉၄'
204026	sīvalidāraka	citation 'ထေရ ၁'
204027	sīvalidevippamukha	damaged analysis '[ သီဝလိဒေဝီ " မနာ'
204029	sīvalivatthu	stray quotation marks
204030	sīvalī	note on readings (Burmese edition သီဝလိ with short vowel; Sinhalese, European editions and Sanskrit with long vowel; variant သီဝလာ); citation '၁၈'
204031	sīvika	grammarian's notes (သိ lengthened to သီ; Pāṇini 5.3.78 on the -ika suffix; derivation from သီဝိယ in nirutti; feminine သိဝိကာ; original form သိဝိက lengthened for the metre); quotation 'သိဝေန ဝိဿနုဒေဝရာဇေန ဒတ္တော သီဝလော, သီဝိယော'; fragments '(၇) (၁) သခါ ံ'; citations ဇာ ၁၀ (twice)
204033	sīvikā	grammarian's note (original form သိဝိကာ, lengthened for the metre); Sanskrit and Prakrit forms 'ဂီဗဝိကာ၊ ဝိဝိ၊ ဂိဝိကာ-သံ၊ သိဝိယာ-ပြာ'; stray ']'
204034	sīviya	quotations 'သိဝေန ဝိဿနုဒေဝရာဇေန ဒတ္တော သီဝလော သီဝိယော', 'သိဝါ သီဝလော, သီဝိယော, သိဿ ဒီယော'; Sanskrit form 'ဂီဝိယ-သံ'; citation 'မောင်'
204035	sīveyyaka	analysis fragment 'ဏေယျက'
204037	sīsaṁnahāta	quotation 'သေယျထာပိ ဘန္တေ အာနန္ဒ ဣတ္ထီ ဝါ ပုရိသော သီသံနဟာတော'
204038	sīsaṁnulokita	analysis '[သီသံ န အနုလောကိကါ'; run-on articles sīsa 'lead' (Sanskrit and Prakrit forms, synonyms ခဲ, ခဲပုတ်, ခဲမပုတ်, ခဲနက်, သလွဲမည်း; citation Visuddhi-ṭī 2) and sīsa 'head' (senses 1–8 listed twice, with quotations and citations); debris
204039	sīsa	citation fragment 'ပဋိသံ'; debris 'သင်ါရ'
204040	sīsa	quotation fragments 'ဣ-မဂ္ဂေန မဂ္ဂပဋိပဒါနံ', 'သာရတ္တံ သီ'; page number '၂၄၃'; debris 'င်း'
204041	sīsaka	stray '(၇)'; repeated sense list '(ပ) (၂) (၃)' with quotation fragment 'သေဝါလသီသကာ'
204048	sīsakaṭāhaveṭhanacamma	quotation 'ကေသာ ဥဘောသု သီသကဋာဟဝေဌနစမ္မေ ဝီဟဂ္ဂမတ္တံ ပဝိသိတွာ'
204049	sīsakapaṭṭaveṭhaka	citation 'မူလဋ်'
204050	sīsakapāla	quotation 'သီသကပါလံ ဥပ္ပါဋေတွာ တတ္တံ အယောဂုဠံ ..- ပက္ခိပန္တိ'
204051	sīsakapālaṭṭhi	stray '] ]'
204053	sīsakampana	citation (Kaṅkhā-ṭī 234)
204054	sīsakampanadassana	citation (Kaṅkhā-ṭī)
204056	sīsakaroṭi	debris '[ သ', 'သ၂၂၂'; citation fragments 'သု၊ ဒ,န၊ ၌', '၃၈၅'
204057	sīsakilesa	OCR debris 'သီသကိလေသေတ်'
204058	sīsagga	citations '(၁)', '၃၆'; quotation fragment '(၂ ခုရဂ္ဂေယေဝါ'
204059	sīsaghaṭṭa	citation (Kaṅkhā-ṭī 370); debris '(။ ၄'
204060	sīsaṅga	debris 'သီ ဓ ခေါင်'
204061	sīsacamma	stray '("'; citation (Visuddhi 9, 339)
204062	sīsacūl̤a	quotation 'သီသစူဠတာယ သီသက-တုဓော နာမ'
204064	sīsacchindana	quotation 'အသိနာ သီသစ္ဆိန္ဒနံ ဝိယ … ဇီဝိတပရိယာဒါနံ ဝေဒိတဗ္ဗံ'
204065	sīsacchinna	citation (Itivuttaka-aṭṭhakathā 290)
204068	sīsacchinnapurisa	stray ']'
204071	sīsacchedaka	quotation 'အာဘိဓမ္မိကဂေါဒတ္တတ္ထေရော "သီသစ္ဆေဒကဿာ”တိ'
204074	sīsacchedakapurisa	debris '၂၂၂၂'
204077	sīsacchedanattha	quotation fragment 'အသိဟတ္ထေ-နာ'
204079	sīsacchedāṇāpaka	quotation 'အမ္ဘော ဓမ္မပါလ သီသစ္ဆေဒါဏာပကေ သမစိတ္တော ဟောဟိ'
204082	sīsañña	stray '] ]'; garbled '(အယူကို အဦးပမာနပြခြင်မှ သော။ သီသ [ဌန်ြ'; trailing 'သီသ'
204088	sīsattaca	citation (Abhi 6, 2)
204089	sīsatamba	word 'လောဟ'; citation (Sāratthadīpanī 2)
204093	sīsadhovanaüdaka	stray '['
204095	sīsanayanādiaṅgapariccāga	stray '+'; quotation 'အတ္တနော ဣမေ ပဉ္စ မဟာပရိစ္စာဂေ အပရိစ္စဇိတွာ ဗုဒ္ဓါ နာမ ဘူတပုဗ္ဗာ အတ္ထိ'
204096	sīsanta	debris 'ခ၃ု၅'
204097	sīsantara	stray word 'သီသနာနသလိလ' (the next headword, garbled) inside the gloss
204100	sīsanhāru	stray '['
204102	sīsaparikamma	debris 'ဥ၃'
204105	sīsapasādhana	quotation 'သီသပသာဓနကဉ္စေဝ ဒန္တသူစိအာဒိ စာတိ ဒွိဓာ ယောဇေတွာ ဂဟေတဗ္ဗံ'
204107	sīsapasādhanamaṅgalasālā	quotation 'မကုဋဗန္ဓနသင်ါါတာ သီသပသာဓနမင်္ဂလသာလာ'
204108	sīsapā	grammarian's note (the form သိံသပါ; niggahīta dropped and the vowel lengthened; cf. တုဏှီ 172); Sanskrit and Prakrit forms; quotation fragments '(၁) သီသပါဝနေ။ သီသပါဝရဏာနိ စာ'; stray '[' and ']'
204110	sīsapātanasamattha	analysis 'သီသပါတန + သမတ္ထု'; debris 'ူ'
204113	sīsapāruta	citation (Kaṅkhā-ṭī)
204115	sīsapāvanasutta	location reference (Saṁyuttanikāya, Mahāvagga, saṁyutta 12, vagga 4, sutta 1); debris '[ )', '[ ၀ သုတ္တံ'
204116	sīsapāvanasuttavaṇṇanā	title 'သီသပါဝနသုတ္တဝဏ္ဏနာ'; page number '၃၃၀'; debris 'ဓ ဝ ဝ'; run-on fragment 'ဦးခေါင်းအစို'
204118	sīsappacālaka	truncated '(ကာယပ္ပစာလက-ကြ'; quotation 'သီသပ္ပစာလကံ အန္တရဃရေ ဂမိဿာမိ'
204121	sīsappamāṇanābhippadesa	stray '['
204122	sīsappasādhanakappaka	citation (Jā., ပြု 2)
204123	sīsabhāga	reference (Abhidhāna, အ-ဝဂ်, ပ-မ-သ-စ)
204125	sīsabhāvānupavatti	citation fragment 'ဘနုဋံ၊ ၃ု'
204127	sīsamaṁsa	run-on article sīsamakkhana (န) 'anointing the head; see the following headword'
204128	sīsamakkhanatela	stray '['
204129	sīsamakkhanayogga	stray '['; citation 'ဒု၃၃'
204130	sīsamajjha	'----'; page number '၃၉၂'
204133	sīsamaya	stray '['
204141	sīsaloma	citation '၁၄ ၂'
204145	sīsavirecana	debris '“='
204148	sīsaveṭhanacamma	citation (Abhi) and debris 'ဒံသဝဠနပရ (၃ ၇) ['; run-on article 'the cloth wrapped round the head; the cloth / fabric bound as a turban; the head-cloth / fabric' with trailing 'ဝေဌန'
204150	sīsavedanā	quotation 'သီသဝေဒနာ ဗလဝတိယော သီသဝေဒနာ ဟောန္တိ'
204151	sīsasaṇṭhāna	quotation 'ဣဒမဿ သီသသဏ္ဌာနံ'; number '၁၇၈-'
204157	sīsādiṭṭhāna	quotation 'သီသာဒိဋ္ဌာနေသု သုဝဏ္ဏေန စ စိတ္တိတံ'
204158	sīsādibhinna	word '"ဘိန္ဒ"'
204161	sīsānulokī	analysis '] သီသာနုလောက + ဏီ'
204163	sīsābharaṇa	quotation 'သီသာဘရဏာနိ စေဝ နိဝတ္ထဝသနာနိ စ ပလာယိံသု'; number '၈၈-'
204165	sīsālaṅkāra	citation fragment '(-(၂) ၁'
204166	sīsālaṅkārattha	stray 'ကြည်' (a 'see' with its word lost?)
204168	sīsika	references (Moggallāna, Kaccāyana)
204169	sīsukkhipana	stray ']'
204172	sīsupacālā-sīsūpacālā	grammarian's note 'ဏ။ -ကို လ-ပြု'; '(၎င်း' (start of sense 2, continued in the next line)
204173	sīsupacālāsutta	end of the previous article sīsūpacālā: '(2) (son of Sīsūpacālā) the man / boy / thera Sīsūpacāla. (3) the Sīsūpacālā Sutta.'; headword 'ဗီသုပစာလာသုတ္တ (န) ['; location reference (Saṁyuttanikāya, Sagāthāvagga, saṁyutta 5, sutta ဂ)
204175	sīsupadhāna	Pāḷi synonym 'ဗိမ္ဗောဟန'
204176	sīsuparibhāga	'(ပြန်)'
204177	sīsūpaka	grammarian's note 'ဂ-ကာရဿ က-ကာရံ ကတွာ'
204178	sīsūpaga	trailing headword 'သီသူပဂ'
204180	sīsūpagādiābharaṇagata	stray 'စာ'
204181	sīsūpacālātherīgāthā	title 'သီသူပစာလာထေရီဂါထာ'
204182	sīsūpacālātherīgāthāvaṇṇanā	analysis '[ သီသူပ-စာလာထေရီဂါထာ + ဝဏ္ဏနာ'; title '… ဝဏ္ဏနာ နိဠိတ္တ'; debris; run-on article sīsūpacāla 'the thera, son of Sīsūpacālā'
204184	sīsūpadhāna	word 'ဥဘတောလောဟိတကူပဓာန' (quotation fragment?); citation (Aṁ-aṭṭha 2, 116)
204186	sīsopari	citation fragments 'သီ၊ မီ၊ သစ်'
204187	sīha	quotation fragments 'သာ-ယနသမယံ်', 'သီဟဿာ'; citations '] ၁', 'ဓာန်'
204189	sīha	citations 'ကြည်။ ပဋိသံ၊ ဣတိဝုတ်၊ ဟ'; analysis bracket '[ သီဟာ-ကြည့်။ သီဟ + အ …]' with Abhidhāna verses; quotations '(1) သီဟနာဒေါ။ သီဟသေယျ (ဥတ္တမသေယျံ)', '(2) သီဟနာဒ', '(3) "သကျပုင်္ဂဝေါ’တိအာဒီနံ သကျသေဋ္ဌော"', '(4) သီဟာသနမဒါသဟ'; 'ပါစိတ်၊ ကြည်'
204190	sīha	repeated sense list with quotations and citations: '(ပု) (1) the general Sīha; (2) Sīha the sāmaṇera / samaṇuddesa (quotation 'သီဟော သမဏုဒ္ဒေသော ယေနာယသ္မာ နာဂိတော တေနုပသင်္ကမိ'); (3) (of the Malla royal line); (4) (son of the Buddha Sobhita) Prince Sīha; (5) the Sīha suttas (a)–(d)' with citations (Aṁ 2, 111; Aṁ 3, 47) and quotation 'သီဟာဓိဝုတ္တိ ကာယေန'; debris 'သင် လိကံ။ ၈ာ။ ဓ [ခြင်'
204191	sīhaṁsa	debris 'ဤဒါ'
204192	sīhaüpapatti	debris 'ူ ဝဒ'; citations '၁၀၅)', 'ဇာ၊ ၃'
204193	sīhaüsabhasadisa	analysis fragment 'သဒိသ ]'
204197	sīhakumāra	debris 'ဒ၃ု၃'
204199	sīhakotthujātaka	location reference (Jātakapāḷi, nipāta, vagga 4, jātaka ဂ)
204202	sīhagatipatana	citation (Visuddhi-ṭī 2)
204207	sīhacammajātaka	location reference (Jātakapāḷi, nipāta 1, vagga 4, jātaka 9); run-on article 'ဒံဟစမပရိက (တိ)' 'bordered with lion skin'
204209	sīhacammaparivāra	quotation 'ဣမာနိ တေ ဒေဝ စတုရာသီတိ ရထသဟဿာနိ ဝေဇယန္တရထပ္ပမုခါနိ'
204210	sīhacchāyā	debris '[။ ၆ ဦ'
204212	sīhajātibhāva	analysis '[ သီဟဇာတိ န ဘာဝ'
204213	sīhatela	debris 'ံ၍ သသသ၂'
204214	sīhattharaka	debris '[ က'
204216	sīhathāmābhāva	quotation 'အညဇာတိသမ္ဘေဒေ သီဟဿပိ သီဟထာမာဘာဝေါ သိယာ'
204218	sīhanakha	stray '['
204219	sīhanāda	analysis 'အဘီတနာဘာ ဝ ဒေါ'; citation 'ပရိသ ၂'; Sanskrit form 'သိံသဟနာဒ-သံ'; debris 'ခြေမ ု ခ မြူ', 'မြ တခြင်း', 'မ ်သော'; sense (3) 'ဒဝင်္ဂ'; quotation section '(က) သီဟနာဒေါ။ (ခ) သီဟနာဒ …'
204220	sīhanādakathā	citation (Aṁ-aṭṭha 2, 178)
204221	sīhanādakathāvaṇṇanā	title 'သီဟနာဒကထာဝဏ္ဏနာ'
204223	sīhanādakiccapāripūriṭṭhapana	debris 'တိ “'
204224	sīhanādakiccapāripūridīpana	stray '('; debris 'တိ “'
204226	sīhanādanadana	debris '၂၂၂၂'
204228	sīhanādanādī	quotation 'သီဟနာဒနာဒိနော သဗ္ဗသတ္တုတ္တမဿ ဓမ္မိဿရဿ သမ္မာသမ္ဗုဒ္ဓဿ ဝစန'
204229	sīhanādapariyosāna	quotation 'သီဟနာဒံ နဒါပေတွာ ဝဋ္ဋတိ'
204231	sīhanādasadisa	quotation 'သီဟနာဒံ .- သီဟနာဒသဒိသံ ဝါ နာဒံ နဒတိ'
204233	sīhanādasadisī	analysis '[သီဟနာဒသဒိသ ၏'; quotation 'ဧဝံ ဘာဝိတတ္တာနံ အပ္ပမတ္တာနံ ထေရာနံ ဂါထာ'
204235	sīhanādasamodhāna	title 'သီဟနာဒသမောဓာန'
204236	sīhanādasahassa	stray '['
204237	sīhanādasutta	stray 'အသံနှင့် တို့'; citations (Aṁ 2, …; Saṁ-aṭṭha 2; ဣ)
204238	sīhanādasuttavaṇṇanā	title 'သီဟနာဒသုတ္တဝဏ္ဏနာ'
204241	sīhanādiyatthera	quotation 'သီဟနာဒိယတ္ထေရော အရဟတ္တံ ပတ္တဒိဝသေ ကထေသိ'
204242	sīhaninnāda	end of the previous article sīhanādiyatthera: 'wherever he went he looked only for alms, so became known as Piṇḍola-Bhāradvāja; when the Buddha came to Rājagaha he heard the Dhamma, was ordained and reached arahattaphala; by rising into the air and taking the Rājagaha merchant's sandalwood bowl he made people devoted to him as to a lion (?); the Buddha censured it; on the day he reached arahattaphala he declared before the Saṅgha "whoever has doubt about the path or the fruit, let him ask me"; the other disciples were silent; the Buddha praised it and gave him the etadagga as lion-roarer'; headword 'ဝီဟနိန္နာဒ (ပု)'; quotation 'ကေသရသီဟာနံ အဝသေသသဒ္ဒံ အဝဟသန္တမိဝ'; run-on article sīhapañjara (န): '(1) the lattice window supported by lions; (2) the cage / coop where a lion is kept'
204243	sīhapaŭjara	quotation fragment '((၂) သုဝဏ္ဏပဉ္ဇရေ'
204248	sīhapapāta	citation 'ဓာန်'
204249	sīhapapātadaha	quotation 'သီဟပပါတဒဟောတိ သတ္တ မဟာသရာ ပတိဋ္ဌိတာ'
204250	sīhappapātadaha	quotation 'သီဟပပါတဒဟောတိ သတ္တ မဟာသရာ ပတိဋ္ဌိတာ'
204251	sīhapapātana	stray word 'သီဟပရိပန' (the next headword, garbled)
204252	sīhaparipantha	citation (Jā-aṭṭha 3, 380)
204257	sīhapubbaḍḍhakāya	analysis '[သီဟပုဗ္ဗ ဘဗကာယါ'; run-on article 'ဓ ဒောါ-၏-သီဟပုဗ္ဗဒ, (ပ) ၆' with gloss 'the front half, the front part'
204263	sīhabyagghaacchataraccha	quotation 'တတ္ထ ဝဠမိဂါတိ သီဟဗျဂ္ဃအစ္ဆတရစ္ဆာ'
204265	sīhabyagghadīpivāl̤amiga	stray ']'; word 'ဝါဠမိဂနိသေဝိတ'
204269	sīhabyagghavighāsādimaṁsa	quotation 'မံသ န္တိ သီဟဗျဂ္ဃဝိယာသာဒိမံသံ'
204270	sīhabyagghādicaṇḍamiga	word 'ဝါဠိမိဂါနီ'
204271	sīhabyagghāditiracchāna	analysis fragment 'တိရစ္ဆာန ]'; quotation 'အဟမ္ပိ ကဿစိ သီဟဗျဂ္ဃါဒိတိရစ္ဆာနတော ကုတောစိပိ န ဘာယာမိ'
204277	sīhabyagghādivāl̤amiga	stray '၂ သီဟဗျဂ္ဃါဒိဝါဠမိဂသမူဟ' (the next headword) inside the gloss; word 'ဝါဠမိဂါနီ'
204278	sīhabyagghādivāl̤amigasamūha	word 'ဝါဠမိဂ-သံဃသေဝိတ'
204279	sīhabyagghādivāl̤arūpa	word 'ဝါဠရူပါနီ'
204285	sīhamāna	stray ']'; debris 'ဝဇာ'
204288	sīhamukhakuṇḍala	references (Asītinipāta, Jātakavatthu p. 567; Abhidhāna, အ-ဝဂ်); quotation 'သီဟယောနိ ရေန သီဟမုခကုဏ္ဍလံ ကဏ္ဏတော ဂဠိတွာ / ရညော ပါဒမူလေ ပတိ'
204292	sīharājakumāra	stray '"'
204299	sīhavikkantagāmī	analysis fragment '] + ဏီ။ ]'
204301	sīhavikkantavilāsa	quotation 'သီဟဝိက္ကန္တဝိလာသေန ဝိဇမ္ဘမာနော သီဟော ဝိယ အနန္တာယ ဗုဒ္ဓလီလာယ ဓမ္မသဘံ ဂန္တာ'
204302	sīhavikīl̤ita	grammarian's note (analysis 'ကိဠိတ'; Sanskrit has vikrīḍita, so the double-k ဝိက္ကိဠိတ is preferable)
204303	sīhavikkīl̤ita	stray '"'; citation 'သီပ ၁၇-၈'
204304	sīhavikkīl̤itanaya	margin debris '] သီဟ', 'ဦ'; Pāḷi quotations 'သဒ္ဓိန္ဒြိယာဒီဟိ ဝေါဒါနပက္ခံ … နယဿ ဘူမိ', 'သုညတာဒီဟိ ဝိပလ္လာသေဟိ … သီဟဝိက္ကီဠိတနယော'
204305	sīhavikkīl̤itanayabhūmi	quotation 'သီဟဝိက္ကီဠိတဿ + နယဿ ဘူမိ ပဝတ္တိဋ္ဌာနံ သမုဋ္ဌာနန္တိ နယ- စ'
204306	sīhavikkīl̤itanayabhūmivibhāvanā	headword echo 'ဝိက္ကိဠိတနယဘူမိဝိဘာဝနာ (ထီ) ]'
204307	sīhavikkīl̤itanayasamuṭṭhāna	garbled headword echo 'သီဟဝိက္ကိဠိတနယသ-ဋ္ဌာန်'
204308	sīhavikkīl̤itasadisa	quotation 'သီဟဝိက္ကီဠိတသဒိ-ပတ္တာ နယော သီဟဝိက္ကီဠိတော'; run-on articles sīhavighāsa (ပု၊ န) 'the leftovers of a lion's meal' and sīhavighāsasaṁvaḍḍhitaka (တိ) 'grown / fattened on a lion's leftovers' with analysis
204311	sīhavijambhana	quotation 'ဟဋ္ဌတုဋ္ဌော ဥဋ္ဌာယ သီဟဝိဇမ္ဘနံ ဂေါစရာယ ပက္ကမတိ'
204313	sīhavijambhitavijambhana	stray '][' 
204315	sīhavilokananaya	citation fragment 'ကေ'
204316	sīhavega	stray 'န'
204319	sīhasaṅkāsa	stray 'မာ'
204320	sīhasadisa	quotation 'သီဟာ တိ သီဟသဒိသာ ဗုဒ္ဓါ စ … သာဝကာ ယောဇေတဗ္ဗာ'
204321	sīhasadda	quotation fragments '(၁) သီဟဿရော တိ သီဟသဒ္ဒသမ', '(၂) သီဟာန'
204322	sīhasaddasamānasadda	analysis '] သီဟသဒ္ဒ သမာနသဒ္ဒ ]'
204329	sīhasīha	intruded headword '၇ သီဟသုတ္တဝဏ္ဏနာ'
204330	sīhasuttavaṇṇanā	title 'သီဟသုတ္တဝဏ္ဏနာ'
204332	sīhasenāpatisutta	location reference (Aṅguttaranikāyapāḷi, nipāta 5, paṇṇāsaka 1, vagga 4, sutta 4, (456))
204333	sīhaseyya	quotation fragment '(၂) သီဟသေယျ'; page number '၁၆၅-'
204334	sīhaseyyakappana	stray '၈'; intruded headword 'သီဟသောပါန'
204335	sīhasopāna	stray ']'
204336	sīhassara	grammarian's note (Sanskrit svara, hence the double s in Pāḷi sīhassara); quotation 'သီဟဿရော တိ သီဟသဒ္ဒ သမာနသဒ္ဒေါ'
204338	sīhassarakusarāja	analysis '] သီဟဿရ " ကုသရာဇ ]'
204339	sīhassaramahākusarāja	stray '“'; citation '၂၉၅)'
204346	sīhal̤a	grammarian's note (လ made ဠ as in ဂရုဠော; Kappadduma); Prakrit forms 'သီဟလ-ပြာ', 'အဒ္ဓမာဂဓီ'; debris '၉ သီဟဠက'; quotation note '(၃) (လ-ကာရဿ ဠကာရံ ကတွာ ယထာ “ဂရုဠော”တိ)'
204347	sīhal̤aka	analysis '(သီဟ က]'; quotation 'သီဟဠကေနေဝါ'
204348	sīhal̤agaṇḍipada	quotation '"မဟာဂဏ္ဌိပဒေ”တိ ဝါ “ "သီဟဠဂဏ္ဌိပဒေသူ”'
204349	sīhal̤aceṭikā	'----'
204350	sīhal̤aṭṭhakathā	quotation 'မဟာအဋ္ဌကထဉ္စေဝ၊ မဟာပစ္စရိမေဝ စ'
204351	sīhal̤aṭṭhakathākāraka	quotation 'ပေါရာဏာတိ သီဟဠဒီပေ သီဟဠဋ္ဌကထာကာရကာ'; citation (Vimati 1, 32)
204352	sīhal̤aṭṭhakathācariya	stray '['
204353	sīhal̤aṭṭhakathānaya	analysis 'သီဟဠဠကထာ + နယုံ'
204354	sīhal̤aṭṭhakathāvacana	stray '('; debris 'ဝ ာာဿဿာထဿာာာာာာာာာဿသ'
204355	sīhal̤adīpa	quotation 'သီဟဠဒီပေ ပကတိနာဠိ မဟန္တာ'
204356	sīhal̤adīpaka	debris '(၇) (၂)'; quotation fragments '(၁) သံဝဏ္ဏနာသီ', 'သီဟဠဒီပကေဟိ အာစရိယေဟိ ပါဠိယာ'; number '၁ဝ၅'
204360	sīhal̤anāl̤i	citation (Vi-aṭṭha 2)
204361	sīhal̤apotthaka	stray ']'
204365	sīhal̤amahāvīṇātantisaṇṭhāna	intruded headword '၁ သီဟဠမာတိကဋ္ဌကထာနယ'; debris '၂၂၂၂'
204366	sīhal̤amātikaṭṭhakathānaya	quotation 'သီဟဠဋ္ဌကထာနယန္တိ သီဟဠမာတိကဋ္ဌကထာနယံ'
204367	sīhal̤avohāra	quotation 'သောဠသဒိဝသာ သီဟဠဝေါဟာရဝသေန ဂဟိတတ္တာ'
204368	sīhal̤itthī	stray '['
204369	sīhal̤inda	citation (Sāratthadīpanī 10)
204372	sīhāvalokanañāya	quotation '“ဝံသာနုရက္ခကော ဝါတိ အဝဓာရဏံ ယောဇေတဗ္ဗံ'
204373	sīhāsana	repeated sense list (1) (a)–(d) with quotation 'သီဟာသနမဒါသဟ'; citation (Khi-ṭī 2)
204374	sīhāsanadāyakatthera	intruded page header '[၂ သီဟာသနဒါယကတ္တေရ'
204376	sīhinī	debris 'ယာ တာ'
204378	sīhuṇḍa	grammarian's analysis 'သီ + ဟုဍိ + အ', derivation quotation 'သီဣတိ ဟုဏ္ဍတေတိ သီဟုဏ္ဍော'; Sanskrit form; citation '(န်၊ ဋံ၊ သျ)'; quotation 'သီဟုဏ္ဍော, ဝဇိရဒုမော ဂုဠာပိ'
204380	sīhokkanta	citation (Visuddhi-ṭī 2)
204383	sīhopamasuttantapāl̤i	stray '‘'
204384	suṁsumāra	grammarian's notes (derivation 'သုသုံ မာရယတီတိ သုံသုမာရော', Kappadduma; the niggahīta moved forward; Sanskrit and Prakrit forms)
204387	su	root entries 'သု ဂတိယံ။ သု သဝနေ။ သု ပေရဏော။ သုတိ' with sense numbers; stray '၅'
204388	su	root glosses '(၁) (၂) သု။ (၃) (၄) သု အဘိသဝေ'
204389	su	references 'သု၊ (သုဥ (ခ)၊ ၃၆၈-နာ၊ အ နှာ'; Sanskrit / Prakrit forms; run-on article su (adjective) 'beautiful / excellent; happy'
204390	suaŭjita	quotation 'ပါရမီပူရကာလေ သုအဉ္ဇိတာနိ အက္ခီနိ ဥပ္ပါဋေတွာ'; citation (Dī 9, 2); run-on article 'သုဘဗက (တိ) [ + က ]' 'very much / at ease / wealthy'
204395	suāgamana	word 'သွာဂတ'; quotation 'သုအာစိက္ခိတ န္တိ သုအာဂမနံ'; stray '၆'
204399	suucchinna	analysis 'သု. ဥ + ဆိဒိ တ]'; quotation fragment 'အပရော “"'; citation (Visuddhi 2, 209)
204400	suuttaracchada	quotation '--အရဟတ္တံ ဖလဝိမုတ္တိယာ အာဇညံ ကတွာ ဒဿေတိ'
204401	suuttānīkata	analysis '[ သု.။ မောဂ်၊ ၁၃၃၈-ဖြင့် ဤ-လာ'; quotation 'သုကိတ္တိတံ ဂေါတမနူပဓိကန္တိ … သုကိတ္တိတံ'
204402	suuddiṭṭha	citation (Kaṅkhā 102)
204403	suuddhara	garbled '[သုဥ ရေး အချင်းသသဖြင့'
204405	susradātaka	citations 'ဒီ၊ အံ၊'
204406	susrasārita	analysis fragment '+တ'; quotation end '”တိ'; citation (Kaṅkhā-ṭī 23)
204411	sukaṭa	grammarian's note (Sanskrit sukṛta; Prakrit forms; ta of sukata made ṭa); stray '"'
204412	sukaṭṭha	citation '၁၃၂ ၂၄၈'
204413	sukaṭṭhita	edition note '(သီ၊ ဣ၊ မူ)' (Sinhalese, European editions)
204414	sukaṇḍa	quotations 'သုကဏ္ဍ္ဏံ ပဒရူပသိဒ္ဓိ', 'သုကဏ္ဍံ သုပရိစ္ဆေဒံ'; page reference '၁-နှာ'
204416	sukaṇhakaṇhacchadana	quotation 'သုကဏှကဏစ ဒနေဟိ ဘောတော'
204418	sukata	citation '၁၇၄ (၃)'
204422	sukatakaraṇa	lexical note '(၅၈-တို့၌ ကာရသဒ္ဒါ ကျေးဇူးဟောရှိသည်' ('in … 58 the word kāra means a kindness done'), reference truncated
204423	sukatakaraṇamakkhanalakkhaṇa	reference (Abhidhāna, အ-ဝဂ်); quotation 'သုကတကရဏဝိနာသန လက္ခဏဿ … သုကတကရဏမက္ခနလက္ခဏော'; fragment 'တတဿ ပုဗ္ဗကာရိတာ'
204426	sukatakāraṇavināsanalakkhaṇa	quotation 'ဧဝမိဒံ အဇ္ဈတ္တိကမ္ပိ … နဂရံ ကတံ'
204428	sukataguṇa	stray ']'
204430	sukataññurūpa	number '၁ဝ၁'
204431	sukataṭṭha	gloss word 'သုသမာရဒ္ဓဋ္ဌော'
204434	sukatadukkaṭakāraṇa	quotation 'ပဉ္စဂတိသမာရုဠှော'
204435	sukatanta	'----'; stray '“'; number '၃၆၄-'
204436	sukataparikamma	stray '['; word 'သမ္ပဟဌ'
204437	sukatapallaṅka	analysis 'သုတ + ပလ္လင်'; repeated word 'ပလ္လင်'; citation 'အပါ ၁'
204438	sukataphalavipāka	numbers '၁၂၃ ၁၃၀'
204442	sukatāvel̤iyattheraapadāna	location reference ([A]padānapāḷi, vagga 23, apadāna 9)
204443	sukatī	grammarian's notes (Kappadduma; Sanskrit sukṛtin; feminine သုကတိနီ); citations 'ဓာန်', '[၁ အတ္ထီတိ', '၁'
204445	sukathana	quotation 'ဒုက္ကထိတန္တိ သုကထနဘာဝတောတိ အာဟ ‘တေပိဋကံ'; run-on article 'ုကထာ (ထီ) [ သု + ကထာ [ ကောင်းသော စကား' ('good speech')
204449	sukadariyatā	analysis fragment '] + တာ ]'
204451	sukandaka	quotation 'ပလဏ္ဍု တု သုကန္ဒကော'; citation 'ဓာန်'
204454	sukappita	quotation '(၁) အပိ နု တဿ ပုရိသဿ … နိမုဇ္ဇိတုကာမတာ အဿာတိ (၂) သုကပ္ပိတ'
204455	sukappitakesamassu	analysis fragment '+ ပဿု'; trailing 'သုကပ္ပိတ'
204457	sukapotaka	page number '(-၃၅၇-'
204458	sukayoni	number '၅၂'
204459	sukara	citations '(မောင်၊ ၄၄)', 'ကပ္ပဒ္ဒါမ', 'ဝိ၊ ၁'; Sanskrit and Prakrit forms 'သုကရ၊ သုဂရ'; garbled '(သုခသာရျမြာ'
204460	sukaratāpayojana	stray '“'
204466	sukallarūpa	citation 'ထေရ ၃'
204468	sukasāl̤ikasaṅghuṭṭha	quotation 'သုကသာဠိကသညယုံဋံ၊ ပိင်္ဂလံ သန္ထကာယုတံ'
204471	sukāra	'---'
204472	sukāraṇa	repeated 'ကောင်း'; trailing 'သုကာရဏ'
204473	sukāraṇakiriya	trailing 'သုကတကာရဏ'
204474	sukārita	repeated '(န) (၂)' with quotation fragment 'မဿုကုတ္တိံ'
204475	sukicca	analysis fragment 'သု + ]'
204476	sukiccakārī	quotation 'တတော နံ … ‘တွံ သိင်္ဂါလံ အန္တောကတွာ … သုကိစ္စကာရိံယ္တ မညသိ'; debris 'သသသသ၂'
204477	sukiccha	citations 'ပေတ၊ (န) (၂)။ ၄၅၄', '(နေတ္တိ။ ၁ဝ၈'
204480	sukittita	fragment 'ကိတ္တ'; debris '၈ာ'; citation '၂၂ ၄၄'
204481	sukilantarūpa	analysis '[သု.'; fragment 'ဤ။ သုက ကြည်။ ဂုံ (သုက-နှင့်တွဲကြည်)'
204483	sukīl̤ayati	quotation 'ကရေဏုသံယေဟိ သုကီဠယန္တိ'; number '၃၄'
204484	sukuṇḍala	fragments '(၁ အောက်ပြည်။ (တံ)၊ သုကုဏ္ဍလ'
204487	sukumāra	analysis bracket with Pāḷi, Sanskrit and Prakrit notes (ဓာန်, အဒ္ဓမာဂဓီ); trailing '(၂) သုကုမာရာ' (feminine form?)
204490	sukumārasarīra	quotation 'ယံ ပန ဇာတဿ …'; citation 'အဘိ၊ ဋ္ဌ'
204491	sukumārasoṇa	stray '----'
204495	sukumāla	stray 'ံ'; next headword 'သုကုသလ'
204496	sukusala	fragment 'သမ္ပဟဌ'; citation 'ဝိသုဒ္ဓိ၊ ဋီ'
204497	sukusalajanavādita	quotation 'သုကုသလဇနဝါဒိတဿ …'
204499	sukusalasamannāhata	analysis bracket 'သုကုသလ … သံ + အနု + အာဟတ'; quotation 'ယဿ ဝါတေရိတဿ …'
204500	sukusalasampahaṭṭha	analysis fragment 'သုကုသလ + သမ္ပဟဋု'; quotation 'သေယျထာပိ ဘော …'
204502	sukesarī	damaged analysis bracket 'သု + + ဤ။ သု + ကေဂရိန်-သံ'
204503	sukoṭṭita	quotation 'တတြာယံ ဝိနိစ္ဆယော …'
204504	sukoṭṭitaparisuddha	quotation 'တတြာယံ …'; citation 'ဝိ၊ ဋ္ဌ ၂'
204505	sukomala	source tags 'အလ။ ကု။ ဓာန်'; grammarian's note 'က-အစိတ်-ကို-ပြု၊ ုဒ်ပြု'
204506	sukosalā	citation 'ဇာ၊ ၁ဝ'
204507	sukosalla	run-on text 'သုတ္တံသ (၇) ] ကုသိုလ်ကောင်းမှု အဘို့အစု'
204509	sukka	analysis bracket with Sanskrit/Prakrit notes (ပါဏိနီ, ကပ္ပဒ္ဒုမ, အဒ္ဓမာဂဓီ); second copy of senses (1)–(5); citation 'ဝိ'
204510	sukka	tail of the previous article (senses 6–11 again), citation '(ဓာန်၊ ဋီ။ ၆၃)', quotation 'တတ္ထ ပိသနံ …', 'ပါစိတ်'; headword and label 'သုတ္တ (တိ)' (OCR of သုက္က); analysis bracket 'သုစ + အဘ … ဂုလ္လ-သံ … အဒ္ဓမာဂဓီ'
204514	sukkakoṭṭhāsa	quotation 'ကာယ သံသဂ္ဂါဒိနာ …'
204515	sukkacchavi	next headword 'သုတ္တစ္ဆေဒကဝါဒ' (OCR of သုက္ကစ္ဆေဒကဝါဒ)
204521	sukkadhammasamāhita	quotation fragment '.. တေဟိ သမာဟိတာ …'
204522	sukkadhammasutta	location reference 'သံယုတ္တနိကာယ၊ နိဒါနဝဂ္ဂသံယုတ္တပါဠိ ၆-သံယုတ်၊ ၄-ဝင်၊ ၄-သုတ်'
204525	sukkadhātuvikāra	quotation 'ခီဏာသဝါနံ ပန …'
204526	sukkapakkha	quotation fragment '(၁) သုက္ကပက္ခေဝ။ (၂)'
204528	sukkapakkhaüposathadivasa	headword and label repeated 'ကဣပက္ခဥပေါသထဒိဝသ (ပု) ['
204534	sukkapakkhapāṭipadadivasa	quotation 'ပဌမပါမိ ပဒဒိဝသေတိ …'
204536	sukkapakkharatti	bare page number '၁၂၃)'
204537	sukkapakkhavisosana	stray '['; quotation fragment 'သုက္က- သ ပက္ခဝိသောသနာ'; citation 'ထေရီ၊ ဏ ၆'; debris 'ဏ သုတ္တ'
204538	sukkapakkhika	quotation 'သုက္ကပက္ခိကေပိ …'
204539	sukkapakkhiya	debris 'သုက'; quotation 'သုက္ကပက္ခိယေ …'; citation 'သုတ္တနိ၊ ပုံ ၂'
204540	sukkapakkhūpama	debris 'သုဂ'
204541	sukkapaṭipadā	headword fragment 'ဋိပဒါ (တိ) ['; run-on text 'ဒ (န) ဖြူစင်သောတရား ဖို့ သုက္ကဟူသောပုဒ်'; quotation fragments '“ ာတီ” ာဂတေသု'
204544	sukkapariyāya	quotation 'ကမ္မဿ သုက္ကပရိယာယောပိ …'
204545	sukkabhāvapaṭikkhepakāraṇa	run-on text 'မဂ္ဂ (၇)။ ] ဖြူစင်သော-လမ်း-လမ်းစဉ်-တရား။ ၄၅၅-'
204548	sukkamūla	citation '( ဣတိဝုတ်၊ ၂၂၊ ၁၃၃)'
204549	sukkarāhucarita	quotation 'ယထာ ဝါ ပန မဟာရာဇ …'
204554	sukkavipākādibhāva	run-on text 'သုက္ကဝိသဋိ (ထီ) သုက်လွတ် ခြင်း'; quotation fragment 'ပဝေသနပဝိဋ္ဌဥဒ္ဓရဏကာလေသုပိ'
204555	sukkavisaṭṭhi	citations 'ကင်္ခါ၊ ကင်္ခါ၊ ဋီ၊ သစ်'
204556	sukkavisaṭṭhisamaya	citations 'ကင်္ခါ၊ ကင်္ခါ၊ ဋီ၊ သစ်'
204557	sukkavisaṭṭhisikkhāpadavaṇṇanā	debris and citation 'ကဒါ ကဒါ ရိ၊ သစ်'
204563	sukkavissaṭṭhipaccaya	quotation 'ဧဟိ မေ တွံ …'
204564	sukkavissaṭṭhisikkhāpada	stray '၃'; next headword 'သုတ္တဝိဿဋ္ဌိသမယ'
204565	sukkavissaṭṭhisamaya	analysis fragment '[သုက္ကဝိဿဋ္ဌိ သမယျ'; citation 'ဝိ၊ ခြံ ၁'
204567	sukkasaṅkhātasambhava	quotation fragment 'သုက္က-သင်ါတသမ္ဘဝဿ'
204569	sukkasutta	location reference 'အင်္ဂုတ္တရနိကာယ၊ ၂-နိပါတ်၊ ၁-ပဏ္ဏာသက၊ ၁-ဝင်၊ ၈-သုတ်'
204573	sukkātherīapadāna	location reference 'ခုဒ္ဒကနိကာယ ထေရီအပဒါနပါဠိ။ ၄-ဝဂ်၊ ၅-အပဒါန်'
204574	sukkātherīgāthā	location reference 'ခုဒ္ဒကနိကာယ်၊ ၃-နိပါတ်၊ ၆-ဂါထာ'
204575	sukkātherīgāthāvaṇṇanā	stray '['
204578	sukkābhijātiya	bare page number '၃၃၈-'
204579	sukkābhijātihetu	bare page number '၃၁၉"'
204584	sukkha	quotations 'သုက္ခာယာ တိ နိသေ-ဟာယ', 'သုက္ခဉ္ဇလိပဂ္ဂဟိတာ တိ …'
204586	sukkhakaṭṭha	stray '(-'
204589	sukkhakaṭṭhasadisabhāvāpādana	quotation fragment 'သုက္ခကဌသဒိသဘာဝါပါဒနတော'
204594	sukkhakaliṅgara	debris 'ဘန'; bare page number '၂၁၃)'
204599	sukkhakura	bare number '၁၀'
204600	sukkhakol̤āpakaṭṭha	stray '(။'
204606	sukkhagajjitasaññita	debris '၇ သုက္ခဝုထ'
204608	sukkhagomaya	quotation 'န ကာလေန ကာလံ …'
204609	sukkhajaṅgha	quotation fragment 'သုက္ခဇငယ်ော'; citation 'ကင်္ခါ၊ ဋိ၊ သစ်'
204611	sukkhaŭjalipaggahita	quotation 'သုက္ခဉ္ဇလိပဂ္ဂဟိတာ တိ …'
204612	sukkhaṭṭhāna	note 'အလ္လ (ပ) “အသုက္ခ”။ ၁' (opposite term?)
204613	sukkhaḍāka	quotation fragment 'သုက္ခရာကံ ဝါ'
204614	sukkhaṇa	Sanskrit note 'သုက္ခဏ-သံ'
204618	sukkhataraṇa	analysis fragment 'သုက္ခ တရဏ]'; quotation fragment 'တရိဿာမာ'
204619	sukkhatal̤āka	debris 'ာာာာာာာာ-၂ မညေ'; headword and analysis repeated 'ကွတဠာက (ပု၊ န) သုက္ခ + တဠာက]'
204620	sukkhati	analysis bracket with grammarian's notes (on the corrupt reading 'သုက္ခ အနာဒရေ' for 'အာဒရေ', ပါဏိနီ, Sanskrit and Prakrit forms); quotation fragments and a list of inflected forms 'သုက္ခတိ- … သုက္ခတု- သုက္ခေယျံ-'
204621	sukkhatiṇa	quotation 'တဒါ မိဂဇာတာ …'
204623	sukkhatiṇavanappati	quotation 'တဒါ သုက္ခတိဏဝနပ္ပတိမှိ …'
204624	sukkhatu	analysis '(ကြို သုက္ခ အ + တု]'
204626	sukkhadaṇḍaka	source fragment '(-မ၊ ဋိ၊'
204629	sukkhadāru	citation '(ကင်္ခါ။ ၃၄၄)'
204630	sukkhadārusaññā	stray '] ]'
204632	sukkhanaka	debris 'သောသော။ သ'; run-on text 'သုက္ခနဒိ(ဒီါ’တရဏ (န) [ ခြောက်သောမြစ်၌ကူးခြင်း။ (-၁'
204636	sukkhanta	stray '(-'
204637	sukkhanti	stray '(ကြို ]'
204638	sukkhapaṇṇa	quotation fragments 'သုက္ခပဏ္ဏဝါ', 'သုက္ခပရိဒါ -သ-၂ ၁၂၉'
204642	sukkhapīl̤aka	headword fragment 'ဠက(ထီ)'; analysis '[သုက္ခ + ပိဠကာ]'; citations 'ဝိ၊ ဋ္ဌ ၁။ ၉ဝ။ (ကင်္ခါ၊ ဋီ၊ သစ်။ ၁၉၁)'
204644	sukkhabhatta	fragment 'သုက္ခ"'
204645	sukkhabhāvakāraṇa	quotation debris '"”တိ'
204648	sukkhamātikā	citation '(ဝိ၊ သင်္ဂဟ။ ၁၈၀၊ ၂၉၉)'
204650	sukkhamātikāpayoga	stray '['
204651	sukkhamātisāra	stray '၁'; next headword 'သုက္ခမာန'
204653	sukkhamilātahadaya	stray '----'
204654	sukkhayavapulaka	stray '----'
204658	sukkharukkhapadara	stray '----'
204659	sukkharukkhasākhā	stray '--'
204660	sukkhaleḍḍu	citation 'သံ၊ ဋီ ၂'
204661	sukkhavantu	quotation 'သုဿိတ္ထာတိ သုက္ခော၊ သုက္ခဝါ'; grammarian's analysis '(သုသ + အ … သုက္ခဝါ)'
204662	sukkhavalāhakagajjana	quotation 'ဒေဝ-ဒုဒြဘီ တိ …'; next headword 'သုက္ခဝါပီ'; debris '၂၂၂၂၂'
204664	sukkhavipassaka	stray '--.-.'
204665	sukkhavipassakakhīṇāsava	page number '၁၅၃' inside the text; quotation 'အသမယဝိမုတ္တော တိ …'
204666	sukkhavipassakakhīṇāsavapariyanta	citation '၂ ါ သာရတ္ထ ၁'
204669	sukkhasarīra	quotation 'အာတတ္တရူပေါ'
204670	sukkhasevāla	fragment 'သစေ' (start of the quotation in the next line)
204671	sukkhasota	quotation 'နိဒါယသမယေ သုက္ခသေဝါလာ တိဋ္ဌတိ'; page number '၈ဝ'; headword 'က္ခသောတ (တိ)'
204674	sukkhāpanattha	citation 'ဇာ၊ ဌ၊ ၆ ၂၆၆'
204676	sukkhapita	analysis 'သုသ + ယ + ဏာပေ + တ … သုက္ခာပေတိ-မှ။ ]'
204678	sukkhāpitamaṁsavikkaya	quotation fragment 'ဝလ္လူရဝိက္ကယေနာ'
204680	sukkhāpeti	Sanskrit and Prakrit notes 'ဂေါပယတိ-သံ။ သုက္ကဝေဣ-ပြာ'; stray 'န', '---'; quotation '----အယောနိသော မနသိကာရဉ္စ …'
204681	sukkhāpeti	analysis '(နာမ၊ ကြို သုက္ခ + အာပိ + တိ'
204683	sukkhāpenta	stray '----'
204684	sukkhāpenti	analysis '(ကာ၊ ကြို သုသ + ယ + ဏာပေ + အန္တိ …'
204685	sukkhāpenti	analysis '(နာမ၊ ကြို] သုက္ခ + အာပိ အန္တိ]'
204686	sukkhāpesi	analysis '(ကာ၊ ကြု သုသ ယ + ကာပေ +ဤ …'; stray '['
204687	sukkhāpessati	citation 'ဇာ၊ ပုံ ငြု ၃၉၇'
204688	sukkhāpehi	list of forms 'ဟိ သုဿာပေဟိ- သုက္ခာပေဟိ'
204690	sukkhāsani	stray '---။ "'
204691	sukkhi	analysis fragment 'သုက]'
204692	sukkhita	stray '----'; variant-reading tag '(သီ၊ ဣ၊ က-မူ)'
204693	sukkhitvā	next headword '၅ သုက္ခေယျုံ'
204696	sukha	analysis notes (ကပ္ပဒ္ဒုမ, Sanskrit and Prakrit forms, 'see the Itivuttaka' note); second copy of senses (1)–(19) with quotations and citations (ဣတိဝုတ်, မ ၁, ဝိ၊ ဋ္ဌ ၁, သာရတ္ထ, ဒီ၊ ဋ္ဌ ၂, ပဋိသံ)
204697	sukha	tail of the previous article '(၂၀) … (၂၆) …', debris 'ာဿာ သဿဿ', page number '၂၆၇'; label and analysis '(တိ) [ သုခ + အ။ ]'
204699	sukhakathā	stray '--- "'
204701	sukhakaraṇa	stray '၁'
204703	sukhakāma	stray ']'; source and quotation 'ဥဒါန၊ သုခကာမာ'
204705	sukhakāraṇavipatti	definition of the previous headword sukhakāraṇa; headword 'ခကာရဏဝိပတ္တိ (ထီ)'; quotation fragment 'သုခကာရဏ-ဝိပတ္တီ'
204706	sukhakoṭṭhāsa	headword fragment 'သ (ပု) ['
204707	sukhakhādanīya	citation 'ဥ၅'
204714	sukhajīvika	stray ']'
204717	sukhajīvī	feminine-form note 'ထီ-၌ သုခဇီဝိနီ'; 'ဖြစ်သော-သုခဇ္ဇာသယ' (next headword); stray dashes
204719	sukhañāpana	run-on text 'ခုံ ခဌ (၇)] ] ချမ်းသာ-ပျော်ရွင်-ခြင်းကိုဖြစ်စေခြင်းဟူသော-အနက်-သဘော'
204721	sukhaṭṭhāna	stray ']'; citation 'မ၊ စိ ၃'
204722	sukhaṇa	stray '"'
204725	sukhati	analysis '(ကြို။ သုခဒုက္ခတ-ကြိယာယံ။ သုခယတိ-သံ။ သုဟဣ-ပြာ။ ]'
204727	sukhatta	next headword '၁ သုခတ္ထိက'; stray '(၇)'; quotation fragments '(တိ) (၁) သုခတ္ထော။ (၃) ဟိတတ္ထာ-ယာ'
204734	sukhadukkhaggahaṇa	numbers '၁ဝ၁။ ၁'
204739	sukhadukkhapaccayasaṁyoga	number '၁ဝ၃'
204742	sukhadukkhapaṭisaṁvedana	analysis fragment 'သုခဒုက္ခ " ပဋိသံဝေဒန ]'
204746	sukhadukkhappabandha	citation 'ဝိသုဒ္ဓိ၊ ဋီ ၂'
204749	sukhadukkhaphuṭṭha	source tag 'ဥဝ'
204752	sukhadukkhabhāvavavatthāna	quotation 'အဒုက္ခမသုခါယ ဝေဒနာယ …'
204755	sukhadukkhamoha	citation 'ဝိသုဒ္ဓိ၊ ဋီ ၂'
204759	sukhadukkhavipākuppādana	quotation 'ဒွါရန္တရေ ဒုက္ခဿ …'
204761	sukhadukkhasaṁvattani	debris 'ဿ-ဿာာဿာ သာဿ (။'
204763	sukhadukkhasabhāvappatta	stray '['
204765	sukhadukkhasampayutta	stray '----'
204766	sukhadukkhasahagata	analysis fragment '[ သုက္ခ သဟဂဝါ'; number '၂၆၅၊'
204768	sukhadukkhākārappavatti	number '၁၀၉'
204769	sukhadukkhādidhammāyatana	quotations 'ဝိညာတ န္တိ သုခဒုက္ခာ- …', 'ဝိညာတ “သုခဒုက္ခာဒိဓမ္မာယတနန္တိ'
204770	sukhadukkhādidhammārammaṇa	stray ']'; quotation fragment 'ဝိညာတ'; citation '(ဣတိဝုတ်။ ၁၆၈)'
204774	sukhadukkhānubhavana	run-on text 'ဒုက္ခီ (တိ) [ သုခဒုက္ခ + ဤ ] သုခဝေဒနာ ဒုက္ခဝေဒနာ-ချမ်းသာဆင်းရဲ-ရှိ-ပြည့်စုံ-သည်'
204776	sukhadukkhīsutta	quotation 'သုခဒုက္ခီ ပဉ္စဝီသတိမံ'
204779	sukhadhamma	quotation markers '(၁)၊ (၂)'
204780	sukhadhātu	quotation fragment 'သုခဓာတူ'
204782	sukhana	analysis '] သုခ + ယု။ ]'
204784	sukhanidāna	next headword '၆ သုခနိဒ္ဒေသ' inside the text; debris '‘ “'
204785	sukhaniddesa	debris '"”'
204795	sukhanivāsa	stray '----'
204796	sukhanivāsanattha	quotation '--ဧကေကဿေဝ သုခနိဝါသနတ္ထာယ …'
204797	sukhanisajjā	next headword ') သုခနိသိန္န' inside the text; stray '---'
204798	sukhanisinna	stray '('; quotation fragments '(၁) သုခနိသိန္နေ။ (၂) သုခနိသိန္နေ … သုခနိသိန္နေနာ'; citation 'ဝိသုဒ္ဓိ၊ ဋီ ၁'
204799	sukhanisinnakathā	number 'ဝ၃ု၃၃'
204802	sukhanisinnasamaya	quotation '---သုခနိသိန္နသမယေ …'
204804	sukhanissita	quotation '---- သုခနိဿိတာ စ …'; run-on text 'သုန (တိ) [ သု. အန္တ ထိ- သုန။ ] ချမ်းသာ-ပျော်ရွှင်-နေသော'
204807	sukhappaccaya	stray ']' and '(၇)'; quotation fragment '(တိ) (၁) သုခဿာဟာရာ'
204812	sukhapaccayuppanna	OCR debris 'ဿာာာာာာဿသထာာဿဿဿသ'; definition of a previous headword; quotation fragment 'ပဝတ္တပစ္စယဝိပတ္တီ'; headword 'ခပစ္စယုပ္ပန္န (တိ) ]'
204813	sukhapaccayūpaharaṇa	stray 'ူ'
204815	sukhappaṭikkhepa	stray 'တီ'
204816	sukhapaṭikkhepaṭṭha	stray '-'
204818	sukhapaṭijaggiya	stray '(]'
204820	sukhapaṭipattidassana	quotation fragment '"ဥက္ကဌ-အဗ္ဘောကာသိကော”'
204822	sukhappaṭipada	quotation '----စတ္တာရောပိ မဂ္ဂါ …'
204826	sukhappaṭibodha	analysis '] သုခ + ပဋိဗောဓ'; citation 'ဝိသုဒ္ဓိ၊ ဋီ ၁'
204828	sukhappaṭilābha	quotation fragment 'သုခပ(ပ္ပုဋိလာဘာ'
204830	sukhapaṭiviruddha	stray '--'
204832	sukhappaṭisaṁvedanā	headword fragment '(ပ္ပဋိသံဝေဒနာ (ထိ) ['; citation 'ဝိသုဒ္ဓိ၊ ဋီ ၁'
204836	sukhappaṭisaṁveditā	headword fragment '(ပ္ပါဋိသံဝေဒိတာ (ထီ) ['; citation 'ဝိသုဒ္ဓိ၊ ၁ဝ'
204837	sukhapaṭisaṁvediniddesa	stray '['; run-on article 'သုခပ္ပဋိသံဝေဒီ (တိ) [ + ဤ (၁) … (၅) …' with its second copy; next headword fragment 'သုခပ(ပ္ဖဏိဓိ'
204843	sukhappatta	stray '(-'
204848	sukhapadaṭṭhāna	stray '['
204849	sukhapariggaha	quotation '--အစေတနာယေဝါတိ …'
204853	sukhaparibhoga	citations 'ဝိ၊ ဝိ၊ သင်္ဂဟ … ကင်္ခါ။ ကင်္ခါ၊ ဋိ၊ သစ်။ (-မ၊ ဋံ၊'; fragment 'သုခပရိဘောဂတ္ထ'
204854	sukhapariyāya	stray '['
204857	sukhapariyesī	stray '---'
204858	sukhapariyosāna	quotation 'မဓုရဂ္ဂဿ …'
204859	sukhaparivajjanasamattha	stray '---'
204861	sukhaparihata	quotation 'သုခပရိဟတော တိ …'
204862	sukhapavattana	quotation fragment '(က) (ခ) သုပ(ပ္ပဲဝတ္တနတ္ထ'; citation 'ဝိသုဒ္ဓိ၊ ဋီ ၁'
204863	sukhappavattana	quotation fragment '(က) (ခ) သုပ(ပ္ပဲဝတ္တနတ္ထ'; citation 'ဝိသုဒ္ဓိ၊ ဋီ ၁'
204864	sukhaparivesanaṭṭhāna	quotation fragment 'သုခပဝေသနဋာန'
204867	sukhapāramippatta	quotation fragment 'သုခပါရမိပ္ပတ္တေ'
204868	sukhaposanattha	headword '၅ ခပေါသနတ္ထ (ပု)'
204873	sukhappaṭipadā	analysis '[ သုခါ .- ပဋိပဒါ'; citation '(ကင်္ခါ။ ၁၀၃)'
204874	sukhappaṭibujjhana	quotation '----သုခသယနတာ …'
204875	sukhappaṭibodha	run-on text 'ပဋိလဘ (၂) ] ချမ်းသာ သုခ-ကိုရခြင်း'
204877	sukhappaṭisaṁvedana	stray '['
204879	sukhappaṭisaṁvedī	next headword '၃ သုခပ္ပဋိသံဝေဒီပဒ'
204881	sukhappaṇidhipaṭikkhepa	stray '----'
204882	sukhappatta	quotation 'ဣတော တွံ …'
204883	sukhappatti	stray '----'
204885	sukhappavattanattha	stray '----'
204886	sukhappavatti	stray '----'
204889	sukhappavattihetu	stray '၂]'
204892	sukhapphala	stray 'သ'; quotation 'သုခပ္ဖလန္တိ …'
204893	sukhapharaṇa	stray '----'
204894	sukhaphassa	next headword '၅ သုခဖလ' inside the text; fragment 'ဝေတိ,'
204895	sukhaphala	debris 'နို'; quotation fragments 'သုခုဒြယာနီ။ ၂၀၀၊ သုခုဒြယော'
204896	sukhabahula	quotation '---မနုဿေသု ဥပပန္နံ …'
204898	sukhabhaŭjanasamāna	stray '['; fragment 'တော'
204899	sukhabhaŭjanīya	quotation 'သုခဘဉ္ဇနီယတော …'; citation 'ဝိသုဒ္ဓိ၊ ဋီ၊ ၂ ၁၆'
204901	sukhabhāga	stray '] ]'
204902	sukhabhāgiya	analysis 'သုခဘာဂ +ဣယ'; stray '၁'
204905	sukhabhūmi	quotation fragment '(၁) (၂) သုခဘူမိယ'
204906	sukhamadamatta	source tag 'အဘိ'; headword 'ခမာမတ္တ (တိ) [ း]'; stray '"'
204907	sukhamahatta	stray ']'
204910	sukhayati	form 'သုခါပယတိ'
204914	sukhayāpanīya	opposite term 'ကသိရ'
204916	sukharasa	quotation fragment 'ပဝိဝေကသုခရသဿာ'; citation 'ဝိသုဒ္ဓိ၊ ဋီ၊ ၁ဝ'
204917	sukharahita	quotation fragments 'နိရယေသူ။ အသမ္မိဿဿာ'; next headword '၆ သုခလက္ခဏ'
204920	sukhalahusaññā	quotation fragment 'ဧဝံ "'; number '(-၃၂-'
204921	sukhalahusaññokkamana	quotation fragment '---- ရူပသင်တဿ'
204927	sukhavaḍḍhika	quotation 'သုခုဒြယာ တိ သုခဝမိကာ'
204928	sukhavaḍḍhita	stray '(၇)'; marker '(၁)' before «S2» (quotation marker?)
204930	sukhavatthuka	quotation fragment 'န သုခဝတ္ထုကာနီ'; citations 'ပဋိသံ၊ အဘိဓာန် (အ-ဝဂ်) ၁၂ ပ-မ-သ-စ'; next headword '၇ သုခဝသနတ္တ'
204933	sukhaval̤aŭjana	stray '----'
204934	sukhavāsa	fragment 'သုခဝါသတ္ထ'
204938	sukhavidhāna	stray '[', '---'
204940	sukhavināsana	stray '['
204942	sukhavinicchaya	source tags '(ဗား၊ သျ'; quotations '(၁) သုခဝိနိစ္ဆယ … (၃) သုခဝိနိစ္ဆယ'
204948	sukhavipallāsahetu	stray '----'
204949	sukhavipāka	stray '(၇)'; citations '(၂ အံ၊ ၆ ၃၁၄။ သု ဋိသံ၊ ၉ ၂'; quotations 'သုခမာယတိက', 'သုခဝိပါကာ တိ …'
204950	sukhavipākakamma	quotation 'န ဟိ ဘဂဝတော …'
204952	sukhavipākajanaka	stray '--.'
204954	sukhavipākadāyakakamma	next headword '၉ သုခဝိပါကပစ္စုပဌာန' inside the text; quotation 'သုခပ္ဖလ (၄၂၂ န္တိ …'
204955	sukhavipākapaccupaṭṭhāna	source tag '(မူလဋီ၊ သျ)'
204956	sukhavipākavacana	quotation '---တံ ပဟရိတုံ …'
204958	sukhavipākavipaccana	stray '---'
204961	sukhavipākasadda	analysis 'သုခဝိပါက + သဒ္ဒ'
204963	sukhavipākasabhāva	quotation 'အနဝဇ္ဇလက္ခဏမေဝါ'
204968	sukhavisesa	tail of the preceding article 'ဘာနာ ] သုခကို စက်ဆတ် မန် န သောဘာဝနာ။ ----။'
204970	sukhavisesanipphādaka	citation '(ပေတ။ ၁၆၂'
204973	sukhavisesasaññā	citation 'ဣတိဝုတ်၊ ဌ။ ( မ'
204974	sukhavisesahetu	analysis fragment '[ သုခဝိ'; citation 'ဝိ ၁'
204975	sukhavisesādhiṭṭhāna	analysis fragment 'အဓိဋ္ဌာန'; stray 'သုခဝိ'; quotation 'အတိသေတိ သီလံ … ဝိသေသာဓိဋ္ဌာနဘာဝတော'; citations 'ဦ ၂၈၇။ ဦ'
204976	sukhavihāra	stray 'မြန်မာ' and brackets; quotations after the sense numbers '(၁) သုခဝိဟာရော …', '(၃) သုခဝိဟာရာ'; citation fragments
204977	sukhavihārakāma	analysis 'ကမု + ဏ'; intruding 'သုခဝိဟာရဌာန'; citation fragments '၁၀၃)', '၁၀၂]'; run-on articles sukhavihāraṭṭhāna ('the place / region where one dwells happily') and sukhavihārattha ('the benefit of dwelling happily') with quotations 'သုခဝိဟာရာကာမာ', 'သုခဝိဟာရတ္ထာယ'
204980	sukhavihāraphalasabbhāva	quotation fragment 'ာသုဝိဟာရော'
204982	sukhavihārasambhava	'----'
204984	sukhavihārijātaka	verse quotation 'ယဉ္စ အညေ နက္ခရန္တိ … အနပေက္ခဝါ'; page number '၁၅၈'; stray '၂' and run-on heading 'သုခဝိဟာရိဇာတကဝဏ္ဏနာ'
204988	sukhavedanantara	citation 'ဣတိဝုတ်၊ ၉ ၁၇၉'
204989	sukhavedanassāda	stray '['
204991	sukhavedanākkhaṇa	'----'
204992	sukhavedanājanakakamma	quotation fragment 'သုခဝေဒနီယ'
204994	sukhavedanāpaṭilābhapaccaya	stray ') ၃'; heading of the next article 'သုခဝေဒနာဝိပါက'
204995	sukhavedanāvipāka	stray '['
204996	sukhavedanāsadda	quotation 'သုခ-သဒ္ဒေါ ဝိယ … သမာနတ္ထတ္တာ'
204999	sukhavedanāsampayuttadhamma	stray ']'; quotation 'သုခသဟဂတာ'
205000	sukhavedanāsahita	analysis 'သဟ + ဣ + တ'
205001	sukhavedaniya	second copy of senses (1)–(5); quotation fragments 'သုခဝေဒနိယ', 'သုခဝေဒနီယ'; '---'; stray '၄' and heading of the next article 'သုခဝေဒနုပရမ'
205004	sukhavokiṇṇa	run-on article '(-သုခသံဝဗျ (တိ) [ [' with its gloss ('grown / advanced / increased in happiness')
205006	sukhasaṁvaḍḍhita	quotation 'သုခေဓိတော တိ သုခသံဝိ တော'
205007	sukhasaṁvattanika	analysis 'သုခ သံဝတ္တန + ကဂါ'
205008	sukhasaṁvaddha	stray 'န'
205013	sukhasaññā	second copy of senses (1)–(6) with quotation fragments 'သုခသည်။ သုခသည်။' and '---'; stray '၅' and heading of the next article 'သုခသညာပဋိပက္ခ'
205015	sukhasaññī	fragments '[ သု။ (-အဘိ၊'
205016	sukhasaññokkamana	stray 'သု'
205017	sukhasata	quotation 'ဣဒံ ဝုတ္တံ ဟောတိ … အာနိသံသသတာနိ ဒေတိ'; citation '] ၁ ၂၂၃'
205018	sukhasattu	quotation fragment 'အန္တစရော။ ”တိ'
205019	sukhasadda	grammarian's note '(ဘဗျာ ပဇ္ဇ-သင့်)'; quotation fragment 'ဒိဿတိ'
205021	sukhasannissaya	fragments '၍။ ---။ -----။ --၊-။'; heading and analysis '--သန္နိဿ (တိ) [သုခ သန္နိဿယ'; run-on articles sukhasabhāva ('having a happy nature') and sukhasamaṅgī ('endowed with happiness; endowed with sukhavedanā, said of a person'); quotation fragment 'ဒုက္ခာဒုက္ခမသုခဝေဒနာန'
205024	sukhasamadhigama	quotation 'သုခပဋိလာဘာ'; citation 'ဒီ၊ ဋံ ၃'; run-on article sukhasamappita (တိ) ('fully endowed with happiness ⟦သုခ⟧')
205026	sukhasamācāra	stray '၁၆'
205027	sukhasamuddaya	stray 'ချမ်း'; quotation 'သုခသမုဒ္ဒယေ'; citation '(ဣတိဝုတ်'
205028	sukhasampatti	citation 'မိ ၃၉၆'; quotation fragment 'တထာရူပံ ဣဿ်။ ---'
205029	sukhasampanna	'----'; citation '၁၆၇'; quotation fragment 'သုခိနော'
205030	sukhasampayutta	citation 'သု ၆'; quotation and citation fragments 'တိ ာ ် အတ္ထော။ ဝိသုဒ္ဓိ၊ ဋီ၊ [စ]] ၁၀၈-၉။ ကာယဿ … ဗလဝဘာဝတော ၅'
205031	sukhasampayuttakāyagatāsati	analysis '[ သုခသမ္ပ-န္ဒ။ ]'; stray 'ယ', 'ဠ'
205032	sukhasamphassa	stray 'နြ'; quotation fragment 'န္နော'
205033	sukhasamphassavatthadāyaka	stray 'ုပ္ပါဒ', 'သမံ'
205035	sukhasamphassavikasitapadumasampaṭicchana	stray '] ]'; citation 'အံ၊ ဋီ၊ ၁ဝ'
205037	sukhasambhāsapubbaka	stray '['; stray '၈' and heading of the next article 'သုခသမ္မတ'; 'သသ၂၂'
205039	sukhasammissa	quotation fragment 'ဧကန္တဒုက္ခ'
205040	sukhasayana	repeated sense numbers '(၁) ----။ (န) (၂)'; quotation 'သော သတ္တာဟမတ္တံ … ယသံ ဝဏ္ဏေတွာ'
205042	sukhasayita	quotations '(၁) ဥပသင်္ကမီ', '(၂) အသုခသယိတာနီ', 'သုခသယိတာနံ တီ။ သုခသယိတာနီ'; citation 'ဒီ၊ ဌ ၂'
205045	sukhasahagata	stray '၉' and heading of the next article 'သုခသဟဂတဒုက'; citation 'ဝိသုဒ္ဓိ၊ ဋီ ၁ဝ'
205049	sukhasahacariyā	'----'
205051	sukhasāmañña	quotation fragment '“ဧတန္တိ ] ပဌန္တိ'
205052	sukhasāmaṇera	stray ']' and '] "'
205053	sukhasāmaṇeravatthu	stray 'သ'; quotation 'အဋုပ္ပတ္တိ။ သုခသာမဏေရဝတ္ထု'
205054	sukhasāmisādippakāra	citation 'သူ ၁၅၇'; stray '၅' and heading of the next article 'သုခသာရု'
205056	sukhasārasāra	stray ']'; fragments 'ါ။ ဝူဠနိ၊'
205058	sukhasārāgī	stray 'မါ'; heading 'ခသာရာဂီ (တိ) ]'
205059	sukhasāsana	quotation 'ရာဇာ တေ ပါတောဝ … အာဟရ ထာ'; citation 'အပ ၂၂၀-၁'
205060	sukhasāsanasavana	analysis 'သုခသာသန + ဿန (နား)'; stray '"'
205065	sukhasiddhinimitta	stray ')' and heading of the next article 'သုခသီဗ္ဗန'
205068	sukhasīla	citation 'ဝိသုဒ္ဓိ၊ ၁ဝ'; fragment 'ပကတိပီ'
205071	sukhasuññata	stray 'ချမ်'
205072	sukhasutta	'ပါဠိ' after the vagga name; citation 'သ ၄၀၇'
205073	sukhasuttavaṇṇanā	quotation 'သုခသုတ္တဝဏ္ဏနာ နိဋ္ဌိတာ'
205074	sukhasupana	citation 'ဣဇ ၆'; repeated '(န) (၂) ] ၂'
205075	sukhasubhādi	garbled gloss '[ ဦး သုအငီရိသော'; quotation 'ဒုက္ခက္ခန္ဓဿာ တိ … သုခသုဘာဒီနံ'
205076	sukhaseyyā	second copy of the gloss 'ာ သာစွာအိပ်ရခြင်း'; quotation 'န ဘိက္ခဝေ … နန္ဒတိ'; citations 'အံ၊ ၂ နြ ၄၆၉။ ဟေတု၊ ၅'
205077	sukhaseyyapucchana	analysis '[ သုခသေယျ န ပုဋ္ဌန ုည-'; citation '၂၀၊'
205078	sukhasevanādhimutta	garbled gloss '[မြရင် နူန ူ သော'; quotation fragment 'သုခလ္လိကာနုယောဂ'; citation '(၁၀၇ ၍ ၅၄'
205079	sukhasomanassabahula	stray 'ူ။ ဒတာ', '] ဟီး'; quotation 'သုခသောမနဿဗဟုလော' with fragments; citations '(သံ၊ ၂ ၆ …)', 'ဣတိဝုတ်၊ ဌ။ ၁ဝ၇'
205082	sukhassāda	stray quotation marks
205083	sukhassādavatthubhūta	fragments 'တေ ဝါ အဘိဓာန် (အ-ဝဂ်) ၁၃ ပ-မ-သ-စ ၃'; heading of the next article 'သုခဿာဒါဓိမုတ္တ'; quotation 'ဘဝသာတဝတ္ထူ ဒုပ္ပမုဉ္စာ'; '၉၀ဝ'
205088	sukhahetunipphādana	citation 'ဝိမတိ၊ ၃ု'
205089	sukhakāra	stray ']'
205090	sukhākārapaṭikkhepa	stray '['; quotation 'အဘိဏှပဋိပီဠိနာကာရသင်ါတော'
205093	sukhādiggahaṇa	quotation fragment 'ကာမဉ္စေတ္ထ'
205094	sukhādighāta	quotation 'သုခါဒိယာတေန … ဟောန္တီတိ'; citations 'ဝိ၊ ၆ ၁။ ပဋိသံ၊ ဌ၊ ၁ ၁၇၉။ ဝိသုဒ္ဓိ၊ ဋီ၊ ၁ဝ'
205095	sukhādita	quotation fragment 'ယဏိုပ္ပဟရ-ဏာဒိဝုတ္တဝိဓာနဿ'
205098	sukhādinimitta	stray '['
205101	sukhādippahāna	stray '['
205102	sukhādibheda	repeated '(၂) --'
205105	sukhādivatthubhūta	quotation 'သုခါဒိဝတ္ထုဘူတ'
205106	sukhādivipariyāyābhāva	'----'; citation 'ဝိသုဒ္ဓိ၊ ဋီ ၂'
205108	sukhādivisesa	'----'; quotation 'ဧတ္ထာပိ တံ-သဒ္ဒေန … ဝေဒိတဗ္ဗော'
205109	sukhādivedanā	'---'
205112	sukhādivedanāvisesa	quotation 'တေတိ “ဝေဒနေကဒေသော”'
205114	sukhādisaṅkhāta	quotation 'သုခါဒိသင်ါတာနံ တိဿန္နံ'
205116	sukhādisannissayabhūta	quotation fragment 'သုခါဒိသဘာ'
205117	sukhādisabhāva	label / bracket fragment 'ပ) ]။'
205122	sukhādhimutta	'--'; quotation 'သုခါဓိမုတ္တော စီဝရာဓိမုတ္တော … သေနာသနာဓိမုတ္တော -၁၊'
205125	sukhānisaṁsa	quotation 'သုခသမုဒ္ဒယေ'; citation '(ဣတိဝုတ်။ ၂၀၆)'
205126	sukhānugama	stray ']'; quotation fragment 'တိအာဒိမာဟ'; stray '၇' and heading of the next article 'သုခါနုဂမနဝစန'; '၁၀၁'
205127	sukhānugamanavacana	stray '"'
205131	sukhānupassī	heading 'သုခါနုပဿံ (တိ)'; citation 'သး ၄၀၆'
205132	sukhānuppadāna	heading of the next article 'သုခါနုပ္ပဒါနကထာ' before the gloss; quotation 'စိတ္တနိဂ္ဂ-ဟော … အဓိဂယှ မနသိကာရော'
205135	sukhānuppavesa	citation 'သာရတ္ထ၊ ၁ဝ'
205136	sukhānubandha	quotation 'သုခကာမော,'; run-on article sukhānubhavana '(န) ] ချမ်းသာ အစဉ်ခံစားခြင်း' ('the continuous experiencing of happiness'); '----'; '၁၀'
205137	sukhānubhavana	fragment 'တော'
205139	sukhāpaṭipada	citation 'ဝိသံ ၂'
205140	sukhāpaṭipadā	stray '['
205142	sukhāpana	quotation 'သရီရသုခဂိဒ္ဓဿာ'
205143	sukhāpita	analysis '(အာပိ) + တ'; stray 'ဩူ'
205144	sukhāpeti	label fragment '(ကာ၊ ကြို။ တေ။'; grammarian's note 'သက္ကတပိဋက'
205145	sukhāpetuṁ	fragment '(ဏျ'
205147	sukhāpeyya	quotation '(၁) သုခါပေယျာ'
205148	sukhābhāva	quotations 'န ရမာမီ', 'သုခါယာ'; citation '(ဣတိဝုတ်။ ၂၈၄)'
205153	sukhābhisaṅga	stray ']'; garbled bracket '( ပါရာဇိကဏ်၊ သျ၊ မအူ)'
205154	sukhāyati	'----'; quotation fragment '“သုခံ ]'
205157	sukhāyanā	tail of the preceding article's gloss '---------။ -။ --ကို-ဆောင်ရွက်-ပြုလုပ်-တတ်-သော'; quotation fragment 'သု. မာယတိက'; heading and analysis 'န္ဒွါယနာ (ထီ) [ + ဏေ + ယု … ]' with grammarians' notes (-သံ, -ပြာ)
205158	sukhāyita	analysis and grammarian's note '[ သု. ခေ + အ+ တ … ဒ-ကို ယ-ပြု … သုခါဒိတ-သံ။ ]'
205159	sukhārammaṇa	stray ']'; fragment 'ု းသာလွယ်ကု' (start of the next article's gloss)
205161	sukhārohana	'---'
205162	sukhālaya	quotation 'တာ ပန သဗ္ဗကာလံ … နိရန္တရဒုက္ခာ-'
205165	sukhāvagāha	run-on article 'သုခါဝဂါဟဏ (န)' with a grammarian's note on the root (gāhu, not gaha) and its gloss ('the entering comfortably; the making easy to enter / easy to take'); citations 'သံ၊ ဌ၊ အံ၊ ဋ္ဌ၊'
205166	sukhātagāhaṇaṭṭhāna	run-on article 'သုခါဝဂ္ဂဟဏ (န)' with a grammarian's note on the doubled ဂ and its gloss ('the entering comfortably and taking')
205167	sukhāvataraṇa	'----'
205168	sukhāvadhāraṇa	quotation 'ဧဝံ သန္တေပိ … ကရိဿာမ'
205169	sukhāvabodha	repeated sense numbers '(၁) … (၇) (၂) ----'; quotation fragment 'န ဟိ'
205170	sukhāvabodhana	quotation 'သုခါဝဗောဓနတ္ထ'
205172	sukhāvaha	stray '"'
205173	sukhāvahakāraṇa	stray '၂' and heading 'သုခါဝဟန'; quotation fragment 'အနတ္ထသံဟိတော'
205175	sukhāvāsahetu	stray '“'
205178	sukhita	analysis with grammarians' notes '] သုခ + တ။ မောင်၊ သုခီတ-သံ။ သုဟိအ-ပြာ။ သုဟိယ-အဒ္ဓမာဂဓီ။ ]'; first copy of senses (1)–(5); quotations 'သုခိတ', 'တေနာဟ “သုခသမပ္ပိတ’န္တိ-အာဒိ'
205180	sukhitacitta	run-on article 'သုခိတဇန (ပု)' with its gloss ('a person who has reached happiness; a happy person')
205187	sukhindriya	stray ')'
205188	sukhindriyattha	citation 'မူလဋီ၊ ၄'; heading of the next article 'သုခိန္ဒြိယနိရော'
205189	sukhindiyanirodha	stray '[ ['
205190	sukhindriyanirodhagāmī	analysis '[ သုခိန္ဒြိယနိရောဓ န ဂါမီ ဂမု + ဏီ၊ ထီ-၌ --ဂါမိနီ။'; quotation 'သုခိန္ဒြိယနိရောဓဂါမိန်'
205192	sukhindriyapahāna	fragment 'ဓိ ခိ ယဝဂ်'
205193	sukhindriyavagga	bare number '၂၅၊'
205194	sukhindriyavippayuttacitta	fragment 'ပင်၏။ ၁၅၃'
205196	sukhindriyasampayutta	analysis '[ သုခိန္ဒြိယ သမ္ပယုတ္တု'; stray 'ဉ'
205197	sukhindriyasampayuttacitta	'----'; fragments '၃ု။ သုခု'
205199	sukhippa	stray '[' and fragments 'သုဒု', 'ူ ကာလံ'; source references 'ဝီလျှံ။ အက်ပတေး၊ ခိပ္ပ-နှင့် မုဟုတ္တ- အဖွင့်'; citation 'သုခ ၁၀၃။ ၆'
205200	sukhinī	analysis '[ ဣနီ'
205201	sukhī	quotations '( ပရိဟရာမီတိ', 'သုခိနော တိ … သုခသမ္ပန္နော' with stray 'သ', 'ဇ'
205202	sukhuggahaṇadhāraṇa	quotation fragments 'သုတ္တနိ၊ သုခီ'; heading 'စ္စိဟဏဓာရဏ (ထီ၊ န) [ + ာရဏ]'; quotation 'နိဒါနေသု ိကာသလ္လတ္ထံ၊ သုခုဂ္ဂဟဏဓာရဏံ'; run-on articles sukhuccāraṇa ('easy recitation; being easy to recite', quotations 'ပဒသန္ဓိကရော', 'ုခုစ္စာရဏဝသေန'), sukhuttama ('supreme happiness') and sukhudraya ('(1) having the growth of happiness, apt to increase happiness; (2) … (3) having a happy / good fruit'); citations '၁၉၂)။ ၂ ၂၆'
205205	sukhudraya	quotation fragment 'တိ သုဒဖလော'
205206	sukhupekkhābheda	'----'; citation 'အနုဋီ ၃'
205208	sukhuppattiupāya	stray '""'
205210	sukhuppattikāla	'----'
205212	sukhuma	quotation 'သုခတေတိ သုခုမံ ကပ္ပဒ္ဒုမ'; grammarians' notes 'သုက္ခမ-သံ။ သုဟုမ-ပြာ၊ အဒ္ဓမာ ဂဓီ'; first copy of senses (1)–(5); quotation 'သုခုမာန'; fragment 'ဘတိ'
205213	sukhumaattabhāva	stray '['; quotation 'ဒုဿမုဌာ ပယာ'
205214	sukhumaatthantarapaṭivijjhanasamattha	analysis 'အတ္ထန္တရ ပဋိဝိဇ္ဈန သမတ္ထ]'; stray 'သိဝီ', 'ူူ['
205215	sukhumaassāsapassāsanimittārammaṇa	repeated heading 'သုခုမအဿာသပဿာသနိမိတ္တာရမ္ပဏ (တိ)'
205216	sukhumaka	quotation 'သုခုမကမ္ပိ (ပ)'
205217	sukhumakaṇhalomacitta	quotation 'ကဏ္ဋဉ္ဇ-နဿေဝါ'
205220	sukhumakaraṇasannissaya	analysis fragment 'န သန္နိဿယ'
205223	sukhumakāsikavattha	quotation fragment 'ဝတ္ထက'
205225	sukhumacandana	quotation 'ကာသိကစန္ဒနေနာ'
205227	sukhumacuṇṇa	stray ']'
205231	sukhumacchavilakkhaṇavaṇṇanā	quotation 'သုခုမစ္ဆဝိလက္ခဏဝဏ္ဏနာ'; fragment 'သုဒုမန္စိ'
205232	sukhumacchika	quotation fragment 'ပသု, ကေနာ'
205233	sukhumacchikajāla	fragment 'ပ'
205235	sukhumacchiddaka	quotation 'တေလေန အဆဍ္ဒေ့န္တော နင် ပုရော'
205237	sukhumajātiloma	stray ']'
205239	sukhumañāṇagocara	citation 'သီ၊ ၁'
205240	sukhumañeyyagahaṇasamattha	citation 'ဒီ၊ ဋိ၊ [၆] ၁၃၃'
205241	sukhumaṭṭha	intruding '၏ သုခုမဌာန'
205242	sukhumaṭṭhāna	'---'
205243	sukhumatama	citation 'ဝိသုဒ္ဓိ၊ ဋီ၊ ၁ဝ'
205245	sukhumatara	grammarian's note on the comparative suffixes tara, iya and the superlative tama, iṭṭha (sutta numbers, Pāṇini, the commentator's usage) with quotations 'ဒွိဝစနဝိဘဇ္ဇောပပဒေ တရ-ဣယာ', 'ဟိနုက္ကဋ္ဌုက္ကဌ-တရတမာနုက္ကမေန'; quotation 'အံ၊ အလာဗုလော-မသာနီ'
205246	sukhumatarakilesa	stray ']'
205248	sukhumataradhammupādāna	fragments '၁ သသ၂ ဝုတ္တာ'
205249	sukhumatarabhāvappatta	'--'
205250	sukhumatarabhāvappatti	stray '] ]', '-..'; citation '၁၉၀-၁'; run-on article 'သုခုမတရဘာဝါပတ္တိ (ထီ)' with its gloss ('the reaching of the state of being especially subtle')
205251	sukhumatararūpa	citation 'သာရတ္ထ ၃ ၂၀၅'
205252	sukhumatarasaddaggahasaṁsiddhi	quotation 'သုခုမသဒ္ဒါဝဇ္ဇနုပါယဒဿန္ဂိံ'; run-on article 'သုခုမတရသဒ္ဒနိမိတ္တာရမ္မဏ (တိ)' with its garbled gloss ('having as object the sign of a very subtle sound'); quotations 'သုခုမတရသဒ္ဒနိမိတ္တာရမ္မဏဘာဝတော', 'သုခုမတရသုခုမတမနိမိတ္တာရမ္မဏ ၂ ဝါ အတ္ထော'
205258	sukhumattacottata	stray '"'
205261	sukhumattabhāvappatti	quotation fragment 'အဗ္ဗောဟာရိကာ “'
205262	sukhumattasallakkhaṇa	stray ']'
205263	sukhumattābhāva	stray '[သုံး'; quotation 'အကုသလာနံ ကုသလာဒီဟိ … အာဂတဿ'
205264	sukhumatthadassana	stray 'သု'
205267	sukhumattharaṇādilābhī	grammar note 'ထီ-၌ လာဘိနီ'; citation 'ဒီ၊ ['
205269	sukhumadassitā	fragments 'သုခုမဒိဒ္ဒ ကဿ၂၂'
205270	sukhumadiṭṭhi	'(ပ)'; quotation 'သုခုမဒိဋီ’တိအာဒိ'; citation 'သံ၊ ဋ ၂'
205271	sukhumadiṭṭhipassaka	analysis 'သုခုမဒိဋိ + ပဿကါ'
205273	sukhumadiṭṭhivipassaka	citation '(ဣတိဝုတ်။ ၂၄၆)'
205274	sukhumadukūlayugal̤acchādana	quotation 'သုခုမဒုကုလယုဂဠစ္ဆာဒနံ ဝိယ … လစ္ဆာဒနံ'
205275	sukhumadosaharaṇa	garbled first gloss 'သွအြစ်တုကု မယိ ခြင်း'
205277	sukhumanaya	'----'
205278	sukhumanipuṇa	quotation 'သုခုမနိပုဏံ … န သက္ကောတိ'
205280	sukhumanipuṇapaññā	fragments 'ူ သုခုပနှာရု မေကာ'
205281	sukhumanhāru	quotation 'နှာရူ တိ သုခုမနာရု'
205282	sukhumapañña	quotation '‘“သုခုမပညာ”တိ'
205283	sukhumapañha	'---'
205285	sukhumapalāla	quotation fragment 'သြပု-နာပေတဗ္ဗ'
205286	sukhumapalālamissadhañña	fragment '၂၂၂၂'
205289	sukhumapīl̤akā	quotations 'ပီဠကာ', 'ပီဠကာတိ လောဟိတတုဏ္ဍိကာ သုခုမပီဠကာ'
205291	sukhumappavatti	quotation 'ကိလေသသမုဒါစရသင်ါတရဟိတ-တာယ'
205293	sukhumabrūhana	quotation 'သတိ ပန သမာနယောဂတော … သမ္ဘဝတိ'; text-critical note (in source 101 the reading is 'sukhumabrūhana'; in 18 'sukhabrūhana', which makes sense, so 'sukhabrūhana' should be the correct reading in 101 too)
205294	sukhumabhāvappatta	quotation fragment 'အနု(ဏုသဟဂတေ'
205295	sukhumabhāvappatti	citation 'သာရတ္ထ ၂'
205297	sukhumabhāvāpatti	quotation fragment 'အဝသေသာ မါ]'; citation 'ဋိ၊ မြူ ၂၂၇'
205298	sukhumabhāvāpādana	analysis 'သုခုမဘာဝ + အား'; '၄၀၇'
205299	sukhumabhūta	fragments '(သံယော ဟု။ -။ ----'; quotation 'အနုသဟဂတာ'
205301	sukhumamūla	fragment 'ဥ၅'
205304	sukhumarajasadisa	stray '၅' and heading of the next article 'သုခုမရူပ'
205305	sukhumarūpa	fragments '(သံ၊ ကြုံ ခု။ ၆၆ူ'
205309	sukhumarūpaduka	quotation fragment 'တတော "'
205312	sukhumalakkhaṇapaṭivijjhanaka	stray ']'
205313	sukhumalakkhaṇapariggāhakañāṇa	quotation 'သုခုမလက္ခဏပရိဂ္ဂါဟကဉာဏေနာ'
205315	sukhumavattha	'----'; quotation 'ထေရောပိ ဂတဋ္ဌာနေ … အဒါသိ'
205316	sukhumavatthanivattha	number '၂၈'
205320	sukhumavālukamissa	'-------'
205326	sukhumasaṅkhāra	number '၅၇' and heading of the next article 'သုခုမသစ္စသညာ'
205330	sukhumasadda	'---'
205331	sukhumasaddanimitta	trailing 'အောက်'
205332	sukhumasaddanimittārammaṇa	'----'
205334	sukhumasaddāvajjanupāyadassanattha	'---'
205338	sukhumasarīra	stray '၈' and heading of the next article 'သုခုမသဟဂတ'; fragments 'ဉ။ -။ -။ -။ -----။ -။ --။ -။ ---သ'
205339	sukhumasahagata	abbreviation 'အနု.'
205340	sukhumasāṭaka	number '၁၂၅;'
205343	sukhumasukhumatarasukhumatama	fragments '--- ပ ဂ'
205345	sukhumassāsapassāsanimittārammaṇa	repeated heading 'သုခမဿာသပဿာသနိမိတ္တာရမ္မဏ(တိ)'
205346	sukhumākāra	stray ']'
205347	sukhumāla	heading of the next article 'သုခုမာလကရဏ' and '၁၂၈'
205348	sukhumalakaraṇa	fragment 'ဥဥ'
205349	sukhumālakulaputta	analysis 'သုခုမာလ + ကုလပုတ္တု'
205352	sukhumāladārikā	stray '"'
205354	sukhumālapāda	stray '၍'
205359	sukhumālasarīra	quotation fragment 'သာလာယံ နိသိန္နံ သုဝဏ္ဏ-'
205360	sukhumālasoṇa	heading 'မာလသောဏ (ပ) ['; '၂၇၈-'
205361	sukhumālasoṇatthera	citation 'အံ၊ ြ ၁'
205364	sukhumālī	fragment 'သုခု ၄'
205367	sukhumasukhumarūpaüpaparikkhaṇavasa	quotation fragment 'တတော'
205369	sukhumupādāyarūpa	'---'; '(-'
205370	sukhumojā	quotation fragment 'တိ “'; citation 'သာရတ္ထ၊ ၃ု'
205371	sukhumojāpakkhipana	stray '၁' and heading of the next article 'သုခုမောဠာရိကဘာဝါပတ္တိဒေါသ'
205372	sukhumol̤ārikabhāvāpattidosa	stray quotation marks
205373	sukhūpakaraṇa	'---'
205374	sukhūpakaraṇapariccāga	stray ']'
205376	sukhūpanisa	fragments 'ဏီ။ ေ'
205377	sukhūpapatti	source tags '(သျ။', '(မြန်မာပြန်'
205379	sukhūpasaṁhāra	'--.-'
205380	sukhūpasaṁhārakata	fragment 'သု'
205381	sukhūpasaṁhārakāma	stray '၂' and heading of the next article 'သုခုပါပ'
205382	sukhūpāya	stray ']'
205386	sukhetta	fragments '(ဒ) ( (၂)'
205388	sukhettabhūta	quotation 'သုဘရိယာယာ'
205389	sukhetvā	citation '(သီ၊ ဋီ သစ်၊ ၃၄၈)'
205390	sukhedhita	quotations '(၁) သုခေဓိတော', '(၂) သုခေဓိတာ'
205392	sukhenti	label fragment '(နာမ၊ ကြို [။'; stray '၅)' and heading of the next article 'သုခေမ'
205394	sukhesī	quotation '(ခ) သုခေသိနော တိ သုာမိစ္ဆန္တော'
205395	sukhessāmi	label fragment '(ကာ၊ ကြို ]'
205400	sukhodaka	run-on article 'သုခေါပကရဏ (န) [' with its gloss ('the equipment of sukha'); '----'
205401	sugajjī	quotation 'မနုညဂါဒိတာယ'; run-on article 'သုသုဂကု (တိ) [' with its gloss ('to be taken / fit to be taken / able to be taken comfortably and easily'); heading 'သုဂတ” (တိ) [ + တ'
205403	sugata	stray '6', brackets and citation fragments '(၁) ], ၃။ ၁၉၉ (၂၃၄)။ (၂) သုဂတေ (၆]။ (ပေတ။ (သုဂတဓနီ၊ ပါကတ၊ န်၊ (၄) (၄၄၈]'
205404	sugata	analysis and grammarians' notes '[သု. ဂတ။ သု+ ဂဒ။ … ကပ္ပဒ္ဒုမ။ ]'; first, damaged copy of senses (1)(a)–(q) and (2); stray sense letters '(က) (ခ) (၇) (ယ) ၆)', '(ည) (ဋ) ((၂) (က) သေနံ (သောဏ)'; quotations 'သုဂတော တိ … ဝုစ္စတိ', '-သယမ္ဘူဉာဏေန … သုဂတော', 'သုဂတေသူ တိ … သာဝကေသု'; citations 'သာရတ္ထ၊ ၁ဝ။ ဝိသုဒ္ဓိ၊ ဋီ ၁'
205407	sugataṅgula	citation 'ဝိ၊ ကင်္ခါ'; debris '---ာာာာာတအာဿ၂၂'
205409	sugatacīvarappamāṇa	number '၂၂၅'
205410	sugatacīvarabhāṇavāra	quotation '"ဣဓ . နယေန ဝုတ္တ သတ္တကာ'; run-on article 'သုတ (' with its gloss ('the Dhamma of the Buddha; the Dhamma taught by the Buddha'); citation 'သံ၊ မြ ၁'
205413	sugatanvayaajjhupagamana	heading '(သုဂတာနွယဘဇ္ဈုပဂန'
205414	sugatapatta	fragment '၌[။'
205419	sugatapasattha	quotation 'သုဂတပသတ္ထ'; citation 'ဇာ၊ ၆၊'
205421	sugatalakkhaṇa	intruding '၀ သုဂတဝရ' (heading of the next article); quotations 'သုဂတာပဒါနေသူ', '“သုဂတာ” "သုဂတလက္ခဏေသူ”'
205423	sugatavidatthi	quotation 'နိသီဒနသန္ထတံ ပန … ဒုဗ္ဗဏ္ဏကရဏာယ'
205427	sugatasāvaka	quotation fragment 'ဝိသဋ္ဌော [ သု'
205428	sugatasuta	quotation fragment 'ယော [ သု'
205429	sugatātiritta	quotation 'ဧဝမေသ သုဂတာတိရိတ္တာနိ ဘုဉ္ဇတိ နာမ'
205433	sugatālaya	tail of the previous article's definition 'တော်တို့ဖြင့်-အဖန်ဖန်-ဆေးဆိုးအပ်- ခြယ်သ ထားအပ်သော' (belongs to 205432); page number '၁၃၅'; headword fragment 'တာလယ (ပု၊ န) ['; '(၁)----'; citation 'ထေရိ၊ ဠ်'
205435	sugati	grammarian's bracket '[သု.။ သောဘနာ (သောဘဏာ)။ သုဂက္က-ပြာ၊ အဒ္ဓမာဂဓီ။'; citations and fragments 'တ်၊ ၁ သုဂ (ဣတိဝုတ်။ ၂၀၄)။ ဣတိဝုတ်၊ (၂ သုဂတိ။ (ဣတိဝုတ်၊ ဋ္ဌ။ ၇၀)'
205436	sugati	grammarian's note 'ကပ္ပဒ္ဒုမ။ သုဂတိနော-၌ သာရမတိနော-၌ကဲ့သို့ နိရုတ္တိ ၁၇၁-ဖြင့် စီရင်။'
205439	sugatikāmabhava	'['; citation 'မ၊ ဋ၊ မာ့'; next headword fragment 'သုဂတိကာမဘဝေကဒေသ ၃'
205442	sugatigamana	'['
205443	sugatigamanapaṭipakkha	quotation fragment 'ဒသအကုသလကမ္မပထာ'
205445	sugatigāmi	run-on articles 'သုဂတိဂါမိကမဂ္ဂ (၇) [ … လမ်းခရီး', 'သုဂတိဂါမိကမ္မ (န) ] … ကံ', 'သုဂတိဂါမိပဋိပဒါ (ထီ) … အကျင့်'; quotations 'သုဂတိဂါမိကမဂ္ဂသင်ါတံ', '---ပါဏာတိပါတာ … အာရဘတိ'; citation 'ဝိသုဒ္ဓိ ၂'
205446	sugatigāmimagga	OCR debris 'သုဂတိ-ဝ သုဂတိဂ္ဂဟဏ'; quotation fragment 'ဇယင်မဂ္ဂါဒိတော'
205455	sugatipaṭikkhepa	citation 'သာရတ္ထါ ၃'
205457	sugatipaṭisandhininna	']'
205458	sugatipatha	quoted form 'သုဂတိပထော'; citation 'မဟာနိ၊ ဌ်'
205459	sugatiparāyaṇa	grammarian's notes '(သုဂတိပရာယန-သင့်) (တိ) [ (ပရာယန-သင့်)။ ]', '(သမ္ပရာယန-သင့်)'; quoted form 'သုဂတိပရာယဏော'
205461	sugatipariyāpanna	next headword fragment '၁ သုဂတိဖလ'
205462	sugatiphala	'['; fragment and citation 'တပ္ပစ္စယ သုဉ။ ၂ ၁၆၃)'
205463	sugatibhava	'['
205464	sugatibhavūpaga	quotation fragment 'ဘဝူပဂက္ခန္ဓာန'
205466	sugatibhavekadesabhūtakāmabhava	analysis 'သုဂတိဘဝေကဒေသ + ဘူတ + ကာမဘဝါ'
205467	sugatimagga	quotation 'သုဂတိမဂ္ဂံ နိဗ္ဗာနဂါမိမဂ္ဂဉ္စ ပူရေန္တိ'
205468	sugatimaggasaṁsodhaka	']'
205470	sugatilābhahetukaraṇa	'] ]'
205472	sugativisesa	'---'
205473	sugatisaṁvattanika	'['; citation debris '၉၉၊ ဝဒုဝ၃'
205474	sugatisaṁvattaniya	garbled headword echo '[သုဂတိ သံတ္တနိယ'; '-----------ဿ-'
205480	sugatūpaga	analysis '[ ဥပဂ ဂမု န ကွိ'; citation 'ပဋိသံ၊ ၆ ၂'
205485	sugatovādakāraka	fragment 'ကာရကဿာ ('
205486	sugatta	citations 'ဇာ၊ ၁ဝ။ (ဇာ၊ ၂ ၁၀၂၂'; next headword fragment '၃ သုဂဒ'
205487	sugada	analysis 'သု + ဂဒ'; '(ထ)'
205489	sugandha	grammarian's bracket 'သု + ဂန္ဓ။ သောဘနော (သောဘဏ သင့်)။ ကပ္ပဒ္ဒုမ။ ထောမ။ သုဂန္ဓ-သံ။ သုအံဓ-သုဂံဓ-ပြာ၊ အဒ္ဓမာဂဓီ။ ]'; second copy of senses (1)-(5) with quotations 'အတ္ထိ တတ္ထ သုဂန္ဓော ဒုဂ္ဂန္ဓောတိ', 'တဿ မာတာပိတရော -သုဂန္ဓောတွေဝ နာမံ အကံသု'
205491	sugandhakaṭṭha	quotation fragment 'ဂန္ဓကဋ္ဌာနီ'
205492	sugandhakathā	quoted form 'သုဂန္ဓကထ'
205496	sugandhakaraṇḍaka	citation 'အပ၊ ပြု ၂'
205503	sugandhajāti	citation 'သာရတ္ထ ၃'
205507	sugandhattha	quotation fragment 'ဝဏ္ဏဂန္ဓတ္ထာယာ'
205508	sugandhatthera	run-on heading '၅) သုဂန္ဒတ္ထရဂါထာ'; citation 'ဥ၉-၁၀၀)'
205509	sugandhattheragāthā	reference 'ခုဒ္ဒကနိကာယ၊ ထေရဂါထာပါဠိ၊ ၁နိပါတ်၊ ၃-ဝဂ်၊ ၄-ဂါထာ'
205513	sugandhanānādalalaṅkata	quotation fragment 'သုဂန္ဓနာနာဒလ-လင်္ကတာ စ'
205518	sugandhabhāvattha	quotation fragment 'ဝဏ္ဏဂန္ဓတ္ထာယာ ၂၆'
205524	sugandharukkha	'၁၄'
205525	sugandhalepana	OCR debris '] ကောင်း ဟီ။ ----၏'
205526	sugandhavāsana	fragment 'စန္ဒ ('
205529	sugandhasarīra	']'
205531	sugandhasālibhatta	next headword fragment '၇ သုဂန္ဓ္ဒသာလိဘောဇန'
205533	sugandhi	grammarian's note 'ကပ္ပဒ္ဒုမ။ နိရုတ္တိ-၌ ဣ-ပစ္စည်းဟုဆိုသည်။ … ပါဏိနံ ယခင်သုတ်အဖွင့်မှာကြည့်။' (on the -i suffix, and sugandha = naturally fragrant vs sugandhi = made fragrant); variant-reading note '(၁၆၆-၌ သရီရဝိဿဂန္ဓိနော၊ သရီရဿ ဝိဂန္ဓိနော-ဟု ပါဌ်ရှိသည်)'
205541	sugayha	next headword fragment '၈ သုဂဟိတ'
205542	sugahita	citation 'ဒီ၊ ၉ ၂'
205543	sugīta	quotation 'သာ ခေါ . ဂါထာ သုဂီတာ နော ဒုဂ္ဂီတာ'; second copy of sense (2) 'သုဂီတာနုရူပ-ကြည်'; citation '(ထေရ။ ၃၃'
205544	sugatītānurūpa	headword echo '[ သုဂီတ နုရူပ'; quotation fragment 'ယထာသုဂီတ'
205545	sugītīyati	grammarian's bracket '(နာမ၊ ကြို [ သု်ီတ + ဤယ + တိ။ … သုဂီတီယန္တာ-ပုဒ်ရင်း။ ]'; OCR debris '၍၏---၏-၏၏၏'
205547	sugutta	quoted forms 'သုဂုတ္တာဒါယိကာမ' (partly), '(၁) သုဂုတ္တော'
205550	suggati	grammarian's note 'သုဂတိ-ပုဒ်ရင်း။ ဆန်းငဲ့၍ ဂူ-ဒွေဘော်ရှိသည်။ သုဂတိ-သံ၊ သုဂ္ဂဣ-ပြာ။'; next headword fragment '၉ သုဂ္ဂတိဂါမီ'
205554	suggahita	empty quotation marks; quotation 'သုဋု ဂဟိတံ ဟောတိ … ဥပဓာရိတံ'
205557	suggahitanimitta	stray 'သု'; quotation 'သုဋ္ဌု ဂဟိတသမာဓိနိမိတ္တော အဿ'
205559	suggāha	stray 'သူ'
205561	sughana	quotation 'သုဋု ဝိရုဠှေ … ဝဒန္တိ'
205562	sughananicitapattapalāsapallava	'['
205563	sughara	grammarian's bracket '[သု. ဃရ။ ကပ္ပဒ္ဒုမ။ သုလဟ-သံ။ သုဃရာ-ပြာ။ ]'; quoted form 'သုဃရ'
205564	sughora	headword echo 'ီဃာရ (တိ) [ သု + ဃောရ]'; run-on article 'ိဃာရရူပ (တိ) အလွန် ကြမ်းတမ်း- ကြောက်မက်ဖွယ်ကောင်းသော. သဘော- အဆင်းသဏ္ဌာန်ရှိသော'; citation and next headword 'သုဇာ၊ ကံ (ပု၊ န) ['
205565	suṅka	grammarian's bracket '+ အ။ သုက် သုက်။ … သုံက-ပြာ၊ အဒ္ဓမာဂဓီ။'; tail '(၁) သုက်။ သုက်။ သုင်္ကဃာတ။ ------၏--မေ တတ္တကော အဟု။ ထေရီ၊ (၄) သုကိယ'
205566	suṅkakoṭṭhāsa	quotation fragment 'ဩဓိသုက'
205567	suṅkagahaṇattha	stray '[သုက်'; quotation 'သုင်္ကဂဟဏတ္ထာယ ဌပိတာ ပရိပန္ဒိကာ'
205568	suṅkaghāta	quotation 'သုင်္ကဃာတန္တိ … သုင်္ကဃာတတော'
205569	suṅkaghātaka	quotation 'ကိန္တု ဝါ “ “သုင်္ကဃညာတကော”၊ ['
205571	suṅkaghātakakathāvaṇṇanā	quotation 'သုင်္ကယာတကကထာဝဏ္ဏနာ နိဋိတာ'
205576	suṅkaṭṭhānapariccheda	quotation 'သုင်္ကဋ္ဌာနပရိစ္ဆေဒံ ဒုတိယံ အတိက္ကာ-မေတိ'
205580	suṅkasaṅketa	next headword fragment '၂ သုင်္ကသာလိက'
205581	suṅkasālika	grammarian's bracket '[ သုင် သာလာ + ဣက၊ ဂုလ္ဏဂါလိက-သံ။ သက္ကတပိဋက။'; analysis 'သုင်္ကသာ လား အကောက်ရုံး' (suṅkasālā = customs house); reading note '(စာကိုယ် သုင်္ကသာယိကဿ-ဟုရှိသည်။ သုင်္ကသာလိကဿ-ဖြစ် သင့်ပါသည်' (the text has suṅkasāyikassa, read suṅkasālikassa)
205582	suṅkāraha	run-on article 'သုကိက (တိ) [ သုက် + ဏိက။ … ] ကင်းဝန်မင်း အကောက်ခွန်အရာရှိ၊ အခွန် ကောက်ခံသူ။'; 'သုက (န) သုက် . ဣယ။ ဣယ-ပစ္စ အနက်ထူးမရှိ။ သုက် (၄) တနက်ကြည်၊ သုကီယ ကို။'
205585	sucanda	grammarian's note 'သု+ စန္ဒ။ သုစန္ဒြ-သံ။'; debris '၆', '(၂ “ ဟ။ -အ။ (သီ-'
205586	sucandaka	quotation '(၂) မဟာသတ္တောပိ +-သုစန္ဒကံ ပါသာဒံ အဘိရုဟိ'
205587	sucandana	run-on article 'သုနော (ထိ) [ သုစန္ဒ + အာ။ ဗုဒ္ဓဝံ၊ ၃၅၂. စန္ဒာ-ဟုရှိ၏။ ] (ပိယဒဿီဘုရားရှင်၏ မယ် တော်) သုစန္ဒာဒေဝီမိဖုရား။ မာတာ'
205590	sucarita	grammarian's note 'သု+ စရ+ တ။ ကာယသုစရိတ-မုခ်ဦး။ သုစရိတ-သံ။ သုစရိအ-ပြာ၊ မိ။'
205592	sucaritakammanibbatta	quotation 'သုစရိတကမ္မနိဗ္ဗတ္တာ … နိဗ္ဗတ္တာ'
205594	sucaritakammānubhāvanibbatta	'---'
205595	sucitakammābhinibbatta	'---'
205596	sucaritakārī	']'
205597	sucaritakoṭṭhāsa	citation '(သျ၊ ဓမ္မဂုဏေ ရတ။ ၄၈၁'
205598	sucaritacaraṇa	'( သူ'
205599	sucaritatapa	quoted form 'တပေါ'; citation 'ဇာ၊ ပြု ၄'; next headword fragment 'သ ၅ သုစရိတတ္တယ'
205600	sucaritattaya	'] ]'
205601	sucaritadhana	headword echo 'သုစရိတ နေ]'
205602	sucaritadhamma	quotation fragment 'တံ၊ ဓမ္မော'
205604	sucaritanibbatta	citation 'မူလဋံ၊ ၂ ၁၂၄'
205606	sucaritapāripūrī	'(-'
205613	sucaritasutta	next headword fragment '၅ သုစရိတာဒိဘေဒ'
205614	sucaritādibheda	quotation 'အရဟတံ အရဟန္တာနံ ဗုဒ္ဓပစ္စေကဗုဒ္ဓသာဝကာနံ ဓမ္မံ'
205615	sucārī	grammarian's note and debris '၃ စရီ။ ထိ-၌ သုတနု'
205616	sucāru	quoted form 'သုစာရူ'
205617	sucārudassana	']'; quotation 'သုစာရုဒဿနာ နာမ၊ ---- စက္ကဝတီ မဟဗ္ဗလာ'
205618	sucārurūpa	citation '(-၃၁၃-၆၁)'
205619	suci	citation 'အက်ပတေး' (Apte) in sense 12; second copy of senses (1)-(12) with quotations 'သုစီဟီ။ ပါပေန ရမတီ … ဝိယ', '(ဥဒါန ၁၄၈) တိ ဥဒကေန သုစိ … န ဟောတိ', 'ဓနဉ္စယော, ဇလနော … နာမာနိ' and citations 'ဓာန်', 'ဓာန်၊ ဋီ။ ၁ဝ၄', 'ပီဌ းန။ (က၊'; «S1» and «S2» (printed in the second copy) kept at their places
205620	sucianavajjadhamma	'----'; citation 'ထေရ ၆'
205621	sucika	garbled 'မှန်ကန်သော သမီ ဝ ဝ ဝင်ခြင်းကို'; run-on article 'မူစိကတ (တိ) ဖြူ ပြုအပ်သော၊ ဆေးအပ်ပြီးသော' (sucikata: made white, washed)
205627	sucikārī	grammarian's note '[ + ဏီ။ ထီ-၌ ကာရိနံ။'
205628	sucigandha	debris 'နော၊ ကြာ'; quotation fragments 'သုစိဂန မ္မ', '၂) သုရဘိဂန္ဓံ'
205629	sucigandhavāyana	'----'
205630	sucigavesi	grammarian's note '[ + ဏီ။ ထီ-၌ သုစိဂဝေသိနီ။'; quoted forms '(က) သုစိဂဝေသိနော။ (ခ) သုစိဂဝေသိနော'; citation '၂ ၂၆'
205634	suciṇṇa	grammarian's note 'သုစီဏံ-သံ။ သုစိဏ္ဏသုစိန္န-ပြာ၊ အဒ္ဓမာဂဓီ။'; quoted forms '(၁) သုစိဏ္ဏံ။ သုစိဏ္ဏ'
205635	suciṇṇavasībhāva	headword echo '[ သုစိဏ္ဏ ဝသီဘာဝ'; citation 'ဒီ သီ၊ ဋီ၊'
205636	suciṇṇasāmañña	citation '၂ ၂၀'
205638	sucitta	text of sucitā 'ဖြူစင် သန့် ရှင်း-စင်ကြယ်-မှန်ကန်-သည်၏အဖြစ်-ခြင်း' with citations 'ဓာန်။ ၁ဝ၈၇။ ဓာန်၊ သုစိတ္တာတိ)'; grammarian's bracket '[သု+ စိတ္တ။ ကပ္ပဒ္ဒုမ။ သုစိတြ-သံ။' and '(သုစိတ္တကောင်းသောစိတ်ရှိသော၊ ဝီလျံ)' (Monier-Williams: 'having a good mind'); second copy of senses (1)-(2)
205639	sucitta	citation '၂၉၁ ဟီ။ ---အ'; quotation 'ဝိသာခပုဏ္ဏမာယ ပဒက္ခိဏတော ဥပါဂမိ'
205643	sucittapattachadana	citation 'ဇာ၊ ပြု ခြံ ၂၅၀'
205646	sucitti	grammarian's note 'သု + စိတ္တ။ ဝေပစိတ္တိ, သုဂန္ဓိ-ပုဒ် တို့ကဲ့သို့ -ကို ဣ-ပြု။ ၅ ၄။ သုစိတြ-သက္ကတပိဋက။ သုစိတြက-သံ။ ]'
205649	sucitra	grammarian's note 'သုစိတြ-သံ'
205651	sucidhamma	run-on text '(၂)[ သုခက။ သုစ၌တ-ပု်တု့မှ က-တ-တိ့ကိုချေ) သု်န္ဒကထေရ်။ (သုစိ တ ထေရ်။' with headword fragment 'သုန'
205655	sucintita	stray '(၇)' (twice); second copy of senses (1)-(2) with quotation 'သုစိန္တိတံ နာမ ပစ္စေကသမ္ဗုဒ္ဓံ အာဗာ-'
205656	sucintitacintita	tail of 205655 '(၃) (အတ္ထဒဿီဘုရားရှင်ထံ ဆုန်ခဲ့ သည့်) သုစိန္တိတထေရ်။ (၄) … (၅) သုစိန္တိတ စကြဝတေးမင်း။'; headword echo 'စိန္တိတစိန္တိတ (တိ) [ သုစိန္တိတ + စိန္တိတ'; citation 'ဒီ၊ ဋီ ၂'
205657	sucintitacintī	run-on article 'စိန္တိတတ္ထေရ (ပ) သုစိန္တိ (၂) ကြည့်' (a see-reference)
205659	sucindhana	grammarian's notes 'နိဂ္ဂဟိတ်လာ။ သီ-မူ၌ သုစိန္ဓရ-ဟုရိ၏' (the Sinhalese edition reads sucindhara); debris 'ဟီ။ ------'
205660	sucindhanuyyāna	run-on article 'သုစိန္ဒရ (တိ) [+ အ။ ] (၁) သန့်ရှင်း-စင်ကြယ်-သောမြေ အဘို့ရှိသော … (၂ သုခိန္ဓရပုဏ္ဏား။ (ထီ) (၃) သုစိန္ဓရနဂါးမ' with quotations and 'သုိန္ဒရနာဂီ (ထီ) သုစိန္ဓရ နဂါးမ'
205661	sucindhara	'ကြည့်'
205663	sucipaṇḍaracchada	quoted form 'သုစိပဏ္ဏရစ္ဆဒါ'; run-on articles 'သုဓိပရိဝါရ (တိ) (၁) စင်ကြယ် သောခြဲအရံရှိသော။ (ပ) သုစိပရိဝါရ သူဌေး။ …', 'သုစိပရိဝါရသီလ (တိ) …', 'သုစိပရိဝါရသေဋ္ဌိ (ပု)'
205664	suciparivāra	'ကြည့်'
205669	sucipurisa	'(['
205672	sucibhāvapaṭisedhanamukha	'----'
205673	sucibhāvasīla	citation 'အံ၊ သု'
205677	sucimaṁsūpasecana	']'
205679	sucimāladhārī	tail of another article 'ဖြူစင် -မွေးကြိုင်- ခြင်းရှိသော။ (၃) (မင်္ဂလ ဘုရားလောင်း၏) သုစိမာမည်သောပြာသာဒ်'; headword echo and grammarian's bracket 'မာလဓာရီ (တိ) [ + ဏီ။ ထီ-၌ --ဓာရိနီ။ ]'; run-on article 'ီမိတ္တ (တိ) ဖြူစင်-သစ္စာရှိ-သော မိတ်ဆွေရှိသော'
205681	sucimukhī	'('
205682	sucimukhīsutta	reference 'သံယုတ္တနိကာယ၊ ခန္ဓဝဂ္ဂသံယုတ္တပါဠိ၊ ၇-သံယုတ်၊ ၁၀-သုတ်'
205683	sucimukhīsuttavaṇṇanā	stray '['
205684	sucimhita	citation 'ဝိမာန၊ [ သ ၆'
205685	sucira	grammarian's note 'ကပ္ပဒ္ဒါမ၌-မူ " တို့ကို ပရိယာယ်အဗျယပုဒ်ဟု ပြသည်။ ဤအလို "သုစိရံ (ဗျ) ဟု" ဆိုရာ၏။'; 'သုစိရမ-သက္ကတပိဋက။ သုခိရ-ဝီလျံး]'
205686	sucirakāla	garbled see-reference 'သုစိ) ကြည်'
205688	suciraṭṭhitika	headword echo 'ီရဋ္ဌိတိက (တိ) [ + က ]'
205690	sucirata	fragment 'စိရတ-'
205691	sucīrata	citation 'ဇာ၊ ဋ္ဌ၊ ၅ ၅၈'
205694	sucirahita	debris '(တ်)', 'မပါ'
205698	sucivatthanivattha	quoted form 'သုစီ'
205699	sucivasana	next headword fragment 'န သုစိဝါရိသမ္ဘဝ'
205701	sucivāla	quoted form 'သုစိဝါလာ ('
205702	sucivutti	citation 'ကင်္ခါ ဋီ၊ သစ်'
205706	sucisamatala	quotation 'ဆာယုဒကသမ္ပန္နော … ဘူမိဘာဂေါ'; citation 'ဒီ၊ ၂ ၂၁၃'
205707	sucisamatalarājamagga	quotation 'ပုထုစစ္စရ-စတုက္ကသန္ဓိသိယာဋကံ … သုဝိဘတ္တအန္တရာပဏံ'
205708	sucisamācāra	quotation fragment 'သုစီဟီ'
205710	sucisammata	quotation 'အဇညံ ဇညသင်ါတံ'; citation 'ဝိသုဒ္ဓိ၊ ၁ဝ'
205711	sucisallekharatūpasevita	quoted form 'သုစိသလ္လေခရတူပသေဝိတေ'
205712	sucisallekhavutti	quoted form and citation 'သုစိသလ္လေခဝုတ္တိနာ (ကင်္ခါ။ ၈၃)'; next headword fragment '[ သုစိသဟာယ ၁၂၃'
205714	sucisātasītalajalāsayaparivārita	'--'
205718	sucisīlasamācāra	stray 'သူ'; quotation 'သုစိ-သီလသမာစာရံ၊ ထေရံ ဗုဒ္ဓသိရိဝှယံ'
205723	sucel̤a	grammarian's note 'သု+ စေလ. သုစေလ သုစေဠ။ သုစေလ-သံ။'
205724	sucodayanta	next headword debris '၅ သုစ္စဇ ၂၂၂၂၂' inside the gloss
205725	succaja	grammarian's note 'သုတျဇ-သံ'
205726	succhanna	grammarian's note 'ဆ-အက္ခရာ ကြောင့် "ဆေစ"၇၂-သုတ်ဖြင့် ဒွေဘော်စီရင်။ ကာမစ္ဆန္ဒ၊ တာလစ္ဆာယာ၊ ဆတ္တစ္ဆာယာ-စသည်တို့လည်း နည်းတူ။'
205727	succhannagehasadisa	stray 'သဒိသ'
205729	succhavi	grammarian's bracket '[သု.။ ဆာ + ဝိ။ ဆ-ဒေ ဘော်ရောက်ပုံ သုစ္ဆန္န-ကြည့်။ ]'; quotation 'သုဝဏ္ဏကမ္ဗုတလဝဋ္ဋသုစ္ဆဝီ'
205731	succhinna	grammarian's note 'ဆ-ဒွေဘော်ပြု ပုံကို သုစ္ဆန္န-ကြည့်။ သုစ္ဆိန္န-သံ။ အဒ္ဓမာဂဓီ။'
205733	suchaḍḍana	reference and debris 'အဘိဓာန် (အ-ဝဂ်) ၁၇ ပ-မ-သ-စ သ သုဆဍ္ဒိတ'; '(သီ၊ မူ)'
205738	suchuddha	grammarian's bracket '[ သု. ဆုဘ + တ။ သု + ကွဗ္ဗ-သံ။ သု + ဆုဒ္ဓ-ပြာ။'; quoted form 'ဆုဒ္ဒါ'
205740	sujaggitatara	citation 'ဝိ၊ ဝိ၊ သင်္ဂဟ'
205741	sujacca	grammarian's note 'သုဇာတျသုဇန္စ။ သမာသန္တ အ-ပစ္စည်း။ သုဇာတိယ-သံ။'
205743	sujanahadayaparitosajanana	quotation 'သုဇနဟဒယပရိတောသဇနနတ္ထံ တထာဂတေန'; citation 'ပဋိသံ၊'
205745	sujampati	stray '"။'
205746	sujaya	quoted form '(၂) သုဇယာ'
205747	sujava	grammarian's notes 'သုဇဝသ်-သံ', 'သောဘန (သောဘဏ-သင့်)'
205748	sujā	grammarian's and lexicon notes 'တနည်း သုဇာ + ဏ။ ဓာန်၊ … သက္ကဿ ဘရိယာယဉ္စ။ ဓာန်၊ (ပတ္တသ္မာ) တိ (သျှစ်)။ ကပ္ပဒ္ဒုမ။'; quotations and citations 'ယည်-လနတ္ထာယ။ ဒီ၊ ဌ၊', 'ယာဂယဇနတ္ထာယ သုဇာ ဟောတိ', '(၃) သက္ကဿ ဘိက္ခဝေ … ပဇာပတိ၊ တသ္မာ'; next headword fragment '၉ သုဇာကိရိယ ၁။ သုဇာ။ သုဇာ။'
205750	sujāta	quoted forms '(၂) သုဇာတ။ (၃) သုဇာ-တာန'
205751	sujāta	first-copy debris '၃) သုဇာလုလင် (ညာရှိ့။ (ဝ) (တရာဏသီမြို့သား)', 'ဝ'; second copy of senses (2)-(15) with citations 'ဇာ၊ ၆၂ သုဇာတကုမာရ ၂', quotations '“သုဇာတကုမာရော”', 'တဿ (အဿကရညော) ဇေဋ္ဌာယ … ဝသတိ', and reference 'သံယုတ္တနိကာယ၊ နိဒါနဝဂ္ဂ သံယုတ္တပါဠိ၊ ၁၀-သံယုတ်၊ ၅-သုတ်'
205752	sujātakumāra	quotation '“သုဇာတကုမာရော"'
205753	sujātakhattiyakumāra	citation '(သျ)'
205754	sujātagatta	'------အ'
205755	sujātagumba	quoted form and citation 'သုဇာတဂုမ္ဗာ (ဝိမာန။ ဥဝ)'
205760	sujātatthera	next headword fragment '၃ သုဇာတတ္ထေရီ'
205763	sujātasadda	quotation 'သုဇာတသဒ္ဒေါ ဝုတ္တံ'
205766	sujātājīvaka	']'
205769	sujātā	second copy of senses (1)-(11) with debris 'ာာာာာာာဿာဿ ၃၄၅', 'ပြ၊' and quotation '-၏-၏-----နာတိအာဒိကာ သုဇာတာယ ထေရိယာ ဂါထာ'
205770	sujāti	grammarian's note 'သုဇာတိ-သံ။ သုဇာက္က-ပြာ။'
205775	sujānanīyatthapariccheda	next headword fragment '၅ သုဇာပရိယာယ' inside the gloss
205776	sujāpariyāya	'['
205777	sujāmukha	']'
205781	sujita	quoted form 'သုဒုဇိတ'
205782	sujīva	grammarian's note 'သုဇီဝ-သံ'
205785	sujjhati	grammarian's bracket '(ကြို။ သုဇ္ဈက္က-ပြာ၊ အဒ္ဓမာဂဓီ။ ]'; list of inflected forms '(၂) သုဇ္ဈေ။ သုဇ္ဈတိ-သုဇ္ဈန္ဒိ … သုဇ္ဈေယျု-သုဇ္ဈိဿာမိ-'
205786	sujjhana	analysis 'သုဓ ယ + ယု။ သုဇ္ဈတိ -မှ။ ]'
205787	sujjhanākāra	quotation 'သုဇ္ဇတီ” "ဒီဃရတ္တ”-န္တိအာဒိ ဝုတ္တံ'
205788	sujjhanti	'(ကြို။', ']'
205791	sujjhāpetvā	'+ တွာ ]'; run-on article '၃ သုဇ္ဇိတုံ(ဗျ) [ သန့်ရှင်းစင်ကြယ် - ခ ဖြူစင်ခြင်းငှါ။ သီလေန (' (sujjhituṁ: in order to be clean / pure / white)
205792	sujjhituṁ	debris 'သုဇ္ဈိတု ရူ ဖိုင် ('; run-on article 'သုဇ္ဇိဿာမိ (ကြို သန့်ရှင်း သူ စင်ကြယ်-ဖြူစင်-ကုန်-အံ့-လတ္တံ့- လိမ့်မည်' (sujjhissāmi: will be clean / pure / white)
205793	sujjhissāmi	fragment 'တိအာဒယော (။'
205794	sujjhe	reference 'သုဇ္ဈတိ (၂) ၃'
205795	sujjheyya	'(ကြို ]'
205797	sujhāpita	quotation 'သုရာပိတ အင်ါရ-သဒိသံ'
205798	suñña	first copy of senses (1)-(11) with OCR debris; quotations and citations '၁၂၅) ာရဒ္ဓဝိပဿကေဟိ )။ မ၊ဋီ၊ သုညာယာ', 'သုညော ၃၄၈)။ ဝိသုဒ္ဓိ၊ (', '၃၅၇)', '" စာ သုည်', 'သဒ္ဒဗိန္ဒု။ ကာဒိ ဋာဒိ … ဆပ္ပစ္စယ-ဒီပက'
205799	suññaka	quoted form 'သုညက'; next headword fragment '၈ သုညကထာ ၂၂၂၂၂'
205800	suññakathā	debris 'ဂ'; reference '(ပဋိသံ။ ၃၅၈-၆၆-၌ အကျယ်ကြည့်)'
205801	suññakappa	stray '"'
205803	suññakaraṇavācā	quotation 'ပိယဘာ-ဝဿဿ သုညကရဏဝါစံ'
205808	suññageha	citation 'အဘိ၊ ]'; run-on gloss 'သတ္တဇီဝမှ-ဆိတ်သုဉ်း-ကင်းဆိတ်-သည်၏ အဖြစ်ဟူသော အနက်, သဘော'
205810	suññaṭṭhāna	quotation 'အဗ္ဘောကာသေ သုညဋ္ဌာနေ'
205811	suññata	second copy of senses (1)-(9) with citations 'စာ။ စာ။ ပဋိသံ၊' and quotations 'အနတ္တတော ဒိသွာ … သုညတာ နာမ ဟောတိ', 'ဝုဋ္ဌာနဂါမိနီဝိပဿနာ သင်ရု-ပက္ခော', 'သုညတော သုညတော။ ] သ'
205812	suññatakathā	headword echo 'ကထာ (ထီ) [ သုညတ (တာ) + (တာ) ကထာ။'; debris '၁', 'ဖိုလ် စည်စွယ်၍ ဟောပြ'
205815	suññataṭṭha	quoted form 'သုညတဋေနာ'
205816	suññataṭṭhāvabodhābhāva	headword echo and analysis 'ညတဋ္ဌာဝဗောဓာဘာဝ (ပု) [ သုညတဌ + အဝဗောဓ + အဘာဝ ]'
205817	suññatattha	stray '(၇)'
205818	suññatadhamma	quotations '(၁) သုညတဓမ္မဿာ သင်ါတသုညတာသဘာဝဿ။ (၂) သုညတဓမ္မဿာ တိ “'
205819	suññatanāma	'['
205821	suññatapaṭipadā	quotation 'ဣတော ပရံ သုဒ္ဓိကသုညတာ ဟောတိ'
205822	suññatapaṭisaṁyutta	quotation 'ယေ တေ သုတ္တန္တာ သုညတ ပဋိသံယုတ္တာ'
205826	suññatappaṭisaṁyutta	next headword fragment '၂ သုညတ(တာ)ဖလသမာပတ္တိ ၃၂၁'
205827	suññataphalasamāpatti	headword echo and analysis 'ဖလသမာပတ္တိ (ထီ) [ သုညတ (တာ) + ပတ်၊ ('; quotation fragment 'တိ ဧတေန ပဋိသေဓေတိ။ သုည"'
205828	suññatāphalasamāpatti	headword echo and analysis 'ဖလသမာပတ္တိ (ထီ) [ သုညတ (တာ) + ပတ်၊ ('; quotation fragment 'တိ ဧတေန ပဋိသေဓေတိ။ သုည"'
205829	suññataphalasamāpattivihāra	headword echo 'သုညတဖလ သမာပတ္တိ န- ဝိဟာရ'; quoted form 'သုညတဝိဟာရေနာ'
205832	suññatamanasikāra	headword echo 'မနသိကာရ (၇) သုညတ (တာ) + မနသိကာရ ]'; 'သုညတ (တာ)'
205833	suññatāmanasikāra	headword echo 'မနသိကာရ (၇) သုညတ (တာ) + မနသိကာရ ]'; 'သုညတ (တာ)'
205834	suññatamukha	headword echo 'မုခ (န) [သုညတ (တာ) + မုခါ'; quotation fragment 'ထေရ (ဝဒတိ'
205835	suññatāmukha	headword echo 'မုခ (န) [သုညတ (တာ) + မုခါ'; quotation fragment 'ထေရ (ဝဒတိ'
205836	suññatalakkhaṇa	headword echo 'လက္ခဏ (န) [ သုညတ (တာ) ]'; quoted form '(တာ)-လက္ခဏံ'
205837	suññatālakkhaṇa	headword echo 'လက္ခဏ (န) [ သုညတ (တာ) ]'; quoted form '(တာ)-လက္ခဏံ'
205838	suññatavagga	'] ['; next headword fragment '၃ သုညတဝါဒ'
205841	suññatavāra	run-on article '(တာ) ဝါရဒေသနာ (ထီ) သုညတ (တာ) ] သုညတ(တာ)ဝါရဒေသနာ၊ သုညတဝါရကိုဟောကြောင်းဒေသနာ'
205845	suññatavipassanā	headword echo 'ဝိပဿနာ (ထီ) သုညတ (တာ) ဝိပဿနာ]'
205847	suññatavimutta	quotation 'သုညတဝိပဿနာ-သင်ါါတေန'
205850	suññatavimokkhapaṭipakkha	analysis '[ သုညတဝိမောက္ခ ၄ သုညတဝိမောက္ခမုခ + ပဋိပက္ခ ]'
205851	suññatavimokkhamukha	quotation 'အတ္တသုညတာ ပါကဋာ … အာဟ "'
205855	suññatavihāra	headword echo 'ဝိဟာရ (၇) သုညတ (တာ ဝိဟာရ ]'; quoted forms '(၂) သုညတဝိဟာရေနာ။ သုညတဝိဟာ-ရေနာ (ဝဒတိ'
205856	suññatāvihāra	headword echo 'ဝိဟာရ (၇) သုညတ (တာ ဝိဟာရ ]'; quoted forms '(၂) သုညတဝိဟာရေနာ။ သုညတဝိဟာ-ရေနာ (ဝဒတိ'
205861	suññatākāra	citation 'ဝိသုဒ္ဓိ၊ ဋီ ၂'
205863	suññatādassana	quotations 'မဟာပည် ပူရေတိ', 'ပုဂ္ဂလဝသေန ဝုတ္တာယ သတိယာ'
205866	suññatādināmaka	headword echo 'သုညတာဒိနာမ န ကါ'
205867	suññatādināmalābha	'['
205869	suññatādisamaññā	analysis '[ သုညတာဒါ န+ သမညာ'
205870	suññatādīpana	quotation 'သစ္စသတ္တ ပဋိသန္ဓိပစ္စယာကာရပဋိသံယုတ္တံ သုညတာ ဒီပနံ ဂုယှဂန္ထ'
205871	suññatādhamma	quotation 'သုညတာဓမ္မဿ … အနုပဿိတဗ္ဗာ'; citation 'အဘိ၊ ဠ်၊'
205873	suññatānibbatti	']'
205874	suññatānupassanattha	quoted form 'သုညတာနုပဿနတ္ထာယ'
205877	suññatānupassanādhikāra	OCR debris '၏၏----၏-၏-၏'; quotation fragment 'ဓိကာရေ'
205879	suññatāpakāsanavāra	quotation '"ဧဝန္တိအာဒိမာဟ'
205882	suññatāpaṭisaṁyutta	quotation 'တေနာဟ “ခန္ဓဓာတုအာယတန-ပစ္စယာကာရပ္ပဋိသံယုတ္တာ”တိ'; run-on article 'သုညတာပဋိသညတ္တ (တိ) ရာဂစသည်တို့မှ ကင်းဆိတ် သော နိဗ္ဗာန်နှင့်စပ်ယှဉ်သော'
205890	suññatāppaṇihitanāmavantu	'['
205897	suññatārammaṇa	debris '(န) ( ဟီ။ ------'
205898	suññatāvakkanti	quoted form 'သုညတာဝက္ကန္တီ'
205902	suññatāvihārasamāpattattha	quotation 'သုညတာဝိဟာရသမာပတ္တတ္ထာယ -ဝိပဿနာဝသေန ဥပ္ပဇ္ဇန္တိ'; page number '၁၈၅'
205903	suññatāsahacarita	stray 'ကြည့်'; next headword fragment '၉ သုညတိ'
205904	suññati	label '(နာမကြို' (denominative verb)
205905	suññatupaṭṭhāna	headword echo 'ပဌာန (န)'; quotation 'အနတ္တတော မနသိကရောတော သုညတု-'
205911	suññapada	quotation fragment 'သာမိ (ပ)'
205913	suññabrahmavimānūpaga	stray 'န'; quotation 'သုညဗြဟ္မူပဂေါ တိ သုညဗြဟ္မဝိမာနုပဂေါ'; bracket and page number '၁၇၇'
205914	suññabrahmūpaga	stray brackets; run-on article 'သုညဘာဝ (၇) သုညတ္တ-ကြည့်။ သုညဘာဝ'
205915	suññābhāva	stray bracket and numeral '၁'
205916	suññabhāvappakāsana	quotation fragment 'ယထာဂဟိတာကာ-'; list of inflected forms with ---
205917	suññabhāvapaṭisaññutta	bracket fragment '[ သုညဘာဝ ပဋိသံယုတ္တံ'
205918	suññabhāvaparibrūhana	run-on article 'မူညဘူတ (တိ) ဆိတ်သုဉ်း ကင်းဆိတ်-သော'
205921	suññamāna	'--'
205922	suññavaca	source tag ဓာန် (Abhidhānappadīpikā)
205923	suññavana	stray bracket; garbled 'ဆိတ်ပြစ်အခးီ'
205924	suññavimāna	quotation fragment with OCR debris 'ပုဗ္ဗာစိဏ္ဏဝသေန ၍ီ၏၏၏ဝ---------ဂစ္ဆတိ'
205925	suññavimānapaṭibaddha	headword fragment 'ဋိဗဒ္ဓ (တိ)'
205926	suññavimānappaṭibaddha	headword fragment 'ဋိဗဒ္ဓ (တိ)'
205927	suññavirahita	quotation 'သုညဝိရဟိတဿ သုညတဋ္ဌာဝဗောဓာဘာဝတော အာဟ'
205928	suññavisesana	quotation fragment 'အဿာမိကတော'
205929	suññavihāra	source tag ပါစိတ် (Pācittiya)
205932	suññasabhāva	misread label '(၇)'; stray '၁'; next headword 'သုညသမ္ဗန္ဓ'
205933	suññasambandha	quotation fragment 'သုညသမ္ပန္ဓေနာ'
205934	suññasuñña	repeated sense numbers with '----'; quotation 'သုညသုညံ'
205936	suññāgāra	Sanskrit note 'ဝူနျာဂါရ-သံ'; stray bracket; quotation fragments and citations for senses 1–4; '(၄) သုည ဂါရဝဍ္ဎန-ကြည့်'
205937	suññāgāragata	stray '၈'
205938	suññāgāraggahaṇa	page number '၂၈၂'; run-on article 'သုညာဂါရပဒ သုညာဂါရ-သဒ္ဒါ'; debris 'ှ['
205939	suññāgārapada	stray '၃'
205940	suññāgārapadabhājana	stray 'ရပ်'
205941	suññāgārabhāva	debris 'ု )။ ရ'; run-on article 'သုညာဂါရာဗန (န)။ ဝိပဿနာဉာဏ်ကို ပွားစေခြင်း။ သမထ'; next headword 'သုညာဝါရဟတ (တိ)'
205943	suññāgārahata	stray 'တ်'; quotation fragment 'သုညာဂါရဟတာ' and OCR debris 'က်။ ၆ မီ။ ာ ] ခြင်း၊ ၂ ဟီ။ --၏-၏-၏--၏-ဂါရေသု'
205947	suṭṭhapita	synonym 'သုသမာဟိတ'; debris 'ရမ်'; next headword 'သုဌ္ဌပိတစိတ္တ'
205950	suṭṭhita	(2) quotation 'သုသမာဟိတော'
205951	suṭṭhu	second copy of senses with quotations 'သာဓုကမနုရက္ခာ', 'မယာ သုဌ ယာထာဝတော ဒိဋ္ဌံ' and citations
205952	suṭṭhukata	quotation fragment 'သောပါန'
205955	suṭṭhukicchavuttika	quotation fragment 'သုကိစ္ဆဝုတ္တီ'
205956	suṭṭhujātarohitavaṇṇa	quotation fragment 'သဉာတရောဟိ-တော'; page number '၇၀'
205957	suṭṭhutaraṁ	Sanskrit note 'သုဗ္ဘုတရမံ သံ'; quotations 'အဟံ ဝသနဋ္ဌာနံ မေ ဒါပေဟီ', 'စိန္တေတွာ သုဋ္ဌုတရံ ဘာယိ' and citation
205959	suṭṭhunissita	quotation fragment 'သာဓုနိသိတဿာ'
205960	suṭṭhubalava	stray brackets
205961	suṭṭhubhāva	stray bracket; citation 'ဝိ' and quotation fragment 'သံဃသုဋုတာယာ'
205962	suṭṭhuvikappita	quotation 'ဧဝမေဝ တွမ္ပိ -ဗိန္ဒုဿရေန သုဝိကပ္ပိတေန သုဋုဝိကပ္ပိတေန အဘိသင်္ခတေန'
205964	suṭṭhusaṅgahitaantojana	stray bracket
205965	suṇa	Sanskrit and Prakrit notes 'သုန ဥဏ', 'ဂုန-သံ', 'သုဏ-အဒ္ဓမာဂဓီ'; source tag ကပ္ပဒ္ဒုမ; note 'ခွေးပရိယာယ် ၁၃-ပုဒ်' (13 synonyms of 'dog'); sense (2) 'ဝရေ' with its textual note and quotation 'သုဏောပိ စာ'
205966	suṇa	Ardhamāgadhī note 'သုဏ-အဒ္ဓမာဂဓီ'; run-on article 'သုဏ (ကြို [ သု + အား +'
205967	suṇa	stray bracket
205971	suṇanta	debris 'သကာ အစ၊ ထိ-၌ သုက'; quotation 'အပဿန္တောပိ ဟိ ပဿန္တော ဝိယ အသုဏန္တောပိ သုဏန္တော ဟောတိ'; '(၂) ----'
205974	suṇamāna	citation; list of inflected forms of suṇāti with page numbers
205975	suṇanti	quotation 'ယထာပဋိပန္နာ မေ ဥဘော သဒ္ဒေါ သုဏန္တိ ဒိဗ္ဗေ စ မာနုသေ စ'; debris '( ၌'
205976	suṇantu	analysis bracket '(ကြို သု. ဏာ + အန္တု]'; quotations 'ဓမ္မဃောသော (ပ)', 'ဣမေ အနုဗုဒ္ဓ စတုသစ္စဓမ္မံ သုဏန္တု'
205977	suṇasādhāraṇa	quotation 'ဣဒံ ဟိ-. ယာ သုဏသာဓာရဏေဟိ လက္ခဏေဟိ ပညာပိယတိ'
205979	suṇasi	grammarian's note 'ဟိ။ ပဉ္စမီ-ဟိ-ဘတ်ကို ဝတ္တမာန် သိ-ဝိဘတ်ပြု'; 'see suṇāsi' inside the note ('ဝိဘတ္တိ-ပလ္လ သုကာသိ- ကြည်')
205980	suṇāṭu	analysis bracket '(ကြို သု + အား +'; stray bracket
205981	suṇāti	analysis bracket; Sanskrit, Prakrit and Ardhamāgadhī notes 'ဂုဏောတိ-သံ', 'သုဏက္က-ပြာ', 'သုဏေဣ၊ သုဏေတိ'; quotations and citations for each sense; root notes 'သု အဘိသဝေ။ အဘိသဝေါ နာမ ပီဠနံ မန္ထနံ', 'သု ဟိံသာယံ'
205983	suṇātha	analysis bracket '(ကြို သု. ဏာ + ထ]'
205984	suṇātha	debris '၍ ၂'; quotation 'သုဏာတထာ' with citation; stray bracket and 'သ'
205985	suṇāpetuṁ	analysis bracket '[သု ဏာန ဏာပေ + တုံ' and stray 'သ'
205986	suṇāma	analysis bracket '(ကြို သု + ဏာ+ မ'; quotation fragment 'သုဏာမ'
205987	suṇāmi	analysis bracket '(ကြို သု + ဏား+ မိ]'
205989	suṇāsi	label and analysis 'အာသိ (ကြို) [ သု + ဏာ + ဟိ'; grammarian's note 'ပဉ္စမီ ဟိ-ဝိဘတ်ကို ဝတ္တမာန သိ-ဝိဘတ်ပြု'; quotation fragment 'သုဏာသီ'; run-on article 'ဏာဟိ (ကြို [ သု + ဏာ + ဟိ ] (သင်) နားထောင် -ကြားနာ-ပါလော့-စေသတည်း'
205990	suṇāhi	stray '"။'; the article of suṇiṁ 'ဏိံ ကြို [သု. ဏား+ ဣံ] (၁) (ငါ) ကြားပြီ။ (၂ (ငါ) နားထောင်-ကြားနာ-ပြီ'
205992	suṇiṁsu	analysis 'သု အား'; synonym 'အဿောသုံ'; source tags ဝင်, အံ, ပဋိသံ
205993	suṇi	synonym 'အဿောသီ'; '---'
205994	suṇituṁ	analysis bracket '(ကြို သု + ဏား+ တုံ ]'; quotation 'အရဟာမဟံ ရဟဿကံ သုဏိတုံ သုမန္တနေ ဥပဂတေ'
205995	suṇitukāma	quotation 'အဟောသီတိ သော ကိရ ဩဟိတသောတော တံတံ ကထံ သုဏိတုကာမော'
205996	suṇitvā	'(သ)'; quotation 'ဣဓေကစ္စော သုတွာ သုဏိတွာ အဘိနန္ဒတိ'
205998	suṇimhā	'--..' and a stray quotation mark
205999	suṇisabhoga	quotation fragment 'သုဏိသဘောဂေနာ'
206000	suṇisā	debris 'ဏီ။ ၏၏-------'
206001	suṇisākāla	quotation 'သုဏိသာကာလေ ကတော ယသော တနိိဗ္ဗတ္တကပုညဿ နိဗ္ဗတ္တနေနာတိ အဓိပ္ပါယော'
206004	suṇissaṁ	analysis bracket '(ကြို သု ဏာ + ဿံ ]'; quotation fragment 'န သောဿ'
206005	suṇissati	analysis bracket '(ကြို သု + ဏာ ဿတိ ၂'; source tag အံ; run-on article suṇissatha 'သကိဿ ကကြ သု။ အား ဿထ] (၃) (သင်တို့) ကြား-ကုန်လတ္တံ့-ကုန်အံ့။ (၂) (သင်တို့) နားထောင်-ကြားနာ-ကုန်လတ္တံ့ ကုန်အံ့'
206007	suṇissanti	analysis fragment '[ ၃ အား ဿန္တိ'
206008	suṇissasi	analysis bracket '(ကြို သု. ဏာ + ဿသိ ]'
206009	suṇissāma	analysis bracket '(ကြို သု + ]'
206012	suṇemu	analysis bracket and grammarian's note 'ဧယျာမ-ဝိဘတ်ကို ဧမု-ပြု'; citation; run-on articles 'သုဏေယျ (ကြို [သုံ + ဏေ + ဧယျံ (၁) (ငါ) ကြားရာ၏။ (၂) (ငါ) နားထောင်-ကြားနာ-ရာ၏', 'သုဏေယျ (ကြို [ ကြည့်', 'သုဏေယျာထ … (သင်တို့) နားထောင်-ကြားနာ- ကုန်ရာ၏', 'သုဏေယျာမ … သုဏေယျာထ-ကြည့်', 'သုဏေယျ ('
206019	suṇoti	stray bracket; citation 'သံ၊ ဋီ၊ ၂ ၁၈၄'; root note '(၄) သု အဘိသဝေ'
206020	suṇotha	garbled analysis bracket '(ကြို သ + ဏော (က) တ'; stray 'တော'; debris 'ဟ၏------'
206021	suṇoma	analysis bracket '(ကြို သု. ဏော (ဏ) + မ]'; quotation 'တံ သုဏောမ ဝစော သုဏောမ ဥဂ္ဂဏှာမ ဓာရေမ ဥပဓာရေမ ဥပလက္ခေမ' and citation
206022	suṇomi	run-on article '(ဏ) သ] (သင်) ကြား၏'
206024	suṇohi	analysis bracket '(ကြို သု. ဏော (ဏ) + ဟိ ]'; run-on article 'သုဏတိ (ကြို [ သုဌိ + အ+ တိ။ ဂုဏ တိ-သံ ] ခြောက်သွေ့၏။ သုဏ္ဏတိ'
206027	suṇṭhī	analysis bracket; source tag ဓာန်; Sanskrit and Prakrit notes 'ရုဏ္ဏံ -သံ', 'သုံဌီ-ပြာ၊ အဒ္ဓမာဂဓီ'; grammarian's note 'သုဌီ သောသနေ၊ ဣ၊ သုဏ္ဍိ၊ ဤပစ္စယေ သုဏ္ဏီ'
206029	suṇhā	analysis bracket and grammarian's note 'သုဏိသာ- သုဏှာ။ သု + ဏှာ + အာ။ မဟာဝုတ္တိနာ အက္ခရသံခိတ္တံ ဟောတိ -အာစေရော အာစရိယော'
206030	suta	analysis bracket; note 'သုတသဒ္ဒါ၏ အတ္ထုဒ္ဓါရပြကျမ်းများ- ဣတိဝုတ်' (works giving the senses of suta); Sanskrit, Prakrit and Ardhamāgadhī notes 'ဂြုတ-သံ', 'သုအ-ပြာ', 'သုယ-အဒ္ဓမာဂဓီ'; start of the quoted copy '(၁) ကြားအပ်သော၊ ဝိ၊'
206031	suta	quotations 'သဒ္ဒါယတ နဿေတံ အဓိဝစနံ …', 'ပါရာဇိကုဒ္ဒေသာဒယော', 'ယံကိဉ္စိ သိက္ခိတာ အတ္ထာဝဟံ ဟောတိ'; source tag ပါစိတ်
206032	suta	page number and fragment '(၂၂၂ သိ္ခိတဗ္ဗယုတ္တကပရိယ'; quotations 'သုတော', 'သုတဉ္စာ တိ ကာရဏနိဿိတံ - သုတံ', 'သုတောဘိဓေယျလိင်္ဂိကော', 'သုတသဒ္ဒေါ တိ စ- ဂမနေ ဝိဿုတေ …'; source tags ဇာ, ဓာန်, ဓာန်၊ ဋီ; OCR debris 'ာံ', 'တံ', '[ ာ သိယာ', '၂၄၂ ၄) န)'
206033	suta	debris 'ာန။ နေတ္တိ၊ ာ )'; quotation 'သုတေနာတိ ရေး ပရိယတ္တိသဝနေန'; citations (Netti, Alaṅkāra ṭīkā, Vimāna, ဓာန်, မန်); analyses and Sanskrit/Prakrit notes of the run-on articles; sutā sense (3) 'သုတဗြဟ္မာတ်မင်း' and 'ဒါယာဒေါ'; '(သုတာ [ ထောင့်ကွင်းတွင်းကျမ်းများကြည့်)' (see the works in the square brackets); grammarian's note 'အဿတ္ထိတဒ္ဓိတ်ပုဒ်'; quotation 'သုတော'
206035	sutakata	quotation fragment 'အတ္ထမုပပရိက္ခတီ'
206036	sutakavi	stray bracket
206038	sutakāla	stray bracket; source tags 'အပ၊ မြုံ ၂'
206040	sutakkita	OCR debris '၂] ၁'
206041	sutakkhaṇa	debris 'ှ'; next headword 'သုတက္ခရသဒိသ'
206042	sutakkharasadisa	page number '၂၂၅'
206046	sutagandha	stray bracket
206047	sutaguṇa	quotation fragment 'သုတပရိယတ္တိသီလဂုဏ'
206050	sutacintāmaya	debris 'ဟ၏၏------၏'
206052	sutacintāmayapaññā	analysis bracket '[သုတစိန္တာမယ ဦ'
206056	sutaja	stray '၇'; next headword 'သုတဇာတ'; garbled '(ည) ပည် မုန်'
206058	sutajjita	quotation fragments '(၁) သုဒုဇိတ', '(၂) သုတဇ္ဇိတ'
206059	sutaṭṭhāna	quotation 'အဿ ဝစန သုတွာ ပဗ္ဗဇိံသု'
206062	sutattakanakasannibha	stray bracket
206064	sutadhana	quotation 'သတ္တ အရိယဓနာနိ +-သုတဓနံ စာဂဓနံ ပညာဓနံ'
206065	sutadhamma	quotations 'ပကာသိတဓမ္မဿာ’တိ' (twice), 'သုတဓမ္မော', 'သုတဓမ္မောသီ' and source tags သာရတ္ထ, ပါစိတ်
206066	sutadhammakathā	stray 'ဌ်၊'
206067	sutadhara	page numbers '၂။ ၂၄၀၊ ၂၉၇'; debris 'ဟ၏----------'; quotation 'သုတံ ဓာရေတီတိ သုတဓရော'
206072	sutanu	second copy of the senses; quotation fragment 'သုတန္န'
206075	sutanusutta	citation 'သံယုတ္တနိကာယ၊ မဟာဝဂ္ဂသံယုတ္တပါဠိ ၈-သံယုတ်၊ ၁-ဝဂ်၊ ၃-သုတ်'
206076	sutanū	grammarian's note 'ဝါမောရူပုဒ်ကဲ့သို့ ဣတ္ထိလိင်၌ ဦပစ္စည်းသက်' (like vāmorū, takes the suffix -ū in the feminine)
206077	sutapaccaya	stray bracket; page number '၄၀၈-'
206078	sutapaññāsāra	stray bracket
206079	sutapaṭibhānabahula	debris 'ဓဝ သုတပဒ ၇'
206081	sutaparama	quotation 'ဩဋ္ဌပ္ပဟတမတ္တေနာ တိ အာဒိနာ ဒွေ ဂါထာ သုတပရမဿ ပဏ္ဍိတမာနိနော ဝုတ္တော'
206085	sutapariyattisīlaguṇa	quotation 'သုတဂုဏံ ပရိယတ္တိဂုဏံ သီလဂုဏဉ္စ'
206086	sutaparisaṅkita	stray quotation mark
206091	sutappaguṇa	quotation fragment 'သုတာနဉ္စ ၁ သုတပ္ပယ ဓမ္မာန'
206096	sutabrahmadatta	stray 'ဥ၈'
206098	sutabbarūpa	quotation fragment 'သုတဗ္ဗရူပ'
206099	sutabhāga	stray bracket
206100	sutabhāvadīpana	debris 'ဦ။ ---'
206102	sutamaṅgalika	stray '၂'; next headword 'သုတမတီ' run in at the start
206103	sutamatī	stray 'ဤ'
206105	sutamantapadadhara	quotation 'မဟာရာဇ သဘာဝက္ကသိဘတ္တိကော သုတမန္တပဒဓရော'
206107	sutamayañāṇa	'----'
206108	sutamayañāṇakathā	'----'
206110	sutamayañāṇaniddesa	stray bracket
206111	sutamayañāṇamūlika	quotation 'သာ စ သုတမယဉာဏမူလိကာ'
206112	sutamayañāṇasaṁvaḍḍhita	stray '၃'; next headword 'သုတမယဉာဏသံဝဒ္ဓိတ'
206117	sutamayañāṇuppāda	stray bracket; quotation 'သမ္မုတိဝသေန ဒေသနံ … သုတမယဉာဏုပ္ပါဒဝသေန သုတွာ'
206118	sutamayañāṇuppādana	quotation 'သမ္ပုတိဝသေန ဒေသနံ … သုတမယဉာဏာနုပ္ပါဒနဝသေန သုတွာ'
206119	sutamayapaññā	stray '၁'
206121	sutamayapaññāggahaṇa	quotation 'ပါဠိယံ သုတမယ သုတ္တပဒသင်္ဂဟော အတ္ထော ပရိဂ္ဂဟိတော'; stray 'ဏ'
206124	sutamayīpaññā	'----'
206125	sutarahita	headword fragment 'တရဟိတ (တိ)'
206127	sutavaddhanī	source tag 'ထေရ' and stray 'သ'
206128	sutavanta	variant reading 'သုတဝန္တော (သီ၊ မူ)'
206129	sutavantanimitta	quotation 'သုတဝန္တနိမ္ပိတံ နိဟတပစ္စတ္ထိကံ ပစ္စာမိတ္တာနုပပီဠိတံ'
206130	sutavantasutta	OCR debris '၍၏၏၏၏---'; citation 'သံယုတ္တ-နီကာယ၊ ခန္ဓဝဂ္ဂသံယုတ္တပါဠိ၊ ၁-သံယုတ်၊ ၂-ဝင်၊ ၁၁-သုတ်'; run-on article 'သုတဝန္တ (တိ) … (၆) သုတဝါ သုတ်၂-သုတ်' printed twice
206134	sutavāsutta	citation 'အင်္ဂုတ္တရနိကာယ၊ နဝကနိပါတပါဠိ၊ ၁-ပဏ္ဏာသက ၁-ဝဂ္ဂ၊ ၇-သုတ်'
206137	sutavitta	quotation fragment 'သုတသောမော'
206138	sutavittaka	run-on article 'သုတပနစနံ(လု) အကြားအမြင များခြင်းကို-ဆုံးဖြတ်-တတ်-ခြင်းရှိ-သော'
206140	sutaviraha	quotation 'ဧတေနဿ သုတဝိရ-ဟသင်ါတဿ'
206141	sutavirahita	quotation fragment 'အပ္ပဿုတာ'
206142	sutavisaya	OCR debris 'ဝ၆' and next headword 'သုတဝီရ' inside 'အကြား … အမြင်'; '----'
206146	sutasadda	citations 'မ၊ ဣတိဝုတ်၊ (၂)'
206148	sutasaddasannidhāna	citation 'ဣတိဝုတ်၊ သ'
206150	sutasannicaya	stray bracket and page number '၅၄'
206153	sutasampanna	quotation 'ပဏ္ဍိတေ သုတသမ္ပန္နေ၊ မှိတ-'
206154	sutasāgara	quotation 'ဣဓ ကလျာဏမိတ္တော သဒ္ဓါသမ္ပန္နော ဟောတိ သီလသမ္ပန္နော'; headword fragment 'တသာဂရ (တိ)'
206156	sutasutakkhaṇa	page numbers '၂၇၁-၂'
206157	sutasutaṭṭhāna	stray 'ဥ၈'
206160	sutasuddhika	headword fragment 'သုတသုဒ္ဓိ က]'
206161	sutasoma	Sanskrit note 'သုတသောမ-သက္ကတပိဋက'; stray bracket
206162	sutasomakāla	citation 'ဒီ၊ ဋီ ၂'
206168	sutahetu	debris '" ဟီ။ -၏----'
206169	sutākāra	citation 'ဣတိဝုတ်၊ (၁၄၈)'
206177	sutādivatthurahita	run-on article 'သုတာဒိဝိဓိ (၃) [ ဗဟုဿုတ-အကြားအမြင်များခြင်-စသော အစီအရင်'
206178	sutādiviraha	'----'
206179	sutādivuddhipaṭipakkha	Pāḷi word 'ပဋိပက္ခ' at the start; '----'
206181	sutānuggahita	quotation fragments 'သုတာနုဂ္ဂ- [', 'သုတာနုဂ္ဂဟိတာတိ ဗဟုဿစ္စေန အနုဂ္ဂဟိ-'
206182	sutānurūpa	quotation 'သ ဧဝန္တိ သုတာနုရူပံ' and citation
206184	sutāvudha	citation 'ဒီ၊ ၉ ၃'
206185	sutāsuta	grammarian's note 'ဂါထာဖြစ်၍ ဆန္ဒာနုရက္ခဏ အကျိုးငှာ အာ-ဒီဃပြုထားသည်' (in verse, a lengthened to ā to keep the metre); citation 'အပါ ၂'
206186	sutāl̤ita	OCR debris 'ဟအအဤ'
206187	suti	page numbers '၅၁၃၊ ၅၅၈-နှာ'; source tags ကပ္ပဒ္ဒုမ, ကင်္ခါ, ဓာန်, ဓာန်၊ ဋီ; Sanskrit, Prakrit and Ardhamāgadhī notes 'ဂြုတိ-သံ', 'သုက္က-ပြာ'; second copy of the senses with citations; next headword 'သုတိက္ခ'; quotation 'သုတိကဏ္ဏော ဟီနော ဝိကလော ယဿာတိ သုတိဟီနော'
206190	sutiṭṭhati	run-on article 'သုတီတိက္ခ(တိ) [ + အ။ … ] ကောင်းစွာ-အလွန်-သည်းခံအပ် သော'
206192	sutitta	analysis 'တိပ + တ။ တိသ + တ'; synonym 'ပီဏိတ'
206193	sutittha	Sanskrit note 'သုတီထံ-သံ'; quotation fragment 'သုတိတ္ထာ'
206197	sutisamīpa	source tags 'က်၊ ဋီ၊ သစ်'
206199	sutu	analysis 'သု + တု'; textual note 'အံ၊ ဝု။ ၃၇-တို့၌ သောတု-ပုဒ်ရှိသည်' (the word sotu stands at A. vu. 37); source tag ပါစိတ်
206202	sutta	garbled sense '(၇) (၃) ျ (သတ္တဝါ'; quotations 'သုတ္တေသု', 'သုတ္တေ', 'သုတ္တပေါတော တိ ခုဒ္ဒပေါတော', 'ယော ရာဂေါ ဝိသတ္တိကာ သုတ္တံ' and citations; analyses and Sanskrit/Prakrit notes of the run-on article ('သူတြံ-သံ', 'သုတ္တ-ပြာ၊ အဒ္ဓမာဂဓီ' …) with OCR debris; the second copy of its senses
206203	sutta	analysis 'သုစ + တ။ သုစ ကိလေဒနေ'; source tags ကပ္ပခ္ဒုမ, ဓာန်; Sanskrit note 'ဂုတ္တ-သံ'; 'ဆေးရည်လုပ်ပုံကို ဝိ၊ ၇၂-၃-၌ကြည့်'
206204	suttaanugītivicaya	stray quotation mark
206205	suttaka	Sanskrit and Prakrit notes 'သူတြက-သံ', 'သုတ္တဂ-ပြာ၊ အဒ္ဓမာဂဓီ'; source tags 'ကင်္ခါ၊ ရီ၊ သစ်'
206206	suttakantana	stray '်'; next headword 'သုတ္တကန္တနကတက္က'
206208	suttakantanasalākāviddha	quotation 'သုတ္တကန္တနသလာကာဝိဒ္ဒါ ဂေါဠကာ-ဝနာတိ ဝုစ္စန္တိ' and citation
206212	suttakabaddha	'---'; run-on article 'သုတ္တကသဒီသ (တိ) ခတ် ချည်ကြိုး-နှင့်တူသော'; quotation 'မောရပိဉ္တပရိသိဗ္ဗိတာ'
206213	suttakāra	source tag 'ဝီလျံ' (Wilson)
206217	suttakovidha	quotation 'ဧဝံ ယော သုတ္တကောဝိဒေါ ယောဇေတီတိ အတ္ထော'
206224	suttagumbajālapūva	quotation 'သာ ဟိ ရူပါဒီသု သံသိဗ္ဗနတော သုတ္တပုမ္ဗဇာလ-ပူဝသင်ါတာ'
206226	suttageyyādi	'----'
206230	suttageyyādinavaṅga	quotation 'တံ ဧတ္ထန္တရေ ဒေသိတံ … ရာဂမဒနိမ္ပဒနံ'
206231	suttageyyādinavavidha	quotation fragment 'သနသင်ါတံ'; debris '(-'
206232	suttageyyādipariyattidhamma	stray bracket
206236	suttageyyādivisaya	OCR debris '------ဿ-ာာာာဿဿ…'
206238	suttageyyādisutarahita	stray 'စေ'
206241	suttaṅga	quotation 'ယေ ဣမေ သုတ္တင်္ဂေသု သန္ဒဿမာနာ'
206242	suttaṅgagāthaṅgasaṅgaha	stray '၇' and next headword 'သုတ္တင်္ဂသင်္ဂဟ' inside the gloss
206247	suttacchedakavāda	quotation 'သုတ္တစ္ဆေဒကဝါဒါ' with variant reading 'သုက္ကစ္ဆေဒကဝါဒါ'
206249	suttajālasamattita	quotation 'အဘိဓမ္မဝိနယော ဂါဠာ၊ သုတ္တဇာလသမတ္တိတာ'; stray 'ဒေး'
206250	suttatantavāya	'----'; citation 'သာရတ္ထ ၂'
206253	suttatta	quotation 'သုခေန သုတ္တတ္တာ သရီရခေဒါဘာဝ-'; stray bracket and 'တော'
206255	suttattha	quotation 'သုတ္တတ္ထော ပန သုတ္တဝဏ္ဏနတော-'; citations '(ဣတိဝုတ်၊ ဋ္ဌ။ …)' and next headword 'သုတ္တတ္ထမုခ'
206258	suttadaṇḍa	quotation 'သုတ္တာဒီနိ အာဝဇ္ဇေန္တော သုတ္တဒဏ္ဍေန စိတ္တံ တဇ္ဇေတွာ'
206260	suttadānamayapuññakamma	quotation 'တဿေဝ သုတ္တ ဒါန မယ ပုညကမ္မံ … ဥပလဗ္ဘတိ'
206263	suttadesanākāraṇuppāda	stray bracket
206264	suttadesanākāla	quotation fragment 'တဒါ'
206267	suttadvaya	stray '၅'; quotation fragment 'သုတ္တံ ရေ'
206268	suttadhara	citation 'ဒီ'; quotation 'သုတ္တရော နီတိသုတ္တဓရာ'
206272	suttanikkhepa	citation 'ဣတိဝုတ်'; quotations 'နိက္ခိပီယတီတိ ဝါ နိက္ခေပေါ …', 'အတ္တဇ္ဈာသယာဒိသုတ္တဒေသနာ ကာရဏမေဝ'
206273	suttanikkhepavicāraṇa	stray 'ဟ'; citation 'အံ၊ ပြု ၁'
206275	suttanipāta	quotation fragment '.- သုတ္တန္တပိဋကံ နာမ'
206277	suttanipātaṭṭhakathā	citation 'သုတ္တနိ၊ ဌ၊ သု ၂'
206278	suttanirapekkha	citation 'သီ၊ ဋီ၊ သပ် ၁'
206279	suttanta	Sanskrit note 'သုတြန္တ-]'; '--'; quotation 'သုတ္တန္တာ သုတ္တဿ အန္တော သုတ္တန္တော'
206281	suttantakoṭṭhāsa	fragment 'အောက်ပု်' ('see the next entry'?); run-on article 'န္တကန္ဓ(၇) ] သုတ္တန်ပါဠိတော် အပေါင်း-အဖို့အစု'; page number '၄၂'
206285	suttantacaccara	quotation fragment 'အဘိဓမ္မသိင်ာဋကံ'
206286	suttantaṭīkākāra	quotation 'သဗ္ဗတ္ထ "အာစရိယဓမ္မပါလတ္ထေရေနာ”'
206289	suttantaṭṭhakathārambha	quotation '. ဘဂဝတော ဥဘောပိ ပညာ၁ သုတ္တန္တဒေသနာ ကရုဏာဂုဏာ ဝဏ္ဏိတာ' and page number
206291	suttantanaya	quotation 'လောကသမုဒယော' and citation
206294	suttantanayavimissa	quotation 'န ဝိဘင်ဒေ-သုတ္တ နယဝိမိဿာ'
206295	suttantanayānugata	quotation 'သုတ္တန္တနယ ဘနုဂတါ'
206298	suttantapaṭṭhāna	page reference '၁၀၇-နှာ'
206299	suttantapada	'--'
206301	suttantapariyosāna	stray bracket; '-..'
206303	suttantapāl̤i	citation 'သာရတ္ထ၊ ၁ဝ'
206305	suttantapiṭaka	leading 'သုတ္တန်'
206306	suttantapiṭakaññū	citation 'အံ၊ ဋီ၊ ၂'
206309	suttantapiṭakapariyāpanna	quotation 'တီသု ပိဋကေသု သုတ္တန္တ ပိဋကပရိယာပန္နံ'
206313	suttantabhājanīyaüddesavaṇṇanā	headword form 'သုတ္တန္တဘာဇနီယဝဏ္ဏနာ' printed inside the gloss
206315	suttantabhājanīyādinayagamana	analysis 'သုတ္တန္တဘာဇ-နီယာဒိနယ + ဂမန'; '(အစဦး) နယမဂ္ဂ'; quotation 'သုတ္တန္တဘာဇနီ-ယာဒိနယဂမနံ အနုလောမာဒိနယဂမနဉ္စ'
206316	suttantabhāṇaka	quotation fragment 'သုတ္တန္တိကတ္ထေရာ ('
206317	suttantamahāpadesa	stray bracket; page reference '၁၂၁-တို့၌'
206319	suttantara	stray '၂ သ'
206320	suttantaradassana	quotation 'တေန သုတ္တဿ အတ္ထော နိဒ္ဒိဋ္ဌော ဟောတိ ဝိတ္ထာ-' with page number; stray 'သူ,'
206321	suttantarapada	quotation 'ဝိစိယမာနဿ သုတ္တ ပဒဿ … ဝိစေတဗ္ဗာနိ'
206325	suttantarāja	headword fragment 'တ္တန္တရာဇ (၇) ]'
206327	suttantarika	source tag '(အပါ)'
206328	suttantavatta	source tag ပါစိတ်
206329	suttantavacana	quotation 'ဝေရဉ္ဇကဏ္ဍာဒီသု ဈာနကထာ … -ပရိယာဒီပယိဿာမိ'
206331	suttantavivaraṇa	stray bracket; trailing 'သုတ္တန်'; debris 'ဘ် ------ာ-'
206334	suttantasaṁvaṇṇanā	citation 'ဝိသုဒ္ဓိ၊ ဋီ ၂'
206339	suttantādhimutta	next headword 'သုတ္တန္တာဘိဓမ္မပိဋက'
206342	suttantika	second copy of the senses; quotations 'ဏိကမှိ- ဝိနယံ အဓီတေ ဇာနာတိ ဝါ ဝေနယိကော၊ သုတ္တန္တိကော', 'ယံ ပန သုတ္တန္တိ ၂ ဝဒန္တိ'; citations and source tags 'ဝိ၊ ဋ္ဌ', ပါစိတ်
206346	suttantikatthera	source tag ပါစိတ်
206348	suttantikadukamātikāpadavaṇṇanā	run-on article 'တ္တန္တိကဒေသနာ (ထိ) [ သုတ္တန်ပိဋကကို ဟောကြားခြင်း'; quotation fragment 'အယဉှ'
206349	suttantikadesanā	citation 'သာရတ္တံ ၃'
206350	suttantikapariyāya	analysis 'သုတ္တန္တိက + ပရိယာယ'
206351	suttantikavacana	stray '၁'
206353	suttantikādigaṇa	'--.-'
206354	suttantikādiguṇa	quotation fragment 'သဘာဂသဘာဂါန'
206356	suttapaṭijānana	headword fragment 'တ္တပဋိဇာနန (န) ]'
206357	suttapaṭipāṭi	run-on article 'ပတိရူပ (တိ) [ သုတ်နှင့်တူသော၊ သုတ်၏အတုအပဖြစ်သော (ပါဠိ)'
206359	suttapada	quotation 'ဣတော အညေသု ဘုမ္မဝစနေန နိဒ္ဒေသော ကတော'
206362	suttapadasaṅgaha	run-on article 'သုတ္တပဒါနုသာရ (၇) [ သုတ္တပ + အနုသာရ] သုတ်ပုဒ်သို့အစဉ်-လျှောက်-လိုက်-ခြင်း'
206364	suttappadesa	citation 'မ၊ ပြု ၁'
206368	suttappamāṇa	stray bracket
206370	suttapariyanta	stray '၈'; next headword 'သုတ္တပရိယာပန္န'
206371	suttapariyāpanna	citation 'အ၁၈၉-၉၀'
206374	suttaparivattana	fragment 'ပရိဝတ္တန ('
206375	suttapasāraṇavidhāna	quotation 'မဟာသတ္တော တဿ သုတ္တပသာရဏဝိဓာနံ အာဟ'
206376	suttapiṭika	quotation fragment '-" ဒဿေတွာ'
206377	suttapiṭikasaṁvaṇṇanā	analysis bracket '[ သုတ္တပိဋက " သံဝဏ္ဏနာ ]'
206384	suttappadesattha	quotation 'ယေ ယေ သုတ္တပ္ပဒေသတ္ထာ ဝုတ္တာ၊ တေ တေ ဝိစယိတဗ္ဗာ'; next headword 'သုတ္တပ္ပဒေသဝစန' and stray 'မ'
206387	suttappabhava	citation fragment '(နေတ္တိ၊'
206391	suttabhaya	quotation 'သုတ္တဘ-ယေနာ တိ ပါရိမံ တီရံ … သုတ္တဘယေနာတိ ဒဋ္ဌဗ္ဗံ'
206393	suttabhikkhu	debris 'ဘိပ်-'
206398	suttamayādibheda	debris ')'; next headword 'သုတ္တမိဿ'
206401	suttamūlasamāhita	quotation 'ပရပ္ပ-ဝါဒမဒ္ဒနာ၊ သုတ္တမူလသမာဟိတာ'
206403	suttayati	grammarian's notes 'သူတြယတိ-သံ။ သုတ္တက-ပြာ။'; bracket '['; trailing 'အက်ပတေး'
206404	suttarajjukasaṇḍāna	citation 'အဘိ၊ ဟီ။'; debris '၏-၏---'
206407	suttalesa	citation 'ကင်္ခါ၊'
206411	suttavaggasamudāya	debris 'သူ့'; next headword 'သုတ္တဝစန'
206412	suttavacana	quotation 'မိစ္ဆာဒိဋ္ဌိ (ပ) မိစ္ဆာသမာဓီတိအာဒီဟိ … ဝုတ္တာနိ'
206413	suttavajja	trailing 'စာ။'
206414	suttavaṭṭi	headword echo 'သုတ္တဝဋ္ဋ်'
206416	suttavaḍḍhanākāra	citation 'ကင်ါ၊ ဋိ၊ သစ်။'
206419	suttavattanakatakka	analysis 'သုတ္တဝတ္တနက + တက္ကု'
206423	suttaviññattisikkhāpada	next headword '၂ သုတ္တဝိဒု'; page number '၃၀၂'
206424	suttavidū	quotation fragment 'တိ ယထာ သပ္ပိဿ ဇာနာဟီတိ … အတ္ထော'
206427	suttavinicchayakāraṇa	citations 'သာရတ္ထ၊ ၂] ၄၈။ (-ဝိ၊ သင်္ဂဟ။'
206428	suttavibhaṅga	quotation 'သုတ္တဝိဘင်္ဂေ တိ … ပဒဘာ-ဇနီယသင်ါတေ' with debris '၏------၏-'
206433	suttavisesa	bracket '['
206436	suttaveṭhanaparivaṭṭakādigata	headword fragment 'ပရိဝဋ္ဋကာဒိဂတ'
206441	suttasaṁsibbana	quotation 'ဆိန္နဆိန္နဋ္ဌာနေ သုတ္တသံသိဗ္ဗနေန ဂရုကာနိ ဇာတာနိ'
206442	suttasaṁsibbita	citation 'ဝိ၊ ပြုံ ၃။'
206443	suttasaṅkara	quotation 'တတ္ထ ကတမော အယံ ဝုစ္စတိ သုတ္တသင်္ကရော'
206446	suttasadisa	debris 'ဏ'
206447	suttasadda	next headword 'သုတ္တသန္တာနာကုလ'
206454	suttasamudāya	debris 'မံ၊ ၍။'
206456	suttasahassa	citation '(-သံ၊ ဌ၊'
206458	suttasādhana	debris '"'
206460	suttasāmaṇeravatthu	'၅'; next headword 'သုတ္တသီသ'
206467	suttāṇa	analysis '[သု + တာဏ- တာ + ယု။ သု+ တြာဏ-သံ။ ]'; citation 'ဝိ၊ "သုတ္တာဏာ” “။'
206469	suttādicatukka	bracket ']'; debris 'အာဒိဘရ'
206470	suttādicatunaya	page numbers '၁ ၂၁။'
206472	suttādinaya	bracket ']'; citation 'ဝိမတိ ၁။ ၃၆'; next headword 'သုတ္တာဒိနဝင်္ဂ'
206477	suttādimaya	quotation fragment 'ဝါဠရဇ္ဇယာ -'
206479	suttādivirodha	quotation 'န ဟိ- ဧတ္ထ သုတ္တာဒိဝိရောဓော အတ္ထိ'; page number '၁၁၂၊'
206480	suttādivirodhābhāva	analysis '([သတ္တော ၏ အဘာဝ ]'; '----'
206484	suttādhippāya	citation 'ကင်္ခါ၊'
206485	suttādhippāyānabhiññāta	run-on article suttānugata ('ာနုဂတ (တိ) ] သုတ်သို့ အစဉ်လိုက်သော') with its quotations 'ဧဝံ ဣတိ စ … ဥပလက္ခေတွာ'
206489	suttānurakkhaṇa	debris 'အညမည်။'; run-on article suttānurakkhaṇattha ('(၇) သုတ်ကို အစဉ်စောင့် ရှောက်ခြင်းအကျိုး')
206491	suttānuloma	citation 'ဒီ၊ ပြု ၂။'
206493	suttānulomamahāpadesa	bracket ']'; quotation 'ယဒါ ဧဝံ ကသ္မာ ဝုတ္တန္တိ စေ? သုတ္တာနုလောမ- ] မဟာပဒေသတော'
206494	suttānusandhipakāsana	debris '( ]'; quotation 'သုတ္တာနုသန္ဒိပကာသနတ္ထံ အယမနုက္ကမော ဝေဒိတဗ္ဗော'; citation 'သု ၄၀၃'
206495	suttānusāra	'(၃)'; quotation 'ကပ္ပိယကရဏဉ္စေတ္ထ ဣမိနာ သုတ္တာနုသာ-'
206497	suttāpadesarahita	run-on gloss 'သုတ်၌-မသက်-မသွင်း-ခြင်း' and quotation 'သုတ္တောတရ ဏာဒီတိ … “အဓမ္မော”တိ'; headword echo and analysis 'ုတ္တာပဒေသရဟိတ (တိ) [ သုတ္တ + အပဒေသ + ရဟိတ ]'; 'အပဒေသ-ရဟိတ'
206498	suttāpadesavirahita	'အနပဒေသ'
206499	suttabhāva	'အသင်။'; citation 'အဘိ၊ ဌ၊ ၃ ၁၉၂။'
206500	suttābhidhammapāl̤ivacana	bracket ']'
206501	suttābhidhammapiṭakasaṅgahita	debris 'ွဒသိတော'
206502	suttābhidhammasaṅgahita	debris 'သ'; 'သု့။'; citation 'သာရတ္ထ၊ ၁ဝ။'; 'န သုတ္တ'
206503	suttārul̤a	headword and analysis fragments 'ဠ (တိ) [ (ရူ)'; quotation 'သုတ္တာရုဠံ ဘဏ္ဍံ … မဏိမိဿာ တိ'; citation '(။ သ ဝိ၊ ၂'
206504	suttārūl̤a	headword and analysis fragments 'ဠ (တိ) [ (ရူ)'; quotation 'သုတ္တာရုဠံ ဘဏ္ဍံ … မဏိမိဿာ တိ'; citation '(။ သ ဝိ၊ ၂'
206505	suttārohaṇa	debris 'ဝ'; quotation 'မက္ကဋကဿ ဟိ သုတ္တာရော- ဂ ဟဏံ ဝိယ ပသာဒဝတ္ထုကံ စိတ္တံ'; citation 'ဂ ၁၃၃'
206506	suttāvabodha	debris 'ဝိ'; quotation fragment 'တထာ ဟိ ဝုတ္တန္တိ … သုတ္တာ- (။ သုတ္တိ-'
206507	suttāvayava	debris 'သူ,'; run-on article 'သု သုဇာတ (တ) ခည်ကြုး ဖြင့်အမှတ်တံဆိပ်ခတ်နိပ်အပ်သော' with quotation 'သုတ္တိက ဆဠသမ္ပိ ကရောန္တိ … ကာဠသုတ္တံ ပါတေတွာ'; citation 'အံ၊ ဝိပ'
206509	suttāharaṇa	headword fragment 'ှဟရဏ (န) ]'; debris ':။'; start of the article sutti '(ထီ) [ သုစ + တိ။ ကပ္ပဒ္ဒုမ။ သု + တ္တိ။ သု ဒဘိသဝေ၊'
206510	sutti	grammarian's notes 'ဓာန်၊ ဂုတ္တိ-သံ။ သုတ္တိ-ပြာ၊ သောတ္တိ-ပုဒ်နှင့် ကြည့်။ ]'; unreadable 'တ်' in (1); citation '၁၃၃)'; run-on article sutti '(ထီ) [ သု +။ သုတ္တိ-သံ၊ ္တိ-ပြာ။ ] ကောင်းစွာဆိုအပ်သောစကား' with page numbers '၃၄၀) ၆၁၇'; run-on (တိ) article '[။ သူကြိက-သံ၊ ္တိယ-ပြာ။ ] ချည်ဖြင့် -ဖွဲ့ချည်- နှောင်ဖွဲ့ ပသော။ ကစ္စည်း။'; debris '(].][.၆)', 'ာ (ထီ) ['
206511	sutti	analysis fragment '+ က + ဘာ]'
206516	suttuddesa	page numbers '၂ ၂၂။ "။'
206518	suttekadesa	bracket ']'; debris 'တော။'
206520	suttotaraṇa	page number '၈ဝ။'; run-on article sutvā 'တွာ (ကြ၊ ဝိ) [သုတွာ။ သုဏာတိ- ကြည့်] (၁) ကြားနာ-နားထောင် ပြီး၍။ (၂) … (၃) ကြားနာ နားထောင်- ရသည်ရှိသော်။' and quotation fragment 'ပုစ္ဆာဝုသော၊'
206522	suttira	grammarian's note 'သက္ကတ၌ သိရ-ဟု သံယုတ်။ ထို့ကြောင့် သုတ္တရ.ပါ ကောင်းသည်။'
206523	suthanaka	quotation fragment 'သောဘတေ (ရေ။'
206525	sutheva	stray 'သည်'
206527	suda	debris 'နက်မှ။', ') (တြာသုဒ)'; quotation 'သုကဒန္တိ သုဒ၊ … ဝိယ'; citations 'ဝိ၊ သုဒ။ သုဒ။ သုတ္တနိ၊'; run-on article suda '(တိ) [ သု + ဒံ + အ။ … ကောင်း လှပ-သည်မယားရှိသော၊ သူ။'; run-on article sudaḍḍha '(တိ) [ သု + ဒဗ။ … ] ပြင်းစွာ လောင်ကျွမ်း-မီးလောင်- အပ်သော။' with quotation 'သုဒဖဂတ္တ န္တိ သုဋု ဒဒသရီရံ'
206530	sudatta	quotation 'ပဏ္ဏတ္တိဝစ-နတ္တာ ဒိန္နသဒ္ဒဿ … သာသနာနုရူပေန'; grammarian's notes 'သုဒတ္တ သံ။', 'သုဒိဏ္ဍ၊ သုဒိန္န-ပြာ။', 'သုဒတ္တ (တိ) သက္ကတပိဋက။'; source tag 'ဝီလျံ'; the second printing of senses (1)–(13) with quotations 'ယေ တေ မဟာရာဇ … သုဒတ္တောတိ', '(နာတိကေ) ကာလင်္ကတော', 'သုမေဓော နာမ ဗောဓိသတ္တော … ဂဟေတွာ'; citation 'အဘိ၊'
206531	sudanta	'(၁) သုဒန္တာ။'; quotation 'သုဒန္တော တိ သုဌ အ ဒမထံ ဥပဂတော'
206534	sudantatthera	debris '---- "။'
206537	sudantasuvaṇṇa	run-on article sudalidda '(ပု)[ သု + ဒလိဒ္ဒ ဒလ + ဣဒ္ဒ။ ကစ္စည်း။ ] … သုဒရိဒြ-သံ။ ] အလွန် မရှိဆင်းရ-မွဲတေ-သော။' with quotation 'ဒရီဒြာတိ ဒုဂ္ဂစ္ဆတီတိ ဒရိဒြော (ဒလိဒ္ဒေါ) ကပ္ပဒ္ဒုမ'; debris '၃ သုဒဿ ၆၆၁။'
206538	sudassa	debris '"။'
206539	sudassana	grammarian's notes '၆၅၀-ဖြင့် ဒိသ-ကို ဒဿ-ပြု။ ဓာန်၊ ဒေဝနဂရံ။ (သောဘဏံ-သင့်)။ ကပ္ပဒ္ဒုမ။ သုဒင်္ဂန-သံ။ သက္ကတပိဋက။ သုဒံသဏ-ပြာ၊ အဒ္ဓမာဂဓီ'
206540	sudassana	leading fragments '(၂) သုဒဿနာ။ (၃) သုဒဿနော။ သုဒဿနာ (တိ) သုဒဿန -ကြည့်။ ]'; the second printing of senses (1)–(43) with quotations 'ဣတော ဧကတိံသေ ကပ္ပေ … ဒိသွာ', 'ယတောဟံ သုပိနမဒ္ဒက္ခိံ၊ သုဒဿဝိဇာနယိ', 'မဟာပဒါန-နိဒါနံ၊ နိဗ္ဗာနဉ္စ သုဒဿနံ', citations and debris ('] သုဒဿန ၂၉၃', 'သုတ္တနိ၊', 'ဇာ၊ ၆ သုဒဿန ၆၊ ၁၅၆ဝ ၁။ ၉))', 'မာ ဝေါ', 'အဋ္ဌန်', '၃၄၃', '၄-သုတ်', '---'); next headword '၇ သုဒဿနကနိဌ'
206541	sudassanakaniṭṭha	quotation 'သုဒဿနကနိဋော-သ္မီ'
206553	sudassananagarasadisavibhavasobha	label '(တိ]'; page number '၁ဝ၅။'
206554	sudassananagarasamīpa	headword echo 'သုဒဿနနဂရ"'; citation 'ဝုဒ္ဓဝံ ၆။'
206555	sudassananāgarāja	debris '----။ ၁၈၃"'
206556	sudassananāmaka	citation 'ဗုဒ္ဓဝံ၊ ၁၅၃၊'
206557	sudassananigama	cross-reference fragment 'သုဒဿနာ (၃၅'
206558	sudassanapabbata	debris 'ဟ၏-----'
206560	sudassanapahānagara	bracket '('
206561	sudassanamahāvihāra	quotation 'ဒီပင်္ကရော ကိရ သုဒဿနမဟာဝိဟာရေ ပဋိဝသတိ'
206564	sudassanaseṭṭhidhītu	headword fragment 'ဓီတု'
206571	sudassita	analysis 'န+တ'
206576	sudāṭha	'(၇)'; unreadable 'ခြင်ေ့'; quotation '(၇) (၁) အထဿု မေယော အနီယော သုဒါဌော'
206577	sudāna	'သုယိဋ္ဌ။'; next headword '၅ သုဒါယာဒ'
206579	sudāruṇa	grammarian's notes 'ဒရ+ (ဏေ) ဥဏ။ ကပ္ပဒ္ဒုမ။ သုဒါရုဏ-သံ၊ ပြာ'; quotation 'သုဒါရု-ဏာနီ တိ မနုဿယာတ-ကမ္မာနိ'
206580	sudiṭṭha	grammarian's notes 'ဒိသ + တ။ သုသမူ-သံ။ သုဒိဋ္ဌ-ပြာ၊ အဒ္ဓမာဂဓီ။'
206581	sudiṭṭhakāritāparicaya	quotation 'ဟ၏အ-------စုတူပပါတဉာဏာနုဗဒ္ဓါယ ဒုတိယဝိဇ္ဇာယ သိဒ္ဓိ'
206582	sudiṭṭharūpa	quotation 'သုဒိဋ္ဌ-ရူပမုဂ္ဂတပါနုဝတ္တိနာ'
206583	sudinna	'(၇)'; citation 'ဇာ၊ (၃)။ (၄) "။'
206584	sudinnakaṇḍa	label debris '(ု၊ နု'
206585	sudinnatthera	citation 'ကင်္ခါ၊'
206587	sudinnavatthu	citation 'ကင်္ခါ၊'
206593	sudukkara	analysis '[သု. ၃ + ကရ+ အ။ သုဒုမ္ဘရ-သံ။ (အစ္စန္တကိလေသကရ-ကပ္ပဒ္ဒုမ)။ သုဒုက္ကရ-ပြာ။ ]'
206597	sudukkhita	grammarian's notes 'ဒုက္ခ + တ။ သုဒုးခိတ-သံ။ သုဒုက္ခိအ-ပြာ။'; garbled gloss 'ဆင်းရဲခြင်း နှဒုကဖြစသော'; quotation fragment 'သုဒုက္ခိတာ (ထေရ၊'
206599	suduggata	analysis '[ သု. ၃ + ဂမု + တ။ ဒုရ်။ ကပ္ပဒ္ဒုမ။ သု + ဒုဂ္ဂတ-သံ။'; quotation 'သုဒုဂ္ဂတေနာပီ တိ သုာလိဒ္ဒေ-နာပိ'
206600	suduggama	citation 'ဇာ၊ ၂" ၃၃၅။'
206601	suduṅgā	grammarian's note 'ဖြစ်သင့်လျက် သုဒုဉ္စရ-သက္ကတပုဒ်က ဟီ။ ၏အ-----နိဂ္ဂဟိတ်လာ၍ ရပ်ပြီး။'
206604	sudujita	quotation '(၁) သုဒုဇိတ န္တိ သုတဇ္ဇိုတံ၊ (၂)။'
206606	suduttara	quotation 'တေ ဧတံ သုဒုတ္တရံ ဒုရတိက္ကမံ မာရေဓေယျံ တရိတွာ'
206609	sududdasanirodhadassana	analysis 'သုဒုဒ္ဒသ + နိရောဓ ဝဿန]'
206612	sudubbalavimati	run-on article 'သုုဗ(တိ[သ ၃ ၃) အ] အလွန် သိနိုင်ခဲ-သိမြင်နိုင်ဖို့ရန်အလွန်ခဲယဉ်း-သော။'
206614	sudullabha	headword echo 'သုဒုလ္လဘ ('
206615	sudullabhaphala	citation 'မ၊ ဋီ၊ ၄'; next headword 'သုဒုရ'
206616	sudūra	grammarian's notes 'ဓာန်၊ ၃ + ရက်။ ၃ + ဣ + ရက်။ ဣ-ဓာတ်ကိုချေ။ ကပ္ပဒ္ဒုမ။ သုဒုရ သံ။'; citation 'စရိယာ ၆။'
206618	sudūraṭṭha	page numbers '၂ ၂၁၉။'
206620	sudūravikkhambhita	quotation 'အကမ္ပိတော တိ သုဒူရဝိက္ခမ္ဘိတတ္တာ-'
206622	sudeva	grammarian's notes 'ဒိဝု + ဏ။ … သုဒေဝ-သံ။ သုဒေဝ (ဥတ္တမဒေဝ) ပြာ။' with quotation 'ဒိဗ္ဗန္တိ ကာမဂုဏဈာနာဘိညာ … ဒေဝါ'
206623	sudesaka	grammarian's notes 'ကပု ဒွ္ဒုမ။ သု ဒေဂက၊ သု ဒေဝီ က-သံ။ သုဒေသယ-ပြာ။'; unreadable 'ကန်းသော'
206624	sudesakasama	next headword '၂ သုဒေသနီယ'
206626	sudesita	second printing of senses (1)–(5) with quotations 'သုဒေသိတံ သုကထိတံ', 'သုဒေသိတော တိ သုဋု ယာထာဝတော … သွာချာတောတိ အတ္ထော'
206627	sudesiya	stray 'သ'
206628	sudda	grammarian's notes '(၁၉-ဖြင့် ဓာတွန် စ-ကို ဒ-ပြု။ ) သ ကပ္ပဒ္ဒုမ။ ဝူဒြ-သံ။ သုဒ္ဒ-ပြာ။ (တိ) သုဒ္ဒ-အဒ္ဓမာဂဓီ။ ['; quotation fragment 'သုဒ္ဒေါ ] သ။ ၏'; next headword 'သုဒ္ဒက'
206630	suddakumāra	doubtful 'လူမင်း'
206632	suddakulajāta	debris 'ဒွ၏သ (] ခင်မွန်။ ဒိပဉ'; run-on article suddapañha '(၃) လူခင်းရဲမျိုးို့မေ အပ်သောပုစ္ဆာ။ လူဆင်းရဲမျိုးတို့ မေးခြင်း၊ ၄'
206635	suddaparisā	unreadable 'လင်း'; citation 'ပဋိသံ၊ ၉၊ ၂" ၃၂၁။'; run-on article '၄ ွိမဏ္ဍလ (န) လူခင်းရ်မ အပေါင်း။'
206637	suddavaṁsa	quotation 'ယထာ ဟိ သုဒ္ဒဝံသော'
206638	suddāti	'ဒါတိ။ --.။'
206639	suddī	grammarian's notes '(ဣတ္ထီ) သုဒ္ဒီ။ ကပ္ပဒ္ဒုမ။ ဝူဒြီ-သံ။ သုဒ္ဒိဏီ-ပြာ။'
206640	suddha	grammarian's notes 'ဂုဒ္ဓ-သံ။ သုဒ္ဓ-ပြာ၊ အဒ္ဓမာဂဓီ။'; second printing of senses (1)–(7) with quotations 'သုဒ္ဓါ တိ နိမ္ပလာ', 'ဝိ၊ သုဒ္ဓေါ', 'သုဒ္ဓဿာ တိ နိရပရာဓဿဝ။ သုဒ္ဓဿာ', 'သုဒ္ဓကာဠကာန', 'သုဒ္ဓါနီ။ ၄ာ။ တတော … အတ္ထော'
206643	suddhaarahatta	citation 'ပြု စ၃ု။'
206646	suddhaarūpasammasana	bracket ']'; quotation 'သုဒ္ဓအရူပသမ္ပသနမေဝါ'; '၁'
206647	suddhaüdaka	stray 'ဦ'
206648	suddhaka	bracket ']' in (b)
206649	suddhakaṭhala	headword echo and label 'ုဒ္ဓကဌလ (ထီ၊ န)'
206651	suddhakattuattha	quotation '“အတိပါတာပယတော”'
206652	suddhakatthuttha	citation 'သီ၊ ရီ၊ သစ်၊ ၂ ၃၆'
206653	suddhakadiṭṭhi	page number '၁၇၃'
206654	suddhakappiyabhaṇḍa	bracket '['; debris '“ ၏။'
206655	suddhakappiyasuttamaya	page number '၃ဝ၃။'
206659	suddhakāl̤aka	quotations and citations 'သုဒ္ဓကာဠကာန (၃၀၊ ၃၃၂ နိ။ ဝိ၊ ၂၆၃၊ သုဒ္ဓကာဠကာ အမိဿကာလဝဏ္ဏာ။ အပါ၊ ဌ ၁။'
206660	suddhakāl̤akapaṭisedhananidāna	intruding next headword '၉ သုဒ္ဓကာဠကသိက္ခာပဒ'; debris 'တိ'
206662	suddhakāl̤akasikkhāpadavaṇṇanā	analysis '[ သုဒ္ဓကာဠ-ကသိက္ခာပဒ + ဝဏ္ဏနာ'; citations 'ဝိ၊ ကင်္ခါ၊ ဋီ၊ သစ်။'
206666	suddhakoṭṭhāsa	'သုဒ္ဓန္တ။ (-'
206668	suddhakkhandha	grammarian's note 'သ္တန္ဓ-သံ။ သက္ကတ-၌ သ-ဒွေဘော်ရှိ၍ ပါဠိ၌ က္ခ-ဟု ဒွေဘော် ရှိသည်။'
206669	suddhakhajjaka	citation 'ဝိ၊ ဋဌ၊ ၂ ၃။'
206670	suddhakhandha	grammarian's note 'သက္ကတ၌ သ္တန္ဓ-ဟုရှိ သည်၊ ထို့ကြောင့် ခွေအော်နှင့် သုဒ္ဓက္ခန္ဓ-ရှ လျှင်ကောင်းသည်။'
206671	suddhakkhandhamūlaka	citation 'အဘိ၊ ၆ ၃။'
206672	suddhakhandhamūlacakkavāra	analysis 'သုဒ္ဓခန္ဓ + မူလစက္က ဝါရ]'
206675	suddhaguṇākara	citation 'က်၊ ဋီ၊ သစ်။'
206676	suddhagocara	run-on article 'ဂ္ဂဟဏ (န) သုဒ္ဓသဒ္ဒါ။'; page number '၁၉၅'
206678	sudaṅgāra	quotation 'ဝီတစ္စိ-တေဟီ'
206681	suddhacittuppatti	citation 'ကင်္ခါ၊'
206683	suddhacetanā	quotation 'ဧဝံ ပဌမပဒေန ကထိတာ'
206684	suddhajāta	intruding headword '၁ သုဒ္ဒဇာတိက'; run-on article 'ဇာတိက သုဒ္ဓဇာတ-ကြည့်။ ဒိဇာ (ဒွိဇာ)။'
206687	suddhaṭṭhakadhammarāsi	analysis 'သုဒ္ဓဌက + ဓမ္မ + ရာသါ'; quotation 'ဂါမောတိ သမူဟော၊ သော'
206688	suddhaṭṭhakadhammasamūha	'ရာသီ။'
206690	suddhaṭṭhakasuttaniddesa	page numbers '၆၄ (၇၈)။'
206691	suddhaṭhāna	'----။'
206692	suddhaṭhita	quotation 'မဟာ-သာလောဝါ'
206693	suddhatakka	quotation 'တက္ကမတ္တေနေဝါ'
206694	suddhatakkana	quotation 'တက္ကမတ္တေနေဝါ'
206695	suddhatakkita	quotation 'သ တတ္ထ စတုဗ္ဗိဓော … သုဒ္ဓတက္ကိကော'
206696	suddhataṇḍulanāl̤i	quotation 'ကဋုကဘဏ္ဍဉ္စ သုဒ္ဓတဏ္ဍုလနာဠိဉ္စ ဒါပေသိ'; debris 'သု ၂'; next headword 'သုဒ္ဓတမာလပတ္တ'
206699	suddhadaṇḍaka	quotation 'အထဿ ပရာဇယဘာဝံ ဥတွာ -.- သုဒ္ဓဒဏ္ဍကမေဝ ဝါဒေယျာသိ'; run-on article '( ဒဿန (တိ) သန့်ရှင်း စင်ကြယ် -ခြင်းကိုမြင်တတ်သော၊ သန့်ရှင်း စင်ကြယ် -စွာမြင်ခြင်းရှိသော၊ သူ၊ ---။'
206701	suddhadassī	'----။'
206704	suddhadiṭṭhivacanādhippāya	analysis '] သုဒ္ဓဒိဌိ + ဝစန အဓိပ္ပါယ'
206706	suddhadhañña	'ပရိသုဒ္ဓ-ဓည်။'
206708	suddhadhanudaṇḍa	'----။ ရခုဝ။'
206710	suddhadhammapuñja	citation 'စူဠနိ၊'; next headword '၃ သုဒ္ဓဓမ္မမူလစက္ကဝါရ'
206715	suddhanāmapada	'--။'
206717	suddhanumodana	quotation 'သုဒ္ဓါယ ကေဝလာယ အနုမောဒနာယေဝ'
206718	suddhanta	source tags 'ပါစိတ်၊ ပါစိတ်၊'
206720	suddhantaparivāsa	headword echo 'သုဒ္ဓပရိဝါသ'; '----။'
206721	suddhantasuvaṇṇa	intruding next headword 'သုဒ္ဓပံသု'
206722	suddhapaṁsu	quotation 'ဇာတာ နာမ ပထဝီ သုဒ္ဓပံသု ယေဘုယျေန မတ္တိကာ'
206723	suddhapaṁsuka	quotation 'ဇာတာ နာမ ပထဝီ သုဒ္ဓပံသုကာ ယေဘုယျေန မတ္တိကာ'
206725	suddhapaṁsupabbata	citations 'ဝိ၊ ဝိ၊ သင်္ဂဟ။'
206726	suddhapakatika	debris 'ဟိ- ၏-ဆဝ---'; quotation 'ယေ ပဋိသင်ါယ'
206728	suddhapatta	quotation 'ဘနုစ္ဆိဌံ သုဒ္ဓပတ္တံ ဥစ္ဆိဌ-ဟတ္ထေန ဂဏှိတုံ နဝဋ္ဋတိ'
206732	suddhappavatticitta	intruding next headword '၅ သုဒ္ဓပါစိတ္တိယ'; '---- ---။'
206734	suddhapāsaṇḍiya	debris 'သော “။'
206735	suddhapāsāṇa	quotation 'အဇာတာ နာမ ပထဝီ သုဒ္ဓပါသာဏာ အဇာတာ ပထဝီ'; citation 'ဝိ၊ သင်္ဂ။'
206737	suddhapāsāṇādippakāra	'သစ်။'
206741	suddhapuggala	quotation '---သုဝိသုဒ္ဓကာယသမာစာရာဒိတာယ … နာဘိနန္ဒတိ'
206742	suddhapuppha	citation 'သူ ၁၂၈။'
206744	suddhaphalikapāsāṇa	stray 'သု'; '---- ---.။'
206745	suddhabuddhi	intruding next headword 'ံ သုဒ္ဓဘာဇန'
206749	suddhabhikkhu	next headword 'နိဘိက္ခုနီ (ထိ) ['
206750	suddhabhikkhunī	bracket ']'
206751	suddhabhikkhusaṁgha	'--။'; citations '(ကင်္ခါ၊ ဋီ။ ၇၅၊ ကင်္ခါ၊ ဋီ၊ သစ်။ ၃၀၂)။'
206753	suddhamagga	citation 'ဝိသုဒ္ဓိ၊ ဋီ ၂။'
206755	suddhamattikā	'--။'
206756	suddhamattikāmaya	citation 'ဝိ၊ ပြု ၁။ ===။'
206758	suddhamarumba	quotation '--သုဒ္ဓကဌလာ သုဒ္ဓမရုမ္ဗာ။'; next headword '/ သုဒ္ဓမာတုဂါမ'
206760	suddhamānasa	citations '(၁) (ကင်္ခါ။ ၁ဝ၅)။ ကင်္ခါ ဋီ၊ သစ်။ (န) (၂) သုဒ္ဓမာနသ။ ----။'
206761	suddhamālā	brackets '[ ['
206762	suddhamihita	quotation 'သုစိမှိ တာ'
206765	suddharasaka	citations 'ဝိ၊ ဌ၊ စ၃ု။ ဝိ၊ သင်္ဂ။ ကင်္ခါ၊ ဋိ၊ သစ်။'; quotation 'သု ဒွရသကောတိ … မစ္ဆာဒိရသကော'; source tag 'ပါစိတ်၊'
206766	suddharūpa	quotation 'သုဒ္ဓရူပမေဝါ'
206770	suddharūpasammasana	quotation 'သုဒ္ဓရူပသမ္ပ- … သနမေဝ ကထိတံ' with intruding next headword '၆၈ သုဒ္ဓရူပါဒိဝိဿဇ္ဇန'
206776	suddhavaṇṇa	'၁၀]'
206777	suddhavattha	second '(၃)'
206778	suddhavatthanivattha	analysis 'သုဒတ္တ နိတ္တ]'; quotation 'နာဂရာ ဘုတ္တပါတရာသာ အဂမံသု'
206779	suddhavatthi	'အဓောဝိရေစန။'
206780	suddhavasana	debris 'းန +။'
206781	suddhavālikā	quotation 'အဇာတာ နာမ သုဒ္ဓဝါလိကာ အပ္ပပံသုကာ'
206784	suddhavālukā	quotation 'အဇာတာ နာမ သုဒ္ဓဝါလုကာ အပ္ပပံသုကာ'
206794	suddhavilepana	debris 'ဗး'
206797	suddhasakkharā	brackets '] ]'
206798	suddhasaṅkhāra	bracket '['
206799	suddhasaṅkhārapuñja	intruding next headword '၇၀ သုဒ္ဓသင်္ခါရပုဉ္ဇမတ္တဒဿန'; quotation 'သုဒ္ဓသင်ါရပုဉ္ဇောယံ၊'
206800	suddhasaṅkhārapuñjamattadassana	quotation 'သုဒ္ဓသင်ါရပုဉ္ဇမတ္တဒဿနေန'
206801	suddhasaṅkhāramūlacakkavāra	quotation 'သုဒ္ဓသင်ါရမူလစက္ကဝါရော'
206804	suddhasaṅkhārasantati	quotation 'သုဒ္ဓဓမ္မသမုပ္ပါဒံ သုဒ္ဓသင်ါရသန္တတိ'
206808	suddhasaññī	debris '] + ဤ'; '---။ တဿ ]။'
206809	suddhasatta	quotation fragment 'ဧကစ္စော]'; citations 'ဘံ၊ အဘိ၊'
206810	suddhasadda	stray 'သ'
206811	suddhasantāna	intruding next headword '၁ သုဒ္ဓသန္ဒိဿိတ'; quotation '-သုဒ္ဓသန္တာနေ ပုညက္ခေတ္တေ … ဟောန္တီတိ အတ္ထော'
206812	suddhasannissita	quotation 'သုဒ္ဓိကပဉှဿာ တိ “။'
206815	suddhasamathabhābhī	'သစ်။'
206816	suddhasammutisacca	citation 'အဘိ၊ ပြု မြုံ ၁၁၇။'
206817	suddhasara	'-.-။'
206822	suddhasīsa	bracket '['; page numbers '၂ ၂၉။'
206824	suddhasugambhīramañjusaghosa	stray 'သု'; quotation 'သုဒ္ဓသုဂမ္ဘီရမဉ္စုသဃောသော၊ ဟိင်္ဂုလဗဒ္ဓ-သုရတ္တသုဇိဝှော'
206826	suddhasevālabhakkha	quotation 'သုဒ္ဓသေဝါ-လဘက္ခောဟ (၁ ၂၅။'
206827	suddhahadaya	quotation fragment 'သုဒ္ဓမာနသာ ('
206828	suddhāgama	bracket '['; quotation '၍------ဌိတေန သံဝေါဟာရော ဝါရိတော'
206831	suddhajīvita	grammarian's note '+တ။ အာဇီဝိကာ-ဟု (ထီ) နင့် ရှိလျှင်ကောင်း ၏။'; '+။'
206833	suddhādhimutta	'---။'
206834	suddhānupassī	intruding next headword 'ျ သုဒ္ဓါပဒါန'
206838	suddhāyatanavāra	'-.။'
206839	suddhāvāsa	quotation '(၁) သုဒ္ဓါဝါသာ။ --။ ၁'
206841	suddhavāsakāyika	quotation 'သုဒ္ဓါ- န ဝါသကာယိကာန။ ----။ ၃'
206843	suddhavāsacārikāvibhāvinī	analysis 'သုဒ္ဓါဝါသ ဦ စာရိကာ + ဝိဘာဝိနီ ]'; '----။'
206844	suddhāvāsattabhāva	quotation '-သုဒ္ဓဝါသတ္တဘာဝေ ဌိတာနံ နိဋ္ဌာ ဟောတီတိ အတ္ထော'
206849	suddhāvāsapariyāya	quotation fragment '“ သူ”'
206851	suddhavāsabrahmakāya	stray '၍'; quotation fragment 'ဈာနမနေန နိဗ္ဗတ္တံ အညတရံ သုဒ္ဓဝါသ-'
206853	suddhāvāsabhūmi	stray '‘'; '----'; quotation 'အနင်္ဂဏော နိက္ကိလေသော ... ပါပုဏိဿတီတိ အတ္ထော'
206854	suddhāvāsamahābrahma	rest of a damaged analysis bracket '] + ၆ ကုန်ပြးသောအာသဝေါရှိသော)' ('having exhausted āsavas', not a gloss of this headword); debris 'ါ'
206857	suddhāvāsika	next headword run in: '] သုဒ္ဓါသယ'
206859	suddhāsayapayoga	run-on article suddhi: '(ထ) [။ ဂုဒ္ဓိ-သံ။ သုဒ္ဓိ-ပြာ၊ အဒ္ဓမာဂဓီ။ ]' and senses (1)-(5), (a)-(e), with (1)-(2) repeated; debris 'ုဒ္ဓိ'
206860	suddhi	citations 'ထေရ၊ ဋ္ဌ၊ ၁ ၄၃၅', 'ဝိသုဒ္ဓိ ၁။ ၇၃၊', 'သုဒ္ဓိအတ္တ ၂၇၄'; quotation fragments 'သုဒ္ဓိ', 'အမတမဟာနိဗ္ဗာနသင်ါတာ', 'သုဒ္ဓီ တိ ... ဝိသုဒ္ဓိ။ သုဒ္ဓိကာမဿာ'; debris '( ဏ)', 'ဦ ှ)၇၆'
206864	suddhika	analysis 'သုဒ္ဓိ + က'; quotation fragments 'သုဒ္ဓိကမေဝါ', 'သုဒ္ဓိကဝသေနာ'; list of the four suttas' locations in the Saṃyuttanikāya; citation 'သံ၊ ၂ ၄၈၇'
206866	suddhikaanupassanāvissajjana	'----'
206868	suddhikaācamana	stray '['
206869	suddhikaekakapada	page number '၃၇၇'; running head 'သုဒ္ဓိကကမ္ပ -'; debris '၅၂၊'; quotation 'ကိံ ကာရဏာ ... သုဒ္ဓိကေဟိ'; citation 'ရ ၃၁၄'
206870	suddhikakamma	debris 'ဝ၁', ') --.-'
206871	suddhikagāthā	citation 'ဝိ၊ ဌ၊ န ၁'
206872	suddhikacatukka	quotation fragment 'မနုဿိတ္ထိ-[ ယာ -] စတုက္ကာနိ'
206874	suddhikacchanna	debris 'ဟနု'; citation 'ကင်'
206876	suddhikadiṭṭhi	stray '['; citation 'ကင်္ခါ၊'
206877	suddhikadesanā	debris '[၆'
206878	suddhikadhammavāra	debris '-.'
206879	suddhiyanaya	stray ']' inside ဒုတိယ; '--'
206880	suddhikanavaka	quotation 'ဧတ္တာဝတာ ... ပကာသိတော ဟောတိ'; citation 'အဘိ၊ ၆ ၁။ (-၂၃၀-၄)'; debris 'သ'
206884	suddhikapaccaya	quotation fragment 'သုဒ္ဓိကပဉှဿာ တိ “'
206889	suddhikapācittiya	stray '['
206892	suddhikapucchā	'---- ”'; next headword run in 'သုဒ္ဓိကဘာရဒ္ဒါဇ (၇) ['
206904	suddhikasuññata	next headword run in 'သုဒ္ဓိကာ (တိ) ['
206905	suddhikāma	'(၂)' before the quotation 'သုဒ္ဓိကာမဿာ'; citation 'ထေရ၊ ဌ၊ ၂ ၂၀၇'
206908	suddhigāmī	citation 'သံ၊ ၂) ၅၄၂'; run-on article 'သုန္ဒဒဿန (တိ) ဖြစ်ခြင်း မြင်တတ်သော၊ သူ့။ ----။'
206909	suddhidassana	leading 'ဒိဋ္ဌိ' (rest of the analysis?)
206912	suddhipakati	stray '(]', '['
206914	suddhipaṭipadā	'----'
206915	suddhipatta	stray 'န'; '----'
206917	suddhimagga	'(၂)' before the quotation 'တေ သုဒ္ဓိမဂ္ဂ'; citation 'မဟာနိ၊ ဋ်'
206918	suddhimaggaparāmasana	repeated headword and label 'ဒ္ဓိမဂ္ဂပရာမသန (န)'; '----'
206919	suddhimaggabhāvadīpaka	grammatical note 'ထီ-၌ ဒီပိကာ' (feminine dīpikā); '----'
206921	suddhivāda	'----'; run-on article 'ဒဟေ ([ စင်ကြယ်ခြင်း ၏အကြောင်း'
206924	suddhodakasambhinna	quotation fragment 'ဥစ္ဆရသ'; citation '(ကင်္ခါ။ ၁၈၁)'
206925	suddhodana	grammarian's notes 'ပါစိတ် (ဓာန်၊ ဋီ။ ၄)။ ရုဒ္ဒေါဒန-သက္ကတပိဋက။ သုဒ္ဓေါအဏ၊ သုဒ္ဓေါဒဏ-ပြာ။ ]'; '--'; citation '(မဟာဝံသ ၂။ ၁၇၊ ၁၉၊ ၂၀)'; running head '၃ သုဒ္ဓေါဒန'; debris 'သ', '၁', ']', 'သူ/'
206927	suddhodanaputta	next headword run in inside the bracket 'သု လိ သုဒ္ဓေါဒနပ္ပမုခ'
206931	suddhodanarāja	citation 'အပ၊ ဌ၊'; run-on article 'ဒ္ဓေါဒနဝတ္ထု(န) သုဒ္ဓေါဒန မင်း၏-အကြောင်းအရာ-ဝတ္ထု-အဋုပ္ပတ်'
206933	suddhodani	citation 'ဓာန်'; run-on article 'ခံသု (ပု) [။ ကပ္ပဒ္ဒုမ။ သုဓာဂု-သံ။ ] လ (လဝိမာန်)။ ဟိမံသု, ကုမုဒပန္ဓု, ဝိဓု, သုဓံသု, သုဗ္ဘံသု'
206936	sudhaja	analysis 'သု + ဓဇ'
206937	sudhañña	stray '(၇)' twice
206938	sudhaññaseṭṭhi	source tag 'မူ'
206939	sudhaññavatī	stray ']'; '(၁)' before the quotation 'နဂရံ သုဓညဝတီ ရေဝတဿ မဟေသိနော'
206940	sudhaññavatīnagara	quotation fragment 'ဤ သုဓညဝတီနဂရေ'; editorial reference 'ပဌမ-အဘိဓာန် (အ-ဝင်္ဂ) ၂၅ ပ-မ-သ-စ ]'
206942	sudhantacāmīkarasamānavaṇṇa	'--'
206945	sudhantasuvaṇṇasadisa	run-on 'သုန သ ဘန္န ] သုဓ ကြည်'
206947	sudhamma	first copy of the whole article (senses (1)-(16), including the note '(၁၄၈-၌ကား ဓမ္မပါသာဒ-ဟုရှိသည်)'); stray '(၇)', '(ပ)', '6'; '----', '-.'; quotations 'တေန စ သမယေန ... ဟောန္တိ', 'သုဓမ္မာယာဘိတော သဘ'; citations 'ဇာ၊', 'ဇာ၊ ၅ ၁'; running head / next headword '၇ သုဓမ္မတ္ထ္တေရ'
206949	sudhammadevasabhā	quotation 'သက္ကော ပန တိယောဇနသတိကံ သုဓမ္မဒေဝသဘံ'
206956	sudhammasabhā	citation 'သံ၊] ၁'
206957	sudhammasabhāvirahita	stray ']', 'ဦ'
206959	sudhammādevayāna	'---'
206960	sudhammādevasabhā	next headword run in 'သု ၅ သုဓမ္မာဒေဝသဘာပဋိဘာဂ ၂၃၈'
206963	sudhammuyyāna	quotation 'သော ဒသန္နံ မာသာနံ အစ္စယေန သုဓမ္မုယျာနေ နိက္ခမိ'
206964	sudhammuyyānamuttama	run-on article 'ဓာ (ထီ) [ သု + ဓာ (ဓေ) + အ + အာ ... ] (၁) အမြိုက်သုဓာ၊ နတ်-သဇာ-အာဟာရ။ (၂) ထုံး၊ အင်္ဂတေ၊ မြေဖြူ၊ ပလာစတာ။'
206965	sudhā	run-on article 'ကမ္မ (န) (စေတီ၌) အင်္ဂ တေပွတ်ခြင်းအမှု'
206970	sudhātala	debris 'နရ ပတေ'; '--'; citation '(ကဒါ ဋီ၊ သစ်။ ၄၈၈)'
206971	sudhādiparikammakata	debris 'နကတ'; citations 'ဝီ၊ သင်္ဂဟ', '(ကင်္ခါ။ ၄၇၈)'
206973	sudhādoṇi	preceding article's gloss 'အင်္ဂတေအစရှိသည်ကိုပြုပြင်ခြင်း'; repeated headword and label 'ဓာဒေါဏိ (ထီ)'; quotation 'နိရယပါလာ -သုဓာဒေါဏိယံ သုဓံ ကောဋ္ဋေန္တာ ဝိယ'
206975	sudhāparikamma	quotation 'သော ကိရ အနောမဒဿိဿ ဘဂဝတော -... သုဓာပရိကမ္မံ ကာရေသိ'
206976	sudhāparikammakata	quotation '--သုဓာပရိကမ္မကတမ္ပိ ဘူမိံ အလ္လဂေါမယေန ပုစ္ဆာပေတွာ'
206977	sudhāpiṇḍa	quotation 'အယမ္ပိ ပုရိမဗုဒ္ဓေသု ... သုဓာပိဏ္ဍမဒါသိ'; page number '၁၁၄-'
206982	sudhābaddha	citation 'ဝိ၊ ဌ၊ ၂ ၃'
206983	sudhābhūmi	quotation 'စောဠကေန ပလိ- သ ဝေဌေတု န္တိ သုဓာဘူမိယံ ဝါ-'
206984	sudhābhojana	debris 'ဝ'; next headword run in 'သုဓာဘောဇနဇာတက'
206988	sudhābhojanīyajātaka	run-on '] သုဓာပရိကမ္စကတ-ကြည့်'
206990	sudhāmaṭṭhapokkharaṇī	quotation fragment 'သုဓာမဋ္ဌပေါက္ခရဏီယော'; page number '၂၈၉'
206994	sudhāmayapāsāṇa	quotation fragment 'ပါသာဏောတိ “'
206995	sudhāmuṇḍakavāsī	stray '['
206997	sudhālittasenāsana	debris 'စ၈'; citation 'ကင်္ခါ ဋီ၊ သစ်'
207001	sudhāvaṇṇa	quotation fragment 'သက္ခရသုဓာဝဏ္ဏ'
207004	sudhāsā	stray '[', 'သ'; page number '၄၂၇-'
207005	sudhāsī	citation 'ဓာန်'
207006	sudhāhara	quotation 'သုဓာဟရော သုဝဏ္ဏပက္ခော ဘုဇဂါသနောပိ'; citation 'ဓာန်၊'
207007	sudhāhāra	stray ']'; quotation 'ဧဝမာဟာရော'; citation '(ဣတိဝုတ်။ ၂၆၁)'
207008	sudhī	citation '၇၀၈၊ (၂၁၁-နှာ)'
207009	sudhī	stray '(၇)'; citations 'အလင်္ကာ။ အလင်္ကာ၊'
207010	sudhīmantu	running head '၂ သုဓောတ' inside 'ရှိသော၊ … သူ'
207011	sudhota	grammarian's note '(ဓာဝ န တ္တ။ ကပ္ပဒ္ဒုမ။ (၁၉-ဖြင့် ဝ်-ကို သံပသာရဏ ဦ-ပြု၍ ရုပ်ပြီးသည်။ ပါစိတ်၊ သုဓတော်တ-သံ။ သုဓောအ-ပြာ။'; '(၂) --- မ ၂'; '(၄)' before the quotation 'ပဋိဘာဂနိမိတ္တံ ... ဥပဋ္ဌာတိ'
207012	sudhotajātimaṇi	quotation 'ပုထုဇ္ဇနကလျာဏကာနံ ... ပဒဋ္ဌာနံ ဟောတိ'; debris '၏--'
207015	sudhotapavāl̤asaṅghātasannibha	quotation 'တတ္ထ သုဓောတပဝါဠ-သင်ာတသန္နိဘဿ --'
207017	sudhotamaṇikhandha	stray '['; quotation 'သော ဘူမိယံ ... နိမ္ပလံ သီလံ အဒ္ဒဿ'
207018	sudhotamaṇḍitakāya	column debris 'ပြု သုဓောတရဇပစ္ဆဒ' (the next headword) inside the gloss; quotation 'တဿ နာနဝိလေပနာဒီဟိ ... ဧကဂ္ဂသုခသမပ္ပိတကာလော'
207020	sudhotalohitakamaṇisadisa	'--.'
207024	sudhotasaṅkhathāla	quotation fragment 'သုဓောတသင်ထာလံ'
207026	sudhotasarīra	quotation 'ဩတရိတွာ ... သုဓောတသရီရာ ဥတ္တရိတွာ'
207028	suna	citations 'ဇာ၊ ဌ၊ ၆ ၇၈', 'ဓာန်'
207029	sunakkhatta	grammarian's note 'သုနက္ခတြ-သံ။ သုနက္ခတ္တ-ပြာ၊ အဒ္ဓမာဂဓီ။ ]'; debris '(၇))'; quotation 'ဒသမေ သုနက္ခတ္တန္တိအာဒီသု ... ဝုစ္စတိ'; citation '(ဒီ၊'
207030	sunakkhattavatthu	quotation fragment 'သုနက္ခတ္တဝတ္ထု၊'
207034	sunakkhattasuttavaṇṇanā	quotation fragment 'သုနက္ခတ္တသုတ္တ-ဝဏ္ဏနာ'
207035	sunakha	grammarian's note '[သုန ဥနခ။ သု + နခ ... သုနခ-သက္ကတပိဋက၊'; '(၃)' before the quotation 'သော တဿ ပထဝိံ ... နိဗ္ဗတ္တတိ'
207036	sunakhakāla	run-on article 'သုခက (ထ) ဒွေး၏ ... အပြုအမူ- အမူအရာ' with running head '၅ သုနခဂဏ'
207040	sunakhajātakavaṇṇanā	quotation fragment 'သုနခဇာတကဝဏ္ဏနာ'
207041	sunakhajīvika	run-on article 'သုနခဒဌ္ဌ (တိ) [ သုနခ + ဒဋ္ဌ ခွေးသည်-ကိုက်-ချု-အပ်သော'
207042	sunakhadaṭṭha	citation 'သာရတ္ထ ၂'
207045	sunakhaparivuta	quotation 'သော ကိရ ... အရညံ ပက္ကာမိ'
207046	sunakhabhaya	quotation 'သစေ ပန ... ဂစ္ဆန္တိ'
207048	sunakhamaṁsakhādacaṇḍāla	quotation fragment 'ဆဝကသမသဒိသ'
207055	sunakhavājika	citation 'မူလဋ်၊'
207057	sunakhasadda	quotation fragment 'ဘုဘူ”"'
207058	sunakhasaddakaraṇa	quotation fragment 'ဘုက္ကာရ'
207059	sunakhasadisa	quotation fragment 'သုနခမံသ နိ'; citation 'ဝိ၊ ်၊ ငြု ၃၇၆'
207062	sunakhākāra	stray 'သ'; quotation fragment '“ကုက္ကုရပဗ္ဗတော”'
207063	sunakhādisarīra	citation '[၁။ ဝိသုဒ္ဓိ၊ ဋီ ၁'
207064	sunakhī	quotation '----သုနခီ သူကရီ ကာဏာ ကုဏီ”'
207066	sunakhocchiṭṭhabhattabhuñjanakacaṇḍālakula	run-on articles 'ဌ (တိ) [ သု + တ။ သုနမူ-သံ။ ကောင်းစွာ-လွန်စွာ-ပျက်စီး-ပျောက်ပျက်-သော' and 'နုတိ (ကြို သုန + တိ ... (၁) သွားရောက် -၏။ (၂) ထောင်းထု -ရိုက်ပုတ်-၏။ (၃) အသံပြု၏။ (၁) တံ ဟိ'
207068	sunati	citation 'ပါစိတ်၊ (၂)'; quotation fragment 'သုနတိ'; run-on article 'နန္ဒ (ထီ၊ ပု) [သုနန္ဒ အ ... (၁၂) (အက္ကန္တသညကထေရ်အလောင်း)'
207069	sunanda	tail of the first copy of the article ('စကြဝတေးမင်း။ (၁၃) … (၂၇) သုနန္ဒာနတ်သမီး။'); stray '(၇)'; quotations 'အထ သော +-သုနန္ဒာဇီဝကေန ... တိဏမုဋ္ဌိ ယော', 'တံ သုနန္ဒေန ... တိဏမုဋ္ဌိယော', '(သုစန္ဒနုယျာနေ) ဝိဇာယိ'; source tags '(သီ-ဣ-မူ)', '(သီ-မူ)'; citations 'ဗုဒ္ဓဝံ၊', 'ဇာ၊', '၁ ၂'
207071	sunandakājīva	citation 'ဗုဒ္ဓဝံ၊'; running head '၉ သုနန္ဒဂါမ'
207072	sunandagāma	stray ']'
207076	sunandasārathi	debris 'သွေ့'
207078	sunandighosa	quotation fragment 'သုနန္ဒိယောသော'
207079	sunandī	debris 'ဥာ'
207080	sunaya	grammarian's note 'သုနယ-သံ'; quotation fragment 'သုနီတေနာ'
207082	sunāgatthera	running head 'ဝ သုနာဂတ္ထေရဂါထာ' inside 'ကြည်ညို … ခဲ၏'
207083	sunāgattheragāthā	location 'ဂါထာပါဠိ၊ ၁ နိပါတ်၊ ၉-ဝဂ်။ ၅-ဂါထာ'
207085	sunāparanta	debris 'အန်း'; grammarian's and editor's notes '[... သုဝဏ္ဏ သောဝဏ္ဏ သုန္န-ပါကတ ... ပုရာမ်မြေပုံ။ ၁၇၅-နှာ ... ပါဠိ, အဋ္ဌကထာ၌ သုနာပရန္တ-ပုဒ်မရှိ။ ၎င်းပ် ရုပ်ပြီးပုံကို ၎င်းကျမ်း၌ ကြည့်ပါ။ ]' (variant forms, a map reference, and the note that the word is not in the Pāḷi or the commentaries)
207086	sunāparantaka	citation 'သံ၂'
207088	sunāparantajanapada	'----'
207091	sunāma	grammarian's note '(တိ) သုနာမန် (ကောင်း သော-အမည်-သညာ- ရှိသော) သံ' (Skt. sunāman, 'having a good name'); editorial reference 'အဘိဓာန် (အ-ဝဂ်) ၂၆ ပ-ဓမ-သ-စ ၅'; quotation 'သုနာဝိက စာတိ တယော အမစ္စာ အဟေသုံ'
207092	sunāvika	grammatical note 'ကစ္စည်း။ ထီ-၌ သုနာဝိကီ' (feminine sunāvikī)
207093	sunāsita	analysis '[ သု. + ဏေ + တ'
207094	sunāsira	analysis 'သု + နာသီရ'; quotations 'သုဋု နာသီရော ... ဣန္ဒော', 'သုနာသီရော, ပုရန္ဒရော'; source tag 'ထောမ'; grammarian's note 'သုနာသီရ-သံ။ ]'; citation 'ဓာန်၊'
207095	sunikkaṅkha	stray 'အ'
207096	sunikkanta	grammarian's note 'သု+ နိ+ ကတိ + အ ... နိ-ဥပသာရဖြစ်၍ သုနိကန္တ-ဖြစ်သင့် သည်။ ]' (says the form should be sunikanta)
207098	sunikkodha	grammarian's note 'သုနိပိကြောဓ-သံ'; quotation 'သုနိက္ကောဓ နီ အကုဇ္ဈ္ဇနဝသေန သုဌု နိက္ကောဓံ'
207099	sunikkhima	grammarian's note '[ သု, နိ။ ကမု အ။ သုနိဝီကြမ သံ။ ]'
207100	sunikkhitta	grammarian's note 'သု+ နိ+ ခိပ + တ။ သုနိက္ခိမ္ဘ-သံ။ သုဏိက္ခိတ္တ-ပြာ'; citations 'ဝိ၊ ကင်'
207101	sunikkhittapadamūlaka	analysis 'မူလ + က'
207103	sunikkhittavimāna	running head '၂ သုနိက္ခိတ္တဝိမာနဝဏ္ဏနာ'
207104	sunikkhittavimānavaṇṇanā	quotation fragment 'သုနိက္ခိတ္တဝိမာနဝဏ္ဏနာ'
207105	sunikkhittavimānavatthu	location 'ခုဒ္ဒက-နိကာယ၊ ဝိမာနဝတ္ထုပါဠိ၊ ၂-ဝိမာန၊ ၁၁-ဝ၀တ္ထု'
207106	sunikkhipati	grammarian's note '(ကြို သု + နိ+။ သုနိက္ခိပ-သံ။ သုနိက္ခိဝက္က-ပြာ။'
207107	sunikkhipitvā	analysis '(ကြို သု + နိ+ ]'
207108	sunikkhepa	grammarian's note 'သုနိက္ခေပ-သံ။ သု + ဏိက္ခဝ-ပြာ'
207109	sunikhata	grammarian's note '၄၂-သုတ်ဖြင့် န-ကို အာ-ပြု၍ပြီးသည်။ ဇာတ၊ ဇာတိ-ကဲ့သို့တည်း သုနိခါတ-သံ။ ]'; run-on gloss 'ကောင်း-မြဲမြံ-စွာ-စိုက်ထထား-စိုက်မြှုပ်ထား-အပ်သော'
207112	suniggata	quotation fragment 'ဝိဿဋ္ဌေနာ'; citation 'ပါစိတ်'
207114	suniggahita	grammarian's note '၃၇-သုတ်ဖြင့် ဣ-ကို ဤ-ဒိယပြု ... သုဏိဂ္ဂဟီယ-ပြာ'; running head '၃ သုနိစိတ'
207116	sunicchaya	analysis '] သု + နိစ္ဆယ နိ + စိ + အ။ သုနိစ္စယ-သံ'; quotation 'ဓမ္မေ သုနိစ္ဆယာ ဝိမောက္ခဘူတံ -ဝဍ္ဎေယျ'
207117	sunicchita	grammarian's note 'သုနိဂ္ဂိတ-သံ'
207119	sunijjhāyita	analysis '[သု. နိ+ ၅ တ ['
207120	suniṭṭhita	'၃၀)'; quotation fragment 'သုနိဋ္ဌိတ'
207121	suniṭṭhitapacchābhattakicca	quotation '--သုနိဋ္ဌိတပစ္ဆာဘတ္တကိစ္စော ကာဠပက္ခူပေါသထဒိဝသေ'
207122	suniddā	grammarian's note 'သု + နိဒ္ဒါ။ (တိ) သုနိဒြ-သံ။ ကောင်းစွာအိပ်ခြင်းရှိသော။ ဝီလျံ။ ]' (Skt. sunidra, 'sleeping well')
207125	suniddosa	quotation fragment 'သုနိဒ္ဒေါသ'
207128	suniddhāriya	grammarian's note 'နိဓာယံနိဒ္ဓါရဏီယ-သံ'
207129	suniddhota	quotation fragment 'သုဝိတစ္ဆိတ'; run-on article 'သုန (၂) သု နိ ဓာတာ] သုနဓအမတ် ကြီး'
207132	sunipuṇa	'(၁)' before the quotation fragment 'သုနိပုဏ'; '၃၈၃၊ (၂)'
207134	sunipphanna	grammarian's note 'သုနိပ္ဖန္န-သံ'
207135	sunibandha	run-on articles 'သုနိဗ္ဗတ္တ (တိ) [ ... ကောင်းစွာ-ဖြစ်- မွေးဖွားသော။ သုဇာတော တိ ဠ[' and 'သုနိဝ္ဗုတ (တိ) [ ... (၁) အလွန်-ကောင်းစွာ-ငြိမ်း-ချမ်း-အေးငြိမ်း-ပြီး-သော။ (၂) ... (၃) ... ထေရ (၂)'
207141	sunimmajjati	grammarian's note 'သုနိမဒဇတိ-သံ'; debris 'ဟ'; quotation fragment 'သုနိမ္မဇ္ဇထာ'; citation 'ဒီ၊ ပြု ၂'
207143	sunimmala	stray '(၇)'; run-on article 'သုနိမ္ပီတ (တိ) [ ... (၁) ကောင်းစွာ-ဖန် ဆင်း-ပြုစီရင်- အပ်သော။ (၂) ... (၃) (နိမာနရတိဘုံ၏) သုနိမ္ဗိတ-နတ်မင်း-နတ်သား ...' with its quotations
207144	sunimmita	quotation 'အရိယာ ယဇာတိယာ ... သုနိမ္မိတဿာ'
207145	sunimmitadevarājā	stray '('
207146	sunirutti	grammarian's note 'သ + နိ+။ သုနိရုတ္တိ-သံ။ ]'
207147	sunivatta	'(၃)' before the quotation 'သုနိဝတ္ထသုပါရုပနာဒိသမ္မာပဋိပတ္တိဉ္စ “'
207148	sunivattanivāsana	quotation 'ထေရော ကိရ ... ပတ္တစီဝရမာဒါယ'
207150	sunivattasupārutādisammāpaṭipatti	quotation '-- သုနိဝတ္ထသုပါရုတာဒိသမ္မာပဋိပတ္တိဉ္စ "'
207152	suniviṭṭha	'(၁)' before the quotation fragment 'သုနိ-ဝိဋဌာယာ'
207153	suniviṭṭhadunniviṭṭhajānanasatta	running head '၇ သုနိဝိဌဒုန္နိဝိဌသုဘိက္ခဒုဗ္ဘိက္ခာဒိဝသ' inside the gloss
207154	suniviṭṭhadunniviṭṭhasubhikkhadubhikkhādivasa	quotation 'ဂါမကထာပိ ... ဝဋ္ဋတိ'; citations 'မ၊ ပြု သံ၊ ပြု မြုံ ၃၂၅။ အံ၊ ပြု ြုု ၃၁၉'
207155	suniviṭṭhasaddā	'---'
207157	sunisaṇṇaka	analysis and quotation 'သု + နိသဏ္ဌ + က။ သုဌ နိသဏ္ဌံ နိဒ္ဒါ ယသ္မာတိ သုနိသဏ္ဌကံ'; citation 'ကပ္ပဒ္ဒါမ'; tag 'သျှ'; '-- --'
207158	sunisannaka	analysis and quotation 'သု + နိသဏ္ဌ + က။ သုဌ နိသဏ္ဌံ နိဒ္ဒါ ယသ္မာတိ သုနိသဏ္ဌကံ'; citation 'ကပ္ပဒ္ဒါမ'; tag 'သျှ'; '-- --'
207159	sunisita	grammarian's note '၇၊ ၄ ၄၁-ဖြင့် -ကို ဣ-ပြု။ သုနိ်ီတ-သံ'; debris 'တော'; quotation fragments 'သုနိသိတေနာ', 'သုနိသိတ'
207162	sunisitagga	'----'
207163	sunisitatikhiṇaayalohaghaṁsana	quotation '--သုနိသိတတိခိဏအယလောဟယံသနေန ဃံသိတွာ'
207166	sunisitamaggañāṇapharasu	running head '၈ သုနိသိတသတ္ထ'
207172	sunissārita	analysis '[သု. နိ+ သရ+ ဏေ တ။ သု + နိသာရိတ-သံ'; debris '၏-၏-'
207173	sunissita	quotation fragment 'သုနိဿာ'
207175	sunihita	run-on article 'သုနဟံန တုန။ ဟာ ] အလွန်-ယုတ်ညံ့-ယုတ်နိမ့်-သော။ အောက်ပုဒ်ကြည့်'
207178	sunīca	citation 'ဓာန်၊'; running head '၉ သုနီစဝုတ္တိ'
207180	sunīta	'(၁)' before the quotation fragment 'သုနီတေနာ'
207181	sunītatthera	'----'
207182	sunītattheragāthā	location 'ခုဒ္ဒကနိကာယ ထေရဂါထာပါဠိ၊ ၁၂-နိပါတ်၊ ၂-ဂါထာ'
207184	sunīla	grammarian's note 'ကပ္ပဒ္ဒုမ။ သုနီလ-သံ'
207186	sunīlapāsādikaakkhilomasamalaṅkata	quotation '--ဝိသုဒ္ဓေန ... အက္ခိလောမသမလင်္ကတေန'
207188	sunīhata	running head '၃) သုနီဟရဏီယ' inside the gloss; citation 'သံ၊ ၁ဝ'
207190	sunetta	grammarian's note '[ သုနေတ္တ။ သုနေတြ-သံ။ သုနေတြ-ဘုရား။ သက္ကတပိဋက။ ]'; second copy of the article; stray '(၇)'; quotation 'သုနေတ္တော နာမ အ အဟောသိ'
207192	sunettakumāra	'---'
207194	sunettasutta	location 'အင်္ဂုတ္တရနိကာယ၊ ၇-နိပါတ်၊ ၇-ဝဂ်၊ ၉-သုတ်'
207196	sundara	grammarian's note 'သု + ဥန္ဒ + အရ ... ထီ-၌ သုန္ဒရီ'; running head and debris 'ဩူ သုန္ဒရအင်္ဂဏ' inside ကောင်းမြတ်; stray '(၇)'; debris '၂၄ာ'
207197	sundaraaṅgaṇa	quotation fragment 'သုဝင်္ဂဏ'
207198	sundaraūrulakkhaṇa	stray 'လက္ခဏ'; quotation 'သုဿောဏီ တိ သုန္ဒရဦရုလက္ခဏေ'
207199	sundaraka	grammatical note 'က-ပစ္စည်းသကတ္ထု' (the suffix ka in its own sense)
207200	sundarakappa	quotation fragment 'ဘဒ္ဒကပ္ပေ ('
207205	sundarakkha	quotation 'ဘဒြက္ခာ တိ -သုန္ဒရက္ခာ'
207206	sundarakkhandhāsana	stray '['; '-- ----'
207207	sundarakkhara	debris '+ ါ'
207208	sundaragati	quotation fragments 'သုဂတိ', 'န္တ သုန္ဒရဂတိံ၊ မနုဿ-၂'; citation '(ဣတိဝုတ်။ ၂၄၈)'; encoding debris 'ေ်််််််ာာဿဿဿဿဿ-'
207210	sundaragamana	quotation fragment 'သုဝဂ္ဂိတေ-နာ'
207212	sundaraghara	quotation fragment 'သုယရ'; citation 'ဇာ၊ ၆၅ ၂၆၅'
207213	sundaracitta	quotation fragment 'သုမနဿာ'
207214	sundaracittasaṅkhātamana	quotation fragment 'စိတ္တသင်ါတမနော'; citation 'ဝဇီရ ၄၁၃'
207215	sundaracchavi	run-on article 'သုဒတ္တ) ကောင်း တင့်တယ်-သော-အရေ အဆင်းရှိသော' with its quotation '---သုဝဏ္ဏတာ နာမ ... ကဉ္စနသန္နိဘတ္တစတာ'
207220	sundaraṭṭha	debris '='
207222	sundaratalatitthapulinasampatti	repeated headword 'သုနရတလတိတ္တပုလိနသမ္ပတ္တိ (တီ)'; analysis '[ သုန္ဒရ တလ + တိတ္ထ + ပုလိန + သမ္ပတ္တိ]'
207224	sundaraturaṅgavara	'-...'
207226	sundaradassana	stray ']'
207227	sundaradassanasundarodakadhavalapulinopasobhita	repeated label 'တ (တိ)'; '---.'; citation 'အပ၊ ပုံ ၂'
207230	sundaradhamma	stray '(၇)'
207232	sundaranagarābhimukha	quotation '-နရဒေဝယက္ခော ... အဂမာသိ'
207233	sundaranāda	citation '] ၁၅၂'
207234	sundaranikkama	'--- ---'; running head 'န သုန္ဒရနိဗ္ဗတ္တိ'
207236	sundaranetta	quotation fragment '"” တိ'
207238	sundarapaṭibhāna	quotation fragment '“ဝါက္ကရဏ (ပ)'
207240	sundarapadhāna	quotation fragment '“- သမ္မပ္ပဓာနာနိ'; next headword run in 'ပရိယာယ (၇) ['
207242	sundarapāsa	quotation fragment 'သုပါ-သဉ္စာ'
207243	sundarabhamuka	quotation fragment 'သုဗ္ဘမူ'
207247	sundarabhojana	quotation '-သုန္ဒရဘောဇနသင်္ခါတံ ပရမန္နံ ဥတ္တမာဟာရံ'
207248	sundaramana	quotation fragment '--- နီဝရဏေဟိ [။'
207251	sundarayugala	quotation fragment 'ဘဒ္ဒယုဂ'
207252	sundararakkha	'--..'
207253	sundararūpa	citation and quotation fragment '၁၃၄) တိ သုန္နရရူပေ'
207254	sundaravacana	'(န) (၂)' repeated before the garbled quotation fragment 'အရိယရုဒ'
207257	sundaravaṇṇa	quotation fragment and citation 'အက္ခဿာ ၁၄) [။'
207258	sundaravata	'-- ၂'
207259	sundaravatthagahaṇa	stray '] ['; quotation fragment 'ဝိစေယျာ'
207263	sundaravasana	quotation 'သုဝသနာ တိ ... သောဘဏဝတ္ထနိဝတ္ထာ'
207264	sundaravideha	quotation fragment 'သုဝိဒေဟာန'
207267	sundarasaṇṭhāna	stray ']'
207271	sundarasamuddakumāra	'-'
207272	sundarasamuddatthera	'----'; running head '၇ သုန္ဒရသမုဒ္ဒတ္ထေရဂါထာဝဏ္ဏနာ' inside the text
207273	sundarasamuddattheragāthāvaṇṇanā	quotation fragment 'သုန္ဒရသမုဒ္ဒတ္ထရဂါထာ-ဝဏ္ဏနာ'
207274	sundarasamuddattheravatthu	quotation fragment 'သုန္ဒရသမုဒ္ဒတ္ထေရ-ဝတ္ထု'
207275	sundarasarīra	quotation fragment 'သုတန္န'
207276	sundarasarīrapabha	quotation fragment 'ဇီမူတဝဏ္ဏ'
207277	sundarasarīrappabha	quotation fragment 'ဇီမူတဝဏ္ဏ'
207279	sundarasīla	quotation '= ကလျာဏသီလော'; citation '(ဣတ်ဝုတ်။ ၂၅၉)'
207280	sundarasīlādiguṇa	quotation fragment 'ကလျာဏဓမ္မ'
207282	sundarasenāsana	quotation '+-သုန္ဒရသေနာသနံ ပမာဒဋ္ဌာနံ'
207283	sundarasoṇī	quotation fragments 'သုဿောဏီ', '----ဝိသာလကဉ္စနဖလကံ ဝိယ သုန္ဒရသောဏီ'
207284	sundarassara	quotation fragment 'မဉှုဿရော'
207285	sundarahadaya	quotation fragment 'သုန္ဒရဟဒယာ တီ'
207288	sundarādhivacana	'---'
207290	sundarāhāra	citation 'ဒီ၊ ဋံ ၂'; run-on 'သုန္ဒရိ) သုန္ဒရိကဘာရဒွါဇ။ နောက်ပုဒ်များကို ချေ။ ] သုန္ဒရိကဘာရဒွါဇသုတ်'
207293	sundarikabhāradvāja	'----။ "'
207294	sundarikabhāradvājabrahmaṇa	stray '['; quotation '----သုန္ဒရိကဘာရဒွါဇဗြာဟ္မဏံ ... ဒိသွာ'
207295	sundarikabhāradvājasutta	stray '[ သုန္ဒရိကဘာရဒွါဇ “သုတ္တ'; quotation 'သုန္ဒရိက ဘာရဒွါဇသုတ္တံ စတုတ္ထံ'
207298	sundarikā	analysis '[ သုန္ဒရီ က + အာ'; debris and citations 'သုနရ ကာပရ်ဒု်မ။ )က်။ =။ ၁၆၉ (၂)။ အပ၊ ၁ဝ။ -+'
207299	sundaritthī	quotation fragment 'သုဘရိယာယာ'
207302	sundariparibbājikā	'---- “'
207303	sundarimāraka	grammatical note 'ထိ-၌ --မာရိကာ' (feminine -mārikā); quotation fragment 'ရာဇာ "'
207305	sundarī	grammarian's note 'သုန္ဒရ + ဤ ... ကပ္ပဒ္ဒုမ။ (ထီ) သုန္ဒရီ-သံ။ သုံဒရီ-ပြာ၊ ဘဒ္ဓမာဂဓီ။'; second copy of the article; quotations 'သုန္ဒရီ တိ တဿာ ... ပညာယိတ္ထ', 'ပိဏ္ဍော-လော ... ဘဝတိ အဋ္ဌမံ'; run-on article 'သုနရံထေရဝါထာထ်)[ သုန္ဒရိ ထေရီ ဂါထာ သုန္ဒရီထေရီဂါထာ၊ သုန္ဒရီထေရီမ-သီဆို-ကျူး ရင့်-အပ်သောဂါထာ။' with its location
207307	sundarītherīgāthāvaṇṇanā	stray ']'; running head 'ဝိ သုန္ဒရီနန္ဒာ'
207309	sundarīnandātherīgāthā	location 'ခုဒ္ဒကနိကာယ ထေရီဂါထာပါဠိ၊ ၅-နိပါတ်၊ ၄-ဂါထာ'
207310	sundarīnandātherīgāthāvaṇṇanā	analysis '[ သုနှရိနန္ဒာ-ထေရီဂါထာ + ဝဏ္ဏနာ'
207315	sundarīsuttavaṇṇanā	quotation fragment 'သုန္ဒရီသုတ္တဝဏ္ဏနာ'
207318	sunhātasudhotakilesamala	'-..'
207319	sunhātānulitta	running head '၁ သုနာပိတ'; quotation 'တေန သမယေန သုနှာတာနုလိတ္တာ သုဘောဇနံ'
207320	sunhāpita	quotation fragment 'နှာပကသုနာပိတာ'
207328	supakkalākhārasanisiñṇamāna	stray 'ဥ'
207329	supakkalākhārasasiñṇamāna	stray '] ]', 'သ'; run-on '၂ သုပက္ကသုပတ္တ'
207330	supakkasupakka	garbled 'မှည်နိုးရာရာ သော'; citation 'ဇာ၊ ပြု ၅။ ဒု၃၃'
207331	supakkuṭṭhita	edition sigla '(သီ၊ သျာ၊ မူ)'
207332	supakkuthita	quotation 'သုပက္ကုထိတာတိ သုဋု နိပက္ကာယ'
207335	supaggahita	headword form 'သုပဂ္ဂဟိတ'
207339	supaccatthika	unclear 'အကဲ'
207340	supajjalita	run-on '၃ သုပဇ္ဇလိတနာမ'
207342	supañña	grammar note 'သု+ ပါဏိနီ၊ ၅ ၄။ ၆၈-ဖြင့် အ-ပစ္စည်းသက်။ ]'; quotations 'သပ္ပညော။ သုမေဓာယာ', 'ပည န္တိ သုပည်' with sense labels
207343	supaññatta	quotation '“သုကထိတာ”တိ'
207348	supaññattasucimanoramattharaṇamañṇapīṭha	headword form 'သုပညတ္တသုစိမနောရမတ္ထရဏမဉ္စ-န'; run-on 'သုပညတ္တာလင်္ကတဝရသယန'
207351	supaññapita	grammatical analysis 'ပ + ဉာ + ဏာပေ + တ။ အ-ရဿပြု'
207356	supaṭadāyakatthera	analysis 'သုပကဒါယက + ထေရ် သုပဋဒါယကထေရ်'
207357	supaṭadāyakattheraapadāna	citation 'ပဒါနပါဠိ၊ ၅၃-ဝင်၊ ၅-အပဒါန်'
207361	supaṭicchanna	analysis fragment 'သု + + တ။ မောင်၊ ]'
207369	supaṭṭhapita	analysis fragment '+ တ'
207370	supaṭṭhita	'----'
207372	supaṇihita	grammar notes and Sanskrit, Prakrit forms 'ဓ-ကို ဟ-ပြု။ သု + ပြဏိဟိတ-သံ။ သု + ပဏိဟိယ-ပြာ'; citation and quotation 'ပဋိသံ၊ သုပဏိဟိတော'; run-on '၂၆ သုပဏိဟိတမန'
207375	supaṇīhita	grammar note 'ကို ဟ-ပြု။ ဆန်းကြောင့် ဒီယ ပြု' (vowel lengthened for the metre)
207376	supaṇḍita	analysis fragments '[ သု.။ ပဋိ + တ။ ['
207377	supaṇṇa	'ကပ္ပဒ္ဒုမ'; source 'ဓာန်'; forms 'သုပဏံ', 'ဂဠုနံ'; Sanskrit and Prakrit forms 'သံ။ သုပဏ္ဏ၊ သုပန္န-ပြာ'
207378	supaṇṇa	analysis 'သုပဏ္ဏ + ကန်။ ဥပမာအနက်၌ သက်သော ကန်-ပစ္စည်းကို ၉၈-ဖြင့်ချေ။ (ပက္ခ) ]'
207379	supaṇṇatta	run-on 'သုပဏ္ဏပန္တိသတ (၇) ] ဂဠုန်ရုပ်အစဉ်အတန်းတစ်ရားအရာ' (a hundred rows of garuḷa figures)
207383	supaṇṇamāṇavaka	quotation 'နာဂမာဏဝကဿ ... ဟောတိ'
207385	supaṇṇayoni	citation 'ဇာ၊ ပြုံ'
207388	supaṇṇarūpa	'-။ --။ -။ --'; quotation 'သံဃမိတ္တတ္ထေရီပိ ... သန္တာသေသိ'; citation 'သာရတ္ထ၊ ၁ဝ'; quotation fragment 'ဝရုရူပေန သန္တာသေသိ'
207392	supaṇṇavaṇṇa	quotation 'သုပဏ္ဏဝဏ္ဏ န္တိ ဂရုဠသဏ္ဌာနံ'
207394	supaṇṇavatika	run-on '၈ သုပဏ္ဏဝါတ'
207395	supaṇṇavāta	debris 'ဝဝဥ'; forms and quotation 'သုပဏ္ဏဝါတ။ သုပဏ္ဏဝါတာ တိ ဂရုဠဝါတာ'
207401	supaṇṇānubhāva	stray '['; debris 'ဟ-၏ဿ------'
207402	supaṇṇiddhi	debris '(ံ'
207403	supati	label and Sanskrit, Prakrit, Ardhamāgadhī forms '(ကြို။ သွပိတိ-သံ။ သုပ္ပဣ၊ သုဝက္က-ပြာ။ သုယက္က-အဒ္ဓမာဂဓီ'; commentary quotation 'သုပတီတိ ... ဝုတ္တံ'; lists of inflected forms with citations
207404	supatiṭṭhita	grammarian's note 'ပြတိ-ဟု သက္ကတ၌ ရှိ၍ ပွ-ဒွေဘော်ရှိလျှင် ကောင်းသည်' (better with double pp, as in Sanskrit); stray '(၇)'; quotation 'သုပတိဌိတာ'; citation 'ဝိသုဒ္ဓိ၊ ဋီ ၂'; run-on article 'သုပတိဋိတစိတ္တ-လည်းကြည်။ သုပတိဋိတစိတ္တ (တိ) ကောင်းစွာထားအပ်သောစိတ်ရှိသော၊ သူ'
207409	supatittha	grammarian's note 'ပ္ပ-ဟုဒ္ဓေ ဘော်ရှိလျှင်ကောင်း၏' (better with double pp)
207410	supatittha	headword forms 'သုပတိတ္ထ၊ (တိ) သုပတိတ္ထ ဏ'; stray 'သ'
207411	supatibbatā	Pāḷi definition 'ပတိနော ... ပတိဗ္ဗတာ'; source 'ကပ္ပဒ္ဒုမ'; Sanskrit form 'သု + ပတိဂြတာ-သံ'; page number '၂၆၂'
207412	supatisutta	citation 'သံယုတ္တနိကာယ၊ သဂါထာဝဂ္ဂသံယုတ္တပါဠိ၊ ၄. သံယုတ် ၁-ဝင်၊ ၇-သုတ်'
207413	supatisuttavaṇṇanā	headword form '[သုပတိသုတ္တဝဏ္ဏနာ'
207416	supatta	source 'ကပ္ပဒ္ဒုမ'; Sanskrit form 'သုပတြ-သါ'; '-"'; quotation '(၄) ဝရကုမ္ဘသုပတ္တသိရိဝှယနော'
207421	supatthambhita	analysis and Sanskrit form 'သုဥ ထမ္ဘိတ ထိ။ သု + ဥပ + သ္တမ္ဘိတ-သံ။ သူပတ္ထမ္ဘိတါ'
207422	supatthita	run-on '[၈] သုပထ'
207423	supatha	quotation 'တေန နော တုမှေ ကာကစ္ဆမာနာ သုပထ'
207425	supatha	source 'ဓာန်'
207427	supana	analysis, feminine form and Sanskrit, Prakrit, Ardhamāgadhī forms '[သု၀- ယု။ ထီး၌ သုပနာ။ (တိ သွပန-သံ။ (န) သုဝဏ-ပြာ။ သုယဏ-အဒ္ဓ-မာဂဓီ'
207428	supanakāla	stray '"။'
207430	supanta	quotation 'ဒိဝါ သုပန္တေန +-သဥဿာဟေန သုပိတဗ္ဗံ'
207431	supanti	analysis '(ကြု သုပ အ အန္တိ'; stray '‘'
207432	supantha	analysis and Pāḷi definition '(၇ သု. ပန။ သောဘဏော ပန္တော သုပန္ထော'; source 'ဓာန်'; run-on 'သူပပန္န”?။ ] ကောင်းစွာ- ပြည့်စုံသော။ ဋီ သစ်'
207434	supabbajita	stray 'သာ'
207435	sapabbajitabhādīpana	analysis '] သုပဗ္ဗဇိတ + ဘာဝ + ဒီပန ဟု'
207436	supabbā	analysis 'သု + ပဗ္ဗ +အ+ အာ'; source 'ကပ္ပဒ္ဒုမ'; Sanskrit form 'သုပဝံန်-သံ'; quotation 'နဘောသဒါဣစ္စာဒီနိပိ ဒေဝတာနံ သာမညနာမာနေဝ'; source 'ဓာန်'
207438	supayutta	Pāḷi definition 'သေတနပယောဂဝိသီဌော'; source 'ကပ္ပဒ္ဒုမ'; Sanskrit form 'သုပြယုတ္တ-သံ'; run-on 'ငယာဇိတ (တိ) [သု. ပ + ယုဇ + ဏေ ာ ] သုပယုတ္တ-ကြည့်'; quotation 'ဝါကိဇ္ဇ သုပယောဇိ-'
207440	suparāmaṭṭha	quotation 'သုပရာမဌော'; '၅၂-'
207441	suparikammakata	headword form 'သုပရိကမ္ပကတ'
207442	suparikammakatakañcanapanāl̤ikā	analysis '[သုပရိကမ္မ-ကတ + ကဉ္စန + ပနာဠိကာ'
207444	suparikammakatakāla	stray '၁', 'သ'; running header 'ဗဟိဒ္ဓါ အဘိဓာန် (အ-ဝင်္ဂ) ၂၈ ပ-မ-သ-စ ['
207446	suparikammakatabhūmisadisa	run-on '၃ုပရိကမ္မကတမဏိကောဋိမသဒိသ (တိ) [။ ထီ-၌ သဒိသီ။ ] ကောင်းစွာအပြေ အပြစ်ပြုအပ်သည် သွေးထားသောပတ္တမြား နှင့်တူသော' (resembling a well-smoothed polished ruby)
207449	suparikammakatasudhākamma	unclear 'မနုည်'
207450	suparikammakatasuvaṇṇa	unclear 'ကြည်-'
207451	suparikkhata	citation 'အံ၊'; quotation '(၂) သုပရိက္ခတာ တိ သုသမ္ဘတာ'
207453	suparikhā	source 'ကပ္ပဒ္ဒုမ'; Sanskrit form 'သု + ပရိခါ-သံ'
207457	supariggahita	analysis and Sanskrit form '[သု. ပရိ + ဂဟ +တ ဦ ပရိလဟီတ-သံ'; run-on 'သုရိဇ္ဈယိက (တိ) ... ကောင်းစွာ-သိမ်းဆည်း-သိမ်းပိုက်- ၁ စုံစမ်းတတ်သော။ ၃ သုပိ'
207459	suparicita	analysis '+တ'; stray 'သ', 'သုပ', 'ဦ [။ ['; quotation '(၂) သုပရိစိတာ။ သမ'
207460	suparicitabrahmacariyādhikāra	stray 'သမ'
207463	suparicchinnajātimaraṇa	headword fragment '္စိန္နဇာတိမရဏ (တိ) ['; run-on 'ညာတ (တိ) [ သု + ပရိ + ဉာ + တ။ ... ] ကာင်းစွာ-ပိုင်းခြား၍- သိအပ်သော။ တေသံ ီ'
207465	supariññātavatthuka	citation 'ပေတ၊'; run-on 'ုဏတ (တိ) [ ... ] ကောင်းစွာ-ရင့်ကျက်-အိုမင်းစေအပ်-ဖာက်ပြန်စေအပ်-သော။ ံပ္ပဇ္ဇန္တိ'
207470	suparitta	Buddhist Sanskrit, Sanskrit and Prakrit forms 'သု + ပရိတ္တ-သက္ကတ ပိဋက။ သု + ပြရိသ္တ-သံ။ သု + ပရိတ္တ-ပြါ'
207472	suparidanta	analysis fragment '[သု. တ'; '(-၁'
207477	suparidhotatintataṇḍulanāl̤i	analysis fragment '[ + နာဠ်'; run-on 'ပရနိတ (တိ) +တ။ ... ] ကောင်းစွာအပြီးအဆုံးသို့ ရောက်သော' (well brought to completion)
207479	supariniṭṭhitabhūmikamma	'ခုဒ္ဒက၊ "'
207480	supariniṭṭhitabhūmiparikamma	quotation 'မဏိ-ကောဋိမတလဂ္ဂဟဏံ ... ဒဋ္ဌဗ္ဗံ'
207481	supariniṭṭhitamaṇikuṭṭimasadisabhūmitala	stray '့'
207482	supariniṭṭhitamālākammalatākamma	run-on 'ုရနိတသုာကဗူိတ္တတမ(ူ)[ သုပရန်ိတ + သုဓာကမ္မ + စိတ္တကမ္မ ] ကောင်းစွာ ပြီးဆုံး ခြင်းသို့ရောက်သော-အင်္ဂတေမှု-ပန်းချီဆေး ရေးအမှု'
207487	suparipakkatālaphala	'တာလပက္က ('
207488	suparipakkayavasamudāya	unread 'ဖြော'
207489	suparipakkindriya	quotation 'သုပရိပက္ကိန္ဒြိယတ္တာ -အစိရာဂမနဒဿနတော စ'
207493	suparipūra	Sanskrit form 'ပရိပူရ-သံ၊ ပြား]'
207494	suparipūrita	'ဧဝံ]။'
207497	suparibrūhita	analysis and Sanskrit form 'သု. ပရိ ဗြုဟိတ. ပြု +ဏေ + တ။ သု + ပရိဗုဟိတ-သံ'; stray 'သု'; run-on 'ံ) သုပရိဗြူဟိတဒိဗ္ဗသုခ'
207499	suparibhaṇḍaka	analysis and Sanskrit form 'ဘဏ္ဍက- ဘဒိ + ဏွု။ သု. ပရိဘာဏ္ဍက-သံ'
207501	suparimajjita	variant note '(၁၇၁-အဖွင့်ခံပုဒ်၌ သုပရိမဒ္ဒိတံ-ဟု ရှိ၏' (the commented word at 171 reads suparimadditaṁ); '(၂ -.-'
207502	suparimajjitakañcanādāsa	debris '၏-------'
207507	suparimaṇḍala	intrusion 'ငြူ သုပရိမဒ္ဒိတ'; run-on 'သုပရိမဒွိတ (တိ) [ သု + + တ။ သု+ ပရိယဒိတ-သံ။ ထက်ဝန်းကျင်မှ-ကောင်းစွာ-နပ်နယ်-ပွတ်သတ်-သုံးသပ်- အပ်သော'
207509	suparimadditacamma	'ယော (ပန)'
207512	suparimutta	citations 'ဣတိဝုတ်၊ သံ၊ ဋီ၊'
207513	suparivajjayetha	analysis '(ကြို သု + ]'
207514	suparivajjeti	form 'သုပရိဝဇ္ဇယေထာ'
207516	suparividita	citation 'စု၈၄'
207520	suparisukkha	source 'ကစ္စည်း'; Sanskrit and Prakrit forms 'သု + ပရိဂုက္ခ-သံ။ သု + ပရိသုက္က-ပြာ'
207521	suparisuddha	Sanskrit and Prakrit forms 'ပရိဇဒ္ဇ-သံ။ သု ပရိသုဒ-ပြာ'; citation 'ပဋိသံ၊ ၉ ၂။ ၄၁"'
207522	suparisuddhaākarasamuṭṭhita	quotation 'ဇာတိမာ တိ သုပရိသုဒ္ဓအာကရသမုဌိ-တော'
207524	suparisuddhakāyavacīkammanta	'----'; quotation 'သီလပရိစယေန ... ဟုတွာ'
207525	suparisuddhakāyavacīpayoga	stray '] ]'
207528	suparisuddhajātimaṇī	stray '၁'; run-on heading 'သုပရိသုဒ္ဓတပနီယမယ'
207529	suparisuddhatapanīyamaya	'---'
207532	suparisuddhapariyanta	stray '['; citation 'ဝိသုဒ္ဓိ၊ ဋီ ၁'
207536	suparisuddhasaddhādisampanna	quotation 'သုပရိသုဒ္ဓသဒ္ဓါဒိသမ္ပန္နော'; citation 'ပဋိသံ၊'
207537	suparisuddhasamācāra	'သမာစာရ ]'; quotation 'ဝိသုဒ္ဓါသယတာယ ဟိ သုပရိသုဒ္ဓသမာစာရော ဟောတိ'
207538	suparisuddhasīla	quotation fragments 'သီလဝါ ဦးန ၅။ သံလဝါ။ သု /'; run-on 'သုပရိသုဒ္ဓသီလင်္ဂ သုပရိသုဒ္ဓသီလင်္ဂ (တိ) [ အလွန်စင်ကြယ်သော သီလဟူသောအင်္ဂါရှိ သော။ ---'
207539	suparisuddhasīlamūlaka	citation 'ဝိသုဒ္ဓိ၊ ဋ၊ ၁ ၈၁'
207541	suparisuddhājīva	debris '"”'; run-on '၅ ရိသောဓိတ (တိ) [ သု + ၃ တ။ ] ကောင်းစွာ-ထက် ဝန်းကျင်မှ-ဖြူစင်-သန့်ရှင်း-ညစ်ကြေးမတင်-စေ အပ်သော။ အဓော အည် ---'
207543	suparisodhitapavāl̤arucirakaracaraṇāvara	garbled heading 'သုပရိသောဓိတပဝါဠရုစိရတောရဏ ၄ ၍၏----[။ -- စရဏဝရာ ]'; quotation 'ဘဂဝတော သရီရံ ... သုဝိသုဒ္ဓနီလရတနာဝဠိ-သဒိသကေသတနုရုဟံ'
207545	suparisodhitapubbabhāgapaṭipada	'“ပရေ”'
207548	suparihīna	analysis and Sanskrit, Prakrit forms 'သု. ပရိ ဟာ + တ။ သု + ပရိဟီဏ-သံ။ သု + ပရိဟီဏ-ပြာ။ ]'; quotation and citation 'သုပရိဟီနာ (ဣတိဝုတ်။ ၂၁၉)'
207550	supalakkhitamagga	stray '['
207551	supavattita	analysis and Sanskrit, Prakrit forms '(ဝတ္တ) + ဏေ +တ။ သု + ပြဝတိတ-သံ။ သု + ပဝဋိအ-ပြာ'
207553	supasanna	Sanskrit and Prakrit forms 'သု + ပြသန္န-သံ။ သု+ ပသဏ္ဍ၊ ပသန္န-ပြာ'
207555	supasi	analysis '(ကြို သုပ +. အ + သိ'
207556	supassa	source 'ကပ္ပဒ္ဒုမ'; Sanskrit and Prakrit forms 'သုပါဠံ-သံ။ (တိ) သု + ဒိသ။ ဃသုပဿ-ပြာ'; stray '['; quotation '(၂ “သုပဿော”'
207558	supahūta	analysis and Sanskrit, Prakrit forms '[သု. ပ + ဟု (ဟူ. တ။ သု + ပြဘူတ-သံ။ သု + ပဟူအ-ပြာ'; '၁၈၀)'
207559	supākaṭa	analysis, Sanskrit and Prakrit forms, and a grammarian's list of synonyms of pākaṭa (သိဒ္ဓ၊ ပသိဒ္ဓ၊ ချာတ … ဝိညာတ) in the bracket
207563	supākaṭabhāvadassana	quotation 'ယမကပါဋိဟာရိယဿ ... ဝုတ္တံ'
207564	supākāra	'ဏ'; source 'ကပ္ပဒ္ဒုမ'; Sanskrit form 'သုပြာကာရ-သံ'; source 'ဝီလျံ'; form 'သုပါကာရ'
207566	supāpa	analysis and grammar note '[သု. ပါပ ပါ + ပ။ ... ပ-ပစ္စည်း သက်။ ကပ္ပဒ္ဒုမ။ ]'; '----'
207567	supāpaka	feminine form 'ထီ-၌ သုပါပိကာ'
207568	supāpakammī	intrusion '၅ သုပါပဒိဋိ'
207570	supāpadhamma	quotation 'သုဋ္ဌု လာမကပါပဓမ္မာ'
207571	supāpadhammī	form 'သုပါပဓမ္ပိ-နော'
207572	supāpita	Sanskrit form 'သု + ပြာပိတ-သံ'
207573	supāmi	analysis 'သုပ + အ + မိ'; quotation 'န သုပါမီ'
207574	supāyika	grammar notes on the form (သုပါအက ... ကစ္စည်း ၅၉၃-သုတ်ဖြင့်စီရင်); feminine form; variant readings 'သုပါယိက-ဟု အချို့ ဌ-မူရှိ၏။ သုပါသိတ-သီမူ'
207575	supāramita	stray 'ဒ'; '----'
207576	supāricari	Pāḷi quotation 'ကဏဝေရီ၊ ခဇ္ဇကော ဒေသပူုဇကော' (names from an Apadāna summary verse)
207577	supāricariya	Sanskrit form '+ ပရိစာရိက-သံ'; citation '(၃) ပဒါနပါဠိ၊ ၁၇-ဝဂ်။ မော'
207578	supāricariyatthera	debris 'ာဿာဿာာဿာ…'
207579	supāricariyattheraapādāna	citation '-ပဒါနပါဠိ၊ ၁၇-ဝဂ်၊ ၁-အပဒါန်'
207582	supāruta	quotation 'ပစ္ဆာဘတ္တံ ... အာဒါယ'
207583	supāsa	form 'သုပါသဉ္စာ'
207588	supiṁsu	analysis '(ကြို သုပ ဥ]'
207589	supi	analysis '(ကြို သုပ + ဤ၂'; run-on article with its analysis and grammar note (သုစိ (၊ သတ်ကြ စီရင် ... ပိ-ဖစ် သည်။ ]) and gloss 'ကောင်းစွာ-ထိ-စေ့စပ်-ထိစပ်-သော' (well touching / closely joined / in contact)
207591	supita	'(န) (၂) ဝေါ'
207593	supituṁ	quotation 'ရတ္တိ သုပိတုံ နိဒ္ဒါယိတုံ န ဟောတိ'
207594	supitu	quotation end '”တိ'
207595	supitvā	debris 'ုဒ္ဓမတ္တော ၃'
207596	supitvāna	quotation 'သုပိတွာနာတိ နိဒ္ဒံ ဩက္ကမိတွာတိ အတ္ထော'
207597	supina	'(ပ)'; Sanskrit form 'သွပူ-သံ'; quotations 'သုပိနကံ အနုယုတ္တာ ဝိဟရန္တိ', 'သုပ-သယေ၊ သုပန္တိ ဧတေနာတိ သုပိနနိဒ္ဒါ'
207598	supinaka	form 'သုပိနက'
207599	supinakāla	intrusion '၈ သုပိနဂတ ၂၂၂၂၂'; citations 'အံ၊ ီ၊'
207602	supinadassana	'---'; citation 'ဝိသုဒ္ဓိ၊ ဋီ၊ ၂ ၁၃၂'
207603	supinadassanakāla	stray '[', '-'
207604	supinadassāvī	analysis and feminine form '[ သုပိန ဒဿာဝီ ဝိသ + ၂၂- -ဿ-ဿသုပိနဒဿာဝိနီ'; quotation fragment 'သောပီ'
207608	supinapaṭikamma	stray ']'; '--'
207609	supānapaṭiggāhaka	debris 'ခ၃ုဥ၉'
207610	supinapassanakāla	'---'
207611	supinapāṭhaka	citation 'ဇာ၊'; running header 'အဘိဓာန် (အ-ဝဂ်) ၂၉ ပ-မ-သ-စ'; run-on '၆ သုပိနပ္ပဋိဂ္ဂဟဏ'
207612	supinappaṭiggahaṇa	quotation 'ဗြာဟ္မဏေဟိ ဗျာကတကာလတော ပဋ္ဌာယ'
207617	supinasattha	forms 'သုပ်န။ သုပိနက'
207619	supinābhinivesa	run-on 'ဟန + တ။ ဘိပ်မက်ကို-ညှင်းဆဲ-နှိပ်စက်-ဖျက်ဆီးခြင်း'
207622	supinopama	quotation 'သုပိနောပမာ ဝဉ္စနိယာ၊ ကာမာ ယာစိတကူ- သ ပမာ'
207623	supinanta	citation 'သု ၁၂၇'
207624	supinantacetanā	form 'သုပိနန္တစေတနာ -)'
207626	supiya	source 'ကပ္ပဒ္ဒုမ'; Sanskrit and Prakrit forms 'သုဗြဟ-သံ။ သုပ္ပိယ-ပြ'; stray '(၇)'
207628	supissāmi	run-on 'ဟိတ (တိ) [ သု. အပိ + ဓာ + တ။ သုပိဟိတ-သံ။ သု + ပိဟိအ-ပြာ။ ကောင်းစွာ-ပိတ်-ပိတ် ဖုံး အပ်သော' (well shut / closed and covered)
207631	supihitacakkhādidvāra	citation 'ထေရု၊ ပြု ၂'
207634	supihitasaggadvāra	quotation 'သုပိဟိတသဂ္ဂဒွါရော၊ အပါယမဂ္ဂံ ... ရုဠှော'; intrusion '၁ သုပီဏိတ'
207635	supīṇita	citation '၁ ၂၉'
207636	supīta	analysis 'ပါ + တ'; source 'ကပ္ပဒ္ဒုမ'; Sanskrit and Prakrit forms 'သုပီတ-သံ။ သု + ပီအ-ပြာ'
207639	supuṭa-supuṭaka	analysis 'သု + ပုဋ +က'; source 'ကပ္ပဒ္ဒုမ'
207640	supuṭakapūjaka	'[ အဘာသိတ္ထ'
207641	supuṭī	stray 'သပ'
207643	supuppha	analysis, source, Sanskrit and Prakrit forms 'သု + ပုပ္ဖ။ ကပ္ပဒ္ဒုမ။ သု + ပုဗ္ဗ-သံ။ သု + ပုပ္ဖ-] ပြား)'; stray '၉)'
207644	supupphagaccha	debris '[ သစခ'; citation 'ဝိမာန၊ သ ဂ'
207645	supupphita	analysis, sources, Sanskrit form '(သုပုပ္ဖ ဣတ ... သု + ပုမ္ဗိတ-သံ။ ]'; stray 'သူ', 'ဝ'; quotations and citations for (1), (2); five run-on articles (… တကိံသုကသာခ (ထီ) … ပေါက်ပန်းပင် အခက်)
207651	supupphitakovil̤ārasañchanna	quotation 'ယေန ဒိသာဘာဂေန ... ဒိဿတိ'
207652	supupphitagga	forms 'သုပုပ္ဖိတဂ္ဂ။ သုပုပ္ဖိ-တဂ္ဂ'
207657	supupphitataruṇarukkhasañchanna	intrusion '၃ သုဇတတရုနသဏပဋိမဏ္ဏိတ'
207663	supupphitapadumamakul̤asannibha	quotation 'ခရပတ္တသန္နိဘ န္တိ သုပုပ္ဖိတပဒုမမကုဠသန္နိဘံ'; citation 'ဇာ၊ ပြုံ ၅'
207665	supupphitapavana	quotation 'ဧကတောဝ ဂင်ါနိ-ဝတ္တနေ'
207666	supupphitapunnāgapuppha	stray 'ပုပ္ဖ'
207667	supupphitaphalita	'--.'
207669	supupphitarukkhasākha	stray '['
207671	supupphitavanasaṇḍajāta	'-.-'
207674	supupphitasatapattasassirika	analysis '[ သုပုပ္ဖိတ-သတပတ္တ + သဿိရိက ]'
207676	supupphitasālarukkha	debris 'သုပုပ္ဖိတ သာလန်ကု'
207678	supupphitasālavana	stray '['
207679	supupphitasālavanamajjhagata	stray '[ နို', 'ဒ'
207682	supupphī	feminine form 'ထီ-၌ သုပုပ္ဖိနီ'; quotation 'သုပုပ္ဖိရုက္ခာ မောဠ်-နိဝလင်္ကတာ'
207684	supurisa	analysis, Sanskrit and Prakrit forms 'ရိသ (၇) သု + ပုရိသ။ သုပုရုမ-သံ။ သုပုရိသ-ပြာ။ ]'; quotation 'သပ္ပုရိသာ တိ သုပရိသာ'
207685	supuli	run-on 'ပုဇိတ (တိ) [ ... ] ကောင်းစွာပူဇော် အပ်သော' (well honoured)
207687	supūra	citation '၁ ၂၃'
207688	supūrita	Sanskrit and Prakrit forms 'ပုရိတ-သံ။ သု + ပုရိယ-ပြာ'; garbled 'ကောင်း စွာသော'; run-on 'ုပေက္ခန (န) [ + ယု။ သု + ပြေက္ခဏ-သံ။ ] ကောင်းစွာ-မြင်ခြင်း-မြင်အပ် သောဘရာ'
207690	supekhuṇa	analysis and Prakrit form '[သု. ပေခုဏ ပ+ ဥခ + ယု။ သု + ပေဟုဏ-ပြာ'; stray 'နို'; quotations 'နဒန္တိ မောရာ ... သုပေခုဏာ'
207693	supesaya	citation 'အံ၊၂'
207694	supesala	debris 'ဩူ'
207695	supokkhara	grammar note 'သ-ကို က-ပြု'; source 'ဓာန်'; intrusion 'ှ သုပေါထိတ'
207696	supothita	quotation and citations '(၁) တေနာဟ။ ၁၇၉၊ (၂)'
207697	suporisa	analysis, Sanskrit and Prakrit forms '] သု + ပေါရိသ။ သု + ပေါ်ရိသ-သံ။ သု + ပေါရိယ-ပြာ'
207698	suposa	citation '၁၅၇၊'; run-on 'ပ္ပ (ပု၊ န) [သုပ + ပ ... ကပ္ပဒ္ဒုမ။ ဝူပံ-သံ'
207699	suppa	citation 'ဇာ၊ ပြု ၄'
207703	suppakāsita	Sanskrit form 'သုန ပြကာဂိတ-သံ'; quotation 'သဗ္ဗေဟိ သုဋု ပကာသိတန္တိ အတ္ထော'
207704	suppagabbha	source 'ကပ္ပဒ္ဒုမ'; 'သု +'
207705	suppaguṇa	run-on end of suppagabbha 'ပြဂလ္ဘ-သံ။ ပဂဗ္ဘ-ပြာ။ ] အလွန်-ရိုင်းပြ-အတင့်ရဲ-ကြမ်းကြုတ်-မာန်မူ-အရှက်မဲ့-သော၊ သူ။ သုပ္ပဂဗ္ဘ'; analysis, source, Sanskrit and Prakrit forms of suppaguṇa
207709	suppajaha	citation 'မါ ပြု ၄'
207710	suppajahana	citation '၂၄၂၊'
207712	suppaṭikāra	stray '်၊'
207714	suppaṭicchanna	Sanskrit and Prakrit forms and grammar note 'သုပြတိစ္ဆနု-သံ ... စွဟုဖြစ်သည်'; quotation '(၁) တိ -.- သုပ္ပဋိစ္ဆန္န ကတွာ'
207715	suppaṭicchannagamana	intrusion '၅၈ သုပ္ပဋိစ္ဆနုဌဌာန'
207717	suppaṭicchannasikkhāpada	stray ']'
207720	suppaṭicchannādividhi	stray '['; '၅၅'
207721	suppaṭicchādita	analysis '[သု. တ'; grammar note 'ဒွေအော်ရောက်ပုံကို သုပ္ပဋိစ္စန-ကြည်' (for the doubling see suppaṭicchanna); citations 'ဝိ၊ ဌ ၃၈။ ဝ၃၃'
207722	suppaṭijaggita	grammar note 'ပါကတဓာန်၌ ဇာဂရ ဇာဂြဇဂ္ဂ-ဟုပြသည်'; Sanskrit form 'သုပြတိဇာလတ-သံ'
207723	suppaṭitāl̤ita	form 'သုပ္ပဋိတာဠိတဿာ'
207725	suppaṭipatāl̤ita	form 'သုပ္ပ-ဋိပတာဠိတဿာ'
207726	suppaṭipatti	quotation '----ဥဇုပ္ပဋိပန္နတာဒိဘေဒံ ... အတ္ထော'
207727	suppaṭipadā	analysis 'သု + ပြတိပဒါ'; run-on '၉ သုပ္ပဋိပန္န'
207728	suppaṭipanna	stray '"'
207735	suppaṭimukkakambu	stray '(သျ'; form 'သုပ္ပဋိမုက္ကကမ္ဗူ'
207737	suppaṭiyatta	quotation 'တတ္ထ သုပ္ပဋိယတ္တာနိ ဟောန္တိ'
207738	suppaṭiyādita	analysis and grammar note '[သု. + ဏေ တ။ တ-ကို ၁-ပြု။ နိယျာဒေတိ-ကဲ့သို့'; run-on 'ီဝ သုပ္ပဋိဝဇ္ဇ'
207742	suppaṭividitabhāvasamatthana	quotation fragment 'ဟီ”တိအာဒိဝစနံ'
207743	suppaṭividdha	Sanskrit form 'သုပြတိဝိဒ္ဓ-သံ။ ]'
207747	suppaṭivedha	quotation 'ဓာရကူပပရိက္ခာသု ဒိဋ္ဌိယာ စ သုပ္ပဋိဝေဓံ သင်္ဂဏှာတိ'
207751	suppaṭṭhita	forms 'သုပဋ္ဌိတါ', 'သူပဋ္ဌိတ'
207752	suppaṭṭhitasati	form 'သုပ္ပဋ္ဌိတသတီ'
207753	suppaṇāmita	Sanskrit form 'သု + ပြဏမိတ-သံ'
207755	suppaṇīta	Sanskrit form 'ပြဏီတ-သံ'
207761	suppatiṭṭhamahesa	run-on '၂ သုပ္ပတိဋ္ဌိတ'
207762	suppatiṭṭhita	source 'ကပ္ပဒ္ဒုမ'; Buddhist Sanskrit form; grammarian's note on the double pp; stray '(၇)'; second copy of the sense list (with sigla '(သီ၊ မူ)')
207764	suppatiṭṭhitatittha	headword form '[ သုပ္ပတိိတ တိတ္ထ'
207765	suppatiṭṭhitanāmaka	citation 'အပ၊ ၁ဝ'
207766	suppatiṭṭhitanigrodha	stray '['
207769	suppatiṭṭhitapasāda	'----'
207771	suppatiṭṭhitapādatala	intrusion 'ခု သုပတိဋ္ဌိတပါဒတာလက္ခဏ'
207774	suppatiṭṭhitabuddhi	quotation 'သုပ္ပတိဋ္ဌိတဗုဒ္ဓီနံ ထေရဝံသပ္ပဒီပါနံ ထေရာနံ'
207781	suppatiṭṭhitamahesa	quotation '“မဟေသော”'
207782	suppatiṭṭhitamūla	citation 'ဥဒါန၊'; run-on 'သုပ္ပတိဌိတသတိသမ္ပဇည'
207784	suppatiṭṭhitasadda	analysis 'ထ-၌ သုပ္ပတိဋ္ဌိတသဒ္ဓါ + အ။ ]'
207787	suppatita	quotation 'ဝေဿဘုဿ သုပ္ပတိတော နာမ ရာဇာ ပိတာ အဟောသိ'
207789	suppatīta	stray 'သ'; source 'ဝီလျံ'; citation 'ဝုဒ္ဓဝံ၊ ['
207790	suppatta	Sanskrit form 'သုပြာဗ္ဘ-သံ'; form 'သုပ္ပတ္တ နိ'
207792	suppadhota	analysis, grammar note and Sanskrit, Prakrit forms 'သု + ပ + ဓူ(ဓာဝ) ၇ တ ... သု + ပဓောအ-ပြာ'
207793	suppanā	grammarian's and variant note 'သုပ္ပ-ဓာတ် ပါကတအဘိဓာန်၌ရှိသည်။ ၂၃၃-စသည်၌ သုပနာ-ဟုရိသည်'
207794	suppapatanādipariccheda	running header '(အ-ဝင်္ဂ) ၃၀ ပ-မ-သ-စ'
207795	suppapabbhāra	run-on gloss of suppapatanādipariccheda '] ဗန်-စကော-မန်း-ကျရာ အရပ်အစရှိသည်ကိုပိုင်းခြားခြင်း'; headword form 'ပ္ပပဗ္ဘာရ (တိ)'; run-on 'ဗ္ဗပခိဂါဟက (တိ) [။ ဘိပ်ပျော်ကြောင်းဖြစ်-အိပ် ပျော်စေတတ်-သော-မိဒ္ဓစေတသိက်-တရား-ကိုယူတတ်သော' (apt to take up the middha cetasika)
207797	suppapāta	stray '['
207798	suppapātapariccheda	rest of the analysis bracket (']', 'သုပ္ပပါတ + ပရိစ္ဆော')
207799	suppabuddha	label (တိ) repeated; Sanskrit form 'သုပြဗုဒ္ဓ-သံ'; source tag ဝီလျံ; Pāḷi quotation 'သုပ္ပဗုဒ္ဓံ ပဗုဇ္ဈန္တာ … နာမ'
207800	suppabuddha	grammarian's notes (analysis '(ဏေ) + တ', Sanskrit and Prakrit forms, Sanskrit-Piṭaka note that he was Queen Māyā's father); citation; list dash; run-on 'သုပ္ပဗုဒ္ဓကုဌိဝတ္ထု (န)'
207803	suppabuddhakuṭṭhisutta	opening bracket '['
207804	subpabuddhakuṭṭhisuttavaṇṇanā	page number and running head '၆၆ သုပ္ပဗုဒ္ဓကုဋ'
207805	suppabuddhakuṭṭhī	Pāḷi quotation 'သုပ္ပဗုဒ္ဓကုဋ္ဌိ အာရဗ္ဘ ကထေသိ'
207808	suppabhā	analysis bracket '[သု. ပဘာ။ … ]' with source tag ကပ္ပဒ္ဒုမ and Sanskrit and Prakrit forms; run-on headword fragment 'သုပ္ပဘာလင်္ကတ-'
207809	suppabhāta	source tag ကပ္ပဒ္ဒုမ; Sanskrit form; closing ']'; Pāḷi quotation 'သုပ္ပဘာတံ သုဟုဋ္ဌိတ'
207811	suppabhāsa	source tag ကပ္ပဒွုမ; Sanskrit form; closing ']'
207814	suppamāṇa	Sanskrit form; source tag ဝီလျံ; synonym 'ဗဟန္တ'
207815	suppamāna	grammar fragment '၍မ-မ ဇဂ္ဂါမိ'; citation 'ဇာ၊ ြု ၃၈၃'
207819	suppayoga	Sanskrit form
207824	suppavatta	list dash '---'
207825	suppavattaniya	Pāḷi quotation fragment 'သုပ္ပဝတ္တိယော'; citation 'သံ၊ ဋိ ၂) ၄၀၇'; fragment 'သ သုပ္ပဝတ္တိ'
207826	suppavatti	analysis bracket '[ သု (။ … ]' with source tag သာရတ္ထ ၂
207827	suppavattita	analysis fragment '၃ ပ ဝတု (ဝတ္တ ကေ +တ ]'
207828	suppavattiya	analysis 'သု. ပ + ဝတု (ဝတ္တ) + ကျ'
207830	suppavāyita	analysis bracket '[သု. ပ + ဝေ +အ။ ၂၅၄-၌ ဓာတ်ထားသည်။ ]' (root note); Pāḷi 'သုပ္ပဝါယိတ'
207832	suppavāsā	page number '၁ဝ၈'; stray '(၂)'
207834	suppavutta	citation 'သုတ္တနိ၊ ၉'; run-on headword 'သုပ္ပဝေဒိတ'
207837	suppasanna	stray '(၇)'
207838	suppasannapañcanayana	Pāḷi quotation 'သုပ္ပသန္နပဉ္စနယနော'
207839	suppasannabhāvāvaha	Pāḷi quotation '…သုပ္ပသန္နဘာဝါဝဟတ္တာ ‘သမ္ပသာဒေါ’တိ ဝုတ္တော' with list dash
207843	suppasāda	analysis '] သု + ပသာဒပ + သဒ + ဏါ'; debris '၂] ၏ိ'
207844	suppasārita	Pāḷi quotation 'သုဝိဘတ္တဝီထိ…ကံ' (garbled); stray '၁'
207845	suppasāritarucirabahuvidhapupphagandhāpaṇa	stray '၅)'; Pāḷi quotation fragment 'သုပ္ပသာရိတာ။ ပရိပုရိတန္တရာပက'
207846	suppasāritānekavidhavarabhaṇḍaparipūritantarāpaṇa	Pāḷi fragment 'သုပ္ပသာရိတ'
207847	suppahāna	analysis '] သု + ပဟာန ပ +ဟာ + ယျ'; run-on 'ုဗဟာယ ( ကောင်းစွာ-ပယ်စွန့်-ပယ်ခွါ-၍။ ကစ္စည်း'
207849	suppahāya	citation fragment '(မဟာနိ၊'
207851	suppahiya	grammarian's note (like ဝိဟိယျသိ; by rule 60, a → iya)
207853	suppaheyya	list dash '----'
207854	suppāda	source tag '(သျာ၊ က)'
207858	suppāraka	Pāḷi gloss 'နာဝါတိတ္ထပဋ္ဋနံ'; citations (Buddhasāsanika p. 219, Purāṇa map p. 147); Sanskrit and Sanskrit-Piṭaka forms; stray '(၇)'
207865	suppārakapaṭṭanasamīpa	analysis '] သုပ္ပါရကပဋ္ဋန + သမီပ'; debris '-.'
207866	suppārakapaṇḍita	run-on article 'သုမ္ဗိတ (တိ [သုတ၊ ပါကတာန်၌ … ] သုပိတ-ကြည့်။ န္တိ အကာရဘာဝနိဒ္ဒေသော'
207868	suppiya	analysis bracket with source tags ကပ္ပဒ္ဒုမ, ဓာန် and Sanskrit, Prakrit, Ardhamāgadhī forms; Pāḷi gloss 'ပိယဘာဝံ ပိယာယိတဗ္ဗဘာဝံ'; stray numbers; duplicate second copy of senses (1)–(9) with citation 'ဒီ၊ (၁၈၃)'; garbled run-on 'သဒယ (တ [သုရ္ပိယ အ] … သုပ္ဂိယ (ကြည်၊'
207873	supposa	grammarian's note '[ သု ပေါသ။ သုပေါသ-ဖြစ်သင့်၏။ ပ-ဒွေဘော်ဆောင်ရန် အကြောင်းမရှိ' (should be suposa; no reason to double the p)
207875	supyanā	label and analysis 'မနာ (ထိ) [ သုပ + ယ + ယု။ … ]'; run-on article …ိဝ (ပု၊ န) (the easy flying / going); run-on article …ရုသ (တိ) (exceedingly rough and harsh) with source tags and Sanskrit form; run-on start of suphassa (senses 1–5)
207878	suphassa	leading duplicate fragment of senses (6)–(7) and (1)–(5) run on from the previous line; source tag '(သီ၊ မူ)'
207879	suphassa	stray '၁'
207881	suphassita	run-on '(၁) ] သု နိ္ဗိဝရာ။ (သီ၊ ဣ၊ မူ)။ သုဖုလ္လ' (analysis and source tag of the next article)
207882	suphulla	Pāḷi quotation 'သဗ္ဗဖာလိဖုလ္လံ သာလရာဇံ ဝိယ' with stray '(၂)၊'
207884	suphullapaṅkeruhasaṇḍamaṇḍita	Pāḷi quotation 'မနုညအဋ္ဋာလဝိစိတ္တရူပံ၊ သုဖုလ္လပင်္ကေရုဟသဏ္ဍမဏ္ဍိတံ'
207886	suphullapuṇḍarīkavana	citation 'သုတ္တနိ၊ ၆ ၁ ၂၇၇'
207889	suphullita	grammarian's note (like ပုပ္ဖိတ; Moggallāna 45, suffix -ita; analysis သုဖုလ္လ + တ)
207891	suphullitabbhoruhasādusītapasannanīra	citation 'ကင်္ခါ ဋိ၊ သစ်'
207892	suphusita	Sanskrit and Prakrit forms; Pāḷi quotation fragments with stray '(၂)' ('သန္နတဓီရ-၅ သုဖုသိတ…ကုတ္တိယာ')
207896	suphusitadantāvaraṇa	Pāḷi quotation 'ဗုဒ္ဓါ စ မုဒုဇိဝှာ … ဝိယ'
207897	suphusitavātapanakavāṭa	Pāḷi quotation 'သုဖုသိတဝါတပါနကဝါဋေ တတ္ထေဝ ဝသတိ'
207903	subāhu	analysis 'သု + တဟု'; source tag Apte; Sanskrit and Prakrit forms; OCR debris 'ဉူ သုတဟုတ္တေရ' in (3); duplicate second copy of senses (1)–(4) with list dash
207904	subāhutthera	citation 'ထေရ ၁၅၈-၉'
207906	subāhuttheragāthāvaṇṇanā	run-on article 'သုတဠ (တိ) [ … ] ကောင်းစွာ-ပြင်းထန်-လွန်ကဲ-သော' with analysis, Sanskrit/Prakrit forms and Pāḷi quotation
207908	subīja	analysis and source tag ဓာန်, Sanskrit and Prakrit forms; trailing debris '(၁) (၂ (က)'
207909	subuddha	analysis 'ဗုဓ + တံ။ ကစ္စည်း'; citation 'ဒီ၊ (၂)'
207910	subuddhavaṁsa	citation 'ဗုဒ္ဓဝံ၊ ဌ ၁'
207911	subuddhasāsana	citation 'ထေရ ဋ်၊ ၇'; run-on article 'သုဗုဒ္ဓိ (ထိ) [ သု +။ ] ကောင်း-မှန်ကန်-သော-အသိဉာဏ်-ပညာ'
207914	subuddhipubbika	garbled reference 'သုန ကြည်'
207915	subuddhimantu	run-on article 'သုဗောဒ္ဓု (ကြိ၊ ဝိ) သု + ဗုဓ + ဏေ + တုံ။ ကောင်းစွာသိစေခြင်းငှာ' (in order to make known well)
207919	subodhi	citation 'သံ၊ ဋိ ၁'
207920	subbaca	grammarian's note (source tag ကပ္ပဒ္ဒုမ; doubling after ဒုဗ္ဗစ, original form suvaca; Sanskrit form); source tag Apte
207921	subbacakalyāṇamittaappamatta	stray 'မါ'
207922	subbacakalyāṇamittatāparivāra	page numbers '၁ ၇၈'
207925	subbata	Pāḷi fragment 'သုဗ္ဗတေနာ'
207926	subbata	Pāḷi quotation 'သုဗ္ဗတာ သုသမာဒိန္နသုန္ဒရဝတာ'
207927	subbata	headword and label repeated 'သုဗ္ဗတ” (တိ)'; analysis '[ သု + ဝဒ + အ။ သုဂတ-ကဲ့သို့ ဒ-ကို တ-ပြု။ ]'
207931	subbinaya	citation 'သုတ္တနိ၊ ပုံ ၂'
207932	subbināya	page number '၂၅၃-'
207933	subbuṭṭhi	Sanskrit form 'သုလဋို-သံ'
207934	subbhamu	Pāḷi gloss 'သုဗ္ဘမူ တိ သုန္ဒရဘမုကော'
207935	subbhū	run-on article 'သုဗ္ဘုရု (ထီ) [ … ပါဏိနီ … ] လှပသည်-မျက်ခုံးမွေး-ပေါင်တံ-ရှိသော၊ သူ' (having beautiful eyebrows / thighs)
207937	subyañjana	Pāḷi fragment 'သုဗျဉ္ဇနာ (၁၂]'
207938	subyatta	analysis 'သု +။ ဝိ + အဉ္ဇ +တ' with source tag ဓာန် and Sanskrit form
207939	subyākata	analysis 'ကရ + တ' and Sanskrit form; run-on article '] အလွန်ပျံ့နှံ့ကျယ်ပြန့်-သော' (exceedingly spread / extensive) with headword fragment 'သုဗျာပိ-တမ္ဗူ'
207942	subraha-subrahanta	grammarian's note (rājādi; source tag ဓာန်; Nirutti 128, gacchantādi group); Pāḷi quotation 'ကောနု တွမသိ သုဗြဟ'
207943	subrahma	rājādi note; Sanskrit form; source tag ဝီလ်
207945	subrāhmadevaputta	stray ')'; next headword 'သုဗြူဟိတ'
207946	subrūhita	analysis 'ဗြူဟ + တ' and Sanskrit form; run-on article subha (analysis, source tag ကပ္ပဒ္ဒုမ, Sanskrit/Prakrit/Ardhamāgadhī forms, senses (1)–(9), citation 'ကင်္ခါ။ ၈၃')
207947	subha	citations 'ဇာ၊ ဌ ၂။ သ ၁၃၃', 'ဦ ၁၀'; stray numbers and brackets; Pāḷi fragments 'သုဘမ္ပီ', 'သုဘပရမာဒိ-ဝသေနာ တိ သုဘသဒ္ဒေါ'
207948	subha	running head and page number 'သု အဘိဓာန် (အ-ဝဂ်) ၃၁ ပ-မ-သ-စ'
207949	subhaka	run-on of the subha article (senses (4)–(8) and a duplicate of (1)–(8)); Pāḷi verse quotation 'သီဟပေါဋ္ဌပါဒသုဘော … သုဘော'; label and analysis '(ပု) [ သုဘ + က'; note '(ဗုဒ္ဓဝံ၊ ဌ။ ၃၂၅-၌ သုဘ-ဟုရှိသည်)' (the Buddhavaṁsa commentary p. 325 reads subha)
207951	subhakasiṇa	citation 'မ၊ ၆] ၂၃၆'
207953	subhakiṇha	Sanskrit-Piṭaka form 'ဂုဘကွတ် သူ-သက္ကတပိဋက'
207955	subhakiṇhabrahmaloka	list dashes
207956	subhakiṇhavāra	Pāḷi quotation 'သုဘကိဏှဝါရေ သုဘေန ဩကိဏ္ဏာ သုဘကိဏှာ'
207958	subhakoṭika	fragment 'သုဘပရ-မ'
207959	subhaga	source tags (သီ၊ ရ သစ်, ကပ္ပဒ္ဒုမ), Sanskrit, Prakrit, Ardhamāgadhī forms; duplicate '(၁) ချမ်းသာ-နှစ်သက်ဖွယ်ကောင်းသော'
207960	subhagakaraṇa	duplicate of subhaga senses (2)–(6) with source tag (သီ၊ ဣ၊ မူ); headword and label 'သုဘဂကရဏ (န) ]'
207961	subhagadubbhagalakkhaṇajāna	run-on article 'သုမနံ [ သုမနံ ] လှပ တင့်တယ်-၏ဟုအောက်မေ့ မှတ်ထင်သော' (thinking 'it is beautiful')
207969	subhagārava	run-on article 'သုဘဝိယာ (ထီ) [ သုဘဂ + ဣယ + အာ … ] အလွန်ချစ်ဖွယ်ကောင်းသော-မယား မိန်းမ' (an exceedingly lovable wife / woman)
207973	subhaggahaṇa	citation 'မူလဋ်၊'
207975	subhaṅgaṇa	Pāḷi quotation 'ဝိစိတ္တပါကာရဉ္စ … ဒေဝနိဝါသဘူတံ'
207976	subhaṅgī	analysis 'အင်္ဂ + ဤ'
207978	subhaṭṭha	Pāḷi fragment 'သုဘဋ္ဌေနာ'
207979	subhaṭṭhāyī	trailing Pāḷi fragment 'သုဘဋ္ဌာယိနော' with stray sense numbers and page number
207980	subhaṇa	citation 'ဇာ၊ ၁ဝ'
207981	subhaṇita	Pāḷi quotation 'ဥစ္စာဝစာ သုဘဏိတမို'
207982	subhattha	list dash
207983	subhadda	analysis bracket with source tags ထောမ, ကပ္ပဒ္ဒုမ and Sanskrit, Sanskrit-Piṭaka, Prakrit, Ardhamāgadhī forms; stray sense numbers; duplicate second copy of senses (1)–(16) with citation 'ဒု၃၃။ (အဘိ၊' and Pāḷi quotations 'သုဘဒ္ဒါဒေဝိယာ ပုတ္တေ အာနန္ဒကုမာရေ ပဗ္ဗဇိ', 'သုဘဒ္ဒါသိ'
207985	subhaddakaṇḍa	list dash; citation 'ဝိ၊ သာရတ္ထ၊ ၁ဝ'
207986	subhaddakaṇḍapāl̤i	Pāḷi quotation 'သုဘဒ္ဒကဏ္ဍပါဠိ ဒဿေတွာ'
207987	subhaddatthera	Pāḷi title fragment 'သုဘဒ္ဒတ္ထေရအပဒါန'
207988	subhaddaparibbājaka	list dash
207989	subhaddaparibbājakavatthu	repeated title (three times, once garbled)
207991	subhaddavacana	list dash
207994	subhaddādevippamukha	grammarian's note (Sanskrit ri, doubling of p) and '['
207995	subhaddādevī	list dashes; citation 'ဇာ၊ ပြု ၁'
207996	subhaddādevipamukha	list dash
207998	subhadhātu	Pāḷi fragment 'သုဘဓာတူ -[။'
208005	subhanimittaggahaṇa	next headword 'သုဘနိမိတ္တပဋိယနိမိတ္တာဒိဝိဘာဂ ၄'
208007	subhanimittapaṭighanimittādivibhāva	Pāḷi quotation 'သုဘနိမိတ္တပဋိဃနိမိတ္တာဒိဝိဘာဝံ' with list dash
208008	subhanimittabandhana	citation 'ဦ'
208009	subhanimittamanasikārakāraṇa	Pāḷi quotation 'တဿ ပုဂ္ဂလဿ သုဘနိမိတ္တမနသိကာရကာရဏာ'
208010	subhanimittānibyañjanaggāha	Pāḷi quotation 'သညာဝိတက္ကေဟီ တိ … သညာဝိတက္ကေဟိ'; run-on article 'ဣက ] တင့်တယ်သော အတောင်ရှိသော။ ပ ၂' (having beautiful wings)
208014	subhamukha	stray '['
208015	subhara	run-on article 'နိယ (ထု[သ ဘရိယာ ကောင်သော မယား-ဇနီး-မိန်းမ' (a good wife) with Pāḷi fragment; run-on article 'ရူပ (န) လှပ-တင့်တယ်သော-ရုပ်-အဆင်း ရူပါရုံ' (beautiful form / visible object) with page number
208018	subhalakkhaṇa	list dash and stray quotation mark
208020	subhavatīnagara	list dash
208021	subhavāda	list dashes
208023	subhavimokkha	list dash
208025	subhavimokkhadhigama	Pāḷi quotation 'သုဘဝိမောက္ခဓိဂမောတိ ဧဝမာဒီနိ ဣဇ္ဈန္တိ'
208026	subhasaññā	Pāḷi quotation 'သုဘသညာ သုခသညာ' with list dash
208027	subhasaññādiparivattana	stray '['; list dash
208028	subhasaññādipahānakiccasādhana	Pāḷi quotation 'သုဘသညာဒိပဟာနကိစ္စသာဓနဝသေန'
208029	subhasaññādippahānakiccasādhana	list dash
208030	subhasaññādividdhaṁsinī	list dash
208031	subhasaññādividhamana	list dash
208032	subhasaññādivipallāsahetuka	Pāḷi quotation 'သုဘသညာဒိဝိပလ္လာသဟေတုကဘာဝတော' with list dash
208036	subhasaṇṭhāna	citation 'ကဒါ ဋီ၊ သစ်'; next headword fragment 'စီဝ သုဘသဒ္ဒ'
208038	subhasārasāra	Pāḷi quotation '“သုဘသာရသာရေနာ”တိပိ ပါဠိယံ အတ္ထိ -ဝဒန္တိ'
208039	subhasukhaattaniccaggahaṇa	list dash
208042	subhasukhaniccaattavipariyesa	Pāḷi fragments 'သုဘသုခနိစ္စအတ္တ ပရိယေသ', 'စတုဗ္ဗိဓပရိယေသာ'; next headword 'သုဘသုခနိစ္စအတ္တဘာဝဝိပလ္လာသပ္ပဟာန ၄'
208043	subhasukhaniccaattabhāvavipallāsappahāna	Pāḷi quotation 'သုဘသုခနိစ္စအတ္တဘာဝဝိပလ္လာသပ္ပဟာနတ္ထံ ဝါ'
208044	subhasukhaniccaattavipallāsappahāna	Pāḷi quotation 'သုဘသုခနိစ္စအတ္တ-ဝိပလ္လာသပ္ပဟာနတ္ထံ ဝါ'
208046	subhasukhaniccaattābhinivesa	analysis 'သုဘသုခ-နိစ္စအတ္တ + အဘိနိဝေသ ]'; citation 'ဒ၃ု၈'
208047	subhasukhaniccattabhāvavigamana	list dash; stray '၁'; next headword 'သုဘသုခနိစ္စတ္တသညာပဟာနကိစ္စသာဓန'
208048	subhasukhaniccattasaññāpahānakiccasādhana	Pāḷi quotation '…သုဘသုခနိစ္စတ္တသညာပဟာနကိစ္စသာဓနဝသေန … ဟောတိ'
208054	subhassara	analysis bracket with Sanskrit forms; Pāḷi quotation fragment ') သုဘဿရော (ဝမာန'
208055	subhākammāradhītutherīgāthāvaṇṇanā	analysis '[သုဘာကမ္မာရဓီတု ထေရီဂါထာ + ဝဏ္ဏနာ'; repeated title 'သုဘာကမ္မာရဓီတုထေရီဂါထာဝဏ္ဏနာ'
208057	subhākāraggahaṇa	Pāḷi fragment '“သုဘော”'
208058	subhākāravirahita	fragment '] သုဘာကာရာဘောဂ' inside the text
208060	subhākiṇṇa	list dash
208061	subhāga	Pāḷi fragment '“သုဘာဂဝနေ”'
208063	subhājīvakammavanikātherīgāthāvaṇṇanā	repeated title 'သုဘာဇီဝကမ္ပဝနိကာ-ထေရီဂါထာဝဏ္ဏနာ'
208064	subhādiākāra	citation 'ဦ'; Pāḷi quotation 'ဝတ္ထုကာမေသု ပါတဗျတာသင်ါတာနံ' with list dash
208066	subhādiggahaṇa	list dash; citation 'မ၊ ဋံ၊ စ၃ု'
208068	subhādivipariyāsadal̤ha	list dash
208069	subhādiviparītaggāha	next headword '၃ သုဘာဒိဝိပရီတဂ္ဂါဟလက္ခဏ' inside the text; Pāḷi quotation 'သုဘာဒိဝိပရီတဂ္ဂါဟာနံ … ပဝတ္တတိ'
208070	subhādiviparītaggāhalakkhaṇa	stray ']'; list dash
208073	subhādisaññāpahānacatusatikicca	list dash
208074	subhādisaññāpahānalakkhaṇa	Pāḷi quotation 'ကာယာဒီသု သုဘာဒိသညာပဟာနလက္ခဏံ န သာဓေတိ' with list dash
208078	subhānupassana	list dash and number
208079	subhānupassī	citation 'စီ'; grammar note 'သုဘာနုပဿိနော အနုပဿ-၏နဿ'
208080	subhānurūpa	fragment '/ သုဘာရမ္မဏ ၂၂၂၂၂' (next headword and debris); citation 'ထေရ ၃၈၇'
208081	subhārammaṇa	citation 'ဒီ၊'
208083	subhārammaṇabahula	stray ']'
208084	subhāvanā	run-on article 'ဘာဝိတ (တိ)] သု + + ဏေ တ။ သုဘာဝိတ-သံ။ ] (၁) … (၂) …' with analysis and Sanskrit form
208085	subhāvita	fragment 'မ သုဘာဝိတ'
208086	subhāvitakāla	run-on article 'သုဘာဝိတကိစ္စသိဒ္ဓိ (ထီ) …' (accomplishment of the well-developed (samādhi) task) with quotation; run-on article 'သုဘာဝိတစိတ္တ (တိ) …' (having a well-developed mind) with Pāḷi quotation
208088	subhāvitatta	Pāḷi quotations 'သုဘာဝိတတ္တနော တိ …' and '… သုဘာဝိတကာယောတိ ဝုတ္တံ' with stray numbers and headword fragment 'သုဘာဝိတဘာဝန'
208089	subhāvitabhāvana	list dash
208091	subhāvitavasī	synonym 'ပဂုဏဝသီ'
208092	subhāvitasabhāva	citation 'သာရတ္ထ၊ ၁ဝ'
208095	subhāveti	stray '[သု.'
208096	subhāsita	trailing references '(၁) သုဘာသိတ။ (၂) သုဘာသိတ'
208097	subhāsitakathana	Pāḷi fragment 'သုဘာသိတေ နာ'
208100	subhāsitajayasuttavaṇṇanā	repeated title 'သုဘာသိတဇယသုတ္တဝဏ္ဏနာ'
208101	subhāsitadubbhāsitaññū	list dash
208102	subhāsitadubbhāsitavacanajānana	debris 'ဟ၏၏----၏-'
208103	subhāsitadubbhāsitasallakkhaṇa	Pāḷi quotation 'အာယာတာဒယော … သံဝတ္တန္တိ' with list dash
208104	subhāsitaddhaja	Sanskrit form; citation 'ဝိမာန'
208105	subhāsitadhaja	grammarian's note (Sanskrit ဓွဇ; the doubling ဒ္ဓဇ would be better)
208106	subhāsitappiya	grammarian's note (Sanskrit ပြိယ; the doubling ပ္ပိယ)
208107	subhāsitabhāsana	running head and page number 'အဘိဓာန် (တ-ဝဂ်) ၃၂ ပ-မ-သ-စ ၉၇'; Pāḷi quotation 'တထာ … သုဘာသိတဘာသီ ပဝတ္တာတိ သုဘာသီတဘာသနာ'
208111	subhāsitavacana	list dash; citation 'တဘတပ၊ မြုံ ၁'
208114	subhāsitavijānanapaññā	list dash
208117	subhāsitasotu	list dash
208121	subhāsubhaphala	list dash
208124	subhāsubhārammaṇa	list dash
208126	subhikkha	analysis bracket with page numbers and Sanskrit, Prakrit, Ardhamāgadhī forms; Pāḷi glosses '(၁) (က) သုဘိက္ခာ တိ ခေဇ္ဇဘောဇ္ဇသမ္ပန္နာ။ (ခ) သုဘိက္ခာနီ'
208127	subhikkhakāla	stray ']'; synonym fragment 'သုလဘ-ဓည်'
208131	subhikkhavāca	Pāḷi quotation and commentary 'သုဘိက္ခဝါစော … သုဘိက္ခဝါစော' with citations 'ဣတိဝုတ်။ ၂၄၀', 'ဣတိဝုတ်၊ ၆ ၂၂၇'
208132	subhinna	citation 'မိလိန္ဒ ၂၇၅'
208133	subhuja	stray quotation marks
208135	subhutta	citation 'ဝိ၊ ဥ၃'
208136	subhūta	Pāḷi quotations for senses (1) and (2) ('ရာဇဒတ္တော သုဘူတော စ …', 'သော တေန ပုညကမ္မေန … လဒ္ဓနာမော')
208138	subhūti	Pāḷi quotation '… ပိင်္ဂိယောတိ ဧတေ အသီတိ မဟာသဝကာ နာမ'; citation 'ထေရ၊ ဌ၊ ၂ ၅၄၂'; stray '(-(၂)'
208141	subhūma	grammarian's note 'န ဘ။ ဣ-ကို အ-ပြု' (i → a); Sanskrit and Prakrit forms
208142	subhūmi	Pāḷi glosses '(က) သုဘူမိယ။ ---မဏ္ဍဘူမိ သုဘူမီတိ အာဂတော။ (ခ) သုဘူမိယော'
208145	subhoga	Sanskrit form; stray quotation mark
208147	subhojana	Pāḷi quotation 'ပရမန္နံ သုဘောဇနန္တိ သုန္ဒရဘောဇနသင်္ခါတံ'
208148	subhojanabhuñjana	stray fragment '] သုမဂ္ဂ'; Pāḷi quotation 'သုဘောဇနဘုဉ္ဇနံ ဝိယ … ပရိဘုဉ္ဇနံ' with stray letters
208149	subhojanarasa	stray fragment 'သုမင်္ဂ'; Pāḷi quotation 'သုဘောဇနရသေန … အကပဏံ' with stray letters
208150	subhojanarasapuṭṭha	analysis 'သုဘောဇနရသ + ပုဋ'; Pāḷi quotation fragment; citation 'သံ၊ ဋီ၊ စ ၂'
208151	subhojanarasasaṁvaḍḍhita	analysis 'သုဘောဇနရသ ၆ န သံဝမိတ ]' with stray letters; Pāḷi fragment 'ယံ တွံ သုဘော-'
208152	suma	analysis 'သု မာ + အ' with source tag ကပ္ပဒ္ဒုမ and Sanskrit, Prakrit forms; stray letters
208153	sumagga	label and analysis 'န ပု) [ သု + မဂ္ဂ' with Sanskrit and Prakrit forms; run-on start of sumaṅgala '(တိ) [ … ] (၁) ကောင်းသော(မင်္ဂ)လာ။ (၂) သုမင်္ဂလဘုရားရှင်'
208154	sumaṅgala	Pāḷi quotation fragment '…ုပ္ပဘာတံ သုဟုဋ္ဌိတံ'; debris 'ဟ၏------၁'; citation 'အဘိ၊'; duplicate second copy
208156	sumaṅgalanagara	list dash
208157	sumaṅgalanagarasamīpa	page number '၂၄၀'
208160	sumaṅgalavilāsinī	Pāḷi quotation 'ယံ အာရဘိံ သုမင်္ဂလဝိလာသိနိံ နာမ နာမေန'
208163	sumajja	Pāḷi fragment 'သုမဇ္ဇဉ္စာ'
208164	sumajjita	Pāḷi quotation 'သုမဇ္ဇိတေ အာဒါသေ … ပါကဋံ အဟောသိ' with fragment 'သုမ'
208165	sumajjitatakañjanapaṭṭavaṇṇa	stray '['
208166	sumajjitamaṇigul̤ikā	fragment '] သမံ'
208167	sumajjitamaṇimaya	Pāḷi quotation 'သုကဏှသီသံ … ခါယတိ' with stray fragment; run-on article 'သုမဇ္ဇိတဝိမလာဒါသသမ (တိ) … ကြေးမုံမှန်-နှင့်တူသော' (like a well-polished spotless mirror)
208169	sumajjha	analysis 'မဇ္ဈ + ဏ' with source tag ဓာန် and Sanskrit form; fragment 'သမဏ'; citations 'ဇာ၊ သန္ဒ ၁။ ဇာ၊ ဌ၊ စ၁ ၃၇၈'
208170	sumajjhanhika	analysis and debris at the start; run-on article (တိ) 'ကောင်းမြတ်-တင့်တယ်-သွယ်-သောခါးရှိသော၊ သူ' (having a slender waist); run-on article (တိ) 'အလွန်-သာယာ-နှစ်လိုဖွယ်-ချိုငံ-သော' (exceedingly pleasant, sweet); run-on article sumaṭṭha (a) exceedingly fine / smooth, (b) well polished, with Pāḷi quotation; run-on article sumaṇḍita (well adorned with garlands; well prepared with perfume) with Pāḷi fragment
208176	sumaṇḍitappasādhita	analysis and grammarian's note (Sanskrit ပြ, doubling ပ္ပ)
208178	sumatikata	grammarian's note (from root kar, matya / matī / mati; source tags ဝီလျံ p. 783, ကပ္ပဒ္ဒုမ; Sanskrit gloss 'ကဋ္ဌဿ ခေတ္တဿ …'); fragment 'သုမတ္တံ'; repeated 'သုမတိကတ'
208181	sumathita	Pāḷi quotation 'မိလိန္ဒော ရာဇာ … ဟုတွာ'
208183	sumaddita	analysis 'မဒ္ဒ တ]'
208184	sumadhura	trailing '၃၅ (၃)'
208185	sumana	analysis bracket with source tag ကပ္ပဒ္ဒုမ, Sanskrit, Prakrit, Ardhamāgadhī forms and grammarian's note (mana-sadda is not neuter)
208186	sumana	run-on senses (4)–(11) of sumana and a duplicate of senses (1)–(11) with Pāḷi quotations, citations and stray numbers; analysis 'သုမန + ဏ' with source tag ကပ္ပဒ္ဒုမ, Sanskrit, Prakrit, Ardhamāgadhī forms; citation 'အပ ပြုံ ၂'
208187	sumanakumāra	citation 'အံ၊ ပြု ၁'
208188	sumanakusumapaṭa	page number '၅၀၈'; next headword 'သုမနဂိရိမဟာဝိဟာရ'
208190	sumanacampakādinānāpuppha	Pāḷi quotation '. ယထာ ဘာဇနသမ္ပတ္တိယာ သဝိသေသံ သောဘန္တိ'
208196	sumanadāmiya	suffix note 'ဣယ။ ['
208198	sumanadevatthera	Pāḷi fragment 'ဂါမဝါသီ သုမန- ['
208199	sumanadevarājadhītu	fragment 'ဓီတု'
208201	sumanadhāraṇa	headword and label 'မနဓာရဏ (န)'
208204	sumanapaṭṭavitāna	citation '(-ဗုဒ္ဓဝံ၊ ဌး ၃၃၀)'
208206	sumanapuppha	stray ']'
208207	sumanapupphakumbha	garbled '(မိုးထိ သျှ'
208211	sumanapupphapaṭa	Pāḷi 'သုမနပုပ္ဖပဋ'
208213	sumanapupphapariyāya	Pāḷi quotation 'ဇာတိသဒ္ဒေန … အဓိပ္ပေတော'
208215	sumanapupphamakul̤asadisa	run-on article 'သုမနပုပ္ဖမုဋ (ထီ၊ပု) [ … ] မြတ်လေး မုလေးပန်းလက် (ရှစ်) ဆုပ်' ((eight) handfuls of jasmine)
208222	sumanamakulasadisa	Pāḷi quotation 'သုမနမကုဠသဒိသာ ဓာတုယော အဝသိဿိံသု'
208223	sumanamakul̤asadisa	Pāḷi quotation 'သုမနမကုဠသဒိသာ ဓာတုယော အဝသိဿိံသု'
208225	sumanamakul̤a	Pāḷi gloss 'သုမနမကုဠာနီ တိ ဇာတိသုမနပုပ္ဖမကုဠာနိ'
208227	sumanamanasa	next headword 'သုမနမဟာဒေဝိပ္ပမုခ' inside the text; Pāḷi gloss '(၁) သုမနမနသော တိ သုန္ဒရစိတ္တသင်္ခါတမနော'
208229	sumanamālā	stray '['
208231	sumanamālākārasamāgama	Pāḷi quotation 'ပုန သုမနမာလာကာရသမာဂမေ … ဓမ္မာဘိသမယော အဟောသိ'
208233	sumanamālādipuppha	fragment 'မာလ'
208238	sumanasadda	next headword '၂ သုမနသာမဏေရ'
208239	sumanasāmaṇera	citation '(၈၊ ၆၂-၈၊ ၇၁-'
208240	sumanasikata	citation fragment '၃၀၁)'
208243	sumanāvel̤iya	stray letter at the end
208245	sumanta	source tag ဓာန်; Sanskrit form
208246	sumantana	Pāḷi quotation 'အရဟာမဟံ ရဟဿကံ သုဏိတုံ သုမန္တနေ ဥပဂတေ'
208248	sumantita	Sanskrit form
208249	sumaraṇa	stray '၆'
208250	sumarati	label and grammarian's note (root sumar in the Prakrit dictionary; Sanskrit, Prakrit, Ardhamāgadhī forms); running head and page number 'အဘိဓာန် (အ-ဝဂ်) ၃၃ ပ-မ-သ-စ'; next headword 'သုမလ္လ'
208251	sumalla	analysis with source tag ကပ္ပဒ္ဒုမ and Sanskrit, Prakrit, Ardhamāgadhī forms
208252	sumahanta	feminine forms (သုမဟာ, သုမဟတိ, သုမဟန္တီ); Sanskrit form
208254	sumahāparisamajjha	analysis 'သုမဟန္တ ပရိသမဇ္ဈ'
208255	sumāgadhā	Pāḷi form 'သုမာဂဓာယာ'; citation 'ဒီ၊ (ခ)'
208259	sumāpaya	analysis 'ဟိ။ သု + မာပ + ဏယ + ဟိ'; Pāḷi form 'သုမာပယာ'
208260	sumāpayi	label and analysis '(ကာ၊ ကြိ) သု. မာ + ဏာပယ + ဤ …'; Pāḷi synonym 'မာပေသိ'
208261	sumāpita	Pāḷi quotation 'သုမာပိတာ တိ … နဂရာ အဟေသုံ' with next headword 'သုမာလိနိ' inside it; repeated 'သုမာပိတ'
208262	sumālinī	Pāḷi quotation 'ပါဝုသကာလေ … လဘိတွာ'; citation 'ထေရ ၄၇၈-၉'
208263	sumitta	duplicate second copy of senses (1)–(7)
208264	sumittājīvaka	run-on 'သုမိတ္တာရာမ (၇) သုမိတ္တ (၂) ကြည့်' (sumittārāma: see sumitta (2))
208265	sumukha	next headword 'ဤ) သုမုခသေနာပတိ' inside the text; Pāḷi forms '(၁) သုမုခါ။ (ခ) သုမုခေါ'
208267	sumucchita	suffix note 'ဣတ'; source tag Apte; Sanskrit form; grammarian's note '(ပဋိယတ္တဿ ဖြစ်သင့်သည်)' (should be paṭiyattassa); Pāḷi 'သုမုစ္ဆိတဿာ'
208269	sumutta	analysis 'မုစ + တ' and Sanskrit form; Pāḷi forms '(၁) သုမုတ္တာ။ (န) (၂) သုမုတ္တ'
208271	sumuttikā	grammarian's note (sumuttikā = sumuttā, ka only fills the verse; before ka the a of -tta becomes i)
208272	sumuni	reference 'ဂန္ဓပရိဝါ-ဝင်'
208273	sumuhutta	analysis 'သု + မုဟုတ္တ မု ဟုစ္ဆ တ' with grammarian's note 'ဓာတုယာဒိမှိ မုကာရာဂမော စ္ဆလောပေါ စ'; source 'ဓာန်'; Sanskrit form 'သုမုဟုတံ-သံ'; debris ']', '(၁၀) ခဏလယ', 'အိ'; source 'ဝီလျံ'
208274	sumekhala	analysis 'သု + မေခလ + အ'; 'ကပ္ပဒ္ဒုမ' (source or quotation fragment); Sanskrit form 'သုမေခလ-ဝီလျံ'; debris ']'; citation 'စာ'
208279	sumedha	Sanskrit form 'သုမေဓ-သံ'; 'အပါ' (twice); stray '(၇)' after sense (1); the repeated second pass of senses (1)–(12); inflected form 'သုမေဓော'; quotation 'သော ဟိ သုမေဓောနာမတာပသော'
208280	sumedhakathā	citation and debris 'ဇာ၊ ပြု [၆]] ြု'
208286	sumedhapaṇḍita	quotation 'သုမေဓပဏ္ဍိတော စိန္တေသိ ‘ဣမံ ဓနံ ကာတုံ ဝဋ္ဋတီ’တိ'
208287	sumedhapaṇḍitakāla	debris '၉၀ဝ'
208289	sumedhabrāhmaṇa	debris '['
208290	sumedhasa	inflected form 'သုမေဓသေ'
208291	sumedhasambuddha	debris '] ['
208293	sumedhātherī	reference 'အကျယ်ကို။ ၂၇၈-၉-၌ရှု' (for details see … 278-9)
208294	sumedhātherīgāthā	citation 'ခုဒ္ဒကနိကာယ ထေရီဂါထာပါဠိ ၁၆-နီပါတ်၊ ၁-ဂါထာ' (Khuddakanikāya, Therīgāthā Pāḷi, 16th nipāta, 1st gāthā)
208300	sumoha	debris '['
208302	sumbha	debris '၂၂၂၂၂'; source 'ဝီလျံ'; quotation 'သုမ္ဘံ နိက္ခနာဟီ'
208303	sumbhaka	quotation fragment 'သုမ္ဘကပတ္တော'; debris '(၂ သေမ္ဘာ' (variant form?)
208307	sumbhati	(1) unread 'ကျောက်ကန်၏'; variant form '(၂) သုမ္ဘတီ'
208308	sumbharaṭṭha	citation 'ဇာ၊ ဌ၊ ၁ဝ'
208309	sumbhāmi	label '(ကြို' (for ကြိ); analysis 'သုဘ + အ + မိ။ သုမ္ဘ + အ+ မိ ]'
208310	summatthera	run-on article သုဟ္မ-သုမှ-သုမ္မိ: 'the Sumha region is in India, in the west of Bengal; there is also a city Sumha', Sanskrit form 'သုဟ္မ-သံ', 'ဝီလျံ', Prakrit 'သုမှ-ပြာ'; quotation 'ပါတိမောက္ခသံဝရသံဝုတော'
208312	suyāna	analysis 'သု. ယာန ]'
208313	suyāma	Sanskrit forms 'သုယာမ၊ သုယာမန်-သံ'; '---'; source '(သီ၊ မူ)'
208314	suyāmana	citation 'ပြု ၁'
208315	suyāmanatthera	citation 'ထေရ်၊ ါ ၁'
208316	suyāmanattheragāthāvaṇṇanā	end of the note to suyāmanatthera (208315): he invited the Buddha and the monks coming for alms into the city to his house and gave a flower canopy and almsfood; through that merit he fared among devas and humans and in Gotama's time was born in a brahmin family of Vesālī, named 'Suyāma'; he mastered the three Vedas, became a monk and before long attained arahatta-phala; citation '၂၀၇-၈)'
208317	suyāmapaŭha	debris '['; quotation fragment 'သက္ကပဉှာန'
208318	suyāmuna	quotation 'သုယာမုနောဣစ္စာဒီနိ ဝိသဏုနာမာနိ'; source 'ဓာန်'; run-on article သုယိဋ္ဌ (တိ): '(1) well given / offered / honoured; (neuter) (2) the giving / offering / honouring well', with its analysis and forms
208320	suyutta	analysis 'သု + + တ'; Sanskrit forms 'သုယုတ္တ-သံ', 'သုယုတ္တ-သက္ကတပိဋက'; debris ']'
208321	suyuttayānasadisa	debris and citation '[ ယာ။ ပါစိတ်၊'
208322	suyuttavādī	feminine form note 'ထီ-၌ ၂ သ ဝါဒိနီ'; stray 'န'
208323	suyuddha	debris ']'
208324	suyojita	sense (2) of suyuddha: '(neuter) the thrusting / attacking well'; analysis 'သု + ယုဇ + ဏေ + တ'; Sanskrit form 'သုယောဇိတ-သံ'; citation 'ပါစိတ်၊'
208326	suyonandī	form '(၂) သုယောနန္ဒီဇာတက'; run-on articles သုယျတိ (ကြိ) 'goes well' and သုယျတိ (ကမ္မ၊ ကြိ) '(1) is heard (2) is listened to', with analyses and a grammarian's note
208329	suyyate	run-on article 'သုယျ(န္တိ) (က) [သ ယာ အ အန္တံ] ကောင်းစွာသွားကုန်၏' (they go well)
208331	suyyanti	citation 'ကင်္ခါ၊ ဋိ၊ သစ်'
208332	suyyamāna	analysis 'သု + ယ + မာန'; citation '(၁) ၄။ ဝိ၊ ၃'; quotation fragment 'သုယျမာနသဒ္ဒသဝနာနန္တရ ဣတိဝုတ်၊'
208333	suyyamānasaddasavanānantara	quotation fragment 'ဧဝမိဓ “'
208334	suyyamānasukha	debris '‘'
208336	suyyiṁsu	label and analysis '(ကမ္မ၊ ကြို သု + ယ + ဥ]'
208337	suyyittha	label and analysis '(ကမ္မ၊ ကြို သု + ယ အာ။ အားကို တ္ထ-ပြု။ ]'; citation 'သံ၊ မြုံ ၂'
208338	suyyissati	run-on article သုယျေယျ (ကမ္မ၊ ကြိ) with analysis and grammarian's note: 'ကြားအပ်ရာ၏' (would be heard)
208339	sura	analyses 'သုရာ + ဏ။ သုရ + အ။ သု + ရမု + ကွိ။ သု + ရာ + အ။ သု + ရ'; source 'ဓာန်', root note '(သု အဘိသဝေ)', 'ကပ္ပဒ္ဒုမ'; Sanskrit, Prakrit and Ardhamāgadhī forms; debris '(၂) းန'
208340	surakaññā	variant or debris 'သုရကည'
208341	surakkhanīya	debris '၄ သုရက္ခိတ'
208342	surakkhita	stray '(၇)'; trailing '(၁)'
208344	suragāmaṇī	source 'ကပ္ပဒ္ဒုမ'; Sanskrit form 'သုရဂြာမဏီ-သံ'; quotation 'သုရဂါမဏီ၊ နာကနာထော, ဟရီဣစ္စာဒီနိပိ သက္ကဿ နာမာနိ'; source 'ဓာန်'
208347	surajeṭṭha	quotation 'သုရေသု ဇေဌော သုရဇေဋ္ဌော'; source 'ကပ္ပဒ္ဒုမ'; Sanskrit form 'သုရဇ္ဈေဗ္ဗ-သံ'; sources 'ဓာန်။ ဓာန်၊ ဋီ'
208348	surajjaka	variant 'သုရဇ္ဇက'
208351	surañjita	analysis 'သု + ရဉ္ဇိတ- ရန္ဇ တ]'; run-on articles သုရဋ္ဌ (န/ပု): 'the Suraṭṭha region / district / country (in western India, near Aparanta; said by the Ardhamāgadhī dictionary to be in Gujarat; written Surat on modern maps)' and သုရဋ္ဌ (တိ): 'arising / born in the Suraṭṭha region; a man of Suraṭṭha', with analyses and forms
208355	suraṭṭhajanapada	quotation 'တေသု သာလိဿရော နာမ ဣသိ ကဝိဋ္ဌကအဿမာ နိက္ခမိတွာ ဝသိ'
208356	suraṭṭhadesa	citation '၂၀၃)'
208357	suraṭṭhavisaya	citation 'ပေတ၊ ဠ်'
208358	suraṭṭhādhipati	form 'သောရဋော'
208359	surata	source 'ကပ္ပဒ္ဒုမ'; Sanskrit and Prakrit forms 'သုရတ-သံ၊ သုရယ-ပြာ'; quotations '(၁) သင်ါရဒုက္ခာဒီနံ', '(၂) ရဉ္ဇနေ သုရတေ ရတိ'; source 'ဓာန်'; '(တောင်ပေါက်)'
208361	suratta	quotation fragments '(၁) သော ပဋပိလောကိတာနံ ံ သုရတ္တဂ္ဂဟဏ သင်ာဋိ'
208363	surattadupaṭṭa	'----'; form 'သုရတ္တဒုပဋ္ဋ'
208366	surattarājivirājita	citation 'ဇာ၊ ပြု ၂'
208367	surattavaṇṇa	citation '( အံ၊ ပြု ၂'; quotation 'သုရတ္တဝဏ္ဏမေဝဿာ'
208368	surattavaṇṇakambalasadisa	quotation fragment 'စတုရင်္ဂ လေ တိဏေ'
208371	surattasuddhasiniddhapavāl̤amaya	page number and running head '၂၇ သုရတ္တသုဝဏ္ဏပဋ္ဋာဒိမယ'
208375	suradundubhi	analysis 'ဒုန္ဒ + ဥဘိ'; unread 'တော်လည်းသံ'
208376	suradhutta	debris 'ု'; '----'; citation 'ဇာ၊ ပြု ၄'
208378	suranātha	quotation 'သုရနာထော စ ဝဇိရဟတ္ထော စ ဘူတပတျပိ'; source 'ဓာန်'
208379	suranubodha	quotation 'ဒုရနုဗောဓောဝ န သုရနုဗောဓော'
208380	surapati	source 'ကပ္ပဒ္ဒုမ'; Sanskrit, Prakrit and Ardhamāgadhī forms; debris ']'
208381	surapatha	'-- ----'
208382	surabandha	variant spellings 'သူရ အမ္ဗဌ္ဌ-သုရမ္ပဌ'; run-on article သုရဘိ (တိ) with analysis, Pāṇini reference and Sanskrit/Prakrit forms: '(1) (ordinary) having an exceedingly fragrant scent; exceedingly fragrant; (2) an exceedingly fragrant scent; (3) the paccekabuddha Surabhi; (neuter) (4) the city of Surabhi', page debris '၂၈ သုရဘိ', '(၇)', '(၁) သုရဘိဂန္ဓ'
208383	surabhi	'--- သတ္တာနံ' (quotation fragment)
208388	surabhikusumadāma	'သမာဒါယာ' (quotation fragment)
208389	surabhikusumavāsita	'----'
208391	surabhigandha	quotation fragment 'သုရဘိဂန္ဓ န္တိ ===-'; running head 'အဘိဓာန် (အ-ဝဂ်) ၃၄ ပ-မ-သ-စ ၉'; next headword 'သုရဘိဂန္ဓကုဋိ'
208395	surabhigandhavāsita	'----'
208396	surabhigandhavilepana	quotation '-တဝ သရီရေ သဗ္ဗံ သေဒဉ္စ ပလဉ္စ ပဝါဟေတွာ သုရဘိဂန္ဓဝိလေပနံ ဝိလိမ္ပတိ'
208398	surabhigandhika	'စန္ဒနမဏ္ဍိတသာရဂန္ဓိက' (quotation fragment)
208400	surabhicandanacuṇṇasamākula	quotation 'သုရဘိစန္ဒနစုဏ္ဏသမာကုလာ၊ ကုသုမကုင်ုမဓူပသုဂန္ဓိနီ'
208403	surabhipuppha	citation 'အံ ပြု ၂'
208404	surabhipupphadāma	debris '['; '--'
208405	surabhivāyana	quotation fragment 'ကုသုမဝိဘူသိတာဘရဏာ'
208406	surabhivilepana	'---'
208407	suramaṇīya	debris 'ဥာ။ ၉ာ'
208408	suramanujapetatiracchānanarakūpapatti	debris '+ ]', '"'
208409	suramanti	Sanskrit and Prakrit forms 'သုရမန္ဒြိန်-သံ။ သုရမံတိ ပြာ'; debris ']'; source '(ညောင်းရန်း၊ )'; variant 'သု(သူ)ရမန္တိ'
208410	suramma	Sanskrit, Prakrit and Ardhamāgadhī forms; stray '(၇)'; '(၁) သုရမ္မ'
208411	surammarūpa	citations 'ဇာါ ၂။ ဇာ၊ ပြုံ ၇'
208413	surayuvatisadisarūpasobha	quotation 'နစ္စ ိ သုရရိပုဒုရဘိဘဝန ရူပသောဘာ ဝရယုဝတိယော မဓုရရဝါနိ တုရိယာနိ'
208418	surasa	debris '['; analysis 'သု. ရသ'; source 'ကပ္ပချုမ'; Sanskrit, Prakrit and Ardhamāgadhī forms; stray '(၇)'; quotations '(၁) သုရသ န္တိ သောဘဏရသံ', 'သုရသာနီ'
208420	surasabhojanaparibhoga	debris '] ၁ [၂'
208421	surasabhojanaparibhogakāla	citation 'မ၊ ပြုံ ၂'
208423	surasena	analysis '+ အ'; source 'ပဌဝီဝင်'; Sanskrit, Prakrit and Ardhamāgadhī forms
208424	surasenanagara	run-on senses of surasena: '(1) (included among the 17 regions / countries) the Sūrasena region / country / district (its capital is Mathurā on the bank of the Yamunā); (2) the city of Surasena; (3) the Surasena monastery', and '(၁) ---။ (၂) ---။ (၃) --- ----'; headword 'ရသေနနဂရ (န)'
208427	surasoṇḍatā	'-- ဇ ၂'
208428	surā	analyses and roots 'သု. ရ+ အာ။ သု အဘိသဝေ။ + ရေ+ အအာ။ ရေ သဒ္ဒေ'; sources 'ကပ္ပဒ္ဒုမ။ ဓာန်၊ ဋီ။ ၅၃၃'; Sanskrit, Prakrit and Ardhamāgadhī forms; garbled 'စမ် (သေရည် ၂-မျ်၊ ဘရက် ၂ သည်)'
208429	surākathā	'“"'; citation 'သံ၊ အံ၊'
208430	surakāraka	quotation fragment 'သုရာကာရကာန'
208431	surākiṇṇacuṇṇa	quotation fragment 'ကိဏ္ဏစုဏ္ဏေနာ'
208432	surāgandha	citation 'ဝိ၊ ပြု ၂'
208433	surāgandhavāyananimittadassana	page debris and next headword '၃ သုရာဂဟဏ'
208438	surāghaṭabhedaka	citation 'ဇာ၊ ပြု ၂'
208439	surāghara	citation and commentary quotation 'ဇာ၊ သုရာဃရေ တိ သုရာသမ္မာဒကဂေဟေ'
208442	surāja	analysis 'သု + ရာဇ', grammar class 'ရာဇာဒိဂိုဏ်း'; Sanskrit form 'သုရာဇန်-သံ'
208444	surājasumanussakāla	quotation 'ကာလသမ္ပတ္တီ တိ သုရာဇသုမနုဿကာလသင်ါတော သမ္ပန္နကာလော'
208447	surādosa	run-on article သုရာဓ with analysis and Sanskrit form: '(1) the arahant thera Surādha; (2) (a) the Surādha sutta; (3) (of the Buddha Padumuttara) the aggasāvikā therī Surādhā', citations '၂၄၉ (၃)။ ဗုဒ္ဓဝံ၊ း ၂၁၆'
208449	surādhathera	citation 'ထေရ၊ ဌ၊ ၁ ၃၂၃'
208452	surādhasutta	citation 'သံယုတ္တနိကာယ၊ ခန္ဓဝဂ္ဂသံယုတ္တပါဠိ ၁-သံယုတ်၊ ၂-ဝဂ်၊ ၁၀သုတ်' (Saṁyuttanikāya, Khandhavagga, 1st saṁyutta, 2nd vagga, 10th sutta)
208455	surādhuttahatthagata	'----'
208457	surāparissāvana	headword 'ရာပရိဿာန (န)'; quotation and citation 'စင်္ကဝါရေ (စင်္ဂဝါရေ-၅၃)'
208464	surāpānaṭṭhakathāgata	quotation fragment 'အထ ခေါ သုရာပါ- ]'
208467	surāpānadvāra	debris 'နို'; next headword 'သု ၏ သုရာပါနနီဝရဏ'
208468	surāpānanīvaraṇa	debris '"။ ၃ု'
208469	surāpānanisedhana	debris '] ]'
208471	surāpānamaṇḍapa	'----'
208474	surāpānaviratī	quotation 'သုရာပါနဝိရတီ'
208478	surāpānasikkhāpadaṭṭhakathā	debris '"'
208479	surāpānasikkhāpadādipaññāpana	quotation 'သိက္ခာပဒပညာပနတ္ထာယာ'
208481	surāpānādiacittaka	citations 'ကင်္ခါ၊', 'ကင်္ခါ ဋီ၊ သစ်'; quotation '(ခ) သစိတ္တကာစိတ္တကသင်ါတာယ ----'
208482	surāpānādiacittakasikkhāpada	debris '[ ['; '--'
208483	surāpānādilahuka	'ပုဒ်။ -..။'
208484	surāpānādisaṅgaha	debris '['
208486	surāpānādhikāra	debris ']'
208488	surāpanāpatti	debris '-.-။ င့်'
208490	surāpipāsā	debris '['
208491	surāpipāsita	'-...'
208496	surāpema	'----'
208497	surābindhu	'----'; citation 'ကင်္ခါ၊။ --'
208502	surāmaṁsapabodhana	debris 'တိ “'
208503	surāmaṇḍa	debris ']'
208505	surāmatta	quotation 'သာ ဧကဒိဝသံ ဒွီသု တီသု မနုဿေသု သုရာမတ္တေသု မဟာနိဒ္ဒံ ဩက္ကမန္တေသု'
208506	surāmada	citation 'သုတ္တနိ၊ ပြု ၂'
208507	surāmadanimittaka	quotation fragment 'မဒနိဒ္ဒ'; citation 'သီ၊ ဋိ၊'
208508	surāmadamatta	debris '['
208509	surāmissa	debris '၂၂၂၂၂'
208513	surāmerayapāna	debris '['
208515	surāmerayamajjakumbha	quotation fragment 'ပတိတိဋ္ဌန္တူ'
208517	surāmerayamajjappamādaṭṭhāna	debris 'ာနပစ္စယ'; quotation fragment 'သုရာမေရယမဇ္ဇပမာဒဋ္ဌာနာန'
208518	surāmerayamajjapamādaṭṭhānapaccaya	debris ']'
208519	surāmerayamajjappamādaṭṭhānapaccaya	debris ']'
208521	surāmerayamajjappamādaṭṭhānānuyoga	run-on article သုရာမေရယမဇ္ဇပ္ပမာဒဋ္ဌာယီ (တိ): 'in the habit of drinking the liquor and spirits that cause intoxication and heedlessness (said of a person)'
208523	surāmerayamādhuka	citation 'ဇာ၊ ပြု ၄'
208524	surāmerayavatthu	headword repeated 'သုရာမေရယဝတ္ထု'; '----'
208526	surāpotalarukkhanivāsī	debris '”တိ'
208527	surālaya	debris '['
208528	surālola	debris '['
208532	surāvigama	debris ']'
208533	surāsadisavaṇṇagandha	debris ']'; quotation 'အရိဋ္ဌဉိ သုရာသဒိသဝဏ္ဏဂန္ဓံ ကပ္ပိယဘေသဇ္ဇ'
208534	surāsampādakageha	quotation fragment 'သုရာယရေ'
208535	surāsavavinimutta	headword repeated 'သုရာသဝဝိနိမုတ္တ'
208537	surāsurayuvatiratisambhavana	quotation 'ယမကပါဋိဟာရိယံ ကတွာ သုရာသုရယုဝတိရတိသမ္ဘဝနေ ရုစိရနဝကနကရဇတမယဝရဘဝနေ . အဘိဓမ္မံ ကထေသိ'; next headword 'သူ ၂ သုရာသောဏ္ဍ'
208542	surindaüyyānajalāsaya	debris '['; analysis 'သုရိန္ဒ ဥယျာန + ဇလာသယ'
208543	surindadevabhavana	run-on article သုရိန္ဒလောက (printed 'သုခန္ဒလောက (၇) ]'): 'the bhūmi / world of King Sakka; the Tāvatiṁsa deva world', citation 'ဗုဒ္ဓဝ၊ " ၃၃-၇'
208544	surindavatī	debris 'ဤ]'
208547	suriya	analysis 'သရ+ (သူ+) ယ။ ၁၁၄-ဖြင့် စီရင်'; source 'ကပ္ပဒ္ဒုမ'; Sanskrit, Prakrit and Ardhamāgadhī forms; debris ']'
208548	suriyavallī	debris '(]ါ]ဧ [၅၂၂ ၆၃ ဝါ"ဝ၃ာ၆]၆ ]ဧ'
208551	suruṅgā	debris ']].'
208552	suruci	first pass of senses (1)–(7); stray '(၇)' (twice); citation '( ၂၄၂၊ ၂၅၀-'
208553	surucikumāra	quotation 'သုရုစိကုမာရော'; citations 'ထာ၊ ပြု ၄။ ၃၁၆ (၇)'
208554	surucijātaka	citation 'ဇာ၊ ၆ ၂'
208555	surucijātakavaṇṇanā	headword repeated 'သုရုစိဇာတကဝဏ္ဏနာ'
208556	surucita	quotation fragment 'အပိ စ [၁'
208557	surucitāpasa	debris ']'
208558	surucibrāhmaṇagāma	quotation 'တဒါ အမှာကံ ဗောဓိသတ္တော သုရုစိဗြာဟ္မဏဂါမေ သုရုစိ နာမ ဗြာဟ္မဏော'
208559	surucimahārāja	debris 'သု သု'
208560	surucira	citation 'အပ၊'; next headword 'သုရုစိမနောဟရဂုဏဂဏဝိပုလ ၂'
208561	surucimanoharaguṇagaṇavipula	citation '၁၉၂၊'
208563	suruttavācā	run-on articles: suruda 'exceedingly cruel / harsh' (with note that it should be surudda), surundana 'the city Surundana (ancient name of Bārāṇasī)', surundananagara, surāmattaka 'maddened by liquor'
208570	surusuruvagga	debris ']'
208571	surusuruvaggavaṇṇanā	headword repeated 'သုရုသုရုဝဂ္ဂဝဏ္ဏနာ'; debris 'ခ၃ု၄၈'
208572	surūpa	analysis 'သု သုန္ဒရံ (သောဘဏံ)'; source 'ကပ္ပဒ္ဒုမ'; Sanskrit, Prakrit and Ardhamāgadhī forms
208573	surūpī	feminine form note 'ထီ-၌ ရူပိနီ'; Sanskrit form 'သုရူပါ-သံ'; citation 'ထေရီ၊ ၅'; next headword 'သုရောဒယ'
208577	surosuro	debris '"”'
208578	sulakkhaṇa	label '(တိ)'; Sanskrit form 'သုလက္ခဏ-သံ'; source 'ဝီလျံ'
208580	suladdha	form 'သုလဒ္ဓ'
208582	suladdhi	'----'
208583	suladdhovāda	'----'
208584	sulapita	debris '['; analysis 'သု. လပိတ လပ + တ'; debris and next headword 'ဦ။ မ၊ ၆ သုလဘ ၂'
208585	sulabha	quotation fragment 'သုလဘာနီ'
208587	sulabhajjhācāra	quotation fragment '“ ဝေသိယာ'
208588	sulabhaṭṭhāna	'---- ----'; citation '(-အံ၊ ဌ၊'
208593	sulabhannapāna	quotation 'သိဒ္ဓတ္ထ တွံ သုလဘန္နပါနေ ကုလေ …'
208595	sulabhapaccaya	citation 'ဒီ၊ ဌ'; running head 'သုလဘပိဏ္ဍ ၂'
208600	sulabhamūlaphalāphala	citation 'ပြု ၅'
208602	sulabhasampannabhikkha	citation 'ဝိသုဒ္ဓိ၊ ၁ဝ'
208604	sulabhānavajja	'----'
208605	sulabhāhāra	quotation 'တေနာဟ “ခဇ္ဇဘောဇ္ဇသမ္ပန္နာတိ'
208606	sulabhāhārūpakaraṇa	debris '(၂) ၈'
208608	sulaya	unread 'ဆယ်', '၄၁၀၄'; source 'ဝီလျံ'; debris '['; quotation 'ကဒါ (တေ)'; citation 'ကဒါ ဋီ၊ သစ်'
208609	sulasā	debris '['; etymology 'သုလသ- ကုသုမ္ဘရတ္တံ ဝတ္ထံ (ပါကတ၊ ဓာန်)'; Prakrit and Ardhamāgadhī forms; citation 'ဇာ၊ ၁ဝ'
208613	sulasī	form '(သုလသီ)'; source 'ကပ္ပဒ္ဒုမ'; Sanskrit, Prakrit and Ardhamāgadhī forms
208615	sulitta	Sanskrit form 'လိမ္ဘ-သံ'
208617	suleyya	forms 'သုလေယျံ သုလေယျ'; source 'ဝီလျံ'; Sanskrit form 'သုလေက သံ'
208618	sulocana	headword 'သုလောဝန (တိ)'; analysis 'သု. လောစန'; sources 'ကပ္ပဒ္ဒုမ', 'ထောမ'; Sanskrit form; debris ']'
208619	suloma	analysis 'သောဘဏာ (သုဋ္ဌု)'; source 'ကပ္ပဒ္ဒုမ'; Sanskrit form
208620	sulohitaka	analysis 'သုဋ္ဗု လောဟိတာ သုလောဟိတာ'; source 'ကပ္ပဒ္ဒုမ'; Sanskrit form
208621	suva	analysis and grammarian's note; source 'ကပ္ပဒ္ဒုမ'; feminine form 'သုဝီ'; Sanskrit, Prakrit and Ardhamāgadhī forms; quotations '(က) သုဝကောဟိလာ။ သုဝေါ', '(ခ) ---- “။ သုဝဿာ'; citation 'ပါစိတ်၊'
208622	suvaka	source 'ဓာန်'
208626	suvagaṇa	debris 'သုဝ (၇)] ၃၀ ဂက ]'
208629	suvagga	analysis 'သု + အဂ္ဂ'; citation 'ပါစိတ်'
208630	suvaggappattahetuka	citation 'ပါစိတ်'
208631	suvaggappayojana	debris '['
208632	suvaggita	quotation 'သုဝဂ္ဂိတေနာ'
208633	suvaggu	quotation '(၁) အတိရုစိရသုဝဂ္ဂုဒဿနေယျ'; run-on article သုဝင်္ဂဏ (တိ) with analysis: 'having a good, pleasing (ground-)surface'
208635	suvaca	quotation '(၁) (ဘိက္ခဝေ)'; citation 'ဒီ၊ (၂)'
208636	suvaca	quotation '(ပဒက္ခိဏဂ္ဂါဟိတာယ)'; next headword '၁ သုဝစတရ'
208637	suvacatara	debris '['
208640	suvacabhāvadassana	quotation 'အဋဌာနပရိကပ္ပဝသေန ပန အရိယပုဂ္ဂလာနံ ဝုတ္တံ'
208641	suvaccha	Sanskrit and Prakrit forms 'သုဝသ္တ-သံ။ သုဝစ္ဆ-ပြာ'
208643	suvaṭṭa	run-on article သုဝဋ္ဋိတ (တိ) with analysis and Sanskrit and Prakrit forms
208644	suvaṭṭita	quotation fragment 'တိ ဝဋ္ဋဘာဝယုတ္တဌာနေ သုဝဋ္ဋော'
208646	suvaṭṭitagīva	quotation 'သုဝဋိတဂီဝါ . ဥဒိက္ခတီတိ ဝဒတိ'; citation 'ဇာ၊ ပြု ၅'
208647	suvaṭṭitaghanaūru	debris '['; run-on article 'သုတံ) သုဝရိတ အင်လ ကောင်း ၂ သုဝဋိတဇယ်ံ စွာ-လုံး-ဝန်း-သောလက်ချောင်း' ('well-rounded fingers'), with the next headword
208649	suvaṭṭitajaṅgha	quotation 'ဧဏိဇယ် သုဝဋိတဇယင်'
208650	suvaṭṭitasaṇṭhāna	debris '[သိတ သတ္ဌာန'
208655	suvaḍḍhita	citations 'ဇာ၊ ၆ ၄။ (၂) သုဘာဝိတ။ (၃) ၈'; run-on article သုဝဏ္ဏ (တိ/န) with analyses, sources and forms: '(1) having a pure / good / desired / pleasing / cherished colour; (neuter) (2) gold; (3) the Suvaṇṇanikkha sutta, the Suvaṇṇanikkhasata sutta; (4) garuḷa; (5) young swan; (6) swan, golden swan; (7) one suvaṇṇa = five dharaṇa, 200 ruwe, or four dharaṇa, 160 ruwe; (8) good, excellent', then '(1) … (2) gold' again
208656	suvaṇṇa	commentary quotations 'သောဝဏ္ဏမယ န္တိ … ဇာတရူပေ ဧဝ ဒဋ္ဌဗ္ဗော', 'တိအာဒီသု ဂရုဠေ', 'ကာကံ ကဉ္စနဝဏ္ဏတာယ သုဝဏ္ဏာ”', 'န္တိ သေဌ္ဌဘေရိ'; sources and citations 'ဓာန်။ ၈ဝ၉', 'ဓာန်၊ ဓာန်၊ ဋီ။ သာရဝ္ထ ၃', 'ဝိသုဒ၌'; stray '(၇)'
208657	suvaṇṇa	page number '၄၃၉'
208659	suvaṇṇaagghika	quotation 'ရတနသတုဗ္ဗေဓံ သုဝဏ္ဏအဂ္ဃိကံ ဝိယ အနီလပထေ စင်္ကမတိ'
208662	suvaṇṇaïndagopaka	debris '၂'; quotation fragment 'ဣန္ဒပေါပကသဉ္ဆန္နာ'
208665	suvaṇṇaka	quotation 'ပါဏိရက္ခော ပိစုစာပိ၊ သုဝဏ္ဏကမုဒမ္မရံ'
208666	suvaṇṇakakkaṭaka	quotation fragment 'ကုဠီရကာ'
208667	suvaṇṇakaṅkaṇa	citation '(ထေရံ၊'
208668	suvaṇṇakaccha	citation 'ဝီမာန'
208672	suvaṇṇakacchapasanthara	analysis 'သုဝဏ္ဏကစ္ဆပ + သန္နရ'
208673	suvaṇṇakacchapasanthāra	quotation 'ကောဏာဂမနဿ ဘဂဝတော ကာလေ ဥဂ္ဂေါ နာမ သေဋ္ဌိ သုဝဏ္ဏကစ္ဆပသန္ထာရေန သံဃာရာမံ ကာရေသိ'
208674	suvaṇṇakacchālaṅkāra	next headword 'ပ သုဝဏ္ဏကဉ္စုက'
208678	suvaṇṇakaṭāha	debris 'ဟ'
208681	suvaṇṇakaṭṭisanthāra	run-on article သုဝဏ္ဏကဏိကာရပုပ္ဖ (န): '(1) golden ‹မဟာလေ့ကား› flower; (2) golden flower, ‹မဟာလေ့ကား› flower', citation 'ပဋိသံ၊ ဌ၊ ၁ ၁၄၇'
208682	suvaṇṇakata	quotation and citation 'အလတ္တကကတာ ( မ၊ ဋ'
208683	suvaṇṇakadalīsamānoru	quotation fragment 'သုဝဏ္ဏကဒလီ သမာနောရု သာ မံ'
208686	suvaṇṇakambutalavaṭṭasucchavī	headword repeated 'သုဝဏ္ဏကမ္ဗုတလဝဋ္ဋသုစ္ဆဝီ'
208687	suvaṇṇakamma	next headword '၅၆ သုဝဏ္ဏကရဏ္ဏ'
208694	suvaṇṇakāja	page number '၁၃၄'
208695	suvaṇṇakāyura	quotation '(၁) သုဝဏ္ဏကာယုရာ'
208696	suvaṇṇakāyūra	quotation '(၁) သုဝဏ္ဏကာယုရာ'
208700	suvaṇṇakāraüpakaraṇa	quotation 'သုဝဏ္ဏကာရဥပကရဏေသု ဣမာနိ ဘာဇနီယဘဏ္ဍာနိ'; debris '၈ာ'
208701	suvaṇṇakārakamma	citation 'ဓမ္မ၊ (-၂၆၇)'
208705	suvaṇṇakāraputta	quotations 'ကမ္မာရဘဏ္ဍူ။ ကမ္မာရပုတ္တဿာ'
208707	suvaṇṇakāramūsā	quotation 'ဥက္ကာသဒ္ဒေါ သုဝဏ္ဏကာရမူသာဒီသု အနေကေသု အတ္ထေသု ဒိဿတိ'
208709	suvaṇṇakāropamasutta	run-on article သုဝဏ္ဏကိင်္ကဏိကာ (ထီ) with variant spelling: 'golden small bell / wind-bell'
208714	suvaṇṇakiccāsiddhi	debris '['
208715	suvaṇṇakilañja	analysis 'သုဝဏ္ဏ + ကိလဉ္စ'; debris and quotation fragment '=<=-= ဂစ္ဆတိ'
208716	suvaṇṇakaṇḍalapatirūpaka	quotation 'သုဝဏ္ဏကုဏ္ဍလပတိရူပကော မတ္တိကာကုဏ္ဍလောဝ' with page debris and next headword '၈ သုဝဏ္ဏကုမ္ဘ'
208718	suvaṇṇakuraṇḍaka	quotation fragment 'သေရေယျကဿာ'
208719	suvaṇṇakūṭa	quotation fragment '" ဏဝိသေသေန'
208720	suvaṇṇakeyūra	citation 'အပ၊ ၂ ၂၄၂'
208725	suvaṇṇakkhandhasadisa	citation 'ဒီ၊ ပြု ၂'
208726	suvaṇṇakhacita	citation 'ဒီ၊ ၉'; next headword 'သုဝဏ္ဏခစိတကောသေယျနိဝသန'
208727	suvaṇṇakhacitakoseyyanivasana	quotation fragment 'ကောသေယျဝါသိနံ'
208729	suvaṇṇakhaṇḍa	quotation fragment 'သုဝဏ္ဏကဋီဟီ'; run-on article သုဝဏ္ဏဂဗ္ဘ: '(၇) ရွှေ့တုက်' (golden treasury?)
208731	suvaṇṇaguhā	quotation 'အာသယာ တိ ဝသနဋ္ဌာနတော သုဝဏ္ဏဂုဟတော နိက္ခမတီတိ ဝုတ္တံ ဟောတိ'; citation 'သံ၊ အံ၊'
208733	suvaṇṇageha	quotation fragment 'သုဝဏ္ဏဃရာနီ'
208734	suvaṇṇagghanika	quotation fragment 'အပနာမေသီ'
208737	suvaṇṇaghaṭa	debris '၉ဝ'
208738	suvaṇṇaghaṭi	garbled text 'သဣယဋိကာ ဤ သုဏ္ဏ ယရိက ဝ သုဝဏ္ဏယဋိကဒလီ' and scan debris 'ဿသောာာာ-ဿဿ…'; run-on gloss 'ရွှေ့တုံး-ရွှေခဲ' (gold lump / nugget); '၂၅၂၊'
208742	suvaṇṇaghara	debris ']'
208743	suvaṇṇaṅkura	analysis 'သုဏ္ဏ အက်]'
208745	suvaṇṇacaṅkoṭakavara	citation 'ဇာ၊ မြုံ ၁ ၇၆'
208746	suvaṇṇacanda	quotation fragment 'သုဝဏ္ဏစန္ဒတ္ထာ'
208747	suvaṇṇacampakapuppha	debris '] သ'
208749	suvaṇṇacita	debris 'ဉူ'
208751	suvaṇṇacitapakkhara	Sanskrit form 'ပက္ခရပြက္ခရ-သက္ကတ'; unread 'လက်တင်'
208753	suvaṇṇacīra	running head 'အဘိဓာန် (တ-ဝဂ်) ၃၆ ပ-မ-သ-စ'
208754	suvaṇṇacīraka	headword and analysis 'ဝဏ္ဍစီရက (န) [ သုဝဏ္ဏစီရ + က ]'; run-on article သုဝဏ္ဏစီရဝသန (တိ): 'wearing / dressed in cloth adorned / woven with gold threads (said of a person)'
208756	suvaṇṇacuṇṇa	quotation 'သုဝဏ္ဏစုဏ္ဏေဟီ' with its marker (1)
208757	suvaṇṇacuṇṇapañjara	garbled OCR 'စန် စွေဆင်းနိသော၊ ရွန်'
208759	suvaṇṇacetiya	quotation fragment '(ကာရာပေတွာ)'
208762	suvaṇṇacchadana	garbled OCR 'နီသော ခွဖြင်ပြီးသောန်ဆာကု့ဖြင်းို'
208763	suvaṇṇacchavi	quotation end '”တိ'; stray '၂'; next headword 'သုဝဏ္ဏစ္ဆေဒနကသတ္ထ'
208764	suvaṇṇacchedanakasattha	citation 'ကင်္ခါ၊ ဋ၊ သစ်'
208765	suvaṇṇacchedanakasatthaka	analysis bracket '[ သုဝဏ္ဏစ္ဆေဒနက-သတ္ထ + က'
208766	suvaṇṇacchedanasatthaka	quotation 'သုဝဏ္ဏကာရဥပကရဏေသု ဣမာနိ ဘာဇနီယဘဏ္ဍာနိ'
208768	suvaṇṇachanna	quotation fragments 'လောဟဗမာသောဝ သုဝဏ္ဏဆန္နော', 'သုဝဏ္ဏအန္ဒာ' with marker (1); citation '၂ ၂၇'
208774	suvaṇṇajālaka	reading note 'သုဝဏ္ဏဇာလာဝတတော] “သုဝဏ္ဏဇာလာဝိတတော'; citation 'ဝိမာန၊ ဌ်'
208775	suvaṇṇajālāvatata	analysis bracket fragment 'အဝတတ ]'
208776	suvaṇṇajālāvitata	truncated fragment 'ထားသော'
208777	suvaṇṇaṭṭhita	analysis bracket '[ သုဝဏ္ဏ ဦ အတ္ထိက။ တ္ထ-ကို သု … ပြု။ ]'; next headword '၂ သုဝဏ္ဏတဋ္ဋက'
208778	suvaṇṇataṭṭaka	quotation 'သုဝဏ္ဏပူရာနီ'
208780	suvaṇṇatala	quotation 'ဝိဇမ္ဘတီ တိ … ဝိဇမ္ဘတိ'; run-on article 'ဝဏ္ဏတာ (ထီ) သုဝဏ္ဏ + တာ ကောင်းသော အရေအဆင်းရှိသည်၏အဖြစ်၊ ရွှေ့နှင့်တူသော အရေအဆင်းရှိသည်၏အဖြစ်'
208787	suvaṇṇatārakakhacitasamosaritagandhadāmamālādāmavitāna	stray label 'န (န)'; analysis bracket; next headword 'သုဝဏ္ဏတာရကဂန္ဓဒါမမာလာဒါမပဋိမဏ္ဍိတ'
208791	suvaṇṇatārakā	placeholder dashes '----'; quotation 'သုဝဏ္ဏတာရာကာဟိ ဒဒ္ဒလ္လမာနာ'
208796	suvaṇṇatindukanibha	citation '(ဇာ၊ သျ)'
208799	suvaṇṇatumba	garbled parenthesis '(ဓာတ်တော်ခြင်ကြောင်း)' (perhaps 'for holding relics')
208801	suvaṇṇatulikā	garbled end 'မျုးရေသည်'
208802	suvaṇṇatūlikā	garbled end 'မျုးရေသည်'
208804	suvaṇṇatoraṇasadisa	Pāḷi synonym or quotation fragment 'ကဉ္စနဂ္ဂိယသံကာသ'
208807	suvaṇṇatthambhasadisa	analysis 'သုဝဏ္ဏတ္ထမ္ဘ + သဒီသါ'
208809	suvaṇṇatharusampanna	bracket '['
208812	suvaṇṇathālakabhāva	quotation fragment 'အဇာနန္တံ'
208816	suvaṇṇadaṇḍa	quotation '(ဝိပတန္တိ) စာမရာ' with marker (1)
208817	suvaṇṇadīpa	bracket '['
208823	suvaṇṇadubbaṇṇahīnuttamādi	headword repeated 'သုဝဏ္ဏဒုဗ္ဗဏ္ဏဟီနုတ္တမာဒိ'
208825	suvaṇṇadosavirahita	run-on article 'သုဏ) သုဝဏ္ဏ (ရွေ တံခွန်ရှိသော။ (ပု) (၂) ရှေ့အလံတံခွန်' (having a golden banner; golden flag / banner)
208832	suvaṇṇanikkha	quotation 'သုဝဏ္ဏနိက္ခဿာ'
208833	suvaṇṇanikkhasata	bracket ']'; quotation 'သုဝဏ္ဏနိက္ခသတာန'
208834	suvaṇṇanikkhasutta	citation 'သံယုတ္တနိကာယ၊ နိဒါနဝဂ္ဂသံယုတ္တပါဠိ၊ ၆-သံယုတ်၊ ၂-ဝဂ်၊ ၃-သုတ်'
208836	suvaṇṇanisseṇī	citation 'ဇာ၊] ဌ်၊'
208837	suvaṇṇanūpura	quotation 'သဏနုပုရသုဝဏ္ဏမဏ္ဍိတာ'
208838	suvaṇṇanekkha	grammarian's debris 'မ ပြု သံ၊ ပြု ြု့ ၉၅၀၂'; run-on article 'သုဝဏ္ဏပဉ္စရ (န) ရွှေလှောင်ချိုင်-လှောင်အိမ်၊ ရွှေဖြင့်-ပြီး-ပြုလုပ်ထား-သောလှောင်ချိုင်-လှောင်အိမ်' (golden cage) with its quotation and citation
208842	suvaṇṇapaṭapasāraṇakāla	run-on fragment 'သုဝဏ္ဏပဋပ-(။'
208844	suvaṇṇapaṭapasārita	stray '၈'; 'သုဝဏ္ဏပဋာကာ ရွှေ့ပြားဝိတာန်-ရွှေ့ပုဆိုး' (unclear gloss or run-on); quotation 'သုဝဏ္ဏပဋပသာရိတာ ဝိရောစိံသု'
208847	suvaṇṇapaṭimā	quotation 'သုဝဏ္ဏပဋိမာ ဝိယ နိသိန္နော'
208848	suvaṇṇapaṭṭa	quotation 'သုဝဏ္ဏပဋ္ဋေဟီ'
208850	suvaṇṇapaṭṭaparimāṇa	analysis bracket '[ သုဝဏ္ဏပဋ္ဋ ပရိမာကါ'; page number '၁၂၃'
208853	suvaṇṇapaṭṭavaṇṇa	quotation 'ဒေဝဒတ္တော တဿ ဒသာ သုဝဏ္ဏပဋ္ဋဝဏ္ဏံ ကတွာ ပါရုပိ'
208857	suvaṇṇapatirūpaka	citation '(သျံ။'
208858	suvaṇṇapatodayaṭṭhi	run-on 'သုဝဏ္ဏကောသက-၉ သုဝဏ္ဏပတ္တ ကြည့်'
208859	suvaṇṇapatta	stray 'မ၊'
208863	suvaṇṇapadumakaṇṇikasadisa	citation 'ဒု၈'
208864	suvaṇṇapadumamālā	bracket '['
208866	suvaṇṇapabhā	placeholder dashes '----'
208870	suvaṇṇapassa	grammarian's note 'သုဝဏံပါဠ္ဂံ-သံ။ သက္ကတပိဋက။'; bracket '['; citation 'ဇာ၊ ပြု ၅'
208878	suvaṇṇapātisutta	citation 'သံယုတ္တနိကာယ၊ နိဒါန-ဝဂ္ဂသံယုတ္တပါဠိ၊ ၆-သံယုတ်၊ ၂-ဝဂ်၊ ၁-သုတ်'
208879	suvaṇṇapāda	Pāḷi synonym 'ဟရိပါဒါ'
208887	suvaṇṇapāmaṅgalaggitagatta	bracket '['; Pāḷi synonym 'ဟေမယညောပစိတင်္ဂ'
208888	suvaṇṇapāsaka	grammarian's note 'သုဝဏ္ဏ ပြာသက-သံ'
208893	suvaṇṇapīṭha	quotation 'သုဝဏ္ဏပီဌ'
208895	suvaṇṇapīl̤akā	run-on 'ရွှေ့ရောင်ရှိသောအိုင်းအနာနှင့်တူသောအဖုတို့ဖြင့်ရောပြွမ်းသော။ သုဝဏ္ဏ-' (mixed with lumps like golden boils)
208903	suvaṇṇapubbul̤haka	commentary quotation 'သုဝဏ္ဏပုဗ္ဗုဠကန္တိ သုဝဏ္ဏတာရက'
208905	suvaṇṇapūra	citation 'ဗား၊ သျ'
208907	suvaṇṇapaphaṇika	page number '၁၆၃'; quotation '(၂) ဧတေ သုဝဏ္ဏ ဖလာနိ ဓာရေန္တာ'
208909	suvaṇṇaphalaka	displaced next headword '၃ သုဝဏ္ဏဖလကမဇ္ဈ'
208910	suvaṇṇaphalakamajjha	bracket '['
208914	suvaṇṇaphālasanthāra	quotation 'သိခိဿ ပန ဘဂဝတော ကာလေ … သံဃာရာမံ ကာရေသိ'
208920	suvaṇṇabimbaka	analysis bracket '[ သုဝဏ္ဏဝိမ္ပ . က'
208921	suvaṇṇabimbasadisa	bracket '['; commentary quotation 'သုဝဏ္ဏဗိမ္ဗသဒိသော တိ သုဝဏ္ဏပေါတ္ထကရူပနိဘော'; run-on article 'သုဝဏ္ဏဝိမ္ဗိသကဝဏ္ဏ (တိ) ကောင်းစွာစီရင်အပ်ပြီးသော ရွှေ့တကဲမှီပျဉ်နှင့်တူသည် အဆင်းရှိသော' (having the colour of a well-made golden backrest board)
208922	suvaṇṇabimbasakavaṇṇa	commentary quotation fragment 'န္တိ သုဝိရစိတအပဿေနသဒိသံ'
208923	suvaṇṇabhaṇḍa	stray comma
208928	suvaṇṇabhājanābhā	OCR debris '၏၏- -၏-၏'
208932	suvaṇṇabhāvāvijahana	run-on article 'သုဝဏ္ဏဘိင်္ကာ(ဘိင်္ဂါရ (၃) (ဘိင်္ဂါရု)။ ရွေ့ကရား' (golden ewer)
208935	suvaṇṇabhitti	displaced next headword '၅ သုဝဏ္ဏဘူမိ'
208936	suvaṇṇabhūmi	garbled sense (2) 'ရွေခြေရွေဖြင့်ပသောပြေ၊ (၂)'
208938	suvaṇṇabhūmigamanīya	stray quotation mark
208940	suvaṇṇabhūmigāmī	analysis 'သုဝဏ္ဏဘူမိ + ဂမု + ဏီ'; next headword 'သုပဏ္ဏဘေရီ (ထိ)'
208941	suvaṇṇabherī	bracket '['
208943	suvaṇṇamañjusā	commentary quotation 'သုဝဏ္ဏမဉ္စုသာယ ဌပိတ … သုဘကိဏှာ'
208946	suvaṇṇamaṇivicitta	commentary quotation 'သန္နဒ္ဓေါ တိ … ဝိရောစတိ'
208948	suvaṇṇamayakaṇṇika	garbled '((၂) ရွေဖြငပြီးသာဘထွတ်း (တိ) ( ၆'; quotation 'သုဝဏ္ဏမယကဏ္ဏိကာဗဒ္ဓဂေဟဝန္ဒု … အဋ္ဌာသိ'; stray '(ထ)'
208949	suvaṇṇamayakaṇṇikābaddhagehavantu	commentary quotation 'ကူဋာဂါရာ (ဝိမာန။ ဝဝါတိ သုဝဏ္ဏမယကဏ္ဍိကာဗဒ္ဓဂေဟဝန္တော'
208951	suvaṇṇamayakeyūradhara	reference '(-၂၆၀)'
208952	suvaṇṇamayakhuddakamudiṅgasadisa	Pāḷi synonym 'သုဝဏ္ဏာဠိင်္ဂသဒိသော'
208953	suvaṇṇamayadhātukaraṇḍaka	fragment 'သုဝဏ္ဏမယ " ၂'
208954	suvaṇṇamayaniyura	quotation fragment 'သိင်ဋ္ဋနေန'
208958	suvaṇṇamayabhūmigajativīthi	commentary quotation 'သုဝဏ္ဏမဟာဝီထိ န္တိ သုဝဏ္ဏမယဘူမိဇဂတိဝီထိ'
208959	suvaṇṇamayamañca	citation '(ကင်္ခါ၊ ဋီ၊ သစ်။ ၄၂၂)'
208960	suvaṇṇamayamaṇimuttā	stray 'ပုတ္တာ'; Pāḷi synonym 'ကဉ္စနမဏိမုတ္တက နိ'
208962	suvaṇṇamayavaṅkagopānasīvinaddha	stray 'ဝိနဒ္ဓ (တိ) ['; quotation 'သကလစက္ကဝါဠဂဗ္ဘံ သုဝဏ္ဏမယဝင်္ကဂေါပါနသိ-(။'
208963	suvaṇṇamayavimānavāsī	quotation 'သောဏ္ဏ-ပျမှနိလယာ'
208964	suvaṇṇamayasaṁkaccālaṅkāradhara	commentary quotation 'သုဝဏ္ဏသံကစ္စဓရာ တိ သုဝဏ္ဏမယသံကစ္စာလင်္ကာရရာ'
208967	suvaṇṇamayasopānaphalaka	citations 'မိုးထိ၊ သျ' inside the bracket
208971	suvaṇṇamahāvīṇā	quotation 'ဗေလုဝပဏ္ဍုဝီဏ ၈'
208981	suvaṇṇamissa	quotation and citation 'သုဝဏ္ဏစီရက (ကင်္ခါ။ ၁၂၈) န္တိ သုဝဏ္ဏပါဠိ'
208983	suvaṇṇamurajasadisa	citation 'သုတ္တနိ၊ ပြု ၂'
208984	suvaṇṇameṇḍaka	citation 'ဓမ္မ၊ ၉ ၂။ ၂၃၂'; next headword '၅ သုဝဏ္ဏမောရ'
208986	suvaṇṇaya	grammatical note '(သုဝဏ္ဏယော) သုဝဏ္ဏမယော'
208988	suvaṇṇayaṭṭhiphāla	quotation 'သုဝဏ္ဏယဋိဖာလေဟီ'
208990	suvaṇṇayaṭṭhisanthāra	analysis 'သုဝဏ္ဏယဋိ + သန္တာ'
208993	suvaṇṇayūpasaṅkāsa	citation 'ဥဒါန ၆'
208995	suvaṇṇayothika	quotation 'သတ္တလိယောထိကဉ္စာ'
208996	suvaṇṇarajatatārakavicitta	debris '-(။'
208997	suvaṇṇarajatatārakāvicitta	debris '-(။'
208998	suvaṇṇarajatamaṇimaya	placeholder dashes '---'
208999	suvaṇṇarajatamaya	debris 'သုဝဏ္ဏ-၈၀ဝ'; next headword 'သုဝဏ္ဏရဇတမယပါနီယဃဋ' with its quotation 'ရဇတမယာနိ ပါနီယဃဋပါနီယသရဝါနိ'
209001	suvaṇṇarajatamayamañca	citation 'ကင်္ခါ၊ ဋီ။ ၁ဝ၃။ (-ကခါ၊'
209006	suvaṇṇaratana	citation 'ဝိသုဒ္ဓိ၊ ဋီ ၂'
209008	suvaṇṇaratanavicitta	analysis 'သုဝဏ္ဏရတန + ဝိစိတ္တု'
209011	suvaṇṇarasadhārā	quotation 'ယန္တနာဠိကာဟိ သုဝဏ္ဏရသဓာရာ နိသိဉ္စနကာလော ဝိယ'
209012	suvaṇṇarasadhārānisiñcamānakāla	analysis bracket '[ သုဝဏ္ဏ-ရသဓာရာ + နိသိဉ္စမာန + ကာလ'
209013	suvaṇṇarasadhārāparisekapiñjara	analysis bracket '[ သုဝဏ္ဏ-ရိသမာရာ + ပရိသေက န ပိဥရ'; displaced next headword 'သုဝဏ္ဏရသဓာရာပိဉ္စရ'
209016	suvaṇṇarasanisiñcamāna	analysis 'သုဝဏ္ဏရသ နိသိဉ္စမာန ]'
209018	suvaṇṇarasapiñjara	source tags '(သာရတ္ထ။ )', '(ဝိမတိ)'; commentary quotation '(က) တိ ဧတ္ထ ရသ-သဒ္ဒေါ … အတ္ထော'; citation 'သာရတ္ထ၊ ၁ဝ'
209020	suvaṇṇarasavidhāna	Pāḷi synonym 'ဇာတရူပပ္ပတိရူပက'
209021	suvaṇṇarasasiñcana	quotation 'ဆဗ္ဗဏ္ဏရသ္မိယော … ဝိဓာဝန္တိ'
209023	suvaṇṇarasasekapiñjara	citation 'သုတ္တနိ၊ ၂'; next headword 'သုဝဏ္ဏရသသေကသိဉ္စန'
209025	suvaṇṇarājahaṁsa	run-on article 'သုဝဏ္ဏရာဇိံ (ထံ) ရွှေ့အရေး' (golden streak)
209026	suvaṇṇarāji	commentary quotation 'သုဝဏ္ဏရာဇီဟီ တိ သုဝဏ္ဏရာဇီရံသီဟိ'
209034	suvaṇṇarūpaka	analysis 'သုဝဏ္ဏရူပ က]'
209035	suvaṇṇarūpakapaṭibhāga	fragment 'သု။'; next headword '၃ သုဝဏ္ဏရပကသဒိသ'
209036	suvaṇṇarūpakasadisa	run-on headword 'သုဝဏ္ဏရူပပဋိဘာဂ(တိ)' with analysis '[ သုဝဏ္ဏရူပ + ပဋိဘာဂါ'
209040	suvaṇṇalājabharita	quotation 'သုဝဏ္ဏလာဇဘရိတေန … ဩလောကေတွာ'
209045	suvaṇṇavaṭaṁsakasamalaṅkatakesahattha	headword fragment 'ကေ သဟတ္ထ'; Pāḷi synonym 'ကဉ္စနာဝေဠဘူသိတာ'
209046	suvaṇṇavaṭṭalasadisapuppha	run-on article 'သုဝဏ္ဏဝဏ္ဏံ (တိ) (၁) ရွေ့ကဲ့သို့အဆင်းရှိသော၊ ရွှေအဆင်းရှိသော။ (၂) ရွေ့နှင့်တူသော အဆင်းရှိသော' (having the colour of gold) with page reference '၂၄၈-နှာ' and quotation '(၂) သုဝဏ္ဏဝဏ္ဏော'
209048	suvaṇṇavaṇṇa	analysis fragment '+ ဝဏ္ဏ' and ']'; displaced next headword 'သုဝဏ္ဏဝဏ္ဏကန္ဒနိပ္ဖတ္တက'
209050	suvaṇṇavaṇṇakāraṇa	Pāḷi fragment 'သတ္ထာ (ဘဂဝါ)'
209052	suvaṇṇavaṇṇacandana	Pāḷi synonym 'ဟရိစန္ဒနဿာ'
209056	suvaṇṇavaṇṇamiga	fragment '[ ဒ ကာမမှိ'
209058	suvaṇṇavaṇṇavaṇṇa	commentary quotation 'သရီရပရိယာယော … ဝတွာ -=='
209060	suvaṇṇavaṇṇasarīra	end of the previous gloss 'ရောက်-သောဆံပင်ရှိသော၊ သူ'; commentary quotation 'ဟရိတကေသော တိ …'; headword 'ဝဏ္ဏဝဏ္ဏသရီရ (တိ)'; quotation '(၁) -.-။ သော တေန သုဝဏ္ဏဝဏ္ဏသရီရော အဟောသိ'; citation 'အပ၊ ပြု ၂'
209061	suvaṇṇavaṇṇasāmā	Pāḷi synonym 'သာမာ'
209063	suvaṇṇavatthālaṅkāradhārī	grammatical note 'ထီ-၌ --ဓာရိနီ' (feminine -dhāriṇī); quotation 'သမ္ဘုလ္လာ'
209064	suvaṇṇavantu	grammatical note 'ထီ-၌။' (the feminine form)
209066	suvaṇṇavalayagāthāvaṇṇanā	closing word '(နိဋ္ဌိတာ)'
209067	suvaṇṇavālikā	Pāḷi fragment 'ရုစကု-ပကိဏ္ဏ'
209068	suvaṇṇavālukā	quotation 'သုဝဏ္ဏစုဏ္ဏေဟီ'
209069	suvaṇṇavālukāsanthatabhūmibhāga	brackets ']'; page number '၁၆၁'
209070	suvaṇṇavikata	OCR debris '-ံ၍'; displaced next headword 'သုဝဏ္ဏဝိကတိ'
209080	suvaṇṇavisuddhi	quotation fragment 'ဟိတကိရိယာသု ဝိနိယောဂက္ခ- ]'
209081	suvaṇṇavīthi	citation 'ပြု ပြုံ ၅'
209082	suvaṇṇasaṁkiccadharā	next headword '၅ သုဝဏ္ဏသင်္ခ'
209083	suvaṇṇasaṅkha	quotation 'သုဝဏ္ဏသင်ါ ဝိယ'; citation 'ထေရီ၊ ဋ်'
209084	suvaṇṇasaṅkhalikabandhana	analysis 'သုဝဏ္ဏ + သင်္ခလိက ဝနန ]'
209087	suvaṇṇasatti	quotation 'ဓတရဋ္ဌောတိအာဒီသု သုဝဏ္ဏသတ္တိယော စ ဂါဟာပေတွာ'
209088	suvaṇṇasatthaka	placeholder dashes '----'; debris '(-'
209090	suvaṇṇasadisavaṇṇa	quotation 'သုဝဏ္ဏဝဏ္ဏော တိ'
209091	suvaṇṇasadda	commentary quotation 'သောဝဏ္ဏမယ န္တိ ဧတ္ထ ဆဝိသမ္ပတ္တိယံ အာဂတော'
209092	suvaṇṇasama	stray '၂'
209094	suvaṇṇasampanna	citation 'အပ၊ ဠ၊ ၁ ၂၉၁'
209095	suvaṇṇasaraka	debris ']] သု'; next headword 'သုဝဏ္ဏသရကဘတ္တ'
209098	suvaṇṇasalākā	unread bracket '(နေရင်း'; source သျ; quotation fragment '(ခ) သုဝဏ္ဏသလာက'
209099	suvaṇṇasāma	quotation '“သုဝဏ္ဏသာမော”'; next headword fragment '၅ဏ္ဏသာမကာလ (၇) ['
209100	suvaṇṇasāmakāla	quotation 'သုဝဏ္ဏသာမကာလေ- န မံ ကောစိ ဥတ္တသတိ၊ န ပိဟံ ဘာယာမိ ကဿစိ'
209104	suvaṇṇasāmapaṇḍita	quotation 'သုဝဏ္ဏသာမပဏ္ဍိတော ပန ဝိဒ္ဓေါပိ မမ ဝေရီ နာမ နတ္ထိ'
209106	suvaṇṇasāl̤ikā	quotation fragment 'ကောလဋ္ဌိမဓု-သာဠိကာ'
209112	suvaṇṇasūci	Pāḷi compound 'ကောစ္ဆသူစိဝိစိတဂ္ဂသောဘိတ'
209118	suvaṇṇahaṁsayoni	commentary fragment 'န္တိ သုဝဏ္ဏဟံသ-ယောနိ'
209120	suvaṇṇahatthipadasanthara	displaced headword and debris 'ဝ သုဝဏ္ဏဟတ္ထိပဒသန္ထာရ'
209122	suvaṇṇahatthipāda	quotation 'သုဝဏ္ဏဟတ္ထိပါဒါနီ'
209125	suvaṇṇahīrakapacchi	bracket ']'
209130	suvaṇṇādikhacita	quotation 'သော တဿ သန္တိကံ … ကုဉ္ဇရသာလံ ကာရေသိ'
209131	suvaṇṇādipaṭimaṇḍita	citation 'ဇာ၊ ပုံ ၆ ၂၄၂'
209132	suvaṇṇādipattakāraka	next headword '၁ သုဝဏ္ဏာဒိဝဏ္ဏ'
209136	suvaṇṇādisaññī	citation 'သစ်။ ဒ၃ု၂၃'; next headword 'သုဝဏ္ဏာ (တိ) (၁)'
209137	suvaṇṇābha	citation 'တပေ ၁'
209138	suvaṇṇābharaṇa	citation 'ဥ၃'
209139	suvaṇṇābharaṇadhara	garbled fragment 'သုဝ သော'
209140	suvaṇṇāyatana	citation debris 'သ ၄၃။ သုဝ ဣတိဝုတ်၊ ၆'
209141	suvaṇṇālaṅkāra	fragment 'သုဝ'
209142	suvaṇṇālaṅkāradhara	quotation 'သ ကမ္ဗုကာယူရဓရာ'; fragment 'သုဝဋ္ဋ'
209143	suvaṇṇāliṅga	quotation 'သတ္ထာ “ အဝတွာ … မဟာကစ္စာနော'; debris 'သုဝဏ္ဏာ- ူ။ ၁ သုဝဏ္ဏ'
209144	suvaṇṇāliṅgatalasannibha	headword repeated 'ဏ္ဏာလိင်္ဂတလသန္နိဘ (တိ)'; analysis bracket; quotation fragment 'မ္ဗုတလာဘာသာ'
209145	suvaṇṇāliṅgasadisa	analysis bracket '[ သုဝဏ္ဏာလိင်္ဂ န သဒိသံ'; run-on article 'ဝဋ္ဋ (၇) ရွှေခွက်၌ ာခြာလည်သောရေဝဲ' (whirlpool of water turning in a golden bowl) with quotation 'အစ္ဆရိယံ ဘန္တေတိ …'; run-on article 'ှာဝိနာသ (ပု) ျဲ၏ မပျက်စီးခြင်း' (the not perishing of gold)
209148	suvaṇṇāl̤iṅgasadisa	commentary quotation 'ဝဏ္ဏာဠိင်္ဂသဒိသောတိ …'; run-on article 'ဌကပန္တိ (ထံ) [ + ရွှေအုတ်အစဉ်။ ဣဋ္ဌကပန္တီ' (row of golden bricks); run-on article 'ဌကာ(ထီ) ရွေ့အတ်' (golden brick) with quotation 'ဝိပဿိဿ ပန ဘဂဝတော … ကိဏိံသု'
209152	suvaṇṇiṭṭhakāsanthāra	analysis 'သုဝဏ္ဏိဋ္ဌကာ + သန္ထာရါ'
209155	suvattha	running-head debris 'သု', 'သုဝတ္တဝသန' inside the text; fragment '(၁) အလက်'
209156	suvatthavasana	run-on article suvatthi: analysis, Uṇādi and Sanskrit notes, senses 'well-being / free from illness / free from danger', 'the state of …', 'the word suvatthi', page numbers
209157	suvatthi	quotation 'ဧတေန သစ္စေန ယညဒတ္တ ကုမာရဿ သောတ္ထိဘာဝေါ ဟောတု'
209158	suvatthi	page number '၉ဝ'; bracket '['
209159	suvatthika	grammarian's notes 'သု +။ သုဝတ္ထိ + က။ သွသ္တိက-သံ။ သောတ္ထိအ-ပြာ။ သောတ္ထိယ-အဒ္ဓမာဂဓီ' and brackets
209160	suvatthigāthā	bracket ']'; quotation 'သုဝတ္ထိဂါထာသု "တထာဂတောတိ'
209161	suvatthipatthanā	bracket ']'
209163	suvatthivacana	bracket '('
209164	suvada	analysis '[သု. ဝဒ+ အ ဟ'
209165	suvanta	next headword '/ သုဝပဏ္ဍိတ'
209166	suvapaṇḍita	brackets '] ]'
209170	suvammavammika	quotation 'တသ္မိဉ္စ ပန သုဝမ္မဝမ္မိကာ ဝိယ … ပရိဝါရယိံသု'
209171	suvammita	quotation 'ဘိက္ခူပိ ခေါ -သုဝမ္မိတာ ဝိယ … ဓမ္မာ သုဏန္တိ'; stray 'ကြည့်'; citations 'ပြု] ပြု ၇။ ခ၃ု၈၅'
209173	suvaya	analysis 'ဝယ + ဏ။ သုဝယသ်-သံ'; quotation '(၁) သုဇယာ'; debris '(၇) ( ၁'
209175	suvarāja	debris '၃၀ ရာဇာ ]'; quotation 'တတြေကော သုဝရာဇာ … ခါဒိတွာ'
209176	suvalāhaka	quotation fragment '“ ထေရ'
209177	suvavatthāpita	analysis 'အဝ + ထား + ဏာပေ + တ။ ဝိ + အဝ + … ထပ + တ။ နို'; displaced headword '၂) သုဝဝတ္ထိတ'
209178	suvavatthita	analysis fragment 'ထာ + တ န'; run-on article 'ဝသယ်ံ (ပု) [ သုဝ + သယ် ] သုဝဂဏ-ကြည့်' (see suvagaṇa)
209180	suvasata	bracket '['
209181	suvasana	grammarian's notes 'ဝတ္ထ-အလယ်ပုဒ်ကျေ။ သုဝသန-သံ။ ဟ'; commentary quotation 'သုဝသနောတိ …'; run-on article 'သိတ (န) [ သု + + တ ] ကောင်းသောနေခြင်း။ သုဝါသိတ' (good dwelling)
209185	suvākya	grammarian's notes 'သု+။ သုဝါကျ သုဝါစ္စ-သံ။ ]'
209186	suvādita	quotation '(၁) အဘိရဝန္တိ'
209188	suvāna	grammarian's notes 'ဥန-ကို ဥဝါန-ပြု … ကစ္စည်း။ ဓာန်၊ ဂ္ဂါန-သံ'; debris '၉၆ သုဝါနဒေါဏိ (၂)'
209195	suvāmi-suvāmī	grammarian's notes 'အ-ကို အာ၊ နိဂ္ဂဟိတ်ကို မ၊ အာ-ကို ဥဝ-ပြု။ ၃၇-နှာ။ ထီ-၌ သုဝါမိနိ။ သွံးဓနံ (သွ + အာမိ …) ကပ္ပဒ္ဒုမ။ သွာမိန်-သံ'
209196	suvāladhi	quotation 'အထ သော သုဝါလမိံ … ပေသေသိ'
209198	suvāsita	grammarian's note '+တ။ သုဝါသိတ-သံ'; citation 'ဇာ၊ ပြု ၂'
209199	suvāsita	grammarian's note: meant as suvasita, the a lengthened to ā for the metre of the verse, giving suvāsita ('သုဝသိတ-ဟုဆိုလိုလျက် ဂါထာအရာ ဆန်း … အကို အာ-ပြု၍ သုဝါသိတ-ဟုဖြစ်သည်'), with debris '၇ သုဝါဟန ဂိုဏ်းအကျိုးငှာ'
209200	suvāhana	grammarian's note 'သုဝါဟန-သံ'
209201	suvikappita	analysis 'ဝိ + ကပ္ပ + တ။ သု + ဝိကလ္လိတ-သံ'; commentary fragment '(၁) တိ နိယကဇ္ဈတ္တသင်ါ-တော'; debris '၃ု၃ာ။ ----'
209202	suvikasita	quotation fragment 'အသလ္လီနေနာ'
209203	suvikasitacittasantāna	quotation 'ဧတ္တာဝတာ မဟာပုရိသော … မဂ္ဂဉာဏာနိ'
209205	suvikkhambhana	quotation fragment 'ရူပတဏှာသင်ါ-တဿ'
209210	suvikkhālita	placeholder dashes '---'; citations 'ဝိ၊ (၂)။ စရိယာ၊ ဠ်'
209211	suvikkhālitakilesamala	quotation 'တထာ ဣတော မဂ္ဂဇလေန … နှာတကော စမှိ'
209212	suvikkhālitamala	stray quotation mark
209213	suviggaha	analysis 'သု + + အ]'
209214	suvicakkhaṇa	quotation fragment 'သုဝိစက္ခဏတဏ္ဍုလနာဠိ-ကဿာ'
209216	suvicārita	stray 'သ'
209218	suvicitta	stray 'န'; next headword 'မီ သုဝိစိတ္တရူပ'
209221	suvijāna	grammarian's notes 'သု + ဝိ + ဉာ + နာ + မာန။ နာ-ကိုချေ … သုဝိဠာန-သံ။ ]'
209222	suvijānana	analysis '+ ဝိ+ ဉာ+ ယု။ ကစ္စည်း'
209223	suvijāneyya	run-on article 'ီီဇိတ (တိ) [ သု + ဝိ+ ဇီ+ တ။ န ကောင်းစွာ-အောင်-နိုင်-အပ်ပြီးသော' (well won / conquered) with quotation 'နနု သုဝိဇိတဝိဇယော …'
209227	suviññāpana	grammarian's note 'ထီ-၌ သုဝိညာပနာ, သုဝိညာပနီ'; bracket '['; references '(၁၅၈၊ ၂၆၀)'
209228	suviññāpaya	quotation 'အဒ္ဒသာ ခေါ သုဝိညာပယေ ဒုဝိညာပယေ'
209229	suviññāpita	quotation 'ဧဝံ သုဝိဘာဝိတံ, သုဝိညာပိတဉ္စ ဟောတိ'
209234	suviññeyyantara	quotation '“ဧကရတနပ္ပမာဏာ”'
209238	suvitthata	source tag ဓာန်; analysis 'သု + ဝိ + တရ + တ'
209239	suvitthārita	analysis fragment 'သုခိတ္ထာရ ဣတံ'; closing ']'
209241	suvidita	stray 'သ'; form '(၂) သုဝိဒိတာ'
209242	suviditaṭṭha	quotation fragment '…စာ တိ ဧတ္ထ ပုထုဇ္ဇနသေက္ခာနံ ဟောတိ'; citation 'ပဋိသံ'; fragment 'သုဝ'
209244	suvidugga	tail of the previous article 'သော အပြစ်ရှိသော' (belongs to id 209243); quotation 'အယံ ဟိ ဘာနာပါနဿတိကထာ ဒိဋ္ဌိကထာယ သုကရာ ဟောတိ'; citation 'ပဋိသံ'; headword and label 'ုဝိဒုဂ (တိ)'; analysis 'သု + ဝိ + ၃'; '--'
209245	suvidūra	fragment 'ဦရ'; references '(၂) သုဝိဒုရသုတ်', '(၂) သုဝိဒုရဝိသာခဝိပလ္လာသာ'
209247	suvidūrapaṭipakkha	quotation 'စိရကာလသမ္ဘူတေန သုဝိဒူရပ္ပဋိပက္ခေန …'; number '၂၂-'
209249	suvideha	quotation 'ဘူတပုဗ္ဗံ ပတာရေသိ ဥတ္တရံ တီရံ သုဝိဒေဟာနံ'
209255	suvinicchita	intrusive '၂ သုဝိနိစ္ဆိတရုပ' (the following headword)
209256	suvinicchitarūpa	stray 'ဤ'
209257	suvinicchinati	quotation 'တသ္မာ သော သုဝိနိစ္ဆိနိတွာ'
209258	suvinicchinitvā	analysis fragment '+ တွာ ]'
209259	suvinīta	'(၂) --' (forms or examples)
209261	suvinītarūpa	stray ']'
209262	suvinītassājānīyasamūha	stray '['
209264	suvipula	quotation 'တထာဂတော သုဝိပုလေန သုဝိသုဒ္ဓေန စ ထုတိဃောသေန'; second '(၂)'
209265	suvipulamudukaṇṇa	quotation 'သုဝိပုလမုဒုကဏ္ဏံ မာရဏတ္တာယ ပေသေသိ'
209266	suvipphāra	intrusive 'သုဝိပ္ဖါရဒိဋိ' (the following headword)
209267	suvipphāradiṭṭhi	commentary quotation 'ဝိတ္ထတဋ္ဌေနာ ပဝတ္တနဋ္ဌာနတာသင်ါ-တေန ဝိတ္ထာရဌေန'
209268	suvipphulita	analysis '(ဖုလ) + တ'; grammarian's note 'ရကို လ-ပြု' (r made l); number '၂၅၂'
209269	suvipphulitakhadiraṅgārapuñjasadisanaya	quotation 'တတ္ထ ပေါက္ခရဏိယံ ခိပိတွာ အန္တရဓာယတိ'
209270	suvibhajita	debris 'ိုဠ'
209272	suvibhattaantara	commentary quotation 'သုဝိဘတ္တန္တရာနံ တိ သုဝိဘတ္တအန္တရာနိ …'
209273	suvibhattantara	'--'
209275	suvibhattapada	stray '['
209276	suvibhattabhittitthambhasopāna	stray ']'
209278	suvibhattabhittivicitravedikāparikkhitta	quotation 'ဧတ္တာဝတာ စ ယံ သုဝိဘတ္တဘိတ္တိဝိစိတြဝေဒိကာပရိက္ခိတ္တဿ'
209280	suvibhattavīthicaccaracatukkasiṅghāṭaka	quotation 'တံ ယထာ အတ္ထိ သုဝိဘတ္တဝီထိစစ္စရစတုက္ကသိင်ာဋကံ'
209281	suvibhāvana	quotation fragment 'သက္ကောတီတိ'
209282	suvibhāvita	quotation 'ဧဝံ သုဝိဘာဝိတံ, သုဝိညာပိတဉ္စ ဟောတီတိ …'
209287	suvimala	Sanskrit form 'သုဝိမလ-သံ'
209288	suvimaladhutaguṇa	source fragment 'ဗုဒ္ဓါ'
209289	suvimutta	analysis '[သ ဝိ+ မုစ + တ'; Sanskrit forms 'သုဝိမုတ္တ-ဉူ, သုဝိမုတ္တစိတ္တ သံ'
209292	suvimuttapañña	quotation 'ကတမေ ဒသ ဣဓ ဘိက္ခဝေ ဘိက္ခု - သုဝိမုတ္တစိတ္တော သုဝိမုတ္တပညော'
209293	suvimuttabhavassādadhammajjhāna	debris 'ဘဇ္ဇာယနဂ'
209294	suvimuttabhavādāna	analysis '[ သုဝိမုတ္တဘဝ န အာဒါန'
209295	suvimhita	Sanskrit form 'သုဝိသ္မိတ-သံ'; stray '၂'
209297	suviracitaapassenasadisa	quotation 'သုဝဏ္ဏဗိမ္ဗိသကဝဏ္ဏ န္တိ သုဝိရစိတအပဿေနသဒိသံ'
209301	suvirūl̤a	Sanskrit form 'သုဝိရူပ-သံ'; intrusive '၅၆ သုဝိလဂ္ဂမဇ္ဇ' (page number and the following headword); debris '==-ါ'
209303	suvilitta	quotation 'ဧဝံ သု တေ သုနှာတာ သုဝိလိတ္တာ ကပ္ပိတကေသမဿု'; example markers '(၁)', '(၂)'
209304	suvilittālaṅkata	quotation fragment 'သုဝိလိတ္တာလင်တဿ'
209306	suvivajjita	analysis 'ဝိ + ဝဇ္ဇ + တ'
209307	suvivajjitaübbega	quotation 'သုဝိဝဇ္ဇိတဥဗ္ဗေဂေါ၊ တုမ ကရဏ္ဍကေ'
209308	suvivaṭa	quotation 'သုကိတ္တိတံ ဂေါတမနူပဓီကန္တိ … သုဝိဝဋံ သုဝိဘတ္တံ သုဥတ္တာ သုပကာသိတံ'
209309	suvivarita	'--'
209311	suvisajjita	analysis fragment 'ဝိသန္ဇိတ- ဝိ တ]'
209312	suvisada	quotation 'သဒေနာတိ သုဋု ဝိသဒေန၊ ပဋုတရေ အတ္ထော'; intrusive '၆၀၇ သုဝိသဒကရဏ' (page number and the following headword)
209313	suvisadakaraṇa	fragments 'ရှိသော' and '-်ခွါအပ်' (stray text); quotation 'သုဝိသကရဏတ္ထံ ပုန ဥဒယဝွယာနု'
209314	suvisama	quotation fragments 'တန္တိ', 'ကတံ', 'သုဋ္ဌု ဝိသမော မဟာပလိဗောဓော', 'တ္တတံ'
209315	suvisārada	stray 'သ'; quotation fragment 'သံဃဿ'; debris 'င်း'
209316	suvisuddha	stray 'ဇိန'
209317	suvisuddhaākāsatala	stray 'ငြ'; commentary quotation 'ဂဂနတလ န္တိ အဗ္ဘမဟိကာဒိဥပက္ကိလေသဝိဂမနေ … သုဝိသုဒ္ဓအာကာသတလံ ဝိယ'
209318	suvisuddhaüpagamāpagama	intrusive 'သုဝိသုဒ္ဓကဉ္စနမဏ္ဍလသန္ဒိကာသ' (the following headword); stray 'သူ'
209323	suvisuddhaguṇākara	number '၃ဝ'
209326	suvisuddhajala	debris '=<=-'; quotation fragment 'သန္ဒန္တိ'; citation 'ဒီ၊ ဋီ၊ ပြု ၁၅၇'
209327	suvisuddhajātimaṇi	stray 'မဏိ'
209330	suvisuddhadibbacakkhuka	stray '၁'
209331	suvisuddhadibbacakkhuñāṇa	'--'
209332	suvisuddhaniccasīla	quotation 'သောဏဒိန္နာ နာမ ဧကာ ဥပါသိကာ သုဝိသုဒ္ဓနိစ္စသီလာ …'; number '၁ဝ၃'
209333	suvisuddhanibbānārammaṇakaraṇa	reference 'အဘိဓာန် (အဝင်) ၃၉ ပ-မ-သ-စ'; intrusive 'သုဝိသုဒ္ဓ။ တနုရုဟ' (the following headword)
209334	suvisuddhanīlaratanāvalisadisakesatanuruha	quotation fragment '(ဠိ)သဒိသကေသတနုရုဟံ'
209335	suvisuddhanīlaratanāval̤isadisakesatanurūha	quotation fragment '(ဠိ)သဒိသကေသတနုရုဟံ'
209336	suviduddhapaññā	'အရိယပညာ-ယာ' with citation 'ဣတိဝုတ်။ ၂၇၀'; 'ဣတိဝုတ်၊ သုဝိသုဒ္ဓပညာ'
209339	suvisuddharūpapariggaha	citation 'ဝိသုဒ္ဓိ၊ ၂ ၂၂၆-၇'
209343	suvisuddhavijjācaraṇa	quotation 'ဘဂဝါ သဗ္ဗာကာရပရိပုဏ္ဏဿ … သုဝိသုဒ္ဓဝိဇ္ဇာစရဏော ဗြာဟ္မဏဿ ဝတ္တာ ပဝတ္တာ'
209344	suvisuddhavijjācaraṇasampanna	quotation 'ဣတိ ဘဂဝါ ပရိပုဏ္ဏဝတသမာဒါနံ - အတ္တနော ဩရသပုတ္တာဒိဘာဝံ ပဝေဒေသိ'
209345	suvisuddhavinicchaya	stray ']'; intrusive '၁၀ သုဝိသုဒ္ဓဝိပုလောဒါရဝိညာဏ' (page number and the following headword)
209346	suvisuddhavipulodāraviññāṇa	stray quotation marks
209348	suvisuddhasamujjala	debris 'ဓ]'
209349	suvisuddhasīla	quotation 'အဟံ နိဗ္ဗာနံ နာဓိဂစ္ဆာမိ'; '၁၂ (န)'
209352	suvisuddhasīlācāra	'----'
209353	suvisuddhasīlādiguṇatādīpana	'----'
209354	suvisuddhasīlādivatasamādāna	intrusive '၁ သုဝိသုဒ္ဓသီလာလင်္ကာရ' (the following headword)
209355	suvisuddhasīlālaṅkāra	citation 'သာရတ္ထ၊ ၂ ၃၂၄'
209357	suvisuddhasugandhakappiyavāri	fragment 'တင်နံ'; number '၁၈၀ဝ'
209358	suvisuddhasetacchattadhāraṇa	stray '['
209359	suvisuddhājīva	'----'; fragment 'စရိယာ ဌ်'
209360	suvisuddhāsaya	'----'
209367	suvissajjita	analysis fragment '(သဇ္ဇ + တ'
209369	savihata	example marker '(၂)'
209371	suvihatakhāṇukaṇḍaka	number '၂၈၀'
209374	suvihitacittārakkha	case endings '-၏-ကို-'; '---'
209375	suvihitasanniṭṭhāna	intrusive '၆၁၃ သုဝိဟိတာရက္ခ' (page number and the following headword)
209378	suviheṭhiya	grammarian's note 'တ-ကို ယ-ပြု' (t made y); quotation fragment 'သုပ္ပဓံသိယာနီ'
209379	suvī	form 'သုဝေါ'; citation 'ဇာ၊ ပြု ၆'
209380	suvīta	form 'သုဝီတ'
209381	suvīra	analysis fragment '[ + အ'; form 'သုဝီရ-သု'; second '(၂)' before the location
209384	suvīrasuttavaṇṇanā	headword repeated '[သုဝီရသုတ္တဝဏ္ဏနာ'
209385	suvuṭṭhi	run-on 'သုုဋိကာ (ထိ) [သုဂဋိ က အာ] သုဝ ကြည့်'
209387	suvuṭṭhikāla	run-on '၄ (တိ) [သု + + တ] ကောင်းစွာ-ဆို-ပြောဆို-ဟော-ပညတ်-အပ်သော' (well said / spoken / taught / prescribed); stray '('
209399	suveṇī	stray 'ပ'; intrusive 'သုဝေဠု' (the following headword)
209400	suvel̤u	quotation 'သုဝေဠုဝနေ'
209403	susaṁyata	example marker '(၂)'
209405	susaṁyama	analysis 'သု + + အါ'; citation 'ကင်္ခါ ဋီ၊ သစ်'
209407	susaṁvigga	analysis 'သု + သံဝိဂ္ဂ သံ + ဝိဇိ + တ]'
209408	susaṁvirul̤a	analysis fragment '+တ'; form 'သုသံဝိရူဠှာ'
209409	susaṁvihita	analysis fragment 'ဓာ + တ'
209410	susaṁvihitakaṇṭakavati	stray '၁'
209411	susaṁvihitakammanta	fragments 'သ ံ၍ သုသံဝိဟိတ။ ဟေတု' (the following headwords)
209418	susaṁvihitarakkhāvaragutti	stray ']'
209420	susaṁvihitasākhāparivāra	fragment 'ဝု၅'
209423	susaṁvuta	Sanskrit form 'သုသံဝုတ-သံ'; the repeated copy of senses (1)–(5) with quotations 'သုသံဝုတ (ဓမ္မ', 'သုသံဝုတော သုဋု ရက္ခိတကာ', 'သုသံဝုတကာလော' and citation 'ကင်္ခါ၊ ဋီ၊ သစ်'
209425	susaṁvutakārī	feminine form note 'ထီ-၌ --ကာရိနီ'; stray quotation mark
209428	susaṁvutasikkhāpadavaṇṇanā	citation 'ကင်္ခါ၊ ဋ၊ သစ်'
209429	susaṁvutindriya	intrusive '၁၈ သုသံဟိတ' (page number and the following headword)
209430	susaṁhita	form 'သုသံဟိတ'
209432	susaṅkhata	Sanskrit form 'သုသံသ္တတ-သံ'; '----'
209433	susaṅṅakhatakiriyāsobha	'---'
209434	susaṅkhatacatupaccaya	quotation fragment 'သုသင်္ခတစတုပစ္စယသင်ါတဿ'; '--'
209436	susaṅkhatapadarapāna	'--'
209437	susaṅkhatasantāna	'---- ----'
209441	susaṅgahitantajana	quotation 'သုသင်္ဂဟိတန္တဇနော တိသု သင်္ဂဟိတအန္တောဇနော'; intrusive '၉ သုသင်္ဂဟိတပရိဇန' (the following headword)
209443	susaṅgahitamāna	quotation fragment 'သုသင်္ဂဟိတမာနဿာ တိ'
209445	susajjana	'----'
209446	susajjita	analysis '[သု. သိတ သဇ္ဇ တ'; form '(၂) သုသဇ္ဇိတော'
209449	susajjitapupphaphalabharitarukkha	case endings '-တို့ကို-တို့ဖြင့်-'
209450	susajjitamaṇḍapa	'----'
209451	susajjatayāna	'---'; quotation 'နိဗ္ဗာနသင်္ခါတံ ခေမံ အမတဋ္ဌာနံ ဂမနေ သုဂတသာရထိနာ'
209452	susañchanna	analysis '[သု. သဉ္ဆန္န- သံ + ဆဒ + ဝါ'
209454	susaññata	tail of id 209453 'သညာ-ရှိသော။ (၂) ကောင်းသောတင်း တင် ပါးရှိသော'; forms '(၁) သုသညာ။ (၂) သုသညာ'; headword and analysis 'သညတ (တိ) [ သု + သညတးသံ + ယမု + တ ]'; form '(၂) သုသည-တာန'; quotation 'အထ ခေါ ကာယာဒီဟိ သုသညတာနံ သီလသမ္ပန္နာနံ ဣသီနံ'; run-on article 'ုသဏ္ဌာန (တိ) [ သု + + ယု] (၁) ကောင်းသော-အခြင်းအရာ-အသွင်အပြင်-သဏ္ဌာန်-ပုံသဏ္ဌာန်-ရှိသော။ (န) (၂) …ရှိသည်၏အဖြစ်' (having a good mode / appearance / form / shape; the state of having it)
209455	susaṇṭhāna	'(န) (၂) သုသဏ္ဌာနာ'; page number '၁၉၀'
209456	susaṇṭhānasampanna	quotation 'သုသဏ္ဌာနသမ္ပန္နံ နိရန္တရံ ထနယုဂံ'; '--'
209457	susaṇṭhita	forms '(၁) သုသဏ္ဌိတ။ (၂) သုသဏ္ဌိတာ'
209458	susaṇṭhitaaṅgapaccaṅgasannivesa	'----'
209459	susaṇṭhitakkhandha	citation 'သုတ္တနိ၊ ဌ'
209460	susaṇṭhitakkhandhamahanta	citation 'အပ၊ ဌ၊ ၁ဝ'
209461	susaṇṭhitaṅgapaccaṅga	stray '['
209462	susaṇṭhitaṅgapaccaṅgasannivesa	analysis 'သုသဏ္ဌိတင်္ဂ-ပစ္စင်္ဂ + သန္နိဝေသ ]'; '--.'
209464	susaṇṭhitathambhakasamudāya	quotation fragment 'သုဇာတဂုမ္ဘာ'
209465	susaṇṭhitapayodhara	quotation 'သုဝဋိတဝီဝါ သုတနုတဟု သုသဏ္ဌိတပယောရော'; '----'; run-on 'စွာတည်သောခါးရှိသော၊ သူ။ သုမဇ္ဈ'
209467	susaṇṭhitamahākhandha	quotation 'သဉ္ဇာတခန္ဓဿာ တိ သုသဏ္ဌိတမဟာခန္ဒဿ'
209468	susaṇṭhitasaṇṭhānasampatti	'--'
209469	susatudhuta	stray '['
209471	susadda	form 'သုသဒ္ဒါ'
209477	susanthata	quotation fragment 'အာဒါသောဝ သ'
209478	susanthatapupphasanthāra	stray '['
209481	susandhi	'(၁)' after the name; source tags '(သီ၊ သျာ)'
209483	susabha	Sanskrit form 'သုသဘေယ-သံ'
209485	susama	example marker '(၂)'
209486	susamacitta	form 'သုသမစိတ္တဿာ'
209488	susamatta	intrusive '၃ သုသမတ္တဓရူပ' (page number and a following headword)
209489	susamattarūpa	'---'; citation 'သုတ္တနိ၊ ဌ၊ ၂ ၁၀၈'
209490	susamatthika	quotation fragment 'ဧဝဉှိ'
209491	susamannāhata	forms 'သမန္ဒာဟတသမန္နာဟတ'; grammarian's note 'ဝ-ကို ပုဗ္ဗရုပ် န-ပြု' (v assimilated to n)
209492	susamanniṭṭha	analysis 'သု + သမန္နိဌ္ဌ'; forms 'သမန္ဓိဌ-သမန္နိဌ'; grammarian's note 'ဝ-ကို ပုဗ္ဗရုပ် န-ပြု'
209493	susamākiṇṇa	citation 'ဇာ၊ ဋ္ဌ၊ ၆ ၂၄၂'
209494	susamāgata	quotation 'ကော ဉာတီ သုသမာဂတေ'; number '၂၉၆'
209496	susamādinnasunnaravata	quotation 'တိ သုဌ သမာဒိန္နသောဘဏဝတာ'; number '၃၄၂'; run-on article 'သုသမာရဉ္ဇာ(တ်)သ သမာရကော စွာ-ကြိုးစား-အားထုတ်-အပ်သော။ (၂) ကောင်းစွာချီးမြှောက်အပ်သော။ (၃) ကောင်းစွာပြည့်စုံသော။ (၄) အလွန်ကောင်းစွာပြီးစေအပ်သော' (well striven for; well favoured; well endowed; exceedingly well completed) with its forms
209497	susamāraddha	form 'သုသမာရုဒ္ဓ (ပ)'; 'နောက် ပုဒ်ကြေ' (see the next headword); run-on 'ကောင်းစွာ-ကြိုးစားအားထုတ်ခြင်း-အနက်-သဘော' with quotation 'စတ္တာရော သုသမာရဒ္ဓါ', citation 'ပဋိသံ', intrusive '၆၂၄ သုသမာရုဒ္ဓဌ' and 'သုသမာရဒ္ဓဌ (၇)] ]'
209498	susamāraddha	stray 'ကြည့်' (a see-reference whose target is lost)
209504	susamāvaya	quotation 'သုသမာဝယာ တိ သုဋ္ဗု သမာဝယာ'
209505	susamāhita	forms '(၁) သုသမာဟိတ။ (၂) သုသမာဟိတော'
209506	susamāhitacitta	'--'; '----'
209507	susamāhitasaṅkappa	stray ']', quotation mark and 'န'
209508	susamāhitindriya	stray 'ဝ'; 'န ၂၅၂'; commentary quotation 'သုသမာဟိတိန္ဒြိယာတိ သုဋု သမာဟိ- … တက္ကန္ဒြိယာ'; citation 'သုတ္တနိ၊ ဘ'
209509	susamiddha	analysis '] သု + သမိဒ္ဓ ['; stray 'ဂေ'
209510	susamiddhakulappaja	stray 'သဒ'; citation 'အပ'; fragments '] သုသမုမ ၂။ ပုဒ်'
209512	susamuggata	tail of id 209511 'တ်-နှလုံး-အလို-ကို-ပြည် စေတတ်သော၊ သူ'; headword and analysis 'ုဂ္ဂတ (တိ) [ သု + သမုဂ္ဂတ ]'; quotation 'ဝံသမုဂ္ဂတာ တိ သုဋု သမုဿိ-ှာ'; citation 'ပဋိသံ'; run-on article 'ဂ္ဂတဌ (၇) [ သု + ] ထက်သို့ ကောင်းစွာ-တက်-ထောင်-မတ်-ာ-အနက်-သဘော' (the meaning of rising well upward); number '၃၀၇)'
209514	susamuggatamānasa	run-on 'ွိန္န (တိ) [ သု + သမုစ္ဆိန္န ] ကောင်းစွာ ကွင်းမရှိသောအားဖြင့် ပယ်ဖြတ်အပ်သော' (well cut off without remainder: rendered at id 209515); fragment 'ှီပိ'; start of the next run-on 'န္နသန္တာန (တိ) ['
209515	susamucchinna	run-on article susamucchinnasantāna 'သန္တာန] ာင်းစွာအကြွင်းမရှိသောအားဖြင့် ပယ်ဖြတ်သောသန္တာန်ရှိသော' (having a santāna well cut off without remainder); run-on article susamuṭṭhāpaya 'ာပယ (တိ) [ သု+ သမုဋ္ဌာပယ ] အောက် ာည့်' (see the following headword)
209518	susamuṭṭhāpiya	analysis 'ဏာပေ + တ'; grammarian's note 'တ-ကို ယ-ပြု' (t made y); stray ']'
209519	susamudānaya	quotation 'ဝုတ္တိ သုသမုဒါနယာ'
209520	susamūhata	quotation 'သုသမူဟတာ တိ သမုဂ္ဃါသိတာ'
209521	susamūhatavikkhepa	'-'
209523	susampaggahita	form 'သုသမ္ပဂ္ဂဟိတာယာ'
209525	susampanna	quotation 'သုဋ္ဌု သမန္နာဂတာ သုသမာကိဏ္ဏာ'
209528	susambandhasira	headword and label 'သုသမ္ဗန္ဒသိရ(တိ)'
209530	susammaṭṭha	form '(၂) သုသမ္မဌာ'
209532	susammaṭṭhaṅgaṇa	'---'
209533	susammaṭṭhacetiyaṅgaṇa	quotation 'ဤဒိသော တိ သုသမ္ပဋ္ဌစေတိယင်္ဂဏာဒိကော'
209534	susammaṭṭhavālikaṅgaṇa	quotation '--ဃရေသု ဧကမန္တေ ဘောဇနသာလာ ဟောန္တိ … သုသမ္မဋ္ဌဝါလိကင်္ဂဏာ'
209536	susammata	intrusive '၇ သုသမ္မာနိတ' (page number and the following headword)
209538	susammuṭṭha	form '(၁) သုသမ္ပုဌာ'
209542	susaritu	analysis 'သု + သရိတု'; grammarian's note 'သတ္ထာဒိ ဂိုဏ်း' (the satthādi group)
209547	susassa	quotation fragment 'သုသဿကာလေပီ'
209549	susaha	intrusive '၈ သုသာဓု' (page number and the following headword)
209550	susādhu	Sanskrit form 'သုသာဓု-သံ'
209551	susāna	grammarians' notes 'ဆဝ-ကို သု၊ သယန-ကို သာန-ပြု', 'ဆကို သု-ပြု'; source tags ဓာန်, ကပ္ပဒ္ဒုမ; Sanskrit, Prakrit and Ardhamāgadhī forms; citation 'ဝိသုဒ္ဓိ၊ ဋီ ၁'
209553	susānakuṭikā	quotation '--ဧကဒိဝသံ သုသာနကုဋိကာယမေဝ ဒီပံ'
209554	susānagopaka	feminine form note 'ထီ-၌ -ဂေါပိကာ'; number 'ဒ၃ု၃၀'
209555	susānagopakakula	fragment 'ကုလ ]'
209557	susānaṭṭhāna	stray '[' and '-'
209558	susānadassana	quotation 'မတသရီရဒဿနေ ဝိယ ကေဝလံ ကမ္မဋ္ဌာနသီသေန ဂန္တု ဝဋ္ဋတီတိ'
209562	susānapāla	headword and label 'သာနပါလ (တိ)'; form 'ဆဝရာဟက'
209567	susānalakkhaṇa	numbers and citations 'ဒု၈၃။ ဘဘိ၊ ပြု ၂'
209570	susānavaḍḍhana	quotation 'ကုဏပပုရမှိ သုသာနဝဍမနေ'
209571	susānavaḍḍhita	quotation fragment 'တိ သုသာနဝဍဒိတံ'
209574	susānasaṅkāraṭṭhāna	'--၂'
209575	susānasaññā	intrusive '၀ သုသာနသန္တိက' (the following headword)
209577	susānasamīpa	form 'သုသာန သမီပ'
209579	susānasāmanta	quotation '--သုသာနသာမန္တေ ဥဒကဖာသုကဋ္ဌာနေ ဂေါဏေ မောစေတွာ ဘတ္တဝိဿဂ္ဂမကာသိ'
209580	susānasuddhika	'---'
209581	susānabhimukha	stray ']'; quotation '--သုသာနာဘိမုခေန သိင်္ဂါလေန ဝိယ …'
209584	susārathi	analysis 'သု + သာရထိ'; Sanskrit form 'သုသာရထိ-သံ'; '-'
209585	susārada	analysis 'သု + သာရာ'; Sanskrit form 'သုဂါရဒ-သံ'
209586	susāradatthara	'---'
209587	susāradattheragāthā	intrusive '၁ သုသာရဒတ္ထေရဂါထာဝဏ္ဏနာ' (the following headword)
209588	susāradattheragāthāvaṇṇanā	stray '[ ['
209589	susālā	quotation 'ကူဋာဂါရေ သုသာလာယံ'
209590	susi	source tags ကပ္ပဒျုမ, မောဂ်; Sanskrit form 'သုဝိ-သံ'
209591	susikkhāpita	stray ')'
209592	susikkhita	Sanskrit form 'သုဂိက္ခိတ-သံ'
209593	susikkhitaassa	stray '['; fragments 'ဒက္ခိ- သ ဏဿာ'
209594	susikkhitakiriya	stray '['; form 'အကာရိတ'
209595	susikkhitakoleyyakasunakhagaṇaparivuta	'---- ----'; stray 'ူ'
209596	susikkhitapabbajita	'----' and quotation mark
209597	susikkhitavejja	'--- --=-'; citation 'စရိယာ၊ ဠ်'
209599	susikkhitasippācariyaracitasuvaṇṇapaṭimā	headword and label 'ိက္ခိတသိပ္ပါစရိယရစိတသုဝဏ္ဏပဋိမာ (ထီ)'; '---- ----'
209600	susikkhitasippācariyavicārita	quotation 'သုသိက္ခိတသိပ္ပါစရိယဝိစာရိတေသု မဏိရတနာနိ ဗဒ္ဓန္တော ဝိယ'
209601	susikkhitasippācariyaviracita	stray '[' and '-'
209602	susakkhitahatthisippa	'---'
209603	susikha	source tag ကပ္ပဒ္ဒုမ; Sanskrit form 'သုရိခ-သံ'
209604	susiṭṭha	form 'သုသိဋေနာ'
209606	susinna	analysis 'သီဒ + တ'; Sanskrit form 'သုသ္မိန္န-သံ'
209607	susibbita	'----'
209609	susimasuttanta	quotation fragment 'သုသိမသုတ္တန္တေ'
209610	susimasuttavaṇṇanā	form 'သုသိမသုတ္တဝဏ္ဏနာ'; run-on article '(ပု၊ န) သုသ + ဣရ … ] အခေါင်း၊ အပေါက်' (hollow; hole) with grammarian's note, source tag ကပ္ပဒ္ဒုမ and Sanskrit, Prakrit and Ardhamāgadhī forms
209611	susira	stray '(-'
209612	susira	stray '်'; form '(၁) ဦ'
209613	susirakaṭṭha	'----'
209615	susiragata	quotation '---သုသိရဂတံ ပုဗ္ဗရုဟိရသမ္ပုဏ္ဏံ ဝဏံ'
209617	susiraṭṭhāna	stray '['
209620	susirabhāvappakāsana	stray '[ ['; form 'သုသိရဘာဝပ္ပကာသနတော'
209621	susirarukkha	intrusive 'င သုသိလိဋ္ဌ' (the following headword)
209624	susītala	analysis fragment '+ အ'; source tag ဓာန်; Sanskrit form 'သုဂီတလ-သံ'; form 'သုနိဗ္ဗုတ'
209626	susīma	source 'ဝီလျံ' (Williams); Sanskrit, Prakrit and Ardhamāgadhī forms; the repeated list with quotation 'အထ ခေါ သုသီမော ဒေဝပုတ္တော အာယသ္မတော သာရိပုတ္တဿ ဝဏ္ဏေ ဘညမာနေ', '---- “', stray 'သ', '့', 'သူ'; fragment 'သုသီမုတ္တမ ဝိဇ္ဇဇလာဗုဇကော'
209627	susīmakumāra	headword 'သီမကုမာရ (၇)'
209628	susīmajātaka	run-on 'သီမဇာတကဝဏ္ဏနာ (ထီ) သုသီမဇာတ်ကို-ဖွင့်ဆိုရာ-ဖွင့်ဆိုကြောင်း-ဖြစ်သော-စကား-အဋ္ဌကထာ' (the words / commentary explaining the Susīma jātaka)
209630	susīmapaccekabuddhā	quotation fragment 'သကလဗာရာဏသိယံ “ သိ'
209633	susīra	analysis 'သုသံ +ဣရ + အ'; quotation 'သုသံ ဣရတိ ဂစ္ဆတီတိ သုသီရော'; citations 'ပါစီတ်', 'ပါစိတ်'
209635	susīla	Sanskrit, Prakrit and Ardhamāgadhī forms; stray '['
209640	susīlyaṅga	intrusive '၆ သုသု (၁၀၁)' (page number and the following headword)
209641	susu	source tags ဓာန်, ကစ္စည်း, အက်ပတေး (Apte); grammarian's note 'တရုဏ-သဒ္ဒါကို သုသု-ပြု'; Sanskrit and Prakrit forms; stray '(၇)'; variant spelling '(လပိုင်)'; forms '(၁) သုသူ။ သုသူ။ သုသု။ (၃) သုသူ'
209642	susu	quotations 'သုသုကာဠကေသော', 'သုသုဝိတဂ္ဂေါ'; run-on 'သုသု” (တိ) သုသု + ဏ။ နုမျုခြင်းရှိသော၊ သူ၊ နုပျိုသော' (having youth; young)
209644	susuka	source tag ကပ္ပဒ္ဒုမ; Sanskrit form 'ဂိဂုက-သံ'; stray '(၇)' and '(ပ)'; citations 'ဓာန်၊ ဋီ။ ၆၇၂', 'ဓာန်၊ ခုံ ၂၁'; quotation 'ပေါတော, သာဝေါ, သာဝကော, … ဆာပသာမညတ္ထာနိ'; repeated '(၃)။ ငါးပုတျက်။ ဓာန်'; variant spelling 'လပိုင်'
209645	susukādicaṇḍamaccha	variant spelling 'လပိုင်'
209646	susukābhaya	variant spelling 'လပိုင်'
209647	susukāra	intrusive '၇ သုသုကာဝသ ၁၉၃' (the following headword and a page number)
209648	susukāvasa	variant spelling 'လပိုင်'; quotation 'ဘနုဇာနာမိ ဘိက္ခဝေ ဝသာနိ ဘေသဇ္ဇာနိ …'
209649	susukāl̤akesa	'-'; quotation 'သုသုကာဠကေသော တိ သုဋ္ဗု ကာဠကေသော'
209650	susukka	'---'; run-on 'သုသုက္ကခန္ဒ (တိ) အလွန်ဖြူစင်သော-ကိုယ်-ခန္ဓာ-ရှိသော'
209651	susukkakhandha	quotation fragment 'န္တ သုဌ သေတခန္ဒံ'; run-on 'သုသုက္ကတမ္ဗု (တိ) ဘလွန်-စင်ကြယ်-သန့်ရှင်-သော-ရေစက်-ရေပေါက်-ရှိသော' (having exceedingly pure / clean drops / drips of water)
209653	susukkadāṭhasambhava	'-ဦ'
209654	susukkadāṭhālakkhaṇa	quotation '-သမဒန္တလက္ခဏဉ္စ သုသုက္ကဒါဌာလက္ခဏဉ္စ နိဗ္ဗတ္တတိ'; run-on 'သုသုတ္တသုတ္တ (တိ) အလွန့် အလွန်-ဖြူစင်-သန့်ရှင်းသော' (extremely white / clean)
209656	susukha	Sanskrit form 'သုသုခ-သံ'
209659	susukhumasunipuṇa	intrusive '၈ သုသုခုမသုနိပုဏဝိရိပ္ဖ္ပဘဝဟရိတုပယန္တိ' (page number and the following headword)
209662	susuddha	analysis 'သုဓ + တ'
209667	susunāga	example markers '(၁)', '(၂)', '(၃)'; form 'သုသုနာဂါ'
209671	susunāmaka	variant spelling 'လပိုင်'; forms 'သုသူ', 'ထီ-၌ သုသုံ (ဂိရုန်)'; source tags ကပ္ပဒ္ဒုမ, ဝီလျံ (Williams); encoding debris '[၀ါန]=ါာဝ။ ဝ]ဧဇ.'; repeated 'လပိုင်'; Sanskrit form 'ဂိဂုမာရ-သံ'; grammarian's note 'နိဂ္ဂဟိတ်ပြောင်း'
209674	susumāra	analysis fragment '+ ဏ]'
209676	susumāragira	'----'; quotation 'သုသုမာရဂိရေ တိ ဧဝံ နာမကေ နဂရေ၊ -- သုသုမာရော သဒ္ဒမကာသိ၊ ဂိရံ နိစ္ဆာရေသိ'
209677	susumāragirakaraṇa	'--- ----'
209679	susumāragiranagara	quotation fragment 'သုသုမာရဂိရေ ('
209686	susumāranadī	stray 'ဦ' and 'ု)'
209687	susumāranisevita	quotation '[သုသုမာရနိသေဝိတါ'
209689	susumārapeta	citation 'အံ၊ ဌ၊ ၂ ၁၀၈'
209690	susumārabhaya	quotation 'သုသုမာရဘယံ ဥဗ္ဗေဂေါ ဥတြာသော'
209692	susumārādiggāharahita	form 'နိဂ္ဂါဟ'
209694	susuyanta	reference 'အဘိဓာန် အဝင် ေ ပ-မ-သ-စ ၁'; quotation 'သုသုယျတိ ဒုက္ခေန အမှေဟိ ဂဟိတော'
209696	susuvaḍḍhitagga	form 'သုသုဝဒိတဂ္ဂေါ'
209697	sususati	quotation fragment 'ဘဗ္ဘာသ-ဝိသယေ “"ဣစ္စာဒီနိ'
209701	susevita	analysis 'သေဝု + တ'
209703	susodhita	stray scan numerals '၁' (inside သုတ်သင်) and '၂'
209706	sussati	analysis 'န+ တိ'; grammarian's notes (Sanskrit and Prakrit forms)
209709	sussanti	feminine form 'ထီ-၌ သုဿန္တိ'; stray 'ဦ'
209711	sussamānatālapaṇṇasadda	stray '-။'
209712	sussara	analysis and grammarian's notes (Sanskrit and Prakrit forms); repeated label (တိ); stray '(၇)'; quotation 'သုဿရံ သုမဓုရံ'
209713	sussavana	analysis 'သု + ယု'; Sanskrit form
209714	sussavanīya	damaged analysis bracket '(တိသု သဝနိယ သု။ ဘနီယါ'
209715	sussāma	stray 'မျါ'
209716	sussāmi	damaged analysis bracket '(ကြို သုသ + ယ + မိ ]'
209717	sussiṁsu	analysis bracket '[သုသ ယ ဥ၊ -ကို ဣသု ပြု'
209721	sussuta	quotations under (1) 'သုဿုတာ တိ … သုတာ' and (2) 'ဘိညာတော ပထိတော သုတော'
209723	sussusati	analysis bracket with grammarian's note 'အဗ္ဘာသ-ဝိသယေ …'; quotation 'ကထံ ဗုဒ္ဓါနံ … န သုဿုသန္တိ'
209724	sussusā	inflected form '-- သုဿုသာယာ'
209725	sussusājanana	quotation 'ယသ္မာ ဘိက္ခဝေါတိ … ဟောတိ'
209727	sussūkāra	run-on article sussūsa '(တိ) [ သု+ သ + အ …] (၁) … သုဿူသာ။ ဓာန်'
209728	sussūsa	form 'သုဿုသံ (တိ)' and analysis bracket with feminine form; quotation fragment 'သုဿူသမနုသူယကံ၊ ---'
209730	sussūsaka	quotation fragment 'န သုဿုသကပရိနတာ' with its gloss 'နားထောင်လိုသူ' (one who wishes to listen)
209731	sussūsakaparijanatā	dashes
209732	sussūsati	grammarian's notes (Sanskrit and Prakrit forms); forms '(၂) သုဿူသီ။ သုဿူသတီ'
209734	sussūsatisuttādivaṇṇanā	headword repeated 'သုဿူသတိသုတ္တာဒိဝဏ္ဏနာ'
209735	sussūsana	Sanskrit form
209738	sussūsanti	quotation 'န သုဿူသန္တီ'
209739	sussūsapaññānāma	quotation '----သုဿူသံ လဘတေ ပညန္တိ … ဓမ္မော'
209740	sussūsamāna	analysis fragment 'သုသ သမာန'; form 'သုဿုသာ'
209741	sussūsā	analysis bracket with grammarian's notes (Sanskrit and Prakrit forms) and stray 'သုဿိုသာဇနန'
209742	sussūsājanana	quotation '---သာမတ္ထိယတော … ဟောတိ'
209743	sussūsahetu	quotation fragment 'သုဿူသာဟေတုတာယ'
209744	sussūsiṁsu	analysis bracket '(ကြို သု. သ + ဥ]'; form 'သုဿုသိံသူ'
209745	sussūsikā	grammarian's note 'ကျုကို အက၊ အကို ဣ-ပြု။ မောဂ်'; quotation 'ဘတ္တရန္ဇိကာ သုဿုသိကာ'
209748	sussūsissati	stray quotation marks
209749	sussūsissanti	analysis fragment '၃ သ + ဿန္တိ ]'
209752	sussūseyya	analysis bracket with Sanskrit form '(ကြို။ သုဿတိ-မှ။ ဂုမျတေ-သံ။ ]'
209754	susseyya	analysis bracket 'ကြု သုသ ယ ယျေ]'; run-on article susseyyuṁ '(ကြို [ သုသ + ယ + ဧယျုံ] ခြောက်-ခြောက်သွေ့-ခန်းခြောက်-ကုန်ရာ၏' (they would dry up)
209756	sussoṇi	forms and quotation under (1) 'သုဿောဏီ' and (2) 'သုဿောဏီ တိ သုန္ဒရဦရု-လက္ခဏေ'
209758	sussoseti	analysis bracket '(ကာ၊ ကြို သု. သုသ + ဏေ + တိ ]'
209759	sussosetvā	quotation fragment 'ပရိယာဒိယန္တီ'
209760	suhajja	forms, analysis and grammarian's notes (Sanskrit and Prakrit forms); quotation fragment 'သုဟဇ္ဇာ “။ စာ'
209762	suhajjañātimaṇḍala	inflected form 'သုဟဇ္ဇဉာတိမဏ္ဍလတော'
209763	suhaṭa	citation 'ဝိ၊ ဝိ၊ သင်္ဂဟ'
209765	suhata	form 'သုဟတာ (တိ) [။ ဘာဝလောပါ'; stray '၇ သုဟတတရ' inside the gloss
209766	suhatatara	quotations 'သော သုဟတတရာ … ဟညမာနာ' and 'သုဟတတရာ … ဟတာ'
209767	suhada	inflected form 'သုဟဒေဟီ'
209769	suhadamitta	form 'သုဟာ-မိတ္တော'
209770	suhadamittavaṇṇanā	headword repeated 'သုဟဒမိတ္တဝဏ္ဏနာ'
209771	suhadamittādivaṇṇanā	headword repeated 'သုဟဒမိတ္တာဒိဝဏ္ဏနာ'
209773	suhadayajana	truncated form 'သုဟာဇ္ဇန-'
209776	suhanu-suhanū	Sanskrit form; citation 'ဇာ၊ ၁ဝ'
209777	suhanujātaka	stray title 'သုဟနုဇာတကဝဏ္ဏနာ' inside the sentence
209779	suhanna	inflected form 'သုဟန္နေနာ'
209780	suhita	grammarian's notes 'ဓ-ကို ဟ-ပြု' and Sanskrit and Prakrit forms; page number '၃၀၆-နှာ'; quotations under (1) 'အာဟိတော' and (2) 'သုဟိတော … ဟောတိ'
209782	suhitayāvadatthatāgahaṇa	dashes
209783	suhitākāra	quotation 'သုဟိတာကာရံ … ပဌမံ ဂါထမာဟ'
209784	suhuju	grammarian's notes 'ဟ-လာ။ ရူး ၃၇' and Sanskrit and Prakrit forms; quotation 'သုဌု ဥဇ္ဇတိ သုဟုဇု'; run-on article suhuṭṭhita '(န)။ ဟ-လာ။ ကောင်းစွာ-ထ-ခိုးခြင်း' (the rising well)
209785	suhuṭṭhita	quotations 'သုန္ဒရံ ဥဠိတံ အဟော သိ' and 'သယနတော … သုဋ္ဌု ဥဋ္ဌိတံ'
209786	suhuta	quotations 'အဒ္ဓါ မမ … ဘဝိဿတိ' and 'ဘဒ္ဒါ မမ … ဘဝိဿတိ'; stray '၉၆'
209787	suhemanta	citation 'ထေရ (၂)'; quotation 'မလိတဝမ္ဘော သုဟေမန္တော'
209789	suhemantattheragāthā	headword repeated 'သုဟေမန္တတ္ထေရဂါထာ'
209791	suhemā	garbled text 'သုဟေမာရွေ ဟင်ာမ'
209793	sū	analysis note 'အနုကရဏသဒ္ဒါ]' (onomatopoeic word); form '"သူသူ"'
209796	sūkara	quoted form; source tag 'ကပ္ပဒ္ဒုမ'; Sanskrit and Prakrit forms; feminine form 'ထီ-၌ သူကရီ ဝက်မ' (sow); run-on 'သူကရ၊ (တိ) ['
209797	sūkara	analysis bracket '+ ဏ။ သူကရသမ္ဗန္ဓံ။ ကပ္ပဒ္ဒုမ။ သော်ကရ-သံ။ ]'
209798	sūkaraka	quotation 'ဝရဗလ္လိကာဒွရသူကရကော'
209799	sūkarakhata	source abbreviation 'ပါစိတ်' (Pācittiya)
209801	sūkarakhataleṇadvāra	stray '['
209802	sūkarakhataleṇapabbhāra	quotation 'ဓမ္မသေနာပတိ … ပတ္တော'; citation 'ဒီ'; run-on article sūkarayūtha 'သုကရယဋ ဝက်အပေါင်း၊ ဝက်အုပ်' (a herd of pigs)
209807	sūkarajātakavaṇṇanā	stray '၁ သူကရဒါဌာ' (the next headword) inside the chain
209810	sūkaranta	citation 'ခုဒ္ဒသိက္ခာ၊ ဋီ၊ သစ်'
209813	sūkarapillaka	stray mark '‘'
209818	sūkarabhatta	debris '(ဝ၃ု၁၅'; run-on article sūkaramaṁsa '(န) ဝက်သား' (pork); stray '၂ သူုကရမံသသဒိသ' (the next headword)
209819	sūkaramaṁsa	quotation 'န္တိ မဓုရသေဟိ … ဧကသံဝစ္ဆရိကသူကရပံသံ'
209821	sūkaramaddava	form 'သူကရမဒ္ဒဝ'
209831	sūkaravatthudvaya	quotation 'သူကရဝတ္ထု ကာရုညေန မောစိတတ္တာ အနာပတ္တိ'
209832	sūkaravasa	stray '['
209833	sūkaravāgurarajjusaṇḍāna	quotation 'တတော သုခုမ … သုကရဝါဂုရရဇ္ဇသဏ္ဌာနာ' with stray '၃ သူုကရသံဃ' (the next headword)
209835	sūkarasaṅghapatta	inflected form 'သူကရသယ်ပတ္တော'
209836	sūkarasaññā	stray '.'; quotation 'ဘတ္တပစနဥက္ခလိံ … ပလာယိ'
209837	sūkarasata	form 'သူကရသတ်'
209842	sūkarika	form under (1) 'သူကရိကာ'
209844	sūkasibbi	analysis bracket with Pāḷi explanations and Sanskrit form; list of Pāḷi synonyms 'ဂုတ္တာ, ဇဍာ, … သူကရသိမ္ဗိပိ'; source tag 'ဓာန်'
209845	sūkasutta	stray '၄ သူကသုတ္တဝဏ္ဏနာ' (the next headword); location references 'သံယုတ္တနိကာယ၊ ၁-သံယုတ်၊ ၁-ဝဂ်၊ ဥ-သုတ်။ ၁-သံယုတ်၊ ၆-ဝဂ်၊ ၆-သုတ်'
209847	sūkī	run-on article sūcaka 'သုစကာ (တိ) ['
209848	sūcaka	rest of the analysis bracket with feminine form; second article's form, analysis bracket, synonym 'ပိသုနော', source tag 'ကပ္ပဒ္ဒုမ', 'ပေသုည (ညု)' and Sanskrit and Prakrit forms
209849	sūcaka	run-on article sūcati 'သုစတိ (ကြို [ ဖောက်ထွင်း၏'
209851	sūcana	Sanskrit and Prakrit forms; run-on article sūcayati 'သုဝယတိ (ကြို သူစေတိ-ကြည့်' (see sūceti) with quotation 'သူစယတီ တိ … ပကာသေတိ'
209853	sūcayanti	'(ကြို ကြည့်'
209854	sūcasadda	quotation 'သူစ-သဒ္ဒဿ စေတ္ထ ရဿော'; run-on article sūci with its analysis bracket and senses (1)–(11), repeated in the next line
209855	sūci	quotation 'သုစီ တိ အဋ္ဌိမယာဒိ' with stray '၅ သုစိက သုစိယရံ'; quotation under (9) 'ဧက-သညီ … ပုပ္ဖိယော'; citation 'ဇာ၊ ၁ဝ'; quotation under (11) 'သူစိယဋိတာဥစ္ဆိဒ္ဒံ … ဝိသာဏကံ'
209856	sūcika	source tag 'ကပ္ပဒ္ဒုမ'; Sanskrit and Prakrit forms; stray 'သူ' inside the chain; source tag 'ဓာန်'; quotation 'သူစိဝါနသိပ္ပယောဂေါ သောစိ-ကော'
209857	sūcikaṭṭa	stray 'သူ'; form 'သူစိကဋာ'
209858	sūcikaṇṭha	form '"သုစိ-ကဏ္ဍာ"'; stray '၁'
209861	sūcikammakaraṇaṭṭhāna	quotation 'သူစိကမ္မကရဏဋ္ဌာနေ … အဒါသိ'
209862	sūcikammaniṭṭhāna	analysis 'သူစိကမ္ပ + နိဌာန'; stray '၁ဝ၈ ၂' and 'သုစိကမ္မပရိယောသာန' (the next headword)
209863	sūcikammapariyosāna	citation '(ကင်္ခါ။ ၁၅၂)'
209864	sūcikammavikāra	citation 'ဝိ၊ ဋ္ဌ ၁'
209866	sūcikā	stray 'ဝ၃၃၃'
209869	sūcigaṇana	garbled 'see' reference 'သုရ (၇) သုခိယဋိကာ-ကြည့်'
209872	sūcighaṭikā	stray '['; quotation 'အယယသ္မာ … ဒတွာ'; run-on article sūcighara '(န) အပ်ကျည်။ အပ်ပူး' (needle-case) with citations 'ကာယ-အဘိဓာန် (အ-ဝဂ်) ၄၂ ပ-မ-သ-စ ၃)။ ဝိ၊ ၅'
209875	sūcigharasikkhāpada	headword repeated 'သူစိယရသိက္ခာပုဒ်'
209876	sūcicchidda	stray '['; run-on article sūcicchiddasadisamukhadvāra '(တိ) [ … ] သုစိကဏ္ဏ-ကြည့်' (see sūcikaṇṇa)
209878	sūcijātaka	stray '[ ['
209881	sūcitālahīra	unreadable 'ဝါတ' before ဝါးတောင်; stray bracket
209883	sūcidaṇḍakappamāṇa	sense markers '(၁) (၂) (က) (ခ)' before the 'see' reference
209887	sūcidāyakatthera	dashes
209888	sūcinaṅguṭṭha	quotation 'တတေ ဣမေ … မဏ္ဍူ-ကဘက္ခာ'
209891	sūcipāsa	stray '['
209892	sūcipāsaka	analysis fragment '[ သူစိပါသ နက'
209893	sūcipāsakasadisa	stray '['
209896	sūcimala	quotation 'သုပရိသုဒ္ဓေါပိ … ဟောတိ'; run-on article sūcimukha '(တိ) (၁) … ခြင်။ (၂) အပ်ဦး၊ အပ်ဖျား' (needle-mouthed: a mosquito; needle-point) with form 'သူစိမုခါ' and the start of sūcimukhaka '(၇) [ သူစိမုခ + က ]'
209900	sūcimukhapāṇa	debris 'သူစိ-မျ'; quotation 'သုစိမုခမက္ခိကာ … ခါဒန္တိ'
209901	sūcimukhamakkhikā	stray '['; quotation 'မကသတုဏ္ဍသူစိယာ … သူစိယာ'
209902	sūciyati	label '(ကမ္မ၊ ကြို' (passive verb)
209903	sūciyantaka	stray '-.'
209904	sūciyanti	stray '('
209913	sūcivijjhanakakaṇṭaka	stray '['
209914	sūcivimāna	stray ']ဝ'
209924	sūceti	Sanskrit and Prakrit forms; quotation under (2) 'ပဋိစ္ဆန္နံ ဝါ … ဟောတိ'
209928	sūju	note '(သူဇူ-သီ)'; run-on article sūṇa '(တီ၊ န) [ … ] သူန (၃) အနက်ကြည့်' (see sūna, meaning (3))
209930	sūṇa	forms and analysis 'သူနသူဏ။ သု+ ဦဏ။ (သူဏော)။ ]'; forms 'သုဏော။ သုဏော'
209931	sūta	form '(ခ) သူတော'; source tag 'ဓာန်'
209932	sūtaka	stray '['; truncated 'အောက်ပုဒ်'
209933	sūtakakula	Pāḷi fragment 'သာကဋိကကုလမှီ'
209935	sūti	Sanskrit and Prakrit forms; quotations under (1) 'သူတိဃရေ' and (2) 'သူတိဝေသ'
209937	sūtikā	analysis 'ဏိက', source tag 'ကပ္ပဒ္ဒုမ', Sanskrit and Prakrit forms; stray '၂ သူုတိကာဂေဟ' (the next headword); quotation '(၁) (၂) သူတိဃရေ'
209939	sūtikāghara	truncated 'သူတိကာ-'
209943	sūda	analysis '+ ဏ'; quotation fragments 'သူဒတိ "။ ဥ၃-၄။ သူပကာရော'; source tag 'ကပ္ပဒ္ဒုမ'; Sanskrit form
209944	sūdati	quotation fragment 'ယဒိပိ "'
209950	sūdeti	stray 'သုန (၇)'
209951	sūna	analysis fragments '+ ဏ' and ']'
209954	sūna	source tags and Sanskrit and Prakrit forms; quotation 'ပီနော ပီနဝါ, သူနော သုနဝါ'; analysis brackets of the second and third articles with grammarians' notes and the Pāḷi explanation 'သူယတေ … ဝဓဋ္ဌာနံ'; quotations under (a) 'အထ ခေါ … အဋ္ဌာသိ' and (b) 'သူနေဟီ'; 'သာလ'; quotations and citations '(၁) သူနဂ္ဂဝေလ္လိတာ။ (-(၂)။ ဝိ၊ (၃)'
209956	sūnakāraka	quotation fragment 'မေဒကထာလိက'
209958	sūnaggavellita	quotation 'သူနဂ္ဂဝေလ္လိတာ တိ သူနသင်ါတာယ'
209963	sūnavantu	forms 'သူနော သူနဝါ'; source tag 'မောဂ်'
209966	sūnu	analysis and grammarian's notes (source tags, Sanskrit and Prakrit forms)
209967	sūnuddhumātasusiraüttamaṅga	quotation 'ကိသဖရုသ … ဆာတော'; run-on articles sūpa (curry of pulses; a dish of mixed curries; the word sūpa), sūpaka (having curry; the samasūpaka sikkhāpada), sūpakāra (curry-cook, cook, royal cook) and sūpaggahaṇa, with their analysis brackets, grammarian's notes, quotations and citations
209968	sūpa	'(၃) ကြည့်'
209975	sūpaṭṭhāka	feminine form 'ထီ-၌ သူပဋ္ဌိကာ'; run-on article sūpaṭṭhita '(တိ) [ သု + ဥပဋ္ဌိတ ] ကောင်းစွာ တည်တန့်-တည်ကြည်-သော၊ ကောင်းစွာကပ် ၍ တည်နေသော' (well steady / settled; well established near)
209976	sūpaṭṭhita	quotation fragment 'ာ ဟောတီ'
209977	sūpaṭṭhitacitta	run-on article sūpaṭṭhitabhāvasampādana '(ထီ၊ န) [ ကောင်း -မြဲမြန်-စွာ-ကပ်၍တည်သည်၏အဖြစ်ကိုပြီး-စေ-ခြင်း' (the accomplishing of the state of being well / firmly established near)
209979	sūpaṭṭhitassati	stray '['
209980	sūpaṭṭhitassatitā	stray '၆ သူပဋိတာနိစ္စတာ' (the next headword)
209981	sūpaṭṭhitāniccatā	stray 'တာ'
209983	sūpattha	run-on article sūpatiṭṭhita '(တိ) သု. ဥပတိဋ္ဌိတ သုပဋိတ ကြည့်' (see sūpaṭṭhita)
209985	sūpatittha	truncated 'သုပ္ပတိတ္ထ-'
209987	sūpadhārita	form 'သူပဓာရိတာနီ'
209988	sūpanibandhana	quotation 'ဝိသယပထေ … ဝုတ္တံ'
209990	sūpabyañjana	citation 'ဝိ၊ ဝိ၊ သင်္ဂဟ'
209991	sūpabyañjanaka	form 'သူပဘာဇနေ'; stray quotation mark
209994	sūpabhājana	debris 'ဖို] ဠ်၊'
209999	sūpavikati	quotation '“ဣဒံ ဣဒံ … န ဇာနာတိ'
210001	sūpasaṁpāka	run-on article sūpasampanna '(တိ) [ သု + ဥပသမ္ပန္န ] ကောင်းစွာ ရဟန်း-ပဉ္စင်း-ဖြစ်သော' (well become a monk / fully ordained)
210002	sūpasampanna	stray 'သူပိတ' (the next headword)
210004	sūpasampāka	quotation '(က) သူပသမ္ပာကေ'; citation '(ကင်္ခါ။ ၂၃၈)'
210007	sūpahata	quotation 'ဥပဟတစိတ္တောမှိ'
210011	sūpita	run-on article sūpeyya '(န) [ … ] (၁) ဟင်းချက်ရန်ဝတ္ထု … (၂) ဟင်း၊ ဟင်းလျာ' (material for cooking curry: fish, meat, shoots, bamboo shoots and so on; curry, dish) with analysis and Sanskrit form
210012	sūpeyya	citation fragment '၁၁၂])'
210013	sūpeyyapaṇṇa	synonym 'သာက'
210014	sūpeyyapaṇṇamūla	stray '-='
210015	sūpeyyabyañjanavikati	citation '(ကင်္ခါ။ ၂၈၁)'
210016	sūpeyyasāka	quotation 'ကုဟကတာပသောပိ … ဓနံ သံဟရတိ'
210020	sūyati	root gloss 'သူ ပါဏိဿဝေ'
210021	sūyati	analysis bracket '(ကမ္မ၊ ကြို သု. ယ + တေး။ သုဏာတိ-မှ။ ]'; quotation 'စာ တိ -န သောတေန … ဝိသယတ္တာ'
210022	sūra	grammarian's notes, analysis, Sanskrit and Prakrit forms; senses (1) and (2) repeated with forms 'သူရာ။ သူရာ'
210023	sūra	stray '(၇)'; quotations 'ဘဒ္ဒသေနော … ဝေမာတိ-ကဘာတရော', 'သူရောရာဇာ တိ … နာမ', 'သူရေနာ'; analysis bracket of the second article; quotation 'သောဗ္ဘာနုကထိတော … နဝဂ္ဂဟာ'; source tag 'ဓာန်'
210024	sūrakathā	stray 'ဝ သုရကာက' (the next headword); quotation 'သူရကထာတိ … ဒဿေတိ'
210030	sūrata	grammarian's note 'ဥ-ကို ဒီဃပြု', source tag, Sanskrit form; quotation 'သူရတေနာ … ဝုတ္တံ ဟောတိ' with citations
210031	sūratara	quotation 'သောယေဝ မမ … ပါသံသတရော စ'
210036	sūrabhāvasannissita	quotation 'သုရဘာဝံ သန္နိဿိတံ' with stray 'သူုရဘာဝ-၁ သူရဘာဝသမ္ပန္န' (the next headword)
210039	sūrabhāvānurūpa	quotation 'ကမ္မာနုရူပေန … ယောဇေတဗ္ဗော'
210042	sūrambaṭṭha	stray ']'
210043	sūrayati	label '(ကြို ]'; truncated 'သူရေတိ-'
210045	sūrasūta	quotation 'ဂရုရာဂ္ဂဇောတိပိ အရုဏဿ နာမာနိ'; source tag 'ဓာန်'
210046	sūrasena	analysis fragment '+ အ', Sanskrit form, stray ')'; quotations '(၁) ပဉ္စာလ … ကေကကေဘိ' and '(၂) (က) (ခ) (ဂ) (ယ) "သူရသေနော"'
210047	sūrasenavisesana	quotation '----ကေကကေဘိ သဟ သေသရာဇာနေဝ'; run-on article sūri '(၇)] သူ + ရိက်။ သူရိ-သံ။ ] ပညာရှိ။ ၁၇၆-ထောင့်ကွင်းကြည့်' (a wise man; see square bracket 176); run-on article sūriyā '(န) ရဲရင့်-သတ္တိရှိ-သောသူ၏အဖြစ်၊ အစွမ်း၊ သတ္တိ' (the state of being brave / courageous; strength; courage)
210049	sūriya	analysis bracket with source tags, Sanskrit and Prakrit forms; start of the examples '(၁) နေ။ စန္ဒိမ-'
210050	sūriya	dashes and stray '(-'; source tag 'ဓာန်'
210055	sūriyaguttatthera	citations 'သံ၊ ဣတိဝုတ်'
210056	sūriyaggāha	stray '၃ သုရိယဂ္ဂါဟ နေကျစ်ခြင်း' (the next headword, with 'eclipse' again)
210057	sūriyaggāha	analysis fragment '[ သုရိယဂ္ဂါဟ န ဏ'; quotation fragment 'သိက္ခာ ကရဏီယာ'; page number '၁၇၈'
210059	sūriyajava	run-on article sūriyatapanapañha '(သူရိယ တပန ပ၃] သူရိယတပနအမေးပြဿနာ၊ နေ၏ထွန်းလင်းတောက်ပခြင်းနှင့်စပ်သောအမေးပြဿနာ' (the question about the sun's shining and blazing); run-on article sūriyateja '(ပု) နေပူ' (the sun's heat)
210061	sūriyatthaṅgamana	source tag 'ကင်'
210062	sūriyatthaṅgamanakāla	stray '['
210063	sūriyatthaṅgamanadisā	stray '['
210064	sūriyatthaṅgamanavelā	analysis fragment '[ သူရိယတ္ထင်္ဂမန ဝေလာ'
210065	sūriyadeva	stray '['
210067	sūriyanimmalatalābhinalāṭa	analysis 'နတလ + အဘိနလာဋ'
210069	sūriyapassapabbata	stray '['
210072	sūriyappabhā	stray '(-'
210073	sūriyappabhābhibhava	quotation 'ယထာ ပန ဒိဝါ … အပရိယောဒါတာ'
210075	sūriyamaṇḍala	citation '(ဝိ၊ ပြု ၂။ ၂၉)'
210077	sūriyamaṇḍalobhāsasadisa	quotation fragment 'တေနာဟ "'
210079	sūriyaraṁsa	stray '('
210081	sūriyaraṁsisamphassa	analysis fragment '[သုရိယရံသိ သမ္ပသ'
210082	sūriyarasmi	stray '၅ သုရိယရသ္မိသန္တာပ' (the next headword)
210086	sūriyarasmisamphassa	analysis fragment 'သူရိယရသ္မိ သမ္ဖဿ'
210087	sūriyarasmisamphassanimitta	form 'သူရိယရသ္မိသမ္ပဿနိမိတ္တံ'
210088	sūriyarasmisamphuṭṭha	run-on article sūriyavacchasa '(တိ) ] နေ၏ အရောင် အဆင်းနှင့်တူသောကိုယ်ရှိသော။ (ထီ) (၂) သူရိယဝစ္ဆသာနတ်သမီး။ (၁) သူရိယဝစ္ဆသာ' (having a body like the sun's colour; the devī Sūriyavacchasā)
210092	sūriyavatika	analysis fragment 'ဣက ['
210094	sūriyavimāna	stray '၆ သုရိယဝိမာနဝါသီ' (the next headword)
210095	sūriyavimānavāsī	form 'သူရိယော'
210096	sūriyavimānādiokāsavisesa	quotation 'သူရိယဝိမာနာဒိဩကာသဝိသေသေပိ … နိရုဠှော'
210099	sūriyasantāpa	stray '['
210101	sūriyasama	stray ']'
210102	sūriyasamānappabhāsarīra	stray ']'
210107	sūriyassama	Sanskrit form; dashes
210108	sūriyātapa	analysis 'သုရိယ + အာတပ န'
210109	sūriyātapavegasantāpakuthita	stray 'စ သုရိယာတပသန္တတ္တ' (the next headword) inside ကျိုက်ကျိုက်ဆူသော; dashes
210112	sūriyātapasantāpavegakuthita	analysis bracket '[ သုရိယာ-တပသန္တာပ + ဝေဂ + ကုထိတ ဟ'
210114	sūriyātapahetu	analysis 'သုရိယာပ ဟေတု'; form 'သုရိယာတပေ'
210116	sūriyābhāva	quotation 'ရတ္တိ-သဒ္ဒေါ … ဝိညေယျော'
210117	sūriyābhitāpasantatta	quotation 'ယာယ ဝီထိယာ … ဝိစရန္တိ'; citation '[၆] ၂၂၆'
210121	sūriyālokūpajīvī	feminine form 'ထီ-၌ --ဇီဝိနီ'; stray '['
210123	sūriyāvaṭṭapuppha	analysis 'သူရိယာဝဋ္ဋ + ပုပ္ဖ'; quotation 'သုရိ-ယာဝဋ္ဋပုပ္ဖာနံ သူရိယာဘိမုခဘာဝေါ'
210125	sūriyuggamanakāla	run-on article sūriyuggamanadisā '(ထီ) နေထွက်ရာဘရပ်မျက်နှာ' (the quarter where the sun rises) with citation 'ဇာ၊ ဌ၊ ၆ ၅၁'
210132	sūriyodaya	analysis fragment '[ သူရိယ ဥဒယ'
210133	sūriyodayana	citation fragment 'ဥ၃'
210134	sūriyopamasutta	run-on '(၇) ၉ သရေတိ သူရိယာလောက-ကြည့်'
210136	sūreti	label '(ကြို။ ]'; forms 'သူရေတိ၊ သူရယတိ၊ ဝီရေတိ၊ ဝီရယတိ'
210138	sūla	source tags, root note, page number '၂၈၄-နှာ', feminine form, Sanskrit and Prakrit forms; stray '(၇)'; forms '(ထီ) (၂ သူလာ။ (၃) သူလ'
210140	sūlaka	quotation 'မန္ဒာရဝေါ ကဒမ္ဗီ စ၊ သူလကော နာပပုပ္ဖိ-ယော'
210146	sūlappavesana	stray 'န'
210147	sūlamaṁsa	stray '၀ သုလမတ္ထက' (the next headword)
210152	sūlavijjhana	quotation fragment 'မစ္ဆော "'
210160	sūlāvuta	dashes and 'ပေါ'
210163	sūlī	analysis bracket with Pāḷi explanation 'သူလ ပါဏိတ္တာ သူလီ', synonym 'သီဝေါ', source tags, Sanskrit and Prakrit forms
210164	sūleyya	analysis fragment 'သူ လေက]'
210165	sūvaca	run-on article sūsū 'သူသု (၇) အနုကရဏသဒ္ဒါ ]' (an onomatopoeic word), continued in the next line
210166	sūsū	form '“သွသူ”'
