id	iast	burmese	es	en	flag
27066	ā	'အာ'အက္ခရာ၊ 'အာ'သရ၊ လေးဆယ့်တစ်လုံးသော အက္ခရာ,ရှစ်လုံးသော သရတို့တွင် နှစ်လုံးမြောက်-လည်ချောင်းအရပ်၌ ဖြစ်သော (ကဏ္ဌဇ)-ရှည်သော အသံဖြင့် ရွတ်ဆိုအပ်သော (ဒီဃ)-နိဂဟိတ်မှတစ်ပါး သုံးဆယ့်နှစ်လုံးသော ဗျည်းတို့၏မှီရာ (နိဿယ) နှစ်လုံးသော ဗျည်းတို့၏မှီရာ (နိဿယ)-အက္ခရာ-သရ။	la letra *ā*; la vocal *ā*; entre las 41 letras y las 8 vocales, la segunda / que se produce en la región de la garganta (*kaṇṭhaja*) / que se recita con sonido largo (*dīgha*) / soporte (*nissaya*) de las 32 consonantes, excepto el *niggahīta*, soporte (*nissaya*) de las 2 consonantes / letra / vocal.	the letter *ā*; the vowel *ā*; among the 41 letters and the 8 vowels, the second / produced in the region of the throat (*kaṇṭhaja*) / recited with a long sound (*dīgha*) / the support (*nissaya*) of the 32 consonants other than the *niggahīta*, the support (*nissaya*) of the 2 consonants / letter / vowel.	the phrase 'support (nissaya) of the 2 consonants' repeats the preceding clause and looks garbled; the hyphen chain is long and its grouping uncertain
27067	ā	လိင်,ဓာတ်တို့နောင်-စီရင်အပ်သော-သက်သော-ပစ္စည်းဖြစ်သော အာ။ ၎င်းအာ-ပစ္စည်းသည် (၁) ဣတ္ထိလိင်အဖြစ် ထင်ရှားစေရန် သက်သော (ဣတ္ထိဇောတက) အာပစ္စည်း။ (၂) သမာသ်ပုဒ် အဆုံး၌သက်သော (သမာသန္တ) အာပစ္စည်း။ (၃) ကတ (=ပြုလုပ်အပ်သော အရာဟူသော) အနက်၌ သက်သော တဒ္ဓိတ် အာပစ္စည်း။ (၄) သု-ဓာတ်နောင် (ကတ္တား အနက်၌¿) သက်သော အာပစ္စည်းဟူ၍ ၄-မျိုးရှိသည်။ ဥဒါဟရုဏ် ပုံစံတို့ကား။	*ā* que es un sufijo dispuesto / añadido tras temas nominales y raíces. Este sufijo *ā*: (1) el sufijo *ā* añadido para hacer manifiesto el género femenino (*itthijotaka*). (2) el sufijo *ā* añadido al final de un compuesto (*samāsanta*). (3) el sufijo *taddhita* *ā* añadido en el sentido de *kata* (= lo que ha sido hecho). (4) el sufijo *ā* añadido tras la raíz *su* (¿en el sentido de agente?); así, es de 4 clases. Los ejemplos son:	*ā* that is a suffix arranged / added after nominal stems and roots. This suffix *ā*: (1) the suffix *ā* added to make the feminine gender manifest (*itthijotaka*). (2) the suffix *ā* added at the end of a compound (*samāsanta*). (3) the *taddhita* suffix *ā* added in the sense of *kata* (= what has been made). (4) the suffix *ā* added after the root *su* (in the sense of agent?); thus it is of 4 kinds. The examples are:	the source itself marks '(in the sense of agent)' with ¿ as doubtful; the article ends 'the examples are:' with no examples (truncated)
27069	ā	သဒ္ဒါအစီအရင်ဖြင့် အခြားသော အက္ခရာတို့မှ ပြောင်းလဲလာသော အာသရ၊ (၁) (က) သန္ဓိစပ်ရာ၌ အသရမှ ပြောင်းလဲလာသော အာသရ။ «S1» (ခ) ဏ-အနုဗန် ပါရှိသော ပစ္စည်းကြောင့် အသရမှ ပြောင်းလဲလာသော အာသရ။ (ဂ) သင်္ချာအရာ၌ အသရမှ ပြောင်းလဲလာသော အာသရ။ (၂) (က) ဏ-အနုဗန်ရှိသော ပစ္စည်းကြောင့် ဣသရ-မှ ပြောင်းလဲလာသော အာသရ။ (ခ) သင်္ချာအရာ၌ ဣသရမှ ပြောင်းလဲလာသော အာသရ။ (ဂ) ဓာတ်၏စိတ် ဣသရမှ ပြောင်းလဲလာသော အာသရ။ (၃) (က) ဏ-အနုဗန်ရှိသော ပစ္စည်းကြောင့် ဥသရမှ ပြောင်းလဲလာသော အာသရ။ (ခ) ဒွန်သမာသ်အရာ၌ မာတု-စသည်တို့၏ ဥသရမှ ပြောင်းလဲလာသော အာသရ။ (၄) ဩသရမှ ပြောင်းလဲလာသော အာသရ။ (၅) နံ-ဝိဘတ်ကြောင့် တသဗ္ဗနာမ်ပုဒ်မှ ပြောင်းလဲလာသော အာသရ။ (၆) ဥန-သဒ္ဒါမှ ပြောင်းလဲလာသော အာသရ။ «S2» ဤသို့ စသည်ဖြင့် သဒ္ဒါအစီအရင်ဖြင့် ပြောင်းလဲလာသော အာသရတို့မှာ များစွာပင် ရှိပေသည်။ (၇) လာသော (အာဂုံ) အာသရ။	la vocal *ā* que resulta del cambio de otras letras por las reglas de la gramática; (1) (a) la vocal *ā* que resulta del cambio de la vocal *a* donde se une en *sandhi*. Véase [[aṁ]]. (b) la vocal *ā* que resulta del cambio de la vocal *a* a causa de un sufijo que lleva el indicador (*anubandha*) *ṇa*. (c) la vocal *ā* que resulta del cambio de la vocal *a* en materia de numerales. (2) (a) la vocal *ā* que resulta del cambio de la vocal *i* a causa de un sufijo que tiene el indicador (*anubandha*) *ṇa*. (b) la vocal *ā* que resulta del cambio de la vocal *i* en materia de numerales. (c) la vocal *ā* que resulta del cambio de la vocal *i* de una parte de la raíz. (3) (a) la vocal *ā* que resulta del cambio de la vocal *u* a causa de un sufijo que tiene el indicador (*anubandha*) *ṇa*. (b) la vocal *ā* que resulta del cambio de la vocal *u* de *mātu* y demás, en materia de compuestos *dvanda*. (4) la vocal *ā* que resulta del cambio de la vocal *o*. (5) la vocal *ā* que resulta del cambio de la palabra pronominal (*sabbanāma*) *ta* a causa de la desinencia *naṁ*. (6) la vocal *ā* que resulta del cambio de la palabra *una*. Véase [[ā]] (4). Así, las vocales *ā* que resultan de un cambio por las reglas de la gramática son muchas. (7) la vocal *ā* que viene (*āgama*).	the vowel *ā* that results from the change of other letters by the rules of grammar; (1) (a) the vowel *ā* that results from the change of the vowel *a* where it joins in *sandhi*. See [[aṁ]]. (b) the vowel *ā* that results from the change of the vowel *a* because of a suffix bearing the marker (*anubandha*) *ṇa*. (c) the vowel *ā* that results from the change of the vowel *a* in the matter of numerals. (2) (a) the vowel *ā* that results from the change of the vowel *i* because of a suffix having the marker (*anubandha*) *ṇa*. (b) the vowel *ā* that results from the change of the vowel *i* in the matter of numerals. (c) the vowel *ā* that results from the change of the vowel *i* of a part of the root. (3) (a) the vowel *ā* that results from the change of the vowel *u* because of a suffix having the marker (*anubandha*) *ṇa*. (b) the vowel *ā* that results from the change of the vowel *u* of *mātu* and so on, in the matter of *dvanda* compounds. (4) the vowel *ā* that results from the change of the vowel *o*. (5) the vowel *ā* that results from the change of the pronominal (*sabbanāma*) word *ta* because of the ending *naṁ*. (6) the vowel *ā* that results from the change of the word *una*. See [[ā]] (4). Thus the vowels *ā* that result from change by the rules of grammar are many. (7) the vowel *ā* that comes in (*āgama*).	(2)(c) ဓာတ်၏စိတ် read as 'a part of the root'; uncertain
27101	ākaḍḍhitaṭṭhāna	ဆွဲငင်အပ်သောအရပ်။	el lugar arrastrado.	the place drawn.	literal; probably 'the place where (something) was dragged'
27120	ākati	အခြင်းအရာ၊ ဇာတ်။	modo; especie.	manner; kind.	ဇာတ် read as jāti 'kind, class', not jātaka
27136	ākāra	အာ ဧဝ အာကာရော။	*ā eva ākāro*.	*ā eva ākāro*.	the whole definition is a Pāḷi phrase (grammatical derivation), nothing to translate
27158	ākāravantu	(က) အကြောင်းရှိသော။ (ခ) လွန်ကဲသော အကြောင်းရှိသော။ (ဂ) ချီးမွမ်းအပ်သော အကြောင်းရှိသော။ (ဃ) အကြောင်းခြင်းရာ ရှိသော။	(a) que tiene causa. (b) que tiene una causa excesiva. (c) que tiene una causa alabada. (d) que tiene razones y modos.	(a) having a cause. (b) having an excessive cause. (c) having a praised cause. (d) having reasons and modes.	(b) လွန်ကဲ rendered 'excessive' per stems L018; here it likely means 'surpassing, superior'
27174	ākārābhihita	ဝါကုကိ ဝေဘန်ခြင်းတို့၌ ဟော ဆိုအပ်သော။ အာကာရာဘိဟိတံ နိဗ္ဗစနံ နိရုတ္တိ။ နေတ္တိ၊ဋ္ဌ။ ၃၂။ အာကာရေသု ဝါကျဝိဘာဂေသု အဘိဟိတံ ကထိတံ နိဗ္ဗစနံ အာကာရာဘိဟိတံ နိဗ္ဗစနံ။ နေတ္တိ၊ ဋီ။ ၁၃၅။	expuesto / dicho en los análisis de frases. *ākārābhihitaṁ nibbacanaṁ nirutti*. *ākāresu vākyavibhāgesu abhihitaṁ kathitaṁ nibbacanaṁ ākārābhihitaṁ nibbacanaṁ*.	expounded / said in the analyses of sentences. *ākārābhihitaṁ nibbacanaṁ nirutti*. *ākāresu vākyavibhāgesu abhihitaṁ kathitaṁ nibbacanaṁ ākārābhihitaṁ nibbacanaṁ*.	ဝါကုကိ is garbled, read as ဝါကျ 'sentence' (supported by ဝါကျဝိဘာဂေသု in the quotation); citations dropped
27207	ākāsaṭṭhadevatā	ကောင်းကင်၌ တည်သောနတ်၊ အာကာသစိုးနတ်။	deidad asentada en el cielo; deidad señora del espacio.	deity standing in the sky; deity ruling space.	label ကြိ (verb) looks wrong for a deity noun
27227	ākāsapaduma	ကောင်းကင်၌ရောက်သော ပဒုမာ¿။	*padumā* que ha llegado al cielo.	*padumā* that has reached the sky.	the source marks ပဒုမာ with ¿ (doubtful); it may be the lotus paduma or a flower name
27245	ākāsānañcāyatana	(၁) အဆုံးအပိုင်းအခြားမရှိသော ကောင်းကင်ပညတ်ဟူသော တည်ရာအာရုံရှိသော၊ ဈာန်၊(အာကာသနဉ္စာယတနဈာန်)။ (န) (၂) အဆုံးအပိုင်းအခြားမရှိသော ကောင်းကင်ပညတ် ဟူသော(ဈာန်၏) တည်ရာအာရုံ-(ဈာန်၏)ဖြစ်ရာအာရုံ။ (၃) အာကာသာနဉ္စာယတန-ဘုံ-ဘဝ၊ အာကာသာနဉ္စာယတန ခန္ဓာလေးပါး။ «S1»	(1) que tiene como objeto base la *paññatti* del espacio sin fin ni límite; *jhāna* (*ākāsānañcāyatanajhāna*). (neutro) (2) el objeto base (del *jhāna*) / el objeto donde surge (el *jhāna*), que es la *paññatti* del espacio sin fin ni límite. (3) el plano / la existencia *ākāsānañcāyatana*; los 4 *khandha* *ākāsānañcāyatana*. Véase [[ākāsānañcāyatananupaga]].	(1) having as its base-object the *paññatti* of space without end or limit; *jhāna* (*ākāsānañcāyatanajhāna*). (neuter) (2) the base-object (of the *jhāna*) / the object where (the *jhāna*) arises, which is the *paññatti* of space without end or limit. (3) the *ākāsānañcāyatana* plane / existence; the 4 *ākāsānañcāyatana* *khandha*. See [[ākāsānañcāyatananupaga]].	the bracketed Burmese spells the jhāna name အာကာသနဉ္စ… (short vowel); romanised as ākāsānañcāyatanajhāna
27280	ākiñcañña	(၁) (က) စိုးစဉ်းအနည်းငယ်မျှ (ဘင်ခဏမျှ) အကြွင်းအကျန်မရှိသော ပဌမာရုပ္ပဝိညာဉ်၏အဖြစ်၊ (ပဌမာရုပ္ပဝိညာဉ်,အာကာသာနဉ္စာယတနဝိညာဉ်၏မရှိခြင်း-ချုပ်ပျောက် ကင်းကွာခြင်း-တည်းဟူသော နတ္ထိဘောပညတ်)။ «S1» (ခ) စိုးစဉ်းအနည်းငယ်သော သိမ်းဆည်းအပ်သော ပစ္စည်းဥစ္စာ- မရှိသည်၏အဖြစ်-မရှိခြင်း။ (ဂ) ဖိစီးနှိပ်စက်တတ်သော-ကြောင့်ကြပလိဗောဓ-အချုပ်အချယ် အနှောင်အဖွဲ့-မရှိသည်၏အဖြစ်-မရှိခြင်း။ (တိ) (၂) (က) တစ်စုံတစ်ခုသော (ပဋိဘာဂနိမိတ်) အာရုံမရှိသော (အာကိဉ္စညာယတန ဈာန်)။ (ခ) ဖိစီး-နှိပ်စက်-တားမြစ်-တတ်သော ကိလေသာမရှိသော (မဂ်,ဖိုလ်,နိဗ္ဗာန်)။ (ဂ) ဖိစီး နှိပ်စက်တတ်သော-ကြောင့်ကြပလိဗောဓ-အချုပ်အချယ် အနှောင်အဖွဲ့-မရှိသော (အကျင့်)။	(1) (a) el hecho de que el *viññāṇa* *paṭhamāruppa* no deja residuo alguno, ni siquiera mínimo (ni siquiera un momento *bhaṅga*); (la *natthibhāvapaññatti* que es la inexistencia / cesación y desaparición del *viññāṇa* *paṭhamāruppa*, el *viññāṇa* *ākāsānañcāyatana*). Véase [[ākiñcaññāyatana]]. (b) el hecho de no tener / el no tener bienes y posesiones guardados, ni siquiera mínimos. (c) el hecho de no tener / el no tener preocupación *palibodha* / trabas y ataduras que suelen oprimir y afligir. (adjetivo) (2) (a) (el *ākiñcaññāyatanajhāna*) que no tiene objeto (*paṭibhāganimitta*) alguno. (b) (*magga*, *phala*, Nibbāna) que no tiene *kilesa* que suelen oprimir / afligir / obstruir. (c) (práctica) que no tiene preocupación *palibodha* / trabas y ataduras que suelen oprimir y afligir.	(1) (a) the state in which the *paṭhamāruppa* *viññāṇa* leaves no remainder whatever, not even the least (not even a *bhaṅga* moment); (the *natthibhāvapaññatti* that is the non-existence / cessation and disappearance of the *paṭhamāruppa* *viññāṇa*, the *ākāsānañcāyatana* *viññāṇa*). See [[ākiñcaññāyatana]]. (b) the state of not having / not having goods and possessions stored up, not even the least. (c) the state of not having / not having worry, *palibodha* / bonds and fetters apt to oppress and afflict. (adjective) (2) (a) (the *ākiñcaññāyatanajhāna*) having no (*paṭibhāganimitta*) object whatever. (b) (*magga*, *phala*, Nibbāna) having no *kilesa* apt to oppress / afflict / obstruct. (c) (practice) having no worry, *palibodha* / bonds and fetters apt to oppress and afflict.	hyphens in (1)(b), (1)(c), (2)(c) mark phrase segments more than alternatives; grouping uncertain
27309	ākiṇṇa	(၁) (က) ရောပြွမ်းသော၊ ရောနှော-ရှုပ်ထွေး-သော။ (ခ) ရောပြွမ်း-ခြံရံအပ်သော။ (ဂ) ရောပြွမ်း-ကျဉ်းမြောင်း-ခြင်းသို့ ရောက်သော။ (ဃ) ရောပြွမ်း-ပြည့်စုံသော။ (င) ရောပြွမ်း-မစင်ကြယ်-သော။ (စ) ရောပြွမ်း-ပြန့်ပြောများပြား-သော။ (၂) သွန်းလောင်း-ထည့်-အပ်သော။ (၃) ကြမ်းကြုတ်သော။ «S1» (င)  «S2» (စ)  «S3»	(1) (a) entremezclado; mezclado / enredado. (b) entremezclado / rodeado. (c) que ha llegado a estar entremezclado / estrecho. (d) entremezclado / lleno. (e) entremezclado / impuro. (f) entremezclado / extenso y numeroso. (2) vertido / echado. (3) cruel. Véase [[ākiṇṇakammanta]]. (e) Véase [[ākiṇṇakammanta]]. (f) Véase [[ākiṇṇavaralakkhaṇa]].	(1) (a) mingled; mixed / tangled. (b) mingled / surrounded. (c) that has become mingled / cramped. (d) mingled / full. (e) mingled / impure. (f) mingled / extensive and numerous. (2) poured / put in. (3) cruel. See [[ākiṇṇakammanta]]. (e) See [[ākiṇṇakammanta]]. (f) See [[ākiṇṇavaralakkhaṇa]].	the article ends with bare sense markers (င) «S2» (စ) «S3», apparently cross-references attached to senses (e) and (f); kept as given
27315	ākiṇṇadosa	ပြမ်းဖြင့်-များပြား-သော အပြစ်ရှိသော။	que tiene faltas entremezcladas / numerosas.	having faults mingled / numerous.	ပြမ်းဖြင့် read as a misprint of ပြွမ်း 'mingled'
27352	ākulipuppha	တောင်ကျည်းပွင့်။	flor de taung-kyi.	taung-kyi flower.	Burmese plant name တောင်ကျည်း left transliterated; species not identified
27353	ākulī	တောင်ကျည်းပင်။ «S1»	el árbol taung-kyi. Véase [[ākulipuppha]].	the taung-kyi tree. See [[ākulipuppha]].	Burmese plant name တောင်ကျည်း left transliterated; species not identified
27389	ākhyāta	(၁) အာချာတ်သဒ္ဒါ၊ အာချာတ်ပုဒ်၊ (သွားခြင်း,ချက်ခြင်းစသော) ကြိယာကို-ဟောသော-ဖော်ပြသော-ပုဒ် (ဂစ္ဆတိ,အသတိ-စသော ကြိယာပုဒ်)။ (၂) အာချာတ်ပုဒ်-ဂစ္ဆတိ,ပစတိ စသောကြိယာပုဒ်-တို့ကို ပြဆိုရာဖြစ်သော အပိုင်း,အခန်း,ကျမ်း၊ အာချာတ်ပိုင်း၊ အာချာတ်အခန်း၊ အာချာတ်ကျမ်း။ (၃) ဟောအပ်သော၊ ပြောဆိုအပ်သော။	(1) la palabra *ākhyāta*; el término *ākhyāta*; el término que expresa / manifiesta una acción (como ir, cocinar, etc.) (términos verbales como *gacchati*, *asati*, etc.). (2) la sección, el capítulo, el tratado en que se exponen los términos *ākhyāta* / los términos verbales como *gacchati*, *pacati*, etc.; la sección *ākhyāta*; el capítulo *ākhyāta*; el tratado *ākhyāta*. (3) enseñado; dicho.	(1) the *ākhyāta* word; the *ākhyāta* term; the term that expresses / shows an action (such as going, cooking, etc.) (verbal terms such as *gacchati*, *asati*, etc.). (2) the section, chapter, treatise in which *ākhyāta* terms / verbal terms such as *gacchati*, *pacati*, etc., are set out; the *ākhyāta* section; the *ākhyāta* chapter; the *ākhyāta* treatise. (3) taught; spoken.	(1) lists အသတိ beside ဂစ္ဆတိ where (2) has ပစတိ; possibly a misprint
27420	āgata	(၁) (က) လာသော၊ ရောက်သော၊ ရောက်လာသော။ (ခ) လာသော၊ ပြန်ရောက်လာသော။ (ဂ) လာသော၊ ပါရှိသော၊ ဟောကြားအပ်သော။ (ဃ) လာသော၊ ဆိုက်ရောက်လာသော။ (င) လာသော၊ ကပ်ရောက်သော၊ ရသော။ (စ) လာသော၊ နှုတ်၌လာသော၊ ကောင်းစွာ ဖြစ်စေအပ်သော။ (ဆ) ရောက်လာသော၊ မေးအပ်သော။ (ဇ) ရှေးရှုထင်သော။ (၂) လာအပ်သော။ (၃) ရောက်အပ်သော။ (၄) လာရာဖြစ်သော။ (န) လာခြင်း။ (၂)  «S1» (၃)  «S2» (၄)  «S3» (န) (၅)  «S4»	(1) (a) que viene; que llega; que ha llegado. (b) que viene; que ha regresado. (c) que viene; que está incluido; enseñado. (d) que viene; que ha arribado. (e) que viene; que se acerca; que obtiene. (f) que viene; que viene a la boca; bien producido. (g) que ha llegado; preguntado. (h) que se manifiesta de frente. (2) venido. (3) alcanzado. (4) que es el lugar de donde se viene. (neutro) el venir. (2) Véase [[āgatamagga]] (1). (3) Véase [[āgatapubba]]. (4) Véase [[āgatakāla]]. (neutro) (5) Véase [[āgatanandana]] (b).	(1) (a) coming; arriving; having arrived. (b) coming; having returned. (c) coming; included; taught. (d) coming; having arrived at. (e) coming; approaching; obtaining. (f) coming; coming to the mouth; well produced. (g) having arrived; asked. (h) manifest in front. (2) come (to). (3) reached. (4) being the place from which one comes. (neuter) coming. (2) See [[āgatamagga]] (1). (3) See [[āgatapubba]]. (4) See [[āgatakāla]]. (neuter) (5) See [[āgatanandana]] (b).	the article ends with a second run of sense numbers (2) (3) (4) (န)(5) that carry only placeholders; kept as given
27424	āgatakahāpaṇa	ရလာသော အသပြာ။	la moneda obtenida.	the coin obtained.	အသပြာ is the Burmese name of the kahāpaṇa coin; rendered generically
27442	āgatanavanīta	လာသော-ဟောကြားအပ်သော-ဆီဦး-ထောပေး-မသကာ။	la mantequilla fresca / manteca / masaka (?) que viene / es enseñada.	the fresh butter / butter / masaka (?) that comes / is taught.	third alternative မသကာ unclear (possibly a misprint); left transliterated
27492	āgati	(၁) (က) လာရာအရပ်၌၊ (ပဋိသန္ဓေနေသည်၏ အစွမ်းဖြင့်) လာခဲ့ရာ-အရပ်-ဘဝ။ (ခ) လာရာအရပ်၊ လာခဲ့သောနေရာဌာန။ (၂) (က) လာရောက်ခြင်း၊ (ခ) ပဋိသန္ဓေနေသည်၏ အစွမ်းဖြင့် လာရောက်ခြင်း၊ ပဋိသန္ဓေနေခြင်း။ ဤဘဝ-ယခုမျက်မှောက် ဘဝ-သို့လာရောက်ခြင်း။ (၃) လာရာအခါ။ (၄) ရှေးရှူဖြစ်ရာဖြစ်သော အာရုံ (ကံ,ကမ္မနိမိတ်,ဂတိနိမိတ်)။ (၄) အာဂတိဂတိ (၂) အနက်ကြည့်။	(1) (a) en el lugar de donde se viene; el lugar / la existencia de donde se ha venido (en virtud de tomar *paṭisandhi*). (b) el lugar de donde se viene; el lugar del que se ha venido. (2) (a) el venir; (b) el venir en virtud de tomar *paṭisandhi*; el tomar *paṭisandhi*. El venir a esta existencia / la existencia presente. (3) el momento de venir. (4) el objeto que es donde surge de frente (*kamma*, *kammanimitta*, *gatinimitta*). (4) Véase [[āgatigati]] (2).	(1) (a) in the place from which one comes; the place / existence from which one has come (by way of taking *paṭisandhi*). (b) the place from which one comes; the place from which one has come. (2) (a) coming; (b) coming by way of taking *paṭisandhi*; taking *paṭisandhi*. Coming to this existence / the present existence. (3) the time of coming. (4) the object that is where it arises facing (*kamma*, *kammanimitta*, *gatinimitta*). (4) See [[āgatigati]] (2).	sense number (4) occurs twice; the second is an unconverted 'see āgatigati sense (2)' formula, rendered literally
27504	āgantukaüpakkilesa	အာဂန္တုက ဥပက္ကိလေသ အာဂန္တု ကဖြစ်သော အညစ် အကြေး။ ရဇန္တိ အာဂန္တုကဥပက္ကိလေသံ။ အံ၊ဋ္ဌ၊ဥ၃။ ၃၁၆။ (-ဇာ၊ဋ္ဌ၊၃။ ၃၄၄။ )	*āgantuka upakkilesa*; la suciedad / mancha que es *āgantuka*. *rajanti āgantukaüpakkilesaṁ*.	*āgantuka upakkilesa*; the dirt / stain that is *āgantuka*. *rajanti āgantukaüpakkilesaṁ*.	citations (AṄ-A, JA) dropped; the quoted Pāḷi phrase is a fragment
27513	āgantukapaṭṭa	သလင်းထောင်၊ ပြင်ထပ်၊ သင်္ကန်းအပော်၌ နောက်ထပ် တင်အပ်သောအလွှာ။ «S1»	salin-htaung (?); capa exterior; la capa que se pone después encima del hábito. Véase también [[anvādhika]].	salin-htaung (?); outer layer; the layer put on afterwards over the robe. See also [[anvādhika]].	first gloss သလင်းထောင် unclear (a robe part?); left transliterated
27514	āgantukapatta	သလင်းထောင်၊ ပြင်ထပ်၊ သင်္ကန်းအပော်၌ နောက်ထပ် တင်အပ်သောအလွှာ။ «S1»	salin-htaung (?); capa exterior; la capa que se pone después encima del hábito. Véase también [[anvādhika]].	salin-htaung (?); outer layer; the layer put on afterwards over the robe. See also [[anvādhika]].	first gloss သလင်းထောင် unclear (a robe part?); left transliterated
27517	āgantukabhavaṅga	အာဂန္တုကဘဝင်စိတ်၊ ပဋိသန္ဓေစိတ်,မတူသော ဘဝင်စိတ်၊ (က) ဘဝင်ကိစ္စတပ်သော ဥပေက္ခာသဟဂုတ် သန္တီရဏစိတ်၊ (သောမနဿသဟဂုတ်စိတ်ဖြင့် ပဋိသန္ဓေနေသောသူမှာ ဒေါသဇော၏အဆုံး၌ တဒါရုံဖြစ်ခွင့် မရသောအခါတွင် ဒေါသဇော,တူလသောမနဿဘဝင်တို့ကို ဆက်သွယ်သည့် အနေဖြင့်ဖြစ်သော ဥပေက္ခာသဟဂုတ် သန္တီရဏစိတ်တည်း။ «S1» (ခ) မူလမဟာဝိပါက် ပဋိသန္ဓေစိတ်,မတူပဲ မဟာကုသိုလ်ဇော,သာ တူသော မဟာဝိပါက်တဒါရုံစိတ်၊ (ဥပမာအားဖြင့် ပဌမမဟာဝိပါက်စိတ်ဖြင့် ပဋိသန္ဓေနေသူ ဖြစ်အံ့ ဒုတိယ မဟာကုသိုလ်ဇော၏ နောက်၌ ယင်းဇော,သာ အလားတူဖြစ်သော ဒုတိယမဟာဝိပါက် တဒါရုံစိတ်၊ ထို့အတူ တတိယ စတုတ္ထ အစရှိသော မဟာကုသိုလ်ဇောတို့၏ နောက်၌ ယင်းဇောတို့,သာ အသီးအသီးတူကြသော တတိယ စတုတ္ထ အစရှိသော မဟာဝိပါက် တဒါရုံစိတ်များတည်း)။	la mente *āgantukabhavaṅga*; la mente *bhavaṅga* distinta de la mente *paṭisandhi*; (a) la mente *santīraṇa* *upekkhāsahagata* que desempeña la función de *bhavaṅga*; (es la mente *santīraṇa* *upekkhāsahagata* que, en quien ha tomado *paṭisandhi* con una mente *somanassasahagata*, cuando al final de un *javana* de *dosa* no hay ocasión para que surja el *tadārammaṇa*, se da a modo de enlace entre el *javana* de *dosa* y el *bhavaṅga* de *somanassa*. Véase [[tadārammaṇaniyama]]. (b) la mente *mahāvipāka* *tadārammaṇa* que no es igual a la mente *paṭisandhi* *mahāvipāka* original, sino igual solo al *javana* *mahākusala*; (por ejemplo, si alguien ha tomado *paṭisandhi* con la primera mente *mahāvipāka*, tras el segundo *javana* *mahākusala*, la segunda mente *mahāvipāka* *tadārammaṇa*, semejante solo a ese *javana*; del mismo modo, tras los *javana* *mahākusala* tercero, cuarto, etc., las mentes *mahāvipāka* *tadārammaṇa* tercera, cuarta, etc., semejantes cada una solo a esos *javana*).	the *āgantukabhavaṅga* mind; the *bhavaṅga* mind unlike the *paṭisandhi* mind; (a) the *upekkhāsahagata* *santīraṇa* mind performing the function of *bhavaṅga*; (it is the *upekkhāsahagata* *santīraṇa* mind that, in one who has taken *paṭisandhi* with a *somanassasahagata* mind, when at the end of a *dosa* *javana* there is no opportunity for *tadārammaṇa* to arise, occurs by way of linking the *dosa* *javana* and the *somanassa* *bhavaṅga*. See [[tadārammaṇaniyama]]. (b) the *mahāvipāka* *tadārammaṇa* mind that is not like the original *mahāvipāka* *paṭisandhi* mind but like the *mahākusala* *javana* alone; (for example, if one has taken *paṭisandhi* with the first *mahāvipāka* mind, after the second *mahākusala* *javana*, the second *mahāvipāka* *tadārammaṇa* mind, which is like that *javana* alone; likewise, after the third, fourth, etc., *mahākusala* *javana*, the third, fourth, etc., *mahāvipāka* *tadārammaṇa* minds, each like those *javana* alone).	in (a) ဒေါသဇော,တူလသောမနဿဘဝင် read as 'the dosa javana and the somanassa bhavaṅga' (တူလ unclear); the parenthesis opened in (a) is never closed in the source
27529	āgantukāgāra	ဧည့်သည်တို့ တည်းခိုရာအိမ်၊ ကုသိုလ်ဖြစ်-အခမဲ့-ဧည့်ရိပ်သာ-ဧည့်ဗိမာန်-ဧည့်ခန်းဆောင်။	la casa donde se alojan los huéspedes; que es sano / gratuito / albergue / pabellón de huéspedes / sala de huéspedes.	the house where guests lodge; being wholesome / free of charge / rest-house / guest pavilion / guest hall.	ကုသိုလ်ဖြစ် rendered 'sano' per glossary; colloquially it means 'charitable, done for merit' here
27540	āgamaṭṭhakatā	အဂမအဋ္ဌကထာ၊ ဒီဃနိကာယ် စသော သုတ္တန်ပါဠိတော်၏ အဖွင့် အဋ္ဌကထာ။	el *agamaaṭṭhakathā*; el comentario explicativo del texto *pāl̤i* de los *suttanta*, como el *Dīghanikāya*, etc.	the *agamaaṭṭhakathā*; the explanatory commentary on the *pāl̤i* text of the *suttanta*, such as the *Dīghanikāya*, etc.	Burmese spells the title အဂမ (short a) against headword āgama-
27543	āgamana	(၁) လာခြင်း၊ လာရောက်ခြင်း။ (၂) ဖြစ်ခြင်း။ အာဂမ-(၁-က,ခ)-ကြည့်။ (၃) ထိုးထွင်း၍ သိမြင်ခြင်း။ (၄) ဖြစ်ပော်လာရာ အကြောင်းဖြစ်သော အာဂုံတရား။ (က) သုညတ-စသော နာမည် ဖြစ်ပော်လာရာ အကြောင်းရင်းဖြစ်သော တရား (ဝိပဿနာ၊ မဂ်)။ (ခ) မဂ်ဖိုလ် ဖြစ်ပော်လာကြောင်းတရား (ဝိပဿနာ) (ဂ) ဖိုလ်ဖြစ်ပော်လာကြောင်းတရား (မဂ်)။ (ဃ) အာဂုံပရိယတ္တိတရား၊ မဂ်ဉာဏ်ဖြစ်ကြောင်းဖြစ်သော ခန္ဓာအာယတန ဓာတ်တရား၊ ယင်းတရားတို့ကို ကြားနာခြင်း သင်ယူခြင်း၊ မေးမြန်းခြင်း။ (င) ဈာန်၏ ဖြစ်ပော်လာရာ အကြောင်းရင်းဖြစ်သော-ဈာန်ရနိုင်လောက်သော- ကသိုဏ်း စီးဖြန်း ပွါးများအားထုတ်ပုံ နည်းလမ်း။ (စ) ဈာန်သမာပတ်ဖြစ်ပော်လာရန် ပွါးများ အားထုတ်-ခြင်းကိစ္စ-ရာအခါ။ (ဆ) ပဌမဈာန် စသော အောက်မောက် ဈာန်တို့၏ အာဂုံတရား၊ ယင်းဈာန်တို့ဖြစ်ပော်လာကြောင်းဖြစ်သော ပဋိပဒါအဘိညာဉ်။ (ဇ) မဂ်ပညာဖြစ်ပော်လာကြောင်းဖြစ်သော ပဋိပဒါအဘိညာဉ်။ (ဈ) မဂ္ဂသမ္မာသတိ ဖြစ်ပော်လာကြောင်းဖြစ်သော လောကီသမ္မာသတိ။ (ည) နောက်စိတ်ဖြစ်လာရာအကြောင်း-နောက်စိတ်ဖြစ်ကြောင်း-ဖြစ်သောရှေ့စိတ် (စိတ္တာဓိပတိ)။ (ဋ) ပထဝီဒေဝတာဟူသော နာမည်-ပော်ပေါက်လာရာအကြောင်း-ရကြောင်း-ဖြစ်သော ပထဝီကသိဏ ဘာဝနာ။ (၅) ကုသိုလ် အကုသိုလ် ဖြစ်ကြောင်းဖြစ်သော နှလုံးသွင်းဆင်ခြင်မှု။ (တိ) (၆) လာအပ်သော၊ ကြွလာအပ်သော (လမ်းခရီး)။ «S1»	(1) el venir; el llegar. (2) el surgir. Véase [[āgama]] (1-a, b). (3) el penetrar y conocer. (4) el estado *āgama* que es la causa de donde surge. (a) el estado que es la causa raíz de donde surgen los nombres como *suññata*, etc. (*vipassanā*, *magga*). (b) el estado que es causa del surgir de *magga* y *phala* (*vipassanā*) (c) el estado que es causa del surgir del *phala* (*magga*). (d) el estado *āgama* *pariyatti*; los estados *khandha*, *āyatana*, *dhātu*, que son causa del conocimiento del *magga*; el oír, el estudiar, el preguntar sobre esos estados. (e) el método de ejercitar, cultivar y esforzarse en el *kasiṇa*, que es la causa raíz de donde surge el *jhāna* / capaz de hacer obtener el *jhāna*. (f) el esforzarse / la tarea / el momento de cultivar para que surja la *jhānasamāpatti*. (g) el estado *āgama* de los *jhāna* inferiores, como el *paṭhamajhāna*, etc.; la *paṭipadā* *abhiññā* que es causa del surgir de esos *jhāna*. (h) la *paṭipadā* *abhiññā* que es causa del surgir de la *paññā* del *magga*. (i) la *lokiyasammāsati* que es causa del surgir de la *maggasammāsati*. (j) la mente precedente que es la causa de donde surge la mente siguiente / causa del surgir de la mente siguiente (*cittādhipati*). (k) la *bhāvanā* del *pathavīkasiṇa*, que es la causa de donde surge / de obtener el nombre *pathavīdevatā*. (5) el prestar atención y reflexionar que es causa del surgir de lo sano y lo insano. (adjetivo) (6) (camino) por el que se ha venido / acudido. Véase [[āgama]] (4).	(1) coming; arriving. (2) arising. See [[āgama]] (1-a, b). (3) penetrating and knowing. (4) the *āgama* state that is the cause from which it arises. (a) the state that is the root cause from which names such as *suññata*, etc., arise (*vipassanā*, *magga*). (b) the state that causes *magga* and *phala* to arise (*vipassanā*) (c) the state that causes *phala* to arise (*magga*). (d) the *pariyatti* *āgama* state; the *khandha*, *āyatana*, *dhātu* states that cause the knowledge of the *magga*; hearing, studying, asking about those states. (e) the method of exercising, developing and striving in the *kasiṇa*, which is the root cause from which *jhāna* arises / able to bring about the obtaining of *jhāna*. (f) the striving / task / time of developing so that the *jhānasamāpatti* arises. (g) the *āgama* state of the lower *jhāna*, such as the *paṭhamajhāna*, etc.; the *paṭipadā* *abhiññā* that causes those *jhāna* to arise. (h) the *paṭipadā* *abhiññā* that causes the *paññā* of the *magga* to arise. (i) the *lokiyasammāsati* that causes the *maggasammāsati* to arise. (j) the preceding mind that is the cause from which the following mind arises / the cause of the following mind's arising (*cittādhipati*). (k) the *bhāvanā* of the *pathavīkasiṇa*, which is the cause from which the name *pathavīdevatā* arises / is obtained. (5) the attention and reflection that causes the wholesome and the unwholesome to arise. (adjective) (6) (road) by which one has come / proceeded. See [[āgama]] (4).	(2) carries an unconverted 'see āgama (1-a,b)' formula; (g) အောက်မောက် read as 'lower' (misprint?); (d) and (4) sense structure dense, review hyphen groupings
27548	āgamanakiriyāparāmasana	အာဂမနကြိယာ-လာခြင်းကြိယာ-ကို သုံးသပ်ခြင်း (အာဂစ္ဆတိကြိယာနှင့် တွဲဘက်၍ အနက်ယောဇနာရခြင်း)။	el examen del verbo *āgamana* / del verbo “venir” (el tener que construir el significado emparejándolo con el verbo *āgacchati*).	examining the verb *āgamana* / the verb “to come” (having to construe the meaning by pairing it with the verb *āgacchati*).	အာဂမနကြိယာ split as Pāḷi ⟦အာဂမန⟧ + ကြိယာ 'verb'.
27576	āgamanavādapatha	လာတ္တံ့သော-စကား-ဝါဒ-လမ်းကြောင်း။	el curso de las palabras / de la doctrina que vendrá.	the course of the words / of the doctrine that will come.	လာတ္တံ့သော read as လာလတ္တံ့သော 'that will come'.
27606	āgamanīyavīriya	လာ-ရောက်-ကြောင်း ဝီရိယ၊ သဗ္ဗညုတဉာဏ်ရကြောင်း-ဘုရားဖြစ်ကြောင်း-ဝီရိယ)။	el *vīriya* que es causa de venir / de llegar; el *vīriya* que es causa de obtener el *sabbaññutañāṇa* / causa de llegar a ser Buddha.	the *vīriya* that is the cause of coming / of arriving; the *vīriya* that is the cause of attaining the *sabbaññutañāṇa* / the cause of becoming a Buddha.	Stray closing bracket at end of source dropped; an opening bracket may be missing before the second clause.
27612	āgamayamāna	သည်းခံ(စောင့်ဆိုင်း) မြှော်လင့်-သော။	que tiene paciencia (aguardando) y espera.	that is patient (waiting) and expectant.	Hyphen before သော in မြှော်လင့်-သော looks misplaced; read as one phrase.
27613	āgamavara	(က) မြတ်သော-နိကာယ်-ပါဠိတော်၊ မိမိအကျိုး,သူတစ်ပါးအကျိုး စသည်တို့-နိကာယ်-ပါဠိတော်။ (ခ) တောင့်တအပ်သော-နိကာယ်-ပါဠိတော်၊ မိမိအကျိုး,သူတစ်ပါးအကျိုး စသည်တို့ လာရာ လာကြောင်းဖြစ်၍ တောင့်တအပ်သော-နိကာယ်-ပါဠိတော်။ (ဂ) အာဂမဟု သမုတ်အပ်သော ဘာရတပုရာဏ်,နရသီဟပုရာဏ်စသော သာသနာပ ကျမ်းတို့ထက် မြတ်သော-နိကာယ်-ပါဠိတော်။	(a) el *nikāya* / el texto canónico pāḷi excelente; el propio beneficio, el beneficio ajeno y demás; el *nikāya* / el texto canónico pāḷi. (b) el *nikāya* / el texto canónico pāḷi que ha de ser anhelado; el *nikāya* / el texto canónico pāḷi que ha de ser anhelado por ser la fuente / la causa de donde vienen el propio beneficio, el beneficio ajeno y demás. (c) el *nikāya* / el texto canónico pāḷi, más excelente que los libros ajenos a la Enseñanza, como el *bhāratapurāṇa*, el *narasīhapurāṇa* y demás, que se tienen por *āgama*.	(a) the excellent *nikāya* / canonical Pāḷi text; one's own benefit, others' benefit and so on; the *nikāya* / canonical Pāḷi text. (b) the *nikāya* / canonical Pāḷi text to be longed for; the *nikāya* / canonical Pāḷi text to be longed for as the source / the cause from which one's own benefit, others' benefit and so on come. (c) the *nikāya* / canonical Pāḷi text, more excellent than the books outside the Teaching, such as the *bhāratapurāṇa*, the *narasīhapurāṇa* and so on, which are reckoned as *āgama*.	Second clause of (a) (မိမိအကျိုး,သူတစ်ပါးအကျိုး စသည်တို့-နိကာယ်-ပါဠိတော်) seems to lack a verb; translated word for word.
27617	āgamavohāra	အာဂမဟု ခော်ဝော်ခြင်း။	el designar como *āgama*.	calling it *āgama*.	ခော်ဝော် read as ခေါ်ဝေါ် 'to call'.
27655	āgāriya	(၁) အိမ်-၌နေသူ-၏-အစီးအပွါး-အကျိုးစီးပွါး။ (တိ) (၂) အိမ်ရာတည်ထောင် လူ့ဘောင်၌နေသော၊ သူ၊ လူဝတ်ကြောင်။ (တိ)  «S1» «S2»	(1) el provecho / el bienestar de la casa / del que vive en casa. (adjetivo) (2) que vive en la sociedad laica, habiendo fundado un hogar (dicho de una persona); el laico. (adjetivo) Véase [[āgāriyasīla]]. Véase también [[agāriya]].	(1) the benefit / the welfare of the house / of one who lives in a house. (adjective) (2) living in lay society, having set up a household (said of a person); a layman. (adjective) See [[āgāriyasīla]]. See also [[agāriya]].	Sense (1) is a noun gloss but is followed by (တိ); label placement may be off.
27676	āghātana	(၁) (က) (သူခိုးစသည်ကို) သတ်ဖြတ်ရာဌာန၊ လူသတ်ကုန်။ (ခ) (ဒဏ္ဍနီတိ ဓမ္မသတ်ကျမ်းလာ တရားစီရင်ထုံးဖြင့်) လက်ခြေစသည်ဖြတ်ရာ စဉ်းတီတုံး၊ ယင်း စဉ်းတီတုံးဖြင့် မှတ်သားအပ်သော ကုန်းမြေ၊ လူသတ်ကုန်း။ (၂) သေခြင်း။ (၃) သတ္တဝါတို့၏ ပျက်စီးရာဖြစ်သော အကြောင်း-ကံ-ကိလေသာ။	(1) (a) el lugar donde se ejecuta (a ladrones y demás); el cerro de las ejecuciones. (b) (según el procedimiento judicial que figura en los libros *daṇḍanīti* y *dhammasattha*) el tajo donde se cortan manos, pies y demás; el terreno señalado por ese tajo; el cerro de las ejecuciones. (2) la muerte. (3) la causa / el *kamma* / las *kilesa*, que es aquello en que perecen los seres.	(1) (a) the place where (thieves and so on) are executed; the execution hill. (b) (by the judicial procedure found in the *daṇḍanīti* and *dhammasattha* books) the chopping block on which hands, feet and so on are cut off; the ground marked by that block; the execution hill. (2) death. (3) the cause / *kamma* / *kilesa* that is where beings perish.	လူသတ်ကုန် read as လူသတ်ကုန်း 'execution hill'.
27715	ācamanavatthu	သန့်သက်ရေ ဆေးခြင်းနှင့်စပ်သော ဝတ္ထု၊ အာစမနဝတ္ထု။	el relato relativo al lavado con agua de aseo; el *ācamanavatthu*.	the story concerning washing with cleansing water; the *ācamanavatthu*.	ဝတ္ထု here may mean a Vinaya section or topic rather than 'story'.
27730	ācayagāmisutta	အာစယဂါမီသုတ်။ (၁) အင်္ဂုတ္တရနိကာယပါဠိ၊ ၁၀-နိပါတ်၊ ၃-ပဏ္ဏာသက၊ ၄-ဝဂ်၊ ၉-သုတ်။ (၂) အင်္ဂုတ္တရနိကာယပါဠိ၊ ၁၀-နိပါတ်၊ ၄-ပဏ္ဏာသက၊ ၃-ဝဂ်၊ ၉-သုတ်။	el sutta *ācayagāmī*. (1) (2)	the *ācayagāmī* Sutta. (1) (2)	Both senses are only citations (Aṅguttara 10th nipāta, 3rd/4th paṇṇāsaka, vagga 4/3, sutta 9) and were dropped under rule 5; the sense numbers are left empty.
27747	ācariyakamma	ဆရာ၏-လုပ်ငန်း-အတတ်ပညာ၊ အာစရိယက-ကြည့်။	el oficio / el saber del maestro; véase *ācariyaka*.	the teacher's work / learning; see *ācariyaka*.	A 'see X' formula (အာစရိယက-ကြည့်) was left in the text, not replaced by a «S» placeholder.
27772	ācariyappamāṇa	(၁) ဆရာ၏-အတိုင်းအရှည်-ပမာဏ၊ ဆရာ့လက်ဆုပ်လက်ကိုင်ဖြစ်သော အယူဝါဒ ပမာဏ။ (တိ) (၂)  ဆရာ၏-အတိုင်းအရှည်-ပမာဏ-ရှိသော။ (တိ) (၂)  «S1»	(1) la medida / la magnitud del maestro; la magnitud de la doctrina que el maestro guarda en el puño. (adjetivo) (2) que tiene la medida / la magnitud del maestro. (adjetivo) (2) Véase [[ācariyamatta]].	(1) the teacher's measure / size; the size of the doctrine the teacher holds in his fist. (adjective) (2) having the teacher's measure / size. (adjective) (2) See [[ācariyamatta]].	Markers (တိ) (၂) appear twice; the second may belong to the «S1» cross-reference.
27808	ācāma	(၁) ထမင်းချိုး။ (၂) ထမင်းရည်။ «S1»	(1) los restos de arroz cocido. (2) el agua de cocer el arroz. Véanse también [[ācāmakuṇḍaka]], [[ācāmabhakkha]].	(1) the scum of boiled rice. (2) rice-water. See also [[ācāmakuṇḍaka]], [[ācāmabhakkha]].	ထမင်းချိုး rendered 'restos / scum of boiled rice'; exact sense to confirm.
27843	ācāravipatti	အကျင့်၏ ပျက်စီးခြင်း၊ (ထုလ္လစဉ်း ပါစိတ်ပါဠိဒေသနီ ဒုက္ကဋ် ဒုဗ္ဘာသီ ဟု ဆိုအပ်သော လဟုက အာပတ်ငါးမျိုး)။	la ruina de la conducta; (las cinco clases de *āpatti* leves, llamadas *thullaccaya*, *pācittiya*, *pāṭidesanīya*, *dukkaṭa* y *dubbhāsita*).	the failure of conduct; (the five kinds of light *āpatti*, called *thullaccaya*, *pācittiya*, *pāṭidesanīya*, *dukkaṭa* and *dubbhāsita*).	ပါဠိဒေသနီ read as ပါဋိဒေသနီ (pāṭidesanīya).
27844	ācāravipatthicodanā	အာစာရဝိပတ္တိ-လဟုက-အာပတ်ငါးမျိုး-ဖြင့် စောဒနာခြင်း။	el acusar de *ācāravipatti* / de las cinco clases de *āpatti* leves.	accusing of *ācāravipatti* / of the five kinds of light *āpatti*.	Three hyphenated elements (အာစာရဝိပတ္တိ-လဟုက-အာပတ်ငါးမျိုး) read as two alternatives, လဟုက qualifying အာပတ်.
27858	ācārasikkhāpanaka	အကျင့်-ရွတ်ဖတ်သရဇ္ဈာယ်နည်း,သားလာနေထိုင်နည်းစသော အကျင့်-ကို သင်ပေးတတ်သော၊ သူ (ဆရာ)။	que suele enseñar la conducta / la conducta como el modo de recitar y leer en voz alta, el modo de andar y vivir y demás (dicho de una persona) (el maestro).	apt to teach conduct / conduct such as the manner of reciting and chanting, the manner of going about and living, and so on (said of a person) (a teacher).	သားလာနေထိုင်နည်း read as သွားလာနေထိုင်နည်း 'manner of going about and living'.
27878	ācikkhituṁ	ပြေကြား-ဟောကြား-ခြင်းငှါ။	para declarar / predicar.	in order to declare / to preach.	ပြေကြား read as ပြောကြား.
27900	ājañña	(၁) အကြောင်းဟုတ်သည် မဟုတ်သည်ကို သိသော၊ သူ၊ အာဇာနည်ပုဂ္ဂိုလ်။ (ဆင်အာဇာနည်,မြင်းအာဇာနည်-စသည်။ အာဇာနီယ-ကြည့်)။ (န) (၂) အာဇာနည်ပုဂ္ဂိုလ်၏ အဖြစ်။	(1) que sabe lo que es razón y lo que no lo es (dicho de una persona); la persona *ājānīya*. (El elefante *ājānīya*, el caballo *ājānīya* y demás. Véase [[ājānīya]].) (neutro) (2) el hecho de ser persona *ājānīya*.	(1) knowing what is a reason and what is not (said of a person); an *ājānīya* person. (The *ājānīya* elephant, the *ājānīya* horse and so on. See [[ājānīya]].) (neuter) (2) the state of being an *ājānīya* person.	A 'see X' formula (အာဇာနီယ-ကြည့်) was left in the text, not replaced by a «S» placeholder.
27926	ājānīya	အကြောင်း ဟုတ်သည် မဟုတ်သည်ကို-အကြောင်းအကျိုးကို-သိသော ပုဂ္ဂိုလ်၊ အာဇာနည် ပုဂ္ဂိုလ်။ (ဆင် အာဇာနည်,မြင်းအာဇာနည်,နွားလားဥသဘ အာဇာနည် ယောက်ကျားအာဇာနည်ဟူ၍ အာဇာနည် လေးမျိုးရှိသည်။ ထိုအာဇာနည်တို့သည် သက္ကာယဒိဋ္ဌိ အားကြီးကြသောကြောင့် ကြောက်ရွံ့ခြင်းမရှိကြကုန်)။	la persona que sabe lo que es razón y lo que no lo es / que conoce la causa y el efecto; la persona *ājānīya*. (Hay cuatro clases de *ājānīya*: el elefante *ājānīya*, el caballo *ājānīya*, el toro *ājānīya* y el hombre *ājānīya*. Esos *ājānīya*, por ser fuerte en ellos la *sakkāyadiṭṭhi*, no tienen miedo.)	a person who knows what is a reason and what is not / who knows cause and effect; an *ājānīya* person. (There are four kinds of *ājānīya*: the *ājānīya* elephant, the *ājānīya* horse, the *ājānīya* bull and the *ājānīya* man. Those *ājānīya*, because *sakkāyadiṭṭhi* is strong in them, have no fear.)	The closing note says the ājānīya are fearless 'because sakkāyadiṭṭhi is strong'; translated as written, but check the Burmese (a negation may be missing).
27962	ājīvaṭṭhamakasīla	အာဇီဝ-စင်ကြယ်စွာ အသက်မွေးမှု-လျှင်ရှစ်ခုမြောက်ရှိသော သီလ၊ ရှစ်ခုမြောက်နေရာ၌ အာဇီဝကို ထည့်သွင်းရေတွက်သဖြင့် ရှစ်ပါး အရေအတွက်သဖြင့် ရှစ်ပါး အရေအတွက်ရှိသော သီလ။ «S1»	la *sīla* que tiene como octavo el *ājīva* / el ganarse la vida con pureza; la *sīla* que tiene el número de ocho al contar el *ājīva* en el octavo lugar. Véase también [[ājīvaṭṭhamaka]].	the *sīla* having *ājīva* / pure livelihood as the eighth; the *sīla* having the number eight by counting *ājīva* in the eighth place. See also [[ājīvaṭṭhamaka]].	Source repeats 'ရှစ်ပါး အရေအတွက်သဖြင့်' (dittography); translated once.
27985	ājīvavisuddhi	အဇီဝ-အသက်မွေးမှု-၏ အထူးသဖြင့် စင်ကြယ်ခြင်း။	la pureza especial del *ajīva* / del medio de vida.	the special purity of *ajīva* / of livelihood.	အဇီဝ copied as written; probably a misprint for အာဇီဝ.
28006	ājīvikā	အသက်မွေးခြင်း။ အာဇီဝက,အာဇီဝိက (ကာ) ပကတ-တို့ကြည့်။	el ganarse la vida. Véanse [[ājīvaka]], [[ājīvika]](*kā*)*pakata*.	making a living. See [[ājīvaka]], [[ājīvika]](*kā*)*pakata*.	A 'see X, Y' formula (-တို့ကြည့်) was left in the text, not replaced by «S» placeholders; the second target is ājīvika(ā)pakata.
28012	āṭa	ယောက်မနှင့်တူသော နှုတ်သီးရှိသောငှက်၊ ငဟစ်ငှက်။	el ave que tiene un pico semejante a un cucharón; el ave ngahit.	the bird with a beak like a ladle; the ngahit bird.	ငဟစ်ငှက် is a Burmese bird name, transliterated 'ngahit'; species unidentified (a spoonbill?).
28077	āṇāpātimokkha	အာဏာပါတိမောက်၊ မြတ်စွာဘုရား၏ အမိန့် အာဏာတော်ဖြစ်သော ပါတိမောက်။ (သုဏာတု မေဘန္တေ သံဃောစသည်ဖြင့် မြတ်စွာဘုရား ဟောကြားတော်မူသော သိက္ခာပုဒ် ဥပဒေတော်များကို အာဏာပါတိမောက်ဟု ခော်သည်)။	*āṇāpātimokkha*; el *pātimokkha* que es el mandato y autoridad del Buddha. (Se llama *āṇāpātimokkha* a las reglas de entrenamiento y ordenanzas expuestas por el Buddha, que comienzan por *suṇātu mebhante saṁgho*).	*āṇāpātimokkha*; the *pātimokkha* that is the command and authority of the Buddha. (The training rules and ordinances taught by the Buddha, beginning with *suṇātu mebhante saṁgho*, are called *āṇāpātimokkha*).	ခော်သည် read as ခေါ်သည် ('is called').
28101	āṇigaṇṭhikāhata	စို့မယ်န,အဖုအထစ်-တို့ဖြင့် ဖျက်ဆီးအပ်သော တင့်တယ်ခြင်းရှိသော-တို့ကြောင့် တင့်တယ် သပ်ယပ်မှု မရှိသော။	que tiene la belleza estropeada por tarugos, pernos, bultos y nudos; / sin gracia ni pulcritud a causa de ellos.	having its beauty spoiled by pegs, bolts, lumps and knots; / lacking grace and neatness because of them.	Burmese structure garbled around the hyphens (…ရှိသော-တို့ကြောင့်); reading uncertain.
28106	āṇimaṁsa	အသားစွန်း၊ ရှည်ထွက်နေသောအစေ့။	punta de carne; grano alargado que sobresale.	a fleshy tip; an elongated protruding kernel.	အသားစွန်း and ရှည်ထွက်နေသောအစေ့: meaning uncertain (fleshy excrescence?).
28117	ātatavitata	အလုံးစုံ သားရေပိတ်၍ ကြက်အပ်သော စည် (လေးထောင့်စည်,ထက်စည် စသည်)။	tambor cerrado con cuero por todas partes y tensado (el tambor cuadrado, el ထက်စည် y demás).	a drum closed all over with leather and stretched (the four-cornered drum, the ထက်စည် and so on).	ထက်စည်: kind of drum not identified; left in Burmese.
28187	āthabbaṇa	အာထဗ္ဗဏဗေဒင်ကျမ်း၌- ဖော်ပြပါရှိသော- စီရင်အပ်သော- (မီးထွန်းခြင်း,မန္တန်စုပ်ခြင်း စသော တစ်ပါးသူတို့ ပျက်စီးစေတတ်သော) အစီအရင်၊ အာထဗ္ဗဏအတတ်။	el rito descrito / contenido / prescrito en el tratado *Āthabbaṇaveda* (encender fuegos, el မန္တန်စုပ်ခြင်း y demás, que suelen causar la ruina a otros); el arte *āthabbaṇa*.	the rite described / contained / prescribed in the *Āthabbaṇaveda* treatise (lighting fires, မန္တန်စုပ်ခြင်း and so on, apt to bring ruin on others); the *āthabbaṇa* art.	မန္တန်စုပ်ခြင်း ('sucking mantras'?) not understood; left in Burmese.
28214	ādava	မြူးထူးပျော်ပါးကစား-ခြင်း တိုင်ရုံသာ-ဖို့အတွက်သာ။	solo en la medida del retozo y el juego alegre / solo con ese fin.	only to the extent of frolicking and merry play / only for that purpose.	Burmese appears garbled or truncated (…တိုင်ရုံသာ-ဖို့အတွက်သာ); reading tentative.
28228	ādāna	(၁) ယူခြင်း။ (က) ပဋိသန္ဓေ အားဖြင့် ဖြစ်ပော်ခြင်း။ (ခ) နိစ္စစသည်တို့၏ အစွမ်းဖြင့် ယူခြင်း။ (ဂ) ပဋိသန္ဓေယူခြင်း။ (ဃ) ခန္ဓာဝန်ကို အစစွာယူခြင်း၊ ပဋိသန္ဓေနေခြင်း။ (င) ဖြစ်ပော်ခြင်းကို အစွမ်းဖြင့် ကိလေသာတို့ကို ယူခြင်း၊ ကိလေသာ ဖြစ်ပော်ခြင်း။ (၂) (အစာကို) ယူရာအရပ်၊ ကျက်စားရာ အရပ်။ (တိ)  «S1» (၃) ယူတတ်-မြဲစွာယူတတ်-စွဲလမ်းတတ်-သော။ (၃)  «S2» «S3» (၄) ယူအပ်-မြဲစွာယူအပ်- စွဲလမ်းအပ်-သော။ (တိ)	(1) el tomar. (a) el surgir por *paṭisandhe*. (b) el tomar en virtud de *nicca* y demás. (c) el tomar *paṭisandhe*. (d) el tomar por primera vez la carga de los *khandha*; el asentarse en *paṭisandhe*. (e) el tomar los *kilesa* en virtud de su surgir; el surgir de los *kilesa*. (2) el lugar donde se toma (el alimento); el lugar de pasto. (adjetivo) Véase [[adana]]. (3) que suele tomar / que suele tomar con firmeza / que suele aferrarse. (3) Véanse [[ādānagantha]], [[ādānataṇhā]]. Véase también [[ādānasatta]]. (4) tomado / tomado con firmeza / aferrado. (adjetivo)	(1) taking. (a) arising by way of *paṭisandhe*. (b) taking by way of *nicca* and so on. (c) taking *paṭisandhe*. (d) taking up the burden of the *khandha* for the first time; being established in *paṭisandhe*. (e) taking the *kilesa* by way of their arising; the arising of the *kilesa*. (2) the place where (food) is taken; feeding ground. (adjective) See [[adana]]. (3) apt to take / apt to take firmly / apt to cling. (3) See [[ādānagantha]], [[ādānataṇhā]]. See also [[ādānasatta]]. (4) taken / firmly taken / clung to. (adjective)	Sense numbering in the Burmese is irregular ((၃) twice; (တိ) after (၄)); copied as printed.
28250	ādāsadaṇḍasaṇṭhāna	ကြေးမုံရိုး-သဏ္ဌာန်-အသွင်-ရှိသော။	que tiene la forma / figura / apariencia del mango de un espejo.	having the shape / form / appearance of a mirror handle.	Label ကြိ (verb) does not fit an adjectival gloss; probably တိ.
28252	ādāsapañha	ကြေးမုံ၌ နတ်ကို ခော်ချ၍မေးခြင်း။	el consultar a un deva haciéndolo descender a un espejo.	questioning a deva by calling it down into a mirror.	Label တိ for a verbal noun; ခော်ချ read as ခေါ်ချ.
28293	ādiccakulaketuka	နေမင်း အမျိုးအနွယ်၏ မှန်ကင်းသဖွယ်ဖြစ်သော ဘုရား။	el Buddha, que es como el estandarte del linaje del sol.	the Buddha, who is like the banner of the solar lineage.	မှန်ကင်း read as 'banner' (ketu); the Burmese word is unclear.
28299	ādiccabandhu	(၁) နေမင်း-နေနတ်သား-၏ အဆွေဖြစ်သော မြတ်စွာဘုရား၊ ဂေါတမ မြတ်စွာဘုရား။ (တိ) (၂) နေမင်း-နေနတ်သား-ဟူသော ဆွေမျိုးရှိသော မြတ်စွာဘုရား၊ ဂေါတမ မြတ်စွာဘုရား။ (နေနတ်သားလည်း ဂေါတမအနွယ်,မြတ်စွာဘုရားလည်း ဂေါတမအနွယ်ဖြစ်သည်၊ နေနတ်သားသည် သောတာပန်ဖြစ်၍ မြတ်စွာဘုရား၏ သားတော်ဖြစ်သည်။ ထို့ကြောင့် မြတ်စွာဘုရားကို အာဒိစ္စဗန္ဓု (=နေမင်း၏အဆွေ)ဟု ဆိုခြင်းဖြစ်သည်။ ပြလတ္တံ့သော ဋ္ဌ,ဋီ-တို့ကြည့်)။ (၃) အာဒိစ္စဗန္ဓုမည်သော ပစ္စေကဗုဒ္ဓါ။	(1) el Buddha, pariente del astro rey / del deva del sol; el Buddha *gotama*. (adjetivo) (2) el Buddha, que tiene por pariente al astro rey / al deva del sol; el Buddha *gotama*. (El deva del sol es del linaje *gotama* y el Buddha es también del linaje *gotama*; el deva del sol, siendo *sotāpanna*, es hijo del Buddha. Por eso se llama al Buddha *ādiccabandhu* (= pariente del astro rey). Véanse el comentario y el subcomentario que se citarán). (3) el *paccekabuddha* llamado *ādiccabandhu*.	(1) the Buddha, kinsman of the sun-lord / of the sun deva; the Buddha *gotama*. (adjective) (2) the Buddha, who has the sun-lord / the sun deva as kinsman; the Buddha *gotama*. (The sun deva is of the *gotama* lineage and the Buddha too is of the *gotama* lineage; the sun deva, being a *sotāpanna*, is a son of the Buddha. Therefore the Buddha is called *ādiccabandhu* (= kinsman of the sun-lord). See the commentary and subcommentary to be cited). (3) the *paccekabuddha* named *ādiccabandhu*.	ဋ္ဌ,ဋီ read as abbreviations for aṭṭhakathā and ṭīkā.
28340	ādittasutta	(၁) အာဒိတ္တသုတ်။ သံယုတ္တနိကာယ၊ သဂါထာဝဂ္ဂသံယုတ္တပါဠိ၊ ၁-သံယုတ်၊ ၅-ဝဂ်၊ ၁-သုတ်။ သံ၊၁။ ၂၈-၉။ (၂) အာဒိတ္တသုတ်။ သံယုတ္တနိကာယ၊ ခန္ဓဝဂ္ဂ သံယုတ္တပါဠိ၊ ၁-သံယုတ်၊ (၆) ၁-ဝဂ်၊ ၉-သုတ်။ သံ၊ ၂။ ၅၈-၉။ (၃) အာဒိတ္တသုတ်။ သံယုတ္တနိကာယ၊ သဠာယတနဝဂ္ဂသံယုတ္တပါဠိ၊ ၁-သံယုတ်၊ ၃-ဝဂ်၊ ၆-သုတ်။ သံ၊၂။ ၂၅၁-၂။	(1) el sutta *āditta*. *saṁyuttanikāya*, *sagāthāvaggasaṁyuttapāl̤i*, saṃyutta 1, vagga 5, sutta 1. (2) el sutta *āditta*. *saṁyuttanikāya*, *khandhavagga* *saṁyuttapāl̤i*, saṃyutta 1, (6) vagga 1, sutta 9. (3) el sutta *āditta*. *saṁyuttanikāya*, *sal̤āyatanavaggasaṁyuttapāl̤i*, saṃyutta 1, vagga 3, sutta 6.	(1) the *āditta* sutta. *saṁyuttanikāya*, *sagāthāvaggasaṁyuttapāl̤i*, saṃyutta 1, vagga 5, sutta 1. (2) the *āditta* sutta. *saṁyuttanikāya*, *khandhavagga* *saṁyuttapāl̤i*, saṃyutta 1, (6) vagga 1, sutta 9. (3) the *āditta* sutta. *saṁyuttanikāya*, *sal̤āyatanavaggasaṁyuttapāl̤i*, saṃyutta 1, vagga 3, sutta 6.	Citations (သံ၊၁။ ၂၈-၉။ etc.) dropped; the text locations kept. Stray (၆) in sense (2) copied as (6).
28360	ādinnasipāṭika	ယူအပ်သော အသီးငယ်ရှိသော။	que tiene el fruto pequeño tomado.	having the small fruit taken.	Gloss 'small fruit' for sipāṭika (pod, capsule) is literal; sense unclear.
28376	ādibrahmacariyaka	မြတ်သောအကျင့်-ဗြဟ္မစရိယ-၏ အဦးအစ။ (၁) မဂ်တည်းဟူသော မြတ်သောအကျင့်-မဂ္ဂဗြဟ္မစရိယ-၏ အဦးအစတရား။ (က) မဂ္ဂဗြဟ္မစရိယ၏ အဦးအစဖြစ်သော ဥဘတောဝိဘင်းလာ သိက္ခာပုဒ်။ (ခ) မဂ္ဂဗြဟ္မစရိယ၏ အစ၌ ပွါးများအပ်သော အာဇီဝဋ္ဌမကသီလ။ (ဂ) မဂ္ဂဗြဟ္မစရိယ၏ အစဖြစ်သော ခုဒ္ဒါနုခုဒ္ဒကမှ တစ်ပါးသော သီလ။ (ဃ) မဂ္ဂဗြဟ္မစရိယ၏ အစဖြစ်သော မဟာသီလ သိက္ခာပုဒ် ၄-ပါး(ပါရာဇိက ၄-ပါး)။ (င) မဂ္ဂဗြဟ္မစရိယ၏ အစ (ရှေးဦးအကျင့်) ဖြစ်သော ရတနာသုံးပါးကို ပူဇော်ကြောင်း စကား။ (စ) မဂ္ဂဗြဟ္မစရိယ၏ အစ (ရှေးဦးအကျင့်) ဖြစ်သော သစ္စာလေးပါးကမ္မဋ္ဌာန်း။ (ဆ) မဂ္ဂဗြဟ္မစရိယ၏ အစ (တည်ရာ) ဖြစ်သော တရားဒေသနာ။ မူရင်းကြည့်ပါ။	el comienzo de la práctica noble / *brahmacariya*. (1) el estado inicial de la práctica noble que es el *magga* / *maggabrahmacariya*. (a) las *sikkhāpada* procedentes del *Ubhatovibhaṅga*, que son el comienzo del *maggabrahmacariya*. (b) el *ājīvaṭṭhamakasīla*, cultivado al comienzo del *maggabrahmacariya*. (c) el *sīla* distinto de los *khuddānukhuddaka*, que es el comienzo del *maggabrahmacariya*. (d) las 4 *sikkhāpada* de *mahāsīla* (los 4 *pārājika*), que son el comienzo del *maggabrahmacariya*. (e) las palabras de veneración a las Tres Joyas, que son el comienzo (la práctica inicial) del *maggabrahmacariya*. (f) el *kammaṭṭhāna* de las cuatro *sacca*, que es el comienzo (la práctica inicial) del *maggabrahmacariya*. (g) la exposición de la enseñanza que es el comienzo (el fundamento) del *maggabrahmacariya*. Véase el original.	the beginning of the noble practice / *brahmacariya*. (1) the initial state of the noble practice that is the *magga* / *maggabrahmacariya*. (a) the *sikkhāpada* found in the *Ubhatovibhaṅga*, which are the beginning of the *maggabrahmacariya*. (b) the *ājīvaṭṭhamakasīla*, cultivated at the beginning of the *maggabrahmacariya*. (c) the *sīla* other than the *khuddānukhuddaka*, which is the beginning of the *maggabrahmacariya*. (d) the 4 *sikkhāpada* of *mahāsīla* (the 4 *pārājika*), which are the beginning of the *maggabrahmacariya*. (e) words of veneration of the Three Jewels, which are the beginning (the initial practice) of the *maggabrahmacariya*. (f) the *kammaṭṭhāna* of the four *sacca*, which is the beginning (the initial practice) of the *maggabrahmacariya*. (g) the discourse on the Teaching that is the beginning (the basis) of the *maggabrahmacariya*. See the original.	Ends 'မူရင်းကြည့်ပါ' (see the original): the source defers to a text not given here.
28377	ādibrahmacariyakadhammapāripūrī	မြတ်သောအကျင့်၏ အစဖြစ်သောတရား (ဥဘတောဝိဘင်းလာ သိက္ခာပုဒ်¿) ကို ဖြည့်ကျင့်လေ့ရှိသော၊ သူ။	acostumbrado a cumplir plenamente el estado que es el comienzo de la práctica noble (¿las *sikkhāpada* procedentes del *Ubhatovibhaṅga*?) (dicho de una persona).	in the habit of fulfilling the state that is the beginning of the noble practice (the *sikkhāpada* found in the *Ubhatovibhaṅga*?) (said of a person).	The compiler's own query mark (¿) after the bracketed gloss kept.
28424	ādisaddattha	(၁) အာဒိ-သဒ္ဒါ၏ ။ (တိ)  «S1» (၂) အာဒိသဒ္ဒါရှိသော။	(1) de la palabra *ādi*. (adjetivo) Véase [[ādisaddatthajotaka]]. (2) que tiene la palabra *ādi*.	(1) of the word *ādi*. (adjective) See [[ādisaddatthajotaka]]. (2) having the word *ādi*.	Sense (1) is truncated: 'of the word ādi' with no head noun (probably အနက် 'meaning').
28450	ādīnavañāṇa	အာဒီနဝဉာဏ်၊ (က) အပြစ်ဟု သိမြင်သော ဉာဏ်၊ မြွေပွေး မြွေဟောက်ပမာ ကြောက်စရာဘေးဆိုးဟု သိမြင်ထားအပ်ပြီးသော တေဘူမက ရုပ်နာမ်သင်္ခါရတရားတို့ကို အနာရောဂါဆိုးပမာ သာယာခင်တွယ်စရာမမြင် စက်ဆုပ်ဖွယ် အပြစ်အနာ အပြစ်ဒေါသဟုသာ ရှုဆင်ခြင်တတ်,သိမြင်တတ်သော ဝိပဿနာဉာဏ်။ (ခ) တေဘူမက ရုပ်နာမ်သင်္ခါတရတရားတို့ကို လူဆင်းရဲနှင့်တူ၏ဟု ရှုဆင်ခြင်တတ်,သိမြင်တတ်သော ဝိပဿနာဉာဏ်။	*ādīnavañāṇa*; (a) el conocimiento que conoce y ve como falta; el conocimiento de *vipassanā* que suele contemplar y reflexionar, que suele conocer y ver los estados *saṅkhāra* de *rūpa* y *nāma* *tebhūmaka*, ya conocidos y vistos como un peligro terrible, temible como la víbora o la cobra, sin ver en ellos nada en que deleitarse ni a que apegarse, como una grave enfermedad, solo como falta y llaga, como falta y defecto repugnantes. (b) el conocimiento de *vipassanā* que suele contemplar y reflexionar, que suele conocer y ver los estados *saṅkhāra* de *rūpa* y *nāma* *tebhūmaka* como semejantes a una persona pobre.	*ādīnavañāṇa*; (a) the knowledge that knows and sees as fault; the knowledge of *vipassanā* apt to contemplate and reflect, apt to know and see the *tebhūmaka* *saṅkhāra* states of *rūpa* and *nāma*, already known and seen as a terrible danger, fearful like the viper or the cobra, seeing nothing in them to delight in or cling to, like a grave disease, only as fault and sore, as repulsive fault and defect. (b) the knowledge of *vipassanā* apt to contemplate and reflect, apt to know and see the *tebhūmaka* *saṅkhāra* states of *rūpa* and *nāma* as like a poor person.	In (b) the Burmese has သင်္ခါတရတရား, read as သင်္ခါရတရား.
28494	ādīnavānupassanā	အာဒီနဝါနုပဿနာဉာဏ်၊ အလုံးစုံသော ဘဝ,ယောနိ-စသည် (တေဘူမက နာမ်ရုပ် သင်္ခါရတရား) တို့၌ (ကြောက်ဖွယ် ဘေးဆိုး အနေအားဖြင့် ထင်မြင်လာခြင်းကြောင့် ဖြစ်ပော်လာသော) အပြစ်မြင်သော-အပြစ်အနာတို့ကို ရှုဆင်ခြင်တတ်သော-ဝိပဿနာဉာဏ်။ «S1»	*ādīnavānupassanāñāṇa*; el conocimiento de *vipassanā* que ve la falta / que suele contemplar las faltas y llagas en todos los *bhava*, *yoni* y demás (los estados *saṅkhāra* de *nāmarūpa* de los tres planos, *tebhūmaka*) (que surge por haberse manifestado como un peligro temible). Véase [[ādīnavañāṇa]].	*ādīnavānupassanāñāṇa*; the *vipassanā* knowledge that sees fault / is apt to contemplate faults and sores in all *bhava*, *yoni* and so on (the *nāmarūpa* *saṅkhāra* states of the three planes, *tebhūmaka*) (arising because they have appeared as a fearful danger). See [[ādīnavañāṇa]].	ဖြစ်ပော်လာသော read as ဖြစ်ပေါ်လာသော (arising).
28498	ādīpanīya	ထင်ရှား-ပြသင့်ပြထိုက်သော-စွာပြအပ်သော။	que conviene / que merece mostrarse claramente; mostrado claramente.	fit / worthy to be shown clearly; to be clearly shown.	Hyphenation garbled (ထင်ရှား-ပြသင့်ပြထိုက်သော-စွာပြအပ်သော); read as 'clearly' + 'fit/worthy to be shown' + 'clearly shown'.
28503	ādu	ထိုသို့မဟုတ်။ «S1»	de lo contrario. Véase también [[adu]].	otherwise. See also [[adu]].	ထိုသို့မဟုတ် read as 'or else / otherwise' (particle ādu).
28514	ādevaneyya	အထူးအားဖြင့်-တောင့်တ-ညည်းတွား-ခြင်းကို ပြုတတ်သော။	que suele hacer el anhelar / el lamentarse de modo especial.	apt to do the longing / lamenting in a special way.	First hyphen group အထူးအားဖြင့် ('especially') read as an adverb, not an alternative.
28525	ādhātabbamukha	ထားအပ်သော နှုတ်ရှိသော။ «S1»	que tiene una boca que ha de ser puesta. Véase [[ādheyyamukha]] (2).	having a mouth to be placed. See [[ādheyyamukha]] (2).	Literal; sense of ādhātabbamukha unclear from the Burmese alone.
28532	ādhāraka	(က) တည်ရာ၊ မှီရာ။ (ခ) သပိတ်ခြေ၊ ကရွတ်ခွေ။ (ဂ) ခွေဝန်း၊ ခွေဝိုင်း (နံဘေးပတ်ပတ်လည်မှ ဆိုးရည်ခေါက်များရံ၍ အိုးအလည်၌ ထည့်အပ်သော နှီးခွေစသည်)။	(a) el lugar donde se asienta; aquello en que se apoya. (b) pie del cuenco de limosna; soporte anular. (c) aro; anillo (aro de tiras de bambú y demás, colocado en el centro de la olla, rodeado por todos lados de pliegues [de tela] en el tinte).	(a) that on which something stands; that on which something rests. (b) an alms-bowl stand; a ring stand. (c) a ring; a hoop (a coil of bamboo strips and so on placed in the middle of the pot, surrounded on all sides by folds [of cloth] in the dye).	(c) ဆိုးရည်ခေါက်များရံ၍: reading of 'dye folds' surrounding the ring is uncertain.
28555	ādhāvati	(က) ရှေးရှုပြေးလမ်း။ (ခ) စိတ်နှလုံးကို လွှမ်းမိုး၍ ပြေးဝင်လာ၏။	(a) corre hacia adelante. (b) viene corriendo a entrar, dominando el corazón.	(a) runs forward. (b) comes running in, overpowering the heart.	(a) ပြေးလမ်း read as ပြေး၏ (runs); likely misprint.
28575	ādhipateyya	(၁) အဓိပတိ၊ အကြီးအကဲ။ (၂) အဓိပတိမှ လာသော၊ (က) (ဆန္ဒ,စိတ္တ,ဝီရိယ,ဝီမံသဟူသော) အဓိပတိတရား-မှ-ကြောင့်-ဖြစ်ပော်လာသော။ (ခ) အကြီးအကဲ-အလေးဂရုပြုထိုက်သူ-ဟူသော အကြောင်းကြောင့်ဖြစ်သော၊ အလေးဂရုပြုထိုက်သူ၏ အရာ၌ထား၍ ဖြစ်ပော်လာစေထိုက်သော၊ တရား (မိမိ၏ဂုဏ်သိက္ခာကို ငဲ့သောအားဖြင့်သော်လည်းကောင်း,အခြားသော သူတော်ကောင်းပုဂ္ဂိုလ်များ,လောကုတ္တရာတရားတော်ကို လေးစားသောအားဖြင့် သော်လည်းကောင်း မကောင်းမှု အကုသိုလ်ကို မပြုခြင်း,ကုသိုလ်တရားကို တိုးပွါးစေခြင်း)။ (န) (၃) အဓိပတိ-အကြီးအကဲ-၏ အဖြစ်၊ အကြီးအကဲဖြစ်ခြင်း၊ စိုးမိုးအုပ်ချုပ်ခြင်း။ «S1»	(1) *adhipati*; jefe. (2) que proviene del *adhipati*: (a) que surge de / a causa de los estados *adhipati* (es decir *chanda*, *citta*, *vīriya* y *vīmaṁsa*). (b) que se da por la razón de ser jefe / persona digna de respeto; que merece hacerse surgir poniendo [a alguien] en el lugar de persona digna de respeto (dicho de un estado) (el no hacer la mala acción, lo insano, y el hacer crecer los estados sanos, ya sea por consideración a la propia dignidad, ya sea por respeto a otras personas virtuosas y a la Enseñanza *lokuttarā*). (neutro) (3) el hecho de ser *adhipati* / jefe; el ser jefe; el dominar y gobernar. Véase también [[ādhipateyyaṭṭha]].	(1) *adhipati*; chief. (2) coming from the *adhipati*: (a) arising from / because of the *adhipati* states (namely *chanda*, *citta*, *vīriya* and *vīmaṁsa*). (b) occurring for the reason of being a chief / a person worthy of respect; fit to be brought about by placing [someone] in the position of a person worthy of respect (said of a state) (the not doing of evil deeds, the unwholesome, and the increasing of wholesome states, whether out of regard for one's own dignity or out of respect for other good persons and for the *lokuttarā* Teaching). (neuter) (3) the state of being *adhipati* / chief; the being chief; the dominating and governing. See also [[ādhipateyyaṭṭha]].	(2)(b) long clause; the placement of 'said of a state' (၊ တရား) before the bracketed gloss follows the Burmese order.
28586	ādhūmita	အခိုးဖြင့်ပြည့်သော¿။	lleno de humo.	full of smoke.	Source ends with ¿ after the gloss (compiler's query mark?); dropped.
28590	āna	(၁) တွက်သက်လေ။ (၂) ဝင်သက်လေ။ «S1»	(1) el aire espirado. (2) el aire inspirado. Véanse [[apāna]], [[assāsapassāsa]].	(1) the out-breath. (2) the in-breath. See [[apāna]], [[assāsapassāsa]].	တွက်သက် read as ထွက်သက် (out-breath).
28600	ānantariya	အာနန္တရိက(ယ)ကံ-နှင့် ပြည့်စုံသော-ကို ကျူးလွန်သော၊ သူ။	dotado del / que ha cometido el *ānantarikakamma* (*ānantariyakamma*) (dicho de una persona).	endowed with / having committed the *ānantarikakamma* (*ānantariyakamma*) (said of a person).	Label ကြိ (verb) but the definition is adjectival; label likely wrong.
28602	ānantarikasamādhi	မိမိ (မဂ်တရား)၏ အခြားမဲ့၌ ဖြစ်သော ဖိုလ်ဟူသော အကျိုး-၌ယှဉ်-ရှိ-သော သမာဓိ၊ မိမိဖြစ်ပြီးသည်,တပြိုင်နက် ချက်ခြင်း ဖိုလ်ဟူသော အကျိုးတရားကို မချွတ်မလွဲ အမြဲမုချ ဖြစ်ပော်လာစေတတ်သော မဂ်သမာဓိ။ အာနန္တရိက,အာနန္တရိက(ယ)-(၁-ဂ)-ကြည့်။	la *samādhi* que está asociada con / que tiene el resultado que es el *phala*, el cual se da inmediatamente a continuación de ella misma (el estado *magga*); la *maggasamādhi* que, en el mismo instante en que ha surgido, suele hacer surgir el estado resultante que es el *phala* infaliblemente, siempre, con certeza. Véase [[ānantarika]], [[ānantarika(ya)]] (1-c).	the *samādhi* associated with / having the result that is the *phala*, which occurs immediately after itself (the *magga* state); the *maggasamādhi* that, at the very instant it has arisen, is apt to bring about the resultant state that is the *phala* unfailingly, always, certainly. See [[ānantarika]], [[ānantarika(ya)]] (1-c).	In-text cross-reference (…ကြည့်) was not turned into a «S» placeholder; rendered as 'Véase' with the headwords kept in ⟦ ⟧.
28605	ānantariyakamma	အာနန္တရိယကံ။ (က) စုတိ၏အခြားမဲ့၌ဖြစ်သော အကျိုး-၌ယှဉ်သော-ရှိသော-ကို ပြုခြင်းအလေ့ရှိသောကံ၊ စုတိစိတ်ဖြစ်ပြီး (သေပြီး)သည်,တပြိုင်နက် ချက်ခြင်း အပါယ်ငရဲ ပဋိသန္ဓေအကျိုးကို မချွတ်မလွဲ အမြဲမုချဖြစ်ပော်လာစေတတ်သောကံ။ (ခ) အန္တရာယ်-အနှောက်အယှက် အဖျက်အဆီး-မရှိသောကံ၊ အပါယ်ငရဲ ပဋိသန္ဓေအကျိုးကို မပေးနိုင်စေခြင်းငှါ အခြားသော ဆန့်ကျင်ဘက်ကံများက အန္တရာယ်မပြု-မတားမြစ်မဖျက်ဆီး-နိုင်သောကံ။ အာနန္တရိက(ယ)-(၂)-ကြည့်။	*ānantariyakamma*. (a) el *kamma* que suele hacer el resultado que está asociado con / que tiene [lugar] inmediatamente a continuación de la *cuti*; el *kamma* que, en el mismo instante en que ha surgido la *cuticitta* (tras morir), suele producir infaliblemente, siempre, con certeza, el resultado de *paṭisandhi* en el infierno de los *apāya*. (b) el *kamma* sin peligro / estorbo ni obstrucción; el *kamma* que otros *kamma* opuestos no pueden poner en peligro / impedir ni destruir para hacer que no pueda dar el resultado de *paṭisandhi* en el infierno de los *apāya*. Véase [[ānantarika(ya)]] (2).	*ānantariyakamma*. (a) the *kamma* in the habit of doing the result that is associated with / has [its place] immediately after the *cuti*; the *kamma* that, at the very instant the *cuticitta* has arisen (having died), is apt to bring about unfailingly, always, certainly, the result of *paṭisandhi* in the hell of the *apāya*. (b) the *kamma* without danger / hindrance or obstruction; the *kamma* that other opposing *kamma* cannot endanger / prevent or destroy so as to make it unable to give the result of *paṭisandhi* in the hell of the *apāya*. See [[ānantarika(ya)]] (2).	In-text cross-reference (…ကြည့်) not placeholdered; rendered as 'Véase'.
28606	ānantarikakamma	အာနန္တရိယကံ။ (က) စုတိ၏အခြားမဲ့၌ဖြစ်သော အကျိုး-၌ယှဉ်သော-ရှိသော-ကို ပြုခြင်းအလေ့ရှိသောကံ၊ စုတိစိတ်ဖြစ်ပြီး (သေပြီး)သည်,တပြိုင်နက် ချက်ခြင်း အပါယ်ငရဲ ပဋိသန္ဓေအကျိုးကို မချွတ်မလွဲ အမြဲမုချဖြစ်ပော်လာစေတတ်သောကံ။ (ခ) အန္တရာယ်-အနှောက်အယှက် အဖျက်အဆီး-မရှိသောကံ၊ အပါယ်ငရဲ ပဋိသန္ဓေအကျိုးကို မပေးနိုင်စေခြင်းငှါ အခြားသော ဆန့်ကျင်ဘက်ကံများက အန္တရာယ်မပြု-မတားမြစ်မဖျက်ဆီး-နိုင်သောကံ။ (ခ) အာနန္တရိက(ယ)-(၂)-ကြည့်။	*ānantariyakamma*. (a) el *kamma* que suele hacer el resultado que está asociado con / que tiene [lugar] inmediatamente a continuación de la *cuti*; el *kamma* que, en el mismo instante en que ha surgido la *cuticitta* (tras morir), suele producir infaliblemente, siempre, con certeza, el resultado de *paṭisandhi* en el infierno de los *apāya*. (b) el *kamma* sin peligro / estorbo ni obstrucción; el *kamma* que otros *kamma* opuestos no pueden poner en peligro / impedir ni destruir para hacer que no pueda dar el resultado de *paṭisandhi* en el infierno de los *apāya*. (b) Véase [[ānantarika(ya)]] (2).	*ānantariyakamma*. (a) the *kamma* in the habit of doing the result that is associated with / has [its place] immediately after the *cuti*; the *kamma* that, at the very instant the *cuticitta* has arisen (having died), is apt to bring about unfailingly, always, certainly, the result of *paṭisandhi* in the hell of the *apāya*. (b) the *kamma* without danger / hindrance or obstruction; the *kamma* that other opposing *kamma* cannot endanger / prevent or destroy so as to make it unable to give the result of *paṭisandhi* in the hell of the *apāya*. (b) See [[ānantarika(ya)]] (2).	Duplicate '(ခ)' before the closing cross-reference in the source, kept as (b); cross-reference not placeholdered.
28610	ānantariyakopaghātaka	အာနန္တရိယကံကို-ညှဉ်းဆဲ-နှိပ်စက်-သတ်ဖြတ်-ဖျက်ဆီး-တတ်သော။ ။	que suele atormentar / oprimir / matar / destruir el *ānantariyakamma*.	apt to torment / oppress / kill / destroy the *ānantariyakamma*.	Source ends with a stray second ။.
28612	ānantariyadīpana	အာနန္တရိယကံကို ပြုခြင်း။	el cometer el *ānantariyakamma*.	the doing of the *ānantariyakamma*.	Headword -dīpana suggests 'showing' (ပြခြင်း); Burmese has ပြုခြင်း 'doing', possibly a misprint.
28625	ānanda	အာနန္ဒ-မည်သောသူ။ (၁) အာနန္ဒမည်သော ပစ္စေကဗုဒ္ဓါ။ (၂) အာနန္ဒထေရ်၊ ဧတဒဂ်-ငါးတန်ရ မြတ်စွာဘုရား၏ အမြတ်ဆုံးအလုပ်အကျွေး အရှင်အာနန္ဒာ။ (၃) အာနန္ဒထေရ်၊ အဘိဓမ္မဋီကာ (မူလဋီကာ) ကျမ်းပြု အရှင်အာနန္ဒာ။ (၄) အာနန္ဒမင်း။ (၅) အာနန္ဒမင်းသား။ (၆) တိဿမြတ်စွာဘုရား၏သားတော် အာနန္ဒ။ (၇) အာနန္ဒသတိုးသား။ (၈) အာနန္ဒသူဌေး။ (၉) အာနန္ဒစေတီ။ (၁၀) အာနန္ဒဘီလူး။ (၁၁) အာနန္ဒလင်းတမင်း။ (၁၂) အာနန္ဒ ငါးမင်း။ မူရင်းကြည့်ပါ။	la persona llamada *ānanda*. (1) el *paccekabuddha* llamado *ānanda*. (2) el *thera* *ānanda*; el Venerable *ānandā*, el más excelso asistente del Buddha, que obtuvo cinco *etadagga*. (3) el *thera* *ānanda*; el Venerable *ānandā*, autor de la *abhidhammaṭīkā* (*mūlaṭīkā*). (4) el rey *ānanda*. (5) el príncipe *ānanda*. (6) *ānanda*, hijo del Buddha *tissa*. (7) el joven de buena familia *ānanda*. (8) el acaudalado *ānanda*. (9) el *cetiya* *ānanda*. (10) el ogro *ānanda*. (11) el rey de los buitres *ānanda*. (12) el rey de los peces *ānanda*. Véase el original.	the person named *ānanda*. (1) the *paccekabuddha* named *ānanda*. (2) the *thera* *ānanda*; the Venerable *ānandā*, the foremost attendant of the Buddha, who gained five *etadagga*. (3) the *thera* *ānanda*; the Venerable *ānandā*, author of the *abhidhammaṭīkā* (*mūlaṭīkā*). (4) King *ānanda*. (5) Prince *ānanda*. (6) *ānanda*, son of the Buddha *tissa*. (7) the young man of good family *ānanda*. (8) the rich man *ānanda*. (9) the *ānanda* *cetiya*. (10) the ogre *ānanda*. (11) the vulture king *ānanda*. (12) the fish king *ānanda*. See the original.	Ends with မူရင်းကြည့်ပါ 'see the original' (compiler's note); kept.
28639	ānandabhaddekarattasutta	အာနန္ဒဘဒ္ဒေကရတ္တသုတ်။ ။	el sutta *ānandabhaddekaratta*.	the *ānandabhaddekaratta* Sutta.	Source ends with a stray second ။.
28657	ānandita	နှစ်သက်-ဝမ်းမြောက်-သော၊ အလွန်အကဲ ဖြစ်ပော်လာသော နှစ်သက် ဝမ်းမြောက်မှု ရှိသော။	deleitado / alegre; que tiene un deleite y una alegría surgidos en sumo grado.	delighted / glad; having delight and gladness arisen exceedingly.	Label ပု (masculine noun) but the definition is adjectival.
28701	ānāpānassatibhāvanā	အာနာပါနဿတိကို-ပွါးစေခြင်း-ပွါးများမှုလုပ်ငန်း။ ။	el desarrollar / la tarea de cultivar la *ānāpānassati*.	the developing / the work of cultivating the *ānāpānassati*.	Source ends with a stray second ။.
28740	ānisaṁsasata	အကျိုး-အာနိသင်-တို့၏ အရာ၊ အာနိသင်တရာ။	cien beneficios / *ānisaṁsa*; cien *ānisaṁsa*.	a hundred benefits / *ānisaṁsa*; a hundred *ānisaṁsa*.	အရာ read as ရာ 'hundred' (headword -sata); as printed it would mean 'matter/thing'.
28742	ānisada	တင်ပါး၊ တင်ပါးဆုံ။ ။	las nalgas; la cadera.	the buttocks; the hip.	Source ends with a stray second ။.
28764	ānupubbikathā	ရှေ့အားလျော်သော-အစဉ်ဖြစ်သော- စကား၊ အစဉ်အတိုင်း ပြောဟောအပ်သော စကား၊ ဒါနကထာ၏ နောက်၌ သီလကထာစသည်ဖြင့် ဟောအပ်သော ဒေသနာအစဉ်။ အနုပုဗ္ဗီ-(၁)-ကြည့်၊ အနုပုဗ္ဗိကထာ-လည်းကြည့်။	las palabras que se conforman a lo anterior / que siguen un orden; las palabras dichas y predicadas en orden; la secuencia de la enseñanza, predicada con la *sīlakathā* y demás después de la *dānakathā*. Véase [[anupubbī]] (1); véase también *anupubbikathā*.	words conforming to what precedes / following an order; words spoken and preached in order; the sequence of teaching, preached with the *sīlakathā* and so on after the *dānakathā*. See [[anupubbī]] (1); see also *anupubbikathā*.	In-text cross-references (ကြည့်, လည်းကြည့်) not placeholdered; rendered as Véase / See with headwords in ⟦ ⟧.
28768	ānubhāvajuti	အာနုဘော်တည်းဟူသော အရောင်။ (တောက်ပတတ်သော-တန်ခိုး-အာနုဘော်။ ပခုက္ကူ၊ဒီ၊ဋ္ဌ၊သျ)။	el resplandor que es la majestad. (poder / majestad que suele resplandecer).	the radiance that is majesty. (power / majesty apt to shine).	Citation ပခုက္ကူ၊ဒီ၊ဋ္ဌ၊သျ (Pakokku dictionary, Dī. aṭṭhakathā, Sy. edition?) dropped per rule 5.
28770	ānubhāvadassanānusāra	အာနုဘော်ကို မြင်စွမ်းနိုင်ခြင်းကို-အစဉ်လျှောက်-အစဉ်မှီးခြင်း။	el seguir en orden / el conformarse sucesivamente a la capacidad de ver la majestad.	the following in order / conforming in sequence to the ability to see the majesty.	Sense of the definition uncertain.
28781	ānubhāvasampadā	တန်ခိုး-အာနုဘော်-နှင့် ပြည့်စုံခြင်း။ ။	el estar dotado de poder / majestad.	the being endowed with power / majesty.	Source ends with a stray second ။.
28787	āneñja	(၁) မတုန်လှုပ်-မလှုပ်ရှား-သော၊ ခန္ဓာအစဉ်၏ လှုပ်ရှားကြောင်း နီဝရဏ-မရှိ-ကို ကောင်းစွာ ပယ်ခွါတတ်-သော၊ လှုပ်ရှားတတ်သော ရူပတဏှာမရှိသော၊ တရား။ (ရူပါဝစရ စတုတ္ထဈာန် စေတနာသုံးပါး,အရူပါဝစရစေတနာ ၁၂-ပါး အားဖြင့် ၁၅-ပါးတည်း၊ အရာဌာနအားလျော်စွာ အောက်ပါအတိုင်းလည်း ခွဲခြားရာ၏)။ (က) ရူပါဝစရစတုတ္ထဈာန်။ (ခ) စတုတ္ထဈာန်သမာဓိ။ (ဂ) အာကာသာနဉ္စာယတနဈာန်။ (ဃ) ဝိညာဏဉ္စာယတနဈာန်။ (င) အာကိဉ္စညာယတနဈာန်။ (စ) အရူပသမာပတ်။ (ဆ) အရူပကုသိုလ်စေတနာ။ (၂) မတုန်လှုပ်-မရွေ့ရှား-သော၊ ဆင်။ «S1»	(1) que no tiembla / que no se agita; que no tiene / que suele abandonar bien los *nīvaraṇa*, causa de agitación de la continuidad de los *khandha*; que no tiene la *rūpataṇhā*, que suele agitar (dicho de un estado). (Son 15: las tres *cetanā* del *catutthajjhāna* *rūpāvacara* y las 12 *cetanā* *arūpāvacara*; según el contexto, se ha de distinguir también como sigue). (a) el *rūpāvacaracatutthajjhāna*. (b) la *samādhi* del *catutthajjhāna*. (c) el *ākāsānañcāyatanajhāna*. (d) el *viññāṇañcāyatanajhāna*. (e) el *ākiñcaññāyatanajhāna*. (f) la *arūpasamāpatti*. (g) la *cetanā* sana *arūpa*. (2) que no tiembla / que no se mueve (dicho de un elefante). Véase [[āneñjakārita]].	(1) not trembling / not agitated; not having / apt to abandon well the *nīvaraṇa*, the cause of agitation of the continuity of the *khandha*; not having the *rūpataṇhā*, which is apt to agitate (said of a state). (They are 15: the three *cetanā* of the *rūpāvacara* *catutthajjhāna* and the 12 *arūpāvacara* *cetanā*; according to context, it should also be distinguished as follows). (a) the *rūpāvacaracatutthajjhāna*. (b) the *catutthajjhāna* *samādhi*. (c) the *ākāsānañcāyatanajhāna*. (d) the *viññāṇañcāyatanajhāna*. (e) the *ākiñcaññāyatanajhāna*. (f) the *arūpasamāpatti*. (g) the wholesome *arūpa* *cetanā*. (2) not trembling / not moving (said of an elephant). See [[āneñjakārita]].	(e) printed အာကိဉ္စညာယတန (for ākiñcaññāyatana); romanised in the correct form.
28798	āneñjasaṁyojana	အာနေဉ္ဇသမာပတ်ဟူသော-ဖွဲ့ယှဉ်တတ်သောတရား-သံယောဇဉ်။ ။	el estado que suele atar / el *saṁyojana* que es la *āneñjasamāpatti*.	the binding state / the *saṁyojana*, namely the *āneñjasamāpatti*.	Source ends with a stray second ။.
28799	āneñjasappāya	(၁) အာနေဉ္ဇသပ္ပါယ သုတ်။ (တိ) (၂) မတုန်လှုပ်သော စတုတ္ထဈန်အား လျော်သော။	(1) el sutta *āneñjasappāya*. (adjetivo) (2) adecuado al *catutthajjhāna* inconmovible.	(1) the *āneñjasappāya* Sutta. (adjective) (2) suited to the unshakeable *catutthajjhāna*.	စတုတ္ထဈန် read as စတုတ္ထဈာန်.
28807	āneñjādhimutta	ကိလေသာဟူသော တုန်လှုပ်ကြောင်း မရှိသော သမာပတ်-အနေဉ္ဇသမာပတ်-၌ စိတ်ညွတ်သော။	cuya mente se inclina hacia la *samāpatti* que no tiene la causa de temblor que son las *kilesa* / hacia la *āneñjasamāpatti*.	whose mind inclines to the *samāpatti* lacking the cause of trembling that is the *kilesa* / to the *āneñjasamāpatti*.	Printed အနေဉ္ဇသမာပတ် (short a), romanised as āneñjasamāpatti.
28808	āneñjābhisaṅkhāra	မတုန်လှုပ်သော-ငြိမ်သက်သော-အရူပဝိပါက်ကို-အရူပဘဝကို-ပြုပြင်စီရင်တတ်သောတရား၊ အတုန်လှုပ်သောတရားဟူသော ပြုပြင်စီရင်တတ်သောတရား၊ အာနေဉ္ဇာဘိသင်္ခါရ (အရူပါဝစရကုသိုလ် စေတနာ လေးပါး)။	el estado que suele formar y disponer el *arūpavipāka* / la *arūpabhava* inconmovible / sereno; el estado formador que es un estado inconmovible; *āneñjābhisaṅkhāra* (las cuatro *cetanā* sanas *arūpāvacara*).	the state apt to form and arrange the unshakeable / tranquil *arūpavipāka* / *arūpabhava*; the forming state that is an unshakeable state; *āneñjābhisaṅkhāra* (the four wholesome *arūpāvacara* *cetanā*).	အတုန်လှုပ်သော read as မတုန်လှုပ်သော (unshakeable).
28831	āpa	(၁) ရေ။ (မြစ်,ချောင်း,ကန်စသည်တို့၌ရှိသော ရေ၊ အရည်။ ၎င်းကို ဝဏ္ဏဂန္ဓ-စသော အခြံအရံ ဒြဗ်အဆောက်အဦ,တကွဖြစ်သောကြောင့် သသမ္ဘာရအာပေါဟုခော်၏)။ (၂) ဖွဲ့စည်း-ယိုစီး-စေးကပ်စွတ်စို-ခြင်းဟူသော သဘောလက္ခဏာ၊ အာပေါဓာတ်။ (၎င်းကို လက္ခဏအာပေါ-ဟု ခော်၏။ «S1» (၃) ဈာန်၏ အာရုံ ပဋိဘာဂနိမိတ်ဖြစ်သော ရေ၊ အာပေါကသိုဏ်း၊ ရေကသိုဏ်း၊ (၎င်းကို အာရမ္မဏအာပေါ-ဟုလည်းကောင်း,နိမိတ္တအာပေါ-ဟု လည်းကောင်း ခော်၏)။ «S2» (၄) အာပေါအမည်ရှိသော နတ်။ (အာပေါကသိုဏ်းကို အာရုံပြု၍ စီးဖြန်းပွါးများသဖြင့် အာပေါကသိဏဈာန်ကို ရရှိပြီးနောက် နတ်ပြည်၌ ဖြစ်သောအခါ၌လည်း မိမိရရှိခဲ့သော ဈာန်အားလျော်စွာ ၎င်းနတ်ကို အာပေါနတ်ဟုပင် ခော်ဝော်သမုတ်၏၊ ၎င်းကို သမ္မုတိအာပေါဟု ခော်သည်)။	(1) el agua. (El agua, el líquido que hay en ríos, arroyos, estanques y demás. Como existe junto con los materiales acompañantes, como *vaṇṇagandha* y demás, se le llama *sasambhāraāpo*). (2) la característica de la naturaleza que es el cohesionar / el fluir / el adherir y humedecer; el *āpodhātu*. (A esto se le llama *lakkhaṇaāpo*. Véase también [[āpodhātu]]. (3) el agua que es el *paṭibhāganimitta*, objeto del *jhāna*; el *āpokasiṇa*; el *kasiṇa* de agua (a esto se le llama *ārammaṇaāpo* y también *nimittaāpo*). Véase también [[āpokasiṇa]]. (4) la deidad llamada *āpo*. (Cuando, tras haber obtenido el *āpokasiṇajjhāna* cultivando y desarrollando con el *āpokasiṇa* como objeto, se surge en el mundo de las deidades, a esa deidad se la denomina por convención deidad *āpo*, de acuerdo con el *jhāna* obtenido; a esto se le llama *sammutiāpo*).	(1) water. (The water, the liquid in rivers, streams, ponds and so on. Because it exists together with accompanying materials such as *vaṇṇagandha* and so on, it is called *sasambhāraāpo*). (2) the characteristic of the nature that is cohering / flowing / adhering and moistening; the *āpodhātu*. (This is called *lakkhaṇaāpo*. See also [[āpodhātu]]. (3) the water that is the *paṭibhāganimitta*, the object of *jhāna*; the *āpokasiṇa*; the water *kasiṇa* (this is called *ārammaṇaāpo* and also *nimittaāpo*). See also [[āpokasiṇa]]. (4) the deity named *āpo*. (When, having obtained the *āpokasiṇajjhāna* by cultivating and developing with the *āpokasiṇa* as object, one arises in the world of deities, that deity is by convention called the *āpo* deity, in accordance with the *jhāna* obtained; this is called *sammutiāpo*).	Sense (2): the bracket opened before လက္ခဏအာပေါ is never closed in the source; left as printed.
28834	āpakā	မြစ်။ သုပတိတ္ထေ အာပကေ-ဟု ရှိသည်ကား လိင်္ဂဝိပလ္လာသတည်း၊ အာပဂါ-ကြည့်။	el río. Que aparezca *supatitthe āpake* es un *liṅgavipallāsa*; véase *āpagā*.	a river. The reading *supatitthe āpake* is a *liṅgavipallāsa*; see *āpagā*.	In-text cross-reference (…ကြည့်) not placeholdered; rendered as Véase / See.
28854	āpajjīyati	အစစွာ ရောက်အပ်၏။	es alcanzado desde el principio.	is reached from the outset.	အစစွာ unclear ('from the beginning' / 'thoroughly'?).
28879	āpatti	(၁) (က) အာပတ်၊ မြတ်စွာဘုရား၏ အာဏာဒေသနာတော်ဖြစ်သော ဝိနည်းသိက္ခာပုဒ်တို့ကို ကျူးလွန်သော ရဟန်း,ရဟန်းမတို့အား သင့်ရောက်သော ပါရာဇိက,သံဃာဒိသေသ်-စသော အပြစ်များ။ (၎င်း အာပတ်တို့မှာ မာတိကာ ပါဠိတော်၌ ပါရာဇိက,သံဃာဒိသေသ,ပါစိတ္တိယ,ပါဋိဒေသနီယ,ဒုက္ကဋ-ဟူ၍ ၅-မျိုးဟောတော်မူ၏။ ဝိဘင်း (ပဒဘာဇနီ) ပါဠိတော်၌ ထုလ္လစ္စယနှင့် ဒုဗ္ဘာသိတ-ဟု နောက်ထပ်နှစ်မျိုး ထည့်စွက်၍ ၇-မျိုးဟောတော်မူ၏။ အာပတ်ဟူသည် ပရမတ္ထဖြစ်သော အကုသိုလ်တရား,ရုပ် အဗျာကတ တရားဖြစ်သည်ဟု သာရတ္ထ၊၃။ ၃၇၈-၉-၌ ဆို၏။ (ခ) အာပတ် (သောတာပတ္တိ,သမာပတ္တိ၌ ပါရှိသော အာပတ်)။ (၂) ရောက်ခြင်း။	(1) (a) *āpatti*; las faltas, como *pārājika*, *saṅghādisesa* y demás, en que incurren los monjes y las monjas que transgreden los *sikkhāpada* del *vinaya*, que son la enseñanza de autoridad del Buddha. (En el texto canónico *mātikā* estas *āpatti* se enseñan como 5 clases: *pārājika*, *saṁghādisesa*, *pācittiya*, *pāṭidesanīya*, *dukkaṭa*. En el texto canónico del *vibhaṅga* (*padabhājanī*) se enseñan como 7 clases, añadiendo otras dos, *thullaccaya* y *dubbhāsita*. En la *sārattha* se dice que la *āpatti* es, en sentido último (*paramattha*), un estado insano o un estado material *abyākata*). (b) *āpatti* (la *āpatti* contenida en *sotāpatti*, *samāpatti*). (2) el llegar.	(1) (a) *āpatti*; the offences, such as *pārājika*, *saṅghādisesa* and so on, incurred by monks and nuns who transgress the *sikkhāpada* of the *vinaya*, which are the Buddha's teaching of authority. (In the canonical *mātikā* text these *āpatti* are taught as 5 kinds: *pārājika*, *saṁghādisesa*, *pācittiya*, *pāṭidesanīya*, *dukkaṭa*. In the canonical text of the *vibhaṅga* (*padabhājanī*) they are taught as 7 kinds, adding two more, *thullaccaya* and *dubbhāsita*. The *sārattha* says that *āpatti* is, in the ultimate sense (*paramattha*), an unwholesome state or a material *abyākata* state). (b) *āpatti* (the *āpatti* contained in *sotāpatti*, *samāpatti*). (2) the reaching.	Citation သာရတ္ထ၊၃။ ၃၇၈-၉ reduced to the work's name (kept, since the sentence cites it); ⟦သာရတ္ထ⟧ is presumably Sāratthadīpanī.
28891	āpattikusalatā	အာပတ် ၅-မျိုး,၇-မျိုးတို့၌ လိမ္မာကျွမ်းကျင်သူ၏ အဖြစ်၊ အာပတ်သင့်ခြင်း၏ အကြောင်းရင်း ဝတ္ထုနှင့် တကွ ထိုအာပတ်အမျိုးအစားတို့ကို ခွဲခြားသိနားလည်-ခြင်း-သောပညာ။	el hecho de ser hábil y experto en las 5 / 7 clases de *āpatti*; el distinguir y comprender / la *paññā* que distingue y comprende las clases de *āpatti* junto con el asunto que es la causa raíz del incurrir en *āpatti*.	the state of being skilled and expert in the 5 / 7 kinds of *āpatti*; the distinguishing and understanding / the *paññā* that distinguishes and understands the kinds of *āpatti* together with the matter that is the root cause of incurring an *āpatti*.	-kusalatā here is 'skill' (လိမ္မာကျွမ်းကျင်), not kusala = sano; translated accordingly.
28915	āpattidosa	ရှေးရှူရောက်ခြင်းဟူသော-ဒေါသ-အပြစ်။	el *dosa* / la falta que es el llegar hacia [ella].	the *dosa* / fault that is the reaching towards [it].	Odd gloss: defines āpatti- as 'reaching towards'; ဒေါသ here means 'fault', not 'hatred'.
28948	āpattiropana	အာပတ်သို့ တင်ပို့ခြင်း။	el imputar como *āpatti*.	the charging as *āpatti*.	တင်ပို့ 'raise / send up to': rendered as 'charging with'; literal 'bringing up to āpatti'
28964	āpattivuṭṭhānakusalatā	(ကမ္မဝါစာ,ဒေသနာပြောကြားမှုတို့နှင့် တကွ) 'အာပတ်မှ-ထမြောက်မှု-ကင်းစင်ပပျောက်မှု-တို့၌ လိမ္မာကျွမ်းကျင်သူ၏ အဖြစ်။	(junto con la *kammavācā* y la recitación de la *desanā*) el hecho de ser uno hábil y experto en el emerger / el quedar limpio y desaparecer de la *āpatti*.	(together with the *kammavācā* and the pronouncing of the *desanā*) the state of one skilled and expert in the emerging / the becoming clear and rid of *āpatti*.	stray apostrophe before အာပတ် in the source; dropped
28973	āpattisabhāga	အာပတ်အားဖြင့်-တူသော အဖို့ရှိသော-သဘောတူသော၊ ပါစိတ်ဟူသော နာမည်,ဒုက္ကဋ်ဟူသော နာမည်-စသည်ဖြင့် အချင်းချင်းချင်း တစ်ခုနှင့်တစ်ခု-နာမည်တူ-သဘောတူ-ဖြစ်သော၊ အာပတ်။	que tiene una parte semejante / que es de naturaleza semejante en cuanto a *āpatti*; que es mutuamente, una con otra, del mismo nombre / de la misma naturaleza, por el nombre *pācittiya*, el nombre *dukkaṭa* y demás (dicho de una *āpatti*).	having a similar share / being of similar nature by way of *āpatti*; being mutually, one with another, of the same name / of the same nature, by the name *pācittiya*, the name *dukkaṭa* and so on (said of an *āpatti*).	source has အချင်းချင်းချင်း (a syllable duplicated); read as အချင်းချင်း
28978	āpattisamudaya	(၁) (က) အာပတ်၏ဖြစ်ကြောင်း သမုဋ္ဌာန် (အာပတ္တိသမုဋ္ဌာန်ခြောက်ပါး)။ (ခ) အာပတ်၏ ဖြစ်ကြောင်းဝတ္ထု၊ အာပတ်သင့်ခြင်း၏ အကြောင်းဖြစ်သော မေထုန်လွန်ကျူးမှု- စသောဝတ္ထု။ (တိ) (၂) အာပတ်ဟူသော ဖြစ်ကြောင်းရှိသော။ (တိ)  «S1»	(1) (a) el *samuṭṭhāna* que es origen de la *āpatti* (los seis *āpattisamuṭṭhāna*). (b) la base que es origen de la *āpatti*; la base, la transgresión de *methuna* y demás, que es causa de incurrir en *āpatti*. (adjetivo) (2) que tiene la *āpatti* como origen. (adjetivo) Véase [[āpattijātika]].	(1) (a) the *samuṭṭhāna* that is the origin of *āpatti* (the six *āpattisamuṭṭhāna*). (b) the basis that is the origin of *āpatti*; the basis, the transgression of *methuna* and so on, that is the cause of incurring *āpatti*. (adjective) (2) having *āpatti* as origin. (adjective) See [[āpattijātika]].	(တိ) after sense 1(b), a noun sense, looks misplaced; kept as in source
28982	āpattisambhāra	အာပတ်ဟူသော-အဆောက်အဦ-အကြောင်းရင်း-ရှိသော၊ အာပတ္တိဇာတိက-ကြည့်။	que tiene la *āpatti* como material de construcción / causa raíz; véase *āpattijātika*.	having *āpatti* as building material / root cause; see *āpattijātika*.	cross-reference 'အာပတ္တိဇာတိက-ကြည့်' was not replaced by an «S» placeholder; rendered as 'véase / see' + Pāḷi
28989	āpadattha	(က) ပျက်စီးခြင်း-ပျက်စီးသည်ကို ပြင်ဆင်ခြင်း-အကျိုး။ (ခ) ဘေးရန်အန္တရာယ်၏ အကျိုး၊ ဘေးရန်အန္တရာယ် ဖြစ်ပော်လာသောအခါ သုံးစွဲခြင်းအကျိုး။	(a) la ruina / el reparar lo arruinado / beneficio. (b) el beneficio frente a peligros y calamidades; el beneficio de emplear (algo) cuando sobrevienen peligros y calamidades.	(a) ruin / the repairing of what is ruined / benefit. (b) the benefit against dangers and calamities; the benefit of using (something) when dangers and calamities arise.	sense (a): the hyphen chain ပျက်စီးခြင်း-ပျက်စီးသည်ကို ပြင်ဆင်ခြင်း-အကျိုး is ambiguous (possibly 'benefit of ruin / of repairing what is ruined'); kept as three alternatives
29004	āpannavinibbhuttabhāva	(အနက်အဓိပ္ပါယ်အားဖြင့်) သက်ရောက်သော အသီးအသီးခွဲခြား ဝေဖန်အပ်သည့် အဖြစ်ရှိသော။	(en cuanto al significado) que tiene el estado de aplicarse y de ser distinguido y analizado cada uno por separado.	(by way of meaning) having the state of applying and of being distinguished and analysed each one separately.	သက်ရောက်သော here uncertain ('applying' vs 'attained'); sense of the whole gloss unclear
29014	āpayati	(၁) တိုးပွါးစေ၏။ (၂) ရောက်စေ၏၊ ခော်ယူ၍ သွား၏။	(1) hace crecer. (2) hace llegar; toma y se va.	(1) causes to increase. (2) causes to reach; takes and goes off.	label ကာ၊ကြိ (causative verb); ခော်ယူ read as ခေါ်ယူ
29047	āpāditarukkha	ရောက်စေအပ်သော သစ်ပင်။	árbol llevado (a un estado).	a tree brought (to a state).	ရောက်စေအပ်သော သစ်ပင် 'a tree caused to reach': the state reached is not given
29051	āpādetabbaāpatti	ရောက်စေအပ်သော သတ္တဝါ၏ ပျက်စီးခြင်းသို့ရောက်ခြင်း။	el llegar a la destrucción de un ser que ha de ser llevado.	the coming to destruction of a being that is to be brought (to it).	gloss hard to fit the headword (āpatti = 'coming to'); reading uncertain
29066	āpānīya	(က) သောက်ဖွယ် အဖျော်ယမကာ။ (ခ) သေရည်သောက်ခွက်။ အာပါနီယကံသ-(က,ခ)-ကြည့်။	(a) bebidas: refrescos y licores. (b) copa para beber licor. Véase [[āpānīyakaṁsa]] (a, b).	(a) drinks: beverages and intoxicants. (b) a cup for drinking liquor. See [[āpānīyakaṁsa]] (a, b).	cross-reference 'အာပါနီယကံသ-(က,ခ)-ကြည့်' was not replaced by an «S» placeholder; rendered as 'Véase / See' + Pāḷi
29071	āpāyikadukkha	အာပါယ်၌ဖြစ်သော ဆင်းရဲ။	sufrimiento que surge en el *apāya*.	suffering arising in the *apāya*.	source spells အာပါယ် (long ā); romanised as apāya
29116	āpodhātu	အာပေါဓာတ်၊ (က) ရုပ်ကလာပ်တို့ကို ဖရိုဖရဲမရှိစေရအောင် ပေါင်းစပ် ဖွဲ့စည်းခြင်းသဘော၊ ရိပျော် စီးယို စွတ်စိုခြင်း အရည်အစေးသဘော၊ ယင်းသဘောကိုပင် အာပေါဓာတ်ဆိုရသည်။ အာပေါ တခြားသဘော တခြားမဟုတ်။ သံတုံး,ကျောက်ခဲစသော ရုပ်ကလာပ်တို့ ပြန့်ကျဲမနေခြင်းသည် အာပေါဓာတ်က ပေါင်းစပ် ဖွဲ့စည်းထားခြင်းကြောင့် ဖြစ်၏။ အာပေါဓာတ် လွန်လျှင် အရည်အစေး ဖြစ်ရ၏။ ယင်းအရည်အစေးကိုလည်း လွန်ဓာတ်ကိုစွဲ၍ အာပေါဟူ၍ပင် ဆိုရ၏။ မူရင်းကြည့်ပါ။ «S1»	*āpodhātu*: (a) la naturaleza de unir y cohesionar los *rūpakalāpa* para que no estén dispersos; la naturaleza líquida y viscosa de derretirse, fluir, escurrir y humedecer; a esa misma naturaleza se la llama *āpodhātu*. *āpo* no es una cosa y su naturaleza otra. Que los *rūpakalāpa* de un lingote de hierro, de una piedra y demás no estén esparcidos se debe a que el *āpodhātu* los tiene unidos y cohesionados. Cuando el *āpodhātu* es excesivo, se vuelve líquido y viscoso. A ese líquido y viscoso también se le llama *āpo*, por el elemento predominante. Véase el original. Véanse también [[ābandhana]], [[ābandhanadhātu]], [[ābandhanākāra]].	*āpodhātu*: (a) the nature of joining and binding the *rūpakalāpa* so that they are not scattered; the liquid and viscous nature of melting, flowing, trickling and wetting; that very nature is called *āpodhātu*. *āpo* is not one thing and its nature another. That the *rūpakalāpa* of an iron bar, a stone and so on are not scattered is because the *āpodhātu* holds them joined and bound. When the *āpodhātu* is in excess, it becomes liquid and viscous. That liquid and viscous thing, too, is called *āpo*, on account of the predominant element. See the original. See also [[ābandhana]], [[ābandhanadhātu]], [[ābandhanākāra]].	sense (a) has no (b); ရိပျော် read as 'melting' (uncertain); 'မူရင်းကြည့်ပါ' (see the original) looks like an editorial note
29126	āpodhātusambandhī	အာပေါဓာတ်,ဆက်စပ်ခြင်းရှိသော။ «S1»	que tiene conexión con el *āpodhātu*. Véase [[āpodhātuvisesatta]].	having connection with the *āpodhātu*. See [[āpodhātuvisesatta]].	comma after အာပေါဓာတ် in the source; read as 'connection with'
29130	āpomaṇḍala	ရေ-အဝန်း-ကသိုဏ်းဝန်း။	disco de agua / disco del *kasiṇa*.	the water disc / the *kasiṇa* disc.	hyphen chain ရေ-အဝန်း-ကသိုဏ်းဝန်း read as 'water disc / kasiṇa disc' rather than three alternatives
29169	ābādhaṭṭha	နှိက်စပ်-ညှဉ်းဆဲ-နာကျင်-ခြင်း အနက်သဘော။	el sentido de oprimir / atormentar / doler.	the meaning of oppressing / tormenting / paining.	source နှိက်စပ် read as နှိပ်စက် (oppress)
29182	ābādhasamaṅgī	အနာ,ပြည့်စုံသော၊ အနာရောဂါ စွဲကပ်သော၊ သူ။ «S1»	provisto de enfermedad; aquejado de enfermedad (dicho de una persona). Véase [[ābādhika]].	endowed with disease; afflicted by disease (said of a person). See [[ābādhika]].	comma after အနာ in the source; read as 'endowed with disease'
29194	ābhañjati	တွဲရရွဲ-ဆွဲ-ကျ-၏။	cuelga / pende / cae.	dangles / droops / falls.	တွဲရရွဲ read as 'dangling'; spelling unusual
29211	ābhatasantāna	ဆောင်ယူအပ်တိုင်းသော အစဉ်။	la continuidad de todo lo que se ha traído.	the continuity of whatever has been brought.	ဆောင်ယူအပ်တိုင်းသော အစဉ် unclear; reading tentative
29228	ābhassarakāya	အာဿရဗြဟ္မာအပေါင်း၊ အာဘဿရဗြဟ္မာ့ဘုံ။	el conjunto de los *āssarabrahmā*; el plano de los *ābhassarabrahmā*.	the host of the *āssarabrahmā*; the plane of the *ābhassarabrahmā*.	source misspells အာဿရဗြဟ္မာ (ဘ missing) in the first gloss; copied as printed
29233	ābhayarabhūmi	အာဘဿရဘုံ။	el plano *ābhassara*.	the *ābhassara* plane.	headword romanised ābhayarabhūmi; probably ābhassarabhūmi
29235	ābhassaravāra	အာဿရပုဒ်၏ အလှည့်အကြိမ်၊ အာဘဿရဆိုင်ရာ ပါဠိ ဝါကျများ။	el turno / la vez de la palabra *āssara*; las frases *pāl̤i* relativas a *ābhassara*.	the turn / round of the word *āssara*; the *pāl̤i* sentences concerning *ābhassara*.	source misspells အာဿရ (ဘ missing); copied as printed
29238	ābhā	(၁) အရောင်၊ အရောင်အလင်း။ (တိ) (၂) အရောင်အလင်းနှင့် ပြည့်စုံသော၊ ထွန်းလင်းတောက်ပသော။ (၃) အရောင်အလင်းနှင့် ပြည့်စုံသည်ဖြစ်၍ 'အာဘ' အမည်ရှိသော၊ ပရိတ္တာဘ,အပ္ပမာဏာဘ,အာဘဿရအမည်ရှိသော။ ဗြဟ္မာ (ဒုတိယဈာန်ဘုံသားဗြဟ္မာ)။	(1) resplandor; resplandor y luz. (adjetivo) (2) dotado de resplandor y luz; que brilla y reluce. (3) que, por estar dotado de resplandor y luz, tiene el nombre *ābha*; que tiene el nombre *parittābha*, *appamāṇābha*, *ābhassara* (dicho de un *brahmā*) (*brahmā* habitante del plano del segundo *jhāna*).	(1) radiance; radiance and light. (adjective) (2) endowed with radiance and light; shining and blazing. (3) having, because endowed with radiance and light, the name *ābha*; having the name *parittābha*, *appamāṇābha*, *ābhassara* (said of a *brahmā*) (a *brahmā* dwelling in the plane of the second *jhāna*).	a ။ stands before ဗြဟ္မာ in sense (3); read as the ၊ of the 'said of' formula
29264	ābhisamācārika	အာဘိသမာစာရိက မည်သော (ကျင့်ဝတ် သိက္ခာသီလ)။ (က) ထူးကဲမြင့်မြတ်သော-အကျင့်-ကျင့်ဝတ်သိက္ခာသီလ။ (ခ) ထူးကဲမြင့်မြတ်သော အကျင့်-ထူးကဲ မြင့်မြတ်သော အကျင့်ဟူသော မဂ်သီလ,ဖိုလ်သီလ-ကို အကြောင်းပြု၍ ပညတ်အပ်သော ကျင့်ဝတ်သိက္ခာသီလ။ (ဂ) ထူးကဲမြင့်မြတ်သော အကျင့်၌-ဖြစ်-ပါဝင်-သော ကျင့်ဝတ်သိက္ခာသီလ။	llamado *ābhisamācārika* (observancia, *sikkhā* y *sīla*). (a) sobresaliente y elevada / conducta / observancia, *sikkhā* y *sīla*. (b) la observancia, *sikkhā* y *sīla* promulgados a causa de la conducta sobresaliente y elevada / del *maggasīla* y el *phalasīla*, que son la conducta sobresaliente y elevada. (c) la observancia, *sikkhā* y *sīla* que surgen en / que se incluyen en la conducta sobresaliente y elevada.	called *ābhisamācārika* (observance, *sikkhā* and *sīla*). (a) outstanding and lofty / conduct / observance, *sikkhā* and *sīla*. (b) the observance, *sikkhā* and *sīla* laid down on account of outstanding and lofty conduct / of the *maggasīla* and *phalasīla*, which are outstanding and lofty conduct. (c) the observance, *sikkhā* and *sīla* that arise in / are included in outstanding and lofty conduct.	ကျင့်ဝတ်သိက္ခာသီလ rendered 'observance, sikkhā and sīla'; a Burmese set phrase that may want one agreed rendering
29266	ābhisamācārikadhammakittana	အဘိသမာစာရိကတရားကို ပြောကြားခြင်း။	el declarar las normas *abhisamācārika*.	the declaring of the *abhisamācārika* rules.	တရား rendered 'normas / rules' (vinaya sense), not a stems.tsv rendering; source spells အဘိ- (short a)
29275	ābhugga	(၁) ဖွဲ့ခွေအပ်သော။ (န) (၂) ဆုတ်နစ်ခြင်း။ (န)  «S1»	(1) plegado. (neutro) (2) el retraerse. (neutro) Véase [[ābhuggakaraṇa]].	(1) folded. (neuter) (2) the drawing back. (neuter) See [[ābhuggakaraṇa]].	(န) labels follow senses (1) and (2); placement kept as printed
29285	ābhujī	ဘုဇပတ်ပင်၊ စလူပင်။	el árbol *bhujapatta*; el árbol sa-lu.	the *bhujapatta* tree; the sa-lu tree.	plant names ဘုဇပတ်ပင် and စလူပင် need botanical identification; စလူ transliterated
29308	āmakatakka	မကျက်သေးသော-စိမ်းသော-ရက်တက်ရည်။	suero de leche que aún no está cocido / crudo.	buttermilk not yet cooked / raw.	ရက်တက်ရည် not recognised; rendered from the headword (takka, buttermilk)
29330	āmajjanā	သုံးသပ်ခြင်း။ «S1»	el palpar. Véase [[āmasana]].	the stroking. See [[āmasana]].	သုံးသပ် can be 'stroke, feel' or 'review, consider'; physical sense chosen here, doctrinal sense used for 29332–29335
29331	āmaṭṭha	သုံးသပ်အပ်သော။	palpado.	stroked.	သုံးသပ်အပ်သော: 'stroked' or 'considered'; see 29330
29333	āmaṭṭhakālabheda	သုံးအပ်အပ်သော ကာလအပြား။	la división de los tiempos considerados.	the division of the times considered.	source သုံးအပ်အပ်သော read as သုံးသပ်အပ်သော
29338	āmaṇḍa	(ပု) (၁) ကြက်ဆူပင်။ (၂) သျှစ်သျှားပင်။ (န) (၃) သျှစ်သျှားသီး။	(masculino) (1) el ricino. (2) el árbol del mirobálano. (neutro) (3) el fruto del mirobálano.	(masculine) (1) the castor-oil plant. (2) the myrobalan tree. (neuter) (3) the myrobalan fruit.	ကြက်ဆူ read as castor-oil plant; သျှစ်သျှား rendered 'mirobálano / myrobalan' as in 29373ff.; identifications to be checked
29373	āmalaka	(က) သျှစ်သျှားသီး၊ ဆီးဖြူသီး။ (ခ) သျှစ်သျှားပင်၊ ဆီးဖြူပင်။	(a) fruto del mirobálano; grosella india. (b) árbol del mirobálano; árbol de la grosella india.	(a) the myrobalan fruit; the Indian gooseberry. (b) the myrobalan tree; the Indian gooseberry tree.	plant names: သျှစ်သျှား rendered 'mirobálano / myrobalan', ဆီးဖြူ 'grosella india / Indian gooseberry'; botanical identifications to be checked
29377	āmalakapaṭa	သျှစ်သျှားပွင့်ပုံသဏ္ဌာန် ဖော်ပြ၍ ရက်လုပ်အပ်သော ပုဆိုး။ (သံဝဏ္ဏေတဗ္ဗ-၌ အာမလကပဋ္ဋ-ဟု ရှိသည်။ ၎င်းပုဒ်ကြည့်)။	paño tejido representando la forma de la flor del mirobálano. (En *saṁvaṇṇetabba* figura como *āmalakapaṭṭa*; véase esa palabra).	a cloth woven depicting the shape of the myrobalan flower. (In *saṁvaṇṇetabba* it appears as *āmalakapaṭṭa*; see that word).	cross-reference inside the gloss not replaced by an «S» placeholder; rendered as text
29399	āmalakī	သျှစ်သျှားပင်၊ ဆီးဖြူပင်။	árbol de mirobálano émblico; árbol de grosella india.	emblic myrobalan tree; Indian gooseberry tree.	two Burmese plant names (သျှစ်သျှား, ဆီးဖြူ); both rendered as Phyllanthus emblica names — botanical identity to confirm
29404	āmasadisa	အစိမ်း,တူသော။ «S1»	semejante a lo crudo. Véase [[āmavaṇṇī]].	resembling what is raw. See [[āmavaṇṇī]].	odd comma in အစိမ်း,တူသော
29414	āmasūlā	ထိုးကျင့်တတ်သော ဝမ်း လေနာ။	dolencia de viento del vientre que suele causar punzadas.	wind-ailment of the belly apt to cause stabbing pains.	ထိုးကျင့် read as ထိုးကျင် 'stabbing pain'
29420	āmāsa	(၁) သုံး-သပ်-ကိုင်-အပ်သောပစ္စည်းဝတ္ထု။ (ပု) (၂) သုံးသပ်-ကိုင်-ခြင်း။	(1) objeto que ha de ser palpado / agarrado. (masculino) (2) el palpar / agarrar.	(1) article to be stroked / handled. (masculine) (2) stroking / handling.	hyphen splits သုံး-သပ် (one word) in sense 1; read as သုံးသပ် / ကိုင်
29432	āmisakiñjakkha	ကြာဝတ်ဆံ,တူသော-အနည်းငယ်သော-အာမိသ။ အာမိသကိဉ္စိက္ခ,အာမိသကိဉ္စိ(ဉ္ဇ)က္ခသမ္ပဒါန-တို့လည်းကြည့်။	*āmisa* semejante a un estambre de loto / muy pequeño. Véanse también [[āmisakiñcikkha]], [[āmisakiñci(ñja)kkhasampadāna]].	*āmisa* resembling a lotus filament / trifling. See also [[āmisakiñcikkha]], [[āmisakiñci(ñja)kkhasampadāna]].	cross-reference 'X,Y-တို့လည်းကြည့်' left in text (not a «S» placeholder); rendered by F003
29451	āmisacakkhuka	ပစ္စည်းလေးပါးဟူသော အာမိသကို ကြည့်ရှုလေ့ရှိသော၊ အာမိသ၌ လျှပ်ပော်သော၊ သူ။	que suele mirar el *āmisa*, que son los cuatro requisitos; ansioso por el *āmisa* (dicho de una persona).	in the habit of looking at *āmisa*, which is the four requisites; eager for *āmisa* (said of a person).	လျှပ်ပော် unclear (perhaps လျှပ်ပေါ်); read as 'eager, restless'
29469	āmisapaṇṇākāra	အာမိသ-ပစ္စည်း-လက်ဆောင်။ ။	obsequio de *āmisa* / de bienes.	present of *āmisa* / of goods.	stray second ။ at end
29503	āmisasannidhi	အာမိသ-ထမင်းစသည်မှ တစ်ပါးသော အသုံးအဆောင်ပစ္စည်း-ကို သိုမှီးခြင်း။ «S1»	el almacenar el *āmisa* / los enseres distintos del arroz cocido y demás. Véase [[āmisa]] (4).	storing up *āmisa* / articles of use other than boiled rice and so on. See [[āmisa]] (4).	'articles other than boiled rice etc.' seems at odds with āmisa as food; check reading of ထမင်းစသည်မှ တစ်ပါးသော
29506	āmisasikkhāpada	အာမိသသိက္ခာပုဒ်။	*āmisasikkhāpada*.	*āmisasikkhāpada*.	definition only restates the headword (loanword form အာမိသသိက္ခာပုဒ်)
29533	āmeḍita	(၁) အဖန်တလဲလဲ-နှစ်ကြိမ်သုံးကြိမ်-ရွတ်ဆိုခြင်း။ (တိ) (၂) အဖန်တလဲလဲ-နှစ်ကြိမ်သုံးကြိမ်-ရွတ်ဆိုအပ်သော၊ သဒ္ဒါ၊ အာမေဍိတ်။ (ကြောက်သောအခါ,အမျက်ထွက်သောအခါ,ချီးမွမ်းသောအခါ,အဆောတလျင် ပြုသောအခါ,အသစ် အဆန်းကို တွေ့မြင်သောအခါ,အံ့ဩသော အခါ,ရွှင်လန်းသောအခါ,စိုးရိမ်သောအခါ,ကြည်ညိုသောအခါ-တို့၌ အာမေဍိတ်ကို အသုံးပြုကြသည်။	(1) el recitar repetidamente / dos y tres veces. (adjetivo) (2) que se recita repetidamente / dos y tres veces (dicho de una palabra); *āmeḍita*. (La *āmeḍita* se usa al tener miedo, al enfadarse, al alabar, al hacer algo con prisa, al ver algo nuevo y extraño, al asombrarse, al alegrarse, al preocuparse, al sentir devoción.)	(1) reciting again and again / two or three times. (adjective) (2) recited again and again / two or three times (said of a word); *āmeḍita*. (The *āmeḍita* is used when afraid, when angry, when praising, when doing something in haste, when seeing something new and strange, when astonished, when joyful, when anxious, when feeling devotion.)	closing bracket missing in the Burmese note
29549	āya	(၁) အခွန်အတုတ်၊ အမြတ်အစွန်း၊ အတိုးအပွါး၊ ဝင်ငွေ။ (၂) ကြီးပွါးခြင်း၊ စည်းစိမ် သမ္ပတ္တိတို့၏ ဖြစ်ပော်လာရာဖြစ်သော တိုးတက်ကြီးပွါးမှု၊ (ကုသိုလ်တရားတို့၏ တိုးတက်ကြီးပွါးမှု)။ (၃) ချမ်းသာသုခ။ (၄) (ချမ်းသာသုခတို့၏) ဖြစ်ပော်လာရာဖြစ်သော ကုသိုလ်ကံစသည်တို့၏- သုခသာဓနသတ္တိ-ချမ်းသာသုခကို ပြီးစီးစေနိုင်သော သတ္တိ။ (၅) လာရောက်ခြင်း။ (၆) အကြောင်းတရား။ (၇) ဖြစ်ရာဌာန။ (က) စက်ဆုပ်ဖွယ်ဖြစ်သော-ဆံပင်စသည်တို့၏-သာသဝတရားတို့၏-ဖြစ်ရာဌာန။ (ခ) စီးပွါးဥစ္စာတို့၏ ဖြစ်ရာဌာန။ (ဂ) အာယဟုခော်ဆိုအပ်သော-ထိုထိုဒွါရအာရုံတို့၌ ဖြစ်တတ်သော-တရား (စိတ် စေတသိက်တရား)။ (၉) (က) အလွန်မွန်မြတ်သော ယောနိသောမနသိကာရစသောအကြောင်း။ (ခ) ကုသိုလ် အကုသိုလ်ဖြစ်ကြောင်း ဖြစ်သော ဆင်ခြင်နှလုံးသွင်းမှု။ (၁၀) ကုသိုလ်ကံ၏အကျိုး။ (၁၁) သမုဒယလောဘ-မှ-ကြောင့်-ဖြစ်ပော်လာသော ဒုက္ခ။ (၁၂) အာယပစ္စည်း။ (၁၃) အာယမည်သောအံစာ၊(မာလိက,သာဝဋ္ဋ-စသော အံစာ ၂၄-မျိုး)။	(1) impuestos y tributos; ganancia y beneficio; interés y aumento; ingreso. (2) el prosperar; el progreso y crecimiento que es el origen de la riqueza y prosperidad; (el progreso y crecimiento de los estados sanos). (3) bienestar y *sukha*. (4) la *sukhasādhanasatti* / la capacidad de llevar a cabo el bienestar y *sukha*, del *kamma* sano y demás, que es el origen (del bienestar y *sukha*). (5) el venir. (6) estado causal. (7) lugar de origen. (a) lugar de origen de las cosas repulsivas, el cabello y demás / de los estados *sāsava*. (b) lugar de origen de la riqueza y los bienes. (c) estados (estados de mente y *cetasika*) llamados *āya* / que suelen surgir en los objetos de cada *dvāra*. (9) (a) causa sumamente excelente, como *yonisomanasikāra* y demás. (b) el reflexionar y aplicar la mente que es causa del surgir de lo sano y lo insano. (10) fruto del *kamma* sano. (11) *dukkha* que surge de / a causa de la *samudayalobha*. (12) bienes de *āya*. (13) jugada de dados llamada *āya* (las 24 clases de jugadas, *mālika*, *sāvaṭṭa* y demás).	(1) taxes and levies; profit and gain; interest and increment; income. (2) prospering; the progress and growth that is the source of wealth and prosperity; (the progress and growth of wholesome states). (3) ease and *sukha*. (4) the *sukhasādhanasatti* / the power able to bring about ease and *sukha*, of wholesome *kamma* and so on, which is the source (of ease and *sukha*). (5) coming. (6) causal state. (7) place of origin. (a) place of origin of repulsive things, head hair and so on / of *sāsava* states. (b) place of origin of wealth and property. (c) states (states of mind and *cetasika*) called *āya* / apt to arise with regard to the objects of each *dvāra*. (9) (a) an exceedingly excellent cause, such as *yonisomanasikāra* and so on. (b) reflecting and applying the mind, which is the cause of the arising of the wholesome and the unwholesome. (10) the fruit of wholesome *kamma*. (11) *dukkha* arising from / because of *samudayalobha*. (12) *āya* goods. (13) the dice-throw called *āya* (the 24 kinds of throw, *mālika*, *sāvaṭṭa* and so on).	sense (8) missing from the numbering (7)→(9); ⟦မာလိက⟧, ⟦သာဝဋ္ဋ⟧ are dice-throw names; စည်းစိမ်သမ္ပတ္တိ translated 'riqueza y prosperidad'
29551	āyakosalla	စည်းစိမ်သမ္ပတ္တိတို့၏ ဖြစ်ရာဖြစ်သော ကြီးပွါးတိုးတက်မှု-ကုသိုလ်တရားတို့၏ ကြီးပွါးတိုးတက်မှု-၌ လိမ္မာကျွမ်းကျင်သူ၏ အဖြစ်၊ အကုသိုလ်တရား-တို့၏ မဖြစ်ခြင်း-တို့ကို ပယ်ရှားခြင်း၌လည်းကောင်း ကုသိုလ်တရားတို့၏ ဖြစ်ခြင်း တည်တံ့ခြင်း၌လည်းကောင်း လိမ္မာ ကျွမ်းကျင်သော ပညာ၊ အာယကောသလ္လဉာဏ်။ «S1»	el hecho de ser diestro y hábil en el crecimiento y progreso que es el origen de la riqueza y prosperidad / en el crecimiento y progreso de los estados sanos; la *paññā* diestra y hábil tanto en el no surgir de los estados insanos / en su eliminación, como en el surgir y la permanencia de los estados sanos; *āyakosallañāṇa*. Véase también [[āya]] (2).	the state of being skilled and clever in the growth and progress that is the source of wealth and prosperity / in the growth and progress of wholesome states; the *paññā* that is skilled and clever both in the non-arising of unwholesome states / in their removal, and in the arising and persistence of wholesome states; *āyakosallañāṇa*. See also [[āya]] (2).	hyphen structure 'အကုသိုလ်တရား-တို့၏ မဖြစ်ခြင်း-တို့ကို ပယ်ရှားခြင်း' unclear; read as non-arising / removal of unwholesome states
29565	āyatana	(၁) အာယတနတရား၊ စက္ခာယတန,သောတာယတန-စသောတရား (စိတ် စေတသိက်တရားတို့၏ မိမိ မိမိတို့ဆိုင်ရာ လုပ်ငန်းကိစ္စကို ကြိုးစားအားထုတ် ပြုလုပ်ကြရာဖြစ်သော တရား၊ စိတ်စေတသိက်တရားတို့ကို ချဲ့ထွင်တတ်သောတရား၊ ရှည်လျားစွာသော သံသရာ ဝဋ်ဆင်းရဲကို ဆောင်တတ် ဖြစ်စေတတ်သောတရား၊ စိတ် စေတသိက် တရားတို့၏-နေရာဌာန-ရောပြွမ်းတည်မှီရာဌာန-စုဝေးပေါင်းဆုံရာဌာန-ဖြစ်ပော်ရာဒေသ-အကြောင်း-ဖြစ်သောတရား)။ (၂) နေရာဌာန။ (၃) ရောပြွမ်းတည်မှီရာဌာန။ (၄) စုဝေးပေါင်းဆုံရာဌာန။ (၅) ဖြစ်ပော်-ပေါက်ဖွား-ရာဒေသ။ (၆) တည်ရာမှီရာ။ (၇) အကြောင်း။ (၈) စေတီ၊ နတ်ကွန်း၊ ဘုရားကျောင်း။ (၉) ပညတ်မျှ၊ ပုဒ်ပြည့်ကာမျှ၊ ပဒပူရဏ။ (၁၀) ဖြစ်ခြင်း။ (၁၁) အာယတနမည်သော ငါး။ «S1» «S2»	(1) estado *āyatana*; estados como *cakkhāyatana*, *sotāyatana* y demás (estado donde los estados de mente y *cetasika* se esfuerzan en realizar cada uno su propia función; estado que suele extender los estados de mente y *cetasika*; estado que suele traer / producir el sufrimiento del *vaṭṭa* del largo *saṁsarā*; estado que es, para los estados de mente y *cetasika*, el lugar de morada / el lugar donde se entremezclan y apoyan / el lugar de reunión y encuentro / la región de su surgir / la causa). (2) lugar de morada. (3) lugar donde se entremezclan y apoyan. (4) lugar de reunión y encuentro. (5) región donde surge / nace. (6) lugar de asiento y apoyo. (7) causa. (8) *cetiya*; santuario de dioses; templo del Buddha. (9) mera *paññatti*; mero relleno de la palabra; *padapūraṇa*. (10) el surgir. (11) pez llamado *āyatana*. Véanse también [[kasiṇāyatana]], [[abhibhāyatana]]. Véase [[āyatanamaccha]].	(1) the *āyatana* state; states such as *cakkhāyatana*, *sotāyatana* and so on (the state where states of mind and *cetasika* strive to perform each its own function; the state apt to extend states of mind and *cetasika*; the state apt to bring / produce the suffering of the *vaṭṭa* of the long *saṁsarā*; the state that is, for states of mind and *cetasika*, the dwelling place / the place where they intermingle and rest / the place of meeting and assembly / the region of their arising / the cause). (2) dwelling place. (3) place where they intermingle and rest. (4) place of meeting and assembly. (5) region where it arises / is born. (6) place of standing and support. (7) cause. (8) *cetiya*; shrine of the gods; temple of the Buddha. (9) mere *paññatti*; mere filler of the word; *padapūraṇa*. (10) arising. (11) fish called *āyatana*. See also [[kasiṇāyatana]], [[abhibhāyatana]]. See [[āyatanamaccha]].	နတ်ကွန်း rendered 'shrine of the gods' (nat shrine)
29626	āyatijarāmaraṇa	အနာဂတ်ဖြစ်သော အိုခြင်း နာခြင်း။	la vejez y la enfermedad futuras.	future ageing and sickness.	Burmese has နာခြင်း 'sickness' where the headword has maraṇa 'death'; perhaps for သေခြင်း
29651	āyameti	(အကျိုးနှင့်) ရောနှော၏။	se mezcla (con el fruto).	mixes (with the fruit).	'mixes (with the result)' is unexpected for āyameti (usually 'stretches'); check
29660	āyasasya	«S1» ဝိ၊ပိ၊ဓာန်-လည်းကြည့်။ «S2»	Véase [[āyasakya]]. Véase también [[āyassa]].	See [[āyasakya]]. See also [[āyassa]].	dropped 'ဝိ၊ပိ၊ဓာန်-လည်းကြည့်' (see also + what looks like a source abbreviation); restore if it is a headword
29663	āyassa	အာယသကျ,(ဝိ၊ပိ၊ဓာန်)-လည်းကြည့်။	Véase también [[āyasakya]].	See also [[āyasakya]].	cross-reference left in text (not a «S» placeholder); dropped '(ဝိ၊ပိ၊ဓာန်)' as a source abbreviation
29692	āyāpeti	လွန်စွာဖြစ်၏။	surge sumamente.	arises exceedingly.	causative headword glossed without a causative (လွန်စွာဖြစ်၏); check
29748	āyuppattiṭṭhāna	အခွန်အတုတ်၏ ဖြစ်ရာ-ဌာန-အရပ်။ အခွန် ထွက်ရာ ဌာန။	lugar / sitio / región de origen de los impuestos y tributos. lugar de donde salen los impuestos.	place / site / region where taxes and levies originate. the place from which taxes come.	gloss is about taxes (āya) though the headword has āyu- 'life'; check headword or gloss
29769	āyusaṅkhārossajjana	အာယုသင်္ခါရကို စွန့်လွှတ်တော်မူခြင်း။ (က) ဖလသမာပတ်ကို စွန့်လွှတ်တော်မူခြင်း။ (မြတ်စွာဘုရားသည် ကိုယ်တော်မြတ်၏ အသက်တော်ကို ကြာရှည်တည်တံ့အောင် ဖလသမာပတ်ကို ဝင်စားတော်မူရ၏၊ ဖလသမာပတ်ဖြင် အသက်ကို ထိန်းသိမ်းပြုပြင်တော်မူရ၏၊ ဤနေ့မှစ၍ ထိုကဲ့သို့ သက်တော်တည်တံ့အောင် ဖလသမာပတ်ကို ငါမဝင်စားတော့အံ့ဟု စိတ်ဆုံးဖြတ်တော်မူသည်ကိုပင် အာယုသင်္ခါရ စွန့်လွှတ်သည်ဟု ခော်သည်)။ (ခ) အသက်-ဇီဝိတိန္ဒြေ-ကို စွန့်လွှတ်တော်မူခြင်း။ (ဖလသမာပတ်ကို ဝင်စားခြင်းကြောင့် ကြာရှည် တည်တံ့နေသော အသက်ကိုလည်း ဖလသမာပတ်ဖြင့် ဆက်လက်၍ ထိန်းမထားတော့အံ့ဟု စိတ်ဆုံးဖြတ်တော်မူသည်ကိုလည်း အာယုသင်္ခါရ စွန့်လွှတ်တော်မူသည်ဟု ခော်ဝော်ရပြန်၏)။ အာယုသင်္ခါရ-(၁,၂)-ကြည့်။	el renunciar al *āyusaṅkhāra*. (a) el renunciar al *phalasamāpatti*. (El excelso Buddha, para que su vida permaneciera largo tiempo, entraba en el *phalasamāpatti* y con el *phalasamāpatti* sostenía y conformaba la vida; precisamente a su decisión: «desde hoy ya no entraré en el *phalasamāpatti* para que la vida permanezca así», se la llama renunciar al *āyusaṅkhāra*.) (b) el renunciar a la vida / al *jīvitindriya*. (A su decisión: «ya no seguiré sosteniendo con el *phalasamāpatti* la vida que permanece largo tiempo gracias a entrar en el *phalasamāpatti*», también se la llama renunciar al *āyusaṅkhāra*.) Véase [[āyusaṅkhāra]] (1, 2).	the relinquishing of the *āyusaṅkhāra*. (a) relinquishing the *phalasamāpatti*. (The Blessed Buddha, so that his life would endure long, used to enter *phalasamāpatti*, and by *phalasamāpatti* sustained and shaped his life; his very resolve, 'from this day I shall no longer enter *phalasamāpatti* so that life endures thus', is called relinquishing the *āyusaṅkhāra*.) (b) relinquishing life / the *jīvitindriya*. (His resolve, 'I shall no longer go on sustaining by *phalasamāpatti* the life that endures long through entering *phalasamāpatti*', is also called relinquishing the *āyusaṅkhāra*.) See [[āyusaṅkhāra]] (1, 2).	cross-reference 'အာယုသင်္ခါရ-(၁,၂)-ကြည့်' left in text (not a «S» placeholder); rendered by F001
29820	āyogavatta	အာယောဂမည်သော ကျင့်ဝတ် (ရွတ်ဆိုရာ၌ စည်းကမ်းကျင့်ဝတ်။ အဋ္ဌကနိပါတ် ဇာတ်ဝတ္ထု။ နှာ-၃၄၅-၌ကား အာယောဂပတ်ပုဆိုးဟု ပြန်ဆို၏)။	práctica llamada *āyoga* (norma de disciplina al recitar. relato de *jātaka* del *aṭṭhakanipāta*. En la p. 345, en cambio, se traduce como «paño *āyogapaṭṭa*»).	the observance called *āyoga* (a rule of discipline in reciting. a *jātaka* story of the *aṭṭhakanipāta*. At p. 345, however, it is translated as '*āyogapaṭṭa* cloth').	bracketed note is fragmentary (source ref 'အဋ္ဌကနိပါတ် ဇာတ်ဝတ္ထု' and 'နှာ-၃၄၅'); kept as text, may be citations to drop
29828	ārakūṭa	တေး ခတ်ပြာ၊ ကြေးဝါ။	un tipo de latón; latón.	a kind of brass; brass.	တေး ခတ်ပြာ not identified; rendered 'a kind of brass'
29829	ārakūṭamaya	တေးခတ်ပြာ-ကြေးဝါ-ဖြင့်ပြီးသော-ဖြင့်ပြုလုပ်အပ်သော။	hecho / fabricado de un tipo de latón / de latón.	made / fashioned of a kind of brass / of brass.	တေးခတ်ပြာ not identified; rendered 'a kind of brass'
29830	ārakūṭaloha	တေးခတ်ပြာ၊ ကြေးဝါ။	un tipo de latón; latón.	a kind of brass; brass.	တေးခတ်ပြာ not identified; rendered 'a kind of brass'
29866	ārakkhādhikaraṇa	စောင့်ရှောက်ခြင်းဟူသော-အကြောင်း-ထူးသော အကြောင်း။	la causa / la causa especial que es la protección.	the cause / the special cause that is guarding.	hyphen grouping (ဟူသော-အကြောင်း-ထူးသော အကြောင်း) ambiguous; read as two alternatives
29870	āragga	ပွတ်ဆောက်ဖျား၊ စူး၏အဖျား၊ အပ်နဖား ထွင်းစူး၏အဖျား၊ အပ်ဖျား။	punta del formón de tornero; punta de la lezna; punta de la lezna con que se horada el ojo de la aguja; punta de la aguja.	tip of a turner's chisel; tip of an awl; tip of the awl that bores the eye of a needle; tip of a needle.	ပွတ်ဆောက် read as a turner's chisel; အပ်နဖား ထွင်းစူး read as the awl for boring a needle's eye
29875	ārajja	ညှုိ့နှင့်တကွဖွဲ့အပ်သော။	atado junto con un hechizo.	bound together with a charm.	ညှုိ့နှင့်တကွဖွဲ့အပ်သော unclear (ညှို့ = charm/allure?); gloss uncertain for ārajja
29882	ārañña	တော၌နေသာ၊ သူ။	que vive en el bosque (dicho de una persona).	living in the forest (said of a person).	နေသာ taken as a misprint for နေသော
29925	āraddhavaṇṇa	အားထုတ်အပ်သော ဂုဏ်ကျေးဇူး။	cualidad virtuosa emprendida.	a virtuous quality undertaken.	ဂုဏ်ကျေးဇူး for vaṇṇa: 'virtue' vs 'praise' — check
29936	āranāla	ပုံးရည်၊ ပအုံးရည်၊ ဆန်ပုံးရည်။	caldo agrio; caldo agrio; caldo agrio de arroz.	sour gruel; sour gruel; sour rice gruel.	ပုံးရည် / ပအုံးရည် read as spelling variants of fermented (sour) rice water; the Spanish repeats the gloss
29937	āranāl̤a	ပုံးရည်၊ ပအုံးရည်၊ ဆန်ပုံးရည်။	caldo agrio; caldo agrio; caldo agrio de arroz.	sour gruel; sour gruel; sour rice gruel.	ပုံးရည် / ပအုံးရည် read as spelling variants of fermented (sour) rice water; the Spanish repeats the gloss
29995	ārammaṇa	(၁) အာရုံ။ (က) စိတ်စေတသိက်တရား-တို့သည် စွဲကိုင်အပ် ထောက်မှီအပ်သော-တို့၏ ကျက်စားရာဖြစ်သော-တို့၏ လာရောက် မွေ့လျော်ရာ ဖြစ်သော-တရား၊ (ရူပါရုံ,သဒ္ဒါရုံ,ဂန္ဓာရုံ,ရသာရုံ,ဖောဋ္ဌဗ္ဗာရုံ,ဓမ္မာရုံဟူသော အာရုံခြောက်ပါးတည်း)။ မူရင်းကြည့်ပါ။	(1) objeto (de la mente). (a) el fenómeno que la mente y los *cetasika* asen y en que se apoyan / que es su campo de acción / al que vienen y en que se deleitan (es decir, los seis objetos: *rūpārammaṇa*, *saddārammaṇa*, *gandhārammaṇa*, *rasārammaṇa*, *phoṭṭhabbārammaṇa*, *dhammārammaṇa*). Véase el original.	(1) object (of the mind). (a) the phenomenon that mind and *cetasika* grasp and depend on / that is their field of action / to which they come and in which they delight (namely the six objects: *rūpārammaṇa*, *saddārammaṇa*, *gandhārammaṇa*, *rasārammaṇa*, *phoṭṭhabbārammaṇa*, *dhammārammaṇa*). See the original.	entry truncated in source: ends 'မူရင်းကြည့်ပါ' (see the original); only sense (1)(a) given
30068	ārammaṇapariggāhayutta	အာရုံကို သိမ်းဆည်းတတ်သော ဉာဏ်,ယှဉ်သော။ အာရမ္မဏပရိဂ္ဂဟရဟိတ-ယှဉ်ကြည့်။	asociado con el conocimiento que suele aprehender el objeto (de la mente). Compárese *ārammaṇapariggaharahita*.	associated with the knowledge apt to apprehend the object (of the mind). Compare *ārammaṇapariggaharahita*.	'-ယှဉ်ကြည့်' (compare) cross-reference left in text, not a «S» placeholder
30105	ārammaṇavijānana	အာရုံကို-အထူးအားဖြင့်-သိခြင်း-သိတတ်သောဝိညာဉ်။	el conocer de modo especial el objeto (de la mente) / la *viññāṇa* que suele conocerlo.	knowing the object (of the mind) in a special way / the *viññāṇa* apt to know it.	hyphen chain -အထူးအားဖြင့်-သိခြင်း-သိတတ်သောဝိညာဉ် read as two alternatives (the act / the viññāṇa)
30112	ārammaṇavimutta	အာရုံ၌ (မွေ့လျော်သည်၏ အစွမ်းဖြင့်) စိတ်ကို စွန့်လွှတ်တတ်သော။	que suele soltar la mente en el objeto (por la fuerza del deleitarse).	apt to release the mind into the object (by force of delighting).	sense of စွန့်လွှတ် here (release into / let go of) uncertain
30136	ārammaṇasīsa	အာရုံဟူလော အဦးပဓာနတရား။	el estado primero y principal que es el objeto (de la mente).	the foremost, chief state that is the object (of the mind).	ဟူလော taken as a misprint for ဟူသော
30168	ārammaṇūpaṭṭhānakusala	(၁) အာရုံနိမိတ်၏ ထင်ခြင်း၌ လိမ္မာသော၊ သူ။	(1) hábil en la manifestación del *nimitta* del objeto (de la mente) (dicho de una persona).	(1) skilled in the appearing of the *nimitta* of the object (of the mind) (said of a person).	sense (1) given with no (2); possibly truncated
30205	ārāpatha	အပ်သွား-အပ်လျှူိ-ရာ လမ်းကြောင်း။	el camino por donde va / se ensarta la aguja.	the path along which the needle goes / is threaded.	အပ်လျှူိ garbled; read as အပ်လျှို (needle threads through)
30210	ārāmagonisādikā	အာရာမဂေါနိသာဒိကာ မည်သော ကပ္ပိယကုဋိ၊ အာရာမ်ကျောင်းတိုက်,ထိုအာရာမ်တွင်းရှိ ကျောင်းအသီးအသီးတို့ အကာအကာအရံ မရှိသဖြင့် နွားတို့ ဝင်ထွက်သွားလာနေနိုင်ရာဖြစ်သော ကျောင်း။ «S1»	la *kappiyakuṭi* llamada *ārāmagonisādikā*; la residencia en la que, por no tener cerca ni el complejo monástico del *ārāma* ni cada una de las residencias dentro de ese *ārāma*, las vacas pueden entrar, salir y andar. Véase también [[kappiyakuṭi]].	the *kappiyakuṭi* called *ārāmagonisādikā*; the dwelling where, since neither the *ārāma* monastery complex nor the individual dwellings within that *ārāma* have any fence, cattle can go in and out and wander about. See also [[kappiyakuṭi]].	အကာအကာအရံ read as a doubled အကာအရံ (fence)
30228	ārāmadevatā	အာရာမ်-ခြံ-ဥယျာဉ်၌အုပ်စိုးနေထိုင်သောနတ်၊ အာရာမ်စောင့်နတ်။	la deidad que gobierna y mora en el *ārāma* / el huerto / el jardín; la deidad guardiana del *ārāma*.	the deity that rules and dwells in the *ārāma* / the garden / the park; the guardian deity of the *ārāma*.	source text contains a stray control character (U+0002) after ဥယျာဉ်
30257	ārāmābhiyuñjana	အာရာမ်-ကျောင်းတိုက်-ဥယျာဉ်-ကို တရားဆင်ခြင်း-ကို တရားစွဲခြင်း။	el deliberar judicialmente / el pleitear por el *ārāma* / el complejo monástico / el jardín.	judicial deliberation / going to law over the *ārāma* / the monastery complex / the park.	တရားဆင်ခြင်း-ကို တရားစွဲခြင်း read as legal proceedings (abhiyuñjana = laying claim); check
30314	ārul̤haassa	တက်စီးအပ်သော မြင်းရှိသော၊ မြင်းကိုစီးသော၊ သူ။ (တမန်)။	que tiene un caballo montado; que monta a caballo (dicho de una persona). (mensajero).	having a horse that is ridden; riding a horse (said of a person). (messenger).	(တမန်) 'messenger' stands alone after the gloss; presumably the referent in context, check.
30450	ārohitukāma	(က) တက်စီးလိုသော၊ သူ။ (ခ) တက်ရောက်လိုသော၊ သူ။ (ဂ) တုံ့ပြန်သွားလိုသော၊ သူ။	(a) que desea montar (dicho de una persona). (b) que desea ascender (dicho de una persona). (c) que desea regresar (dicho de una persona).	(a) wishing to ride (said of a person). (b) wishing to ascend (said of a person). (c) wishing to go back (said of a person).	(c) တုံ့ပြန်သွားလို 'wishing to go back' is an unexpected sense for this headword; check.
30452	ālaka	(၁) ပဲတက်ပင်။ (၂) မြှားဖြောင့်သောကျည်။ «S1»	(1) planta trepadora de judía. (2) el tubo que endereza las flechas. Véase también [[āl̤aka]].	(1) a climbing bean plant. (2) a tube that straightens arrows. See also [[āl̤aka]].	ပဲတက်ပင် and မြှားဖြောင့်သောကျည် read literally; the plant and the implement are uncertain.
30484	ālambana	(၁) ဆွဲကိုင်အပ်သောအရာ။ (က) အာရုံ၊ စိတ်စေတသိက်တရားတို့သည် ဆွဲကိုင်အပ်သော တရား၊ (ရူပါရုံ,သဒ္ဒါရုံ စသော အာရုံ ခြောက်ပါး)။ «S1» (ခ) အကြောင်းတရား၊ အကျိုးတရားသည်- ဆွဲကိုင်အပ်သော-မှီတွယ်အပ်သော-အကြောင်းတရား (အကျိုးတရားကို ဖြစ်စေတတ်သော အကြောင်းတရား)။ (ဂ) မှီရာဌာန၊ လွှမ်းဖိရပ်တည်ရာဌာန၊ အမှီတကဲပြုစရာ-အားကိုးအားထားရာ-ပုဂ္ဂိုလ်-တရား။ (တိ) (ဃ) ဆွဲကိုင်အပ်သော-ဆွဲကိုင်စရာဖြစ်သော-ပုဂ္ဂိုလ်-တရား။ (င) ဆွဲကိုင်အပ်သော-ဆွဲကိုင်စရာဖြစ်သော-ကြိုးတန်း,တုတ်တန်း-စသည်။ (စ) ထောက်မှီအပ်သော-ကိုင်ဆောင်အပ်သော-တောင်ဝှေး,တုတ်စသည်။ (ဆ) မှီတွယ်-မှီတည်-အပ်သော ပျဉ်ချပ်,သစ်ပင်,တိုင်-စသည်။ (၂) အာရုံပြုခြင်း။ အာလမ္ဗနဗာဟာ-စသည်လည်းကြည့်။ (ဆ)  «S2»	(1) lo que es asido. (a) objeto (de la mente); el estado asido por los estados de mente y *cetasika*; (los seis objetos: *rūpārammaṇa*, *saddārammaṇa* y demás). Véase también [[ārammaṇa]] (1). (b) estado causal; el estado causal asido / en que se apoya el estado resultante (el estado causal que suele producir el estado resultante). (c) lugar de apoyo; lugar donde uno se sostiene afianzándose; persona / estado que tomar como apoyo / en que confiar. (adjetivo) (d) persona / estado asido / que es para asirse. (e) cuerda tendida, barra y demás, asidas / que son para asirse. (f) bastón, palo y demás, en que uno se apoya / que se sostiene en la mano. (g) tabla, árbol, poste y demás, en que uno se apoya / se sostiene. (2) el tomar como objeto. Véase también [[ālambanabāhā]], etc. (g) Véanse [[ālambanaphalaka]], [[ālambanarukkha]].	(1) that which is grasped. (a) object (of the mind); the state grasped by mind and *cetasika* states; (the six objects: *rūpārammaṇa*, *saddārammaṇa* and so on). See also [[ārammaṇa]] (1). (b) causal state; the causal state grasped / relied on by the resultant state (the causal state apt to produce the resultant state). (c) a place of support; a place where one stands firm pressing down; a person / state to take as support / to rely on. (adjective) (d) a person / state grasped / that is to be grasped. (e) a rope rail, a pole rail and so on, grasped / that are to be grasped. (f) a staff, a stick and so on, leaned on / held in the hand. (g) a plank, tree, post and so on, relied on / leaned on. (2) taking as object. See also [[ālambanabāhā]] and so on. (g) See [[ālambanaphalaka]], [[ālambanarukkha]].	trailing (ဆ) «S2» appears to route sense (g) to the cross-reference (cf. 30485); see-also ⟦အာလမ္ဗနဗာဟာ⟧ was not placeholdered.
30485	ālambaṇa	(၁) ဆွဲကိုင်အပ်သောအရာ။ (က) အာရုံ၊ စိတ်စေတသိက်တရားတို့သည် ဆွဲကိုင်အပ်သော တရား၊ (ရူပါရုံ,သဒ္ဒါရုံ စသော အာရုံ ခြောက်ပါး)။ (အာရမ္မဏ (၁) လည်း ကြည့်)။ (ခ) အကြောင်းတရား၊ အကျိုးတရားသည်- ဆွဲကိုင်အပ်သော-မှီတွယ်အပ်သော-အကြောင်းတရား (အကျိုးတရားကို ဖြစ်စေတတ်သော အကြောင်းတရား)။ (ဂ) မှီရာဌာန၊ လွှမ်းဖိရပ်တည်ရာဌာန၊ အမှီတကဲပြုစရာ-အားကိုးအားထားရာ-ပုဂ္ဂိုလ်-တရား။ (တိ) (ဃ) ဆွဲကိုင်အပ်သော-ဆွဲကိုင်စရာဖြစ်သော-ပုဂ္ဂိုလ်-တရား။ (င) ဆွဲကိုင်အပ်သော-ဆွဲကိုင်စရာဖြစ်သော-ကြိုးတန်း,တုတ်တန်း-စသည်။ (စ) ထောက်မှီအပ်သော-ကိုင်ဆောင်အပ်သော-တောင်ဝှေး,တုတ်စသည်။ (ဆ) မှီတွယ်-မှီတည်-အပ်သော ပျဉ်ချပ်,သစ်ပင်,တိုင်-စသည်။ (၂) အာရုံပြုခြင်း။ အာလမ္ဗနဗာဟာ-စသည်လည်းကြည့်။ (ဆ) အာလမ္ဗနဖလက,အာလမ္ဗနရုက္ခ-စသည် ကြည့်။	(1) lo que es asido. (a) objeto (de la mente); el estado asido por los estados de mente y *cetasika*; (los seis objetos: *rūpārammaṇa*, *saddārammaṇa* y demás). (Véase también [[ārammaṇa]] (1)). (b) estado causal; el estado causal asido / en que se apoya el estado resultante (el estado causal que suele producir el estado resultante). (c) lugar de apoyo; lugar donde uno se sostiene afianzándose; persona / estado que tomar como apoyo / en que confiar. (adjetivo) (d) persona / estado asido / que es para asirse. (e) cuerda tendida, barra y demás, asidas / que son para asirse. (f) bastón, palo y demás, en que uno se apoya / que se sostiene en la mano. (g) tabla, árbol, poste y demás, en que uno se apoya / se sostiene. (2) el tomar como objeto. Véase también [[ālambanabāhā]], etc. (g) Véase [[ālambanaphalaka]], [[ālambanarukkha]], etc.	(1) that which is grasped. (a) object (of the mind); the state grasped by mind and *cetasika* states; (the six objects: *rūpārammaṇa*, *saddārammaṇa* and so on). (See also [[ārammaṇa]] (1)). (b) causal state; the causal state grasped / relied on by the resultant state (the causal state apt to produce the resultant state). (c) a place of support; a place where one stands firm pressing down; a person / state to take as support / to rely on. (adjective) (d) a person / state grasped / that is to be grasped. (e) a rope rail, a pole rail and so on, grasped / that are to be grasped. (f) a staff, a stick and so on, leaned on / held in the hand. (g) a plank, tree, post and so on, relied on / leaned on. (2) taking as object. See also [[ālambanabāhā]] and so on. (g) See [[ālambanaphalaka]], [[ālambanarukkha]] and so on.	cross-references here were not placeholdered; rendered with F001/F002 around ⟦ ⟧.
30489	ālambananaṅgala	ဆွဲကိုင်-မှီတွယ်-အပ်သောထွန်တုံး။	la esteva del arado asida / en que uno se apoya.	the plough handle grasped / relied on.	ထွန်တုံး read as the plough handle; uncertain.
30491	ālambanaphalaka	ဆွဲကိုင်-မှီတွယ်-မှီတည်-အပ်သော ပျဉ်ချပ်၊ တံကဲပျဉ်။	la tabla asida / en que uno se apoya / en que uno se sostiene; la tabla de palanca.	a plank grasped / relied on / leaned on; a lever board.	တံကဲပျဉ် 'lever board' uncertain.
30498	ālambara	(၁) ထက်စည်။ (၂) အာလမ္ဗရ မည်သောစည်၊ ပုဇွန်လက်မဖြင့် အသုရာနတ်တို့ ပြုလုပ်အပ်သော စည်။ (၃) တူရိယာသံ။ (၄) ဆင်ဟည်သံ။	(1) tambor agudo. (2) el tambor llamado *ālambara*; el tambor hecho por los *asurā* con la pinza de una gamba. (3) sonido de instrumentos musicales. (4) el barrito del elefante.	(1) a high-pitched drum. (2) the drum named *ālambara*; the drum made by the *asurā* with a prawn's claw. (3) the sound of musical instruments. (4) the trumpeting of an elephant.	(1) ထက်စည် unclear (sharp-toned or upper drum?); ပုဇွန်လက်မ read literally as prawn's claw.
30499	āl̤ambara	(၁) ထက်စည်။ (၂) အာလမ္ဗရ မည်သောစည်၊ ပုဇွန်လက်မဖြင့် အသုရာနတ်တို့ ပြုလုပ်အပ်သော စည်။ (၃) တူရိယာသံ။ (၄) ဆင်ဟည်းသံ။	(1) tambor agudo. (2) el tambor llamado *ālambara*; el tambor hecho por los *asurā* con la pinza de una gamba. (3) sonido de instrumentos musicales. (4) el barrito del elefante.	(1) a high-pitched drum. (2) the drum named *ālambara*; the drum made by the *asurā* with a prawn's claw. (3) the sound of musical instruments. (4) the trumpeting of an elephant.	(1) ထက်စည် unclear (sharp-toned or upper drum?); ပုဇွန်လက်မ read literally as prawn's claw.
30505	ālambitvā	ဆွဲကိုင်၍။ (၂) (က) မှီ၍၊ မှီတွယ်၍။ (ခ) ထောက်၍၊ ထောက်မှီ၍။ (၃) အာရုံပြု၍။	habiendo asido. (2) (a) habiendo dependido; habiéndose apoyado. (b) habiendo apuntalado; habiéndose sostenido. (3) habiendo tomado como objeto.	having grasped. (2) (a) having depended; having relied on. (b) having propped; having leaned on. (3) having taken as object.	sense marker (၁) missing before the first gloss.
30509	ālaya	(၁) (က) ငြိကပ် တွယ်တာ-မှီဝဲ-အပ်သောတရား၊ ဝတ္ထုကာမ၊ ကာမဂုဏ် ငါးပါး။ (ခ) ငြိကပ် တွယ်တာ-မှီဝဲ-တတ်သော တရား။ ကိလေသာကာမ၊ တဏှာ။ (ဂ) တဏှာ,ဒိဋ္ဌိ-ဟူသော အာလယ နှစ်ပါး။ (ဃ) တဏှာဖြင့် မှီဝဲအပ်-ကာမုပါဒါန်၏ အဖန်တလဲလဲ ကိန်းဝပ်ရာဖြစ်-သော တရား၊ ဥပါဒါနက္ခန္ဓာငါးပါး။ «S1» (င) အလိုဆန္ဒ။ (၂) အခြင်းအရာ၊ ဟောကြားလိုသော အခြင်းအရာ။ (၃) လှည့်ပတ်-ဟန်ဆောင်-ခြင်း၊ ဟန်၊ အမူအရာ။ (၄) တည်ရာ၊ မှီရာ၊ နေရာ၊ (အိမ်,ကျောင်း,အသိုက်စသည်)။	(1) (a) el estado al que uno se adhiere y apega / al que uno se entrega; *vatthukāma*; los cinco *kāmaguṇa*. (b) el estado que suele adherirse y apegarse / entregarse. *kilesakāma*; *taṇhā*. (c) los dos *ālaya*, es decir *taṇhā* y *diṭṭhi*. (d) el estado al que se entrega la *taṇhā* / en que mora repetidamente el *kāmupādāna*; los cinco *upādānakkhandhā*. Véase [[ālayarāma]] (c). (e) el deseo. (2) modo; el modo que se quiere exponer. (3) el disimular / fingir; apariencia; ademán. (4) lugar donde se está; lugar de apoyo; lugar; (casa, monasterio, nido y demás).	(1) (a) the state that is clung and attached to / indulged in; *vatthukāma*; the five *kāmaguṇa*. (b) the state apt to cling and attach / to indulge. *kilesakāma*; *taṇhā*. (c) the two *ālaya*, namely *taṇhā* and *diṭṭhi*. (d) the state indulged in by *taṇhā* / in which *kāmupādāna* repeatedly dwells; the five *upādānakkhandhā*. See [[ālayarāma]] (c). (e) desire. (2) mode; the mode one wishes to teach. (3) dissembling / pretending; pretence; demeanour. (4) abode; place of support; place; (house, monastery, nest and so on).	(e) အလိုဆန္ဒ rendered as one word 'deseo'; ဆန္ဒ not kept separately.
30520	ālayasabbhāva	အာလယ-တွယ်တာမှု-မြှော်လင့်မှု-တဏှာ-၏ ထည်ရှားသည်၏ အဖြစ်။	el hecho de estar presente el *ālaya* / el apego / la expectativa / la *taṇhā*.	the state of the presence of *ālaya* / attachment / expectation / *taṇhā*.	ထည်ရှား read as ထင်ရှား (manifest, present).
30532	ālasiyakilāsu	ပျင်းရိသဖြင့်-ပျင်းရိသည်၏အဖြစ်ကြောင့်-အားမုထတ်သော။ «S1»	que no se esfuerza por ser perezoso / a causa del hecho de ser perezoso. Véase [[kilāsu]].	not exerting oneself through being lazy / because of the state of being lazy. See [[kilāsu]].	အားမုထတ် read as အားမထုတ် (not exerting oneself).
30558	āli	အာဠိ (ဠီ)-ကြည့်။	Véase [[āl̤i]] (*l̤ī*).	See [[āl̤i]] (*l̤ī*).	cross-reference not placeholdered; rendered with F001.
30559	āli	«S1» ၎င်းကြည့်။	Mismo significado que [[āl̤i]].; véase igualmente.	Same meaning as [[āl̤i]].; see likewise.	residue ၎င်းကြည့် after «S1» unclear; may duplicate the formula.
30560	ālī	အာဠိ (ဠီ)-ကြည့်။	Véase [[āl̤i]] (*l̤ī*).	See [[āl̤i]] (*l̤ī*).	cross-reference not placeholdered; rendered with F001.
30562	āliṅga	မုရိုးစည်အထူး၊ နွားမြီးသဏ္ဌာန်ရှိသော လည်ပင်း၌ဆွဲ၍ တီးအပ်သော မုရိုးစည်။	una clase especial de tambor; el tambor con forma de cola de buey que se cuelga del cuello y se toca.	a special kind of drum; a drum shaped like a cow's tail that is hung from the neck and beaten.	မုရိုးစည် is a named drum type, left as 'drum'; identify.
30563	āl̤iṅga	မုရိုးစည်အထူး၊ နွားမြီးသဏ္ဌာန်ရှိသော လည်ပင်း၌ဆွဲ၍ တီးအပ်သော မုရိုးစည်။	una clase especial de tambor; el tambor con forma de cola de buey que se cuelga del cuello y se toca.	a special kind of drum; a drum shaped like a cow's tail that is hung from the neck and beaten.	မုရိုးစည် is a named drum type, left as 'drum'; identify.
30579	āl̤indakamiḍḍhikā	အိမ်ဦး-ကျောင်းဦး-ဆင်ဝင်-တို့၌ ပြုလုပ်အပ်သော-အကျည်-ခုံမြင့်။	la plataforma / el banco alto hecho en el frente de la casa / el frente del monasterio / el pórtico.	the platform / raised bench built at the front of a house / the front of a monastery / the porch.	အကျည် unclear (misprint?); rendered 'platform'.
30590	ālimpeti	စွဲငြိစေ၏၊ တောက်လောင်စေ၏၊ မီးမြှူိက်၏၊ မီးတိုက်၏။	hace prender; hace arder; aviva el fuego; enciende.	causes to catch; causes to blaze; kindles a fire; sets alight.	မီးမြှူိက် read as မီးမြှိုက် (kindles a fire).
30595	ālu	အာလူး။	patata.	potato.	အာလူး is 'potato' in modern Burmese; the Pāḷi ālu is an edible tuber or yam. Reviewer to choose.
30606	āluva	အာလူး၊ (အာလူးဥ၊ အာလူးပင်)။	patata; (tubérculo de patata; planta de patata).	potato; (potato tuber; potato plant).	အာလူး is 'potato' in modern Burmese; the Pāḷi āluva is an edible tuber or yam. Reviewer to choose.
30607	āluvakanda	အာလူးဥ။ «S1»	tubérculo de patata. Véase también [[āluva]].	potato tuber. See also [[āluva]].	အာလူးဥ: see the note on āluva.
30608	ālul̤a	ရောက်ရက်ခတ်-လှုပ်ရှား-သော၊ နောက်ကျုသော။ «S1»	agitado / en movimiento; turbio. Véase también [[ālula]].	agitated / moving; turbid. See also [[ālula]].	ရောက်ရက်ခတ် read as ယောက်ယက်ခတ် (agitated).
30624	āloka	အရောင်အလင်း-ရှိသော-ကို သိမှတ်စွမ်းနိုင်သော။	capaz de percibir lo que tiene luz.	able to perceive what has light.	hyphenation အရောင်အလင်း-ရှိသော-ကို looks garbled; reading uncertain.
30657	ālokasaññākhanti	အာလောကသညာ-ဟူသော နှစ်သက်တက်သောတရား။	el estado que suele deleitarse, es decir la *ālokasaññā*.	the state apt to delight, namely *ālokasaññā*.	နှစ်သက်တက် read as နှစ်သက်တတ်.
30706	ālolenta	(က) မွှေနှောက်သော။ «S1» (ခ) ရောက်ရက်ခတ်စေသော။	(a) que revuelve. Véase [[ālul̤enta]] (a). (b) que agita.	(a) stirring up. See [[ālul̤enta]] (a). (b) agitating.	ရောက်ရက်ခတ် read as ယောက်ယက်ခတ် (agitate).
30721	āvajjana	(၁) (က) အာဝဇ္ဇန်း၊ အာဝဇ္ဇန်းစိတ်၊ ပဉ္စဒွါရ မနောဒွါရတို့၌ ထင်လာသော အာရုံကို ဆင်ခြင်-ဘွင်စိတ်ကို ပြန်လည် ဆုတ်နစ်သွားစေ-ဘွင်အစဉ်မှ ပယ်ရှား၍ ထင်လာသော အာရုံအသစ်၌ စိတ်အစဉ်ကို ညွတ်စေ-တတ်သော စိတ်။ (ခ) ဆင်ခြင်ခြင်းသဘော။ (၂) အာဝဇ္ဇန်း၊ ရှေ့အဖို့က ဖြစ်သော သဒ္ဓါအစရှိသော တရား။ (၃) (ဥပေက္ခာဟုဆိုအပ်သော)-အာဝဇ္ဇန်း-မနောဒွါရာဝဇ္ဇန်း- ယှဉ်သော စေတနာ။ «S1»	(1) (a) *āvajjana*; la mente *āvajjana*; la mente que suele reflexionar sobre el objeto que aparece en el *pañcadvāra* y el *manodvāra* / hacer que la mente *bhavaṅga* retroceda y se hunda / apartándola de la corriente del *bhavaṅga*, inclinar la corriente mental hacia el nuevo objeto que aparece. (b) la naturaleza de reflexionar. (2) *āvajjana*; los estados que comienzan por la *saddhā*, surgidos en la parte previa. (3) (llamada *upekkhā*) la *cetanā* asociada con el *āvajjana* / el *manodvārāvajjana*. Véase [[āvajjanupekkhā]].	(1) (a) *āvajjana*; the *āvajjana* mind; the mind apt to reflect on the object appearing at the *pañcadvāra* and the *manodvāra* / to make the *bhavaṅga* mind turn back and sink / removing it from the *bhavaṅga* stream, to incline the mental stream towards the new object that appears. (b) the nature of reflecting. (2) *āvajjana*; the states beginning with *saddhā* that arise in the preliminary portion. (3) (called *upekkhā*) the *cetanā* associated with *āvajjana* / *manodvārāvajjana*. See [[āvajjanupekkhā]].	(3): unclear whether (ဥပေက္ခာဟုဆိုအပ်သော) qualifies āvajjana or cetanā; ဘွင် read as ဘဝင် (bhavaṅga).
30726	āvajjanakiriyamanodhātu	အာဝဇ္ဇန်းဖြစ်သော ကိရိယာမနောဓာတ်၊ မနောဒွါရာဝဇ္ဇန်းစိတ်။	el *kiriyamanodhātu* que es *āvajjana*; la mente *manodvārāvajjana*.	the *kiriyamanodhātu* that is *āvajjana*; the *manodvārāvajjana* mind.	Abhidhamma normally identifies the kiriya manodhātu with pañcadvārāvajjana, not manodvārāvajjana; check the source.
30753	āvajjanamukha	အာဝဇ္ဇန်းဟူသော-အကြောင်းတရား-ပဓာနတရာ၊ အာဝဇ္ဇန်းကို အကြောင်းပြုခြင်း။	el estado causal / estado principal que es el *āvajjana*; el tomar como causa el *āvajjana*.	the causal state / principal state, namely *āvajjana*; taking *āvajjana* as cause.	ပဓာနတရာ read as ပဓာနတရား.
30757	āvajjanavasī	(၁) ဈာန်အင်္ဂါကို ဆင်ခြင်ခြင်း၌-ဈာန်အင်္ဂါကို ဆင်ခြင်ခြင်း၏ အစွမ်းဖြင့်-အလိုဆန္ဒအတိုင်း ဖြစ်နိုင်ခြင်း-မည်သည့်ဈာန်အင်္ဂါကိုမဆို နေရာဌာနမရွေး အချိန်ကာလမရွေး အချိန်အတိုအရှည် အလိုရှိသလောက် လျင်မြန်စွာ-ဆင်ခြင်နိုင်ခြင်း- ဆင်ခြင်နိုင်သော မနောဒွါရာဝဇ္ဇန်း၏ စွမ်းရည်သတ္တိ။ (တိ) (၂) ဈာန်အင်္ဂါကို ဆင်ခြင်ခြင်း၌-အလိုဆန္ဒအတိုင်းဖြစ်နိုင်ခြင်း-စွမ်းရည်သတ္တိ-ရှိသော၊ ဈာန်အင်္ဂါကို လျင်မြန်စွာ ဆင်ခြင်နိုင်သော၊ သူ။	(1) el poder hacerlo según se desee al reflexionar sobre los factores del *jhāna* / por la fuerza del reflexionar sobre los factores del *jhāna*; el poder reflexionar rápidamente sobre cualquier factor del *jhāna*, sin importar el lugar ni el momento, por tanto tiempo, corto o largo, como se desee; la capacidad del *manodvārāvajjana* que puede reflexionar. (adjetivo) (2) que tiene, al reflexionar sobre los factores del *jhāna*, la posibilidad de hacerlo según se desee / la capacidad; que puede reflexionar rápidamente sobre los factores del *jhāna* (dicho de una persona).	(1) being able to proceed as one wishes in reflecting on the *jhāna* factors / by the power of reflecting on the *jhāna* factors; being able to reflect quickly on any *jhāna* factor whatever, regardless of place or time, for as short or long a time as one wishes; the power of the *manodvārāvajjana* that is able to reflect. (adjective) (2) having, in reflecting on the *jhāna* factors, the ability to proceed as one wishes / the power; able to reflect quickly on the *jhāna* factors (said of a person).	long hyphen chain in (1) resolved as alternatives; structure worth a check.
30788	āvajjitāvajjitaṭṭhāna	ဆင်ခြင်အပ် ဆင်ခြင်အပ်တိုင်းသော-အရာဌာန-ပါတိမောက်။	todo asunto / lugar / *pātimokkha* que ha de ser reflexionado, cada uno que ha de ser reflexionado.	every matter / place / *pātimokkha* to be reflected on, each one to be reflected on.	ပါတိမောက် as the third alternative is unexpected; check the source.
30835	āvaṭṭahārasampāta	အာဝဋ္ဋဟာရ၏ စုဝေးကျ-ရာ စကားရပ်-ရောက်ခြင်း။	el pasaje donde confluye / el confluir del *āvaṭṭahāra*.	the passage where the *āvaṭṭahāra* converges / its converging.	hyphen grouping of စုဝေးကျ-ရာ စကားရပ်-ရောက်ခြင်း is unclear; rendering tentative.
30876	āvaraṇasabhāva	(၁) ပိတ်ပင်-တားဆီး-ဖုံးကွယ်-ခြင်းသဘော။ (တိ) (၂) ပိတ်ပင်-တားဆီး-ဖုံးကွယ်-ခြင်းသဘောရှိသော။ (တိ) (၂)  «S1»	(1) la naturaleza de obstruir / impedir / ocultar. (adjetivo) (2) que tiene la naturaleza de obstruir / impedir / ocultar. (adjetivo) (2) Véase [[āvaraṇasabhāvatta]].	(1) the nature of obstructing / hindering / concealing. (adjective) (2) having the nature of obstructing / hindering / concealing. (adjective) (2) See [[āvaraṇasabhāvatta]].	sense (2) is repeated with «S1»; the source looks duplicated.
30920	āval̤i	«S1» ၎င်း-ကြည့်။	Mismo significado que [[āvali]]. (véase también).	Same meaning as [[āvali]]. (see also).	text is «S1» followed by ၎င်း-ကြည့် ('see that too'); the extra 'see' may duplicate the placeholder.
30936	āvāsa	(၁) နေရာဌာန။ (က) အိမ်၊ ကျောင်း၊ ကျောင်းတိုက်၊ ပရိဝုဏ်၊ တိုက်ခန်း၊ ညဉ့်သန့်ရာဌာန (ညဉ့်၌သီးသန့် တဦးတည်း နေရာဌာန)၊ နေ့သန့်ရာဌာန (နေ့၌ သီးသန့် တဦးတည်းနေရာဌာန)။ (ခ) ဘုံ၊ ပြည်၊ ဗြဟ္မာ့ဘုံ,ဗြဟ္မာ့ပြည်၊ လူ့ဘုံ,လူ့ပြည်စသည်)။ (ဂ) (ကိလေသမာရ်၏) နေရာဌာန၊ ကာမဂုဏ်ဟူသော အဇ္ဈတ္တိက ဗာဟိရ ဖြစ်သော အာယတနတရားများ။ (ဃ) သတ္တဝါတို့၏ နေရာဌာန၊ သတ္တဝါတို့ ပေါင်းဆုံ နေထိုင်ရာဖြစ်သော သတ္တဝါအပေါင်း၊ သတ္တာဝါသ၊ (နာနတ္တကာယ နာနတ္တသညီ-စသော သတ္တဝါအစု အဝေး-ရုပ် နာမ် ခန္ဓာ အစုဝေး-ကိုးမျိုးတည်း၊ သတ္တာဝါသ ဘုံကိုးဝ-ဟုလည်း ခော်စမှတ်ပြု၏)။ (၂) (က) နေခြင်း၊ နေထိုင်ခြင်း၊ ပဋိသန္ဓေနေ၍ ဘဝအသစ်ဖြစ်ရခြင်း။ (ခ) များစွာသောဘုံဌာန-ထိုထိုသတ္တာဝါသတို့၌ နေထိုင်ခြင်း။	(1) lugar de morada. (a) casa; monasterio; complejo monástico; *pariveṇa*; aposento; lugar de retiro nocturno (lugar donde se mora solo y apartado por la noche); lugar de retiro diurno (lugar donde se mora solo y apartado de día). (b) plano de existencia; mundo; plano de *brahmā*, mundo de *brahmā*; plano humano, mundo humano, y demás. (c) morada (del *kilesamāra*); los *āyatana* internos y externos, es decir, los *kāmaguṇa*. (d) la morada de los seres; el conjunto de seres que es donde los seres moran reunidos; *sattāvāsa*; (son las nueve clases de conjuntos de seres / conjuntos de *khandhā* de *rūpa* y *nāma*, que comienzan por *nānattakāya nānattasaññī*; también se les llama los nueve planos *sattāvāsa*). (2) (a) el morar; el habitar; el llegar a una nueva existencia tras tomar *paṭisandhi*. (b) el morar en muchos planos / en tal o cual *sattāvāsa*.	(1) dwelling place. (a) house; monastery; monastic complex; *pariveṇa*; chamber; place of night retreat (a place for dwelling alone and apart at night); place of day retreat (a place for dwelling alone and apart by day). (b) plane of existence; world; the *brahmā* plane, the *brahmā* world; the human plane, the human world, and so on. (c) dwelling place (of *kilesamāra*); the internal and external *āyatana*, namely the *kāmaguṇa*. (d) the dwelling place of beings; the group of beings that is where beings dwell together; *sattāvāsa*; (these are the nine kinds of groups of beings / aggregates of *khandhā* of *rūpa* and *nāma*, beginning with *nānattakāya nānattasaññī*; they are also called the nine *sattāvāsa* planes). (2) (a) dwelling; residing; coming to a new existence through *paṭisandhi*. (b) dwelling in many planes / in this or that *sattāvāsa*.	sense (1)(b) has an unbalanced closing bracket in the source.
31013	āviñchana	(က) ဆွဲငင်ခြင်း။ (ခ) ဆွဲငင်ကြောင်းဖြစ်သော အရာဝတ္ထု၊ (ကြိုး စသည်)။ (ဂ) ဆွဲငင်-လည်စေ-လှည့်-အပ်သော အရာဝတ္ထု၊ (ထင်းမီးစ စသည်)။ (ဃ) ဆွဲငင်ရာအရပ်။ «S1» (ဂ)  «S2» (ဃ)  «S3»	(a) el tirar. (b) el objeto que sirve para tirar (una cuerda y demás). (c) el objeto que es tirado / hecho girar / volteado (un tizón encendido y demás). (d) el lugar por donde se tira. Véase también [[āviñchanarajju]]. (c) Véase [[āviñchanaalātaggisikhā]]. (d) Véanse [[āviñchanaka]], [[āviñchanaṭṭhāna]].	(a) pulling. (b) the thing used for pulling (a rope and so on). (c) the thing that is pulled / made to revolve / swung (a firebrand and so on). (d) the place where one pulls. See also [[āviñchanarajju]]. (c) See [[āviñchanaalātaggisikhā]]. (d) See [[āviñchanaka]], [[āviñchanaṭṭhāna]].	trailing «S1» (c) «S2» (d) «S3» repeats sense letters; cross-references per sense look misaligned.
31036	āviddha	(၁) လှည့်အပ်သော။ (၂) ပစ်အပ်သော။ (၃) ထား-တပ်-အပ်သော။ (၃)  «S1»	(1) volteado. (2) lanzado. (3) puesto / fijado. (3) Véase [[āviddhapakkhapāsaka]].	(1) swung. (2) thrown. (3) placed / fixed. (3) See [[āviddhapakkhapāsaka]].	sense number (3) is repeated before «S1».
31037	āviddhapakkhapāsaka	ထက်ဝန်းကျင်မှ-ထားအပ်သော-တပ်အပ်သော-ခြင်ပိတ်-ခေါင်အုပ်-ရှိသော၊ (ဇရုံးအိမ်)။	que tiene frontones / cubiertas de cumbrera puestos / fijados por todos lados (casa de tejado a dos aguas).	having gable boards / ridge covers placed / fixed all round (a gabled house).	ခြင်ပိတ်, ခေါင်အုပ် and ဇရုံးအိမ် are architectural words; renderings tentative.
31038	āviddhapamukha	ဝန်းရံ၍ ထုတ်ထားအပ်သော-အဦး-စမုခ်-အဆောင်-ကြောင်လည်ခန်း။	el edificio / pórtico / ala / galería circundante, construido sobresaliendo alrededor.	the building / porch / wing / surrounding gallery, built projecting all round.	architectural terms (စမုခ်, ကြောင်လည်ခန်း) tentative.
31071	āvuṇāti	ဖွဲ့-သီ-သီကုံး-လျှူိ-၏။	ata / ensarta / engarza / atraviesa.	ties / strings / threads / passes through.	လျှူိ read as လျှို (to pass through, skewer); glyph looks garbled.
31072	āvunāti	ဖွဲ့-သီ-သီကုံး-လျှူိ-၏။	ata / ensarta / engarza / atraviesa.	ties / strings / threads / passes through.	လျှူိ read as လျှို (to pass through, skewer); glyph looks garbled.
31084	āvuttiñāya	အာဝတ္တိနည်း။	el método *āvatti*.	the *āvatti* method.	spelled အာဝတ္တိ here, against အာဝုတ္တိ in the neighbouring entries.
31093	āvudhapariccheda	လက်နက် အပိုင်းအခြား၊ လက်နက်အိမ်။	la delimitación de las armas; estuche del arma.	the delimitation of weapons; weapon case.	လက်နက်အိမ် read as a sheath or case for a weapon; could be 'armoury'.
31120	āvuso	ငါ့ရှင်၊ ငါ့ရှင်တို့။	amigo; amigos.	friend; friends.	ငါ့ရှင် is literally 'my lord'; rendered by its use as the monks' form of address.
31130	āveṇikadukkhasutta	အာဝေဏိယဒုက္ခသုတ်။	el sutta *āveṇiyadukkha*.	the *āveṇiyadukkha* sutta.	Burmese spells the title āveṇiya-, the headword āveṇika-.
31153	āvesanatthavikā	(အပ်-ထားငယ်-လက်ခု-လက်ခံ-စသည်) ထည့်စရာ-ခွက်-အိတ်။	(aguja, cuchilla pequeña, dedal, soporte y demás) el receptáculo / estuche / bolsa donde se guardan.	(needle, small knife, thimble, holder and so on) the receptacle / case / bag for keeping them.	လက်ခု and လက်ခံ read as thimble and holder; tentative.
31158	āvel̤āvel̤ā	အသွယ်အသွယ်။	sartas y sartas.	strands upon strands.	အသွယ်အသွယ် ('strand by strand', 'in many strands') rendered tentatively.
31163	āsaṁsati	အလိုရှိ-တောင့်တ-၏။ အာသီ(သိ) သတိ-လည်းကြည့်။	desea / anhela. Véase también [[āsī(si) sati]].	wishes / longs. See also [[āsī(si) sati]].	inline 'see also' to အာသီ(သိ) သတိ (āsiṁsati) is not a placeholder; kept as Pāḷi with its bracket and space.
31220	āsada	(၁) ချဉ်းကပ်-ကပ်ရောက်-ခြင်း။ (၂) သစ်သီးချူစရာ ချိန်၊ တံချူ။ (တိ) (၃) ထိပါးပုတ်ခတ်-ညှဉ်းဆဲ-အပ်-နိုင်-သော။	(1) el acercarse / llegar junto a. (2) el gancho para coger frutas; vara de coger frutas. (adjetivo) (3) que ha de ser / que puede ser ofendido y golpeado / atormentado.	(1) approaching / coming near. (2) the hook for plucking fruit; a fruit-picking pole. (adjective) (3) to be / able to be offended and struck / tormented.	ချိန် read as ချိတ် (hook).
31250	āsanasanthavika	သာသနသန္ထဝိကထေရ်။	el *thera* *sāsanasanthavika*.	the *thera* *sāsanasanthavika*.	Burmese spells the name သာသန- (sāsana-) although the headword is āsana-; possible misprint in the source.
31252	āsanābhihāra	(က) နေရာထိုင်ခင်းကို ရှေးရှူ-ဆောင်ယူခြင်း-ဆောင်ယူ၍ သွားခြင်း။ (ခ) နေရာထိုင်ခင်းကို ခင်းပေးခြင်း။	(a) el llevar hacia delante / el llevar / el llevarse el asiento. (b) el extender un asiento para otro.	(a) the bringing forward / carrying / carrying away of a seat. (b) the spreading out of a seat for another.	(a): the hyphen division of ရှေးရှူ-ဆောင်ယူခြင်း-ဆောင်ယူ၍ သွားခြင်း is uncertain; read as alternatives for abhi-hāra.
31312	āsabha	(၁) (ရှေး၌ ပွင့်တော်မူပြီး ကုန်သော) မြတ်စွာဘုရား၊ ရှေးဘုရားရှင်များ။ (၂) အာသဘမည်သော-နွားလား-ရှေ့ဆောင်နွား။ (၁) အာသဘ (၁) အနက် ကြည့်။	(1) los Buddhas (que ya aparecieron en el pasado); los Buddhas anteriores. (2) llamado *āsabha* / toro / toro que va delante. (1) véase *āsabha* (1), significado.	(1) the Buddhas (who have appeared in the past); the former Buddhas. (2) called *āsabha* / bull / leading bull. (1) see *āsabha* (1), meaning.	Closing cross-reference '(၁) အာသဘ (၁) အနက် ကြည့်' was not converted to a «S» placeholder; the repeated (1) is unclear.
31318	āsabhī	(၁) မြတ်သော။ (၂) နွားလားဥသဘ၏ ဥစ္စာဖြစ်သော မတုန်လှုပ်သော အသံ,တူသော။ အာသဘ အာသဘ-တို့ကြည့်။	(1) noble. (2) semejante a la voz que no tiembla propia del toro *usabha*. Véanse [[āsabha]], [[āsabha]].	(1) noble. (2) like the unshaken voice belonging to the bull *usabha*. See [[āsabha]], [[āsabha]].	Cross-reference 'အာသဘ အာသဘ-တို့ကြည့်' left as text (no «S» placeholder); homograph numbers missing.
31320	āsaya	(၁) နေရာဌာန။ (က) သတ္တဝါတို့၏-အမြဲနေရာ-ခိုအောင်းရာ-တည်ရာ-မှီရာ-ဌာန(အိမ်,တွင်း,လိုဏ်ခေါင်းစသည်)။ (ခ) ဂါထာတို့၏-တည်ရာ-မှီရာ-ဖြစ်ရာ-ပုဂ္ဂိုလ်(ကဗျာဆရာ)။ (ဂ) စည်းစိမ်တို့၏ တည်နေရာဌာန (ကျက်သရေ)။ (ဃ) ကြားနာခြင်း,နှုတ်တက်ဆောင်ခြင်းစသော အားဖြင့် နေရာအိမ်သဖွယ် ဖြစ်သောတရား (ဝိနည်းပိဋက)။ (င) အစာသစ်အစာဟောင်းတို့၏ တည်ရာဌာန၊ အစာအိမ်။ (စ) ပထဝီစသော မဟာဘုတ်တို့၏ ဖြစ်ရာဌာန (ခန္ဓာကိုယ်)။ (ဆ) သတ္တဝါတို့၏-စိတ်၏-လာရောက်၍ ကိန်းအောင်းတည်နေရာဌာန၊ သတ္တဝါတို့၏ မူရင်း အတွင်းဓာတ်ခံသဘော အလိုအကြိုက် စရိုက်ဝါသနာ။ (ဇ) မိစ္ဆာဒိဋ္ဌိဖြင့်လည်းကောင်း,သမ္မာဒိဋ္ဌိဖြင့်လည်းကောင်း,ကာမစသည်တို့ဖြင့်လည်းကောင်း,နေက္ခမ္မ စသည်တို့ဖြင့်လည်းကောင်း ထုံမွှမ်းအပ်သော ခန္ဓာအစဉ်။ (ဈ) ဆံပင်စသော ၃၂-ကောဋ္ဌာသတို့၏-မှီရာ-အကြောင်း-ဖြစ်ရာဌာန။ (ည) ဆန္ဒ,ဉာဏ်၊ ဒေဝဒတ်စသော ဆန့်ကျင်ဘက် သတ္တဝါတို့၌ပင် အမြဲအကျိုးလိုလားသည့် အလွန်မြင့်မြတ်သော ဆန္ဒတော်,ပညိန္ဒြေ မရင့်ကျက်သေးသော သတ္တဝါတို့၏ ရင့်ကျက်မှုကို စောင့်မြှော်ဆင်ခြင်သည့် ဉာဏ်တော်။ (၂) အလို၊ ထင်မြင်ချက်၊ အဓိပ္ပါယ်။ (၃) အပိုင်းအခြားအားဖြင့် အချင်းချင်း မရောမယှက်-တည်တတ်-ဖြစ်တတ်-သော အရာလေးမျိုး (သည်းခြေ,သလိပ်,ပြည်,သွေး)။ «S1»	(1) lugar de morada. (a) morada habitual / refugio / lugar de permanencia / apoyo de los seres (casa, madriguera, cueva y demás). (b) la persona que es asiento / apoyo / origen de los versos (el poeta). (c) el lugar donde residen las riquezas (la gloria). (d) la Enseñanza que es como una casa de morada por medio del escuchar, el memorizar y demás (el *vinayapiṭaka*). (e) el lugar donde residen el alimento nuevo y el alimento viejo; el estómago. (f) el lugar donde surgen los *mahābhūta* que comienzan por *pathavī* (el cuerpo). (g) el lugar de los seres / de la mente donde, tras llegar, se aloja y permanece; la naturaleza original de la disposición interior de los seres, sus preferencias, su temperamento y sus inclinaciones. (h) la continuidad de los *khandha* impregnada de *micchādiṭṭhi*, de *sammādiṭṭhi*, de *kāma* y demás, de *nekkhamma* y demás. (i) el lugar que es apoyo / causa / origen de las 32 *koṭṭhāsa* que comienzan por el cabello. (j) *chanda*, conocimiento; el *chanda* sumamente excelso que siempre desea el beneficio aun de los seres adversarios como *devadatta* y demás, y el conocimiento que aguarda y considera la maduración de los seres cuya *paññindriya* aún no ha madurado. (2) deseo; opinión; intención. (3) cuatro cosas que, por sus límites, suelen permanecer / darse sin mezclarse unas con otras (bilis, flema, pus, sangre). Véase también [[āsayabheda]].	(1) dwelling place. (a) the permanent dwelling / lair / abiding place / support of beings (house, burrow, cave and so on). (b) the person who is the abode / support / source of verses (the poet). (c) the place where riches abide (glory). (d) the Teaching that is like a dwelling-house by way of hearing, learning by heart and so on (the *vinayapiṭaka*). (e) the place where new and old food rest; the stomach. (f) the place where the *mahābhūta* beginning with *pathavī* arise (the body). (g) the place of beings / of the mind where, having come, (things) lie dormant and abide; the original inner dispositional nature of beings, their liking, temperament and inclinations. (h) the continuum of *khandha* imbued with *micchādiṭṭhi*, with *sammādiṭṭhi*, with *kāma* and so on, with *nekkhamma* and so on. (i) the place that is the support / cause / origin of the 32 *koṭṭhāsa* beginning with head-hair. (j) *chanda*, knowledge; the most exalted *chanda* that always wishes the welfare even of hostile beings such as *devadatta*, and the knowledge that waits for and considers the ripening of beings whose *paññindriya* is not yet mature. (2) wish; opinion; intention. (3) four things that, by their limits, tend to stand / occur without mixing with one another (bile, phlegm, pus, blood). See also [[āsayabheda]].	(g) hyphen chain သတ္တဝါတို့၏-စိတ်၏- read as alternatives; (j) the honorific တော် (the Buddha's chanda and ñāṇa) is not rendered.
31325	āsayaposana	အလိုဆန္ဒ-အတွင်းခံ ဓာတ်သဘော-ကိုသုတ်သင်ခြင်း-ကို တိုးပွါးစေခြင်း။	el purificar / el hacer crecer el deseo / la naturaleza de la disposición interior.	the cleansing / the fostering of the wish / the inner dispositional nature.	Hyphen grouping ambiguous: which alternatives pair (wish / disposition; cleansing / fostering).
31337	āsayānusayañāṇa	သတ္တဝါတို့၏ အာသယ,အနုသယကို ဟုတ်မှန်စွာ သိသောဉာဏ်၊ သဿတဒိဋ္ဌိ-စသော လေးပါးသော အတွင်းခံဓာတ်သဘောဟူသော အာသယ,ကာမရာဂါနုသယစသော ၇-ပါးသော အနုသယကို ဟုတ်မှန်စွာသိသော ဉာဏ်တော်။ အာသယ-(ဆ,ဇ)-လည်းကြည့်။	el conocimiento que conoce verdaderamente el *āsaya* y el *anusaya* de los seres; el conocimiento que conoce verdaderamente el *āsaya*, que es la naturaleza de la disposición interior cuádruple que comienza por *sassatadiṭṭhi*, y los 7 *anusaya* que comienzan por *kāmarāgānusaya*. Véase también [[āsaya]] (g, h).	the knowledge that truly knows the *āsaya* and *anusaya* of beings; the knowledge that truly knows the *āsaya*, which is the fourfold inner dispositional nature beginning with *sassatadiṭṭhi*, and the 7 *anusaya* beginning with *kāmarāgānusaya*. See also [[āsaya]] (g, h).	Cross-reference 'အာသယ-(ဆ,ဇ)-လည်းကြည့်' left as text (no «S» placeholder); honorific ဉာဏ်တော် (the Buddha's) not rendered.
31342	āsallita	သက်ရောက်သော။	que recae sobre.	that falls upon.	Sense of သက်ရောက်သော for āsallita uncertain (falling upon / affecting).
31345	āsava	(က) ကြာမြင့်စွာ-ထုံထား-စိမ်ထား-အပ်သော သပြက်သီးရည် စသည်-အရက်-နှင့်တူသော တရား၊ (ကာမာသဝ စသည်)။ (ခ) (အနာမှ) ယိုစီးထွက်သော အညစ်အကြေး-အနာစေး-နှင့်တူသော တရား၊ (ကာမာသဝ စသည်)။ အာသဝ (၂) အနက်,(၄) အနက်တို့လည်း ကြည့်။	(a) estado semejante al jugo de fruta y demás / al licor dejado largo tiempo en fermentación / en maceración (*kāmāsava* y demás). (b) estado semejante a la impureza / la supuración que rezuma (de una llaga) (*kāmāsava* y demás). Véanse también [[āsava]], significados (2) y (4).	(a) a state like fruit juice and so on / liquor left a long time to ferment / to steep (*kāmāsava* and so on). (b) a state like the impurity / discharge oozing out (from a sore) (*kāmāsava* and so on). See also [[āsava]], meanings (2) and (4).	သပြက်သီးရည် : fruit not identified, rendered 'fruit juice'; closing cross-reference left as text (no «S» placeholder).
31346	āsava	အာသာမည်သော နတ်၊ အာသာနတ်။	la deidad llamada *āsā*; la deidad *āsā*.	the deity named *āsā*; the deity *āsā*.	Headword āsava but the gloss names a deity အာသာ (Āsā); check whether the article belongs to āsā.
31347	āsavakkhaya	(၁) အာသဝ (ကိလေသာ) တရားတို့၏-ကုန်ခန်းခြင်း-တဖန်မဖြစ်သော အားဖြင့်ချုပ်ခြင်း-အချင်းခပ်သိမ်း မရှိခြင်း။ (၂) အာသဝတရားတို့၏ (ပျက်စီးခြင်း) ဘင်ခဏ။ (၃) အာသဝတရားတို့ ကုန်ကြောင်းဖြစ်သော တရား၊ မဂ် (အရဟတ္တမဂ်)။ (၄) အာသဝတရားတို့-ကုန်ခန်းရာဖြစ်သော-ကုန်ခန်းကြောင်းဖြစ်သော အရဟတ္တမဂ်၏အဆုံး၌ ဖြစ်သော-ကုန်ခြင်းကြောင့် ရောက်အပ်သော-တရား၊ အရဟတ္တဖိုလ် (၅) အာသဝတို့ ကုန်ခန်းရာဖြစ်သော-အာသဝတရားတို့ ကုန်ခန်းခြင်းကြောင့် ရောက်အပ်သော-တရား၊ နိဗ္ဗာန်။ (၃)-လည်းကြည့်ပါ။	(1) la extinción / la cesación sin volver a surgir / la ausencia total de los estados *āsava* (*kilesa*). (2) el *bhaṅgakhaṇa* (la destrucción) de los estados *āsava*. (3) el estado que es causa de la extinción de los estados *āsava*; el *magga* (el *arahattamagga*). (4) el estado que es el lugar de la extinción de los estados *āsava* / que surge al final del *arahattamagga*, causa de su extinción / que se alcanza por su extinción; el *arahattaphala*. (5) el estado que es el lugar de la extinción de los *āsava* / que se alcanza por la extinción de los estados *āsava*; Nibbāna. Véase también (3).	(1) the exhaustion / cessation without arising again / total absence of the *āsava* (*kilesa*) states. (2) the *bhaṅgakhaṇa* (destruction) of the *āsava* states. (3) the state that is the cause of the destruction of the *āsava* states; the *magga* (the *arahattamagga*). (4) the state that is the place of the destruction of the *āsava* states / that arises at the end of the *arahattamagga*, the cause of their destruction / that is reached through their destruction; the *arahattaphala*. (5) the state that is the place of the destruction of the *āsava* / that is reached through the destruction of the *āsava* states; Nibbāna. See also (3).	(4) lacks its closing ။ in the source; hyphen grouping of the long chain in (4) is uncertain.
31388	āsavapariyādāna	အာသဝ တရားတို့ကို ထက်ဝန်းကျင်မှ ယူခြင်း အာသဝတရားတို့၏ ကုန်ခြင်း။	el tomar los estados *āsava* por todos lados; la extinción de los estados *āsava*.	the taking of the *āsava* states from all sides; the destruction of the *āsava* states.	Source lacks the ၊ between the two glosses; one was supplied.
31394	āsavavimuttisīsa	အာသဝတရားမှ ကင်းလွတ်ခြင်း-ဟူသော အဦးပဓာနစကား-ကိုအဦးပဓာနပြုခြင်း။	la expresión principal que es la liberación del estado *āsava* / el hacer de ella lo principal.	the chief expression, namely freedom from the *āsava* state / the making of it the chief.	Hyphen structure of -ဟူသော အဦးပဓာနစကား-ကိုအဦးပဓာနပြုခြင်း unclear.
31416	āsā	(၁) အာရုံ-တို့သို့ပျံ့နှံ့-တိုပ်ကိုလွှမ်းမိုး-တတ်သောတရား (တဏှာ)။ (၂) အားမရ တင်းမတိမ်နိုင်သည်ဖြစ်၍ အာရုံတို့ကိုခံစား သုံးဆောင်တတ်သောတရား၊ အာရုံတို့ကို သုံးဆောင်ခံစား၍ အားမရနိုင် တင်းမတိမ်နိုင်သော တရား (တဏှာ)။	(1) estado que suele extenderse hacia los objetos / dominarlos (*taṇhā*). (2) estado que, por no poder saciarse ni contentarse, suele experimentar y disfrutar los objetos; estado que, tras disfrutar y experimentar los objetos, no puede saciarse ni contentarse (*taṇhā*).	(1) a state apt to spread towards objects / to overwhelm them (*taṇhā*). (2) a state that, being unable to be sated or content, is apt to experience and enjoy objects; a state that, having enjoyed and experienced objects, cannot be sated or content (*taṇhā*).	(1) garbled: 'တိုပ်ကိုလွှမ်းမိုး' — the word before လွှမ်းမိုး is unclear (OCR?); rendered as 'overwhelm them'.
31423	āsāṭikā	(၁) ယင်ဥ၊ ယင်ချေးဥ။	(1) huevos de mosca; liendres de mosca.	(1) fly-eggs; fly-nits.	Numbered (1) with no (2) in the source.
31448	āsāl̤ha	အာသာဠှာနက္ခတ်နှင့် ယှဉ်သော လ၊ ဝါဆိုလ။ (နွယ်တာလ)။	el mes asociado con la constelación *āsāl̤hā*; el mes de Waso. (mes de Nweta).	the month associated with the asterism *āsāl̤hā*; the month of Waso. (month of Nweta).	Burmese month names transliterated (Waso); '(နွယ်တာလ)' is unclear, possibly a misprint — check.
31495	āsittakūpadhāna	ကြေးနီ-ငွေ-ဖြင့် ပြုအပ်သောပအုပ်။ စူဠဝါပါဠိတော်နိသျလည်းကြည့်ပါ။	soporte hecho de cobre / de plata. Véase también el nissaya del texto pāḷi del *cūḷavagga*.	a support made of copper / of silver. See also the nissaya of the Pāḷi text of the *cūḷavagga*.	ပအုပ် not identified (rendered 'support'); cross-reference to the Cūḷavagga nissaya left as text.
31511	āsītikapiṭṭhipabba	ကန်စွန်းနွယ်၏ ကျောက်ကုန်းအဆစ်။ «S1»	el nudo dorsal de la enredadera de espinaca de agua. Véase [[āsītikapabba]].	the back joint of the water-spinach creeper. See [[āsītikapabba]].	ကျောက်ကုန်း read as ကျောကုန်း 'back'.
31559	āsevana	မှီဝဲခြင်း။ (၁) (က) လွန်ကဲ-ပြင်းထန်-စွာမှီဝဲခြင်း။ (ခ) အစ၌- ရှေးဦးစွာ- မှီဝဲခြင်း။ (ဂ) ရိုသေစွာ မှီဝဲခြင်း။ (ဃ) အာရုံပြုသောအားဖြင့် မှီဝဲခြင်း၊ အာရုံပြုခြင်း။ (င) ပွါးများသောအားဖြင့် မှီဝဲခြင်း၊ ပွါးများခြင်း။ (စ) ထပ်ကာထပ်ကာ-ပြုလုပ်ခြင်း-ဖြစ်စေခြင်း-ထုံမွှမ်းခြင်း။ အာသေဝနဋ္ဌ-(ဂ,ဃ)-ကြည့်။ (၂) လွန်ကဲ-ပြင်းထန်-စွာ မှီဝဲအပ်သောတရား။ «S1» «S2»	el frecuentar. (1) (a) el frecuentar excesivamente / intensamente. (b) el frecuentar al comienzo / en primer lugar. (c) el frecuentar respetuosamente. (d) el frecuentar tomando como objeto; el tomar como objeto. (e) el frecuentar cultivando; el cultivar. (f) el hacer / producir / impregnar repetidamente. Véase [[āsevanaṭṭha]] (c, d). (2) estado frecuentado excesivamente / intensamente. Véase [[āsevanamandatā]]. Véase también [[āsevanābhāvanā]].	resorting to. (1) (a) resorting to excessively / intensely. (b) resorting to at the outset / first of all. (c) resorting to respectfully. (d) resorting to by taking as object; taking as object. (e) resorting to by cultivating; cultivating. (f) doing / producing / imbuing repeatedly. See [[āsevanaṭṭha]] (c, d). (2) a state resorted to excessively / intensely. See [[āsevanamandatā]]. See also [[āsevanābhāvanā]].	Cross-reference 'အာသေဝနဋ္ဌ-(ဂ,ဃ)-ကြည့်' left as text (no «S» placeholder).
31563	āsevanadassana	မှီဝဲခြင်းကို ပြုခြင်း။	el hacer el frecuentar.	making the resorting-to.	Headword -dassana 'showing' but Burmese has ပြုခြင်း 'doing'; possibly a misprint for ပြခြင်း 'showing'.
31566	āsevanapaccaya	မိမိ၏ နောက်နောက်ဖြစ်သော-မိမိ,အလားတူသော-ဇောတို့ကို ထပ်ကာထပ်ကာ ဖြစ်စေတတ်သည်၏ အဖြစ်ဖြင့် ကျေးဇူးပြုတတ်သောတရား၊ အာသေဝနပစ္စည်းတရား။ အာသေဝနဋ္ဌ-(ဂ,ဃ)-လည်းကြည့်။	estado que suele prestar ayuda por el hecho de soler producir repetidamente los *javana* que surgen después de él / semejantes a él; el estado *āsevanapaccaya*. Véase también [[āsevanaṭṭha]] (c, d).	a state apt to render help by being apt to produce repeatedly the *javana* that arise after it / that are like it; the *āsevanapaccaya* state. See also [[āsevanaṭṭha]] (c, d).	Cross-reference 'အာသေဝနဋ္ဌ-(ဂ,ဃ)-လည်းကြည့်' left as text (no «S» placeholder).
31597	āhaccapāda	အပေါင်၌-စွပ်အပ်သော-စွပ်၍ တည်သော-အခြေရှိသော၊ အပေါင်ကိုထွင်း၍ ခြေထောက် တပ်ထားသော (ညောင်စောင်း)။ «S1»	que tiene patas encajadas en el bastidor / que están encajadas; (diván) que tiene las patas colocadas tras perforar el bastidor. Véase también [[āhaccapādaka]].	having legs fitted into the frame / standing fitted; (a couch) with legs fixed after boring the frame. See also [[āhaccapādaka]].	အပေါင် rendered 'frame' (bed-frame rail); check.
31614	āhatagatta	စွဲကပ်အပ်သော ကိုယ်ရှိသော၊ သူ။	que tiene un cuerpo al que algo se ha adherido (dicho de una persona).	having a body to which something has stuck (said of a person).	စွဲကပ်အပ်သော ကိုယ် (āhatagatta) unclear: 'stuck-on' vs 'marked' body.
31664	āharima	ဆောင်ယူခြင်းဖြင့်-ဆောင်ယူ၍-ဖြစ်စေအပ်သော။ (က) ဆောင်ယူ၍-အသစ်ပြုလုပ်၍-တပ်ဆင်ထားအပ်သော။ (ခ) အခြားဒေသမှ ဆောင်ယူလောင်းထည့်ထားအပ်သော (ဂ) အာဂန္တုက အဖြစ်ဖြင့် ဆောင်ယူထားအပ်သော။ «S1» (ဃ) ကိုယ်ပိုင်ဥစ္စာဖြစ်သော။ (င) (ကိုယ်လက်သုတ်သင်ခြင်း တန်ဆာဆင်ခြင်းဖြင့်) ပြုပြင်ထားအပ်သော။ «S2»	producido por el traer / tras traer. (a) colocado tras traerlo / tras hacerlo nuevo. (b) traído de otra región y vertido. (c) traído en calidad de *āgantuka*. Véase [[kulaṅkapādaka]]. (d) que es propiedad propia. (e) arreglado (mediante el aseo y el adorno del cuerpo). Véase también [[āharimavāl̤a]].	produced by bringing / having brought. (a) fitted after bringing it / after making it new. (b) brought from another region and poured in. (c) brought as *āgantuka*. See [[kulaṅkapādaka]]. (d) being one's own property. (e) dressed up (by grooming and adorning the body). See also [[āharimavāl̤a]].	(b) lacks its closing ။ in the source.
31674	āhavanīya	(က) အဝေးမှပင်လာ၍ အားလုံးသော ပစ္စည်း ဥစ္စာကို ပေးလှူပူဇော်အပ်ရာ ဖြစ်သော၊ ပုဂ္ဂိုလ် (အရိယာသံဃာ)။ (ခ) သိကြားမင်း စသော ပုဂ္ဂိုလ်တို့ ပေးလှူပူဇော်အပ်သော ပစ္စည်းဝတ္ထုကိုပင် ခံယူထိုက်သော၊ ပုဂ္ဂိုလ် (အရိယာသံဃာ)။ (ဂ) ပေးလှူ ပူဇော်ဖွယ်ပစ္စည်းဝတ္ထုကို ခံယးထိုက်သော၊ မီး (မိဘဟူသောမီး)။ «S1»	(a) a quien se ofrecen y dedican todos los bienes, aun viniendo desde lejos (dicho de una persona: el *ariyasaṅgha*). (b) digno de recibir incluso los objetos ofrecidos y dedicados por personas como el rey *sakka* (dicho de una persona: el *ariyasaṅgha*). (c) digno de recibir objetos para ofrecer y dedicar (dicho del fuego: el fuego que son los padres). Véase también [[āhuneyyaggi]].	(a) to whom all goods are given and offered, even coming from afar (said of a person: the *ariyasaṅgha*). (b) worthy to receive even the articles given and offered by persons such as King *sakka* (said of a person: the *ariyasaṅgha*). (c) worthy to receive articles for giving and offering (said of fire: the fire which is one's parents). See also [[āhuneyyaggi]].	(c) ခံယး read as ခံယူ (misprint).
31675	āhāra	(၁) ခံတွင်းသို့ ဆောင်အပ်-စားမျိုအပ်-သော အရာဝတ္ထု၊ စားသောက်ဖွယ်၊ အစာ၊ (၎င်းကိုပင် ကဗဠီကာရာဟာရ-ဟု ဆိုနိုင်၏။ ကဗဠီကာရာဟာရ-ကြည့်)။ (၂) (က) အကြောင်း၊ သာမညအကြောင်း။ (ခ) မိမိဆိုင်ရာအကျိုးကို-လွန်စွာ ဆောင်တတ်-ဖြစ်စေတတ်-သော အကြောင်း၊ ထူးသော အကြောင်း၊ အာဟာရတရား။ (၎င်းတို့ကား ကဗဠီကာရာဟာရ,ဖဿာဟာရ,မနောသဉ္စေတနာဟာရ,ဝိညာဏာဟာရ-ဟူ၍ လေးမျိုးရှိ၏)။ «S1» (၃) ဆောင်ယူခြင်း။ (၄) အခွန်အတုတ်ကို ဆောင်ရာဌာန၊ ဇနပုဒ်။ «S2»	(1) cosa llevada a la boca / comida y tragada; lo que se come y se bebe; alimento; (a esto mismo se le puede llamar *kabal̤īkārāhāra*. Véase [[kabal̤īkārāhāra]]). (2) (a) causa; causa en general. (b) causa que suele traer / producir en gran medida su propio fruto; causa especial; el estado *āhāra*. (Estos son de cuatro clases: *kabal̤īkārāhāra*, *phassāhāra*, *manosañcetanāhāra*, *viññāṇāhāra*). Véase [[āhārapaccaya]]. (3) el traer. (4) el lugar al que se llevan los tributos; la provincia. Véase también [[sāhāra]].	(1) a thing carried to the mouth / eaten and swallowed; what is eaten and drunk; food; (this itself may be called *kabal̤īkārāhāra*. See [[kabal̤īkārāhāra]]). (2) (a) cause; cause in general. (b) a cause apt to bring / produce its own fruit abundantly; a special cause; the *āhāra* state. (These are of four kinds: *kabal̤īkārāhāra*, *phassāhāra*, *manosañcetanāhāra*, *viññāṇāhāra*). See [[āhārapaccaya]]. (3) bringing. (4) the place to which taxes are brought; a province. See also [[sāhāra]].	Cross-reference 'ကဗဠီကာရာဟာရ-ကြည့်' inside (1) left as text (no «S» placeholder).
31682	āhāraṭṭhitika	အာဟာရကြောင့် တည်တံ့ခြင်း-အာဟာရဟူသော တည်တံ့ကြောင့်-ရှိသော။ (က) အစာအာဟာရ-ဘောဇဉ်-ဟူသော တည်တံ့ကြောင်းရှိသော။ (ခ) (ကံ စိတ် ဥတု အာဟာရ) အကြောင်းတရား လေးပါးဟူသော တည်တံ့ကြောင်းရှိသော။ (ဂ) အကြောင်းသာမည ဟူသော တည်တံ့ကြောင်းရှိသော။ «S1»	que tiene la permanencia por el *āhāra* / la causa de permanencia que es el *āhāra*. (a) que tiene como causa de permanencia el alimento / la comida. (b) que tiene como causa de permanencia los cuatro estados causales (*kamma*, mente, *utu*, *āhāra*). (c) que tiene como causa de permanencia la causa en general. Véase también [[āhāra]] (2).	having persistence through *āhāra* / the cause of persistence which is *āhāra*. (a) having food / a meal as cause of persistence. (b) having the four causal states (*kamma*, mind, *utu*, *āhāra*) as cause of persistence. (c) having cause in general as cause of persistence. See also [[āhāra]] (2).	First gloss: တည်တံ့ကြောင့် read as တည်တံ့ကြောင်း (misprint).
31687	āhārapaccaya	(၁) အာဟာရပစ္စည်း၊ ရုပ်နာမ် တရားတို့ကို ထောက်ပံ့တတ်သော သဘောဖြင့် ကျေးဇူးပြုတတ်သော အာဟာရ ၄-ပါး။ (က) ကလာပ်တူဩဇာကြဉ်သော ကလာပ်တူ ကလာပ်ပြားဖြစ်သော စတုသမုဋ္ဌာနိကရုပ်အား ကျေးဇူးပြုတတ်သော အဇ္ဈတ္တ စတုဇဩဇာ,ဗဟိဒ္ဓ ဥတုဇဩဇာ ဟူသော ရုပ်အာဟာရပစ္စည်း၊ (ကဗဠီကာရအာဟာရ)။ (ခ) ယှဉ်ဘက်စိတ်,စေတသိက်,စိတ္တဇရုပ်,ပဋိသန္ဓေကမ္မဇရုပ်အား ကျေးဇူးပြုတတ်သော ဖဿ,စေတနာ,ဝိညာဉ်ဟူသော နာမ်အာဟာရပစ္စည်း။ (၂) ကံနှင့် ယှဉ်သော အာဟာရဟူသောအကြောင်း။ (၃) ရုပ်,ဝေဒနာ,သညာ,သင်္ခါရ ဟူသော အကြောင်း။	(1) el *āhārapaccaya*; los 4 *āhāra* que suelen prestar ayuda con la naturaleza de sustentar los estados *rūpanāma*. (a) el *rūpāhārapaccaya*, es decir la *ajjhatta catujaojā*, la *bahiddha utujaojā*, que suele prestar ayuda al *catusamuṭṭhānikarūpa* del mismo *kalāpa*, excluida la *ojā* del mismo *kalāpa*, y de otro *kalāpa*; (*kabal̤īkāraāhāra*). (b) el *nāmāhārapaccaya*, es decir *phassa*, *cetanā*, *viññāṇa*, que suele prestar ayuda a la mente y los *cetasika* asociados, al *cittajarūpa* y al *paṭisandhikammajarūpa*. (2) la causa que es el *āhāra* asociado con el *kamma*. (3) la causa que es *rūpa*, *vedanā*, *saññā*, *saṅkhāra*.	(1) the *āhārapaccaya*; the 4 *āhāra* apt to render help by way of supporting *rūpanāma* states. (a) the *rūpāhārapaccaya*, namely *ajjhatta catujaojā*, *bahiddha utujaojā*, apt to render help to *catusamuṭṭhānikarūpa* of the same *kalāpa*, excluding the *ojā* of the same *kalāpa*, and of another *kalāpa*; (*kabal̤īkāraāhāra*). (b) the *nāmāhārapaccaya*, namely *phassa*, *cetanā*, *viññāṇa*, apt to render help to the associated mind and *cetasika*, to *cittajarūpa* and to *paṭisandhikammajarūpa*. (2) the cause which is *āhāra* associated with *kamma*. (3) the cause which is *rūpa*, *vedanā*, *saññā*, *saṅkhāra*.	(1)(a) syntax of the kalāpa clause (same kalāpa excluding its own ojā / other kalāpa) is dense; check the reading.
31717	āhu	ဖြစ်ပြီ။ «S1»	ha sido. Véanse también [[ahu]], [[hoti]].	has been. See also [[ahu]], [[hoti]].	Burmese gives only ဖြစ်ပြီ ('has been/has become'), which does not match āhu 'they said'; check the scan.
31727	āl̤aka	(၁) နွားခြံ။ (၂) မြှားဖြောင့်သောကျည်။ (၃) ဆင်ချည်တိုင်။ (၄) ချုံဖုတ်အမျိုးအစားတစ်ခု။ «S1»	(1) corral de vacas. (2) tubo para enderezar flechas. (3) poste para atar elefantes. (4) un tipo de arbusto. Véase también [[āl̤haka]].	(1) cow-pen. (2) a tube for straightening arrows. (3) elephant-post. (4) a kind of shrub. See also [[āl̤haka]].	Sense (2) မြှားဖြောင့်သောကျည် read as 'tube that straightens arrows'; uncertain.
31728	āl̤akamandā	အာလကမန္ဒာနှင့် အနက်တူ၊ ၎င်း-ကြည့်။	mismo significado que *ālakamandā*; véase esa entrada.	same meaning as *ālakamandā*; see that entry.	Cross-reference left in the text, not replaced by a placeholder.
31729	āl̤ambara	ထက်စည်။ «S1»	un tipo de tambor. Véase también [[ālambara]].	a kind of drum. See also [[ālambara]].	ထက်စည်: a drum; exact kind unclear.
31730	āl̤avaka	(၁) အာဠဝီပြည်၌ မွေးဖွားသော၊ အာဠဝီပြည်မှ ထွက်ခွါ ရဟန်းပြုသော၊ ရဟန်း။ အာဠဝက ရဟန်း။ အာဠဝီပြည်၌ မွေးဖွားသော သူငယ်များကို အာဠဝကဟု ခော်၏။ ၎င်းတို့သည် ရဟန်းပြုသောအခါ၌လည်း အာဠဝကဟု ထင်ရှားကုန်၏။ အာဠဝကရဟန်းတို့၏ အတောင်းအရမ်းများမှုကို အကြောင်းပြု၍ ကုဋိကာရသိက္ခာပုဒ်နှင့် သစ်ပင် ခုတ်ခြင်းကြောင့် ဘူတဂါမသိက္ခာပုဒ်တို့ကို ပညတ်ရသည်။ မဏိကဏ္ဌဇာတ်ကိုလည်း ဟောတော်မူသည်။ (၂) အာဠဝီပြည်ကို အစိုးရသော၊ မင်း။ အာဠဝကမင်း။ (၃) အာဠဝကမင်း။ (၃) အာဠဝကမင်းသာ။ (၄) အာဠဝီပြည်အနီး၌ နေသောဘီလူး၊ အာဠဝကဘီလူး။ မူရင်းကြည့်ပါ။	(1) nacido en el país de *āl̤avī*; que salió del país de *āl̤avī* y se hizo monje (dicho de un monje). El monje *āl̤avaka*. A los muchachos nacidos en el país de *āl̤avī* se les llama *āl̤avaka*. También cuando se hicieron monjes fueron conocidos como *āl̤avaka*. A causa de las excesivas peticiones de los monjes *āl̤avaka* se promulgó la regla de entrenamiento *kuṭikārasikkhāpada*, y por talar árboles, la regla *bhūtagāmasikkhāpada*. También se enseñó el *maṇikaṇṭhajātaka*. (2) que gobierna el país de *āl̤avī* (dicho de un rey). El rey *āl̤avaka*. (3) el rey *āl̤avaka*. (3) el príncipe *āl̤avaka*. (4) el ogro que vive cerca del país de *āl̤avī*; el ogro *āl̤avaka*. Véase el original.	(1) born in the country of *āl̤avī*; who left the country of *āl̤avī* and became a monk (said of a monk). The monk *āl̤avaka*. Boys born in the country of *āl̤avī* are called *āl̤avaka*. When they became monks they were also known as *āl̤avaka*. Because of the excessive requests of the *āl̤avaka* monks the training rule *kuṭikārasikkhāpada* was laid down, and because of the felling of trees the rule *bhūtagāmasikkhāpada*. The *maṇikaṇṭhajātaka* was also taught. (2) who rules the country of *āl̤avī* (said of a king). King *āl̤avaka*. (3) King *āl̤avaka*. (3) Prince *āl̤avaka*. (4) the ogre living near the country of *āl̤avī*; the ogre *āl̤avaka*. See the original.	Sense number (3) repeated; ends with editorial note မူရင်းကြည့်ပါ ('see the original') — entry likely garbled.
31735	āl̤avinagara	(၁) အာဠဝီမြို့။ (၂) အာဠဝီမြို့၌ နေထိုင်သူ၊ အာဠဝီမြို့သူ မြို့သား။ (ဥပစာအားဖြင့် အာဠဝီမြို့သားတို့ကို အာဠဝိနဂရဟု ဆိုသည်)။ (၁)  «S1» «S2»	(1) la ciudad de *āl̤avī*. (2) el que vive en la ciudad de *āl̤avī*; habitante / ciudadano de la ciudad de *āl̤avī*. (En sentido figurado a los ciudadanos de *āl̤avī* se les llama *āl̤avinagara*). (1) Véase [[āl̤avika]]. Véase también [[āl̤avī]].	(1) the city of *āl̤avī*. (2) one who lives in the city of *āl̤avī*; a townsman / citizen of *āl̤avī*. (Figuratively the citizens of *āl̤avī* are called *āl̤avinagara*). (1) See [[āl̤avika]]. See also [[āl̤avī]].	Stray sense marker (၁) before the placeholders.
31740	āl̤āra	အာဠာရမည်သောသူ။ ရှည်၍ ကြောင်သော မျက်စိရှိသောကြောင့် အာဠာရအမည်ရသည်၊ ကာလာမအနွယ်၌ ဖြစ်၍ အာဠာရ ကာလာမဟု အမည်နှစ်မျိုးတွဲ၍ ခော်ဝော်သည်။	la persona llamada *āl̤āra*. Recibió el nombre *āl̤āra* por tener ojos alargados y bizcos; habiendo nacido en el linaje *kālāma*, se le llama uniendo los dos nombres, *āl̤āra kālāma*.	the person named *āl̤āra*. He got the name *āl̤āra* because he had long, squinting eyes; being born in the *kālāma* lineage, he is called by the two names joined, *āl̤āra kālāma*.	ကြောင်သော (of eyes) read as 'squinting'; could mean 'tawny' (cf. piṅgala).
31750	āl̤i	ကင်းမြီးကောက်၊ ကင်းပုဇွန်။	escorpión; un tipo de crustáceo.	scorpion; a kind of crustacean.	ကင်းပုဇွန် uncertain (a scorpion-like crustacean?).
31762	āl̤haka	ပြည် (လေးစလယ်)။	un pyi (cuatro salé).	one pyi (four salé).	Burmese capacity measures ပြည် (pyi) and စလယ် (salé) kept as names.
31788	iṅghita	ဇာ၊ဋ္ဌ၊၂။ ၃၆၆-၌ ရှိသော ယင်းပါဌ်ကား ဣင်္ဂိတ-မှ ပျက်လာသော ပါဌ်ဖြစ်ဟန်ရှိ၏။	esta lectura, que aparece en el lugar citado, parece ser una lectura corrupta de *iṅgita*.	this reading, found at the place cited, appears to be a corruption of *iṅgita*.	Citation ဇာ၊ဋ္ဌ၊၂။ ၃၆၆ (Jātaka commentary) dropped; entry is an editorial note.
31802	icchā	(က) အာရုံကို-အလိုရှိကြောင်း-နှစ်သက်ကြောင်း-ဖြစ်သောတရား၊ လောဘ၊ တဏှာ။ (ခ) အလိုရှိ-လိုချင်-နှစ်သက်-တပ်မက်-စွဲလမ်း-တောင့်တ-ခြင်း။ လောဘ၊ တဏှာ၊ (ဣစ္ဆာ,လောဘတွဲ၍ ဆိုသော အရာ၌ မရောက်သေး မရသေးသော အာရုံဝတ္ထုတို့ကို နှစ်သက်ခြင်းသည် ဣစ္ဆာ,ရောက်ပြီး ရပြီးသော အာရုံဝတ္ထုတို့ကို နှစ်သက်ခြင်းသည် လောဘဟု ခွဲခြားသေး၏။ (ဂ) အလိုဆန္ဒ။ (ဃ) အယူဝါဒ။ «S1»	(a) el estado que es causa de desear / de complacerse en el objeto; *lobha*; *taṇhā*. (b) el desear / querer / complacerse / apasionarse / aferrarse / anhelar. *lobha*; *taṇhā*; (donde se dicen juntos *icchā* y *lobha*, se distingue además: el complacerse en objetos aún no alcanzados ni obtenidos es *icchā*, el complacerse en objetos ya alcanzados y obtenidos es *lobha*). (c) el deseo (*chanda*). (d) la opinión, la doctrina. Véase también [[icchanta]].	(a) the state that is the cause of desiring / delighting in the object; *lobha*; *taṇhā*. (b) desiring / wanting / delighting / being passionate / clinging / longing. *lobha*; *taṇhā*; (where *icchā* and *lobha* are said together, a further distinction is made: delighting in objects not yet reached or obtained is *icchā*, delighting in objects already reached and obtained is *lobha*). (c) desire (*chanda*). (d) view, doctrine. See also [[icchanta]].	Source bracket before ဣစ္ဆာ,လောဘ is never closed; closed in translation.
31807	icchādosa	(၁) အလို-အာသာ-တဏှာ-ဟူသော အပြစ်။ (တိ) (၂) အလို-အာသာ-တဏှာ-ဟူသော အပြစ်ရှိသော။ (၁)  «S1»	(1) la falta que es el deseo / el anhelo / la *taṇhā*. (adjetivo) (2) que tiene la falta que es el deseo / el anhelo / la *taṇhā*. (1) Véase [[icchādosapareta]].	(1) the fault that is desire / longing / *taṇhā*. (adjective) (2) having the fault that is desire / longing / *taṇhā*. (1) See [[icchādosapareta]].	Stray sense marker (၁) before the placeholder.
31860	icchitatthakasāvana	အလို ရှိအပ်သော-အကြောင်းတရားကို အနက်အဓိပ္ပါယ်ကို-ကြားသိစေခြင်း။	el dar a conocer el asunto deseado / el significado.	making known the desired matter / meaning.	Hyphenation of this entry is irregular; reading of the alternatives uncertain.
31899	ijjhanaka	(၁) ပြီးစီး-ပြည့်စုံ-သော။ (၂) ပြီးစီးစေတတ်သော။ (၂)  «S1»	(1) cumplido / completo. (2) que suele hacer cumplir. (2) Véase [[ijjhanakakoṭṭhāsa]].	(1) accomplished / complete. (2) apt to bring about accomplishment. (2) See [[ijjhanakakoṭṭhāsa]].	Stray sense marker (၂) before the placeholder.
31930	iṭṭhakagopānasicaya	အုတ်,အခြင်ရနယ် အပေါင်း။	el conjunto de ladrillos y cabios.	the collection of bricks and rafters.	အခြင်ရနယ် read as 'rafters'; uncertain.
31954	iṭṭhakākuṭṭa	အုတ်နံရံ။	pared de ladrillo.	brick wall.	Label ကြိ (verb) does not fit a noun gloss.
31994	iti	(၁) အကြောင်း။ (၂) အခြင်းအရာ၊ အပြား၊ အမျိုးမျိုး အစားစား၊ အလားတူဖြစ်သော အရာ။ (၃) အဦးအစ၊ ပဌမ။ (၄) (က) ဆိုခဲ့ပြီးသော-ဆိုလတ္တံ့သော-အရာကို ညွှန်ပြခြင်း။ (ခ) ဥပမာ၊ နှုိင်းခိုင်းခြင်း၊ နှုိင်းယှဉ်ခြင်း။ (၅) အပြီး အဆုံး နိဂုံးအုပ်ခြင်း၊ အပြီးသတ်ခြင်း။ (၆) ပိုင်းခြားကန့်သတ်ခြင်း။ (၇) ပုဒ် တမျိုးပြောင်းလည်းခြင်း။ (၈) ရှေ့ပုဒ်နောက်ပုဒ် အားဖြင့် ဆက်စပ်သဖြင့် စကားဝါကျ ပြေပြစ်ချောမောခြင်း။ (၉) ဝိစ္ဆာ,တကွ တသဒ္ဒါ၏ ။ «S1» «S2»	(1) causa. (2) modo; clase; toda variedad; lo que es semejante. (3) el comienzo; primero. (4) (a) el señalar lo ya dicho / lo que se dirá. (b) símil; el comparar; el confrontar. (5) el concluir, el terminar; el poner fin. (6) el delimitar. (7) el cambiar una palabra a otra forma. (8) la fluidez y soltura del discurso por la conexión de la palabra anterior con la posterior. (9) *vicchā*, junto con la palabra *ta*. Véase también [[itibhavābhavatā]]. Véase [[itivāda]] (1).	(1) cause. (2) mode; kind; every variety; what is similar. (3) beginning; first. (4) (a) pointing to what has been said / what will be said. (b) simile; comparing; confronting. (5) concluding, finishing; bringing to an end. (6) delimiting. (7) changing a word into another form. (8) smoothness and fluency of speech through the connection of the preceding word with the following. (9) *vicchā*, together with the word *ta*. See also [[itibhavābhavatā]]. See [[itivāda]] (1).	Sense (9) ဝိစ္ဆာ,တကွ တသဒ္ဒါ၏ ။ is truncated/garbled.
32007	itivādappamokkhānisaṁsa	ထိုထို အမျိုးမျိုးသော အကြောင်းဖြင့်-ပြုအပ်-တင်အပ်-သော အပြစ်ဒေါသ ဟူသော အာနိသင်,ထိုအပြစ်ဒေါသ ဟူသော အာနိသင်,ထိုအပြစ်ဒေါသကို လွတ်ကင်းစေခြင်း ဟူသော အာနိသင်၊ အကြောင်းအမျိုးမျိုးဖြင့် သူတစ်ပါးတို့ကို ကဲ့ရဲ့ပြစ်တင်ခြင်း,သူတစ်ပါးတို့ ကဲ့ရဲ့ပြစ်တင်မှုကို ရှောင်ရှားနိုင်ခြင်းဟူသော အကျိုးကျေးဇူး။ «S1»	la ventaja que es la falta y defecto hecha / imputada por tal o cual razón, la ventaja que es esa falta y defecto, la ventaja que es el liberarse de esa falta y defecto; el beneficio que es el censurar a otros por diversas razones y el poder evitar la censura de otros. Véase [[itivādappamokkhānisaṁsattha]].	the advantage that is the fault and defect made / imputed for this or that reason, the advantage that is that fault and defect, the advantage that is freeing oneself from that fault and defect; the benefit that is blaming others for various reasons and being able to avoid the blame of others. See [[itivādappamokkhānisaṁsattha]].	The chain of အာနိသင် clauses reads oddly (fault 'as advantage'); literal draft, check.
32008	itivādappamokkhānisaṁsa	ဤနည်းဖြင့် သူတစ်ပါးတို့ဝါဒ အပော်၌ အပြစ်တင်ခြင်း,မိမိဝါဒအပော်၌ သူတစ်ပါးတို့ တင်အပ်သော အပြစ်မှ လွတ်ကင်းခြင်း အကျိုးရှိသော။ (၂) ဤသို့ပရိယတ်ကျမ်းဂန်ကို သင်ယူခြင်းဖြင့် မိမိဝါဒအပော်၌ သူတစ်ပါးတို့က-တင်အပ်သော အပြစ်-နှိပ်ကွပ်မှု-ကဲ့ရဲ့ရှုတ်ချမှု-ကိုလွတ်ကင်းစေခြင်း-၏ လွတ်ကင်းခြင်း-အကျိုးရှိသော၊ သူတစ်ပါးတို့က မိမိဝါဒကို အပြစ်တင်ရှုတ်ချမှုပြုပါက ထိုအပြစ်တင်ရှုတ်ချမှုများ မိမိအပော် (မိမိဝါဒအပော်) မကျမရောက်လွတ်မြောက်အောင် ချေပဖြေရှင်းမှု ပြုနိုင်ခြင်း အကျိုးရှိသော။ (၃) ထိုထိုအပြစ်ဒေါသ-ထိုထိုနှိပ်ကွပ်မှု-ထိုထိုကဲ့ရဲ့ရှုတ်ချမှု-ကို လွတ်ကင်းစေခြင်း-၏ လွတ်ကင်းခြင်း-အကျိုးရှိသော။	que tiene como fruto el censurar de este modo las doctrinas de otros y el quedar libre de la falta que otros imputan a la propia doctrina. (2) que tiene como fruto el hacer quedar libre / el quedar libre de la falta imputada / el castigo / la censura y reproche que otros ponen sobre la propia doctrina, por aprender así los textos de la *pariyatti*; que tiene como fruto el poder refutar y resolver, de modo que, si otros censuran y reprochan la propia doctrina, esas censuras y reproches no caigan ni recaigan sobre uno mismo (sobre la propia doctrina) y quede libre. (3) que tiene como fruto el hacer quedar libre / el quedar libre de tal o cual falta y defecto / tal o cual castigo / tal o cual censura y reproche.	having as its fruit finding fault in this way with the doctrines of others and being free from the fault others impute to one's own doctrine. (2) having as its fruit causing to be free / being free from the imputed fault / punishment / blame and reproach that others lay on one's own doctrine, by thus learning the texts of the *pariyatti*; having as its fruit being able to refute and resolve, so that if others blame and reproach one's own doctrine, that blame and reproach do not fall or land on oneself (on one's own doctrine) and one is freed. (3) having as its fruit causing to be free / being free from this or that fault and defect / this or that punishment / this or that blame and reproach.	Sense marker (၁) missing at the start.
32014	itihāsa	ဣတိဟာသကျမ်း။ (က) "ဤလောက၌ ဤသို့ ဤပုံ ဖြစ်ဘူးပြီ"ဟူသော စကားမျိုး,စပ်သောကျမ်း၊ ရှေးဟောင်း နှောင်းဖြစ်ကို ပြဆိုသောကျမ်း၊ ပုရာဏ်ကျမ်းများ။ (ခ) အဆက်ဆက်သော နည်းဥပဒေ-ရှိသော-ကို ဖော်ပြသောကျမ်း၊ ပုရာဏ်ကျမ်းများ။ «S1»	el texto *itihāsa*. (a) el texto compuesto de palabras del tipo «en este mundo sucedió así, de esta manera»; el texto que muestra lo antiguo y lo posterior; los *purāṇa*. (b) el texto que expone la norma transmitida / lo que la tiene; los *purāṇa*. Véase también [[itihāsapañcama]].	the *itihāsa* text. (a) a text composed of words of the kind 'in this world it happened thus, in this manner'; a text showing what is ancient and what came later; the *purāṇa*. (b) a text setting out the traditional rule / what has it; the *purāṇa*. See also [[itihāsapañcama]].	Hyphenation in (b) နည်းဥပဒေ-ရှိသော-ကို unclear.
32039	itthatta	ဤအပြား၏အဖြစ်၊ ဤထူးထွေကွဲပြား ခြားနားသော အမျိုးအစား၏ အဖြစ်။ (က) ဤခန္ဓာငါးပါး အပြား၏အဖြစ်၊ ဤလူ့ဘဝ,နတ်ဘဝစသော အမျိုးမျိုးသောဘဝ။ (ခ) ဤကာမာဝစရ ခန္ဓာငါးပါး အပြား၏အဖြစ်၊ ဤကာမဘုံသား၏အဖြစ်။ (ဂ) ဤလူ့ခန္ဓာငါးပါး အပြား၏အဖြစ်၊ ဤလူ၏အဖြစ်၊ ဤလူ့ဘဝ။ (ဃ) ဤဗြဟ္မာ၏အဖြစ်၊ ဗြဟ္မာ၏အတ္တဘော၊ ဗြာဟ္မာ၏ဘဝ။ (င) ဤ ၁၆-ပါး ကွဲပြားသော မဂ်ကိစ္စ၏အဖြစ်။ (စ) ဤထူးပြား ခြားနားသော ကိလေသာကုန်ခန်းစေခြင်း ကိစ္စ၏အဖြစ်။ (ဆ) ဤထူးပြားခြားနားသော ဖြစ်ဆဲခန္ဓာအစဉ်၏ အဖြစ်။ «S1»	el hecho de ser de esta clase; el hecho de ser de este tipo especial, diferenciado y distinto. (a) el hecho de ser de esta clase de cinco *khandha*; las diversas existencias, como esta existencia humana, la existencia divina y demás. (b) el hecho de ser de esta clase de cinco *khandha* *kāmāvacara*; el hecho de ser habitante de este *kāmabhūmi*. (c) el hecho de ser de esta clase de cinco *khandha* humanos; el hecho de ser este humano; esta existencia humana. (d) el hecho de ser este *brahmā*; la existencia individual de *brahmā*; la existencia de *brāhmā*. (e) el hecho de ser esta función del *magga*, diferenciada en 16. (f) el hecho de ser esta función especial y distinta de agotar las *kilesa*. (g) el hecho de ser esta serie especial y distinta de *khandha* que están ocurriendo. Véase también [[itthabhāvaññathābhāva]].	the state of being of this kind; the state of being of this special, differentiated and distinct type. (a) the state of being of this kind of five *khandha*; the various existences, such as this human existence, divine existence and so on. (b) the state of being of this kind of five *kāmāvacara* *khandha*; the state of being an inhabitant of this *kāmabhūmi*. (c) the state of being of this kind of five human *khandha*; the state of being this human; this human existence. (d) the state of being this *brahmā*; the individual existence of *brahmā*; the existence of *brāhmā*. (e) the state of being this function of the *magga*, differentiated into 16. (f) the state of being this special and distinct function of exhausting the *kilesa*. (g) the state of being this special and distinct series of *khandha* presently occurring. See also [[itthabhāvaññathābhāva]].	Misspelling ဗြာဟ္မာ in (d) copied as printed.
32050	itthambhūtākhyānattha	(က) ဤတစ်စုံတစ်ခုသော အထူးအပြား-ဤထူးခြားမှုတစ်စုံတစ်ခု-ဤဂုဏ်ထူးတစ်ခုခု-သို့ရောက်သောသူကို-ပြောကြားခြင်းအနက်- ပြောကြား သိစေတတ်သော သမ္ဗန်အနက်။ (ခ) ဤသို့သော အထူးအပြား-ဤသို့သောဂုဏ်ထူး-ဖြစ်သည်ဟု-ပြောကြားခြင်း အနက်-ပြောကြားသိစေတတ်သော သမ္ဗန်အနက်။	(a) el sentido de decir / el sentido *sambandha* que suele decir y dar a conocer a quien ha llegado a esta clase especial / esta particularidad / esta cualidad especial. (b) el sentido de decir / el sentido *sambandha* que suele decir y dar a conocer que es tal clase especial / tal cualidad especial.	(a) the sense of telling / the *sambandha* sense apt to tell and make known one who has come to this special kind / this particularity / this special quality. (b) the sense of telling / the *sambandha* sense apt to tell and make known that it is such a special kind / such a special quality.	Hyphenation irregular (dangling hyphen after အနက်-); reading of the alternatives uncertain.
32074	itthidāna	မိန်းမကို ပေးလှူခြင်း၊ မိန်းမအလှူ။ (ကောင်းမှုကုသိုလ်ဟု လူအများက ခော်ဝော်သမုတ် ထားအပ်ပါသော်လည်း မကောင်းအကုသိုလ်စစ်စစ် ဖြစ်နေသော ဒါနငါးမျိုးတို့တွင် တမျိုးအပါအဝင်ဖြစ်သော ဣတ္ထိဒါန။	el donar una mujer; la donación de una mujer. (la *itthidāna*, una de las cinco clases de *dāna* que, aunque la gente las llama y acepta como buenas acciones sanas, son en verdad malas e insanas del todo).	giving a woman; the gift of a woman. (*itthidāna*, one of the five kinds of *dāna* which, though people call and accept them as wholesome good deeds, are in truth bad and wholly unwholesome).	Source bracket opened before ကောင်းမှုကုသိုလ် is never closed; closed in translation.
32077	itthinimitta	(၁) မိန်းမ၏နိမိတ်၊ မိန်းမဟု သိကြောင်းအမှတ်အသား။ (ရင်သား ဖွံ့ဖြိုးခြင်း,မုတ်ဆိတ်ကြင်စွယ်မရှိခြင်း အသံ၏ အလိုသဘော အသံနေအသံထားစသည်) (၂) မိန်းမ၏ နိမိတ်၊ မိန်းမ၏ တင့်တယ်သော-အခြင်းအရာ-အကြောင်းအာရုံ။ (၃) မိန်းမ၏နိမိတ်၊ မိန်းမအင်္ဂါဇာတ်။ «S1»	(1) el signo de la mujer; la marca por la que se sabe que es mujer. (el desarrollo de los senos, la ausencia de barba y bigote, la cualidad de la voz, el tono de la voz y demás) (2) el signo de la mujer; el aspecto / el objeto hermoso de una mujer. (3) el signo de la mujer; el órgano sexual femenino. Véase también [[itthatta]].	(1) the sign of a woman; the mark by which one knows she is a woman. (development of the breasts, absence of beard and moustache, the quality of the voice, the pitch of the voice and so on) (2) the sign of a woman; a woman's beautiful aspect / object. (3) the sign of a woman; the female sexual organ. See also [[itthatta]].	အသံ၏ အလိုသဘော ('the voice's desired nature'?) rendered loosely as 'quality of the voice'.
32086	itthibhāva	(က) မိန်းမ၏အဖြစ်၊ မိန်းမ ဖြစ်ကြောင်း-မိန်းမဟု သိသောစိတ်,မိန်းမဟူသော နာမည်တို့၏ ဖြစ်ကြောင်း-သဘောတရား-ရုပ်တရား၊ ဣတ္ထိဘာဝရုပ်၊ အမမျိုးစေ့ရုပ်။ «S1» (ခ) မိန်းမ၏အဖြစ်၊ မိန်းမဘဝ၊ မိန်းမ၏ခန္ဓာငါးပါး။ (က)  «S2»	(a) el hecho de ser mujer; la naturaleza / el estado *rūpa* que es causa de ser mujer / causa de la mente que conoce «es mujer» y del nombre «mujer»; el *itthibhāvarūpa*; el *rūpa* semilla de lo femenino. Véase [[itthatta]] (a). (b) el hecho de ser mujer; la existencia de mujer; los cinco *khandha* de una mujer. (a) Véase [[itthatta]] (a).	(a) the state of being a woman; the nature / *rūpa* state that is the cause of being a woman / the cause of the mind that knows 'it is a woman' and of the name 'woman'; *itthibhāvarūpa*; the *rūpa* that is the seed of femininity. See [[itthatta]] (a). (b) the state of being a woman; existence as a woman; a woman's five *khandha*. (a) See [[itthatta]] (a).	Stray sense marker (က) before «S2».
32099	itthiliṅga	ဣတ္ထိလိင်၊ မိန်းမ၏သဏ္ဌာန်၊ (က) လုံးသော ပခုံးရှိခြင်း,မသန့်ရှင်းသော သေးငယ်သော လက်ခြေမျက်နှာရှိခြင်း,အောက်ပိုင်းကိုယ်သန့်ရှင်း၍ အထက်ပိုင်းကိုယ် မသန့်ရှင်းခြင်း,မုတ်ဆိတ်ကြင်စွယ် မပေါက်ခြင်း စသော ပုံပန်းသဏ္ဌာန်။ (ခ) မိန်းမ၏ အင်္ဂါဇာတ်။ «S1»	el *itthiliṅga*; la configuración de la mujer; (a) la forma y configuración como el tener hombros redondeados, manos, pies y cara no limpios y pequeños, el tener la parte inferior del cuerpo limpia y la superior no limpia, el no crecerle barba ni bigote, y demás. (b) el órgano sexual de la mujer. Véase también [[itthatta]] (a).	*itthiliṅga*; a woman's configuration; (a) shape and configuration such as having rounded shoulders, having hands, feet and face not clear and small, the lower body clear and the upper body not clear, no growth of beard and moustache, and so on. (b) a woman's sexual organ. See also [[itthatta]] (a).	မသန့်ရှင်းသော translated literally ('not clean/clear'); likely renders Pāḷi avisada ('not broad'), check.
32107	itthisahassa	မိန်းမတစ်ထောင်၊ (မိန်းမတသောင်း ခြောက်ထောင်ဆိုလိုချက် စကားပြေပြစ်ရန် မိန်းမတစ်ထောင်စု ဆိုသည်)။	mil mujeres (queriendo decir dieciséis mil mujeres, se dice «grupo de mil mujeres» por fluidez del discurso).	a thousand women (meaning sixteen thousand women, 'a group of a thousand women' is said for smoothness of speech).	Explanatory note (16,000 vs 1,000) reads oddly; literal draft.
32171	idha	ထင်းမီးစာ။	leña para encender el fuego.	firewood for kindling.	gloss (firewood, kindling) fits idhma/idhuma rather than idha (masc.); check headword
32185	inda	(၁) သိကြားမင်း။ (၂) ဣန္ဒမည်သောနတ်သား၊ နတ်မင်းကြီးလေးပါး၏ သားများ။ (၃) နဂါးမင်း။ (၄) စကြဝတေးမင်း။ (၅) မြတ်စွာဘုရား။ (၆) (က) အစိုးရသောသူ၊ အကြီးအမှူး၊ အရှင်သခင်။ (ခ) အစိုးရသော တရား၊ ကံတရား။ (၇) မိုးနတ်။ (ဂ) မိုးကြိုး။ ဣန္ဓဇုဋ္ဌ,ဣန္ဒဒေသိတဋ္ဌ ဣန္ဒဂု ဣန္ဒြိယဋ္ဌ-တို့လည်းကြည့်။ «S1» «S2»	(1) el rey *Sakka*. (2) el deva llamado *inda*, hijos de los cuatro grandes reyes devas. (3) el rey de los nāgas. (4) el monarca universal. (5) el Buddha. (6) (a) el que gobierna, el jefe, el señor. (b) el estado que gobierna; el *kamma*. (7) el deva de la lluvia. (c) el rayo. Véanse también [[indhajuṭṭha]], [[indadesitaṭṭha]], [[indagu]], [[indriyaṭṭha]]. Véase [[indagajjita]]. Véase [[indaggi]].	(1) King *Sakka*. (2) the deva named *inda*, sons of the four great deva kings. (3) the nāga king. (4) the universal monarch. (5) the Buddha. (6) (a) one who rules, a chief, a lord. (b) a ruling state; *kamma*. (7) the rain deva. (c) the thunderbolt. See also [[indhajuṭṭha]], [[indadesitaṭṭha]], [[indagu]], [[indriyaṭṭha]]. See [[indagajjita]]. See [[indaggi]].	sense marker (ဂ) after (၇) looks like a misprint for (၈); inline see-also list left in text alongside «S1» «S2»
32198	indagopaka	(၁) နီသောအဆင်းရှိသော ပိုးကောင်ငယ်တမျိုး၊ ပိုးပရံ၊ နတ်သမီး ကွမ်းသွေးကောင်၊ (အချို့အရပ်၌ ပိုးကတ္တီပါကောင်ဟုလည်း ခော်သည်) (၂) နီသော အဆင်းရှိသောမြက်။ (၃) မဟာလှေခါးပင်။ (၂) (၃)  «S1»	(1) una especie de insecto pequeño de color rojo; el ácaro rojo; el ‘insecto jugo de betel de las devas’; (en algunos lugares se le llama también ‘insecto de terciopelo’). (2) hierba de color rojo. (3) la planta ‘gran escalera’. (2) (3) Véase [[indagopakasañchanna]].	(1) a kind of small insect of red colour; the red mite; the ‘deva-maiden’s betel-juice insect’; (in some places it is also called the ‘velvet insect’). (2) a grass of red colour. (3) the ‘great ladder’ plant. (2) (3) See [[indagopakasañchanna]].	Burmese vernacular names: ပိုးပရံ rendered 'red mite', မဟာလှေခါးပင် rendered literally 'great ladder plant' — identifications need checking; dangling '(၂) (၃)' before «S1»
32199	indagopakavaṇṇa	ပိုးပရံကောင်-အနီရောင်-အဆင်းရှိသော။ «S1»	que tiene el color del ácaro rojo / el color rojo. Véase [[lohitaka]].	having the colour of the red mite / red colour. See [[lohitaka]].	label ပု but the gloss is adjectival
32229	indayava	လက်ထုတ်သီး။	la semilla del árbol de kurchi (Holarrhena).	the seed of the kurchi tree (Holarrhena).	လက်ထုတ်သီး identified as Holarrhena (kurchi) seed — botanical identification to check
32237	indavāruṇī	ဖရဲခါး၊ ကျီးအာ။	la sandía amarga (coloquíntida); la planta ‘boca de cuervo’.	the bitter watermelon (colocynth); the ‘crow’s mouth’ plant.	plant names: ဖရဲခါး taken as colocynth; ကျီးအာ rendered literally ('crow's mouth') — identification uncertain
32247	indasāla	နှံပဲပင် (နဘဲပင်)။	un árbol (nombre birmano nhan-pe; también escrito na-be).	a tree (Burmese name nhan-pe; also spelt na-be).	နှံပဲပင် (နဘဲပင်) is a Burmese tree name left unidentified; romanisation of the Burmese is ad hoc
32249	indasālarukkha	နှံပဲပင်(နဘဲပင်)။	un árbol (nombre birmano nhan-pe; también escrito na-be).	a tree (Burmese name nhan-pe; also spelt na-be).	နှံပဲပင် (နဘဲပင်) Burmese tree name left unidentified
32255	indikhaggadhara	ဤပုဒ်ကို နာရဒဇာတက အဋ္ဌကထာ နိသျ-၌ "ကြိမ်လုံး ထားသန်လျက်လည်း စွဲကုန်ထသော"ဟု အနက်ပြန်ဆိုသည်။	En el *nissaya* del comentario al *nāradajātaka* esta palabra se traduce como «que empuñan también bastones de ratán, espadas y sables».	In the *nissaya* of the commentary on the *nāradajātaka* this word is rendered as “who also grasp rattan staves, swords and sabres”.	gloss reports a nissaya rendering; ကြိမ်လုံး ထားသန်လျက် read as rattan staves, swords and sabres — check
32256	indīvara	(ပု) (န) (၁) ငုပင်၊ ငုပန်း။ (န) (၂) ကြာညို။	(masculino) (neutro) (1) el árbol de la caña fístula; la flor de la caña fístula. (neutro) (2) el loto azul.	(masculine) (neuter) (1) the Indian laburnum tree; the Indian laburnum flower. (neuter) (2) the blue lotus.	ငု taken as Cassia fistula (caña fístula / Indian laburnum)
32268	indriyakathā	(၁) ဣန္ဒြေတို့ကိုဆိုရာ-စကားရပ်-အပိုင်းအခန်း။	(1) el pasaje / la sección en que se habla de los *indriya*.	(1) the passage / section in which the *indriya* are spoken of.	sense (1) with no (2)
32288	indriyapaccayālābha	ဣန္ဒြိယပစ္စည်းကို မရခြင်း။	el no obtener la condición *indriyapaccaya*.	the not obtaining of the *indriyapaccaya* condition.	ပစ္စည်း can also mean 'requisites': the gloss may mean not obtaining requisites through the faculties; reading as the condition is tentative
32359	ibbha	(၁) (က) ကုံထံကြွယ်ဝသော သူ၊ သူကြွယ်။ (ခ) ဆင်၏ပယောဂကို ထိုက်သော၊ ဆင်,တူသော ပယောဂရှိသော၊ သူ။ ယုတ်ညံ့သော အိမ်ပိုင်ရှင်၊ အိမ်ရှင်ယုတ်၊ အမျိုးညံ့၊ ဇာတ်နိမ့်၊ သုဒ္ဒမျိုး။ (ပု) (၂) ဆင်ထိန်း။ «S1»	(1) (a) persona rica y opulenta; hombre acaudalado. (b) que merece el trato que se da a un elefante; que tiene un comportamiento semejante al de un elefante (dicho de una persona). Dueño de casa vil; amo de casa inferior; de linaje bajo; de casta baja; de la casta *sudda*. (masculino) (2) cuidador de elefantes. Véase [[ibbha]] (2).	(1) (a) a rich and wealthy person; a man of property. (b) deserving the handling given to an elephant; having behaviour like an elephant (said of a person). A base householder; an inferior householder; of low lineage; of low caste; of the *sudda* caste. (masculine) (2) an elephant keeper. See [[ibbha]] (2).	sense (1)(b) runs on into the 'base householder / low caste' glosses without a marker; ပယောဂ rendered 'handling / behaviour'
32364	ima	ဤ၊ ဤယောက်ကျား၊ ဤမိန်းမ၊ ဤအမျိုး၊ ဤစိတ်၊ ဤအရာဝတ္ထု (စသည်)။ ထိုဣမသဒ္ဒါသည် အလွန်နီးနီးကပ်ကပ် တည်ရှိသော အရာဝတ္ထု အနက်ဒြဗ်ကို ဟောပြသောပုဒ် ဖြစ်၏။	este; este hombre; esta mujer; este linaje; esta mente; esta cosa (y demás). Esa palabra *ima* es un vocablo que designa una cosa, un significado sustantivo, que se halla muy cerca.	this; this man; this woman; this lineage; this mind; this thing (and so on). That word *ima* is a word that denotes a thing, a substantive meaning, that stands very near.	ဒြဗ် (dravya, 'substance') rendered 'substantive meaning' — check grammatical sense
32406	iva	(၁) အတူ၊ တူခြင်း-ဩပမ္မ,ပဋိပဘာဂ(ကဲ့သို့-ဟု မြန်မာပြန်)။ (၂) လွန်ကဲခြင်း၊ အလွန်အကဲ။ (၃) တားမြစ်ခြင်း (သာလျှင်-ဟု မြန်မာပြန်)။ «S1»	(1) igual; semejanza / *opamma*, *paṭipabhāga* (traducido al birmano como ‘como’). (2) exceso; excesivamente. (3) restricción (traducido al birmano como ‘solamente’). Véanse también [[atiriva]], [[atīva]], [[ateva]].	(1) alike; likeness / *opamma*, *paṭipabhāga* (rendered in Burmese as ‘like’). (2) excess; exceedingly. (3) restriction (rendered in Burmese as ‘only’). See also [[atiriva]], [[atīva]], [[ateva]].	label ဗျ (indeclinable) not in the label table; left out of the text
32417	isidattasutta	ဣသိဒတ္တသုတ်၊ ပဌမဣသိဒကသုတ်နှင့်,ဒုတိယ ဣသိဒတ္တသုတ်။	el sutta *isidatta*; el primer sutta *isidaka* y el segundo sutta *isidatta*.	the *isidatta* sutta; the first *isidaka* sutta and the second *isidatta* sutta.	ဣသိဒကသုတ် looks like a misprint for ဣသိဒတ္တသုတ်
32435	isimugga	ရသေ့စားပဲနောက်၊ ပဲယဉ်း။	la legumbre que comen los ascetas (pe-nauk); la legumbre pe-yin.	the pulse eaten by ascetics (pe-nauk); the pe-yin pulse.	ပဲနောက် and ပဲယဉ်း are Burmese pulse names left unidentified; romanisation ad hoc
32439	isivātapaṭivāta	(က) ရဟန်း ရဟန်းမတို့၏ (သင်္ကန်းဝတ်ရုံခြင်း,ကိုယ်လက်ကွေးခြင်း ဆန့်ခြင်း စသည်တို့ကြောင့်ဖြစ်သော) လေသည် တိုက်ခတ်အပ်သော။ (ခ) ရဟန်း ရဟန်းမတို့၏ လေသည် ခါတွက် တိုက်ခတ်အပ်သော မကောင်းမှုရှိသော။	(a) alcanzado por el viento de los monjes y monjas (que surge de ponerse el hábito, doblar y estirar los miembros y demás). (b) que tiene malas acciones alcanzadas por el viento de los monjes y monjas.	(a) struck by the wind of monks and nuns (arising from putting on the robe, bending and stretching the limbs and so on). (b) having evil deeds struck by the wind of monks and nuns.	(b) garbled: ခါတွက် unclear, sense of 'having evil deeds' uncertain
32442	isivhaya	ဣသိပတန အမည်ရှိသော မိဂဒါဝုန်တော။	el bosque de *Migadāya*, que tiene el nombre de *isipatana*.	the *Migadāya* forest, which has the name *isipatana*.	label တိ but gloss is a noun (place name)
32447	issa	ဝက်ဝံနက်။ ခြင်္သေ့မည်း။ ဝံနက်။ သမင်ပျံ။ «S1»	oso negro. león negro. oso negro. ciervo volador. Véanse también [[issamiga]], [[issasiṅga]], [[kāl̤asīha]].	black bear. black lion. black bear. flying deer. See also [[issamiga]], [[issasiṅga]], [[kāl̤asīha]].	သမင်ပျံ rendered literally 'flying deer' — identification uncertain
32458	issara	(၁) (က) အစိုးရသော၊ ပိုင်ဆိုင်သော၊ ပိုင်ရှင်ဖြစ်သော၊ အုပ်ချုပ် ကွပ်ကဲသော၊ အကြီးအကဲ-အရှင်သခင်-ဘုရင်-ဖြစ်သော၊ သူ။ (ခ) စည်းစိမ်ဥစ္စာ-ပြည့်စုံ-ကြွယ်ဝ-ခြင်းကြောင့် အစိုးရသော၊ လူကုံထံဖြစ်သော၊ သူ။ (ဂ) တလောကလုံးကို-အစိုးရသော-ဖန်ဆင်းသော (ဖန်ဆင်းသူဟု ယူဆစွဲလမ်းအပ်သော)-မဟာဗြဟ္မာ-ပဇာပတိနတ်-မာရ်နတ်။ (ဃ) သတ္တဝါတို့ကို အစိုးရသော တရား၊ ကံ တရား။ (၂) အစိုးရသူ၏အဖြစ်။ «S1» (ဃ)  «S2»	(1) (a) que gobierna, que posee, que es dueño, que administra y dirige, que es jefe / señor / rey (dicho de una persona). (b) que gobierna por estar provisto / abundante en riquezas; que es acaudalado (dicho de una persona). (c) que gobierna / que crea (del que se cree y se sostiene firmemente que es el creador) el mundo entero: *mahābrahmā* / el deva *pajāpati* / el deva *Māra*. (d) el estado que gobierna a los seres; el *kamma*. (2) la condición de gobernante. Véanse también [[issarakutta]], [[issaranimmānahetu]]. (d) Véase [[issaranimmāna]].	(1) (a) ruling, possessing, being owner, governing and directing, being chief / lord / king (said of a person). (b) ruling through being endowed / abundant in wealth; being wealthy (said of a person). (c) ruling / creating (held and firmly believed to be the creator) the whole world: *mahābrahmā* / the deva *pajāpati* / the deva *Māra*. (d) the state that rules beings; *kamma*. (2) the state of a ruler. See also [[issarakutta]], [[issaranimmānahetu]]. (d) See [[issaranimmāna]].	dangling '(ဃ)' between «S1» and «S2» at the end
32468	issarakutta	တလောကလုံးကို အစိုးရသော-အာဏာပိုင်ဖြစ်သော-မဟာဗြဟ္မာသည်-ပြုလုပ်အပ်သော-ဖန်ဆင်းအပ်သော။	hecho / creado por *mahābrahmā*, que gobierna el mundo entero / que tiene la autoridad.	made / created by *mahābrahmā*, who rules the whole world / who holds authority.	label န but gloss is adjectival
32496	issaramadasambhava	အစိုးရသည်၏အဖြစ်-စည်းစိမ်ဥစ္စာ-အာဏာ-ကို စွဲမှီ၍ မာန်တက်ခြင်းကြောင့်ဖြစ်သော။	que surge de la arrogancia apoyada en la condición de gobernante / en las riquezas / en la autoridad.	arising from the arrogance based on the state of a ruler / on wealth / on authority.	label ပု but gloss is adjectival
32518	issariyaṭṭhāna	(၁) (က) အစိုးရသူ၏ဖြစ်ကြောင်း ဖြစ်သောဝသီဘော်ငါးပါး၏ တည်ရာဌာန (ဖလသမာပတ်)။ (ခ) အစိုးရသူ၏ဖြစ်ကြောင်း ဝသီဘော်ငါးပါး၏ အကြောင်းတရား (အရဟတ္တမဂ်,အရဟတ္တဖိုလ်)။ (၂) အစိုးရသူ၏အဖြစ်-လွှမ်းမိုး အုပ်စိုးခြင်း-၏ ဖြစ်ရာဌာန။ (က) နိဗ္ဗာန်။ «S1» (ခ) ရူပါရုံစသောအာရုံ။	(1) (a) el lugar de asiento de las cinco *vasībhāva*, que son causa de la condición de gobernante (*phalasamāpatti*). (b) el estado causal de las cinco *vasībhāva*, causa de la condición de gobernante (*arahattamagga*, *arahattaphala*). (2) el lugar donde surge la condición de gobernante / el dominar y gobernar. (a) Nibbāna. Véase [[issariya]]. (b) los objetos que comienzan por el *rūpārammaṇa*.	(1) (a) the standing-place of the five *vasībhāva*, which are the cause of the state of a ruler (*phalasamāpatti*). (b) the causal state of the five *vasībhāva*, cause of the state of a ruler (*arahattamagga*, *arahattaphala*). (2) the place where the state of a ruler / dominating and governing arises. (a) Nibbāna. See [[issariya]]. (b) the objects beginning with the *rūpārammaṇa*.	«S1» stands between senses (2)(a) and (2)(b)
32522	issariyaparihāra	အစိုးရသူ-လူကုံထံ အထက်တန်းစားပုဂ္ဂိုလ်-တို့၏ ခန္ဓာကိုယ်ကို ရွက်ဆောင်ခြင်း၊ အစိုးရသူ-လူကုံထံ-တို့၏ ကိုယ်လက်သုတ်သင်ခြင်း ရေချိုးခြင်း အစဉ်အလာ။	el cuidado del cuerpo de los gobernantes / de las personas acaudaladas de clase alta; la costumbre del aseo corporal y el baño de los gobernantes / acaudalados.	the care of the body of rulers / of wealthy upper-class persons; the custom of cleansing the body and bathing of rulers / the wealthy.	ရွက်ဆောင်ခြင်း ('carrying, bearing') rendered as 'care'; could be literal carrying of the person
32566	issāmanaka	ဣဿနှင့် ယှဉ်သော စိတ်ရှိသော၊ သူ။	que tiene una mente asociada con la *issa* (dicho de una persona).	having a mind associated with *issa* (said of a person).	ဣဿ likely a misprint for ဣဿာ (copied as printed)
32588	iha	ဤ...၌၊ ဤသာသနာတော်၌။	en este …; en esta *sāsana*.	in this …; in this *sāsana*.	label ဗျ (indeclinable) not in the label table
32594	ī	(၁) ဤ-ဓာတ်။ (၂) ဤ-ပစ္စည်း။ (၃) ဤ-ဝိဘတ်။ (၄) ဤ-အာဂုံ။ (၅) အခြား အက္ခရာတို့မှ ပြောင်းလာသော ဤ၊ (အာဒေသ-ဤ)။	(1) la raíz *ī*. (2) el sufijo *ī*. (3) la desinencia *ī*. (4) el aumento *ī*. (5) *ī* que procede de otras letras (*ī* de sustitución, *ādesa*).	(1) the root *ī*. (2) the suffix *ī*. (3) the case ending *ī*. (4) the augment *ī*. (5) *ī* that comes from other letters (substitute *ī*, *ādesa*).	grammatical labels ဓာတ်, ပစ္စည်း, ဝိဘတ်, အာဂုံ translated (root, suffix, ending, augment) rather than kept as Pāḷi
32623	īsa	လွယ်ကူစွာ၊ မငြိုငြင်-မပင်ပန်း-သဖြင့်။ ဤသံ (၁) အနက်ကြည့်။	fácilmente; sin dificultad / sin fatiga. Véase el significado (1) de *īsaṁ*.	easily; without difficulty / without fatigue. See meaning (1) of *īsaṁ*.	label ပု but gloss is adverbial (belongs to īsaṁ); ဤသံ contains asat — copied as the cross-reference printed
32631	īsadhara	ဤသဓရ မည်သောတောင်၊ မြင်းမိုရ်တောင်ကို ဝန်းရံနေသော တောင်စဉ် ခုနစ်ထပ်တို့တွင် ပါဝင်သောတောင်၊ ၎င်းတောင်သည် ယူဇနာ နှစ်သောင်း တစ်ထောင်တိုင်အောင် သမုဒ္ဒရာတွင်း၌ နစ်မြုပ်လျက်,ယူဇနာ နှစ်သောင်းတစ်ထောင်ပင် သမုဒ္ဒရာ အထက် ပော်တက်၍ တည်ရှိသည်။	el monte llamado *īsadhara*; monte incluido entre las siete cadenas de montes que rodean el monte Meru; ese monte está sumergido en el océano hasta una profundidad de 21.000 yojanas, y se eleva igualmente 21.000 yojanas por encima del océano.	the mountain called *īsadhara*; a mountain included among the seven ranges of mountains surrounding Mount Meru; that mountain is sunk in the ocean to a depth of 21,000 yojanas, and rises likewise 21,000 yojanas above the ocean.	မြင်းမိုရ်တောင် rendered as Mount Meru (Burmese name, not Pāḷi).
32638	īsāna	ဤသာသနမည်သော နတ်မင်း။	el rey de los devas llamado *īsāsana*.	the king of the devas called *īsāsana*.	Name printed ဤသာသန; the headword īsāna suggests ဤသာန — possible misprint or OCR error.
32650	īhā	(၁) ဖြစ်ခြင်း။ အမူအရာ။ စိတ္တ ဤဟာ-ကြည့်။ (၂) အသက်မွေးခြင်း။ «S1» (၃) အားထုတ်ခြင်း၊ လုံ့လပြုခြင်း၊ လုံ့လဝီရိယ။	(1) el suceder. conducta. Véase [[citta īhā]]. (2) el ganarse la vida. Véase [[īhita]] (2). (3) el esforzarse; el poner empeño; empeño y energía.	(1) coming to be. conduct. See [[citta īhā]]. (2) making a living. See [[īhita]] (2). (3) striving; making effort; diligence and energy.	In-text see-reference စိတ္တ ဤဟာ-ကြည့် was not placeholdered; kept as Pāḷi.
32658	u	(၁) အထက်သို့ တက်ခြင်း။ (၂) အထက်။ အထက်၌ ပြုခြင်း၊ အထက်အမှု။ (၃) ပြဓာန်းခြင်း။ (၄) ကင်းကွာခြင်း။ (၅) ဖြစ်ခြင်း။ (၆) သဘောကို (အကျိုးကို) ရခြင်း။ (၇) စွမ်းနိုင်ခြင်း။ (၈) သရုပ်အားဖြင့်-သရုပ်ထုတ်၍-ရွတ်ဆိုခြင်း။ (၉) မြှောက်ချီခြင်း။ (၁၀) ကဲ့ရဲ့ခြင်း။ (၁၁) လွန်ကဲခြင်း၊ အလွန်။ «S1» (၁၂) စွန့်ပစ်ခြင်း။ «S2» (၁၃) ဆောင်ခြင်း။ (၁၄) တားမြစ်ခြင်း။ «S3» (၁၅) အနက်အထူးမရှိ၊ ပုဒ်ကိုတိုးပွါးစေကာမျှ၊ ပုဒ်ပြည့်ကာမျှ။ «S4» (၁၆) ရောင့်ရဲခြင်း။ (၁၇) ပြည့်စုံခြင်း။ (၁၈) အပြစ်မရှိခြင်း။ (၁၉) ခွန်အား ကြီးမားသည်၏ အဖြစ်။ (၂၀) ထင်ရှားပြခြင်း။ (၂၁) လိမ္မာသည်၏အဖြစ်။ (၂၂) နိဗ္ဗာန်။ (၂၃) ဆင်းရဲကိုရခြင်း။ (၂၄) အထက်သို့ ကြည့်ခြင်း။ (၂၅) ဖြတ်ခြင်း။ «S5»	(1) el subir hacia arriba. (2) arriba. el hacer arriba; la acción de arriba. (3) el predominar. (4) el separarse. (5) el suceder. (6) el obtener la naturaleza (el fruto). (7) el poder. (8) el recitar según su naturaleza / exponiendo su naturaleza. (9) el elevar. (10) el censurar. (11) el exceder; sumamente. Véase [[ujjaṅgala]]. (12) el abandonar. Véase [[uklāpa]]. (13) el llevar. (14) el prohibir. Véanse [[ukkama]], [[uppatha]], [[urabbha]]. (15) sin significado especial; solo para ampliar la palabra; solo para completar la palabra. Véase [[ubbhinditvā]]. (16) el estar contento. (17) el estar completo. (18) el no tener falta. (19) el hecho de tener gran fuerza. (20) el mostrar claramente. (21) el hecho de ser hábil. (22) Nibbāna. (23) el obtener sufrimiento. (24) el mirar hacia arriba. (25) el cortar. Véase [[ukkhepakavāta]].	(1) going upward. (2) above. doing above; the higher deed. (3) predominating. (4) separating. (5) coming to be. (6) obtaining the nature (the fruit). (7) being able. (8) reciting by its nature / setting out its nature. (9) raising up. (10) censuring. (11) exceeding; exceedingly. See [[ujjaṅgala]]. (12) abandoning. See [[uklāpa]]. (13) carrying. (14) forbidding. See [[ukkama]], [[uppatha]], [[urabbha]]. (15) with no special meaning; merely to extend the word; merely to fill out the word. See [[ubbhinditvā]]. (16) being content. (17) being complete. (18) being faultless. (19) the state of having great strength. (20) showing clearly. (21) the state of being skilful. (22) Nibbāna. (23) obtaining suffering. (24) looking upward. (25) cutting. See [[ukkhepakavāta]].	Sense (2) အထက်အမှု uncertain: “the higher deed” vs “action above”.
32659	ukka	ပသန္နစိတ္တော သုမနော၊ တယော ဥက္ကေ အဓာရယိံ။ အပ၊ ၂။ ၃၄။ ထေရ၊ဋ္ဌ၊၂။ ၁၀။	*pasannacitto sumano. tayo ukke adhārayiṁ*.	*pasannacitto sumano. tayo ukke adhārayiṁ*.	No Burmese gloss: the entry is only a quoted verse with citations (citations dropped).
32663	ukkaṁsagatakhetta	လွန်ကဲခြင်းသို့ရောက်သော-ခေတ်-ပုဂ္ဂိုလ်။	campo / persona que ha llegado al grado sumo.	field / person that has reached the highest degree.	ခေတ် taken as the loanword of khetta (field).
32679	ukkaṁsanattha	ချီးမွမ်းခြင်းအကျိုး။	el beneficio del alabar.	the benefit of praising.	အကျိုး here may be attha as “purpose” (“for the sake of praising”) rather than “benefit”.
32694	ukkaṁsavatthu	အထွတ်အထိပ်ဖြစ်သော ဝတ္ထု။	la base que es la cima.	the basis that is the summit.	ဝတ္ထု could be “object” or “story” rather than “basis”; context unclear.
32696	ukkaṁsāpetukāma	ချီးမြှော်-ချီးကျူး-စေလိုသော၊ သူ။	que desea hacer que se exalte / se alabe (dicho de una persona).	wishing to cause to exalt / to praise (said of a person).	ချီးမြှော် read as ချီးမြှောက် (exalt).
32713	ukkaṭṭha	(၁) (က) ကြီးမားသော၊ အကြီးဆုံးဖြစ်သော။ (ခ) လွန်ကဲသော၊ သာလွန်ထူးချွန်သော၊ အလွန်ဆုံးဖြစ်သော။ (ဂ) မြင့်မြတ်သော၊ အမြတ်ဆုံးဖြစ်သော။ (ပု¿) (၂) နှစ်ဖက်ရင်ဆိုင်-စစ်တိုက်ခြင်း-စစ်ပွဲ။	(1) (a) grande; el más grande. (b) excesivo; sobresaliente; el más excesivo. (c) noble; el más excelso. (masculino) (2) el enfrentarse ambos bandos / el combatir / la batalla.	(1) (a) great; the greatest. (b) excessive; surpassing; the most excessive. (c) noble; the foremost. (masculine) (2) the two sides confronting each other / fighting / the battle.	Label printed (ပု¿) — uncertain label before sense (2), rendered (masculine).
32722	ukkaṭṭhaggahaṇādhippāya	မြတ်သောပုဂ္ဂိုလ်တို့ကို-ယူခြင်း၌-ယူလိုသော-အလိုဆန္ဒ။	el deseo de tomar, al tomar a las personas excelentes.	the wish to take, in taking excellent persons.	Hyphens here segment one phrase (word-by-word gloss), not alternatives; rendered as a single phrase.
32744	ukkaṭṭharukkhamūlika	အထက်တန်းစား ဖြစ်သော-ရုက္ခမူဓုတင် ဆောက်တည်သောရဟန်း-အမိုးကျောင်း၌ မနေပဲ သစ်ပင်ရင်း၌သာနေခြင်း ကျင့်ဝတ်ရှိသောရဟန်း။ ဥက္ကဋ္ဌ အဗ္ဘောကာသိက-ကြည့်။	monje que es de clase superior / que observa el *dhutaṅga* *rukkhamūla* / monje cuya práctica es vivir solo al pie de un árbol, sin vivir en un monasterio con techo. Véase [[ukkaṭṭha abbhokāsika]].	a monk who is of the upper grade / who undertakes the *rukkhamūla* *dhutaṅga* / a monk whose observance is to live only at the foot of a tree, not living in a roofed monastery. See [[ukkaṭṭha abbhokāsika]].	In-text see-reference (ဥက္ကဋ္ဌ အဗ္ဘောကာသိက-ကြည့်) was not placeholdered; kept as Pāḷi.
32745	ukkaṭṭhavāsika	ဥက္ကဋ္ဌ(ဥက္ကဋ္ဌ¿) မည်သော မြို့၌နေသော၊ ဥက္ကဋ္ဌာ မြို့သားဖြစ်သော၊ သူ။	que vive en la ciudad llamada *ukkaṭṭha* (*ukkaṭṭha*?); que es habitante de la ciudad de *ukkaṭṭhā* (dicho de una persona).	living in the city called *ukkaṭṭha* (*ukkaṭṭha*?); being a citizen of the city of *ukkaṭṭhā* (said of a person).	Printed (ဥက္ကဋ္ဌ¿): the bracketed variant is doubtful, probably ဥက္ကဋ္ဌာ as in id 32717.
32753	ukkaṭṭhāraññaka	အမြတ်စားဖြစ်သော-အာရညကင် ဓုတင်ဆောက်တည်သော-တောအရပ်၌ နေလေ့ရှိသော-ရဟန်း၊ ဥက္ကဋ္ဌနေသဇ္ဇိက-ကြည့်။	monje que es de la clase más excelente / que observa el *dhutaṅga* *āraññaka* / que suele vivir en el bosque; véase *ukkaṭṭhanesajjika*.	a monk who is of the best grade / who undertakes the *āraññaka* *dhutaṅga* / who is in the habit of living in the forest; see *ukkaṭṭhanesajjika*.	In-text see-reference (ဥက္ကဋ္ဌနေသဇ္ဇိက-ကြည့်) was not placeholdered; kept as Pāḷi.
32757	ukkaḍḍhati	(၁) အထက်သို့ ဆွဲငင်၏။ (က) တိုးပွါးစေ၏၊ ဝါခေါင်လကို ဝါခေါင်လ မပြုလုပ်သေးပဲ နောက်ထပ် ဝါဆိုလတလပြုလုပ်၏၊ ဝါထပ်၏။ (ခ) ရွှေ့ဆိုင်း၏။ (၂) ဆွဲငင်၏။ ပေးလှူခြင်းကိစ္စ၌ ကန့်ကွက်ဟန့်တား၏။ «S1»	(1) tira hacia arriba. (a) hace aumentar; sin hacer todavía del mes de Wagaung el mes de Wagaung, hace un mes de Waso adicional; intercala un mes. (b) aplaza. (2) tira. en el asunto de dar, objeta e impide. Véanse también [[ukkaḍḍhitukāma]], [[ukkaḍḍhiyati]].	(1) draws upward. (a) causes to increase; not yet making the month of Wagaung the month of Wagaung, makes one further month of Waso; intercalates a month. (b) postpones. (2) draws. in the matter of giving, objects and prevents. See also [[ukkaḍḍhitukāma]], [[ukkaḍḍhiyati]].	Burmese month names ဝါခေါင် (Wagaung) and ဝါဆို (Waso) kept as Burmese names; ဝါထပ် = intercalary month.
32760	ukkaḍḍhitvā	(က) အထက်သို့ ဆွဲငင်၍။ (ခ) ရွှေ့ဆိုင်း၍။ (က)  «S1»	(a) habiendo tirado hacia arriba. (b) habiendo aplazado. (a) Véase [[ukkaḍḍhiyati]].	(a) having drawn upward. (b) having postponed. (a) See [[ukkaḍḍhiyati]].	A stray (က) precedes «S1» at the end; kept as printed.
32768	ukkaṇṭhanattha	ပျင်းရိ-ငြီးငွေ့-မပျော်မွေ့-ခြင်းအကျိုး။	el beneficio del aburrirse / hastiarse / no deleitarse.	the benefit of being bored / weary / undelighted.	အကျိုး here may be attha as “purpose/meaning” rather than “benefit”.
32780	ukkaṇṭhāpita	ပျင်းရိ-ငြီးငွေ့-မပျော်မွေ့-စေအပ်သော- အောင်ပြုလုပ်ခံရသော၊ သူ။	a quien se ha hecho aburrirse / hastiarse / no deleitarse (dicho de una persona).	made to be bored / weary / undelighted (said of a person).	Trailing hyphen before အောင်ပြုလုပ်ခံရသော (“subjected to being made so”); read as one passive-causative phrase.
32829	ukkā	(၁) မီးရှူး၊ မီးစည်း။ (၂) မီးအိုးကင်း။ (၃) ပန်းပဲဖို။ (၄) လေ၏အဟုန်၊ (ကောင်းကင်၌ လေထုအဟုန်တို့ အချင်းချင်း ထိခိုက်၍ ဖြစ်ပော်သော အရောင်အလင်း)။ (၅) ရွှေပန်းထိမ်သည်တို့၏ မိုက်ခွက်။ «S1» «S2»	(1) antorcha; tea. (2) brasero. (3) fragua de herrero. (4) el ímpetu del viento (resplandor que surge en el cielo al chocar entre sí los ímpetus de las masas de aire). (5) el crisol de los orfebres. Véase [[ukkaṭṭhā]]. Véase también [[ukkāmukha]].	(1) torch; firebrand. (2) brazier. (3) blacksmith's forge. (4) the force of the wind (a glow that arises in the sky when the forces of the air masses strike one another). (5) the goldsmiths' crucible. See [[ukkaṭṭhā]]. See also [[ukkāmukha]].	Sense (2) မီးအိုးကင်း uncertain: read as a fire-pot / brazier.
32835	ukkācita	တဖန်-မမေးမြန်း-မပြောဆို-အပ်သော။ «S1»	al que no se ha vuelto a / preguntar / hablar. Véase [[ukkācitavinīta]].	not again / questioned / spoken to. See [[ukkācitavinīta]].	Sense unclear as printed (တဖန်-မမေးမြန်း-မပြောဆို-အပ်သော); rendered literally; a reviewer should check against ukkācita “glib talk”.
32836	ukkācitavinīta	တဖန်-မမေးမြန်း-မပြောဆို-မူ၍ ဆုံးမအပ်သော၊ ဆင်းဆင်း ရဲရဲ-ခဲခဲ ယဉ်းယဉ်း-ဆုံးမအပ်သော။	disciplinado sin volver a / preguntar / hablar; disciplinado penosamente / trabajosamente.	trained without again / questioning / speaking; trained painfully / laboriously.	Same unclear first gloss as 32835; ဆင်းဆင်းရဲရဲ-ခဲခဲယဉ်းယဉ်း read as “painfully / with difficulty”.
32857	ukkāruharaṇa	အဟုန်ဖြင့် တက်ရောက်ထိုးပစ်ခြင်း။	el subir con ímpetu y arrojar.	rising with force and hurling.	Sense uncertain; the gloss does not obviously fit the headword ukkāruharaṇa.
32900	ukkuṭṭhisata	ကြွေးကြော်-ဟစ်အော်-ခြင်း အရာ၊ ရာပေါင်းများစွာသော ကြွေးကြော် ဟစ်အော်ခြင်း။	cien aclamaciones / gritos; muchos cientos de aclamaciones y gritos.	a hundred shouts / cries; many hundreds of shouts and cries.	Printed အရာ (“thing”) read as တရာ (“a hundred”), as the headword -sata and the second gloss require.
32910	ukkūla	မြင့်သောကမ်း,တူသော၊ မြင့်သည်၏ အဖြစ်ရှိသော (အရပ်)၊ မြင့်ရာအရပ်၊ ကုန်းမြင့်။ «S1»	semejante a una orilla alta; (lugar) que tiene la cualidad de ser alto; lugar elevado; loma. Véase también [[ukkūlavikkūla]].	like a high bank; (a place) having the quality of being high; a high place; a mound. See also [[ukkūlavikkūla]].	မြင့်သောကမ်း,တူသော has a stray comma; read as “like a high bank”.
32913	ukkoṭa	(၁) တားမြစ်ခြင်း၊ (၂) အဖျဉ်းအဆုပ်အသား။	(1) el impedir; (2) carne en grumos.	(1) preventing; (2) lumpy flesh.	Sense (2) အဖျဉ်းအဆုပ်အသား unclear; tentatively “lumpy flesh”.
32914	ukkoṭaka	အဖျဉ်းအဆုပ်အသား။ «S1»	carne en grumos. Véase [[ukkoṭa]] (2).	lumpy flesh. See [[ukkoṭa]] (2).	အဖျဉ်းအဆုပ်အသား unclear; tentatively “lumpy flesh”.
32946	ukkhitta	(၁) မြှောက်ချီ-မြှောက်တင်-မြှောက်ပင့်-ချီမ-အပ်သော။ (၂) (က) နှင်ထုတ်အပ်သော၊ သူ။ (ခ) ပယ်ရှား-ပယ်ထုတ်-အပ်သော။ (ခ)  «S1»	(1) alzado / elevado / levantado / izado. (2) (a) expulsado (dicho de una persona). (b) rechazado / apartado. (b) Véase [[ukkhittapaligha]].	(1) raised / lifted up / held up / hoisted. (2) (a) expelled (said of a person). (b) rejected / put away. (b) See [[ukkhittapaligha]].	A stray (ခ) precedes «S1» at the end; kept as printed.
33005	ukkhepana	(၁) နှင်ထုတ်ကြောင်းကံ၊ ဥက္ခေပနီယကံ။ («S1») (၂) (က) နှင်ထုတ်ခြင်း။ (ခ) လှူဒါန်းသူဒါယကာအဖြစ်မှ အပပြုပယ်ထုတ်ခြင်း။ (ဂ) ချီမြှောက်၍-ပစ်ချခြင်း-စွန့်ပယ်ခြင်း၊ မလှူသူကို မြင်လျှင် အလှူရှင်ကြီးဟု ချီးမွမ်း ခြေကျောက်ပြောခြင်း။ (၃) ကြွမြှောက်ခြင်း၊ မြှောက်ချီခြင်း။	(1) el *kamma* que es causa de expulsión; el *ukkhepanīyakamma*. (Véase también [[ukkhepanīyakamma]].) (2) (a) el expulsar. (b) el apartar y excluir de la condición de donante. (c) el ensalzar / arrojar abajo / desechar; al ver a quien no da, alabarlo con sorna como gran donante. (3) el alzar; el elevar.	(1) the *kamma* that brings about expulsion; the *ukkhepanīyakamma*. (See also [[ukkhepanīyakamma]].) (2) (a) expelling. (b) putting away and excluding from the status of a donor. (c) exalting / throwing down / discarding; on seeing one who does not give, praising him mockingly as a great donor. (3) lifting; raising up.	(2c) ခြေကျောက်ပြော read as “speak mockingly”; uncertain.
33022	ugga	(၁) (က) ထက်မြက်သော။ ပြင်းထန်သော။ (ခ) ကြမ်းတမ်းသော။ (ဂ) ထင်ရှားကျော်စောသော။ (ဃ) ကြောက်ရွံ့ဖွယ်ဖြစ်သော၊ တန်ခိုးတေဇော်-အရှိန်အဝါ-ဩဇာအာဏာ-ကြီးမားသော၊ အလေးပြုထိုက်သော။ (၂) မင်းမျိုးယောက်ကျား,သူဆင်းရဲ မိန်းမတို့မှ ဖွားမြင်သောသား။ (၃) မျက်မှောက်ဘဝ,တမလွန်ဘဝ၌ ဖြစ်သော အကျိုးမဲ့ဘေးအန္တရာယ်တို့ကို ထွေးအန်တတ်သော-ကြမ်းတမ်း ကြောက်မက်ဖွယ်သော-ကိလေသာ။ «S1» (ပု) (၄) ဥဂ္ဂမည်သောသူ။ (က) ခန္ဓာကိုယ်အားဖြင့်လည်းကောင်း,ဂုဏ်အားဖြင့်လည်းကောင်း-မြင့်မတ်-ပော်လွင်ထင်ရှား-သော ကြောင့် ဥဂ္ဂ မည်သော-သူဌေး-သူကြွယ်၊ ဂေါတမမြတ်စွာဘုရား လက်ထက်တော်၌ မိမိစိတ်ကြိုက် ဘောဇဉ်ကို လှူဒါန်းရာ၌ အသာဆုံး ဧတဒဂ်ဘွဲ့ထူးရရှိသော ဝေသာလီပြည်သား သူဌေး။ (ခ) ကောဏာဂမန မြတ်စွာဘုရား၏ အလုပ်အကျွေး ဖြစ်သော ဥဂ္ဂမည်သော-သူဌေး-သူကြွယ်။ «S2» (ဂ) ဥဂ္ဂမည်သောထေရ်။ «S3» «S4» (ဃ) ဥဂ္ဂမည်သော အမတ်ကြီး။ (င) ဥဂ္ဂမည်သော သူဌေးသား။ (စ) ဧဠေယျမင်း၏ အခြွေအရံ ဖြစ်သော ဥဂ္ဂမည်သောသူ။ (ဆ) ဟတ္ထိရွာသား ဥဂ္ဂသူကြွယ်။	(1) (a) agudo. intenso. (b) áspero. (c) célebre. (d) temible; de gran poder y esplendor / ímpetu / autoridad; digno de respeto. (2) el hijo nacido de un hombre de linaje real y de una mujer pobre. (3) *kilesa* que suele vomitar los daños, peligros y desgracias de esta existencia y de la otra / áspero y temible. Véase [[uggatāpana]]. (masculino) (4) persona llamada *ugga*. (a) hombre rico / hacendado llamado *ugga* por ser elevado / prominente y destacado tanto por su cuerpo como por sus cualidades; hombre rico de *vesālī* que, en tiempos del Buda *gotama*, recibió el título de *etadagga* como el principal entre quienes ofrecían los manjares de su agrado. (b) hombre rico / hacendado llamado *ugga*, servidor del Buda *koṇāgamana*. Véase [[uggaputta]]. (c) el *thera* llamado *ugga*. Véase [[uggaputta]]. Véase también [[uggathera]]. (d) el ministro llamado *ugga*. (e) el hijo de hombre rico llamado *ugga*. (f) la persona llamada *ugga*, del séquito del rey *el̤eyya*. (g) el hacendado *ugga*, aldeano de *hatthi*.	(1) (a) sharp. intense. (b) harsh. (c) renowned. (d) fearsome; of great power and splendour / momentum / authority; worthy of respect. (2) a son born of a man of royal lineage and a poor woman. (3) the *kilesa* apt to vomit forth harm, danger and misfortune in this existence and the next / harsh and fearsome. See [[uggatāpana]]. (masculine) (4) the person called *ugga*. (a) the rich man / householder called *ugga* because he was lofty / prominent and conspicuous both in body and in virtues; the rich man of *vesālī* who in the time of the Buddha *gotama* received the title of *etadagga* as foremost among those who gave the food that pleased them. (b) the rich man / householder called *ugga*, attendant of the Buddha *koṇāgamana*. See [[uggaputta]]. (c) the *thera* called *ugga*. See [[uggaputta]]. See also [[uggathera]]. (d) the minister called *ugga*. (e) the rich man's son called *ugga*. (f) the person called *ugga*, of the retinue of King *el̤eyya*. (g) the householder *ugga*, a villager of *hatthi*.	(2) သူဆင်းရဲ literally “poor person”; may stand for a low-caste mother. မြင့်မတ် read as မြင့်မြတ်.
33026	uggacchati	သက်လျော၏။	se hunde.	subsides.	Gloss (သက်လျော “subsides, slides down”) is the opposite of uggacchati “rises”; check the scan.
33043	uggañchitvāna	အထက်သို့ တက်၍။ ဥဂ္ဂဉ္စ တွာန ဧကာဟံ၊ သတတော ပိ ဝဍ္ဎတိ။ မိလိန္ဒ။ ၃၅၉။	habiendo subido hacia arriba. *uggañca tvāna ekāhaṁ. satato pi vaḍḍhati*.	having gone upward. *uggañca tvāna ekāhaṁ. satato pi vaḍḍhati*.	Quoted Pāḷi prints ဥဂ္ဂဉ္စ တွာန where the headword uggañchitvāna is expected; possible misprint. Citation dropped.
33044	uggaṭṭhānadassana	ကြောက်ရွံ့ဖွယ် ပုဂ္ဂိုလ်ဟူသော အရာဌာန။	el ámbito que es una persona temible.	the domain that is a fearsome person.	Gloss does not render -dassana of the headword; possibly truncated.
33077	uggaṇhitvā	(က) ကောက်ယူ၍။ (ခ) ခံယူ၍။ (ဂ) သင်ယူ၍။ (က)  «S1»	(a) habiendo recogido. (b) habiendo recibido. (c) habiendo aprendido. (a) Véase [[uggaṇhāpetvā]].	(a) having picked up. (b) having received. (c) having learnt. (a) See [[uggaṇhāpetvā]].	A stray (က) precedes «S1» at the end; kept as printed.
33082	uggata	ဥဂ္ဂတမည်သော သူ။ (၁) ဥဂ္ဂတသူဌေး၊ သံဃာတော်တို့အား ဆည်းကပ် လုပ်ကျွေးရာ၌ ဧတဒဂ်ရ (သံဃုပဋ္ဌာက ဧတဒဂ်ရ) သော ဥဂ္ဂတသူဌေး။ (၂) ဥဂ္ဂတမင်း။ (က) သောဘိတဘုရားရှင် လက်ထက် သုနန္ဒမြို့၌ သုနန္ဒမည်သော ကျောင်းဆောက်လှူဒါန်းသော ဥဂ္ဂတမင်း။ (ခ) သုဇာတဘုရားရှင်၏ ခမည်းတော်ဥဂ္ဂတမင်း။ (၃) ဥဂ္ဂတစကြဝတေးမင်း။ (က) ပဒုမုတ္တရဘုရားရှင်လက်ထက်၌ အလံတံခွန်လှူဒါန်းဖူး၍လည်းကောင်း မြတ်စွာဘုရားက ဥဂ္ဂတမည်သော စကြဝတေးမင်း ဖြစ်လတ္တံ့ဟု ဗျာဒိတ်စကား မိန့်ကြားခံရသောမင်း။ (ခ) ဤကမ္ဘာမှ ၁၄-ကမ္ဘာထက်က ဖြစ်ကြသော ဥဂ္ဂတစကြဝတေးမင်း ၄-ဦး။ (ဂ) ဤကမ္ဘာမှ ၂၉-ကမ္ဘာထက်၌ဖြစ်ကြသော ဥဂ္ဂတစကြာမင်း ၁၆-ဦး။	la persona llamada *uggata*. (1) el hombre rico *uggata*; el hombre rico *uggata* que obtuvo el *etadagga* en servir y asistir a los miembros del *saṅgha* (*etadagga* como *saṁghupaṭṭhāka*). (2) el rey *uggata*. (a) el rey *uggata* que, en tiempos del Buda *sobhita*, construyó y donó en la ciudad de *sunanda* el monasterio llamado *sunanda*. (b) el rey *uggata*, padre del Buda *sujāta*. (3) el monarca universal *uggata*. (a) el rey que, por haber ofrecido estandartes y banderas en tiempos del Buda *padumuttara*, recibió del Buda la predicción de que sería un monarca universal llamado *uggata*. (b) los 4 monarcas universales *uggata* que existieron 14 eones antes de este. (c) los 16 monarcas universales *uggata* que existieron 29 eones antes de este.	the person called *uggata*. (1) the rich man *uggata*; the rich man *uggata* who obtained the *etadagga* for serving and attending on the *saṅgha* (the *etadagga* as *saṁghupaṭṭhāka*). (2) King *uggata*. (a) King *uggata* who, in the time of the Buddha *sobhita*, built and donated in the city of *sunanda* the monastery called *sunanda*. (b) King *uggata*, father of the Buddha *sujāta*. (3) the universal monarch *uggata*. (a) the king who, having offered flags and banners in the time of the Buddha *padumuttara*, received from the Buddha the prediction that he would become a universal monarch called *uggata*. (b) the 4 universal monarchs *uggata* who lived 14 aeons before this one. (c) the 16 universal monarchs *uggata* who lived 29 aeons before this one.	(3a) has လည်းကောင်း after the first clause but no second clause; possibly a phrase missing.
33104	uggatāyuka	ထွက်သောအသက်ရှိသော သူ။	que tiene una vida que ha salido (dicho de una persona).	having life that has gone out (said of a person).	ထွက်သောအသက် (“life gone out” or “life that has come forth”) is unclear; long life (uggata-āyu) may be meant.
33164	uggahita	(၁) သင်ယူအပ်သော၊ သဒ္ဒါ,အားဖြင့် နောက်နောက်ကာလ၌ မှတ်ယူအပ်သော၊ သင်ယူခြင်း,မေးမြန်းခြင်းအားဖြင့် စိတ်ဖြင့် မှတ်သားထားအပ်သော။ (၂) (က) လွဲမှားစွာ-ယူငင်-သုံးသပ်-အပ်သော၊ စွဲကပ်ပူးဝင်အပ်သော၊ အာရုံ။ (ခ) တဏှာ ဒိဋ္ဌိတို့ဖြင့်-ယူငင်အပ်-လွဲမှားစွာ သုံးသပ်အပ်သော။ (၃) စိတ်ဖြင့် စွဲမြဲစွာ မှတ်ယူအပ်သော၊ ဥဂ္ဂဟနိမိတ် ထင်ပော်လာစေအပ်သော (မေတ္တာ)။ (၄) သင်ယူသော၊ သူ။ «S1» (၅) သင်ယူရာဖြစ်သော။ «S2» (၆) မကောင်းသဖြင့် ကိုင်ယူအပ်သည်၏အဖြစ်၊ အကပ်မခံဘဲ ရဟန်းကိုယ်တိုင်ကိုင်ယူခြင်း၊ အကပ်ပျက်စေခြင်း။ «S3» (၇) ခံယူ-ကိုင်ယူ-အပ်သော။ «S4» «S5»	(1) aprendido; retenido en tiempos posteriores por medio de las palabras; guardado en la mente mediante el aprender y el preguntar. (2) (a) tomado / examinado erróneamente; aferrado y poseído; objeto (de la mente). (b) tomado / examinado erróneamente por *taṇhā* y *diṭṭhi*. (3) captado firmemente con la mente; en que se ha hecho aparecer el *uggahanimitta* (*mettā*). (4) que aprende (dicho de una persona). Véase [[uggahitatthera]]. (5) que es aquello en que se aprende. Véase [[uggahitakāla]]. (6) el hecho de ser tomado indebidamente; el tomar el propio monje sin recibir el ofrecimiento formal; el invalidar el ofrecimiento formal. Véase [[uggahitapaccaya]]. (7) aceptado / tomado. Véase [[uggahitaka]]. Véase también [[uggahitamūla]].	(1) learnt; retained at later times by means of the words; kept in the mind by learning and asking. (2) (a) wrongly taken / examined; clung to and possessed; object (of the mind). (b) taken / wrongly examined through *taṇhā* and *diṭṭhi*. (3) firmly grasped with the mind; in which the *uggahanimitta* has been made to appear (*mettā*). (4) who learns (said of a person). See [[uggahitatthera]]. (5) that in which one learns. See [[uggahitakāla]]. (6) the state of being improperly taken; the monk's taking it himself without receiving the formal offering; invalidating the formal offering. See [[uggahitapaccaya]]. (7) accepted / taken. See [[uggahitaka]]. See also [[uggahitamūla]].	(2)(a) hyphen chain လွဲမှားစွာ-ယူငင်-သုံးသပ်-အပ်သော read as 'wrongly taken / examined'
33193	uggahetvā	(က) သင်ယူ၍။ (ခ) နှုတ်တက်မှတ်ယူ၍။ (ဂ) ပါဠိအနက်အားဖြင့် ကြားနာ ဆောင်ထား မေးမြန်းခြင်း စဉ်းစားခြင်း စသည်ဖြင့် စိတ်ဖြင့် နောက်နောက်ကာလ၌ မှတ်ယူ၍။ (ဃ) အနက်သဒ္ဒါအားဖြင့် မှတ်သားကာ မဖောက်မပြန် မှန်ကန်စွာယူ၍။ (င) ကောင်းစွာ-နာယူ၍-မှတ်သား၍။ (စ) ကောက်ယူ၍၊ ခံယူ၍။ (ဇ) စိတ်ဖြင့်စွဲမြဲစွာ မှတ်ယူ၍၊ ဥဂ္ဂဟနိမိတ်ထင်လောက်အောင် နှလုံးသွင်း၍။	(a) habiendo aprendido. (b) habiendo aprendido de memoria. (c) habiendo retenido con la mente en tiempos posteriores, en cuanto al *pāl̤i* y su significado, mediante el escuchar, el conservar, el preguntar, el reflexionar y demás. (d) habiendo tomado correctamente, sin alterarlo, tras retener el significado y las palabras. (e) habiendo escuchado bien / habiendo retenido. (f) habiendo recogido; habiendo aceptado. (h) habiendo captado firmemente con la mente; habiendo dirigido la atención hasta que aparezca el *uggahanimitta*.	(a) having learnt. (b) having learnt by heart. (c) having retained with the mind at later times, as to the *pāl̤i* and its meaning, by hearing, keeping, asking, reflecting and so on. (d) having taken it correctly, without distorting it, after retaining the meaning and the words. (e) having listened well / having retained. (f) having picked up; having accepted. (h) having grasped firmly with the mind; having attended until the *uggahanimitta* appears.	sense markers go (စ) then (ဇ), skipping (ဆ); kept as (f) (h)
33199	uggāra	(က) ကြို့ထိုးခြင်း၊ ပျို့အန်ခြင်း။ (ခ) ကြို့ထိုးသောလေ။ (ဂ) အန်ထွက်သောအစာ၊ အန်ဖတ်။	(a) el eructar; el tener arcadas y vomitar. (b) el aire del eructo. (c) el alimento vomitado; el vómito.	(a) belching; retching and vomiting. (b) the air of a belch. (c) food vomited up; vomit.	ကြို့ထိုး usually 'hiccup'; rendered 'belch' for uggāra (hiccup is hikkāra in 33200)
33229	ugghaṭitaññū	(၁) ဉာဏ်ကို ဖွင့်လှစ်အပ်ကာမျှ၌ သစ္စာလေးပါးတရားကို သိသော၊ သူ၊ ပုဂ္ဂိုလ်။ (၂) အကျဉ်းဖွင့်ပြ အပ်ကာမျှဖြစ်သော တရားကိုသိသော၊ အကျဉ်းပြအပ်ကာမျှဖြင့် (သိသင့် သိထိုက်သော) အကျယ်နှင့်တကွ ဖြစ်သောအနက်ကို သိသော၊ သူ၊ ပုဂ္ဂိုလ်။ (၃) ရွေ့ရှား-ပြောင်းရွှေ့-ဖြစ်စေ-အပ်သော တရားကိုသိသော၊ သူ၊ ပုဂ္ဂိုလ်။ (၄) (သဿဘ,ဥစ္ဆေဒဟူသော အာကာရကို) လှုပ်ရှားစေအပ်-ပယ်ခွါအပ်-ကာမျှ၌ တရားကို သိသော၊ သူ၊ ပုဂ္ဂိုလ်။ ဥဂ္ဃဋိတညူပုဂ္ဂိုလ်။	(1) que conoce las cuatro verdades tan pronto como se le abre el conocimiento (dicho de una persona, un individuo). (2) que conoce la enseñanza que solo ha sido expuesta en síntesis; que, con la sola exposición sintética, conoce el significado junto con su desarrollo (que conviene / es digno de conocerse) (dicho de una persona, un individuo). (3) que conoce la enseñanza hecha moverse / desplazarse (dicho de una persona, un individuo). (4) que conoce la enseñanza tan pronto como (el aspecto llamado *sassabha* o *uccheda*) ha sido sacudido / desechado (dicho de una persona, un individuo). La persona *ugghaṭitaññū*.	(1) who knows the four truths as soon as knowledge is opened up (said of a person, an individual). (2) who knows the teaching merely set out in brief; who, by the mere brief statement, knows the meaning together with its elaboration (fit / worthy to be known) (said of a person, an individual). (3) who knows the teaching caused to move / to shift (said of a person, an individual). (4) who knows the teaching as soon as (the aspect called *sassabha* or *uccheda*) has been shaken / removed (said of a person, an individual). The *ugghaṭitaññū* person.	(4) သဿဘ looks like a misprint for သဿတ (sassata), paired with ဥစ္ဆေဒ; copied as printed
33241	ugghāṭaka	ခွါသော၊ ဖွင့်လှစ်သော၊ ဥဂ္ဃါဋကဇန-ကြည့်။	que quita; que abre; véase *ugghāṭakajana*.	removing; opening; see *ugghāṭakajana*.	'see' formula left in the text, not converted to «S»
33243	ugghāṭana	(၁) ခွါခြင်း၊ ဖွင့်လှစ်ခြင်း။ (၂) ရေငင်စက်။ (တိ) (၃) ခွါအပ်-ဖွင့်လှစ်အပ်-သော။ (တိ)  «S1»	(1) el quitar; el abrir. (2) el ingenio para sacar agua. (adjetivo) (3) quitado / abierto. (adjetivo) Véase [[ugghāṭanakiṭikadvāra]].	(1) removing; opening. (2) a device for drawing water. (adjective) (3) removed / opened. (adjective) See [[ugghāṭanakiṭikadvāra]].	second (တိ) before «S1» stands without a gloss
33265	ugghāta	(၁) တက်ကြွခြင်း၊ ပော်လွင်ခြင်း။ (၂) မြင့်မြတ်ခြင်း။ (၃) တုန်လှုပ်-ချောက်ချား-ခြင်း။ ဥဂ္ဃါတနိဂ္ဃါတ-(၁,၂)-လည်းကြည့်။ (၃)  «S1»	(1) el exaltarse; el sobresalir. (2) el ser elevado. (3) el temblar / sobrecogerse. Véase también [[ugghātanigghāta]] (1, 2). (3) Véanse [[anagghāta]], [[anugghātī]], [[ugghātī]].	(1) being elated; standing out. (2) being exalted. (3) trembling / being terrified. See also [[ugghātanigghāta]] (1, 2). (3) See [[anagghāta]], [[anugghātī]], [[ugghātī]].	'see also' formula left in the text; a bare (၃) precedes «S1»
33275	ugghāpayati	ဗုဒ္ဓဝံ၊ဋ္ဌ။ ၃၃၁၌ရှိသော ၎င်းပါဌ်ကား ဥဂ္ဃါဋ (တ) ယတိမှ ပျက်လာသော ပါဌ်ဖြစ်ဟန်တူသည်။ အလားတူ နေရာတို့၌ န ဝိဝရိယျတိ,န ဝိဝရီယတိ-ဟု ရှိသည်။ အပ၊ဋ္ဌ၊၁။ ၇၆။ ဇာ၊ဋ္ဌ၊၁။ ၇၄။ ကြည့်ပါ။	Esta lectura, que se encuentra en el *buddhavaṁsaṭṭhakathā*, parece ser una lectura corrupta de *ugghāṭa (ta) yati*. En pasajes semejantes se lee *na vivariyyati*, *na vivarīyati*. Véanse el *apadānaṭṭhakathā* y el *jātakaṭṭhakathā*.	This reading, found in the *buddhavaṁsaṭṭhakathā*, seems to be a reading corrupted from *ugghāṭa (ta) yati*. In similar places the text has *na vivariyyati*, *na vivarīyati*. See the *apadānaṭṭhakathā* and the *jātakaṭṭhakathā*.	editorial note on a corrupt reading, not a definition; citation numbers dropped, abbreviated text titles romanised as ⟦=⟧
33311	uccatalaṅkavāsī	ဥစ္စတလင်္ကအရပ်၌-နေသော-သီတင်းသုံးသော။ ဥစ္စဝါလိက ဝါသီ-လည်းကြည့်။	que mora / reside en el lugar *uccatalaṅka*. Véase también [[uccavālika vāsī]].	dwelling / residing in the place *uccatalaṅka*. See also [[uccavālika vāsī]].	'see also' formula left in the text, not converted to «S»
33371	uccāliṅga	ဥစ္စာလိင်္ဂမည်သောပိုး၊ သုတ်ပိုး၊ ခူ၊ ပိုးတောင့်တဲ။ (အမွေးများစွာရှိသော ပိုး။ အောက်ပုဒ်ကြည့်)။	el gusano llamado *uccāliṅga*; la oruga peluda; la oruga; una clase de oruga. (Gusano que tiene mucho pelo. Véase la entrada siguiente.)	the worm named *uccāliṅga*; the hairy caterpillar; the caterpillar; a kind of caterpillar. (A worm with much hair. See the following headword.)	ပိုးတောင့်တဲ unidentified, rendered 'a kind of caterpillar'
33387	uccāsayanamahāsayana	မြတ်စွာဘုရား၏ လက်ရှစ်သစ် ပမာဏထက် မြင့်သောနေရာ,အလျားအနံ ကျယ်ပြန့် မွန်မြတ် (မအပ်) သောနေရာ၊ မြင့်သောနေရာ,မြတ်သောနေရာ။ ၎င်းနေရာတို့ကား-(၁) မြတ်စွာဘုရား၏ လက်ရှစ်သစ်ပမာဏထက် မြင့်သော ညောင်စောင်းအင်းပျဉ်။ ၎င်းအင်းပျဉ်သည် အလျားတဖက်မှ ရှည်သော အင်းပျဉ်ဖြစ်လျှင်သာမအပ်၊ အလျားအနံ ညီမျှသော စတုရန်းအင်းပျဉ်ကား အပ်ပါသည်။ (၂) အခြေ၌ ခြင်္သေ့ သစ် ကျား စသော သားရဲရုပ်ရှိသော ညောင်စောင်းအင်းပျဉ်။ (၃) လက်လေးသစ်ထက်လွန်သော အမွေးရှိသော ကော်ဇောနက်ကြီး။ လက်လေးသစ်မရှည်လျှင် အပ်၏ဟု ဆိုကြသည်။ (၄) နံရံကွက်ဖောက်သကဲ့သို့ အကွက်ဖော်၍ ဆန်းကြယ်စွာ ရက်အပ်သော သားမွေးအခင်း။ (၅) သားမွေးဖြင့် ပြုအပ်သော ဖြူသောအခင်း။ (၆) တခဲနက်သော ပန်းပွင့် ပန်းပြောက်ရှိသော နီသောသားမွေးအခင်း။ ရှစ်ရှားရွက်ပုံသဏ္ဌာန်ရှိသော အခင်းဟုလည်း ဆို၏။ (၇) လဲသွတ်၍ ပြုအပ်သောအခင်း။ (၈) ခြင်္သေ့ သစ် ကျား စသော အရုပ်တို့ဖြင့် ဆန်းကြယ်သော သားမွေးအခင်း။ (၉) မျက်နှာတဖက်၌ ပော်ထွက်သော အမွေးရှိသော သားမွေးအခင်း။ မျက်နှာနှစ်ဖက်တို့၌ဟု လည်းဆို၏။ (၁၀) မျက်နှာနှစ်ဖက်တို့၌ ပော်ထွက်သော အမွေးရှိသော သားမွေးအခင်း။ မျက်နှာတဖက်၌ ဟုလည်း ဆို၏။ (၁၁) ရတနာချည်တို့ဖြင့် ချုပ်အပ်သော ပိုးချည်အတွင်း ရွှေချည်သွင်း၍ ရက်အပ်သော အခင်း။ (၁၂) ရတနာချည်တို့ဖြင့် ချုပ်အပ်သော ပိုးချည်ဖြင့် ရက်အပ်သော အခင်း။ ရတနာချည်တို့ဖြင့် မချုပ်သော ပိုးချည်သက်သက် အခင်းကား အပ်၏ဟု ဆိုသည်။ (၁၃) ကချေသည်တစ်ကျိပ်ခြောက်ယောက်ရပ်၌ ကလောက်သော သားမွေးအခင်းကြီး။ (၁၄) ဆင်ကျောက်ကုန်း၌ ခင်းသော အခင်း။ (၁၅) မြင်းကျောက်ကုန်၌ ခင်းသော အခင်း။ (၁၆) ရထား၌ခင်းသောအခင်း။ (၁၇) အထပ်ထပ်သော သစ်နက်ရေတို့ဖြင့် ညောင်စောင်းပမာဏ ချုပ်အပ်သောအခင်း။ (၁၈) ဝံပိုင်ရေဖြင့် ပြုအပ်သော မြတ်သောအခင်း။ (၁၉) အပော်၌ ဖွဲ့အပ်သော နီသောဗိတာန်,တကွဖြစ်သော အခင်း။ (၂၀) ခြေရင်း ခေါင်းရင်းနှစ်ဖက်တို့၌ နီသော ခြေအုံး ခေါင်းအုံး(ရှိသောအခင်း) တို့တည်း။	el asiento más alto que la medida de ocho dedos del Buddha, el asiento amplio de largo y ancho y lujoso (no permitido); el asiento alto, el asiento lujoso. Estos asientos son: (1) el diván más alto que la medida de ocho dedos del Buddha. Este diván no está permitido solo si es un diván largo en un sentido; el diván cuadrado, de largo y ancho iguales, sí está permitido. (2) el diván que tiene en las patas figuras de fieras como leones, leopardos, tigres y demás. (3) la gran alfombra oscura con pelo de más de cuatro dedos. Se dice que, si no mide más de cuatro dedos, está permitida. (4) la cubierta de lana tejida vistosamente, con dibujos como una pared calada. (5) la cubierta blanca hecha de lana. (6) la cubierta roja de lana con flores y motas de flores densas. También se dice que es una cubierta con forma de hojas de cierta planta. (7) la cubierta hecha con relleno de algodón. (8) la cubierta de lana decorada con figuras de leones, leopardos, tigres y demás. (9) la cubierta de lana con pelo que sobresale por una cara. También se dice «por ambas caras». (10) la cubierta de lana con pelo que sobresale por ambas caras. También se dice «por una cara». (11) la cubierta tejida metiendo hilo de oro dentro del hilo de seda, cosida con hilos de piedras preciosas. (12) la cubierta tejida con hilo de seda, cosida con hilos de piedras preciosas. Se dice que la cubierta de solo hilo de seda, no cosida con hilos de piedras preciosas, está permitida. (13) la gran cubierta de lana sobre la que pueden bailar dieciséis bailarinas de pie. (14) la cubierta que se extiende sobre el lomo del elefante. (15) la cubierta que se extiende sobre el lomo del caballo. (16) la cubierta que se extiende en el carro. (17) la cubierta cosida, del tamaño de un diván, con pieles de antílope negro superpuestas. (18) la cubierta excelente hecha con piel de una clase de ciervo. (19) la cubierta junto con un dosel rojo atado por encima. (20) (la cubierta que tiene) almohadas rojas para los pies y para la cabeza, en ambos extremos, a los pies y a la cabecera.	the seat higher than the measure of eight finger-breadths of the Buddha, the seat wide in length and breadth and luxurious (not allowable); the high seat, the luxurious seat. These seats are: (1) the couch higher than the measure of eight finger-breadths of the Buddha. This couch is not allowable only if it is long in one direction; a square couch, equal in length and breadth, is allowable. (2) the couch with figures of wild beasts such as lions, leopards, tigers and so on on its legs. (3) the great dark carpet with fleece of more than four finger-breadths. It is said that if it is not longer than four finger-breadths it is allowable. (4) the woollen coverlet woven ornately with patterns like a pierced wall. (5) the white coverlet made of wool. (6) the red woollen coverlet with dense flowers and flower-spots. It is also said to be a coverlet shaped like the leaves of a certain plant. (7) the coverlet made with cotton stuffing. (8) the woollen coverlet decorated with figures of lions, leopards, tigers and so on. (9) the woollen coverlet with fleece standing out on one face. It is also said 'on both faces'. (10) the woollen coverlet with fleece standing out on both faces. It is also said 'on one face'. (11) the coverlet woven by inserting gold thread into silk thread, sewn with jewelled threads. (12) the coverlet woven of silk thread, sewn with jewelled threads. It is said that a coverlet of silk thread alone, not sewn with jewelled threads, is allowable. (13) the great woollen coverlet on which sixteen dancers can dance standing. (14) the coverlet spread on an elephant's back. (15) the coverlet spread on a horse's back. (16) the coverlet spread in a chariot. (17) the coverlet, the size of a couch, sewn from layered black antelope hides. (18) the excellent coverlet made of the hide of a kind of deer. (19) the coverlet together with a red canopy tied above. (20) (the coverlet having) red foot-cushions and head-cushions at both ends, the foot and the head.	uncertain animal and plant words: (3) ကော်ဇောနက်ကြီး 'dark' vs 'thick'; (6) ရှစ်ရှားရွက် 'leaves of a certain plant'; (17) သစ်နက် 'black antelope'; (18) ဝံပိုင် 'a kind of deer' (kadalimiga?). (15) ကျောက်ကုန် read as ကျောက်ကုန်း
33463	ucchiṭṭhodaka	စွန့်ထား-ထွေးအန်ထား-အပ်သော ရေ။ (လုပ်ဆေးရေ)။	el agua desechada / escupida. (agua de lavado).	water discarded / spat out. (washing water).	(လုပ်ဆေးရေ) unclear; perhaps ပလုတ်ကျင်းရေ 'mouth-rinsing water'
33474	ucchinnapaññatti	ဥစ္ဆိန္နပညတ်၊ ပယ်ဖြတ်အပ်၏ ဟု-ပညတ်ခြင်း-သိစေခြင်း¿။	el *ucchinnapaññatti*; el designar / dar a conocer: «es cortado de raíz».	the *ucchinnapaññatti*; designating / making known: 'it is cut off'.	stray character ¿ at the end of the Burmese
33555	ucchedavāda	(၁) ဥစ္ဆေဒ အယူဝါဒ၊ အတ္တကောင်,သတ္တဝါကောင်သည် သေပြီးနောက်ထပ်၍မဖြစ်,အဆက်ပြတ်၏ ဟူသောအယူ။ (ဥစ္ဆေဒဒိဋ္ဌိလည်း-ကြည့်) (တိ) (၂) ဥစ္ဆေဒအယူဝါဒရှိသော၊ အတ္တကောင်,သတ္တဝါကောင်၏ အဆက်ပြတ်မှုကို ပြောဆိုသော၊ သူ။ (၃) ပယ်ဖြတ်အပ်သည့်အဖြစ်ကို-ပယ်ဖြတ်ရမည်ဟု-ပြောဆိုသော၊ သူ။ (က) ရှိခိုးခြင်း,ခရီးဦးကြိုဆိုခြင်း စသော လောက အစဉ်အလာကို-ပယ်ဖြတ်ရမည်-မပြုလုပ်ရ-ဟုပြောဆိုသော၊ သူ။ (ခ) ရာဂ ဒေါသ မောဟနှင့် အခြားများစွာသော အကုသိုလ်တို့ကို-ပယ်ဖြတ်ရမည်-မပြုလုပ်ရ-ဟု ပြောဆိုသော၊ သူ။	(1) la opinión doctrinal de *uccheda*; la opinión de que el yo, el ser, no vuelve a surgir tras la muerte, sino que se corta su continuidad. (Véase también [[ucchedadiṭṭhi]]) (adjetivo) (2) que tiene la opinión doctrinal de *uccheda*; que habla de la interrupción de la continuidad del yo, del ser (dicho de una persona). (3) que habla del hecho de ser cortado de raíz / de que se ha de cortar de raíz (dicho de una persona). (a) que dice que las costumbres del mundo, como el saludar con reverencia, el salir a recibir y demás, han de cortarse / no han de hacerse (dicho de una persona). (b) que dice que *rāga*, *dosa*, *moha* y otros muchos estados insanos han de cortarse / no han de hacerse (dicho de una persona).	(1) the *uccheda* doctrinal view; the view that the self, the being, does not arise again after death, but is cut off in its continuity. (See also [[ucchedadiṭṭhi]]) (adjective) (2) holding the *uccheda* doctrinal view; who speaks of the breaking of the continuity of the self, the being (said of a person). (3) who speaks of the state of being cut off / of what must be cut off (said of a person). (a) who says that worldly customs such as paying respect, going out to greet and so on must be cut off / must not be done (said of a person). (b) who says that *rāga*, *dosa*, *moha* and many other unwholesome states must be cut off / must not be done (said of a person).	'see also' formula left in the text, not converted to «S»
33599	ujumagga	ဖြောင့်မတ်သော လမ်းခရီး။ (က) ပကတိလမ်းခရီး။ (ခ) သီလစောင့်စည်းမှု ဟူသော ခရီး။ (ဂ) ကုသလကမ္မပထတရား ၁၁-ပါးဟူသောခရီး။ (ဃ) ဗြဟ္မာ့ပြည်သို့ ရောက်ကြောင်းခရီး၊ (ကရုဏာဈာန်စသည်)။ (င) (မဇ္ဈိမပဋိပဒါဖြစ်သော) အရိယမဂ်ခရီး။ «S1»	el camino recto. (a) el camino ordinario. (b) el camino que es la observancia de la *sīla*. (c) el camino que son los once *kusalakammapatha*. (d) el camino que lleva al mundo de los *brahma* (el *jhāna* de *karuṇā* y demás). (e) el camino del *ariyamagga* (que es la *majjhimapaṭipadā*). Véase también [[ujumaggānusārī]].	the straight road. (a) the ordinary road. (b) the road that is the guarding of *sīla*. (c) the road that is the eleven *kusalakammapatha*. (d) the road leading to the world of the *brahma* (the *jhāna* of *karuṇā* and so on). (e) the road of the *ariyamagga* (which is the *majjhimapaṭipadā*). See also [[ujumaggānusārī]].	(c) says 11 ⟦ကုသလကမ္မပထ⟧; the usual count is ten — check the scan
33634	ujjava	(ချည်မျှင်ကိုဝင်ရိုး၌) မြှောက်ချီ၍ ရစ်ပတ်ခြင်း။	(el hilo, en el huso) el enrollar levantándolo.	(of yarn, on the spindle) lifting up and winding.	ujjava as a spinning term: reading of ချည်မျှင်ကိုဝင်ရိုး၌ as 'yarn on the spindle' is uncertain
33658	ujjitussāha	အံ၊ဋီ၊၂။ ၁၉၃၌ရှိသော ၎င်းပါဠိကား ဥဇ္ဈိတုဿာဟ-မှ ပျက်လာသောပါဠိဖြစ်ရာ၏။ «S1»	esta palabra pāḷi, tal como aparece en el pasaje citado, ha de ser una forma corrupta de *ujjhitussāha*. Véase [[ujjhitussāha]].	this Pāḷi word, as it occurs in the passage cited, must be a corruption of *ujjhitussāha*. See [[ujjhitussāha]].	citation (AN-ṭīkā 2.193) dropped, but the sentence refers to it
33670	ujjenī	(၁) ဥဇ္ဇေနီပြည်၊ ဥဇ္ဇေနီမြို့။ (အဝန္တိတိုင်း၏ မြို့တော ္ဖြစ်သည်၊ မြတ်စွာဘုရားရှိစဉ်က စဏ္ဍပဇ္ဇောတမင်း မင်းပြုဘူးသည်၊ အသောကမင်းကြီး မင်းသားဘဝ၌ ၎င်းမြို့ကို အပိုင်စားရဘူး၍ မဟိန္ဒမင်းသား (အရှင်မဟိန္ဒ)ကို ၎င်းမြို့၌ ဖွားမြင်သည်။ အရှင်မဟာကစ္စာနထေရ်,ဣသိဒါသီထေရီတို့ ဖွားမြင်ရာမြို့လည်း ဖြစ်သည်)။ (၂) ဥဇ္ဇေနီနဂုံး။ «S1» (၃) သီဟိုဠ်ကျွန်းရှိ (အစ္စုတဂါမိ အမတ်ကြီး တည်ထောင်သော) ဥဇ္ဇေနီမြို့။	(1) el país de *ujjenī*; la ciudad de *ujjenī*. (Es la capital del reino de *avanti*; en tiempos del Buddha reinó en ella el rey *caṇḍapajjota*; el gran rey *asoka*, siendo príncipe, la recibió como feudo, y en esa ciudad le nació el príncipe *mahinda* (el Venerable *mahinda*). Es también la ciudad donde nacieron el Thera *mahākaccāna* y la Therī *isidāsī*). (2) el burgo de *ujjenī*. Véase [[ujjeninigama]]. (3) la ciudad de *ujjenī* en la isla de Ceilán (fundada por el gran ministro *accutagāmi*).	(1) the land of *ujjenī*; the city of *ujjenī*. (It is the capital of the kingdom of *avanti*; in the Buddha's time King *caṇḍapajjota* reigned there; the great King *asoka*, while a prince, received the city as his fief, and in that city Prince *mahinda* (the Venerable *mahinda*) was born to him. It is also the city where the Thera *mahākaccāna* and the Therī *isidāsī* were born). (2) the market town of *ujjenī*. See [[ujjeninigama]]. (3) the city of *ujjenī* in the island of Ceylon (founded by the great minister *accutagāmi*).	source typos read as မြို့တော် and နိဂုံး
33686	ujjhattibala	ကဲ့ရဲ့ခြင်း-လျှင်-ဟူသော-ခွန်အားရှိသော။	que tiene por fuerza precisamente el censurar.	whose strength is censure itself.	hyphens here gloss compound elements (censure – indeed – namely – having strength), not alternatives
33703	ujjhāpetabba	ယုတ်မာသူ၏အဖြစ်ဖြင့်-အောက်ချ၍-ကြံစည်စေအပ်-သိစေအပ်-သော။	que ha de ser hecho considerar / dar a conocer como persona vil / rebajándolo.	to be made to be thought of / made known as a base person / by being put down.	hyphen groups cross (as a base person / putting down) × (made to be thought / made known); order approximate
33731	ujjhitasacca	စွန့်လွှတ်အပ်သော မှတ်သော စကားရှိသော၊ မှန်သော စကားကို စွန့်လွှတ်ထားသော၊ သူ။	que tiene la palabra verdadera abandonada; que ha abandonado la palabra verdadera (dicho de una persona).	having abandoned true speech; who has given up true speech (said of a person).	မှတ်သော စကား read as မှန်သော စကား (true speech); likely typo
33763	uṭṭhahati	(က) ထ၏၊ (အိပ်ရာမှ-ထိုင်ရာမှ-ဘဝစသည်တို့မှ-ထ၏)။ (ခ) တက်၏၊ တက်လာ၏။ (ဂ) ပော်ထွက်လာ၏။ (ဃ) ပေါက်၏၊ ပော်ပေါက်၏။ (စ) ပော်တက်လာ၏။ (ဆ) ပျံ့နှံ့တက်၏။ (ဇ) ထထကြွကြွပြုလုပ်၏၊ ကြိုးစားအားထုတ်၏။ (ဈ) အဆိပ်ပြေပျောက်၏။	(a) se levanta (se levanta del lecho / del asiento / de una existencia y demás). (b) sube; asciende. (c) brota. (d) estalla; surge. (f) va surgiendo. (g) se extiende hacia arriba. (h) actúa con diligencia; se esfuerza. (i) el veneno se disipa.	(a) rises (rises from bed / from a seat / from an existence and so on). (b) goes up; ascends. (c) comes forth. (d) bursts out; springs up. (f) comes up. (g) spreads upward. (h) acts energetically; strives. (i) (poison) wears off.	sense letters run က ခ ဂ ဃ စ ဆ ဇ ဈ (no င); lettered by the Burmese alphabet, so (e) is missing
33775	uṭṭhahissanti	ဥဋ္ဌဟိဿာမိ, ကြို ဋ္ဌ ာတိ- ကြည့်။	Véanse [[uṭṭhahissāmi]], [[uṭṭhāti]].	See [[uṭṭhahissāmi]], [[uṭṭhāti]].	second cross-reference garbled in source (ကြို ဋ္ဌ ာတိ); read as ဥဋ္ဌာတိ
33804	uṭṭhānavīriyasampadā	ထကြွလုံ့လဝီရိယနှင့် ပြည့်စုံသော။	dotado de esfuerzo resuelto (*vīriya*).	endowed with rousing effort (*vīriya*).	feminine noun (sampadā) glossed with an adjective (ပြည့်စုံသော), as for the next headword; possible slip for ပြည့်စုံခြင်း
33828	uṭṭhāpetabbapubbul̤a	ပော်ကြွလာစေအပ်သော-ရေပွက်-အဖုအလုံး။	la hinchazón que ha de hacerse aflorar / la burbuja / la hinchazón.	the swelling to be made to come up / the bubble / the swelling.	hyphen chain ပော်ကြွလာစေအပ်သော-ရေပွက်-အဖုအလုံး: 'bubble' and 'swelling' as alternatives for pubbuḷa; structure uncertain
33939	uṇṇāyu	သိုး၊ ဆိတ်ကုလား။ (သက္ကတ အဘိဓာန်တို့၌ ဦဏီယု-ပုဒ်ကို၊ (၁) သိုး၊ (၂) ကမ္ဗလာ၊ သိုးမွေးထည်။ (၃) ပင့်ကူဟု အနက်ဖွင့်ဆိုကြ၏)။	la oveja; el carnero. (en los diccionarios sánscritos el término *ūṇīyu* se explica como (1) oveja; (2) manta, tejido de lana; (3) araña).	sheep; ram. (in Sanskrit dictionaries the word *ūṇīyu* is explained as (1) sheep; (2) blanket, woollen cloth; (3) spider).	⟦ဦဏီယု⟧ is a Sanskrit word (ūrṇāyu), not Pāḷi; ဆိတ်ကုလား (lit. 'foreign goat') also means sheep, rendered 'ram'
33999	uṇhaviriya	ပူသော-ဝီရိယ-အစွမ်းသတ္တိ-ရှိသော။	que tiene *vīriya* / potencia caliente.	having hot *vīriya* / potency.	vīriya here is the potency of a substance (e.g. a medicine), not energy; ⟦ဝီရိယ⟧ may be better translated
34017	uṇhīsa	(၁) (က) သင်းကျစ်၊ နဖူးစည်း၊ နဖူးသင်းကျစ်ပြား၊ ဦးရစ်၊ ခေါင်းပေါင်း။ (ခ) သင်းကျစ်ဓာတ်တော်၊ မြတ်စွာဘုရား၏ အသမ္ဘိန္နဓာတ်တော် ၇-ဆူတွင် ပါဝင်သော ဥဏှီသဓာတ်တော်။ (၂) စောင်းတန်းဦး။ «S1»	(1) (a) cinta de cabeza; diadema de la frente; banda frontal; turbante; tocado. (b) la sagrada reliquia de la frente; la sagrada reliquia *uṇhīsa*, una de las siete sagradas reliquias no fragmentadas del Buddha. (2) la cabecera de la escalinata cubierta. Véanse también [[uṇhīsapaṭṭa]], [[uṇhīsasīsa]].	(1) (a) headband; frontlet; forehead band; turban; head-wrap. (b) the sacred forehead relic; the sacred *uṇhīsa* relic, one of the seven unbroken sacred relics of the Buddha. (2) the head of a covered stairway. See also [[uṇhīsapaṭṭa]], [[uṇhīsasīsa]].	(2) စောင်းတန်းဦး (head of a covered pagoda stairway) rendered literally; sense for uṇhīsa unclear
34020	uṇhīsamatthaka	အထွတ်ဖျား။ အထွတ်အဆုံး၏ အထက်။ စောင်းတန်းဦး၏အထက်¿။	la punta de la cúspide. la parte superior de lo más alto. la parte superior de la cabecera de la escalinata cubierta.	the tip of the summit. the part above the very top. the part above the head of a covered stairway.	source prints ¿ after the third gloss: the compiler marks it as doubtful
34028	utu	(၁) ရာသီဥတု။ (၂) အအေး,အပူ ဟူသော ဥတု၊ တေဇောဓာတ်၊ အငွေ့။ (၃) မိန်းမတို့၏ ရာသီသွေး။ «S1»	(1) la estación; el clima. (2) el *utu* (es decir, el frío, el calor); el *tejodhātu*; el vapor. (3) la menstruación de las mujeres. Véanse [[utukāla]], [[utunī]], [[utusamaya]].	(1) season; weather. (2) *utu* (namely cold, heat); *tejodhātu*; vapour. (3) the menses of women. See [[utukāla]], [[utunī]], [[utusamaya]].	ဥတု kept as ⟦ဥတု⟧ where it means temperature (the Abhidhamma sense) or menses; translated 'estación' where it clearly means season (ဆောင်း/နွေ/မိုး); reviewer may prefer one policy
34081	utuveramaṇī	ဥတု-ရာဦ-လာခြင်းမှကင်းခြင်း။	el estar libre de la llegada del *utu* / de la menstruación.	being free from the coming of *utu* / of the period.	ရာဦ read as ရာသီ (menses); likely typo
34103	utusukha	(၁) (က) ဥတုကိုစွဲမှီ၍-ဥတုကြောင့်-ဖြစ်သော ချမ်းသာ။ (ခ) ချမ်းသာစေတတ်သော ဥတု။ (တိ) (၂) ဥတုကိုစွဲမှီ၍ ဖြစ်သော ချမ်းသာ-ချမ်းသာစေတတ်သော ဥတု-ရှိသော။ (ခ)  «S1»	(1) (a) el bienestar que surge apoyándose en el *utu* / por el *utu*. (b) el *utu* que suele producir bienestar. (adjetivo) (2) que tiene bienestar surgido apoyándose en el *utu* / *utu* que suele producir bienestar. (b) Véase [[utusukhasevanatā]].	(1) (a) ease arising in dependence on *utu* / through *utu*. (b) *utu* that is apt to produce ease. (adjective) (2) having ease arisen in dependence on *utu* / *utu* that is apt to produce ease. (b) See [[utusukhasevanatā]].	stray sense letter (ခ) before «S1» at the end, with nothing after it; kept as printed
34106	utena	ဥတေန (ဥဒေန)မည်သောမင်း။ ကောသမ္ဗီပြည် ပူရန္တပ္ပမင်း၏ သားဖြစ်သည်၊ ကိုယ်ဝန်ရှိနေသောသူ၏ မိခင်ကို သားတစ်အမှတ်ဖြင့် ငှက်ဆင်ကြီးက ချီယူသွားပြီး ဟိမဝန္တာရှိ ညောင်ပင်ကြီးတစ်ပင်ပော်ထားရာမှ ထိုညောင်ပင်ပော်၌ မွေးဖွားသည်။ မိုးအငွေ့,တောင်အငွေ့,အရုဏ်အငွေ့ကိုယူ၍ မွေးဖွားသောကြောင့် ဥတေနဟု အမည်ပေးသည်။ ဥတေန,သူ၏မိခင်ကို အလ္လကပ္ပရသေ့က ထိန်းသိမ်း စောင့်ရှောက်ထားသည်။ ပူရန္တပ္ပမင်းနတ်ရွာစံချိန်၌ အလ္လကပ္ပရသေ့က ဥတေနအား ဆင်လာစေသောမန္တန်,ဆင်ပြေးစေသော မန္တန်များသင်ပေးပြီး ကောသမ္ဗီပြည်သို့ စေလွှတ်၍ မင်းပြုစေသည်။ «S1»	el rey llamado *utena* (*udena*). era hijo del rey *pūrantappa* del país de *kosambī*; estando su madre encinta, un gran pájaro-elefante la tomó por un trozo de carne y se la llevó, y la dejó en la copa de un gran baniano del *himavantā*; allí, en la copa de ese baniano, nació él. Porque nació tomando el vapor de la lluvia, el vapor de la montaña, el vapor del alba, se le dio el nombre de *utena*. el ermitaño *allakappa* protegió y cuidó a *utena*, a su madre. cuando el rey *pūrantappa* falleció, el ermitaño *allakappa* enseñó a *utena* los encantamientos que hacen venir a los elefantes, los encantamientos que los hacen huir, y lo envió al país de *kosambī* para que reinara. Véase también [[udena]].	the king called *utena* (*udena*). he was the son of King *pūrantappa* of the land of *kosambī*; while his mother was pregnant, a great elephant-bird took her for a piece of meat, carried her off and set her down at the top of a great banyan tree in the *himavantā*; there, at the top of that banyan, he was born. Because he was born taking the vapour of the rain, the vapour of the mountain, the vapour of the dawn, he was given the name *utena*. the hermit *allakappa* protected and looked after *utena*, his mother. when King *pūrantappa* died, the hermit *allakappa* taught *utena* the spells that make elephants come, the spells that make elephants flee, and sent him to the land of *kosambī* to reign. See also [[udena]].	ငှက်ဆင် read as the 'elephant-bird' (hatthiliṅga) of the Dhammapada-aṭṭhakathā; the name is explained from utu (rain, mountain and dawn vapours)
34107	udena	ဥတေန (ဥဒေန)မည်သောမင်း။ ကောသမ္ဗီပြည် ပူရန္တပ္ပမင်း၏ သားဖြစ်သည်၊ ကိုယ်ဝန်ရှိနေသောသူ၏ မိခင်ကို သားတစ်အမှတ်ဖြင့် ငှက်ဆင်ကြီးက ချီယူသွားပြီး ဟိမဝန္တာရှိ ညောင်ပင်ကြီးတစ်ပင်ပော်ထားရာမှ ထိုညောင်ပင်ပော်၌ မွေးဖွားသည်။ မိုးအငွေ့,တောင်အငွေ့,အရုဏ်အငွေ့ကိုယူ၍ မွေးဖွားသောကြောင့် ဥတေနဟု အမည်ပေးသည်။ ဥတေန,သူ၏မိခင်ကို အလ္လကပ္ပရသေ့က ထိန်းသိမ်း စောင့်ရှောက်ထားသည်။ ပူရန္တပ္ပမင်းနတ်ရွာစံချိန်၌ အလ္လကပ္ပရသေ့က ဥတေနအား ဆင်လာစေသောမန္တန်,ဆင်ပြေးစေသော မန္တန်များသင်ပေးပြီး ကောသမ္ဗီပြည်သို့ စေလွှတ်၍ မင်းပြုစေသည်။ «S1»	el rey llamado *utena* (*udena*). era hijo del rey *pūrantappa* del país de *kosambī*; estando su madre encinta, un gran pájaro-elefante la tomó por un trozo de carne y se la llevó, y la dejó en la copa de un gran baniano del *himavantā*; allí, en la copa de ese baniano, nació él. Porque nació tomando el vapor de la lluvia, el vapor de la montaña, el vapor del alba, se le dio el nombre de *utena*. el ermitaño *allakappa* protegió y cuidó a *utena*, a su madre. cuando el rey *pūrantappa* falleció, el ermitaño *allakappa* enseñó a *utena* los encantamientos que hacen venir a los elefantes, los encantamientos que los hacen huir, y lo envió al país de *kosambī* para que reinara. Véase también [[utena]].	the king called *utena* (*udena*). he was the son of King *pūrantappa* of the land of *kosambī*; while his mother was pregnant, a great elephant-bird took her for a piece of meat, carried her off and set her down at the top of a great banyan tree in the *himavantā*; there, at the top of that banyan, he was born. Because he was born taking the vapour of the rain, the vapour of the mountain, the vapour of the dawn, he was given the name *utena*. the hermit *allakappa* protected and looked after *utena*, his mother. when King *pūrantappa* died, the hermit *allakappa* taught *utena* the spells that make elephants come, the spells that make elephants flee, and sent him to the land of *kosambī* to reign. See also [[utena]].	ငှက်ဆင် read as the 'elephant-bird' (hatthiliṅga) of the Dhammapada-aṭṭhakathā; the name is explained from utu (rain, mountain and dawn vapours)
34111	uttaṇḍula	(၁) ကျက်ခြင်း-နပ်ခြင်း-မှ ရှောင်လွဲသော-မှကင်းသော-ဆန်၊ မကျက်-မနပ်-သော ဆန်။ (တိ) (၁) မကျက်-မနပ်-သောဆန်ရှိသော။ «S1»	(1) el arroz que ha escapado / está libre del cocerse / del hacerse del todo; el arroz no cocido / no hecho del todo. (adjetivo) (1) que tiene arroz no cocido / no hecho del todo. Véase también [[uttaṇḍulabhatta]].	(1) rice that has escaped / is free from being cooked / being cooked through; rice not cooked / not cooked through. (adjective) (1) having rice not cooked / not cooked through. See also [[uttaṇḍulabhatta]].	the adjective sense is numbered (၁) again in the source (probably (၂)); kept as printed; hyphen groups cross
34113	uttatta	(၁) လွန်စွာပူစေအပ်သော၊ လှော်ပြီး-ဦးပြီး-သော။ «S1» (၂) အသားချောက်။	(1) muy calentado; refinado / acrisolado. Véase [[uttattakanakasannibha]]. (2) carne seca.	(1) greatly heated; refined / purified. See [[uttattakanakasannibha]]. (2) dried meat.	sense (2) အသားချောက် 'dried meat' is unexpected for uttatta; check against the page
34120	uttama	(၁) (က) မြတ်သော၊ ထူးသော၊ သာလွန်သော။ (ခ) ပဓာနဖြစ်သော၊ ပြဓာန်းသော။ (ဂ) အထူးသဖြင့် ကျော်စော ထင်ရှားသော။ (ဃ) အလွန်ဆုံးဖြစ်သော။ (င) ပယ်နုတ်အပ်ပြီးသော မောဟအမိုက်မှောင်ရှိသော။ (န) (၂) ဥတ္တမမည်သောစေတီ။ (ထီ) (၃) ဥတ္တမာမည်သော ထေရီ၊ (က) သာဝတ္ထိပြည်ဝယ် သူဌေးမျိုး၌ဖြစ်၍ အရွယ်ရောက်သော် ပဋာစရာထေရီ၏ တရားကို နာယူပြီးနောက် ရဟန်းပြုခဲ့သော ဥတ္တမထေရီ။ ၎င်းပဋာစာရာထေရီ၏ ဩဝါဒ၌တည်၍ ပဋိသမ္ဘိဒါတို့,တကွ ရဟန္တာအဖြစ်သို့ ရောက်သည်။ (ခ) ကောသလဇနပုဒ်ဝယ် ပစ္စည်းဥစ္စာ ပေါများကြွယ်ဝသော ဗြာဟ္မဏမျိုး၌ ဖြစ်ပြီးလျှင် မြတ်စွာဘုရားထံမှ တရားနာရ၍ ရဟန်းပြုပြီးနောက် မကြာမြင့်မီပင် ပဋိသမ္ဘိဒါတို့,တကွ ရဟန္တာအဖြစ်သို့ ရောက်သော ဥတ္တမာထေရီ။ (၄) မိန်းမမြတ်။ (ပု) (၅) ဥတ္တမပုရိသ်၊ နောက်ဆုံ-ပုရိသ်-ဝိဘတ်။ «S1»	(1) (a) excelente; distinguido; superior. (b) que es principal; predominante. (c) especialmente famoso y célebre. (d) que es el sumo. (e) que tiene eliminada la oscuridad de la *moha*. (neutro) (2) la estupa llamada *uttama*. (femenino) (3) la Therī llamada *uttamā*; (a) la Therī *uttama*, que nació en *sāvatthi* en una familia de grandes mercaderes y, llegada a la edad adulta, tras escuchar la enseñanza de la Therī *paṭācarā*, se ordenó. asentada en la exhortación de esa Therī *paṭācārā*, alcanzó el estado de *arahant* junto con las *paṭisambhidā*. (b) la Therī *uttamā*, que nació en una familia brahmán rica y opulenta del país de *kosala* y, tras escuchar la Enseñanza del Buddha, se ordenó y poco después alcanzó el estado de *arahant* junto con las *paṭisambhidā*. (4) mujer excelente. (masculino) (5) el *uttamapurisa*; la *vibhatti* de la última persona. Véase también [[uttamapurisa]] (2).	(1) (a) excellent; distinguished; superior. (b) chief; predominant. (c) especially famous and renowned. (d) utmost. (e) having removed the darkness of *moha*. (neuter) (2) the stupa called *uttama*. (feminine) (3) the Therī called *uttamā*; (a) the Therī *uttama*, who was born in *sāvatthi* into a family of great merchants and, on coming of age, having heard the teaching of the Therī *paṭācarā*, went forth. established in the exhortation of that Therī *paṭācārā*, she attained the state of *arahant* together with the *paṭisambhidā*. (b) the Therī *uttamā*, who was born into a rich and wealthy brahmin family in the country of *kosala* and, having heard the Teaching from the Buddha, went forth and not long after attained the state of *arahant* together with the *paṭisambhidā*. (4) an excellent woman. (masculine) (5) the *uttamapurisa*; the *vibhatti* of the last person. See also [[uttamapurisa]] (2).	long article: (5) နောက်ဆုံ-ပုရိသ်-ဝိဘတ် is a compound ('last-person ending', uttamapurisa = first person), not alternatives; Therī names spelled variously (ဥတ္တမ/ဥတ္တမာ, ပဋာစရာ/ပဋာစာရာ) as printed
34129	uttamakoṭi	အလွန်ဆုံးဖြတ်သော-အပိုင်းအခြား-အတိုင်းအတာ ပမာဏ။	el límite / la medida extrema.	the utmost limit / measure.	အလွန်ဆုံးဖြတ်သော read as အလွန်ဆုံးသော (utmost); ဖြတ် looks intrusive
34135	uttamagāha	မြတ်သော တရားဟု-ယူခြင်း-ယူဆခြင်း-မြတ်သော တရားအနေအားဖြင့် လက်ခံသိမ်းဆည်းထားခြင်း။	el tomar / considerar como un estado excelente / el aceptar y retener como un estado excelente.	taking / regarding as an excellent state / accepting and holding as an excellent state.	တရား here may be 'teaching/doctrine' (grasping a view as the highest) rather than 'state'
34157	uttamaṇṇa	မြီရှင်၊ ကြွေးရှင်၊ ကြွေးပေးသူ။ ငွေတိုးပေးသူ။	acreedor; dueño de la deuda; el que presta. El que presta dinero a interés.	creditor; owner of the debt; lender. One who lends money at interest.	ငွေတိုးပေးသူ literally 'one who gives interest'; read here as lender at interest
34158	uttamīṇa	မြီရှင်၊ ကြွေးရှင်၊ ကြွေးပေးသူ။ ငွေတိုးပေးသူ။	acreedor; dueño de la deuda; el que presta. El que presta dinero a interés.	creditor; owner of the debt; lender. One who lends money at interest.	ငွေတိုးပေးသူ literally 'one who gives interest'; read here as lender at interest
34176	uttamadhanagga	မြတ်သော-ဥစ္စာ-သဒ္ဓါသီလ စသော သူတော်ကောင်းဥစ္စာ-အစု။	excelente riqueza / riqueza de los hombres de bien, como *saddhāsīla* y demás / conjunto.	excellent wealth / the wealth of the good, such as *saddhāsīla* and so on / collection.	hyphens here seem to gloss the compound's elements (uttama-dhana-agga) rather than give alternatives; structure kept as printed
34183	uttamapaññatti	အမြတ်ဆုံး-အသာဆုံး-ဟုခော်ဆိုသတ်မှတ်ပညတ်ခြင်း။	el llamar, fijar y designar como «el más excelso / el mejor».	the calling, fixing and designating as 'the foremost / the best'.	ခော်ဆို read as ခေါ်ဆို (to call)
34200	uttamapurisa	(၁) (က) မြတ်သော-ထူးသော-ယောက်ကျား၊ အာဇာနည်ယောက်ကျား။ (ခ) မြတ်သော အသေက္ခတရားတို့နှင့် ပြည့်စုံသော ယောက်ကျား။ (ဂ) မြတ်သော လုပ်ငန်းကိစ္စကို ပြုလုပ်နိုင်သော ယောက်ကျား။ (၂) ဥတ္တမပုရိသ်၊ နောက်ဖြစ်သော-ပုရိသ်-ဝိဘတ်၊ အမှ သဒ္ဒါနှင့်ယှဉ်ရာ,၎င်း၏အနက်ကို ဆိုလိုရာ၌ ဓာတ်တို့နောင်သက်ရသော အာချာတ်ဝိဘတ်။	(1) (a) excelente / extraordinario hombre; hombre de noble casta. (b) hombre dotado de los excelentes estados *asekkha*. (c) hombre capaz de realizar una tarea excelente. (2) *uttamapurisa*; la última / persona / desinencia; desinencia verbal que se añade tras las raíces cuando va unida a la palabra *amha* o cuando se quiere expresar su significado.	(1) (a) excellent / extraordinary man; a man of noble breed. (b) a man endowed with the excellent *asekkha* states. (c) a man able to accomplish an excellent task. (2) *uttamapurisa*; the last / person / ending; the verbal ending added after roots when joined with the word *amha*, or when its meaning is intended.	sense (2) is grammatical (verbal person ending); ⟦=uttamapurisa⟧ is the Burmese loan form ဥတ္တမပုရိသ်
34233	uttamavaṇṇasampanna	မြတ်သောအဆင်း,ပြည့်စုံသော၊ သူ။ «S1»	dotado de tez excelente (dicho de una persona). Véase [[uttamavaṇṇī]].	endowed with an excellent complexion (said of a person). See [[uttamavaṇṇī]].	comma in အဆင်း,ပြည့်စုံသော probably stands for နှင့် (endowed with)
34250	uttamasampajāna	မြတ်သော သမ္ပဇာဉ်ဉာဏ်၊ မြတ်သော-ကောင်းစွာသိခြင်း-ကောင်းစွာ သိသောဉာဏ်။ «S1»	excelente conocimiento *sampajañña*; excelente conocer bien / conocimiento que conoce bien. Véase [[uttamasampajānakārī]].	excellent *sampajañña* knowledge; excellent knowing well / knowledge that knows well. See [[uttamasampajānakārī]].	loan form သမ္ပဇာဉ် romanised as sampajañña (could be sampajāna)
34267	uttamīṇa	«S1» ၎င်း ပုဒ်ကြည့်။	Mismo significado que [[uttamaṇṇa]]. Véase esa entrada.	Same meaning as [[uttamaṇṇa]]. See that entry.	trailing ၎င်း ပုဒ်ကြည့် ('see that word') may duplicate what «S1» renders
34268	uttara	(တိ) (၁) မြောက်အရပ်၊ မြောက်ဘက်ကျသော၊ မြောက်ဘက်မှာရှိသော (ပုဂ္ဂိုလ်၊ အရာဝတ္ထု) (၂) နောက်၊ နောက်ဖြစ်သော။ (၃) အထက်၊ အပော်ပိုင်း။ (၄) (က) ထူးကဲသော၊ သာလွန်သော၊ လွမ်းမိုးသော။ (ခ) ကျော်လွန်သော၊ လွန်မြောက်သော၊ ထွက်မြောက်သော၊ လောကီဝဋ်ဒုက္ခ-လောက-၌ မပါဝင်သော (တရား)။ (၅) မြင့်မြတ်သော။ (၆) ကျော်လွန်-ကူးသွားကြောင်း-ဖြစ်သော (တံတား)။ (န) (၇) အပော်ရုံ၊ အပော်ခြုံ၊ ဧကသီသင်္ကန်း၊ တဘက်။ (၈) အဖြေ၊ စကားတုံ့။ «S1»	(adjetivo) (1) el norte; situado al norte; que está en el lado norte (persona; cosa). (2) posterior; que viene después. (3) arriba; parte superior. (4) (a) extraordinario; sobresaliente; que domina. (b) que sobrepasa; que trasciende; que sale fuera; que no forma parte del sufrimiento mundano del ciclo de existencias / del mundo (estado). (5) excelso. (6) que es el medio de sobrepasar / cruzar (puente). (neutro) (7) prenda superior; manto que cubre; hábito *ekasī*; chal. (8) respuesta; réplica. Véase [[uttarasetu]].	(adjective) (1) the north; lying to the north; being on the north side (person; thing). (2) later; coming after. (3) above; upper part. (4) (a) extraordinary; surpassing; overpowering. (b) going beyond; transcending; escaping; not included in the mundane suffering of the round of existence / in the world (state). (5) exalted. (6) being the means of going beyond / crossing (a bridge). (neuter) (7) upper garment; wrap; *ekasī* robe; shawl. (8) answer; reply. See [[uttarasetu]].	ဧကသီသင်္ကန်း unclear, perhaps a robe worn over one shoulder (ekaṃsika); kept as printed
34269	uttara	ဥတ္တရမည်သော၊ သူ။ (၁) ဝေဿဘူမြတ်စွာဘုရား၏ ဘုရား၏ဒုတိယ အဂ္ဂသာဝက ဖြစ်သော ဥတ္တရ မည်သောထေရ်။ (၂) ကောဏာဂမန မြတ်စွာဘုရား၏ ဒုတိယအဂ္ဂ သာဝကဖြစ်သော ဥတ္တရမည်သောထေရ်။ (၃) အရှင်သာရိပုတ္တရာ၏တပည့် ဥတ္တရထေရ်၊ ဥတ္တရသာမဏေ၊ ၎င်းဥတ္တရထေရ်သည် သုမေဓ မြတ်စွာဘုရားပွင့်တော်မူစဉ်က ဝိဇ္ဇာဓိုရ် ဖြစ်ခဲ့၍ ကောင်းကင် ခရီးဖြင့် လှည့်လည်သွားလာစဉ် ဘုရားရှင်ကို ဖူးမြင်ရပြီး ကြည်ညိုကာ မဟာလှေကားပန်းတို့ဖြင့် ပူဇော်ခဲ့လေသည်။ မူရင်းကြည့်ပါ။ «S1» «S2» ဥတ္တရိကာ,ဥတ္တရမာတုတို့-လည်း ကြည့်။	llamado *uttara* (dicho de una persona). (1) el *thera* llamado *uttara*, segundo *aggasāvaka* del Buddha *vessabhū*. (2) el *thera* llamado *uttara*, segundo *aggasāvaka* del Buddha *koṇāgamana*. (3) el *thera* *uttara*, discípulo del venerable *Sāriputta*; el novicio *uttara*; este *thera* *uttara*, cuando apareció el Buddha *sumedha*, era un *vijjādhara*, y mientras viajaba por el camino del cielo llegó a ver al Buddha, se llenó de fe y le rindió homenaje con flores *mahālhekāḥ*. Véase el original. Véase [[uttararājaputta]]. Véase [[uttaseṭṭhi]]. Véanse también [[uttarikā]], [[uttaramātu]].	named *uttara* (said of a person). (1) the *thera* named *uttara*, the second *aggasāvaka* of the Buddha *vessabhū*. (2) the *thera* named *uttara*, the second *aggasāvaka* of the Buddha *koṇāgamana*. (3) the *thera* *uttara*, disciple of the Venerable *Sāriputta*; the novice *uttara*; this *thera* *uttara*, when the Buddha *sumedha* appeared, was a *vijjādhara*, and while travelling by the path of the sky he came to see the Buddha, was filled with faith and paid homage with *mahālhekāḥ* flowers. See the original. See [[uttararājaputta]]. See [[uttaseṭṭhi]]. See also [[uttarikā]], [[uttaramātu]].	ဘုရား၏ printed twice in (1); flower name မဟာလှေကားပန်း unclear, kept as Pāḷi
34327	uttarapadatthappadhānasamāsa	ဥတ္တရပဒတ္ထဓာနသမာသ်၊ ပြဓာန်းသော နောက်ပုဒ် အနက်ရှိသောသမာသ်၊ နောက်ပုဒ်အနက်ကိုသာ ပဓာနထား၍ အရကောက်ရသော သမာသ်။	*uttarapadatthappadhānasamāsa*; compuesto que tiene como principal el significado de la palabra posterior; compuesto cuyo sentido se obtiene tomando como principal sólo el significado de la palabra posterior.	*uttarapadatthappadhānasamāsa*; a compound having the meaning of the following word as principal; a compound whose sense is obtained by taking only the meaning of the following word as principal.	printed loan form ဥတ္တရပဒတ္ထဓာနသမာသ် lacks ပ (…ppadhāna…); romanised as the headword
34343	uttaramātu	(၁) ဥတ္တရာမည်သော ဘီလူးမ၏မိခင်၊ သူ၏သားမှာ ပုနဗ္ဗသုဖြစ်၍ ပုနဗ္ဗသုမာတာဟုလည်း ခော်သည်။ «S1» (၂) ဥတ္တရလုလင်၏မိခင်၊ သူ၏ခင်ပွန်းယောက်ကျားမှာ ဥဒေနမင်း၏ အမတ်တစ်ဦးဖြစ်သည်။ ဥတ္တရ-(၁၄)-ကြည့်၊ ဥတ္တရာမာတုပေတိဝတ္ထု-လည်းကြည့်။	(1) la ogresa, madre de *uttarā*; como su hijo era *punabbasu*, se la llama también *punabbasumātā*. Véase también [[uttarikā]]. (2) la madre del joven *uttara*; su marido era un ministro del rey *udena*. Véase [[uttara]] (14); véase también *uttarāmātupetivatthu*.	(1) the ogress, mother of *uttarā*; as her son was *punabbasu*, she is also called *punabbasumātā*. See also [[uttarikā]]. (2) the mother of the young man *uttara*; her husband was a minister of King *udena*. See [[uttara]] (14); see also *uttarāmātupetivatthu*.	ဥတ္တရာမည်သော ဘီလူးမ၏မိခင် could also parse as 'mother of the ogress named Uttarā'; read as the ogress who is Uttarā's mother; ခော် read as ခေါ်
34348	uttararahita	(က) မိမိကို ကျော်လွန်သော-မိမိထက်သာလွန် မြင့်မြတ်သော-တရားမှ ကင်းသော၊ အမြတ်ဆုံးတရားဖြစ်သော။ (ခ) မိမိထက်သာလွန် မြင့်မြတ်သော ယှဉ်မှ ကင်းသော၊ အမြတ်ဆုံးယာဉ်ဖြစ်သော။	(a) libre de un estado que lo sobrepase / más sobresaliente y excelso que él; que es el estado más excelso. (b) libre de un vehículo más sobresaliente y excelso que él; que es el vehículo más excelso.	(a) free from any state that surpasses it / that is superior to and more exalted than it; being the foremost state. (b) free from any vehicle superior to and more exalted than it; being the foremost vehicle.	(b) ယှဉ် read as ယာဉ် (vehicle)
34386	uttarāsaṅga	အပော်ရုံအဝတ်ထည် ခြုံထည်၊ (က) စုလျား၊ တဘက်။ (ခ) ဧကသီသင်္ကန်း။	prenda superior con que uno se envuelve; (a) manto; chal. (b) hábito *ekasī*.	upper wrap, a cloth to cover oneself with; (a) mantle; shawl. (b) *ekasī* robe.	ဧကသီသင်္ကန်း unclear, perhaps the robe worn over one shoulder (ekaṃsika); kept as printed
34387	uttarāsaṅgasata	အပော်ရုံအဝတ်ထည်အရာ။	un centenar de prendas superiores.	a hundred upper garments.	အဝတ်ထည်အရာ read as 'a hundred garments' (headword -sata); could be read 'the matter of the upper garment'
34396	uttari	(က) လွန်မြောက်ကြောင်းဖြစ်သော။ (ခ) လွန်သော၊ မြတ်သော။ (က) ဥတ္တရိမနုဿဓမ္မ။ (၁) အနက်ကြည့်။	(a) que es causa de trascender. (b) que sobrepasa; excelente. (a) *uttarimanussadhamma*. (1) Véase el significado.	(a) being the cause of going beyond. (b) surpassing; excellent. (a) *uttarimanussadhamma*. (1) See the meaning.	second (က) ⟦ဥတ္တရိမနုဿဓမ္မ⟧ and '(၁) အနက်ကြည့်' look like a misplaced or truncated cross-reference
34416	uttaridirattatiratta	နှစ်ညဉ့် သုံးညဉ့်-နှစ်ညသုံးည-တို့၏ အထက်၌ (ဖြစ်သော-ညဉ့်-ည)၊ နှစ်ညဉ့် သုံးညဉ့်ထက် အလွန်။	(la noche / noche que está) por encima de dos noches, tres noches / dos noches, tres noches; más de dos o tres noches.	(the night / night that is) beyond two nights, three nights / two nights, three nights; more than two or three nights.	the alternatives differ only in the two Burmese words for 'night' (ညဉ့် / ည), identical in translation
34426	uttaribhaṅga	လက်သုတ်ဟင်းလျာ။	plato de ensalada mezclada a mano.	hand-mixed salad dish.	လက်သုတ် read as လက်သုပ် (hand-mixed salad), as in the following entries
34471	uttalī	မြစ်ကိုင်းပန်းပင်။	cierta planta de flor (en birmano myitkaing).	a flowering plant (Burmese myitkaing).	plant name မြစ်ကိုင်းပန်းပင် not identified; left as the Burmese name
34556	uttiṇṇaniddāpareta	လွန်မြောက်ပြီးသော အိပ်ခြင်းနှင့်ယှဉ်သော။	asociado con el dormir que ya ha pasado.	associated with sleep that has passed.	literal; the Burmese ('associated with sleep that has passed / been overcome') does not match -pareta ('overcome by') clearly
34572	utrasta	ကြောက်ရွံ့-ထတ်လန့်-သော၊ သူ။	que teme / se sobresalta (dicho de una persona).	fearing / terrified (said of a person).	ထတ်လန့် read as ထိတ်လန့်
